# https://github.com/mikedh/trimesh
v -0.08670827 -0.00898590 -0.00653435
v -0.08028334 -0.00614331 -0.00646560
v -0.08578345 -0.04076082 -0.02681834
v -0.11036942 -0.03136491 -0.04325966
v -0.01232981 -0.02599993 -0.00862688
v -0.01979468 -0.02340428 -0.00795516
v -0.10422415 -0.04616394 -0.04010192
v 0.05367235 -0.04371221 -0.00284015
v -0.01076512 -0.02371429 -0.01533899
v -0.08415332 -0.00057335 -0.00581412
v -0.09965572 -0.04820703 -0.03946587
v -0.08934458 0.00299056 -0.00652861
v 0.10392152 -0.04485581 0.02431380
v 0.12251224 -0.00408902 0.00642376
v 0.10402029 -0.04016957 0.04870731
v 0.00852458 -0.03933067 -0.01109093
v -0.00309423 -0.03300729 0.01633655
v 0.00237303 -0.03786414 -0.00727416
v 0.09866934 -0.03378372 0.04940011
v -0.06483934 -0.05367944 -0.01799811
v -0.00023723 -0.02882979 0.01829238
v -0.00465469 -0.02397170 0.01748173
v 0.10258711 -0.02976363 0.05113624
v 0.07956149 -0.04419411 0.00341893
v -0.07505242 0.00116375 -0.00288431
v -0.07659030 -0.04840011 -0.01879543
v 0.07203298 -0.04544488 0.00504227
v -0.10787855 -0.04760564 -0.03573446
v -0.00140750 -0.03667981 -0.00145600
v 0.11015835 -0.01962627 0.05372971
v 0.02441388 -0.03945109 0.02396073
v 0.03156441 -0.04068090 0.02569060
v 0.03098559 -0.03607516 0.02667264
v -0.10979814 -0.02040503 -0.04656356
v -0.05107354 -0.01885850 -0.00202281
v 0.01037093 -0.00571869 -0.01711158
v -0.10946134 -0.04373659 -0.03634010
v -0.11816344 0.00650915 -0.01707295
v -0.02690873 -0.01278141 0.01145011
v -0.06941672 -0.04261708 -0.02050255
v -0.10455974 0.01566544 -0.00969357
v -0.05698149 -0.01605083 -0.00348989
v 0.02150444 -0.04051008 -0.01031589
v -0.09686850 0.02141677 -0.01031035
v -0.09172092 -0.03862142 -0.01911853
v 0.02086083 0.00235004 -0.01365828
v -0.03049717 -0.00666964 0.01159593
v 0.12084178 -0.03947002 0.02217142
v -0.11356298 -0.02350833 -0.04176399
v 0.10125542 -0.04131396 0.00580532
v -0.08496131 0.00856866 -0.00773870
v -0.11613937 0.00659611 -0.01402085
v -0.01906302 -0.00528319 0.01492885
v 0.06187095 -0.01731103 -0.00346538
v 0.08381778 -0.04132516 0.00098766
v 0.04678062 -0.04086034 0.03068816
v 0.06341606 -0.00951441 -0.00262796
v 0.12485246 -0.03431554 0.02387643
v 0.04838746 -0.03244687 0.03215860
v 0.05120134 -0.03875657 0.03257292
v 0.09479145 -0.04100216 0.00367935
v 0.06283091 -0.04171999 0.03552917
v -0.09624761 -0.03850885 -0.03924511
v 0.06804352 -0.04048920 0.03754988
v -0.11648962 0.01058189 -0.01535152
v -0.08045954 -0.02848916 -0.02020501
v -0.09119621 -0.04218636 -0.03512117
v 0.09090846 -0.02548173 0.00154519
v 0.07980077 -0.03777473 0.04174470
v 0.09180262 -0.03709887 0.00144029
v 0.00350672 -0.03741402 0.01752246
v -0.06347928 -0.00574746 -0.00015941
v 0.01072732 -0.03874640 0.01954129
v 0.00491628 -0.02912779 0.01978307
v 0.01780491 -0.03822484 -0.01374358
v 0.11356621 -0.00359069 0.00528344
v 0.01884931 -0.03849444 0.02252506
v 0.09212408 -0.04149949 0.04416013
v -0.06923670 0.01352405 -0.00653837
v -0.08045688 -0.04113292 -0.01343763
v 0.01537509 -0.04021265 0.01983642
v -0.08236423 -0.04318494 -0.02063933
v -0.03051198 -0.01924733 0.00347584
v -0.10953849 -0.04779569 -0.03160476
v -0.11190495 -0.04464736 -0.03064058
v -0.10899038 0.00670848 -0.01018115
v -0.04701449 0.02449275 -0.00764323
v -0.05389995 -0.01350717 0.00237368
v -0.08548334 -0.03866476 -0.03429020
v 0.11351607 -0.03364947 0.00514594
v 0.04012315 -0.02074399 0.02993179
v -0.05852265 0.00726439 0.00271131
v -0.04994121 -0.01027783 0.00459584
v 0.05229121 -0.01578693 0.03374216
v -0.02026320 0.03571942 -0.00995916
v 0.02844944 -0.03931185 -0.01156669
v -0.08554802 -0.03905851 -0.01516508
v 0.06817412 -0.03149202 0.03853315
v 0.08509422 -0.04181282 0.04205685
v -0.03944542 -0.01446264 0.00670841
v 0.11329946 -0.04357338 0.02701766
v -0.03566737 0.02991111 -0.00488626
v -0.04850473 0.00134709 0.00600825
v -0.08211992 -0.04028579 -0.03258035
v 0.10646497 -0.03985373 0.00623668
v -0.09170012 -0.03815834 -0.03264559
v 0.11154440 -0.03863348 0.00633983
v -0.04349255 -0.00745860 0.00697212
v 0.09776099 -0.04294973 0.04308980
v -0.10213543 0.00794830 -0.00798743
v 0.03390365 0.00424431 0.02916311
v 0.05302553 0.05791622 0.00051337
v -0.07797102 -0.03606854 -0.01297571
v -0.10512344 -0.03500689 -0.04333775
v -0.03695712 -0.00592261 0.00921898
v 0.05885030 0.05939893 0.00272342
v -0.11191409 -0.02660395 -0.04279785
v -0.10696730 -0.04229213 -0.04045953
v 0.05776308 -0.04646940 0.00965769
v -0.09530119 -0.04425852 -0.03820180
v 0.11114987 -0.04031441 0.04599537
v -0.07399302 -0.03304675 -0.03104980
v 0.09353226 -0.02196643 0.04788929
v -0.07087217 -0.03659386 -0.03145015
v 0.11934830 -0.03974183 0.03118629
v -0.00828670 -0.01866464 0.01707613
v 0.03954547 -0.03491038 -0.01040600
v 0.01816424 -0.04294552 0.01388161
v -0.10362017 -0.05072854 -0.03293804
v 0.11101773 -0.03591630 0.05055974
v -0.01311354 -0.01345564 0.01601715
v -0.00957116 -0.02768335 0.01435629
v 0.12938821 -0.01852964 0.03339576
v 0.03443994 -0.04534133 0.00891266
v -0.00447694 0.03703500 0.01949351
v -0.09420624 0.00896098 -0.00743504
v 0.04252327 -0.04600876 0.01003780
v -0.09512273 -0.04855265 -0.03307135
v 0.05151558 -0.04605633 0.00744613
v -0.10160306 0.00718374 -0.04508898
v -0.08167049 -0.03457122 -0.02872192
v -0.02370483 0.00379294 0.01420433
v -0.00151767 -0.00780423 0.01977880
v 0.00515968 0.03492127 0.02293575
v -0.11273619 -0.02866912 -0.03234033
v 0.01292948 0.03337931 0.02511479
v -0.10691433 -0.02654883 -0.04622390
v 0.01029006 -0.03204784 0.02105767
v 0.13305080 0.00182986 0.02191543
v -0.07721799 -0.03256533 -0.02896123
v -0.07618734 -0.03957885 -0.02789510
v -0.11493700 -0.03864800 -0.02863388
v -0.07876470 0.00864800 -0.00616432
v -0.05648065 0.01010810 -0.03024046
v -0.09848522 -0.01050723 -0.00849704
v -0.01917542 0.03712664 -0.00220121
v -0.11253399 -0.01649011 -0.04479799
v 0.01553250 -0.03224500 0.02276420
v -0.09552813 0.01023604 -0.04367672
v 0.01250256 0.04336660 -0.01219511
v -0.00415155 0.04296706 -0.00104202
v -0.03595765 0.00406857 -0.02818078
v -0.10850923 -0.04855745 -0.02551920
v -0.03784987 0.01841661 -0.02714716
v 0.01582823 0.04740008 -0.00775834
v -0.01953523 -0.02085931 -0.01576463
v 0.02571236 0.04760693 -0.00899543
v -0.03771790 0.00677316 0.00992156
v -0.03391202 0.01641215 -0.02691244
v 0.03456861 0.03771523 0.03103265
v -0.02372305 0.00048602 -0.02569891
v 0.03961474 -0.03226133 0.02951565
v 0.00230643 0.04543526 0.00165820
v -0.09105026 -0.03608499 -0.03816782
v -0.04376839 0.01704088 -0.02786232
v -0.09060992 -0.00576497 -0.00677731
v -0.03310742 0.02060658 -0.02602481
v -0.10376833 -0.05090383 -0.02677891
v -0.05948820 0.01442885 -0.00212923
v -0.09441942 0.01829408 -0.04087056
v 0.02297316 0.04630084 -0.00985609
v -0.07968452 -0.03444405 -0.03606646
v 0.05254795 -0.04622029 0.02267968
v -0.07076688 -0.04153644 -0.02551358
v 0.06635989 0.00844084 0.03911254
v -0.09725626 -0.04843577 -0.02537496
v 0.07064426 -0.04430299 0.03579316
v -0.07918204 -0.02882019 -0.03559678
v 0.07186257 0.02177182 0.04163384
v -0.07210373 -0.04501731 -0.03210765
v -0.07260329 -0.04081604 -0.03265665
v -0.09396889 -0.04498935 -0.02835766
v -0.01693749 0.03296194 -0.01902749
v 0.02977208 0.04789470 -0.00816438
v 0.02306847 0.05235581 0.00507650
v 0.03285974 0.04626933 -0.00813802
v 0.07511299 0.03425762 0.04345924
v 0.02033482 0.05026101 -0.00325576
v 0.08984601 0.03452283 0.04884095
v 0.09762104 0.02690420 0.05267959
v -0.05126896 0.02027397 -0.00133126
v -0.07414022 -0.03526552 -0.03330315
v -0.11513081 -0.03096433 -0.02580051
v -0.09858632 -0.05050770 -0.02830720
v 0.10152666 0.01625644 0.05392114
v 0.03783238 -0.03760969 0.02861975
v -0.00559440 0.03442786 -0.01821823
v -0.09537148 -0.04402939 -0.02287422
v 0.10383330 -0.04298175 0.04334404
v -0.00141189 0.03261865 -0.01785581
v 0.09206511 -0.04441607 0.03876346
v -0.11676933 -0.03615621 -0.02559121
v 0.05236212 0.06024223 0.01101633
v 0.06417410 0.06171625 0.00922109
v -0.10593062 -0.04765751 -0.02150763
v -0.09369564 -0.03786496 -0.02670588
v 0.03045954 0.05140557 -0.00561420
v -0.06381763 -0.03990887 -0.02914119
v -0.06388307 -0.04775056 -0.02963742
v -0.04601964 0.02303932 0.00036136
v -0.11298012 -0.04332068 -0.02597774
v 0.10996347 -0.04391694 0.03495124
v 0.04634886 0.03883367 -0.00466973
v 0.04308246 0.05146322 -0.00493245
v -0.10162851 -0.04991472 -0.02424572
v 0.06429804 0.06021979 0.00402662
v -0.11832695 -0.02367389 -0.01960632
v -0.06797782 -0.03757148 -0.02948932
v 0.12967890 -0.02171341 0.02925499
v 0.11288331 0.03248499 0.05422323
v 0.08508247 0.01462262 0.00274316
v -0.02929102 -0.02179569 -0.00611093
v -0.06770533 -0.04122717 -0.03130539
v -0.11623905 -0.02773548 -0.02339824
v 0.09285708 0.04192495 0.00553673
v 0.04872000 0.05026074 -0.00390912
v -0.11054292 0.00816483 -0.04486609
v -0.02658484 0.02777394 0.01249442
v -0.07974301 -0.03750203 -0.02077829
v 0.11863567 -0.03714312 0.00810292
v 0.03901484 0.05513867 -0.00075461
v 0.12077069 0.00950852 0.00735630
v -0.03033962 0.03216269 -0.00049245
v 0.05091485 -0.04412487 0.02964302
v 0.05527395 -0.04173132 0.03305984
v 0.04681612 0.05489277 -0.00252375
v -0.00174006 0.03762573 -0.01636436
v 0.11759366 0.01536432 0.00714311
v -0.01505471 0.03890717 -0.00001405
v 0.12310067 0.01573416 0.00720038
v -0.09999348 0.02266208 -0.03964017
v -0.10033867 0.01626023 -0.04248142
v 0.05277362 0.05384697 -0.00242493
v -0.11685434 -0.00221423 -0.02469789
v 0.05811511 -0.04434106 0.03181737
v 0.12318398 -0.03575052 0.01203450
v 0.03994426 0.04648745 -0.00634153
v -0.01417370 -0.02663928 0.00114268
v -0.07758793 -0.01481741 -0.02276567
v 0.03758633 0.05084375 -0.00586170
v -0.07623435 -0.04162782 -0.01611053
v -0.02139646 0.03257062 0.01265310
v 0.01533878 0.04984896 0.00316441
v -0.02799276 0.03149031 0.00735130
v -0.02479264 0.02275542 0.01388519
v -0.02343328 0.03502431 0.00233902
v 0.03317254 0.05547412 0.00832001
v -0.10715954 -0.01478207 -0.04739441
v -0.00956447 0.04101425 0.00307573
v -0.09618658 -0.03857083 -0.01860969
v 0.05614792 0.01588879 0.03587985
v -0.11268592 -0.02508231 -0.01511285
v -0.09770152 -0.02006697 -0.04510796
v -0.11766738 -0.00891091 -0.02259969
v -0.00405803 0.04162467 0.01403220
v 0.06856944 0.01681348 0.00003289
v -0.11267454 -0.02667244 -0.03617635
v 0.06941219 0.03505179 0.00109511
v -0.02060329 0.02751477 0.01502375
v -0.09665251 -0.03018445 -0.04274366
v -0.08938288 -0.02293318 -0.04196677
v 0.03790451 0.05644651 0.00593213
v 0.12938511 0.00186314 0.03759266
v 0.05700399 -0.03215487 0.03485951
v -0.11879974 -0.01913184 -0.01693540
v -0.00150918 0.02945587 0.02097339
v -0.06109936 -0.00140048 0.00170587
v 0.04076446 -0.04199340 -0.00707690
v -0.05694028 -0.00433835 0.00285180
v 0.02838670 0.05368862 0.00314106
v -0.01327991 0.03367845 0.01686403
v -0.11924017 -0.01425437 -0.01650312
v -0.08202352 -0.01420480 -0.01837550
v -0.02301929 -0.02267118 -0.00056688
v 0.07951989 -0.02792958 0.04264861
v 0.01863857 0.01997782 0.02615712
v -0.11967733 -0.00510839 -0.01686370
v -0.08721696 -0.03378410 -0.03770590
v 0.03100817 0.01320401 0.02883394
v 0.04766994 0.02045671 0.03357116
v 0.06963070 0.05079786 0.00096295
v -0.08488218 -0.02090918 -0.01599576
v -0.11455662 -0.02025110 -0.03872397
v 0.03865238 0.02822507 0.03148680
v -0.11588363 -0.03353499 -0.02057847
v -0.11883663 -0.00880412 -0.01506550
v -0.07764318 -0.03943984 -0.03412233
v 0.05021357 0.03180526 0.03492901
v 0.06799652 0.05945268 0.00270236
v 0.08793990 0.05824867 0.00593577
v -0.11086384 -0.04006140 -0.01947743
v -0.07172995 0.01231270 -0.03089490
v -0.11577203 0.00469780 -0.02615807
v -0.11908196 0.00251538 -0.01674834
v 0.06423435 0.03000638 0.03923657
v -0.06164431 0.01193627 -0.02951923
v 0.08736489 -0.03744358 0.04416748
v -0.00897463 0.04026251 0.01118209
v 0.06262871 0.04872234 0.04010375
v 0.10799113 0.00451908 0.05508845
v -0.06559755 -0.01581870 -0.01731321
v 0.07183916 0.05946890 0.00343901
v 0.00323083 -0.04053381 0.00070552
v -0.10178714 -0.04375855 -0.02005610
v 0.07659227 0.05398451 0.00265704
v -0.02687798 0.01146991 0.01347194
v -0.10257579 -0.02082126 -0.01150836
v -0.07969996 -0.02315428 -0.02971216
v 0.00968778 0.01927421 -0.01617305
v 0.08551060 0.02561968 0.04711648
v 0.06075397 0.03618099 0.03849275
v 0.10046400 0.05155104 0.00763031
v 0.09993829 0.03716834 0.05377079
v -0.11612912 -0.03019684 -0.01910690
v -0.01596397 0.01536856 0.01685294
v 0.09700452 0.00272350 0.05139977
v -0.07667602 -0.01167577 -0.01007287
v 0.11010288 0.04317708 0.00757524
v 0.09442140 -0.03335634 0.04724246
v 0.07776534 0.06008003 0.00472976
v 0.04397412 -0.03770519 -0.00929680
v -0.04752824 0.01931642 -0.02465974
v 0.10793694 0.02635068 0.05534354
v -0.06537469 0.01494572 -0.02678092
v -0.02173589 -0.02192727 0.00595491
v -0.10973468 -0.03241591 -0.01735114
v -0.08034823 -0.01504888 -0.02561961
v 0.00964567 -0.04084883 0.01554168
v 0.07852328 0.01389626 0.04396899
v -0.06868543 -0.01363619 -0.02569177
v -0.02563873 -0.01858587 0.00856248
v -0.10195173 -0.03953582 -0.01748491
v 0.09861809 -0.04097350 0.04649625
v 0.10848241 0.01515880 0.05514821
v -0.00758128 0.02202638 0.01930724
v 0.08524601 0.05361458 0.00463495
v -0.00267092 -0.03188029 -0.01005658
v 0.00387386 0.01713882 0.02235078
v 0.11652244 0.03719884 0.00868807
v -0.07398247 -0.04903533 -0.01527984
v 0.02663654 -0.04447835 0.01082612
v 0.04744326 -0.03368423 -0.00831635
v -0.06585357 -0.05168022 -0.02419496
v -0.01774194 -0.02326990 0.00879131
v 0.09192325 -0.04374234 0.00714235
v 0.02447141 0.01347898 -0.01205732
v -0.10450190 -0.00460369 -0.04706930
v 0.10467605 -0.03691857 0.05056059
v -0.07183680 -0.01443662 -0.01379097
v -0.10073813 0.00062841 -0.04609080
v 0.12685075 -0.02681243 0.01286861
v -0.11549687 -0.00263974 -0.01297886
v 0.02500124 0.03129034 0.02825888
v 0.12666000 -0.00831918 0.00762674
v 0.09967892 0.05751837 0.00830906
v 0.08306527 -0.04638152 0.01856468
v 0.05175194 -0.03987779 -0.00684443
v -0.08636719 -0.01496588 -0.01299168
v 0.10152214 -0.04377213 0.01292458
v 0.03690338 0.02758191 -0.00768345
v 0.05391552 -0.02969830 -0.00650761
v -0.08318930 -0.01371136 -0.04082818
v -0.11390463 0.00289070 -0.03433972
v 0.12269313 0.04700588 0.00947519
v -0.01478963 -0.02552126 0.00957368
v 0.07088054 -0.04678727 0.01875082
v -0.07010417 -0.05090460 -0.01522683
v -0.10699292 0.02300639 -0.03813292
v 0.06008002 -0.03770721 -0.00552305
v -0.07239354 -0.04638865 -0.01504699
v -0.07231015 -0.04638531 -0.01505157
v -0.07263936 -0.04638692 -0.01504809
v -0.07919009 -0.01647878 -0.03939525
v 0.00708337 -0.04071781 -0.00392811
v 0.12481920 -0.02011677 0.00823390
v 0.10689749 0.05854249 0.01015578
v -0.01751931 -0.01990941 0.01303823
v -0.10935698 0.01567983 -0.04178374
v -0.03849704 0.02434305 -0.02222296
v 0.06864989 -0.02774181 -0.00293610
v 0.11266831 0.05452156 0.00939508
v 0.07651741 -0.04672275 0.02144811
v -0.07496361 -0.01486507 -0.01673079
v 0.08823140 0.06247853 0.01112183
v -0.03973479 0.02672421 -0.01583808
v -0.11099858 -0.01638270 -0.04656600
v -0.10918314 0.02326193 -0.02786102
v -0.03246951 0.02989432 -0.01474162
v -0.11071144 0.01743217 -0.03238862
v -0.07499392 0.00206872 -0.03656147
v -0.06563642 0.00763511 -0.03305340
v 0.11826223 0.04995403 0.01013501
v 0.09188303 0.01603433 0.04918381
v 0.05833488 0.00478308 -0.00286074
v 0.09717413 0.06181880 0.01344547
v -0.02205302 -0.01565840 0.01267135
v 0.06781988 -0.03942967 -0.00375621
v -0.10503170 -0.02219011 -0.04660853
v 0.01462976 -0.04170400 -0.00380887
v -0.10123361 -0.02927075 -0.01398849
v 0.00976006 0.04664420 -0.00559339
v 0.12532663 0.04988067 0.01454437
v -0.06984596 -0.00062511 -0.03528142
v -0.01135608 0.03580194 -0.01690942
v 0.09197039 -0.04583839 0.02022120
v 0.03222278 -0.04398533 -0.00057529
v 0.07587926 -0.03804290 -0.00206639
v 0.07308997 0.06302876 0.01926947
v 0.08529350 -0.04614968 0.02846284
v 0.01860464 -0.04287447 0.00041786
v 0.02346765 -0.04374416 0.00298749
v 0.02831288 -0.04251495 -0.00561930
v 0.07257209 -0.04087422 -0.00185924
v 0.08152288 -0.03272044 -0.00062584
v 0.01137024 -0.04233550 0.00604247
v -0.04725731 -0.02072006 -0.01780046
v -0.07519098 -0.04561330 -0.01299418
v 0.09201449 0.06300313 0.02036383
v -0.09072364 -0.02767292 -0.01168930
v 0.09767578 -0.04542199 0.02942051
v -0.10409626 0.02886832 -0.03401727
v -0.09293447 -0.03194992 -0.01395578
v -0.09780598 0.03544163 -0.02650667
v -0.00897679 -0.00101775 0.01822986
v -0.07937551 0.01476267 -0.03057280
v -0.00376354 0.00750636 0.02002947
v -0.08431484 -0.01090272 -0.00955968
v -0.10120869 -0.04205704 -0.04065489
v -0.09080398 0.00029614 -0.04354510
v -0.08106471 0.00215922 -0.03921363
v -0.06394805 -0.04321037 -0.01496231
v -0.09389861 0.03157834 -0.03222600
v -0.10948529 -0.03534267 -0.04219484
v -0.09485626 0.03524728 -0.02467070
v 0.08520686 0.06338498 0.02240495
v -0.10199797 0.03234566 -0.03064019
v 0.02984529 -0.04260477 0.02303278
v -0.03709862 -0.02069383 -0.01517585
v 0.12154272 -0.02891680 0.00758999
v -0.06864126 -0.04729762 -0.01242780
v -0.06300637 -0.05244057 -0.01102502
v 0.03879958 -0.04519844 0.00466780
v 0.04383152 -0.04483241 0.00129208
v 0.06312527 -0.04425543 -0.00010108
v -0.11151627 -0.03645382 -0.03360833
v 0.02589237 -0.04270797 0.02091561
v -0.05995522 -0.05052692 -0.01169687
v -0.05780114 -0.01668655 -0.00982126
v -0.08450035 -0.03146775 -0.01214101
v 0.06224482 -0.00769947 0.03717537
v -0.08080966 -0.03315457 -0.01287830
v -0.05875834 -0.05616157 -0.02006844
v 0.09261492 -0.01381889 0.00239287
v -0.01463737 -0.00052180 -0.02365987
v 0.12345139 -0.02766193 0.04242786
v 0.07703521 0.06263159 0.02965663
v 0.12686957 -0.01399179 0.04072006
v -0.06350900 -0.04669314 -0.01071672
v 0.03423419 -0.04475818 0.01904125
v -0.11633819 0.01046424 -0.02005213
v 0.11984335 0.05590391 0.01319442
v 0.12183580 -0.01493149 0.00703103
v 0.10325445 -0.03184647 0.00397302
v -0.05019171 -0.02093566 -0.00807257
v -0.06811763 -0.04253511 -0.01186832
v -0.10232908 0.03331751 -0.02483905
v -0.07518470 0.01477566 -0.02829001
v 0.06543230 0.06167342 0.03038311
v -0.06859805 0.01302949 -0.02970155
v 0.11414748 0.05873025 0.01532852
v 0.06213194 -0.04650225 0.02695435
v -0.06239218 -0.01447702 -0.00954398
v 0.12266711 -0.01008330 0.04722737
v 0.10404383 -0.01647114 0.00429397
v -0.10936626 0.02609043 -0.02201222
v 0.05910776 0.05086619 -0.00133045
v 0.03741415 -0.04308876 0.02595309
v 0.11034119 0.05960956 0.01467927
v -0.10561054 0.03088866 -0.02312428
v 0.12575771 -0.00095703 0.04371695
v 0.07538065 -0.00110046 0.04219786
v 0.08682227 0.00533097 0.04680920
v -0.07092542 0.01688705 -0.02231042
v 0.11895255 0.05742928 0.01843001
v 0.04388902 -0.04354322 0.02819621
v -0.06672185 0.01733162 -0.02079765
v 0.06040397 0.03952413 -0.00090344
v 0.02376270 -0.01045548 -0.01340151
v -0.08335949 0.01815328 -0.03029097
v -0.07319330 -0.00653537 -0.00446211
v 0.11270790 0.00043010 0.05426921
v 0.12913285 0.01726811 0.01222615
v -0.05203751 0.01381099 -0.02841749
v 0.11222318 -0.02511266 0.00483259
v -0.03938902 -0.02128878 -0.00809710
v -0.07400151 -0.03951364 -0.01180515
v -0.04627677 0.01131378 -0.02986931
v 0.10230526 0.06179497 0.02080513
v 0.09016768 0.02927505 0.00437025
v -0.08973789 0.02967706 -0.02258042
v -0.06760999 -0.04627830 -0.03135572
v -0.06976610 -0.04273938 -0.01126585
v 0.01381513 -0.02198104 0.02286761
v 0.02886205 -0.02573319 -0.01270529
v -0.09298269 0.03396203 -0.02747771
v 0.03455039 -0.00364221 -0.00982872
v -0.05625353 0.01489656 -0.02627273
v -0.06126746 -0.05577144 -0.01454561
v 0.09819441 0.02040513 0.00494041
v -0.06766219 -0.01064739 -0.00605658
v 0.02275082 -0.04268810 0.01942100
v 0.07942789 0.03111840 0.00287240
v 0.02623562 -0.01738050 0.02628935
v -0.07883239 0.01678439 -0.02075789
v 0.08017865 0.04686382 0.00342530
v 0.06895870 0.06088319 0.03690467
v -0.07514512 0.01656222 -0.01522032
v -0.05993362 0.01711172 -0.02211651
v 0.07943336 -0.04307394 0.03971718
v -0.08243558 0.01741210 -0.02274745
v 0.09199462 0.05158518 0.00584857
v 0.07373491 -0.03607791 0.04022070
v -0.09780931 -0.01281206 -0.04594011
v 0.11399866 0.05931910 0.02148646
v 0.04902821 -0.00270600 -0.00569389
v 0.10921959 0.02621005 0.00617001
v 0.11754415 0.05511237 0.03522675
v 0.00511800 0.00198008 0.02203225
v 0.11669457 0.02616635 0.00773689
v -0.10978498 -0.01392282 -0.01161251
v -0.08687080 0.02263054 -0.02517777
v -0.05128241 -0.02053914 -0.01348086
v 0.01665491 -0.00811230 0.02435153
v 0.10625556 0.04803927 0.00757463
v 0.10391181 0.03456204 0.00672519
v 0.07349440 0.06077340 0.03893551
v 0.08118968 0.06044001 0.04167606
v 0.08728770 0.06202853 0.03606098
v 0.02536238 -0.03014547 0.02552531
v 0.03086293 -0.00931033 0.02783000
v 0.07673401 0.05808451 0.04344312
v -0.10690024 -0.00181668 -0.00921854
v -0.06774551 0.00886501 -0.00221829
v 0.12297845 0.03562138 0.00861231
v -0.05980392 -0.01007572 -0.00029629
v 0.10748030 0.06115980 0.02689559
v 0.11433491 -0.01355720 0.00519372
v 0.08652270 -0.03226616 0.04460410
v 0.04106826 -0.00764885 0.03062719
v -0.06913368 -0.00436879 -0.00190407
v 0.07725303 -0.04460037 0.03699665
v -0.06187587 0.01808551 -0.01764978
v 0.11836120 0.05852585 0.02829114
v -0.06951964 -0.04907871 -0.02867512
v 0.08722714 -0.04536341 0.03547653
v -0.09012127 -0.01840686 -0.00868236
v -0.05319181 0.01937608 -0.02078313
v -0.03189813 0.02352547 -0.02477762
v -0.06643103 0.00303746 0.00010453
v -0.10131159 -0.00235723 -0.00805273
v 0.06116167 0.06190215 0.01567291
v -0.01181166 0.00640556 -0.02276568
v -0.08443928 -0.02670981 -0.03870359
v -0.04630853 -0.02132120 -0.01383074
v -0.08693775 0.01813031 -0.01659451
v 0.07180265 0.06260475 0.01194357
v 0.12438738 0.00284849 0.00687951
v -0.07618785 -0.04639241 -0.02768445
v 0.12796981 0.00864171 0.01040035
v -0.05514190 0.01876950 -0.00377953
v 0.02614488 0.05338919 0.01467468
v -0.09606952 -0.00075741 -0.00717456
v 0.11714141 -0.03908360 0.03894635
v 0.01586079 0.05002085 0.01430873
v -0.00362040 0.01624615 -0.02002189
v -0.10688409 0.02866535 -0.01877886
v -0.10234979 0.03224259 -0.01980463
v 0.09035761 0.05202516 0.04909399
v 0.12378206 -0.03339810 0.03563551
v -0.02808214 0.02782426 -0.02204856
v -0.04968461 0.02262395 -0.01536885
v 0.07205873 -0.01327376 0.04054765
v -0.11339656 0.01969710 -0.01862240
v 0.08887139 0.05918191 0.04543999
v -0.07648888 -0.01307550 -0.03822273
v -0.04603203 0.02321468 -0.01871450
v 0.08454119 -0.01061756 0.04538214
v 0.03694176 0.05649138 0.01606510
v 0.09246287 0.05746752 0.04818640
v -0.02412044 0.03256653 -0.01564456
v 0.11334450 0.04725849 0.05254294
v -0.05873148 0.01238259 0.00067214
v 0.09306350 -0.01222723 0.04836139
v -0.08780934 0.01489666 -0.01163769
v -0.09897009 0.03346950 -0.01865901
v 0.05334789 0.06033448 0.02266086
v -0.08338722 -0.03312620 -0.02561785
v -0.06968936 -0.00956578 -0.03119904
v -0.07406462 -0.00522273 -0.03555551
v -0.06500177 -0.00662646 -0.03226601
v -0.07114883 0.01567648 -0.01081239
v 0.00912443 0.04570505 0.01996809
v 0.10914026 0.05361226 0.05228955
v -0.05791312 -0.00639605 -0.03099078
v 0.09614439 0.06209505 0.02874487
v -0.09340907 0.03223457 -0.01820952
v -0.00609297 0.03996821 -0.01154627
v 0.11684425 0.03868490 0.05056448
v 0.06385944 -0.02193914 0.03732356
v 0.09718156 0.05316283 0.05220307
v 0.00029688 0.04146445 0.01923635
v -0.09178196 0.01352646 -0.00900230
v -0.09264266 0.01983187 -0.01147398
v -0.00781336 -0.03087205 -0.00002559
v -0.04833201 -0.00236986 -0.03109463
v 0.04482080 0.05850649 0.02140027
v 0.00761367 0.04194997 0.02297847
v -0.11183473 0.01548184 -0.01355322
v -0.03987343 0.02715895 -0.00079780
v -0.08135054 0.01434750 -0.01306311
v 0.03407566 0.05502949 0.02319284
v 0.10852211 0.04391997 0.05492638
v -0.04770637 -0.01665187 0.00309859
v 0.00788459 0.00716391 -0.01731969
v 0.12808579 0.04574531 0.02008247
v 0.01407048 0.04479516 0.02457345
v -0.00256319 -0.03720787 0.00591695
v -0.10812785 0.02359172 -0.01489410
v -0.08741725 0.00772305 -0.04110451
v 0.06479009 0.06199249 0.02375108
v -0.03768128 -0.01898410 0.00115269
v 0.04123062 0.05589245 0.02906745
v -0.11148170 -0.00049916 -0.04577848
v 0.04607910 0.01306989 -0.00564677
v -0.09171609 0.02492949 -0.01502347
v -0.09280703 0.02025304 -0.03969589
v 0.03520606 0.01071907 -0.00892270
v 0.04437345 0.05713794 0.02973483
v -0.08961682 0.01560156 -0.04017804
v -0.08849020 0.02308789 -0.03545303
v 0.02061528 0.04563150 0.02720143
v -0.04354442 -0.01670613 0.00358075
v 0.05760687 0.06033629 0.03031655
v -0.09568398 0.02713468 -0.03679538
v -0.11392064 -0.00401927 -0.03940614
v 0.03163715 0.03719368 -0.00890900
v 0.12524543 0.04820923 0.02757597
v -0.11401685 -0.00073368 -0.03727160
v -0.02964374 -0.00992453 -0.02705011
v -0.09968403 0.02917649 -0.01393410
v 0.11668349 -0.03357496 0.04826651
v -0.09004026 0.02747868 -0.03329216
v -0.00167962 0.04393941 0.00827713
v 0.05684894 0.03150516 -0.00195514
v -0.10202494 0.02266213 -0.01119109
v 0.08665170 -0.04495027 0.00997482
v 0.03253375 0.05168188 0.02926922
v 0.02852995 0.04597963 0.02963686
v 0.00690932 0.04681044 -0.00043069
v 0.11219948 0.05835737 0.03208187
v -0.01519783 0.03773767 0.00895148
v -0.00422502 -0.03591419 0.01086232
v -0.02751377 0.01174759 -0.02590192
v -0.11578910 -0.01807942 -0.03753430
v -0.06116549 0.01668671 -0.00765246
v 0.04818098 0.05765861 0.03160247
v -0.01409224 -0.01205495 -0.02332069
v -0.11571390 -0.01440467 -0.03741217
v 0.05431025 0.05415508 0.03726162
v 0.05406323 0.04343480 0.03697687
v 0.04807652 0.05769678 0.00181103
v -0.03323587 0.02390645 0.01070004
v -0.11473271 -0.01277521 -0.03591030
v 0.12930844 0.00984027 0.03801458
v 0.05861621 0.05580507 -0.00069727
v -0.00438103 -0.01741056 -0.02099236
v -0.02149834 0.02831418 -0.02218039
v 0.11918208 -0.01897497 0.05068517
v -0.02245520 0.01979673 -0.02422859
v -0.00812194 -0.03115653 0.01023718
v 0.13161960 0.01715696 0.03263135
v -0.03156677 -0.01612743 0.00798961
v -0.01352956 0.02394565 -0.02180934
v 0.07445739 0.00219908 0.00032519
v 0.05139186 0.05793563 0.03294738
v 0.11673756 0.01155026 0.05270600
v 0.05672674 0.05851738 0.03497005
v 0.10088407 -0.00541259 0.05285803
v 0.04446524 0.05019465 0.03447052
v -0.00261505 0.02603228 -0.01893492
v 0.00140450 -0.03979996 0.01139889
v 0.00248542 0.03380111 -0.01683595
v 0.08476458 0.04501484 0.04735559
v 0.00509419 -0.01605541 -0.01882481
v -0.11513347 -0.00902249 -0.03572709
v 0.06449595 0.05684872 0.00067531
v 0.04604077 -0.04628689 0.01598218
v -0.11510518 -0.00455986 -0.03107365
v 0.10649473 0.06024836 0.03538221
v -0.07927185 -0.01049339 -0.03247318
v 0.12004969 -0.03930659 0.01361353
v 0.11843021 0.02003588 0.05139170
v 0.09801426 0.06138678 0.03484193
v 0.10162493 0.00916563 0.00496669
v -0.02418576 0.03482289 -0.00566552
v 0.00539426 0.03780841 -0.01543866
v -0.01103092 0.03966981 -0.00689587
v 0.09660536 0.04588922 0.05230295
v 0.00091098 0.04316350 -0.00891725
v 0.11030090 -0.02878339 0.05231383
v 0.06467133 -0.04684320 0.01746051
v 0.05932962 -0.04677691 0.01663900
v -0.06114240 -0.04368027 -0.02953382
v 0.00400605 -0.01726235 0.02055629
v 0.01010958 0.03121385 -0.01520275
v -0.04713075 -0.01285411 -0.02918872
v -0.06600359 0.01755212 -0.01403789
v 0.01596110 0.00654454 0.02491730
v 0.10415523 0.05933591 0.04341268
v 0.01221534 0.04055303 -0.01348900
v -0.04156326 -0.01201299 -0.02922365
v 0.01673652 0.03983034 -0.01283566
v -0.05924542 0.01873277 -0.01479419
v 0.07616467 -0.04603059 0.03078949
v 0.00571821 0.04093454 -0.01398963
v 0.03160009 -0.01568423 -0.01129160
v 0.06973575 -0.04645183 0.02713896
v 0.11070886 -0.00937845 0.05433439
v -0.05502260 0.02047694 -0.01084579
v -0.03495630 -0.01106095 -0.02806153
v 0.12516866 0.03759070 0.03862046
v -0.02798617 0.03303854 -0.00809708
v 0.11005861 0.05788927 0.04000529
v 0.10032123 -0.04442033 0.03679550
v 0.04723900 0.00336852 0.03270610
v 0.08138828 0.06265091 0.01007041
v 0.02092336 0.04243671 -0.01172814
v 0.09371148 0.06065875 0.00916874
v -0.01940307 -0.01563103 -0.02245711
v 0.09534705 0.05999621 0.04342065
v -0.02590662 -0.01671232 -0.02163497
v 0.12324373 0.02601894 0.00816190
v -0.04007190 0.02769939 -0.00885150
v 0.11962725 0.04438997 0.04454862
v -0.03135404 0.03147303 -0.00931153
v 0.05821216 0.00251758 0.03609555
v 0.08284473 0.05565775 0.04642413
v 0.09736341 0.05797726 0.04843147
v 0.04276813 0.05807550 0.01027314
v 0.05525636 0.02092000 -0.00281755
v 0.09997687 -0.01467407 0.05167959
v 0.11617763 -0.02651056 0.05113142
v 0.10425243 0.05711957 0.04917383
v 0.11248645 0.05350659 0.04719175
v 0.12921094 0.03205020 0.01660225
v 0.07982161 -0.00768723 0.00064702
v 0.02685742 0.05290212 0.02093817
v -0.10664693 -0.00901613 -0.04728120
v 0.00043303 -0.02649998 -0.01854993
v -0.10215300 0.01258069 -0.04375461
v -0.11163066 -0.00823106 -0.04665638
v 0.01586438 0.04879942 0.02037559
v -0.09754729 -0.00584078 -0.04589997
v 0.02369529 0.05102122 0.02339490
v -0.05165554 0.01506413 0.00469735
v -0.11350904 -0.00974754 -0.04081211
v 0.00706047 -0.03665658 -0.01548320
v 0.11025134 0.01812901 0.00571980
v 0.01987938 0.05020019 0.02104354
v 0.01263368 -0.03506814 -0.01621863
v -0.08819205 -0.00776700 -0.04276926
v 0.09994532 0.05511047 0.05201064
v -0.04500659 0.02053406 0.00556234
v -0.04147802 0.02344134 0.00558633
v 0.10952070 0.00385047 0.00509199
v -0.07621749 -0.00729265 -0.03819864
v 0.12260511 0.00600960 0.00698544
v -0.11583942 -0.01321809 -0.02817224
v -0.11417241 -0.01962204 -0.03276929
v -0.08379598 -0.02047918 -0.04140049
v -0.08041986 -0.01520935 -0.02999524
v -0.07798953 -0.02802790 -0.02948804
v 0.10317357 0.05395781 0.05297330
v 0.10651298 0.04987162 0.05466278
v -0.06058669 0.00045373 -0.03365315
v 0.02668716 0.05038897 0.02698454
v -0.04483634 0.01482814 0.00746945
v -0.03715028 0.01990241 0.01003339
v 0.00397772 0.04494444 0.01567653
v -0.03705499 0.02543627 0.00732650
v 0.00862579 0.04762776 0.01136070
v 0.03740268 0.05519184 0.02730409
v -0.04064167 0.01462656 -0.02839591
v -0.05313030 -0.00479103 -0.03139195
v -0.03200490 0.02791873 0.00904138
v -0.05982767 -0.04892762 -0.02966634
v -0.05771807 -0.05445804 -0.02595214
v -0.04115264 -0.00661778 -0.02962143
v -0.08035705 -0.02346266 -0.03585031
v 0.11301912 -0.04142009 0.01113238
v 0.04290816 0.04071359 0.03350685
v -0.11557147 0.01489662 -0.01858111
v -0.01856465 0.02354567 -0.02288020
v 0.03834489 0.05097992 0.03234423
v -0.05584795 -0.05114232 -0.02489122
v -0.05853057 -0.04477163 -0.02537239
v -0.05263673 -0.01615531 -0.02319273
v -0.05854414 -0.01277813 -0.02622378
v 0.11869890 -0.04077078 0.01736637
v -0.04458863 -0.01750703 -0.02580437
v 0.13118941 0.02625336 0.02927355
v 0.12095237 0.04956194 0.03834940
v -0.01125490 0.03097100 -0.02008346
v -0.04042483 -0.01859898 -0.02291785
v 0.12956973 -0.02298073 0.02039462
v 0.13210383 -0.01275125 0.02042923
v 0.06317767 0.05782768 0.03907577
v 0.11335778 -0.04265013 0.01752450
v 0.07230628 0.04421015 0.04303383
v -0.02404316 -0.01119227 -0.02537170
v 0.11029908 -0.04394309 0.02014465
v 0.07191799 0.05399649 0.04328549
v 0.01751189 0.03101568 -0.01321117
v 0.12643330 0.02598087 0.04074765
v 0.12944186 -0.00065130 0.01097533
v 0.02188178 0.02444247 -0.01235298
v -0.03264491 -0.01841756 -0.02085645
v -0.01098126 -0.01742397 -0.02152942
v -0.02643083 -0.02052540 -0.01472254
v -0.00542443 -0.02209505 -0.01963825
v -0.10673113 0.00386020 -0.04591185
v -0.00228674 -0.00433369 -0.02063479
v 0.00495093 -0.02833286 -0.01841600
v 0.00314648 -0.02404511 -0.01915229
v -0.08287505 0.01156033 -0.03701917
v -0.00171102 -0.02796081 -0.01662683
v 0.00880262 -0.03106226 -0.01791959
v -0.07544901 0.00823952 -0.03485600
v 0.01629636 -0.03249681 -0.01611814
v 0.01526708 -0.02080868 -0.01625812
v 0.02304271 -0.03360159 -0.01450479
v -0.05165728 0.00701017 -0.03115213
v 0.03315572 -0.03622595 -0.01207955
v 0.04287652 -0.02374264 -0.00883096
v 0.04694962 -0.01613040 -0.00710672
v 0.07988509 -0.01909824 -0.00002270
v 0.09249253 -0.00064514 0.00296644
vn 0.12009403 -0.29285111 0.94858613
vn -0.10048854 -0.40614642 0.90826601
vn -0.40091556 -0.90905536 -0.11351239
vn -0.67940902 -0.30174198 -0.66884614
vn -0.44367750 -0.85459087 -0.26986055
vn -0.26495727 -0.94648775 -0.18427856
vn -0.25460110 -0.49360700 -0.83158308
vn 0.11307795 -0.84716072 -0.51916481
vn -0.35501890 -0.75854274 -0.54641971
vn -0.15518147 0.00669894 0.98786327
vn 0.21128775 -0.65417900 -0.72622815
vn -0.05525396 0.09683101 0.99376595
vn 0.07684449 -0.99596452 -0.04636368
vn 0.27160421 0.01525710 -0.96228809
vn -0.01614845 -0.66641840 0.74540307
vn -0.19463968 -0.89602565 -0.39906571
vn -0.50381256 -0.45801645 0.73238913
vn -0.52250756 -0.79315348 -0.31287923
vn -0.39840865 -0.16612033 0.90203913
vn -0.48270547 -0.87516707 -0.03283331
vn -0.30879542 -0.15582298 0.93827746
vn -0.33986885 -0.14923639 0.92855677
vn -0.25418281 -0.09466327 0.96251232
vn 0.10222952 -0.86008028 -0.49981099
vn -0.33131751 0.00244727 0.94351615
vn -0.58266294 -0.80703433 0.09591393
vn 0.09092490 -0.93383060 -0.34596686
vn -0.59827051 -0.65998375 -0.45441594
vn -0.63668927 -0.74116903 -0.21282678
vn 0.02650583 -0.09232140 0.99537641
vn -0.30686946 -0.45794267 0.83433785
vn -0.28943983 -0.47266797 0.83235184
vn -0.29457121 -0.14882366 0.94396998
vn -0.40646779 -0.16650687 -0.89836485
vn -0.24419440 -0.88099990 0.40522620
vn 0.27444642 0.03449520 -0.96098348
vn -0.82915866 -0.29636558 -0.47398668
vn -0.96560305 0.23952776 0.10117906
vn -0.35817652 -0.29224321 0.88673755
vn 0.10910404 0.98394187 0.14126114
vn -0.28446091 0.23506164 0.92942349
vn -0.50588665 -0.76604023 0.39656155
vn 0.01526105 -0.84542034 -0.53388346
vn 0.14736229 0.35771003 0.92213225
vn -0.19316480 -0.91580938 0.35210870
vn 0.28619709 0.04426203 -0.95714790
vn -0.31194284 -0.14849904 0.93842405
vn 0.64334099 -0.76554387 0.00741352
vn -0.98352983 -0.06474352 -0.16875231
vn 0.22791310 -0.67218864 -0.70442746
vn -0.02558464 0.41564386 0.90916753
vn -0.64625610 0.13156551 0.75169380
vn -0.28653330 -0.08998444 0.95383514
vn 0.21841045 0.07384526 -0.97305897
vn 0.21347046 -0.56819444 -0.79472350
vn -0.26335169 -0.34178806 0.90212350
vn 0.21022185 0.06335697 -0.97559862
vn 0.88785411 -0.41454319 0.19967228
vn -0.29912618 -0.05777486 0.95246291
vn -0.29426282 -0.22114875 0.92978633
vn 0.06773548 -0.60625527 -0.79238024
vn -0.26840018 -0.50649165 0.81940683
vn 0.37996817 -0.25329621 -0.88964331
vn -0.22560677 -0.32950517 0.91680310
vn -0.82998506 0.31037308 0.46345803
vn 0.96581807 0.18752110 0.17897291
vn 0.92555011 -0.29344676 -0.23926137
vn 0.18782691 0.03681176 -0.98151207
vn -0.29941861 -0.22119035 0.92812894
vn 0.21268691 -0.25851023 -0.94230395
vn -0.37836195 -0.61450487 0.69226151
vn -0.40046711 -0.32765358 0.85572731
vn -0.26387047 -0.59074500 0.76249113
vn -0.28728355 -0.13399273 0.94842718
vn 0.11636296 -0.64233062 -0.75754276
vn 0.11887923 0.01810452 -0.99274365
vn -0.31779385 -0.42636411 0.84688885
vn -0.20837358 -0.62501024 0.75229160
vn -0.24401385 0.74440146 0.62154944
vn -0.45406929 -0.38735473 0.80235740
vn -0.31187188 -0.72312287 0.61630289
vn -0.62594360 -0.77045658 0.12079435
vn -0.23640838 -0.89742753 0.37247134
vn -0.68923026 -0.70442027 -0.16956924
vn -0.90661009 -0.36382033 -0.21375899
vn -0.40090216 0.09287722 0.91140073
vn -0.45542212 0.88863271 0.05406109
vn -0.44951940 -0.45441269 0.76905229
vn -0.08919892 -0.76219063 -0.64117782
vn 0.22388942 -0.16458427 -0.96061727
vn -0.27667160 -0.02849735 0.96054189
vn -0.38047873 0.12910108 0.91573405
vn -0.31004554 -0.19089343 0.93136001
vn -0.29772377 -0.02539561 0.95431422
vn -0.31979979 0.91693410 -0.23866282
vn 0.20330167 -0.68221596 -0.70231746
vn -0.37280672 -0.63585338 0.67579999
vn -0.32582065 -0.05744678 0.94368468
vn -0.18984410 -0.62528167 0.75695578
vn -0.23953947 -0.50035115 0.83202738
vn 0.33816710 -0.94094648 0.01620929
vn -0.43459325 0.90062173 0.00303510
vn -0.32098495 -0.03985505 0.94624534
vn -0.21922224 -0.75000642 -0.62404485
vn 0.18946795 -0.53467627 -0.82354307
vn 0.67289491 -0.73721418 -0.06105484
vn 0.20534737 -0.56165157 -0.80148610
vn -0.29300737 -0.12992642 0.94724116
vn -0.04546158 -0.91460939 0.40177470
vn -0.18981837 0.08557718 0.97808258
vn -0.24906755 -0.04182387 0.96758262
vn -0.03660194 0.83012803 -0.55637016
vn 0.59804144 0.37988110 0.70571721
vn -0.00836857 -0.34859051 -0.93723776
vn -0.33015515 -0.11925274 0.93636337
vn -0.03674726 0.87091695 -0.49005440
vn -0.81448776 -0.26105570 -0.51813088
vn -0.55651647 -0.22811600 -0.79890707
vn -0.00638441 -0.99341752 -0.11437162
vn 0.57873484 -0.30822763 -0.75502431
vn 0.37850040 -0.78928581 0.48349287
vn 0.72771922 0.66448636 0.16994884
vn -0.35180746 -0.07548827 0.93302360
vn 0.70795567 0.65031339 -0.27548369
vn 0.65080086 -0.74516186 0.14557485
vn -0.35399457 -0.16802387 0.92003034
vn 0.23337572 -0.12320338 -0.96455000
vn -0.18974257 -0.96889907 0.15884697
vn -0.15226681 -0.96134798 -0.22940115
vn 0.25875556 -0.44977582 0.85483757
vn -0.31095436 -0.11758668 0.94312288
vn -0.65916369 -0.40946962 0.63074390
vn 0.93483538 -0.17381594 0.30963016
vn -0.08948536 -0.99546573 -0.03225459
vn -0.41684265 0.39800399 0.81721174
vn -0.02865194 0.19198308 0.98097990
vn -0.06171223 -0.99686620 -0.04949131
vn 0.64477937 -0.75399719 -0.12549026
vn -0.01504791 -0.99003494 -0.14001560
vn 0.07303944 0.20514743 -0.97600193
vn 0.67415243 0.10356189 0.73129572
vn -0.28583351 -0.04402200 0.95726761
vn -0.25583481 -0.06515406 0.96452242
vn -0.30664206 0.08321202 0.94818058
vn -0.95723577 -0.11961533 -0.26342333
vn -0.26855958 0.01146126 0.96319489
vn -0.13234400 -0.23507446 -0.96292526
vn -0.30326638 -0.15601003 0.94004807
vn 0.99761769 0.05343798 -0.04362712
vn 0.54786133 0.29477023 0.78291665
vn 0.40007312 0.75327142 0.52203799
vn -0.80500882 -0.33723257 -0.48809322
vn -0.28577910 0.48137675 0.82861736
vn 0.05768736 0.46228566 -0.88485261
vn -0.17875789 -0.15349757 0.97184572
vn -0.38204810 0.92307790 -0.04434463
vn -0.80136177 -0.05679478 -0.59547768
vn -0.28845392 -0.15272433 0.94523522
vn 0.22975655 0.22764109 -0.94625127
vn -0.01129126 0.64988269 -0.75995066
vn -0.32902075 0.93893699 -0.10071087
vn 0.20674624 0.05251621 -0.97698416
vn -0.59006506 -0.76145869 0.26833540
vn 0.04449027 0.39414139 -0.91797232
vn -0.13657538 0.82409731 -0.54973701
vn -0.14023011 -0.86676420 -0.47859727
vn 0.01750999 0.54798101 -0.83630748
vn -0.31769186 -0.02789667 0.94778355
vn 0.18039029 0.12226649 -0.97596632
vn -0.26034500 -0.04634229 0.96440286
vn 0.21859491 0.01869736 -0.97563655
vn -0.27784388 -0.05418864 0.95909664
vn -0.32818358 0.94246980 -0.06360980
vn 0.52897622 -0.51092272 -0.67760028
vn -0.07382169 0.50700280 -0.85877734
vn -0.13128245 -0.06681606 0.98909076
vn 0.04398889 0.34881312 -0.93615938
vn -0.17120044 -0.96993558 0.17296061
vn -0.47782548 0.69378481 0.53883712
vn 0.19831717 0.28973262 -0.93633611
vn -0.04900157 0.60253923 -0.79658353
vn 0.34163364 -0.19793783 -0.91875300
vn -0.10236717 -0.98453906 0.14214008
vn 0.09692932 0.91792188 0.38473904
vn -0.34005237 -0.03343998 0.93981176
vn 0.59135879 -0.66570401 0.45511861
vn -0.14647969 -0.77475694 0.61505723
vn 0.77486942 0.16260711 -0.61084884
vn -0.34984454 -0.03710413 0.93607269
vn -0.10661945 -0.47043639 -0.87596912
vn 0.32382518 -0.00292196 -0.94611242
vn 0.88583737 -0.38840755 0.25383406
vn -0.13306051 0.69180016 -0.70972350
vn 0.19167205 0.45426238 -0.87000432
vn -0.28450458 0.95638842 -0.06616893
vn 0.17545021 0.22149057 -0.95924926
vn -0.34363813 -0.04394198 0.93807352
vn -0.21248371 0.91994758 -0.32946491
vn -0.39186779 -0.01265527 0.91993450
vn -0.35819083 -0.02128200 0.93340581
vn -0.53039474 0.74874650 0.39756773
vn 0.47797715 0.31253024 -0.82089140
vn -0.97095043 0.06813381 -0.22937532
vn 0.40843727 -0.90604338 0.11074469
vn -0.30865553 -0.02641460 0.95080704
vn -0.28362276 -0.21712984 0.93403039
vn 0.06090098 0.46166598 -0.88496078
vn 0.72437935 -0.41133623 0.55324232
vn 0.08007366 -0.93740039 0.33892287
vn 0.18311456 0.19095101 -0.96436859
vn -0.03270804 -0.93895346 0.34248588
vn -0.98807132 -0.15036121 -0.03326524
vn -0.18097175 0.97829432 -0.10094276
vn -0.06867308 0.97897081 -0.19209416
vn -0.23054351 -0.63214433 0.73975890
vn 0.52011539 -0.82802044 0.20943285
vn -0.07189066 0.78536660 -0.61484228
vn 0.48990685 0.77878105 -0.39177972
vn 0.04821242 -0.44162232 -0.89590473
vn -0.53345622 0.77239335 0.34472161
vn -0.84731797 -0.51221123 0.14032787
vn 0.26833046 -0.95106365 0.15322108
vn 0.26343287 0.02433201 -0.96437082
vn 0.11227926 0.40514269 -0.90733278
vn 0.17802901 -0.79956931 0.57358050
vn 0.00055067 0.88518550 -0.46523792
vn -0.96093174 -0.24007296 0.13775040
vn 0.38902212 0.92113807 -0.01290184
vn 0.94879312 -0.28196310 0.14243742
vn 0.39078478 0.05280019 0.91896648
vn 0.15530687 0.05720626 -0.98620851
vn -0.13875620 -0.98973953 0.03409369
vn 0.33770101 0.19407663 -0.92102784
vn -0.95676618 -0.15684949 -0.24494225
vn 0.15824950 0.05385786 -0.98592922
vn 0.19621695 0.14787537 -0.96934606
vn -0.60520239 0.27918482 -0.74551050
vn -0.42981525 0.38850592 0.81505951
vn 0.81771670 0.56546324 -0.10766023
vn 0.47820427 -0.53080908 -0.69968736
vn -0.13990598 0.89163554 -0.43059538
vn 0.01946975 0.06234089 -0.99786499
vn -0.44153886 0.88910118 0.12059245
vn -0.19957678 -0.79330899 0.57517820
vn -0.29191018 -0.40135757 0.86815929
vn 0.00236260 0.64497566 -0.76419946
vn -0.05898312 0.59478446 -0.80171843
vn 0.12068143 0.04511940 -0.99166538
vn -0.37997116 0.92499833 -0.00007413
vn 0.31867690 0.04952693 -0.94656860
vn -0.02769027 0.49825410 -0.86658877
vn 0.04219228 0.35532288 -0.93379091
vn 0.15156126 0.35658420 -0.92188768
vn -0.95483432 0.05523312 -0.29196014
vn -0.11986947 -0.82691451 0.54940304
vn 0.78657154 -0.49472770 -0.36952634
vn 0.25653557 0.10293118 -0.96103833
vn -0.52561011 -0.85064654 -0.01159647
vn 0.03857819 -0.99920891 0.00965829
vn 0.09496387 0.51984063 -0.84896854
vn 0.57203447 0.81275508 -0.11047957
vn -0.46593256 0.63848524 0.61257118
vn -0.29985202 0.95062057 -0.08005809
vn -0.48249132 0.79375979 0.37033433
vn -0.32223470 0.06872588 0.94416182
vn -0.42282904 0.89506143 0.14170616
vn -0.25571651 0.96438944 -0.06754307
vn -0.06117028 -0.03359195 -0.99756192
vn -0.37914514 0.92405233 0.04874687
vn 0.27650565 -0.62599375 0.72916147
vn -0.30503384 -0.04325700 0.95135860
vn -0.39822548 -0.29140763 0.86976897
vn 0.26231741 -0.13338026 -0.95571925
vn -0.96294223 -0.01678496 -0.26918494
vn -0.41749385 0.82993194 0.37001602
vn 0.19852701 0.05257596 -0.97868422
vn -0.95812208 -0.24623175 -0.14619170
vn 0.20841128 0.02337990 -0.97776179
vn -0.35578764 0.16546898 0.91980170
vn 0.29321431 -0.27885090 -0.91447665
vn 0.30169190 -0.20264718 -0.93162016
vn -0.23176581 0.95922627 -0.16177014
vn 0.91370805 -0.00636598 0.40632139
vn -0.29887873 -0.06565977 0.95202957
vn -0.88046019 -0.16509756 0.44444646
vn -0.29920854 0.02573241 0.95384071
vn -0.34469303 -0.10056804 0.93331280
vn 0.04168622 -0.76575452 -0.64178056
vn -0.35589439 -0.13475730 0.92475924
vn -0.24121763 0.95697019 -0.16131370
vn -0.40430063 0.43550462 0.80428647
vn -0.92645678 -0.09529080 0.36413939
vn 0.48196404 -0.78944941 0.38010563
vn -0.34095182 -0.93194947 0.12337767
vn -0.32368385 -0.06354294 0.94402916
vn -0.24170224 -0.03946708 0.96954751
vn -0.98434230 0.00098236 0.17626480
vn 0.23938198 -0.46421191 -0.85276232
vn -0.24314724 -0.04428893 0.96897777
vn -0.27502043 -0.04750946 0.96026382
vn 0.21558083 0.08647468 -0.97264949
vn 0.82682205 0.00080333 0.56246302
vn -0.88288422 -0.36729537 -0.29259112
vn -0.25524603 -0.05362833 0.96538773
vn -0.84759531 -0.25020887 0.46795055
vn -0.83696654 -0.07903627 0.54151664
vn 0.02162628 -0.40218007 -0.91530514
vn -0.28396873 -0.06021764 0.95694075
vn 0.11629057 0.68805278 -0.71628198
vn 0.16939521 0.47326462 -0.86448011
vn -0.48920133 -0.41139112 0.76905097
vn 0.14849192 0.68024943 -0.71778190
vn -0.94840709 0.16446793 -0.27106141
vn -0.96694426 0.11977660 0.22510522
vn -0.32286460 -0.05099912 0.94507012
vn 0.09197534 0.64066831 -0.76228908
vn -0.28259659 -0.22586644 0.93226794
vn -0.44125801 0.83803136 0.32092803
vn -0.31781482 0.00736239 0.94812422
vn -0.03260774 -0.05294297 0.99806502
vn -0.10576845 -0.99383363 -0.03328285
vn 0.10845642 0.66106644 -0.74244755
vn -0.38491942 -0.91573822 -0.11515447
vn 0.14582708 -0.50093737 0.85310973
vn 0.19961032 0.15797061 -0.96705791
vn -0.29959858 -0.00654505 0.95404290
vn -0.19419916 -0.25547248 0.94711166
vn 0.97800773 0.19516045 0.07357495
vn 0.27013134 0.05813628 -0.96106671
vn -0.37492129 -0.02857948 0.92661601
vn -0.30716031 -0.06702358 0.94929468
vn 0.15877003 0.14921923 -0.97597423
vn -0.26380847 0.01027484 0.96452036
vn -0.79764809 -0.30656588 0.51939858
vn -0.28572532 -0.00446776 0.95830114
vn -0.38160408 -0.03135372 0.92379395
vn -0.15057184 -0.80297912 0.57667378
vn 0.15483943 0.05785963 -0.98624389
vn -0.36325853 -0.16652107 0.91668641
vn 0.11245282 0.67160841 -0.73232268
vn 0.15208215 -0.27000814 -0.95077160
vn -0.26248946 0.75419444 -0.60190533
vn 0.03797348 0.01147774 0.99921283
vn 0.05277049 0.84998223 -0.52416170
vn -0.49010471 -0.80700969 0.32944307
vn -0.30071366 -0.30991845 0.90195446
vn 0.75711365 -0.65324770 0.00680919
vn -0.30400361 -0.90959429 0.28323142
vn -0.35935000 -0.03389215 0.93258721
vn 0.07638460 -0.90815923 -0.41159713
vn -0.32558269 -0.72637112 0.60529407
vn 0.01469733 -0.41115343 0.91144767
vn -0.21288786 -0.63886723 0.73927493
vn 0.07957235 0.00276539 0.99682526
vn -0.28200820 0.01300408 0.95932386
vn 0.19441331 0.11696027 -0.97392184
vn -0.57479641 -0.72698044 -0.37564415
vn -0.25386389 -0.02657797 0.96687473
vn 0.09504376 0.07732896 -0.99246507
vn -0.49224681 -0.73115709 0.47233716
vn -0.14243670 -0.98916994 0.03542070
vn 0.26460034 0.01686312 -0.96421071
vn -0.32984592 -0.86976404 -0.36703158
vn -0.57420215 -0.73367817 0.36332938
vn 0.11162125 -0.89901250 -0.42345864
vn 0.28769132 0.04316954 -0.95674975
vn 0.03813258 0.06907601 -0.99688235
vn -0.07423087 -0.36313791 0.92877373
vn -0.08075562 -0.95515709 0.28487448
vn 0.15167891 0.11996195 -0.98112315
vn 0.89540741 -0.22228011 -0.38579415
vn -0.53494674 0.00143592 0.84488456
vn -0.25267234 -0.03447563 0.96693750
vn 0.63280289 -0.04320316 -0.77310672
vn 0.20243498 0.46055093 -0.86424124
vn 0.05759355 -0.99600765 -0.06820363
vn 0.22138901 -0.39897092 -0.88983656
vn 0.77931476 -0.41921384 0.46575558
vn 0.13020815 -0.96833976 -0.21298815
vn 0.27890188 0.03563668 -0.95965815
vn 0.23101667 0.04990853 -0.97166889
vn 0.32849257 -0.00498688 -0.94449339
vn -0.96424527 0.15510714 -0.21487863
vn 0.45463955 0.22976932 -0.86052829
vn -0.56424015 -0.74139058 0.36328096
vn 0.02254204 -0.99922610 -0.03223439
vn -0.42322598 -0.82134958 0.38244560
vn -0.58401856 0.56280229 -0.58495804
vn 0.20025463 -0.25361484 -0.94634962
vn -0.00000000 0.00000000 0.00000000
vn -0.00000000 0.00000000 0.00000000
vn 0.00000000 0.00000000 0.00000000
vn 0.80811075 -0.21201129 -0.54955275
vn -0.23128973 -0.95386732 -0.19142151
vn 0.63901274 -0.11658622 -0.76030939
vn 0.20969840 0.68631924 -0.69641401
vn -0.43474560 -0.48292203 0.76012011
vn -0.62901089 0.41696332 -0.65611500
vn -0.24753190 0.77061670 -0.58726302
vn 0.20889074 0.06930400 -0.97548020
vn 0.23803752 0.43143769 -0.87017220
vn 0.02370087 -0.99971818 -0.00135340
vn -0.03618705 -0.98761078 0.15269397
vn 0.07895980 0.93246227 -0.35253293
vn -0.36764357 0.89474899 -0.25350042
vn -0.55736212 0.34315532 -0.75603697
vn -0.85215780 0.47064404 -0.22873843
vn -0.34357366 0.89626947 -0.28046066
vn -0.91433868 0.34191873 -0.21697087
vn 0.38483036 0.16604829 -0.90792817
vn 0.16872681 0.37790676 -0.91033935
vn 0.18646487 0.25109845 -0.94983178
vn -0.40414034 -0.04002663 0.91382080
vn 0.22945373 0.05629143 -0.97169041
vn 0.18632947 0.94040825 -0.28445326
vn -0.39362715 -0.36496816 0.84371554
vn 0.17979127 -0.38416311 -0.90559031
vn 0.12758963 -0.11658185 -0.98495155
vn -0.09953984 -0.97707159 -0.18820981
vn -0.15844606 -0.35110310 0.92283339
vn -0.25446696 0.90993856 -0.32750324
vn 0.83332214 0.48487151 -0.26546909
vn 0.23160528 -0.08333708 -0.96923368
vn -0.13978011 0.77811916 -0.61236598
vn 0.10247878 -0.99253344 -0.06614737
vn -0.05356490 -0.97640965 -0.20917694
vn 0.24146851 -0.27975673 -0.92920887
vn -0.05986894 0.99820324 0.00244791
vn 0.02909296 -0.99679939 0.07446197
vn -0.11598615 -0.98196207 -0.14932418
vn -0.11182377 -0.98873231 -0.09951814
vn -0.00486603 -0.92871737 -0.37075649
vn 0.28873978 -0.67679770 -0.67718108
vn 0.21134592 -0.00076996 -0.97741102
vn -0.18200431 -0.98311254 0.01908329
vn -0.15711782 -0.94474851 -0.28768776
vn -0.42258226 -0.45372320 0.78457600
vn 0.08356487 0.99636179 -0.01673611
vn 0.07544875 -0.21497762 0.97370022
vn 0.07805541 -0.99628060 0.03650084
vn -0.50866378 0.69845413 -0.50341135
vn -0.17945159 -0.46538058 0.86672836
vn -0.11201143 0.98185839 -0.15299523
vn -0.26858199 -0.05790313 0.96151492
vn 0.40037769 0.79849501 -0.44955914
vn -0.25841719 -0.03726500 0.96531439
vn 0.37796305 -0.68901614 0.61838555
vn 0.19764890 -0.17512912 -0.96450231
vn 0.33032173 0.08179786 -0.94031732
vn 0.39912062 0.16561965 -0.90181642
vn 0.47604389 0.83167160 0.28584010
vn 0.27524717 0.74639944 -0.60590995
vn -0.60576456 -0.40489262 -0.68491698
vn 0.24684185 0.95266079 0.17750074
vn 0.01840671 0.99964296 0.01936874
vn -0.42937124 0.78762876 -0.44190640
vn -0.23797885 -0.82453833 0.51332506
vn 0.04389781 -0.97812162 -0.20334966
vn 0.52575556 -0.15547817 -0.83630594
vn -0.28148467 -0.29506986 0.91307183
vn -0.03782839 -0.57149683 0.81973190
vn -0.05280348 -0.98928346 -0.13612507
vn -0.02082781 -0.97326874 -0.22872290
vn 0.10200351 -0.84823649 -0.51970197
vn -0.91707607 -0.15884526 -0.36570434
vn -0.23537153 -0.84566677 0.47900726
vn 0.73822477 -0.03473823 0.67365974
vn -0.41862525 -0.90735650 0.03817178
vn 0.24849723 0.04996385 0.96734314
vn -0.32355010 -0.02727313 0.94581791
vn 0.34772805 0.31325447 0.88371763
vn 0.39767923 -0.91578183 0.05652321
vn 0.16822426 0.04713241 -0.98462132
vn 0.22832928 0.00770491 -0.97355348
vn 0.85038608 -0.29698607 0.43433027
vn -0.04788029 0.99201195 0.11670376
vn 0.87455314 -0.10940381 0.47242735
vn 0.28144708 0.33493894 0.89922380
vn -0.12299707 -0.97409994 0.18973937
vn -0.94803692 0.24577047 -0.20204671
vn 0.53163203 0.69424699 -0.48516854
vn 0.23312541 -0.05170287 -0.97107124
vn 0.16680404 -0.09422937 -0.98147707
vn -0.24680077 -0.95555122 0.16128001
vn 0.20838640 0.72932919 0.65165484
vn -0.51222353 0.85884989 0.00197822
vn 0.11141531 0.91521763 -0.38725097
vn -0.15125280 0.97350004 0.17152334
vn 0.11526510 0.70007443 -0.70470543
vn 0.27373579 0.90411959 -0.32808001
vn -0.06147254 -0.97303862 0.22229928
vn -0.42962122 -0.86437782 0.26129789
vn 0.71132083 -0.00368316 0.70285781
vn 0.12762918 0.02099480 -0.99159972
vn -0.83900546 0.54363890 -0.02294748
vn 0.22692570 0.07000580 -0.97139277
vn -0.21775762 -0.76662806 0.60403893
vn 0.23657228 0.91865286 -0.31640241
vn -0.69943080 0.71444995 -0.01891639
vn 0.79833661 0.01398872 0.60204898
vn -0.35274260 -0.03145634 0.93519151
vn -0.38312534 -0.02627493 0.92332259
vn -0.02804455 0.97929372 -0.20049267
vn 0.57276181 0.81514240 -0.08652614
vn -0.25252460 -0.76626237 0.59082426
vn -0.05449307 0.97979504 -0.19243747
vn 0.23548851 0.00300309 -0.97187249
vn 0.28237986 0.04467998 -0.95826161
vn 0.71191821 0.64929605 -0.26755765
vn -0.28043450 -0.47754907 0.83264841
vn 0.31074583 -0.05804455 0.94871906
vn 0.87270564 0.08805109 -0.48024147
vn -0.13268392 0.53655674 -0.83336777
vn 0.17258715 -0.00479853 -0.98498256
vn -0.04672702 -0.99211487 0.11629565
vn 0.47209019 0.66453751 0.57924153
vn 0.07214349 0.21866927 -0.97312849
vn 0.15269059 0.98601892 -0.06672530
vn 0.14513488 0.06106521 -0.98752565
vn 0.84938972 0.50261101 0.16099467
vn 0.19216152 -0.34345297 -0.91930083
vn 0.08558180 0.42529344 0.90100014
vn -0.26121624 -0.05901005 0.96347490
vn 0.26013270 0.04728574 -0.96441435
vn 0.56538902 0.79303819 -0.22677232
vn 0.27785166 0.04954140 -0.95934567
vn -0.11158503 0.74999999 -0.65195767
vn 0.27555518 -0.81081955 0.51637292
vn 0.11357757 0.05555957 -0.99197443
vn -0.31999067 -0.73058209 0.60320459
vn -0.22864747 -0.88955284 0.39549474
vn 0.17138689 0.04680860 -0.98409120
vn -0.25293471 -0.04265747 0.96654248
vn 0.08115557 0.99670127 -0.00058624
vn 0.20129983 0.01709314 -0.97938052
vn -0.18679616 0.87944724 0.43781245
vn -0.15603280 0.96711011 0.20087756
vn -0.08842475 0.92730822 -0.36370391
vn -0.24890565 -0.64590610 0.72170027
vn 0.46815576 0.88328329 0.02531438
vn 0.20233804 0.09019481 -0.97515343
vn -0.30300395 -0.20134181 0.93147737
vn 0.24133532 -0.05335035 -0.96897420
vn 0.25415232 0.96659351 -0.03322012
vn 0.25642629 0.05819556 -0.96481026
vn 0.13021545 0.09551174 -0.98687458
vn 0.54655209 0.72809996 0.41370431
vn -0.24392663 -0.04934874 0.96853730
vn 0.13329191 0.07201338 -0.98845705
vn -0.32214747 -0.16200730 0.93272431
vn 0.85357913 0.51871778 0.04831709
vn -0.39906780 -0.90576946 -0.14257130
vn -0.24333296 -0.05107642 0.96859706
vn 0.11067722 0.13624697 -0.98447312
vn 0.12102457 0.07026383 -0.99015961
vn -0.20635584 0.85176780 0.48156919
vn -0.09316851 0.87836861 0.46881576
vn 0.01282598 0.98350263 0.18043858
vn -0.26995626 -0.07767988 0.95973405
vn -0.25132081 -0.03863774 0.96713235
vn -0.28374883 0.58178983 0.76223828
vn -0.30354323 -0.05414108 0.95127822
vn -0.35870426 0.45472842 0.81520139
vn 0.45376035 0.07439600 -0.88801282
vn -0.48425663 -0.43092708 0.76144427
vn 0.23641829 0.96966980 0.06202311
vn 0.16799347 0.01196916 -0.98571544
vn -0.31905051 -0.10335117 0.94208562
vn -0.26991269 -0.03116220 0.96238041
vn -0.32822791 -0.34471784 0.87945213
vn -0.16418326 -0.83345404 0.52763455
vn -0.07974314 0.98747781 -0.13611984
vn 0.49145029 0.85235698 0.17878535
vn -0.19345101 -0.84009086 -0.50677811
vn -0.01714082 -0.96673259 0.25521422
vn 0.30951260 -0.30754409 0.89978808
vn -0.32090328 0.87603580 -0.35997551
vn -0.03956063 0.48658551 -0.87273679
vn -0.36288520 0.06377513 0.92964889
vn -0.18140030 -0.07404093 0.98061811
vn -0.13111817 0.99118142 -0.01916832
vn 0.23830518 0.05032834 -0.96988540
vn 0.44564962 -0.22463473 -0.86656543
vn -0.04742848 -0.99634819 -0.07099878
vn 0.57519879 0.68044848 0.45402227
vn -0.04538073 0.98355524 -0.17481328
vn 0.37740689 0.06231796 -0.92394833
vn -0.44520404 -0.81128390 -0.37896147
vn 0.62410073 0.06618770 -0.77853547
vn -0.51336466 0.77549889 0.36750265
vn -0.30029710 0.95279378 0.04478469
vn -0.12514931 -0.02730790 0.99176203
vn 0.60883700 -0.73000599 0.31049761
vn -0.34760441 0.93209727 0.10181278
vn 0.25234164 0.06733077 -0.96529284
vn -0.66495002 0.64119412 0.38302947
vn -0.46674647 0.80920939 0.35683035
vn -0.36620670 0.18140381 0.91268029
vn 0.83188574 -0.50159206 0.23742687
vn -0.11279402 0.68270805 -0.72193298
vn -0.39194097 0.90452734 -0.16796595
vn -0.34422794 -0.03466159 0.93824608
vn -0.86298218 0.47207935 0.18000790
vn -0.12308761 0.77622702 0.61832116
vn 0.90327103 -0.36266161 -0.22929892
vn -0.35305554 0.87899580 -0.32049676
vn -0.35420514 -0.04975087 0.93384344
vn -0.27410388 0.96119280 0.03123228
vn -0.25872977 0.62886694 0.73320207
vn -0.28080582 0.87485798 -0.39467912
vn 0.62391262 0.26677106 0.73455173
vn -0.49630700 0.50454692 0.70647843
vn -0.39221335 -0.07342653 0.91693905
vn 0.36022499 0.61403321 0.70228283
vn -0.13731655 0.88163591 0.45151112
vn -0.20004074 0.97688715 0.07533387
vn 0.98778413 0.01511197 0.15509399
vn 0.22957044 -0.65531814 -0.71962181
vn 0.55979798 -0.37702373 -0.73788843
vn 0.14350219 -0.49007566 -0.85978658
vn -0.17686754 0.86720253 0.46548645
vn -0.44264749 0.78411857 0.43499572
vn 0.42705693 0.63033090 0.64830959
vn 0.12727287 -0.48651671 -0.86435127
vn 0.08567824 0.99360266 0.07357303
vn 0.48546104 0.69855180 0.52569285
vn -0.25405437 0.87373227 -0.41478704
vn 0.70111829 0.11120185 0.70432044
vn -0.32046582 -0.02686253 0.94687912
vn -0.30915539 0.28251793 0.90807850
vn -0.42525404 0.63838986 0.64157415
vn 0.17269638 0.37076533 0.91252892
vn 0.48901268 0.43095787 0.75838112
vn -0.59581053 -0.76585016 -0.24183329
vn 0.13761621 -0.03486824 -0.98987170
vn -0.25257361 0.96392187 0.08403099
vn -0.40652547 0.39467601 0.82399508
vn -0.59547257 0.32823548 0.73326250
vn -0.47818663 0.85037625 0.21953991
vn 0.00845181 0.82570214 0.56404304
vn -0.33893558 0.91598332 0.21470266
vn 0.13982756 0.03750327 0.98946539
vn -0.22439824 -0.69521291 0.68287952
vn 0.27529042 0.04469057 -0.96032179
vn 0.93860291 0.34269619 -0.03979812
vn -0.38291002 0.46875731 0.79601916
vn -0.62143048 -0.78097164 -0.06250964
vn -0.59523965 0.49439633 0.63345246
vn 0.42138772 0.20138589 -0.88423759
vn -0.12054710 0.99100878 0.05805163
vn -0.17529781 -0.90504239 0.38751638
vn -0.37858815 0.81474507 0.43915998
vn -0.64662808 0.12435066 -0.75260151
vn 0.26779897 0.04624676 -0.96236425
vn 0.60319174 0.44057670 0.66486983
vn 0.31917773 0.41693720 -0.85105167
vn 0.28313744 0.04565858 -0.95799190
vn -0.35071866 0.82409239 0.44482373
vn 0.47610940 0.33144142 -0.81453449
vn 0.70601304 0.46157310 -0.53711811
vn -0.37773372 0.36167047 0.85235656
vn -0.08981504 -0.84772246 0.52278093
vn -0.18508154 0.95854029 0.21666873
vn 0.14892761 0.59857747 -0.78709947
vn -0.96268621 0.07637639 -0.25961876
vn 0.26539056 0.05427970 -0.96261185
vn 0.87736636 0.41548994 0.23999247
vn -0.97400115 0.12794735 -0.18695250
vn 0.22028110 -0.29106406 -0.93099836
vn -0.08707818 0.60871436 0.78859636
vn 0.62665489 -0.44189348 0.64189859
vn 0.71416273 0.53536120 -0.45095452
vn -0.37222295 0.92190554 0.10742557
vn 0.24814073 0.03287167 -0.96816612
vn -0.25606646 0.37182608 0.89228658
vn 0.08959919 -0.96999120 -0.22602888
vn -0.39614224 0.63303434 0.66508560
vn -0.31762961 0.15083542 0.93614107
vn -0.30622489 0.94475844 -0.11686665
vn 0.33012044 0.92155434 0.20434795
vn -0.43647813 0.85103360 0.29193946
vn -0.67127445 -0.71323492 0.20170910
vn 0.20770140 0.07297681 -0.97546631
vn -0.97973287 -0.19223640 -0.05629086
vn -0.38584699 0.84801152 0.36331606
vn -0.34435734 0.78977090 0.50762185
vn 0.16095851 -0.15646237 -0.97448032
vn -0.98596811 0.16302173 -0.03592772
vn -0.34622438 0.30123886 0.88847275
vn -0.29347136 -0.05361470 0.95446321
vn -0.16071902 0.93103268 -0.32763936
vn -0.42448322 0.31274756 0.84970757
vn -0.99639860 0.07851466 0.03201992
vn 0.90412181 0.02344328 0.42663117
vn 0.14591224 0.43501152 -0.88852383
vn 0.14463086 -0.14011071 -0.97951565
vn 0.00134938 0.50100189 -0.86544514
vn 0.60350058 -0.07645217 0.79368893
vn 0.17102492 0.15968753 -0.97223987
vn -0.75373984 -0.63576549 0.16636856
vn 0.98234233 -0.08212237 0.16810550
vn -0.30321501 -0.59977015 0.74049742
vn 0.19438069 0.16874955 -0.96630209
vn 0.17847872 0.05835285 -0.98221194
vn -0.29896324 0.77437978 0.55763513
vn 0.52773710 -0.00379725 0.84939928
vn -0.26767001 0.80324519 0.53211835
vn -0.30345136 -0.05690674 0.95114610
vn -0.32452925 0.21106325 0.92202661
vn 0.23206263 0.10723129 -0.96677215
vn -0.36500667 -0.89454254 0.25799957
vn 0.19987902 0.17991667 -0.96316061
vn -0.34219943 -0.00811499 0.93959230
vn 0.24293734 0.00211206 -0.97003968
vn -0.98327683 0.00548133 -0.18203471
vn 0.15619711 0.42788282 -0.89023523
vn -0.07795580 -0.99466544 0.06755405
vn -0.97938667 0.05688886 -0.19381797
vn 0.25840363 0.95397591 0.15217598
vn 0.75983021 -0.62968507 -0.16172433
vn 0.58047440 -0.78520050 -0.21566097
vn 0.61802118 0.04654674 0.78478228
vn 0.09121196 0.98696084 0.13262232
vn 0.09688521 0.06131938 -0.99340485
vn -0.37974870 0.92293640 -0.06308194
vn 0.16330082 0.27637961 -0.94707294
vn -0.32319857 0.92323779 -0.20778516
vn -0.33092974 0.02452043 0.94333677
vn -0.24942729 0.89800083 -0.36246453
vn 0.09369371 -0.21252599 0.97265317
vn 0.01053993 -0.99966895 -0.02347133
vn -0.04651394 -0.99888900 -0.00756450
vn 0.49630180 0.31487813 -0.80903417
vn -0.25932127 -0.07316100 0.96301607
vn 0.25222806 0.09901537 -0.96258868
vn -0.15045664 -0.46032545 -0.87490758
vn -0.15720450 0.97324920 0.16754923
vn -0.23778390 -0.04435197 0.97030496
vn 0.23234024 0.93181132 0.27882910
vn 0.16896588 0.28029191 -0.94492697
vn 0.14522268 -0.36031745 -0.92145630
vn 0.15891117 0.15471706 -0.97509480
vn -0.24864026 0.96822490 -0.02680603
vn -0.01300595 -0.98474757 0.17350234
vn -0.04146407 0.66350395 -0.74702292
vn 0.27617408 0.05645328 -0.95944823
vn -0.00702840 -0.99113383 0.13268129
vn 0.13533328 -0.03188020 0.99028711
vn -0.44095531 0.89667816 0.03907289
vn 0.23046347 -0.37985273 -0.89587861
vn 0.88851285 0.25874857 0.37893810
vn -0.38260883 0.91546630 -0.12462719
vn 0.45274545 0.84998149 0.26935669
vn 0.05746889 -0.98463131 0.16491973
vn -0.27873323 -0.03320375 0.95979440
vn 0.05224147 0.94606181 -0.31974660
vn 0.15683912 0.29410804 -0.94281597
vn 0.19373959 0.77576616 -0.60054295
vn 0.03398550 -0.60612449 -0.79464337
vn 0.02742778 0.95233440 0.30382051
vn 0.05259187 -0.72797721 -0.68358122
vn 0.43274757 0.09565659 -0.89642588
vn -0.40537943 0.91172924 -0.06646283
vn 0.80504496 0.30522525 0.50866508
vn -0.39908413 0.90688540 -0.13524323
vn -0.31057066 -0.02635459 0.95018488
vn -0.24043399 0.35048558 0.90518029
vn -0.05347793 0.82844199 0.55751591
vn -0.23373002 0.96910373 -0.07879240
vn 0.24599829 0.04228627 -0.96834741
vn -0.33209443 -0.11792963 0.93584502
vn 0.46621861 -0.21601404 0.85789168
vn 0.21707878 0.85728440 0.46684073
vn 0.62920173 0.67810229 0.37984532
vn 0.93129836 0.09388751 -0.35194958
vn 0.17061734 0.05721501 -0.98367483
vn -0.32248907 0.92022667 0.22177394
vn 0.00143855 0.03391196 -0.99942379
vn -0.15362143 -0.44573952 -0.88188249
vn 0.00769530 0.30593540 -0.95202117
vn -0.62189312 0.05088299 -0.78144729
vn -0.37789666 0.84563321 0.37695967
vn 0.24160757 0.02868618 -0.96994994
vn -0.39470821 0.81947198 0.41553714
vn -0.48895201 0.37052773 0.78970573
vn -0.95524643 0.08783464 -0.28247005
vn -0.21879043 -0.68786698 -0.69207642
vn 0.14116983 0.05189763 -0.98862415
vn -0.38651522 0.84475934 0.37011841
vn 0.09352430 -0.48366850 -0.87024019
vn 0.34452498 0.00895278 -0.93873446
vn -0.12982946 0.59685019 0.79177911
vn -0.52004881 0.52397702 0.67453489
vn -0.49496733 0.65573115 0.57010876
vn 0.11357009 0.05029974 -0.99225590
vn 0.76605713 -0.18991399 -0.61407585
vn 0.24656331 0.11689394 -0.96205111
vn -0.96903441 -0.04736711 -0.24234000
vn -0.98924936 -0.13020861 -0.06656884
vn 0.37957669 -0.19348161 -0.90470239
vn 0.99557192 -0.08942304 0.02898408
vn 0.97985286 0.13569977 0.14653993
vn -0.00685508 0.53106852 0.84730115
vn 0.06125036 0.20278410 0.97730599
vn 0.18498595 -0.02700102 -0.98237017
vn -0.38168070 0.67303626 0.63351562
vn -0.37173267 0.11469434 0.92122746
vn -0.39850319 0.19861645 0.89540310
vn -0.40700505 0.86091644 0.30523723
vn -0.52053116 0.62287401 0.58401651
vn -0.34511171 0.93358824 0.09649304
vn -0.34479521 0.85061001 0.39696205
vn 0.17024353 0.18039367 -0.96874933
vn 0.07194171 -0.27928931 -0.95750816
vn -0.48922897 0.66536551 0.56386502
vn 0.34258012 -0.22676414 -0.91171097
vn 0.36451864 -0.76297125 -0.53385487
vn 0.16272858 -0.05144089 -0.98532900
vn 0.91047801 -0.04686128 -0.41089393
vn 0.26873231 -0.88869912 -0.37147923
vn -0.27818449 -0.05175760 0.95913218
vn -0.92340286 0.37379484 0.08720420
vn 0.17075254 0.20121144 -0.96455043
vn -0.32057747 0.36192447 0.87535180
vn 0.98539306 -0.01523798 -0.16961228
vn 0.84017307 0.53734823 -0.07325358
vn -0.35347226 -0.79865168 -0.48704503
vn 0.01122287 -0.79622838 -0.60489206
vn 0.48656863 -0.86980353 -0.08180952
vn -0.01381596 -0.77008801 -0.63778803
vn 0.98670982 0.12227972 0.10701120
vn 0.78900340 0.47786780 0.38615542
vn 0.06352653 0.33089544 -0.94152673
vn 0.14853045 -0.84350797 -0.51617149
vn 0.94686518 -0.29435103 -0.12962948
vn 0.98059612 -0.12620901 -0.15000845
vn -0.27810964 0.59670461 0.75272747
vn 0.29381785 -0.94399022 -0.15017836
vn -0.32284452 -0.05057624 0.94509971
vn 0.16125025 -0.31391961 -0.93565637
vn 0.21234556 -0.97175863 -0.10292973
vn -0.33313441 0.24438420 0.91065791
vn 0.25772750 0.06662433 -0.96391791
vn 0.84213820 0.09224904 0.53131287
vn 0.84044794 -0.05959386 -0.53860546
vn 0.28077000 0.04712669 -0.95861738
vn 0.12803336 -0.82237919 -0.55434640
vn -0.05068589 -0.48887592 -0.87087960
vn -0.04452684 -0.94349872 -0.32837102
vn -0.17749483 -0.47653760 -0.86105023
vn -0.03916344 0.15933807 -0.98644696
vn 0.25092323 0.01616897 -0.96787194
vn -0.11977218 -0.34293019 -0.93169389
vn 0.11341899 -0.10795617 -0.98766472
vn 0.51734446 0.46010730 -0.72156495
vn -0.38667226 -0.63549586 -0.66830351
vn 0.04244367 -0.20958576 -0.97686864
vn 0.30971234 0.43315254 -0.84643791
vn 0.22149315 -0.14946649 -0.96363922
vn 0.25376249 0.02258519 -0.96700285
vn 0.20288863 -0.20849077 -0.95674856
vn 0.10342137 0.19470444 -0.97539438
vn 0.21774982 -0.32744267 -0.91943804
vn 0.25351759 0.07065577 -0.96474691
vn 0.25393741 0.07035630 -0.96465838
vn 0.18281242 0.06148895 -0.98122308
vn 0.14449059 0.04940927 -0.98827182
f 114//114 453//453 4//4
f 10//10 1//1 2//2
f 232//232 849//849 6//6
f 353//353 109//109 209//209
f 132//132 682//682 17//17
f 209//209 121//121 15//15
f 36//36 852//852 644//644
f 71//71 17//17 711//711
f 482//482 567//567 76//76
f 11//11 7//7 448//448
f 10//10 12//12 176//176
f 12//12 592//592 176//176
f 38//38 480//480 314//314
f 128//128 431//431 361//361
f 28//28 118//118 7//7
f 480//480 65//65 822//822
f 66//66 239//239 617//617
f 482//482 76//76 14//14
f 132//132 17//17 22//22
f 9//9 357//357 5//5
f 26//26 588//588 363//363
f 46//46 36//36 644//644
f 134//134 462//462 137//137
f 21//21 17//17 71//71
f 339//339 19//19 23//23
f 13//13 841//841 101//101
f 416//416 351//351 345//345
f 17//17 21//21 22//22
f 23//23 19//19 368//368
f 27//27 417//417 433//433
f 27//27 433//433 427//427
f 16//16 43//43 419//419
f 464//464 417//417 27//27
f 129//129 7//7 11//11
f 45//45 216//216 3//3
f 25//25 2//2 510//510
f 97//97 3//3 82//82
f 28//28 7//7 129//129
f 21//21 74//74 734//734
f 21//21 734//734 22//22
f 24//24 27//27 427//427
f 730//730 23//23 130//130
f 387//387 26//26 363//363
f 25//25 153//153 10//10
f 671//671 730//730 130//130
f 29//29 18//18 323//323
f 351//351 39//39 702//702
f 31//31 559//559 77//77
f 416//416 345//345 397//397
f 432//432 288//288 426//426
f 418//418 147//147 34//34
f 65//65 480//480 38//38
f 33//33 31//31 32//32
f 206//206 172//172 33//33
f 38//38 314//314 52//52
f 559//559 33//33 172//172
f 365//365 55//55 70//70
f 357//357 29//29 634//634
f 387//387 363//363 20//20
f 157//157 117//117 49//49
f 52//52 65//65 38//38
f 675//675 41//41 44//44
f 565//565 42//42 88//88
f 48//48 101//101 841//841
f 53//53 39//39 416//416
f 45//45 3//3 97//97
f 43//43 861//861 96//96
f 70//70 61//61 365//365
f 82//82 80//80 97//97
f 35//35 88//88 42//42
f 464//464 8//8 389//389
f 53//53 47//47 39//39
f 50//50 61//61 70//70
f 153//153 640//640 51//51
f 417//417 464//464 389//389
f 125//125 48//48 58//58
f 55//55 365//365 676//676
f 55//55 676//676 24//24
f 662//662 515//515 651//651
f 427//427 55//55 24//24
f 651//651 232//232 83//83
f 59//59 56//56 60//60
f 416//416 131//131 53//53
f 59//59 172//172 56//56
f 55//55 427//427 434//434
f 63//63 114//114 280//280
f 638//638 822//822 65//65
f 63//63 448//448 114//114
f 4//4 453//453 465//465
f 105//105 50//50 483//483
f 434//434 70//70 55//55
f 53//53 131//131 444//444
f 96//96 861//861 863//863
f 52//52 314//314 372//372
f 131//131 126//126 143//143
f 131//131 143//143 444//444
f 485//485 40//40 261//261
f 64//64 284//284 62//62
f 107//107 105//105 483//483
f 98//98 629//629 284//284
f 52//52 638//638 65//65
f 471//471 113//113 66//66
f 414//414 770//770 276//276
f 71//71 348//348 73//73
f 136//136 51//51 632//632
f 69//69 539//539 99//99
f 261//261 239//239 113//113
f 483//483 70//70 68//68
f 542//542 69//69 295//295
f 50//50 70//70 483//483
f 638//638 52//52 86//86
f 71//71 148//148 74//74
f 218//218 40//40 451//451
f 239//239 66//66 113//113
f 289//289 72//72 565//565
f 148//148 71//71 73//73
f 72//72 289//289 287//287
f 45//45 442//442 270//270
f 797//797 76//76 795//795
f 37//37 28//28 84//84
f 339//339 568//568 317//317
f 621//621 153//153 79//79
f 78//78 353//353 339//339
f 84//84 85//85 37//37
f 106//106 67//67 174//174
f 674//674 278//278 276//276
f 278//278 674//674 507//507
f 590//590 749//749 685//685
f 497//497 717//717 505//505
f 90//90 483//483 514//514
f 87//87 749//749 590//590
f 90//90 107//107 483//483
f 565//565 88//88 289//289
f 79//79 153//153 563//563
f 125//125 101//101 48//48
f 147//147 117//117 34//34
f 117//117 157//157 34//34
f 86//86 41//41 638//638
f 643//643 93//93 88//88
f 533//533 559//559 91//91
f 88//88 93//93 289//289
f 45//45 97//97 442//442
f 138//138 204//204 129//129
f 103//103 289//289 93//93
f 147//147 114//114 4//4
f 91//91 59//59 94//94
f 284//284 94//94 59//59
f 84//84 28//28 129//129
f 725//725 752//752 243//243
f 284//284 629//629 94//94
f 280//280 114//114 147//147
f 156//156 95//95 725//725
f 156//156 725//725 266//266
f 94//94 629//629 470//470
f 220//220 639//639 87//87
f 587//587 14//14 797//797
f 289//289 103//103 92//92
f 90//90 459//459 240//240
f 459//459 90//90 514//514
f 470//470 185//185 766//766
f 93//93 108//108 103//103
f 99//99 539//539 575//575
f 95//95 156//156 249//249
f 41//41 86//86 110//110
f 108//108 93//93 100//100
f 114//114 448//448 118//118
f 93//93 643//643 100//100
f 266//266 725//725 243//243
f 542//542 295//295 98//98
f 453//453 114//114 37//37
f 105//105 107//107 820//820
f 3//3 106//106 89//89
f 365//365 50//50 379//379
f 209//209 109//109 754//754
f 104//104 3//3 89//89
f 67//67 106//106 192//192
f 168//168 103//103 115//115
f 103//103 108//108 115//115
f 50//50 105//105 820//820
f 451//451 40//40 485//485
f 482//482 14//14 374//374
f 100//100 115//115 108//108
f 727//727 249//249 161//161
f 161//161 249//249 269//269
f 44//44 41//41 632//632
f 47//47 115//115 100//100
f 695//695 112//112 116//116
f 118//118 448//448 7//7
f 61//61 50//50 365//365
f 632//632 41//41 136//136
f 47//47 702//702 39//39
f 226//226 695//695 116//116
f 4//4 465//465 117//117
f 168//168 47//47 142//142
f 285//285 272//272 550//550
f 292//292 285//285 550//550
f 11//11 448//448 120//120
f 106//106 3//3 216//216
f 275//275 318//318 135//135
f 592//592 136//136 110//110
f 135//135 631//631 275//275
f 119//119 464//464 27//27
f 104//104 307//307 588//588
f 416//416 397//397 131//131
f 124//124 202//202 122//122
f 226//226 716//716 695//695
f 131//131 397//397 126//126
f 84//84 163//163 85//85
f 130//130 121//121 671//671
f 133//133 836//836 149//149
f 41//41 110//110 136//136
f 138//138 11//11 120//120
f 129//129 178//178 163//163
f 522//522 485//485 261//261
f 516//516 522//522 261//261
f 104//104 588//588 3//3
f 129//129 204//204 178//178
f 151//151 150//150 141//141
f 127//127 524//524 864//864
f 22//22 126//126 132//132
f 138//138 129//129 11//11
f 113//113 516//516 261//261
f 47//47 53//53 142//142
f 237//237 780//780 140//140
f 12//12 136//136 592//592
f 204//204 138//138 192//192
f 204//204 192//192 186//186
f 267//267 241//241 290//290
f 272//272 327//327 550//550
f 141//141 617//617 151//151
f 221//221 85//85 163//163
f 84//84 129//129 163//163
f 136//136 12//12 51//51
f 126//126 734//734 143//143
f 734//734 126//126 22//22
f 420//420 442//442 439//439
f 30//30 698//698 748//748
f 12//12 10//10 51//51
f 617//617 141//141 150//150
f 144//144 286//286 358//358
f 150//150 802//802 617//617
f 147//147 418//418 280//280
f 127//127 288//288 863//863
f 280//280 418//418 273//273
f 158//158 73//73 81//81
f 420//420 439//439 327//327
f 531//531 81//81 128//128
f 178//178 204//204 225//225
f 158//158 81//81 77//77
f 531//531 77//77 81//81
f 184//184 228//228 151//151
f 144//144 146//146 637//637
f 140//140 159//159 370//370
f 148//148 73//73 158//158
f 449//449 370//370 159//159
f 531//531 479//479 466//466
f 228//228 218//218 233//233
f 168//168 807//807 103//103
f 517//517 862//862 513//513
f 729//729 161//161 173//173
f 457//457 466//466 479//479
f 151//151 122//122 150//150
f 372//372 562//562 86//86
f 151//151 228//228 124//124
f 151//151 124//124 122//122
f 32//32 457//457 497//497
f 159//159 140//140 780//780
f 74//74 148//148 523//523
f 491//491 731//731 747//747
f 550//550 155//155 562//562
f 479//479 497//497 457//457
f 617//617 239//239 151//151
f 77//77 559//559 158//158
f 685//685 79//79 563//563
f 303//303 684//684 157//157
f 31//31 457//457 32//32
f 174//174 63//63 280//280
f 179//179 590//590 685//685
f 184//184 151//151 40//40
f 523//523 158//158 559//559
f 421//421 160//160 745//745
f 162//162 517//517 813//813
f 523//523 559//559 533//533
f 646//646 146//146 661//661
f 173//173 161//161 673//673
f 125//125 222//222 101//101
f 277//277 465//465 145//145
f 553//553 523//523 533//533
f 165//165 757//757 160//160
f 530//530 321//321 492//492
f 120//120 63//63 67//67
f 167//167 666//666 757//757
f 421//421 679//679 263//263
f 67//67 63//63 174//174
f 198//198 421//421 263//263
f 843//843 757//757 666//666
f 465//465 85//85 221//221
f 563//563 179//179 685//685
f 91//91 560//560 533//533
f 465//465 221//221 152//152
f 169//169 164//164 177//177
f 31//31 33//33 559//559
f 465//465 152//152 212//212
f 186//186 192//192 208//208
f 165//165 160//160 421//421
f 399//399 175//175 342//342
f 164//164 175//175 399//399
f 166//166 9//9 6//6
f 821//821 308//308 690//690
f 87//87 590//590 201//201
f 821//821 690//690 709//709
f 709//709 690//690 689//689
f 576//576 1//1 155//155
f 399//399 177//177 164//164
f 155//155 1//1 176//176
f 1//1 576//576 447//447
f 106//106 298//298 89//89
f 177//177 399//399 578//578
f 592//592 155//155 176//176
f 174//174 298//298 106//106
f 167//167 196//196 666//666
f 2//2 1//1 447//447
f 145//145 465//465 212//212
f 182//182 104//104 89//89
f 6//6 9//9 5//5
f 690//690 331//331 319//319
f 145//145 203//203 799//799
f 263//263 195//195 198//198
f 252//252 180//180 659//659
f 18//18 787//787 16//16
f 181//181 757//757 165//165
f 582//582 683//683 699//699
f 659//659 159//159 252//252
f 104//104 182//182 307//307
f 510//510 337//337 530//530
f 510//510 2//2 337//337
f 185//185 349//349 189//189
f 595//595 582//582 703//703
f 699//699 703//703 582//582
f 201//201 220//220 87//87
f 10//10 2//2 25//25
f 703//703 710//710 595//595
f 184//184 218//218 228//228
f 181//181 167//167 757//757
f 197//197 315//315 189//189
f 307//307 191//191 190//190
f 203//203 145//145 212//212
f 152//152 221//221 212//212
f 153//153 51//51 10//10
f 32//32 206//206 33//33
f 497//497 206//206 32//32
f 181//181 165//165 198//198
f 194//194 196//196 167//167
f 233//233 190//190 191//191
f 612//612 179//179 563//563
f 542//542 187//187 571//571
f 167//167 181//181 198//198
f 703//703 193//193 833//833
f 163//163 178//178 215//215
f 697//697 600//600 610//610
f 252//252 398//398 251//251
f 282//282 241//241 267//267
f 167//167 198//198 217//217
f 183//183 255//255 244//244
f 124//124 191//191 202//202
f 215//215 178//178 225//225
f 64//64 187//187 542//542
f 191//191 307//307 202//202
f 542//542 98//98 64//64
f 307//307 190//190 588//588
f 239//239 40//40 151//151
f 206//206 497//497 505//505
f 16//16 75//75 43//43
f 42//42 484//484 35//35
f 201//201 590//590 785//785
f 225//225 204//204 186//186
f 116//116 112//112 213//213
f 223//223 666//666 257//257
f 424//424 207//207 833//833
f 226//226 214//214 309//309
f 112//112 691//691 213//213
f 167//167 217//217 194//194
f 218//218 521//521 233//233
f 207//207 210//210 710//710
f 395//395 482//482 374//374
f 575//575 211//211 99//99
f 102//102 639//639 243//243
f 484//484 643//643 35//35
f 122//122 188//188 150//150
f 218//218 184//184 40//40
f 150//150 188//188 802//802
f 196//196 194//194 217//217
f 209//209 222//222 121//121
f 222//222 593//593 121//121
f 232//232 651//651 515//515
f 251//251 398//398 388//388
f 588//588 574//574 363//363
f 223//223 257//257 224//224
f 733//733 219//219 218//218
f 224//224 236//236 223//223
f 239//239 261//261 40//40
f 230//230 333//333 343//343
f 206//206 505//505 56//56
f 666//666 196//196 257//257
f 56//56 172//172 206//206
f 798//798 234//234 227//227
f 845//845 374//374 14//14
f 724//724 867//867 231//231
f 820//820 107//107 240//240
f 226//226 116//116 214//214
f 207//207 247//247 210//210
f 60//60 56//56 244//244
f 208//208 192//192 106//106
f 674//674 223//223 507//507
f 260//260 196//196 217//217
f 555//555 519//519 235//235
f 334//334 227//227 234//234
f 230//230 343//343 722//722
f 496//496 236//236 253//253
f 208//208 106//106 216//216
f 208//208 216//216 270//270
f 311//311 212//212 221//221
f 123//123 568//568 339//339
f 662//662 643//643 515//515
f 156//156 266//266 249//249
f 216//216 45//45 270//270
f 264//264 815//815 238//238
f 224//224 241//241 246//246
f 257//257 196//196 260//260
f 247//247 712//712 210//210
f 221//221 163//163 215//215
f 238//238 262//262 264//264
f 285//285 292//292 274//274
f 123//123 771//771 613//613
f 203//203 234//234 799//799
f 227//227 285//285 274//274
f 123//123 23//23 30//30
f 250//250 797//797 242//242
f 123//123 30//30 771//771
f 250//250 242//242 248//248
f 245//245 60//60 244//244
f 246//246 253//253 236//236
f 799//799 234//234 798//798
f 324//324 215//215 225//225
f 186//186 324//324 225//225
f 23//23 730//730 30//30
f 260//260 224//224 257//257
f 780//780 398//398 252//252
f 269//269 673//673 161//161
f 593//593 222//222 125//125
f 250//250 248//248 762//762
f 324//324 186//186 208//208
f 681//681 249//249 266//266
f 771//771 748//748 708//708
f 274//274 306//306 297//297
f 269//269 249//249 681//681
f 60//60 245//245 284//284
f 593//593 125//125 599//599
f 260//260 217//217 241//241
f 302//302 66//66 328//328
f 263//263 679//679 811//811
f 290//290 195//195 591//591
f 96//96 432//432 43//43
f 334//334 272//272 227//227
f 656//656 180//180 251//251
f 266//266 243//243 264//264
f 255//255 491//491 62//62
f 798//798 227//227 274//274
f 282//282 267//267 608//608
f 769//769 282//282 608//608
f 265//265 279//279 238//238
f 268//268 418//418 34//34
f 59//59 60//60 284//284
f 406//406 268//268 34//34
f 274//274 292//292 306//306
f 83//83 232//232 294//294
f 273//273 418//418 268//268
f 246//246 112//112 253//253
f 305//305 234//234 203//203
f 245//245 62//62 284//284
f 766//766 271//271 755//755
f 173//173 673//673 811//811
f 346//346 272//272 334//334
f 679//679 173//173 811//811
f 350//350 403//403 259//259
f 62//62 245//245 255//255
f 96//96 863//863 432//432
f 781//781 157//157 684//684
f 265//265 335//335 279//279
f 496//496 253//253 695//695
f 318//318 275//275 673//673
f 285//285 227//227 272//272
f 288//288 432//432 863//863
f 781//781 684//684 786//786
f 133//133 229//229 836//836
f 279//279 262//262 238//238
f 82//82 588//588 26//26
f 335//335 355//355 279//279
f 303//303 157//157 277//277
f 277//277 157//157 49//49
f 262//262 291//291 681//681
f 260//260 241//241 224//224
f 279//279 355//355 291//291
f 347//347 259//259 293//293
f 278//278 301//301 535//535
f 721//721 240//240 256//256
f 283//283 133//133 149//149
f 174//174 280//280 298//298
f 280//280 281//281 298//298
f 691//691 241//241 769//769
f 305//305 212//212 311//311
f 334//334 234//234 305//305
f 355//355 446//446 358//358
f 328//328 347//347 302//302
f 270//270 324//324 208//208
f 203//203 212//212 305//305
f 262//262 279//279 291//291
f 532//532 278//278 535//535
f 254//254 274//274 297//297
f 254//254 297//297 313//313
f 289//289 92//92 287//287
f 215//215 311//311 221//221
f 286//286 144//144 135//135
f 302//302 347//347 293//293
f 224//224 246//246 236//236
f 535//535 301//301 325//325
f 284//284 64//64 98//98
f 452//452 664//664 456//456
f 631//631 135//135 144//144
f 241//241 282//282 769//769
f 251//251 664//664 656//656
f 691//691 769//769 213//213
f 811//811 594//594 263//263
f 235//235 532//532 535//535
f 294//294 258//258 345//345
f 292//292 550//550 306//306
f 548//548 358//358 446//446
f 358//358 296//296 146//146
f 117//117 277//277 49//49
f 519//519 532//532 235//235
f 352//352 324//324 270//270
f 277//277 117//117 465//465
f 135//135 291//291 355//355
f 182//182 89//89 298//298
f 263//263 594//594 195//195
f 355//355 286//286 135//135
f 301//301 278//278 507//507
f 272//272 420//420 327//327
f 235//235 535//535 356//356
f 594//594 591//591 195//195
f 182//182 298//298 583//583
f 568//568 69//69 317//317
f 489//489 316//316 411//411
f 299//299 111//111 300//300
f 304//304 299//299 300//300
f 341//341 288//288 127//127
f 369//369 350//350 321//321
f 403//403 350//350 369//369
f 302//302 469//469 66//66
f 858//858 450//450 855//855
f 541//541 356//356 310//310
f 303//303 277//277 145//145
f 799//799 684//684 303//303
f 358//358 146//146 144//144
f 308//308 304//304 300//300
f 372//372 306//306 562//562
f 435//435 430//430 431//431
f 300//300 271//271 315//315
f 307//307 182//182 202//202
f 300//300 315//315 308//308
f 716//716 309//309 301//301
f 52//52 372//372 86//86
f 235//235 356//356 541//541
f 351//351 294//294 345//345
f 314//314 313//313 297//297
f 562//562 306//306 550//550
f 146//146 296//296 373//373
f 344//344 316//316 489//489
f 309//309 716//716 226//226
f 317//317 78//78 339//339
f 99//99 78//78 317//317
f 304//304 373//373 299//299
f 660//660 672//672 551//551
f 439//439 469//469 302//302
f 351//351 83//83 294//294
f 305//305 346//346 334//334
f 305//305 311//311 346//346
f 325//325 301//301 322//322
f 309//309 322//322 301//301
f 439//439 302//302 576//576
f 304//304 821//821 170//170
f 378//378 576//576 302//302
f 354//354 205//205 320//320
f 353//353 78//78 109//109
f 821//821 304//304 308//308
f 71//71 711//711 435//435
f 520//520 551//551 672//672
f 426//426 462//462 134//134
f 228//228 191//191 124//124
f 375//375 541//541 310//310
f 191//191 228//228 233//233
f 808//808 326//326 265//265
f 692//692 808//808 265//265
f 327//327 439//439 576//576
f 692//692 265//265 238//238
f 349//349 330//330 189//189
f 310//310 340//340 756//756
f 715//715 799//799 798//798
f 330//330 199//199 197//197
f 435//435 128//128 348//348
f 329//329 366//366 644//644
f 718//718 798//798 274//274
f 364//364 258//258 385//385
f 215//215 324//324 311//311
f 326//326 335//335 265//265
f 315//315 331//331 308//308
f 331//331 690//690 308//308
f 364//364 345//345 258//258
f 330//330 413//413 200//200
f 337//337 369//369 530//530
f 383//383 718//718 254//254
f 313//313 383//383 254//254
f 369//369 321//321 530//530
f 520//520 672//672 525//525
f 293//293 259//259 403//403
f 689//689 319//319 837//837
f 322//322 340//340 325//325
f 200//200 333//333 199//199
f 329//329 843//843 846//846
f 254//254 718//718 274//274
f 444//444 335//335 142//142
f 660//660 509//509 659//659
f 20//20 472//472 528//528
f 323//323 435//435 711//711
f 445//445 855//855 509//509
f 359//359 338//338 412//412
f 360//360 26//26 387//387
f 509//509 855//855 659//659
f 347//347 720//720 350//350
f 513//513 527//527 342//342
f 444//444 446//446 335//335
f 446//446 355//355 335//335
f 431//431 426//426 134//134
f 353//353 209//209 15//15
f 200//200 205//205 343//343
f 66//66 802//802 328//328
f 401//401 338//338 554//554
f 431//431 134//134 361//361
f 361//361 134//134 479//479
f 328//328 801//801 347//347
f 527//527 344//344 538//538
f 293//293 378//378 302//302
f 71//71 435//435 348//348
f 189//189 330//330 197//197
f 311//311 352//352 346//346
f 346//346 352//352 420//420
f 413//413 330//330 349//349
f 350//350 259//259 347//347
f 366//366 329//329 846//846
f 362//362 127//127 864//864
f 320//320 706//706 354//354
f 330//330 200//200 199//199
f 385//385 258//258 132//132
f 447//447 337//337 2//2
f 19//19 353//353 15//15
f 355//355 358//358 286//286
f 362//362 341//341 127//127
f 354//354 706//706 722//722
f 356//356 535//535 325//325
f 323//323 711//711 647//647
f 356//356 325//325 340//340
f 333//333 200//200 343//343
f 358//358 738//738 296//296
f 356//356 340//340 310//310
f 435//435 431//431 128//128
f 555//555 235//235 554//554
f 235//235 332//332 554//554
f 384//384 359//359 412//412
f 359//359 384//384 564//564
f 722//722 343//343 354//354
f 377//377 341//341 362//362
f 379//379 50//50 820//820
f 851//851 140//140 370//370
f 332//332 541//541 375//375
f 19//19 339//339 353//353
f 781//781 778//778 268//268
f 577//577 342//342 527//527
f 296//296 738//738 299//299
f 367//367 543//543 778//778
f 437//437 82//82 26//26
f 351//351 702//702 83//83
f 449//449 783//783 370//370
f 368//368 19//19 15//15
f 381//381 362//362 864//864
f 121//121 368//368 15//15
f 332//332 375//375 396//396
f 554//554 332//332 396//396
f 412//412 338//338 401//401
f 296//296 299//299 373//373
f 297//297 306//306 372//372
f 846//846 666//666 380//380
f 348//348 128//128 73//73
f 377//377 288//288 341//341
f 363//363 817//817 472//472
f 676//676 365//365 425//425
f 411//411 423//423 858//858
f 304//304 170//170 373//373
f 399//399 600//600 578//578
f 381//381 377//377 362//362
f 8//8 288//288 377//377
f 472//472 817//817 825//825
f 29//29 357//357 18//18
f 82//82 437//437 80//80
f 668//668 383//383 237//237
f 368//368 121//121 130//130
f 237//237 383//383 398//398
f 352//352 311//311 324//324
f 766//766 185//185 271//271
f 731//731 27//27 386//386
f 42//42 530//530 492//492
f 401//401 554//554 396//396
f 27//27 402//402 386//386
f 492//492 468//468 42//42
f 389//389 377//377 381//381
f 271//271 189//189 315//315
f 352//352 270//270 420//420
f 23//23 368//368 130//130
f 643//643 484//484 515//515
f 388//388 398//398 409//409
f 676//676 425//425 376//376
f 600//600 399//399 408//408
f 297//297 372//372 314//314
f 404//404 415//415 758//758
f 168//168 115//115 47//47
f 852//852 582//582 644//644
f 8//8 377//377 389//389
f 839//839 319//319 331//331
f 605//605 393//393 382//382
f 6//6 258//258 294//294
f 258//258 5//5 634//634
f 721//721 256//256 829//829
f 634//634 5//5 357//357
f 185//185 501//501 349//349
f 390//390 391//391 392//392
f 391//391 390//390 392//392
f 397//397 345//345 364//364
f 420//420 270//270 442//442
f 394//394 323//323 18//18
f 371//371 395//395 835//835
f 397//397 364//364 385//385
f 835//835 395//395 836//836
f 405//405 408//408 399//399
f 447//447 378//378 293//293
f 400//400 389//389 381//381
f 420//420 272//272 346//346
f 374//374 836//836 395//395
f 564//564 384//384 775//775
f 400//400 381//381 54//54
f 34//34 157//157 406//406
f 293//293 403//403 337//337
f 363//363 472//472 20//20
f 350//350 828//828 321//321
f 313//313 409//409 398//398
f 39//39 351//351 416//416
f 157//157 268//268 406//406
f 407//407 388//388 409//409
f 415//415 404//404 438//438
f 528//528 461//461 20//20
f 54//54 865//865 545//545
f 54//54 545//545 57//57
f 704//704 57//57 414//414
f 200//200 413//413 205//205
f 293//293 337//337 447//447
f 481//481 384//384 412//412
f 369//369 337//337 403//403
f 411//411 858//858 312//312
f 858//858 445//445 312//312
f 402//402 747//747 386//386
f 456//456 441//441 407//407
f 472//472 461//461 528//528
f 360//360 387//387 437//437
f 410//410 423//423 619//619
f 404//404 756//756 455//455
f 460//460 437//437 387//387
f 26//26 360//360 437//437
f 825//825 826//826 467//467
f 756//756 428//428 455//455
f 429//429 402//402 376//376
f 478//478 467//467 451//451
f 427//427 417//417 400//400
f 826//826 218//218 451//451
f 427//427 433//433 417//417
f 425//425 429//429 376//376
f 404//404 455//455 438//438
f 419//419 435//435 394//394
f 388//388 441//441 251//251
f 58//58 371//371 835//835
f 205//205 354//354 343//343
f 419//419 430//430 435//435
f 775//775 384//384 422//422
f 229//229 835//835 836//836
f 95//95 193//193 610//610
f 251//251 441//441 664//664
f 387//387 20//20 461//461
f 422//422 384//384 481//481
f 436//436 827//827 830//830
f 428//428 581//581 650//650
f 744//744 747//747 402//402
f 461//461 460//460 387//387
f 429//429 744//744 402//402
f 4//4 117//117 147//147
f 834//834 436//436 830//830
f 430//430 432//432 431//431
f 431//431 432//432 426//426
f 312//312 489//489 411//411
f 828//828 827//827 468//468
f 440//440 429//429 425//425
f 388//388 407//407 441//441
f 367//367 778//778 781//781
f 400//400 866//866 434//434
f 525//525 443//443 454//454
f 385//385 126//126 397//397
f 193//193 95//95 424//424
f 401//401 396//396 498//498
f 394//394 435//435 323//323
f 415//415 396//396 375//375
f 456//456 664//664 441//441
f 401//401 481//481 412//412
f 495//495 456//456 407//407
f 13//13 101//101 222//222
f 814//814 624//624 805//805
f 599//599 835//835 229//229
f 434//434 68//68 70//70
f 126//126 385//385 132//132
f 367//367 653//653 851//851
f 113//113 97//97 80//80
f 473//473 68//68 866//866
f 851//851 370//370 367//367
f 434//434 427//427 400//400
f 851//851 653//653 237//237
f 467//467 826//826 451//451
f 486//486 443//443 456//456
f 818//818 736//736 635//635
f 791//791 543//543 783//783
f 442//442 97//97 469//469
f 321//321 828//828 468//468
f 312//312 445//445 487//487
f 13//13 222//222 440//440
f 791//791 783//783 449//449
f 68//68 473//473 494//494
f 552//552 827//827 436//436
f 37//37 114//114 118//118
f 679//679 421//421 729//729
f 610//610 408//408 765//765
f 95//95 610//610 752//752
f 429//429 440//440 575//575
f 445//445 509//509 540//540
f 143//143 446//446 444//444
f 818//818 741//741 736//736
f 567//567 482//482 514//514
f 66//66 469//469 471//471
f 424//424 95//95 727//727
f 548//548 446//446 143//143
f 727//727 627//627 424//424
f 450//450 791//791 449//449
f 133//133 599//599 229//229
f 514//514 395//395 459//459
f 866//866 54//54 776//776
f 77//77 531//531 31//31
f 401//401 490//490 481//481
f 222//222 754//754 440//440
f 395//395 514//514 482//482
f 468//468 827//827 552//552
f 74//74 21//21 71//71
f 463//463 462//462 426//426
f 240//240 107//107 90//90
f 68//68 434//434 866//866
f 540//540 509//509 551//551
f 120//120 448//448 63//63
f 452//452 456//456 443//443
f 357//357 787//787 18//18
f 455//455 428//428 476//476
f 450//450 410//410 796//796
f 534//534 487//487 445//445
f 619//619 796//796 410//410
f 498//498 490//490 401//401
f 463//463 8//8 139//139
f 531//531 466//466 31//31
f 443//443 525//525 452//452
f 840//840 669//669 171//171
f 119//119 8//8 464//464
f 439//439 442//442 469//469
f 398//398 383//383 313//313
f 552//552 584//584 484//484
f 484//484 584//584 515//515
f 473//473 866//866 776//776
f 573//573 645//645 504//504
f 825//825 467//467 472//472
f 474//474 171//171 582//582
f 31//31 466//466 457//457
f 344//344 487//487 503//503
f 667//667 645//645 573//573
f 867//867 776//776 704//704
f 505//505 717//717 183//183
f 461//461 467//467 478//478
f 97//97 113//113 471//471
f 501//501 470//470 602//602
f 687//687 474//474 852//852
f 470//470 501//501 185//185
f 650//650 476//476 428//428
f 137//137 463//463 139//139
f 471//471 469//469 97//97
f 480//480 409//409 313//313
f 551//551 509//509 660//660
f 119//119 139//139 8//8
f 485//485 522//522 460//460
f 475//475 599//599 477//477
f 183//183 119//119 732//732
f 582//582 852//852 474//474
f 37//37 118//118 28//28
f 505//505 183//183 244//244
f 477//477 599//599 133//133
f 133//133 283//283 477//477
f 460//460 461//461 478//478
f 460//460 478//478 485//485
f 463//463 137//137 462//462
f 380//380 770//770 654//654
f 453//453 37//37 465//465
f 409//409 480//480 822//822
f 344//344 503//503 506//506
f 290//290 217//217 198//198
f 770//770 380//380 223//223
f 506//506 538//538 344//344
f 822//822 407//407 409//409
f 312//312 487//487 489//489
f 240//240 459//459 256//256
f 672//672 452//452 525//525
f 37//37 85//85 465//465
f 494//494 483//483 68//68
f 562//562 155//155 580//580
f 503//503 487//487 534//534
f 138//138 120//120 67//67
f 415//415 518//518 396//396
f 497//497 479//479 717//717
f 459//459 395//395 371//371
f 475//475 477//477 698//698
f 679//679 729//729 173//173
f 183//183 491//491 255//255
f 436//436 458//458 584//584
f 496//496 507//507 223//223
f 493//493 698//698 477//477
f 154//154 316//316 527//527
f 496//496 223//223 236//236
f 468//468 484//484 42//42
f 481//481 490//490 504//504
f 489//489 487//487 344//344
f 650//650 488//488 476//476
f 492//492 321//321 468//468
f 714//714 852//852 36//36
f 592//592 580//580 155//155
f 192//192 138//138 67//67
f 493//493 477//477 283//283
f 476//476 558//558 455//455
f 283//283 500//500 493//493
f 183//183 732//732 491//491
f 513//513 154//154 527//527
f 860//860 714//714 36//36
f 396//396 518//518 498//498
f 499//499 456//456 495//495
f 732//732 731//731 491//491
f 137//137 139//139 717//717
f 486//486 456//456 499//499
f 607//607 502//502 501//501
f 496//496 301//301 507//507
f 731//731 732//732 119//119
f 731//731 119//119 27//27
f 36//36 508//508 860//860
f 241//241 217//217 290//290
f 514//514 483//483 494//494
f 508//508 36//36 46//46
f 119//119 717//717 139//139
f 56//56 505//505 244//244
f 734//734 553//553 548//548
f 488//488 663//663 837//837
f 231//231 276//276 532//532
f 422//422 481//481 645//645
f 565//565 530//530 42//42
f 513//513 175//175 517//517
f 867//867 704//704 231//231
f 158//158 523//523 148//148
f 479//479 134//134 137//137
f 589//589 512//512 845//845
f 511//511 500//500 706//706
f 540//540 534//534 445//445
f 511//511 493//493 500//500
f 521//521 190//190 233//233
f 508//508 46//46 526//526
f 461//461 472//472 467//467
f 531//531 128//128 361//361
f 518//518 415//415 438//438
f 536//536 476//476 488//488
f 516//516 80//80 437//437
f 490//490 498//498 544//544
f 531//531 361//361 479//479
f 486//486 615//615 443//443
f 526//526 746//746 508//508
f 73//73 128//128 81//81
f 734//734 523//523 553//553
f 510//510 530//530 570//570
f 494//494 567//567 514//514
f 832//832 831//831 667//667
f 522//522 516//516 437//437
f 232//232 6//6 294//294
f 245//245 244//244 255//255
f 437//437 460//460 522//522
f 832//832 573//573 547//547
f 832//832 667//667 573//573
f 6//6 5//5 258//258
f 574//574 190//190 521//521
f 316//316 344//344 527//527
f 837//837 663//663 707//707
f 504//504 490//490 544//544
f 172//172 59//59 91//91
f 493//493 748//748 698//698
f 511//511 748//748 493//493
f 596//596 499//499 495//495
f 205//205 336//336 320//320
f 865//865 864//864 746//746
f 72//72 530//530 565//565
f 113//113 80//80 516//516
f 788//788 529//529 546//546
f 519//519 555//555 529//529
f 470//470 629//629 602//602
f 218//218 219//219 521//521
f 520//520 525//525 454//454
f 529//529 555//555 546//546
f 545//545 526//526 657//657
f 542//542 571//571 539//539
f 506//506 503//503 737//737
f 394//394 16//16 419//419
f 451//451 485//485 478//478
f 320//320 511//511 706//706
f 16//16 394//394 18//18
f 488//488 837//837 536//536
f 25//25 510//510 570//570
f 111//111 299//299 738//738
f 585//585 551//551 520//520
f 498//498 518//518 544//544
f 476//476 536//536 556//556
f 419//419 43//43 430//430
f 430//430 43//43 432//432
f 458//458 515//515 584//584
f 731//731 386//386 747//747
f 545//545 654//654 414//414
f 574//574 588//588 190//190
f 476//476 556//556 557//557
f 476//476 557//557 558//558
f 342//342 175//175 513//513
f 69//69 542//542 539//539
f 153//153 25//25 563//563
f 149//149 694//694 283//283
f 566//566 544//544 518//518
f 25//25 570//570 579//579
f 520//520 454//454 626//626
f 486//486 499//499 597//597
f 831//831 844//844 701//701
f 615//615 486//486 597//597
f 734//734 74//74 523//523
f 219//219 574//574 521//521
f 548//548 143//143 734//734
f 235//235 541//541 332//332
f 543//543 382//382 281//281
f 645//645 481//481 504//504
f 91//91 569//569 560//560
f 577//577 527//527 538//538
f 549//549 546//546 359//359
f 553//553 738//738 548//548
f 626//626 454//454 443//443
f 737//737 503//503 537//537
f 512//512 149//149 845//845
f 800//800 281//281 382//382
f 538//538 506//506 572//572
f 606//606 399//399 342//342
f 426//426 288//288 463//463
f 584//584 552//552 436//436
f 78//78 99//99 211//211
f 775//775 701//701 512//512
f 8//8 463//463 288//288
f 155//155 327//327 576//576
f 557//557 556//556 561//561
f 550//550 327//327 155//155
f 553//553 533//533 560//560
f 555//555 359//359 546//546
f 338//338 359//359 555//555
f 503//503 534//534 537//537
f 57//57 704//704 776//776
f 570//570 530//530 72//72
f 534//534 540//540 585//585
f 559//559 172//172 91//91
f 606//606 342//342 577//577
f 338//338 555//555 554//554
f 762//762 549//549 564//564
f 549//549 359//359 564//564
f 9//9 856//856 357//357
f 562//562 110//110 86//86
f 577//577 538//538 743//743
f 91//91 94//94 569//569
f 317//317 69//69 99//99
f 737//737 572//572 506//506
f 295//295 69//69 568//568
f 612//612 563//563 92//92
f 569//569 94//94 755//755
f 558//558 557//557 604//604
f 755//755 470//470 766//766
f 655//655 520//520 626//626
f 393//393 800//800 382//382
f 585//585 520//520 655//655
f 468//468 552//552 484//484
f 405//405 399//399 606//606
f 625//625 518//518 438//438
f 211//211 109//109 78//78
f 744//744 571//571 187//187
f 540//540 551//551 585//585
f 670//670 626//626 615//615
f 538//538 572//572 743//743
f 612//612 590//590 179//179
f 363//363 574//574 219//219
f 544//544 573//573 504//504
f 596//596 495//495 648//648
f 755//755 94//94 470//470
f 775//775 831//831 701//701
f 557//557 561//561 767//767
f 597//597 499//499 596//596
f 625//625 566//566 518//518
f 579//579 92//92 563//563
f 640//640 534//534 585//585
f 232//232 515//515 458//458
f 458//458 849//849 232//232
f 577//577 601//601 606//606
f 537//537 534//534 640//640
f 571//571 575//575 539//539
f 767//767 604//604 557//557
f 753//753 774//774 832//832
f 563//563 25//25 579//579
f 586//586 214//214 428//428
f 544//544 680//680 573//573
f 309//309 214//214 586//586
f 756//756 586//586 428//428
f 558//558 625//625 455//455
f 438//438 455//455 625//625
f 213//213 769//769 636//636
f 680//680 544//544 566//566
f 819//819 188//188 583//583
f 562//562 580//580 110//110
f 760//760 604//604 609//609
f 612//612 785//785 590//590
f 589//589 587//587 797//797
f 592//592 110//110 580//580
f 589//589 797//797 250//250
f 211//211 754//754 109//109
f 608//608 267//267 591//591
f 267//267 290//290 591//591
f 754//754 222//222 209//209
f 603//603 648//648 495//495
f 579//579 570//570 72//72
f 577//577 743//743 749//749
f 589//589 250//250 512//512
f 595//595 644//644 582//582
f 214//214 581//581 428//428
f 576//576 378//378 447//447
f 655//655 626//626 670//670
f 581//581 213//213 616//616
f 760//760 609//609 768//768
f 785//785 220//220 201//201
f 149//149 512//512 694//694
f 598//598 604//604 767//767
f 615//615 626//626 443//443
f 593//593 599//599 475//475
f 673//673 631//631 809//809
f 737//737 537//537 621//621
f 849//849 166//166 6//6
f 701//701 694//694 512//512
f 602//602 295//295 607//607
f 193//193 697//697 610//610
f 10//10 176//176 1//1
f 577//577 749//749 601//601
f 614//614 640//640 585//585
f 393//393 605//605 720//720
f 595//595 710//710 329//329
f 213//213 636//636 616//616
f 698//698 671//671 475//475
f 408//408 610//610 600//600
f 123//123 613//613 607//607
f 609//609 604//604 598//598
f 650//650 581//581 616//616
f 566//566 625//625 723//723
f 777//777 594//594 789//789
f 764//764 774//774 611//611
f 623//623 611//611 774//774
f 597//597 596//596 670//670
f 614//614 585//585 633//633
f 670//670 615//615 597//597
f 622//622 811//811 809//809
f 622//622 594//594 811//811
f 630//630 609//609 598//598
f 619//619 423//423 618//618
f 579//579 72//72 287//287
f 797//797 14//14 76//76
f 618//618 423//423 620//620
f 423//423 805//805 620//620
f 637//637 622//622 809//809
f 805//805 624//624 620//620
f 814//814 828//828 624//624
f 809//809 631//631 637//637
f 207//207 424//424 627//627
f 793//793 220//220 785//785
f 247//247 207//207 627//627
f 782//782 594//594 622//622
f 640//640 614//614 51//51
f 794//794 639//639 220//220
f 775//775 422//422 645//645
f 771//771 30//30 748//748
f 92//92 785//785 612//612
f 622//622 646//646 782//782
f 723//723 719//719 566//566
f 638//638 603//603 822//822
f 736//736 814//814 635//635
f 608//608 641//641 636//636
f 632//632 614//614 633//633
f 630//630 728//728 804//804
f 579//579 287//287 92//92
f 803//803 630//630 804//804
f 29//29 647//647 634//634
f 748//748 511//511 708//708
f 88//88 35//35 643//643
f 637//637 646//646 622//622
f 812//812 636//636 641//641
f 82//82 3//3 588//588
f 29//29 323//323 647//647
f 708//708 511//511 320//320
f 794//794 220//220 793//793
f 144//144 637//637 631//631
f 621//621 537//537 640//640
f 603//603 638//638 648//648
f 642//642 628//628 611//611
f 815//815 243//243 639//639
f 745//745 247//247 729//729
f 775//775 645//645 831//831
f 98//98 295//295 629//629
f 644//644 366//366 46//46
f 737//737 621//621 79//79
f 670//670 596//596 648//648
f 629//629 295//295 602//602
f 247//247 627//627 729//729
f 617//617 802//802 66//66
f 566//566 719//719 680//680
f 273//273 268//268 543//543
f 611//611 804//804 642//642
f 781//781 268//268 157//157
f 657//657 46//46 366//366
f 46//46 657//657 526//526
f 652//652 636//636 812//812
f 611//611 623//623 804//804
f 652//652 658//658 636//636
f 405//405 606//606 87//87
f 658//658 616//616 636//636
f 646//646 661//661 782//782
f 846//846 380//380 366//366
f 649//649 449//449 159//159
f 146//146 646//646 637//637
f 662//662 651//651 100//100
f 650//650 616//616 663//663
f 818//818 750//750 741//741
f 794//794 810//810 639//639
f 657//657 366//366 380//380
f 685//685 749//749 743//743
f 743//743 572//572 737//737
f 810//810 815//815 639//639
f 100//100 651//651 702//702
f 651//651 83//83 702//702
f 648//648 638//638 41//41
f 650//650 663//663 488//488
f 661//661 146//146 373//373
f 659//659 180//180 656//656
f 616//616 658//658 686//686
f 657//657 654//654 545//545
f 670//670 44//44 655//655
f 371//371 256//256 459//459
f 616//616 686//686 663//663
f 654//654 657//657 380//380
f 632//632 51//51 614//614
f 475//475 671//671 593//593
f 660//660 656//656 664//664
f 750//750 818//818 669//669
f 681//681 318//318 269//269
f 41//41 675//675 648//648
f 237//237 653//653 668//668
f 280//280 273//273 281//281
f 831//831 645//645 667//667
f 223//223 380//380 666//666
f 672//672 660//660 664//664
f 661//661 373//373 678//678
f 670//670 648//648 675//675
f 660//660 659//659 656//656
f 815//815 264//264 243//243
f 171//171 669//669 818//818
f 171//171 818//818 162//162
f 123//123 295//295 568//568
f 264//264 262//262 266//266
f 761//761 669//669 840//840
f 373//373 170//170 678//678
f 672//672 664//664 452//452
f 671//671 121//121 593//593
f 269//269 318//318 673//673
f 223//223 674//674 770//770
f 681//681 266//266 262//262
f 634//634 647//647 258//258
f 295//295 123//123 607//607
f 668//668 653//653 665//665
f 640//640 153//153 621//621
f 558//558 723//723 625//625
f 665//665 786//786 715//715
f 662//662 100//100 643//643
f 663//663 686//686 705//705
f 670//670 675//675 44//44
f 632//632 633//633 44//44
f 737//737 79//79 685//685
f 687//687 840//840 171//171
f 687//687 171//171 474//474
f 688//688 693//693 786//786
f 170//170 821//821 678//678
f 165//165 421//421 198//198
f 683//683 169//169 177//177
f 810//810 808//808 692//692
f 699//699 683//683 177//177
f 27//27 24//24 376//376
f 24//24 676//676 376//376
f 578//578 699//699 177//177
f 815//815 810//810 692//692
f 699//699 578//578 600//600
f 547//547 573//573 680//680
f 715//715 786//786 693//693
f 47//47 100//100 702//702
f 246//246 691//691 112//112
f 711//711 682//682 647//647
f 697//697 699//699 600//600
f 647//647 682//682 700//700
f 815//815 692//692 238//238
f 258//258 647//647 700//700
f 700//700 132//132 258//258
f 633//633 585//585 655//655
f 695//695 253//253 112//112
f 852//852 696//696 687//687
f 688//688 684//684 799//799
f 663//663 705//705 707//707
f 671//671 698//698 772//772
f 689//689 690//690 319//319
f 823//823 699//699 697//697
f 753//753 680//680 719//719
f 695//695 716//716 496//496
f 697//697 193//193 703//703
f 694//694 701//701 722//722
f 704//704 414//414 276//276
f 315//315 197//197 839//839
f 246//246 241//241 691//691
f 860//860 854//854 714//714
f 613//613 708//708 336//336
f 283//283 706//706 500//500
f 706//706 283//283 694//694
f 326//326 808//808 168//168
f 712//712 710//710 210//210
f 712//712 735//735 710//710
f 376//376 402//402 27//27
f 715//715 718//718 665//665
f 857//857 854//854 860//860
f 713//713 839//839 197//197
f 613//613 771//771 708//708
f 716//716 301//301 496//496
f 767//767 842//842 713//713
f 247//247 726//726 712//712
f 689//689 705//705 686//686
f 102//102 763//763 639//639
f 606//606 601//601 87//87
f 735//735 712//712 726//726
f 137//137 717//717 479//479
f 765//765 102//102 243//243
f 132//132 700//700 682//682
f 752//752 765//765 243//243
f 715//715 798//798 718//718
f 739//739 719//719 723//723
f 727//727 95//95 249//249
f 711//711 17//17 682//682
f 726//726 247//247 745//745
f 532//532 276//276 278//278
f 706//706 694//694 722//722
f 326//326 142//142 335//335
f 230//230 722//722 844//844
f 444//444 142//142 53//53
f 760//760 739//739 723//723
f 707//707 705//705 689//689
f 230//230 844//844 628//628
f 524//524 861//861 860//860
f 161//161 627//627 727//727
f 729//729 627//627 161//161
f 633//633 655//655 44//44
f 728//728 199//199 333//333
f 788//788 546//546 549//549
f 508//508 524//524 860//860
f 620//620 350//350 618//618
f 219//219 733//733 816//816
f 743//743 737//737 685//685
f 758//758 310//310 404//404
f 745//745 740//740 726//726
f 717//717 119//119 183//183
f 838//838 829//829 841//841
f 30//30 730//730 772//772
f 58//58 256//256 371//371
f 375//375 310//310 758//758
f 832//832 547//547 753//753
f 547//547 680//680 753//753
f 404//404 310//310 756//756
f 322//322 309//309 586//586
f 322//322 586//586 340//340
f 830//830 736//736 741//741
f 553//553 111//111 738//738
f 560//560 111//111 553//553
f 740//740 735//735 726//726
f 111//111 560//560 569//569
f 719//719 739//739 753//753
f 742//742 843//843 740//740
f 835//835 125//125 58//58
f 599//599 125//125 835//835
f 524//524 508//508 746//746
f 814//814 736//736 827//827
f 320//320 336//336 708//708
f 569//569 755//755 111//111
f 723//723 558//558 760//760
f 87//87 601//601 749//749
f 841//841 829//829 48//48
f 160//160 740//740 745//745
f 491//491 747//747 187//187
f 405//405 87//87 763//763
f 738//738 358//358 548//548
f 744//744 429//429 571//571
f 408//408 405//405 102//102
f 826//826 825//825 816//816
f 747//747 744//744 187//187
f 536//536 842//842 556//556
f 575//575 571//571 429//429
f 834//834 741//741 750//750
f 830//830 741//741 834//834
f 740//740 160//160 742//742
f 512//512 250//250 762//762
f 102//102 405//405 763//763
f 765//765 408//408 102//102
f 440//440 754//754 575//575
f 742//742 757//757 843//843
f 834//834 750//750 847//847
f 752//752 610//610 765//765
f 750//750 669//669 847//847
f 761//761 847//847 669//669
f 319//319 842//842 837//837
f 268//268 778//778 543//543
f 187//187 62//62 491//491
f 160//160 757//757 742//742
f 415//415 375//375 758//758
f 575//575 754//754 211//211
f 536//536 837//837 842//842
f 756//756 340//340 586//586
f 755//755 300//300 111//111
f 840//840 759//759 761//761
f 187//187 64//64 62//62
f 760//760 558//558 604//604
f 95//95 752//752 725//725
f 746//746 864//864 524//524
f 842//842 561//561 556//556
f 300//300 755//755 271//271
f 759//759 687//687 848//848
f 842//842 767//767 561//561
f 639//639 763//763 87//87
f 751//751 764//764 628//628
f 739//739 774//774 753//753
f 764//764 751//751 832//832
f 768//768 773//773 739//739
f 764//764 832//832 774//774
f 581//581 214//214 213//213
f 739//739 760//760 768//768
f 653//653 786//786 665//665
f 848//848 696//696 850//850
f 602//602 607//607 501//501
f 786//786 684//684 688//688
f 713//713 598//598 767//767
f 713//713 728//728 598//598
f 9//9 848//848 850//850
f 185//185 189//189 271//271
f 611//611 628//628 764//764
f 545//545 865//865 526//526
f 607//607 336//336 502//502
f 607//607 613//613 336//336
f 762//762 564//564 775//775
f 123//123 339//339 23//23
f 501//501 502//502 349//349
f 775//775 512//512 762//762
f 414//414 654//654 770//770
f 856//856 850//850 779//779
f 630//630 598//598 728//728
f 850//850 854//854 779//779
f 502//502 413//413 349//349
f 772//772 730//730 671//671
f 417//417 389//389 400//400
f 792//792 773//773 768//768
f 591//591 594//594 777//777
f 696//696 854//854 850//850
f 502//502 336//336 413//413
f 276//276 770//770 674//674
f 636//636 769//769 608//608
f 776//776 54//54 57//57
f 413//413 336//336 205//205
f 182//182 583//583 188//188
f 773//773 774//774 739//739
f 768//768 609//609 630//630
f 230//230 642//642 333//333
f 30//30 772//772 698//698
f 594//594 782//782 789//789
f 728//728 642//642 804//804
f 628//628 642//642 230//230
f 608//608 591//591 641//641
f 290//290 198//198 195//195
f 768//768 630//630 792//792
f 122//122 182//182 188//188
f 543//543 367//367 783//783
f 773//773 792//792 803//803
f 641//641 591//591 777//777
f 159//159 780//780 252//252
f 704//704 276//276 231//231
f 799//799 303//303 145//145
f 867//867 724//724 795//795
f 367//367 370//370 783//783
f 653//653 367//367 781//781
f 784//784 777//777 789//789
f 799//799 693//693 688//688
f 529//529 724//724 231//231
f 202//202 182//182 122//122
f 856//856 857//857 787//787
f 92//92 103//103 785//785
f 623//623 774//774 773//773
f 649//649 159//159 659//659
f 231//231 532//532 519//519
f 786//786 653//653 781//781
f 529//529 231//231 519//519
f 273//273 543//543 281//281
f 788//788 724//724 529//529
f 382//382 543//543 791//791
f 802//802 188//188 819//819
f 802//802 819//819 328//328
f 790//790 787//787 857//857
f 819//819 393//393 801//801
f 859//859 790//790 857//857
f 393//393 720//720 801//801
f 788//788 248//248 795//795
f 795//795 724//724 788//788
f 661//661 789//789 782//782
f 792//792 630//630 803//803
f 784//784 789//789 661//661
f 796//796 382//382 791//791
f 785//785 103//103 807//807
f 787//787 790//790 16//16
f 797//797 795//795 242//242
f 791//791 450//450 796//796
f 623//623 773//773 803//803
f 800//800 583//583 281//281
f 357//357 856//856 787//787
f 242//242 795//795 248//248
f 777//777 784//784 806//806
f 715//715 693//693 799//799
f 605//605 382//382 796//796
f 819//819 801//801 328//328
f 549//549 762//762 248//248
f 793//793 785//785 807//807
f 75//75 790//790 859//859
f 248//248 788//788 549//549
f 784//784 661//661 806//806
f 806//806 677//677 777//777
f 641//641 777//777 677//677
f 808//808 794//794 793//793
f 583//583 298//298 281//281
f 116//116 213//213 214//214
f 803//803 804//804 623//623
f 75//75 16//16 790//790
f 619//619 618//618 720//720
f 801//801 720//720 347//347
f 812//812 641//641 677//677
f 809//809 811//811 673//673
f 793//793 807//807 808//808
f 805//805 411//411 154//154
f 154//154 862//862 805//805
f 154//154 411//411 316//316
f 350//350 720//720 618//618
f 810//810 794//794 808//808
f 828//828 350//350 620//620
f 219//219 816//816 363//363
f 162//162 635//635 517//517
f 318//318 681//681 291//291
f 813//813 517//517 175//175
f 661//661 678//678 806//806
f 583//583 800//800 819//819
f 805//805 423//423 411//411
f 631//631 673//673 275//275
f 677//677 806//806 678//678
f 800//800 393//393 819//819
f 677//677 824//824 812//812
f 683//683 162//162 169//169
f 363//363 816//816 817//817
f 824//824 677//677 678//678
f 135//135 318//318 291//291
f 587//587 845//845 14//14
f 665//665 718//718 668//668
f 824//824 652//652 812//812
f 164//164 813//813 175//175
f 817//817 816//816 825//825
f 807//807 168//168 808//808
f 824//824 658//658 652//652
f 805//805 862//862 814//814
f 635//635 814//814 862//862
f 826//826 816//816 733//733
f 162//162 813//813 164//164
f 169//169 162//162 164//164
f 171//171 162//162 683//683
f 683//683 582//582 171//171
f 845//845 587//587 589//589
f 736//736 830//830 827//827
f 162//162 818//818 635//635
f 678//678 821//821 824//824
f 820//820 240//240 721//721
f 824//824 821//821 709//709
f 168//168 142//142 326//326
f 703//703 699//699 823//823
f 720//720 605//605 796//796
f 796//796 619//619 720//720
f 668//668 718//718 383//383
f 480//480 313//313 314//314
f 658//658 824//824 709//709
f 697//697 703//703 823//823
f 829//829 820//820 721//721
f 686//686 658//658 709//709
f 733//733 218//218 826//826
f 838//838 820//820 829//829
f 686//686 709//709 689//689
f 407//407 822//822 603//603
f 833//833 710//710 703//703
f 365//365 379//379 425//425
f 603//603 495//495 407//407
f 620//620 624//624 828//828
f 379//379 820//820 841//841
f 838//838 841//841 820//820
f 751//751 831//831 832//832
f 844//844 831//831 751//751
f 833//833 207//207 710//710
f 707//707 689//689 837//837
f 149//149 836//836 374//374
f 833//833 193//193 424//424
f 374//374 845//845 149//149
f 644//644 595//595 329//329
f 841//841 13//13 379//379
f 315//315 839//839 331//331
f 827//827 828//828 814//814
f 710//710 735//735 329//329
f 844//844 751//751 628//628
f 759//759 840//840 687//687
f 735//735 843//843 329//329
f 842//842 319//319 839//839
f 740//740 843//843 735//735
f 847//847 458//458 834//834
f 48//48 829//829 256//256
f 256//256 58//58 48//48
f 842//842 839//839 713//713
f 844//844 722//722 701//701
f 379//379 440//440 425//425
f 197//197 199//199 713//713
f 848//848 166//166 759//759
f 13//13 440//440 379//379
f 436//436 834//834 458//458
f 843//843 666//666 846//846
f 729//729 421//421 745//745
f 728//728 713//713 199//199
f 166//166 761//761 759//759
f 166//166 848//848 9//9
f 847//847 761//761 849//849
f 687//687 696//696 848//848
f 761//761 166//166 849//849
f 642//642 728//728 333//333
f 851//851 237//237 140//140
f 854//854 696//696 714//714
f 696//696 852//852 714//714
f 237//237 398//398 780//780
f 9//9 850//850 856//856
f 251//251 180//180 252//252
f 779//779 853//853 856//856
f 450//450 449//449 649//649
f 854//854 853//853 779//779
f 659//659 855//855 649//649
f 450//450 649//649 855//855
f 857//857 853//853 854//854
f 458//458 847//847 849//849
f 858//858 410//410 450//450
f 857//857 856//856 853//853
f 410//410 858//858 423//423
f 858//858 855//855 445//445
f 859//859 857//857 860//860
f 861//861 859//859 860//860
f 859//859 861//861 75//75
f 861//861 43//43 75//75
f 863//863 861//861 524//524
f 862//862 517//517 635//635
f 127//127 863//863 524//524
f 513//513 862//862 154//154
f 865//865 746//746 526//526
f 381//381 864//864 865//865
f 54//54 381//381 865//865
f 57//57 545//545 414//414
f 866//866 400//400 54//54
f 473//473 776//776 867//867
f 473//473 867//867 494//494
f 795//795 494//494 867//867
f 567//567 494//494 76//76
f 76//76 494//494 795//795