# https://github.com/mikedh/trimesh
v 0.00283554 0.00000000 0.14888100
v 0.00252473 0.00000000 0.11407100
v 0.00213623 0.00000000 0.11413500
v 0.00268013 0.00000000 0.11400700
v 0.00252473 0.00000000 0.07913270
v 0.00221393 0.00000000 0.07919670
v 0.00283554 0.00000000 0.11407100
v 0.00275783 0.00000000 0.07926070
v 0.00337944 0.00000000 0.04451470
v 0.00361254 0.00000000 0.04464270
v 0.00376795 0.00000000 0.01002460
v 0.00205853 0.00000000 0.14907300
v 0.00128152 0.00000000 0.11413500
v 0.00120381 0.00000000 0.14920100
v 0.00174772 0.00000000 0.07900470
v 0.00190312 0.00000000 0.11400700
v 0.00198082 0.00000000 0.07913270
v 0.00104841 0.00000000 0.04381080
v 0.00097071 0.00000000 0.04381080
v 0.00097071 0.00000000 0.07887680
v 0.00501116 0.00000000 0.04489860
v 0.00485576 0.00000000 0.04489860
v 0.00477806 0.00000000 0.07926070
v 0.00190312 0.00000000 0.04413070
v 0.00213623 0.00000000 0.04425870
v 0.00229163 0.00000000 0.00932076
v 0.00198082 0.00000000 0.11407100
v 0.00454496 0.00000000 0.04477060
v 0.00827459 0.00000000 0.14772900
v 0.00804150 0.00000000 0.11368700
v 0.00788609 0.00000000 0.11362300
v 0.00027140 0.00000000 0.04502660
v 0.00027140 0.00000000 0.07977260
v 0.00050451 0.00000000 0.07887680
v 0.00532196 0.00000000 0.04502660
v 0.00563277 0.00000000 0.01072850
v 0.00508886 0.00000000 0.11387900
v 0.00508886 0.00000000 0.07938870
v 0.00493346 0.00000000 0.11381500
v 0.00516656 0.00000000 0.14830500
v 0.00485576 0.00000000 0.11375100
v 0.00182542 0.00000000 0.00912879
v 0.00361254 0.00000000 0.14868900
v 0.00330174 0.00000000 0.11400700
v 0.00291323 0.00000000 0.11413500
v 0.00000000 0.00000000 0.06638680
v 0.00000000 0.00000000 0.07988440
v 0.00353484 0.00000000 0.11394300
v 0.00369024 0.00000000 0.11400700
v 0.00011600 0.00000000 0.11464700
v 0.00000000 0.00000000 0.10170200
v 0.00000000 0.00000000 0.10889300
v 0.00019370 0.00000000 0.01028060
v 0.00000000 0.00000000 0.00990278
v 0.00000000 0.00000000 0.00997431
v 0.00345715 0.00000000 0.07926070
v 0.00369024 0.00000000 0.07932470
v 0.03368280 0.00000000 0.13889800
v 0.03275040 0.00000000 0.08092440
v 0.03259500 0.00000000 0.08086040
v 0.00112611 0.00000000 0.07894080
v 0.00128152 0.00000000 0.04393880
v 0.00446725 0.00000000 0.07913270
v 0.00438955 0.00000000 0.04470670
v 0.00415645 0.00000000 0.04457870
v 0.00376795 0.00000000 0.04470670
v 0.00664288 0.00000000 0.14798500
v 0.00532196 0.00000000 0.11394300
v 0.00431186 0.00000000 0.01021660
v 0.00493346 0.00000000 0.01047260
v 0.00221393 0.00000000 0.04425870
v 0.00306865 0.00000000 0.07932470
v 0.00314634 0.00000000 0.04457870
v 0.00058221 0.00000000 0.04368280
v 0.00089301 0.00000000 0.11407100
v 0.00042681 0.00000000 0.11413500
v 0.00034911 0.00000000 0.11451900
v 0.00000000 0.00000000 0.09234000
v 0.00112611 0.00000000 0.11400700
v 0.00143691 0.00000000 0.00893684
v 0.00120381 0.00000000 0.11407100
v 0.00159232 0.00000000 0.04393880
v 0.00182542 0.00000000 0.04406680
v 0.00135921 0.00000000 0.04400280
v 0.00135921 0.00000000 0.07906870
v 0.00734218 0.00000000 0.01162440
v 0.00757528 0.00000000 0.04560250
v 0.00780839 0.00000000 0.01188030
v 0.00104841 0.00000000 0.00868087
v 0.00780839 0.00000000 0.07964460
v 0.00749759 0.00000000 0.07951660
v 0.01239270 0.00000000 0.08054050
v 0.01223730 0.00000000 0.01450390
v 0.01184880 0.00000000 0.01424790
v 0.00244703 0.00000000 0.04425870
v 0.00268013 0.00000000 0.04432270
v 0.00275783 0.00000000 0.00957671
v 0.00275783 0.00000000 0.04438670
v 0.00299094 0.00000000 0.04451470
v 0.00322403 0.00000000 0.00976868
v 0.00000000 0.00000000 0.05961940
v 0.00000000 0.00000000 0.04510110
v 0.00539966 0.00000000 0.07951660
v 0.00167002 0.00000000 0.11407100
v 0.00617667 0.00000000 0.07932470
v 0.00586587 0.00000000 0.04502660
v 0.00547736 0.00000000 0.04509060
v 0.00640977 0.00000000 0.07951660
v 0.00633207 0.00000000 0.04528260
v 0.00034911 0.00000000 0.04457870
v 0.02397020 0.00000000 0.08156430
v 0.02420330 0.00000000 0.08162830
v 0.02420330 0.00000000 0.02045480
v 0.00081531 0.00000000 0.04368280
v 0.00000000 0.00000000 0.01005900
v 0.00000000 0.00000000 0.01012110
v 0.00034911 0.00000000 0.14932900
v 0.00000000 0.00000000 0.13516300
v 0.00000000 0.00000000 0.14935500
v 0.00656518 0.00000000 0.04541050
v 0.00679827 0.00000000 0.01130440
v 0.00710908 0.00000000 0.04541050
v 0.00672057 0.00000000 0.04547450
v 0.02296010 0.00000000 0.02019890
v 0.02358170 0.00000000 0.08150030
v 0.02365940 0.00000000 0.02032690
v 0.02420330 0.00000000 0.14280200
v 0.02303780 0.00000000 0.08169230
v 0.02521340 0.00000000 0.08143630
v 0.02490260 0.00000000 0.02064680
v 0.02490260 0.00000000 0.08137230
v 0.02117290 0.00000000 0.08150030
v 0.02117290 0.00000000 0.01923900
v 0.02086210 0.00000000 0.08130830
v 0.01682170 0.00000000 0.14529700
v 0.01503460 0.00000000 0.08022050
v 0.01487920 0.00000000 0.08009250
v 0.01604470 0.00000000 0.08079640
v 0.01565620 0.00000000 0.01648750
v 0.01534540 0.00000000 0.01635950
v 0.01348060 0.00000000 0.01539970
v 0.01519000 0.00000000 0.08034850
v 0.01542310 0.00000000 0.08054050
v 0.00928471 0.00000000 0.07977260
v 0.00920700 0.00000000 0.04617840
v 0.00905161 0.00000000 0.04611440
v 0.00819689 0.00000000 0.11375100
v 0.02000740 0.00000000 0.01859910
v 0.02024050 0.00000000 0.08130830
v 0.02055130 0.00000000 0.01891910
v 0.02233850 0.00000000 0.01987890
v 0.02264930 0.00000000 0.08150030
v 0.02171690 0.00000000 0.01955900
v 0.02187230 0.00000000 0.08150030
v 0.02218310 0.00000000 0.08169230
v 0.02715590 0.00000000 0.14165000
v 0.02583500 0.00000000 0.08162830
v 0.02552420 0.00000000 0.14229000
v 0.01814260 0.00000000 0.08105240
v 0.01837570 0.00000000 0.08118040
v 0.01853110 0.00000000 0.01783130
v 0.02707820 0.00000000 0.02128670
v 0.02707820 0.00000000 0.08150030
v 0.02801060 0.00000000 0.08111640
v 0.02661200 0.00000000 0.08130830
v 0.04378390 0.00000000 0.13435500
v 0.04184140 0.00000000 0.08041250
v 0.03989880 0.00000000 0.08130830
v 0.03842250 0.00000000 0.08054050
v 0.03686850 0.00000000 0.02499810
v 0.03671310 0.00000000 0.08130830
v 0.03989880 0.00000000 0.13614700
v 0.01658860 0.00000000 0.08105240
v 0.01682170 0.00000000 0.08111640
v 0.01682170 0.00000000 0.01699940
v 0.02047360 0.00000000 0.14395400
v 0.02055130 0.00000000 0.08143630
v 0.01705480 0.00000000 0.08098840
v 0.00780839 0.00000000 0.04579450
v 0.02125060 0.00000000 0.14376200
v 0.03236190 0.00000000 0.08079640
v 0.03150720 0.00000000 0.02282240
v 0.03104100 0.00000000 0.02269450
v 0.01992970 0.00000000 0.08137230
v 0.03111870 0.00000000 0.13998600
v 0.03034160 0.00000000 0.08105240
v 0.03018620 0.00000000 0.08098840
v 0.02202770 0.00000000 0.14350600
v 0.02148370 0.00000000 0.08162830
v 0.01985200 0.00000000 0.14408100
v 0.01899730 0.00000000 0.01808720
v 0.01915270 0.00000000 0.08118040
v 0.01954120 0.00000000 0.01834320
v 0.02878760 0.00000000 0.02186260
v 0.02886530 0.00000000 0.08137230
v 0.02917610 0.00000000 0.02199060
v 0.02909840 0.00000000 0.08143630
v 0.02956460 0.00000000 0.02211850
v 0.03111870 0.00000000 0.08130830
v 0.03088560 0.00000000 0.08124430
v 0.04160830 0.00000000 0.02736570
v 0.04238530 0.00000000 0.08073240
v 0.04269610 0.00000000 0.08086040
v 0.03065250 0.00000000 0.02250250
v 0.01938580 0.00000000 0.08130830
v 0.01923040 0.00000000 0.14427300
v 0.01860880 0.00000000 0.08111640
v 0.01884190 0.00000000 0.08124430
v 0.01876420 0.00000000 0.14440100
v 0.00741988 0.00000000 0.04553850
v 0.01254810 0.00000000 0.08066840
v 0.01254810 0.00000000 0.01475980
v 0.00951781 0.00000000 0.07996460
v 0.00975091 0.00000000 0.11362300
v 0.00982861 0.00000000 0.11368700
v 0.01215960 0.00000000 0.08041250
v 0.01146030 0.00000000 0.01399190
v 0.01822030 0.00000000 0.14452900
v 0.03298350 0.00000000 0.08098840
v 0.03267270 0.00000000 0.02327040
v 0.03228420 0.00000000 0.02314240
v 0.03570300 0.00000000 0.08086040
v 0.03515910 0.00000000 0.02429420
v 0.03477060 0.00000000 0.02410220
v 0.03313890 0.00000000 0.08111640
v 0.03306120 0.00000000 0.02346230
v 0.03337200 0.00000000 0.08118040
v 0.03368280 0.00000000 0.02371830
v 0.03655770 0.00000000 0.13761900
v 0.03515910 0.00000000 0.08066840
v 0.03368280 0.00000000 0.08130830
v 0.04269610 0.00000000 0.06991830
v 0.04347310 0.00000000 0.09845740
v 0.04417240 0.00000000 0.09922520
v 0.01759870 0.00000000 0.01738340
v 0.01767640 0.00000000 0.08105240
v 0.01806490 0.00000000 0.01763930
v 0.01790950 0.00000000 0.08118040
v 0.03546990 0.00000000 0.08079640
v 0.03438210 0.00000000 0.02397420
v 0.03640230 0.00000000 0.08118040
v 0.03609150 0.00000000 0.08105240
v 0.03562530 0.00000000 0.02448610
v 0.03624690 0.00000000 0.02474210
v 0.01775410 0.00000000 0.14472100
v 0.01744330 0.00000000 0.08118040
v 0.03585840 0.00000000 0.08092440
v 0.04215220 0.00000000 0.08054050
v 0.04246300 0.00000000 0.02781360
v 0.04215220 0.00000000 0.02762160
v 0.03958810 0.00000000 0.08111640
v 0.03725700 0.00000000 0.02519000
v 0.00617667 0.00000000 0.04515460
v 0.00617667 0.00000000 0.01098450
v 0.03873330 0.00000000 0.02582990
v 0.03912180 0.00000000 0.08086040
v 0.03927720 0.00000000 0.08098840
v 0.03927720 0.00000000 0.02614990
v 0.03989880 0.00000000 0.02646980
v 0.00827459 0.00000000 0.07996460
v 0.01021710 0.00000000 0.14740900
v 0.01013940 0.00000000 0.11381500
v 0.00998401 0.00000000 0.11375100
v 0.00998401 0.00000000 0.08022050
v 0.04044280 0.00000000 0.02672580
v 0.00446725 0.00000000 0.11381500
v 0.04106440 0.00000000 0.02704570
v 0.00027140 0.00000000 0.00829693
v 0.00000000 0.00000000 0.00847272
v 0.00000000 0.00000000 0.00812930
v 0.00602126 0.00000000 0.11375100
v 0.00990631 0.00000000 0.04662630
v 0.00982861 0.00000000 0.01296810
v 0.00975091 0.00000000 0.08009250
v 0.02303780 0.00000000 0.14318600
v 0.01721020 0.00000000 0.08105240
v 0.01721020 0.00000000 0.01719140
v 0.00065990 0.00000000 0.00848891
v 0.00640977 0.00000000 0.11368700
v 0.00804150 0.00000000 0.07983660
v 0.01969660 0.00000000 0.08124430
v 0.00672057 0.00000000 0.07964460
v 0.00749759 0.00000000 0.11368700
v 0.01324750 0.00000000 0.01520770
v 0.01293660 0.00000000 0.01495180
v 0.01293660 0.00000000 0.08092440
v 0.01464610 0.00000000 0.01603960
v 0.01402450 0.00000000 0.01584760
v 0.00819689 0.00000000 0.04598640
v 0.00835229 0.00000000 0.04605040
v 0.00835229 0.00000000 0.01220030
v 0.00944011 0.00000000 0.04630640
v 0.00936241 0.00000000 0.01271220
v 0.00672057 0.00000000 0.11381500
v 0.02614580 0.00000000 0.02096670
v 0.00881850 0.00000000 0.04598640
v 0.00881850 0.00000000 0.01245620
v 0.02902070 0.00000000 0.14094600
v 0.02808830 0.00000000 0.02160660
v 0.02855450 0.00000000 0.08124430
v 0.01643320 0.00000000 0.08098840
v 0.01620010 0.00000000 0.08086040
v 0.01573390 0.00000000 0.08066840
v 0.01643320 0.00000000 0.01680750
v 0.01728790 0.00000000 0.14497700
v 0.00796379 0.00000000 0.04585850
v 0.03073010 0.00000000 0.08118040
v 0.02987540 0.00000000 0.02224650
v 0.03049710 0.00000000 0.08111640
v 0.03026390 0.00000000 0.02237450
v 0.00656518 0.00000000 0.11375100
v 0.01293660 0.00000000 0.14683300
v 0.01270350 0.00000000 0.08079640
v 0.00827459 0.00000000 0.11381500
v 0.03857790 0.00000000 0.08066840
v 0.00951781 0.00000000 0.04637040
v 0.05808090 0.00000000 0.03587620
v 0.05854710 0.00000000 0.04009950
v 0.05885790 0.00000000 0.03984350
v 0.05885790 0.00000000 0.03894770
v 0.00000000 0.00000000 0.12335800
v 0.00000000 0.00000000 0.11464700
v 0.01200420 0.00000000 0.08028450
v 0.01153800 0.00000000 0.08002850
v 0.01068330 0.00000000 0.01348000
v 0.01021710 0.00000000 0.01322410
v 0.01021710 0.00000000 0.08034850
v 0.01177110 0.00000000 0.08015650
v 0.01107180 0.00000000 0.01373600
v 0.03189570 0.00000000 0.02295040
v 0.00000000 0.00000000 0.03577670
v 0.00000000 0.00000000 0.01034710
v 0.00928471 0.00000000 0.11368700
v 0.01604470 0.00000000 0.01661550
v 0.03881110 0.00000000 0.08073240
v 0.03826710 0.00000000 0.02563790
v 0.03764550 0.00000000 0.02538200
v 0.00000000 0.00000000 0.00974886
v 0.00000000 0.00000000 0.00954280
v 0.04269610 0.00000000 0.07049420
v 0.04285150 0.00000000 0.07107010
v 0.04269610 0.00000000 0.06934240
v 0.04324000 0.00000000 0.08847510
v 0.04285150 0.00000000 0.02806950
v 0.04331770 0.00000000 0.08911500
v 0.04324000 0.00000000 0.08809120
v 0.04285150 0.00000000 0.06870250
v 0.04308460 0.00000000 0.06806260
v 0.04347310 0.00000000 0.09839340
v 0.04339540 0.00000000 0.08988290
v 0.04813520 0.00000000 0.13237200
v 0.04393930 0.00000000 0.06665490
v 0.04362850 0.00000000 0.02851750
v 0.04347310 0.00000000 0.06735870
v 0.04487170 0.00000000 0.09999310
v 0.04813520 0.00000000 0.10357600
v 0.04867910 0.00000000 0.10415200
v 0.04557100 0.00000000 0.10076100
v 0.04627030 0.00000000 0.10152900
v 0.04689190 0.00000000 0.10223300
v 0.04510480 0.00000000 0.02934930
v 0.04518250 0.00000000 0.06518310
v 0.04588180 0.00000000 0.06441530
v 0.04751350 0.00000000 0.10287300
v 0.04588180 0.00000000 0.02986120
v 0.04673650 0.00000000 0.06351940
v 0.04766890 0.00000000 0.06268750
v 0.04712500 0.00000000 0.03062910
v 0.04642570 0.00000000 0.03018120
v 0.04914530 0.00000000 0.13192400
v 0.05093240 0.00000000 0.13109200
v 0.04922300 0.00000000 0.10479200
v 0.04875680 0.00000000 0.06172770
v 0.04797980 0.00000000 0.03114100
v 0.04759120 0.00000000 0.03088500
v 0.04976690 0.00000000 0.10530400
v 0.05085470 0.00000000 0.11605400
v 0.05116550 0.00000000 0.11739800
v 0.05046620 0.00000000 0.11291900
v 0.04984460 0.00000000 0.06076790
v 0.04937840 0.00000000 0.03184490
v 0.04891220 0.00000000 0.03165290
v 0.05062160 0.00000000 0.11458300
v 0.05031080 0.00000000 0.10588000
v 0.05380730 0.00000000 0.05756840
v 0.05240870 0.00000000 0.03344460
v 0.05240870 0.00000000 0.05872020
v 0.05116550 0.00000000 0.03280470
v 0.05108780 0.00000000 0.05974410
v 0.05264180 0.00000000 0.13045200
v 0.05155400 0.00000000 0.11861400
v 0.05085470 0.00000000 0.03261270
v 0.05000000 0.00000000 0.03216480
v 0.05240870 0.00000000 0.12053400
v 0.05287490 0.00000000 0.12136500
v 0.05194250 0.00000000 0.11963800
v 0.05194250 0.00000000 0.03318860
v 0.05155400 0.00000000 0.03299670
v 0.05419580 0.00000000 0.12981200
v 0.05551670 0.00000000 0.12904400
v 0.05489510 0.00000000 0.12347700
v 0.05435120 0.00000000 0.12309300
v 0.05380730 0.00000000 0.12258100
v 0.05341880 0.00000000 0.03395650
v 0.05396270 0.00000000 0.03427650
v 0.05536130 0.00000000 0.12379700
v 0.05590520 0.00000000 0.12405300
v 0.05528360 0.00000000 0.05641660
v 0.05435120 0.00000000 0.03446840
v 0.05644910 0.00000000 0.12802000
v 0.05637140 0.00000000 0.12424500
v 0.05520590 0.00000000 0.05027370
v 0.05582750 0.00000000 0.05116950
v 0.05683770 0.00000000 0.12443700
v 0.05730390 0.00000000 0.12661300
v 0.05722620 0.00000000 0.12456500
v 0.05621600 0.00000000 0.03517230
v 0.05621600 0.00000000 0.04349090
v 0.05652680 0.00000000 0.04285100
v 0.05683770 0.00000000 0.05520080
v 0.05644910 0.00000000 0.05193740
v 0.05815860 0.00000000 0.12482100
v 0.04417240 0.00000000 0.02883740
v 0.04331770 0.00000000 0.08732330
v 0.04331770 0.00000000 0.08687540
v 0.04355080 0.00000000 0.07145400
v 0.04324000 0.00000000 0.02826150
v 0.04448320 0.00000000 0.06595100
v 0.04463860 0.00000000 0.02909330
v 0.04549330 0.00000000 0.02960530
v 0.04386160 0.00000000 0.09832940
v 0.04440550 0.00000000 0.09109860
v 0.04448320 0.00000000 0.09826540
v 0.04510480 0.00000000 0.09205850
v 0.04518250 0.00000000 0.09813740
v 0.04564870 0.00000000 0.09301830
v 0.04627030 0.00000000 0.09653770
v 0.04627030 0.00000000 0.09602580
v 0.04619260 0.00000000 0.09468200
v 0.04836830 0.00000000 0.03133300
v 0.05101010 0.00000000 0.11227900
v 0.05077700 0.00000000 0.10639200
v 0.05124320 0.00000000 0.10690400
v 0.05287490 0.00000000 0.03370060
v 0.05209790 0.00000000 0.10780000
v 0.05217560 0.00000000 0.11099900
v 0.05256410 0.00000000 0.10818400
v 0.05271950 0.00000000 0.11048700
v 0.05287490 0.00000000 0.10856800
v 0.05489510 0.00000000 0.03472440
v 0.05675990 0.00000000 0.03536430
v 0.05683770 0.00000000 0.04221110
v 0.05722620 0.00000000 0.04163520
v 0.05559440 0.00000000 0.03498030
v 0.05574980 0.00000000 0.04496260
v 0.05598290 0.00000000 0.04419470
v 0.05839170 0.00000000 0.05385710
v 0.05769240 0.00000000 0.05328120
v 0.05520590 0.00000000 0.04931390
v 0.05520590 0.00000000 0.04835400
v 0.05528360 0.00000000 0.04745820
v 0.05543900 0.00000000 0.04656230
v 0.05559440 0.00000000 0.04573050
v 0.05722620 0.00000000 0.03549220
v 0.05761470 0.00000000 0.04105930
v 0.05761470 0.00000000 0.03568420
v 0.05808090 0.00000000 0.04054740
v 0.05955720 0.00000000 0.03926760
v 0.05955720 0.00000000 0.03645210
v 0.05893560 0.00000000 0.03619610
v 0.06017880 0.00000000 0.03894770
v 0.05901330 0.00000000 0.03965150
v 0.06080040 0.00000000 0.03862770
v 0.06056730 0.00000000 0.03690000
v 0.06002340 0.00000000 0.03664400
v 0.06142200 0.00000000 0.03837180
v 0.06095580 0.00000000 0.03702800
v 0.06134430 0.00000000 0.03722000
v 0.06165510 0.00000000 0.03734790
v 0.06204360 0.00000000 0.03805180
v 0.06188820 0.00000000 0.03766790
v 0.05155400 0.00000000 0.11163900
v 0.05170940 0.00000000 0.10735200
v 0.05334110 0.00000000 0.10997500
v 0.05388500 0.00000000 0.10952700
v 0.05357420 0.00000000 0.10920800
v 0.05326340 0.00000000 0.10888800
v 0.04324000 0.00000000 0.08770720
v 0.04362850 0.00000000 0.08367590
v 0.04417240 0.00000000 0.07183800
v 0.04564870 0.00000000 0.09788150
v 0.04526020 0.00000000 0.07273380
v 0.04557100 0.00000000 0.07926070
v 0.04564870 0.00000000 0.07311780
v 0.04479400 0.00000000 0.07228590
v 0.04510480 0.00000000 0.07983660
v 0.04595950 0.00000000 0.09736960
v 0.04611490 0.00000000 0.09698560
v 0.04595950 0.00000000 0.09385020
v 0.04627030 0.00000000 0.09538590
v 0.04588180 0.00000000 0.07868480
v 0.04603720 0.00000000 0.07356570
v 0.04619260 0.00000000 0.07810890
v 0.04634800 0.00000000 0.07407760
v 0.04331770 0.00000000 0.08642740
v 0.04339540 0.00000000 0.08591550
v 0.04339540 0.00000000 0.08540360
v 0.04347310 0.00000000 0.08489170
v 0.04355080 0.00000000 0.08431580
v 0.04370620 0.00000000 0.08310000
v 0.04456090 0.00000000 0.08041250
v 0.04378390 0.00000000 0.08239610
v 0.04386160 0.00000000 0.08175630
v 0.04401700 0.00000000 0.08105240
v 0.04650340 0.00000000 0.07759700
v 0.04665880 0.00000000 0.07702110
v 0.04658110 0.00000000 0.07452550
v 0.04673650 0.00000000 0.07650920
v 0.04673650 0.00000000 0.07503740
v 0.04681420 0.00000000 0.07599730
v 0.04681420 0.00000000 0.07548530
v 0.05714840 0.00007771 0.05283320
v 0.05380730 0.00000000 0.12610100
v 0.05380730 0.00000000 0.12622900
v 0.05334110 0.00007771 0.12174900
v 0.01588930 0.01756040 0.00855289
v 0.01627780 0.01756040 0.00868087
v 0.01550080 0.01756040 0.00836092
v 0.01480150 0.01756040 0.00810497
v 0.01456840 0.01756040 0.00791300
v 0.01417990 0.01756040 0.00765705
v 0.01386910 0.01756040 0.00740108
v 0.01355830 0.01756040 0.00714514
v 0.01316980 0.01756040 0.00688918
v 0.01278120 0.01756040 0.00663323
v 0.01239270 0.01756040 0.00637727
v 0.01192650 0.01756040 0.00605732
v 0.01146030 0.01756040 0.00580137
v 0.01099410 0.01756040 0.00548141
v 0.01052790 0.01756040 0.00522547
v 0.01006170 0.01756040 0.00490553
v 0.00951781 0.01756040 0.00464957
v 0.00897390 0.01756040 0.00432963
v 0.00843000 0.01756040 0.00400967
v 0.00780839 0.01756040 0.00368972
v 0.00726448 0.01756040 0.00336979
v 0.00664288 0.01756040 0.00304984
v 0.00602126 0.01756040 0.00272990
v 0.00532196 0.01756040 0.00234596
v 0.00462265 0.01756040 0.00209000
v 0.00392334 0.01756040 0.00183405
v 0.00330174 0.01756040 0.00157809
v 0.00268013 0.01756040 0.00132214
v 0.00213623 0.01756040 0.00106618
v 0.00159232 0.01756040 0.00081023
v 0.00112611 0.01756040 0.00061826
v 0.00065990 0.01756040 0.00036230
v 0.00019370 0.01756040 0.00010635
v 0.00000000 0.01242840 0.00237501
v 0.00000000 0.01756040 0.00000000
v 0.00000000 0.00876257 0.00408215
v 0.00000000 0.00511143 0.00578246
v 0.00000000 0.00364812 0.00852585
v 0.00000000 0.00717257 0.15290900
v 0.00042681 0.01756040 0.15796700
v 0.00000000 0.01756040 0.15802600
v 0.00135921 0.01756040 0.15783900
v 0.00221393 0.01756040 0.15764700
v 0.00314634 0.01756040 0.15739100
v 0.00485576 0.01756040 0.15694300
v 0.00656518 0.01756040 0.15662300
v 0.00835229 0.01756040 0.15630300
v 0.01052790 0.01756040 0.15598300
v 0.01355830 0.01756040 0.15534400
v 0.01790950 0.01756040 0.15355200
v 0.01845340 0.01756040 0.15323200
v 0.01899730 0.01756040 0.15297600
v 0.01954120 0.01756040 0.15272000
v 0.02008510 0.01756040 0.15259200
v 0.02070670 0.01756040 0.15240000
v 0.02132840 0.01756040 0.15220800
v 0.02202770 0.01756040 0.15208000
v 0.02288240 0.01756040 0.15182400
v 0.02381480 0.01756040 0.15156800
v 0.02490260 0.01756040 0.15118400
v 0.02622350 0.01756040 0.15073600
v 0.02769980 0.01756040 0.15022400
v 0.02948690 0.01756040 0.14952100
v 0.03158490 0.01756040 0.14862500
v 0.00034911 0.03512080 0.11451900
v 0.00042681 0.03512080 0.11413500
v 0.00034911 0.03512080 0.14932900
v 0.00000000 0.03512080 0.13374600
v 0.00000000 0.03512080 0.11810700
v 0.00000000 0.03512080 0.14935500
v 0.00120381 0.03512080 0.14920100
v 0.00027140 0.03512080 0.04502660
v 0.00000000 0.03512080 0.04513840
v 0.00000000 0.03512080 0.02993970
v 0.00003830 0.03512080 0.07990060
v 0.00000000 0.03512080 0.07648130
v 0.00000000 0.03512080 0.07133660
v 0.00112611 0.03512080 0.07894080
v 0.00135921 0.03512080 0.07906870
v 0.00120381 0.03512080 0.11407100
v 0.00097071 0.03512080 0.07887680
v 0.00112611 0.03512080 0.11400700
v 0.01021710 0.03512080 0.14740900
v 0.00998401 0.03512080 0.11375100
v 0.01013940 0.03512080 0.11381500
v 0.00174772 0.03512080 0.07900470
v 0.00135921 0.03512080 0.04400280
v 0.00159232 0.03512080 0.04393880
v 0.00190312 0.03512080 0.11400700
v 0.00167002 0.03512080 0.11407100
v 0.00485576 0.03512080 0.11375100
v 0.00369024 0.03512080 0.07932470
v 0.00446725 0.03512080 0.07913270
v 0.00283554 0.03512080 0.14888100
v 0.00213623 0.03512080 0.11413500
v 0.00252473 0.03512080 0.11407100
v 0.00198082 0.03512080 0.07913270
v 0.00221393 0.03512080 0.04425870
v 0.00221393 0.03512080 0.07919670
v 0.00190312 0.03512080 0.04413070
v 0.00229163 0.03512080 0.00932076
v 0.00213623 0.03512080 0.04425870
v 0.00128152 0.03512080 0.11413500
v 0.00477806 0.03512080 0.07926070
v 0.01293660 0.03512080 0.14683300
v 0.01177110 0.03512080 0.08015650
v 0.01200420 0.03512080 0.08028450
v 0.00741988 0.03512080 0.04553850
v 0.00757528 0.03512080 0.04560250
v 0.00749759 0.03512080 0.07951660
v 0.00664288 0.03512080 0.14798500
v 0.00532196 0.03512080 0.11394300
v 0.00602126 0.03512080 0.11375100
v 0.00975091 0.03512080 0.11362300
v 0.00982861 0.03512080 0.11368700
v 0.00539966 0.03512080 0.07951660
v 0.00640977 0.03512080 0.11368700
v 0.00128152 0.03512080 0.04393880
v 0.00508886 0.03512080 0.07938870
v 0.00501116 0.03512080 0.04489860
v 0.00532196 0.03512080 0.04502660
v 0.00485576 0.03512080 0.04489860
v 0.00508886 0.03512080 0.11387900
v 0.00415645 0.03512080 0.04457870
v 0.00376795 0.03512080 0.04470670
v 0.00376795 0.03512080 0.01002460
v 0.00438955 0.03512080 0.04470670
v 0.00431186 0.03512080 0.01021660
v 0.01215960 0.03512080 0.08041250
v 0.00493346 0.03512080 0.11381500
v 0.00454496 0.03512080 0.04477060
v 0.01239270 0.03512080 0.08054050
v 0.00268013 0.03512080 0.11400700
v 0.00283554 0.03512080 0.11407100
v 0.00058221 0.03512080 0.04368280
v 0.00081531 0.03512080 0.04368280
v 0.00205853 0.03512080 0.14907300
v 0.00050451 0.03512080 0.07887680
v 0.00104841 0.03512080 0.04381080
v 0.00198082 0.03512080 0.11407100
v 0.00143691 0.03512080 0.00893684
v 0.00182542 0.03512080 0.00912879
v 0.00182542 0.03512080 0.04406680
v 0.00252473 0.03512080 0.07913270
v 0.00244703 0.03512080 0.04425870
v 0.00275783 0.03512080 0.07926070
v 0.00291323 0.03512080 0.11413500
v 0.00275783 0.03512080 0.04438670
v 0.00306865 0.03512080 0.07932470
v 0.00361254 0.03512080 0.14868900
v 0.00330174 0.03512080 0.11400700
v 0.00314634 0.03512080 0.04457870
v 0.00299094 0.03512080 0.04451470
v 0.00337944 0.03512080 0.04451470
v 0.00322403 0.03512080 0.00976868
v 0.00019370 0.03512080 0.11458300
v 0.00275783 0.03512080 0.00957671
v 0.00027140 0.03512080 0.07977260
v 0.00019370 0.03512080 0.01028060
v 0.00034911 0.03512080 0.04457870
v 0.00345715 0.03512080 0.07926070
v 0.00353484 0.03512080 0.11394300
v 0.00000000 0.03512080 0.07990060
v 0.00000000 0.03512080 0.10377500
v 0.00000000 0.03512080 0.05558890
v 0.00000000 0.03512080 0.04954330
v 0.00446725 0.03512080 0.11381500
v 0.00361254 0.03512080 0.04464270
v 0.00516656 0.03512080 0.14830500
v 0.00547736 0.03512080 0.04509060
v 0.00617667 0.03512080 0.07932470
v 0.00268013 0.03512080 0.04432270
v 0.02552420 0.03512080 0.14229000
v 0.02420330 0.03512080 0.14280200
v 0.02420330 0.03512080 0.08162830
v 0.00827459 0.03512080 0.14772900
v 0.00804150 0.03512080 0.11368700
v 0.00819689 0.03512080 0.11375100
v 0.00780839 0.03512080 0.07964460
v 0.00788609 0.03512080 0.11362300
v 0.00796379 0.03512080 0.04585850
v 0.00835229 0.03512080 0.01220030
v 0.00819689 0.03512080 0.04598640
v 0.00734218 0.03512080 0.01162440
v 0.00780839 0.03512080 0.01188030
v 0.01503460 0.03512080 0.08022050
v 0.01324750 0.03512080 0.01520770
v 0.01348060 0.03512080 0.01539970
v 0.00097071 0.03512080 0.04381080
v 0.00027140 0.03512080 0.00829693
v 0.00000000 0.03512080 0.00812930
v 0.00000000 0.03512080 0.00847272
v 0.02303780 0.03512080 0.08169230
v 0.02303780 0.03512080 0.14318600
v 0.00089301 0.03512080 0.11407100
v 0.00369024 0.03512080 0.11400700
v 0.00640977 0.03512080 0.07951660
v 0.01519000 0.03512080 0.08034850
v 0.02397020 0.03512080 0.08156430
v 0.02420330 0.03512080 0.02045480
v 0.02521340 0.03512080 0.08143630
v 0.02614580 0.03512080 0.02096670
v 0.02583500 0.03512080 0.08162830
v 0.02490260 0.03512080 0.08137230
v 0.03111870 0.03512080 0.08130830
v 0.03368280 0.03512080 0.13889800
v 0.03111870 0.03512080 0.13998600
v 0.01682170 0.03512080 0.14529700
v 0.01542310 0.03512080 0.08054050
v 0.01573390 0.03512080 0.08066840
v 0.01604470 0.03512080 0.08079640
v 0.02125060 0.03512080 0.14376200
v 0.02086210 0.03512080 0.08130830
v 0.02117290 0.03512080 0.08150030
v 0.02202770 0.03512080 0.14350600
v 0.02148370 0.03512080 0.08162830
v 0.02187230 0.03512080 0.08150030
v 0.01464610 0.03512080 0.01603960
v 0.02490260 0.03512080 0.02064680
v 0.02218310 0.03512080 0.08169230
v 0.02264930 0.03512080 0.08150030
v 0.02233850 0.03512080 0.01987890
v 0.02171690 0.03512080 0.01955900
v 0.01728790 0.03512080 0.14497700
v 0.01682170 0.03512080 0.08111640
v 0.01705480 0.03512080 0.08098840
v 0.02000740 0.03512080 0.01859910
v 0.02055130 0.03512080 0.01891910
v 0.02024050 0.03512080 0.08130830
v 0.01721020 0.03512080 0.08105240
v 0.02707820 0.03512080 0.08150030
v 0.02661200 0.03512080 0.08130830
v 0.02707820 0.03512080 0.02128670
v 0.01721020 0.03512080 0.01719140
v 0.01759870 0.03512080 0.01738340
v 0.01643320 0.03512080 0.08098840
v 0.01658860 0.03512080 0.08105240
v 0.01402450 0.03512080 0.01584760
v 0.02117290 0.03512080 0.01923900
v 0.02801060 0.03512080 0.08111640
v 0.02715590 0.03512080 0.14165000
v 0.02047360 0.03512080 0.14395400
v 0.01985200 0.03512080 0.14408100
v 0.01992970 0.03512080 0.08137230
v 0.02886530 0.03512080 0.08137230
v 0.02855450 0.03512080 0.08124430
v 0.02878760 0.03512080 0.02186260
v 0.01969660 0.03512080 0.08124430
v 0.02055130 0.03512080 0.08143630
v 0.02808830 0.03512080 0.02160660
v 0.03018620 0.03512080 0.08098840
v 0.02917610 0.03512080 0.02199060
v 0.02956460 0.03512080 0.02211850
v 0.03073010 0.03512080 0.08118040
v 0.03088560 0.03512080 0.08124430
v 0.03034160 0.03512080 0.08105240
v 0.03049710 0.03512080 0.08111640
v 0.03236190 0.03512080 0.08079640
v 0.03259500 0.03512080 0.08086040
v 0.03065250 0.03512080 0.02250250
v 0.03104100 0.03512080 0.02269450
v 0.03150720 0.03512080 0.02282240
v 0.01915270 0.03512080 0.08118040
v 0.01884190 0.03512080 0.08124430
v 0.01899730 0.03512080 0.01808720
v 0.01254810 0.03512080 0.08066840
v 0.01938580 0.03512080 0.08130830
v 0.01923040 0.03512080 0.14427300
v 0.01954120 0.03512080 0.01834320
v 0.01860880 0.03512080 0.08111640
v 0.01837570 0.03512080 0.08118040
v 0.01853110 0.03512080 0.01783130
v 0.01876420 0.03512080 0.14440100
v 0.01822030 0.03512080 0.14452900
v 0.01814260 0.03512080 0.08105240
v 0.00672057 0.03512080 0.11381500
v 0.00749759 0.03512080 0.11368700
v 0.00780839 0.03512080 0.04579450
v 0.00672057 0.03512080 0.07964460
v 0.01790950 0.03512080 0.08118040
v 0.03655770 0.03512080 0.13761900
v 0.03368280 0.03512080 0.08130830
v 0.03189570 0.03512080 0.02295040
v 0.03275040 0.03512080 0.08092440
v 0.03515910 0.03512080 0.08066840
v 0.03368280 0.03512080 0.02371830
v 0.03306120 0.03512080 0.02346230
v 0.03337200 0.03512080 0.08118040
v 0.03313890 0.03512080 0.08111640
v 0.03989880 0.03512080 0.13614700
v 0.03857790 0.03512080 0.08066840
v 0.03881110 0.03512080 0.08073240
v 0.03989880 0.03512080 0.02646980
v 0.04184140 0.03512080 0.08041250
v 0.03989880 0.03512080 0.08130830
v 0.04044280 0.03512080 0.02672580
v 0.04215220 0.03512080 0.08054050
v 0.01767640 0.03512080 0.08105240
v 0.01775410 0.03512080 0.14472100
v 0.01806490 0.03512080 0.01763930
v 0.01744330 0.03512080 0.08118040
v 0.00881850 0.03512080 0.04598640
v 0.00835229 0.03512080 0.04605040
v 0.00920700 0.03512080 0.04617840
v 0.00951781 0.03512080 0.07996460
v 0.00928471 0.03512080 0.07977260
v 0.03515910 0.03512080 0.02429420
v 0.03585840 0.03512080 0.08092440
v 0.03570300 0.03512080 0.08086040
v 0.04160830 0.03512080 0.02736570
v 0.04269610 0.03512080 0.08086040
v 0.04238530 0.03512080 0.08073240
v 0.00000000 0.03512080 0.11458300
v 0.04106440 0.03512080 0.02704570
v 0.04378390 0.03512080 0.13435500
v 0.03912180 0.03512080 0.08086040
v 0.03873330 0.03512080 0.02582990
v 0.03927720 0.03512080 0.08098840
v 0.03927720 0.03512080 0.02614990
v 0.03958810 0.03512080 0.08111640
v 0.00633207 0.03512080 0.04528260
v 0.04681420 0.03512080 0.07599730
v 0.04673650 0.03512080 0.07650920
v 0.04681420 0.03512080 0.07548530
v 0.00827459 0.03512080 0.07996460
v 0.04362850 0.03512080 0.08367590
v 0.04355080 0.03512080 0.08431580
v 0.04355080 0.03512080 0.07145400
v 0.00493346 0.03512080 0.01047260
v 0.00563277 0.03512080 0.01072850
v 0.00617667 0.03512080 0.01098450
v 0.00586587 0.03512080 0.04502660
v 0.00656518 0.03512080 0.11375100
v 0.01270350 0.03512080 0.08079640
v 0.01293660 0.03512080 0.08092440
v 0.01254810 0.03512080 0.01475980
v 0.01487920 0.03512080 0.08009250
v 0.01184880 0.03512080 0.01424790
v 0.01223730 0.03512080 0.01450390
v 0.00804150 0.03512080 0.07983660
v 0.00998401 0.03512080 0.08022050
v 0.00975091 0.03512080 0.08009250
v 0.00990631 0.03512080 0.04662630
v 0.00065990 0.03512080 0.00848891
v 0.00672057 0.03512080 0.04547450
v 0.00710908 0.03512080 0.04541050
v 0.00679827 0.03512080 0.01130440
v 0.00656518 0.03512080 0.04541050
v 0.02365940 0.03512080 0.02032690
v 0.02358170 0.03512080 0.08150030
v 0.01620010 0.03512080 0.08086040
v 0.00982861 0.03512080 0.01296810
v 0.01021710 0.03512080 0.01322410
v 0.00827459 0.03512080 0.11381500
v 0.02902070 0.03512080 0.14094600
v 0.02909840 0.03512080 0.08143630
v 0.01604470 0.03512080 0.01661550
v 0.00617667 0.03512080 0.04515460
v 0.01565620 0.03512080 0.01648750
v 0.01682170 0.03512080 0.01699940
v 0.01643320 0.03512080 0.01680750
v 0.00905161 0.03512080 0.04611440
v 0.00881850 0.03512080 0.01245620
v 0.00936241 0.03512080 0.01271220
v 0.00104841 0.03512080 0.00868087
v 0.00928471 0.03512080 0.11368700
v 0.03764550 0.03512080 0.02538200
v 0.03671310 0.03512080 0.08130830
v 0.01021710 0.03512080 0.08034850
v 0.03725700 0.03512080 0.02519000
v 0.03842250 0.03512080 0.08054050
v 0.03686850 0.03512080 0.02499810
v 0.03546990 0.03512080 0.08079640
v 0.03477060 0.03512080 0.02410220
v 0.03609150 0.03512080 0.08105240
v 0.03640230 0.03512080 0.08118040
v 0.03624690 0.03512080 0.02474210
v 0.00951781 0.03512080 0.04637040
v 0.03826710 0.03512080 0.02563790
v 0.01153800 0.03512080 0.08002850
v 0.01068330 0.03512080 0.01348000
v 0.01146030 0.03512080 0.01399190
v 0.01107180 0.03512080 0.01373600
v 0.04673650 0.03512080 0.07503740
v 0.05388500 0.03512080 0.10952700
v 0.05334110 0.03512080 0.10997500
v 0.05357420 0.03512080 0.10920800
v 0.04665880 0.03512080 0.07702110
v 0.04650340 0.03512080 0.07759700
v 0.04658110 0.03512080 0.07452550
v 0.04588180 0.03512080 0.06441530
v 0.04510480 0.03512080 0.02934930
v 0.04549330 0.03512080 0.02960530
v 0.04619260 0.03512080 0.07810890
v 0.04634800 0.03512080 0.07407760
v 0.04627030 0.03512080 0.09653770
v 0.04619260 0.03512080 0.09468200
v 0.04627030 0.03512080 0.09602580
v 0.04588180 0.03512080 0.07868480
v 0.04603720 0.03512080 0.07356570
v 0.04557100 0.03512080 0.07926070
v 0.04564870 0.03512080 0.07311780
v 0.04510480 0.03512080 0.07983660
v 0.04526020 0.03512080 0.07273380
v 0.04456090 0.03512080 0.08041250
v 0.04479400 0.03512080 0.07228590
v 0.04401700 0.03512080 0.08105240
v 0.04417240 0.03512080 0.07183800
v 0.04324000 0.03512080 0.08847510
v 0.04331770 0.03512080 0.08911500
v 0.04386160 0.03512080 0.08175630
v 0.04378390 0.03512080 0.08239610
v 0.04370620 0.03512080 0.08310000
v 0.04347310 0.03512080 0.08489170
v 0.04339540 0.03512080 0.08540360
v 0.04339540 0.03512080 0.08591550
v 0.04331770 0.03512080 0.08642740
v 0.04331770 0.03512080 0.08687540
v 0.04269610 0.03512080 0.07049420
v 0.04285150 0.03512080 0.07107010
v 0.04331770 0.03512080 0.08732330
v 0.04324000 0.03512080 0.08770720
v 0.04324000 0.03512080 0.08809120
v 0.04285150 0.03512080 0.02806950
v 0.04308460 0.03512080 0.06806260
v 0.04285150 0.03512080 0.06870250
v 0.04627030 0.03512080 0.09538590
v 0.04611490 0.03512080 0.09698560
v 0.04595950 0.03512080 0.09736960
v 0.04564870 0.03512080 0.09788150
v 0.04595950 0.03512080 0.09385020
v 0.04518250 0.03512080 0.09813740
v 0.04448320 0.03512080 0.09826540
v 0.04510480 0.03512080 0.09205850
v 0.04564870 0.03512080 0.09301830
v 0.04339540 0.03512080 0.08988290
v 0.04440550 0.03512080 0.09109860
v 0.04386160 0.03512080 0.09832940
v 0.05287490 0.03512080 0.10856800
v 0.05326340 0.03512080 0.10888800
v 0.05271950 0.03512080 0.11048700
v 0.06204360 0.03512080 0.03805180
v 0.06142200 0.03512080 0.03837180
v 0.06165510 0.03512080 0.03734790
v 0.05240870 0.03512080 0.05872020
v 0.05155400 0.03512080 0.03299670
v 0.05194250 0.03512080 0.03318860
v 0.05217560 0.03512080 0.11099900
v 0.05256410 0.03512080 0.10818400
v 0.05170940 0.03512080 0.10735200
v 0.05209790 0.03512080 0.10780000
v 0.05155400 0.03512080 0.11163900
v 0.05093240 0.03512080 0.13109200
v 0.05062160 0.03512080 0.11458300
v 0.05085470 0.03512080 0.11605400
v 0.05101010 0.03512080 0.11227900
v 0.05124320 0.03512080 0.10690400
v 0.05046620 0.03512080 0.11291900
v 0.05077700 0.03512080 0.10639200
v 0.06188820 0.03512080 0.03766790
v 0.04976690 0.03512080 0.10530400
v 0.05031080 0.03512080 0.10588000
v 0.04984460 0.03512080 0.06076790
v 0.04891220 0.03512080 0.03165290
v 0.04937840 0.03512080 0.03184490
v 0.05000000 0.03512080 0.03216480
v 0.05808090 0.03512080 0.03587620
v 0.05893560 0.03512080 0.03619610
v 0.05885790 0.03512080 0.03894770
v 0.06080040 0.03512080 0.03862770
v 0.06095580 0.03512080 0.03702800
v 0.06134430 0.03512080 0.03722000
v 0.05885790 0.03512080 0.03984350
v 0.05854710 0.03512080 0.04009950
v 0.06017880 0.03512080 0.03894770
v 0.06056730 0.03512080 0.03690000
v 0.05955720 0.03512080 0.03645210
v 0.06002340 0.03512080 0.03664400
v 0.05955720 0.03512080 0.03926760
v 0.04347310 0.03512080 0.09839340
v 0.05808090 0.03512080 0.04054740
v 0.05901330 0.03512080 0.03965150
v 0.05730390 0.03512080 0.12661300
v 0.05683770 0.03512080 0.12443700
v 0.05722620 0.03512080 0.12456500
v 0.05761470 0.03512080 0.04105930
v 0.05761470 0.03512080 0.03568420
v 0.05722620 0.03512080 0.04163520
v 0.05675990 0.03512080 0.03536430
v 0.05722620 0.03512080 0.03549220
v 0.05683770 0.03512080 0.04221110
v 0.05621600 0.03512080 0.03517230
v 0.05683770 0.03512080 0.05520080
v 0.05528360 0.03512080 0.05641660
v 0.05582750 0.03512080 0.05116950
v 0.05621600 0.03512080 0.04349090
v 0.05559440 0.03512080 0.03498030
v 0.05652680 0.03512080 0.04285100
v 0.05574980 0.03512080 0.04496260
v 0.05559440 0.03512080 0.04573050
v 0.05489510 0.03512080 0.03472440
v 0.05520590 0.03512080 0.05027370
v 0.05598290 0.03512080 0.04419470
v 0.05435120 0.03512080 0.03446840
v 0.05543900 0.03512080 0.04656230
v 0.05528360 0.03512080 0.04745820
v 0.05520590 0.03512080 0.04835400
v 0.05520590 0.03512080 0.04931390
v 0.05380730 0.03512080 0.05756840
v 0.05396270 0.03512080 0.03427650
v 0.05240870 0.03512080 0.03344460
v 0.05341880 0.03512080 0.03395650
v 0.05287490 0.03512080 0.03370060
v 0.05108780 0.03512080 0.05974410
v 0.05085470 0.03512080 0.03261270
v 0.05116550 0.03512080 0.03280470
v 0.04875680 0.03512080 0.06172770
v 0.04759120 0.03512080 0.03088500
v 0.04797980 0.03512080 0.03114100
v 0.04836830 0.03512080 0.03133300
v 0.04766890 0.03512080 0.06268750
v 0.04712500 0.03512080 0.03062910
v 0.04642570 0.03512080 0.03018120
v 0.04673650 0.03512080 0.06351940
v 0.04588180 0.03512080 0.02986120
v 0.04518250 0.03512080 0.06518310
v 0.04463860 0.03512080 0.02909330
v 0.04393930 0.03512080 0.06665490
v 0.04347310 0.03512080 0.06735870
v 0.04362850 0.03512080 0.02851750
v 0.04448320 0.03512080 0.06595100
v 0.04417240 0.03512080 0.02883740
v 0.04324000 0.03512080 0.02826150
v 0.04269610 0.03512080 0.06934240
v 0.04246300 0.03512080 0.02781360
v 0.04269610 0.03512080 0.06991830
v 0.04215220 0.03512080 0.02762160
v 0.05644910 0.03512080 0.12802000
v 0.05551670 0.03512080 0.12904400
v 0.05590520 0.03512080 0.12405300
v 0.05815860 0.03512080 0.12482100
v 0.05637140 0.03512080 0.12424500
v 0.05435120 0.03512080 0.12309300
v 0.05489510 0.03512080 0.12347700
v 0.05536130 0.03512080 0.12379700
v 0.05419580 0.03512080 0.12981200
v 0.04914530 0.03512080 0.13192400
v 0.04922300 0.03512080 0.10479200
v 0.05116550 0.03512080 0.11739800
v 0.04813520 0.03512080 0.13237200
v 0.04867910 0.03512080 0.10415200
v 0.04813520 0.03512080 0.10357600
v 0.04689190 0.03512080 0.10223300
v 0.04751350 0.03512080 0.10287300
v 0.04557100 0.03512080 0.10076100
v 0.04627030 0.03512080 0.10152900
v 0.04347310 0.03512080 0.09845740
v 0.04417240 0.03512080 0.09922520
v 0.04487170 0.03512080 0.09999310
v 0.03562530 0.03512080 0.02448610
v 0.03267270 0.03512080 0.02327040
v 0.03438210 0.03512080 0.02397420
v 0.03298350 0.03512080 0.08098840
v 0.03228420 0.03512080 0.02314240
v 0.03026390 0.03512080 0.02237450
v 0.02987540 0.03512080 0.02224650
v 0.02296010 0.03512080 0.02019890
v 0.01293660 0.03512080 0.01495180
v 0.01534540 0.03512080 0.01635950
v 0.00944011 0.03512080 0.04630640
v 0.00000000 0.03512080 0.01034900
v 0.00000000 0.03512080 0.00954280
v 0.00000000 0.03512080 0.00974886
v 0.00000000 0.03512080 0.00990278
v 0.00000000 0.03512080 0.00997431
v 0.00000000 0.03512080 0.01005900
v 0.00000000 0.03512080 0.01012110
v 0.03407130 0.01756040 0.14760100
v 0.03686850 0.01756040 0.14638500
v 0.04013200 0.01756040 0.14497700
v 0.04386160 0.01756040 0.14325000
v 0.04821290 0.01756040 0.14133000
v 0.05310800 0.01756040 0.13902600
v 0.05419580 0.01756040 0.13851400
v 0.05629370 0.01756040 0.13761900
v 0.05823630 0.01756040 0.13691500
v 0.05994570 0.01756040 0.13614700
v 0.05559440 0.00411815 0.13128400
v 0.05543900 0.00411815 0.13134800
v 0.05536130 0.00411815 0.13141200
v 0.05512820 0.00411815 0.13147600
v 0.05380730 0.00000000 0.13000400
v 0.05318570 0.00007771 0.13026000
v 0.05372960 0.00007771 0.13006800
v 0.05489510 0.00411815 0.13160400
v 0.05481740 0.00411815 0.13160400
v 0.05442890 0.00411815 0.13179600
v 0.05435120 0.00388505 0.13173200
v 0.05427350 0.00380734 0.13173200
v 0.05380730 0.00287493 0.13141200
v 0.05349650 0.00233102 0.13128400
v 0.05318570 0.00163172 0.13102800
v 0.05380730 0.00007771 0.13000400
v 0.05427350 0.00007771 0.12981200
v 0.06142200 0.01756040 0.13531500
v 0.05691530 0.00411815 0.13051600
v 0.05675990 0.00411815 0.13058000
v 0.05668220 0.00411815 0.13064400
v 0.05652680 0.00411815 0.13070800
v 0.05629370 0.00411815 0.13083600
v 0.05621600 0.00411815 0.13090000
v 0.05613830 0.00411815 0.13096400
v 0.05582750 0.00411815 0.13115600
v 0.05442890 0.00007771 0.12974800
v 0.05473970 0.00007771 0.12955600
v 0.05481740 0.00007771 0.12949200
v 0.05497280 0.00007771 0.12942800
v 0.05520590 0.00007771 0.12923600
v 0.05536130 0.00007771 0.12917200
v 0.05551670 0.00007771 0.12910800
v 0.05761470 0.00411815 0.12974800
v 0.06250980 0.01756040 0.13416300
v 0.05761470 0.00388505 0.12962000
v 0.05753690 0.00388505 0.12962000
v 0.05769240 0.00411815 0.12968400
v 0.05551670 0.00007771 0.12904400
v 0.05753690 0.00411815 0.12987600
v 0.05567210 0.00007771 0.12891600
v 0.05637140 0.00046621 0.12853200
v 0.05621600 0.00007771 0.12834000
v 0.05637140 0.00062161 0.12859600
v 0.05652680 0.00116551 0.12878800
v 0.05660450 0.00139862 0.12885200
v 0.05675990 0.00178712 0.12904400
v 0.05683770 0.00209792 0.12917200
v 0.05745930 0.00365194 0.12955600
v 0.05753690 0.00380734 0.12962000
v 0.05613830 0.00007771 0.12840400
v 0.05598290 0.00007771 0.12866000
v 0.05590520 0.00007771 0.12872400
v 0.06344220 0.01756040 0.13256300
v 0.06437460 0.01756040 0.13058000
v 0.06375300 0.01756040 0.13038800
v 0.06328680 0.01756040 0.13026000
v 0.06282060 0.01756040 0.13013200
v 0.06235440 0.01756040 0.12994000
v 0.06181050 0.01756040 0.12974800
v 0.06126660 0.01756040 0.12942800
v 0.06064500 0.01756040 0.12904400
v 0.06010110 0.01756040 0.12859600
v 0.05955720 0.01756040 0.12808400
v 0.05893560 0.01756040 0.12744400
v 0.05839170 0.01756040 0.12667600
v 0.05303030 0.00007771 0.12149300
v 0.05287490 0.00007771 0.12136500
v 0.05341880 0.00178712 0.12187700
v 0.05784780 0.01756040 0.12578100
v 0.05334110 0.00178712 0.12181300
v 0.05318570 0.00264183 0.12130100
v 0.05334110 0.00178712 0.12174900
v 0.05279720 0.00007771 0.12123700
v 0.05271950 0.00000000 0.12110900
v 0.05248640 0.00000000 0.12066200
v 0.05738150 0.01756040 0.12475700
v 0.05318570 0.00271954 0.12117300
v 0.05209790 0.00007771 0.11995800
v 0.05194250 0.00007771 0.11963800
v 0.05233100 0.00000000 0.12040600
v 0.05310800 0.00279723 0.12117300
v 0.05295260 0.00326344 0.12059800
v 0.05303030 0.00303033 0.12085400
v 0.05691530 0.01756040 0.12360500
v 0.05287490 0.00334114 0.12040600
v 0.05279720 0.00349654 0.12002200
v 0.05264180 0.00357424 0.11963800
v 0.05271950 0.00349654 0.11989400
v 0.05194250 0.00007771 0.11957400
v 0.05155400 0.00007771 0.11861400
v 0.05652680 0.01756040 0.12226100
v 0.05256410 0.00357424 0.11931800
v 0.05139860 0.00007771 0.11797400
v 0.05124320 0.00007771 0.11746200
v 0.05147630 0.00007771 0.11823000
v 0.05248640 0.00357424 0.11899800
v 0.05248640 0.00411815 0.11874200
v 0.05240870 0.00357424 0.11887000
v 0.05248640 0.00411815 0.11855000
v 0.05240870 0.00411815 0.11855000
v 0.05621600 0.01756040 0.12072600
v 0.05233100 0.00411815 0.11816600
v 0.05124320 0.00007771 0.11739800
v 0.05093240 0.00007771 0.11631000
v 0.05217560 0.00411815 0.11746200
v 0.05209790 0.00411815 0.11720600
v 0.05101010 0.00046621 0.11624600
v 0.05590520 0.01756040 0.11906200
v 0.05209790 0.00411815 0.11707800
v 0.05209790 0.00411815 0.11675800
v 0.05108780 0.00062161 0.11618200
v 0.05186480 0.00411815 0.11567000
v 0.05124320 0.00132092 0.11605400
v 0.05147630 0.00225333 0.11586200
v 0.05178710 0.00388505 0.11560600
v 0.05574980 0.01756040 0.11720600
v 0.05186480 0.00411815 0.11554200
v 0.05637140 0.01756040 0.11643800
v 0.05699300 0.01756040 0.11573400
v 0.05761470 0.01756040 0.11503100
v 0.05823630 0.01756040 0.11445500
v 0.05893560 0.01756040 0.11387900
v 0.05963490 0.01756040 0.11336700
v 0.05924640 0.01756040 0.11304700
v 0.05885790 0.01756040 0.11266300
v 0.05846940 0.01756040 0.11227900
v 0.05808090 0.01756040 0.11189500
v 0.05761470 0.01756040 0.11138300
v 0.05714840 0.01756040 0.11093500
v 0.05660450 0.01756040 0.11042300
v 0.05613830 0.01756040 0.10984700
v 0.05551670 0.01756040 0.10927200
v 0.05497280 0.01756040 0.10869600
v 0.05435120 0.01756040 0.10805600
v 0.05372960 0.01756040 0.10735200
v 0.05310800 0.01756040 0.10664800
v 0.05240870 0.01756040 0.10594400
v 0.05170940 0.01756040 0.10517600
v 0.05101010 0.01756040 0.10440800
v 0.05023310 0.01756040 0.10357600
v 0.04945610 0.01756040 0.10268100
v 0.04867910 0.01756040 0.10184900
v 0.04790200 0.01756040 0.10095300
v 0.04782430 0.01756040 0.10088900
v 0.04790200 0.01756040 0.10088900
v 0.04867910 0.01756040 0.10076100
v 0.04961150 0.01756040 0.10069700
v 0.05007770 0.01756040 0.10050500
v 0.05054390 0.01756040 0.10005700
v 0.05069930 0.01756040 0.09973720
v 0.05085470 0.01756040 0.09928920
v 0.05101010 0.01756040 0.09877730
v 0.05108780 0.01756040 0.09820140
v 0.05101010 0.01756040 0.09749750
v 0.05093240 0.01756040 0.09666570
v 0.05069930 0.01756040 0.09583380
v 0.05031080 0.01756040 0.09481000
v 0.04968920 0.01756040 0.09378620
v 0.04891220 0.01756040 0.09269840
v 0.04782430 0.01756040 0.09129060
v 0.04766890 0.01756040 0.09045880
v 0.04766890 0.01756040 0.09007480
v 0.04766890 0.01756040 0.08975490
v 0.04766890 0.01756040 0.08930690
v 0.04766890 0.01756040 0.08892300
v 0.04766890 0.01756040 0.08841110
v 0.04766890 0.01756040 0.08796320
v 0.04774670 0.01756040 0.08745130
v 0.04774670 0.01756040 0.08687540
v 0.04782430 0.01756040 0.08629950
v 0.04790200 0.01756040 0.08565960
v 0.04797980 0.01756040 0.08501970
v 0.04805740 0.01756040 0.08437980
v 0.04813520 0.01756040 0.08367590
v 0.04821290 0.01756040 0.08290810
v 0.04836830 0.01756040 0.08214020
v 0.04844600 0.01756040 0.08137230
v 0.04914530 0.01756040 0.08066840
v 0.04968920 0.01756040 0.08002850
v 0.05015540 0.01756040 0.07938870
v 0.05062160 0.01756040 0.07874880
v 0.05101010 0.01756040 0.07810890
v 0.05124320 0.01756040 0.07746900
v 0.05147630 0.01756040 0.07689310
v 0.05155400 0.01756040 0.07631720
v 0.05163170 0.01756040 0.07574130
v 0.05163170 0.01756040 0.07516540
v 0.05147630 0.01756040 0.07458950
v 0.05132090 0.01756040 0.07407760
v 0.05108780 0.01756040 0.07350170
v 0.05077700 0.01756040 0.07298980
v 0.05038850 0.01756040 0.07247790
v 0.04984460 0.01756040 0.07202990
v 0.04930070 0.01756040 0.07151800
v 0.04867910 0.01756040 0.07107010
v 0.04797980 0.01756040 0.07062220
v 0.04720270 0.01756040 0.07017430
v 0.04704730 0.01756040 0.06953440
v 0.04696960 0.01756040 0.06889450
v 0.04704730 0.01756040 0.06819060
v 0.04720270 0.01756040 0.06748670
v 0.04751350 0.01756040 0.06678280
v 0.04790200 0.01756040 0.06601500
v 0.04836830 0.01756040 0.06524710
v 0.04898990 0.01756040 0.06441530
v 0.04976690 0.01756040 0.06358340
v 0.05062160 0.01756040 0.06268750
v 0.05155400 0.01756040 0.06172770
v 0.05264180 0.01756040 0.06076790
v 0.05380730 0.01756040 0.05968010
v 0.05505050 0.01756040 0.05859230
v 0.05644910 0.01756040 0.05750450
v 0.05792540 0.01756040 0.05628870
v 0.05947950 0.01756040 0.05500890
v 0.06118890 0.01756040 0.05372910
v 0.06289830 0.01756040 0.05238530
v 0.06468540 0.01756040 0.05078560
v 0.05971260 0.00411815 0.05328120
v 0.05986800 0.00411815 0.05315320
v 0.05947950 0.00411815 0.05347310
v 0.05893560 0.00411815 0.05392110
v 0.05885790 0.00341884 0.05392110
v 0.05971260 0.00411815 0.05302520
v 0.05971260 0.00411815 0.05296120
v 0.06390840 0.01756040 0.05020970
v 0.05940180 0.00411815 0.05270530
v 0.05916870 0.00411815 0.05251330
v 0.05901330 0.00411815 0.05238530
v 0.06313140 0.01756040 0.04944180
v 0.05893560 0.00411815 0.05232130
v 0.05878020 0.00411815 0.05219340
v 0.05870250 0.00411815 0.05212940
v 0.05854710 0.00411815 0.05200140
v 0.05839170 0.00411815 0.05187340
v 0.06243210 0.01756040 0.04867400
v 0.05792540 0.00411815 0.05129750
v 0.05784780 0.00411815 0.05116950
v 0.05800320 0.00411815 0.05136150
v 0.05769240 0.00411815 0.05097760
v 0.06173280 0.01756040 0.04777810
v 0.05730390 0.00411815 0.05046570
v 0.05722620 0.00411815 0.05033770
v 0.05707070 0.00411815 0.05020970
v 0.05707070 0.00411815 0.05014570
v 0.06111120 0.01756040 0.04694630
v 0.06103350 0.01756040 0.04681830
v 0.05567210 0.00007771 0.05084960
v 0.05520590 0.00007771 0.05027370
v 0.05660450 0.00411815 0.04950580
v 0.05567210 0.00007771 0.05091360
v 0.05582750 0.00000000 0.05110550
v 0.06103350 0.01756040 0.04573050
v 0.05660450 0.00411815 0.04848200
v 0.05660450 0.00411815 0.04873800
v 0.05520590 0.00007771 0.04931390
v 0.06111120 0.01756040 0.04470670
v 0.05660450 0.00411815 0.04745820
v 0.06111120 0.01756040 0.04464270
v 0.05660450 0.00411815 0.04771410
v 0.05528360 0.00007771 0.04835400
v 0.05536130 0.00007771 0.04739420
v 0.05536130 0.00007771 0.04745820
v 0.06118890 0.01756040 0.04361880
v 0.05668220 0.00411815 0.04656230
v 0.05668220 0.00411815 0.04681830
v 0.06126660 0.01756040 0.04265900
v 0.05683770 0.00411815 0.04566650
v 0.05675990 0.00411815 0.04585850
v 0.05543900 0.00007771 0.04681830
v 0.05543900 0.00007771 0.04656230
v 0.06149970 0.01756040 0.04169920
v 0.05699300 0.00411815 0.04477060
v 0.05691530 0.00411815 0.04502660
v 0.05559440 0.00007771 0.04592240
v 0.05559440 0.00007771 0.04573050
v 0.05707070 0.00411815 0.04419470
v 0.05574980 0.00007771 0.04502660
v 0.06165510 0.01756040 0.04080330
v 0.05714840 0.00411815 0.04400280
v 0.05574980 0.00000000 0.04489860
v 0.05722620 0.00411815 0.04361880
v 0.05730390 0.00411815 0.04342690
v 0.06188820 0.01756040 0.03997150
v 0.05738150 0.00411815 0.04323490
v 0.05753690 0.00411815 0.04265900
v 0.05606060 0.00000000 0.04400280
v 0.05761470 0.00411815 0.04246700
v 0.06219900 0.01756040 0.03920360
v 0.05784780 0.00411815 0.04195510
v 0.05637140 0.00000000 0.04323490
v 0.05652680 0.00000000 0.04278700
v 0.05792540 0.00411815 0.04189110
v 0.05792540 0.00411815 0.04176320
v 0.06250980 0.01756040 0.03843570
v 0.05815860 0.00411815 0.04131520
v 0.05668220 0.00000000 0.04259500
v 0.06289830 0.01756040 0.03773190
v 0.05823630 0.00411815 0.04112330
v 0.05691530 0.00000000 0.04214710
v 0.05691530 0.00007771 0.04214710
v 0.05831400 0.00411815 0.04099530
v 0.05854710 0.00411815 0.04067540
v 0.05722620 0.00007771 0.04157120
v 0.05862480 0.00411815 0.04054740
v 0.06328680 0.01756040 0.03709200
v 0.05893560 0.00411815 0.04009950
v 0.05730390 0.00007771 0.04157120
v 0.05761470 0.00007771 0.04105930
v 0.05909100 0.00411815 0.03997150
v 0.06375300 0.01756040 0.03645210
v 0.05916870 0.00411815 0.03984350
v 0.05940180 0.00411815 0.03958750
v 0.05916870 0.00411815 0.03990750
v 0.05909100 0.00411815 0.03990750
v 0.05769240 0.00007771 0.04099530
v 0.05784780 0.00000000 0.04080330
v 0.06429690 0.01756040 0.03587620
v 0.05947950 0.00411815 0.03945960
v 0.05846940 0.00000000 0.04016340
v 0.05831400 0.00000000 0.04029140
v 0.05979030 0.00411815 0.03920360
v 0.05986800 0.00411815 0.03913960
v 0.05971260 0.00411815 0.03926760
v 0.05971260 0.00411815 0.03933160
v 0.05986800 0.00411815 0.03907560
v 0.06002340 0.00411815 0.03901160
v 0.06476310 0.01756040 0.03536430
v 0.05901330 0.00000000 0.03971550
v 0.06041190 0.00411815 0.03869170
v 0.06041190 0.00411815 0.03862770
v 0.06048960 0.00411815 0.03856370
v 0.06538480 0.01756040 0.03491630
v 0.06600640 0.01756040 0.03446840
v 0.06111120 0.00411815 0.03817980
v 0.06095580 0.00411815 0.03824380
v 0.06056730 0.00411815 0.03849970
v 0.05963490 0.00000000 0.03926760
v 0.06662800 0.01756040 0.03408450
v 0.06165510 0.00411815 0.03779580
v 0.06149970 0.00411815 0.03792380
v 0.06142200 0.00411815 0.03798780
v 0.06134430 0.00411815 0.03805180
v 0.06126660 0.00411815 0.03805180
v 0.06118890 0.00411815 0.03811580
v 0.05971260 0.00007771 0.03920360
v 0.05979030 0.00007771 0.03913960
v 0.05986800 0.00007771 0.03913960
v 0.06017880 0.00007771 0.03894770
v 0.06732730 0.01756040 0.03376450
v 0.06235440 0.00411815 0.03753990
v 0.06227670 0.00411815 0.03753990
v 0.06212130 0.00411815 0.03760390
v 0.06041190 0.00007771 0.03881970
v 0.06048960 0.00007771 0.03875570
v 0.06056730 0.00007771 0.03875570
v 0.06080040 0.00007771 0.03862770
v 0.06802660 0.01756040 0.03344460
v 0.06297600 0.00411815 0.03722000
v 0.06289830 0.00411815 0.03728390
v 0.06282060 0.00411815 0.03728390
v 0.06266520 0.00411815 0.03741190
v 0.06243210 0.00411815 0.03747590
v 0.06235440 0.00411815 0.03747590
v 0.06118890 0.00007771 0.03849970
v 0.06126660 0.00007771 0.03843570
v 0.06134430 0.00007771 0.03843570
v 0.06142200 0.00007771 0.03837180
v 0.06880360 0.01756040 0.03306070
v 0.06367530 0.00411815 0.03690000
v 0.06344220 0.00411815 0.03696400
v 0.06212130 0.00007771 0.03805180
v 0.06359760 0.00411815 0.03677200
v 0.06849280 0.01756040 0.03254880
v 0.06196590 0.00007771 0.03766790
v 0.06344220 0.00411815 0.03645210
v 0.06173280 0.00007771 0.03734790
v 0.06328680 0.00411815 0.03626010
v 0.06810430 0.01756040 0.03222880
v 0.06320910 0.00411815 0.03619610
v 0.06142200 0.00007771 0.03722000
v 0.06134430 0.00007771 0.03722000
v 0.06289830 0.00411815 0.03606810
v 0.06748270 0.01756040 0.03197290
v 0.06274290 0.00411815 0.03600420
v 0.06126660 0.00007771 0.03715600
v 0.06095580 0.00007771 0.03702800
v 0.06250980 0.00411815 0.03587620
v 0.06243210 0.00411815 0.03581220
v 0.06235440 0.00411815 0.03581220
v 0.06219900 0.00411815 0.03574820
v 0.06064500 0.00007771 0.03690000
v 0.06693880 0.01756040 0.03171690
v 0.06212130 0.00411815 0.03568420
v 0.06064500 0.00007771 0.03683600
v 0.06623950 0.01756040 0.03139700
v 0.06188820 0.00411815 0.03562020
v 0.06048960 0.00007771 0.03683600
v 0.06002340 0.00007771 0.03658010
v 0.06056730 0.00007771 0.03683600
v 0.06149970 0.00411815 0.03536430
v 0.06134430 0.00411815 0.03536430
v 0.06118890 0.00411815 0.03530030
v 0.06111120 0.00388505 0.03530030
v 0.05979030 0.00007771 0.03651610
v 0.05963490 0.00000000 0.03645210
v 0.05986800 0.00007771 0.03651610
v 0.06554010 0.01756040 0.03107700
v 0.06072270 0.00334114 0.03542830
v 0.06056730 0.00310804 0.03549220
v 0.06033420 0.00256413 0.03555620
v 0.05986800 0.00178712 0.03574820
v 0.06499620 0.01756040 0.03088500
v 0.06429690 0.01756040 0.03056510
v 0.06367530 0.01756040 0.03037310
v 0.06328680 0.01756040 0.03024520
v 0.06289830 0.01756040 0.03011720
v 0.06235440 0.01756040 0.02992520
v 0.06181050 0.01756040 0.02973320
v 0.06095580 0.01756040 0.02947730
v 0.06041190 0.01756040 0.02922130
v 0.06010110 0.01756040 0.02902940
v 0.05971260 0.01756040 0.02883740
v 0.05901330 0.01756040 0.02845350
v 0.05846940 0.01756040 0.02813350
v 0.05792540 0.01756040 0.02787760
v 0.05745930 0.01756040 0.02762160
v 0.05699300 0.01756040 0.02736570
v 0.05652680 0.01756040 0.02717370
v 0.05613830 0.01756040 0.02698170
v 0.05582750 0.01756040 0.02678970
v 0.05497280 0.01756040 0.02634180
v 0.05427350 0.01756040 0.02602190
v 0.05380730 0.01756040 0.02576590
v 0.05310800 0.01756040 0.02538200
v 0.05271950 0.01756040 0.02519000
v 0.05233100 0.01756040 0.02493410
v 0.05170940 0.01756040 0.02455010
v 0.05116550 0.01756040 0.02423020
v 0.05077700 0.01756040 0.02397420
v 0.05038850 0.01756040 0.02378230
v 0.05000000 0.01756040 0.02352630
v 0.04953380 0.01756040 0.02320640
v 0.04898990 0.01756040 0.02295040
v 0.04844600 0.01756040 0.02256650
v 0.04782430 0.01756040 0.02224650
v 0.04720270 0.01756040 0.02186260
v 0.04673650 0.01756040 0.02160660
v 0.04634800 0.01756040 0.02135070
v 0.04580410 0.01756040 0.02103070
v 0.04518250 0.01756040 0.02071080
v 0.04448320 0.01756040 0.02039090
v 0.04386160 0.01756040 0.02000690
v 0.04339540 0.01756040 0.01981500
v 0.04292920 0.01756040 0.01962300
v 0.04254070 0.01756040 0.01936700
v 0.04207450 0.01756040 0.01917510
v 0.04160830 0.01756040 0.01898310
v 0.04114210 0.01756040 0.01872710
v 0.04067590 0.01756040 0.01853520
v 0.03997660 0.01756040 0.01821520
v 0.03927720 0.01756040 0.01789530
v 0.03881110 0.01756040 0.01770330
v 0.03834480 0.01756040 0.01751130
v 0.03787860 0.01756040 0.01731940
v 0.03741240 0.01756040 0.01712740
v 0.03671310 0.01756040 0.01687150
v 0.03624690 0.01756040 0.01667950
v 0.03554760 0.01756040 0.01642350
v 0.03508140 0.01756040 0.01623160
v 0.03461520 0.01756040 0.01603960
v 0.03414900 0.01756040 0.01591160
v 0.03368280 0.01756040 0.01571970
v 0.03329430 0.01756040 0.01552770
v 0.03282810 0.01756040 0.01539970
v 0.03243960 0.01756040 0.01527170
v 0.03197340 0.01756040 0.01507980
v 0.03158490 0.01756040 0.01495180
v 0.03119640 0.01756040 0.01482380
v 0.03080790 0.01756040 0.01469580
v 0.03034160 0.01756040 0.01456790
v 0.03003080 0.01756040 0.01443990
v 0.02964230 0.01756040 0.01431190
v 0.02925380 0.01756040 0.01418390
v 0.02855450 0.01756040 0.01399190
v 0.02793290 0.01756040 0.01373600
v 0.02700050 0.01756040 0.01348000
v 0.02630120 0.01756040 0.01328810
v 0.02560190 0.01756040 0.01316010
v 0.02482490 0.01756040 0.01303210
v 0.02412560 0.01756040 0.01264820
v 0.02342630 0.01756040 0.01226430
v 0.02280470 0.01756040 0.01194430
v 0.02218310 0.01756040 0.01156040
v 0.02156140 0.01756040 0.01124040
v 0.02093980 0.01756040 0.01092050
v 0.02039590 0.01756040 0.01066450
v 0.01985200 0.01756040 0.01040860
v 0.01930810 0.01756040 0.01008860
v 0.01884190 0.01756040 0.00989666
v 0.01837570 0.01756040 0.00964071
v 0.01790950 0.01756040 0.00944874
v 0.01744330 0.01756040 0.00919279
v 0.01705480 0.01756040 0.00900082
v 0.01666630 0.01756040 0.00887284
v 0.05279720 0.00411815 0.11490300
v 0.05349650 0.00411815 0.11451900
v 0.05287490 0.00411815 0.11842200
v 0.05209790 0.00411815 0.11535000
v 0.05419580 0.00411815 0.11413500
v 0.05388500 0.00411815 0.11759000
v 0.05334110 0.00411815 0.11797400
v 0.05497280 0.00411815 0.11387900
v 0.05450660 0.00411815 0.11727000
v 0.05567210 0.00411815 0.11362300
v 0.05505050 0.00411815 0.11695000
v 0.05644910 0.00411815 0.11343100
v 0.05574980 0.00411815 0.11669400
v 0.06134430 0.00411815 0.03523630
v 0.05714840 0.00411815 0.11330300
v 0.05707070 0.00411815 0.11631000
v 0.05637140 0.00411815 0.11650200
v 0.05792540 0.00411815 0.11323900
v 0.05777010 0.00411815 0.11624600
v 0.05846940 0.00411815 0.11618200
v 0.05831400 0.00411815 0.11317500
v 0.05870250 0.00411815 0.11317500
v 0.05955720 0.00411815 0.11317500
v 0.05916870 0.00411815 0.11611800
v 0.06033420 0.00411815 0.11330300
v 0.05986800 0.00411815 0.11618200
v 0.06118890 0.00411815 0.11343100
v 0.06072270 0.00411815 0.11707800
v 0.06025650 0.00411815 0.11663000
v 0.06126660 0.00411815 0.13230800
v 0.06025650 0.00411815 0.13243600
v 0.06072270 0.00411815 0.12968400
v 0.06196590 0.00411815 0.11362300
v 0.06149970 0.00411815 0.11797400
v 0.06111120 0.00411815 0.11752600
v 0.06282060 0.00411815 0.11381500
v 0.06219900 0.00411815 0.11893400
v 0.06188820 0.00411815 0.11848600
v 0.06297600 0.00411815 0.13192400
v 0.06212130 0.00411815 0.13218000
v 0.06235440 0.00411815 0.12942800
v 0.06546240 0.00411815 0.11285500
v 0.06289830 0.00411815 0.11989400
v 0.06258750 0.00411815 0.11938200
v 0.06375300 0.00411815 0.13173200
v 0.06313140 0.00411815 0.12904400
v 0.05916870 0.00411815 0.05033770
v 0.06002340 0.00411815 0.05046570
v 0.06320910 0.00411815 0.12034200
v 0.06359760 0.00411815 0.12085400
v 0.06383070 0.00411815 0.12130100
v 0.06414150 0.00411815 0.12181300
v 0.06445230 0.00411815 0.12232500
v 0.06522930 0.00411815 0.13109200
v 0.06453000 0.00411815 0.13141200
v 0.06476310 0.00411815 0.12763600
v 0.06468540 0.00411815 0.12283700
v 0.06491850 0.00411815 0.12328500
v 0.06639490 0.00411815 0.11240700
v 0.06546240 0.00411815 0.12430900
v 0.06522930 0.00411815 0.12379700
v 0.06592860 0.00411815 0.13077200
v 0.06561790 0.00411815 0.12693200
v 0.06561790 0.00411815 0.12482100
v 0.06655030 0.00411815 0.13038800
v 0.06600640 0.00411815 0.12648500
v 0.06585090 0.00411815 0.12533300
v 0.06608410 0.00411815 0.12590900
v 0.05916870 0.00411815 0.04963380
v 0.05901330 0.00411815 0.04995370
v 0.05916870 0.00411815 0.04976180
v 0.06002340 0.00411815 0.04861000
v 0.05971260 0.00411815 0.04899390
v 0.06033420 0.00411815 0.04816210
v 0.06157740 0.00411815 0.04611440
v 0.06064500 0.00411815 0.04771410
v 0.06212130 0.00411815 0.05494490
v 0.06118890 0.00411815 0.05481690
v 0.06126660 0.00411815 0.05033770
v 0.06250980 0.00411815 0.04323490
v 0.06181050 0.00411815 0.04547450
v 0.06344220 0.00411815 0.03517230
v 0.06445230 0.00411815 0.03523630
v 0.06414150 0.00411815 0.03811580
v 0.06538480 0.00411815 0.03530030
v 0.06476310 0.00411815 0.03843570
v 0.06212130 0.00411815 0.04477060
v 0.06235440 0.00411815 0.04406680
v 0.06243210 0.00411815 0.03517230
v 0.06266520 0.00411815 0.03811580
v 0.06266520 0.00411815 0.04233910
v 0.06476310 0.00411815 0.05500890
v 0.06383070 0.00411815 0.05507290
v 0.06398610 0.00411815 0.04630640
v 0.06297600 0.00411815 0.05507290
v 0.06219900 0.00411815 0.05008170
v 0.06561790 0.00411815 0.03907560
v 0.06522930 0.00411815 0.03875570
v 0.06631720 0.00411815 0.03536430
v 0.06569560 0.00411815 0.05481690
v 0.06484080 0.00411815 0.04425870
v 0.06670570 0.00411815 0.05462500
v 0.06608410 0.00411815 0.03971550
v 0.06592860 0.00411815 0.03939560
v 0.06041190 0.00411815 0.05456100
v 0.05955720 0.00411815 0.05424100
v 0.06266520 0.00411815 0.04944180
v 0.06289830 0.00411815 0.04892990
v 0.06305370 0.00411815 0.04848200
v 0.06328680 0.00411815 0.04803410
v 0.06344220 0.00411815 0.04758620
v 0.06359760 0.00411815 0.04713820
v 0.06383070 0.00411815 0.04669030
v 0.06414150 0.00411815 0.04592240
v 0.06437460 0.00411815 0.04547450
v 0.06453000 0.00411815 0.04509060
v 0.06468540 0.00411815 0.04470670
v 0.06499620 0.00411815 0.04381080
v 0.06515160 0.00411815 0.04329890
v 0.06522930 0.00411815 0.04278700
v 0.06538480 0.00411815 0.04227510
v 0.06546240 0.00411815 0.04163520
v 0.06554010 0.00411815 0.04099530
v 0.06554010 0.00411815 0.04022740
v 0.06717190 0.00411815 0.03555620
v 0.06794890 0.00411815 0.03568420
v 0.06763810 0.00411815 0.05430500
v 0.06872590 0.00411815 0.03594020
v 0.06864820 0.00411815 0.05392110
v 0.06965830 0.00411815 0.05347310
v 0.06942520 0.00411815 0.03619610
v 0.07012450 0.00411815 0.03645210
v 0.07074610 0.00411815 0.03683600
v 0.07066840 0.00411815 0.05289720
v 0.07175620 0.00411815 0.12418100
v 0.07113460 0.00411815 0.12450100
v 0.07121230 0.00411815 0.11093500
v 0.07136770 0.00411815 0.03715600
v 0.07121230 0.00411815 0.05296120
v 0.07191160 0.00411815 0.03760390
v 0.07175620 0.00411815 0.05302520
v 0.07245550 0.00411815 0.03798780
v 0.07284400 0.00411815 0.03849970
v 0.07331020 0.00411815 0.03901160
v 0.07299940 0.00411815 0.05321720
v 0.07237780 0.00411815 0.05308920
v 0.07369870 0.00411815 0.03958750
v 0.07362100 0.00411815 0.05334520
v 0.07439810 0.00411815 0.05353710
v 0.07400960 0.00411815 0.04016340
v 0.07432040 0.00411815 0.04073930
v 0.07455350 0.00411815 0.04144320
v 0.07517510 0.00411815 0.04157120
v 0.07486430 0.00411815 0.05360110
v 0.07602980 0.00411815 0.05379310
v 0.07540820 0.00411815 0.05372910
v 0.07595210 0.00411815 0.04163520
v 0.07634060 0.00411815 0.04169920
v 0.07680680 0.00411815 0.05385710
v 0.07680680 0.00411815 0.04176320
v 0.07727300 0.00411815 0.04182720
v 0.07781690 0.00411815 0.04195510
v 0.07781690 0.00411815 0.05379310
v 0.07898240 0.00411815 0.05360110
v 0.07836080 0.00411815 0.04201910
v 0.07898240 0.00411815 0.04214710
v 0.07952630 0.00411815 0.04233910
v 0.08045870 0.00411815 0.05315320
v 0.08014790 0.00411815 0.04253100
v 0.08084720 0.00411815 0.04272300
v 0.08224590 0.00411815 0.05244930
v 0.08146880 0.00411815 0.04297900
v 0.08216810 0.00411815 0.04329890
v 0.08286740 0.00411815 0.04368280
v 0.08613090 0.00411815 0.05340920
v 0.08356680 0.00411815 0.04413070
v 0.08434380 0.00411815 0.04457870
v 0.08504310 0.00411815 0.04515460
v 0.08582010 0.00411815 0.04573050
v 0.08613090 0.00411815 0.04598640
v 0.08675250 0.00411815 0.04637040
v 0.08986050 0.00411815 0.05436900
v 0.08752950 0.00411815 0.04675430
v 0.09133680 0.00411815 0.11138300
v 0.08247890 0.00411815 0.11592600
v 0.08379990 0.00411815 0.10837600
v 0.08861730 0.00411815 0.04720220
v 0.08978280 0.00411815 0.04777810
v 0.09118140 0.00411815 0.04835400
v 0.09335710 0.00411815 0.05539280
v 0.09273550 0.00411815 0.04892990
v 0.09436720 0.00411815 0.04963380
v 0.09662050 0.00411815 0.05641660
v 0.09607660 0.00411815 0.05033770
v 0.09910690 0.00411815 0.10722400
v 0.09180310 0.00411815 0.10466400
v 0.09794140 0.00411815 0.05104160
v 0.09972850 0.00411815 0.05180940
v 0.09972850 0.00411815 0.05750450
v 0.10260300 0.00411815 0.05859230
v 0.10159300 0.00411815 0.05257730
v 0.10345800 0.00411815 0.05334520
v 0.10532300 0.00411815 0.05974410
v 0.10532300 0.00411815 0.05411300
v 0.10578900 0.00411815 0.10338500
v 0.10066100 0.00411815 0.10005700
v 0.10711000 0.00411815 0.05488090
v 0.10882000 0.00411815 0.05564880
v 0.10780900 0.00411815 0.06095990
v 0.11037400 0.00411815 0.05641660
v 0.11014000 0.00411815 0.06217560
v 0.11146100 0.00411815 0.09980110
v 0.10648900 0.00411815 0.09660170
v 0.11223800 0.00411815 0.06339140
v 0.11185000 0.00411815 0.05712050
v 0.11317100 0.00411815 0.05782440
v 0.11433600 0.00411815 0.05852830
v 0.11418100 0.00411815 0.06473520
v 0.11674500 0.00411815 0.05993600
v 0.11589000 0.00411815 0.06601500
v 0.11627900 0.00411815 0.09647370
v 0.11185000 0.00411815 0.09295430
v 0.11907600 0.00411815 0.06172770
v 0.11736700 0.00411815 0.06735870
v 0.12016400 0.00411815 0.09333820
v 0.11651200 0.00411815 0.08917900
v 0.12125200 0.00411815 0.06371140
v 0.11985300 0.00411815 0.07017430
v 0.11868800 0.00411815 0.06876650
v 0.12327200 0.00411815 0.06595100
v 0.12148500 0.00411815 0.07318170
v 0.12070800 0.00411815 0.07164600
v 0.12195100 0.00411815 0.07471750
v 0.12319400 0.00411815 0.09026680
v 0.12125200 0.00411815 0.08348400
v 0.12233900 0.00411815 0.07625320
v 0.12241700 0.00411815 0.07785290
v 0.12249500 0.00411815 0.07970860
v 0.12552500 0.00411815 0.08732330
v 0.12498100 0.00411815 0.06838260
v 0.12645800 0.00411815 0.07087810
v 0.12754500 0.00411815 0.07343770
v 0.12707900 0.00411815 0.08444380
v 0.12816700 0.00411815 0.07612520
v 0.12801200 0.00411815 0.08162830
v 0.12840000 0.00411815 0.07887680
v 0.05489510 0.00411815 0.13192400
v 0.05536130 0.00411815 0.13211600
v 0.05629370 0.00411815 0.13237200
v 0.05691530 0.00411815 0.13256300
v 0.05815860 0.00411815 0.12974800
v 0.05823630 0.00411815 0.13262700
v 0.05862480 0.00411815 0.12974800
v 0.05924640 0.00411815 0.13256300
v 0.05901330 0.00411815 0.12974800
v 0.05947950 0.00411815 0.12974800
v 0.05986800 0.00411815 0.12974800
v 0.06025650 0.00411815 0.12974800
v 0.06111120 0.00411815 0.12962000
v 0.06149970 0.00411815 0.12955600
v 0.06196590 0.00411815 0.12949200
v 0.06274290 0.00411815 0.12936400
v 0.06375300 0.00411815 0.12853200
v 0.06429690 0.00411815 0.12808400
v 0.06522930 0.00411815 0.12731600
v 0.06732730 0.00411815 0.11208700
v 0.06802660 0.00411815 0.11176700
v 0.06756040 0.00411815 0.12949200
v 0.06709420 0.00411815 0.12994000
v 0.06872590 0.00411815 0.11151100
v 0.06802660 0.00411815 0.12898000
v 0.06926980 0.00411815 0.11131900
v 0.06880360 0.00411815 0.12782800
v 0.06849280 0.00411815 0.12840400
v 0.06981370 0.00411815 0.11119100
v 0.06942520 0.00411815 0.12654900
v 0.06919210 0.00411815 0.12718800
v 0.07027990 0.00411815 0.11106300
v 0.06981370 0.00411815 0.12514100
v 0.06965830 0.00411815 0.12584500
v 0.07074610 0.00411815 0.11099900
v 0.07051300 0.00411815 0.12482100
v 0.07167850 0.00411815 0.11093500
v 0.07214470 0.00411815 0.11093500
v 0.07268860 0.00411815 0.11087100
v 0.07237780 0.00411815 0.12386100
v 0.07323250 0.00411815 0.11087100
v 0.07299940 0.00411815 0.12354100
v 0.07385410 0.00411815 0.11087100
v 0.07354330 0.00411815 0.12315700
v 0.07455350 0.00411815 0.11087100
v 0.07408720 0.00411815 0.12283700
v 0.07501970 0.00411815 0.12219700
v 0.07455350 0.00411815 0.12251700
v 0.07533050 0.00411815 0.11080700
v 0.07626290 0.00411815 0.11074300
v 0.07719530 0.00411815 0.11061500
v 0.07634060 0.00411815 0.12117300
v 0.07548590 0.00411815 0.12187700
v 0.06095580 0.00411815 0.04726620
v 0.07595210 0.00411815 0.12155700
v 0.07672910 0.00411815 0.12085400
v 0.07828310 0.00411815 0.11042300
v 0.07735070 0.00411815 0.12021400
v 0.07703990 0.00411815 0.12053400
v 0.07766150 0.00411815 0.11989400
v 0.07797230 0.00411815 0.11951000
v 0.07952630 0.00411815 0.11023100
v 0.07843850 0.00411815 0.11887000
v 0.07820540 0.00411815 0.11919000
v 0.08154650 0.00411815 0.10939900
v 0.07944860 0.00411815 0.11784600
v 0.07859390 0.00411815 0.11848600
v 0.07913780 0.00411815 0.11810200
v 0.07983710 0.00411815 0.11759000
v 0.08038100 0.00411815 0.11720600
v 0.08076950 0.00411815 0.11695000
v 0.08162420 0.00411815 0.11643800
v 0.08115800 0.00411815 0.11669400
v 0.08201270 0.00411815 0.11618200
v 0.08636400 0.00411815 0.10722400
v 0.08900580 0.00411815 0.10600800
v 0.09475570 0.00411815 0.10319300
v 0.09770830 0.00411815 0.10165700
v 0.10361400 0.00411815 0.09839340
v 0.10928600 0.00411815 0.09481000
v 0.11433600 0.00411815 0.09109860
v 0.11837700 0.00411815 0.08725930
v 0.12000800 0.00411815 0.08533960
v 0.12210600 0.00411815 0.08156430
v 0.06282060 0.00411815 0.03933160
v 0.06274290 0.00411815 0.04144320
v 0.06282060 0.00411815 0.04041940
v 0.05582750 0.00411815 0.13224400
v 0.06126660 0.00411815 0.04669030
v 0.05940180 0.00411815 0.04931390
v 0.07898240 0.03100260 0.05360110
v 0.08045870 0.03512080 0.05315320
v 0.08045870 0.03100260 0.05315320
v 0.07898240 0.03512080 0.05360110
v 0.07898240 0.00007771 0.05360110
v 0.08045870 0.00007771 0.05315320
v 0.07781690 0.03100260 0.05379310
v 0.07781690 0.03512080 0.05379310
v 0.07781690 0.00007771 0.05379310
v 0.07680680 0.03100260 0.05385710
v 0.07680680 0.03512080 0.05385710
v 0.07680680 0.00007771 0.05385710
v 0.07602980 0.03100260 0.05379310
v 0.07602980 0.03512080 0.05379310
v 0.07602980 0.00007771 0.05379310
v 0.07540820 0.03100260 0.05372910
v 0.07540820 0.03512080 0.05372910
v 0.07540820 0.00007771 0.05372910
v 0.07486430 0.03100260 0.05360110
v 0.07486430 0.03512080 0.05360110
v 0.07486430 0.00007771 0.05360110
v 0.07439810 0.03100260 0.05353710
v 0.07439810 0.03512080 0.05353710
v 0.07439810 0.00007771 0.05353710
v 0.07362100 0.03100260 0.05334520
v 0.07362100 0.00007771 0.05334520
v 0.07299940 0.00007771 0.05321720
v 0.07237780 0.00007771 0.05308920
v 0.07175620 0.00007771 0.05302520
v 0.07121230 0.00007771 0.05296120
v 0.07066840 0.00007771 0.05289720
v 0.06965830 0.00007771 0.05347310
v 0.06864820 0.03100260 0.05392110
v 0.06965830 0.03512080 0.05347310
v 0.06965830 0.03100260 0.05347310
v 0.06864820 0.03512080 0.05392110
v 0.06864820 0.00007771 0.05392110
v 0.06763810 0.03100260 0.05430500
v 0.06763810 0.03512080 0.05430500
v 0.06763810 0.00007771 0.05430500
v 0.06670570 0.03100260 0.05462500
v 0.06670570 0.03512080 0.05462500
v 0.06670570 0.00007771 0.05462500
v 0.06569560 0.03100260 0.05481690
v 0.06569560 0.03512080 0.05481690
v 0.06569560 0.00007771 0.05481690
v 0.06476310 0.03100260 0.05500890
v 0.06476310 0.03512080 0.05500890
v 0.06476310 0.00007771 0.05500890
v 0.06383070 0.03100260 0.05507290
v 0.06383070 0.03512080 0.05507290
v 0.06383070 0.00007771 0.05507290
v 0.06297600 0.03100260 0.05507290
v 0.06297600 0.03512080 0.05507290
v 0.06297600 0.00007771 0.05507290
v 0.06212130 0.03100260 0.05494490
v 0.06212130 0.03512080 0.05494490
v 0.06212130 0.00007771 0.05494490
v 0.06118890 0.03100260 0.05481690
v 0.06118890 0.03512080 0.05481690
v 0.06118890 0.00007771 0.05481690
v 0.06041190 0.03100260 0.05456100
v 0.06041190 0.03512080 0.05456100
v 0.06041190 0.00007771 0.05456100
v 0.05955720 0.03100260 0.05424100
v 0.05955720 0.03512080 0.05424100
v 0.05955720 0.00007771 0.05424100
v 0.05893560 0.03100260 0.05392110
v 0.05885790 0.03170200 0.05392110
v 0.05986800 0.00007771 0.03574820
v 0.05986800 0.03333370 0.03574820
v 0.05986800 0.03512080 0.03574820
v 0.06033420 0.03255670 0.03555620
v 0.06056730 0.03201280 0.03549220
v 0.06056730 0.03512080 0.03549220
v 0.06056730 0.00007771 0.03549220
v 0.06134430 0.03512080 0.03523630
v 0.06134430 0.03100260 0.03523630
v 0.06134430 0.00007771 0.03523630
v 0.06072270 0.03177970 0.03542830
v 0.06111120 0.03123580 0.03530030
v 0.06118890 0.03100260 0.03530030
v 0.06243210 0.03512080 0.03517230
v 0.06243210 0.03100260 0.03517230
v 0.06243210 0.00007771 0.03517230
v 0.06344220 0.03512080 0.03517230
v 0.06344220 0.03100260 0.03517230
v 0.06344220 0.00007771 0.03517230
v 0.06445230 0.03512080 0.03523630
v 0.06445230 0.03100260 0.03523630
v 0.06445230 0.00007771 0.03523630
v 0.06538480 0.03512080 0.03530030
v 0.06538480 0.03100260 0.03530030
v 0.06538480 0.00007771 0.03530030
v 0.06631720 0.03512080 0.03536430
v 0.06631720 0.03100260 0.03536430
v 0.06631720 0.00007771 0.03536430
v 0.06717190 0.03512080 0.03555620
v 0.06717190 0.03100260 0.03555620
v 0.06717190 0.00007771 0.03555620
v 0.06794890 0.03512080 0.03568420
v 0.06794890 0.03100260 0.03568420
v 0.06794890 0.00007771 0.03568420
v 0.06872590 0.03512080 0.03594020
v 0.06872590 0.03100260 0.03594020
v 0.06872590 0.00007771 0.03594020
v 0.06942520 0.03512080 0.03619610
v 0.06942520 0.03100260 0.03619610
v 0.06942520 0.00007771 0.03619610
v 0.07012450 0.03512080 0.03645210
v 0.07012450 0.03100260 0.03645210
v 0.07012450 0.00007771 0.03645210
v 0.07074610 0.03512080 0.03683600
v 0.07074610 0.03100260 0.03683600
v 0.07074610 0.00007771 0.03683600
v 0.07136770 0.03512080 0.03715600
v 0.07136770 0.03100260 0.03715600
v 0.07136770 0.00007771 0.03715600
v 0.07191160 0.03512080 0.03760390
v 0.07191160 0.03100260 0.03760390
v 0.07191160 0.00007771 0.03760390
v 0.07245550 0.03512080 0.03798780
v 0.07245550 0.03100260 0.03798780
v 0.07245550 0.00007771 0.03798780
v 0.07284400 0.03512080 0.03849970
v 0.07284400 0.03100260 0.03849970
v 0.07284400 0.00007771 0.03849970
v 0.07331020 0.03512080 0.03901160
v 0.07331020 0.03100260 0.03901160
v 0.07331020 0.00007771 0.03901160
v 0.07369870 0.03512080 0.03958750
v 0.07369870 0.03100260 0.03958750
v 0.07369870 0.00007771 0.03958750
v 0.07400960 0.03512080 0.04016340
v 0.07400960 0.03100260 0.04016340
v 0.07400960 0.00007771 0.04016340
v 0.07432040 0.03512080 0.04073930
v 0.07432040 0.03100260 0.04073930
v 0.07432040 0.00007771 0.04073930
v 0.07455350 0.03512080 0.04144320
v 0.07455350 0.03100260 0.04144320
v 0.07455350 0.00007771 0.04144320
v 0.07517510 0.03100260 0.04157120
v 0.07517510 0.03512080 0.04157120
v 0.07517510 0.00007771 0.04157120
v 0.07595210 0.03100260 0.04163520
v 0.07595210 0.03512080 0.04163520
v 0.07595210 0.00007771 0.04163520
v 0.07634060 0.03100260 0.04169920
v 0.07634060 0.03512080 0.04169920
v 0.07634060 0.00007771 0.04169920
v 0.07680680 0.03100260 0.04176320
v 0.07680680 0.03512080 0.04176320
v 0.07680680 0.00007771 0.04176320
v 0.07727300 0.03100260 0.04182720
v 0.07727300 0.03512080 0.04182720
v 0.07727300 0.00007771 0.04182720
v 0.07781690 0.03100260 0.04195510
v 0.07781690 0.03512080 0.04195510
v 0.07781690 0.00007771 0.04195510
v 0.07836080 0.03100260 0.04201910
v 0.07836080 0.03512080 0.04201910
v 0.07836080 0.00007771 0.04201910
v 0.07898240 0.03100260 0.04214710
v 0.07898240 0.03512080 0.04214710
v 0.07898240 0.00007771 0.04214710
v 0.07952630 0.03100260 0.04233910
v 0.07952630 0.03512080 0.04233910
v 0.07952630 0.00007771 0.04233910
v 0.08014790 0.03100260 0.04253100
v 0.08014790 0.03512080 0.04253100
v 0.08014790 0.00007771 0.04253100
v 0.08084720 0.03100260 0.04272300
v 0.08084720 0.03512080 0.04272300
v 0.08084720 0.00007771 0.04272300
v 0.08146880 0.03100260 0.04297900
v 0.08146880 0.03512080 0.04297900
v 0.08146880 0.00007771 0.04297900
v 0.08216810 0.03100260 0.04329890
v 0.08216810 0.03512080 0.04329890
v 0.08216810 0.00007771 0.04329890
v 0.08286740 0.03100260 0.04368280
v 0.08286740 0.03512080 0.04368280
v 0.08286740 0.00007771 0.04368280
v 0.08356680 0.03100260 0.04413070
v 0.08356680 0.03512080 0.04413070
v 0.08356680 0.00007771 0.04413070
v 0.08434380 0.03100260 0.04457870
v 0.08434380 0.03512080 0.04457870
v 0.08434380 0.00007771 0.04457870
v 0.08504310 0.03100260 0.04515460
v 0.08504310 0.03512080 0.04515460
v 0.08504310 0.00007771 0.04515460
v 0.08582010 0.03100260 0.04573050
v 0.08582010 0.03512080 0.04573050
v 0.08582010 0.00007771 0.04573050
v 0.08613090 0.03512080 0.04598640
v 0.08613090 0.03100260 0.04598640
v 0.08613090 0.00007771 0.04598640
v 0.08675250 0.03512080 0.04637040
v 0.08675250 0.03100260 0.04637040
v 0.08675250 0.00007771 0.04637040
v 0.08752950 0.03512080 0.04675430
v 0.08752950 0.03100260 0.04675430
v 0.08752950 0.00007771 0.04675430
v 0.08861730 0.03512080 0.04720220
v 0.08861730 0.03100260 0.04720220
v 0.08861730 0.00007771 0.04720220
v 0.08978280 0.03100260 0.04777810
v 0.08978280 0.03512080 0.04777810
v 0.08978280 0.00007771 0.04777810
v 0.09118140 0.03100260 0.04835400
v 0.09118140 0.03512080 0.04835400
v 0.09118140 0.00007771 0.04835400
v 0.09273550 0.03100260 0.04892990
v 0.09273550 0.03512080 0.04892990
v 0.09273550 0.00007771 0.04892990
v 0.09436720 0.03100260 0.04963380
v 0.09436720 0.03512080 0.04963380
v 0.09436720 0.00007771 0.04963380
v 0.09607660 0.03100260 0.05033770
v 0.09607660 0.03512080 0.05033770
v 0.09607660 0.00007771 0.05033770
v 0.09794140 0.03100260 0.05104160
v 0.09794140 0.03512080 0.05104160
v 0.09794140 0.00007771 0.05104160
v 0.09972850 0.03100260 0.05180940
v 0.09972850 0.03512080 0.05180940
v 0.09972850 0.00007771 0.05180940
v 0.10159300 0.03100260 0.05257730
v 0.10159300 0.03512080 0.05257730
v 0.10159300 0.00007771 0.05257730
v 0.10345800 0.03100260 0.05334520
v 0.10345800 0.03512080 0.05334520
v 0.10345800 0.00007771 0.05334520
v 0.10532300 0.03100260 0.05411300
v 0.10532300 0.03512080 0.05411300
v 0.10532300 0.00007771 0.05411300
v 0.10711000 0.03100260 0.05488090
v 0.10711000 0.03512080 0.05488090
v 0.10711000 0.00007771 0.05488090
v 0.10882000 0.03100260 0.05564880
v 0.10882000 0.03512080 0.05564880
v 0.10882000 0.00007771 0.05564880
v 0.11037400 0.03100260 0.05641660
v 0.11037400 0.03512080 0.05641660
v 0.11037400 0.00007771 0.05641660
v 0.11185000 0.03100260 0.05712050
v 0.11185000 0.03512080 0.05712050
v 0.11185000 0.00007771 0.05712050
v 0.11317100 0.03512080 0.05782440
v 0.11317100 0.03100260 0.05782440
v 0.11317100 0.00007771 0.05782440
v 0.11433600 0.03512080 0.05852830
v 0.11433600 0.03100260 0.05852830
v 0.11433600 0.00007771 0.05852830
v 0.11674500 0.03512080 0.05993600
v 0.11674500 0.03100260 0.05993600
v 0.11674500 0.00007771 0.05993600
v 0.11907600 0.03512080 0.06172770
v 0.11907600 0.03100260 0.06172770
v 0.11907600 0.00007771 0.06172770
v 0.12125200 0.03512080 0.06371140
v 0.12125200 0.03100260 0.06371140
v 0.12125200 0.00007771 0.06371140
v 0.12327200 0.03512080 0.06595100
v 0.12327200 0.03100260 0.06595100
v 0.12327200 0.00007771 0.06595100
v 0.12498100 0.03512080 0.06838260
v 0.12498100 0.03100260 0.06838260
v 0.12498100 0.00007771 0.06838260
v 0.12645800 0.03512080 0.07087810
v 0.12645800 0.03100260 0.07087810
v 0.12645800 0.00007771 0.07087810
v 0.12754500 0.03512080 0.07343770
v 0.12754500 0.03100260 0.07343770
v 0.12754500 0.00007771 0.07343770
v 0.12816700 0.03512080 0.07612520
v 0.12816700 0.03100260 0.07612520
v 0.12816700 0.00007771 0.07612520
v 0.12840000 0.03512080 0.07887680
v 0.12840000 0.03100260 0.07887680
v 0.12840000 0.00007771 0.07887680
v 0.12801200 0.03512080 0.08162830
v 0.12801200 0.03100260 0.08162830
v 0.12801200 0.00007771 0.08162830
v 0.12707900 0.03512080 0.08444380
v 0.12707900 0.03100260 0.08444380
v 0.12707900 0.00007771 0.08444380
v 0.12552500 0.03512080 0.08732330
v 0.12552500 0.03100260 0.08732330
v 0.12552500 0.00007771 0.08732330
v 0.12319400 0.03512080 0.09026680
v 0.12319400 0.03100260 0.09026680
v 0.12319400 0.00007771 0.09026680
v 0.12016400 0.03512080 0.09333820
v 0.12016400 0.03100260 0.09333820
v 0.12016400 0.00007771 0.09333820
v 0.11627900 0.03100260 0.09647370
v 0.11627900 0.03512080 0.09647370
v 0.11627900 0.00007771 0.09647370
v 0.11146100 0.03100260 0.09980110
v 0.11146100 0.03512080 0.09980110
v 0.11146100 0.00007771 0.09980110
v 0.10578900 0.03100260 0.10338500
v 0.10578900 0.03512080 0.10338500
v 0.10578900 0.00007771 0.10338500
v 0.09910690 0.03100260 0.10722400
v 0.09910690 0.03512080 0.10722400
v 0.09910690 0.00007771 0.10722400
v 0.09133680 0.03100260 0.11138300
v 0.09133680 0.03512080 0.11138300
v 0.09133680 0.00007771 0.11138300
v 0.08247890 0.03100260 0.11592600
v 0.08247890 0.03512080 0.11592600
v 0.08224590 0.00007771 0.11605400
v 0.08185730 0.00007771 0.11631000
v 0.08139110 0.00007771 0.11656600
v 0.08100260 0.00007771 0.11682200
v 0.08115800 0.03512080 0.11669400
v 0.08100260 0.03100260 0.11682200
v 0.08076950 0.03512080 0.11695000
v 0.08061410 0.00007771 0.11707800
v 0.08022560 0.00007771 0.11733400
v 0.07983710 0.00007771 0.11759000
v 0.07944860 0.00007771 0.11784600
v 0.07913780 0.00007771 0.11810200
v 0.07874930 0.00007771 0.11835800
v 0.07843850 0.03512080 0.11887000
v 0.07859390 0.03100260 0.11848600
v 0.07843850 0.03100260 0.11887000
v 0.07859390 0.03512080 0.11848600
v 0.07843850 0.00007771 0.11887000
v 0.07820540 0.03512080 0.11919000
v 0.07820540 0.03100260 0.11919000
v 0.07820540 0.00007771 0.11919000
v 0.07797230 0.03512080 0.11951000
v 0.07797230 0.03100260 0.11951000
v 0.07797230 0.00007771 0.11951000
v 0.07766150 0.03512080 0.11989400
v 0.07766150 0.03100260 0.11989400
v 0.07766150 0.00007771 0.11989400
v 0.07735070 0.03512080 0.12021400
v 0.07735070 0.03100260 0.12021400
v 0.07735070 0.00007771 0.12021400
v 0.07703990 0.03512080 0.12053400
v 0.07703990 0.03100260 0.12053400
v 0.07703990 0.00007771 0.12053400
v 0.07672910 0.03512080 0.12085400
v 0.07672910 0.03100260 0.12085400
v 0.07672910 0.00007771 0.12085400
v 0.07634060 0.03512080 0.12117300
v 0.07634060 0.03100260 0.12117300
v 0.07634060 0.00007771 0.12117300
v 0.07595210 0.03512080 0.12155700
v 0.07595210 0.03100260 0.12155700
v 0.07595210 0.00007771 0.12155700
v 0.07548590 0.03100260 0.12187700
v 0.07548590 0.03512080 0.12187700
v 0.07548590 0.00007771 0.12187700
v 0.07501970 0.03100260 0.12219700
v 0.07501970 0.03512080 0.12219700
v 0.07501970 0.00007771 0.12219700
v 0.07455350 0.03100260 0.12251700
v 0.07455350 0.03512080 0.12251700
v 0.07455350 0.00007771 0.12251700
v 0.07408720 0.03100260 0.12283700
v 0.07408720 0.03512080 0.12283700
v 0.07408720 0.00007771 0.12283700
v 0.07354330 0.03100260 0.12315700
v 0.07354330 0.03512080 0.12315700
v 0.07354330 0.00007771 0.12315700
v 0.07299940 0.03100260 0.12354100
v 0.07299940 0.03512080 0.12354100
v 0.07299940 0.00007771 0.12354100
v 0.07237780 0.03100260 0.12386100
v 0.07237780 0.03512080 0.12386100
v 0.07237780 0.00007771 0.12386100
v 0.07175620 0.03100260 0.12418100
v 0.07175620 0.03512080 0.12418100
v 0.07175620 0.00007771 0.12418100
v 0.07113460 0.03100260 0.12450100
v 0.07113460 0.03512080 0.12450100
v 0.07113460 0.00007771 0.12450100
v 0.07051300 0.03100260 0.12482100
v 0.07051300 0.03512080 0.12482100
v 0.07051300 0.00007771 0.12482100
v 0.06981370 0.03100260 0.12514100
v 0.06981370 0.03512080 0.12514100
v 0.06981370 0.00007771 0.12514100
v 0.06965830 0.03512080 0.12584500
v 0.06965830 0.03100260 0.12584500
v 0.06965830 0.00007771 0.12584500
v 0.06942520 0.03512080 0.12654900
v 0.06942520 0.03100260 0.12654900
v 0.06942520 0.00007771 0.12654900
v 0.06919210 0.03512080 0.12718800
v 0.06919210 0.03100260 0.12718800
v 0.06919210 0.00007771 0.12718800
v 0.06880360 0.03512080 0.12782800
v 0.06880360 0.03100260 0.12782800
v 0.06880360 0.00007771 0.12782800
v 0.06849280 0.03512080 0.12840400
v 0.06849280 0.03100260 0.12840400
v 0.06849280 0.00007771 0.12840400
v 0.06802660 0.03512080 0.12898000
v 0.06802660 0.03100260 0.12898000
v 0.06802660 0.00007771 0.12898000
v 0.06756040 0.03512080 0.12949200
v 0.06756040 0.03100260 0.12949200
v 0.06756040 0.00007771 0.12949200
v 0.06709420 0.03512080 0.12994000
v 0.06709420 0.03100260 0.12994000
v 0.06709420 0.00007771 0.12994000
v 0.06655030 0.03100260 0.13038800
v 0.06655030 0.03512080 0.13038800
v 0.06655030 0.00007771 0.13038800
v 0.06592860 0.03100260 0.13077200
v 0.06592860 0.03512080 0.13077200
v 0.06592860 0.00007771 0.13077200
v 0.06522930 0.03100260 0.13109200
v 0.06522930 0.03512080 0.13109200
v 0.06522930 0.00007771 0.13109200
v 0.06453000 0.03100260 0.13141200
v 0.06453000 0.03512080 0.13141200
v 0.06453000 0.00007771 0.13141200
v 0.06375300 0.03100260 0.13173200
v 0.06375300 0.03512080 0.13173200
v 0.06375300 0.00007771 0.13173200
v 0.06297600 0.03100260 0.13192400
v 0.06297600 0.03512080 0.13192400
v 0.06297600 0.00007771 0.13192400
v 0.06212130 0.03100260 0.13218000
v 0.06212130 0.03512080 0.13218000
v 0.06212130 0.00007771 0.13218000
v 0.06126660 0.03100260 0.13230800
v 0.06126660 0.03512080 0.13230800
v 0.06126660 0.00007771 0.13230800
v 0.06025650 0.03100260 0.13243600
v 0.06025650 0.03512080 0.13243600
v 0.06025650 0.00007771 0.13243600
v 0.05924640 0.03100260 0.13256300
v 0.05924640 0.03512080 0.13256300
v 0.05924640 0.00007771 0.13256300
v 0.05823630 0.03100260 0.13262700
v 0.05823630 0.03512080 0.13262700
v 0.05823630 0.00007771 0.13262700
v 0.05691530 0.03100260 0.13256300
v 0.05691530 0.03512080 0.13256300
v 0.05691530 0.00007771 0.13256300
v 0.05629370 0.03100260 0.13237200
v 0.05629370 0.03512080 0.13237200
v 0.05629370 0.00007771 0.13237200
v 0.05582750 0.03100260 0.13224400
v 0.05582750 0.03512080 0.13224400
v 0.05582750 0.00007771 0.13224400
v 0.05536130 0.03100260 0.13211600
v 0.05536130 0.03512080 0.13211600
v 0.05536130 0.00007771 0.13211600
v 0.05489510 0.03100260 0.13192400
v 0.05489510 0.03512080 0.13192400
v 0.05489510 0.00007771 0.13192400
v 0.05435120 0.03512080 0.13173200
v 0.05435120 0.00007771 0.13173200
v 0.05450660 0.03100260 0.13179600
v 0.05435120 0.03131350 0.13173200
v 0.05380730 0.03512080 0.13141200
v 0.05427350 0.03139120 0.13166800
v 0.05380730 0.00007771 0.13141200
v 0.05380730 0.03240130 0.13141200
v 0.05318570 0.03512080 0.13102800
v 0.05349650 0.03302290 0.13122000
v 0.05318570 0.00007771 0.13102800
v 0.05318570 0.03364450 0.13102800
v 0.05147630 0.00007771 0.11586200
v 0.05108780 0.03449920 0.11618200
v 0.05124320 0.03379990 0.11605400
v 0.05147630 0.03512080 0.11586200
v 0.05101010 0.03465460 0.11624600
v 0.05093240 0.03512080 0.11631000
v 0.05147630 0.03286750 0.11586200
v 0.05209790 0.03512080 0.11535000
v 0.05209790 0.03100260 0.11535000
v 0.05178710 0.03123580 0.11560600
v 0.05209790 0.00007771 0.11535000
v 0.05186480 0.03100260 0.11554200
v 0.05279720 0.03100260 0.11490300
v 0.05279720 0.03512080 0.11490300
v 0.05279720 0.00007771 0.11490300
v 0.05349650 0.03100260 0.11451900
v 0.05349650 0.03512080 0.11451900
v 0.05349650 0.00007771 0.11451900
v 0.05419580 0.03100260 0.11413500
v 0.05419580 0.03512080 0.11413500
v 0.05419580 0.00007771 0.11413500
v 0.05497280 0.03100260 0.11387900
v 0.05497280 0.03512080 0.11387900
v 0.05497280 0.00007771 0.11387900
v 0.05567210 0.03100260 0.11362300
v 0.05567210 0.03512080 0.11362300
v 0.05567210 0.00007771 0.11362300
v 0.05644910 0.03100260 0.11343100
v 0.05644910 0.03512080 0.11343100
v 0.05644910 0.00007771 0.11343100
v 0.05714840 0.03100260 0.11330300
v 0.05714840 0.03512080 0.11330300
v 0.05714840 0.00007771 0.11330300
v 0.05792540 0.03100260 0.11323900
v 0.05792540 0.03512080 0.11323900
v 0.05792540 0.00007771 0.11323900
v 0.05831400 0.03100260 0.11317500
v 0.05831400 0.03512080 0.11317500
v 0.05831400 0.00007771 0.11317500
v 0.05870250 0.03100260 0.11317500
v 0.05870250 0.03512080 0.11317500
v 0.05870250 0.00007771 0.11317500
v 0.05955720 0.03100260 0.11317500
v 0.05955720 0.03512080 0.11317500
v 0.05955720 0.00007771 0.11317500
v 0.06033420 0.03100260 0.11330300
v 0.06033420 0.03512080 0.11330300
v 0.06033420 0.00007771 0.11330300
v 0.06118890 0.03100260 0.11343100
v 0.06118890 0.03512080 0.11343100
v 0.06118890 0.00007771 0.11343100
v 0.06196590 0.03100260 0.11362300
v 0.06196590 0.03512080 0.11362300
v 0.06196590 0.00007771 0.11362300
v 0.06282060 0.03100260 0.11381500
v 0.06282060 0.03512080 0.11381500
v 0.06282060 0.00007771 0.11381500
v 0.06546240 0.03100260 0.11285500
v 0.06546240 0.03512080 0.11285500
v 0.06546240 0.00007771 0.11285500
v 0.06639490 0.03100260 0.11240700
v 0.06639490 0.03512080 0.11240700
v 0.06639490 0.00007771 0.11240700
v 0.06732730 0.03100260 0.11208700
v 0.06732730 0.03512080 0.11208700
v 0.06732730 0.00007771 0.11208700
v 0.06802660 0.03100260 0.11176700
v 0.06802660 0.03512080 0.11176700
v 0.06802660 0.00007771 0.11176700
v 0.06872590 0.03100260 0.11151100
v 0.06872590 0.03512080 0.11151100
v 0.06872590 0.00007771 0.11151100
v 0.06926980 0.03100260 0.11131900
v 0.06926980 0.03512080 0.11131900
v 0.06926980 0.00007771 0.11131900
v 0.06981370 0.03100260 0.11119100
v 0.06981370 0.03512080 0.11119100
v 0.06981370 0.00007771 0.11119100
v 0.07027990 0.03100260 0.11106300
v 0.07027990 0.03512080 0.11106300
v 0.07027990 0.00007771 0.11106300
v 0.07074610 0.03100260 0.11099900
v 0.07074610 0.03512080 0.11099900
v 0.07074610 0.00007771 0.11099900
v 0.07121230 0.03100260 0.11093500
v 0.07121230 0.03512080 0.11093500
v 0.07121230 0.00007771 0.11093500
v 0.07167850 0.03100260 0.11093500
v 0.07167850 0.03512080 0.11093500
v 0.07167850 0.00007771 0.11093500
v 0.07214470 0.03100260 0.11093500
v 0.07214470 0.03512080 0.11093500
v 0.07214470 0.00007771 0.11093500
v 0.07268860 0.03100260 0.11087100
v 0.07268860 0.03512080 0.11087100
v 0.07268860 0.00007771 0.11087100
v 0.07323250 0.03100260 0.11087100
v 0.07323250 0.03512080 0.11087100
v 0.07323250 0.00007771 0.11087100
v 0.07385410 0.03100260 0.11087100
v 0.07385410 0.03512080 0.11087100
v 0.07385410 0.00007771 0.11087100
v 0.07455350 0.03100260 0.11087100
v 0.07455350 0.03512080 0.11087100
v 0.07455350 0.00007771 0.11087100
v 0.07533050 0.03100260 0.11080700
v 0.07533050 0.03512080 0.11080700
v 0.07533050 0.00007771 0.11080700
v 0.07626290 0.03100260 0.11074300
v 0.07626290 0.03512080 0.11074300
v 0.07626290 0.00007771 0.11074300
v 0.07719530 0.03100260 0.11061500
v 0.07719530 0.03512080 0.11061500
v 0.07719530 0.00007771 0.11061500
v 0.07828310 0.03100260 0.11042300
v 0.07828310 0.03512080 0.11042300
v 0.07828310 0.00007771 0.11042300
v 0.07952630 0.03100260 0.11023100
v 0.07952630 0.03512080 0.11023100
v 0.07952630 0.00007771 0.11023100
v 0.08154650 0.03100260 0.10939900
v 0.08154650 0.03512080 0.10939900
v 0.08154650 0.00007771 0.10939900
v 0.08379990 0.03100260 0.10837600
v 0.08379990 0.03512080 0.10837600
v 0.08379990 0.00007771 0.10837600
v 0.08636400 0.03100260 0.10722400
v 0.08636400 0.03512080 0.10722400
v 0.08636400 0.00007771 0.10722400
v 0.08900580 0.03100260 0.10600800
v 0.08900580 0.03512080 0.10600800
v 0.08900580 0.00007771 0.10600800
v 0.09180310 0.03100260 0.10466400
v 0.09180310 0.03512080 0.10466400
v 0.09180310 0.00007771 0.10466400
v 0.09475570 0.03100260 0.10319300
v 0.09475570 0.03512080 0.10319300
v 0.09475570 0.00007771 0.10319300
v 0.09770830 0.03100260 0.10165700
v 0.09770830 0.03512080 0.10165700
v 0.09770830 0.00007771 0.10165700
v 0.10066100 0.03100260 0.10005700
v 0.10066100 0.03512080 0.10005700
v 0.10066100 0.00007771 0.10005700
v 0.10361400 0.03100260 0.09839340
v 0.10361400 0.03512080 0.09839340
v 0.10361400 0.00007771 0.09839340
v 0.10648900 0.03100260 0.09660170
v 0.10648900 0.03512080 0.09660170
v 0.10648900 0.00007771 0.09660170
v 0.10928600 0.03100260 0.09481000
v 0.10928600 0.03512080 0.09481000
v 0.10928600 0.00007771 0.09481000
v 0.11185000 0.03100260 0.09295430
v 0.11185000 0.03512080 0.09295430
v 0.11185000 0.00007771 0.09295430
v 0.11433600 0.03100260 0.09109860
v 0.11433600 0.03512080 0.09109860
v 0.11433600 0.00007771 0.09109860
v 0.11651200 0.00007771 0.08917900
v 0.11651200 0.03100260 0.08917900
v 0.11651200 0.03512080 0.08917900
v 0.11837700 0.00007771 0.08725930
v 0.11837700 0.03100260 0.08725930
v 0.11837700 0.03512080 0.08725930
v 0.12000800 0.00007771 0.08533960
v 0.12000800 0.03100260 0.08533960
v 0.12000800 0.03512080 0.08533960
v 0.12125200 0.00007771 0.08348400
v 0.12125200 0.03100260 0.08348400
v 0.12125200 0.03512080 0.08348400
v 0.12210600 0.00007771 0.08156430
v 0.12210600 0.03100260 0.08156430
v 0.12210600 0.03512080 0.08156430
v 0.12249500 0.00007771 0.07970860
v 0.12249500 0.03100260 0.07970860
v 0.12249500 0.03512080 0.07970860
v 0.12241700 0.00007771 0.07785290
v 0.12241700 0.03100260 0.07785290
v 0.12241700 0.03512080 0.07785290
v 0.12233900 0.00007771 0.07625320
v 0.12233900 0.03100260 0.07625320
v 0.12233900 0.03512080 0.07625320
v 0.12195100 0.00007771 0.07471750
v 0.12195100 0.03100260 0.07471750
v 0.12195100 0.03512080 0.07471750
v 0.12148500 0.00007771 0.07318170
v 0.12148500 0.03100260 0.07318170
v 0.12148500 0.03512080 0.07318170
v 0.12070800 0.00007771 0.07164600
v 0.12070800 0.03100260 0.07164600
v 0.12070800 0.03512080 0.07164600
v 0.11985300 0.00007771 0.07017430
v 0.11985300 0.03100260 0.07017430
v 0.11985300 0.03512080 0.07017430
v 0.11868800 0.00007771 0.06876650
v 0.11868800 0.03100260 0.06876650
v 0.11868800 0.03512080 0.06876650
v 0.11736700 0.00007771 0.06735870
v 0.11736700 0.03100260 0.06735870
v 0.11736700 0.03512080 0.06735870
v 0.11589000 0.00007771 0.06601500
v 0.11589000 0.03100260 0.06601500
v 0.11589000 0.03512080 0.06601500
v 0.11418100 0.03100260 0.06473520
v 0.11418100 0.03512080 0.06473520
v 0.11418100 0.00007771 0.06473520
v 0.11223800 0.03100260 0.06339140
v 0.11223800 0.03512080 0.06339140
v 0.11223800 0.00007771 0.06339140
v 0.11014000 0.03100260 0.06217560
v 0.11014000 0.03512080 0.06217560
v 0.11014000 0.00007771 0.06217560
v 0.10780900 0.03100260 0.06095990
v 0.10780900 0.03512080 0.06095990
v 0.10780900 0.00007771 0.06095990
v 0.10532300 0.03100260 0.05974410
v 0.10532300 0.03512080 0.05974410
v 0.10532300 0.00007771 0.05974410
v 0.10260300 0.03100260 0.05859230
v 0.10260300 0.03512080 0.05859230
v 0.10260300 0.00007771 0.05859230
v 0.09972850 0.03100260 0.05750450
v 0.09972850 0.03512080 0.05750450
v 0.09972850 0.00007771 0.05750450
v 0.09662050 0.03100260 0.05641660
v 0.09662050 0.03512080 0.05641660
v 0.09662050 0.00007771 0.05641660
v 0.09335710 0.03100260 0.05539280
v 0.09335710 0.03512080 0.05539280
v 0.09335710 0.00007771 0.05539280
v 0.08986050 0.03100260 0.05436900
v 0.08986050 0.03512080 0.05436900
v 0.08986050 0.00007771 0.05436900
v 0.08613090 0.03100260 0.05340920
v 0.08613090 0.03512080 0.05340920
v 0.08613090 0.00007771 0.05340920
v 0.08224590 0.03100260 0.05244930
v 0.08224590 0.03512080 0.05244930
v 0.08224590 0.00007771 0.05244930
v 0.06282060 0.00007771 0.04041940
v 0.06282060 0.00007771 0.03933160
v 0.06274290 0.00007771 0.04144320
v 0.06266520 0.00007771 0.03811580
v 0.06250980 0.00007771 0.04323490
v 0.06266520 0.00007771 0.04233910
v 0.05450660 0.00007771 0.11727000
v 0.05388500 0.00007771 0.11759000
v 0.05287490 0.00007771 0.11842200
v 0.05637140 0.00007771 0.12859600
v 0.05660450 0.00007771 0.12885200
v 0.05683770 0.00007771 0.12917200
v 0.05753690 0.00007771 0.12962000
v 0.05574980 0.00007771 0.11669400
v 0.05815860 0.00007771 0.12974800
v 0.05862480 0.00007771 0.12974800
v 0.05901330 0.00007771 0.12974800
v 0.05947950 0.00007771 0.12974800
v 0.05986800 0.00007771 0.12974800
v 0.05846940 0.00007771 0.11618200
v 0.06064500 0.00007771 0.04771410
v 0.06025650 0.00007771 0.12974800
v 0.06072270 0.00007771 0.12968400
v 0.06111120 0.00007771 0.12962000
v 0.05916870 0.00007771 0.05033770
v 0.06002340 0.00007771 0.05046570
v 0.06149970 0.00007771 0.12955600
v 0.06196590 0.00007771 0.12949200
v 0.06002340 0.00007771 0.04861000
v 0.06126660 0.00007771 0.05033770
v 0.06235440 0.00007771 0.12942800
v 0.06274290 0.00007771 0.12936400
v 0.06219900 0.00007771 0.05008170
v 0.06266520 0.00007771 0.04944180
v 0.06375300 0.00007771 0.12853200
v 0.06313140 0.00007771 0.12904400
v 0.06429690 0.00007771 0.12808400
v 0.06305370 0.00007771 0.04848200
v 0.06476310 0.00007771 0.12763600
v 0.06328680 0.00007771 0.04803410
v 0.06522930 0.00007771 0.12731600
v 0.06414150 0.00007771 0.04592240
v 0.06398610 0.00007771 0.04630640
v 0.06561790 0.00007771 0.12693200
v 0.06600640 0.00007771 0.12648500
v 0.06033420 0.00007771 0.04816210
v 0.06499620 0.00007771 0.04381080
v 0.06484080 0.00007771 0.04425870
v 0.06608410 0.00007771 0.12590900
v 0.06554010 0.00007771 0.04022740
v 0.06608410 0.00007771 0.03971550
v 0.05303030 0.00007771 0.12085400
v 0.05916870 0.00007771 0.11611800
v 0.06149970 0.00007771 0.11797400
v 0.06111120 0.00007771 0.11752600
v 0.05986800 0.00007771 0.11618200
v 0.06359760 0.00007771 0.12085400
v 0.06383070 0.00007771 0.12130100
v 0.06072270 0.00007771 0.11707800
v 0.06289830 0.00007771 0.04892990
v 0.06344220 0.00007771 0.04758620
v 0.06219900 0.00007771 0.11893400
v 0.06383070 0.00007771 0.04669030
v 0.06359760 0.00007771 0.04713820
v 0.06437460 0.00007771 0.04547450
v 0.06476310 0.00007771 0.03843570
v 0.06414150 0.00007771 0.03811580
v 0.06468540 0.00007771 0.04470670
v 0.06453000 0.00007771 0.04509060
v 0.06522930 0.00007771 0.03875570
v 0.06515160 0.00007771 0.04329890
v 0.06289830 0.00007771 0.11989400
v 0.06522930 0.00007771 0.04278700
v 0.06538480 0.00007771 0.04227510
v 0.06546240 0.00007771 0.04163520
v 0.06554010 0.00007771 0.04099530
v 0.06561790 0.00007771 0.03907560
v 0.06592860 0.00007771 0.03939560
v 0.06546240 0.00007771 0.12430900
v 0.05271950 0.00007771 0.11989400
v 0.05777010 0.00007771 0.11624600
v 0.05505050 0.00007771 0.11695000
v 0.05707070 0.00007771 0.11631000
v 0.06025650 0.00007771 0.11663000
v 0.06157740 0.00007771 0.04611440
v 0.06181050 0.00007771 0.04547450
v 0.06212130 0.00007771 0.04477060
v 0.06235440 0.00007771 0.04406680
v 0.05240870 0.00007771 0.11887000
v 0.05334110 0.00007771 0.11797400
v 0.05637140 0.00007771 0.11650200
v 0.05971260 0.00007771 0.04899390
v 0.06188820 0.00007771 0.11848600
v 0.06258750 0.00007771 0.11938200
v 0.06320910 0.00007771 0.12034200
v 0.06414150 0.00007771 0.12181300
v 0.06445230 0.00007771 0.12232500
v 0.06468540 0.00007771 0.12283700
v 0.06491850 0.00007771 0.12328500
v 0.06561790 0.00007771 0.12482100
v 0.06522930 0.00007771 0.12379700
v 0.06585090 0.00007771 0.12533300
v 0.06095580 0.00007771 0.04726620
v 0.06126660 0.00007771 0.04669030
v 0.05940180 0.00007771 0.04931390
v 0.05916870 0.00007771 0.04963380
v 0.05901330 0.00007771 0.04995370
v 0.05901330 0.00007771 0.04483460
v 0.05893560 0.00000000 0.03977950
v 0.06414150 0.03100260 0.03811580
v 0.06476310 0.03512080 0.03843570
v 0.06476310 0.03100260 0.03843570
v 0.06414150 0.03512080 0.03811580
v 0.06522930 0.03512080 0.03875570
v 0.06522930 0.03100260 0.03875570
v 0.06266520 0.03100260 0.03811580
v 0.06266520 0.03512080 0.03811580
v 0.06561790 0.03512080 0.03907560
v 0.06561790 0.03100260 0.03907560
v 0.06282060 0.03512080 0.03933160
v 0.06282060 0.03100260 0.03933160
v 0.06282060 0.03512080 0.04041940
v 0.06282060 0.03100260 0.04041940
v 0.06274290 0.03512080 0.04144320
v 0.06274290 0.03100260 0.04144320
v 0.06592860 0.03100260 0.03939560
v 0.06592860 0.03512080 0.03939560
v 0.06266520 0.03512080 0.04233910
v 0.06266520 0.03100260 0.04233910
v 0.06250980 0.03512080 0.04323490
v 0.06250980 0.03100260 0.04323490
v 0.06235440 0.03512080 0.04406680
v 0.06235440 0.03100260 0.04406680
v 0.06608410 0.03100260 0.03971550
v 0.06608410 0.03512080 0.03971550
v 0.06212130 0.03512080 0.04477060
v 0.06212130 0.03100260 0.04477060
v 0.06181050 0.03512080 0.04547450
v 0.06181050 0.03100260 0.04547450
v 0.06157740 0.03512080 0.04611440
v 0.06157740 0.03100260 0.04611440
v 0.06126660 0.03512080 0.04669030
v 0.06126660 0.03100260 0.04669030
v 0.06095580 0.03512080 0.04726620
v 0.06095580 0.03100260 0.04726620
v 0.06064500 0.03512080 0.04771410
v 0.06064500 0.03100260 0.04771410
v 0.06554010 0.03512080 0.04022740
v 0.06554010 0.03100260 0.04022740
v 0.06033420 0.03512080 0.04816210
v 0.06033420 0.03100260 0.04816210
v 0.06554010 0.03100260 0.04099530
v 0.06554010 0.03512080 0.04099530
v 0.06002340 0.03512080 0.04861000
v 0.06002340 0.03100260 0.04861000
v 0.06546240 0.03100260 0.04163520
v 0.06546240 0.03512080 0.04163520
v 0.05971260 0.03512080 0.04899390
v 0.05971260 0.03100260 0.04899390
v 0.06538480 0.03100260 0.04227510
v 0.06538480 0.03512080 0.04227510
v 0.05940180 0.03512080 0.04931390
v 0.05940180 0.03100260 0.04931390
v 0.06522930 0.03100260 0.04278700
v 0.06522930 0.03512080 0.04278700
v 0.05916870 0.03512080 0.04963380
v 0.05916870 0.03100260 0.04963380
v 0.06515160 0.03100260 0.04329890
v 0.06515160 0.03512080 0.04329890
v 0.05901330 0.03512080 0.04995370
v 0.05916870 0.03100260 0.04976180
v 0.05901330 0.03100260 0.04995370
v 0.06499620 0.03100260 0.04381080
v 0.06499620 0.03512080 0.04381080
v 0.05916870 0.03512080 0.05033770
v 0.05916870 0.03100260 0.05033770
v 0.06484080 0.03100260 0.04425870
v 0.06484080 0.03512080 0.04425870
v 0.06468540 0.03100260 0.04470670
v 0.06468540 0.03512080 0.04470670
v 0.06453000 0.03100260 0.04509060
v 0.06453000 0.03512080 0.04509060
v 0.06002340 0.03100260 0.05046570
v 0.06002340 0.03512080 0.05046570
v 0.06437460 0.03100260 0.04547450
v 0.06437460 0.03512080 0.04547450
v 0.06414150 0.03100260 0.04592240
v 0.06414150 0.03512080 0.04592240
v 0.06398610 0.03100260 0.04630640
v 0.06398610 0.03512080 0.04630640
v 0.06126660 0.03100260 0.05033770
v 0.06126660 0.03512080 0.05033770
v 0.06383070 0.03100260 0.04669030
v 0.06383070 0.03512080 0.04669030
v 0.06359760 0.03100260 0.04713820
v 0.06359760 0.03512080 0.04713820
v 0.06344220 0.03100260 0.04758620
v 0.06344220 0.03512080 0.04758620
v 0.06328680 0.03100260 0.04803410
v 0.06328680 0.03512080 0.04803410
v 0.06219900 0.03100260 0.05008170
v 0.06219900 0.03512080 0.05008170
v 0.06305370 0.03100260 0.04848200
v 0.06305370 0.03512080 0.04848200
v 0.06289830 0.03100260 0.04892990
v 0.06289830 0.03512080 0.04892990
v 0.06266520 0.03100260 0.04944180
v 0.06266520 0.03512080 0.04944180
v 0.06522930 0.03100260 0.12731600
v 0.06522930 0.03512080 0.12731600
v 0.06476310 0.03100260 0.12763600
v 0.06476310 0.03512080 0.12763600
v 0.06561790 0.03512080 0.12693200
v 0.06561790 0.03100260 0.12693200
v 0.06429690 0.03100260 0.12808400
v 0.06429690 0.03512080 0.12808400
v 0.06600640 0.03100260 0.12648500
v 0.06600640 0.03512080 0.12648500
v 0.06375300 0.03100260 0.12853200
v 0.06375300 0.03512080 0.12853200
v 0.06608410 0.03100260 0.12590900
v 0.06608410 0.03512080 0.12590900
v 0.06313140 0.03512080 0.12904400
v 0.06313140 0.03100260 0.12904400
v 0.06585090 0.03100260 0.12533300
v 0.06585090 0.03512080 0.12533300
v 0.06274290 0.03100260 0.12936400
v 0.06274290 0.03512080 0.12936400
v 0.06561790 0.03100260 0.12482100
v 0.06561790 0.03512080 0.12482100
v 0.06235440 0.03100260 0.12942800
v 0.06235440 0.03512080 0.12942800
v 0.06546240 0.03100260 0.12430900
v 0.06546240 0.03512080 0.12430900
v 0.06196590 0.03100260 0.12949200
v 0.06196590 0.03512080 0.12949200
v 0.06522930 0.03100260 0.12379700
v 0.06522930 0.03512080 0.12379700
v 0.06149970 0.03100260 0.12955600
v 0.06149970 0.03512080 0.12955600
v 0.06491850 0.03100260 0.12328500
v 0.06491850 0.03512080 0.12328500
v 0.06111120 0.03100260 0.12962000
v 0.06111120 0.03512080 0.12962000
v 0.06468540 0.03100260 0.12283700
v 0.06468540 0.03512080 0.12283700
v 0.06072270 0.03100260 0.12968400
v 0.06072270 0.03512080 0.12968400
v 0.06445230 0.03100260 0.12232500
v 0.06445230 0.03512080 0.12232500
v 0.06025650 0.03100260 0.12974800
v 0.06025650 0.03512080 0.12974800
v 0.06414150 0.03100260 0.12181300
v 0.06414150 0.03512080 0.12181300
v 0.05986800 0.03100260 0.12974800
v 0.05986800 0.03512080 0.12974800
v 0.06383070 0.03100260 0.12130100
v 0.06383070 0.03512080 0.12130100
v 0.05947950 0.03100260 0.12974800
v 0.05947950 0.03512080 0.12974800
v 0.06359760 0.03100260 0.12085400
v 0.06359760 0.03512080 0.12085400
v 0.05901330 0.03100260 0.12974800
v 0.05901330 0.03512080 0.12974800
v 0.06320910 0.03100260 0.12034200
v 0.06320910 0.03512080 0.12034200
v 0.05862480 0.03512080 0.12974800
v 0.05862480 0.03100260 0.12974800
v 0.06289830 0.03100260 0.11989400
v 0.06289830 0.03512080 0.11989400
v 0.05815860 0.03512080 0.12974800
v 0.05815860 0.03100260 0.12974800
v 0.06258750 0.03100260 0.11938200
v 0.06258750 0.03512080 0.11938200
v 0.05753690 0.03123580 0.12962000
v 0.05761470 0.03123580 0.12962000
v 0.05753690 0.03131350 0.12962000
v 0.05753690 0.03512080 0.12962000
v 0.05769240 0.03100260 0.12968400
v 0.06219900 0.03100260 0.11893400
v 0.06219900 0.03512080 0.11893400
v 0.06188820 0.03100260 0.11848600
v 0.06188820 0.03512080 0.11848600
v 0.06149970 0.03100260 0.11797400
v 0.06149970 0.03512080 0.11797400
v 0.05683770 0.03512080 0.12917200
v 0.05745930 0.03146890 0.12955600
v 0.05683770 0.03302290 0.12917200
v 0.06111120 0.03100260 0.11752600
v 0.06111120 0.03512080 0.11752600
v 0.06072270 0.03100260 0.11707800
v 0.06072270 0.03512080 0.11707800
v 0.05660450 0.03372220 0.12885200
v 0.05675990 0.03333370 0.12904400
v 0.05660450 0.03512080 0.12885200
v 0.06025650 0.03100260 0.11663000
v 0.06025650 0.03512080 0.11663000
v 0.05637140 0.03449920 0.12859600
v 0.05652680 0.03395530 0.12878800
v 0.05637140 0.03512080 0.12859600
v 0.05986800 0.03100260 0.11618200
v 0.05986800 0.03512080 0.11618200
v 0.05621600 0.03512080 0.12834000
v 0.05637140 0.03465460 0.12853200
v 0.05916870 0.03100260 0.11611800
v 0.05916870 0.03512080 0.11611800
v 0.05846940 0.03100260 0.11618200
v 0.05846940 0.03512080 0.11618200
v 0.05777010 0.03100260 0.11624600
v 0.05777010 0.03512080 0.11624600
v 0.05707070 0.03100260 0.11631000
v 0.05707070 0.03512080 0.11631000
v 0.05637140 0.03100260 0.11650200
v 0.05637140 0.03512080 0.11650200
v 0.05574980 0.03100260 0.11669400
v 0.05574980 0.03512080 0.11669400
v 0.05505050 0.03100260 0.11695000
v 0.05505050 0.03512080 0.11695000
v 0.05450660 0.03100260 0.11727000
v 0.05450660 0.03512080 0.11727000
v 0.05388500 0.03100260 0.11759000
v 0.05388500 0.03512080 0.11759000
v 0.05334110 0.03100260 0.11797400
v 0.05334110 0.03512080 0.11797400
v 0.05287490 0.03512080 0.11842200
v 0.05287490 0.03100260 0.11842200
v 0.05318570 0.03247900 0.12130100
v 0.05310800 0.03232360 0.12117300
v 0.05318570 0.03240130 0.12117300
v 0.05334110 0.03333370 0.12174900
v 0.05334110 0.03512080 0.12174900
v 0.05303030 0.03209050 0.12085400
v 0.05303030 0.03512080 0.12085400
v 0.05240870 0.03512080 0.11887000
v 0.05240870 0.03154660 0.11887000
v 0.05248640 0.03100260 0.11874200
v 0.05295260 0.03185740 0.12059800
v 0.05279720 0.03162430 0.12002200
v 0.05287490 0.03177970 0.12040600
v 0.05271950 0.03162430 0.11989400
v 0.05271950 0.03512080 0.11989400
v 0.05256410 0.03154660 0.11931800
v 0.05264180 0.03154660 0.11963800
v 0.05248640 0.03154660 0.11899800
v 0.05264180 0.03512080 0.13058000
v 0.05155400 0.03512080 0.11861400
v 0.05194250 0.03512080 0.11963800
v 0.05240870 0.03512080 0.12053400
v 0.05287490 0.03512080 0.12136500
v 0.05303030 0.03512080 0.12149300
v 0.05365190 0.03512080 0.12264500
v 0.05644910 0.03512080 0.05219340
v 0.05714840 0.03512080 0.05283320
v 0.05792540 0.03512080 0.05334520
v 0.05839170 0.03512080 0.05385710
v 0.00000000 0.02269240 0.00237501
v 0.00000000 0.03000940 0.00578246
v 0.00000000 0.02635820 0.00408215
v 0.00000000 0.03147270 0.00852585
v 0.00000000 0.02794820 0.15290900
v 0.05481740 0.03100260 0.13160400
v 0.05489510 0.03100260 0.13160400
v 0.05512820 0.03100260 0.13147600
v 0.05380730 0.03512080 0.13006800
v 0.05427350 0.03512080 0.12981200
v 0.05372960 0.03512080 0.13006800
v 0.05318570 0.03512080 0.13032400
v 0.05536130 0.03100260 0.13141200
v 0.05543900 0.03100260 0.13134800
v 0.05559440 0.03100260 0.13128400
v 0.05551670 0.03512080 0.12910800
v 0.05536130 0.03512080 0.12917200
v 0.05520590 0.03512080 0.12923600
v 0.05497280 0.03512080 0.12942800
v 0.05481740 0.03512080 0.12949200
v 0.05473970 0.03512080 0.12955600
v 0.05442890 0.03512080 0.12974800
v 0.05582750 0.03100260 0.13115600
v 0.05613830 0.03100260 0.13096400
v 0.05621600 0.03100260 0.13090000
v 0.05629370 0.03100260 0.13083600
v 0.05652680 0.03100260 0.13070800
v 0.05668220 0.03100260 0.13064400
v 0.05675990 0.03100260 0.13058000
v 0.05691530 0.03100260 0.13051600
v 0.05753690 0.03100260 0.12987600
v 0.05761470 0.03100260 0.12974800
v 0.05613830 0.03512080 0.12840400
v 0.05598290 0.03512080 0.12866000
v 0.05590520 0.03512080 0.12872400
v 0.05567210 0.03512080 0.12891600
v 0.05334110 0.03348910 0.12181300
v 0.05248640 0.03512080 0.12066200
v 0.05240870 0.03512080 0.12059800
v 0.05271950 0.03512080 0.12110900
v 0.05279720 0.03512080 0.12123700
v 0.05334110 0.03333370 0.12181300
v 0.05225330 0.03512080 0.12034200
v 0.05209790 0.03512080 0.11995800
v 0.05194250 0.03512080 0.11957400
v 0.05248640 0.03100260 0.11855000
v 0.05240870 0.03100260 0.11855000
v 0.05139860 0.03512080 0.11797400
v 0.05124320 0.03512080 0.11746200
v 0.05147630 0.03512080 0.11823000
v 0.05217560 0.03100260 0.11746200
v 0.05233100 0.03100260 0.11816600
v 0.05209790 0.03100260 0.11720600
v 0.05124320 0.03512080 0.11739800
v 0.05186480 0.03100260 0.11567000
v 0.05209790 0.03100260 0.11675800
v 0.05209790 0.03100260 0.11707800
v 0.05971260 0.03100260 0.05328120
v 0.05986800 0.03100260 0.05315320
v 0.05947950 0.03100260 0.05347310
v 0.05940180 0.03100260 0.05270530
v 0.05932410 0.03100260 0.05264130
v 0.05971260 0.03100260 0.05296120
v 0.05971260 0.03100260 0.05302520
v 0.05870250 0.03100260 0.05212940
v 0.05854710 0.03100260 0.05200140
v 0.05878020 0.03100260 0.05219340
v 0.05893560 0.03100260 0.05225740
v 0.05916870 0.03100260 0.05244930
v 0.05792540 0.03100260 0.05148950
v 0.05784780 0.03100260 0.05136150
v 0.05800320 0.03100260 0.05155350
v 0.05839170 0.03100260 0.05187340
v 0.05582750 0.03512080 0.05110550
v 0.05730390 0.03100260 0.05052970
v 0.05722620 0.03100260 0.05033770
v 0.05761470 0.03100260 0.05116950
v 0.05567210 0.03512080 0.05091360
v 0.05707070 0.03100260 0.05014570
v 0.05660450 0.03100260 0.04950580
v 0.05707070 0.03100260 0.05020970
v 0.05660450 0.03100260 0.04873800
v 0.05660450 0.03100260 0.04848200
v 0.05528360 0.03512080 0.04835400
v 0.05660450 0.03100260 0.04771410
v 0.05660450 0.03100260 0.04745820
v 0.05536130 0.03512080 0.04745820
v 0.05668220 0.03100260 0.04681830
v 0.05536130 0.03512080 0.04739420
v 0.05668220 0.03100260 0.04656230
v 0.05675990 0.03100260 0.04585850
v 0.05543900 0.03512080 0.04681830
v 0.05683770 0.03100260 0.04566650
v 0.05691530 0.03100260 0.04502660
v 0.05559440 0.03512080 0.04592240
v 0.05699300 0.03100260 0.04477060
v 0.05714840 0.03100260 0.04400280
v 0.05707070 0.03100260 0.04419470
v 0.05574980 0.03512080 0.04502660
v 0.05738150 0.03100260 0.04323490
v 0.05730390 0.03100260 0.04342690
v 0.05722620 0.03100260 0.04361880
v 0.05574980 0.03512080 0.04489860
v 0.05753690 0.03100260 0.04265900
v 0.05761470 0.03100260 0.04246700
v 0.05629370 0.03512080 0.04349090
v 0.05606060 0.03512080 0.04400280
v 0.05792540 0.03100260 0.04189110
v 0.05792540 0.03100260 0.04176320
v 0.05784780 0.03100260 0.04195510
v 0.05652680 0.03512080 0.04278700
v 0.05637140 0.03512080 0.04329890
v 0.05823630 0.03100260 0.04112330
v 0.05815860 0.03100260 0.04131520
v 0.05668220 0.03512080 0.04259500
v 0.05854710 0.03100260 0.04067540
v 0.05862480 0.03100260 0.04054740
v 0.05722620 0.03512080 0.04157120
v 0.05691530 0.03512080 0.04214710
v 0.05831400 0.03100260 0.04099530
v 0.05683770 0.03512080 0.04214710
v 0.05909100 0.03100260 0.03997150
v 0.05893560 0.03100260 0.04009950
v 0.05730390 0.03512080 0.04157120
v 0.05947950 0.03100260 0.03945960
v 0.05940180 0.03100260 0.03958750
v 0.05916870 0.03100260 0.03984350
v 0.05916870 0.03100260 0.03990750
v 0.05909100 0.03100260 0.03990750
v 0.05769240 0.03512080 0.04099530
v 0.05792540 0.03512080 0.04073930
v 0.05986800 0.03100260 0.03907560
v 0.06002340 0.03100260 0.03901160
v 0.05986800 0.03100260 0.03913960
v 0.05979030 0.03100260 0.03920360
v 0.05971260 0.03100260 0.03926760
v 0.05971260 0.03100260 0.03933160
v 0.05839170 0.03512080 0.04022740
v 0.05846940 0.03512080 0.04016340
v 0.06041190 0.03100260 0.03862770
v 0.06048960 0.03100260 0.03856370
v 0.06041190 0.03100260 0.03869170
v 0.05901330 0.03512080 0.03971550
v 0.05963490 0.03512080 0.03926760
v 0.06056730 0.03100260 0.03849970
v 0.06095580 0.03100260 0.03824380
v 0.06111120 0.03100260 0.03817980
v 0.06118890 0.03100260 0.03811580
v 0.06126660 0.03100260 0.03805180
v 0.06134430 0.03100260 0.03805180
v 0.06142200 0.03100260 0.03798780
v 0.06149970 0.03100260 0.03792380
v 0.05986800 0.03512080 0.03913960
v 0.05979030 0.03512080 0.03913960
v 0.05971260 0.03512080 0.03920360
v 0.06165510 0.03100260 0.03779580
v 0.06056730 0.03512080 0.03875570
v 0.06048960 0.03512080 0.03875570
v 0.06041190 0.03512080 0.03881970
v 0.06212130 0.03100260 0.03760390
v 0.06227670 0.03100260 0.03753990
v 0.06235440 0.03100260 0.03753990
v 0.06134430 0.03512080 0.03843570
v 0.06126660 0.03512080 0.03843570
v 0.06118890 0.03512080 0.03849970
v 0.06235440 0.03100260 0.03747590
v 0.06243210 0.03100260 0.03747590
v 0.06266520 0.03100260 0.03741190
v 0.06282060 0.03100260 0.03728390
v 0.06289830 0.03100260 0.03728390
v 0.06297600 0.03100260 0.03722000
v 0.06212130 0.03512080 0.03805180
v 0.06344220 0.03100260 0.03696400
v 0.06367530 0.03100260 0.03690000
v 0.06359760 0.03100260 0.03677200
v 0.06196590 0.03512080 0.03766790
v 0.06344220 0.03100260 0.03645210
v 0.06173280 0.03512080 0.03734790
v 0.06328680 0.03100260 0.03626010
v 0.06320910 0.03100260 0.03619610
v 0.06289830 0.03100260 0.03606810
v 0.06142200 0.03512080 0.03722000
v 0.06274290 0.03100260 0.03600420
v 0.06250980 0.03100260 0.03587620
v 0.06126660 0.03512080 0.03715600
v 0.06064500 0.03512080 0.03690000
v 0.06235440 0.03100260 0.03581220
v 0.06219900 0.03100260 0.03574820
v 0.06243210 0.03100260 0.03581220
v 0.06212130 0.03100260 0.03568420
v 0.06064500 0.03512080 0.03683600
v 0.06188820 0.03100260 0.03562020
v 0.06149970 0.03100260 0.03536430
v 0.06056730 0.03512080 0.03683600
v 0.06048960 0.03512080 0.03683600
v 0.06002340 0.03512080 0.03658010
v 0.05963490 0.03512080 0.03645210
v 0.06134430 0.03100260 0.03536430
v 0.05986800 0.03512080 0.03651610
v 0.05979030 0.03512080 0.03651610
v 0.05901330 0.03512080 0.04483460
v 0.08201270 0.03100260 0.11618200
v 0.08139110 0.03100260 0.11656600
v 0.08061410 0.03100260 0.11707800
v 0.08022560 0.03100260 0.11733400
v 0.07983710 0.03100260 0.11759000
v 0.07890470 0.03100260 0.11823000
v 0.07929320 0.03100260 0.11797400
v 0.07299940 0.03100260 0.05321720
v 0.07237780 0.03100260 0.05308920
v 0.07066840 0.03100260 0.05289720
v 0.07175620 0.03100260 0.05302520
v 0.07121230 0.03100260 0.05296120
v 0.07400960 0.03512080 0.05340920
v 0.07331020 0.03512080 0.05321720
v 0.07268860 0.03512080 0.05315320
v 0.07206700 0.03512080 0.05308920
v 0.07152310 0.03512080 0.05296120
v 0.07090150 0.03512080 0.05289720
v 0.08201270 0.03512080 0.11618200
v 0.08162420 0.03512080 0.11643800
v 0.08038100 0.03512080 0.11720600
v 0.07999250 0.03512080 0.11746200
v 0.07960400 0.03512080 0.11771800
v 0.07929320 0.03512080 0.11797400
v 0.07890470 0.03512080 0.11823000
v 0.05893560 0.03512080 0.03977950
vn -0.12835314 0.84536600 -0.51853814
vn 0.00000000 1.00000000 0.00000000
vn 0.00000000 1.00000000 0.00000000
vn 0.00000000 1.00000000 0.00000000
vn 0.00000000 1.00000000 0.00000000
vn 0.00000000 1.00000000 0.00000000
vn 0.00000000 1.00000000 0.00000000
vn 0.00000000 1.00000000 0.00000000
vn 0.00000000 1.00000000 0.00000000
vn 0.00000000 1.00000000 0.00000000
vn -0.20082395 0.84436232 0.49671120
vn -0.10727084 0.83970336 -0.53234503
vn 0.00000000 1.00000000 0.00000000
vn -0.07839902 0.84799730 -0.52416998
vn 0.00000000 1.00000000 0.00000000
vn 0.00000000 1.00000000 0.00000000
vn 0.00000000 1.00000000 0.00000000
vn 0.00000000 1.00000000 0.00000000
vn 0.00000000 1.00000000 0.00000000
vn 0.00000000 1.00000000 0.00000000
vn 0.00000000 1.00000000 0.00000000
vn 0.00000000 1.00000000 0.00000000
vn 0.00000000 1.00000000 0.00000000
vn 0.00000000 1.00000000 0.00000000
vn 0.00000000 1.00000000 0.00000000
vn -0.24859219 0.82365577 0.50969902
vn 0.00000000 1.00000000 0.00000000
vn 0.00000000 1.00000000 0.00000000
vn -0.08463825 0.84639631 -0.52578479
vn 0.00000000 1.00000000 0.00000000
vn 0.00000000 1.00000000 0.00000000
vn 0.00000000 1.00000000 0.00000000
vn 0.00000000 1.00000000 0.00000000
vn 0.00000000 1.00000000 0.00000000
vn 0.00000000 1.00000000 0.00000000
vn -0.21893951 0.82825439 0.51581020
vn 0.00000000 1.00000000 0.00000000
vn 0.00000000 1.00000000 0.00000000
vn 0.00000000 1.00000000 0.00000000
vn -0.11879457 0.84791048 -0.51665817
vn 0.00000000 1.00000000 0.00000000
vn -0.22143722 0.83982091 0.49564744
vn -0.12846922 0.84506344 -0.51900235
vn 0.00000000 1.00000000 0.00000000
vn 0.00000000 1.00000000 0.00000000
vn 0.70710678 0.70710678 0.00000000
vn 0.70710678 0.70710678 0.00000000
vn 0.00000000 1.00000000 0.00000000
vn 0.00000000 1.00000000 0.00000000
vn 0.00000000 1.00000000 0.00000000
vn 0.70710678 0.70710678 0.00000000
vn 0.70710678 0.70710678 0.00000000
vn 0.21697970 0.97214092 0.08866702
vn 0.00000000 1.00000000 0.00000000
vn 0.00000000 1.00000000 0.00000000
vn 0.00000000 1.00000000 0.00000000
vn 0.00000000 1.00000000 0.00000000
vn -0.21552319 0.84154210 -0.49533488
vn 0.00000000 1.00000000 0.00000000
vn 0.00000000 1.00000000 0.00000000
vn 0.00000000 1.00000000 0.00000000
vn 0.00000000 1.00000000 0.00000000
vn 0.00000000 1.00000000 0.00000000
vn 0.00000000 1.00000000 0.00000000
vn 0.00000000 1.00000000 0.00000000
vn 0.00000000 1.00000000 0.00000000
vn -0.09584020 0.85116996 -0.51606624
vn 0.00000000 1.00000000 0.00000000
vn -0.19869734 0.83304183 0.51629514
vn -0.19525473 0.84041188 0.50555263
vn 0.00000000 1.00000000 0.00000000
vn 0.00000000 1.00000000 0.00000000
vn 0.00000000 1.00000000 0.00000000
vn 0.00000000 1.00000000 0.00000000
vn 0.00000000 1.00000000 0.00000000
vn 0.00000000 1.00000000 0.00000000
vn 0.00000000 1.00000000 0.00000000
vn 0.70710678 0.70710678 0.00000000
vn 0.00000000 1.00000000 0.00000000
vn -0.26611559 0.83914873 0.47435419
vn 0.00000000 1.00000000 0.00000000
vn 0.00000000 1.00000000 0.00000000
vn 0.00000000 1.00000000 0.00000000
vn 0.00000000 1.00000000 0.00000000
vn 0.00000000 1.00000000 0.00000000
vn -0.27329867 0.83203579 0.48272590
vn 0.00000000 1.00000000 0.00000000
vn -0.27838236 0.82716100 0.48816795
vn -0.29147941 0.81735915 0.49695450
vn 0.00000000 1.00000000 0.00000000
vn 0.00000000 1.00000000 0.00000000
vn 0.00000000 1.00000000 0.00000000
vn -0.34885644 0.81351852 0.46528142
vn -0.31022278 0.82600629 0.47061177
vn 0.00000000 1.00000000 0.00000000
vn 0.00000000 1.00000000 0.00000000
vn -0.22905939 0.84251370 0.48754740
vn 0.00000000 1.00000000 0.00000000
vn 0.00000000 1.00000000 0.00000000
vn -0.22586701 0.83077452 0.50872172
vn 0.70710678 0.70710678 0.00000000
vn 0.70710678 0.70710678 0.00000000
vn 0.00000000 1.00000000 0.00000000
vn 0.00000000 1.00000000 0.00000000
vn 0.00000000 1.00000000 0.00000000
vn 0.00000000 1.00000000 0.00000000
vn 0.00000000 1.00000000 0.00000000
vn 0.00000000 1.00000000 0.00000000
vn 0.00000000 1.00000000 0.00000000
vn 0.00000000 1.00000000 0.00000000
vn 0.00000000 1.00000000 0.00000000
vn 0.00000000 1.00000000 0.00000000
vn -0.13700331 0.83077844 0.53947871
vn 0.00000000 1.00000000 0.00000000
vn 0.00000000 1.00000000 0.00000000
vn 0.72555539 0.53778374 -0.42936934
vn -0.06091804 0.84308899 -0.53431259
vn 0.70710678 0.70710678 0.00000000
vn 0.59017630 0.67694568 -0.43981414
vn 0.00000000 1.00000000 0.00000000
vn -0.27405594 0.82534088 0.49366565
vn 0.00000000 1.00000000 0.00000000
vn 0.00000000 1.00000000 0.00000000
vn -0.16497151 0.85714124 0.48794804
vn 0.00000000 1.00000000 0.00000000
vn -0.11400099 0.82919757 0.54720669
vn -0.18397774 0.83897990 -0.51211808
vn 0.00000000 1.00000000 0.00000000
vn 0.00000000 1.00000000 0.00000000
vn -0.14130284 0.83533734 0.53126739
vn 0.00000000 1.00000000 0.00000000
vn 0.00000000 1.00000000 0.00000000
vn -0.27356236 0.82580029 0.49317088
vn 0.00000000 1.00000000 0.00000000
vn -0.27469294 0.82055394 -0.50123350
vn 0.00000000 1.00000000 0.00000000
vn 0.00000000 1.00000000 0.00000000
vn 0.00000000 1.00000000 0.00000000
vn -0.18730553 0.84045464 0.50848072
vn -0.21742439 0.83625794 0.50338781
vn -0.36424080 0.81958991 0.44226803
vn 0.00000000 1.00000000 0.00000000
vn 0.00000000 1.00000000 0.00000000
vn 0.00000000 1.00000000 0.00000000
vn 0.00000000 1.00000000 0.00000000
vn 0.00000000 1.00000000 0.00000000
vn 0.00000000 1.00000000 0.00000000
vn -0.27794398 0.82741022 0.48799536
vn 0.00000000 1.00000000 0.00000000
vn -0.26396729 0.83538598 0.48213229
vn -0.25460568 0.83122031 0.49421528
vn 0.00000000 1.00000000 0.00000000
vn -0.26418262 0.83512672 0.48246337
vn 0.00000000 1.00000000 0.00000000
vn 0.00000000 1.00000000 0.00000000
vn -0.19240328 0.84432703 -0.50009284
vn 0.00000000 1.00000000 0.00000000
vn -0.19516055 0.84268558 -0.50179017
vn 0.00000000 1.00000000 0.00000000
vn 0.00000000 1.00000000 0.00000000
vn -0.24809661 0.82271587 0.51145544
vn -0.17199123 0.83510908 0.52250535
vn 0.00000000 1.00000000 0.00000000
vn 0.00000000 1.00000000 0.00000000
vn 0.00000000 1.00000000 0.00000000
vn -0.22342693 0.84326105 -0.48886727
vn 0.00000000 1.00000000 0.00000000
vn 0.00000000 1.00000000 0.00000000
vn 0.00000000 1.00000000 0.00000000
vn -0.23045809 0.82863710 0.51014667
vn 0.00000000 1.00000000 0.00000000
vn -0.22262479 0.84143107 -0.49237380
vn 0.00000000 1.00000000 0.00000000
vn 0.00000000 1.00000000 0.00000000
vn -0.24641640 0.83127775 0.49825321
vn -0.11898167 0.84116964 -0.52751966
vn 0.00000000 1.00000000 0.00000000
vn 0.00000000 1.00000000 0.00000000
vn 0.00000000 1.00000000 0.00000000
vn -0.15178719 0.83789878 -0.52429599
vn 0.00000000 1.00000000 0.00000000
vn -0.16109333 0.82894782 0.53562529
vn -0.18823239 0.84909484 0.49356511
vn 0.00000000 1.00000000 0.00000000
vn -0.21506307 0.84460879 -0.49028958
vn 0.00000000 1.00000000 0.00000000
vn 0.00000000 1.00000000 0.00000000
vn -0.16422554 0.84440568 -0.50991080
vn 0.00000000 1.00000000 0.00000000
vn -0.12949425 0.85162270 -0.50790748
vn -0.24756361 0.83607932 0.48957494
vn 0.00000000 1.00000000 0.00000000
vn -0.25687219 0.82600496 0.50172949
vn -0.18001833 0.83633833 0.51781425
vn 0.00000000 1.00000000 0.00000000
vn -0.17274041 0.83370564 0.52449563
vn 0.00000000 1.00000000 0.00000000
vn -0.19478532 0.82779907 0.52612487
vn 0.00000000 1.00000000 0.00000000
vn 0.00000000 1.00000000 0.00000000
vn -0.25176939 0.84247366 0.47628805
vn 0.00000000 1.00000000 0.00000000
vn 0.00000000 1.00000000 0.00000000
vn -0.21570595 0.82258359 0.52614368
vn 0.00000000 1.00000000 0.00000000
vn -0.15171266 0.84139708 -0.51868508
vn 0.00000000 1.00000000 0.00000000
vn 0.00000000 1.00000000 0.00000000
vn -0.13366483 0.84148692 -0.52348206
vn 0.00000000 1.00000000 0.00000000
vn 0.00000000 1.00000000 0.00000000
vn -0.28238234 0.84665331 0.45104145
vn 0.00000000 1.00000000 0.00000000
vn 0.00000000 1.00000000 0.00000000
vn 0.00000000 1.00000000 0.00000000
vn 0.00000000 1.00000000 0.00000000
vn -0.30988814 0.82587496 0.47106251
vn -0.15674873 0.85615241 -0.49237474
vn 0.00000000 1.00000000 0.00000000
vn -0.21453325 0.82273169 0.52639154
vn -0.20283856 0.84509704 0.49463877
vn 0.00000000 1.00000000 0.00000000
vn -0.22369068 0.83994324 0.49442677
vn -0.21465560 0.82280516 0.52622680
vn 0.00000000 1.00000000 0.00000000
vn -0.22370487 0.83991078 0.49447549
vn 0.00000000 1.00000000 0.00000000
vn -0.19811881 0.83745000 0.50933922
vn -0.21727541 0.84327409 -0.49160982
vn 0.00000000 1.00000000 0.00000000
vn 0.00000000 1.00000000 0.00000000
vn -0.61701374 0.78695192 0.00084261
vn -0.78430547 -0.56189174 0.26294981
vn -0.49900734 0.73800752 0.45424287
vn -0.26075832 0.82721079 0.49772221
vn 0.00000000 1.00000000 0.00000000
vn -0.23097281 0.84134867 0.48865527
vn 0.00000000 1.00000000 0.00000000
vn 0.00000000 1.00000000 0.00000000
vn -0.18044741 0.83640332 0.51755987
vn 0.00000000 1.00000000 0.00000000
vn 0.00000000 1.00000000 0.00000000
vn -0.20990765 0.83428230 0.50981547
vn -0.21030479 0.83410903 0.50993531
vn -0.22542180 0.84948780 -0.47702776
vn 0.00000000 1.00000000 0.00000000
vn 0.00000000 1.00000000 0.00000000
vn 0.00000000 1.00000000 0.00000000
vn -0.29791118 0.83266340 0.46681966
vn -0.26839836 0.82594051 0.49576667
vn 0.00000000 1.00000000 0.00000000
vn -0.24382559 0.83444901 0.49421041
vn 0.00000000 1.00000000 0.00000000
vn -0.24797689 0.82932544 0.50072625
vn -0.25251592 0.82275901 0.50921834
vn 0.00000000 1.00000000 0.00000000
vn 0.00000000 1.00000000 0.00000000
vn -0.26220415 0.83906131 0.47668135
vn -0.24110832 0.83771309 0.49000362
vn 0.00000000 1.00000000 0.00000000
vn -0.09954319 0.84338120 -0.52801449
vn 0.00000000 1.00000000 0.00000000
vn 0.00000000 1.00000000 0.00000000
vn 0.00000000 1.00000000 0.00000000
vn -0.24567196 0.83178206 0.49777895
vn 0.00000000 1.00000000 0.00000000
vn -0.26846032 0.83018444 0.48859272
vn -0.26128837 0.83745833 0.47999160
vn 0.70710678 0.70710678 0.00000000
vn 0.45638060 0.67777060 0.57649264
vn 0.00000000 1.00000000 0.00000000
vn 0.00000000 1.00000000 0.00000000
vn -0.29704605 0.82094068 0.48766797
vn 0.00000000 1.00000000 0.00000000
vn -0.16593817 0.84266012 -0.51223866
vn 0.00000000 1.00000000 0.00000000
vn -0.24588865 0.83143526 0.49825113
vn -0.24590560 0.83205485 0.49720737
vn 0.00000000 1.00000000 0.00000000
vn 0.00000000 1.00000000 0.00000000
vn 0.00000000 1.00000000 0.00000000
vn 0.00000000 1.00000000 0.00000000
vn 0.00000000 1.00000000 0.00000000
vn -0.36423409 0.81955647 0.44233552
vn -0.32850055 0.80678773 0.49110176
vn 0.00000000 1.00000000 0.00000000
vn -0.20468220 0.82382584 0.52859831
vn -0.23140230 0.86281955 0.44943897
vn 0.00000000 1.00000000 0.00000000
vn 0.00000000 1.00000000 0.00000000
vn -0.27287225 0.83247098 0.48221655
vn 0.00000000 1.00000000 0.00000000
vn -0.25788171 0.82627409 0.50076756
vn 0.00000000 1.00000000 0.00000000
vn -0.16212891 0.82715759 0.53807485
vn 0.00000000 1.00000000 0.00000000
vn -0.24644907 0.83732146 0.48801192
vn -0.21163110 0.83719502 -0.50429830
vn -0.17995308 0.82998385 0.52796183
vn 0.00000000 1.00000000 0.00000000
vn 0.00000000 1.00000000 0.00000000
vn 0.00000000 1.00000000 0.00000000
vn 0.00000000 1.00000000 0.00000000
vn -0.24607583 0.83149440 0.49805999
vn -0.27814772 0.84433225 -0.45797042
vn 0.00000000 1.00000000 0.00000000
vn 0.00000000 1.00000000 0.00000000
vn -0.18861080 0.83945673 0.50964532
vn 0.00000000 1.00000000 0.00000000
vn -0.17257633 0.83368804 0.52457760
vn 0.00000000 1.00000000 0.00000000
vn -0.16272674 0.83215669 -0.53012757
vn 0.00000000 1.00000000 0.00000000
vn 0.00000000 1.00000000 0.00000000
vn 0.00000000 1.00000000 0.00000000
vn 0.00000000 1.00000000 0.00000000
vn -0.20351504 0.83271471 0.51494450
vn 0.00000000 1.00000000 0.00000000
vn 0.00000000 1.00000000 0.00000000
vn 0.00000000 1.00000000 0.00000000
vn 0.70710678 0.70710678 0.00000000
vn 0.70710678 0.70710678 0.00000000
vn 0.00000000 1.00000000 0.00000000
vn 0.00000000 1.00000000 0.00000000
vn -0.29727599 0.82093869 0.48753119
vn -0.28174406 0.83490852 0.47280867
vn 0.00000000 1.00000000 0.00000000
vn 0.00000000 1.00000000 0.00000000
vn -0.31051848 0.82557959 0.47116517
vn -0.21538739 0.82241344 0.52654004
vn 0.70710678 0.70710678 0.00000000
vn 0.66013986 0.67568032 0.32813333
vn 0.00000000 1.00000000 0.00000000
vn -0.21820676 0.82209654 0.52587364
vn 0.00000000 1.00000000 0.00000000
vn -0.21036999 0.83349820 0.51090627
vn -0.22450995 0.83972510 0.49442597
vn 0.00000000 1.00000000 0.00000000
vn 0.70710678 0.70710678 0.00000000
vn -0.80429414 -0.58437724 0.10776909
vn -0.40546094 0.86271291 0.30220499
vn -0.58601107 0.80753624 -0.06690470
vn -0.60018192 0.79912521 0.03435931
vn -0.26649691 0.84484042 0.46392247
vn -0.61763831 0.78349891 0.06820831
vn -0.61459275 0.78884457 0.00000000
vn -0.58796844 0.78978988 -0.17471422
vn -0.56154963 0.78860442 -0.25052959
vn -0.29022163 0.92696787 -0.23770145
vn -0.51291067 0.83523281 0.19826447
vn -0.22089346 0.84356787 -0.48948885
vn -0.52212064 0.76859036 -0.36967404
vn -0.28719334 0.83939694 0.46144638
vn -0.54250938 0.77477426 -0.32466663
vn -0.49887033 0.73792645 0.45452497
vn -0.49624461 0.74157071 0.45145782
vn -0.50425794 0.73326520 0.45612067
vn -0.49921469 0.73791839 0.45415981
vn -0.50274130 0.73666571 0.45229947
vn -0.49328081 0.74262672 0.45296755
vn -0.28866974 0.82859680 0.47968441
vn -0.48750013 0.75168798 -0.44419455
vn -0.48138574 0.75364795 -0.44752937
vn -0.49813868 0.73159567 0.46543059
vn -0.28742868 0.83934076 0.46140204
vn -0.45796399 0.75614268 -0.46745827
vn -0.44359708 0.74403671 -0.49963087
vn -0.27724731 0.84062533 0.46527731
vn -0.28969392 0.83244420 0.47234954
vn -0.22387486 0.84088719 -0.49273601
vn -0.20592226 0.84782021 -0.48866851
vn -0.48520325 0.74909852 0.45103128
vn -0.44322368 0.74293877 -0.50159222
vn -0.26731170 0.84478170 0.46356049
vn -0.28827924 0.82859356 0.47992478
vn -0.48331904 0.72580177 0.48950433
vn -0.58764808 0.80225457 0.10515390
vn -0.39342135 0.91438682 0.09547974
vn -0.43403369 0.88814095 -0.15106427
vn -0.43455626 0.74467815 -0.50657212
vn -0.23496820 0.82561620 0.51297938
vn -0.24032341 0.84504339 0.47764666
vn -0.59272353 0.80182123 0.07590471
vn -0.49661891 0.73463341 0.46225904
vn -0.42166108 0.74070127 -0.52303305
vn -0.26487772 0.83496264 0.48236624
vn -0.42241730 0.73466534 -0.53087707
vn -0.26250513 0.84222310 0.47090477
vn -0.42005736 0.74128739 -0.52349290
vn -0.00524287 0.90847627 -0.41790356
vn -0.65508685 0.72818597 0.20151034
vn -0.27604450 0.82906823 0.48625642
vn -0.25464327 0.83335721 0.49058390
vn -0.03871160 0.99902622 0.02116676
vn -0.51699407 0.74740796 0.41725110
vn -0.62864631 0.74723821 0.21549682
vn -0.25650745 0.83094706 0.49369111
vn -0.24434079 0.83369094 0.49523428
vn -0.23942096 0.82068131 -0.51880613
vn -0.45632138 0.76800505 -0.44937627
vn -0.41815529 0.68284489 0.59905677
vn -0.45384018 0.71359979 0.53367072
vn -0.44157740 0.80495784 0.39629823
vn -0.26104806 0.82713525 0.49769588
vn -0.25870345 0.84055488 0.47596221
vn -0.37433270 0.68985381 0.61965857
vn -0.30914513 0.65543980 0.68907761
vn -0.41618613 0.73621298 -0.53364740
vn -0.23966209 0.83468849 0.49583991
vn -0.44630278 0.83710158 -0.31634599
vn -0.29078828 0.64463226 0.70703000
vn -0.57835706 0.79015789 0.20286353
vn 0.00000000 1.00000000 0.00000000
vn -0.27020130 0.64967014 0.71057721
vn -0.48365853 0.83617328 -0.25862844
vn -0.22736376 0.63713278 0.73645607
vn -0.17700743 0.82321047 0.53943757
vn 0.00000000 1.00000000 0.00000000
vn 0.00000000 -0.00000000 0.00000000
vn -0.43100972 0.73490329 -0.52359123
vn -0.05657588 0.99839576 0.00225132
vn -0.63938089 0.59472261 0.48733674
vn -0.27091878 0.83726836 0.47495759
vn -0.63458443 0.77035583 -0.06208459
vn -0.78824129 -0.61536535 -0.00107611
vn -0.32685614 0.75796013 0.56450111
vn -0.28075076 0.82501950 0.49043026
vn -0.49699938 0.76368433 -0.41204109
vn -0.26492287 0.83443270 0.48325763
vn -0.30251445 0.83524971 0.45917635
vn -0.08725644 0.77172295 -0.62994445
vn -0.52009381 0.75049924 0.40774173
vn -0.08764567 0.75791482 -0.64643898
vn -0.55222693 0.75097062 0.36206153
vn -0.20933511 0.74887231 -0.62878381
vn -0.59009356 0.75608045 0.28307586
vn -0.63045869 0.76957436 -0.10137620
vn -0.60731916 0.79445753 0.00081700
vn -0.62473951 0.77051093 0.12654425
vn -0.26509595 0.82860947 0.49308262
vn -0.43097653 0.82482018 -0.36596572
vn -0.49820413 0.73825798 0.45471727
vn -0.48320111 0.74307942 0.46297911
vn -0.24758582 0.83933504 0.48396069
vn -0.46810906 0.75236347 0.46349015
vn -0.39450010 0.82751216 -0.39949130
vn -0.48938352 0.71007562 0.50625723
vn -0.37119955 0.82808448 -0.42010355
vn -0.47302229 0.75804354 0.44902105
vn -0.21307382 0.83805449 0.50225912
vn -0.16855261 0.83184633 0.52879268
vn 0.00000000 1.00000000 0.00000000
vn -0.71081807 0.56810913 -0.41471639
vn -0.17905872 0.83117286 0.52639306
vn -0.92851100 0.36366344 -0.07494148
vn 0.00000000 1.00000000 0.00000000
vn -0.15481336 0.84979010 -0.50387459
vn 0.05070265 0.99860924 0.01445107
vn -0.70710678 0.70710678 0.00000000
vn -0.92078514 -0.38291273 -0.07438127
vn -0.38340419 0.92279387 -0.03811434
vn -0.68190252 0.72782977 -0.07261392
vn -0.67930173 0.72866119 -0.08718959
vn -0.19998620 0.81264625 0.54736788
vn -0.54549040 0.72919443 -0.41317757
vn -0.22672446 0.83805650 0.49624321
vn 0.00028307 0.99999991 -0.00031588
vn 0.00000000 1.00000000 0.00000000
vn 0.00000000 1.00000000 0.00000000
vn -0.04184957 0.87035957 0.49063514
vn -0.34007268 0.71568949 -0.61003206
vn -0.00283685 0.99999263 -0.00258741
vn -0.29508085 0.71936710 -0.62883883
vn -0.16808856 0.88996323 0.42392416
vn -0.18148945 0.89126180 0.41558872
vn -0.32943078 0.72355791 -0.60658002
vn -0.29115778 0.69945758 0.65267621
vn -0.31283013 0.73620953 0.60011069
vn -0.29859844 0.81515670 0.49634517
vn -0.47039355 0.82662820 -0.30889438
vn -0.38112960 0.89630585 0.22666284
vn -0.41278399 0.83014027 -0.37480197
vn -0.49438021 0.72510461 0.47938660
vn -0.36232969 0.82171358 -0.43989088
vn -0.72941268 0.68280171 0.04170102
vn -0.48643133 0.73449458 0.47318313
vn -0.46799085 0.71428411 0.52036792
vn -0.58511232 0.80879282 -0.05914183
vn -0.60707225 0.79084452 -0.07764166
vn -0.35904241 0.75950717 0.54243655
vn -0.44772760 0.75226803 -0.48335579
vn -0.44054986 0.77514769 0.45283759
vn -0.53491498 0.76241914 -0.36411951
vn -0.46197401 0.77169966 0.43710371
vn -0.41349855 0.75852296 0.50364856
vn -0.48203420 0.76651948 -0.42437120
vn -0.54979516 0.78855478 -0.27551160
vn -0.56492299 0.79754954 -0.21160514
vn -0.60400431 0.77135380 0.20047967
vn -0.62265655 0.78162096 0.03697982
vn -0.54508456 0.78507774 -0.29416961
vn -0.51442637 0.76869393 0.38009887
vn -0.53316751 0.78933866 -0.30442879
vn -0.54292082 0.78187944 0.30643355
vn -0.80036619 -0.59643730 -0.06063428
vn -0.63006607 0.77509652 -0.04735123
vn -0.80070206 -0.59591546 -0.06132689
vn -0.60912208 0.78826831 -0.08719731
vn -0.61008503 0.78847030 -0.07817181
vn -0.61222820 0.78711653 -0.07499464
vn -0.46779677 0.77962943 -0.41634616
vn -0.60785534 0.79085610 -0.07112323
vn -0.59346420 0.79862831 -0.09996533
vn -0.49902946 0.83263573 -0.24018190
vn -0.59378041 0.76156244 -0.25970651
vn -0.60963790 0.78188698 -0.13036246
vn -0.58557025 0.77366649 0.24196622
vn -0.60117768 0.79390015 -0.09114799
vn -0.60540835 0.78252674 0.14537067
vn -0.62291593 0.78081870 -0.04793652
vn -0.62401494 0.77955079 0.05390670
vn 0.00460925 0.99986418 0.01582357
vn 0.08249093 0.99659182 0.00000000
vn 0.00005072 0.99999986 0.00051754
vn -0.66324299 0.67466931 0.32392909
vn -0.38395203 0.00000000 0.92335304
vn -0.37421634 0.00000000 0.92734143
vn -0.39030028 -0.00000000 0.92068762
vn -0.51259679 -0.00000000 0.85862945
vn -0.58777592 0.00000000 0.80902378
vn -0.60061040 0.00000000 0.79954184
vn -0.63570719 -0.00000000 0.77193029
vn -0.58795169 -0.00000000 0.80889604
vn -0.54938406 -0.00000000 0.83556996
vn -0.55069409 -0.00000000 0.83470715
vn -0.55906819 -0.00000000 0.82912168
vn -0.51887097 0.00000000 0.85485257
vn -0.53019200 -0.00000000 0.84787761
vn -0.51864166 0.00000000 0.85499171
vn -0.52979114 0.00000000 0.84812815
vn -0.48870554 0.00000000 0.87244880
vn -0.47233269 -0.00000000 0.88142035
vn -0.50626879 -0.00000000 0.86237573
vn -0.47967132 -0.00000000 0.87744824
vn -0.48554509 -0.00000000 0.87421163
vn -0.47974217 0.00000000 0.87740951
vn -0.45764007 0.00000000 0.88913754
vn -0.47053065 0.00000000 0.88238365
vn -0.40539453 -0.00000000 0.91414182
vn -0.34411871 0.00000000 0.93892615
vn -0.36393959 -0.00000000 0.93142256
vn -0.38118956 0.00000000 0.92449690
vn -0.40594496 -0.00000000 0.91389753
vn -0.42627474 0.00000000 0.90459375
vn -0.40040387 0.00000000 0.91633877
vn -0.43864406 -0.00000000 0.89866089
vn -0.48177764 -0.00000000 0.87629351
vn -0.48100648 0.00000114 0.87671704
vn 0.52634164 0.35713585 0.77163363
vn 0.42909666 0.00000156 0.90325858
vn 0.54367007 0.35431702 0.76084315
vn 0.54368420 0.35424674 0.76086579
vn 0.99999993 0.00034960 -0.00016509
vn 0.66353033 0.33062304 -0.67113032
vn -0.13664310 -0.00001749 -0.99062034
vn 0.56773479 -0.00002623 -0.82321152
vn -0.17492846 0.00000000 -0.98458115
vn -0.24029545 -0.00000000 -0.97069980
vn -0.25931666 0.00000000 -0.96579235
vn -0.22105558 -0.00000000 -0.97526121
vn -0.18102515 -0.00000000 -0.98347847
vn -0.16152958 -0.00000000 -0.98686787
vn -0.17486819 -0.00000000 -0.98459185
vn -0.28866983 0.00000000 -0.95742871
vn -0.44015225 0.00000000 -0.89792316
vn -0.47127828 -0.00000000 -0.88198457
vn -0.42549741 0.00000000 -0.90495964
vn -0.33413864 0.00000000 -0.94252394
vn -0.26108304 0.00000000 -0.96531635
vn -0.29510209 0.00000000 -0.95546573
vn -0.23915966 0.00000000 -0.97098026
vn -0.23256498 0.00000000 -0.97258086
vn -0.27675174 -0.00000000 -0.96094145
vn -0.29770056 0.00000000 -0.95465930
vn -0.32703807 -0.00000000 -0.94501116
vn -0.32514656 0.00000000 -0.94566364
vn -0.34646896 0.00000000 -0.93806144
vn -0.37781528 0.00000000 -0.92588099
vn -0.38824633 0.00000000 -0.92155564
vn 0.00000000 -1.00000000 0.00000000
vn 0.00000000 -1.00000000 0.00000000
vn -0.06091776 -0.84308861 -0.53431323
vn 0.70710678 -0.70710678 0.00000000
vn 0.70710678 -0.70710678 0.00000000
vn 0.59017616 -0.67694539 -0.43981477
vn -0.07839902 -0.84799730 -0.52416998
vn 0.00000000 -1.00000000 0.00000000
vn 0.70710678 -0.70710678 0.00000000
vn 0.70710678 -0.70710678 0.00000000
vn 0.00000000 -1.00000000 0.00000000
vn 0.70710678 -0.70710678 0.00000000
vn 0.70710678 -0.70710678 0.00000000
vn 0.00000000 -1.00000000 0.00000000
vn 0.00000000 -1.00000000 0.00000000
vn 0.00000000 -1.00000000 0.00000000
vn 0.00000000 -1.00000000 0.00000000
vn 0.00000000 -1.00000000 0.00000000
vn -0.09954319 -0.84338120 -0.52801449
vn 0.00000000 -1.00000000 0.00000000
vn 0.00000000 -1.00000000 0.00000000
vn 0.00000000 -1.00000000 0.00000000
vn 0.00000000 -1.00000000 0.00000000
vn 0.00000000 -1.00000000 0.00000000
vn 0.00000000 -1.00000000 0.00000000
vn 0.00000000 -1.00000000 0.00000000
vn 0.00000000 -1.00000000 0.00000000
vn 0.00000000 -1.00000000 0.00000000
vn 0.00000000 -1.00000000 0.00000000
vn -0.12835314 -0.84536600 -0.51853814
vn 0.00000000 -1.00000000 0.00000000
vn 0.00000000 -1.00000000 0.00000000
vn 0.00000000 -1.00000000 0.00000000
vn 0.00000000 -1.00000000 0.00000000
vn 0.00000000 -1.00000000 0.00000000
vn 0.00000000 -1.00000000 0.00000000
vn -0.24859219 -0.82365577 0.50969902
vn 0.00000000 -1.00000000 0.00000000
vn 0.00000000 -1.00000000 0.00000000
vn 0.00000000 -1.00000000 0.00000000
vn -0.16272674 -0.83215669 -0.53012757
vn 0.00000000 -1.00000000 0.00000000
vn 0.00000000 -1.00000000 0.00000000
vn 0.00000000 -1.00000000 0.00000000
vn 0.00000000 -1.00000000 0.00000000
vn 0.00000000 -1.00000000 0.00000000
vn -0.09584020 -0.85116996 -0.51606624
vn 0.00000000 -1.00000000 0.00000000
vn 0.00000000 -1.00000000 0.00000000
vn 0.00000000 -1.00000000 0.00000000
vn 0.00000000 -1.00000000 0.00000000
vn 0.00000000 -1.00000000 0.00000000
vn 0.00000000 -1.00000000 0.00000000
vn 0.00000000 -1.00000000 0.00000000
vn 0.00000000 -1.00000000 0.00000000
vn 0.00000000 -1.00000000 0.00000000
vn 0.00000000 -1.00000000 0.00000000
vn 0.00000000 -1.00000000 0.00000000
vn 0.00000000 -1.00000000 0.00000000
vn 0.00000000 -1.00000000 0.00000000
vn 0.00000000 -1.00000000 0.00000000
vn -0.20082395 -0.84436232 0.49671120
vn 0.00000000 -1.00000000 0.00000000
vn -0.19869734 -0.83304183 0.51629514
vn 0.00000000 -1.00000000 0.00000000
vn 0.00000000 -1.00000000 0.00000000
vn 0.00000000 -1.00000000 0.00000000
vn 0.00000000 -1.00000000 0.00000000
vn 0.00000000 -1.00000000 0.00000000
vn 0.00000000 -1.00000000 0.00000000
vn 0.00000000 -1.00000000 0.00000000
vn 0.00000000 -1.00000000 0.00000000
vn -0.10727084 -0.83970336 -0.53234503
vn 0.00000000 -1.00000000 0.00000000
vn 0.00000000 -1.00000000 0.00000000
vn 0.00000000 -1.00000000 0.00000000
vn -0.26611559 -0.83914873 0.47435419
vn -0.22143722 -0.83982091 0.49564744
vn 0.00000000 -1.00000000 0.00000000
vn 0.00000000 -1.00000000 0.00000000
vn 0.00000000 -1.00000000 0.00000000
vn 0.00000000 -1.00000000 0.00000000
vn 0.00000000 -1.00000000 0.00000000
vn 0.00000000 -1.00000000 0.00000000
vn 0.00000000 -1.00000000 0.00000000
vn -0.12846922 -0.84506344 -0.51900235
vn 0.00000000 -1.00000000 0.00000000
vn 0.00000000 -1.00000000 0.00000000
vn 0.00000000 -1.00000000 0.00000000
vn 0.00000000 -1.00000000 0.00000000
vn -0.22586701 -0.83077452 0.50872172
vn 0.00000000 -1.00000000 0.00000000
vn -0.22905939 -0.84251370 0.48754740
vn 0.00000000 -1.00000000 0.00000000
vn 0.21957524 -0.97156078 0.08863616
vn 0.00000000 -1.00000000 0.00000000
vn 0.00000000 -1.00000000 0.00000000
vn 0.00000000 -1.00000000 0.00000000
vn 0.70710678 -0.70710678 0.00000000
vn 0.70710678 -0.70710678 0.00000000
vn 0.70710678 -0.70710678 0.00000000
vn 0.70710678 -0.70710678 0.00000000
vn 0.00000000 -1.00000000 0.00000000
vn 0.00000000 -1.00000000 0.00000000
vn -0.11879457 -0.84791048 -0.51665817
vn 0.00000000 -1.00000000 0.00000000
vn 0.00000000 -1.00000000 0.00000000
vn 0.00000000 -1.00000000 0.00000000
vn -0.19516055 -0.84268558 -0.50179017
vn -0.18397774 -0.83897990 -0.51211808
vn 0.00000000 -1.00000000 0.00000000
vn -0.08463825 -0.84639631 -0.52578479
vn 0.00000000 -1.00000000 0.00000000
vn 0.00000000 -1.00000000 0.00000000
vn 0.00000000 -1.00000000 0.00000000
vn 0.00000000 -1.00000000 0.00000000
vn 0.00000000 -1.00000000 0.00000000
vn -0.27287225 -0.83247098 0.48221655
vn 0.00000000 -1.00000000 0.00000000
vn -0.27329867 -0.83203579 0.48272590
vn -0.27838236 -0.82716100 0.48816795
vn 0.00000000 -1.00000000 0.00000000
vn -0.36423409 -0.81955647 0.44233552
vn -0.36424080 -0.81958991 0.44226803
vn 0.00000000 -1.00000000 0.00000000
vn -0.26128872 -0.83745840 0.47999129
vn 0.45638092 -0.67777116 0.57649173
vn 0.70710678 -0.70710678 0.00000000
vn 0.00000000 -1.00000000 0.00000000
vn -0.16593817 -0.84266012 -0.51223866
vn 0.00000000 -1.00000000 0.00000000
vn 0.00000000 -1.00000000 0.00000000
vn 0.00000000 -1.00000000 0.00000000
vn 0.00000000 -1.00000000 0.00000000
vn 0.00000000 -1.00000000 0.00000000
vn -0.13700331 -0.83077844 0.53947871
vn 0.00000000 -1.00000000 0.00000000
vn -0.16212891 -0.82715759 0.53807485
vn 0.00000000 -1.00000000 0.00000000
vn 0.00000000 -1.00000000 0.00000000
vn 0.00000000 -1.00000000 0.00000000
vn -0.21552319 -0.84154210 -0.49533488
vn -0.21506307 -0.84460879 -0.49028958
vn -0.27469294 -0.82055394 -0.50123350
vn 0.00000000 -1.00000000 0.00000000
vn 0.00000000 -1.00000000 0.00000000
vn 0.00000000 -1.00000000 0.00000000
vn -0.15178719 -0.83789878 -0.52429599
vn 0.00000000 -1.00000000 0.00000000
vn 0.00000000 -1.00000000 0.00000000
vn -0.16422554 -0.84440568 -0.50991080
vn 0.00000000 -1.00000000 0.00000000
vn 0.00000000 -1.00000000 0.00000000
vn -0.20468220 -0.82382584 0.52859831
vn -0.14130284 -0.83533734 0.53126739
vn 0.00000000 -1.00000000 0.00000000
vn 0.00000000 -1.00000000 0.00000000
vn -0.25460568 -0.83122031 0.49421528
vn -0.26418262 -0.83512672 0.48246337
vn -0.27814772 -0.84433225 -0.45797042
vn 0.00000000 -1.00000000 0.00000000
vn 0.00000000 -1.00000000 0.00000000
vn -0.27794398 -0.82741022 0.48799536
vn -0.26396729 -0.83538598 0.48213229
vn 0.00000000 -1.00000000 0.00000000
vn 0.00000000 -1.00000000 0.00000000
vn 0.00000000 -1.00000000 0.00000000
vn 0.00000000 -1.00000000 0.00000000
vn -0.17199123 -0.83510908 0.52250535
vn -0.24588865 -0.83143526 0.49825113
vn -0.26075832 -0.82721079 0.49772221
vn 0.00000000 -1.00000000 0.00000000
vn 0.00000000 -1.00000000 0.00000000
vn -0.23140230 -0.86281955 0.44943897
vn -0.27356236 -0.82580029 0.49317088
vn 0.00000000 -1.00000000 0.00000000
vn -0.19240328 -0.84432703 -0.50009284
vn -0.11898167 -0.84116964 -0.52751966
vn -0.12949425 -0.85162270 -0.50790748
vn 0.00000000 -1.00000000 0.00000000
vn 0.00000000 -1.00000000 0.00000000
vn 0.00000000 -1.00000000 0.00000000
vn -0.18001833 -0.83633833 0.51781425
vn 0.00000000 -1.00000000 0.00000000
vn 0.00000000 -1.00000000 0.00000000
vn -0.17995308 -0.82998385 0.52796183
vn 0.00000000 -1.00000000 0.00000000
vn -0.17274041 -0.83370564 0.52449563
vn -0.19478532 -0.82779907 0.52612487
vn 0.00000000 -1.00000000 0.00000000
vn 0.00000000 -1.00000000 0.00000000
vn 0.00000000 -1.00000000 0.00000000
vn 0.00000000 -1.00000000 0.00000000
vn 0.00000000 -1.00000000 0.00000000
vn 0.00000000 -1.00000000 0.00000000
vn -0.21570595 -0.82258359 0.52614368
vn -0.18823239 -0.84909484 0.49356511
vn -0.16109333 -0.82894782 0.53562529
vn 0.00000000 -1.00000000 0.00000000
vn 0.00000000 -1.00000000 0.00000000
vn -0.24756361 -0.83607932 0.48957494
vn 0.00000000 -1.00000000 0.00000000
vn 0.00000000 -1.00000000 0.00000000
vn -0.15171266 -0.84139708 -0.51868508
vn -0.25687219 -0.82600496 0.50172949
vn 0.00000000 -1.00000000 0.00000000
vn 0.00000000 -1.00000000 0.00000000
vn -0.24809661 -0.82271587 0.51145544
vn -0.13366483 -0.84148692 -0.52348206
vn -0.15674873 -0.85615241 -0.49237474
vn 0.00000000 -1.00000000 0.00000000
vn 0.00000000 -1.00000000 0.00000000
vn 0.00000000 -1.00000000 0.00000000
vn 0.00000000 -1.00000000 0.00000000
vn 0.00000000 -1.00000000 0.00000000
vn 0.00000000 -1.00000000 0.00000000
vn -0.21727541 -0.84327409 -0.49160982
vn 0.00000000 -1.00000000 0.00000000
vn -0.21538739 -0.82241344 0.52654004
vn 0.00000000 -1.00000000 0.00000000
vn 0.00000000 -1.00000000 0.00000000
vn -0.19811881 -0.83745000 0.50933922
vn -0.22370487 -0.83991078 0.49447549
vn 0.00000000 -1.00000000 0.00000000
vn 0.00000000 -1.00000000 0.00000000
vn -0.22262479 -0.84143107 -0.49237380
vn 0.00000000 -1.00000000 0.00000000
vn 0.00000000 -1.00000000 0.00000000
vn -0.24110832 -0.83771309 0.49000362
vn 0.00000000 -1.00000000 0.00000000
vn 0.00000000 -1.00000000 0.00000000
vn -0.24567196 -0.83178206 0.49777895
vn 0.00000000 -1.00000000 0.00000000
vn 0.00000000 -1.00000000 0.00000000
vn -0.22542180 -0.84948780 -0.47702776
vn -0.23097281 -0.84134867 0.48865527
vn 0.00000000 -1.00000000 0.00000000
vn 0.00000000 -1.00000000 0.00000000
vn 0.00000000 -1.00000000 0.00000000
vn 0.00000000 -1.00000000 0.00000000
vn 0.00000000 -1.00000000 0.00000000
vn 0.00000000 -1.00000000 0.00000000
vn -0.22369068 -0.83994324 0.49442677
vn 0.00000000 -1.00000000 0.00000000
vn 0.00000000 -1.00000000 0.00000000
vn -0.25176939 -0.84247366 0.47628805
vn 0.00000000 -1.00000000 0.00000000
vn 0.00000000 -1.00000000 0.00000000
vn 0.70710678 -0.70710678 0.00000000
vn -0.26846032 -0.83018444 0.48859272
vn -0.22342693 -0.84326105 -0.48886727
vn 0.00000000 -1.00000000 0.00000000
vn -0.25251592 -0.82275901 0.50921834
vn 0.00000000 -1.00000000 0.00000000
vn -0.26220415 -0.83906131 0.47668135
vn 0.00000000 -1.00000000 0.00000000
vn 0.00000000 -1.00000000 0.00000000
vn -0.62291593 -0.78081870 -0.04793652
vn -0.60117768 -0.79390015 -0.09114799
vn -0.62401494 -0.77955079 0.05390670
vn 0.00000000 -1.00000000 0.00000000
vn -0.60707225 -0.79084452 -0.07764166
vn -0.61008503 -0.78847030 -0.07817181
vn -0.32685614 -0.75796013 0.56450111
vn -0.19525473 -0.84041188 0.50555263
vn -0.21893951 -0.82825439 0.51581020
vn -0.24797689 -0.82932544 0.50072625
vn 0.00000000 -1.00000000 0.00000000
vn 0.00000000 -1.00000000 0.00000000
vn 0.00000000 -1.00000000 0.00000000
vn 0.00000000 -1.00000000 0.00000000
vn -0.28238234 -0.84665331 0.45104145
vn 0.00000000 -1.00000000 0.00000000
vn -0.31022278 -0.82600629 0.47061177
vn -0.34885644 -0.81351852 0.46528142
vn 0.00000000 -1.00000000 0.00000000
vn 0.00000000 -1.00000000 0.00000000
vn 0.00000000 -1.00000000 0.00000000
vn 0.00000000 -1.00000000 0.00000000
vn -0.24590554 -0.83205478 0.49720751
vn 0.00000000 -1.00000000 0.00000000
vn 0.00000000 -1.00000000 0.00000000
vn -0.27405594 -0.82534088 0.49366565
vn 0.00000000 -1.00000000 0.00000000
vn -0.11400099 -0.82919757 0.54720669
vn 0.00000000 -1.00000000 0.00000000
vn 0.00000000 -1.00000000 0.00000000
vn -0.29704605 -0.82094068 0.48766797
vn -0.28174406 -0.83490852 0.47280867
vn 0.00000000 -1.00000000 0.00000000
vn -0.21163110 -0.83719502 -0.50429830
vn 0.00000000 -1.00000000 0.00000000
vn -0.21820676 -0.82209654 0.52587364
vn 0.00000000 -1.00000000 0.00000000
vn -0.18730553 -0.84045464 0.50848072
vn -0.24641640 -0.83127775 0.49825321
vn -0.24607583 -0.83149440 0.49805999
vn 0.00000000 -1.00000000 0.00000000
vn -0.24644907 -0.83732146 0.48801192
vn -0.25788171 -0.82627409 0.50076756
vn -0.29147941 -0.81735915 0.49695450
vn 0.00000000 -1.00000000 0.00000000
vn -0.22450995 -0.83972510 0.49442597
vn 0.00000000 -1.00000000 0.00000000
vn 0.00000000 -1.00000000 0.00000000
vn -0.24382559 -0.83444901 0.49421041
vn 0.00000000 -1.00000000 0.00000000
vn -0.23045809 -0.82863710 0.51014667
vn 0.00000000 -1.00000000 0.00000000
vn -0.21465560 -0.82280516 0.52622680
vn 0.00000000 -1.00000000 0.00000000
vn 0.00000000 -1.00000000 0.00000000
vn -0.21030479 -0.83410903 0.50993531
vn 0.00000000 -1.00000000 0.00000000
vn -0.21036999 -0.83349820 0.51090627
vn 0.00000000 -1.00000000 0.00000000
vn -0.29727599 -0.82093869 0.48753119
vn -0.30988814 -0.82587496 0.47106251
vn -0.31051848 -0.82557959 0.47116517
vn -0.60540835 -0.78252674 0.14537067
vn -0.72941268 -0.68280171 0.04170102
vn -0.36232969 -0.82171358 -0.43989088
vn -0.48643133 -0.73449458 0.47318313
vn -0.60963790 -0.78188698 -0.13036246
vn -0.59378041 -0.76156244 -0.25970651
vn -0.58557025 -0.77366649 0.24196622
vn -0.48138574 -0.75364795 -0.44752937
vn -0.28866974 -0.82859680 0.47968441
vn -0.30251445 -0.83524971 0.45917635
vn -0.53316751 -0.78933866 -0.30442879
vn -0.54292082 -0.78187944 0.30643355
vn -0.63045869 -0.76957436 -0.10137620
vn -0.62473951 -0.77051093 0.12654425
vn -0.60731916 -0.79445753 0.00081700
vn -0.54508456 -0.78507774 -0.29416961
vn -0.51442637 -0.76869393 0.38009887
vn -0.53491498 -0.76241914 -0.36411951
vn -0.46197401 -0.77169966 0.43710371
vn -0.48203420 -0.76651948 -0.42437120
vn -0.44054986 -0.77514769 0.45283759
vn -0.46779677 -0.77962943 -0.41634616
vn -0.41349855 -0.75852296 0.50364856
vn -0.49902946 -0.83263573 -0.24018190
vn -0.35904241 -0.75950717 0.54243655
vn -0.60018192 -0.79912521 0.03435931
vn -0.61763831 -0.78349891 0.06820831
vn -0.59346420 -0.79862831 -0.09996533
vn -0.60785534 -0.79085610 -0.07112323
vn -0.61222820 -0.78711653 -0.07499464
vn -0.60912208 -0.78826831 -0.08719731
vn -0.80070206 0.59591546 -0.06132689
vn -0.63006607 -0.77509652 -0.04735123
vn -0.80036619 0.59643730 -0.06063428
vn -0.78824129 0.61536535 -0.00107611
vn -0.80429414 0.58437724 0.10776909
vn -0.40546094 -0.86271291 0.30220499
vn -0.63458443 -0.77035583 -0.06208459
vn -0.58511232 -0.80879282 -0.05914183
vn -0.61459275 -0.78884457 0.00000000
vn -0.26649691 -0.84484042 0.46392247
vn -0.56154963 -0.78860442 -0.25052959
vn -0.58796844 -0.78978988 -0.17471422
vn -0.62265655 -0.78162096 0.03697982
vn -0.56492299 -0.79754954 -0.21160514
vn -0.54979516 -0.78855478 -0.27551160
vn -0.44772760 -0.75226803 -0.48335579
vn -0.60400431 -0.77135380 0.20047967
vn -0.20933511 -0.74887231 -0.62878381
vn -0.08764567 -0.75791482 -0.64643898
vn -0.55222693 -0.75097062 0.36206153
vn -0.59009356 -0.75608045 0.28307586
vn -0.51291067 -0.83523281 0.19826447
vn -0.52009381 -0.75049924 0.40774173
vn -0.08725644 -0.77172295 -0.62994445
vn -0.47302229 -0.75804354 0.44902105
vn -0.46799085 -0.71428411 0.52036792
vn -0.37119955 -0.82808448 -0.42010355
vn 0.00000000 -1.00000000 0.00000000
vn 0.00000000 -1.00000000 0.00000000
vn 0.00000000 -1.00000000 0.00000000
vn -0.42241730 -0.73466534 -0.53087707
vn -0.24434079 -0.83369094 0.49523428
vn -0.25650745 -0.83094706 0.49369111
vn -0.39450010 -0.82751216 -0.39949130
vn -0.48938352 -0.71007562 0.50625723
vn -0.49438021 -0.72510461 0.47938660
vn -0.46810906 -0.75236347 0.46349015
vn -0.41278399 -0.83014027 -0.37480197
vn -0.18844540 -0.85215624 -0.48817832
vn -0.59272304 -0.80182154 0.07590531
vn -0.58062161 -0.80547662 0.11868427
vn -0.43097653 -0.82482018 -0.36596572
vn -0.48320111 -0.74307942 0.46297911
vn -0.43403369 -0.88814095 -0.15106427
vn -0.49820413 -0.73825798 0.45471727
vn 0.00000000 -1.00000000 0.00000000
vn -0.48331904 -0.72580177 0.48950433
vn -0.49661891 -0.73463341 0.46225904
vn -0.43455626 -0.74467815 -0.50657212
vn -0.24032341 -0.84504339 0.47764666
vn -0.23496820 -0.82561620 0.51297938
vn -0.25464327 -0.83335721 0.49058390
vn -0.20351504 -0.83271471 0.51494450
vn -0.03046643 -0.87166105 0.48916134
vn 0.00000000 -1.00000000 0.00000000
vn 0.00000000 -1.00000000 0.00000000
vn 0.00000000 -1.00000000 0.00000000
vn 0.00000000 -1.00000000 0.00000000
vn 0.00000000 -1.00000000 0.00000000
vn 0.00000000 -1.00000000 0.00000000
vn 0.00000000 -1.00000000 0.00000000
vn 0.00000000 -1.00000000 0.00000000
vn 0.00000000 -1.00000000 0.00000000
vn 0.00000000 -1.00000000 0.00000000
vn 0.00000000 -1.00000000 0.00000000
vn -0.29022163 -0.92696787 -0.23770145
vn 0.00000000 -1.00000000 0.00000000
vn 0.00000000 -1.00000000 0.00000000
vn -0.48365853 -0.83617328 -0.25862844
vn -0.27020130 -0.64967014 0.71057721
vn -0.22736376 -0.63713278 0.73645607
vn 0.00000000 -1.00000000 0.00000000
vn -0.22672446 -0.83805650 0.49624321
vn 0.00000000 0.00000000 0.00000000
vn -0.16855261 -0.83184633 0.52879268
vn -0.19998620 -0.81264625 0.54736788
vn 0.00000000 -0.00000000 0.00000000
vn -0.17700743 -0.82321047 0.53943757
vn -0.42970453 -0.73364560 -0.52642013
vn -0.41618613 -0.73621298 -0.53364740
vn 0.00000000 -1.00000000 0.00000000
vn 0.00000000 -1.00000000 0.00000000
vn -0.17905872 -0.83117286 0.52639306
vn 0.00000000 -0.00000000 0.00000000
vn 0.00000000 -1.00000000 0.00000000
vn 0.00000000 -1.00000000 0.00000000
vn -0.21307382 -0.83805449 0.50225912
vn 0.00000000 -1.00000000 0.00000000
vn 0.00000000 -1.00000000 0.00000000
vn -0.23966209 -0.83468849 0.49583991
vn 0.00000000 -1.00000000 0.00000000
vn 0.00000000 -1.00000000 0.00000000
vn 0.00000000 -1.00000000 0.00000000
vn 0.00000000 -1.00000000 0.00000000
vn -0.42166108 -0.74070127 -0.52303305
vn -0.25870345 -0.84055488 0.47596221
vn -0.26487772 -0.83496264 0.48236624
vn -0.26104806 -0.82713525 0.49769588
vn -0.24758582 -0.83933504 0.48396069
vn -0.42005736 -0.74128739 -0.52349290
vn -0.27604450 -0.82906823 0.48625642
vn -0.26250513 -0.84222310 0.47090477
vn -0.44322368 -0.74293877 -0.50159222
vn -0.28827924 -0.82859356 0.47992478
vn -0.26731170 -0.84478170 0.46356049
vn -0.26509595 -0.82860947 0.49308262
vn -0.44359708 -0.74403671 -0.49963087
vn -0.27724731 -0.84062533 0.46527731
vn -0.28969392 -0.83244420 0.47234954
vn -0.45796399 -0.75614268 -0.46745827
vn -0.28742868 -0.83934076 0.46140204
vn -0.48750013 -0.75168798 -0.44419455
vn -0.26492287 -0.83443270 0.48325763
vn -0.52212064 -0.76859036 -0.36967404
vn -0.54250938 -0.77477426 -0.32466663
vn -0.28719334 -0.83939694 0.46144638
vn -0.49699938 -0.76368433 -0.41204109
vn -0.27091878 -0.83726836 0.47495759
vn -0.28075076 -0.82501950 0.49043026
vn -0.58601107 -0.80753624 -0.06690470
vn -0.29791118 -0.83266340 0.46681966
vn -0.61701374 -0.78695192 0.00084261
vn -0.26839836 -0.82594051 0.49576667
vn -0.45366506 -0.83907031 -0.30024827
vn 0.00000000 -1.00000000 0.00000000
vn -0.30914513 -0.65543980 0.68907761
vn -0.63938089 -0.59472261 0.48733674
vn -0.29078828 -0.64463226 0.70703000
vn -0.40995154 -0.67504027 0.61340067
vn -0.41815529 -0.68284489 0.59905677
vn -0.37433270 -0.68985381 0.61965857
vn 0.00000000 -1.00000000 0.00000000
vn -0.22387486 -0.84088719 -0.49273601
vn -0.48520325 -0.74909852 0.45103128
vn 0.00000000 -1.00000000 0.00000000
vn -0.22089346 -0.84356787 -0.48948885
vn -0.50425794 -0.73326520 0.45612067
vn -0.49624461 -0.74157071 0.45145782
vn -0.49328081 -0.74262672 0.45296755
vn -0.49813868 -0.73159567 0.46543059
vn -0.49921469 -0.73791839 0.45415981
vn -0.50274130 -0.73666571 0.45229947
vn -0.78430547 0.56189174 0.26294981
vn -0.49900734 -0.73800752 0.45424287
vn -0.49887033 -0.73792645 0.45452497
vn -0.20990765 -0.83428230 0.50981547
vn -0.21453325 -0.82273169 0.52639154
vn -0.18044741 -0.83640332 0.51755987
vn 0.00000000 -1.00000000 0.00000000
vn -0.20283856 -0.84509704 0.49463877
vn -0.17257633 -0.83368804 0.52457760
vn -0.18861080 -0.83945673 0.50964532
vn -0.16497151 -0.85714124 0.48794804
vn -0.32850055 -0.80678773 0.49110176
vn -0.21742439 -0.83625794 0.50338781
vn 0.00000000 -1.00000000 0.00000000
vn 0.66131123 -0.67575464 0.32561194
vn 0.70710678 -0.70710678 0.00000000
vn 0.00000000 -1.00000000 0.00000000
vn 0.00000000 -1.00000000 0.00000000
vn 0.00000000 -1.00000000 0.00000000
vn 0.00000000 -1.00000000 0.00000000
vn 0.72555549 -0.53778322 -0.42936981
vn -0.38932371 -0.00000000 -0.92110100
vn -0.39794359 0.00000000 -0.91740989
vn -0.40729523 -0.00000000 -0.91329656
vn -0.41283179 0.00000000 -0.91080728
vn -0.41435213 -0.00000000 -0.91011665
vn -0.42549303 -0.00000000 -0.90496170
vn -0.40910764 0.00000000 -0.91248613
vn -0.36384647 0.00159465 -0.93145757
vn -0.37870620 0.00093020 -0.92551648
vn -0.45419042 -0.00055798 -0.89090446
vn -0.35798455 -0.55076429 -0.75399321
vn -0.44147362 -0.50535000 -0.74143268
vn -0.36941612 -0.59652249 -0.71252554
vn -0.32582351 -0.51210250 -0.79472641
vn -0.35804803 0.83051273 -0.42667343
vn -0.25476902 0.78087667 -0.57037214
vn 0.15651842 0.85615506 -0.49244340
vn -0.17835407 -0.61629419 -0.76705365
vn -0.21375431 -0.49533844 -0.84199105
vn -0.49096206 0.21755939 -0.84357819
vn 0.11280827 0.21751495 -0.96951614
vn -0.06108891 0.22699313 -0.97197853
vn 0.08666804 0.24392271 -0.96591426
vn 0.18748423 0.19585670 -0.96254341
vn -0.00305952 0.30336267 -0.95287026
vn -0.67394186 0.60621993 -0.42225557
vn -0.24229317 0.85436818 -0.45972713
vn -0.61889622 -0.00032040 -0.78547270
vn -0.45158252 -0.58467367 -0.67396582
vn -0.44446528 -0.50033648 -0.74304375
vn -0.42122933 -0.57345005 -0.70265275
vn -0.36977435 -0.52122045 -0.76915289
vn -0.48225725 -0.51125614 -0.71136848
vn -0.53779336 -0.53336726 -0.65291475
vn -0.48581190 -0.55025978 -0.67911779
vn -0.42283099 -0.54062171 -0.72728407
vn -0.06152142 0.98747681 -0.14527445
vn -0.30586435 0.81574359 -0.49092708
vn -0.59032867 0.32728101 -0.73783413
vn -0.09600214 0.97112790 -0.21838999
vn -0.54124719 0.48145884 -0.68938296
vn -0.16905329 0.89606087 -0.41048252
vn -0.66934664 -0.40280727 -0.62427668
vn -0.65198607 -0.49599685 -0.57349916
vn -0.79788895 -0.00000038 -0.60280447
vn -0.85337106 0.31252118 0.41723896
vn -0.48174216 0.86045273 0.16596864
vn -0.96252605 -0.06454416 -0.26339637
vn -0.70778773 0.62248830 -0.33398330
vn -0.65823450 -0.56347367 -0.49922416
vn -0.41352743 0.82141505 -0.39277524
vn -0.98997091 0.10176305 -0.09798914
vn -0.52245498 0.79066995 -0.31918932
vn -0.97448296 0.21939914 0.04740229
vn -0.95027797 0.26210759 0.16814099
vn -0.88918284 0.43075697 -0.15428000
vn -0.97179828 0.22410860 0.07337193
vn -0.92822747 0.28943771 0.23370832
vn -0.84525210 0.50156336 -0.18434502
vn -0.55151621 0.01189710 0.83407933
vn -0.76583514 0.41873750 -0.48801173
vn -0.12179543 0.98268417 -0.13963414
vn -0.11841455 0.98250205 -0.14376267
vn -0.88366248 0.00000000 -0.46812458
vn -0.97014766 0.00000000 0.24251499
vn -0.28354444 -0.00000000 0.95895910
vn -0.26506060 -0.00000000 0.96423176
vn -0.30885215 0.00000000 0.95111006
vn -0.36313597 -0.00000000 0.93173616
vn -0.39888502 0.00000000 0.91700095
vn -0.51420922 -0.00000000 0.85766478
vn -0.56654703 0.00000000 0.82402941
vn -0.65422416 0.00000000 0.75630070
vn -0.69637372 -0.00112632 0.71767846
vn -0.75865197 -0.00327585 0.65148788
vn -0.82945886 -0.00001190 0.55856782
vn -0.44956215 0.70710678 0.54579655
vn -0.56029575 0.67131563 0.48518450
vn -0.64326051 -0.02203121 0.76533035
vn -0.87700235 -0.00034831 0.48048597
vn -0.89190276 -0.02326663 0.45162830
vn -0.86050040 0.16506389 0.48196782
vn -0.98828634 -0.05957463 0.14050256
vn -0.65927689 0.68173380 0.31716400
vn 0.22636484 0.82948781 -0.51059665
vn -0.04500934 0.99869829 0.02399778
vn -0.91659585 0.00000018 0.39981501
vn -0.30833437 0.74836632 0.58726294
vn -0.51232388 0.77183080 0.37656535
vn -0.73218099 0.65996898 0.16838037
vn -0.50042317 -0.04085663 0.86481639
vn -0.32166415 0.65943049 0.67947303
vn -0.92480388 0.07134367 0.37369488
vn -0.97698475 -0.15633441 0.14512186
vn -0.94137680 0.00000026 0.33735695
vn -0.77656997 -0.62984453 0.01532798
vn -0.40663072 -0.91294462 0.03440322
vn -0.95604602 0.11103806 0.27137898
vn -0.85086553 0.31121923 0.42328528
vn -0.56392913 0.81238390 0.14837902
vn -0.69596235 0.68690713 0.20927253
vn -0.96896275 0.00000006 0.24720677
vn -0.96418443 0.09142341 0.24897819
vn -0.43693113 0.88966529 0.13261543
vn -0.45349510 0.88592989 0.09731610
vn -0.48533701 0.86124911 0.15065843
vn -0.92846781 0.08051063 0.36258181
vn -0.99527538 0.02242907 -0.09446616
vn -0.99645426 0.07692437 0.03408139
vn -0.23718788 -0.91111394 0.33706572
vn -0.61320093 -0.56931134 0.54760315
vn -0.98115364 -0.00000043 0.19322922
vn -0.76728606 -0.62015062 0.16335638
vn -0.92551660 -0.35848126 0.12210735
vn -0.69183014 0.60242260 0.39806792
vn -0.74709019 -0.63348877 0.20136589
vn -0.80860382 -0.57908086 0.10404427
vn -0.39246634 0.44704429 0.80381688
vn -0.98996337 -0.00000046 0.14132416
vn -0.79765718 -0.60311112 0.00000000
vn -0.76435458 -0.63832190 0.09114399
vn -0.21070576 0.25093921 0.94479236
vn -0.80872563 -0.58349483 0.07413925
vn -0.30749322 0.26579002 0.91367587
vn -0.28009704 0.21325959 0.93598397
vn -0.38619436 0.33844433 0.85808470
vn -0.96585504 -0.00000029 -0.25908307
vn -0.86227206 -0.22508527 0.45367776
vn -0.76367330 -0.00000000 -0.64560289
vn -0.74888275 0.00000000 -0.66270252
vn -0.71424940 0.00000000 -0.69989127
vn -0.65685464 -0.00000000 -0.75401723
vn -0.61249517 -0.00000000 -0.79047433
vn -0.99414903 0.00000000 -0.10801714
vn -0.66271436 -0.00000000 0.74887227
vn -0.70307914 0.00000000 0.71111161
vn -0.70245748 0.00000000 0.71172571
vn -0.71793365 -0.00000000 0.69611154
vn -0.72069557 0.00000000 0.69325168
vn -0.69058164 -0.00000000 0.72325445
vn -0.72305494 0.00000000 0.69079053
vn -0.74003525 0.00000000 0.67256809
vn -0.69904482 -0.00000000 0.71507786
vn -0.72325122 -0.00000000 0.69058502
vn -0.72998712 0.00000000 0.68346090
vn -0.74978793 0.00000000 0.66167821
vn -0.73349621 -0.00000000 0.67969354
vn -0.72229290 0.00000000 0.69158728
vn -0.73908053 -0.00000000 0.67361708
vn -0.73610352 -0.00000000 0.67686898
vn -0.74103357 -0.00000000 0.67146798
vn -0.74499074 -0.00000000 0.66707480
vn -0.74126951 0.00000000 0.67120750
vn -0.70621302 0.00000000 0.70799942
vn -0.95213701 -0.00000000 -0.30567157
vn -0.09340622 0.00000000 -0.99562808
vn -0.10852045 0.00000000 -0.99409422
vn -0.24866083 -0.00000000 -0.96859062
vn -0.55904008 0.00000000 -0.82914063
vn -0.81200404 -0.00000000 -0.58365181
vn -0.92329763 0.00000000 -0.38408527
vn -0.95075859 -0.00000000 -0.30993242
vn -0.97640886 0.00000000 -0.21592994
vn -0.99980705 -0.00000000 -0.01964326
vn -0.99489551 -0.00000000 0.10091043
vn -0.98477785 0.00000000 0.17381768
vn -0.95150078 0.00000000 0.30764634
vn -0.90365947 -0.00000000 0.42825176
vn -0.83798843 -0.00000000 0.54568800
vn -0.80409659 0.00000000 0.59449867
vn -0.90088439 0.00000000 0.43405913
vn -0.99530475 0.00000000 0.09679082
vn -1.00000000 -0.00000000 0.00000000
vn -0.99999907 0.00000000 0.00136237
vn -1.00000000 -0.00000000 0.00000000
vn -1.00000000 -0.00000000 0.00000000
vn -0.99999907 0.00000000 -0.00136304
vn -0.99730922 0.00000000 -0.07330979
vn -0.99711033 -0.00000000 -0.07596702
vn -0.99777212 -0.00000000 -0.06671433
vn -0.99203949 -0.00000000 -0.12592713
vn -0.99266657 0.00000000 -0.12088461
vn -0.99269223 0.00000000 -0.12067365
vn -0.99334686 0.00000000 -0.11516084
vn -0.99441581 0.00000000 -0.10553288
vn -0.98867319 -0.00000000 -0.15008437
vn -0.98893909 0.00000000 -0.14832222
vn -0.89455682 -0.00000000 -0.44695425
vn -0.73965942 0.00000000 -0.67298138
vn -0.78735207 0.00000000 -0.61650363
vn -0.80784204 0.00000000 -0.58939905
vn -0.83547640 0.00000000 -0.54952633
vn -0.90369596 0.00000000 -0.42817473
vn -0.93346713 -0.00000000 -0.35866295
vn -0.96798292 0.00000000 -0.25101606
vn -0.99100079 -0.00000000 -0.13385603
vn -0.99784108 -0.00000000 -0.06567474
vn -0.99160469 0.00000000 0.12930638
vn -0.96142173 0.00000000 0.27507865
vn -0.94318898 -0.00000000 0.33225676
vn -0.89575335 0.00000000 0.44455139
vn -0.82898902 0.00000000 0.55926487
vn -0.72833961 -0.00000000 0.68521633
vn -0.65896253 0.00000000 0.75217577
vn -0.64165661 0.00000000 0.76699205
vn -0.56463618 -0.00000000 0.82533992
vn -0.52161531 -0.00000000 0.85318079
vn -0.78260798 -0.00000000 0.62251486
vn -0.98420873 -0.00000000 0.17701179
vn -0.99999705 0.00000000 0.00242853
vn -0.98602474 0.00000000 -0.16659897
vn -0.94775725 0.00000000 -0.31899247
vn -0.90241255 -0.00000000 -0.43087306
vn -0.87165969 0.00000000 -0.49011161
vn -0.82521391 0.00000000 -0.56482033
vn -0.76211955 -0.00000000 -0.64743632
vn -0.72692020 0.00000000 -0.68672194
vn -0.72004891 0.00000000 -0.69392332
vn -0.68537925 -0.00000000 -0.72818629
vn -0.67332457 -0.00000000 -0.73934702
vn -0.66842849 -0.00000000 -0.74377641
vn -0.63284267 -0.00000000 -0.77428041
vn -0.62636368 -0.00000000 -0.77953098
vn -0.63570234 0.00000000 -0.77193428
vn -0.61432760 0.00000000 -0.78905108
vn -0.61070018 -0.00000000 -0.79186191
vn -0.64824726 0.00000000 -0.76142989
vn -0.99468474 -0.00000044 0.10296730
vn -0.46956039 -0.67402983 -0.57026032
vn -0.47844317 -0.87664020 -0.05093229
vn -0.46963770 -0.67395922 -0.57028011
vn -0.42789537 -0.11818002 -0.89606866
vn 0.44698709 -0.04909374 -0.89319222
vn -0.79689154 -0.47404412 0.37449439
vn -0.58634656 0.76008587 0.28011995
vn -0.64655635 0.00087086 0.76286574
vn -0.51953433 -0.57628092 0.63086003
vn -0.51958121 -0.57629993 0.63080406
vn -0.52163673 -0.57475609 0.63051611
vn -0.71851434 0.00113244 0.69551122
vn -0.52061627 -0.57369513 0.63232317
vn -0.52067526 -0.57359908 0.63236174
vn -0.52077038 -0.57363835 0.63224778
vn -0.52077038 -0.57363835 0.63224778
vn -0.60909064 -0.54221519 0.57880159
vn -0.76288626 -0.00276165 0.64652682
vn -0.64505616 -0.52944602 0.55098953
vn -0.66377428 -0.58297731 0.46855220
vn -0.57342518 -0.59974601 0.55811136
vn -0.65059730 -0.56300848 0.50965145
vn -0.79593073 -0.00296204 0.60538046
vn -0.68878228 -0.55369752 0.46797225
vn -0.59265764 -0.61367244 0.52169249
vn -0.79251179 -0.47901774 0.37744811
vn -0.60531311 0.77324831 0.18889970
vn -0.82936611 -0.00000063 0.55870552
vn -0.96737379 -0.00000064 0.25335339
vn -0.98761261 -0.08172288 0.13395037
vn -0.72499898 0.63913792 0.25666944
vn -0.81725255 -0.50395534 0.27951259
vn -0.37607290 0.77256629 0.51157648
vn 0.42289083 -0.10545651 0.90002348
vn -0.99915463 -0.00000055 -0.04110992
vn -0.81022684 -0.58611643 0.00000000
vn -0.81022684 -0.58611643 0.00000000
vn -0.70710602 0.70710602 -0.00146863
vn -0.99945491 -0.00000055 -0.03301348
vn -0.81689023 -0.57510320 -0.04412112
vn -0.99906932 -0.00000055 -0.04313341
vn -0.81022684 -0.58611643 0.00000000
vn -0.38277614 0.92328209 -0.03213425
vn -0.42357424 0.90446317 -0.05031152
vn -0.92651002 -0.37420720 -0.03934667
vn -0.99676683 -0.00000053 -0.08034855
vn -0.81637713 -0.57613022 -0.04002933
vn -0.60340708 0.79640135 -0.04055592
vn -0.98536370 -0.00000050 -0.17046517
vn -0.73858017 -0.64223235 -0.20502912
vn -0.79924820 -0.57163698 -0.18556257
vn -0.54158423 0.83808954 -0.06551675
vn -0.72348233 0.68697184 -0.06813959
vn -0.98012139 -0.00000049 -0.19839875
vn -0.76004206 -0.62558421 -0.17601266
vn -0.79723301 -0.58267734 -0.15781842
vn -0.48518401 0.86859570 -0.10068754
vn -0.72453766 0.68536033 -0.07298215
vn -0.79331084 -0.57699068 -0.19426698
vn 0.14366663 0.78017732 -0.60883762
vn -0.97314946 -0.00000047 -0.23017414
vn -0.73528991 -0.63657922 -0.23262768
vn 0.00013282 -0.00430617 -0.99999072
vn -0.77666783 -0.59016879 -0.22019965
vn -0.72432114 -0.62407919 -0.29305980
vn -0.94316737 -0.00000042 -0.33231808
vn -0.73082309 -0.63368688 -0.25365046
vn -0.75920622 -0.60244390 -0.24630725
vn 0.00000000 1.00000000 0.00000000
vn -0.72082510 -0.62184137 -0.30614455
vn -0.92676736 -0.00000040 -0.37563581
vn -0.65517835 -0.60339849 -0.45458948
vn 0.00000000 1.00000000 0.00000000
vn 0.00000000 -0.00000000 0.00000000
vn -0.55478432 -0.76629400 -0.32404917
vn -0.81441505 -0.55553709 -0.16765043
vn -0.89733411 -0.00000035 -0.44135190
vn -0.69051990 -0.64533820 -0.32668162
vn 0.00000000 1.00000000 0.00000000
vn -0.86252493 -0.00000030 -0.50601458
vn -0.70983916 -0.61572488 -0.34206905
vn -0.61357356 0.76703420 -0.18757939
vn -0.72272494 0.65546820 -0.21915771
vn -0.64256232 -0.64153504 -0.41898265
vn -0.61791359 -0.66471596 -0.41992319
vn -0.69336017 0.53997954 -0.47715173
vn -0.64463063 -0.64395148 -0.41204106
vn -0.82606758 -0.00000025 -0.56357107
vn -0.58087325 -0.64077573 -0.50198877
vn -0.01760062 0.99796711 -0.06125245
vn -0.58026247 0.68623392 -0.43860970
vn -0.62449904 0.68448395 -0.37614183
vn -0.75964567 -0.00000017 -0.65033719
vn -0.80538431 -0.53883213 -0.24701429
vn -0.56940533 -0.69045353 -0.44615188
vn -0.24030163 -0.90585161 -0.34883805
vn -0.69549267 -0.52427898 -0.49134662
vn 0.01312871 0.97243987 -0.23278386
vn 0.60220869 0.64226472 0.47417372
vn -0.73344931 -0.00000014 -0.67974415
vn -0.57523178 -0.62439262 -0.52843377
vn 0.00000000 -0.00000000 0.00000000
vn 0.00000000 -0.00000000 0.00000000
vn -0.45449797 -0.69925715 -0.55178894
vn -0.62919794 0.67961341 -0.37714132
vn -0.79330534 -0.53417139 -0.29210883
vn -0.60030305 0.64800300 -0.46875192
vn -0.75530938 -0.52993640 -0.38558418
vn -0.31583061 -0.75916382 -0.56914087
vn -0.64611016 -0.00000003 -0.76324417
vn -0.22945780 0.97331791 -0.00116772
vn -0.63120129 0.67689731 -0.37867529
vn -0.78932759 -0.53938881 -0.29329449
vn -0.45334467 -0.70023120 -0.55150239
vn -0.58407862 -0.00106208 -0.81169639
vn -0.54745160 0.00039716 -0.83683725
vn -0.31296945 -0.76092374 -0.56837064
vn -0.34592187 -0.70587135 -0.61812920
vn -0.43592723 -0.69361977 -0.57346235
vn -0.32188026 0.94003903 -0.11278178
vn -0.45635910 -0.00080261 -0.88979533
vn -0.39736828 -0.68714492 -0.60821896
vn -0.45286274 -0.70187696 -0.54980367
vn -0.45286274 -0.70187696 -0.54980367
vn -0.14317432 -0.83609230 -0.52957604
vn -0.31038546 -0.67247434 -0.67189220
vn -0.45368170 -0.70056730 -0.55079794
vn -0.52877277 0.63271314 -0.56575034
vn -0.55465480 0.32878972 -0.76436600
vn -0.01785281 0.98270518 -0.18431441
vn -0.35261751 0.69846799 -0.62273860
vn -0.41633653 -0.00052831 -0.90921043
vn -0.45928700 0.57101779 -0.68043672
vn -0.16288980 -0.72711642 -0.66690976
vn -0.25342143 -0.74625046 -0.61553865
vn -0.38535758 0.61938127 -0.68400759
vn -0.54171055 0.32864087 -0.77365681
vn -0.02260583 0.96492712 -0.26154280
vn -0.30874672 0.69480011 -0.64956006
vn -0.43315117 -0.00130165 -0.90132035
vn -0.41659317 -0.69422826 -0.58693889
vn -0.14483050 -0.83574727 -0.52967031
vn -0.30753480 -0.67409933 -0.67157460
vn -0.25334957 -0.78921611 -0.55942107
vn -0.06041060 -0.81060161 -0.58247368
vn -0.70265992 -0.51944522 -0.48625683
vn -0.16853283 0.87632772 -0.45127199
vn -0.47964414 0.48117458 -0.73376598
vn -0.07310721 0.91786666 -0.39009759
vn -0.39989238 0.68401211 -0.61009305
vn -0.98927997 -0.00070783 -0.14602961
vn -0.33589029 -0.91348932 -0.22959741
vn -0.28026862 -0.71804911 -0.63706749
vn -0.20257710 0.97729594 -0.06208997
vn -0.74635831 -0.52484161 0.40925609
vn -0.75857193 -0.00000069 0.65158930
vn -0.33951374 0.92370200 0.17749655
vn -0.69777502 -0.56469165 0.44071913
vn -0.27283343 0.91749553 0.28941988
vn -0.58455027 -0.56228144 0.58492783
vn -0.52512892 -0.00000150 0.85102269
vn -0.40603571 -0.58669448 0.70066011
vn -0.01791250 0.96434174 0.26405333
vn -0.36045432 0.67701780 0.64165379
vn -0.31613262 -0.55659703 0.76828374
vn -0.40096367 0.00028115 0.91609391
vn -0.36803841 -0.53889428 0.75772072
vn -0.24695909 0.82890435 0.50192508
vn -0.28578957 0.71478065 0.63828908
vn -0.48385211 -0.52172070 0.70263408
vn -0.21117189 -0.66752313 0.71401631
vn -0.19279163 -0.52994918 0.82582399
vn -0.45046206 -0.51321075 0.73054682
vn -0.39368266 0.80028312 0.45228409
vn -0.42137701 0.00001466 0.90688556
vn -0.26411579 0.80147893 0.53653926
vn -0.70183286 -0.23998762 0.67069858
vn -0.41688561 -0.00072324 0.90895867
vn -0.36405195 -0.51755442 0.77434075
vn -0.23707157 0.78154688 0.57704553
vn -0.17730359 0.89779670 0.40314331
vn 0.00000000 0.90435838 0.42677386
vn -0.18324468 -0.65310106 0.73476553
vn -0.19138191 -0.52826980 0.82722668
vn -0.70094349 0.17063665 0.69250369
vn -0.21824583 0.21200356 0.95258766
vn -0.35892094 0.77076424 0.52640123
vn -0.15199985 0.98542568 0.07636937
vn -0.02349845 0.96514685 0.26065184
vn -0.37897148 0.00000040 0.92540835
vn 0.11288355 0.17011913 0.97893656
vn -0.31570440 0.28176182 0.90605795
vn 0.03952181 0.17800190 0.98323616
vn 0.06994540 0.19461441 0.97838278
vn -0.36875362 -0.00000000 0.92952717
vn -0.36395080 0.00000000 0.93141817
vn -0.30434936 0.00000000 0.95256048
vn -0.31280011 0.00000000 0.94981898
vn -0.32117424 0.00000000 0.94702012
vn -0.33287453 -0.00000000 0.94297113
vn -0.31279014 -0.00000000 0.94982226
vn -0.34905109 -0.00000000 0.93710370
vn -0.47261092 0.00000000 0.88127119
vn -0.48699330 0.00000000 0.87340571
vn -0.46059942 -0.00000000 0.88760812
vn -0.49356086 -0.00000000 0.86971126
vn -0.46919540 0.00000000 0.88309438
vn -0.45201178 -0.00000000 0.89201197
vn -0.48126473 0.00000000 0.87657530
vn -0.43538970 0.00000000 0.90024208
vn -0.40993598 0.00000000 0.91211430
vn -0.48271619 -0.00000000 0.87577684
vn -0.49662307 -0.00000000 0.86796632
vn -0.44222412 -0.00000000 0.89690458
vn -0.44618128 0.00000000 0.89494261
vn -0.48155153 0.00000000 0.87641778
vn -0.46316536 -0.00000000 0.88627188
vn -0.49541592 0.00000000 0.86865590
vn -0.53781994 -0.00000000 0.84305973
vn -0.51698638 -0.00000000 0.85599363
vn -0.52813484 0.00000000 0.84916052
vn -0.49935013 -0.00000000 0.86640028
vn -0.49588099 0.00000000 0.86839049
vn -0.55782394 -0.00000000 0.82995931
vn -0.49968907 -0.00000000 0.86620484
vn -0.50055016 -0.00000000 0.86570753
vn -0.51968038 0.00000000 0.85436075
vn -0.49148054 -0.00000000 0.87088855
vn -0.50343978 0.00000000 0.86403032
vn -0.51612777 -0.00000000 0.85651161
vn -0.52877882 -0.00000000 0.84875966
vn -0.48224250 0.00000000 0.87603777
vn -0.43808550 0.00000000 0.89893331
vn -0.47110331 -0.00000000 0.88207804
vn -0.45501359 0.00000000 0.89048450
vn -0.38163153 -0.00000000 0.92431454
vn -0.46666789 0.00000000 0.88443263
vn -0.46852850 0.00000000 0.88344838
vn -0.38072329 0.00000000 0.92468902
vn -0.43034877 -0.00000000 0.90266269
vn -0.43255578 0.00000000 0.90160717
vn -0.39835562 -0.00000000 0.91723105
vn -0.41563517 0.00000000 0.90953142
vn -0.39851499 -0.00000000 0.91716182
vn -0.38080968 -0.00000000 0.92465344
vn -0.38114767 0.00000000 0.92451417
vn -0.38026793 0.00000000 0.92487637
vn -0.36251373 -0.00000000 0.93197843
vn -0.36208764 0.00000000 0.93214406
vn -0.36339371 -0.00000000 0.93163566
vn -0.36168976 0.00000000 0.93229851
vn -0.38118155 -0.00000000 0.92450020
vn -0.32435371 0.00000000 0.94593587
vn -0.32182616 -0.00000000 0.94679878
vn -0.41258202 -0.00000000 0.91092045
vn -0.35580880 0.00000000 0.93455877
vn -0.28857855 0.00000000 0.95745622
vn -0.34702764 -0.00000000 0.93785490
vn -0.34680292 -0.00000000 0.93793802
vn -0.31292547 0.00000000 0.94977769
vn -0.31331071 0.00000000 0.94965067
vn -0.28930037 0.00000000 0.95723837
vn -0.32355863 -0.00000000 0.94620812
vn -0.34616054 0.00000000 0.93817529
vn -0.31292547 -0.00000000 0.94977769
vn -0.28895963 0.00000000 0.95734128
vn -0.32427814 0.00000000 0.94596178
vn -0.32210498 -0.00000000 0.94670396
vn -0.26436620 0.00000000 0.96442237
vn -0.22317800 -0.00000000 0.97477771
vn -0.17196073 0.00000000 0.98510380
vn -0.33004796 -0.00000000 0.94396416
vn -0.48096047 0.00000000 0.87674228
vn -0.46849078 -0.00000000 0.88346838
vn -0.49496219 0.00000000 0.86891451
vn -0.48869965 -0.00000000 0.87245209
vn -0.45814487 0.00000000 0.88887754
vn -0.44094184 -0.00000000 0.89753568
vn -0.42578872 -0.00000000 0.90482261
vn -0.47055912 0.00000000 0.88236847
vn -0.43936286 -0.00000000 0.89830968
vn -0.43615118 -0.00000000 0.89987341
vn -0.42777605 0.00000000 0.90388475
vn -0.43601233 -0.00000000 0.89994069
vn -0.46030284 -0.00000000 0.88776196
vn -0.37475806 -0.00000000 0.92712264
vn -0.38320628 0.00000000 0.92366279
vn 0.36453664 -0.69969092 0.61444744
vn 0.34034944 -0.70710678 0.61980824
vn -0.47646201 -0.70056552 -0.53121737
vn 0.42361755 -0.69382769 0.58236699
vn 0.28979405 -0.68701267 0.66635801
vn -0.35813489 -0.72311545 -0.59062970
vn -0.43884365 -0.72445483 -0.53158391
vn 0.23098833 -0.71080028 0.66438494
vn -0.34425249 -0.70081663 -0.62477698
vn 0.21011427 -0.69508436 0.68753889
vn -0.29285628 -0.72801144 -0.61986655
vn 0.14995971 -0.70028319 0.69793663
vn -0.22408047 -0.71293031 -0.66446844
vn 0.16127049 -0.67410249 0.72081735
vn 0.09420889 -0.69615369 0.71168443
vn -0.12256372 -0.72751732 -0.67505309
vn -0.19696751 -0.71068325 -0.67537628
vn 0.08540327 -0.71633993 0.69250515
vn -0.06444071 -0.70710532 -0.70416579
vn -0.06444515 -0.70710678 -0.70416392
vn 0.05906895 -0.68920975 0.72215011
vn 0.00000000 -0.70710678 0.70710678
vn -0.05908419 -0.68920534 0.72215307
vn 0.00000000 -0.72820762 -0.68535659
vn -0.10957900 -0.70875517 0.69689207
vn 0.27284852 -0.80153083 -0.53207332
vn -0.13931475 -0.69672747 0.70367765
vn 0.50498002 -0.71747943 -0.47981086
vn 0.51982076 -0.69702037 -0.49391191
vn -0.09716322 -0.70457148 -0.70294974
vn -0.08856570 -0.70699713 -0.70164890
vn 0.10510806 -0.71014004 0.69617054
vn -0.16176048 -0.70950938 0.68587899
vn 0.54322738 -0.71452705 -0.44085724
vn 0.53421515 -0.70710678 -0.46326470
vn 0.04019663 -0.77613512 0.62928413
vn 0.56768069 -0.69517213 -0.44099246
vn 0.56834183 -0.71193030 -0.41248371
vn -0.18484440 -0.71263568 -0.67674437
vn -0.15754001 -0.69144404 -0.70504347
vn 0.11493692 -0.70710678 0.69770302
vn 0.26972331 -0.71845186 0.64115229
vn 0.59863913 -0.70031297 -0.38883536
vn 0.55518511 -0.72658436 -0.40477730
vn -0.22501798 -0.69079363 -0.68714705
vn 0.44956215 -0.70710678 0.54579655
vn -0.33836414 -0.83736803 0.42933028
vn -0.01557773 -0.73642659 0.67633809
vn 0.57609952 -0.70234609 -0.41811399
vn 0.58037894 -0.72653795 -0.36783541
vn 0.62227559 -0.69987748 -0.35063457
vn 0.60445597 -0.70710678 -0.36692367
vn 0.61287873 -0.72066283 -0.32407522
vn -0.29422990 -0.70710678 -0.64298427
vn -0.28350905 -0.70280155 -0.65245123
vn 0.45762425 -0.68913255 0.56185085
vn 0.64086042 -0.70124277 -0.31234035
vn 0.62252221 -0.69977655 -0.35039817
vn 0.27316189 -0.69415237 0.66598429
vn 0.64699195 -0.72230071 -0.24430126
vn 0.61287873 -0.72066283 -0.32407522
vn -0.33988964 -0.69340720 -0.63534360
vn 0.50935305 -0.71574223 0.47777875
vn 0.67489467 -0.69253662 -0.25477482
vn -0.42003982 -0.69215956 -0.58692563
vn 0.57280926 -0.77766135 0.25909915
vn 0.64521791 -0.71190699 -0.27727656
vn 0.63346348 -0.76964748 -0.07979212
vn -0.59483436 -0.77809534 -0.20184086
vn -0.53512623 -0.84099251 -0.07982180
vn -0.73423210 -0.63118677 -0.25001297
vn -0.57215100 -0.69888194 -0.42919373
vn -0.53633343 -0.69709251 -0.47582401
vn -0.58097383 -0.70709501 -0.40309559
vn -0.65931867 -0.69110183 -0.29610328
vn -0.58095449 -0.70711855 -0.40308217
vn 0.10025476 -0.70848550 -0.69856802
vn 0.16369294 -0.68724239 -0.70774467
vn 0.12665264 -0.72617634 0.67574184
vn -0.69733048 -0.70565723 -0.12561085
vn -0.64890520 -0.71466195 -0.26111365
vn -0.02258837 -0.70005584 0.71373075
vn -0.04660372 -0.70651645 0.70616046
vn 0.15185725 -0.76412976 -0.62693308
vn -0.04841940 -0.70710596 0.70544789
vn 0.35500826 -0.72158512 -0.59437703
vn -0.66959177 -0.69646879 -0.25802729
vn -0.69884813 -0.69221898 -0.18012263
vn 0.02096490 -0.70055360 0.71329176
vn -0.29588677 -0.91902340 -0.26047457
vn -0.71048286 -0.69763981 -0.09226478
vn -0.09769286 -0.69228691 -0.71497898
vn -0.02448381 -0.69947639 -0.71423618
vn 0.65544587 -0.70711697 0.26528530
vn 0.05369510 -0.69076843 -0.72107962
vn 0.34883430 -0.78953009 0.50493253
vn 0.47031000 -0.71985556 -0.51050610
vn 0.41912543 -0.71704943 -0.55693266
vn -0.10431610 -0.69037488 0.71589152
vn -0.13695625 -0.70883455 -0.69195127
vn 0.66805634 -0.70709900 0.23175791
vn -0.18515921 -0.69139038 -0.69835192
vn 0.48956777 -0.86731546 0.08992932
vn 0.54655998 -0.74456556 -0.38326794
vn 0.23608905 -0.70262317 -0.67125453
vn 0.29138220 -0.69417603 -0.65819150
vn 0.58969415 -0.73056051 0.34429952
vn 0.64645679 -0.71776064 0.25867602
vn 0.66377694 -0.69106408 0.28606052
vn 0.63358740 -0.72388581 0.27305007
vn 0.66804164 -0.70711456 0.23175281
vn 0.66379334 -0.69105666 0.28604038
vn 0.63204723 -0.71797801 0.29158856
vn 0.65154031 -0.69653966 0.30054571
vn 0.63204723 -0.71797801 0.29158856
vn 0.65544331 -0.70710678 0.26531881
vn 0.65653154 -0.71286164 0.24656565
vn 0.66820803 -0.71154752 0.21725138
vn 0.67310080 -0.72367410 0.15241753
vn 0.70476922 -0.69123851 0.15965481
vn 0.67163354 -0.72722481 0.14160675
vn 0.70197467 -0.70708945 0.08518258
vn 0.69171943 -0.72095315 0.04184243
vn 0.71453621 -0.62777170 0.30877288
vn -0.13371745 -0.71364495 0.68762673
vn -0.17257303 -0.69008867 0.70284861
vn -0.24164128 -0.70345692 -0.66839947
vn -0.23335531 -0.70346428 0.67132950
vn -0.27133132 -0.70105273 -0.65947281
vn -0.32381290 -0.69594993 -0.64093596
vn -0.24304460 -0.70709259 0.66404020
vn -0.31823692 -0.68506619 0.65529350
vn -0.34345177 -0.71597075 0.60780488
vn -0.12348951 -0.78461386 -0.60756187
vn -0.32364981 -0.70710678 -0.62868975
vn -0.32364981 -0.70710678 -0.62868975
vn 0.04919973 -0.69208231 0.72013989
vn -0.40114587 -0.68389460 0.60940149
vn 0.08263422 -0.70710678 -0.70226176
vn -0.42373486 -0.71556044 0.55535757
vn 0.07770812 -0.70547508 -0.70446175
vn -0.51309040 -0.67426027 0.53114154
vn -0.53560591 -0.71731722 0.44562575
vn -0.56823811 -0.69113522 0.44658433
vn 0.14261530 -0.70710678 -0.69257554
vn 0.10587728 -0.71858708 -0.68733006
vn -0.61413444 -0.69619720 0.37168314
vn 0.15511768 -0.71152413 -0.68532614
vn 0.13519673 -0.69541098 -0.70578001
vn -0.62226182 -0.70709165 0.33587443
vn -0.66637931 -0.68794640 0.28752107
vn -0.36194803 -0.83872347 0.40686186
vn -0.09850578 -0.72096076 0.68593892
vn 0.12721512 -0.71791770 -0.68440521
vn 0.06544772 -0.70481642 -0.70636422
vn 0.11975247 -0.69293345 -0.71098705
vn -0.08765195 -0.69809660 0.71061823
vn -0.10510806 -0.71014004 0.69617054
vn 0.00683243 -0.69111145 -0.72271591
vn -0.09616975 -0.70710678 0.70053649
vn -0.13104746 -0.69662546 0.70536482
vn -0.12014838 -0.72013704 0.68334985
vn -0.08115744 -0.69602933 -0.71341197
vn -0.16367788 -0.69263513 -0.70247144
vn -0.11422999 -0.69756352 0.70735892
vn -0.19337306 -0.69209938 0.69541736
vn -0.22059698 -0.71162604 0.66702725
vn -0.23530484 -0.69814657 -0.67618266
vn -0.19692263 -0.71066656 0.67540692
vn -0.23297233 -0.69356225 0.68168563
vn -0.04138349 -0.78230221 -0.62152285
vn -0.28346529 -0.70281470 0.65245607
vn -0.32103476 -0.69898260 0.63903052
vn -0.36481622 -0.69958535 0.61440170
vn 0.17265547 -0.70819485 -0.68458027
vn -0.36460494 -0.71238651 0.59964047
vn -0.41283842 -0.68892368 0.59577563
vn -0.43182796 -0.71290178 0.55253567
vn -0.43887353 -0.70141403 0.56161231
vn -0.40223182 -0.72266036 0.56211348
vn -0.33749841 -0.71789131 0.60887346
vn 0.18649549 -0.71083435 -0.67818431
vn -0.28815531 -0.71487396 0.63711988
vn -0.32911551 -0.70513607 -0.62806536
vn -0.32974282 -0.71055914 -0.62159100
vn 0.29122471 -0.70666770 0.64483248
vn -0.29450521 -0.69949743 0.65112980
vn -0.28817103 -0.71487592 0.63711057
vn -0.25602861 -0.71114993 0.65476341
vn 0.20456041 -0.70926944 -0.67460499
vn -0.26514355 -0.70125862 0.66176676
vn -0.27394236 -0.70898527 0.64984264
vn 0.22149646 -0.71080592 -0.66760338
vn -0.25826702 -0.71046330 0.65462970
vn -0.34463239 -0.70374407 -0.62126710
vn 0.31006958 -0.70872123 0.63369636
vn -0.26634761 -0.70209358 0.66039651
vn -0.27354869 -0.70881087 0.65019864
vn 0.24098697 -0.70993920 -0.66174891
vn 0.26140396 -0.71149773 -0.65225682
vn -0.26924524 -0.70711741 0.65382870
vn -0.26920147 -0.70711194 0.65385264
vn 0.29072110 -0.71326766 -0.63775425
vn -0.27485254 -0.70538733 0.65336422
vn -0.36747169 -0.70240617 -0.60958193
vn 0.34108784 -0.70896349 0.61727616
vn -0.28515979 -0.70528614 0.64904187
vn -0.30324355 -0.70298618 0.64331468
vn 0.31752259 -0.71002985 -0.62851970
vn -0.30812017 -0.70867501 0.63469811
vn 0.33839958 -0.71214718 -0.61508708
vn -0.39235452 -0.70253464 -0.59371964
vn 0.37695870 -0.70850720 0.59659005
vn 0.37374662 -0.71620331 -0.58937788
vn -0.32075812 -0.70212344 0.63571763
vn -0.35217211 -0.70108918 0.62003933
vn -0.36037585 -0.70876185 0.60645353
vn 0.41059989 -0.71137365 -0.57039921
vn -0.40226335 -0.69315393 0.59809851
vn 0.44331195 -0.71799882 -0.53661179
vn -0.42816892 -0.69880443 -0.57301287
vn 0.41780386 -0.70876961 0.56840617
vn -0.45995305 -0.69779072 0.54911866
vn 0.48973312 -0.71610652 -0.49734588
vn -0.48274511 -0.69459949 -0.53337484
vn 0.48171694 -0.71587076 0.50544815
vn -0.50888721 -0.69627896 0.50619109
vn 0.56402216 -0.72613430 -0.39320222
vn 0.52509894 -0.71418399 -0.46283078
vn -0.56308508 -0.69371883 0.44909840
vn 0.63710186 -0.72717446 -0.25557490
vn 0.61560853 -0.71368032 -0.33419538
vn 0.67610793 -0.71244798 -0.18787213
vn -0.53850900 -0.69506857 -0.47632734
vn 0.60110246 -0.72696229 0.33196634
vn 0.67582336 -0.73013485 -0.10082599
vn 0.70562308 -0.70786300 -0.03203203
vn 0.67456869 -0.73611143 0.05565101
vn -0.60612547 -0.68796621 -0.39914210
vn -0.60118145 -0.69841279 0.38833033
vn -0.64386834 -0.69247088 0.32544990
vn -0.69007035 -0.68804585 0.22449015
vn -0.66633143 -0.68796793 -0.28758050
vn -0.71372305 -0.69137961 0.11222137
vn -0.70711343 -0.68743613 -0.16559639
vn -0.73038310 -0.68273555 -0.02031493
vn 0.22668947 -0.71956146 -0.65638647
vn 0.23297233 -0.69356225 -0.68168563
vn 0.19651837 -0.71051634 -0.67568267
vn 0.12638377 -0.68012298 -0.72212179
vn -0.04710478 -0.72277522 0.68947597
vn -0.00534580 -0.69475747 -0.71922423
vn 0.00000000 -0.70710678 0.70710678
vn -0.06713461 -0.70021883 -0.71076476
vn 0.00000000 -0.70710678 0.70710678
vn 0.00000000 -0.70710678 0.70710678
vn 0.00000000 -0.70710678 0.70710678
vn 0.04710478 -0.72277522 0.68947597
vn 0.11493692 -0.70710678 0.69770302
vn 0.10601004 -0.70409849 0.70214471
vn 0.10510806 -0.71014004 0.69617054
vn 0.26347523 -0.77053534 0.58039305
vn 0.44956215 -0.70710678 0.54579655
vn 0.46423848 -0.71581365 0.52162578
vn 0.43688594 -0.72765931 0.52881244
vn 0.25796032 -0.71836329 0.64607326
vn 0.27212786 -0.69841028 0.66194374
vn -0.51194181 -0.69967915 -0.49836199
vn -0.47568578 -0.69860250 -0.53448815
vn 0.23967295 -0.70580617 0.66662922
vn -0.54134114 -0.70061837 -0.46484800
vn 0.20228473 -0.69513412 0.68983291
vn -0.60853675 -0.71286389 -0.34858012
vn -0.60490300 -0.68683005 -0.40293529
vn 0.17359356 -0.71127449 0.68114160
vn -0.67101633 -0.70374158 -0.23341997
vn -0.65610619 -0.68575598 -0.31506094
vn 0.14485213 -0.69261006 0.70661812
vn -0.44248706 -0.82247046 -0.35741788
vn -0.69254097 -0.69575724 -0.19054885
vn 0.09616975 -0.70710678 0.70053649
vn -0.31126505 -0.70193790 -0.64062255
vn 0.00000000 -0.70710678 0.70710678
vn 0.04058769 -0.72052155 0.69224370
vn 0.04213185 -0.69416689 0.71858001
vn -0.32364981 -0.70710678 -0.62868975
vn 0.00000000 -0.70710678 0.70710678
vn -0.37441079 -0.69176974 -0.61747161
vn 0.00000000 -0.70710678 0.70710678
vn -0.37833005 -0.71655896 -0.58601163
vn 0.02865790 -0.71647100 0.69702800
vn -0.38368056 -0.69935490 -0.60306878
vn -0.40016107 -0.70710678 -0.58298466
vn -0.40013828 -0.70709552 -0.58301397
vn 0.05335059 -0.70557385 0.70662526
vn 0.07153905 -0.71482661 0.69563287
vn 0.10888282 -0.71143961 0.69426092
vn -0.46626126 -0.71761568 -0.51732792
vn -0.40016107 -0.70710678 -0.58298466
vn -0.61289471 -0.69475154 -0.37640454
vn -0.46247403 -0.68763439 -0.55971127
vn -0.48701359 -0.69466878 -0.52938931
vn 0.11581492 -0.70469811 0.69999106
vn -0.50723838 -0.70710678 -0.49265528
vn -0.50723838 -0.70710678 -0.49265528
vn -0.53637386 -0.69707858 -0.47579884
vn -0.56524064 -0.70142668 -0.43417004
vn 0.18220510 -0.73476339 0.65339427
vn -0.64046663 -0.68060834 -0.35577350
vn -0.57154594 -0.70710678 -0.41633549
vn 0.27922761 -0.71112223 0.64524191
vn -0.41255989 -0.71927097 -0.55896656
vn -0.49471214 -0.77602144 -0.39121685
vn -0.43363948 -0.69823376 -0.56958443
vn -0.39948864 -0.70411945 -0.58704738
vn -0.39524259 -0.71232608 -0.57997832
vn -0.38803955 -0.70897480 -0.58888033
vn -0.36807601 -0.69907121 -0.61304119
vn -0.36070441 -0.71723436 -0.59621071
vn -0.36070105 -0.71723643 -0.59621025
vn 0.29229895 -0.70813509 0.64273324
vn 0.30015797 -0.70897026 0.63817424
vn 0.31994099 -0.70907942 0.62836625
vn 0.33072455 -0.70901287 0.62283386
vn 0.35804142 -0.71212170 0.60389488
vn 0.39449526 -0.71355048 0.57898118
vn 0.43981001 -0.71640892 0.54159525
vn 0.51764474 -0.71468683 0.47038991
vn 0.55344077 -0.72012033 0.41848538
vn 0.64858533 -0.73170729 0.20962231
vn -0.71939990 -0.69308520 0.04578954
vn -0.70598419 -0.70589748 -0.05740266
vn -0.71491866 -0.69868265 -0.02708997
vn 0.18721518 -0.70710678 -0.68187277
vn -0.62227108 -0.70710678 -0.33582541
vn -0.52801462 -0.72332367 -0.44497576
vn -0.16367788 0.69263513 -0.70247144
vn -0.23530484 -0.69814657 -0.67618266
vn -0.23530484 0.69814657 -0.67618266
vn -0.16367788 -0.69263513 -0.70247144
vn -0.16367788 0.69263513 -0.70247144
vn -0.23530484 0.69814657 -0.67618266
vn -0.08115744 0.69602933 -0.71341197
vn -0.08115744 -0.69602933 -0.71341197
vn -0.08115744 0.69602933 -0.71341197
vn 0.00683243 0.69111145 -0.72271591
vn 0.00683243 -0.69111145 -0.72271591
vn 0.00683243 0.69111145 -0.72271591
vn 0.06544772 0.70481642 -0.70636422
vn 0.06544772 -0.70481642 -0.70636422
vn 0.06544772 0.70481642 -0.70636422
vn 0.11975247 0.69293345 -0.71098705
vn 0.11975247 -0.69293345 -0.71098705
vn 0.11975247 0.69293345 -0.71098705
vn 0.12721512 0.71791770 -0.68440521
vn 0.12721512 -0.71791770 -0.68440521
vn 0.12721512 0.71791770 -0.68440521
vn 0.13519673 0.69541098 -0.70578001
vn 0.15987449 -0.68959434 -0.70632839
vn 0.13519673 0.69541098 -0.70578001
vn 0.15905533 0.70863124 -0.68741775
vn 0.15511768 0.71152413 -0.68532614
vn 0.14261530 0.70710678 -0.69257554
vn 0.10587728 0.71858708 -0.68733006
vn 0.07770812 0.70547508 -0.70446175
vn 0.08263422 0.70710678 -0.70226176
vn -0.12348951 0.78461386 -0.60756187
vn -0.32381290 0.69594993 -0.64093596
vn -0.27133132 0.70105273 -0.65947281
vn -0.29271747 -0.70527060 -0.64568557
vn -0.31655506 0.69993512 -0.64022162
vn -0.27133132 -0.70105273 -0.65947281
vn -0.27133132 0.70105273 -0.65947281
vn -0.24164128 0.70345692 -0.66839947
vn -0.24164128 -0.70345692 -0.66839947
vn -0.24164128 0.70345692 -0.66839947
vn -0.18515921 0.69139038 -0.69835192
vn -0.18515921 -0.69139038 -0.69835192
vn -0.18515921 0.69139038 -0.69835192
vn -0.13695625 0.70883455 -0.69195127
vn -0.13695625 -0.70883455 -0.69195127
vn -0.13695625 0.70883455 -0.69195127
vn -0.09769286 0.69228691 -0.71497898
vn -0.09769286 -0.69228691 -0.71497898
vn -0.09769286 0.69228691 -0.71497898
vn -0.02448381 0.69947639 -0.71423618
vn -0.02448381 -0.69947639 -0.71423618
vn -0.02448381 0.69947639 -0.71423618
vn 0.05369510 0.69076843 -0.72107962
vn 0.05369510 -0.69076843 -0.72107962
vn 0.05369510 0.69076843 -0.72107962
vn 0.10025476 0.70848550 -0.69856802
vn 0.10025476 -0.70848550 -0.69856802
vn 0.10025476 0.70848550 -0.69856802
vn 0.16369294 0.68724239 -0.70774467
vn 0.16369294 -0.68724239 -0.70774467
vn 0.16369294 0.68724239 -0.70774467
vn 0.23608905 0.70262317 -0.67125453
vn 0.23608905 -0.70262317 -0.67125453
vn 0.23608905 0.70262317 -0.67125453
vn 0.28168049 0.69839168 -0.65795529
vn 0.23955167 -0.70788081 -0.66446954
vn 0.22591730 0.70394499 -0.67336679
vn -0.42233207 0.13277019 -0.89666476
vn 0.50629019 0.04023839 -0.86142389
vn 0.25384265 0.68665762 0.68122333
vn 0.06995835 -0.19460991 0.97838275
vn 0.27904221 -0.69657678 0.66099639
vn -0.00969231 -0.19561140 0.98063359
vn -0.34883721 -0.28053934 0.89420930
vn 0.23336744 -0.70343730 0.67135356
vn 0.23119998 0.70486553 0.67060507
vn 0.13751764 -0.67912280 0.72102783
vn 0.14352279 0.68002080 0.71900830
vn 0.13751764 0.67912280 0.72102783
vn -0.13911788 -0.34545971 0.92806455
vn -0.02746853 -0.22818758 0.97322963
vn -0.70196006 -0.11332645 0.70314237
vn 0.02096490 -0.70055360 0.71329176
vn 0.02096490 0.70055360 0.71329176
vn 0.02096490 0.70055360 0.71329176
vn -0.02258837 -0.70005584 0.71373075
vn -0.02258837 0.70005584 0.71373075
vn -0.02258837 0.70005584 0.71373075
vn -0.04660372 -0.70651645 0.70616046
vn -0.04660372 0.70651645 0.70616046
vn -0.04660372 0.70651645 0.70616046
vn -0.04841940 -0.70710596 0.70544789
vn -0.04841940 0.70710596 0.70544789
vn -0.04841940 0.70710596 0.70544789
vn -0.10431610 -0.69037488 0.71589152
vn -0.10431610 0.69037488 0.71589152
vn -0.10431610 0.69037488 0.71589152
vn -0.13371745 -0.71364495 0.68762673
vn -0.13371745 0.71364495 0.68762673
vn -0.13371745 0.71364495 0.68762673
vn -0.17257303 -0.69008867 0.70284861
vn -0.17257303 0.69008867 0.70284861
vn -0.17257303 0.69008867 0.70284861
vn -0.23335531 -0.70346428 0.67132950
vn -0.23335531 0.70346428 0.67132950
vn -0.23335531 0.70346428 0.67132950
vn -0.24304460 -0.70709259 0.66404020
vn -0.24304460 0.70709259 0.66404020
vn -0.24304460 0.70709259 0.66404020
vn -0.31823692 -0.68506619 0.65529350
vn -0.31823692 0.68506619 0.65529350
vn -0.31823692 0.68506619 0.65529350
vn -0.34345177 -0.71597075 0.60780488
vn -0.34345177 0.71597075 0.60780488
vn -0.34345177 0.71597075 0.60780488
vn -0.40114587 -0.68389460 0.60940149
vn -0.40114587 0.68389460 0.60940149
vn -0.40114587 0.68389460 0.60940149
vn -0.42373486 -0.71556044 0.55535757
vn -0.42373486 0.71556044 0.55535757
vn -0.42373486 0.71556044 0.55535757
vn -0.51309040 -0.67426027 0.53114154
vn -0.51309040 0.67426027 0.53114154
vn -0.51309040 0.67426027 0.53114154
vn -0.53560591 -0.71731722 0.44562575
vn -0.53560591 0.71731722 0.44562575
vn -0.53560591 0.71731722 0.44562575
vn -0.56823811 -0.69113522 0.44658433
vn -0.56823811 0.69113522 0.44658433
vn -0.56823811 0.69113522 0.44658433
vn -0.61413444 -0.69619720 0.37168314
vn -0.61413444 0.69619720 0.37168314
vn -0.61413444 0.69619720 0.37168314
vn -0.62226182 -0.70709165 0.33587443
vn -0.62226182 0.70709165 0.33587443
vn -0.62226182 0.70709165 0.33587443
vn -0.66637931 -0.68794640 0.28752107
vn -0.66637931 0.68794640 0.28752107
vn -0.66637931 0.68794640 0.28752107
vn -0.36194803 -0.83872347 0.40686186
vn -0.36194803 0.83872347 0.40686186
vn -0.36194803 0.83872347 0.40686186
vn -0.09850578 0.72096076 0.68593892
vn -0.09850578 -0.72096076 0.68593892
vn -0.09850578 0.72096076 0.68593892
vn -0.08765195 0.69809660 0.71061823
vn -0.08765195 -0.69809660 0.71061823
vn -0.08765195 0.69809660 0.71061823
vn -0.10510806 0.71014004 0.69617054
vn -0.10510806 -0.71014004 0.69617054
vn -0.10510806 0.71014004 0.69617054
vn -0.09616975 0.70710678 0.70053649
vn -0.09616975 -0.70710678 0.70053649
vn -0.09616975 0.70710678 0.70053649
vn -0.13104746 0.69662546 0.70536482
vn -0.13104746 -0.69662546 0.70536482
vn -0.13104746 0.69662546 0.70536482
vn -0.12014838 0.72013704 0.68334985
vn -0.12014838 -0.72013704 0.68334985
vn -0.12014838 0.72013704 0.68334985
vn -0.11422999 0.69756352 0.70735892
vn -0.11422999 -0.69756352 0.70735892
vn -0.11422999 0.69756352 0.70735892
vn -0.19337306 0.69209938 0.69541736
vn -0.19337306 -0.69209938 0.69541736
vn -0.19337306 0.69209938 0.69541736
vn -0.22059698 0.71162604 0.66702725
vn -0.22059698 -0.71162604 0.66702725
vn -0.22059698 0.71162604 0.66702725
vn -0.19692263 0.71066656 0.67540692
vn -0.19692263 -0.71066656 0.67540692
vn -0.19692263 0.71066656 0.67540692
vn -0.23297233 0.69356225 0.68168563
vn -0.23297233 -0.69356225 0.68168563
vn -0.23297233 0.69356225 0.68168563
vn -0.28346529 0.70281470 0.65245607
vn -0.28346529 -0.70281470 0.65245607
vn -0.28346529 0.70281470 0.65245607
vn -0.32103476 0.69898260 0.63903052
vn -0.32103476 -0.69898260 0.63903052
vn -0.32103476 0.69898260 0.63903052
vn -0.36481622 0.69958535 0.61440170
vn -0.36481622 -0.69958535 0.61440170
vn -0.36481622 0.69958535 0.61440170
vn -0.36460494 0.71238651 0.59964047
vn -0.36460494 -0.71238651 0.59964047
vn -0.36460494 0.71238651 0.59964047
vn -0.41283842 0.68892368 0.59577563
vn -0.41283842 -0.68892368 0.59577563
vn -0.41283842 0.68892368 0.59577563
vn -0.43182796 0.71290178 0.55253567
vn -0.43182796 -0.71290178 0.55253567
vn -0.43182796 0.71290178 0.55253567
vn -0.43887353 0.70141403 0.56161231
vn -0.43887353 -0.70141403 0.56161231
vn -0.43887353 0.70141403 0.56161231
vn -0.40223182 -0.72266036 0.56211348
vn -0.40223182 0.72266036 0.56211348
vn -0.40223182 0.72266036 0.56211348
vn -0.33749841 -0.71789131 0.60887346
vn -0.33749841 0.71789131 0.60887346
vn -0.33749841 0.71789131 0.60887346
vn -0.28815531 -0.71487396 0.63711988
vn -0.28815531 0.71487396 0.63711988
vn -0.28815531 0.71487396 0.63711988
vn -0.29450521 -0.69949743 0.65112980
vn -0.29450521 0.69949743 0.65112980
vn -0.29450521 0.69949743 0.65112980
vn -0.28817103 0.71487592 0.63711057
vn -0.28817103 -0.71487592 0.63711057
vn -0.28817103 0.71487592 0.63711057
vn -0.25602861 0.71114993 0.65476341
vn -0.25602861 -0.71114993 0.65476341
vn -0.25602861 0.71114993 0.65476341
vn -0.26514355 0.70125862 0.66176676
vn -0.26514355 -0.70125862 0.66176676
vn -0.26514355 0.70125862 0.66176676
vn -0.27394236 0.70898527 0.64984264
vn -0.27394236 -0.70898527 0.64984264
vn -0.27394236 0.70898527 0.64984264
vn -0.25826702 0.71046330 0.65462970
vn -0.25826702 -0.71046330 0.65462970
vn -0.25826702 0.71046330 0.65462970
vn -0.26634761 0.70209358 0.66039651
vn -0.26634761 -0.70209358 0.66039651
vn -0.26634761 0.70209358 0.66039651
vn -0.27354869 0.70881087 0.65019864
vn -0.27354869 -0.70881087 0.65019864
vn -0.27354869 0.70881087 0.65019864
vn -0.26924524 0.70711741 0.65382870
vn -0.26924524 -0.70711741 0.65382870
vn -0.26924524 0.70711741 0.65382870
vn -0.26920147 0.70711194 0.65385264
vn -0.26920147 -0.70711194 0.65385264
vn -0.26920147 0.70711194 0.65385264
vn -0.27485254 0.70538733 0.65336422
vn -0.27485254 -0.70538733 0.65336422
vn -0.27485254 0.70538733 0.65336422
vn -0.28515979 0.70528614 0.64904187
vn -0.28515979 -0.70528614 0.64904187
vn -0.28515979 0.70528614 0.64904187
vn -0.30324355 0.70298618 0.64331468
vn -0.30324355 -0.70298618 0.64331468
vn -0.30324355 0.70298618 0.64331468
vn -0.30812017 0.70867501 0.63469811
vn -0.30812017 -0.70867501 0.63469811
vn -0.30812017 0.70867501 0.63469811
vn -0.32075812 0.70212344 0.63571763
vn -0.32075812 -0.70212344 0.63571763
vn -0.32075812 0.70212344 0.63571763
vn -0.35217211 -0.70108918 0.62003933
vn -0.35217211 0.70108918 0.62003933
vn -0.35217211 0.70108918 0.62003933
vn -0.36037585 -0.70876185 0.60645353
vn -0.36037585 0.70876185 0.60645353
vn -0.36037585 0.70876185 0.60645353
vn -0.40226335 -0.69315393 0.59809851
vn -0.40226335 0.69315393 0.59809851
vn -0.40226335 0.69315393 0.59809851
vn -0.45995305 -0.69779072 0.54911866
vn -0.45995305 0.69779072 0.54911866
vn -0.45995305 0.69779072 0.54911866
vn -0.50888721 -0.69627896 0.50619109
vn -0.50888721 0.69627896 0.50619109
vn -0.50888721 0.69627896 0.50619109
vn -0.56308508 -0.69371883 0.44909840
vn -0.56308508 0.69371883 0.44909840
vn -0.56308508 0.69371883 0.44909840
vn -0.60118145 -0.69841279 0.38833033
vn -0.60118145 0.69841279 0.38833033
vn -0.60118145 0.69841279 0.38833033
vn -0.64386834 -0.69247088 0.32544990
vn -0.64386834 0.69247088 0.32544990
vn -0.64386834 0.69247088 0.32544990
vn -0.69007035 -0.68804585 0.22449015
vn -0.69007035 0.68804585 0.22449015
vn -0.69007035 0.68804585 0.22449015
vn -0.71372305 -0.69137961 0.11222137
vn -0.71372305 0.69137961 0.11222137
vn -0.71372305 0.69137961 0.11222137
vn -0.73038310 -0.68273555 -0.02031493
vn -0.73038310 0.68273555 -0.02031493
vn -0.73038310 0.68273555 -0.02031493
vn -0.70711343 -0.68743613 -0.16559639
vn -0.70711343 0.68743613 -0.16559639
vn -0.70711343 0.68743613 -0.16559639
vn -0.66633143 -0.68796793 -0.28758050
vn -0.66633143 0.68796793 -0.28758050
vn -0.66633143 0.68796793 -0.28758050
vn -0.60612547 -0.68796621 -0.39914210
vn -0.60612547 0.68796621 -0.39914210
vn -0.60612547 0.68796621 -0.39914210
vn -0.53850900 -0.69506857 -0.47632734
vn -0.53850900 0.69506857 -0.47632734
vn -0.53850900 0.69506857 -0.47632734
vn -0.48274511 -0.69459949 -0.53337484
vn -0.48274511 0.69459949 -0.53337484
vn -0.48274511 0.69459949 -0.53337484
vn -0.42816892 0.69880443 -0.57301287
vn -0.42816892 -0.69880443 -0.57301287
vn -0.42816892 0.69880443 -0.57301287
vn -0.39235452 0.70253464 -0.59371964
vn -0.39235452 -0.70253464 -0.59371964
vn -0.39235452 0.70253464 -0.59371964
vn -0.36747169 0.70240617 -0.60958193
vn -0.36747169 -0.70240617 -0.60958193
vn -0.36747169 0.70240617 -0.60958193
vn -0.34463239 0.70374407 -0.62126710
vn -0.34463239 -0.70374407 -0.62126710
vn -0.34463239 0.70374407 -0.62126710
vn -0.32911551 0.70513607 -0.62806536
vn -0.32911551 -0.70513607 -0.62806536
vn -0.32917074 0.70514000 -0.62803201
vn -0.33004866 0.71030238 -0.62172213
vn -0.33004866 -0.71030238 -0.62172213
vn -0.35022010 0.71825824 -0.60120794
vn -0.37105084 0.69718858 -0.61339168
vn -0.35967286 0.71538796 -0.59904550
vn -0.39009794 0.70523382 -0.59200410
vn -0.36069557 -0.71721552 -0.59623871
vn -0.39007856 0.70526923 -0.59197469
vn -0.38805903 -0.70893957 -0.58890990
vn -0.39009794 0.70523382 -0.59200410
vn -0.39059721 0.70613266 -0.59060180
vn -0.38907011 0.70710678 -0.59044428
vn -0.41255989 0.71927097 -0.55896656
vn -0.42678642 0.69533436 -0.57824171
vn -0.46776611 0.75744283 -0.45549448
vn -0.64046663 -0.68060834 -0.35577350
vn -0.51735768 0.76690992 -0.37972385
vn -0.64046663 0.68060834 -0.35577350
vn -0.51735768 -0.76690992 -0.37972385
vn -0.60047240 0.69502951 -0.39543252
vn -0.57154594 -0.70710678 -0.41633549
vn -0.57154594 0.70710678 -0.41633549
vn -0.57154594 0.70710678 -0.41633549
vn -0.56524064 -0.70142668 -0.43417004
vn -0.56524064 0.70142668 -0.43417004
vn -0.56524064 0.70142668 -0.43417004
vn -0.53637386 -0.69707858 -0.47579884
vn -0.53637386 0.69707858 -0.47579884
vn -0.53637386 0.69707858 -0.47579884
vn -0.50723838 -0.70710678 -0.49265528
vn -0.50723838 0.70710678 -0.49265528
vn -0.50723838 0.70710678 -0.49265528
vn -0.50723838 -0.70710678 -0.49265528
vn -0.50723838 0.70710678 -0.49265528
vn -0.50723838 0.70710678 -0.49265528
vn -0.48701359 -0.69466878 -0.52938931
vn -0.48701359 0.69466878 -0.52938931
vn -0.48701359 0.69466878 -0.52938931
vn -0.46626126 -0.71761568 -0.51732792
vn -0.46626126 0.71761568 -0.51732792
vn -0.46626126 0.71761568 -0.51732792
vn -0.46247403 -0.68763439 -0.55971127
vn -0.46247403 0.68763439 -0.55971127
vn -0.46247403 0.68763439 -0.55971127
vn -0.40016107 0.70710678 -0.58298466
vn -0.40016107 -0.70710678 -0.58298466
vn -0.40016107 0.70710678 -0.58298466
vn -0.40016107 0.70710678 -0.58298466
vn -0.40016107 -0.70710678 -0.58298466
vn -0.40016107 0.70710678 -0.58298466
vn -0.40013828 0.70709552 -0.58301397
vn -0.40013828 -0.70709552 -0.58301397
vn -0.40013828 0.70709552 -0.58301397
vn -0.38368056 0.69935490 -0.60306878
vn -0.38368056 -0.69935490 -0.60306878
vn -0.38368056 0.69935490 -0.60306878
vn -0.37833005 0.71655896 -0.58601163
vn -0.37833005 -0.71655896 -0.58601163
vn -0.37833005 0.71655896 -0.58601163
vn -0.37441079 0.69176974 -0.61747161
vn -0.37441079 -0.69176974 -0.61747161
vn -0.37441079 0.69176974 -0.61747161
vn -0.32364981 0.70710678 -0.62868975
vn -0.32364981 -0.70710678 -0.62868975
vn -0.32364981 0.70710678 -0.62868975
vn -0.32364981 0.70710678 -0.62868975
vn -0.32364981 -0.70710678 -0.62868975
vn -0.32364981 0.70710678 -0.62868975
vn -0.32364981 0.70710678 -0.62868975
vn -0.32364981 -0.70710678 -0.62868975
vn -0.32364981 0.70710678 -0.62868975
vn -0.31126505 0.70193790 -0.64062255
vn -0.31126505 -0.70193790 -0.64062255
vn -0.31126505 0.70193790 -0.64062255
vn -0.44248706 0.82247046 -0.35741788
vn -0.44248706 -0.82247046 -0.35741788
vn -0.44248706 0.82247046 -0.35741788
vn -0.69254097 -0.69575724 -0.19054885
vn -0.69254097 0.69575724 -0.19054885
vn -0.69254097 0.69575724 -0.19054885
vn -0.67101633 -0.70374158 -0.23341997
vn -0.67101633 0.70374158 -0.23341997
vn -0.67101633 0.70374158 -0.23341997
vn -0.65610619 -0.68575598 -0.31506094
vn -0.65610619 0.68575598 -0.31506094
vn -0.65610619 0.68575598 -0.31506094
vn -0.60853675 -0.71286389 -0.34858012
vn -0.60853675 0.71286389 -0.34858012
vn -0.60853675 0.71286389 -0.34858012
vn -0.60490300 -0.68683005 -0.40293529
vn -0.60490300 0.68683005 -0.40293529
vn -0.60490300 0.68683005 -0.40293529
vn -0.54134114 -0.70061837 -0.46484800
vn -0.54134114 0.70061837 -0.46484800
vn -0.54134114 0.70061837 -0.46484800
vn -0.51194181 -0.69967915 -0.49836199
vn -0.51194181 0.69967915 -0.49836199
vn -0.51194181 0.69967915 -0.49836199
vn -0.47568578 -0.69860250 -0.53448815
vn -0.47568578 0.69860250 -0.53448815
vn -0.47568578 0.69860250 -0.53448815
vn -0.42003982 0.69215956 -0.58692563
vn -0.42003982 -0.69215956 -0.58692563
vn -0.42003982 0.69215956 -0.58692563
vn -0.33988964 0.69340720 -0.63534360
vn -0.33988964 -0.69340720 -0.63534360
vn -0.33988964 0.69340720 -0.63534360
vn -0.29422990 0.70710678 -0.64298427
vn -0.29422990 -0.70710678 -0.64298427
vn -0.29422990 0.70710678 -0.64298427
vn -0.28350905 0.70280155 -0.65245123
vn -0.28350905 -0.70280155 -0.65245123
vn -0.28350905 0.70280155 -0.65245123
vn -0.22501798 0.69079363 -0.68714705
vn -0.22501798 -0.69079363 -0.68714705
vn -0.22501798 0.69079363 -0.68714705
vn -0.18484440 0.71263568 -0.67674437
vn -0.18484440 -0.71263568 -0.67674437
vn -0.18484440 0.71263568 -0.67674437
vn -0.15754001 0.69144404 -0.70504347
vn -0.15754001 -0.69144404 -0.70504347
vn -0.15754001 0.69144404 -0.70504347
vn -0.09716322 0.70457148 -0.70294974
vn -0.09716322 -0.70457148 -0.70294974
vn -0.09716322 0.70457148 -0.70294974
vn -0.08856570 0.70699713 -0.70164890
vn -0.08856570 -0.70699713 -0.70164890
vn -0.08856570 0.70699713 -0.70164890
vn -0.06713461 0.70021883 -0.71076476
vn -0.06713461 -0.70021883 -0.71076476
vn -0.06713461 0.70021883 -0.71076476
vn -0.00534580 0.69475747 -0.71922423
vn -0.00534580 -0.69475747 -0.71922423
vn -0.00534580 0.69475747 -0.71922423
vn 0.12638377 0.68012298 -0.72212179
vn 0.12638377 -0.68012298 -0.72212179
vn 0.12638377 0.68012298 -0.72212179
vn 0.19651837 0.71051634 -0.67568267
vn 0.19651837 -0.71051634 -0.67568267
vn 0.19651837 0.71051634 -0.67568267
vn 0.18721518 0.70710678 -0.68187277
vn 0.18721518 -0.70710678 -0.68187277
vn 0.18721518 0.70710678 -0.68187277
vn 0.23297233 0.69356225 -0.68168563
vn 0.23297233 -0.69356225 -0.68168563
vn 0.23297233 0.69356225 -0.68168563
vn 0.24805748 0.71315570 -0.65564962
vn 0.25031347 -0.71292773 -0.65503986
vn 0.25031347 0.71292773 -0.65503986
vn 0.30695698 -0.68610755 -0.65957096
vn 0.30393863 0.68815708 -0.65883317
vn -0.30520618 -0.19613437 -0.93186936
vn 0.43072656 -0.08825979 -0.89815636
vn 0.36639031 -0.70460955 -0.60768702
vn 0.08449804 -0.26336693 -0.96098800
vn 0.36072959 0.70994028 -0.60486276
vn 0.11758232 -0.22406436 -0.96745520
vn 0.42005661 -0.69216730 -0.58690448
vn 0.14354357 -0.22584363 -0.96352991
vn 0.45507029 0.67918357 -0.57586518
vn -0.10046335 -0.29166472 -0.95123016
vn 0.44956215 0.70710678 0.54579655
vn -0.21070432 -0.25094200 0.94479194
vn -0.30749180 -0.26579281 0.91367553
vn 0.44956215 -0.70710678 0.54579655
vn -0.39573250 -0.43984836 0.80618187
vn -0.09508293 -0.96037365 0.26199559
vn -0.28009623 -0.21326204 0.93598366
vn 0.42361755 -0.69382769 0.58236699
vn 0.42361755 0.69382769 0.58236699
vn -0.38612861 -0.33832023 0.85816322
vn 0.42354435 0.69367826 0.58259819
vn -0.86228295 0.22509477 0.45365236
vn 0.36453664 0.69969092 0.61444744
vn 0.36453664 -0.69969092 0.61444744
vn 0.36453664 0.69969092 0.61444744
vn 0.34034944 0.70710678 0.61980824
vn 0.34034944 -0.70710678 0.61980824
vn 0.34034944 0.70710678 0.61980824
vn 0.28979405 0.68701267 0.66635801
vn 0.28979405 -0.68701267 0.66635801
vn 0.28979405 0.68701267 0.66635801
vn 0.23098833 0.71080028 0.66438494
vn 0.23098833 -0.71080028 0.66438494
vn 0.23098833 0.71080028 0.66438494
vn 0.21011427 0.69508436 0.68753889
vn 0.21011427 -0.69508436 0.68753889
vn 0.21011427 0.69508436 0.68753889
vn 0.14995971 0.70028319 0.69793663
vn 0.14995971 -0.70028319 0.69793663
vn 0.14995971 0.70028319 0.69793663
vn 0.09420889 0.69615369 0.71168443
vn 0.09420889 -0.69615369 0.71168443
vn 0.09420889 0.69615369 0.71168443
vn 0.08540327 0.71633993 0.69250515
vn 0.08540327 -0.71633993 0.69250515
vn 0.08540327 0.71633993 0.69250515
vn 0.05906895 0.68920975 0.72215011
vn 0.05906895 -0.68920975 0.72215011
vn 0.05906895 0.68920975 0.72215011
vn 0.00000000 0.70710678 0.70710678
vn 0.00000000 -0.70710678 0.70710678
vn 0.00000000 0.70710678 0.70710678
vn -0.05908419 0.68920534 0.72215307
vn -0.05908419 -0.68920534 0.72215307
vn -0.05908419 0.68920534 0.72215307
vn -0.10957900 0.70875517 0.69689207
vn -0.10957900 -0.70875517 0.69689207
vn -0.10957900 0.70875517 0.69689207
vn -0.13931475 0.69672747 0.70367765
vn -0.13931475 -0.69672747 0.70367765
vn -0.13931475 0.69672747 0.70367765
vn -0.16176048 0.70950938 0.68587899
vn -0.16176048 -0.70950938 0.68587899
vn -0.16176048 0.70950938 0.68587899
vn 0.04019663 0.77613512 0.62928413
vn 0.04019663 -0.77613512 0.62928413
vn 0.04019663 0.77613512 0.62928413
vn 0.26972331 0.71845186 0.64115229
vn 0.26972331 -0.71845186 0.64115229
vn 0.26972331 0.71845186 0.64115229
vn 0.27316189 0.69415237 0.66598429
vn 0.27316189 -0.69415237 0.66598429
vn 0.27316189 0.69415237 0.66598429
vn 0.25796032 0.71836329 0.64607326
vn 0.25796032 -0.71836329 0.64607326
vn 0.25796032 0.71836329 0.64607326
vn 0.27212786 0.69841028 0.66194374
vn 0.27212786 -0.69841028 0.66194374
vn 0.27212786 0.69841028 0.66194374
vn 0.23967295 0.70580617 0.66662922
vn 0.23967295 -0.70580617 0.66662922
vn 0.23967295 0.70580617 0.66662922
vn 0.20228473 0.69513412 0.68983291
vn 0.20228473 -0.69513412 0.68983291
vn 0.20228473 0.69513412 0.68983291
vn 0.17359356 0.71127449 0.68114160
vn 0.17359356 -0.71127449 0.68114160
vn 0.17359356 0.71127449 0.68114160
vn 0.14485213 0.69261006 0.70661812
vn 0.14485213 -0.69261006 0.70661812
vn 0.14485213 0.69261006 0.70661812
vn 0.09616975 0.70710678 0.70053649
vn 0.09616975 -0.70710678 0.70053649
vn 0.09616975 0.70710678 0.70053649
vn 0.04919973 0.69208231 0.72013989
vn 0.04919973 -0.69208231 0.72013989
vn 0.04919973 0.69208231 0.72013989
vn 0.00000000 0.70710678 0.70710678
vn 0.00000000 -0.70710678 0.70710678
vn 0.00000000 0.70710678 0.70710678
vn 0.04058769 0.72052155 0.69224370
vn 0.04058769 -0.72052155 0.69224370
vn 0.04058769 0.72052155 0.69224370
vn 0.04213185 0.69416689 0.71858001
vn 0.04213185 -0.69416689 0.71858001
vn 0.04213185 0.69416689 0.71858001
vn 0.00000000 0.70710678 0.70710678
vn 0.00000000 -0.70710678 0.70710678
vn 0.00000000 0.70710678 0.70710678
vn 0.00000000 0.70710678 0.70710678
vn 0.00000000 -0.70710678 0.70710678
vn 0.00000000 0.70710678 0.70710678
vn 0.02865790 0.71647100 0.69702800
vn 0.02865790 -0.71647100 0.69702800
vn 0.02865790 0.71647100 0.69702800
vn 0.05335059 0.70557385 0.70662526
vn 0.05335059 -0.70557385 0.70662526
vn 0.05335059 0.70557385 0.70662526
vn 0.07153905 0.71482661 0.69563287
vn 0.07153905 -0.71482661 0.69563287
vn 0.07153905 0.71482661 0.69563287
vn 0.10888282 0.71143961 0.69426092
vn 0.10888282 -0.71143961 0.69426092
vn 0.10888282 0.71143961 0.69426092
vn 0.11581492 0.70469811 0.69999106
vn 0.11581492 -0.70469811 0.69999106
vn 0.11581492 0.70469811 0.69999106
vn 0.18220510 0.73476339 0.65339427
vn 0.18220510 -0.73476339 0.65339427
vn 0.18220510 0.73476339 0.65339427
vn 0.27922761 0.71112223 0.64524191
vn 0.27922761 -0.71112223 0.64524191
vn 0.27922761 0.71112223 0.64524191
vn 0.29122471 0.70666770 0.64483248
vn 0.29122471 -0.70666770 0.64483248
vn 0.29122471 0.70666770 0.64483248
vn 0.29229895 0.70813509 0.64273324
vn 0.29229895 -0.70813509 0.64273324
vn 0.29229895 0.70813509 0.64273324
vn 0.30015797 0.70897026 0.63817424
vn 0.30015797 -0.70897026 0.63817424
vn 0.30015797 0.70897026 0.63817424
vn 0.31006958 0.70872123 0.63369636
vn 0.31006958 -0.70872123 0.63369636
vn 0.31006958 0.70872123 0.63369636
vn 0.31994099 0.70907942 0.62836625
vn 0.31994099 -0.70907942 0.62836625
vn 0.31994099 0.70907942 0.62836625
vn 0.33072455 0.70901287 0.62283386
vn 0.33072455 -0.70901287 0.62283386
vn 0.33072455 0.70901287 0.62283386
vn 0.34108784 0.70896349 0.61727616
vn 0.34108784 -0.70896349 0.61727616
vn 0.34108784 0.70896349 0.61727616
vn 0.35804142 0.71212170 0.60389488
vn 0.35804142 -0.71212170 0.60389488
vn 0.35804142 0.71212170 0.60389488
vn 0.37695870 0.70850720 0.59659005
vn 0.37695870 -0.70850720 0.59659005
vn 0.37695870 0.70850720 0.59659005
vn 0.39449526 0.71355048 0.57898118
vn 0.39449526 -0.71355048 0.57898118
vn 0.39449526 0.71355048 0.57898118
vn 0.41780386 0.70876961 0.56840617
vn 0.41780386 -0.70876961 0.56840617
vn 0.41780386 0.70876961 0.56840617
vn 0.43981001 0.71640892 0.54159525
vn 0.43981001 -0.71640892 0.54159525
vn 0.43981001 0.71640892 0.54159525
vn 0.48171694 0.71587076 0.50544815
vn 0.48171694 0.71587076 0.50544815
vn 0.48171694 -0.71587076 0.50544815
vn 0.51764474 0.71468683 0.47038991
vn 0.51764474 0.71468683 0.47038991
vn 0.51764474 -0.71468683 0.47038991
vn 0.55344077 0.72012033 0.41848538
vn 0.55344077 0.72012033 0.41848538
vn 0.55344077 -0.72012033 0.41848538
vn 0.60110246 0.72696229 0.33196634
vn 0.60110246 0.72696229 0.33196634
vn 0.60110246 -0.72696229 0.33196634
vn 0.64858533 0.73170729 0.20962231
vn 0.64858533 0.73170729 0.20962231
vn 0.64858533 -0.73170729 0.20962231
vn 0.67456869 0.73611143 0.05565101
vn 0.67456869 0.73611143 0.05565101
vn 0.67456869 -0.73611143 0.05565101
vn 0.70562308 0.70786300 -0.03203203
vn 0.70562308 0.70786300 -0.03203203
vn 0.70562308 -0.70786300 -0.03203203
vn 0.67582336 0.73013485 -0.10082599
vn 0.67582336 0.73013485 -0.10082599
vn 0.67582336 -0.73013485 -0.10082599
vn 0.67610793 0.71244798 -0.18787213
vn 0.67610793 0.71244798 -0.18787213
vn 0.67610793 -0.71244798 -0.18787213
vn 0.63710186 0.72717446 -0.25557490
vn 0.63710186 0.72717446 -0.25557490
vn 0.63710186 -0.72717446 -0.25557490
vn 0.61560853 0.71368032 -0.33419538
vn 0.61560853 0.71368032 -0.33419538
vn 0.61560853 -0.71368032 -0.33419538
vn 0.56402216 0.72613430 -0.39320222
vn 0.56402216 0.72613430 -0.39320222
vn 0.56402216 -0.72613430 -0.39320222
vn 0.52509894 0.71418399 -0.46283078
vn 0.52509894 0.71418399 -0.46283078
vn 0.52509894 -0.71418399 -0.46283078
vn 0.48973312 0.71610652 -0.49734588
vn 0.48973312 0.71610652 -0.49734588
vn 0.48973312 -0.71610652 -0.49734588
vn 0.44331195 0.71799882 -0.53661179
vn 0.44331195 0.71799882 -0.53661179
vn 0.44331195 -0.71799882 -0.53661179
vn 0.41059989 0.71137365 -0.57039921
vn 0.41059989 -0.71137365 -0.57039921
vn 0.41059989 0.71137365 -0.57039921
vn 0.37374662 0.71620331 -0.58937788
vn 0.37374662 -0.71620331 -0.58937788
vn 0.37374662 0.71620331 -0.58937788
vn 0.33839958 0.71214718 -0.61508708
vn 0.33839958 -0.71214718 -0.61508708
vn 0.33839958 0.71214718 -0.61508708
vn 0.31752259 0.71002985 -0.62851970
vn 0.31752259 -0.71002985 -0.62851970
vn 0.31752259 0.71002985 -0.62851970
vn 0.29072110 0.71326766 -0.63775425
vn 0.29072110 -0.71326766 -0.63775425
vn 0.29072110 0.71326766 -0.63775425
vn 0.26140396 0.71149773 -0.65225682
vn 0.26140396 -0.71149773 -0.65225682
vn 0.26140396 0.71149773 -0.65225682
vn 0.24098697 0.70993920 -0.66174891
vn 0.24098697 -0.70993920 -0.66174891
vn 0.24098697 0.70993920 -0.66174891
vn 0.22149646 0.71080592 -0.66760338
vn 0.22149646 -0.71080592 -0.66760338
vn 0.22149646 0.71080592 -0.66760338
vn 0.20456041 0.70926944 -0.67460499
vn 0.20456041 -0.70926944 -0.67460499
vn 0.20456041 0.70926944 -0.67460499
vn 0.18649549 0.71083435 -0.67818431
vn 0.18649549 -0.71083435 -0.67818431
vn 0.18649549 0.71083435 -0.67818431
vn 0.17265547 0.70819485 -0.68458027
vn 0.17265547 -0.70819485 -0.68458027
vn 0.17265547 0.70819485 -0.68458027
vn -0.04138349 0.78230221 -0.62152285
vn -0.04138349 -0.78230221 -0.62152285
vn -0.04138349 0.78230221 -0.62152285
vn -0.71491866 0.69868265 -0.02708997
vn -0.71939990 0.69308520 0.04578954
vn -0.70598419 0.70589748 -0.05740266
vn -0.29588677 0.91902340 -0.26047457
vn -0.69733048 0.70565723 -0.12561085
vn -0.71048286 0.69763981 -0.09226478
vn -0.34425249 0.70081663 -0.62477698
vn -0.35813489 0.72311545 -0.59062970
vn -0.48994886 0.70710678 -0.50985303
vn -0.55001847 0.74097922 0.38526547
vn -0.55493543 0.69403473 0.45865288
vn -0.45194830 0.75274491 0.47866255
vn -0.24947558 0.75109999 0.61123706
vn -0.22408047 0.71293031 -0.66446844
vn -0.06919290 0.73055257 0.67934180
vn 0.00000000 0.70710678 0.70710678
vn 0.00000000 0.70710678 0.70710678
vn 0.00000000 0.70710678 0.70710678
vn 0.00000000 0.70710678 0.70710678
vn -0.06444515 0.70710678 -0.70416392
vn -0.58095449 0.70711855 -0.40308217
vn 0.04710478 0.72277522 0.68947597
vn 0.10510806 0.71014004 0.69617054
vn 0.11493692 0.70710678 0.69770302
vn -0.40651058 0.81288739 0.41708900
vn -0.01557773 0.73642659 0.67633809
vn 0.10601004 0.70409849 0.70214471
vn 0.10510806 0.71014004 0.69617054
vn -0.57215100 0.69888194 -0.42919373
vn 0.12665264 0.72617634 0.67574184
vn 0.11493692 0.70710678 0.69770302
vn 0.26347523 0.77053534 0.58039305
vn 0.34883430 0.78953009 0.50493253
vn 0.58969415 0.73056051 0.34429952
vn 0.44956215 0.70710678 0.54579655
vn 0.44956215 0.70710678 0.54579655
vn 0.46423848 0.71581365 0.52162578
vn 0.66377694 0.69106408 0.28606052
vn 0.45762425 0.68913255 0.56185085
vn 0.63358740 0.72388581 0.27305007
vn 0.43688594 0.72765931 0.52881244
vn 0.65154031 0.69653966 0.30054571
vn 0.65544587 0.70711697 0.26528530
vn 0.50935305 0.71574223 0.47777875
vn 0.57280926 0.77766135 0.25909915
vn -0.58097383 0.70709501 -0.40309559
vn 0.66820803 0.71154752 0.21725138
vn 0.66805634 0.70709900 0.23175791
vn 0.63346348 0.76964748 -0.07979212
vn 0.71453621 0.62777170 0.30877288
vn 0.48956777 0.86731546 0.08992932
vn -0.67001689 0.70908067 0.21973161
vn 0.00000000 0.72820762 -0.68535659
vn 0.54322738 0.71452705 -0.44085724
vn 0.53421515 0.70710678 -0.46326470
vn 0.27284852 0.80153083 -0.53207332
vn 0.58037894 0.72653795 -0.36783541
vn 0.62227559 0.69987748 -0.35063457
vn 0.50498002 0.71747943 -0.47981086
vn 0.64645679 0.71776064 0.25867602
vn 0.66804164 0.70711456 0.23175281
vn 0.56768069 0.69517213 -0.44099246
vn 0.63204723 0.71797801 0.29158856
vn 0.66379334 0.69105666 0.28604038
vn 0.63204723 0.71797801 0.29158856
vn 0.35500826 0.72158512 -0.59437703
vn 0.15185725 0.76412976 -0.62693308
vn 0.65653154 0.71286164 0.24656565
vn 0.65544331 0.70710678 0.26531881
vn 0.41912543 0.71704943 -0.55693266
vn 0.67310080 0.72367410 0.15241753
vn 0.59863913 0.70031297 -0.38883536
vn 0.70476922 0.69123851 0.15965481
vn 0.67163354 0.72722481 0.14160675
vn 0.70197467 0.70708945 0.08518258
vn 0.69171943 0.72095315 0.04184243
vn 0.47031000 0.71985556 -0.51050610
vn 0.54655998 0.74456556 -0.38326794
vn 0.64699195 0.72230071 -0.24430126
vn -0.74027080 0.63261378 0.22759383
vn -0.06444071 0.70710532 -0.70416579
vn -0.29285628 0.72801144 -0.61986655
vn -0.12256372 0.72751732 -0.67505309
vn 0.51982076 0.69702037 -0.49391191
vn -0.65931867 0.69110183 -0.29610328
vn -0.64890520 0.71466195 -0.26111365
vn -0.66959177 0.69646879 -0.25802729
vn -0.69884813 0.69221898 -0.18012263
vn -0.71852778 0.68926558 -0.09290204
vn -0.43884365 0.72445483 -0.53158391
vn -0.19696751 0.71068325 -0.67537628
vn -0.53633343 0.69709251 -0.47582401
vn 0.56834183 0.71193030 -0.41248371
vn 0.55518511 0.72658436 -0.40477730
vn 0.57609952 0.70234609 -0.41811399
vn 0.60445597 0.70710678 -0.36692367
vn 0.61287873 0.72066283 -0.32407522
vn 0.64086042 0.70124277 -0.31234035
vn 0.62252221 0.69977655 -0.35039817
vn 0.67489467 0.69253662 -0.25477482
vn 0.61287873 0.72066283 -0.32407522
vn 0.64521791 0.71190699 -0.27727656
vn -0.61289471 0.69475154 -0.37640454
vn -0.62227108 0.70710678 -0.33582541
vn -0.52801462 0.72332367 -0.44497576
vn -0.58798957 0.72754999 -0.35346751
vn -0.78586281 -0.61806290 -0.02044241
vn -0.17269265 0.98494041 -0.00834508
vn -0.78778811 -0.01439546 -0.61577810
vn 0.15185725 0.76412976 -0.62693308
vn 0.35500826 -0.72158512 -0.59437703
vn 0.35500826 0.72158512 -0.59437703
vn 0.15185725 -0.76412976 -0.62693308
vn 0.41912543 -0.71704943 -0.55693266
vn 0.41912543 0.71704943 -0.55693266
vn -0.29588677 0.91902340 -0.26047457
vn -0.29588677 -0.91902340 -0.26047457
vn 0.47031000 -0.71985556 -0.51050610
vn 0.47031000 0.71985556 -0.51050610
vn -0.71939990 -0.69308520 0.04578954
vn -0.71939990 0.69308520 0.04578954
vn -0.71491866 -0.69868265 -0.02708997
vn -0.71491866 0.69868265 -0.02708997
vn -0.70598419 -0.70589748 -0.05740266
vn -0.70598419 0.70589748 -0.05740266
vn 0.54655998 0.74456556 -0.38326794
vn 0.54655998 -0.74456556 -0.38326794
vn -0.71048286 -0.69763981 -0.09226478
vn -0.71048286 0.69763981 -0.09226478
vn -0.69733048 -0.70565723 -0.12561085
vn -0.69733048 0.70565723 -0.12561085
vn -0.69884813 -0.69221898 -0.18012263
vn -0.69884813 0.69221898 -0.18012263
vn 0.48956777 0.86731546 0.08992932
vn 0.48956777 -0.86731546 0.08992932
vn -0.66959177 -0.69646879 -0.25802729
vn -0.66959177 0.69646879 -0.25802729
vn -0.64890520 -0.71466195 -0.26111365
vn -0.64890520 0.71466195 -0.26111365
vn -0.65931867 -0.69110183 -0.29610328
vn -0.65931867 0.69110183 -0.29610328
vn -0.62227108 -0.70710678 -0.33582541
vn -0.62227108 0.70710678 -0.33582541
vn -0.61289471 -0.69475154 -0.37640454
vn -0.61289471 0.69475154 -0.37640454
vn -0.58095449 -0.70711855 -0.40308217
vn -0.58095449 0.70711855 -0.40308217
vn 0.71453621 -0.62777170 0.30877288
vn 0.71453621 0.62777170 0.30877288
vn -0.58097383 -0.70709501 -0.40309559
vn -0.58097383 0.70709501 -0.40309559
vn 0.69171943 0.72095315 0.04184243
vn 0.69171943 -0.72095315 0.04184243
vn -0.57215100 -0.69888194 -0.42919373
vn -0.57215100 0.69888194 -0.42919373
vn 0.70197467 0.70708945 0.08518258
vn 0.70197467 -0.70708945 0.08518258
vn -0.53633343 -0.69709251 -0.47582401
vn -0.53633343 0.69709251 -0.47582401
vn 0.67163354 0.72722481 0.14160675
vn 0.67163354 -0.72722481 0.14160675
vn -0.52801462 -0.72332367 -0.44497576
vn -0.52801462 0.72332367 -0.44497576
vn 0.70476922 0.69123851 0.15965481
vn 0.70476922 -0.69123851 0.15965481
vn -0.58804163 -0.72761174 -0.35325373
vn -0.59475836 0.77819998 -0.20166131
vn 0.67310080 0.72367410 0.15241753
vn 0.67310080 -0.72367410 0.15241753
vn -0.77946753 0.62588635 -0.02639426
vn -0.73405564 0.63134202 -0.25013912
vn -0.53512623 0.84099251 -0.07982180
vn 0.66820803 0.71154752 0.21725138
vn 0.66820803 -0.71154752 0.21725138
vn -0.33836414 -0.83736803 0.42933028
vn -0.33836414 0.83736803 0.42933028
vn 0.66805634 0.70709900 0.23175791
vn 0.66805634 -0.70709900 0.23175791
vn 0.65653154 0.71286164 0.24656565
vn 0.65653154 -0.71286164 0.24656565
vn 0.65544331 0.70710678 0.26531881
vn 0.65544331 -0.70710678 0.26531881
vn -0.01557773 0.73642659 0.67633809
vn -0.01557773 -0.73642659 0.67633809
vn 0.63204723 0.71797801 0.29158856
vn 0.63204723 -0.71797801 0.29158856
vn 0.65154031 0.69653966 0.30054571
vn 0.65154031 -0.69653966 0.30054571
vn 0.65544587 0.70711697 0.26528530
vn 0.65544587 -0.70711697 0.26528530
vn 0.12665264 0.72617634 0.67574184
vn 0.12665264 -0.72617634 0.67574184
vn 0.63204723 0.71797801 0.29158856
vn 0.63204723 -0.71797801 0.29158856
vn 0.66379334 0.69105666 0.28604038
vn 0.66379334 -0.69105666 0.28604038
vn 0.66804164 0.70711456 0.23175281
vn 0.66804164 -0.70711456 0.23175281
vn 0.63358740 0.72388581 0.27305007
vn 0.63358740 -0.72388581 0.27305007
vn 0.34883430 0.78953009 0.50493253
vn 0.34883430 -0.78953009 0.50493253
vn 0.66377694 0.69106408 0.28606052
vn 0.66377694 -0.69106408 0.28606052
vn 0.64645679 0.71776064 0.25867602
vn 0.64645679 -0.71776064 0.25867602
vn 0.58969415 0.73056051 0.34429952
vn 0.58969415 -0.73056051 0.34429952
vn 0.43688594 0.72765931 0.52881244
vn 0.43688594 -0.72765931 0.52881244
vn 0.45762425 0.68913255 0.56185085
vn 0.45762425 -0.68913255 0.56185085
vn 0.50935305 -0.71574223 0.47777875
vn 0.50935305 0.71574223 0.47777875
vn 0.46423848 0.71581365 0.52162578
vn 0.46423848 -0.71581365 0.52162578
vn 0.57280926 0.77766135 0.25909915
vn 0.57280926 -0.77766135 0.25909915
vn 0.44956215 0.70710678 0.54579655
vn 0.44956215 -0.70710678 0.54579655
vn 0.63346348 0.76964748 -0.07979212
vn 0.63346348 -0.76964748 -0.07979212
vn 0.44956215 -0.70710678 0.54579655
vn 0.44956215 0.70710678 0.54579655
vn 0.64521791 0.71190699 -0.27727656
vn 0.64521791 -0.71190699 -0.27727656
vn 0.26347523 0.77053534 0.58039305
vn 0.26347523 -0.77053534 0.58039305
vn 0.67489467 0.69253662 -0.25477482
vn 0.67489467 -0.69253662 -0.25477482
vn 0.11493692 0.70710678 0.69770302
vn 0.11493692 -0.70710678 0.69770302
vn 0.64699195 0.72230071 -0.24430126
vn 0.64699195 -0.72230071 -0.24430126
vn 0.10510806 0.71014004 0.69617054
vn 0.10510806 -0.71014004 0.69617054
vn 0.61287873 0.72066283 -0.32407522
vn 0.61287873 -0.72066283 -0.32407522
vn 0.10601004 0.70409849 0.70214471
vn 0.10601004 -0.70409849 0.70214471
vn 0.62252221 0.69977655 -0.35039817
vn 0.62252221 -0.69977655 -0.35039817
vn 0.11493692 0.70710678 0.69770302
vn 0.11493692 -0.70710678 0.69770302
vn 0.64086042 0.70124277 -0.31234035
vn 0.64086042 -0.70124277 -0.31234035
vn 0.10510806 0.71014004 0.69617054
vn 0.10510806 -0.71014004 0.69617054
vn 0.61287873 0.72066283 -0.32407522
vn 0.61287873 -0.72066283 -0.32407522
vn 0.04710478 0.72277522 0.68947597
vn 0.04710478 -0.72277522 0.68947597
vn 0.60445597 0.70710678 -0.36692367
vn 0.60445597 -0.70710678 -0.36692367
vn 0.00000000 0.70710678 0.70710678
vn 0.00000000 -0.70710678 0.70710678
vn 0.62227559 0.69987748 -0.35063457
vn 0.62227559 -0.69987748 -0.35063457
vn 0.00000000 0.70710678 0.70710678
vn 0.00000000 -0.70710678 0.70710678
vn 0.58037894 0.72653795 -0.36783541
vn 0.58037894 -0.72653795 -0.36783541
vn 0.00000000 0.70710678 0.70710678
vn 0.00000000 -0.70710678 0.70710678
vn 0.57609952 0.70234609 -0.41811399
vn 0.57609952 -0.70234609 -0.41811399
vn 0.00000000 -0.70710678 0.70710678
vn 0.00000000 0.70710678 0.70710678
vn 0.59863913 0.70031297 -0.38883536
vn 0.59863913 -0.70031297 -0.38883536
vn -0.06999525 -0.73127818 0.67847836
vn -0.07034062 0.73314092 0.67642930
vn 0.55518511 0.72658436 -0.40477730
vn 0.55518511 -0.72658436 -0.40477730
vn -0.47421976 -0.86210630 0.17857310
vn -0.76242383 -0.32560733 0.55918670
vn -0.46345897 -0.01500959 0.88599125
vn -0.24798694 -0.75121343 0.61170325
vn -0.94368300 0.17640784 -0.27989759
vn 0.56768069 0.69517213 -0.44099246
vn 0.56768069 -0.69517213 -0.44099246
vn 0.56834183 0.71193030 -0.41248371
vn 0.56834183 -0.71193030 -0.41248371
vn 0.54322738 0.71452705 -0.44085724
vn 0.54322738 -0.71452705 -0.44085724
vn -0.45276358 -0.75227042 0.47863802
vn -0.83569117 -0.50386321 -0.21849974
vn -0.92822671 -0.28944102 0.23370722
vn 0.53421515 0.70710678 -0.46326470
vn 0.53421515 -0.70710678 -0.46326470
vn 0.50498002 0.71747943 -0.47981086
vn 0.50498002 -0.71747943 -0.47981086
vn -0.88918611 -0.43075431 -0.15426855
vn -0.97180424 -0.22407912 0.07338304
vn -0.55503976 -0.69412704 0.45838686
vn 0.51982076 0.69702037 -0.49391191
vn 0.51982076 -0.69702037 -0.49391191
vn -0.97448315 -0.21939742 0.04740646
vn -0.95024656 -0.26222796 0.16813084
vn -0.54996671 -0.73901673 0.38908983
vn 0.27284852 0.80153083 -0.53207332
vn 0.27284852 -0.80153083 -0.53207332
vn -0.38293885 -0.92196870 -0.05771962
vn -0.99044455 -0.09260565 -0.10219484
vn 0.00000000 0.72820762 -0.68535659
vn -0.00000000 -0.72820762 -0.68535659
vn -0.06444515 0.70710678 -0.70416392
vn -0.06444515 -0.70710678 -0.70416392
vn -0.06444071 0.70710532 -0.70416579
vn -0.06444071 -0.70710532 -0.70416579
vn -0.12256372 0.72751732 -0.67505309
vn -0.12256372 -0.72751732 -0.67505309
vn -0.19696751 0.71068325 -0.67537628
vn -0.19696751 -0.71068325 -0.67537628
vn -0.22408047 0.71293031 -0.66446844
vn -0.22408047 -0.71293031 -0.66446844
vn -0.29285628 0.72801144 -0.61986655
vn -0.29285628 -0.72801144 -0.61986655
vn -0.34425249 0.70081663 -0.62477698
vn -0.34425249 -0.70081663 -0.62477698
vn -0.35813489 0.72311545 -0.59062970
vn -0.35813489 -0.72311545 -0.59062970
vn -0.43884365 0.72445483 -0.53158391
vn -0.43884365 -0.72445483 -0.53158391
vn -0.48994886 -0.70710678 -0.50985303
vn -0.48210746 0.70576293 -0.51910605
vn -0.78325186 -0.26216278 0.56372618
vn -0.32298104 -0.66775859 0.67065767
vn -0.30829933 -0.74839675 0.58724257
vn -0.98461884 0.05778351 0.16488420
vn -0.63013417 -0.73046466 0.26334828
vn -0.97796207 0.15845059 0.13595443
vn -0.66991701 -0.70915030 0.21981140
vn -0.51490215 -0.84693457 -0.13258061
vn -0.99300184 -0.07296025 -0.09286625
vn -0.99462569 0.00434416 -0.10344495
vn -0.93169353 -0.04336841 0.36064712
vn -0.40486326 0.91361777 0.03725998
vn -0.77656984 0.62984470 0.01532791
vn -0.85825586 -0.30584999 0.41213185
vn -0.66962808 -0.71241166 0.20992349
vn -0.96820207 0.00229773 0.25015889
vn -0.96458515 -0.02509919 0.26257480
vn -0.92743300 -0.07875579 0.36560301
vn 0.03742624 -0.89293953 -0.44861819
vn 0.00000000 -1.00000000 0.00000000
vn 0.00000000 -1.00000000 0.00000000
vn 0.00000000 0.00000000 0.00000000
vn 0.00000000 -1.00000000 0.00000000
vn 0.00000000 -1.00000000 0.00000000
vn -0.48251432 -0.81498627 0.32090077
vn 0.00000000 -1.00000000 0.00000000
vn 0.00000000 -1.00000000 0.00000000
vn 0.00000000 -1.00000000 0.00000000
vn -0.12384564 -0.84754338 -0.51607410
vn 0.52635847 -0.35713327 0.77162335
vn 0.54362176 -0.35425913 0.76090463
vn 0.54370811 -0.35430891 0.76081975
vn 0.99999992 -0.00035244 -0.00016650
vn 0.66291859 -0.33081426 -0.67164043
vn -0.25535159 0.48457438 -0.83665001
vn -0.17835411 0.61629362 -0.76705409
vn -0.32976296 0.51525077 -0.79105817
vn 0.00000000 -1.00000000 0.00000000
vn 0.00000000 -1.00000000 0.00000000
vn 0.00000000 -1.00000000 0.00000000
vn 0.00000000 -1.00000000 0.00000000
vn -0.35701275 0.59467449 -0.72035002
vn -0.45147124 0.49953383 -0.73935084
vn -0.35677421 0.55159241 -0.75396152
vn 0.00000000 0.00000000 0.00000000
vn 0.00000000 -0.00000000 0.00000000
vn 0.00000000 0.00000000 0.00000000
vn 0.00000000 -1.00000000 0.00000000
vn 0.00000000 -0.00000000 0.00000000
vn 0.00000000 -1.00000000 0.00000000
vn 0.00000000 -1.00000000 0.00000000
vn -0.42283119 0.54062110 -0.72728441
vn -0.48581214 0.55025916 -0.67911812
vn -0.53779360 0.53336665 -0.65291504
vn -0.48225745 0.51125553 -0.71136877
vn -0.37246276 0.52352160 -0.76628756
vn -0.41344196 0.57275732 -0.70782399
vn -0.45240459 0.49883279 -0.73925364
vn -0.44721474 0.58746537 -0.67445045
vn -0.65823485 0.56347306 -0.49922439
vn -0.65198632 0.49599625 -0.57349940
vn 0.00000000 0.00000000 0.00000000
vn 0.00000000 -1.00000000 0.00000000
vn 0.00000000 -1.00000000 0.00000000
vn 0.00000000 -1.00000000 0.00000000
vn -0.90603924 0.01341215 0.42298110
vn 0.00000000 -1.00000000 0.00000000
vn 0.00000000 -0.00000000 0.00000000
vn 0.00000000 -0.00000000 0.00000000
vn 0.00000000 -0.00000000 0.00000000
vn -0.90056064 0.01247822 0.43455128
vn 0.00000000 0.00000000 0.00000000
vn 0.00000000 -1.00000000 0.00000000
vn 0.00000000 -1.00000000 0.00000000
vn -0.23718762 0.91111399 0.33706575
vn -0.61320129 0.56931119 0.54760291
vn 0.00000000 -1.00000000 0.00000000
vn 0.00000000 -1.00000000 0.00000000
vn 0.00000000 -1.00000000 0.00000000
vn -0.74709043 0.63348846 0.20136597
vn -0.76728632 0.62015028 0.16335644
vn -0.80860408 0.57908050 0.10404425
vn 0.00000000 0.00000000 0.00000000
vn -0.80872591 0.58349446 0.07413923
vn -0.76435487 0.63832154 0.09114406
vn -0.79765747 0.60311073 0.00000000
vn -0.46956047 0.67402970 -0.57026040
vn -0.47844352 0.87663999 -0.05093254
vn -0.46963777 0.67395910 -0.57028020
vn -0.51953455 0.57628044 0.63086029
vn -0.59784800 0.54791558 0.58512075
vn -0.58634609 -0.76008630 0.28011974
vn -0.79689179 0.47404361 0.37449450
vn -0.52077059 0.57363786 0.63224805
vn -0.52077059 0.57363786 0.63224805
vn -0.44082664 0.54680084 0.71181509
vn -0.39217506 0.62242305 0.67733911
vn -0.56627737 0.59714773 0.56810609
vn -0.64602323 0.52618059 0.55298099
vn -0.59528223 0.60989911 0.52312727
vn -0.52223971 0.56973577 0.63456035
vn -0.52376909 0.57139717 0.63179998
vn 0.00000000 -1.00000000 0.00000000
vn -0.75783824 0.55811964 0.33791074
vn -0.61867884 0.63610187 0.46109749
vn -0.67411630 0.51817191 0.52636972
vn 0.00000000 1.00000000 0.00000000
vn -0.60531264 -0.77324872 0.18889952
vn -0.81725280 0.50395485 0.27951272
vn -0.79251203 0.47901724 0.37744824
vn -0.81022716 0.58611598 0.00000000
vn -0.81022716 0.58611598 0.00000000
vn 0.00000000 -1.00000000 0.00000000
vn -0.81022716 0.58611598 0.00000000
vn -0.81689053 0.57510276 -0.04412112
vn 0.00000000 -0.00000000 0.00000000
vn -0.60340665 -0.79640168 -0.04055591
vn 0.00000000 -1.00000000 0.00000000
vn -0.81637744 0.57612978 -0.04002933
vn -0.79924848 0.57163659 -0.18556258
vn 0.00000000 -1.00000000 0.00000000
vn -0.73858045 0.64223199 -0.20502925
vn -0.79723329 0.58267694 -0.15781844
vn 0.00000000 -1.00000000 0.00000000
vn -0.76004235 0.62558384 -0.17601276
vn -0.73529017 0.63657888 -0.23262780
vn -0.79331112 0.57699030 -0.19426699
vn 0.00000000 -1.00000000 0.00000000
vn -0.73082333 0.63368655 -0.25365057
vn -0.72432138 0.62407888 -0.29305989
vn -0.77666809 0.59016843 -0.22019968
vn 0.00000000 0.00000000 0.00000000
vn -0.75920647 0.60244356 -0.24630730
vn -0.72082533 0.62184106 -0.30614463
vn 0.00000000 0.00000000 0.00000000
vn 0.00000000 -1.00000000 0.00000000
vn -0.55478439 0.76629383 -0.32404945
vn -0.81441532 0.55553670 -0.16765039
vn -0.65517856 0.60339826 -0.45458947
vn 0.00000000 0.00000000 0.00000000
vn 0.00000000 -1.00000000 0.00000000
vn -0.70983938 0.61572460 -0.34206911
vn -0.69052009 0.64533793 -0.32668174
vn 0.00000000 -1.00000000 0.00000000
vn -0.61791372 0.66471576 -0.41992331
vn -0.64463079 0.64395126 -0.41204115
vn 0.00000000 0.00000000 0.00000000
vn 0.00000000 -1.00000000 0.00000000
vn -0.64256248 0.64153482 -0.41898273
vn 0.00000000 -0.00000000 0.00000000
vn -0.62449877 -0.68448412 -0.37614197
vn -0.58087340 0.64077558 -0.50198880
vn 0.00000000 -1.00000000 0.00000000
vn -0.57523198 0.62439247 -0.52843373
vn -0.56940540 0.69045339 -0.44615200
vn -0.80538459 0.53883175 -0.24701419
vn -0.24030137 0.90585165 -0.34883812
vn -0.69549306 0.52427870 -0.49134636
vn 0.00000000 -1.00000000 0.00000000
vn 0.00000000 -1.00000000 0.00000000
vn -0.75530969 0.52993608 -0.38558400
vn -0.31583050 0.75916389 -0.56914082
vn -0.62919768 -0.67961356 -0.37714147
vn -0.45449799 0.69925712 -0.55178897
vn -0.79330563 0.53417103 -0.29210870
vn -0.60030279 -0.64800307 -0.46875215
vn 0.00000000 0.00000000 0.00000000
vn 0.00000000 0.00000000 0.00000000
vn -0.78932787 0.53938848 -0.29329436
vn -0.45334469 0.70023117 -0.55150241
vn -0.63120104 -0.67689745 -0.37867544
vn 0.00000000 -1.00000000 0.00000000
vn 0.00000000 -1.00000000 0.00000000
vn -0.43592727 0.69361976 -0.57346234
vn -0.34753909 0.70703871 -0.61588379
vn -0.30924016 0.76402514 -0.56624740
vn -0.45368172 0.70056728 -0.55079796
vn -0.31038563 0.67247441 -0.67189205
vn -0.14317412 0.83609248 -0.52957582
vn -0.45286275 0.70187694 -0.54980368
vn -0.45219393 0.70123149 -0.55117605
vn 0.00000000 -1.00000000 0.00000000
vn 0.00000000 -0.00000000 0.00000000
vn 0.00000000 0.00000000 0.00000000
vn -0.39960408 0.68512978 -0.60902690
vn 0.00000000 -1.00000000 0.00000000
vn 0.00000000 0.00000000 0.00000000
vn 0.00000000 -1.00000000 0.00000000
vn -0.25370325 0.74643347 -0.61520056
vn -0.16621522 0.72981670 -0.66312901
vn -0.45944301 -0.56296952 -0.68700615
vn 0.00000000 -1.00000000 0.00000000
vn 0.00000000 -0.00000000 0.00000000
vn 0.00000000 -1.00000000 0.00000000
vn -0.70266033 0.51944491 -0.48625656
vn -0.06041050 0.81060186 -0.58247335
vn -0.25334940 0.78921624 -0.55942096
vn -0.31116783 0.67631848 -0.66765851
vn -0.13850524 0.83894902 -0.52628970
vn -0.42110577 0.69023916 -0.58842147
vn 0.00000000 -1.00000000 0.00000000
vn -0.28191345 0.71908284 -0.63517295
vn -0.33236925 0.91509101 -0.22833991
vn -0.74635864 0.52484101 0.40925628
vn 0.00000000 -1.00000000 0.00000000
vn -0.69777538 0.56469104 0.44071935
vn 0.00000000 -1.00000000 0.00000000
vn -0.58455056 0.56228083 0.58492813
vn -0.40603589 0.58669391 0.70066049
vn -0.31612711 0.55660110 0.76828306
vn 0.00000000 -1.00000000 0.00000000
vn -0.36804215 0.53889648 0.75771733
vn -0.48385232 0.52172012 0.70263436
vn 0.00000000 -1.00000000 0.00000000
vn 0.00000000 -1.00000000 0.00000000
vn -0.19279179 0.52994868 0.82582427
vn -0.45331880 0.51093430 0.73037539
vn -0.21117187 0.66752267 0.71401676
vn -0.26100321 -0.80109888 0.53862595
vn 0.00000000 0.00000000 0.00000000
vn -0.36566125 0.51882273 0.77273205
vn -0.18324466 0.65310060 0.73476595
vn 0.00000000 -0.00000000 0.00000000
vn 0.00000000 0.00000000 0.00000000
vn 0.00000000 -1.00000000 0.00000000
vn 0.00000000 -1.00000000 0.00000000
vn -0.19138206 0.52826930 0.82722697
vn 0.00000000 -1.00000000 0.00000000
vn 0.00000000 -0.00000000 0.00000000
vn 0.00000000 1.00000000 0.00000000
vn -0.35351470 0.71345359 -0.60498870
vn -0.37717002 0.71009790 -0.59456181
vn -0.39007856 0.70526923 -0.59197469
vn -0.39007856 0.70526923 -0.59197469
vn -0.39729597 0.70856100 -0.58317856
vn -0.41255989 0.71927097 -0.55896656
vn -0.40254142 0.70230268 -0.58713827
vn 0.13979335 0.70441125 -0.69588980
vn 0.10397111 0.71999509 -0.68614655
vn -0.12921321 0.78813100 -0.60179189
vn 0.08143810 0.70524621 -0.70426957
vn 0.08245865 0.70437282 -0.70502446
vn 0.20227628 -0.71716403 -0.66690334
vn 0.12651064 -0.72931457 -0.67238033
vn 0.07587390 -0.70711239 -0.70301864
vn 0.11768932 -0.69184005 -0.71239495
vn 0.11343272 -0.72361217 -0.68082189
vn -0.10295135 -0.77249988 -0.62661388
vn -0.36021120 -0.71627351 -0.59766223
vn -0.36959973 -0.69809614 -0.61323554
vn -0.38805903 -0.70893957 -0.58890990
vn -0.38805903 -0.70893957 -0.58890990
vn -0.41103033 -0.72026255 -0.55881655
vn -0.42678642 -0.69533436 -0.57824171
vn -0.41255989 -0.71927097 -0.55896656
vn 0.00000000 -0.00000000 0.00000000
f 1//1 2//2 3//3
f 4//4 5//5 6//6
f 1//1 4//4 2//2
f 7//7 8//8 4//4
f 9//9 10//10 11//11
f 12//12 13//13 14//14
f 15//15 16//16 17//17
f 18//18 19//19 20//20
f 21//21 22//22 23//23
f 24//24 25//25 26//26
f 27//27 3//3 6//6
f 28//28 23//23 22//22
f 29//29 30//30 31//31
f 32//32 33//33 34//34
f 21//21 35//35 36//36
f 37//37 38//38 39//39
f 27//27 12//12 3//3
f 40//40 39//39 41//41
f 42//42 24//24 26//26
f 23//23 39//39 38//38
f 43//43 44//44 45//45
f 33//33 46//46 47//47
f 48//48 43//43 49//49
f 50//50 51//51 52//52
f 53//53 54//54 55//55
f 56//56 48//48 57//57
f 23//23 41//41 39//39
f 58//58 59//59 60//60
f 18//18 61//61 62//62
f 63//63 64//64 65//65
f 63//63 66//66 57//57
f 67//67 68//68 40//40
f 48//48 49//49 57//57
f 56//56 57//57 66//66
f 69//69 28//28 70//70
f 41//41 23//23 63//63
f 64//64 69//69 65//65
f 41//41 63//63 57//57
f 71//71 25//25 17//17
f 8//8 72//72 73//73
f 20//20 74//74 34//34
f 14//14 75//75 76//76
f 50//50 77//77 51//51
f 77//77 78//78 51//51
f 33//33 76//76 34//34
f 5//5 71//71 6//6
f 1//1 3//3 12//12
f 79//79 20//20 34//34
f 18//18 62//62 80//80
f 61//61 18//18 20//20
f 81//81 61//61 79//79
f 82//82 15//15 83//83
f 15//15 84//84 85//85
f 86//86 87//87 88//88
f 18//18 89//89 19//19
f 90//90 87//87 91//91
f 92//92 93//93 94//94
f 82//82 83//83 42//42
f 16//16 15//15 85//85
f 80//80 82//82 42//42
f 15//15 82//82 84//84
f 27//27 17//17 16//16
f 95//95 96//96 97//97
f 8//8 98//98 5//5
f 98//98 99//99 100//100
f 48//48 56//56 72//72
f 5//5 4//4 8//8
f 33//33 77//77 76//76
f 77//77 33//33 78//78
f 33//33 47//47 78//78
f 56//56 73//73 72//72
f 95//95 5//5 96//96
f 33//33 32//32 101//101
f 32//32 102//102 101//101
f 28//28 22//22 70//70
f 38//38 21//21 23//23
f 69//69 64//64 28//28
f 99//99 73//73 100//100
f 37//37 68//68 103//103
f 104//104 85//85 13//13
f 24//24 42//42 83//83
f 105//105 106//106 107//107
f 105//105 107//107 103//103
f 61//61 81//81 85//85
f 108//108 109//109 105//105
f 7//7 45//45 72//72
f 9//9 100//100 73//73
f 53//53 32//32 110//110
f 9//9 56//56 10//10
f 110//110 34//34 74//74
f 5//5 95//95 71//71
f 97//97 98//98 100//100
f 12//12 104//104 13//13
f 81//81 13//13 85//85
f 111//111 112//112 113//113
f 114//114 19//19 89//89
f 20//20 79//79 61//61
f 53//53 115//115 116//116
f 117//117 118//118 119//119
f 109//109 120//120 121//121
f 91//91 122//122 123//123
f 124//124 125//125 126//126
f 127//127 125//125 128//128
f 129//129 130//130 131//131
f 132//132 133//133 134//134
f 135//135 136//136 137//137
f 127//127 111//111 125//125
f 113//113 131//131 130//130
f 138//138 139//139 140//140
f 141//141 136//136 142//142
f 135//135 143//143 142//142
f 144//144 145//145 146//146
f 75//75 34//34 76//76
f 29//29 147//147 30//30
f 148//148 149//149 150//150
f 151//151 152//152 124//124
f 153//153 154//154 151//151
f 152//152 151//151 155//155
f 156//156 157//157 158//158
f 158//158 129//129 131//131
f 159//159 160//160 161//161
f 162//162 163//163 164//164
f 156//156 165//165 157//157
f 166//166 167//167 168//168
f 169//169 170//170 171//171
f 172//172 169//169 171//171
f 173//173 174//174 175//175
f 149//149 176//176 177//177
f 178//178 175//175 174//174
f 87//87 179//179 88//88
f 180//180 132//132 134//134
f 150//150 134//134 133//133
f 181//181 182//182 183//183
f 149//149 148//148 184//184
f 185//185 186//186 187//187
f 176//176 149//149 184//184
f 188//188 189//189 180//180
f 31//31 90//90 91//91
f 176//176 184//184 190//190
f 191//191 192//192 193//193
f 194//194 195//195 196//196
f 185//185 187//187 197//197
f 187//187 198//198 196//196
f 187//187 196//196 197//197
f 185//185 199//199 200//200
f 201//201 202//202 203//203
f 204//204 200//200 183//183
f 192//192 205//205 193//193
f 192//192 206//206 205//205
f 161//161 207//207 191//191
f 199//199 183//183 200//200
f 206//206 208//208 209//209
f 58//58 181//181 199//199
f 132//132 189//189 153//153
f 86//86 210//210 87//87
f 93//93 211//211 212//212
f 213//213 214//214 215//215
f 210//210 86//86 122//122
f 216//216 94//94 217//217
f 209//209 207//207 160//160
f 159//159 218//218 160//160
f 219//219 220//220 221//221
f 199//199 185//185 58//58
f 58//58 60//60 181//181
f 94//94 216//216 92//92
f 222//222 223//223 224//224
f 225//225 226//226 220//220
f 226//226 227//227 228//228
f 220//220 219//219 225//225
f 226//226 225//225 227//227
f 58//58 219//219 59//59
f 172//172 171//171 229//229
f 230//230 228//228 231//231
f 232//232 203//203 166//166
f 233//233 166//166 234//234
f 235//235 236//236 237//237
f 173//173 135//135 174//174
f 159//159 237//237 238//238
f 229//229 239//239 230//230
f 230//230 240//240 228//228
f 229//229 241//241 242//242
f 203//203 232//232 201//201
f 243//243 242//242 244//244
f 236//236 245//245 238//238
f 245//245 236//236 246//246
f 223//223 222//222 247//247
f 166//166 202//202 248//248
f 232//232 249//249 250//250
f 232//232 250//250 201//201
f 172//172 168//168 251//251
f 244//244 241//241 170//170
f 241//241 244//244 242//242
f 169//169 252//252 170//170
f 109//109 253//253 105//105
f 106//106 253//253 254//254
f 53//53 110//110 74//74
f 255//255 256//256 257//257
f 258//258 251//251 259//259
f 214//214 144//144 260//260
f 261//261 215//215 214//214
f 261//261 262//262 263//263
f 262//262 264//264 263//263
f 167//167 265//265 259//259
f 172//172 251//251 257//257
f 7//7 1//1 45//45
f 6//6 2//2 4//4
f 2//2 6//6 3//3
f 25//25 71//71 26//26
f 95//95 26//26 71//71
f 17//17 27//27 6//6
f 57//57 266//266 41//41
f 267//267 248//248 202//202
f 38//38 37//37 103//103
f 248//248 267//267 265//265
f 241//241 171//171 170//170
f 53//53 268//268 269//269
f 268//268 270//270 269//269
f 70//70 21//21 36//36
f 21//21 38//38 35//35
f 40//40 266//266 49//49
f 271//271 103//103 68//68
f 24//24 17//17 25//25
f 85//85 104//104 16//16
f 12//12 16//16 104//104
f 24//24 83//83 15//15
f 272//272 273//273 274//274
f 275//275 128//128 152//152
f 149//149 177//177 150//150
f 34//34 75//75 79//79
f 14//14 79//79 75//75
f 275//275 155//155 188//188
f 109//109 254//254 253//253
f 132//132 180//180 189//189
f 276//276 277//277 178//178
f 154//154 153//153 189//189
f 20//20 114//114 74//74
f 114//114 278//278 74//74
f 279//279 105//105 103//103
f 77//77 117//117 76//76
f 90//90 30//30 280//280
f 193//193 281//281 148//148
f 282//282 283//283 31//31
f 82//82 80//80 84//84
f 91//91 210//210 122//122
f 91//91 123//123 282//282
f 31//31 91//91 282//282
f 137//137 284//284 285//285
f 227//227 58//58 231//231
f 285//285 286//286 137//137
f 111//111 127//127 112//112
f 67//67 279//279 271//271
f 143//143 287//287 288//288
f 289//289 290//290 291//291
f 292//292 293//293 145//145
f 135//135 142//142 136//136
f 131//131 113//113 112//112
f 284//284 137//137 136//136
f 29//29 283//283 294//294
f 136//136 141//141 284//284
f 120//120 123//123 121//121
f 121//121 122//122 86//86
f 109//109 108//108 120//120
f 278//278 114//114 89//89
f 106//106 105//105 253//253
f 89//89 18//18 80//80
f 158//158 131//131 112//112
f 130//130 129//129 295//295
f 296//296 291//291 290//290
f 144//144 296//296 290//290
f 280//280 260//260 290//290
f 291//291 296//296 297//297
f 290//290 289//289 280//280
f 163//163 156//156 298//298
f 163//163 162//162 165//165
f 299//299 300//300 194//194
f 298//298 164//164 163//163
f 180//180 177//177 176//176
f 195//195 194//194 300//300
f 281//281 190//190 184//184
f 135//135 301//301 302//302
f 135//135 138//138 303//303
f 298//298 300//300 164//164
f 162//162 164//164 299//299
f 58//58 227//227 225//225
f 195//195 298//298 197//197
f 304//304 173//173 175//175
f 245//245 246//246 305//305
f 180//180 134//134 177//177
f 175//175 178//178 277//277
f 305//305 276//276 178//178
f 218//218 238//238 245//245
f 195//195 197//197 196//196
f 144//144 290//290 260//260
f 306//306 289//289 291//291
f 276//276 305//305 246//246
f 281//281 184//184 148//148
f 204//204 307//307 200//200
f 186//186 308//308 198//198
f 308//308 186//186 309//309
f 307//307 204//204 310//310
f 236//236 235//235 246//246
f 87//87 90//90 179//179
f 183//183 199//199 181//181
f 12//12 27//27 16//16
f 43//43 45//45 1//1
f 17//17 6//6 71//71
f 108//108 282//282 123//123
f 67//67 271//271 68//68
f 105//105 279//279 108//108
f 311//311 108//108 279//279
f 312//312 211//211 92//92
f 312//312 313//313 211//211
f 280//280 147//147 260//260
f 147//147 280//280 30//30
f 147//147 29//29 314//314
f 90//90 31//31 30//30
f 88//88 306//306 291//291
f 147//147 314//314 260//260
f 252//252 169//169 315//315
f 17//17 24//24 15//15
f 145//145 144//144 213//213
f 29//29 294//294 67//67
f 26//26 95//95 97//97
f 37//37 40//40 68//68
f 316//316 274//274 273//273
f 274//274 215//215 263//263
f 293//293 292//292 316//316
f 240//240 230//230 239//239
f 58//58 225//225 219//219
f 98//98 97//97 96//96
f 98//98 8//8 99//99
f 56//56 9//9 73//73
f 266//266 57//57 49//49
f 100//100 9//9 11//11
f 63//63 65//65 66//66
f 43//43 48//48 44//44
f 317//317 318//318 319//319
f 317//317 319//319 320//320
f 65//65 11//11 66//66
f 64//64 63//63 28//28
f 98//98 96//96 5//5
f 264//264 272//272 274//274
f 117//117 50//50 321//321
f 50//50 322//322 321//321
f 217//217 323//323 216//216
f 324//324 325//325 326//326
f 312//312 92//92 216//216
f 135//135 286//286 312//312
f 324//324 326//326 327//327
f 262//262 261//261 327//327
f 117//117 77//77 50//50
f 36//36 106//106 254//254
f 50//50 52//52 322//322
f 117//117 321//321 118//118
f 53//53 55//55 115//115
f 312//312 324//324 327//327
f 66//66 10//10 56//56
f 34//34 110//110 32//32
f 11//11 65//65 69//69
f 325//325 324//324 328//328
f 323//323 217//217 329//329
f 264//264 327//327 326//326
f 72//72 44//44 48//48
f 44//44 72//72 45//45
f 10//10 66//66 11//11
f 23//23 28//28 63//63
f 207//207 161//161 160//160
f 182//182 181//181 60//60
f 221//221 59//59 219//219
f 1//1 7//7 4//4
f 59//59 221//221 330//330
f 8//8 7//7 72//72
f 32//32 53//53 331//331
f 53//53 332//332 331//331
f 329//329 328//328 323//323
f 73//73 99//99 8//8
f 33//33 101//101 46//46
f 32//32 331//331 102//102
f 312//312 328//328 324//324
f 328//328 329//329 325//325
f 259//259 168//168 167//167
f 40//40 49//49 43//43
f 40//40 41//41 266//266
f 38//38 103//103 107//107
f 40//40 37//37 39//39
f 21//21 70//70 22//22
f 107//107 35//35 38//38
f 106//106 36//36 107//107
f 35//35 107//107 36//36
f 297//297 145//145 293//293
f 306//306 280//280 289//289
f 114//114 20//20 19//19
f 62//62 84//84 80//80
f 81//81 14//14 13//13
f 84//84 62//62 61//61
f 61//61 85//85 84//84
f 14//14 81//81 79//79
f 29//29 31//31 283//283
f 122//122 121//121 123//123
f 108//108 311//311 282//282
f 128//128 124//124 152//152
f 305//305 174//174 135//135
f 135//135 137//137 286//286
f 280//280 306//306 90//90
f 306//306 179//179 90//90
f 306//306 88//88 179//179
f 93//93 92//92 211//211
f 210//210 91//91 87//87
f 312//312 327//327 261//261
f 260//260 333//333 214//214
f 333//333 260//260 314//314
f 214//214 213//213 144//144
f 261//261 263//263 215//215
f 261//261 214//214 333//333
f 134//134 150//150 177//177
f 301//301 304//304 334//334
f 302//302 334//334 139//139
f 304//304 301//301 173//173
f 139//139 138//138 302//302
f 135//135 302//302 138//138
f 334//334 302//302 301//301
f 305//305 178//178 174//174
f 213//213 292//292 145//145
f 292//292 213//213 316//316
f 311//311 67//67 294//294
f 293//293 316//316 273//273
f 215//215 274//274 213//213
f 274//274 316//316 213//213
f 273//273 272//272 326//326
f 146//146 297//297 296//296
f 144//144 146//146 296//296
f 297//297 146//146 145//145
f 67//67 311//311 279//279
f 274//274 263//263 264//264
f 261//261 314//314 29//29
f 272//272 264//264 326//326
f 264//264 262//262 327//327
f 172//172 335//335 315//315
f 254//254 109//109 121//121
f 311//311 294//294 282//282
f 283//283 282//282 294//294
f 103//103 271//271 279//279
f 123//123 120//120 108//108
f 128//128 275//275 127//127
f 129//129 158//158 157//157
f 287//287 143//143 303//303
f 188//188 154//154 189//189
f 135//135 303//303 143//143
f 126//126 111//111 113//113
f 129//129 157//157 295//295
f 295//295 165//165 162//162
f 133//133 132//132 153//153
f 298//298 195//195 300//300
f 281//281 193//193 205//205
f 207//207 209//209 208//208
f 190//190 205//205 206//206
f 207//207 208//208 191//191
f 312//312 216//216 323//323
f 237//237 159//159 161//161
f 330//330 60//60 59//59
f 60//60 330//330 182//182
f 227//227 231//231 228//228
f 265//265 167//167 248//248
f 166//166 203//203 202//202
f 202//202 201//201 267//267
f 172//172 315//315 169//169
f 257//257 258//258 255//255
f 168//168 172//172 166//166
f 335//335 336//336 337//337
f 336//336 335//335 256//256
f 258//258 257//257 251//251
f 172//172 256//256 335//335
f 166//166 248//248 167//167
f 168//168 259//259 251//251
f 312//312 323//323 328//328
f 172//172 257//257 256//256
f 337//337 315//315 335//335
f 315//315 337//337 252//252
f 313//313 312//312 286//286
f 229//229 222//222 239//239
f 229//229 247//247 222//222
f 229//229 242//242 247//247
f 224//224 239//239 222//222
f 239//239 224//224 240//240
f 209//209 160//160 218//218
f 236//236 238//238 237//237
f 229//229 230//230 231//231
f 218//218 159//159 238//238
f 206//206 192//192 208//208
f 192//192 191//191 208//208
f 185//185 307//307 309//309
f 185//185 200//200 307//307
f 310//310 309//309 307//307
f 185//185 309//309 186//186
f 300//300 299//299 164//164
f 156//156 163//163 165//165
f 277//277 276//276 235//235
f 154//154 188//188 155//155
f 154//154 155//155 151//151
f 140//140 303//303 138//138
f 303//303 140//140 287//287
f 288//288 142//142 143//143
f 111//111 126//126 125//125
f 142//142 288//288 141//141
f 165//165 295//295 157//157
f 124//124 128//128 125//125
f 243//243 247//247 242//242
f 241//241 229//229 171//171
f 247//247 243//243 223//223
f 212//212 313//313 285//285
f 313//313 212//212 211//211
f 286//286 285//285 313//313
f 275//275 152//152 155//155
f 135//135 173//173 301//301
f 276//276 246//246 235//235
f 190//190 281//281 205//205
f 198//198 187//187 186//186
f 261//261 333//333 314//314
f 309//309 310//310 308//308
f 256//256 255//255 336//336
f 53//53 338//338 54//54
f 53//53 339//339 338//338
f 53//53 269//269 339//339
f 278//278 268//268 53//53
f 14//14 76//76 117//117
f 53//53 74//74 278//278
f 158//158 112//112 127//127
f 185//185 197//197 298//298
f 229//229 231//231 58//58
f 166//166 340//340 232//232
f 166//166 341//341 340//340
f 249//249 232//232 342//342
f 166//166 343//343 341//341
f 249//249 342//342 344//344
f 166//166 345//345 343//343
f 343//343 346//346 341//341
f 344//344 347//347 348//348
f 349//349 350//350 345//345
f 166//166 349//349 345//345
f 351//351 234//234 166//166
f 352//352 353//353 354//354
f 351//351 355//355 234//234
f 356//356 351//351 357//357
f 351//351 358//358 355//355
f 351//351 359//359 358//358
f 351//351 360//360 359//359
f 361//361 362//362 363//363
f 351//351 364//364 360//360
f 365//365 363//363 366//366
f 351//351 356//356 364//364
f 367//367 368//368 369//369
f 370//370 357//357 351//351
f 371//371 372//372 370//370
f 369//369 366//366 367//367
f 373//373 374//374 375//375
f 371//371 376//376 372//372
f 357//357 370//370 372//372
f 375//375 367//367 373//373
f 377//377 371//371 378//378
f 371//371 379//379 376//376
f 380//380 381//381 382//382
f 371//371 383//383 379//379
f 379//379 384//384 376//376
f 385//385 386//386 387//387
f 371//371 377//377 383//383
f 387//387 388//388 389//389
f 390//390 378//378 371//371
f 390//390 391//391 378//378
f 389//389 392//392 393//393
f 394//394 390//390 395//395
f 390//390 396//396 391//391
f 392//392 389//389 388//388
f 390//390 394//394 396//396
f 387//387 397//397 398//398
f 399//399 395//395 390//390
f 400//400 401//401 402//402
f 387//387 398//398 388//388
f 403//403 399//399 402//402
f 400//400 402//402 399//399
f 404//404 385//385 405//405
f 406//406 400//400 407//407
f 400//400 406//406 401//401
f 408//408 409//409 405//405
f 410//410 407//407 400//400
f 410//410 411//411 407//407
f 412//412 408//408 413//413
f 411//411 410//410 414//414
f 415//415 414//414 410//410
f 415//415 416//416 414//414
f 417//417 418//418 419//419
f 420//420 421//421 413//413
f 416//416 415//415 422//422
f 353//353 352//352 423//423
f 347//347 344//344 342//342
f 424//424 425//425 426//426
f 354//354 427//427 348//348
f 344//344 348//348 427//427
f 428//428 423//423 352//352
f 166//166 233//233 349//349
f 427//427 354//354 353//353
f 362//362 429//429 428//428
f 363//363 365//365 430//430
f 350//350 431//431 432//432
f 423//423 428//428 429//429
f 362//362 361//361 429//429
f 432//432 433//433 434//434
f 363//363 430//430 361//361
f 434//434 435//435 436//436
f 366//366 369//369 365//365
f 367//367 375//375 368//368
f 437//437 438//438 439//439
f 373//373 440//440 374//374
f 440//440 373//373 382//382
f 380//380 382//382 373//373
f 389//389 393//393 380//380
f 381//381 380//380 393//393
f 441//441 442//442 379//379
f 384//384 379//379 442//442
f 442//442 441//441 443//443
f 397//397 387//387 386//386
f 385//385 404//404 444//444
f 445//445 446//446 447//447
f 385//385 444//444 386//386
f 447//447 448//448 449//449
f 408//408 405//405 385//385
f 408//408 450//450 409//409
f 408//408 412//412 450//450
f 420//420 413//413 408//408
f 451//451 452//452 453//453
f 454//454 455//455 456//456
f 457//457 458//458 420//420
f 450//450 412//412 459//459
f 450//450 459//459 454//454
f 459//459 460//460 454//454
f 460//460 461//461 454//454
f 461//461 462//462 454//454
f 462//462 463//463 454//454
f 455//455 454//454 463//463
f 454//454 456//456 418//418
f 418//418 417//417 454//454
f 417//417 419//419 452//452
f 453//453 464//464 451//451
f 452//452 451//451 417//417
f 464//464 453//453 465//465
f 464//464 465//465 466//466
f 467//467 466//466 465//465
f 318//318 317//317 467//467
f 466//466 467//467 317//317
f 468//468 469//469 470//470
f 469//469 468//468 471//471
f 470//470 472//472 468//468
f 473//473 474//474 471//471
f 472//472 470//470 320//320
f 317//317 320//320 470//470
f 475//475 471//471 474//474
f 471//471 475//475 469//469
f 476//476 477//477 473//473
f 476//476 478//478 477//477
f 474//474 473//473 477//477
f 350//350 349//349 431//431
f 478//478 476//476 479//479
f 480//480 479//479 476//476
f 480//480 481//481 479//479
f 482//482 443//443 441//441
f 446//446 445//445 483//483
f 446//446 483//483 482//482
f 443//443 482//482 483//483
f 448//448 447//447 446//446
f 484//484 449//449 448//448
f 485//485 486//486 484//484
f 484//484 487//487 449//449
f 487//487 484//484 486//486
f 433//433 432//432 431//431
f 472//472 320//320 319//319
f 435//435 434//434 433//433
f 341//341 488//488 426//426
f 426//426 489//489 490//490
f 435//435 491//491 436//436
f 492//492 493//493 494//494
f 495//495 496//496 492//492
f 497//497 498//498 439//439
f 499//499 436//436 491//491
f 497//497 499//499 491//491
f 500//500 439//439 438//438
f 499//499 497//497 439//439
f 494//494 501//501 502//502
f 437//437 439//439 498//498
f 341//341 346//346 488//488
f 502//502 503//503 504//504
f 488//488 424//424 426//426
f 425//425 505//505 426//426
f 505//505 506//506 426//426
f 506//506 507//507 426//426
f 507//507 508//508 426//426
f 508//508 509//509 426//426
f 489//489 426//426 509//509
f 489//489 510//510 490//490
f 496//496 495//495 511//511
f 510//510 512//512 490//490
f 512//512 513//513 490//490
f 513//513 514//514 490//490
f 511//511 490//490 514//514
f 490//490 511//511 495//495
f 493//493 492//492 496//496
f 501//501 494//494 493//493
f 503//503 502//502 501//501
f 515//515 504//504 503//503
f 516//516 517//517 515//515
f 518//518 519//519 516//516
f 504//504 515//515 517//517
f 520//520 521//521 518//518
f 517//517 516//516 519//519
f 519//519 518//518 521//521
f 522//522 420//420 458//458
f 421//421 420//420 522//522
f 399//399 403//403 523//523
f 524//524 525//525 395//395
f 399//399 523//523 524//524
f 399//399 524//524 395//395
f 526//526 140//140 527//527
f 140//140 526//526 287//287
f 528//528 287//287 526//526
f 529//529 287//287 528//528
f 287//287 529//529 288//288
f 530//530 288//288 529//529
f 531//531 288//288 530//530
f 288//288 531//531 141//141
f 532//532 141//141 531//531
f 141//141 532//532 284//284
f 533//533 284//284 532//532
f 284//284 533//533 285//285
f 534//534 285//285 533//533
f 285//285 534//534 212//212
f 535//535 212//212 534//534
f 212//212 535//535 93//93
f 536//536 93//93 535//535
f 93//93 536//536 94//94
f 537//537 94//94 536//536
f 94//94 537//537 217//217
f 538//538 217//217 537//537
f 217//217 538//538 329//329
f 539//539 329//329 538//538
f 329//329 539//539 325//325
f 540//540 325//325 539//539
f 325//325 540//540 326//326
f 541//541 326//326 540//540
f 326//326 541//541 273//273
f 542//542 273//273 541//541
f 273//273 542//542 293//293
f 543//543 293//293 542//542
f 293//293 543//543 297//297
f 544//544 297//297 543//543
f 297//297 544//544 291//291
f 544//544 88//88 291//291
f 88//88 544//544 545//545
f 545//545 86//86 88//88
f 86//86 545//545 546//546
f 546//546 121//121 86//86
f 121//121 546//546 547//547
f 547//547 254//254 121//121
f 254//254 547//547 548//548
f 548//548 36//36 254//254
f 36//36 548//548 549//549
f 549//549 70//70 36//36
f 70//70 549//549 550//550
f 550//550 69//69 70//70
f 69//69 550//550 551//551
f 551//551 11//11 69//69
f 11//11 551//551 552//552
f 552//552 100//100 11//11
f 100//100 552//552 553//553
f 553//553 97//97 100//100
f 97//97 553//553 554//554
f 554//554 26//26 97//97
f 26//26 554//554 555//555
f 555//555 42//42 26//26
f 42//42 555//555 556//556
f 556//556 80//80 42//42
f 80//80 556//556 557//557
f 557//557 89//89 80//80
f 89//89 557//557 558//558
f 558//558 278//278 89//89
f 278//278 558//558 559//559
f 558//558 560//560 559//559
f 268//268 278//278 561//561
f 278//278 559//559 561//561
f 268//268 561//561 562//562
f 268//268 562//562 270//270
f 53//53 116//116 563//563
f 53//53 563//563 332//332
f 117//117 119//119 564//564
f 117//117 565//565 14//14
f 565//565 117//117 566//566
f 117//117 564//564 566//566
f 14//14 567//567 12//12
f 567//567 14//14 565//565
f 12//12 568//568 1//1
f 568//568 12//12 567//567
f 1//1 569//569 43//43
f 569//569 1//1 568//568
f 43//43 570//570 40//40
f 570//570 43//43 569//569
f 40//40 571//571 67//67
f 571//571 40//40 570//570
f 67//67 572//572 29//29
f 572//572 67//67 571//571
f 261//261 572//572 573//573
f 572//572 261//261 29//29
f 312//312 573//573 574//574
f 573//573 312//312 261//261
f 135//135 574//574 575//575
f 574//574 135//135 312//312
f 305//305 575//575 576//576
f 575//575 305//305 135//135
f 245//245 576//576 577//577
f 576//576 245//245 305//305
f 218//218 577//577 578//578
f 577//577 218//218 245//245
f 209//209 578//578 579//579
f 578//578 209//209 218//218
f 206//206 579//579 580//580
f 579//579 206//206 209//209
f 190//190 580//580 581//581
f 580//580 190//190 206//206
f 176//176 581//581 582//582
f 581//581 176//176 190//190
f 180//180 582//582 583//583
f 582//582 180//180 176//176
f 188//188 583//583 584//584
f 583//583 188//188 180//180
f 275//275 584//584 585//585
f 584//584 275//275 188//188
f 127//127 585//585 586//586
f 585//585 127//127 275//275
f 158//158 586//586 587//587
f 586//586 158//158 127//127
f 156//156 587//587 588//588
f 587//587 156//156 158//158
f 298//298 588//588 589//589
f 588//588 298//298 156//156
f 590//590 591//591 592//592
f 592//592 593//593 594//594
f 592//592 595//595 593//593
f 596//596 592//592 591//591
f 597//597 598//598 599//599
f 600//600 601//601 602//602
f 603//603 604//604 605//605
f 606//606 603//603 607//607
f 608//608 609//609 610//610
f 611//611 612//612 613//613
f 604//604 614//614 615//615
f 616//616 617//617 618//618
f 619//619 620//620 621//621
f 622//622 623//623 624//624
f 625//625 626//626 627//627
f 615//615 628//628 604//604
f 616//616 618//618 629//629
f 630//630 631//631 632//632
f 633//633 634//634 635//635
f 636//636 637//637 638//638
f 608//608 639//639 640//640
f 621//621 620//620 624//624
f 641//641 642//642 638//638
f 612//612 603//603 643//643
f 644//644 629//629 645//645
f 645//645 646//646 644//644
f 645//645 629//629 647//647
f 644//644 641//641 648//648
f 608//608 640//640 609//609
f 649//649 650//650 651//651
f 652//652 649//649 653//653
f 630//630 632//632 654//654
f 618//618 650//650 649//649
f 625//625 627//627 622//622
f 629//629 655//655 616//616
f 629//629 618//618 656//656
f 630//630 654//654 657//657
f 619//619 658//658 659//659
f 629//629 644//644 655//655
f 606//606 660//660 661//661
f 662//662 628//628 615//615
f 603//603 612//612 604//604
f 607//607 663//663 606//606
f 664//664 643//643 603//603
f 603//603 606//606 664//664
f 611//611 622//622 614//614
f 665//665 620//620 662//662
f 666//666 667//667 613//613
f 662//662 615//615 614//614
f 623//623 622//622 627//627
f 622//622 611//611 625//625
f 625//625 668//668 667//667
f 622//622 624//624 665//665
f 613//613 668//668 611//611
f 613//613 667//667 668//668
f 618//618 617//617 650//650
f 669//669 623//623 670//670
f 669//669 671//671 658//658
f 659//659 672//672 619//619
f 671//671 669//669 673//673
f 671//671 674//674 659//659
f 675//675 672//672 676//676
f 671//671 677//677 674//674
f 675//675 619//619 672//672
f 673//673 678//678 671//671
f 679//679 677//677 680//680
f 600//600 590//590 681//681
f 626//626 682//682 670//670
f 683//683 591//591 590//590
f 684//684 660//660 685//685
f 686//686 677//677 679//679
f 686//686 617//617 687//687
f 675//675 676//676 687//687
f 687//687 674//674 686//686
f 600//600 681//681 688//688
f 681//681 689//689 688//688
f 686//686 650//650 617//617
f 676//676 672//672 674//674
f 600//600 688//688 601//601
f 683//683 690//690 691//691
f 617//617 616//616 692//692
f 650//650 686//686 693//693
f 636//636 694//694 637//637
f 644//644 695//695 641//641
f 696//696 641//641 695//695
f 613//613 612//612 666//666
f 670//670 697//697 669//669
f 698//698 699//699 700//700
f 701//701 702//702 703//703
f 704//704 702//702 705//705
f 706//706 707//707 708//708
f 709//709 710//710 634//634
f 711//711 712//712 713//713
f 661//661 714//714 606//606
f 715//715 684//684 716//716
f 684//684 717//717 716//716
f 590//590 600//600 683//683
f 718//718 699//699 719//719
f 596//596 591//591 720//720
f 720//720 591//591 663//663
f 605//605 607//607 603//603
f 605//605 628//628 596//596
f 596//596 607//607 605//605
f 694//694 721//721 692//692
f 679//679 693//693 686//686
f 692//692 721//721 617//617
f 694//694 616//616 655//655
f 696//696 722//722 642//642
f 713//713 723//723 711//711
f 724//724 725//725 700//700
f 726//726 727//727 728//728
f 698//698 729//729 726//726
f 730//730 731//731 732//732
f 733//733 734//734 735//735
f 733//733 735//735 736//736
f 737//737 738//738 739//739
f 740//740 741//741 742//742
f 743//743 735//735 734//734
f 726//726 729//729 744//744
f 698//698 700//700 729//729
f 729//729 700//700 725//725
f 742//742 745//745 740//740
f 746//746 745//745 747//747
f 739//739 748//748 741//741
f 749//749 750//750 751//751
f 752//752 753//753 754//754
f 726//726 728//728 698//698
f 748//748 747//747 742//742
f 749//749 751//751 755//755
f 756//756 757//757 758//758
f 759//759 760//760 755//755
f 733//733 761//761 762//762
f 739//739 741//741 737//737
f 734//734 763//763 743//743
f 739//739 738//738 764//764
f 727//727 758//758 757//757
f 758//758 765//765 756//756
f 766//766 728//728 757//757
f 766//766 757//757 756//756
f 767//767 768//768 769//769
f 770//770 771//771 772//772
f 773//773 752//752 769//769
f 754//754 753//753 774//774
f 775//775 772//772 771//771
f 776//776 777//777 778//778
f 758//758 775//775 765//765
f 732//732 779//779 780//780
f 778//778 781//781 776//776
f 732//732 782//782 779//779
f 731//731 783//783 784//784
f 757//757 728//728 727//727
f 785//785 786//786 780//780
f 783//783 786//786 787//787
f 788//788 789//789 790//790
f 630//630 657//657 791//791
f 788//788 792//792 793//793
f 773//773 792//792 794//794
f 795//795 796//796 797//797
f 797//797 790//790 795//795
f 798//798 799//799 796//796
f 788//788 794//794 792//792
f 773//773 769//769 768//768
f 793//793 789//789 788//788
f 798//798 796//796 795//795
f 800//800 796//796 799//799
f 800//800 797//797 796//796
f 795//795 789//789 798//798
f 701//701 801//801 802//802
f 634//634 710//710 803//803
f 724//724 700//700 699//699
f 709//709 634//634 633//633
f 802//802 801//801 804//804
f 799//799 805//805 800//800
f 787//787 784//784 783//783
f 806//806 731//731 807//807
f 808//808 809//809 784//784
f 810//810 807//807 811//811
f 812//812 813//813 814//814
f 815//815 816//816 817//817
f 812//812 811//811 813//813
f 813//813 811//811 807//807
f 818//818 819//819 820//820
f 821//821 822//822 819//819
f 823//823 805//805 824//824
f 825//825 797//797 800//800
f 755//755 826//826 749//749
f 827//827 828//828 707//707
f 829//829 830//830 831//831
f 832//832 833//833 834//834
f 634//634 803//803 704//704
f 835//835 836//836 837//837
f 681//681 592//592 838//838
f 592//592 594//594 838//838
f 822//822 821//821 839//839
f 820//820 840//840 815//815
f 815//815 817//817 841//841
f 842//842 843//843 841//841
f 844//844 845//845 843//843
f 815//815 841//841 843//843
f 815//815 843//843 845//845
f 843//843 842//842 844//844
f 722//722 696//696 846//846
f 820//820 845//845 818//818
f 677//677 671//671 678//678
f 840//840 820//820 819//819
f 844//844 818//818 845//845
f 847//847 848//848 849//849
f 619//619 621//621 658//658
f 669//669 624//624 623//623
f 658//658 624//624 669//669
f 670//670 623//623 626//626
f 673//673 669//669 697//697
f 624//624 658//658 621//621
f 639//639 850//850 831//831
f 670//670 682//682 697//697
f 694//694 692//692 616//616
f 648//648 637//637 694//694
f 840//840 822//822 837//837
f 840//840 837//837 836//836
f 851//851 852//852 853//853
f 648//648 655//655 644//644
f 648//648 641//641 637//637
f 854//854 855//855 645//645
f 839//839 837//837 822//822
f 819//819 818//818 821//821
f 627//627 626//626 623//623
f 667//667 626//626 625//625
f 665//665 614//614 622//622
f 665//665 624//624 620//620
f 855//855 856//856 857//857
f 638//638 637//637 641//641
f 722//722 804//804 858//858
f 659//659 658//658 671//671
f 643//643 666//666 612//612
f 793//793 798//798 789//789
f 859//859 860//860 630//630
f 859//859 791//791 861//861
f 712//712 711//711 862//862
f 657//657 863//863 864//864
f 706//706 708//708 865//865
f 605//605 604//604 628//628
f 866//866 867//867 868//868
f 663//663 607//607 720//720
f 795//795 790//790 789//789
f 664//664 606//606 714//714
f 869//869 684//684 715//715
f 661//661 660//660 869//869
f 597//597 663//663 683//683
f 742//742 741//741 748//748
f 742//742 747//747 745//745
f 719//719 746//746 718//718
f 683//683 663//663 591//591
f 701//701 705//705 702//702
f 663//663 597//597 685//685
f 706//706 704//704 803//803
f 706//706 803//803 710//710
f 701//701 802//802 705//705
f 725//725 744//744 729//729
f 857//857 695//695 855//855
f 722//722 870//870 804//804
f 705//705 804//804 635//635
f 871//871 870//870 872//872
f 633//633 871//871 709//709
f 846//846 872//872 873//873
f 874//874 725//725 724//724
f 699//699 718//718 875//875
f 596//596 720//720 607//607
f 823//823 825//825 805//805
f 636//636 638//638 642//642
f 804//804 705//705 802//802
f 705//705 635//635 704//704
f 635//635 871//871 633//633
f 733//733 736//736 876//876
f 867//867 866//866 609//609
f 877//877 878//878 868//868
f 794//794 752//752 773//773
f 703//703 879//879 701//701
f 754//754 774//774 767//767
f 880//880 765//765 771//771
f 880//880 771//771 770//770
f 776//776 881//881 777//777
f 882//882 761//761 876//876
f 857//857 883//883 696//696
f 767//767 769//769 754//754
f 754//754 769//769 752//752
f 733//733 876//876 761//761
f 762//762 750//750 733//733
f 876//876 884//884 882//882
f 885//885 759//759 751//751
f 737//737 767//767 774//774
f 886//886 885//885 762//762
f 753//753 764//764 738//738
f 608//608 701//701 879//879
f 737//737 774//774 738//738
f 738//738 774//774 753//753
f 865//865 704//704 706//706
f 831//831 827//827 887//887
f 888//888 889//889 829//829
f 704//704 865//865 702//702
f 661//661 890//890 714//714
f 703//703 850//850 879//879
f 830//830 640//640 639//639
f 850//850 639//639 891//891
f 806//806 807//807 810//810
f 608//608 879//879 891//891
f 865//865 828//828 850//850
f 755//755 760//760 826//826
f 762//762 885//885 750//750
f 732//732 880//880 881//881
f 824//824 749//749 826//826
f 760//760 825//825 823//823
f 785//785 780//780 779//779
f 892//892 817//817 816//816
f 703//703 702//702 865//865
f 815//815 806//806 893//893
f 664//664 666//666 643//643
f 625//625 611//611 668//668
f 662//662 614//614 665//665
f 856//856 872//872 846//846
f 828//828 865//865 708//708
f 630//630 791//791 859//859
f 864//864 791//791 657//657
f 866//866 878//878 894//894
f 635//635 804//804 870//870
f 662//662 596//596 628//628
f 790//790 794//794 788//788
f 704//704 635//635 634//634
f 865//865 850//850 703//703
f 890//890 666//666 664//664
f 816//816 895//895 892//892
f 639//639 831//831 830//830
f 896//896 897//897 895//895
f 618//618 649//649 652//652
f 891//891 879//879 850//850
f 806//806 810//810 898//898
f 834//834 899//899 832//832
f 806//806 900//900 901//901
f 902//902 897//897 901//901
f 889//889 877//877 903//903
f 867//867 830//830 903//903
f 866//866 894//894 610//610
f 645//645 647//647 854//854
f 673//673 697//697 682//682
f 682//682 680//680 673//673
f 693//693 651//651 650//650
f 673//673 680//680 678//678
f 592//592 681//681 590//590
f 680//680 651//651 679//679
f 683//683 600//600 690//690
f 600//600 602//602 690//690
f 841//841 904//904 842//842
f 630//630 608//608 894//894
f 687//687 617//617 721//721
f 905//905 878//878 906//906
f 907//907 654//654 632//632
f 630//630 894//894 905//905
f 597//597 683//683 598//598
f 683//683 691//691 598//598
f 679//679 651//651 693//693
f 906//906 631//631 905//905
f 863//863 657//657 654//654
f 695//695 644//644 646//646
f 653//653 656//656 652//652
f 687//687 721//721 675//675
f 632//632 908//908 907//907
f 858//858 801//801 636//636
f 654//654 907//907 863//863
f 815//815 845//845 820//820
f 909//909 849//849 848//848
f 910//910 911//911 912//912
f 848//848 913//913 909//909
f 913//913 914//914 915//915
f 916//916 917//917 918//918
f 915//915 909//909 913//913
f 914//914 919//919 920//920
f 921//921 922//922 923//923
f 920//920 915//915 914//914
f 919//919 924//924 925//925
f 925//925 920//920 919//919
f 924//924 926//926 927//927
f 927//927 925//925 924//924
f 926//926 928//928 929//929
f 929//929 927//927 926//926
f 928//928 930//930 931//931
f 931//931 929//929 928//928
f 930//930 932//932 933//933
f 933//933 931//931 930//930
f 840//840 934//934 935//935
f 936//936 933//933 932//932
f 937//937 933//933 936//936
f 938//938 933//933 937//937
f 851//851 933//933 938//938
f 853//853 933//933 851//851
f 939//939 853//853 852//852
f 940//940 853//853 939//939
f 941//941 853//853 940//940
f 942//942 853//853 941//941
f 943//943 853//853 942//942
f 840//840 944//944 945//945
f 946//946 853//853 943//943
f 947//947 853//853 946//946
f 840//840 945//945 934//934
f 945//945 947//947 948//948
f 945//945 853//853 947//947
f 949//949 950//950 951//951
f 952//952 923//923 922//922
f 921//921 953//953 922//922
f 954//954 922//922 953//953
f 954//954 955//955 956//956
f 957//957 958//958 959//959
f 956//956 922//922 954//954
f 957//957 960//960 955//955
f 956//956 955//955 960//960
f 961//961 962//962 963//963
f 959//959 960//960 957//957
f 962//962 959//959 958//958
f 911//911 964//964 965//965
f 958//958 963//963 962//962
f 911//911 966//966 964//964
f 967//967 968//968 969//969
f 965//965 912//912 911//911
f 970//970 971//971 972//972
f 966//966 973//973 974//974
f 974//974 964//964 966//966
f 973//973 975//975 976//976
f 973//973 977//977 975//975
f 976//976 974//974 973//973
f 978//978 979//979 980//980
f 977//977 981//981 982//982
f 982//982 975//975 977//977
f 981//981 983//983 984//984
f 984//984 982//982 981//981
f 967//967 969//969 985//985
f 983//983 986//986 987//987
f 987//987 984//984 983//983
f 988//988 989//989 990//990
f 990//990 991//991 988//988
f 992//992 993//993 994//994
f 968//968 995//995 996//996
f 968//968 996//996 997//997
f 997//997 969//969 968//968
f 992//992 998//998 999//999
f 992//992 994//994 998//998
f 995//995 1000//1000 1001//1001
f 1001//1001 996//996 995//995
f 1000//1000 1002//1002 1003//1003
f 1004//1004 993//993 1002//1002
f 1003//1003 1001//1001 1000//1000
f 961//961 963//963 1005//1005
f 1002//1002 1000//1000 1004//1004
f 999//999 1006//1006 992//992
f 993//993 1004//1004 1007//1007
f 1007//1007 998//998 994//994
f 1008//1008 1009//1009 1010//1010
f 1006//1006 1011//1011 1012//1012
f 1012//1012 992//992 1006//1006
f 1013//1013 1014//1014 1015//1015
f 1015//1015 1012//1012 1011//1011
f 1016//1016 1017//1017 1014//1014
f 1015//1015 1011//1011 1013//1013
f 1018//1018 1019//1019 1020//1020
f 1021//1021 1022//1022 1017//1017
f 1014//1014 1013//1013 1016//1016
f 1017//1017 1016//1016 1023//1023
f 1024//1024 1025//1025 1022//1022
f 1017//1017 1023//1023 1021//1021
f 1019//1019 1026//1026 1027//1027
f 1022//1022 1021//1021 1028//1028
f 1019//1019 1029//1029 1026//1026
f 1022//1022 1028//1028 1024//1024
f 1030//1030 1022//1022 1025//1025
f 1031//1031 1022//1022 1030//1030
f 1032//1032 1022//1022 1031//1031
f 1033//1033 1022//1022 1032//1032
f 1019//1019 1034//1034 1035//1035
f 1026//1026 1033//1033 1027//1027
f 1026//1026 1022//1022 1033//1033
f 1027//1027 1020//1020 1019//1019
f 972//972 1036//1036 970//970
f 1019//1019 1035//1035 1029//1029
f 1037//1037 1035//1035 1034//1034
f 1034//1034 1038//1038 1037//1037
f 1034//1034 1036//1036 1038//1038
f 1039//1039 991//991 1040//1040
f 1034//1034 970//970 1036//1036
f 1040//1040 1041//1041 1039//1039
f 970//970 1041//1041 971//971
f 970//970 1039//1039 1041//1041
f 988//988 1042//1042 989//989
f 1039//1039 988//988 991//991
f 1042//1042 1043//1043 1044//1044
f 1042//1042 1044//1044 1045//1045
f 1045//1045 989//989 1042//1042
f 1046//1046 1047//1047 1043//1043
f 1046//1046 1048//1048 1047//1047
f 1043//1043 1042//1042 1046//1046
f 1048//1048 1046//1046 1049//1049
f 1049//1049 1050//1050 1048//1048
f 1050//1050 1049//1049 916//916
f 916//916 918//918 1050//1050
f 917//917 916//916 1051//1051
f 1051//1051 1052//1052 917//917
f 1053//1053 1054//1054 1055//1055
f 1051//1051 1056//1056 1052//1052
f 1057//1057 1052//1052 1056//1056
f 1054//1054 950//950 1058//1058
f 1056//1056 1053//1053 1057//1057
f 1055//1055 1057//1057 1053//1053
f 1058//1058 1055//1055 1054//1054
f 949//949 1058//1058 950//950
f 951//951 1059//1059 949//949
f 1060//1060 1059//1059 1061//1061
f 1060//1060 949//949 1059//1059
f 1061//1061 1062//1062 1060//1060
f 1063//1063 1064//1064 1065//1065
f 1010//1010 1066//1066 1008//1008
f 1063//1063 1065//1065 1067//1067
f 1008//1008 1063//1063 1009//1009
f 1067//1067 1009//1009 1063//1063
f 1064//1064 1068//1068 1069//1069
f 1064//1064 1069//1069 1070//1070
f 1070//1070 1065//1065 1064//1064
f 1064//1064 1071//1071 1068//1068
f 978//978 1072//1072 1073//1073
f 980//980 1074//1074 978//978
f 978//978 983//983 979//979
f 978//978 986//986 983//983
f 978//978 1073//1073 986//986
f 1072//1072 1075//1075 1076//1076
f 1076//1076 1073//1073 1072//1072
f 1077//1077 1076//1076 1075//1075
f 1075//1075 1078//1078 1079//1079
f 1075//1075 1079//1079 1077//1077
f 1075//1075 1080//1080 1081//1081
f 1075//1075 1081//1081 1078//1078
f 840//840 1005//1005 1082//1082
f 1075//1075 840//840 1083//1083
f 1075//1075 1084//1084 1080//1080
f 1075//1075 1083//1083 1084//1084
f 1082//1082 1083//1083 840//840
f 1005//1005 935//935 961//961
f 840//840 935//935 1005//1005
f 1007//1007 994//994 993//993
f 836//836 835//835 1061//1061
f 934//934 945//945 948//948
f 840//840 1061//1061 944//944
f 837//837 839//839 835//835
f 1061//1061 835//835 1062//1062
f 1061//1061 840//840 836//836
f 840//840 819//819 822//822
f 817//817 892//892 904//904
f 904//904 841//841 817//817
f 806//806 898//898 834//834
f 815//815 893//893 896//896
f 895//895 816//816 896//896
f 751//751 750//750 885//885
f 1085//1085 902//902 900//900
f 896//896 893//893 897//897
f 901//901 893//893 806//806
f 901//901 897//897 893//893
f 833//833 832//832 1085//1085
f 1085//1085 900//900 833//833
f 814//814 1086//1086 812//812
f 899//899 834//834 898//898
f 898//898 1087//1087 899//899
f 806//806 833//833 900//900
f 810//810 811//811 1087//1087
f 1087//1087 898//898 810//810
f 786//786 783//783 730//730
f 1086//1086 814//814 1088//1088
f 1088//1088 1089//1089 1086//1086
f 784//784 787//787 808//808
f 779//779 1090//1090 785//785
f 809//809 808//808 1089//1089
f 732//732 780//780 730//730
f 1089//1089 1088//1088 809//809
f 731//731 730//730 783//783
f 768//768 793//793 792//792
f 800//800 805//805 825//825
f 1090//1090 779//779 782//782
f 782//782 1091//1091 1090//1090
f 781//781 778//778 1091//1091
f 1091//1091 782//782 781//781
f 732//732 881//881 776//776
f 732//732 776//776 781//781
f 732//732 781//781 782//782
f 772//772 777//777 770//770
f 771//771 765//765 775//775
f 766//766 698//698 728//728
f 880//880 756//756 765//765
f 815//815 896//896 816//816
f 744//744 727//727 726//726
f 1092//1092 874//874 875//875
f 718//718 746//746 1092//1092
f 747//747 1092//1092 746//746
f 699//699 875//875 724//724
f 719//719 745//745 746//746
f 764//764 748//748 739//739
f 768//768 792//792 773//773
f 731//731 809//809 1088//1088
f 823//823 826//826 760//760
f 824//824 826//826 823//823
f 755//755 751//751 759//759
f 761//761 882//882 886//886
f 886//886 762//762 761//761
f 862//862 1093//1093 712//712
f 884//884 876//876 736//736
f 736//736 1094//1094 884//884
f 735//735 743//743 1094//1094
f 1094//1094 736//736 735//735
f 723//723 713//713 763//763
f 861//861 1093//1093 859//859
f 763//763 734//734 723//723
f 860//860 859//859 1093//1093
f 733//733 860//860 862//862
f 1092//1092 875//875 718//718
f 733//733 723//723 734//734
f 864//864 861//861 791//791
f 631//631 906//906 908//908
f 905//905 894//894 878//878
f 908//908 632//632 631//631
f 630//630 905//905 631//631
f 903//903 877//877 867//867
f 830//830 829//829 1095//1095
f 831//831 887//887 829//829
f 887//887 827//827 888//888
f 707//707 888//888 827//827
f 710//710 707//707 706//706
f 872//872 709//709 871//871
f 696//696 695//695 857//857
f 870//870 722//722 873//873
f 619//619 662//662 620//620
f 731//731 784//784 809//809
f 642//642 641//641 696//696
f 635//635 870//870 871//871
f 653//653 854//854 656//656
f 651//651 653//653 649//649
f 684//684 597//597 1096//1096
f 597//597 599//599 1096//1096
f 674//674 687//687 676//676
f 869//869 890//890 661//661
f 685//685 660//660 663//663
f 684//684 869//869 660//660
f 684//684 1097//1097 717//717
f 684//684 1098//1098 1097//1097
f 684//684 1099//1099 1098//1098
f 684//684 1100//1100 1099//1099
f 684//684 1101//1101 1100//1100
f 684//684 1102//1102 1101//1101
f 681//681 838//838 689//689
f 749//749 733//733 750//750
f 733//733 711//711 723//723
f 733//733 862//862 711//711
f 770//770 881//881 880//880
f 694//694 675//675 721//721
f 652//652 656//656 618//618
f 678//678 680//680 677//677
f 694//694 655//655 648//648
f 686//686 674//674 677//677
f 684//684 685//685 597//597
f 659//659 674//674 672//672
f 656//656 647//647 629//629
f 656//656 854//854 647//647
f 645//645 855//855 646//646
f 646//646 855//855 695//695
f 831//831 850//850 828//828
f 614//614 604//604 611//611
f 611//611 604//604 612//612
f 608//608 891//891 639//639
f 664//664 714//714 890//890
f 857//857 856//856 883//883
f 846//846 696//696 883//883
f 846//846 883//883 856//856
f 606//606 663//663 660//660
f 873//873 872//872 870//870
f 708//708 707//707 828//828
f 831//831 828//828 827//827
f 888//888 829//829 887//887
f 640//640 830//830 867//867
f 858//858 804//804 801//801
f 1095//1095 829//829 889//889
f 1095//1095 903//903 830//830
f 867//867 609//609 640//640
f 889//889 903//903 1095//1095
f 610//610 609//609 866//866
f 610//610 894//894 608//608
f 868//868 878//878 866//866
f 868//868 867//867 877//877
f 636//636 642//642 858//858
f 701//701 636//636 801//801
f 858//858 642//642 722//722
f 846//846 873//873 722//722
f 724//724 875//875 874//874
f 719//719 740//740 745//745
f 740//740 737//737 741//741
f 756//756 880//880 766//766
f 770//770 777//777 881//881
f 731//731 1088//1088 814//814
f 806//806 834//834 833//833
f 901//901 900//900 902//902
f 799//799 824//824 805//805
f 813//813 807//807 731//731
f 731//731 814//814 813//813
f 730//730 780//780 786//786
f 1093//1093 862//862 860//860
f 733//733 630//630 860//860
f 185//185 589//589 1103//1103
f 589//589 185//185 298//298
f 58//58 1103//1103 1104//1104
f 1103//1103 58//58 185//185
f 229//229 1104//1104 1105//1105
f 1104//1104 229//229 58//58
f 172//172 1105//1105 1106//1106
f 1105//1105 172//172 229//229
f 166//166 1106//1106 1107//1107
f 1106//1106 166//166 172//172
f 351//351 1107//1107 1108//1108
f 1107//1107 351//351 166//166
f 370//370 1108//1108 1109//1109
f 1108//1108 370//370 351//351
f 371//371 1109//1109 1110//1110
f 1109//1109 371//371 370//370
f 390//390 1110//1110 1111//1111
f 1110//1110 390//390 371//371
f 1112//1112 1113//1113 1111//1111
f 1114//1114 1111//1111 1113//1113
f 1115//1115 1111//1111 1114//1114
f 1116//1116 1111//1111 1115//1115
f 390//390 1117//1117 399//399
f 390//390 1118//1118 1117//1117
f 1119//1119 1117//1117 1118//1118
f 1120//1120 1111//1111 1116//1116
f 1121//1121 1111//1111 1120//1120
f 1122//1122 1111//1111 1121//1121
f 1123//1123 1111//1111 1122//1122
f 1124//1124 1111//1111 1123//1123
f 1125//1125 1111//1111 1124//1124
f 1126//1126 1111//1111 1125//1125
f 1127//1127 1111//1111 1126//1126
f 390//390 1111//1111 1127//1127
f 1128//1128 399//399 1117//1117
f 1129//1129 399//399 1128//1128
f 1130//1130 1131//1131 1112//1112
f 1132//1132 1112//1112 1131//1131
f 1133//1133 1112//1112 1132//1132
f 1134//1134 1112//1112 1133//1133
f 1135//1135 1112//1112 1134//1134
f 1136//1136 1112//1112 1135//1135
f 1137//1137 1112//1112 1136//1136
f 1138//1138 1112//1112 1137//1137
f 1113//1113 1112//1112 1138//1138
f 1139//1139 400//400 1129//1129
f 1140//1140 400//400 1139//1139
f 1141//1141 400//400 1140//1140
f 1142//1142 400//400 1141//1141
f 1143//1143 400//400 1142//1142
f 1144//1144 400//400 1143//1143
f 1145//1145 400//400 1144//1144
f 399//399 1129//1129 400//400
f 1146//1146 1130//1130 1147//1147
f 1148//1148 410//410 1149//1149
f 1150//1150 410//410 1148//1148
f 1147//1147 1150//1150 1146//1146
f 1147//1147 410//410 1150//1150
f 400//400 1145//1145 1151//1151
f 1130//1130 1152//1152 1131//1131
f 1130//1130 1146//1146 1152//1152
f 1151//1151 1153//1153 400//400
f 1154//1154 410//410 1155//1155
f 1156//1156 410//410 1154//1154
f 1157//1157 410//410 1156//1156
f 1158//1158 410//410 1157//1157
f 1159//1159 410//410 1158//1158
f 1160//1160 410//410 1159//1159
f 1161//1161 410//410 1160//1160
f 1162//1162 410//410 1161//1161
f 1149//1149 410//410 1162//1162
f 410//410 1163//1163 1155//1155
f 410//410 1164//1164 1163//1163
f 410//410 1165//1165 1164//1164
f 410//410 1153//1153 1165//1165
f 410//410 400//400 1153//1153
f 415//415 1147//1147 1166//1166
f 1147//1147 415//415 410//410
f 422//422 1166//1166 1167//1167
f 1166//1166 422//422 415//415
f 1168//1168 422//422 1167//1167
f 422//422 1168//1168 416//416
f 416//416 1168//1168 1169//1169
f 414//414 1169//1169 1170//1170
f 1169//1169 414//414 416//416
f 411//411 1170//1170 1171//1171
f 1170//1170 411//411 414//414
f 1172//1172 411//411 1171//1171
f 411//411 1172//1172 407//407
f 406//406 1172//1172 1173//1173
f 1172//1172 406//406 407//407
f 401//401 1173//1173 1174//1174
f 1173//1173 401//401 406//406
f 402//402 1174//1174 1175//1175
f 1174//1174 402//402 401//401
f 1176//1176 402//402 1175//1175
f 402//402 1176//1176 403//403
f 1177//1177 403//403 1176//1176
f 403//403 1177//1177 525//525
f 1178//1178 525//525 1177//1177
f 395//395 1179//1179 1180//1180
f 395//395 525//525 1179//1179
f 525//525 1178//1178 1181//1181
f 1181//1181 1178//1178 1182//1182
f 1182//1182 1183//1183 1181//1181
f 1183//1183 1184//1184 1185//1185
f 1182//1182 1184//1184 1183//1183
f 1180//1180 1186//1186 395//395
f 394//394 1187//1187 1188//1188
f 394//394 1186//1186 1187//1187
f 394//394 395//395 1186//1186
f 1184//1184 1182//1182 1189//1189
f 1189//1189 1190//1190 1184//1184
f 396//396 1191//1191 1192//1192
f 396//396 1193//1193 1191//1191
f 396//396 394//394 1193//1193
f 1194//1194 1195//1195 1196//1196
f 1190//1190 1195//1195 1194//1194
f 1189//1189 1195//1195 1190//1190
f 1195//1195 1189//1189 1197//1197
f 1197//1197 1198//1198 1195//1195
f 1199//1199 1200//1200 1201//1201
f 1198//1198 1200//1200 1199//1199
f 1197//1197 1200//1200 1198//1198
f 1192//1192 1202//1202 396//396
f 391//391 1202//1202 1203//1203
f 391//391 396//396 1202//1202
f 1200//1200 1197//1197 1204//1204
f 1204//1204 1205//1205 1200//1200
f 378//378 1206//1206 1207//1207
f 378//378 1208//1208 1206//1206
f 378//378 391//391 1208//1208
f 1209//1209 1210//1210 1211//1211
f 1205//1205 1210//1210 1209//1209
f 1204//1204 1210//1210 1205//1205
f 1204//1204 1212//1212 1210//1210
f 1204//1204 1213//1213 1212//1212
f 1203//1203 1208//1208 391//391
f 1213//1213 1204//1204 1214//1214
f 1214//1214 1215//1215 1213//1213
f 378//378 1207//1207 1216//1216
f 1216//1216 1217//1217 378//378
f 1214//1214 1218//1218 1215//1215
f 1214//1214 1219//1219 1218//1218
f 377//377 1217//1217 1220//1220
f 377//377 378//378 1217//1217
f 1221//1221 1222//1222 1219//1219
f 1221//1221 1223//1223 1222//1222
f 377//377 1220//1220 1224//1224
f 1219//1219 1214//1214 1221//1221
f 1221//1221 1225//1225 1223//1223
f 1224//1224 1226//1226 377//377
f 383//383 1227//1227 1228//1228
f 383//383 1226//1226 1227//1227
f 383//383 377//377 1226//1226
f 1229//1229 1230//1230 1225//1225
f 1229//1229 383//383 1230//1230
f 1225//1225 1221//1221 1229//1229
f 383//383 1228//1228 1230//1230
f 383//383 1229//1229 379//379
f 441//441 1229//1229 1231//1231
f 1229//1229 441//441 379//379
f 482//482 1231//1231 1232//1232
f 1231//1231 482//482 441//441
f 446//446 1232//1232 1233//1233
f 1232//1232 446//446 482//482
f 448//448 1233//1233 1234//1234
f 1233//1233 448//448 446//446
f 484//484 1234//1234 1235//1235
f 1234//1234 484//484 448//448
f 485//485 1235//1235 1236//1236
f 1235//1235 485//485 484//484
f 1237//1237 485//485 1236//1236
f 485//485 1237//1237 486//486
f 1238//1238 486//486 1237//1237
f 486//486 1238//1238 487//487
f 1239//1239 487//487 1238//1238
f 487//487 1239//1239 449//449
f 1240//1240 449//449 1239//1239
f 449//449 1240//1240 447//447
f 1241//1241 447//447 1240//1240
f 447//447 1241//1241 445//445
f 1242//1242 445//445 1241//1241
f 445//445 1242//1242 483//483
f 1243//1243 483//483 1242//1242
f 483//483 1243//1243 443//443
f 1244//1244 443//443 1243//1243
f 443//443 1244//1244 442//442
f 1245//1245 442//442 1244//1244
f 442//442 1245//1245 384//384
f 1246//1246 384//384 1245//1245
f 384//384 1246//1246 376//376
f 1247//1247 376//376 1246//1246
f 376//376 1247//1247 372//372
f 1248//1248 372//372 1247//1247
f 372//372 1248//1248 357//357
f 1249//1249 357//357 1248//1248
f 357//357 1249//1249 356//356
f 1250//1250 356//356 1249//1249
f 356//356 1250//1250 364//364
f 1251//1251 364//364 1250//1250
f 364//364 1251//1251 360//360
f 1252//1252 360//360 1251//1251
f 360//360 1252//1252 359//359
f 1253//1253 359//359 1252//1252
f 359//359 1253//1253 358//358
f 1254//1254 358//358 1253//1253
f 358//358 1254//1254 355//355
f 1255//1255 355//355 1254//1254
f 355//355 1255//1255 234//234
f 234//234 1256//1256 1257//1257
f 234//234 1255//1255 1256//1256
f 1257//1257 233//233 234//234
f 1257//1257 349//349 233//233
f 1258//1258 349//349 1257//1257
f 1259//1259 349//349 1258//1258
f 349//349 1259//1259 431//431
f 1259//1259 433//433 431//431
f 433//433 1259//1259 1260//1260
f 1260//1260 435//435 433//433
f 435//435 1260//1260 1261//1261
f 1261//1261 491//491 435//435
f 491//491 1261//1261 1262//1262
f 497//497 1262//1262 1263//1263
f 1262//1262 497//497 491//491
f 498//498 1263//1263 1264//1264
f 1263//1263 498//498 497//497
f 437//437 1264//1264 1265//1265
f 1264//1264 437//437 498//498
f 1266//1266 437//437 1265//1265
f 437//437 1266//1266 438//438
f 1267//1267 438//438 1266//1266
f 438//438 1267//1267 500//500
f 1268//1268 500//500 1267//1267
f 500//500 1268//1268 439//439
f 1269//1269 439//439 1268//1268
f 439//439 1269//1269 499//499
f 1270//1270 499//499 1269//1269
f 499//499 1270//1270 436//436
f 1271//1271 436//436 1270//1270
f 436//436 1271//1271 434//434
f 1272//1272 434//434 1271//1271
f 434//434 1272//1272 432//432
f 1273//1273 432//432 1272//1272
f 432//432 1273//1273 350//350
f 1274//1274 350//350 1273//1273
f 350//350 1274//1274 345//345
f 1275//1275 345//345 1274//1274
f 1276//1276 345//345 1275//1275
f 345//345 1276//1276 343//343
f 1277//1277 343//343 1276//1276
f 343//343 1277//1277 346//346
f 1278//1278 346//346 1277//1277
f 346//346 1278//1278 488//488
f 1279//1279 488//488 1278//1278
f 488//488 1279//1279 424//424
f 1280//1280 424//424 1279//1279
f 424//424 1280//1280 425//425
f 1281//1281 425//425 1280//1280
f 425//425 1281//1281 505//505
f 1282//1282 505//505 1281//1281
f 505//505 1282//1282 506//506
f 1283//1283 506//506 1282//1282
f 506//506 1283//1283 507//507
f 1284//1284 507//507 1283//1283
f 507//507 1284//1284 508//508
f 1285//1285 508//508 1284//1284
f 508//508 1285//1285 509//509
f 1286//1286 509//509 1285//1285
f 509//509 1286//1286 489//489
f 1287//1287 489//489 1286//1286
f 489//489 1287//1287 510//510
f 1288//1288 510//510 1287//1287
f 510//510 1288//1288 512//512
f 1289//1289 512//512 1288//1288
f 512//512 1289//1289 513//513
f 1290//1290 513//513 1289//1289
f 513//513 1290//1290 514//514
f 1291//1291 514//514 1290//1290
f 514//514 1291//1291 511//511
f 1292//1292 511//511 1291//1291
f 511//511 1292//1292 496//496
f 1293//1293 496//496 1292//1292
f 496//496 1293//1293 493//493
f 1294//1294 493//493 1293//1293
f 493//493 1294//1294 501//501
f 1294//1294 503//503 501//501
f 503//503 1294//1294 1295//1295
f 1295//1295 515//515 503//503
f 515//515 1295//1295 1296//1296
f 1296//1296 516//516 515//515
f 516//516 1296//1296 1297//1297
f 1297//1297 518//518 516//516
f 518//518 1297//1297 1298//1298
f 1298//1298 520//520 518//518
f 520//520 1298//1298 1299//1299
f 1299//1299 521//521 520//520
f 521//521 1299//1299 1300//1300
f 1300//1300 519//519 521//521
f 519//519 1300//1300 1301//1301
f 1301//1301 517//517 519//519
f 517//517 1301//1301 1302//1302
f 1302//1302 504//504 517//517
f 504//504 1302//1302 1303//1303
f 1304//1304 504//504 1303//1303
f 504//504 1304//1304 502//502
f 1305//1305 502//502 1304//1304
f 502//502 1305//1305 494//494
f 1306//1306 494//494 1305//1305
f 494//494 1306//1306 492//492
f 1307//1307 492//492 1306//1306
f 492//492 1307//1307 495//495
f 1308//1308 495//495 1307//1307
f 495//495 1308//1308 490//490
f 426//426 1308//1308 1309//1309
f 1308//1308 426//426 490//490
f 341//341 1309//1309 1310//1310
f 1309//1309 341//341 426//426
f 1310//1310 340//340 341//341
f 340//340 1310//1310 1311//1311
f 1311//1311 232//232 340//340
f 232//232 1311//1311 1312//1312
f 1312//1312 342//342 232//232
f 342//342 1312//1312 1313//1313
f 1313//1313 347//347 342//342
f 347//347 1313//1313 1314//1314
f 1314//1314 348//348 347//347
f 348//348 1314//1314 1315//1315
f 1315//1315 354//354 348//348
f 354//354 1315//1315 1316//1316
f 1316//1316 352//352 354//354
f 352//352 1316//1316 1317//1317
f 1317//1317 428//428 352//352
f 428//428 1317//1317 1318//1318
f 1318//1318 362//362 428//428
f 362//362 1318//1318 1319//1319
f 1319//1319 363//363 362//362
f 363//363 1319//1319 1320//1320
f 1320//1320 366//366 363//363
f 366//366 1320//1320 1321//1321
f 1321//1321 367//367 366//366
f 367//367 1321//1321 1322//1322
f 1322//1322 373//373 367//367
f 373//373 1322//1322 1323//1323
f 1323//1323 380//380 373//373
f 380//380 1323//1323 1324//1324
f 1324//1324 389//389 380//380
f 389//389 1324//1324 1325//1325
f 387//387 1325//1325 1326//1326
f 1325//1325 387//387 389//389
f 385//385 1326//1326 1327//1327
f 1326//1326 385//385 387//387
f 408//408 1327//1327 1328//1328
f 1327//1327 408//408 385//385
f 420//420 1328//1328 1329//1329
f 1328//1328 420//420 408//408
f 1330//1330 420//420 1329//1329
f 1331//1331 1330//1330 1332//1332
f 1333//1333 1330//1330 1331//1331
f 1334//1334 1330//1330 1333//1333
f 420//420 1330//1330 1334//1334
f 457//457 1334//1334 1335//1335
f 457//457 420//420 1334//1334
f 1336//1336 1330//1330 1337//1337
f 1332//1332 1330//1330 1336//1336
f 1338//1338 1337//1337 1330//1330
f 1339//1339 1338//1338 1340//1340
f 1337//1337 1338//1338 1339//1339
f 1340//1340 1338//1338 1341//1341
f 1342//1342 1341//1341 1338//1338
f 1343//1343 1341//1341 1342//1342
f 1344//1344 1343//1343 1342//1342
f 1345//1345 1344//1344 1342//1342
f 1346//1346 1345//1345 1342//1342
f 1346//1346 1342//1342 1347//1347
f 1348//1348 1347//1347 1342//1342
f 1349//1349 1348//1348 1350//1350
f 1351//1351 1348//1348 1349//1349
f 1347//1347 1348//1348 1351//1351
f 1350//1350 1348//1348 1352//1352
f 1353//1353 1352//1352 1348//1348
f 1354//1354 1353//1353 1355//1355
f 1352//1352 1353//1353 1354//1354
f 1356//1356 1353//1353 1357//1357
f 1355//1355 1353//1353 1356//1356
f 1358//1358 1357//1357 1353//1353
f 1359//1359 1357//1357 1358//1358
f 1360//1360 1361//1361 412//412
f 1357//1357 1359//1359 1362//1362
f 412//412 1363//1363 1360//1360
f 412//412 1364//1364 1363//1363
f 412//412 413//413 1364//1364
f 1365//1365 1366//1366 1359//1359
f 1367//1367 1359//1359 1366//1366
f 459//459 412//412 1361//1361
f 1361//1361 1368//1368 459//459
f 1362//1362 1359//1359 1367//1367
f 1369//1369 1370//1370 1365//1365
f 1371//1371 1370//1370 1369//1369
f 1372//1372 1365//1365 1370//1370
f 460//460 459//459 1368//1368
f 1368//1368 1373//1373 460//460
f 1366//1366 1365//1365 1372//1372
f 1374//1374 461//461 1375//1375
f 1376//1376 1377//1377 1371//1371
f 1378//1378 1371//1371 1377//1377
f 461//461 460//460 1373//1373
f 1373//1373 1375//1375 461//461
f 1370//1370 1371//1371 1378//1378
f 1379//1379 1380//1380 1376//1376
f 1381//1381 1376//1376 1380//1380
f 1377//1377 1376//1376 1381//1381
f 1382//1382 1383//1383 462//462
f 462//462 1374//1374 1382//1382
f 462//462 461//461 1374//1374
f 1384//1384 1385//1385 1379//1379
f 1386//1386 1379//1379 1385//1385
f 1380//1380 1379//1379 1386//1386
f 1387//1387 1388//1388 463//463
f 463//463 1383//1383 1387//1387
f 463//463 462//462 1383//1383
f 1385//1385 1384//1384 1389//1389
f 455//455 1388//1388 1390//1390
f 455//455 463//463 1388//1388
f 1391//1391 1392//1392 1384//1384
f 1389//1389 1384//1384 1392//1392
f 456//456 455//455 1393//1393
f 1394//1394 1391//1391 1395//1395
f 1392//1392 1391//1391 1394//1394
f 1396//1396 1397//1397 1391//1391
f 1395//1395 1391//1391 1397//1397
f 1397//1397 1396//1396 1398//1398
f 418//418 456//456 1399//1399
f 1398//1398 1396//1396 1400//1400
f 1401//1401 1400//1400 1396//1396
f 1400//1400 1401//1401 1402//1402
f 1403//1403 1404//1404 419//419
f 419//419 418//418 1403//1403
f 1405//1405 1401//1401 1406//1406
f 1402//1402 1401//1401 1405//1405
f 1407//1407 1406//1406 1401//1401
f 1406//1406 1407//1407 1408//1408
f 452//452 1404//1404 1409//1409
f 452//452 419//419 1404//1404
f 1410//1410 1411//1411 1407//1407
f 1408//1408 1407//1407 1411//1411
f 453//453 1412//1412 1413//1413
f 453//453 452//452 1412//1412
f 1414//1414 1410//1410 1415//1415
f 1411//1411 1410//1410 1414//1414
f 1413//1413 1416//1416 453//453
f 1415//1415 1410//1410 1417//1417
f 1418//1418 1417//1417 1410//1410
f 1417//1417 1418//1418 1419//1419
f 1420//1420 1421//1421 465//465
f 465//465 1416//1416 1420//1420
f 465//465 453//453 1416//1416
f 1419//1419 1418//1418 1422//1422
f 1423//1423 1422//1422 1418//1418
f 1424//1424 1423//1423 1425//1425
f 1426//1426 1423//1423 1424//1424
f 1427//1427 1423//1423 1426//1426
f 1422//1422 1423//1423 1427//1427
f 467//467 1428//1428 1429//1429
f 467//467 1421//1421 1428//1428
f 467//467 465//465 1421//1421
f 1430//1430 1431//1431 1423//1423
f 1425//1425 1423//1423 1431//1431
f 318//318 467//467 1432//1432
f 1433//1433 1432//1432 467//467
f 1434//1434 1430//1430 1435//1435
f 1436//1436 1430//1430 1434//1434
f 1437//1437 1430//1430 1436//1436
f 1431//1431 1430//1430 1437//1437
f 1438//1438 1430//1430 1439//1439
f 1435//1435 1430//1430 1438//1438
f 1440//1440 1439//1439 1430//1430
f 472//472 319//319 1441//1441
f 1439//1439 1440//1440 1442//1442
f 1443//1443 1440//1440 1444//1444
f 1442//1442 1440//1440 1443//1443
f 1445//1445 1444//1444 1440//1440
f 1446//1446 1447//1447 1445//1445
f 1448//1448 1445//1445 1447//1447
f 1449//1449 1445//1445 1448//1448
f 1444//1444 1445//1445 1449//1449
f 1450//1450 468//468 472//472
f 1451//1451 1452//1452 1446//1446
f 1453//1453 1446//1446 1452//1452
f 1454//1454 1446//1446 1453//1453
f 1455//1455 1446//1446 1454//1454
f 1456//1456 1446//1446 1455//1455
f 1457//1457 1446//1446 1456//1456
f 1447//1447 1446//1446 1457//1457
f 1458//1458 471//471 1450//1450
f 1459//1459 471//471 1458//1458
f 1460//1460 471//471 1459//1459
f 1461//1461 471//471 1460//1460
f 468//468 1450//1450 471//471
f 1462//1462 1463//1463 1451//1451
f 1464//1464 1451//1451 1463//1463
f 1465//1465 1451//1451 1464//1464
f 1466//1466 473//473 1461//1461
f 1467//1467 473//473 1466//1466
f 1468//1468 473//473 1467//1467
f 1469//1469 473//473 1468//1468
f 1452//1452 1451//1451 1465//1465
f 471//471 1461//1461 473//473
f 1470//1470 1471//1471 1462//1462
f 1472//1472 1462//1462 1471//1471
f 1473//1473 1462//1462 1472//1472
f 1474//1474 1462//1462 1473//1473
f 1475//1475 1462//1462 1474//1474
f 1476//1476 1462//1462 1475//1475
f 1463//1463 1462//1462 1476//1476
f 1477//1477 476//476 1469//1469
f 1478//1478 476//476 1477//1477
f 1479//1479 476//476 1478//1478
f 1480//1480 476//476 1479//1479
f 473//473 1469//1469 476//476
f 1481//1481 1482//1482 1470//1470
f 1483//1483 1470//1470 1482//1482
f 1471//1471 1470//1470 1483//1483
f 476//476 1480//1480 480//480
f 1484//1484 480//480 1480//1480
f 1482//1482 1481//1481 1485//1485
f 1486//1486 1485//1485 1481//1481
f 1484//1484 1487//1487 481//481
f 1485//1485 1486//1486 1488//1488
f 481//481 480//480 1484//1484
f 1487//1487 1489//1489 479//479
f 1488//1488 1486//1486 1490//1490
f 479//479 481//481 1487//1487
f 1486//1486 1491//1491 1490//1490
f 1492//1492 1490//1490 1491//1491
f 1493//1493 1494//1494 479//479
f 1489//1489 1493//1493 479//479
f 1495//1495 1492//1492 1491//1491
f 478//478 479//479 1494//1494
f 1491//1491 1496//1496 1495//1495
f 1497//1497 1495//1495 1496//1496
f 1498//1498 1499//1499 478//478
f 1494//1494 1498//1498 478//478
f 1500//1500 1497//1497 1496//1496
f 477//477 478//478 1499//1499
f 1501//1501 1500//1500 1496//1496
f 1502//1502 1501//1501 1496//1496
f 1503//1503 1502//1502 1496//1496
f 1499//1499 1504//1504 477//477
f 474//474 477//477 1504//1504
f 1496//1496 1505//1505 1503//1503
f 1506//1506 1503//1503 1505//1505
f 1504//1504 1507//1507 474//474
f 1505//1505 1508//1508 1506//1506
f 1509//1509 1506//1506 1508//1508
f 1510//1510 1511//1511 474//474
f 1512//1512 1510//1510 474//474
f 1507//1507 1512//1512 474//474
f 1513//1513 1509//1509 1508//1508
f 475//475 474//474 1511//1511
f 1514//1514 1513//1513 1508//1508
f 1515//1515 1514//1514 1508//1508
f 1516//1516 1515//1515 1508//1508
f 1517//1517 1518//1518 475//475
f 1519//1519 1517//1517 475//475
f 1511//1511 1519//1519 475//475
f 469//469 475//475 1518//1518
f 1508//1508 1520//1520 1516//1516
f 1521//1521 1516//1516 1520//1520
f 470//470 469//469 1518//1518
f 1522//1522 1521//1521 1520//1520
f 1523//1523 1522//1522 1520//1520
f 1524//1524 1523//1523 1520//1520
f 470//470 1524//1524 1520//1520
f 1525//1525 470//470 1520//1520
f 470//470 1525//1525 317//317
f 1526//1526 317//317 1525//1525
f 1527//1527 317//317 1526//1526
f 317//317 1527//1527 466//466
f 466//466 1527//1527 464//464
f 1528//1528 464//464 1527//1527
f 1529//1529 464//464 1528//1528
f 464//464 1529//1529 451//451
f 1530//1530 451//451 1529//1529
f 451//451 1530//1530 417//417
f 1531//1531 417//417 1530//1530
f 417//417 1531//1531 454//454
f 1532//1532 454//454 1531//1531
f 454//454 1532//1532 450//450
f 1533//1533 450//450 1532//1532
f 1534//1534 450//450 1533//1533
f 450//450 1534//1534 409//409
f 1535//1535 409//409 1534//1534
f 409//409 1535//1535 405//405
f 1536//1536 405//405 1535//1535
f 405//405 1536//1536 404//404
f 1537//1537 404//404 1536//1536
f 404//404 1537//1537 444//444
f 1538//1538 444//444 1537//1537
f 444//444 1538//1538 386//386
f 1539//1539 386//386 1538//1538
f 386//386 1539//1539 397//397
f 1540//1540 397//397 1539//1539
f 397//397 1540//1540 398//398
f 1541//1541 398//398 1540//1540
f 398//398 1541//1541 388//388
f 1542//1542 388//388 1541//1541
f 388//388 1542//1542 392//392
f 1543//1543 392//392 1542//1542
f 392//392 1543//1543 393//393
f 1544//1544 393//393 1543//1543
f 393//393 1544//1544 381//381
f 1545//1545 381//381 1544//1544
f 381//381 1545//1545 382//382
f 1546//1546 382//382 1545//1545
f 382//382 1546//1546 440//440
f 1547//1547 440//440 1546//1546
f 440//440 1547//1547 374//374
f 1548//1548 374//374 1547//1547
f 374//374 1548//1548 375//375
f 1549//1549 375//375 1548//1548
f 375//375 1549//1549 368//368
f 1550//1550 368//368 1549//1549
f 368//368 1550//1550 369//369
f 1551//1551 369//369 1550//1550
f 1552//1552 369//369 1551//1551
f 369//369 1552//1552 365//365
f 1553//1553 365//365 1552//1552
f 365//365 1553//1553 430//430
f 1554//1554 430//430 1553//1553
f 430//430 1554//1554 361//361
f 1555//1555 361//361 1554//1554
f 361//361 1555//1555 429//429
f 1556//1556 429//429 1555//1555
f 429//429 1556//1556 423//423
f 1557//1557 423//423 1556//1556
f 423//423 1557//1557 353//353
f 1558//1558 353//353 1557//1557
f 353//353 1558//1558 427//427
f 1559//1559 427//427 1558//1558
f 427//427 1559//1559 344//344
f 1560//1560 344//344 1559//1559
f 344//344 1560//1560 249//249
f 1561//1561 249//249 1560//1560
f 249//249 1561//1561 250//250
f 201//201 250//250 1562//1562
f 1561//1561 1562//1562 250//250
f 1563//1563 201//201 1562//1562
f 201//201 1563//1563 267//267
f 1564//1564 267//267 1563//1563
f 267//267 1564//1564 265//265
f 1565//1565 265//265 1564//1564
f 265//265 1565//1565 259//259
f 1566//1566 259//259 1565//1565
f 259//259 1566//1566 258//258
f 1567//1567 258//258 1566//1566
f 258//258 1567//1567 255//255
f 1568//1568 1569//1569 255//255
f 1567//1567 1568//1568 255//255
f 255//255 1569//1569 336//336
f 1570//1570 336//336 1569//1569
f 336//336 1570//1570 337//337
f 1571//1571 337//337 1570//1570
f 337//337 1571//1571 252//252
f 1572//1572 252//252 1571//1571
f 252//252 1572//1572 170//170
f 1573//1573 170//170 1572//1572
f 170//170 1573//1573 244//244
f 1574//1574 244//244 1573//1573
f 244//244 1574//1574 243//243
f 1575//1575 243//243 1574//1574
f 243//243 1575//1575 223//223
f 1576//1576 223//223 1575//1575
f 223//223 1576//1576 224//224
f 1577//1577 224//224 1576//1576
f 224//224 1577//1577 240//240
f 1578//1578 240//240 1577//1577
f 240//240 1578//1578 228//228
f 1579//1579 228//228 1578//1578
f 1580//1580 228//228 1579//1579
f 228//228 1580//1580 226//226
f 226//226 1580//1580 220//220
f 1581//1581 220//220 1580//1580
f 220//220 1581//1581 221//221
f 1582//1582 221//221 1581//1581
f 221//221 1582//1582 330//330
f 1583//1583 330//330 1582//1582
f 330//330 1583//1583 182//182
f 1584//1584 182//182 1583//1583
f 182//182 1584//1584 183//183
f 1585//1585 183//183 1584//1584
f 183//183 1585//1585 204//204
f 1586//1586 204//204 1585//1585
f 204//204 1586//1586 310//310
f 1587//1587 310//310 1586//1586
f 310//310 1587//1587 308//308
f 1588//1588 308//308 1587//1587
f 308//308 1588//1588 198//198
f 1589//1589 198//198 1588//1588
f 198//198 1589//1589 196//196
f 1590//1590 196//196 1589//1589
f 196//196 1590//1590 194//194
f 1591//1591 194//194 1590//1590
f 194//194 1591//1591 299//299
f 1592//1592 299//299 1591//1591
f 1593//1593 299//299 1592//1592
f 1594//1594 299//299 1593//1593
f 299//299 1594//1594 162//162
f 1595//1595 162//162 1594//1594
f 1596//1596 162//162 1595//1595
f 1597//1597 162//162 1596//1596
f 162//162 1597//1597 295//295
f 1598//1598 295//295 1597//1597
f 1599//1599 295//295 1598//1598
f 295//295 1599//1599 130//130
f 1600//1600 130//130 1599//1599
f 130//130 1600//1600 113//113
f 1601//1601 113//113 1600//1600
f 113//113 1601//1601 126//126
f 1602//1602 126//126 1601//1601
f 126//126 1602//1602 124//124
f 1603//1603 124//124 1602//1602
f 124//124 1603//1603 151//151
f 1604//1604 151//151 1603//1603
f 151//151 1604//1604 153//153
f 1605//1605 153//153 1604//1604
f 153//153 1605//1605 133//133
f 1606//1606 133//133 1605//1605
f 133//133 1606//1606 150//150
f 1607//1607 150//150 1606//1606
f 150//150 1607//1607 148//148
f 1608//1608 148//148 1607//1607
f 148//148 1608//1608 193//193
f 1609//1609 193//193 1608//1608
f 193//193 1609//1609 191//191
f 1610//1610 191//191 1609//1609
f 191//191 1610//1610 161//161
f 1611//1611 161//161 1610//1610
f 161//161 1611//1611 237//237
f 1612//1612 237//237 1611//1611
f 237//237 1612//1612 235//235
f 1613//1613 235//235 1612//1612
f 235//235 1613//1613 277//277
f 1614//1614 277//277 1613//1613
f 277//277 1614//1614 175//175
f 1615//1615 175//175 1614//1614
f 175//175 1615//1615 304//304
f 1616//1616 304//304 1615//1615
f 304//304 1616//1616 334//334
f 1617//1617 334//334 1616//1616
f 334//334 1617//1617 139//139
f 527//527 139//139 1617//1617
f 139//139 527//527 140//140
f 1618//1618 1619//1619 1620//1620
f 1621//1621 1215//1215 1218//1218
f 1619//1619 1622//1622 1623//1623
f 1620//1620 1619//1619 1624//1624
f 1623//1623 1624//1624 1619//1619
f 1622//1622 1625//1625 1626//1626
f 1626//1626 1623//1623 1622//1622
f 1625//1625 1627//1627 1628//1628
f 1628//1628 1626//1626 1625//1625
f 1627//1627 1629//1629 1630//1630
f 1630//1630 1628//1628 1627//1627
f 1515//1515 1631//1631 1514//1514
f 1629//1629 1632//1632 1633//1633
f 1630//1630 1629//1629 1634//1634
f 1633//1633 1634//1634 1629//1629
f 1632//1632 1635//1635 1636//1636
f 1636//1636 1633//1633 1632//1632
f 1637//1637 1635//1635 1638//1638
f 1637//1637 1636//1636 1635//1635
f 1638//1638 1639//1639 1637//1637
f 1639//1639 1640//1640 1641//1641
f 1641//1641 1637//1637 1639//1639
f 1640//1640 1642//1642 1643//1643
f 1643//1643 1641//1641 1640//1640
f 1642//1642 1644//1644 1645//1645
f 1643//1643 1642//1642 1646//1646
f 1647//1647 1648//1648 1649//1649
f 1645//1645 1646//1646 1642//1642
f 1644//1644 1650//1650 1651//1651
f 1645//1645 1644//1644 1652//1652
f 1651//1651 1652//1652 1644//1644
f 1650//1650 1653//1653 1654//1654
f 1651//1651 1650//1650 1655//1655
f 1654//1654 1655//1655 1650//1650
f 1656//1656 1657//1657 1658//1658
f 1653//1653 1659//1659 1660//1660
f 1654//1654 1653//1653 1661//1661
f 1660//1660 1661//1661 1653//1653
f 1662//1662 1656//1656 1663//1663
f 1664//1664 1337//1337 1339//1339
f 1664//1664 1336//1336 1337//1337
f 1664//1664 1665//1665 1336//1336
f 1660//1660 1659//1659 1666//1666
f 1666//1666 1659//1659 1667//1667
f 1667//1667 1659//1659 1668//1668
f 1668//1668 1659//1659 1669//1669
f 1669//1669 1659//1659 1670//1670
f 1671//1671 1672//1672 1673//1673
f 1670//1670 1659//1659 1674//1674
f 1674//1674 1659//1659 1675//1675
f 1659//1659 1676//1676 1677//1677
f 1675//1675 1659//1659 1678//1678
f 1677//1677 1678//1678 1659//1659
f 1679//1679 1671//1671 1680//1680
f 1677//1677 1676//1676 1681//1681
f 1682//1682 1679//1679 1683//1683
f 1681//1681 1676//1676 1684//1684
f 1684//1684 1676//1676 1685//1685
f 1352//1352 1354//1354 1400//1400
f 1686//1686 1426//1426 1425//1425
f 1344//1344 1687//1687 1343//1343
f 1344//1344 1422//1422 1687//1687
f 1688//1688 1687//1687 1427//1427
f 1345//1345 1415//1415 1417//1417
f 1438//1438 1439//1439 1689//1689
f 1434//1434 1690//1690 1436//1436
f 1689//1689 1443//1443 1691//1691
f 1692//1692 1454//1454 1453//1453
f 1449//1449 1448//1448 1693//1693
f 1694//1694 1695//1695 1696//1696
f 1475//1475 1474//1474 1697//1697
f 1692//1692 1464//1464 1698//1698
f 1699//1699 1700//1700 1701//1701
f 1700//1700 1702//1702 1703//1703
f 1704//1704 1476//1476 1705//1705
f 1706//1706 1497//1497 1500//1500
f 1706//1706 1495//1495 1497//1497
f 1706//1706 1492//1492 1495//1495
f 1706//1706 1699//1699 1492//1492
f 1697//1697 1707//1707 1708//1708
f 1709//1709 1710//1710 1711//1711
f 1712//1712 1694//1694 1713//1713
f 1703//1703 1701//1701 1700//1700
f 1714//1714 1715//1715 1702//1702
f 1703//1703 1702//1702 1715//1715
f 1702//1702 1716//1716 1714//1714
f 1447//1447 1693//1693 1448//1448
f 1457//1457 1693//1693 1447//1447
f 1717//1717 1709//1709 1718//1718
f 1719//1719 1717//1717 1720//1720
f 1714//1714 1716//1716 1721//1721
f 1340//1340 1341//1341 1664//1664
f 1721//1721 1716//1716 1720//1720
f 1722//1722 1696//1696 1695//1695
f 1665//1665 1696//1696 1722//1722
f 1723//1723 1334//1334 1333//1333
f 1696//1696 1713//1713 1694//1694
f 1712//1712 1724//1724 1725//1725
f 1712//1712 1713//1713 1724//1724
f 1725//1725 1726//1726 1712//1712
f 1710//1710 1726//1726 1727//1727
f 1710//1710 1712//1712 1726//1726
f 1710//1710 1727//1727 1728//1728
f 1710//1710 1728//1728 1729//1729
f 1710//1710 1729//1729 1730//1730
f 1730//1730 1711//1711 1710//1710
f 1709//1709 1711//1711 1731//1731
f 1709//1709 1731//1731 1732//1732
f 1709//1709 1732//1732 1733//1733
f 1709//1709 1733//1733 1734//1734
f 1734//1734 1718//1718 1709//1709
f 1717//1717 1718//1718 1735//1735
f 1717//1717 1735//1735 1736//1736
f 1717//1717 1736//1736 1737//1737
f 1717//1717 1737//1737 1738//1738
f 1717//1717 1738//1738 1739//1739
f 1717//1717 1739//1739 1740//1740
f 1717//1717 1740//1740 1741//1741
f 1741//1741 1720//1720 1717//1717
f 1716//1716 1742//1742 1719//1719
f 1719//1719 1720//1720 1716//1716
f 1742//1742 1743//1743 1744//1744
f 1744//1744 1719//1719 1742//1742
f 1743//1743 1745//1745 1746//1746
f 1746//1746 1744//1744 1743//1743
f 1747//1747 1745//1745 1748//1748
f 1747//1747 1746//1746 1745//1745
f 1748//1748 1749//1749 1747//1747
f 1749//1749 1750//1750 1751//1751
f 1751//1751 1747//1747 1749//1749
f 1752//1752 1753//1753 1754//1754
f 1755//1755 1751//1751 1750//1750
f 1751//1751 1755//1755 1756//1756
f 1631//1631 1513//1513 1514//1514
f 1631//1631 1509//1509 1513//1513
f 1631//1631 1506//1506 1509//1509
f 1631//1631 1503//1503 1506//1506
f 1631//1631 1502//1502 1503//1503
f 1631//1631 1706//1706 1502//1502
f 1757//1757 1756//1756 1755//1755
f 1756//1756 1757//1757 1758//1758
f 1759//1759 1758//1758 1757//1757
f 1760//1760 1761//1761 1762//1762
f 1758//1758 1759//1759 1763//1763
f 1760//1760 1763//1763 1759//1759
f 1762//1762 1763//1763 1760//1760
f 1761//1761 1764//1764 1765//1765
f 1765//1765 1762//1762 1761//1761
f 1766//1766 1767//1767 1768//1768
f 1767//1767 1765//1765 1764//1764
f 1766//1766 1765//1765 1767//1767
f 1768//1768 1769//1769 1766//1766
f 1769//1769 1770//1770 1771//1771
f 1771//1771 1766//1766 1769//1769
f 1770//1770 1772//1772 1773//1773
f 1773//1773 1771//1771 1770//1770
f 1772//1772 1770//1770 1774//1774
f 1774//1774 1775//1775 1772//1772
f 1776//1776 1775//1775 1777//1777
f 1776//1776 1772//1772 1775//1775
f 1777//1777 1778//1778 1776//1776
f 1778//1778 1779//1779 1780//1780
f 1780//1780 1776//1776 1778//1778
f 1781//1781 1779//1779 1782//1782
f 1781//1781 1780//1780 1779//1779
f 1781//1781 1782//1782 1783//1783
f 1783//1783 1784//1784 1781//1781
f 1785//1785 1784//1784 1786//1786
f 1785//1785 1781//1781 1784//1784
f 1786//1786 1787//1787 1785//1785
f 1788//1788 1787//1787 1789//1789
f 1788//1788 1785//1785 1787//1787
f 1788//1788 1789//1789 1790//1790
f 1790//1790 1791//1791 1788//1788
f 1792//1792 1791//1791 1793//1793
f 1792//1792 1788//1788 1791//1791
f 1792//1792 1793//1793 1794//1794
f 1792//1792 1794//1794 1795//1795
f 1792//1792 1795//1795 1796//1796
f 1792//1792 1796//1796 1797//1797
f 1797//1797 1798//1798 1792//1792
f 1799//1799 1798//1798 1800//1800
f 1801//1801 1802//1802 1803//1803
f 1799//1799 1792//1792 1798//1798
f 1799//1799 1800//1800 1804//1804
f 1799//1799 1804//1804 1805//1805
f 1805//1805 1806//1806 1799//1799
f 1807//1807 1806//1806 1808//1808
f 1807//1807 1799//1799 1806//1806
f 1808//1808 1809//1809 1807//1807
f 1810//1810 1809//1809 1811//1811
f 1812//1812 1801//1801 1813//1813
f 1810//1810 1807//1807 1809//1809
f 1811//1811 1814//1814 1810//1810
f 1814//1814 1815//1815 1816//1816
f 1816//1816 1810//1810 1814//1814
f 1817//1817 1815//1815 1818//1818
f 1817//1817 1816//1816 1815//1815
f 1818//1818 1819//1819 1817//1817
f 1820//1820 1819//1819 1821//1821
f 1822//1822 1812//1812 1823//1823
f 1820//1820 1817//1817 1819//1819
f 1821//1821 1824//1824 1820//1820
f 1824//1824 1825//1825 1826//1826
f 1826//1826 1820//1820 1824//1824
f 1825//1825 1827//1827 1828//1828
f 1829//1829 1822//1822 1830//1830
f 1828//1828 1826//1826 1825//1825
f 1831//1831 1827//1827 1832//1832
f 1831//1831 1828//1828 1827//1827
f 1832//1832 1833//1833 1831//1831
f 1833//1833 1834//1834 1835//1835
f 1835//1835 1831//1831 1833//1833
f 1834//1834 1836//1836 1837//1837
f 1838//1838 1829//1829 1839//1839
f 1837//1837 1835//1835 1834//1834
f 1836//1836 1840//1840 1841//1841
f 1841//1841 1837//1837 1836//1836
f 1842//1842 1838//1838 1843//1843
f 1840//1840 1844//1844 1845//1845
f 1841//1841 1840//1840 1846//1846
f 1845//1845 1846//1846 1840//1840
f 1844//1844 1847//1847 1848//1848
f 1845//1845 1844//1844 1849//1849
f 1848//1848 1849//1849 1844//1844
f 1848//1848 1847//1847 1850//1850
f 1851//1851 1842//1842 1852//1852
f 1850//1850 1847//1847 1853//1853
f 1853//1853 1847//1847 1854//1854
f 1854//1854 1847//1847 1855//1855
f 1856//1856 1847//1847 1857//1857
f 1855//1855 1847//1847 1851//1851
f 1856//1856 1851//1851 1847//1847
f 1857//1857 1858//1858 1856//1856
f 1356//1356 1385//1385 1389//1389
f 1858//1858 1859//1859 1860//1860
f 1860//1860 1856//1856 1858//1858
f 1859//1859 1861//1861 1862//1862
f 1862//1862 1860//1860 1859//1859
f 1219//1219 1222//1222 1218//1218
f 1863//1863 1862//1862 1861//1861
f 1864//1864 1121//1121 1120//1120
f 1116//1116 1864//1864 1120//1120
f 1115//1115 1864//1864 1116//1116
f 1865//1865 1864//1864 1115//1115
f 1115//1115 1114//1114 1865//1865
f 1134//1134 1866//1866 1135//1135
f 1133//1133 1866//1866 1134//1134
f 1867//1867 1866//1866 1133//1133
f 1866//1866 1137//1137 1136//1136
f 1867//1867 1133//1133 1132//1132
f 1136//1136 1135//1135 1866//1866
f 1867//1867 1132//1132 1131//1131
f 1131//1131 1152//1152 1867//1867
f 1868//1868 1146//1146 1150//1150
f 1869//1869 1146//1146 1868//1868
f 1868//1868 1870//1870 1869//1869
f 1871//1871 1870//1870 1872//1872
f 1871//1871 1869//1869 1870//1870
f 1872//1872 1873//1873 1871//1871
f 1648//1648 1873//1873 1874//1874
f 1648//1648 1871//1871 1873//1873
f 1648//1648 1874//1874 1875//1875
f 1875//1875 1649//1649 1648//1648
f 1647//1647 1649//1649 1876//1876
f 1876//1876 1877//1877 1647//1647
f 1657//1657 1877//1877 1878//1878
f 1657//1657 1647//1647 1877//1877
f 1878//1878 1658//1658 1657//1657
f 1656//1656 1658//1658 1879//1879
f 1879//1879 1663//1663 1656//1656
f 1662//1662 1663//1663 1880//1880
f 1880//1880 1881//1881 1662//1662
f 1881//1881 1673//1673 1672//1672
f 1672//1672 1662//1662 1881//1881
f 1671//1671 1673//1673 1882//1882
f 1882//1882 1680//1680 1671//1671
f 1680//1680 1683//1683 1679//1679
f 1682//1682 1683//1683 1685//1685
f 1682//1682 1685//1685 1676//1676
f 1676//1676 1883//1883 1682//1682
f 1883//1883 1884//1884 1885//1885
f 1682//1682 1883//1883 1886//1886
f 1885//1885 1886//1886 1883//1883
f 1884//1884 1887//1887 1888//1888
f 1888//1888 1885//1885 1884//1884
f 1475//1475 1705//1705 1476//1476
f 1887//1887 1889//1889 1890//1890
f 1888//1888 1887//1887 1891//1891
f 1890//1890 1891//1891 1887//1887
f 1889//1889 1892//1892 1893//1893
f 1890//1890 1889//1889 1894//1894
f 1893//1893 1894//1894 1889//1889
f 1892//1892 1895//1895 1896//1896
f 1893//1893 1892//1892 1897//1897
f 1896//1896 1897//1897 1892//1892
f 1895//1895 1898//1898 1899//1899
f 1899//1899 1896//1896 1895//1895
f 1898//1898 1754//1754 1753//1753
f 1753//1753 1899//1899 1898//1898
f 1752//1752 1754//1754 1900//1900
f 1900//1900 1901//1901 1752//1752
f 1901//1901 1902//1902 1903//1903
f 1903//1903 1752//1752 1901//1901
f 1902//1902 1904//1904 1905//1905
f 1905//1905 1903//1903 1902//1902
f 1904//1904 1906//1906 1907//1907
f 1907//1907 1905//1905 1904//1904
f 1906//1906 1908//1908 1909//1909
f 1909//1909 1907//1907 1906//1906
f 1910//1910 1911//1911 1908//1908
f 1908//1908 1912//1912 1910//1910
f 1909//1909 1908//1908 1911//1911
f 1913//1913 1914//1914 1915//1915
f 1912//1912 1913//1913 1916//1916
f 1916//1916 1910//1910 1912//1912
f 1456//1456 1917//1917 1457//1457
f 1916//1916 1913//1913 1918//1918
f 1915//1915 1918//1918 1913//1913
f 1915//1915 1914//1914 1919//1919
f 1914//1914 1920//1920 1921//1921
f 1919//1919 1914//1914 1922//1922
f 1921//1921 1922//1922 1914//1914
f 1921//1921 1920//1920 1923//1923
f 1923//1923 1920//1920 1924//1924
f 1920//1920 1925//1925 1926//1926
f 1924//1924 1920//1920 1927//1927
f 1926//1926 1927//1927 1920//1920
f 1431//1431 1686//1686 1425//1425
f 1437//1437 1686//1686 1431//1431
f 1928//1928 1929//1929 1925//1925
f 1664//1664 1343//1343 1687//1687
f 1926//1926 1925//1925 1930//1930
f 1930//1930 1925//1925 1931//1931
f 1931//1931 1925//1925 1929//1929
f 1929//1929 1928//1928 1932//1932
f 1932//1932 1928//1928 1933//1933
f 1411//1411 1351//1351 1408//1408
f 1414//1414 1351//1351 1411//1411
f 1933//1933 1928//1928 1934//1934
f 1928//1928 1803//1803 1935//1935
f 1934//1934 1928//1928 1936//1936
f 1935//1935 1936//1936 1928//1928
f 1935//1935 1803//1803 1937//1937
f 1801//1801 1803//1803 1938//1938
f 1937//1937 1803//1803 1802//1802
f 1801//1801 1938//1938 1939//1939
f 1939//1939 1813//1813 1801//1801
f 1812//1812 1813//1813 1940//1940
f 1812//1812 1940//1940 1941//1941
f 1941//1941 1823//1823 1812//1812
f 1822//1822 1823//1823 1942//1942
f 1942//1942 1830//1830 1822//1822
f 1829//1829 1830//1830 1943//1943
f 1943//1943 1839//1839 1829//1829
f 1838//1838 1839//1839 1944//1944
f 1944//1944 1843//1843 1838//1838
f 1842//1842 1843//1843 1945//1945
f 1842//1842 1945//1945 1946//1946
f 1946//1946 1852//1852 1842//1842
f 1851//1851 1852//1852 1947//1947
f 1146//1146 1867//1867 1152//1152
f 1869//1869 1867//1867 1146//1146
f 1851//1851 1947//1947 1855//1855
f 1707//1707 1948//1948 1949//1949
f 1949//1949 1708//1708 1707//1707
f 1950//1950 1949//1949 1948//1948
f 1864//1864 1122//1122 1121//1121
f 1620//1620 1210//1210 1618//1618
f 1137//1137 1951//1951 1138//1138
f 1866//1866 1951//1951 1137//1137
f 1113//1113 1865//1865 1114//1114
f 1138//1138 1865//1865 1113//1113
f 1951//1951 1865//1865 1138//1138
f 1222//1222 1223//1223 1218//1218
f 1621//1621 1213//1213 1215//1215
f 1621//1621 1212//1212 1213//1213
f 1621//1621 1618//1618 1212//1212
f 1212//1212 1618//1618 1210//1210
f 1230//1230 1223//1223 1225//1225
f 1230//1230 1621//1621 1223//1223
f 1621//1621 1218//1218 1223//1223
f 1424//1424 1425//1425 1426//1426
f 1688//1688 1427//1427 1686//1686
f 1343//1343 1664//1664 1341//1341
f 1333//1333 1331//1331 1723//1723
f 1336//1336 1665//1665 1332//1332
f 1405//1405 1350//1350 1402//1402
f 1349//1349 1350//1350 1405//1405
f 1332//1332 1723//1723 1331//1331
f 1722//1722 1332//1332 1665//1665
f 1722//1722 1723//1723 1332//1332
f 1347//1347 1351//1351 1414//1414
f 1406//1406 1351//1351 1405//1405
f 1354//1354 1355//1355 1394//1394
f 1397//1397 1354//1354 1395//1395
f 1398//1398 1354//1354 1397//1397
f 1400//1400 1354//1354 1398//1398
f 1355//1355 1356//1356 1392//1392
f 1366//1366 1378//1378 1367//1367
f 1372//1372 1378//1378 1366//1366
f 1370//1370 1378//1378 1372//1372
f 1362//1362 1367//1367 1378//1378
f 1377//1377 1362//1362 1378//1378
f 1381//1381 1362//1362 1377//1377
f 1380//1380 1362//1362 1381//1381
f 1386//1386 1362//1362 1380//1380
f 1385//1385 1362//1362 1386//1386
f 1357//1357 1362//1362 1385//1385
f 1502//1502 1706//1706 1501//1501
f 1474//1474 1473//1473 1707//1707
f 1488//1488 1490//1490 1699//1699
f 1492//1492 1699//1699 1490//1490
f 1472//1472 1707//1707 1473//1473
f 1471//1471 1707//1707 1472//1472
f 1483//1483 1707//1707 1471//1471
f 1482//1482 1707//1707 1483//1483
f 1701//1701 1707//1707 1482//1482
f 1465//1465 1692//1692 1452//1452
f 1464//1464 1692//1692 1465//1465
f 1463//1463 1704//1704 1464//1464
f 1476//1476 1704//1704 1463//1463
f 1697//1697 1705//1705 1475//1475
f 1698//1698 1464//1464 1704//1704
f 1707//1707 1697//1697 1474//1474
f 1706//1706 1500//1500 1501//1501
f 1455//1455 1952//1952 1456//1456
f 1693//1693 1457//1457 1917//1917
f 1917//1917 1456//1456 1952//1952
f 1454//1454 1952//1952 1455//1455
f 1692//1692 1952//1952 1454//1454
f 1444//1444 1691//1691 1443//1443
f 1449//1449 1691//1691 1444//1444
f 1693//1693 1691//1691 1449//1449
f 1953//1953 1436//1436 1690//1690
f 1442//1442 1689//1689 1439//1439
f 1443//1443 1689//1689 1442//1442
f 1435//1435 1690//1690 1434//1434
f 1438//1438 1690//1690 1435//1435
f 1689//1689 1690//1690 1438//1438
f 1436//1436 1953//1953 1437//1437
f 1427//1427 1687//1687 1422//1422
f 1686//1686 1437//1437 1953//1953
f 1346//1346 1347//1347 1415//1415
f 1422//1422 1344//1344 1419//1419
f 1453//1453 1452//1452 1692//1692
f 1389//1389 1392//1392 1356//1356
f 1417//1417 1344//1344 1345//1345
f 1417//1417 1419//1419 1344//1344
f 1385//1385 1356//1356 1357//1357
f 1426//1426 1686//1686 1427//1427
f 1415//1415 1345//1345 1346//1346
f 1414//1414 1415//1415 1347//1347
f 1664//1664 1339//1339 1340//1340
f 1392//1392 1394//1394 1355//1355
f 1394//1394 1395//1395 1354//1354
f 1349//1349 1405//1405 1351//1351
f 1406//1406 1408//1408 1351//1351
f 1400//1400 1350//1350 1352//1352
f 1400//1400 1402//1402 1350//1350
f 1699//1699 1485//1485 1488//1488
f 1699//1699 1482//1482 1485//1485
f 1699//1699 1701//1701 1482//1482
f 1954//1954 1955//1955 1956//1956
f 1955//1955 1954//1954 1957//1957
f 1958//1958 1781//1781 1959//1959
f 1785//1785 1959//1959 1781//1781
f 1960//1960 1957//1957 1954//1954
f 1957//1957 1960//1960 1961//1961
f 1962//1962 1780//1780 1958//1958
f 1781//1781 1958//1958 1780//1780
f 1963//1963 1961//1961 1960//1960
f 1961//1961 1963//1963 1964//1964
f 1965//1965 1776//1776 1962//1962
f 1780//1780 1962//1962 1776//1776
f 1966//1966 1964//1964 1963//1963
f 1964//1964 1966//1966 1967//1967
f 1968//1968 1772//1772 1965//1965
f 1776//1776 1965//1965 1772//1772
f 1969//1969 1967//1967 1966//1966
f 1967//1967 1969//1969 1970//1970
f 1971//1971 1773//1773 1968//1968
f 1772//1772 1968//1968 1773//1773
f 1972//1972 1970//1970 1969//1969
f 1970//1970 1972//1972 1973//1973
f 1974//1974 1771//1771 1971//1971
f 1773//1773 1971//1971 1771//1771
f 1975//1975 1973//1973 1972//1972
f 1973//1973 1975//1975 1976//1976
f 1977//1977 1766//1766 1974//1974
f 1771//1771 1974//1974 1766//1766
f 1978//1978 1976//1976 1975//1975
f 1979//1979 1765//1765 1977//1977
f 1766//1766 1977//1977 1765//1765
f 1980//1980 1762//1762 1979//1979
f 1765//1765 1979//1979 1762//1762
f 1981//1981 1763//1763 1980//1980
f 1762//1762 1980//1980 1763//1763
f 1982//1982 1758//1758 1981//1981
f 1763//1763 1981//1981 1758//1758
f 1983//1983 1756//1756 1982//1982
f 1758//1758 1982//1982 1756//1756
f 1984//1984 1751//1751 1983//1983
f 1756//1756 1983//1983 1751//1751
f 1985//1985 1747//1747 1984//1984
f 1751//1751 1984//1984 1747//1747
f 1986//1986 1987//1987 1988//1988
f 1987//1987 1986//1986 1989//1989
f 1990//1990 1746//1746 1985//1985
f 1747//1747 1985//1985 1746//1746
f 1991//1991 1989//1989 1986//1986
f 1989//1989 1991//1991 1992//1992
f 1993//1993 1744//1744 1990//1990
f 1746//1746 1990//1990 1744//1744
f 1994//1994 1992//1992 1991//1991
f 1992//1992 1994//1994 1995//1995
f 1996//1996 1719//1719 1993//1993
f 1744//1744 1993//1993 1719//1719
f 1997//1997 1995//1995 1994//1994
f 1995//1995 1997//1997 1998//1998
f 1999//1999 1717//1717 1996//1996
f 1719//1719 1996//1996 1717//1717
f 2000//2000 1998//1998 1997//1997
f 1998//1998 2000//2000 2001//2001
f 2002//2002 1709//1709 1999//1999
f 1717//1717 1999//1999 1709//1709
f 2003//2003 2001//2001 2000//2000
f 2001//2001 2003//2003 2004//2004
f 2005//2005 1710//1710 2002//2002
f 1709//1709 2002//2002 1710//1710
f 2006//2006 2004//2004 2003//2003
f 2004//2004 2006//2006 2007//2007
f 2008//2008 1712//1712 2005//2005
f 1710//1710 2005//2005 1712//1712
f 2009//2009 2007//2007 2006//2006
f 2007//2007 2009//2009 2010//2010
f 2011//2011 1694//1694 2008//2008
f 1712//1712 2008//2008 1694//1694
f 2012//2012 2010//2010 2009//2009
f 2010//2010 2012//2012 2013//2013
f 2014//2014 1695//1695 2011//2011
f 1694//1694 2011//2011 1695//1695
f 2015//2015 2013//2013 2012//2012
f 2013//2013 2015//2015 2016//2016
f 2017//2017 1722//1722 2014//2014
f 1695//1695 2014//2014 1722//1722
f 2018//2018 2016//2016 2015//2015
f 2016//2016 2018//2018 2019//2019
f 2020//2020 1723//1723 2017//2017
f 1722//1722 2017//2017 1723//1723
f 2021//2021 2022//2022 2018//2018
f 2019//2019 2018//2018 2022//2022
f 1334//1334 2020//2020 1335//1335
f 1723//1723 2020//2020 1334//1334
f 457//457 1335//1335 2020//2020
f 470//470 2023//2023 1524//1524
f 2024//2024 2025//2025 993//993
f 2025//2025 2026//2026 2027//2027
f 2028//2028 2025//2025 2027//2027
f 1523//1523 1524//1524 2023//2023
f 2025//2025 2024//2024 2026//2026
f 2023//2023 2029//2029 1523//1523
f 1522//1522 1523//1523 2029//2029
f 2030//2030 2028//2028 2031//2031
f 2029//2029 2032//2032 1631//1631
f 2033//2033 2034//2034 2031//2031
f 2027//2027 2033//2033 2031//2031
f 2028//2028 2027//2027 2031//2031
f 2035//2035 2031//2031 2034//2034
f 1521//1521 1522//1522 2029//2029
f 1516//1516 1521//1521 2029//2029
f 1515//1515 1516//1516 2029//2029
f 1631//1631 1515//1515 2029//2029
f 2036//2036 2030//2030 2031//2031
f 2031//2031 2037//2037 2036//2036
f 2032//2032 2038//2038 1631//1631
f 1706//1706 1631//1631 2038//2038
f 2039//2039 2036//2036 2037//2037
f 2037//2037 2040//2040 2039//2039
f 2038//2038 2041//2041 1706//1706
f 1699//1699 1706//1706 2041//2041
f 2042//2042 2039//2039 2040//2040
f 2040//2040 2043//2043 2042//2042
f 2041//2041 2044//2044 1699//1699
f 1700//1700 1699//1699 2044//2044
f 2045//2045 2042//2042 2043//2043
f 2043//2043 2046//2046 2045//2045
f 2044//2044 2047//2047 1700//1700
f 1702//1702 1700//1700 2047//2047
f 2048//2048 2045//2045 2046//2046
f 2046//2046 2049//2049 2048//2048
f 2047//2047 2050//2050 1702//1702
f 1716//1716 1702//1702 2050//2050
f 2051//2051 2048//2048 2049//2049
f 2049//2049 2052//2052 2051//2051
f 2050//2050 2053//2053 1716//1716
f 1742//1742 1716//1716 2053//2053
f 2054//2054 2051//2051 2052//2052
f 2052//2052 2055//2055 2054//2054
f 2053//2053 2056//2056 1742//1742
f 1743//1743 1742//1742 2056//2056
f 2057//2057 2054//2054 2055//2055
f 2055//2055 2058//2058 2057//2057
f 2056//2056 2059//2059 1743//1743
f 1745//1745 1743//1743 2059//2059
f 2060//2060 2057//2057 2058//2058
f 2058//2058 2061//2061 2060//2060
f 2059//2059 2062//2062 1745//1745
f 1748//1748 1745//1745 2062//2062
f 2063//2063 2060//2060 2061//2061
f 2061//2061 2064//2064 2063//2063
f 2062//2062 2065//2065 1748//1748
f 1749//1749 1748//1748 2065//2065
f 2066//2066 2063//2063 2064//2064
f 2064//2064 2067//2067 2066//2066
f 2065//2065 2068//2068 1749//1749
f 1750//1750 1749//1749 2068//2068
f 2069//2069 2066//2066 2067//2067
f 2067//2067 2070//2070 2069//2069
f 2068//2068 2071//2071 1750//1750
f 1755//1755 1750//1750 2071//2071
f 2072//2072 2069//2069 2070//2070
f 2070//2070 2073//2073 2072//2072
f 2071//2071 2074//2074 1755//1755
f 1757//1757 1755//1755 2074//2074
f 2075//2075 2073//2073 2076//2076
f 2073//2073 2075//2075 2072//2072
f 2074//2074 2077//2077 1757//1757
f 1759//1759 1757//1757 2077//2077
f 2078//2078 2076//2076 2079//2079
f 2076//2076 2078//2078 2075//2075
f 2077//2077 2080//2080 1759//1759
f 1760//1760 1759//1759 2080//2080
f 2081//2081 2079//2079 2082//2082
f 2079//2079 2081//2081 2078//2078
f 2080//2080 2083//2083 1760//1760
f 1761//1761 1760//1760 2083//2083
f 2084//2084 2082//2082 2085//2085
f 2082//2082 2084//2084 2081//2081
f 2083//2083 2086//2086 1761//1761
f 1764//1764 1761//1761 2086//2086
f 2087//2087 2085//2085 2088//2088
f 2085//2085 2087//2087 2084//2084
f 2086//2086 2089//2089 1764//1764
f 1767//1767 1764//1764 2089//2089
f 2090//2090 2088//2088 2091//2091
f 2088//2088 2090//2090 2087//2087
f 2089//2089 2092//2092 1767//1767
f 1768//1768 1767//1767 2092//2092
f 2093//2093 2091//2091 2094//2094
f 2091//2091 2093//2093 2090//2090
f 2092//2092 2095//2095 1768//1768
f 1769//1769 1768//1768 2095//2095
f 1770//1770 1769//1769 2095//2095
f 2094//2094 2096//2096 2093//2093
f 2097//2097 2093//2093 2096//2096
f 2095//2095 2098//2098 1770//1770
f 1774//1774 1770//1770 2098//2098
f 2096//2096 2099//2099 2097//2097
f 2100//2100 2097//2097 2099//2099
f 2098//2098 2101//2101 1774//1774
f 1775//1775 1774//1774 2101//2101
f 2099//2099 2102//2102 2100//2100
f 2103//2103 2100//2100 2102//2102
f 2101//2101 2104//2104 1775//1775
f 1777//1777 1775//1775 2104//2104
f 2102//2102 2105//2105 2103//2103
f 2106//2106 2103//2103 2105//2105
f 2104//2104 2107//2107 1777//1777
f 1778//1778 1777//1777 2107//2107
f 2105//2105 2108//2108 2106//2106
f 2109//2109 2106//2106 2108//2108
f 2107//2107 2110//2110 1778//1778
f 1779//1779 1778//1778 2110//2110
f 2108//2108 2111//2111 2109//2109
f 2112//2112 2109//2109 2111//2111
f 2110//2110 2113//2113 1779//1779
f 1782//1782 1779//1779 2113//2113
f 2111//2111 2114//2114 2112//2112
f 2115//2115 2112//2112 2114//2114
f 2113//2113 2116//2116 1782//1782
f 1783//1783 1782//1782 2116//2116
f 2114//2114 2117//2117 2115//2115
f 2118//2118 2115//2115 2117//2117
f 2116//2116 2119//2119 1783//1783
f 1784//1784 1783//1783 2119//2119
f 2117//2117 2120//2120 2118//2118
f 2121//2121 2118//2118 2120//2120
f 2119//2119 2122//2122 1784//1784
f 1786//1786 1784//1784 2122//2122
f 2120//2120 2123//2123 2121//2121
f 2124//2124 2121//2121 2123//2123
f 2122//2122 2125//2125 1786//1786
f 1787//1787 1786//1786 2125//2125
f 2123//2123 2126//2126 2124//2124
f 2127//2127 2124//2124 2126//2126
f 2125//2125 2128//2128 1787//1787
f 1789//1789 1787//1787 2128//2128
f 2126//2126 2129//2129 2127//2127
f 2130//2130 2127//2127 2129//2129
f 2128//2128 2131//2131 1789//1789
f 1790//1790 1789//1789 2131//2131
f 2129//2129 2132//2132 2130//2130
f 2133//2133 2130//2130 2132//2132
f 2131//2131 2134//2134 1790//1790
f 1791//1791 1790//1790 2134//2134
f 2132//2132 2135//2135 2133//2133
f 2136//2136 2133//2133 2135//2135
f 2134//2134 2137//2137 1791//1791
f 1793//1793 1791//1791 2137//2137
f 2135//2135 2138//2138 2136//2136
f 2139//2139 2136//2136 2138//2138
f 2137//2137 2140//2140 1793//1793
f 1794//1794 1793//1793 2140//2140
f 2138//2138 2141//2141 2139//2139
f 2142//2142 2139//2139 2141//2141
f 2140//2140 2143//2143 1794//1794
f 1795//1795 1794//1794 2143//2143
f 2141//2141 2144//2144 2142//2142
f 2145//2145 2142//2142 2144//2144
f 2143//2143 2146//2146 1795//1795
f 1796//1796 1795//1795 2146//2146
f 2144//2144 2147//2147 2145//2145
f 2148//2148 2145//2145 2147//2147
f 2146//2146 2149//2149 1796//1796
f 2150//2150 2148//2148 2147//2147
f 2147//2147 2151//2151 2150//2150
f 2149//2149 2152//2152 1796//1796
f 1797//1797 1796//1796 2152//2152
f 2153//2153 2150//2150 2151//2151
f 2151//2151 2154//2154 2153//2153
f 2152//2152 2155//2155 1797//1797
f 1798//1798 1797//1797 2155//2155
f 2156//2156 2153//2153 2154//2154
f 2154//2154 2157//2157 2156//2156
f 2155//2155 2158//2158 1798//1798
f 1800//1800 1798//1798 2158//2158
f 2159//2159 2156//2156 2157//2157
f 2157//2157 2160//2160 2159//2159
f 2158//2158 2161//2161 1800//1800
f 1804//1804 1800//1800 2161//2161
f 1805//1805 1804//1804 2161//2161
f 2160//2160 2162//2162 2159//2159
f 2163//2163 2159//2159 2162//2162
f 2161//2161 2164//2164 1805//1805
f 1806//1806 1805//1805 2164//2164
f 2162//2162 2165//2165 2163//2163
f 2166//2166 2163//2163 2165//2165
f 2164//2164 2167//2167 1806//1806
f 1808//1808 1806//1806 2167//2167
f 2165//2165 2168//2168 2166//2166
f 2169//2169 2166//2166 2168//2168
f 2167//2167 2170//2170 1808//1808
f 1809//1809 1808//1808 2170//2170
f 2168//2168 2171//2171 2169//2169
f 2172//2172 2169//2169 2171//2171
f 2170//2170 2173//2173 1809//1809
f 1811//1811 1809//1809 2173//2173
f 2171//2171 2174//2174 2172//2172
f 2175//2175 2172//2172 2174//2174
f 2173//2173 2176//2176 1811//1811
f 1814//1814 1811//1811 2176//2176
f 2174//2174 2177//2177 2175//2175
f 2178//2178 2175//2175 2177//2177
f 2176//2176 2179//2179 1814//1814
f 1815//1815 1814//1814 2179//2179
f 2177//2177 2180//2180 2178//2178
f 2181//2181 2178//2178 2180//2180
f 2179//2179 2182//2182 1815//1815
f 1818//1818 1815//1815 2182//2182
f 2180//2180 2183//2183 2181//2181
f 2184//2184 2181//2181 2183//2183
f 2182//2182 2185//2185 1818//1818
f 1819//1819 1818//1818 2185//2185
f 2183//2183 2186//2186 2184//2184
f 2187//2187 2184//2184 2186//2186
f 2185//2185 2188//2188 1819//1819
f 1821//1821 1819//1819 2188//2188
f 2186//2186 2189//2189 2187//2187
f 2190//2190 2187//2187 2189//2189
f 2188//2188 2191//2191 1821//1821
f 1824//1824 1821//1821 2191//2191
f 2189//2189 2192//2192 2190//2190
f 2193//2193 2190//2190 2192//2192
f 2191//2191 2194//2194 1824//1824
f 1825//1825 1824//1824 2194//2194
f 2192//2192 2195//2195 2193//2193
f 2196//2196 2193//2193 2195//2195
f 2194//2194 2197//2197 1825//1825
f 1827//1827 1825//1825 2197//2197
f 2195//2195 2198//2198 2196//2196
f 2199//2199 2196//2196 2198//2198
f 2197//2197 2200//2200 1827//1827
f 1832//1832 1827//1827 2200//2200
f 2198//2198 2201//2201 2199//2199
f 2202//2202 2199//2199 2201//2201
f 2200//2200 2203//2203 1832//1832
f 2204//2204 2202//2202 2201//2201
f 2201//2201 2205//2205 2204//2204
f 2203//2203 2206//2206 1832//1832
f 1833//1833 1832//1832 2206//2206
f 2207//2207 2204//2204 2205//2205
f 2205//2205 2208//2208 2207//2207
f 2206//2206 2209//2209 1833//1833
f 1834//1834 1833//1833 2209//2209
f 2210//2210 2207//2207 2208//2208
f 2208//2208 2211//2211 2210//2210
f 2209//2209 2212//2212 1834//1834
f 1836//1836 1834//1834 2212//2212
f 2213//2213 2210//2210 2211//2211
f 2211//2211 2214//2214 2213//2213
f 2212//2212 2215//2215 1836//1836
f 1840//1840 1836//1836 2215//2215
f 2216//2216 2214//2214 2217//2217
f 2214//2214 2216//2216 2213//2213
f 2215//2215 2218//2218 1840//1840
f 1844//1844 1840//1840 2218//2218
f 2219//2219 2217//2217 2220//2220
f 2217//2217 2219//2219 2216//2216
f 2218//2218 2221//2221 1844//1844
f 1847//1847 1844//1844 2221//2221
f 2222//2222 2220//2220 2223//2223
f 2220//2220 2222//2222 2219//2219
f 2221//2221 2224//2224 1847//1847
f 1857//1857 1847//1847 2224//2224
f 2225//2225 2223//2223 2226//2226
f 2223//2223 2225//2225 2222//2222
f 2224//2224 2227//2227 1857//1857
f 1858//1858 1857//1857 2227//2227
f 2228//2228 2226//2226 2229//2229
f 2226//2226 2228//2228 2225//2225
f 2227//2227 2230//2230 1858//1858
f 1859//1859 1858//1858 2230//2230
f 2231//2231 2229//2229 2232//2232
f 2229//2229 2231//2231 2228//2228
f 2230//2230 2233//2233 1859//1859
f 1861//1861 1859//1859 2233//2233
f 2234//2234 2232//2232 2235//2235
f 2232//2232 2234//2234 2231//2231
f 2233//2233 2236//2236 1861//1861
f 1863//1863 1861//1861 2236//2236
f 2237//2237 2235//2235 2238//2238
f 2235//2235 2237//2237 2234//2234
f 2236//2236 2239//2239 1863//1863
f 1862//1862 1863//1863 2239//2239
f 2240//2240 2238//2238 2241//2241
f 2238//2238 2240//2240 2237//2237
f 2239//2239 2242//2242 1862//1862
f 1860//1860 1862//1862 2242//2242
f 2243//2243 2241//2241 2244//2244
f 2241//2241 2243//2243 2240//2240
f 2242//2242 2245//2245 1860//1860
f 1856//1856 1860//1860 2245//2245
f 2246//2246 2244//2244 2247//2247
f 2244//2244 2246//2246 2243//2243
f 2245//2245 2248//2248 1856//1856
f 1851//1851 1856//1856 2248//2248
f 2249//2249 2247//2247 2250//2250
f 2247//2247 2249//2249 2246//2246
f 2248//2248 2251//2251 1851//1851
f 1842//1842 1851//1851 2251//2251
f 2252//2252 2249//2249 2250//2250
f 2249//2249 2252//2252 2253//2253
f 2254//2254 1838//1838 2251//2251
f 1842//1842 2251//2251 1838//1838
f 2255//2255 2253//2253 2252//2252
f 2253//2253 2255//2255 2256//2256
f 2257//2257 1829//1829 2254//2254
f 1838//1838 2254//2254 1829//1829
f 2258//2258 2256//2256 2255//2255
f 2256//2256 2258//2258 2259//2259
f 2260//2260 1822//1822 2257//2257
f 1829//1829 2257//2257 1822//1822
f 2261//2261 2259//2259 2258//2258
f 2259//2259 2261//2261 2262//2262
f 2263//2263 1812//1812 2260//2260
f 1822//1822 2260//2260 1812//1812
f 2264//2264 2262//2262 2261//2261
f 2262//2262 2264//2264 2265//2265
f 2266//2266 1801//1801 2263//2263
f 1812//1812 2263//2263 1801//1801
f 2267//2267 2265//2265 2264//2264
f 2265//2265 2267//2267 2268//2268
f 1801//1801 2266//2266 1802//1802
f 1802//1802 2266//2266 2269//2269
f 1802//1802 2269//2269 1937//1937
f 2270//2270 1937//1937 2269//2269
f 1937//1937 2270//2270 1935//1935
f 2271//2271 1935//1935 2270//2270
f 1935//1935 2271//2271 1936//1936
f 2272//2272 1936//1936 2271//2271
f 2273//2273 2274//2274 2275//2275
f 1936//1936 2272//2272 1934//1934
f 2276//2276 1934//1934 2272//2272
f 1934//1934 2276//2276 1933//1933
f 2277//2277 1933//1933 2276//2276
f 2277//2277 1932//1932 1933//1933
f 1932//1932 2277//2277 2278//2278
f 2279//2279 1929//1929 2278//2278
f 1932//1932 2278//2278 1929//1929
f 2280//2280 1931//1931 2279//2279
f 1929//1929 2279//2279 1931//1931
f 1931//1931 2280//2280 2281//2281
f 2281//2281 1930//1930 1931//1931
f 2282//2282 2283//2283 2284//2284
f 2283//2283 2282//2282 2285//2285
f 1926//1926 1930//1930 2286//2286
f 2286//2286 1930//1930 2281//2281
f 2287//2287 2284//2284 2288//2288
f 2284//2284 2287//2287 2282//2282
f 2286//2286 2289//2289 1926//1926
f 1927//1927 1926//1926 2289//2289
f 2290//2290 2288//2288 2291//2291
f 2288//2288 2290//2290 2287//2287
f 2289//2289 2292//2292 1927//1927
f 1924//1924 1927//1927 2292//2292
f 2293//2293 2291//2291 2294//2294
f 2291//2291 2293//2293 2290//2290
f 2292//2292 2295//2295 1924//1924
f 1923//1923 1924//1924 2295//2295
f 2296//2296 2294//2294 2297//2297
f 2294//2294 2296//2296 2293//2293
f 2295//2295 2298//2298 1923//1923
f 1921//1921 1923//1923 2298//2298
f 2299//2299 2297//2297 2300//2300
f 2297//2297 2299//2299 2296//2296
f 2298//2298 2301//2301 1921//1921
f 1922//1922 1921//1921 2301//2301
f 2302//2302 2300//2300 2303//2303
f 2300//2300 2302//2302 2299//2299
f 2301//2301 2304//2304 1922//1922
f 1919//1919 1922//1922 2304//2304
f 2305//2305 2303//2303 2306//2306
f 2303//2303 2305//2305 2302//2302
f 2304//2304 2307//2307 1919//1919
f 1915//1915 1919//1919 2307//2307
f 2308//2308 2306//2306 2309//2309
f 2306//2306 2308//2308 2305//2305
f 2307//2307 2310//2310 1915//1915
f 1918//1918 1915//1915 2310//2310
f 2311//2311 2308//2308 2309//2309
f 2308//2308 2311//2311 2312//2312
f 2313//2313 1916//1916 2310//2310
f 1918//1918 2310//2310 1916//1916
f 2314//2314 2312//2312 2311//2311
f 2312//2312 2314//2314 2315//2315
f 2316//2316 1910//1910 2313//2313
f 1916//1916 2313//2313 1910//1910
f 2317//2317 2315//2315 2314//2314
f 2315//2315 2317//2317 2318//2318
f 2319//2319 1911//1911 2316//2316
f 1910//1910 2316//2316 1911//1911
f 2320//2320 2318//2318 2317//2317
f 2318//2318 2320//2320 2321//2321
f 2322//2322 1909//1909 2319//2319
f 1911//1911 2319//2319 1909//1909
f 2323//2323 2321//2321 2320//2320
f 2321//2321 2323//2323 2324//2324
f 2325//2325 1907//1907 2322//2322
f 1909//1909 2322//2322 1907//1907
f 2326//2326 2324//2324 2323//2323
f 2324//2324 2326//2326 2327//2327
f 2328//2328 1905//1905 2325//2325
f 1907//1907 2325//2325 1905//1905
f 2329//2329 2327//2327 2326//2326
f 2327//2327 2329//2329 2330//2330
f 2331//2331 1903//1903 2328//2328
f 1905//1905 2328//2328 1903//1903
f 2332//2332 2330//2330 2329//2329
f 2330//2330 2332//2332 2333//2333
f 2334//2334 1752//1752 2331//2331
f 1903//1903 2331//2331 1752//1752
f 2335//2335 2333//2333 2332//2332
f 2333//2333 2335//2335 2336//2336
f 2337//2337 1753//1753 2334//2334
f 1752//1752 2334//2334 1753//1753
f 2338//2338 2336//2336 2335//2335
f 2336//2336 2338//2338 2339//2339
f 2340//2340 1899//1899 2337//2337
f 1753//1753 2337//2337 1899//1899
f 2341//2341 2339//2339 2338//2338
f 2339//2339 2341//2341 2342//2342
f 2343//2343 1896//1896 2340//2340
f 1899//1899 2340//2340 1896//1896
f 2344//2344 2341//2341 2345//2345
f 2341//2341 2344//2344 2342//2342
f 2343//2343 2346//2346 1896//1896
f 1897//1897 1896//1896 2346//2346
f 2347//2347 2345//2345 2348//2348
f 2345//2345 2347//2347 2344//2344
f 2346//2346 2349//2349 1897//1897
f 1893//1893 1897//1897 2349//2349
f 2350//2350 2348//2348 2351//2351
f 2348//2348 2350//2350 2347//2347
f 2349//2349 2352//2352 1893//1893
f 1894//1894 1893//1893 2352//2352
f 2353//2353 2351//2351 2354//2354
f 2351//2351 2353//2353 2350//2350
f 2352//2352 2355//2355 1894//1894
f 1890//1890 1894//1894 2355//2355
f 2356//2356 2354//2354 2357//2357
f 2354//2354 2356//2356 2353//2353
f 2355//2355 2358//2358 1890//1890
f 1891//1891 1890//1890 2358//2358
f 2359//2359 2357//2357 2360//2360
f 2357//2357 2359//2359 2356//2356
f 2358//2358 2361//2361 1891//1891
f 1888//1888 1891//1891 2361//2361
f 2362//2362 2360//2360 2363//2363
f 2360//2360 2362//2362 2359//2359
f 2361//2361 2364//2364 1888//1888
f 1885//1885 1888//1888 2364//2364
f 2365//2365 2363//2363 2366//2366
f 2363//2363 2365//2365 2362//2362
f 2364//2364 2367//2367 1885//1885
f 1886//1886 1885//1885 2367//2367
f 2368//2368 2365//2365 2366//2366
f 2365//2365 2368//2368 2369//2369
f 2370//2370 1682//1682 2367//2367
f 1886//1886 2367//2367 1682//1682
f 2371//2371 2369//2369 2368//2368
f 2369//2369 2371//2371 2372//2372
f 2373//2373 1679//1679 2370//2370
f 1682//1682 2370//2370 1679//1679
f 2374//2374 2372//2372 2371//2371
f 2372//2372 2374//2374 2375//2375
f 2376//2376 1671//1671 2373//2373
f 1679//1679 2373//2373 1671//1671
f 2377//2377 2375//2375 2374//2374
f 2375//2375 2377//2377 2378//2378
f 2379//2379 1672//1672 2376//2376
f 1671//1671 2376//2376 1672//1672
f 2380//2380 2378//2378 2377//2377
f 2378//2378 2380//2380 2381//2381
f 2382//2382 1662//1662 2379//2379
f 1672//1672 2379//2379 1662//1662
f 2383//2383 2381//2381 2380//2380
f 2381//2381 2383//2383 2384//2384
f 2385//2385 1656//1656 2382//2382
f 1662//1662 2382//2382 1656//1656
f 2386//2386 2384//2384 2383//2383
f 2384//2384 2386//2386 2387//2387
f 2388//2388 1657//1657 2385//2385
f 1656//1656 2385//2385 1657//1657
f 2389//2389 2387//2387 2386//2386
f 2387//2387 2389//2389 2390//2390
f 2391//2391 1647//1647 2388//2388
f 1657//1657 2388//2388 1647//1647
f 2392//2392 2390//2390 2389//2389
f 2390//2390 2392//2392 2393//2393
f 2394//2394 1648//1648 2391//2391
f 1647//1647 2391//2391 1648//1648
f 2395//2395 2393//2393 2392//2392
f 2393//2393 2395//2395 2396//2396
f 2397//2397 1871//1871 2394//2394
f 1648//1648 2394//2394 1871//1871
f 2398//2398 2396//2396 2395//2395
f 2396//2396 2398//2398 2399//2399
f 2400//2400 1869//1869 2397//2397
f 1871//1871 2397//2397 1869//1869
f 2401//2401 2399//2399 2398//2398
f 2399//2399 2401//2401 2402//2402
f 2403//2403 1867//1867 2400//2400
f 1869//1869 2400//2400 1867//1867
f 2404//2404 2405//2405 2401//2401
f 2402//2402 2401//2401 2405//2405
f 1867//1867 2406//2406 1866//1866
f 2406//2406 1867//1867 2403//2403
f 2407//2407 2408//2408 2404//2404
f 2405//2405 2404//2404 2408//2408
f 1866//1866 2409//2409 1951//1951
f 2409//2409 1866//1866 2406//2406
f 2410//2410 2411//2411 2407//2407
f 2408//2408 2407//2407 2411//2411
f 1951//1951 2412//2412 1865//1865
f 2412//2412 1951//1951 2409//2409
f 2413//2413 2414//2414 2410//2410
f 2411//2411 2410//2410 2414//2414
f 1865//1865 2415//2415 1864//1864
f 2415//2415 1865//1865 2412//2412
f 2414//2414 2413//2413 2416//2416
f 1122//1122 2417//2417 1123//1123
f 1864//1864 2417//2417 1122//1122
f 2417//2417 1864//1864 2415//2415
f 2418//2418 2419//2419 2413//2413
f 2416//2416 2413//2413 2419//2419
f 2420//2420 2419//2419 2421//2421
f 2416//2416 2419//2419 2420//2420
f 1124//1124 2422//2422 1125//1125
f 2420//2420 2421//2421 2423//2423
f 1123//1123 2417//2417 1124//1124
f 2422//2422 1124//1124 2417//2417
f 2424//2424 2423//2423 2425//2425
f 2420//2420 2423//2423 2424//2424
f 1126//1126 2426//2426 1127//1127
f 2424//2424 2425//2425 2427//2427
f 1125//1125 2422//2422 1126//1126
f 2426//2426 1126//1126 2422//2422
f 1127//1127 2426//2426 390//390
f 2428//2428 1227//1227 1226//1226
f 2428//2428 1226//1226 1224//1224
f 2428//2428 1224//1224 1220//1220
f 2428//2428 1220//1220 1217//1217
f 2429//2429 2430//2430 2431//2431
f 2432//2432 2429//2429 2431//2431
f 2433//2433 2432//2432 2431//2431
f 2434//2434 2431//2431 2430//2430
f 2435//2435 2431//2431 2436//2436
f 2434//2434 2437//2437 2436//2436
f 2431//2431 2434//2434 2436//2436
f 2428//2428 2438//2438 1621//1621
f 2439//2439 2436//2436 2437//2437
f 1228//1228 1227//1227 2428//2428
f 1230//1230 1228//1228 2428//2428
f 1621//1621 1230//1230 2428//2428
f 1618//1618 1621//1621 2438//2438
f 2436//2436 2440//2440 2435//2435
f 2441//2441 2435//2435 2440//2440
f 2438//2438 2442//2442 1618//1618
f 1619//1619 1618//1618 2442//2442
f 2440//2440 2443//2443 2441//2441
f 2444//2444 2441//2441 2443//2443
f 2442//2442 2445//2445 1619//1619
f 1622//1622 1619//1619 2445//2445
f 2443//2443 2446//2446 2444//2444
f 2447//2447 2444//2444 2446//2446
f 2445//2445 2448//2448 1622//1622
f 1625//1625 1622//1622 2448//2448
f 2446//2446 2449//2449 2447//2447
f 2450//2450 2447//2447 2449//2449
f 2448//2448 2451//2451 1625//1625
f 1627//1627 1625//1625 2451//2451
f 2449//2449 2452//2452 2450//2450
f 2453//2453 2450//2450 2452//2452
f 2451//2451 2454//2454 1627//1627
f 1629//1629 1627//1627 2454//2454
f 2452//2452 2455//2455 2453//2453
f 2456//2456 2453//2453 2455//2455
f 2454//2454 2457//2457 1629//1629
f 1632//1632 1629//1629 2457//2457
f 2455//2455 2458//2458 2456//2456
f 2459//2459 2456//2456 2458//2458
f 2457//2457 2460//2460 1632//1632
f 1635//1635 1632//1632 2460//2460
f 2458//2458 2461//2461 2459//2459
f 2462//2462 2459//2459 2461//2461
f 2460//2460 2463//2463 1635//1635
f 1638//1638 1635//1635 2463//2463
f 2461//2461 2464//2464 2462//2462
f 2465//2465 2462//2462 2464//2464
f 2463//2463 2466//2466 1638//1638
f 1639//1639 1638//1638 2466//2466
f 2464//2464 2467//2467 2465//2465
f 2468//2468 2465//2465 2467//2467
f 2466//2466 2469//2469 1639//1639
f 1640//1640 1639//1639 2469//2469
f 2467//2467 2470//2470 2468//2468
f 2471//2471 2468//2468 2470//2470
f 2469//2469 2472//2472 1640//1640
f 1642//1642 1640//1640 2472//2472
f 2470//2470 2473//2473 2471//2471
f 2474//2474 2471//2471 2473//2473
f 2472//2472 2475//2475 1642//1642
f 1644//1644 1642//1642 2475//2475
f 2473//2473 2476//2476 2474//2474
f 2477//2477 2474//2474 2476//2476
f 2475//2475 2478//2478 1644//1644
f 1650//1650 1644//1644 2478//2478
f 2476//2476 2479//2479 2477//2477
f 2480//2480 2477//2477 2479//2479
f 2478//2478 2481//2481 1650//1650
f 1653//1653 1650//1650 2481//2481
f 2479//2479 2482//2482 2480//2480
f 2483//2483 2480//2480 2482//2482
f 2481//2481 2484//2484 1653//1653
f 1659//1659 1653//1653 2484//2484
f 2482//2482 2485//2485 2483//2483
f 2486//2486 2483//2483 2485//2485
f 2484//2484 2487//2487 1659//1659
f 1676//1676 1659//1659 2487//2487
f 2485//2485 2488//2488 2486//2486
f 2489//2489 2486//2486 2488//2488
f 2487//2487 2490//2490 1676//1676
f 1883//1883 1676//1676 2490//2490
f 2488//2488 2491//2491 2489//2489
f 2492//2492 2489//2489 2491//2491
f 2490//2490 2493//2493 1883//1883
f 1884//1884 1883//1883 2493//2493
f 2491//2491 2494//2494 2492//2492
f 2495//2495 2492//2492 2494//2494
f 2493//2493 2496//2496 1884//1884
f 1887//1887 1884//1884 2496//2496
f 2494//2494 2497//2497 2495//2495
f 2498//2498 2495//2495 2497//2497
f 2496//2496 2499//2499 1887//1887
f 1889//1889 1887//1887 2499//2499
f 2497//2497 2500//2500 2498//2498
f 2501//2501 2498//2498 2500//2500
f 2499//2499 2502//2502 1889//1889
f 1892//1892 1889//1889 2502//2502
f 2500//2500 2503//2503 2501//2501
f 2504//2504 2501//2501 2503//2503
f 2502//2502 2505//2505 1892//1892
f 1895//1895 1892//1892 2505//2505
f 2503//2503 2506//2506 2504//2504
f 2507//2507 2504//2504 2506//2506
f 2505//2505 2508//2508 1895//1895
f 1898//1898 1895//1895 2508//2508
f 2506//2506 2509//2509 2507//2507
f 2510//2510 2507//2507 2509//2509
f 2508//2508 2511//2511 1898//1898
f 1754//1754 1898//1898 2511//2511
f 2509//2509 2512//2512 2510//2510
f 2513//2513 2510//2510 2512//2512
f 2511//2511 2514//2514 1754//1754
f 1900//1900 1754//1754 2514//2514
f 2512//2512 2515//2515 2513//2513
f 2516//2516 2513//2513 2515//2515
f 2514//2514 2517//2517 1900//1900
f 1901//1901 1900//1900 2517//2517
f 2515//2515 2518//2518 2516//2516
f 2519//2519 2516//2516 2518//2518
f 2517//2517 2520//2520 1901//1901
f 1902//1902 1901//1901 2520//2520
f 2518//2518 2521//2521 2519//2519
f 2522//2522 2519//2519 2521//2521
f 2520//2520 2523//2523 1902//1902
f 1904//1904 1902//1902 2523//2523
f 2521//2521 2524//2524 2522//2522
f 2525//2525 2522//2522 2524//2524
f 2523//2523 2526//2526 1904//1904
f 1906//1906 1904//1904 2526//2526
f 2524//2524 2527//2527 2525//2525
f 2528//2528 2525//2525 2527//2527
f 2526//2526 2529//2529 1906//1906
f 1908//1908 1906//1906 2529//2529
f 2527//2527 2530//2530 2528//2528
f 2531//2531 2528//2528 2530//2530
f 2529//2529 2532//2532 1908//1908
f 1912//1912 1908//1908 2532//2532
f 2530//2530 2533//2533 2531//2531
f 2534//2534 2531//2531 2533//2533
f 2532//2532 2535//2535 1912//1912
f 1913//1913 1912//1912 2535//2535
f 2533//2533 2536//2536 2534//2534
f 2537//2537 2534//2534 2536//2536
f 2535//2535 2538//2538 1913//1913
f 1914//1914 1913//1913 2538//2538
f 2536//2536 2539//2539 2537//2537
f 2540//2540 2537//2537 2539//2539
f 2538//2538 2541//2541 1914//1914
f 1920//1920 1914//1914 2541//2541
f 2539//2539 2542//2542 2540//2540
f 2543//2543 2540//2540 2542//2542
f 2541//2541 2544//2544 1920//1920
f 1925//1925 1920//1920 2544//2544
f 2542//2542 2545//2545 2543//2543
f 2546//2546 2543//2543 2545//2545
f 2544//2544 2547//2547 1925//1925
f 1928//1928 1925//1925 2547//2547
f 2545//2545 2548//2548 2546//2546
f 2549//2549 2546//2546 2548//2548
f 2547//2547 2550//2550 1928//1928
f 1803//1803 1928//1928 2550//2550
f 2548//2548 2551//2551 2549//2549
f 2552//2552 2549//2549 2551//2551
f 2550//2550 2553//2553 1803//1803
f 1938//1938 1803//1803 2553//2553
f 2551//2551 2554//2554 2552//2552
f 2555//2555 2552//2552 2554//2554
f 2553//2553 2556//2556 1938//1938
f 1939//1939 1938//1938 2556//2556
f 2554//2554 2557//2557 2555//2555
f 2558//2558 2555//2555 2557//2557
f 2556//2556 2559//2559 1939//1939
f 1813//1813 1939//1939 2559//2559
f 2557//2557 2560//2560 2558//2558
f 2561//2561 2558//2558 2560//2560
f 2559//2559 2562//2562 1813//1813
f 1940//1940 1813//1813 2562//2562
f 2560//2560 2563//2563 2561//2561
f 2564//2564 2561//2561 2563//2563
f 2562//2562 2565//2565 1940//1940
f 1941//1941 1940//1940 2565//2565
f 2563//2563 2566//2566 2564//2564
f 2567//2567 2564//2564 2566//2566
f 2565//2565 2568//2568 1941//1941
f 1823//1823 1941//1941 2568//2568
f 2566//2566 2569//2569 2567//2567
f 2570//2570 2567//2567 2569//2569
f 2568//2568 2571//2571 1823//1823
f 1942//1942 1823//1823 2571//2571
f 2569//2569 2572//2572 2570//2570
f 2573//2573 2570//2570 2572//2572
f 2571//2571 2574//2574 1942//1942
f 1830//1830 1942//1942 2574//2574
f 2572//2572 2575//2575 2573//2573
f 2576//2576 2573//2573 2575//2575
f 2574//2574 2577//2577 1830//1830
f 1943//1943 1830//1830 2577//2577
f 2575//2575 2578//2578 2576//2576
f 2579//2579 2576//2576 2578//2578
f 2577//2577 2580//2580 1943//1943
f 1839//1839 1943//1943 2580//2580
f 2578//2578 2581//2581 2579//2579
f 2582//2582 2579//2579 2581//2581
f 2580//2580 2583//2583 1839//1839
f 1944//1944 1839//1839 2583//2583
f 2581//2581 2584//2584 2582//2582
f 2585//2585 2582//2582 2584//2584
f 2583//2583 2586//2586 1944//1944
f 1944//1944 2586//2586 2587//2587
f 2588//2588 2589//2589 2584//2584
f 2585//2585 2584//2584 2589//2589
f 2587//2587 1843//1843 1944//1944
f 1843//1843 2587//2587 2590//2590
f 2591//2591 2592//2592 2588//2588
f 2589//2589 2588//2588 2592//2592
f 2590//2590 1945//1945 1843//1843
f 1945//1945 2590//2590 2593//2593
f 2594//2594 2595//2595 2591//2591
f 2592//2592 2591//2591 2595//2595
f 2593//2593 1946//1946 1945//1945
f 1946//1946 2593//2593 2596//2596
f 2597//2597 2598//2598 2594//2594
f 2595//2595 2594//2594 2598//2598
f 2596//2596 1852//1852 1946//1946
f 1852//1852 2596//2596 2599//2599
f 2600//2600 2601//2601 2597//2597
f 2598//2598 2597//2597 2601//2601
f 2599//2599 1947//1947 1852//1852
f 1947//1947 2599//2599 2602//2602
f 2603//2603 2604//2604 2600//2600
f 2601//2601 2600//2600 2604//2604
f 2602//2602 1855//1855 1947//1947
f 1855//1855 2602//2602 2605//2605
f 2606//2606 2607//2607 2603//2603
f 2604//2604 2603//2603 2607//2607
f 2605//2605 1854//1854 1855//1855
f 1854//1854 2605//2605 2608//2608
f 2609//2609 2610//2610 2606//2606
f 2607//2607 2606//2606 2610//2610
f 2608//2608 1853//1853 1854//1854
f 1853//1853 2608//2608 2611//2611
f 2612//2612 2613//2613 2609//2609
f 2610//2610 2609//2609 2613//2613
f 2611//2611 1850//1850 1853//1853
f 1850//1850 2611//2611 2614//2614
f 2615//2615 2616//2616 2612//2612
f 2613//2613 2612//2612 2616//2616
f 2614//2614 1848//1848 1850//1850
f 1848//1848 2614//2614 2617//2617
f 2618//2618 2619//2619 2615//2615
f 2616//2616 2615//2615 2619//2619
f 2617//2617 1849//1849 1848//1848
f 1849//1849 2617//2617 2620//2620
f 2621//2621 2622//2622 2618//2618
f 2619//2619 2618//2618 2622//2622
f 2620//2620 1845//1845 1849//1849
f 1845//1845 2620//2620 2623//2623
f 2624//2624 2625//2625 2621//2621
f 2622//2622 2621//2621 2625//2625
f 2623//2623 1846//1846 1845//1845
f 1846//1846 2623//2623 2626//2626
f 2627//2627 2628//2628 2624//2624
f 2625//2625 2624//2624 2628//2628
f 2626//2626 1841//1841 1846//1846
f 1841//1841 2626//2626 2629//2629
f 2630//2630 2631//2631 2627//2627
f 2628//2628 2627//2627 2631//2631
f 2629//2629 1837//1837 1841//1841
f 2632//2632 2631//2631 2630//2630
f 2631//2631 2632//2632 2633//2633
f 2634//2634 1835//1835 2629//2629
f 1837//1837 2629//2629 1835//1835
f 2635//2635 2633//2633 2632//2632
f 2633//2633 2635//2635 2636//2636
f 2637//2637 1831//1831 2634//2634
f 1835//1835 2634//2634 1831//1831
f 2638//2638 2636//2636 2635//2635
f 2636//2636 2638//2638 2639//2639
f 2640//2640 1828//1828 2637//2637
f 1831//1831 2637//2637 1828//1828
f 2641//2641 2639//2639 2638//2638
f 2639//2639 2641//2641 2642//2642
f 2643//2643 1826//1826 2640//2640
f 1828//1828 2640//2640 1826//1826
f 2644//2644 2642//2642 2641//2641
f 2642//2642 2644//2644 2645//2645
f 2646//2646 1820//1820 2643//2643
f 1826//1826 2643//2643 1820//1820
f 2647//2647 2645//2645 2644//2644
f 2645//2645 2647//2647 2648//2648
f 2649//2649 1817//1817 2646//2646
f 1820//1820 2646//2646 1817//1817
f 2650//2650 2648//2648 2647//2647
f 2648//2648 2650//2650 2651//2651
f 2652//2652 1816//1816 2649//2649
f 1817//1817 2649//2649 1816//1816
f 2653//2653 2651//2651 2650//2650
f 2651//2651 2653//2653 2654//2654
f 2655//2655 1810//1810 2652//2652
f 1816//1816 2652//2652 1810//1810
f 2656//2656 2654//2654 2653//2653
f 2654//2654 2656//2656 2657//2657
f 2658//2658 1807//1807 2655//2655
f 1810//1810 2655//2655 1807//1807
f 2659//2659 2657//2657 2656//2656
f 2657//2657 2659//2659 2660//2660
f 2661//2661 1799//1799 2658//2658
f 1807//1807 2658//2658 1799//1799
f 2662//2662 2660//2660 2659//2659
f 2660//2660 2662//2662 2663//2663
f 2664//2664 1792//1792 2661//2661
f 1799//1799 2661//2661 1792//1792
f 2665//2665 2663//2663 2662//2662
f 2663//2663 2665//2665 2666//2666
f 2667//2667 1788//1788 2664//2664
f 1792//1792 2664//2664 1788//1788
f 1956//1956 2666//2666 2665//2665
f 2666//2666 1956//1956 1955//1955
f 1959//1959 1785//1785 2667//2667
f 1788//1788 2667//2667 1785//1785
f 2668//2668 2669//2669 2670//2670
f 2671//2671 2670//2670 2669//2669
f 2038//2038 2672//2672 2671//2671
f 2670//2670 2671//2671 2673//2673
f 1216//1216 1207//1207 1206//1206
f 1217//1217 1216//1216 1206//1206
f 1217//1217 1206//1206 2428//2428
f 2674//2674 2448//2448 2675//2675
f 2442//2442 2676//2676 2445//2445
f 2415//2415 1141//1141 1140//1140
f 1141//1141 2415//2415 1142//1142
f 1129//1129 2417//2417 1139//1139
f 1155//1155 2406//2406 2677//2677
f 2412//2412 1144//1144 1143//1143
f 1144//1144 2412//2412 1145//1145
f 2406//2406 1163//1163 1164//1164
f 1517//1517 1519//1519 2023//2023
f 1153//1153 2409//2409 1165//1165
f 2403//2403 2677//2677 2406//2406
f 2403//2403 2678//2678 2677//2677
f 2679//2679 2403//2403 2680//2680
f 2403//2403 2679//2679 2678//2678
f 2454//2454 2681//2681 2457//2457
f 2400//2400 2680//2680 2403//2403
f 2400//2400 2682//2682 2680//2680
f 2682//2682 2400//2400 2683//2683
f 2397//2397 2683//2683 2400//2400
f 2397//2397 2684//2684 2683//2683
f 2684//2684 2397//2397 2685//2685
f 2394//2394 2685//2685 2397//2397
f 2394//2394 2686//2686 2685//2685
f 2466//2466 2687//2687 2469//2469
f 1477//1477 1469//1469 2688//2688
f 2689//2689 2394//2394 2690//2690
f 2394//2394 2689//2689 2686//2686
f 2391//2391 2690//2690 2394//2394
f 2391//2391 2691//2691 2690//2690
f 2692//2692 2020//2020 2693//2693
f 2032//2032 1493//1493 1489//1489
f 2032//2032 1489//1489 1487//1487
f 2032//2032 1487//1487 1484//1484
f 2032//2032 1484//1484 2038//2038
f 2691//2691 2391//2391 2694//2694
f 2388//2388 2694//2694 2391//2391
f 2388//2388 2695//2695 2694//2694
f 1460//1460 2696//2696 1461//1461
f 2693//2693 2017//2017 2697//2697
f 2695//2695 2388//2388 2698//2698
f 2385//2385 2698//2698 2388//2388
f 2385//2385 2699//2699 2698//2698
f 2008//2008 2700//2700 2011//2011
f 2008//2008 2701//2701 2700//2700
f 2382//2382 2702//2702 2703//2703
f 2702//2702 2382//2382 2704//2704
f 2699//2699 2385//2385 2703//2703
f 2382//2382 2703//2703 2385//2385
f 2005//2005 2705//2705 2008//2008
f 2379//2379 2704//2704 2382//2382
f 2376//2376 2706//2706 2379//2379
f 2005//2005 2707//2707 2705//2705
f 2376//2376 2708//2708 2706//2706
f 2704//2704 2379//2379 2706//2706
f 2002//2002 2709//2709 2710//2710
f 2708//2708 2376//2376 2711//2711
f 2373//2373 2711//2711 2376//2376
f 2370//2370 2712//2712 2373//2373
f 1467//1467 1466//1466 2713//2713
f 1999//1999 2714//2714 2715//2715
f 2370//2370 2716//2716 2712//2712
f 2711//2711 2373//2373 2712//2712
f 2490//2490 2370//2370 2493//2493
f 2370//2370 2490//2490 2716//2716
f 2370//2370 2367//2367 2493//2493
f 2361//2361 2496//2496 2364//2364
f 2717//2717 1999//1999 2718//2718
f 2029//2029 1512//1512 1507//1507
f 2029//2029 1507//1507 1504//1504
f 2029//2029 1504//1504 1499//1499
f 2029//2029 1499//1499 1498//1498
f 2029//2029 1498//1498 2032//2032
f 2364//2364 2493//2493 2367//2367
f 2361//2361 2358//2358 2499//2499
f 2493//2493 2364//2364 2496//2496
f 2355//2355 2352//2352 2502//2502
f 2496//2496 2361//2361 2499//2499
f 1151//1151 1145//1145 2412//2412
f 2355//2355 2499//2499 2358//2358
f 2349//2349 2346//2346 2505//2505
f 2499//2499 2355//2355 2502//2502
f 2056//2056 1990//1990 2059//2059
f 2023//2023 1519//1519 1511//1511
f 2023//2023 1511//1511 1510//1510
f 2023//2023 1510//1510 2029//2029
f 2349//2349 2502//2502 2352//2352
f 2340//2340 2508//2508 2343//2343
f 2502//2502 2349//2349 2505//2505
f 2343//2343 2505//2505 2346//2346
f 2337//2337 2511//2511 2340//2340
f 2505//2505 2343//2343 2508//2508
f 2062//2062 1985//1985 2065//2065
f 2334//2334 2514//2514 2337//2337
f 2508//2508 2340//2340 2511//2511
f 2334//2334 2517//2517 2514//2514
f 2511//2511 2337//2337 2514//2514
f 2065//2065 1984//1984 2068//2068
f 2517//2517 2334//2334 2520//2520
f 2331//2331 2520//2520 2334//2334
f 2328//2328 2523//2523 2331//2331
f 2325//2325 2526//2526 2328//2328
f 2520//2520 2331//2331 2523//2523
f 2322//2322 2529//2529 2325//2325
f 2523//2523 2328//2328 2526//2526
f 2322//2322 2319//2319 2532//2532
f 2526//2526 2325//2325 2529//2529
f 2080//2080 1980//1980 2083//2083
f 2313//2313 2535//2535 2316//2316
f 2529//2529 2322//2322 2532//2532
f 2316//2316 2532//2532 2319//2319
f 2313//2313 2310//2310 2538//2538
f 2532//2532 2316//2316 2535//2535
f 2307//2307 2304//2304 2541//2541
f 2535//2535 2313//2313 2538//2538
f 2307//2307 2538//2538 2310//2310
f 2298//2298 2295//2295 2544//2544
f 2538//2538 2307//2307 2541//2541
f 2101//2101 1968//1968 2104//2104
f 2304//2304 2301//2301 2541//2541
f 2298//2298 2541//2541 2301//2301
f 2286//2286 2281//2281 2547//2547
f 2541//2541 2298//2298 2544//2544
f 1387//1387 1383//1383 1382//1382
f 1360//1360 1387//1387 1382//1382
f 2107//2107 1965//1965 2110//2110
f 2295//2295 2292//2292 2544//2544
f 2292//2292 2289//2289 2544//2544
f 2286//2286 2544//2544 2289//2289
f 2119//2119 1958//1958 2122//2122
f 2544//2544 2286//2286 2547//2547
f 2281//2281 2280//2280 2547//2547
f 2280//2280 2279//2279 2547//2547
f 2550//2550 2547//2547 2279//2279
f 2279//2279 2278//2278 2550//2550
f 2278//2278 2277//2277 2550//2550
f 2277//2277 2276//2276 2550//2550
f 2276//2276 2272//2272 2550//2550
f 2272//2272 2271//2271 2550//2550
f 2266//2266 2556//2556 2553//2553
f 2553//2553 2550//2550 2271//2271
f 2271//2271 2270//2270 2553//2553
f 2270//2270 2269//2269 2553//2553
f 2266//2266 2553//2553 2269//2269
f 2559//2559 2266//2266 2562//2562
f 2266//2266 2559//2559 2556//2556
f 2263//2263 2562//2562 2266//2266
f 2263//2263 2565//2565 2562//2562
f 2152//2152 2664//2664 2155//2155
f 2568//2568 2263//2263 2571//2571
f 2263//2263 2568//2568 2565//2565
f 2260//2260 2571//2571 2263//2263
f 2260//2260 2574//2574 2571//2571
f 2719//2719 1179//1179 525//525
f 2176//2176 2655//2655 2179//2179
f 2574//2574 2260//2260 2577//2577
f 2257//2257 2577//2577 2260//2260
f 2257//2257 2580//2580 2577//2577
f 2580//2580 2257//2257 2583//2583
f 2254//2254 2583//2583 2257//2257
f 2254//2254 2586//2586 2583//2583
f 2191//2191 2646//2646 2194//2194
f 2586//2586 2254//2254 2587//2587
f 2251//2251 2587//2587 2254//2254
f 2251//2251 2590//2590 2587//2587
f 2206//2206 2634//2634 2209//2209
f 2593//2593 2251//2251 2596//2596
f 2251//2251 2593//2593 2590//2590
f 2209//2209 2629//2629 2212//2212
f 2248//2248 2596//2596 2251//2251
f 2248//2248 2599//2599 2596//2596
f 2212//2212 2626//2626 2215//2215
f 2215//2215 2620//2620 2218//2218
f 2218//2218 2614//2614 2221//2221
f 2248//2248 2602//2602 2599//2599
f 2017//2017 2693//2693 2020//2020
f 2469//2469 2720//2720 2472//2472
f 2721//2721 2478//2478 2722//2722
f 2017//2017 2014//2014 2697//2697
f 2011//2011 2697//2697 2014//2014
f 2472//2472 2723//2723 2475//2475
f 2724//2724 2725//2725 2487//2487
f 2475//2475 2726//2726 2478//2478
f 2008//2008 2727//2727 2701//2701
f 2478//2478 2721//2721 2481//2481
f 2697//2697 2011//2011 2700//2700
f 1468//1468 2688//2688 1469//1469
f 2005//2005 2728//2728 2707//2707
f 2481//2481 2729//2729 2484//2484
f 2727//2727 2008//2008 2705//2705
f 2672//2672 2673//2673 2671//2671
f 2730//2730 2005//2005 2710//2710
f 2005//2005 2731//2731 2728//2728
f 2005//2005 2730//2730 2731//2731
f 2038//2038 2671//2671 2041//2041
f 2002//2002 2710//2710 2005//2005
f 2002//2002 2732//2732 2709//2709
f 2733//2733 2044//2044 2734//2734
f 2735//2735 2002//2002 2715//2715
f 2002//2002 2736//2736 2732//2732
f 2002//2002 2735//2735 2736//2736
f 2041//2041 2734//2734 2044//2044
f 1999//1999 2715//2715 2002//2002
f 2733//2733 2737//2737 2047//2047
f 1999//1999 2738//2738 2714//2714
f 2484//2484 2739//2739 2487//2487
f 1999//1999 2740//2740 2738//2738
f 1999//1999 2741//2741 2740//2740
f 1999//1999 2742//2742 2741//2741
f 1999//1999 2743//2743 2742//2742
f 2044//2044 2733//2733 2047//2047
f 1999//1999 2717//2717 2743//2743
f 1996//1996 2718//2718 1999//1999
f 2047//2047 2744//2744 2050//2050
f 2744//2744 2745//2745 2050//2050
f 1993//1993 2053//2053 1996//1996
f 1996//1996 2050//2050 2718//2718
f 2487//2487 2746//2746 2490//2490
f 2050//2050 1996//1996 2053//2053
f 1990//1990 2056//2056 1993//1993
f 2053//2053 1993//1993 2056//2056
f 1985//1985 2059//2059 1990//1990
f 1984//1984 1983//1983 2071//2071
f 1984//1984 2065//2065 1985//1985
f 1985//1985 2062//2062 2059//2059
f 2074//2074 2071//2071 1983//1983
f 2071//2071 2068//2068 1984//1984
f 1983//1983 1982//1982 2074//2074
f 1982//1982 1981//1981 2077//2077
f 2077//2077 2074//2074 1982//1982
f 1980//1980 2080//2080 1981//1981
f 2080//2080 2077//2077 1981//1981
f 1979//1979 2083//2083 1980//1980
f 1974//1974 2095//2095 1977//1977
f 2089//2089 2086//2086 1979//1979
f 1977//1977 2089//2089 1979//1979
f 2083//2083 1979//1979 2086//2086
f 1977//1977 2092//2092 2089//2089
f 2092//2092 1977//1977 2095//2095
f 1971//1971 2098//2098 1974//1974
f 2095//2095 1974//1974 2098//2098
f 1965//1965 2104//2104 1968//1968
f 2098//2098 1971//1971 1968//1968
f 1968//1968 2101//2101 2098//2098
f 1962//1962 2110//2110 1965//1965
f 1965//1965 2107//2107 2104//2104
f 1958//1958 2113//2113 1962//1962
f 1958//1958 2119//2119 2116//2116
f 2110//2110 1962//1962 2113//2113
f 1958//1958 2116//2116 2113//2113
f 1959//1959 2122//2122 1958//1958
f 2667//2667 2128//2128 1959//1959
f 1959//1959 2125//2125 2122//2122
f 2125//2125 1959//1959 2128//2128
f 2667//2667 2134//2134 2131//2131
f 2667//2667 2131//2131 2128//2128
f 2134//2134 2667//2667 2137//2137
f 2664//2664 2137//2137 2667//2667
f 2664//2664 2143//2143 2140//2140
f 2664//2664 2140//2140 2137//2137
f 2664//2664 2146//2146 2143//2143
f 2664//2664 2149//2149 2146//2146
f 2664//2664 2152//2152 2149//2149
f 2661//2661 2155//2155 2664//2664
f 2661//2661 2161//2161 2158//2158
f 2661//2661 2158//2158 2155//2155
f 2164//2164 2661//2661 2167//2167
f 2661//2661 2164//2164 2161//2161
f 2658//2658 2167//2167 2661//2661
f 2655//2655 2173//2173 2658//2658
f 2658//2658 2170//2170 2167//2167
f 2170//2170 2658//2658 2173//2173
f 2652//2652 2179//2179 2655//2655
f 2655//2655 2176//2176 2173//2173
f 2747//2747 1186//1186 1180//1180
f 2747//2747 1180//1180 2719//2719
f 2649//2649 2182//2182 2652//2652
f 2646//2646 2188//2188 2649//2649
f 2179//2179 2652//2652 2182//2182
f 2649//2649 2185//2185 2182//2182
f 2185//2185 2649//2649 2188//2188
f 2643//2643 2194//2194 2646//2646
f 2646//2646 2191//2191 2188//2188
f 2640//2640 2197//2197 2643//2643
f 2194//2194 2643//2643 2197//2197
f 2637//2637 2200//2200 2640//2640
f 2634//2634 2206//2206 2637//2637
f 2197//2197 2640//2640 2200//2200
f 2637//2637 2203//2203 2200//2200
f 2203//2203 2637//2637 2206//2206
f 2629//2629 2209//2209 2634//2634
f 2626//2626 2212//2212 2629//2629
f 2626//2626 2623//2623 2215//2215
f 2620//2620 2617//2617 2218//2218
f 2620//2620 2215//2215 2623//2623
f 2614//2614 2611//2611 2221//2221
f 2614//2614 2218//2218 2617//2617
f 2611//2611 2608//2608 2221//2221
f 2602//2602 2248//2248 2221//2221
f 2608//2608 2605//2605 2221//2221
f 2605//2605 2602//2602 2221//2221
f 2245//2245 2224//2224 2221//2221
f 2245//2245 2221//2221 2248//2248
f 2224//2224 2245//2245 2227//2227
f 2242//2242 2227//2227 2245//2245
f 2239//2239 2230//2230 2242//2242
f 2236//2236 2233//2233 2239//2239
f 2227//2227 2242//2242 2230//2230
f 2230//2230 2239//2239 2233//2233
f 2445//2445 2675//2675 2448//2448
f 2448//2448 2674//2674 2451//2451
f 2460//2460 2748//2748 2463//2463
f 2451//2451 2749//2749 2454//2454
f 2687//2687 2466//2466 2463//2463
f 2687//2687 2463//2463 2748//2748
f 2457//2457 2750//2750 2460//2460
f 2723//2723 2751//2751 2475//2475
f 1466//1466 1461//1461 2696//2696
f 2752//2752 2753//2753 2038//2038
f 1498//1498 1494//1494 2032//2032
f 2753//2753 2754//2754 2038//2038
f 2754//2754 2755//2755 2038//2038
f 2672//2672 2038//2038 2755//2755
f 2734//2734 2041//2041 2671//2671
f 2745//2745 2718//2718 2050//2050
f 2744//2744 2047//2047 2737//2737
f 2438//2438 2756//2756 2442//2442
f 2676//2676 2757//2757 2445//2445
f 2676//2676 2442//2442 2756//2756
f 2675//2675 2445//2445 2757//2757
f 2749//2749 2451//2451 2674//2674
f 2681//2681 2454//2454 2749//2749
f 2681//2681 2758//2758 2457//2457
f 2406//2406 1155//1155 1163//1163
f 1459//1459 1458//1458 2759//2759
f 2750//2750 2457//2457 2758//2758
f 2748//2748 2460//2460 2750//2750
f 2720//2720 2469//2469 2687//2687
f 2723//2723 2472//2472 2720//2720
f 2726//2726 2722//2722 2478//2478
f 2726//2726 2475//2475 2751//2751
f 2721//2721 2760//2760 2481//2481
f 2729//2729 2481//2481 2760//2760
f 2729//2729 2761//2761 2484//2484
f 2739//2739 2484//2484 2761//2761
f 2739//2739 2762//2762 2487//2487
f 2762//2762 2724//2724 2487//2487
f 2725//2725 2763//2763 2487//2487
f 2763//2763 2764//2764 2487//2487
f 2764//2764 2765//2765 2487//2487
f 2765//2765 2766//2766 2487//2487
f 2746//2746 2767//2767 2490//2490
f 2766//2766 2768//2768 2487//2487
f 2746//2746 2487//2487 2768//2768
f 2767//2767 2769//2769 2490//2490
f 2769//2769 2716//2716 2490//2490
f 1140//1140 1139//1139 2417//2417
f 2415//2415 1140//1140 2417//2417
f 1143//1143 1142//1142 2415//2415
f 2412//2412 1143//1143 2415//2415
f 1153//1153 1151//1151 2412//2412
f 2409//2409 1153//1153 2412//2412
f 1129//1129 1128//1128 2422//2422
f 2417//2417 1129//1129 2422//2422
f 1164//1164 1165//1165 2409//2409
f 2406//2406 1164//1164 2409//2409
f 1202//1202 1192//1192 1191//1191
f 1202//1202 1191//1191 2438//2438
f 1179//1179 2719//2719 1180//1180
f 1119//1119 1118//1118 2426//2426
f 2422//2422 1119//1119 2426//2426
f 1208//1208 2428//2428 1206//1206
f 1363//1363 1388//1388 1387//1387
f 1510//1510 1512//1512 2029//2029
f 1420//1420 1416//1416 522//522
f 1373//1373 1368//1368 1361//1361
f 1375//1375 1373//1373 1361//1361
f 1374//1374 1375//1375 1361//1361
f 1382//1382 1374//1374 1361//1361
f 1360//1360 1382//1382 1361//1361
f 2688//2688 2770//2770 1477//1477
f 1493//1493 2032//2032 1494//1494
f 1478//1478 1477//1477 2770//2770
f 2038//2038 1484//1484 2752//2752
f 2771//2771 1478//1478 2770//2770
f 1480//1480 1479//1479 2771//2771
f 2752//2752 1480//1480 2771//2771
f 2696//2696 2713//2713 1466//1466
f 1468//1468 1467//1467 2713//2713
f 2688//2688 1468//1468 2713//2713
f 2772//2772 2759//2759 1458//1458
f 1460//1460 1459//1459 2759//2759
f 2696//2696 1460//1460 2759//2759
f 1421//1421 1420//1420 522//522
f 1428//1428 1421//1421 522//522
f 1413//1413 522//522 1416//1416
f 2428//2428 1208//1208 1203//1203
f 2428//2428 1203//1203 1202//1202
f 2428//2428 1202//1202 2438//2438
f 2773//2773 2772//2772 1458//1458
f 1387//1387 1360//1360 1363//1363
f 1388//1388 1363//1363 1390//1390
f 1478//1478 2771//2771 1479//1479
f 1480//1480 2752//2752 1484//1484
f 1518//1518 1517//1517 2023//2023
f 470//470 1518//1518 2023//2023
f 472//472 2773//2773 1450//1450
f 2773//2773 472//472 1441//1441
f 1458//1458 1450//1450 2773//2773
f 2774//2774 2775//2775 2776//2776
f 2775//2775 2774//2774 2773//2773
f 2774//2774 2776//2776 1441//1441
f 1441//1441 2692//2692 2774//2774
f 1441//1441 319//319 457//457
f 2692//2692 1441//1441 457//457
f 318//318 1432//1432 457//457
f 319//319 318//318 457//457
f 457//457 1433//1433 458//458
f 1433//1433 457//457 1432//1432
f 467//467 1429//1429 458//458
f 1433//1433 467//467 458//458
f 458//458 1428//1428 522//522
f 1428//1428 458//458 1429//1429
f 452//452 1409//1409 421//421
f 1412//1412 452//452 421//421
f 1413//1413 1412//1412 421//421
f 522//522 1413//1413 421//421
f 1403//1403 421//421 1404//1404
f 1409//1409 1404//1404 421//421
f 1403//1403 418//418 1399//1399
f 421//421 1403//1403 1399//1399
f 455//455 1390//1390 1363//1363
f 1393//1393 455//455 1363//1363
f 1364//1364 1393//1393 1363//1363
f 1399//1399 456//456 413//413
f 421//421 1399//1399 413//413
f 1393//1393 1364//1364 413//413
f 1393//1393 413//413 456//456
f 2020//2020 2692//2692 457//457
f 403//403 525//525 523//523
f 1128//1128 1117//1117 2422//2422
f 1119//1119 2422//2422 1117//1117
f 524//524 523//523 525//525
f 1186//1186 2747//2747 1187//1187
f 2426//2426 1118//1118 390//390
f 2756//2756 1188//1188 1187//1187
f 2756//2756 1187//1187 2747//2747
f 2438//2438 1193//1193 394//394
f 2438//2438 394//394 2756//2756
f 1188//1188 2756//2756 394//394
f 1193//1193 2438//2438 1191//1191
f 2777//2777 2778//2778 2779//2779
f 2778//2778 2777//2777 2780//2780
f 2734//2734 1701//1701 2733//2733
f 1703//1703 2733//2733 1701//1701
f 2779//2779 2781//2781 2782//2782
f 2781//2781 2779//2779 2778//2778
f 2733//2733 1703//1703 2737//2737
f 1715//1715 2737//2737 1703//1703
f 2783//2783 2780//2780 2777//2777
f 2780//2780 2783//2783 2784//2784
f 2671//2671 1707//1707 2734//2734
f 1701//1701 2734//2734 1707//1707
f 2782//2782 2785//2785 2786//2786
f 2785//2785 2782//2782 2781//2781
f 2737//2737 1715//1715 2744//2744
f 1714//1714 2744//2744 1715//1715
f 2787//2787 2783//2783 2788//2788
f 2783//2783 2787//2787 2784//2784
f 2671//2671 2669//2669 1707//1707
f 1948//1948 1707//1707 2669//2669
f 2789//2789 2788//2788 2790//2790
f 2788//2788 2789//2789 2787//2787
f 2669//2669 2668//2668 1948//1948
f 1950//1950 1948//1948 2668//2668
f 2791//2791 2790//2790 2792//2792
f 2790//2790 2791//2791 2789//2789
f 2668//2668 2670//2670 1950//1950
f 1949//1949 1950//1950 2670//2670
f 1721//1721 2745//2745 2744//2744
f 2786//2786 2785//2785 2793//2793
f 2794//2794 2793//2793 2785//2785
f 2744//2744 1714//1714 1721//1721
f 2795//2795 2792//2792 2796//2796
f 2792//2792 2795//2795 2791//2791
f 2670//2670 2673//2673 1949//1949
f 1708//1708 1949//1949 2673//2673
f 2797//2797 2796//2796 2798//2798
f 2796//2796 2797//2797 2795//2795
f 2673//2673 2672//2672 1708//1708
f 1697//1697 1708//1708 2672//2672
f 2799//2799 2798//2798 2800//2800
f 2798//2798 2799//2799 2797//2797
f 2672//2672 2755//2755 1697//1697
f 1705//1705 1697//1697 2755//2755
f 1720//1720 2718//2718 2745//2745
f 2793//2793 2794//2794 2801//2801
f 2802//2802 2801//2801 2794//2794
f 2745//2745 1721//1721 1720//1720
f 2803//2803 2800//2800 2804//2804
f 2800//2800 2803//2803 2799//2799
f 2755//2755 2754//2754 1705//1705
f 1704//1704 1705//1705 2754//2754
f 2805//2805 2804//2804 2806//2806
f 2804//2804 2805//2805 2803//2803
f 2754//2754 2753//2753 1704//1704
f 1698//1698 1704//1704 2753//2753
f 2807//2807 2806//2806 2808//2808
f 2806//2806 2807//2807 2805//2805
f 2753//2753 2752//2752 1698//1698
f 1692//1692 1698//1698 2752//2752
f 2809//2809 2808//2808 2810//2810
f 2808//2808 2809//2809 2807//2807
f 2752//2752 2771//2771 1692//1692
f 1952//1952 1692//1692 2771//2771
f 2811//2811 2810//2810 2812//2812
f 2810//2810 2811//2811 2809//2809
f 2771//2771 2770//2770 1952//1952
f 1917//1917 1952//1952 2770//2770
f 2813//2813 2812//2812 2814//2814
f 2812//2812 2813//2813 2811//2811
f 2770//2770 2688//2688 1917//1917
f 1693//1693 1917//1917 2688//2688
f 2815//2815 2816//2816 2801//2801
f 2801//2801 2802//2802 2815//2815
f 2718//2718 1720//1720 2717//2717
f 1741//1741 2717//2717 1720//1720
f 2817//2817 2814//2814 2818//2818
f 2814//2814 2817//2817 2813//2813
f 2688//2688 2713//2713 1693//1693
f 1691//1691 1693//1693 2713//2713
f 1740//1740 2743//2743 2717//2717
f 2816//2816 2815//2815 2819//2819
f 2820//2820 2819//2819 2815//2815
f 2717//2717 1741//1741 1740//1740
f 2821//2821 2818//2818 2822//2822
f 2818//2818 2821//2821 2817//2817
f 2713//2713 2696//2696 1691//1691
f 1689//1689 1691//1691 2696//2696
f 1739//1739 2742//2742 2743//2743
f 2819//2819 2820//2820 2823//2823
f 2824//2824 2823//2823 2820//2820
f 2743//2743 1740//1740 1739//1739
f 2825//2825 2822//2822 2826//2826
f 2822//2822 2825//2825 2821//2821
f 2696//2696 2759//2759 1689//1689
f 1690//1690 1689//1689 2759//2759
f 1738//1738 2741//2741 2742//2742
f 2823//2823 2824//2824 2827//2827
f 2828//2828 2827//2827 2824//2824
f 2742//2742 1739//1739 1738//1738
f 2829//2829 2826//2826 2830//2830
f 2826//2826 2829//2829 2825//2825
f 2759//2759 2772//2772 1690//1690
f 1953//1953 1690//1690 2772//2772
f 1737//1737 2740//2740 2741//2741
f 2827//2827 2828//2828 2831//2831
f 2832//2832 2831//2831 2828//2828
f 2741//2741 1738//1738 1737//1737
f 2833//2833 2830//2830 2834//2834
f 2830//2830 2833//2833 2829//2829
f 2772//2772 2773//2773 1953//1953
f 1686//1686 1953//1953 2773//2773
f 1736//1736 2738//2738 2740//2740
f 2831//2831 2832//2832 2835//2835
f 2836//2836 2835//2835 2832//2832
f 2740//2740 1737//1737 1736//1736
f 2837//2837 2838//2838 2839//2839
f 2837//2837 2834//2834 2838//2838
f 1687//1687 1688//1688 2774//2774
f 2834//2834 2837//2837 2833//2833
f 2773//2773 2774//2774 1686//1686
f 1686//1686 2774//2774 1688//1688
f 1735//1735 2714//2714 2738//2738
f 2835//2835 2836//2836 2840//2840
f 2841//2841 2840//2840 2836//2836
f 2738//2738 1736//1736 1735//1735
f 2842//2842 2839//2839 2843//2843
f 2839//2839 2842//2842 2837//2837
f 2774//2774 2692//2692 1687//1687
f 1664//1664 1687//1687 2692//2692
f 1718//1718 2715//2715 2714//2714
f 2840//2840 2841//2841 2844//2844
f 2845//2845 2844//2844 2841//2841
f 2714//2714 1735//1735 1718//1718
f 1734//1734 2735//2735 2715//2715
f 2844//2844 2845//2845 2846//2846
f 2847//2847 2846//2846 2845//2845
f 2715//2715 1718//1718 1734//1734
f 1733//1733 2736//2736 2735//2735
f 2846//2846 2847//2847 2848//2848
f 2849//2849 2848//2848 2847//2847
f 2735//2735 1734//1734 1733//1733
f 1665//1665 1664//1664 2692//2692
f 2843//2843 2850//2850 2842//2842
f 2851//2851 2842//2842 2850//2850
f 2692//2692 2693//2693 1665//1665
f 1732//1732 2732//2732 2736//2736
f 2848//2848 2849//2849 2852//2852
f 2853//2853 2852//2852 2849//2849
f 2736//2736 1733//1733 1732//1732
f 1711//1711 2710//2710 2709//2709
f 2854//2854 2855//2855 2856//2856
f 2857//2857 2856//2856 2855//2855
f 2852//2852 2853//2853 2854//2854
f 2855//2855 2854//2854 2853//2853
f 2709//2709 1731//1731 1711//1711
f 2732//2732 1732//1732 1731//1731
f 1731//1731 2709//2709 2732//2732
f 1696//1696 1665//1665 2693//2693
f 2850//2850 2858//2858 2851//2851
f 2859//2859 2851//2851 2858//2858
f 2693//2693 2697//2697 1696//1696
f 1730//1730 2730//2730 2710//2710
f 2856//2856 2857//2857 2860//2860
f 2861//2861 2860//2860 2857//2857
f 2710//2710 1711//1711 1730//1730
f 1729//1729 2731//2731 2730//2730
f 2860//2860 2861//2861 2862//2862
f 2863//2863 2862//2862 2861//2861
f 2730//2730 1730//1730 1729//1729
f 1728//1728 2728//2728 2731//2731
f 2862//2862 2863//2863 2864//2864
f 2865//2865 2864//2864 2863//2863
f 2731//2731 1729//1729 1728//1728
f 1727//1727 2707//2707 2728//2728
f 2864//2864 2865//2865 2866//2866
f 2867//2867 2866//2866 2865//2865
f 2728//2728 1728//1728 1727//1727
f 1713//1713 1696//1696 2697//2697
f 2858//2858 2868//2868 2859//2859
f 2869//2869 2859//2859 2868//2868
f 2697//2697 2700//2700 1713//1713
f 1726//1726 2705//2705 2707//2707
f 2866//2866 2867//2867 2870//2870
f 2871//2871 2870//2870 2867//2867
f 2707//2707 1727//1727 1726//1726
f 1725//1725 2727//2727 2705//2705
f 2870//2870 2871//2871 2872//2872
f 2873//2873 2872//2872 2871//2871
f 2705//2705 1726//1726 1725//1725
f 1724//1724 2701//2701 2727//2727
f 2872//2872 2873//2873 2874//2874
f 2875//2875 2874//2874 2873//2873
f 2727//2727 1725//1725 1724//1724
f 1713//1713 2700//2700 2701//2701
f 2874//2874 2875//2875 2868//2868
f 2869//2869 2868//2868 2875//2875
f 2701//2701 1724//1724 1713//1713
f 1673//1673 2706//2706 2708//2708
f 2876//2876 2877//2877 2878//2878
f 2879//2879 2878//2878 2877//2877
f 2708//2708 1882//1882 1673//1673
f 2880//2880 2877//2877 2876//2876
f 2876//2876 2881//2881 2880//2880
f 2708//2708 2711//2711 1882//1882
f 1680//1680 1882//1882 2711//2711
f 1881//1881 2704//2704 2706//2706
f 2878//2878 2879//2879 2882//2882
f 2883//2883 2882//2882 2879//2879
f 2706//2706 1673//1673 1881//1881
f 1680//1680 2711//2711 2712//2712
f 2884//2884 2885//2885 2881//2881
f 2880//2880 2881//2881 2885//2885
f 2712//2712 1683//1683 1680//1680
f 1880//1880 2702//2702 2704//2704
f 2882//2882 2883//2883 2886//2886
f 2887//2887 2886//2886 2883//2883
f 2704//2704 1881//1881 1880//1880
f 1683//1683 2712//2712 2716//2716
f 2888//2888 2889//2889 2884//2884
f 2885//2885 2884//2884 2889//2889
f 2716//2716 1685//1685 1683//1683
f 2887//2887 2890//2890 2891//2891
f 2891//2891 2886//2886 2887//2887
f 2703//2703 2702//2702 1663//1663
f 1880//1880 1663//1663 2702//2702
f 1685//1685 2716//2716 2769//2769
f 2892//2892 2893//2893 2888//2888
f 2889//2889 2888//2888 2893//2893
f 2769//2769 1684//1684 1685//1685
f 1879//1879 2699//2699 2703//2703
f 2891//2891 2890//2890 2894//2894
f 2895//2895 2894//2894 2890//2890
f 2703//2703 1663//1663 1879//1879
f 1684//1684 2769//2769 2767//2767
f 2896//2896 2897//2897 2892//2892
f 2893//2893 2892//2892 2897//2897
f 2767//2767 1681//1681 1684//1684
f 1879//1879 1658//1658 2698//2698
f 2898//2898 2894//2894 2899//2899
f 2895//2895 2899//2899 2894//2894
f 2698//2698 2699//2699 1879//1879
f 1681//1681 2767//2767 2746//2746
f 2900//2900 2901//2901 2896//2896
f 2897//2897 2896//2896 2901//2901
f 2746//2746 1677//1677 1681//1681
f 1658//1658 1878//1878 2695//2695
f 2902//2902 2898//2898 2903//2903
f 2899//2899 2903//2903 2898//2898
f 2695//2695 2698//2698 1658//1658
f 1677//1677 2746//2746 2768//2768
f 2904//2904 2905//2905 2900//2900
f 2901//2901 2900//2900 2905//2905
f 2768//2768 1678//1678 1677//1677
f 1878//1878 1877//1877 2694//2694
f 2906//2906 2902//2902 2907//2907
f 2903//2903 2907//2907 2902//2902
f 2694//2694 2695//2695 1878//1878
f 1678//1678 2768//2768 2766//2766
f 2908//2908 2909//2909 2904//2904
f 2905//2905 2904//2904 2909//2909
f 2766//2766 1675//1675 1678//1678
f 1877//1877 1876//1876 2691//2691
f 2910//2910 2906//2906 2911//2911
f 2907//2907 2911//2911 2906//2906
f 2691//2691 2694//2694 1877//1877
f 1675//1675 2766//2766 2765//2765
f 2912//2912 2913//2913 2908//2908
f 2909//2909 2908//2908 2913//2913
f 2765//2765 1674//1674 1675//1675
f 1876//1876 1649//1649 2690//2690
f 2914//2914 2910//2910 2915//2915
f 2911//2911 2915//2915 2910//2910
f 2690//2690 2691//2691 1876//1876
f 1674//1674 2765//2765 2764//2764
f 2916//2916 2917//2917 2912//2912
f 2913//2913 2912//2912 2917//2917
f 2764//2764 1670//1670 1674//1674
f 1649//1649 1875//1875 2689//2689
f 2918//2918 2914//2914 2919//2919
f 2915//2915 2919//2919 2914//2914
f 2689//2689 2690//2690 1649//1649
f 1670//1670 2764//2764 2763//2763
f 2920//2920 2921//2921 2916//2916
f 2917//2917 2916//2916 2921//2921
f 2763//2763 1669//1669 1670//1670
f 1875//1875 1874//1874 2686//2686
f 2922//2922 2918//2918 2923//2923
f 2919//2919 2923//2923 2918//2918
f 2686//2686 2689//2689 1875//1875
f 1669//1669 2763//2763 2725//2725
f 2924//2924 2925//2925 2920//2920
f 2921//2921 2920//2920 2925//2925
f 2725//2725 1668//1668 1669//1669
f 1874//1874 1873//1873 2685//2685
f 2926//2926 2922//2922 2927//2927
f 2923//2923 2927//2927 2922//2922
f 2685//2685 2686//2686 1874//1874
f 1668//1668 2725//2725 2724//2724
f 2928//2928 2929//2929 2924//2924
f 2925//2925 2924//2924 2929//2929
f 2724//2724 1667//1667 1668//1668
f 1873//1873 1872//1872 2684//2684
f 2930//2930 2926//2926 2931//2931
f 2927//2927 2931//2931 2926//2926
f 2684//2684 2685//2685 1873//1873
f 1667//1667 2724//2724 2762//2762
f 2932//2932 2933//2933 2928//2928
f 2929//2929 2928//2928 2933//2933
f 2762//2762 1666//1666 1667//1667
f 2931//2931 2934//2934 2935//2935
f 2935//2935 2930//2930 2931//2931
f 2683//2683 2684//2684 1870//1870
f 1872//1872 1870//1870 2684//2684
f 1666//1666 2762//2762 2739//2739
f 2936//2936 2937//2937 2932//2932
f 2933//2933 2932//2932 2937//2937
f 2739//2739 1660//1660 1666//1666
f 2934//2934 2938//2938 2939//2939
f 2939//2939 2935//2935 2934//2934
f 2682//2682 2683//2683 1868//1868
f 1870//1870 1868//1868 2683//2683
f 1660//1660 2739//2739 2761//2761
f 2940//2940 2941//2941 2936//2936
f 2937//2937 2936//2936 2941//2941
f 2761//2761 1661//1661 1660//1660
f 2942//2942 2943//2943 2944//2944
f 2945//2945 2944//2944 2943//2943
f 2938//2938 2945//2945 2943//2943
f 2938//2938 2943//2943 2939//2939
f 2680//2680 2682//2682 1162//1162
f 2946//2946 2939//2939 2943//2943
f 1149//1149 1162//1162 2682//2682
f 1148//1148 1149//1149 2682//2682
f 1150//1150 1148//1148 2682//2682
f 1868//1868 1150//1150 2682//2682
f 1661//1661 2761//2761 2729//2729
f 2947//2947 2948//2948 2940//2940
f 2941//2941 2940//2940 2948//2948
f 2729//2729 1654//1654 1661//1661
f 1654//1654 2729//2729 2760//2760
f 2949//2949 2950//2950 2947//2947
f 2948//2948 2947//2947 2950//2950
f 2760//2760 1655//1655 1654//1654
f 1655//1655 2760//2760 2721//2721
f 2951//2951 2952//2952 2949//2949
f 2950//2950 2949//2949 2952//2952
f 2721//2721 1651//1651 1655//1655
f 2953//2953 2954//2954 2944//2944
f 2945//2945 2953//2953 2944//2944
f 1161//1161 1160//1160 2679//2679
f 2953//2953 2955//2955 2954//2954
f 2679//2679 2680//2680 1161//1161
f 1162//1162 1161//1161 2680//2680
f 1651//1651 2721//2721 2722//2722
f 2956//2956 2957//2957 2951//2951
f 2952//2952 2951//2951 2957//2957
f 2722//2722 1652//1652 1651//1651
f 1652//1652 2722//2722 2726//2726
f 2958//2958 2959//2959 2956//2956
f 2957//2957 2956//2956 2959//2959
f 2726//2726 1645//1645 1652//1652
f 2678//2678 1159//1159 1158//1158
f 2678//2678 2679//2679 1159//1159
f 2960//2960 2961//2961 2962//2962
f 2953//2953 2961//2961 2955//2955
f 2953//2953 2962//2962 2961//2961
f 1160//1160 1159//1159 2679//2679
f 1645//1645 2726//2726 2751//2751
f 2963//2963 2964//2964 2958//2958
f 2959//2959 2958//2958 2964//2964
f 2751//2751 1646//1646 1645//1645
f 2677//2677 1157//1157 1156//1156
f 2677//2677 2678//2678 1157//1157
f 2965//2965 2966//2966 2967//2967
f 2962//2962 2966//2966 2960//2960
f 2962//2962 2967//2967 2966//2966
f 1158//1158 1157//1157 2678//2678
f 1646//1646 2751//2751 2723//2723
f 2968//2968 2969//2969 2963//2963
f 2964//2964 2963//2963 2969//2969
f 2723//2723 1643//1643 1646//1646
f 1155//1155 2677//2677 1154//1154
f 2967//2967 2970//2970 2971//2971
f 2967//2967 2971//2971 2965//2965
f 1156//1156 1154//1154 2677//2677
f 2972//2972 2969//2969 2968//2968
f 2969//2969 2972//2972 2973//2973
f 2720//2720 1641//1641 2723//2723
f 1643//1643 2723//2723 1641//1641
f 2974//2974 2973//2973 2972//2972
f 2973//2973 2974//2974 2975//2975
f 2687//2687 1637//1637 2720//2720
f 1641//1641 2720//2720 1637//1637
f 2976//2976 2975//2975 2974//2974
f 2975//2975 2976//2976 2977//2977
f 2748//2748 1636//1636 2687//2687
f 1637//1637 2687//2687 1636//1636
f 2978//2978 2977//2977 2976//2976
f 2977//2977 2978//2978 2979//2979
f 2750//2750 1633//1633 2748//2748
f 1636//1636 2748//2748 1633//1633
f 2980//2980 2979//2979 2978//2978
f 2979//2979 2980//2980 2981//2981
f 2758//2758 1634//1634 2750//2750
f 1633//1633 2750//2750 1634//1634
f 2982//2982 2981//2981 2980//2980
f 2981//2981 2982//2982 2983//2983
f 2681//2681 1630//1630 2758//2758
f 1634//1634 2758//2758 1630//1630
f 2984//2984 2983//2983 2982//2982
f 2983//2983 2984//2984 2985//2985
f 2749//2749 1628//1628 2681//2681
f 1630//1630 2681//2681 1628//1628
f 2986//2986 2985//2985 2984//2984
f 2985//2985 2986//2986 2987//2987
f 2674//2674 1626//1626 2749//2749
f 1628//1628 2749//2749 1626//1626
f 2988//2988 2987//2987 2986//2986
f 2987//2987 2988//2988 2989//2989
f 2675//2675 1623//1623 2674//2674
f 1626//1626 2674//2674 1623//1623
f 2990//2990 2989//2989 2988//2988
f 2989//2989 2990//2990 2991//2991
f 2757//2757 1624//1624 2675//2675
f 1623//1623 2675//2675 1624//1624
f 525//525 1183//1183 1185//1185
f 525//525 1181//1181 1183//1183
f 2992//2992 2990//2990 2993//2993
f 2990//2990 2992//2992 2991//2991
f 2757//2757 2676//2676 1624//1624
f 1620//1620 1624//1624 2676//2676
f 2719//2719 1194//1194 1196//1196
f 2719//2719 525//525 1194//1194
f 2994//2994 2995//2995 2996//2996
f 2997//2997 2995//2995 2994//2994
f 2998//2998 2995//2995 2997//2997
f 2999//2999 2995//2995 3000//3000
f 1194//1194 1184//1184 1190//1190
f 1194//1194 525//525 1184//1184
f 2998//2998 3000//3000 2995//2995
f 1185//1185 1184//1184 525//525
f 1620//1620 2756//2756 1210//1210
f 1211//1211 1210//1210 2756//2756
f 2993//2993 3001//3001 2992//2992
f 2676//2676 2756//2756 1620//1620
f 3002//3002 2993//2993 3003//3003
f 3001//3001 2993//2993 3002//3002
f 2747//2747 1199//1199 1201//1201
f 2747//2747 2719//2719 1199//1199
f 3004//3004 3005//3005 3006//3006
f 2999//2999 3005//3005 3004//3004
f 3000//3000 3005//3005 2999//2999
f 3007//3007 3005//3005 3008//3008
f 1199//1199 1195//1195 1198//1198
f 1199//1199 2719//2719 1195//1195
f 3000//3000 3008//3008 3005//3005
f 1196//1196 1195//1195 2719//2719
f 2756//2756 1209//1209 1211//1211
f 2756//2756 2747//2747 1209//1209
f 3007//3007 3009//3009 3010//3010
f 3007//3007 3011//3011 3009//3009
f 3008//3008 3011//3011 3007//3007
f 3002//3002 3011//3011 3001//3001
f 1205//1205 2747//2747 1200//1200
f 1209//1209 2747//2747 1205//1205
f 3008//3008 3001//3001 3011//3011
f 1201//1201 1200//1200 2747//2747
f 3012//3012 978//978 1074//1074
f 3013//3013 3012//3012 1074//1074
f 3014//3014 3012//3012 3013//3013
f 3015//3015 3012//3012 3014//3014
f 3016//3016 3012//3012 3015//3015
f 1071//1071 3012//3012 3016//3016
f 3016//3016 3017//3017 1071//1071
f 3018//3018 1071//1071 2998//2998
f 1068//1068 1071//1071 3018//3018
f 3019//3019 1018//1018 1020//1020
f 3020//3020 1018//1018 3019//3019
f 3021//3021 1018//1018 3020//3020
f 3022//3022 1018//1018 3021//3021
f 743//743 526//526 1094//1094
f 527//527 1094//1094 526//526
f 526//526 743//743 528//528
f 763//763 529//529 743//743
f 528//528 743//743 529//529
f 529//529 763//763 530//530
f 713//713 531//531 763//763
f 530//530 763//763 531//531
f 712//712 532//532 713//713
f 531//531 713//713 532//532
f 1093//1093 533//533 712//712
f 532//532 712//712 533//533
f 861//861 534//534 1093//1093
f 533//533 1093//1093 534//534
f 864//864 535//535 861//861
f 534//534 861//861 535//535
f 863//863 536//536 864//864
f 535//535 864//864 536//536
f 907//907 537//537 863//863
f 536//536 863//863 537//537
f 908//908 538//538 907//907
f 537//537 907//907 538//538
f 906//906 539//539 908//908
f 538//538 908//908 539//539
f 878//878 540//540 906//906
f 539//539 906//906 540//540
f 877//877 541//541 878//878
f 540//540 878//878 541//541
f 889//889 542//542 877//877
f 541//541 877//877 542//542
f 888//888 543//543 889//889
f 542//542 889//889 543//543
f 707//707 544//544 888//888
f 543//543 888//888 544//544
f 545//545 544//544 710//710
f 707//707 710//710 544//544
f 546//546 545//545 709//709
f 710//710 709//709 545//545
f 547//547 546//546 872//872
f 709//709 872//872 546//546
f 548//548 547//547 856//856
f 872//872 856//856 547//547
f 549//549 548//548 855//855
f 856//856 855//855 548//548
f 550//550 549//549 854//854
f 855//855 854//854 549//549
f 551//551 550//550 653//653
f 854//854 653//653 550//550
f 552//552 551//551 651//651
f 653//653 651//651 551//551
f 553//553 552//552 680//680
f 651//651 680//680 552//552
f 554//554 553//553 682//682
f 680//680 682//682 553//553
f 555//555 554//554 626//626
f 682//682 626//626 554//554
f 556//556 555//555 667//667
f 626//626 667//667 555//555
f 557//557 556//556 666//666
f 667//667 666//666 556//556
f 558//558 557//557 890//890
f 666//666 890//890 557//557
f 558//558 869//869 560//560
f 869//869 3023//3023 560//560
f 890//890 869//869 558//558
f 715//715 3024//3024 3025//3025
f 869//869 715//715 3023//3023
f 715//715 3025//3025 3023//3023
f 715//715 716//716 3024//3024
f 684//684 3026//3026 1102//1102
f 684//684 1096//1096 3026//3026
f 592//592 3027//3027 595//595
f 592//592 565//565 3027//3027
f 565//565 566//566 3027//3027
f 596//596 565//565 592//592
f 565//565 596//596 567//567
f 662//662 567//567 596//596
f 567//567 662//662 568//568
f 619//619 568//568 662//662
f 568//568 619//619 569//569
f 675//675 569//569 619//619
f 569//569 675//675 570//570
f 694//694 570//570 675//675
f 570//570 694//694 571//571
f 636//636 571//571 694//694
f 571//571 636//636 572//572
f 701//701 572//572 636//636
f 701//701 608//608 572//572
f 573//573 572//572 608//608
f 608//608 630//630 573//573
f 574//574 573//573 630//630
f 630//630 733//733 574//574
f 575//575 574//574 733//733
f 733//733 749//749 575//575
f 576//576 575//575 749//749
f 749//749 824//824 576//576
f 577//577 576//576 824//824
f 824//824 799//799 577//577
f 578//578 577//577 799//799
f 799//799 798//798 578//578
f 579//579 578//578 798//798
f 798//798 793//793 579//579
f 580//580 579//579 793//793
f 793//793 768//768 580//580
f 581//581 580//580 768//768
f 768//768 767//767 581//581
f 582//582 581//581 767//767
f 767//767 737//737 582//582
f 583//583 582//582 737//737
f 737//737 740//740 583//583
f 584//584 583//583 740//740
f 740//740 719//719 584//584
f 585//585 584//584 719//719
f 719//719 699//699 585//585
f 586//586 585//585 699//699
f 699//699 698//698 586//586
f 587//587 586//586 698//698
f 698//698 766//766 587//587
f 588//588 587//587 766//766
f 766//766 880//880 588//588
f 589//589 588//588 880//880
f 880//880 732//732 589//589
f 1103//1103 589//589 732//732
f 732//732 731//731 1103//1103
f 1104//1104 1103//1103 731//731
f 731//731 806//806 1104//1104
f 1105//1105 1104//1104 806//806
f 806//806 815//815 1105//1105
f 1106//1106 1105//1105 815//815
f 815//815 840//840 1106//1106
f 1107//1107 1106//1106 840//840
f 840//840 1075//1075 1107//1107
f 1108//1108 1107//1107 1075//1075
f 1075//1075 1072//1072 1108//1108
f 1109//1109 1108//1108 1072//1072
f 1072//1072 978//978 1109//1109
f 1110//1110 1109//1109 978//978
f 978//978 3012//3012 1110//1110
f 1111//1111 1110//1110 3012//3012
f 3028//3028 1111//1111 2418//2418
f 3029//3029 1111//1111 3028//3028
f 3030//3030 1111//1111 3029//3029
f 3031//3031 1071//1071 3032//3032
f 3033//3033 1071//1071 3031//3031
f 3034//3034 1071//1071 3033//3033
f 3012//3012 1071//1071 3034//3034
f 1111//1111 2419//2419 2418//2418
f 1111//1111 2421//2421 2419//2419
f 1111//1111 2423//2423 2421//2421
f 1111//1111 2425//2425 2423//2423
f 1111//1111 2427//2427 2425//2425
f 1111//1111 3012//3012 2427//2427
f 3035//3035 1112//1112 3030//3030
f 3036//3036 1112//1112 3035//3035
f 3037//3037 1112//1112 3036//3036
f 1111//1111 3030//3030 1112//1112
f 1064//1064 3038//3038 1071//1071
f 3039//3039 1071//1071 3038//3038
f 3040//3040 1071//1071 3039//3039
f 3041//3041 1071//1071 3040//3040
f 3042//3042 1071//1071 3041//3041
f 3043//3043 1071//1071 3042//3042
f 3044//3044 1071//1071 3043//3043
f 3032//3032 1071//1071 3044//3044
f 3045//3045 1112//1112 3037//3037
f 3046//3046 1112//1112 3045//3045
f 3047//3047 1112//1112 3046//3046
f 3048//3048 1112//1112 3047//3047
f 3049//3049 1112//1112 3048//3048
f 3050//3050 1130//1130 3049//3049
f 3051//3051 1130//1130 3050//3050
f 3052//3052 1130//1130 3051//3051
f 1112//1112 3049//3049 1130//1130
f 3053//3053 1130//1130 3052//3052
f 3054//3054 1130//1130 3053//3053
f 1063//1063 2971//2971 2970//2970
f 1063//1063 2965//2965 2971//2971
f 1063//1063 2966//2966 2965//2965
f 1063//1063 2960//2960 2966//2966
f 1063//1063 2961//2961 2960//2960
f 1063//1063 2955//2955 2961//2961
f 1063//1063 2954//2954 2955//2955
f 1063//1063 2944//2944 2954//2954
f 1063//1063 2942//2942 2944//2944
f 3055//3055 1063//1063 2970//2970
f 3056//3056 1063//1063 3055//3055
f 3057//3057 1063//1063 3056//3056
f 3058//3058 1063//1063 3057//3057
f 1064//1064 1063//1063 3058//3058
f 1063//1063 2943//2943 2942//2942
f 1063//1063 2946//2946 2943//2943
f 2946//2946 1147//1147 3054//3054
f 1063//1063 1147//1147 2946//2946
f 1130//1130 3054//3054 1147//1147
f 1063//1063 1008//1008 1147//1147
f 1166//1166 1147//1147 1008//1008
f 1008//1008 1066//1066 1166//1166
f 1167//1167 1166//1166 1066//1066
f 1010//1010 1168//1168 1066//1066
f 1167//1167 1066//1066 1168//1168
f 1169//1169 1168//1168 1010//1010
f 1010//1010 1009//1009 1169//1169
f 1170//1170 1169//1169 1009//1009
f 1009//1009 1067//1067 1170//1170
f 1171//1171 1170//1170 1067//1067
f 1065//1065 1172//1172 1067//1067
f 1171//1171 1067//1067 1172//1172
f 1065//1065 1070//1070 1172//1172
f 1173//1173 1172//1172 1070//1070
f 1070//1070 1069//1069 1173//1173
f 1174//1174 1173//1173 1069//1069
f 1069//1069 1068//1068 1174//1174
f 1175//1175 1174//1174 1068//1068
f 3018//3018 1176//1176 1068//1068
f 1175//1175 1068//1068 1176//1176
f 2998//2998 1177//1177 3018//3018
f 1176//1176 3018//3018 1177//1177
f 1178//1178 2998//2998 3059//3059
f 2998//2998 1071//1071 3017//3017
f 1177//1177 2998//2998 1178//1178
f 3060//3060 3015//3015 3061//3061
f 3062//3062 3015//3015 3060//3060
f 3063//3063 3015//3015 3062//3062
f 3016//3016 3015//3015 3063//3063
f 2994//2994 3064//3064 2997//2997
f 2994//2994 1182//1182 3064//3064
f 3064//3064 1182//1182 3059//3059
f 1178//1178 3059//3059 1182//1182
f 3065//3065 3014//3014 3066//3066
f 3015//3015 3014//3014 3065//3065
f 3004//3004 2995//2995 2999//2999
f 3004//3004 2996//2996 2995//2995
f 3004//3004 1189//1189 2996//2996
f 1182//1182 2994//2994 1189//1189
f 2996//2996 1189//1189 2994//2994
f 3014//3014 3013//3013 3067//3067
f 3010//3010 3005//3005 3007//3007
f 3010//3010 3006//3006 3005//3005
f 3010//3010 1197//1197 3006//3006
f 1189//1189 3004//3004 1197//1197
f 3006//3006 1197//1197 3004//3004
f 3003//3003 3011//3011 3002//3002
f 3003//3003 3009//3009 3011//3011
f 3003//3003 1204//1204 3009//3009
f 3068//3068 1204//1204 3003//3003
f 3069//3069 1204//1204 3068//3068
f 3070//3070 1074//1074 3071//3071
f 3072//3072 1074//1074 3070//3070
f 3013//3013 1074//1074 3072//3072
f 1197//1197 3010//3010 1204//1204
f 3009//3009 1204//1204 3010//3010
f 3073//3073 1214//1214 3074//3074
f 3075//3075 1214//1214 3073//3073
f 2433//2433 980//980 2432//2432
f 1074//1074 980//980 2433//2433
f 2433//2433 3076//3076 1074//1074
f 3074//3074 1214//1214 3069//3069
f 1204//1204 3069//3069 1214//1214
f 3071//3071 1074//1074 3076//3076
f 2434//2434 979//979 2437//2437
f 2430//2430 979//979 2434//2434
f 980//980 979//979 2430//2430
f 3077//3077 1221//1221 3078//3078
f 2430//2430 2429//2429 980//980
f 1214//1214 3075//3075 1221//1221
f 3079//3079 1221//1221 3075//3075
f 3078//3078 1221//1221 3079//3079
f 2432//2432 980//980 2429//2429
f 983//983 1229//1229 979//979
f 1221//1221 3077//3077 1229//1229
f 2437//2437 979//979 2439//2439
f 2439//2439 1229//1229 3077//3077
f 979//979 1229//1229 2439//2439
f 983//983 981//981 1229//1229
f 1231//1231 1229//1229 981//981
f 981//981 977//977 1231//1231
f 1232//1232 1231//1231 977//977
f 977//977 973//973 1232//1232
f 1233//1233 1232//1232 973//973
f 973//973 966//966 1233//1233
f 1234//1234 1233//1233 966//966
f 966//966 911//911 1234//1234
f 1235//1235 1234//1234 911//911
f 911//911 910//910 1235//1235
f 1236//1236 1235//1235 910//910
f 912//912 1237//1237 910//910
f 1236//1236 910//910 1237//1237
f 965//965 1238//1238 912//912
f 1237//1237 912//912 1238//1238
f 964//964 1239//1239 965//965
f 1238//1238 965//965 1239//1239
f 974//974 1240//1240 964//964
f 1239//1239 964//964 1240//1240
f 976//976 1241//1241 974//974
f 1240//1240 974//974 1241//1241
f 975//975 1242//1242 976//976
f 1241//1241 976//976 1242//1242
f 982//982 1243//1243 975//975
f 1242//1242 975//975 1243//1243
f 984//984 1244//1244 982//982
f 1243//1243 982//982 1244//1244
f 987//987 1245//1245 984//984
f 1244//1244 984//984 1245//1245
f 986//986 1246//1246 987//987
f 1245//1245 987//987 1246//1246
f 1073//1073 1247//1247 986//986
f 1246//1246 986//986 1247//1247
f 1076//1076 1248//1248 1073//1073
f 1247//1247 1073//1073 1248//1248
f 1077//1077 1249//1249 1076//1076
f 1248//1248 1076//1076 1249//1249
f 1079//1079 1250//1250 1077//1077
f 1249//1249 1077//1077 1250//1250
f 1078//1078 1251//1251 1079//1079
f 1250//1250 1079//1079 1251//1251
f 1081//1081 1252//1252 1078//1078
f 1251//1251 1078//1078 1252//1252
f 1080//1080 1253//1253 1081//1081
f 1252//1252 1081//1081 1253//1253
f 1084//1084 1254//1254 1080//1080
f 1253//1253 1080//1080 1254//1254
f 1083//1083 1255//1255 1084//1084
f 1254//1254 1084//1084 1255//1255
f 1082//1082 1257//1257 1083//1083
f 1005//1005 1257//1257 1082//1082
f 1256//1256 1083//1083 1257//1257
f 1255//1255 1083//1083 1256//1256
f 963//963 1259//1259 1005//1005
f 1258//1258 1005//1005 1259//1259
f 1257//1257 1005//1005 1258//1258
f 963//963 958//958 1259//1259
f 1260//1260 1259//1259 958//958
f 958//958 957//957 1260//1260
f 1261//1261 1260//1260 957//957
f 957//957 955//955 1261//1261
f 1262//1262 1261//1261 955//955
f 955//955 954//954 1262//1262
f 1263//1263 1262//1262 954//954
f 954//954 953//953 1263//1263
f 1264//1264 1263//1263 953//953
f 953//953 921//921 1264//1264
f 1265//1265 1264//1264 921//921
f 923//923 1266//1266 921//921
f 1265//1265 921//921 1266//1266
f 952//952 1267//1267 923//923
f 1266//1266 923//923 1267//1267
f 922//922 1268//1268 952//952
f 1267//1267 952//952 1268//1268
f 956//956 1269//1269 922//922
f 1268//1268 922//922 1269//1269
f 960//960 1270//1270 956//956
f 1269//1269 956//956 1270//1270
f 959//959 1271//1271 960//960
f 1270//1270 960//960 1271//1271
f 962//962 1272//1272 959//959
f 1271//1271 959//959 1272//1272
f 961//961 1273//1273 962//962
f 1272//1272 962//962 1273//1273
f 935//935 1274//1274 961//961
f 1273//1273 961//961 1274//1274
f 1274//1274 935//935 1275//1275
f 934//934 1276//1276 935//935
f 1275//1275 935//935 1276//1276
f 948//948 1277//1277 934//934
f 1276//1276 934//934 1277//1277
f 947//947 1278//1278 948//948
f 1277//1277 948//948 1278//1278
f 946//946 1279//1279 947//947
f 1278//1278 947//947 1279//1279
f 943//943 1280//1280 946//946
f 1279//1279 946//946 1280//1280
f 942//942 1281//1281 943//943
f 1280//1280 943//943 1281//1281
f 941//941 1282//1282 942//942
f 1281//1281 942//942 1282//1282
f 940//940 1283//1283 941//941
f 1282//1282 941//941 1283//1283
f 939//939 1284//1284 940//940
f 1283//1283 940//940 1284//1284
f 852//852 1285//1285 939//939
f 1284//1284 939//939 1285//1285
f 851//851 1286//1286 852//852
f 1285//1285 852//852 1286//1286
f 938//938 1287//1287 851//851
f 1286//1286 851//851 1287//1287
f 937//937 1288//1288 938//938
f 1287//1287 938//938 1288//1288
f 936//936 1289//1289 937//937
f 1288//1288 937//937 1289//1289
f 932//932 1290//1290 936//936
f 1289//1289 936//936 1290//1290
f 930//930 1291//1291 932//932
f 1290//1290 932//932 1291//1291
f 928//928 1292//1292 930//930
f 1291//1291 930//930 1292//1292
f 926//926 1293//1293 928//928
f 1292//1292 928//928 1293//1293
f 924//924 1294//1294 926//926
f 1293//1293 926//926 1294//1294
f 1295//1295 1294//1294 919//919
f 924//924 919//919 1294//1294
f 1296//1296 1295//1295 914//914
f 919//919 914//914 1295//1295
f 1297//1297 1296//1296 913//913
f 914//914 913//913 1296//1296
f 1298//1298 1297//1297 848//848
f 913//913 848//848 1297//1297
f 1299//1299 1298//1298 847//847
f 848//848 847//847 1298//1298
f 1300//1300 1299//1299 849//849
f 847//847 849//849 1299//1299
f 1301//1301 1300//1300 909//909
f 849//849 909//909 1300//1300
f 1302//1302 1301//1301 915//915
f 909//909 915//915 1301//1301
f 1303//1303 1302//1302 920//920
f 915//915 920//920 1302//1302
f 925//925 1304//1304 920//920
f 1303//1303 920//920 1304//1304
f 927//927 1305//1305 925//925
f 1304//1304 925//925 1305//1305
f 929//929 1306//1306 927//927
f 1305//1305 927//927 1306//1306
f 931//931 1307//1307 929//929
f 1306//1306 929//929 1307//1307
f 933//933 1308//1308 931//931
f 1307//1307 931//931 1308//1308
f 933//933 853//853 1308//1308
f 1309//1309 1308//1308 853//853
f 853//853 945//945 1309//1309
f 1310//1310 1309//1309 945//945
f 1311//1311 1310//1310 944//944
f 945//945 944//944 1310//1310
f 1312//1312 1311//1311 1061//1061
f 944//944 1061//1061 1311//1311
f 1313//1313 1312//1312 1059//1059
f 1061//1061 1059//1059 1312//1312
f 1314//1314 1313//1313 951//951
f 1059//1059 951//951 1313//1313
f 1315//1315 1314//1314 950//950
f 951//951 950//950 1314//1314
f 1316//1316 1315//1315 1054//1054
f 950//950 1054//1054 1315//1315
f 1317//1317 1316//1316 1053//1053
f 1054//1054 1053//1053 1316//1316
f 1318//1318 1317//1317 1056//1056
f 1053//1053 1056//1056 1317//1317
f 1319//1319 1318//1318 1051//1051
f 1056//1056 1051//1051 1318//1318
f 1320//1320 1319//1319 916//916
f 1051//1051 916//916 1319//1319
f 1321//1321 1320//1320 1049//1049
f 916//916 1049//1049 1320//1320
f 1322//1322 1321//1321 1046//1046
f 1049//1049 1046//1046 1321//1321
f 1323//1323 1322//1322 1042//1042
f 1046//1046 1042//1042 1322//1322
f 1324//1324 1323//1323 988//988
f 1042//1042 988//988 1323//1323
f 1325//1325 1324//1324 1039//1039
f 988//988 1039//1039 1324//1324
f 1039//1039 970//970 1325//1325
f 1326//1326 1325//1325 970//970
f 970//970 1034//1034 1326//1326
f 1327//1327 1326//1326 1034//1034
f 1034//1034 1019//1019 1327//1327
f 1328//1328 1327//1327 1019//1019
f 1019//1019 1018//1018 1328//1328
f 1329//1329 1328//1328 1018//1018
f 2021//2021 3022//3022 2022//2022
f 1018//1018 3022//3022 2021//2021
f 1330//1330 3080//3080 3081//3081
f 1330//1330 3082//3082 3080//3080
f 1330//1330 2021//2021 3082//3082
f 1330//1330 1018//1018 2021//2021
f 1329//1329 1018//1018 1330//1330
f 1338//1338 3083//3083 3084//3084
f 1338//1338 3085//3085 3083//3083
f 1330//1330 3086//3086 3085//3085
f 1330//1330 3081//3081 3086//3086
f 3085//3085 1338//1338 1330//1330
f 3087//3087 3088//3088 1342//1342
f 3089//3089 3087//3087 1342//1342
f 3090//3090 3089//3089 1342//1342
f 3091//3091 3090//3090 1342//1342
f 1338//1338 3084//3084 3091//3091
f 3091//3091 1342//1342 1338//1338
f 1348//1348 3092//3092 3093//3093
f 1348//1348 3094//3094 3092//3092
f 1348//1348 3095//3095 3094//3094
f 1342//1342 3088//3088 3095//3095
f 3095//3095 1348//1348 1342//1342
f 3096//3096 3019//3019 1020//1020
f 1353//1353 3097//3097 3098//3098
f 1353//1353 3099//3099 3097//3097
f 1348//1348 3093//3093 3099//3099
f 3099//3099 1353//1353 1348//1348
f 3096//3096 1027//1027 3100//3100
f 1020//1020 1027//1027 3096//3096
f 1359//1359 3101//3101 3102//3102
f 1353//1353 3103//3103 3101//3101
f 1353//1353 3098//3098 3103//3103
f 3101//3101 1358//1358 1353//1353
f 3101//3101 1359//1359 1358//1358
f 1359//1359 3102//3102 3104//3104
f 3105//3105 1365//1365 1359//1359
f 1359//1359 3104//3104 3105//3105
f 3106//3106 1033//1033 1032//1032
f 1365//1365 3105//3105 3107//3107
f 1365//1365 3107//3107 3108//3108
f 3108//3108 1369//1369 1365//1365
f 3108//3108 1371//1371 1369//1369
f 3109//3109 3106//3106 1031//1031
f 1032//1032 1031//1031 3106//3106
f 1371//1371 3108//3108 3110//3110
f 1031//1031 3111//3111 3109//3109
f 3112//3112 1376//1376 1371//1371
f 1371//1371 3110//3110 3112//3112
f 1376//1376 3112//3112 3113//3113
f 3111//3111 1030//1030 3114//3114
f 1031//1031 1030//1030 3111//3111
f 3115//3115 1379//1379 1376//1376
f 1376//1376 3113//3113 3115//3115
f 1379//1379 3115//3115 3116//3116
f 1030//1030 1025//1025 3117//3117
f 3118//3118 1384//1384 1379//1379
f 1379//1379 3116//3116 3118//3118
f 3119//3119 1391//1391 1384//1384
f 1384//1384 3120//3120 3119//3119
f 1384//1384 3118//3118 3120//3120
f 1025//1025 1024//1024 3121//3121
f 3122//3122 1396//1396 1391//1391
f 1391//1391 3123//3123 3122//3122
f 1391//1391 3124//3124 3123//3123
f 1391//1391 3119//3119 3124//3124
f 1024//1024 1028//1028 3125//3125
f 1396//1396 3126//3126 3127//3127
f 3127//3127 1401//1401 1396//1396
f 3128//3128 3129//3129 1021//1021
f 1396//1396 3122//3122 3126//3126
f 1028//1028 1021//1021 3129//3129
f 1401//1401 3130//3130 3131//3131
f 1401//1401 3132//3132 3130//3130
f 3131//3131 1407//1407 1401//1401
f 3133//3133 3134//3134 1023//1023
f 1401//1401 3127//3127 3132//3132
f 3128//3128 1023//1023 3134//3134
f 1021//1021 1023//1023 3128//3128
f 3135//3135 1410//1410 1407//1407
f 1407//1407 3136//3136 3135//3135
f 1407//1407 3131//3131 3136//3136
f 3133//3133 1016//1016 3137//3137
f 1023//1023 1016//1016 3133//3133
f 1410//1410 3138//3138 3139//3139
f 3139//3139 1418//1418 1410//1410
f 3140//3140 3141//3141 1013//1013
f 1410//1410 3142//3142 3138//3138
f 1410//1410 3135//3135 3142//3142
f 3143//3143 1013//1013 3141//3141
f 1016//1016 1013//1013 3143//3143
f 3144//3144 1423//1423 1418//1418
f 1418//1418 3145//3145 3144//3144
f 1418//1418 3139//3139 3145//3145
f 3140//3140 1011//1011 3146//3146
f 1013//1013 1011//1011 3140//3140
f 3147//3147 1430//1430 1423//1423
f 1423//1423 3148//3148 3147//3147
f 1423//1423 3149//3149 3148//3148
f 1423//1423 3150//3150 3149//3149
f 1423//1423 3151//3151 3150//3150
f 1423//1423 3144//3144 3151//3151
f 3152//3152 1006//1006 3153//3153
f 1011//1011 1006//1006 3152//3152
f 1430//1430 3154//3154 3155//3155
f 1430//1430 3156//3156 3154//3154
f 3155//3155 1440//1440 1430//1430
f 1430//1430 3157//3157 3156//3156
f 1430//1430 3158//3158 3157//3157
f 1430//1430 3159//3159 3158//3158
f 1430//1430 3147//3147 3159//3159
f 3160//3160 1006//1006 3161//3161
f 999//999 3161//3161 1006//1006
f 1440//1440 3162//3162 3163//3163
f 1440//1440 3164//3164 3162//3162
f 3163//3163 1445//1445 1440//1440
f 1440//1440 3155//3155 3164//3164
f 998//998 1007//1007 3165//3165
f 1004//1004 3166//3166 1007//1007
f 3167//3167 1445//1445 3163//3163
f 3168//3168 1445//1445 3167//3167
f 1445//1445 3168//3168 1446//1446
f 3169//3169 1446//1446 3168//3168
f 1004//1004 1000//1000 3166//3166
f 3170//3170 1446//1446 3169//3169
f 3171//3171 1446//1446 3170//3170
f 3172//3172 1446//1446 3171//3171
f 3173//3173 1446//1446 3172//3172
f 3174//3174 1446//1446 3173//3173
f 3175//3175 3166//3166 1000//1000
f 3176//3176 3177//3177 3175//3175
f 3166//3166 3175//3175 3177//3177
f 3178//3178 1451//1451 3174//3174
f 1446//1446 3174//3174 1451//1451
f 3179//3179 1000//1000 995//995
f 3180//3180 1000//1000 3179//3179
f 3181//3181 1000//1000 3180//3180
f 3182//3182 1451//1451 3178//3178
f 3183//3183 1462//1462 3182//3182
f 3184//3184 1462//1462 3183//3183
f 1451//1451 3182//3182 1462//1462
f 3185//3185 995//995 968//968
f 3186//3186 995//995 3185//3185
f 3187//3187 995//995 3186//3186
f 3188//3188 1462//1462 3184//3184
f 3189//3189 1462//1462 3188//3188
f 3190//3190 1462//1462 3189//3189
f 3191//3191 1462//1462 3190//3190
f 3192//3192 1470//1470 3191//3191
f 3193//3193 1470//1470 3192//3192
f 1462//1462 3191//3191 1470//1470
f 967//967 3194//3194 968//968
f 3195//3195 1470//1470 3193//3193
f 3196//3196 1481//1481 3195//3195
f 1470//1470 3195//3195 1481//1481
f 3197//3197 1486//1486 1481//1481
f 1481//1481 3196//3196 3197//3197
f 3198//3198 3194//3194 985//985
f 967//967 985//985 3194//3194
f 1486//1486 3197//3197 3199//3199
f 3200//3200 3198//3198 969//969
f 985//985 969//969 3198//3198
f 1486//1486 3199//3199 3201//3201
f 3201//3201 3202//3202 1486//1486
f 1491//1491 1486//1486 3202//3202
f 3202//3202 3203//3203 1491//1491
f 969//969 997//997 3200//3200
f 3204//3204 3200//3200 997//997
f 1496//1496 1491//1491 3205//3205
f 3203//3203 3205//3205 1491//1491
f 3205//3205 3206//3206 1496//1496
f 3207//3207 997//997 996//996
f 3208//3208 996//996 1001//1001
f 3209//3209 3210//3210 1496//1496
f 3211//3211 3209//3209 1496//1496
f 3206//3206 3211//3211 1496//1496
f 1505//1505 1496//1496 3212//3212
f 3210//3210 3212//3212 1496//1496
f 3213//3213 3208//3208 1001//1001
f 1508//1508 1505//1505 3214//3214
f 3212//3212 3214//3214 1505//1505
f 3214//3214 3215//3215 1508//1508
f 1001//1001 1003//1003 3213//3213
f 3216//3216 3213//3213 1003//1003
f 3217//3217 3216//3216 1003//1003
f 3218//3218 3217//3217 1003//1003
f 1002//1002 3219//3219 3218//3218
f 1003//1003 1002//1002 3218//3218
f 1508//1508 2035//2035 2034//2034
f 3220//3220 2035//2035 1508//1508
f 3215//3215 3220//3220 1508//1508
f 3221//3221 3218//3218 3219//3219
f 3222//3222 3221//3221 3219//3219
f 3223//3223 2837//2837 2842//2842
f 1441//1441 2775//2775 2773//2773
f 1520//1520 1508//1508 2034//2034
f 1520//1520 2034//2034 2033//2033
f 1520//1520 2033//2033 2027//2027
f 1520//1520 2027//2027 2026//2026
f 1520//1520 2026//2026 2024//2024
f 1520//1520 2024//2024 993//993
f 1002//1002 993//993 3219//3219
f 1520//1520 993//993 1525//1525
f 992//992 1525//1525 993//993
f 1525//1525 992//992 1526//1526
f 1526//1526 992//992 1527//1527
f 1012//1012 1527//1527 992//992
f 1015//1015 1527//1527 1012//1012
f 1527//1527 1015//1015 1528//1528
f 1528//1528 1015//1015 1529//1529
f 1014//1014 1529//1529 1015//1015
f 1017//1017 1530//1530 1014//1014
f 1529//1529 1014//1014 1530//1530
f 1530//1530 1017//1017 1531//1531
f 1022//1022 1531//1531 1017//1017
f 1531//1531 1022//1022 1532//1532
f 1026//1026 1532//1532 1022//1022
f 1532//1532 1026//1026 1533//1533
f 1029//1029 1534//1534 1026//1026
f 1533//1533 1026//1026 1534//1534
f 1035//1035 1535//1535 1029//1029
f 1534//1534 1029//1029 1535//1535
f 1037//1037 1536//1536 1035//1035
f 1535//1535 1035//1035 1536//1536
f 1038//1038 1537//1537 1037//1037
f 1536//1536 1037//1037 1537//1537
f 1036//1036 1538//1538 1038//1038
f 1537//1537 1038//1038 1538//1538
f 972//972 1539//1539 1036//1036
f 1538//1538 1036//1036 1539//1539
f 971//971 1540//1540 972//972
f 1539//1539 972//972 1540//1540
f 1041//1041 1541//1541 971//971
f 1540//1540 971//971 1541//1541
f 1040//1040 1542//1542 1041//1041
f 1541//1541 1041//1041 1542//1542
f 1542//1542 1040//1040 1543//1543
f 991//991 1543//1543 1040//1040
f 1543//1543 991//991 1544//1544
f 990//990 1544//1544 991//991
f 1544//1544 990//990 1545//1545
f 989//989 1545//1545 990//990
f 1545//1545 989//989 1546//1546
f 1045//1045 1546//1546 989//989
f 1546//1546 1045//1045 1547//1547
f 1044//1044 1547//1547 1045//1045
f 1547//1547 1044//1044 1548//1548
f 1043//1043 1548//1548 1044//1044
f 1548//1548 1043//1043 1549//1549
f 1047//1047 1549//1549 1043//1043
f 1549//1549 1047//1047 1550//1550
f 1048//1048 1550//1550 1047//1047
f 1550//1550 1048//1048 1551//1551
f 1551//1551 1048//1048 1552//1552
f 1050//1050 1552//1552 1048//1048
f 1552//1552 1050//1050 1553//1553
f 918//918 1553//1553 1050//1050
f 1553//1553 918//918 1554//1554
f 917//917 1554//1554 918//918
f 1554//1554 917//917 1555//1555
f 1052//1052 1555//1555 917//917
f 1555//1555 1052//1052 1556//1556
f 1057//1057 1556//1556 1052//1052
f 1556//1556 1057//1057 1557//1557
f 1055//1055 1557//1557 1057//1057
f 1557//1557 1055//1055 1558//1558
f 1058//1058 1558//1558 1055//1055
f 949//949 1559//1559 1058//1058
f 1558//1558 1058//1058 1559//1559
f 1060//1060 1560//1560 949//949
f 1559//1559 949//949 1560//1560
f 1062//1062 1561//1561 1060//1060
f 1560//1560 1060//1060 1561//1561
f 1062//1062 835//835 1562//1562
f 1562//1562 1561//1561 1062//1062
f 839//839 1563//1563 835//835
f 1562//1562 835//835 1563//1563
f 821//821 1564//1564 839//839
f 1563//1563 839//839 1564//1564
f 818//818 1565//1565 821//821
f 1564//1564 821//821 1565//1565
f 844//844 1566//1566 818//818
f 1565//1565 818//818 1566//1566
f 1566//1566 844//844 1567//1567
f 842//842 1567//1567 844//844
f 1569//1569 1568//1568 842//842
f 1568//1568 1567//1567 842//842
f 904//904 1569//1569 842//842
f 892//892 1570//1570 904//904
f 1569//1569 904//904 1570//1570
f 1570//1570 892//892 1571//1571
f 895//895 1571//1571 892//892
f 1571//1571 895//895 1572//1572
f 897//897 1572//1572 895//895
f 1572//1572 897//897 1573//1573
f 902//902 1573//1573 897//897
f 1573//1573 902//902 1574//1574
f 1085//1085 1574//1574 902//902
f 1574//1574 1085//1085 1575//1575
f 832//832 1575//1575 1085//1085
f 1575//1575 832//832 1576//1576
f 899//899 1576//1576 832//832
f 1576//1576 899//899 1577//1577
f 1087//1087 1577//1577 899//899
f 1577//1577 1087//1087 1578//1578
f 811//811 1578//1578 1087//1087
f 1578//1578 811//811 1579//1579
f 812//812 1580//1580 811//811
f 1579//1579 811//811 1580//1580
f 1086//1086 1580//1580 812//812
f 1580//1580 1086//1086 1581//1581
f 1089//1089 1581//1581 1086//1086
f 1581//1581 1089//1089 1582//1582
f 808//808 1582//1582 1089//1089
f 1582//1582 808//808 1583//1583
f 787//787 1583//1583 808//808
f 1583//1583 787//787 1584//1584
f 786//786 1584//1584 787//787
f 1584//1584 786//786 1585//1585
f 785//785 1585//1585 786//786
f 1585//1585 785//785 1586//1586
f 1090//1090 1586//1586 785//785
f 1586//1586 1090//1090 1587//1587
f 1091//1091 1587//1587 1090//1090
f 1587//1587 1091//1091 1588//1588
f 778//778 1588//1588 1091//1091
f 1588//1588 778//778 1589//1589
f 777//777 1589//1589 778//778
f 1589//1589 777//777 1590//1590
f 772//772 1590//1590 777//777
f 1590//1590 772//772 1591//1591
f 775//775 1591//1591 772//772
f 1591//1591 775//775 1592//1592
f 1592//1592 775//775 1593//1593
f 1593//1593 775//775 1594//1594
f 758//758 1594//1594 775//775
f 1594//1594 758//758 1595//1595
f 1595//1595 758//758 1596//1596
f 1596//1596 758//758 1597//1597
f 727//727 1597//1597 758//758
f 1597//1597 727//727 1598//1598
f 744//744 1599//1599 727//727
f 1598//1598 727//727 1599//1599
f 725//725 1600//1600 744//744
f 1599//1599 744//744 1600//1600
f 874//874 1601//1601 725//725
f 1600//1600 725//725 1601//1601
f 1092//1092 1602//1602 874//874
f 1601//1601 874//874 1602//1602
f 747//747 1603//1603 1092//1092
f 1602//1602 1092//1092 1603//1603
f 748//748 1604//1604 747//747
f 1603//1603 747//747 1604//1604
f 764//764 1605//1605 748//748
f 1604//1604 748//748 1605//1605
f 753//753 1606//1606 764//764
f 1605//1605 764//764 1606//1606
f 752//752 1607//1607 753//753
f 1606//1606 753//753 1607//1607
f 794//794 1608//1608 752//752
f 1607//1607 752//752 1608//1608
f 790//790 1609//1609 794//794
f 1608//1608 794//794 1609//1609
f 797//797 1610//1610 790//790
f 1609//1609 790//790 1610//1610
f 825//825 1611//1611 797//797
f 1610//1610 797//797 1611//1611
f 760//760 1612//1612 825//825
f 1611//1611 825//825 1612//1612
f 759//759 1613//1613 760//760
f 1612//1612 760//760 1613//1613
f 885//885 1614//1614 759//759
f 1613//1613 759//759 1614//1614
f 886//886 1615//1615 885//885
f 1614//1614 885//885 1615//1615
f 882//882 1616//1616 886//886
f 1615//1615 886//886 1616//1616
f 884//884 1617//1617 882//882
f 1616//1616 882//882 1617//1617
f 1094//1094 527//527 884//884
f 1617//1617 884//884 527//527
f 2858//2858 2009//2009 2868//2868
f 2792//2792 2783//2783 2796//2796
f 2783//2783 2792//2792 2788//2788
f 2790//2790 2788//2788 2792//2792
f 2383//2383 2894//2894 2898//2898
f 2606//2606 2603//2603 2220//2220
f 2247//2247 2603//2603 2600//2600
f 2247//2247 2600//2600 2597//2597
f 2594//2594 2250//2250 2597//2597
f 2247//2247 2597//2597 2250//2250
f 2627//2627 2211//2211 2630//2630
f 2641//2641 2192//2192 2644//2644
f 2250//2250 2594//2594 2591//2591
f 2250//2250 2591//2591 2588//2588
f 2584//2584 2252//2252 2588//2588
f 2250//2250 2588//2588 2252//2252
f 2647//2647 2183//2183 2180//2180
f 2630//2630 2208//2208 2632//2632
f 2252//2252 2584//2584 2581//2581
f 2578//2578 2255//2255 2581//2581
f 2252//2252 2581//2581 2255//2255
f 2255//2255 2578//2578 2575//2575
f 2572//2572 2258//2258 2575//2575
f 2255//2255 2575//2575 2258//2258
f 2653//2653 2174//2174 2171//2171
f 2644//2644 2189//2189 2186//2186
f 2258//2258 2572//2572 2569//2569
f 2566//2566 2261//2261 2569//2569
f 2258//2258 2569//2569 2261//2261
f 2656//2656 2168//2168 2165//2165
f 2650//2650 2177//2177 2653//2653
f 2659//2659 2154//2154 2662//2662
f 2261//2261 2566//2566 2563//2563
f 2261//2261 2563//2563 2560//2560
f 2557//2557 2264//2264 2560//2560
f 2261//2261 2560//2560 2264//2264
f 2659//2659 2162//2162 2160//2160
f 2264//2264 2557//2557 2554//2554
f 2264//2264 2554//2554 2551//2551
f 3224//3224 2267//2267 2551//2551
f 2264//2264 2551//2551 2267//2267
f 3225//3225 3224//3224 2551//2551
f 2551//2551 2548//2548 3225//3225
f 2274//2274 3225//3225 2548//2548
f 2662//2662 2141//2141 2138//2138
f 3226//3226 2274//2274 2548//2548
f 3227//3227 3226//3226 2548//2548
f 3228//3228 3227//3227 2548//2548
f 2545//2545 3228//3228 2548//2548
f 2665//2665 2132//2132 2129//2129
f 2436//2436 3074//3074 3069//3069
f 2436//2436 3069//3069 3068//3068
f 2436//2436 3068//3068 2440//2440
f 3229//3229 3230//3230 2545//2545
f 3228//3228 2545//2545 3230//3230
f 2283//2283 3229//3229 2545//2545
f 2284//2284 2283//2283 2545//2545
f 2542//2542 2284//2284 2545//2545
f 1956//1956 2120//2120 1954//1954
f 2291//2291 2288//2288 2542//2542
f 2284//2284 2542//2542 2288//2288
f 2294//2294 2291//2291 2542//2542
f 2297//2297 2294//2294 2542//2542
f 1978//1978 2082//2082 3231//3231
f 2539//2539 2297//2297 2542//2542
f 1954//1954 2114//2114 2111//2111
f 2843//2843 3083//3083 3085//3085
f 2843//2843 3085//3085 3086//3086
f 2843//2843 3086//3086 2850//2850
f 2303//2303 2300//2300 2539//2539
f 2297//2297 2539//2539 2300//2300
f 2306//2306 2303//2303 2539//2539
f 1966//1966 2099//2099 2096//2096
f 2536//2536 2306//2306 2539//2539
f 1960//1960 2108//2108 1963//1963
f 2311//2311 2309//2309 2536//2536
f 2306//2306 2536//2536 2309//2309
f 2533//2533 2311//2311 2536//2536
f 1963//1963 2102//2102 1966//1966
f 1975//1975 2088//2088 1978//1978
f 2530//2530 2314//2314 2533//2533
f 2311//2311 2533//2533 2314//2314
f 2320//2320 2317//2317 2530//2530
f 2314//2314 2530//2530 2317//2317
f 2527//2527 2320//2320 2530//2530
f 2088//2088 2085//2085 1978//1978
f 3231//3231 2079//2079 3232//3232
f 2524//2524 2323//2323 2527//2527
f 2320//2320 2527//2527 2323//2323
f 2037//2037 3211//3211 3206//3206
f 2521//2521 2326//2326 2524//2524
f 2323//2323 2524//2524 2326//2326
f 2804//2804 2800//2800 3188//3188
f 2055//2055 1986//1986 2058//2058
f 2518//2518 2329//2329 2521//2521
f 2326//2326 2521//2521 2329//2329
f 2515//2515 2332//2332 2518//2518
f 2329//2329 2518//2518 2332//2332
f 2332//2332 2515//2515 2512//2512
f 2509//2509 2335//2335 2512//2512
f 2332//2332 2512//2512 2335//2335
f 2806//2806 2804//2804 3183//3183
f 2006//2006 2874//2874 2868//2868
f 2506//2506 2338//2338 2509//2509
f 2335//2335 2509//2509 2338//2338
f 2503//2503 2341//2341 2506//2506
f 2338//2338 2506//2506 2341//2341
f 3189//3189 3188//3188 2800//2800
f 2348//2348 2345//2345 2503//2503
f 2341//2341 2503//2503 2345//2345
f 2500//2500 2348//2348 2503//2503
f 3233//3233 2064//2064 1988//1988
f 2354//2354 2351//2351 2500//2500
f 2348//2348 2500//2500 2351//2351
f 2497//2497 2354//2354 2500//2500
f 1988//1988 2061//2061 2058//2058
f 2360//2360 2357//2357 2497//2497
f 2354//2354 2497//2497 2357//2357
f 2494//2494 2360//2360 2497//2497
f 1988//1988 2058//2058 1986//1986
f 2812//2812 2810//2810 3171//3171
f 1994//1994 2801//2801 1997//1997
f 2491//2491 2363//2363 2494//2494
f 2360//2360 2494//2494 2363//2363
f 3172//3172 3171//3171 2810//2810
f 2368//2368 2366//2366 2491//2491
f 2363//2363 2491//2491 2366//2366
f 2488//2488 2368//2368 2491//2491
f 2892//2892 2888//2888 2488//2488
f 2368//2368 2488//2488 2888//2888
f 2368//2368 2888//2888 2884//2884
f 2881//2881 2371//2371 2884//2884
f 2368//2368 2884//2884 2371//2371
f 3167//3167 3163//3163 2818//2818
f 2814//2814 3167//3167 2818//2818
f 2876//2876 2374//2374 2881//2881
f 2371//2371 2881//2881 2374//2374
f 2000//2000 2852//2852 2854//2854
f 1997//1997 2831//2831 2835//2835
f 2374//2374 2876//2876 2878//2878
f 2882//2882 2377//2377 2878//2878
f 2374//2374 2878//2878 2377//2377
f 2886//2886 2380//2380 2882//2882
f 2377//2377 2882//2882 2380//2380
f 2003//2003 2860//2860 2862//2862
f 2380//2380 2886//2886 2891//2891
f 2894//2894 2383//2383 2891//2891
f 2380//2380 2891//2891 2383//2383
f 2006//2006 2872//2872 2874//2874
f 2003//2003 2866//2866 2870//2870
f 2902//2902 2386//2386 2898//2898
f 2383//2383 2898//2898 2386//2386
f 3163//3163 3162//3162 2818//2818
f 2386//2386 2902//2902 2906//2906
f 2910//2910 2389//2389 2906//2906
f 2386//2386 2906//2906 2389//2389
f 2951//2951 2476//2476 2956//2956
f 2389//2389 2910//2910 2914//2914
f 2918//2918 2392//2392 2914//2914
f 2389//2389 2914//2914 2392//2392
f 2040//2040 2777//2777 2043//2043
f 2993//2993 2440//2440 3003//3003
f 2404//2404 3047//3047 3046//3046
f 2392//2392 2918//2918 2922//2922
f 2392//2392 2922//2922 2926//2926
f 2930//2930 2395//2395 2926//2926
f 2392//2392 2926//2926 2395//2395
f 3157//3157 3158//3158 2826//2826
f 2786//2786 2793//2793 2049//2049
f 2395//2395 2930//2930 2935//2935
f 2939//2939 2398//2398 2935//2935
f 2395//2395 2935//2935 2398//2398
f 3049//3049 3048//3048 2404//2404
f 3050//3050 3049//3049 2404//2404
f 2401//2401 3050//3050 2404//2404
f 2401//2401 3052//3052 3051//3051
f 2413//2413 3029//3029 3028//3028
f 3144//3144 3145//3145 3089//3089
f 3030//3030 3029//3029 2413//2413
f 3035//3035 3030//3030 2413//2413
f 2410//2410 3035//3035 2413//2413
f 2843//2843 2839//2839 3090//3090
f 3151//3151 3144//3144 2839//2839
f 2413//2413 3028//3028 2418//2418
f 3075//3075 3073//3073 3079//3079
f 3122//3122 3123//3123 3097//3097
f 3126//3126 3122//3122 3097//3097
f 3127//3127 3126//3126 3097//3097
f 3103//3103 3120//3120 3118//3118
f 3054//3054 3053//3053 2401//2401
f 2398//2398 3054//3054 2401//2401
f 2229//2229 2238//2238 2232//2232
f 2235//2235 2232//2232 2238//2238
f 2226//2226 2241//2241 2229//2229
f 2238//2238 2229//2229 2241//2241
f 2223//2223 2244//2244 2226//2226
f 2241//2241 2226//2226 2244//2244
f 2603//2603 2247//2247 2220//2220
f 2244//2244 2223//2223 2220//2220
f 2244//2244 2220//2220 2247//2247
f 2609//2609 2606//2606 2220//2220
f 2612//2612 2609//2609 2220//2220
f 2615//2615 2612//2612 2220//2220
f 2217//2217 2615//2615 2220//2220
f 2214//2214 2621//2621 2217//2217
f 2621//2621 2618//2618 2217//2217
f 2615//2615 2217//2217 2618//2618
f 2627//2627 2624//2624 2214//2214
f 2621//2621 2214//2214 2624//2624
f 2211//2211 2627//2627 2214//2214
f 2208//2208 2630//2630 2211//2211
f 2205//2205 2632//2632 2208//2208
f 2201//2201 2635//2635 2205//2205
f 2632//2632 2205//2205 2635//2635
f 2195//2195 2638//2638 2198//2198
f 2635//2635 2201//2201 2198//2198
f 2183//2183 2647//2647 2186//2186
f 2635//2635 2198//2198 2638//2638
f 2192//2192 2641//2641 2195//2195
f 2638//2638 2195//2195 2641//2641
f 2189//2189 2644//2644 2192//2192
f 2177//2177 2650//2650 2180//2180
f 2644//2644 2186//2186 2647//2647
f 2168//2168 2656//2656 2171//2171
f 2647//2647 2180//2180 2650//2650
f 2174//2174 2653//2653 2177//2177
f 2162//2162 2659//2659 2165//2165
f 2653//2653 2171//2171 2656//2656
f 2656//2656 2165//2165 2659//2659
f 2151//2151 2662//2662 2154//2154
f 2659//2659 2160//2160 2157//2157
f 2659//2659 2157//2157 2154//2154
f 2662//2662 2151//2151 2147//2147
f 2132//2132 2665//2665 2135//2135
f 2662//2662 2147//2147 2144//2144
f 2123//2123 1956//1956 2126//2126
f 2662//2662 2144//2144 2141//2141
f 2662//2662 2138//2138 2135//2135
f 2662//2662 2135//2135 2665//2665
f 2665//2665 2129//2129 2126//2126
f 2108//2108 1960//1960 2111//2111
f 2665//2665 2126//2126 1956//1956
f 1956//1956 2123//2123 2120//2120
f 2117//2117 1954//1954 2120//2120
f 1954//1954 2117//2117 2114//2114
f 1954//1954 2111//2111 1960//1960
f 2105//2105 1963//1963 2108//2108
f 1963//1963 2105//2105 2102//2102
f 2099//2099 1966//1966 2102//2102
f 2096//2096 1969//1969 1966//1966
f 2094//2094 1972//1972 2096//2096
f 1969//1969 2096//2096 1972//1972
f 2091//2091 1975//1975 2094//2094
f 1972//1972 2094//2094 1975//1975
f 1975//1975 2091//2091 2088//2088
f 2082//2082 1978//1978 2085//2085
f 2079//2079 3231//3231 2082//2082
f 2079//2079 2076//2076 3232//3232
f 3234//3234 3232//3232 2076//2076
f 2076//2076 2073//2073 3234//3234
f 3235//3235 3234//3234 2073//2073
f 2073//2073 2070//2070 3235//3235
f 3233//3233 3235//3235 2070//2070
f 2070//2070 2067//2067 3233//3233
f 2064//2064 3233//3233 2067//2067
f 2061//2061 1988//1988 2064//2064
f 2052//2052 1991//1991 2055//2055
f 1986//1986 2055//2055 1991//1991
f 2793//2793 2801//2801 2049//2049
f 2049//2049 1994//1994 2052//2052
f 1991//1991 2052//2052 1994//1994
f 2816//2816 1997//1997 2801//2801
f 1994//1994 2049//2049 2801//2801
f 2043//2043 2779//2779 2046//2046
f 2786//2786 2046//2046 2782//2782
f 1997//1997 2816//2816 2819//2819
f 2900//2900 2485//2485 2904//2904
f 1997//1997 2819//2819 2823//2823
f 2846//2846 2000//2000 2844//2844
f 1997//1997 2823//2823 2827//2827
f 1997//1997 2835//2835 2840//2840
f 1997//1997 2827//2827 2831//2831
f 1997//1997 2840//2840 2844//2844
f 2779//2779 2043//2043 2777//2777
f 1997//1997 2844//2844 2000//2000
f 2860//2860 2003//2003 2856//2856
f 2485//2485 2900//2900 2488//2488
f 2000//2000 2846//2846 2848//2848
f 2000//2000 2854//2854 2856//2856
f 2000//2000 2848//2848 2852//2852
f 2000//2000 2856//2856 2003//2003
f 2850//2850 2015//2015 2858//2858
f 2006//2006 2868//2868 2009//2009
f 3190//3190 2783//2783 3191//3191
f 2003//2003 2862//2862 2864//2864
f 2003//2003 2870//2870 2006//2006
f 2003//2003 2864//2864 2866//2866
f 2872//2872 2006//2006 2870//2870
f 2798//2798 2796//2796 2783//2783
f 2015//2015 2012//2012 2858//2858
f 2936//2936 2482//2482 2940//2940
f 2009//2009 2858//2858 2012//2012
f 2947//2947 2479//2479 2949//2949
f 2464//2464 2974//2974 2467//2467
f 2968//2968 2963//2963 2473//2473
f 2968//2968 2470//2470 2972//2972
f 2467//2467 2972//2972 2470//2470
f 2046//2046 2786//2786 2049//2049
f 2779//2779 2782//2782 2046//2046
f 3192//3192 3191//3191 2783//2783
f 3184//3184 3183//3183 2804//2804
f 3188//3188 3184//3184 2804//2804
f 2808//2808 2806//2806 3183//3183
f 3164//3164 3155//3155 2822//2822
f 3162//3162 3164//3164 2822//2822
f 2822//2822 2818//2818 3162//3162
f 3156//3156 3157//3157 2826//2826
f 3154//3154 3156//3156 2826//2826
f 2822//2822 3154//3154 2826//2826
f 3167//3167 2814//2814 3168//3168
f 3147//3147 3148//3148 2834//2834
f 3159//3159 3147//3147 2834//2834
f 2830//2830 2826//2826 3158//3158
f 3154//3154 2822//2822 3155//3155
f 3150//3150 3151//3151 2834//2834
f 2834//2834 3148//3148 3150//3150
f 3088//3088 3138//3138 3095//3095
f 2974//2974 2464//2464 2461//2461
f 3087//3087 3139//3139 3138//3138
f 2972//2972 2467//2467 2974//2974
f 3092//3092 3094//3094 3130//3130
f 2974//2974 2461//2461 2976//2976
f 2976//2976 2458//2458 2978//2978
f 2978//2978 2455//2455 2980//2980
f 2982//2982 2452//2452 2984//2984
f 2449//2449 2984//2984 2452//2452
f 2984//2984 2449//2449 2986//2986
f 2896//2896 2892//2892 2488//2488
f 2986//2986 2446//2446 2988//2988
f 2993//2993 2990//2990 2443//2443
f 2900//2900 2896//2896 2488//2488
f 2443//2443 2988//2988 2446//2446
f 2912//2912 2908//2908 2485//2485
f 2920//2920 2916//2916 2485//2485
f 2908//2908 2904//2904 2485//2485
f 2916//2916 2912//2912 2485//2485
f 2924//2924 2920//2920 2485//2485
f 2947//2947 2940//2940 2482//2482
f 2928//2928 2924//2924 2485//2485
f 2932//2932 2928//2928 2485//2485
f 2936//2936 2932//2932 2485//2485
f 2479//2479 2947//2947 2482//2482
f 2482//2482 2936//2936 2485//2485
f 2476//2476 2951//2951 2479//2479
f 2951//2951 2949//2949 2479//2479
f 2473//2473 2958//2958 2476//2476
f 2958//2958 2956//2956 2476//2476
f 2470//2470 2968//2968 2473//2473
f 2958//2958 2473//2473 2963//2963
f 2458//2458 2976//2976 2461//2461
f 2982//2982 2980//2980 2455//2455
f 2452//2452 2982//2982 2455//2455
f 2455//2455 2978//2978 2458//2458
f 3052//3052 2401//2401 3053//3053
f 2939//2939 2946//2946 3054//3054
f 2398//2398 2939//2939 3054//3054
f 2446//2446 2986//2986 2449//2449
f 2440//2440 2993//2993 2443//2443
f 2988//2988 2443//2443 2990//2990
f 2401//2401 3051//3051 3050//3050
f 3047//3047 2404//2404 3048//3048
f 3046//3046 3045//3045 2407//2407
f 2404//2404 3046//3046 2407//2407
f 3035//3035 2410//2410 3036//3036
f 3037//3037 3036//3036 2410//2410
f 3045//3045 3037//3037 2410//2410
f 2407//2407 3045//3045 2410//2410
f 2436//2436 3073//3073 3074//3074
f 3068//3068 3003//3003 2440//2440
f 2439//2439 3077//3077 3078//3078
f 2439//2439 3078//3078 2436//2436
f 3079//3079 3073//3073 3078//3078
f 3082//3082 2018//2018 3080//3080
f 3091//3091 2843//2843 3090//3090
f 3086//3086 3081//3081 2850//2850
f 2018//2018 3082//3082 2021//2021
f 3081//3081 3080//3080 2018//2018
f 2015//2015 2850//2850 3081//3081
f 2015//2015 3081//3081 2018//2018
f 3089//3089 3090//3090 2839//2839
f 3089//3089 2839//2839 3144//3144
f 3099//3099 3127//3127 3097//3097
f 3102//3102 3110//3110 3104//3104
f 3105//3105 3104//3104 3110//3110
f 3107//3107 3105//3105 3110//3110
f 3108//3108 3107//3107 3110//3110
f 3112//3112 3110//3110 3102//3102
f 3113//3113 3112//3112 3102//3102
f 3115//3115 3113//3113 3102//3102
f 3116//3116 3115//3115 3102//3102
f 3118//3118 3116//3116 3102//3102
f 3101//3101 3118//3118 3102//3102
f 3130//3130 3132//3132 3093//3093
f 3092//3092 3130//3130 3093//3093
f 3098//3098 3119//3119 3103//3103
f 3097//3097 3124//3124 3098//3098
f 2035//2035 3220//3220 2031//2031
f 2798//2798 3189//3189 2800//2800
f 3209//3209 3211//3211 2037//2037
f 2037//2037 3206//3206 3205//3205
f 2037//2037 3205//3205 3203//3203
f 2037//2037 3203//3203 3202//3202
f 2037//2037 3202//3202 2040//2040
f 3199//3199 2040//2040 3201//3201
f 3189//3189 2798//2798 3190//3190
f 3202//3202 3201//3201 2040//2040
f 3193//3193 3192//3192 2783//2783
f 3195//3195 3193//3193 2783//2783
f 3196//3196 3195//3195 2783//2783
f 2777//2777 3196//3196 2783//2783
f 2783//2783 3190//3190 2798//2798
f 3182//3182 3178//3178 2808//2808
f 3183//3183 3182//3182 2808//2808
f 2031//2031 3220//3220 3215//3215
f 2031//2031 3215//3215 3214//3214
f 2031//2031 3214//3214 3212//3212
f 2031//2031 3212//3212 3210//3210
f 2031//2031 3210//3210 3209//3209
f 2031//2031 3209//3209 2037//2037
f 2808//2808 3174//3174 3173//3173
f 3169//3169 3168//3168 2814//2814
f 3170//3170 3169//3169 2814//2814
f 3173//3173 3172//3172 2810//2810
f 2808//2808 3173//3173 2810//2810
f 2814//2814 2812//2812 3170//3170
f 2834//2834 2830//2830 3159//3159
f 3149//3149 3150//3150 3148//3148
f 2838//2838 3151//3151 2839//2839
f 3158//3158 3159//3159 2830//2830
f 3135//3135 3136//3136 3094//3094
f 3142//3142 3135//3135 3094//3094
f 3095//3095 3142//3142 3094//3094
f 3171//3171 3170//3170 2812//2812
f 3131//3131 3130//3130 3094//3094
f 3131//3131 3094//3094 3136//3136
f 3120//3120 3103//3103 3119//3119
f 3124//3124 3097//3097 3123//3123
f 2838//2838 2834//2834 3151//3151
f 2436//2436 3078//3078 3073//3073
f 3138//3138 3088//3088 3087//3087
f 2843//2843 3091//3091 3084//3084
f 2843//2843 3084//3084 3083//3083
f 3118//3118 3101//3101 3103//3103
f 3127//3127 3099//3099 3093//3093
f 3127//3127 3093//3093 3132//3132
f 3119//3119 3098//3098 3124//3124
f 2040//2040 3199//3199 3197//3197
f 2040//2040 3197//3197 3196//3196
f 2040//2040 3196//3196 2777//2777
f 3174//3174 2808//2808 3178//3178
f 3142//3142 3095//3095 3138//3138
f 3139//3139 3087//3087 3089//3089
f 3139//3139 3089//3089 3145//3145
f 3236//3236 1976//1976 1978//1978
f 3237//3237 3236//3236 1978//1978
f 1978//1978 3231//3231 3237//3237
f 3238//3238 3237//3237 3231//3231
f 3231//3231 3232//3232 3238//3238
f 3239//3239 3238//3238 3232//3232
f 3232//3232 3234//3234 3239//3239
f 3240//3240 3239//3239 3234//3234
f 3234//3234 3235//3235 3240//3240
f 3241//3241 3240//3240 3235//3235
f 3235//3235 3233//3233 3241//3241
f 1987//1987 3241//3241 1988//1988
f 3233//3233 1988//1988 3241//3241
f 2022//2022 3022//3022 2019//2019
f 3224//3224 3242//3242 2267//2267
f 2268//2268 2267//2267 3242//3242
f 3242//3242 3224//3224 3243//3243
f 3225//3225 3243//3243 3224//3224
f 3243//3243 3225//3225 2273//2273
f 2274//2274 2273//2273 3225//3225
f 3226//3226 2275//2275 2274//2274
f 2275//2275 3226//3226 3244//3244
f 3227//3227 3244//3244 3226//3226
f 3245//3245 3244//3244 3227//3227
f 3227//3227 3228//3228 3245//3245
f 3246//3246 3245//3245 3228//3228
f 3247//3247 3246//3246 3230//3230
f 3228//3228 3230//3230 3246//3246
f 3229//3229 3247//3247 3230//3230
f 3247//3247 3229//3229 3248//3248
f 2283//2283 3248//3248 3229//3229
f 3248//3248 2283//2283 2285//2285
f 2424//2424 2427//2427 3012//3012
f 2893//2893 2489//2489 2889//2889
f 2897//2897 2489//2489 2893//2893
f 3032//3032 2420//2420 3031//3031
f 2416//2416 2420//2420 3032//3032
f 2234//2234 2237//2237 2231//2231
f 2901//2901 2489//2489 2897//2897
f 2901//2901 2905//2905 2486//2486
f 2486//2486 2489//2489 2901//2901
f 2375//2375 2378//2378 2879//2879
f 2794//2794 2048//2048 2802//2802
f 2909//2909 2486//2486 2905//2905
f 2913//2913 2486//2486 2909//2909
f 2917//2917 2486//2486 2913//2913
f 2921//2921 2486//2486 2917//2917
f 2895//2895 2890//2890 2384//2384
f 2925//2925 2486//2486 2921//2921
f 2381//2381 2384//2384 2890//2890
f 2929//2929 2486//2486 2925//2925
f 2933//2933 2486//2486 2929//2929
f 2937//2937 2486//2486 2933//2933
f 2937//2937 2941//2941 2483//2483
f 2483//2483 2486//2486 2937//2937
f 2948//2948 2950//2950 2480//2480
f 2948//2948 2483//2483 2941//2941
f 2480//2480 2483//2483 2948//2948
f 2387//2387 2390//2390 2907//2907
f 2952//2952 2957//2957 2477//2477
f 2952//2952 2480//2480 2950//2950
f 2477//2477 2480//2480 2952//2952
f 2390//2390 2393//2393 2915//2915
f 2959//2959 2964//2964 2474//2474
f 2959//2959 2477//2477 2957//2957
f 2393//2393 2927//2927 2923//2923
f 2474//2474 2477//2477 2959//2959
f 2969//2969 2973//2973 2471//2471
f 3217//3217 2028//2028 3216//3216
f 2969//2969 2474//2474 2964//2964
f 2973//2973 2975//2975 2468//2468
f 2471//2471 2474//2474 2969//2969
f 2468//2468 2471//2471 2973//2973
f 2975//2975 2462//2462 2465//2465
f 2975//2975 2977//2977 2462//2462
f 2465//2465 2468//2468 2975//2975
f 2399//2399 2402//2402 2945//2945
f 2977//2977 2979//2979 2459//2459
f 2459//2459 2462//2462 2977//2977
f 2979//2979 2981//2981 2456//2456
f 2402//2402 2967//2967 2962//2962
f 2456//2456 2459//2459 2979//2979
f 2983//2983 2985//2985 2453//2453
f 2983//2983 2456//2456 2981//2981
f 2985//2985 2987//2987 2450//2450
f 2453//2453 2456//2456 2983//2983
f 2450//2450 2453//2453 2985//2985
f 2987//2987 2989//2989 2447//2447
f 3033//3033 2424//2424 3034//3034
f 2420//2420 2424//2424 3033//3033
f 2447//2447 2450//2450 2987//2987
f 2989//2989 2991//2991 2444//2444
f 2444//2444 2447//2447 2989//2989
f 2992//2992 3001//3001 2441//2441
f 2992//2992 2444//2444 2991//2991
f 1998//1998 2824//2824 2820//2820
f 2441//2441 2444//2444 2992//2992
f 2435//2435 2441//2441 3001//3001
f 2785//2785 2048//2048 2794//2794
f 2815//2815 2802//2802 1998//1998
f 2778//2778 2780//2780 2042//2042
f 2001//2001 2849//2849 2847//2847
f 2045//2045 2048//2048 2785//2785
f 2780//2780 2784//2784 2039//2039
f 2785//2785 2781//2781 2045//2045
f 2778//2778 2045//2045 2781//2781
f 2042//2042 2045//2045 2778//2778
f 2039//2039 2042//2042 2780//2780
f 2797//2797 2799//2799 2036//2036
f 2797//2797 2784//2784 2795//2795
f 2789//2789 2791//2791 2787//2787
f 2036//2036 2039//2039 2784//2784
f 2036//2036 2784//2784 2797//2797
f 2803//2803 2036//2036 2799//2799
f 2805//2805 2036//2036 2803//2803
f 2807//2807 2036//2036 2805//2805
f 3204//3204 997//997 2030//2030
f 2842//2842 2851//2851 2019//2019
f 2028//2028 3213//3213 3216//3216
f 2028//2028 3208//3208 3213//3213
f 2028//2028 996//996 3208//3208
f 2028//2028 3207//3207 996//996
f 2028//2028 2030//2030 3207//3207
f 2809//2809 2811//2811 3186//3186
f 2851//2851 2859//2859 2016//2016
f 3222//3222 2025//2025 3221//3221
f 3181//3181 2821//2821 1000//1000
f 2246//2246 2598//2598 2601//2601
f 3179//3179 2817//2817 3180//3180
f 2813//2813 2817//2817 3179//3179
f 2246//2246 2249//2249 2598//2598
f 1011//1011 3020//3020 3146//3146
f 3152//3152 3020//3020 1011//1011
f 3153//3153 3020//3020 3152//3152
f 3021//3021 3020//3020 3153//3153
f 3153//3153 1006//1006 3021//3021
f 3146//3146 3020//3020 3140//3140
f 1016//1016 3019//3019 3137//3137
f 3143//3143 3019//3019 1016//1016
f 3141//3141 3019//3019 3143//3143
f 3020//3020 3019//3019 3141//3141
f 3134//3134 3133//3133 3019//3019
f 2228//2228 2231//2231 2237//2237
f 2030//2030 3200//3200 3204//3204
f 2030//2030 3198//3198 3200//3200
f 2030//2030 3194//3194 3198//3198
f 2030//2030 2036//2036 3194//3194
f 2237//2237 2240//2240 2228//2228
f 2240//2240 2243//2243 2225//2225
f 2225//2225 2228//2228 2240//2240
f 2243//2243 2219//2219 2222//2222
f 2243//2243 2246//2246 2219//2219
f 2222//2222 2225//2225 2243//2243
f 2246//2246 2601//2601 2604//2604
f 2604//2604 2219//2219 2246//2246
f 2249//2249 2589//2589 2592//2592
f 2607//2607 2219//2219 2604//2604
f 2610//2610 2219//2219 2607//2607
f 2613//2613 2219//2219 2610//2610
f 2616//2616 2219//2219 2613//2613
f 2616//2616 2619//2619 2216//2216
f 2216//2216 2219//2219 2616//2616
f 2622//2622 2625//2625 2213//2213
f 2622//2622 2216//2216 2619//2619
f 2213//2213 2216//2216 2622//2622
f 2628//2628 2631//2631 2210//2210
f 2628//2628 2213//2213 2625//2625
f 2631//2631 2633//2633 2207//2207
f 2210//2210 2213//2213 2628//2628
f 2207//2207 2210//2210 2631//2631
f 2633//2633 2636//2636 2204//2204
f 2204//2204 2207//2207 2633//2633
f 2636//2636 2199//2199 2202//2202
f 2636//2636 2639//2639 2199//2199
f 2202//2202 2204//2204 2636//2636
f 2639//2639 2642//2642 2196//2196
f 2196//2196 2199//2199 2639//2639
f 2642//2642 2645//2645 2193//2193
f 2193//2193 2196//2196 2642//2642
f 2645//2645 2187//2187 2190//2190
f 2645//2645 2648//2648 2187//2187
f 2190//2190 2193//2193 2645//2645
f 2648//2648 2651//2651 2181//2181
f 2648//2648 2181//2181 2184//2184
f 2184//2184 2187//2187 2648//2648
f 2262//2262 2561//2561 2564//2564
f 2651//2651 2654//2654 2178//2178
f 2178//2178 2181//2181 2651//2651
f 2654//2654 2172//2172 2175//2175
f 2654//2654 2657//2657 2172//2172
f 2175//2175 2178//2178 2654//2654
f 2657//2657 2660//2660 2166//2166
f 2657//2657 2166//2166 2169//2169
f 2169//2169 2172//2172 2657//2657
f 2660//2660 2156//2156 2159//2159
f 2660//2660 2159//2159 2163//2163
f 2163//2163 2166//2166 2660//2660
f 2660//2660 2153//2153 2156//2156
f 2660//2660 2663//2663 2153//2153
f 2663//2663 2145//2145 2148//2148
f 2663//2663 2148//2148 2150//2150
f 2150//2150 2153//2153 2663//2663
f 2663//2663 2142//2142 2145//2145
f 2663//2663 2139//2139 2142//2142
f 2663//2663 2136//2136 2139//2139
f 2663//2663 2666//2666 2136//2136
f 2666//2666 2127//2127 2130//2130
f 2666//2666 2130//2130 2133//2133
f 2133//2133 2136//2136 2666//2666
f 2666//2666 1955//1955 2127//2127
f 2275//2275 2549//2549 2273//2273
f 1955//1955 1957//1957 2121//2121
f 1955//1955 2121//2121 2124//2124
f 2124//2124 2127//2127 1955//1955
f 1957//1957 2112//2112 2115//2115
f 1957//1957 2115//2115 2118//2118
f 2118//2118 2121//2121 1957//1957
f 1957//1957 1961//1961 2112//2112
f 2302//2302 2540//2540 2299//2299
f 1961//1961 1964//1964 2109//2109
f 2109//2109 2112//2112 1961//1961
f 1964//1964 2103//2103 2106//2106
f 1964//1964 1967//1967 2103//2103
f 2106//2106 2109//2109 1964//1964
f 2312//2312 2537//2537 2308//2308
f 1970//1970 1973//1973 2097//2097
f 1967//1967 2097//2097 2100//2100
f 2100//2100 2103//2103 1967//1967
f 2312//2312 2315//2315 2534//2534
f 2097//2097 1967//1967 1970//1970
f 1973//1973 1976//1976 2093//2093
f 2093//2093 2097//2097 1973//1973
f 1976//1976 2087//2087 2090//2090
f 1976//1976 3236//3236 2087//2087
f 2090//2090 2093//2093 1976//1976
f 2324//2324 2327//2327 2525//2525
f 3236//3236 3237//3237 2084//2084
f 2084//2084 2087//2087 3236//3236
f 2084//2084 3237//3237 2081//2081
f 3238//3238 2081//2081 3237//3237
f 2081//2081 3238//3238 2078//2078
f 2075//2075 2078//2078 3238//3238
f 3238//3238 3239//3239 2075//2075
f 3239//3239 3240//3240 2072//2072
f 2333//2333 2336//2336 2513//2513
f 2072//2072 2075//2075 3239//3239
f 3240//3240 3241//3241 2069//2069
f 2069//2069 2072//2072 3240//3240
f 3241//3241 2063//2063 2066//2066
f 3241//3241 1987//1987 2063//2063
f 2066//2066 2069//2069 3241//3241
f 1987//1987 1989//1989 2057//2057
f 1987//1987 2057//2057 2060//2060
f 2060//2060 2063//2063 1987//1987
f 2359//2359 2362//2362 2495//2495
f 1989//1989 1992//1992 2054//2054
f 2054//2054 2057//2057 1989//1989
f 1992//1992 1995//1995 2051//2051
f 2051//2051 2054//2054 1992//1992
f 1998//1998 2828//2828 2824//2824
f 2048//2048 2051//2051 1995//1995
f 1995//1995 2802//2802 2048//2048
f 1995//1995 1998//1998 2802//2802
f 1998//1998 2820//2820 2815//2815
f 2369//2369 2889//2889 2489//2489
f 2001//2001 2853//2853 2849//2849
f 1998//1998 2832//2832 2828//2828
f 1998//1998 2836//2836 2832//2832
f 1998//1998 2841//2841 2836//2836
f 1998//1998 2845//2845 2841//2841
f 1998//1998 2001//2001 2845//2845
f 2847//2847 2845//2845 2001//2001
f 2001//2001 2855//2855 2853//2853
f 2001//2001 2857//2857 2855//2855
f 2001//2001 2004//2004 2857//2857
f 2004//2004 2863//2863 2861//2861
f 2004//2004 2865//2865 2863//2863
f 2861//2861 2857//2857 2004//2004
f 2004//2004 2867//2867 2865//2865
f 2004//2004 2871//2871 2867//2867
f 2004//2004 2007//2007 2871//2871
f 2007//2007 2875//2875 2873//2873
f 2873//2873 2871//2871 2007//2007
f 2859//2859 2869//2869 2010//2010
f 2016//2016 2019//2019 2851//2851
f 2007//2007 2869//2869 2875//2875
f 2007//2007 2010//2010 2869//2869
f 2016//2016 2859//2859 2013//2013
f 2010//2010 2013//2013 2859//2859
f 2253//2253 2256//2256 2582//2582
f 2595//2595 2598//2598 2249//2249
f 2249//2249 2592//2592 2595//2595
f 2253//2253 2582//2582 2585//2585
f 2249//2249 2253//2253 2589//2589
f 2585//2585 2589//2589 2253//2253
f 2256//2256 2259//2259 2576//2576
f 2579//2579 2582//2582 2256//2256
f 2256//2256 2576//2576 2579//2579
f 2259//2259 2262//2262 2570//2570
f 2259//2259 2570//2570 2573//2573
f 3187//3187 2813//2813 995//995
f 2573//2573 2576//2576 2259//2259
f 2265//2265 2555//2555 2558//2558
f 2567//2567 2570//2570 2262//2262
f 2262//2262 2564//2564 2567//2567
f 2262//2262 2265//2265 2561//2561
f 2265//2265 2552//2552 2555//2555
f 2558//2558 2561//2561 2265//2265
f 2265//2265 2268//2268 2552//2552
f 3186//3186 2811//2811 3187//3187
f 3242//3242 2552//2552 2268//2268
f 2549//2549 2552//2552 3243//3243
f 3243//3243 2552//2552 3242//3242
f 3243//3243 2273//2273 2549//2549
f 3180//3180 2817//2817 3181//3181
f 3246//3246 2549//2549 3245//3245
f 3244//3244 2549//2549 2275//2275
f 3245//3245 2549//2549 3244//3244
f 2546//2546 2549//2549 3246//3246
f 2829//2829 3177//3177 2825//2825
f 3248//3248 2546//2546 3247//3247
f 3246//3246 3247//3247 2546//2546
f 3176//3176 2825//2825 3177//3177
f 2282//2282 2546//2546 2285//2285
f 2285//2285 2546//2546 3248//3248
f 2543//2543 2546//2546 2282//2282
f 2290//2290 2543//2543 2287//2287
f 2282//2282 2287//2287 2543//2543
f 2540//2540 2543//2543 2296//2296
f 2293//2293 2543//2543 2290//2290
f 2296//2296 2543//2543 2293//2293
f 2296//2296 2299//2299 2540//2540
f 2537//2537 2540//2540 2305//2305
f 2305//2305 2540//2540 2302//2302
f 2305//2305 2308//2308 2537//2537
f 3100//3100 3117//3117 1025//1025
f 2534//2534 2537//2537 2312//2312
f 2315//2315 2318//2318 2531//2531
f 2531//2531 2534//2534 2315//2315
f 2321//2321 2531//2531 2318//2318
f 2321//2321 2324//2324 2528//2528
f 2528//2528 2531//2531 2321//2321
f 2525//2525 2528//2528 2324//2324
f 2522//2522 2525//2525 2327//2327
f 2327//2327 2330//2330 2522//2522
f 2516//2516 2519//2519 2333//2333
f 2519//2519 2522//2522 2330//2330
f 2330//2330 2333//2333 2519//2519
f 2336//2336 2339//2339 2510//2510
f 2333//2333 2513//2513 2516//2516
f 2510//2510 2513//2513 2336//2336
f 2507//2507 2510//2510 2339//2339
f 2339//2339 2342//2342 2507//2507
f 2342//2342 2344//2344 2504//2504
f 2504//2504 2507//2507 2342//2342
f 2347//2347 2350//2350 2501//2501
f 2347//2347 2504//2504 2344//2344
f 2353//2353 2356//2356 2498//2498
f 2501//2501 2504//2504 2347//2347
f 2353//2353 2501//2501 2350//2350
f 2498//2498 2501//2501 2353//2353
f 2492//2492 2495//2495 2362//2362
f 2359//2359 2498//2498 2356//2356
f 2495//2495 2498//2498 2359//2359
f 2369//2369 2492//2492 2365//2365
f 2362//2362 2365//2365 2492//2492
f 2369//2369 2372//2372 2885//2885
f 2489//2489 2492//2492 2369//2369
f 2369//2369 2885//2885 2889//2889
f 2372//2372 2375//2375 2880//2880
f 2880//2880 2885//2885 2372//2372
f 2375//2375 2879//2879 2877//2877
f 2883//2883 2879//2879 2378//2378
f 2877//2877 2880//2880 2375//2375
f 2384//2384 2899//2899 2895//2895
f 2378//2378 2381//2381 2883//2883
f 2384//2384 2387//2387 2899//2899
f 2887//2887 2883//2883 2381//2381
f 2381//2381 2890//2890 2887//2887
f 2919//2919 2915//2915 2393//2393
f 2903//2903 2899//2899 2387//2387
f 2387//2387 2907//2907 2903//2903
f 2911//2911 2907//2907 2390//2390
f 2390//2390 2915//2915 2911//2911
f 2393//2393 2923//2923 2919//2919
f 2393//2393 2396//2396 2927//2927
f 2396//2396 2399//2399 2934//2934
f 2396//2396 2934//2934 2931//2931
f 2931//2931 2927//2927 2396//2396
f 2402//2402 2405//2405 2967//2967
f 2938//2938 2934//2934 2399//2399
f 2399//2399 2945//2945 2938//2938
f 2435//2435 3015//3015 3065//3065
f 2435//2435 3061//3061 3015//3015
f 2435//2435 3001//3001 3061//3061
f 2953//2953 2945//2945 2402//2402
f 2402//2402 2962//2962 2953//2953
f 2405//2405 3056//3056 3055//3055
f 3058//3058 3057//3057 2408//2408
f 3039//3039 3038//3038 2411//2411
f 3042//3042 3041//3041 2414//2414
f 2414//2414 3043//3043 3042//3042
f 3032//3032 3044//3044 2416//2416
f 2424//2424 3012//3012 3034//3034
f 3017//3017 3016//3016 3000//3000
f 3008//3008 3016//3016 3063//3063
f 3008//3008 3000//3000 3016//3016
f 3060//3060 3061//3061 3001//3001
f 2405//2405 3055//3055 2970//2970
f 3000//3000 2998//2998 3017//3017
f 3072//3072 3070//3070 2431//2431
f 2784//2784 2787//2787 2791//2791
f 2791//2791 2795//2795 2784//2784
f 2411//2411 3040//3040 3039//3039
f 2431//2431 3013//3013 3072//3072
f 2431//2431 3067//3067 3013//3013
f 2431//2431 2435//2435 3067//3067
f 3040//3040 2414//2414 3041//3041
f 2411//2411 2414//2414 3040//3040
f 3043//3043 2416//2416 3044//3044
f 2414//2414 2416//2416 3043//3043
f 3033//3033 3031//3031 2420//2420
f 3001//3001 3062//3062 3060//3060
f 3001//3001 3008//3008 3062//3062
f 3056//3056 2408//2408 3057//3057
f 2405//2405 2408//2408 3056//3056
f 3058//3058 2411//2411 1064//1064
f 2408//2408 2411//2411 3058//3058
f 3067//3067 3066//3066 3014//3014
f 3067//3067 2435//2435 3066//3066
f 3065//3065 3066//3066 2435//2435
f 3063//3063 3062//3062 3008//3008
f 3076//3076 3070//3070 3071//3071
f 2433//2433 3070//3070 3076//3076
f 2433//2433 2431//2431 3070//3070
f 3134//3134 3129//3129 3128//3128
f 3019//3019 3129//3129 3134//3134
f 1024//1024 3100//3100 3121//3121
f 3125//3125 3100//3100 1024//1024
f 3096//3096 3100//3100 3125//3125
f 3129//3129 3096//3096 1028//1028
f 3019//3019 3096//3096 3129//3129
f 3106//3106 1027//1027 1033//1033
f 3109//3109 1027//1027 3106//3106
f 3111//3111 1027//1027 3109//3109
f 3114//3114 1027//1027 3111//3111
f 3100//3100 1027//1027 3114//3114
f 3117//3117 3114//3114 1030//1030
f 3100//3100 3114//3114 3117//3117
f 1064//1064 2411//2411 3038//3038
f 2837//2837 3223//3223 3249//3249
f 2025//2025 3218//3218 3221//3221
f 2025//2025 3217//3217 3218//3218
f 2025//2025 2028//2028 3217//3217
f 3207//3207 2030//2030 997//997
f 2813//2813 3187//3187 2811//2811
f 2036//2036 2807//2807 3194//3194
f 968//968 2809//2809 3185//3185
f 2807//2807 2809//2809 968//968
f 3179//3179 995//995 2813//2813
f 2821//2821 3181//3181 2817//2817
f 3175//3175 1000//1000 2821//2821
f 3175//3175 2825//2825 3176//3176
f 2821//2821 2825//2825 3175//3175
f 2833//2833 3177//3177 2829//2829
f 3137//3137 3019//3019 3133//3133
f 3141//3141 3140//3140 3020//3020
f 3160//3160 3021//3021 1006//1006
f 1025//1025 3121//3121 3100//3100
f 2970//2970 2967//2967 2405//2405
f 3125//3125 1028//1028 3096//3096
f 3186//3186 3185//3185 2809//2809
f 968//968 3194//3194 2807//2807
f 3022//3022 2842//2842 2019//2019
f 3022//3022 3021//3021 3160//3160
f 3160//3160 3161//3161 3022//3022
f 999//999 3022//3022 3161//3161
f 998//998 3022//3022 999//999
f 3165//3165 3022//3022 998//998
f 2842//2842 3022//3022 3165//3165
f 3223//3223 3165//3165 3249//3249
f 3165//3165 3223//3223 2842//2842
f 3249//3249 3165//3165 2837//2837
f 2833//2833 2837//2837 3165//3165
f 3219//3219 2025//2025 3222//3222
f 2775//2775 1441//1441 2776//2776
f 993//993 2025//2025 3219//3219
f 2833//2833 3165//3165 1007//1007
f 1007//1007 3166//3166 2833//2833
f 3177//3177 2833//2833 3166//3166
f 3059//3059 2998//2998 3064//3064
f 2997//2997 3064//3064 2998//2998
f 1102//1102 1100//1100 1101//1101
f 1102//1102 1099//1099 1100//1100
f 1102//1102 1098//1098 1099//1099
f 1102//1102 1097//1097 1098//1098
f 1102//1102 3026//3026 1097//1097
f 598//598 331//331 599//599
f 599//599 331//331 1096//1096
f 331//331 332//332 1096//1096
f 1096//1096 332//332 3026//3026
f 332//332 563//563 3026//3026
f 3026//3026 563//563 717//717
f 563//563 269//269 717//717
f 717//717 269//269 716//716
f 269//269 270//270 716//716
f 716//716 270//270 3024//3024
f 270//270 562//562 3024//3024
f 3024//3024 562//562 3025//3025
f 562//562 561//561 3025//3025
f 3025//3025 561//561 3023//3023
f 561//561 559//559 3023//3023
f 3023//3023 559//559 560//560
f 118//118 595//595 119//119
f 119//119 595//595 564//564
f 595//595 3027//3027 564//564
f 564//564 3027//3027 566//566
f 78//78 689//689 51//51
f 51//51 689//689 52//52
f 689//689 838//838 52//52
f 52//52 838//838 322//322
f 838//838 594//594 322//322
f 322//322 594//594 321//321
f 594//594 593//593 321//321
f 321//321 593//593 118//118
f 593//593 595//595 118//118
f 688//688 47//47 601//601
f 688//688 78//78 47//47
f 688//688 689//689 78//78
f 602//602 101//101 690//690
f 602//602 46//46 101//101
f 602//602 47//47 46//46
f 602//602 601//601 47//47
f 331//331 598//598 102//102
f 102//102 598//598 101//101
f 598//598 691//691 101//101
f 101//101 691//691 690//690
f 116//116 339//339 563//563
f 116//116 338//338 339//339
f 116//116 54//54 338//338
f 116//116 55//55 54//54
f 116//116 115//115 55//55
f 563//563 339//339 269//269
f 717//717 1097//1097 3026//3026