# https://github.com/mikedh/trimesh
v -0.04420847 -0.03254024 0.03013031
v -0.07111532 0.02485033 -0.03972393
v 0.01905993 -0.00519908 -0.04645468
v -0.07530307 -0.03058464 0.02440267
v 0.01173554 -0.00751917 -0.04623616
v 0.03324872 -0.02290297 -0.02441469
v 0.05701503 -0.04928832 0.02229643
v -0.07666961 -0.02251978 0.03098697
v 0.02602437 -0.00930827 -0.04091004
v -0.06633312 -0.00423249 -0.06019945
v -0.08325130 -0.03489375 0.01112617
v -0.08376966 -0.03260892 0.01565227
v 0.04914133 -0.05195675 0.02548634
v -0.08385854 -0.03091374 0.01997901
v 0.00521754 -0.00435031 0.05942438
v -0.01443392 -0.03627683 0.03463997
v -0.06731245 -0.00632383 -0.05643789
v 0.03303301 -0.03180653 -0.01173750
v -0.07257634 -0.03800799 0.01965379
v -0.08690686 -0.01134754 0.03415430
v -0.08830516 -0.00713131 0.03408959
v 0.03089440 -0.01475105 -0.03423057
v 0.04336200 -0.05387416 0.02887296
v 0.04760696 -0.04701667 0.01617132
v -0.06434497 -0.01180736 -0.05348107
v -0.08708431 0.00378727 0.03128986
v -0.07223507 -0.02020799 0.03400867
v -0.08292990 0.01228552 0.02421476
v -0.07322654 0.04328233 -0.02900236
v -0.08049427 0.01407771 0.02459810
v 0.01801804 -0.00333144 0.06204572
v 0.02482336 -0.01991683 -0.03006886
v -0.07988247 -0.03601748 0.01926009
v 0.07614966 -0.02877947 -0.00122583
v 0.01333728 -0.04111481 -0.00092340
v -0.04852029 0.02593996 0.01935912
v -0.08342146 0.00974802 0.02716796
v -0.03946214 0.02204837 0.02721667
v 0.02359293 -0.03876787 -0.00263226
v -0.06807329 -0.00065301 -0.05228261
v -0.03270554 0.02001038 0.03175405
v -0.07866082 0.00915866 0.03173326
v -0.07570139 0.01297246 0.02917052
v -0.04022406 0.03059269 0.01550761
v -0.04642155 0.03029246 0.01380501
v -0.04389149 0.01844346 0.03035735
v -0.06262510 0.00179617 -0.06771007
v 0.01349074 -0.03046503 -0.01833094
v -0.05423962 0.02033169 0.02523852
v 0.03149010 -0.03938988 0.00018817
v 0.02246308 -0.02902061 -0.01844887
v -0.05220906 0.01208975 0.03595001
v 0.02595569 -0.04404048 0.00689671
v 0.01920704 -0.03475853 -0.01021641
v -0.06354199 -0.01679670 -0.04784348
v -0.06927828 -0.00958616 -0.04907532
v -0.07225891 0.00946185 0.03382197
v -0.08494561 -0.02619442 0.02332590
v 0.03639743 -0.04481428 0.01036356
v -0.03658405 0.01236095 0.03959758
v -0.08301346 -0.02386385 0.02716169
v -0.00217424 -0.04251759 -0.00198210
v -0.02256737 -0.00557048 -0.05464938
v -0.07126337 -0.01106763 -0.03837890
v 0.00797128 -0.03736517 -0.00833806
v -0.01706328 -0.00782902 -0.05142379
v -0.04479891 0.01265663 0.03691862
v -0.06253753 0.01369155 0.03126360
v -0.06993909 -0.01716182 -0.04254482
v -0.08747957 -0.00002623 0.03627593
v 0.02709032 -0.05007489 0.01684057
v -0.01211831 -0.00831226 -0.04978224
v -0.00412234 -0.00997351 -0.04615746
v 0.00025145 -0.00265807 -0.05283618
v -0.07053384 -0.00484920 -0.04082921
v -0.01058329 -0.01294311 -0.04434254
v 0.00313269 -0.04528563 0.00404486
v 0.06938177 -0.00364877 0.03369904
v 0.01519547 -0.04659600 0.00865807
v -0.06924647 -0.02345923 -0.03565189
v 0.03589463 -0.05107080 0.02083386
v -0.06335052 -0.02166837 -0.04099999
v -0.07484664 0.00635115 -0.02400964
v -0.06585622 0.00758895 0.03699331
v 0.04562625 -0.01575946 0.06463036
v 0.07905925 0.02431826 -0.00831279
v 0.08017757 0.03778480 -0.01151822
v -0.05941317 0.01027366 0.03613032
v 0.01693014 -0.05037500 0.01556019
v 0.00814453 -0.04952629 0.01251361
v -0.00124253 0.00361467 0.05505149
v -0.07237752 -0.01816560 -0.03604581
v 0.06130804 -0.01468858 0.06849912
v -0.04793374 -0.01362602 0.04323775
v -0.08564146 -0.01881245 0.02951530
v 0.01020100 -0.05348101 0.02408214
v -0.08059578 -0.00105819 0.03918376
v 0.02081199 -0.05277470 0.02205506
v 0.07194832 0.04093147 -0.01421411
v 0.06340360 0.04985758 -0.00926765
v -0.08108675 -0.01578687 0.03552326
v 0.00097403 -0.05353242 0.02243296
v 0.00627313 -0.05326980 0.02306966
v 0.06837423 0.04994585 -0.00764929
v -0.08104962 0.00390357 0.03513244
v 0.06149848 -0.00916661 0.06746603
v 0.06833379 -0.02758061 0.03903598
v -0.02009998 0.00347452 0.05093110
v -0.00414341 -0.05233984 0.01643406
v 0.06830044 -0.01488379 0.03716441
v 0.07990206 0.03322645 -0.00991854
v -0.07280642 0.00189121 0.03959544
v 0.07987879 0.01307858 -0.00888301
v -0.07209639 -0.00285430 -0.03504402
v 0.08049944 0.00507399 -0.00997721
v 0.01679626 -0.05359401 0.02511780
v 0.06519728 -0.00522657 0.04950381
v 0.02262629 0.01809043 -0.04250479
v -0.05461326 -0.00103525 0.04525902
v 0.06616110 -0.01247936 0.04499192
v -0.03639994 -0.00138617 -0.06119237
v 0.06563988 -0.03167153 0.04963770
v 0.07864410 0.03868321 -0.00345029
v -0.00768512 -0.05307581 0.01955160
v 0.00174781 -0.04970702 0.02919424
v -0.04316720 -0.00905588 0.04755500
v 0.01833292 0.02475512 -0.03949942
v 0.01226740 -0.05231775 0.02844411
v 0.04840189 0.02068083 -0.03460284
v 0.07704899 0.01683414 0.00150010
v 0.00768106 -0.04845615 0.03132546
v -0.06967916 0.05450446 -0.03500791
v -0.05310376 0.00486758 0.04202912
v 0.07743741 0.04114639 0.00332470
v 0.05619668 0.01642617 -0.03578196
v 0.07632650 0.01019850 0.00460979
v -0.03889208 -0.00573502 0.04952161
v 0.01922859 -0.05229600 0.03027625
v -0.06130154 0.02092510 -0.05875935
v 0.07741684 0.02678623 0.00093373
v 0.05801464 -0.03484630 -0.00060056
v -0.07352510 -0.02542896 -0.02989691
v 0.02479036 -0.05043723 0.03383031
v 0.00641419 -0.01382756 -0.04054994
v 0.03887230 -0.05376387 0.02828075
v 0.02312433 -0.05370404 0.02789457
v 0.06606482 -0.03664176 0.04922439
v 0.07594763 0.03302764 0.00889953
v 0.07613172 0.00226673 0.00615518
v 0.07402219 -0.03261588 0.00196319
v -0.07232075 0.05229327 -0.03180663
v 0.07458295 0.02130329 0.01475828
v 0.01145111 -0.03905071 0.03878305
v -0.05548884 0.02429109 -0.05558878
v 0.03212502 -0.05321771 0.02590634
v 0.00875644 0.03768616 -0.03243037
v 0.01618756 -0.03286003 0.04447259
v 0.00607732 -0.03271181 0.04225566
v 0.05705443 0.03517254 -0.02278710
v -0.05723815 0.03039913 -0.05172027
v 0.02838200 -0.05348196 0.03076973
v 0.00051893 0.04512073 -0.02873487
v -0.04204581 0.00558488 0.04432916
v -0.02385617 -0.00665572 0.05265574
v -0.08054907 -0.01050856 0.03853653
v 0.04297836 -0.03950232 0.04697346
v 0.00003356 -0.01292300 -0.04201238
v -0.04132559 0.02733593 -0.05280842
v -0.05900528 0.05458060 -0.03312857
v -0.03498911 0.02062043 -0.05369973
v 0.07332454 0.00923898 0.01710769
v -0.00305703 -0.05330406 0.02139798
v 0.03596530 0.03481843 -0.02780057
v 0.06529894 -0.02240765 0.04773410
v -0.01832288 0.02718499 -0.04570364
v -0.07419881 0.02232487 -0.02643054
v 0.02602396 -0.02480846 0.05138012
v 0.04286217 0.05029525 -0.01317060
v -0.01394981 0.00094535 0.05355148
v -0.07591389 0.01375880 -0.01939874
v 0.03293066 -0.05310453 0.03291087
v 0.04193653 0.03529735 -0.02468362
v 0.03864785 0.04977770 -0.01501529
v 0.00617801 0.00882120 0.05244285
v 0.02182499 -0.01816037 0.05675770
v -0.01118441 0.02284186 -0.04650770
v -0.07678487 -0.00545570 0.04089804
v 0.04883957 0.03918193 -0.02083956
v -0.01019243 -0.00545291 0.05578065
v -0.00739743 -0.05110171 0.02474684
v 0.03294335 0.00288498 0.06259209
v 0.08241986 -0.00472502 -0.02015170
v -0.02044200 -0.04459858 0.02727787
v 0.03191745 0.04717084 -0.01907528
v 0.04278797 0.04310540 -0.01944275
v 0.07720872 -0.02141753 -0.01343831
v -0.08561555 -0.00517049 0.03876257
v 0.08036017 -0.01420126 -0.01448181
v -0.07226732 0.05048881 -0.02682992
v 0.01582881 -0.04677117 0.03435795
v 0.06371830 -0.02307548 0.05592864
v 0.02292850 -0.04260843 0.03912555
v 0.01955847 -0.00807517 0.06200950
v -0.07044430 -0.00704483 0.04229344
v 0.07805416 0.04511284 -0.00956728
v 0.06479107 -0.03019199 0.05470407
v -0.07390130 -0.01560747 -0.02634428
v 0.05342482 0.05169290 -0.00439749
v -0.03750176 -0.01656779 0.04361262
v 0.08036164 -0.00667445 -0.01012031
v 0.02651015 -0.01079497 0.06217585
v 0.06218115 -0.01343869 0.06260243
v 0.05602994 0.04312869 -0.01663208
v 0.03299591 -0.03943268 0.04380964
v 0.03088564 -0.00313439 0.06512586
v 0.07912601 -0.01461802 -0.00633362
v -0.06250453 -0.00908293 0.04302169
v 0.04905738 0.05145129 -0.00949753
v -0.07604836 -0.02974016 -0.02138973
v 0.04687372 0.04900733 0.00336457
v 0.05732559 0.04936025 -0.01116462
v -0.05442802 -0.00872022 0.04509442
v -0.05386216 -0.00208879 -0.06388197
v -0.06595095 -0.03315714 -0.02500677
v 0.07744110 -0.02514138 -0.00420415
v 0.06062853 -0.04234581 0.04889075
v -0.02621037 -0.03313818 0.03448385
v 0.06257178 0.04457467 -0.01388684
v -0.04508084 -0.00273543 -0.06167597
v -0.04112996 -0.00193357 -0.06151987
v 0.04217612 0.05224277 -0.00679069
v 0.07891988 -0.01982418 -0.00905716
v -0.07171534 0.04963980 -0.02335121
v 0.01777867 -0.02155611 0.05314417
v -0.05560369 0.05201666 -0.03693555
v 0.05725846 0.04795734 0.00696000
v -0.04787250 -0.00080805 0.04659174
v -0.06698076 0.04876876 -0.01928226
v 0.04766792 0.04838726 -0.01456333
v 0.01259608 -0.01243325 -0.04104662
v 0.04184728 -0.02258418 0.05852921
v 0.06157277 -0.00462063 0.07183573
v -0.00919831 -0.03066455 0.04005010
v -0.07148383 -0.03620641 -0.01970785
v 0.03448076 -0.00830663 0.06606344
v -0.07619741 -0.03706240 -0.01544137
v -0.06151563 0.01258682 -0.06637526
v 0.01316949 0.00605452 0.05652714
v 0.02849146 0.05277047 -0.01202741
v -0.04920352 -0.00210932 -0.06294734
v -0.07456997 0.04561917 -0.02273227
v -0.04588935 0.04734361 -0.03854043
v -0.00211249 -0.00640244 0.05765648
v -0.03643237 0.00578684 -0.06413872
v 0.05375151 -0.01550836 0.06780756
v -0.03098651 0.00469649 0.04765406
v 0.03417903 0.05259756 -0.00769758
v -0.07743805 0.01804740 -0.01254046
v -0.07508354 0.03248840 -0.02191885
v -0.07541110 0.03908845 -0.02027070
v 0.07561768 -0.02490193 0.00768052
v -0.03286426 -0.01173821 -0.04987464
v 0.02172335 0.05001817 -0.00278231
v 0.07750158 -0.00723577 0.00203812
v -0.03331267 0.00896046 -0.06189462
v 0.02308402 0.00548481 0.05892137
v 0.02505551 -0.03315862 0.04600770
v -0.01805164 -0.01107737 0.05208983
v -0.01904118 -0.00590383 0.05371835
v -0.03563326 0.05365468 -0.02915261
v -0.02512866 -0.01187808 -0.04803977
v -0.06318456 -0.03974173 -0.01644963
v -0.07779869 -0.03946206 -0.01091910
v 0.07223520 0.02459156 0.02179141
v -0.06499749 -0.00143225 -0.06505638
v 0.02772608 0.04902370 0.00060692
v -0.06608654 0.01795068 -0.05934756
v -0.05860336 -0.00573968 -0.06076076
v 0.03990162 0.04763866 0.00498297
v 0.03528230 0.04422527 0.01046035
v -0.01693081 0.04490332 -0.03322843
v 0.04630521 -0.03483545 0.05147225
v 0.05261392 0.04155077 0.01729538
v -0.04588881 0.05396175 -0.03025194
v 0.06683968 0.04613679 0.01018523
v -0.04800413 0.02188654 -0.05796767
v 0.05255596 -0.03933266 0.04947551
v -0.06719234 0.02090520 -0.05562989
v 0.04531939 -0.02961925 0.05489081
v -0.07537309 -0.04398932 -0.00887852
v -0.06904828 -0.04349228 -0.01094173
v -0.04089822 0.00791375 -0.06429945
v 0.01651004 -0.01443721 -0.03760101
v -0.00658682 -0.01047203 0.05505567
v -0.07828559 0.02791572 -0.00892288
v 0.08005252 0.04117741 -0.01078961
v 0.07219447 0.01412990 0.02294043
v 0.02073114 -0.01403172 0.05943432
v 0.00314792 -0.02013260 -0.03446121
v 0.07271702 -0.03604742 0.00776008
v 0.06303327 -0.02107072 0.06162540
v 0.07186994 -0.03901073 0.01814219
v 0.06183047 -0.01870774 0.06574424
v -0.07801431 -0.00139090 -0.01077712
v -0.05773919 -0.01098805 -0.05524471
v 0.07457150 -0.01689903 0.01444524
v 0.06334479 -0.03518125 0.05421697
v 0.05495994 0.03511131 0.02662808
v 0.03327939 -0.01549186 0.06026447
v 0.06324640 -0.02783964 0.05882733
v -0.08113218 0.00662072 0.00273944
v 0.01172743 -0.00429545 0.06073997
v -0.06775609 0.02638629 -0.05291382
v 0.01221892 -0.01129867 0.05911415
v 0.07234556 0.04960255 -0.00748216
v -0.08035722 0.02797252 0.00194284
v 0.07044494 0.00647082 0.02837955
v 0.06184449 -0.00149667 0.06628303
v -0.01724026 -0.01884570 -0.03991121
v -0.08123384 -0.00524805 0.00214982
v 0.06819658 0.00717899 0.03909128
v -0.04104049 0.05366585 -0.03065187
v 0.07128738 -0.03436441 0.02634437
v -0.06805444 0.01098933 -0.05093236
v 0.00966053 -0.02080299 -0.03218211
v -0.02614013 0.02710496 -0.04680949
v -0.05156421 0.05293062 -0.02830123
v 0.02670339 -0.00438064 0.06444900
v -0.00595215 0.01658535 -0.05039652
v 0.06913171 -0.04598852 0.02546150
v -0.05705454 0.00470695 -0.06861675
v -0.00033401 -0.02625230 -0.02749049
v 0.06163908 -0.00710939 0.07172503
v -0.05640896 0.05019884 -0.02181557
v 0.03434419 0.03740016 0.02043035
v 0.07929537 0.04820899 -0.00585966
v -0.04000459 0.05261256 -0.02132866
v -0.04655506 -0.01467293 -0.04993246
v 0.01755942 -0.02228978 -0.02916141
v -0.02593299 -0.01864542 -0.04153356
v -0.07053477 0.01241316 -0.04125980
v -0.05568907 -0.02205152 -0.04109142
v -0.06586845 -0.04831868 -0.00405561
v -0.06437530 0.05303365 -0.02721960
v 0.02112605 0.03158581 0.02626912
v 0.04923362 0.02923866 0.03476143
v 0.05777050 -0.00085818 0.07017984
v -0.04582109 -0.00871105 -0.05578941
v 0.05973382 -0.01184686 0.07109631
v -0.05631404 0.01222292 -0.06602464
v 0.00785901 -0.02817187 -0.02273632
v -0.00634988 -0.01910846 -0.03757032
v -0.06596556 0.00438330 -0.06167804
v -0.01089179 -0.02664232 -0.02880500
v -0.03106723 0.03969784 -0.04057301
v 0.06030860 0.02617682 0.03912217
v 0.07091799 -0.02559672 0.02932360
v 0.03210147 0.02925815 0.03168035
v -0.07136615 -0.04962740 -0.00153978
v 0.07000609 -0.04030958 0.02849353
v -0.06271649 0.05233251 -0.03885430
v 0.01952179 0.00331384 -0.05118222
v 0.06696488 0.02089479 0.04551668
v -0.06590551 0.01172457 -0.06275058
v 0.07438623 -0.00125898 -0.03780486
v -0.03987660 0.04199052 -0.04114641
v -0.06239814 0.01562215 -0.06363166
v 0.06747052 -0.03621824 0.00476406
v -0.04825769 0.00931988 -0.06539165
v 0.01413627 0.02541263 0.03375551
v -0.08147754 0.02202011 0.00580960
v -0.01590096 -0.03654871 -0.01448817
v -0.00464828 -0.03337560 -0.01770232
v -0.03895060 -0.01200453 -0.05113236
v 0.03043126 -0.00100249 -0.04755051
v 0.08178677 -0.00361059 -0.03431652
v -0.02416937 0.01538125 -0.05523652
v 0.05434893 0.02034482 0.04683852
v 0.07854007 0.05073673 -0.00294009
v 0.06153371 0.05126005 -0.00219401
v -0.05209772 0.05223473 -0.03588414
v 0.02366024 0.02455699 0.03660169
v -0.08096825 0.01664391 0.00290498
v 0.04553140 0.01728963 0.05043917
v 0.06492490 0.01496682 0.05253796
v 0.06021488 0.01579569 0.05326581
v -0.00998164 -0.00150933 -0.05584500
v -0.07707565 -0.04802002 -0.00246030
v 0.03863466 -0.00590811 -0.04218162
v 0.04481216 0.00239529 -0.04570569
v 0.04403809 0.04188580 0.01556640
v -0.06961113 0.00207668 -0.04523384
v -0.04313651 0.00466786 -0.06574124
v -0.02074927 -0.02729534 -0.02925997
v 0.01699533 0.01863005 0.04311317
v 0.05157406 -0.00369328 -0.04141940
v -0.04714912 -0.02139826 -0.04138562
v 0.04961353 0.01091328 0.05879524
v -0.02285943 0.04119363 -0.03702637
v -0.07558812 -0.05103617 0.00428794
v 0.08623501 0.00006854 -0.03528529
v -0.03607178 0.04841343 -0.03564169
v 0.00979249 0.01820367 0.04226496
v 0.06689645 0.05044482 0.00152100
v -0.08145713 0.02214682 0.01134635
v -0.07347816 0.01155023 -0.02939348
v 0.05366028 0.01153010 0.05850924
v 0.00181365 -0.03578427 -0.01230826
v -0.08007769 -0.03215990 -0.00116988
v -0.03141459 -0.03351898 -0.02127762
v 0.07448939 -0.03172201 0.00658296
v -0.03712719 -0.01952711 -0.04247744
v -0.02271186 -0.03330670 -0.02045244
v 0.06403526 -0.05348558 0.03580471
v 0.06573232 -0.00192795 -0.03909157
v 0.02673466 0.01784787 0.04625430
v -0.00941516 -0.04122451 -0.00574452
v -0.02380784 -0.04089761 -0.00894021
v 0.06508023 0.03870078 0.02265592
v 0.04856928 -0.05366860 0.03541869
v 0.01232159 0.00007794 -0.05109164
v 0.08484428 -0.00424975 -0.03134086
v 0.02115553 0.01508269 0.04838153
v 0.05976398 0.00825742 0.06287664
v -0.07806979 0.02666000 0.01042367
v -0.07376515 0.04525943 -0.01559918
v 0.02938189 0.01400033 0.05148533
v -0.03882126 -0.03654327 -0.01773778
v -0.06457709 -0.02783666 -0.03162362
v 0.06210030 -0.00758062 -0.03515014
v -0.03922644 -0.02510522 -0.03476142
v -0.08080704 -0.04739513 0.00305735
v 0.07493338 0.05005332 0.00043687
v -0.05636849 0.03854390 -0.04584822
v -0.07407186 0.04240688 -0.01208344
v -0.02438216 0.05384482 -0.02464287
v 0.07730511 0.04719990 0.00708766
v 0.07822624 0.04851971 0.00320804
v -0.08357255 0.01588869 0.01448997
v 0.04116913 0.03395692 0.02680335
v -0.03251648 -0.04084348 -0.01034539
v 0.07639337 -0.00969083 -0.03007821
v 0.06698241 -0.01246268 -0.02895192
v -0.05393603 0.04337777 -0.04231170
v -0.02678497 0.02136979 -0.05105173
v -0.06355307 0.04408100 -0.04410627
v -0.02981401 -0.05213781 0.01032941
v 0.04255266 0.00309392 0.06428488
v -0.04789747 -0.04029818 -0.01245362
v 0.07456048 -0.00786473 0.01362603
v 0.06907924 -0.04079451 0.01503980
v 0.06113726 -0.05383303 0.03759324
v 0.08301475 -0.00793069 -0.02859056
v -0.07393248 -0.00167631 -0.02765546
v -0.08198451 0.01730255 0.01872521
v 0.07399963 -0.02847086 0.01563058
v -0.03988463 -0.04556062 -0.00416005
v -0.03032575 -0.02350121 -0.03618112
v -0.05437795 -0.02879852 -0.03096722
v -0.05624440 -0.03586399 -0.02036899
v -0.03383244 0.03206618 -0.04682230
v -0.00247176 0.00196579 -0.05580887
v 0.04617034 -0.00444641 -0.04163864
v -0.08463800 0.00856403 0.01878191
v -0.04976135 0.00391280 -0.06681849
v -0.01039387 -0.04812689 0.00585406
v 0.00080941 -0.05017687 0.01265290
v -0.05533449 -0.04585301 -0.00686241
v 0.03151069 -0.04607707 0.03859556
v 0.07171839 0.04763600 0.00786680
v 0.07459171 -0.01542156 -0.02317404
v -0.07757482 0.03507655 -0.01042613
v -0.02432310 0.03438274 -0.04151819
v -0.01594097 -0.05215437 0.01352045
v 0.07205028 -0.00138965 0.02111513
v -0.01589282 0.03599118 -0.03917356
v 0.03330186 0.00423884 -0.04806091
v -0.01117637 -0.05245101 0.01531169
v -0.02471234 0.00735090 -0.06078299
v -0.01957520 0.01619066 -0.05348790
v 0.07960593 -0.01291244 -0.02404352
v -0.02002450 0.00843185 -0.05895302
v 0.03601039 -0.01514545 -0.03258037
v 0.05673314 -0.02018254 -0.02182907
v -0.04232004 -0.03075808 -0.02725603
v 0.07662242 0.04579444 0.01013430
v 0.04896465 0.00293913 -0.04471286
v -0.01428860 0.00579332 -0.05890344
v -0.07601576 -0.02036953 -0.01834005
v 0.05369669 0.00618168 -0.04278466
v -0.04910708 0.05019273 -0.01841440
v -0.07588729 -0.00893406 -0.01889948
v -0.02021095 -0.04562821 -0.00049350
v 0.04574904 0.00894347 -0.04251719
v 0.03452376 0.02082754 0.04373900
v -0.01771149 -0.05274817 0.01684686
v -0.07138212 -0.05104482 0.00253036
v -0.00885288 0.00476569 -0.05770361
v 0.04084551 0.02549947 0.03876986
v -0.00699371 0.00952576 -0.05529341
v -0.05020595 -0.03301053 -0.02402008
v -0.03203473 -0.04720862 -0.00036038
v -0.08626799 0.00493917 0.02539958
v 0.05557762 -0.01142949 -0.03248125
v -0.07815095 -0.03240505 -0.01209342
v 0.07322152 -0.03655430 0.01365375
v -0.02684467 -0.05125679 0.01982323
v -0.02036281 -0.05262402 0.01311225
v -0.06072789 0.04623935 -0.01509437
v 0.06160762 -0.02037729 -0.02036590
v 0.05105874 -0.02531614 -0.01682548
v -0.07884061 0.03182915 -0.00265095
v 0.00353602 0.00520785 -0.05445305
v -0.01028454 0.03492110 -0.03814470
v 0.04217068 -0.01470173 -0.03140739
v 0.06507164 0.00328788 -0.04102351
v 0.08200681 -0.01032489 -0.02238286
v 0.00430808 -0.02217658 0.04920791
v 0.04682376 -0.01520273 -0.02976870
v 0.00671120 -0.00536222 -0.04936829
v -0.03673558 -0.05039705 0.00495318
v 0.07134287 0.00780686 -0.03783920
v -0.07596984 0.03800920 -0.00737716
v 0.04406683 -0.02563657 -0.01824970
v 0.07400307 0.00471440 -0.03846683
v -0.01022976 0.04023065 -0.03457453
v -0.04339320 -0.05048586 0.00414336
v 0.07173634 -0.01329605 0.02507947
v -0.01340773 -0.05293966 0.01913212
v 0.07361506 0.03273013 0.01702747
v 0.01296269 -0.02587839 0.04898740
v -0.05151594 -0.04945125 0.01558756
v -0.03669299 -0.05226610 0.00892802
v 0.03279841 -0.03194293 0.04895742
v 0.03681282 0.01367432 0.05358341
v 0.07587804 0.04401681 0.01311031
v 0.05219966 -0.01814501 -0.02532456
v 0.01258378 0.02041164 -0.04358316
v 0.04345604 0.00976367 0.05912642
v 0.07108989 0.04312704 0.01673532
v -0.07838194 -0.02002682 -0.00844273
v -0.06601750 0.03735785 -0.00054373
v 0.06601483 0.01143754 -0.03677039
v -0.00590255 0.04332463 -0.03160193
v -0.04156370 -0.04400834 0.02262278
v -0.03016932 0.04845053 -0.03391701
v 0.04857478 -0.03324621 -0.00550711
v 0.07479034 0.04210057 0.01742384
v -0.04578437 -0.05239374 0.01172413
v -0.02046196 -0.05135785 0.02130084
v -0.03921194 -0.05210496 0.01015083
v -0.03127363 0.05366241 -0.02780772
v -0.08034717 -0.04125393 -0.00380177
v -0.07340214 0.03685466 -0.00181967
v -0.04320949 0.04555862 -0.00775175
v -0.03315001 -0.05165070 0.00884440
v -0.02563732 0.04880665 -0.03265464
v 0.05069007 0.00276554 0.06654144
v -0.05359006 0.04448055 -0.00892596
v -0.07757774 0.03204418 0.00129680
v 0.07923322 0.00416945 -0.03743000
v -0.07231465 0.03250213 0.00511780
v 0.05762384 -0.02655095 -0.01325836
v -0.02189214 0.05054127 -0.03045435
v -0.01544081 0.01981736 -0.04966133
v -0.08265902 -0.02521816 0.01044543
v 0.07018934 -0.04278697 0.02110643
v -0.08029917 -0.01346200 -0.00087750
v -0.06427464 -0.04530529 -0.00869890
v 0.08419944 0.00535821 -0.03549421
v 0.08367979 0.00883326 -0.03308734
v 0.06285699 -0.04378817 0.01585129
v 0.07611101 0.01595209 -0.03106720
v 0.04173178 -0.03518594 -0.00420362
v -0.06543903 0.04139147 -0.00666606
v -0.01721973 0.05263759 -0.02655832
v 0.03018006 -0.02048876 0.05560642
v -0.01874037 0.00258094 -0.05987011
v -0.01252959 -0.04862621 0.02635092
v -0.06894413 -0.05141849 0.00751425
v 0.03489806 0.01718336 -0.03901626
v -0.02627653 -0.04029366 0.02904091
v 0.08483229 0.00270834 -0.02772281
v 0.04982082 0.03081644 -0.02562934
v -0.05791905 0.03957087 -0.00267001
v -0.00605400 0.05154435 -0.02503341
v 0.05167065 -0.02337176 0.06125501
v 0.07325727 0.03812183 0.02310240
v 0.05969075 -0.02578457 0.06098625
v -0.06007892 0.03100952 0.00790340
v -0.04845492 -0.04752831 -0.00285198
v -0.00307409 0.02381518 -0.04495576
v -0.08239956 -0.04489402 0.00816291
v -0.06720140 0.02585454 0.01415642
v -0.05302771 0.03868069 -0.00081814
v -0.01105426 0.05023327 -0.02820735
v 0.00581061 0.02796556 -0.03944987
v -0.04559643 0.03548848 -0.04764555
v -0.05522719 -0.05069750 0.00323442
v 0.03242307 0.02822824 -0.03198986
v -0.04527303 -0.04896700 0.00051850
v -0.06703083 -0.02555619 0.03137580
v 0.04040067 -0.01054647 0.06676988
v 0.06769168 -0.04741515 0.03478440
v 0.02853551 0.01353248 -0.04396513
v 0.06802844 -0.04057876 0.03863017
v -0.02467092 -0.05222394 0.01187807
v -0.04987258 -0.05113233 0.00455227
v 0.04386055 -0.04247751 0.00823689
v -0.04846758 0.03567879 0.00514451
v 0.01148282 0.00664041 -0.05236039
v 0.00784890 0.00533786 -0.05336895
v -0.01525632 0.05367664 -0.02145092
v 0.08194570 0.01313150 -0.03106728
v -0.03036290 -0.05226208 0.01675574
v -0.05572462 -0.01878092 0.03741885
v 0.06587067 0.01942890 -0.03033686
v -0.07617193 0.02086922 0.02006820
v 0.07434586 0.03905710 0.01765710
v 0.00081675 0.01177542 -0.05202001
v -0.05308423 0.03332066 0.00679255
v 0.07872267 -0.01708274 -0.01814861
v -0.05878985 -0.05189664 0.00837652
v 0.04997727 -0.00807717 0.07029648
v -0.08414625 -0.00308315 0.01538675
v -0.00394081 0.03136313 -0.03969503
v 0.05305403 -0.04018529 0.00673213
v -0.06338084 0.00831928 -0.06862143
v 0.06062390 -0.05243633 0.03060191
v -0.03519750 -0.02409735 0.03893481
v 0.00135070 0.03696225 -0.03420076
v -0.00709999 0.05337996 -0.02050750
v 0.06758506 -0.05345257 0.03877907
v 0.07071902 0.02355696 -0.02724474
v -0.04130404 -0.05004048 0.01759768
v -0.05283906 0.01625949 -0.06274358
v 0.00718614 0.01254942 -0.05042199
v -0.05447519 -0.05181306 0.01121010
v -0.06734706 0.01775638 0.02438867
v -0.04146494 0.01526107 -0.05917980
v -0.02306924 -0.02466263 0.04127488
v 0.01452405 0.03081552 -0.03612016
v 0.02403848 0.03067366 -0.03198390
v 0.02243063 0.00744769 -0.04929667
v -0.04247636 -0.05199869 0.01439135
v -0.03776244 -0.05093577 0.01739675
v -0.01158099 -0.02422888 0.04430616
v -0.08098267 -0.04292762 0.01264945
v -0.06362765 0.02913059 -0.05402954
v 0.02122801 0.03768157 -0.02804696
v 0.02696577 0.00616834 -0.04867016
v -0.03041473 0.05297810 -0.02037448
v 0.01439774 0.01201723 -0.04869155
v 0.06710779 -0.04532823 0.04504702
v 0.04312551 0.02635186 -0.03187508
v -0.07014530 -0.04749424 0.01273088
v -0.00070141 -0.02798083 0.04397316
v -0.06377715 -0.05193018 0.00711385
v -0.06227700 -0.04717977 0.01525638
v 0.08185870 0.02196048 -0.02367602
v -0.03354530 -0.04672087 0.02256999
v 0.06678796 -0.04186112 0.04680433
v -0.07079435 -0.04294610 0.01630405
v 0.02596224 0.02422871 -0.03668562
v -0.03062307 -0.00961535 0.05008469
v -0.08343880 -0.01456133 0.01343688
v 0.06963268 -0.01849365 -0.02045193
v -0.06172449 -0.04007242 0.02046439
v 0.04036399 0.00353097 -0.04666465
v -0.08275831 -0.03864728 0.01408958
v -0.00859834 -0.01817055 0.04916484
v 0.06949217 -0.02323737 -0.01433663
v 0.05930285 -0.03268035 0.05584485
v -0.04999338 0.03003193 -0.05118010
v -0.05330640 -0.04316955 0.02051698
v 0.03552923 0.01027064 -0.04432559
v -0.08719783 -0.00863119 0.02715913
v 0.06613331 -0.05015407 0.03095756
v 0.00635696 -0.01226087 0.05701727
v -0.02355675 0.05084161 -0.01360099
v 0.04014289 0.01871062 -0.03660162
v -0.03933966 -0.03850622 0.02690566
v 0.05769396 -0.00219146 -0.04068756
v -0.01167075 0.04960734 -0.00839997
v -0.08574617 -0.01976166 0.02085485
v 0.05932798 0.00717856 -0.04124531
v 0.03934244 -0.05324258 0.03419784
v 0.06526581 -0.03971998 0.04988233
v 0.05416734 -0.05341449 0.03166008
v -0.05356794 -0.03659477 0.02580775
v -0.05739500 -0.02817908 0.03110604
v 0.04534881 -0.05366619 0.03549462
v 0.07684503 -0.02498749 -0.00825574
v -0.08648637 -0.01367193 0.02535411
v -0.08107121 -0.02826082 0.02479093
v -0.03300623 0.04802329 -0.00907777
v -0.06393449 -0.03281582 0.02606073
v -0.07619826 -0.04660945 0.01171377
v 0.07864888 0.02527937 -0.02298157
v 0.08312618 0.01741687 -0.02551571
v -0.02930339 -0.00406970 -0.05741297
v -0.00571251 -0.04477518 0.03061587
v -0.01137693 0.02949821 -0.04201044
v 0.05632101 0.02497015 -0.02833288
v -0.02658615 -0.00023673 -0.06011859
v 0.03838129 -0.04996223 0.03765880
v 0.04359831 -0.04641634 0.04179587
v -0.00095978 -0.03928621 0.03573505
v 0.06424290 -0.03087239 -0.00488613
v -0.02589969 0.04057884 0.00473678
v 0.05643325 -0.05239855 0.04017390
v 0.05095182 -0.05144668 0.03960145
v 0.06254164 0.02970609 -0.02550821
v 0.05312070 -0.04585282 0.04476262
v -0.00728384 -0.00700738 -0.05019884
v -0.03639822 0.04221773 -0.00041042
v 0.06730756 0.03236443 -0.02103792
v 0.06498455 -0.04941430 0.04401336
v -0.03856330 0.03682487 0.00697068
v 0.07184199 -0.02808445 -0.00660085
v 0.08440279 0.01243783 -0.02722723
v 0.07129949 0.02968026 -0.02175227
v 0.00005671 0.05102098 -0.02450208
v 0.00432820 0.05086457 -0.02344866
v 0.07718954 -0.02054359 0.00107086
v 0.07043729 0.02817301 0.03126718
v -0.04731545 -0.02374689 0.03574364
v 0.07184979 0.03424464 0.02764786
v 0.01214915 0.05064157 -0.02096559
v 0.02163001 0.04748370 -0.02164571
v 0.01316476 0.04517549 -0.02538844
v 0.08254285 0.00275190 -0.01906040
v -0.06557782 -0.01525318 0.03799633
v 0.06822927 0.03602053 -0.01809629
v 0.06762929 0.03075334 0.03396905
v 0.06979966 0.01887636 0.03108308
v -0.06145570 0.00114631 0.04278059
v 0.01459860 0.05246926 -0.01635104
v 0.02410960 0.05203725 -0.01452060
v 0.06353517 0.03854319 -0.01758676
v 0.02755754 0.04076136 -0.02504734
v 0.08074831 0.02896224 -0.01942106
v 0.08233977 0.02318897 -0.02049747
v -0.02868995 0.03212421 0.01656595
v -0.02204149 -0.01765381 0.04651934
v 0.06829254 0.02069325 0.03947731
v 0.08225480 0.01664634 -0.01897858
v -0.01975907 0.02725662 0.02483863
v 0.08079070 0.03224189 -0.01703535
v 0.01751405 0.05219741 -0.00951353
v -0.03660721 0.02621063 0.02270719
v 0.08066247 0.02257601 -0.01503652
v 0.06850758 0.02550900 0.03951606
v 0.07856527 0.03596952 -0.01606782
v 0.05910925 -0.02191243 0.06365232
v 0.04083892 -0.00382356 0.06755763
v 0.00779224 0.05036912 -0.00609736
v -0.00405742 0.04754548 -0.00292156
v -0.02720690 -0.00140230 0.05138749
v 0.00629392 0.05313236 -0.01869250
v 0.00308275 0.04838863 -0.00310754
v 0.01023190 0.05287806 -0.01599949
v 0.00057116 -0.01582544 0.05275930
v 0.01339142 0.04803649 -0.00064647
v 0.01844496 0.05218844 -0.01661220
v -0.01296163 0.05225507 -0.01553653
v 0.06785869 0.02297704 0.04282164
v 0.00610743 0.05191728 -0.01034399
v 0.01615232 0.04230694 0.00966960
v 0.00557957 0.03723105 0.01535069
v 0.00391058 0.04367798 0.00529618
v -0.00056086 0.05238779 -0.01271102
v -0.06864144 0.03414458 -0.04877646
v 0.06596674 0.01396402 0.04921245
v 0.02482951 0.03943727 0.01555461
v -0.00606061 0.05213354 -0.01276837
v -0.01973825 0.04715185 -0.00499825
v -0.02640297 0.04646264 -0.00513992
v -0.06265624 0.03583233 -0.04998874
v 0.06521264 0.01878597 0.04900557
v -0.01618484 0.04120189 0.00537521
v 0.01159642 0.03314117 0.02235930
v -0.06858465 0.03968461 -0.04639355
v -0.00704333 0.04074164 0.00789589
v -0.01537192 0.02239938 0.03209061
v 0.06479879 0.01189992 0.05600910
v -0.06768947 0.04295298 -0.04466388
v -0.00617299 0.02396022 0.03178250
v -0.02540060 0.01817159 0.03545290
v -0.00060857 0.01826872 0.04015952
v 0.06507698 0.00629255 0.05099702
v 0.00537401 0.02473415 0.03304851
v -0.01804816 0.01241751 0.04360517
v -0.07046433 0.04433214 -0.04145765
v -0.01089617 0.01696818 0.03982231
v -0.01710358 0.03377270 0.01625977
v 0.06298207 0.00580528 0.06160681
v 0.06268057 0.01058109 0.05901333
v -0.00256269 0.03172171 0.02181321
v -0.07209216 0.04920058 -0.03633111
v 0.05970954 0.00279022 0.06795426
v -0.06889408 0.05158929 -0.03963935
v 0.03094272 0.01020237 0.05609626
v -0.07071358 0.03299696 -0.04068441
v -0.02898395 0.01113338 -0.05926214
v -0.03027988 0.00497274 -0.06272145
v -0.00222047 0.01333827 0.04573694
v -0.00799303 0.00436734 0.05302919
v -0.01414216 0.01379292 -0.05354595
v -0.00101138 0.00856894 -0.05437482
v 0.00334300 0.02107786 -0.04516202
vn -0.16864142 -0.57361191 0.80157935
vn -0.97138410 0.00394620 -0.23748129
vn 0.16218546 -0.60527752 -0.77931701
vn -0.24775059 -0.61419010 0.74925975
vn 0.17080550 -0.65039523 -0.74014291
vn 0.15024075 -0.77510670 -0.61370785
vn 0.19134448 -0.86841298 -0.45743435
vn -0.26197156 -0.61997740 0.73959375
vn 0.13947260 -0.69745580 -0.70292446
vn -0.73562548 -0.47582594 -0.48212533
vn -0.99736196 -0.05090048 -0.05175195
vn -0.95754192 -0.28072505 0.06562708
vn 0.08458280 -0.92880748 -0.36078028
vn -0.84860258 -0.42234070 0.31859377
vn -0.21216346 0.07666308 0.97422248
vn -0.18121904 -0.58458432 0.79083552
vn -0.78546928 -0.39360276 -0.47761373
vn 0.13053762 -0.83074534 -0.54113040
vn -0.23879412 -0.62043957 0.74701547
vn -0.77059484 -0.56035608 0.30361925
vn -0.94783830 -0.18469017 0.25979243
vn 0.14890317 -0.72794194 -0.66927451
vn 0.09344729 -0.98237523 -0.16188424
vn 0.10875415 -0.85572063 -0.50588016
vn -0.37533377 -0.66099091 -0.64978118
vn -0.81641133 0.54167176 0.20016053
vn -0.15517846 -0.56289546 0.81183024
vn -0.80192404 0.50211351 0.32372807
vn -0.97767264 0.02110224 -0.20907151
vn -0.49248537 0.66811452 0.55774649
vn -0.22475414 0.19340994 0.95502784
vn 0.15606883 -0.74833296 -0.64470172
vn -0.47999049 -0.61403366 0.62655551
vn 0.84220534 -0.49945210 -0.20307081
vn 0.10627725 -0.85467252 -0.50817322
vn -0.19001619 0.79623191 0.57437670
vn -0.74195948 0.44358084 0.50272474
vn -0.18453351 0.77177907 0.60852645
vn 0.11592122 -0.85086267 -0.51244023
vn -0.97402761 0.03274996 -0.22404834
vn -0.14895369 0.76726944 0.62378714
vn -0.40176429 0.65471309 0.64026262
vn -0.25131810 0.72494159 0.64132590
vn -0.17595704 0.80658529 0.56432198
vn -0.20117162 0.80783142 0.55402019
vn -0.18034662 0.75956908 0.62492393
vn -0.31650622 -0.43536409 -0.84278225
vn 0.10692091 -0.83076644 -0.54625548
vn -0.16998140 0.78278020 0.59863301
vn 0.11842240 -0.85012280 -0.51309587
vn 0.13292481 -0.81807314 -0.55954207
vn -0.15667439 0.71840729 0.67774929
vn 0.11101346 -0.85282148 -0.51026614
vn 0.11674863 -0.84447148 -0.52272142
vn -0.27675049 -0.73925797 -0.61392737
vn -0.89318510 -0.26135663 -0.36594138
vn -0.19778598 0.67876694 0.70721719
vn -0.89377940 -0.30762760 0.32637960
vn 0.11991369 -0.85119881 -0.51096114
vn -0.15759005 0.70192756 0.69459562
vn -0.62693538 -0.49010258 0.60560011
vn 0.11427382 -0.85647747 -0.50337643
vn 0.15854700 -0.67218775 -0.72320569
vn -0.97317368 0.00930630 -0.22988340
vn 0.11147047 -0.84860640 -0.51714747
vn 0.13012007 -0.68971268 -0.71229572
vn -0.16910847 0.72214744 0.67074988
vn -0.17907583 0.76114337 0.62337198
vn -0.74900913 -0.44242534 -0.49319888
vn -0.70767684 0.37916319 0.59617847
vn 0.09204024 -0.89450391 -0.43748297
vn 0.14707937 -0.71273627 -0.68583866
vn 0.16279326 -0.71627241 -0.67856628
vn 0.22525326 -0.53363778 -0.81516360
vn -0.97652999 0.01731411 -0.21468444
vn 0.14762729 -0.70995490 -0.68860019
vn 0.10932366 -0.86441758 -0.49074494
vn 0.97121648 0.00012932 0.23819852
vn 0.10063810 -0.85851067 -0.50282342
vn -0.46789581 -0.67700846 -0.56809599
vn 0.09175898 -0.89886295 -0.42851569
vn -0.19043575 -0.79597032 -0.57460027
vn -0.97142674 0.00031856 -0.23733941
vn -0.17179599 0.64405405 0.74543981
vn -0.26536660 -0.53952563 0.79905736
vn 0.98102018 0.00395976 0.19386523
vn 0.93746915 0.17142954 -0.30292493
vn -0.17829435 0.68691160 0.70453075
vn 0.06159810 -0.90563658 -0.41955697
vn 0.07135342 -0.90365274 -0.42228003
vn -0.16397333 0.48076423 0.86138174
vn -0.92926946 -0.15816999 -0.33382708
vn 0.67322190 -0.35630366 0.64793516
vn -0.19613440 -0.57526382 0.79410505
vn -0.81800021 -0.36441261 0.44506079
vn -0.09216846 -0.99322322 0.07079976
vn -0.32317993 0.34948055 0.87944191
vn 0.08068982 -0.95614994 -0.28154298
vn 0.23370382 0.55753798 -0.79657638
vn 0.12572384 0.85258104 -0.50724658
vn -0.42760621 -0.52872781 0.73321200
vn -0.01786388 -0.99458266 0.10240219
vn -0.16760517 -0.07976379 0.98262213
vn 0.09441214 0.97500642 -0.20111895
vn -0.33065365 0.61010351 0.72002907
vn 0.98312416 -0.08029656 0.16437565
vn 0.96515575 0.02092095 0.26083842
vn -0.15917920 0.48823655 0.85807170
vn 0.11822173 -0.95054944 -0.28719226
vn 0.96160545 0.01114149 0.27420946
vn 0.99449992 0.00134678 0.10472870
vn -0.21916049 0.45132229 0.86502998
vn 0.96760428 0.04865216 0.24773964
vn -0.96865216 -0.00018172 -0.24842092
vn 0.97033390 0.01471240 0.24132066
vn -0.03073231 -0.99936658 -0.01794329
vn 0.97352144 -0.01844700 0.22785021
vn 0.24387261 0.54720993 -0.80067936
vn -0.21844165 0.23330337 0.94755094
vn 0.97013114 -0.01484982 0.24212610
vn 0.15552407 -0.55766035 -0.81536936
vn 0.96129521 0.01152687 0.27527922
vn 0.98507044 0.00713316 0.17200390
vn -0.06540131 -0.99284446 0.09991268
vn -0.13057993 -0.73668430 0.66350971
vn -0.24129928 -0.34593653 0.90669872
vn 0.24761020 0.56282366 -0.78861823
vn -0.20652822 -0.84610176 0.49138367
vn 0.17404363 0.57175948 -0.80174804
vn 0.97505286 -0.00282887 0.22195478
vn -0.16578987 -0.69017973 0.70439028
vn -0.34930505 0.92000348 -0.17770644
vn -0.18388189 0.57774456 0.79523498
vn 0.98465914 -0.05554694 0.16541133
vn 0.19729433 0.58320810 -0.78799953
vn 0.96877145 0.01778292 0.24731688
vn -0.22787739 0.01162822 0.97362040
vn -0.14407068 -0.83332757 0.53367481
vn -0.14046211 0.61395701 -0.77674139
vn 0.98068325 -0.02836533 0.19353494
vn 0.15235752 -0.83660188 -0.52619814
vn -0.76997195 -0.40494561 -0.49311484
vn -0.14369653 -0.71085838 0.68849958
vn 0.09316058 -0.72303721 -0.68449857
vn -0.01428114 -0.99156514 -0.12882013
vn -0.02955037 -0.99249604 0.11865235
vn 0.92856373 -0.02300714 0.37045926
vn 0.97457789 -0.04206390 0.22006490
vn 0.96614786 0.02390442 0.25687915
vn 0.62588972 -0.71976267 -0.30033939
vn -0.78238961 0.62080223 0.04971003
vn 0.96881808 -0.00976311 0.24758071
vn -0.18961557 -0.57516811 0.79575598
vn 0.05550420 0.60596333 -0.79355386
vn 0.01561723 -0.97939896 -0.20133004
vn 0.19358158 0.57938302 -0.79173322
vn -0.17398811 -0.58061128 0.79537330
vn -0.19002516 -0.57836362 0.79333849
vn 0.14626236 0.56486944 -0.81211442
vn 0.16114054 0.54751654 -0.82113298
vn -0.07132979 -0.93613471 0.34433104
vn 0.18152821 0.58713743 -0.78887081
vn -0.18386139 0.54696789 0.81671361
vn -0.22123179 -0.09222259 0.97085091
vn -0.31869741 -0.35679409 0.87814004
vn -0.23223190 -0.58408421 0.77776216
vn 0.12503656 -0.70719317 -0.69587619
vn 0.22613807 0.53378519 -0.81482203
vn 0.01675383 0.99573378 -0.09073893
vn 0.26006355 0.51295084 -0.81807603
vn 0.97108192 -0.03238038 0.23654053
vn -0.05409165 -0.99561857 0.07627424
vn 0.20008338 0.56863704 -0.79788380
vn 0.97187166 0.03473324 0.23293580
vn 0.17739326 0.54861494 -0.81703934
vn -0.97406505 0.00775941 -0.22613505
vn -0.16485408 -0.57629525 0.80044170
vn 0.16006318 0.86947984 -0.46731636
vn -0.19765523 0.37597789 0.90530273
vn -0.97347082 0.00707498 -0.22870177
vn -0.15528753 -0.88733430 0.43419308
vn 0.25140318 0.58061113 -0.77439470
vn 0.15506161 0.80814211 -0.56820966
vn -0.15508146 0.65166316 0.74248560
vn -0.14190664 -0.60899515 0.78037645
vn 0.15643232 0.56676755 -0.80889027
vn -0.28002154 0.00819836 0.95995871
vn 0.14073734 0.55216678 -0.82176934
vn -0.21571461 -0.01192680 0.97638361
vn -0.21320300 -0.82222771 0.52771780
vn -0.17442070 0.53331164 0.82774158
vn 0.97755805 -0.10179308 0.18444083
vn -0.19319240 -0.60374616 0.77341274
vn 0.17226947 0.69174557 -0.70129259
vn 0.17138778 0.57689997 -0.79863174
vn 0.62244295 -0.66469347 -0.41321588
vn -0.50740803 -0.10228615 0.85561360
vn 0.96588386 -0.25744807 0.02808668
vn 0.88620655 0.45935706 0.06024144
vn -0.18829755 -0.61022976 0.76952171
vn 0.98130685 0.03853376 0.18855243
vn -0.19075910 -0.57057932 0.79878045
vn -0.21194632 -0.26641088 0.94026804
vn -0.18518757 -0.16165755 0.96931543
vn 0.66281384 0.47001461 -0.58289285
vn 0.86577705 -0.21511630 0.45183524
vn -0.97513393 0.01851963 -0.22084121
vn 0.05002639 0.99722065 0.05521178
vn -0.19621030 -0.56680709 0.80014451
vn 0.97812472 -0.05087490 0.20170220
vn -0.18870869 -0.44395625 0.87595198
vn 0.98288572 0.00906393 0.18399322
vn 0.18152315 0.61664962 -0.76602389
vn -0.22441513 -0.56432383 0.79446615
vn -0.22323790 0.27193103 0.93606536
vn 0.98003285 -0.07948763 0.18225620
vn -0.19994839 -0.31211914 0.92876385
vn 0.08161234 0.92065921 -0.38174082
vn -0.88427692 -0.25398537 -0.39184916
vn -0.05719958 0.91673681 0.39537556
vn 0.09706033 0.80385886 -0.58684771
vn -0.21711259 -0.30325113 0.92784744
vn 0.07040472 -0.61560273 -0.78490538
vn -0.12324622 -0.76776760 -0.62876330
vn 0.89359069 -0.44518631 -0.05748771
vn 0.01416941 -0.59167174 0.80605445
vn -0.18737466 -0.58708666 0.78754047
vn 0.19976930 0.59203209 -0.78076260
vn 0.15025439 -0.62351940 -0.76723345
vn 0.13486321 -0.60255318 -0.78660129
vn 0.02261812 0.99967870 0.01144229
vn 0.96372363 -0.26626759 -0.01839401
vn -0.51651984 0.72791434 0.45094121
vn -0.15272096 -0.61066638 0.77702180
vn 0.22033779 0.77776743 -0.58866721
vn -0.03557057 0.90134324 0.43164233
vn -0.19502679 0.26168081 0.94524479
vn -0.15769535 0.85613663 0.49209983
vn 0.17495632 0.74209549 -0.64705840
vn 0.16485942 -0.72032081 -0.67376502
vn -0.28248683 -0.54826628 0.78715010
vn 0.49293626 0.20653481 0.84519655
vn -0.18459839 -0.58334291 0.79097060
vn -0.32767638 -0.71296228 -0.61992982
vn -0.25277395 -0.28363534 0.92501693
vn -0.68817116 -0.48974120 -0.53532607
vn -0.20604305 0.57465199 -0.79203621
vn -0.19348281 0.57435271 0.79541396
vn 0.04882958 0.98399788 -0.17135880
vn 0.15614907 -0.60632894 -0.77973244
vn -0.92170896 0.38110082 0.07221334
vn 0.14865999 0.65032530 -0.74496793
vn -0.22255172 -0.07727865 0.97185325
vn 0.23046324 0.08160306 -0.96965336
vn -0.18151428 -0.53734757 0.82359587
vn -0.20570225 0.53173967 0.82154702
vn 0.01510287 0.99598340 0.08825519
vn -0.97412219 0.00757682 -0.22589499
vn -0.97432944 0.01489404 -0.22463373
vn -0.98419615 0.10531953 -0.14235775
vn 0.98155209 -0.11295177 0.15426401
vn 0.14880551 -0.71914540 -0.67873913
vn -0.06328278 0.92160418 0.38293736
vn 0.97171525 -0.00466901 0.23610946
vn 0.21228267 0.48164684 -0.85026607
vn -0.16848980 0.57957451 0.79731084
vn -0.18249865 -0.54438274 0.81874396
vn -0.18870440 -0.45903704 0.86814495
vn -0.22572607 -0.03945200 0.97339164
vn 0.07966936 0.95543025 -0.28426365
vn 0.11706725 -0.71635573 -0.68784426
vn 0.01423803 -0.79657078 -0.60437760
vn -0.81461201 -0.35814512 -0.45622290
vn 0.96764157 -0.01596161 0.25182338
vn -0.57924634 -0.41382157 -0.70230007
vn -0.05736379 0.90564836 0.42013145
vn -0.74386251 0.39905419 -0.53611969
vn -0.03235649 -0.71147989 -0.70196113
vn -0.09440440 0.89664084 0.43257719
vn -0.09501145 0.85759689 0.50547048
vn 0.19180701 0.57270036 -0.79700964
vn -0.21472660 -0.57739192 0.78772524
vn -0.06332156 0.83923934 0.54006269
vn -0.01292676 0.98684302 -0.16116372
vn -0.03993414 0.88140953 0.47066178
vn 0.14015375 0.56333840 -0.81425228
vn -0.16855764 -0.58870409 0.79057942
vn -0.81624619 0.22668092 -0.53137361
vn -0.23748108 -0.56050546 0.79337025
vn -0.36701969 -0.71175755 -0.59891380
vn -0.11732418 -0.79457426 -0.59572374
vn 0.23098239 0.44592062 -0.86475542
vn 0.16648381 -0.72092554 -0.67271800
vn -0.20641751 -0.44552549 0.87114801
vn -0.97863838 0.04123399 -0.20141170
vn 0.86256000 0.32122566 -0.39090194
vn 0.96787816 -0.01719710 0.25083086
vn -0.17076532 -0.51001973 0.84304156
vn 0.13370574 -0.74365907 -0.65505265
vn 0.64575736 -0.71135004 -0.27745009
vn 0.88079114 -0.20730301 0.42571402
vn 0.90113786 -0.43278359 -0.02547392
vn 0.62618478 -0.41739712 0.65853797
vn -0.97159137 -0.00317109 -0.23664354
vn -0.02580123 -0.73223908 -0.68055876
vn 0.97402639 -0.00613992 0.22635126
vn 0.45669405 -0.40417269 0.79251182
vn -0.05690722 0.81508717 0.57653661
vn -0.22292421 -0.57540089 0.78690445
vn 0.66267070 -0.37853183 0.64620522
vn -0.97474512 0.01773118 -0.22261527
vn -0.22517016 0.08521257 0.97058602
vn -0.78580874 0.20528771 -0.58340516
vn -0.22215405 -0.41493880 0.88231138
vn 0.13935999 0.86541638 -0.48128295
vn -0.91875422 0.37867146 0.11179719
vn 0.97564549 -0.03329686 0.21681143
vn 0.92286820 0.14636791 0.35621724
vn 0.11295875 -0.74819836 -0.65378860
vn -0.97376701 -0.00562338 -0.22747787
vn 0.97192539 -0.01216721 0.23497447
vn 0.06913161 0.94164907 -0.32942048
vn 0.97486807 -0.09606964 0.20100464
vn -0.97429341 0.00124749 -0.22527939
vn 0.13038363 -0.75890289 -0.63801764
vn 0.22818709 0.55126977 -0.80251623
vn -0.05635024 0.98501077 0.16302896
vn -0.24792706 0.07587469 0.96580288
vn 0.15366083 0.55790322 -0.81555647
vn 0.77914068 -0.59944106 -0.18333090
vn 0.12737379 -0.14900466 -0.98059856
vn 0.12227830 -0.80195022 -0.58474256
vn 0.64908899 -0.10114160 0.75395879
vn -0.08066930 0.91449023 0.39648465
vn -0.10819194 0.82146167 0.55990644
vn 0.85512214 0.40749279 -0.32049299
vn -0.08909143 0.95719249 0.27540018
vn 0.09257943 -0.74787640 -0.65735070
vn 0.13609869 -0.76875480 -0.62489456
vn 0.09243340 -0.74596558 -0.65953879
vn -0.97020937 -0.00733678 -0.24215687
vn 0.00206171 -0.81398908 -0.58087651
vn 0.03262575 -0.89236405 -0.45013549
vn -0.07274205 0.95221861 0.29662825
vn -0.10478724 0.81450237 0.57061855
vn -0.04839461 0.81112493 0.58286731
vn 0.08878330 0.41846300 0.90388398
vn 0.12500068 -0.70338823 -0.69972840
vn 0.35189324 -0.35322384 0.86683566
vn 0.14031269 0.47120448 -0.87079199
vn 0.11852954 -0.81764995 -0.56338202
vn 0.13327488 -0.73377964 -0.66618709
vn -0.95287652 -0.00968615 -0.30320375
vn 0.09293493 -0.80766359 -0.58227367
vn 0.23965006 0.55043668 -0.79974203
vn -0.00357046 0.78870404 0.61476271
vn 0.96857181 -0.00356788 0.24870851
vn -0.11375147 0.81011129 0.57513503
vn -0.06564123 -0.89869466 -0.43363479
vn 0.97199791 -0.17909333 0.15213690
vn 0.09248345 0.79644672 -0.59759470
vn 0.21325091 -0.06680385 -0.97471088
vn 0.73759798 0.32122569 0.59393878
vn -0.87707709 0.19283934 -0.43994179
vn 0.20813124 -0.37965878 -0.90141034
vn 0.19830768 0.58305608 -0.78785764
vn -0.29840694 0.58494895 -0.75418036
vn 0.22684794 -0.84631620 -0.48196359
vn 0.22385355 0.37900937 -0.89790951
vn -0.10760444 0.80035870 0.58978575
vn -0.97406353 0.21549657 -0.06900342
vn 0.08580490 -0.84053109 -0.53492523
vn 0.10490568 -0.83749649 -0.53627832
vn 0.15625748 -0.71218619 -0.68437887
vn 0.20943842 -0.39454233 -0.89469095
vn 0.30118050 -0.54602211 -0.78176094
vn 0.18799144 0.58113478 -0.79179643
vn -0.01897911 0.80402462 0.59429303
vn 0.61681177 0.78668339 -0.02593229
vn 0.04017277 0.99618732 0.07744008
vn 0.10112877 0.86226871 -0.49625159
vn -0.11167098 0.80004219 0.58945914
vn -0.97602482 0.02124257 -0.21662020
vn -0.07244686 0.79034614 0.60836209
vn 0.68178682 0.50668053 0.52767563
vn 0.07982494 0.77187843 0.63073898
vn 0.15380983 -0.51273006 -0.84465995
vn -0.47962807 -0.74636130 -0.46141275
vn 0.16606975 -0.61562025 -0.77034573
vn 0.21971407 -0.08195808 -0.97211553
vn -0.07681304 0.84300366 0.53239515
vn -0.97611374 0.01606962 -0.21666504
vn 0.19754759 -0.11477310 -0.97355128
vn 0.08229748 -0.81638330 -0.57161651
vn -0.11930094 0.77270769 0.62345017
vn 0.19560632 -0.51723309 -0.83319151
vn 0.06216445 -0.80879266 -0.58479912
vn -0.07938841 0.72821100 0.68073946
vn 0.20347943 0.53874014 -0.81752993
vn -0.34025667 -0.93895121 0.05095128
vn 0.75117128 -0.11803805 -0.64946803
vn 0.17853727 0.67020598 -0.72038072
vn -0.11833450 0.76846385 0.62885632
vn 0.04220795 0.97457359 0.22005638
vn -0.82828837 0.52698403 0.19033186
vn -0.97121777 -0.00052549 -0.23819270
vn -0.04194236 0.75541825 0.65389916
vn 0.12134486 -0.84377083 -0.52280610
vn -0.97931862 0.03751192 -0.19881625
vn 0.07950736 -0.83268620 -0.54800755
vn 0.95910942 -0.27928510 0.04592332
vn 0.12753505 -0.76943898 -0.62585818
vn 0.07623922 -0.83322340 -0.54765532
vn 0.18907569 -0.94539240 -0.26548745
vn 0.18240411 -0.50247193 -0.84513354
vn -0.13226296 0.77377801 0.61949504
vn 0.10256239 -0.85257165 -0.51244760
vn 0.09127915 -0.84160733 -0.53232059
vn -0.01936089 0.82031278 0.57158736
vn -0.00782837 -0.98837390 0.15184119
vn 0.15015755 -0.37623478 -0.91427572
vn 0.84747009 -0.48669206 -0.21195586
vn -0.13759828 0.74732033 0.65006079
vn 0.23173334 0.68350598 0.69218440
vn -0.54315175 0.72399220 0.42523107
vn -0.62756924 0.71833283 0.30025788
vn -0.23701111 0.72297107 0.64895190
vn 0.05714695 -0.83776386 -0.54303402
vn -0.16987400 -0.78849624 -0.59111462
vn 0.17103674 -0.67410098 -0.71856405
vn 0.06118833 -0.81595572 -0.57486716
vn -0.79323276 -0.59091306 -0.14698144
vn 0.05130400 0.97900907 0.19725399
vn 0.11676762 0.56248154 -0.81852296
vn -0.58553255 0.66349884 0.46574770
vn 0.02702375 0.99155994 -0.12680143
vn 0.72972859 0.56287492 0.38815978
vn 0.78869525 0.54258228 0.28907487
vn -0.97679207 0.21415925 -0.00361513
vn -0.09186686 0.82024633 0.56458519
vn 0.07977298 -0.83461284 -0.54502998
vn 0.21175376 -0.72168932 -0.65903328
vn 0.15348698 -0.73642194 -0.65888123
vn 0.13018262 0.56134445 -0.81727896
vn 0.20181191 0.56688012 -0.79869824
vn 0.08696437 0.47844841 -0.87379879
vn 0.04978654 -0.96874636 -0.24300576
vn -0.18182968 0.54281984 0.81992962
vn 0.08357107 -0.81742765 -0.56993677
vn 0.96531400 0.03938509 0.25810403
vn 0.50125259 -0.79820182 -0.33409534
vn -0.11422361 -0.98353638 0.14003268
vn 0.74110614 -0.61102584 -0.27822493
vn -0.97232954 -0.00881109 -0.23344725
vn -0.73628762 0.57322322 0.35957709
vn 0.98103195 -0.08406517 0.17466928
vn 0.08052149 -0.84446738 -0.52951972
vn 0.09217947 -0.79716140 -0.59668807
vn 0.01809945 -0.82757904 -0.56105735
vn 0.07769475 -0.81505181 -0.57415510
vn 0.27635259 0.53828579 -0.79616434
vn 0.25433651 -0.16603068 -0.95275745
vn 0.15435800 -0.59843744 -0.78615917
vn -0.98565628 0.14738304 -0.08221878
vn 0.20247050 -0.19898653 -0.95885873
vn 0.09751318 -0.88322040 -0.45870787
vn 0.09470087 -0.91319483 -0.39636718
vn 0.08980708 -0.85006802 -0.51895958
vn -0.20314319 -0.60533777 0.76960966
vn 0.04520432 0.90764483 0.41729778
vn 0.23446323 -0.78404675 -0.57471531
vn -0.96769443 0.23932972 -0.07930184
vn 0.21030341 0.53360412 -0.81916977
vn 0.09120398 -0.95616074 -0.27827771
vn 0.96938352 0.02171469 0.24458957
vn 0.19746417 0.54576721 -0.81433780
vn 0.21091144 0.08096027 -0.97414670
vn 0.04103514 -0.96189520 -0.27032154
vn 0.21283835 0.26800051 -0.93961458
vn 0.20948631 0.57814350 -0.78858454
vn 0.55663187 -0.73289644 -0.39118252
vn 0.23072890 0.42150435 -0.87698247
vn 0.16629802 -0.73792957 -0.65406798
vn 0.14850872 -0.77088247 -0.61942342
vn 0.05431658 -0.83090606 -0.55375521
vn 0.72950037 0.53400186 0.42740054
vn 0.27257532 -0.02064220 -0.96191299
vn 0.22797307 0.18172935 -0.95655775
vn -0.97305209 0.03818629 -0.22740150
vn 0.23099139 0.22188188 -0.94731801
vn -0.13975373 0.91428830 0.38019178
vn -0.97074978 -0.01203690 -0.23979154
vn 0.09789530 -0.86667777 -0.48916884
vn 0.17326778 0.49254952 -0.85286180
vn -0.11545628 0.79354988 0.59745161
vn -0.08939269 -0.99515600 0.04090830
vn -0.03261901 -0.97225501 -0.23163806
vn 0.25384790 0.03187186 -0.96671890
vn -0.09668651 0.80218576 0.58919414
vn 0.20710656 0.43877332 -0.87440543
vn 0.04532945 -0.84254282 -0.53671858
vn 0.08991892 -0.87010842 -0.48458841
vn -0.94815385 0.31743168 -0.01553729
vn 0.13135561 -0.72754428 -0.67336841
vn -0.96751132 -0.03051528 -0.25097940
vn 0.90193078 -0.43187967 0.00090837
vn -0.11940142 -0.86905738 0.48008600
vn 0.00575683 -0.98512067 -0.17176765
vn -0.10566309 0.87668219 0.46932254
vn 0.16173383 -0.78062380 -0.60371239
vn 0.15658233 -0.79592502 -0.58479512
vn -0.90400019 0.42422270 0.05309196
vn 0.24887821 0.07089709 -0.96593646
vn 0.17747546 0.54696484 -0.81812708
vn 0.16571563 -0.73864122 -0.65341218
vn 0.20612483 0.03782018 -0.97779455
vn 0.92227289 -0.38653542 0.00175626
vn -0.19948782 -0.56608415 0.79984583
vn 0.13516961 -0.74391104 -0.65446584
vn 0.16658994 -0.58864678 -0.79103904
vn 0.06024375 -0.90842533 -0.41368359
vn 0.21405344 0.39063847 -0.89531152
vn -0.69090516 0.66581782 0.28166770
vn 0.14636700 -0.79389412 -0.59017694
vn -0.02303785 0.07270303 -0.99708752
vn 0.18832966 0.55393981 -0.81097634
vn 0.07601350 -0.93397973 -0.34914726
vn 0.96656820 0.02884693 0.25478180
vn -0.04198276 -0.97861700 0.20136090
vn 0.96916466 -0.07685589 0.23412184
vn -0.17765278 -0.56975571 0.80238265
vn -0.15907575 -0.75535164 0.63571912
vn -0.05219689 -0.97115875 -0.23265032
vn -0.25328500 -0.53972811 0.80283266
vn -0.12695161 0.74441431 0.65553843
vn 0.77197372 0.44653589 0.45239615
vn 0.13901452 -0.75600621 -0.63963237
vn 0.18693766 0.55395691 -0.81128666
vn -0.13723106 0.69391242 0.70686150
vn 0.01744603 0.85522077 0.51797014
vn -0.97440895 0.00958826 -0.22457797
vn -0.09563936 0.81271330 0.57476100
vn 0.20341245 0.53978401 -0.81685776
vn 0.19499830 0.57157989 -0.79703958
vn -0.18508754 -0.59707430 0.78054140
vn 0.17518667 0.67622148 -0.71556561
vn 0.13697217 -0.83307417 -0.53593475
vn 0.72318185 0.50015923 0.47628642
vn -0.05948306 -0.99419507 0.08965450
vn -0.14940726 -0.85947541 0.48885530
vn -0.07273641 -0.98177559 -0.17557363
vn 0.08418578 0.95549532 -0.28273920
vn -0.93405394 -0.19020960 -0.30226404
vn -0.39115193 0.80312907 0.44942615
vn -0.15215932 0.85338621 0.49857749
vn 0.11194354 -0.86915228 -0.48170837
vn 0.16388585 0.67857693 -0.71601312
vn -0.16813672 0.53771845 0.82618939
vn -0.14066364 0.85018378 0.50734730
vn -0.63630000 0.62905520 0.44655557
vn 0.30981186 0.12796205 -0.94214772
vn -0.26243346 0.77922919 0.56914897
vn 0.15935152 -0.80754923 -0.56786560
vn 0.11200824 0.74233088 -0.66060504
vn 0.18134655 0.56252358 -0.80664779
vn -0.97766074 -0.00668544 -0.21008278
vn 0.77854820 -0.59904006 -0.18711953
vn -0.97296214 -0.01945656 -0.23014371
vn 0.01151704 -0.82788553 -0.56077885
vn 0.67390797 0.30268022 -0.67396790
vn 0.73411161 0.40698185 -0.54354937
vn 0.28089299 -0.83790976 -0.46798116
vn 0.26911853 0.57353574 -0.77371311
vn 0.13304941 -0.84006175 -0.52592216
vn -0.15658391 0.84831506 0.50580929
vn 0.15828691 0.86742218 -0.47172452
vn -0.18885485 -0.59755992 0.77926631
vn 0.19525508 -0.23221616 -0.95286468
vn -0.15957542 -0.70847312 0.68746020
vn -0.12073877 -0.93867373 0.32297643
vn 0.21835123 0.58743421 -0.77925849
vn -0.19226288 -0.58299590 0.78939899
vn 0.98869998 0.02636878 0.14757042
vn 0.17052206 0.55513609 -0.81409222
vn -0.08269437 0.80476380 0.58780682
vn 0.12195797 0.82402800 -0.55326676
vn -0.19537886 -0.58423432 0.78771655
vn 0.69118920 0.45325192 0.56286783
vn 0.09338823 -0.53344269 0.84066494
vn -0.11133097 0.80379902 0.58439075
vn 0.08325330 -0.85987842 -0.50366456
vn 0.16105895 0.56498985 -0.80922586
vn -0.86946379 -0.46992059 0.15233960
vn -0.10803131 0.80166602 0.58792928
vn -0.14007475 0.80352543 0.57855505
vn 0.17496071 0.73523212 -0.65484539
vn 0.17363336 0.56877512 -0.80395666
vn 0.11088474 0.57717119 -0.80905994
vn -0.00315195 -0.94540021 -0.32589648
vn 0.14577884 0.53656513 -0.83117170
vn 0.10434984 -0.88818585 -0.44747849
vn -0.17423641 -0.58946674 0.78877794
vn -0.25605937 -0.38797189 0.88538772
vn 0.97784884 -0.19124317 0.08507465
vn 0.22964639 0.54404082 -0.80702052
vn 0.97840468 -0.10113966 0.18026385
vn -0.20029499 -0.75104131 0.62914137
vn 0.01545527 -0.95855683 -0.28448189
vn 0.11725376 -0.84477138 -0.52212343
vn -0.20022521 0.80921380 0.55234309
vn 0.22470090 0.20293093 -0.95306272
vn 0.21825832 0.03273037 -0.97534201
vn 0.04462848 0.99886541 -0.01661897
vn 0.50552615 0.55672764 -0.65916436
vn -0.06547517 -0.95368949 0.29358025
vn -0.16310050 -0.56060005 0.81186564
vn 0.16339397 0.55832278 -0.81337451
vn -0.29809788 0.76386041 0.57241150
vn 0.97188320 -0.12035754 0.20237865
vn 0.19993454 0.49765726 -0.84401625
vn -0.19426384 0.80786910 0.55642526
vn 0.71135904 -0.61308807 -0.34364420
vn -0.04971921 -0.99007247 0.13147057
vn -0.23115881 -0.08172814 0.96947724
vn -0.97353723 0.00728245 -0.22841240
vn 0.16795085 0.57093620 -0.80363199
vn 0.14320660 -0.84099580 -0.52174508
vn -0.49044092 0.17025420 -0.85468194
vn 0.18370934 -0.93307530 -0.30922703
vn -0.20449571 -0.57297795 0.79364840
vn 0.18194539 0.56322396 -0.80602397
vn 0.13724702 0.98811749 -0.06918878
vn 0.70459279 -0.66674794 0.24289130
vn 0.22979377 0.55571672 -0.79898295
vn -0.15856460 -0.72266976 0.67275975
vn 0.14684044 0.57445533 -0.80525708
vn 0.18323102 0.49080058 -0.85178706
vn -0.11353078 -0.96061072 0.25364899
vn -0.12769011 0.77506270 0.61884816
vn 0.25529389 0.51413094 -0.81883723
vn -0.18235254 -0.57397399 0.79831160
vn 0.22333747 0.58339712 -0.78087654
vn 0.24353279 0.57719784 -0.77944495
vn 0.23254557 0.34445411 -0.90954600
vn -0.05303246 -0.94424545 0.32494320
vn -0.10726718 -0.85860361 0.50129193
vn -0.18009644 -0.57438568 0.79852762
vn -0.52297304 -0.55335206 0.64830602
vn -0.16214452 0.47589845 -0.86442456
vn 0.21733129 0.55244708 -0.80471693
vn 0.17726424 0.20124199 -0.96336860
vn -0.04293942 0.96758591 0.24886484
vn 0.23304659 0.48777273 -0.84128892
vn 0.82474851 -0.37418017 0.42400365
vn 0.18947727 0.56154208 -0.80546189
vn -0.18649019 -0.73552051 0.65133017
vn -0.18471371 -0.56818782 0.80189990
vn -0.03458343 -0.99379292 0.10573367
vn -0.18584246 -0.71520445 0.67375453
vn 0.76663705 0.44787016 -0.46008690
vn -0.18502900 -0.65013039 0.73694963
vn 0.81021450 -0.24675037 0.53166411
vn -0.23846870 -0.59081283 0.77076123
vn 0.26469019 0.58693683 -0.76514329
vn -0.19949254 -0.36044689 0.91119743
vn -0.97028426 -0.00505768 -0.24191503
vn 0.16388497 -0.78046937 -0.60333182
vn -0.20061739 -0.60399908 0.77132210
vn 0.19468670 0.01522113 -0.98074737
vn -0.83586532 -0.24750786 0.48996839
vn -0.17589040 -0.56564972 0.80566926
vn 0.20242536 -0.79317986 -0.57436024
vn 0.01369946 -0.57560907 0.81761025
vn 0.03577184 0.57823231 -0.81508759
vn -0.18490482 -0.61577728 0.76591680
vn 0.20715296 0.52498868 -0.82551471
vn -0.98781100 -0.10860425 -0.11151027
vn 0.63464661 -0.71379610 -0.29617359
vn -0.21285094 -0.47084206 0.85615550
vn -0.05986367 0.93005420 0.36251281
vn 0.14008101 0.54943322 -0.82371139
vn -0.18639657 -0.57658238 0.79549298
vn 0.17666175 -0.41237531 -0.89372100
vn -0.10181142 0.89915098 0.42563124
vn -0.98972344 -0.09817168 -0.10397033
vn 0.19278345 0.29394759 -0.93617806
vn -0.10684987 -0.90807374 0.40495084
vn 0.58497210 -0.45421960 0.67193169
vn 0.08288429 -0.98799787 -0.13034725
vn -0.17082115 -0.60095691 0.78081427
vn -0.14518682 -0.56874572 0.80959811
vn -0.08265435 -0.93230883 0.35209161
vn 0.65381662 -0.69344811 -0.30274336
vn -0.99116439 -0.08600710 -0.10097488
vn -0.36373928 -0.65045068 0.66678906
vn -0.10916137 0.88404288 0.45447990
vn -0.19807588 -0.61887912 0.76010169
vn -0.33340556 -0.71963664 0.60906801
vn 0.40522898 0.54105988 -0.73691498
vn 0.86328425 0.40503300 -0.30114542
vn 0.13301186 -0.68776120 -0.71364724
vn -0.20125886 -0.58789030 0.78350486
vn 0.18191203 0.55135141 -0.81419877
vn 0.15535460 0.55789143 -0.81524359
vn 0.19844675 -0.45100032 -0.87018251
vn -0.15774689 -0.67449950 0.72122558
vn -0.21091385 -0.62116792 0.75476206
vn -0.19232545 -0.57269487 0.79688864
vn 0.17129176 -0.82460466 -0.53915330
vn -0.11154201 0.83389101 0.54054062
vn -0.09136422 -0.86330439 0.49634474
vn -0.19489757 -0.71988324 0.66617044
vn 0.18442359 0.54426852 -0.81838849
vn -0.17411061 -0.60684972 0.77551203
vn 0.14748269 -0.70679795 -0.69187103
vn -0.14973072 0.83189362 0.53435354
vn 0.28719821 0.59853028 -0.74784938
vn 0.46721079 -0.58444184 0.66343185
vn -0.17174802 0.81578849 0.55226058
vn 0.31538588 -0.80361416 -0.50471381
vn 0.97200053 0.21260138 -0.10007812
vn 0.25051759 0.59027589 -0.76734302
vn 0.15704289 0.84250286 -0.51529260
vn 0.16049944 0.82347721 -0.54417388
vn 0.97832896 -0.09800367 0.18239441
vn 0.91874183 0.07761531 0.38715542
vn -0.18228313 -0.57070369 0.80066857
vn 0.72346113 0.43666279 0.53472385
vn 0.13957232 0.75228419 -0.64388513
vn 0.16857482 0.68331067 -0.71040064
vn 0.21848267 0.61915147 -0.75426573
vn 0.97314697 -0.01739982 0.22952607
vn -0.14991649 -0.53794158 0.82954439
vn 0.19564298 0.54897420 -0.81261993
vn 0.38856161 0.65634052 0.64671245
vn 0.97464345 -0.01324407 0.22337132
vn -0.21341142 0.36600784 0.90581114
vn 0.06704358 0.97793080 -0.19788004
vn 0.08393506 0.92847656 -0.36178194
vn 0.23625376 0.57100137 -0.78621981
vn 0.15641723 0.55993920 -0.81363489
vn 0.79326465 0.40506487 -0.45459173
vn 0.96315507 0.25234725 -0.09302241
vn -0.12770964 0.80928773 0.57336168
vn -0.18695125 -0.56580058 0.80306845
vn 0.98040295 -0.02365553 0.19557728
vn 0.97576960 0.07924862 0.20394446
vn -0.11395011 0.79676557 0.59344755
vn 0.86019744 0.34321474 -0.37717901
vn -0.01492698 0.97901745 0.20322896
vn -0.15877405 0.79062331 0.59135910
vn 0.96354279 0.10401905 0.24650626
vn 0.78591797 0.49236023 0.37405125
vn 0.58858685 0.55336321 -0.58936803
vn 0.07229410 -0.54280270 0.83674297
vn -0.21230765 0.20582827 0.95528016
vn -0.07898130 0.91052975 0.40582942
vn -0.10052771 0.87598189 0.47175195
vn -0.20752224 0.21606229 0.95407107
vn -0.00223422 0.96553134 -0.26027724
vn -0.09277363 0.88622485 0.45387065
vn 0.06615943 0.99527769 -0.07102989
vn -0.19609814 -0.57634607 0.79332889
vn -0.07664267 0.88273742 0.46357367
vn 0.12713445 0.92984968 -0.34527729
vn -0.06698979 0.95503405 0.28882925
vn 0.69834134 0.46027585 0.54814734
vn -0.05046768 0.95892084 0.27914840
vn -0.09294995 0.84277362 0.53018198
vn -0.10014202 0.82305213 0.55906776
vn -0.09482964 0.84938587 0.51918300
vn -0.06343399 0.98530653 0.15857857
vn -0.75275979 0.26915561 -0.60075615
vn 0.97444722 0.03831811 0.22132404
vn -0.10583594 0.82957963 0.54826672
vn -0.02256924 0.96723286 0.25288578
vn -0.07879046 0.87956774 0.46920428
vn -0.09600029 0.86944990 0.48460378
vn 0.01920562 0.59254208 -0.80531051
vn 0.55722243 0.60609414 0.56758528
vn -0.09272793 0.84263932 0.53043426
vn -0.10197928 0.81648719 0.56828593
vn -0.58235456 0.36635468 -0.72570477
vn -0.10403321 0.83843550 0.53497944
vn -0.12068675 0.78170643 0.61185763
vn 0.79866764 0.38148249 0.46540425
vn -0.27254246 0.49076783 -0.82756724
vn -0.11427049 0.79233897 0.59928392
vn -0.13063275 0.75098299 0.64727091
vn -0.12000174 0.77253543 0.62352914
vn 0.97711435 -0.04668999 0.20752731
vn -0.11297337 0.79612351 0.59449506
vn -0.14443548 0.70230177 0.69707289
vn -0.85829162 0.17041947 -0.48403791
vn -0.13083633 0.75290919 0.64498807
vn -0.10355413 0.81680506 0.56754386
vn 0.86937826 0.21041624 0.44710899
vn 0.40509440 0.63121697 0.66141036
vn -0.10591111 0.81171131 0.57437583
vn -0.92291026 0.20112082 -0.32830942
vn 0.40632900 0.46244892 0.78805948
vn -0.40109615 0.60455252 -0.68821372
vn -0.13436518 0.69208680 0.70919804
vn -0.96888698 0.02377838 -0.24635871
vn 0.18819013 0.53566596 -0.82319284
vn 0.24794140 0.00573771 -0.96875804
vn -0.15174131 0.72165594 0.67541637
vn -0.18811163 0.52743059 0.82851131
vn 0.17876081 0.55206293 -0.81441457
vn 0.21548694 0.35338063 -0.91032275
vn 0.18961019 0.56769735 -0.80110405
f 566//566 11//11 12//12
f 690//690 1//1 691//691
f 663//663 648//648 698//698
f 8//8 695//695 4//4
f 144//144 520//520 5//5
f 694//694 95//95 677//677
f 19//19 670//670 663//663
f 670//670 648//648 663//663
f 682//682 227//227 1//1
f 602//602 8//8 4//4
f 698//698 656//656 663//663
f 18//18 51//51 6//6
f 3//3 293//293 240//240
f 353//353 275//275 10//10
f 16//16 227//227 582//582
f 503//503 677//677 21//21
f 794//794 804//804 259//259
f 293//293 3//3 9//9
f 6//6 524//524 18//18
f 81//81 609//609 24//24
f 101//101 677//677 95//95
f 679//679 314//314 15//15
f 389//389 9//9 375//375
f 7//7 13//13 24//24
f 54//54 48//48 51//51
f 26//26 503//503 21//21
f 150//150 368//368 720//720
f 227//227 16//16 243//243
f 32//32 293//293 9//9
f 21//21 677//677 20//20
f 455//455 30//30 618//618
f 11//11 670//670 33//33
f 9//9 22//22 32//32
f 22//22 9//9 389//389
f 483//483 22//22 389//389
f 11//11 33//33 12//12
f 756//756 191//191 215//215
f 12//12 33//33 14//14
f 40//40 10//10 17//17
f 353//353 10//10 40//40
f 211//211 203//203 298//298
f 20//20 677//677 101//101
f 25//25 17//17 305//305
f 298//298 309//309 211//211
f 24//24 23//23 81//81
f 13//13 23//23 24//24
f 18//18 54//54 51//51
f 33//33 670//670 19//19
f 483//483 6//6 22//22
f 28//28 37//37 30//30
f 30//30 37//37 43//43
f 618//618 30//30 43//43
f 54//54 18//18 39//39
f 56//56 17//17 25//25
f 6//6 32//32 22//22
f 31//31 203//203 328//328
f 6//6 483//483 515//515
f 639//639 618//618 43//43
f 37//37 503//503 42//42
f 34//34 225//225 725//725
f 39//39 35//35 54//54
f 40//40 17//17 56//56
f 14//14 33//33 4//4
f 46//46 38//38 36//36
f 18//18 50//50 39//39
f 33//33 19//19 4//4
f 744//744 719//719 44//44
f 176//176 259//259 2//2
f 93//93 303//303 212//212
f 43//43 37//37 42//42
f 19//19 697//697 4//4
f 51//51 339//339 32//32
f 55//55 56//56 25//25
f 46//46 41//41 38//38
f 51//51 48//48 339//339
f 38//38 41//41 751//751
f 624//624 255//255 349//349
f 49//49 590//590 594//594
f 789//789 748//748 41//41
f 32//32 6//6 51//51
f 44//44 45//45 36//36
f 49//49 36//36 590//590
f 81//81 23//23 145//145
f 67//67 46//46 49//49
f 373//373 351//351 408//408
f 44//44 36//36 751//751
f 275//275 353//353 47//47
f 40//40 56//56 392//392
f 49//49 594//594 639//639
f 68//68 52//52 49//49
f 50//50 53//53 39//39
f 69//69 56//56 55//55
f 67//67 49//49 52//52
f 229//229 250//250 393//393
f 105//105 42//42 26//26
f 408//408 351//351 65//65
f 351//351 48//48 65//65
f 59//59 50//50 574//574
f 574//574 609//609 59//59
f 79//79 39//39 53//53
f 694//694 685//685 95//95
f 88//88 52//52 68//68
f 48//48 54//54 65//65
f 807//807 808//808 91//91
f 46//46 67//67 60//60
f 53//53 50//50 59//59
f 61//61 685//685 58//58
f 68//68 84//84 88//88
f 69//69 64//64 56//56
f 56//56 64//64 75//75
f 65//65 62//62 408//408
f 75//75 392//392 56//56
f 35//35 65//65 54//54
f 639//639 68//68 49//49
f 52//52 88//88 133//133
f 685//685 61//61 95//95
f 55//55 82//82 69//69
f 411//411 150//150 34//34
f 70//70 105//105 26//26
f 77//77 62//62 65//65
f 701//701 63//63 271//271
f 725//725 411//411 34//34
f 66//66 271//271 63//63
f 67//67 163//163 60//60
f 77//77 65//65 35//35
f 52//52 133//133 163//163
f 67//67 52//52 163//163
f 71//71 53//53 59//59
f 406//406 180//180 176//176
f 43//43 57//57 639//639
f 53//53 71//71 89//89
f 57//57 68//68 639//639
f 92//92 64//64 69//69
f 8//8 61//61 695//695
f 39//39 79//79 35//35
f 76//76 72//72 715//715
f 62//62 77//77 466//466
f 76//76 715//715 73//73
f 95//95 61//61 8//8
f 77//77 35//35 90//90
f 197//197 105//105 70//70
f 76//76 66//66 72//72
f 57//57 43//43 42//42
f 90//90 35//35 79//79
f 57//57 84//84 68//68
f 251//251 29//29 260//260
f 71//71 59//59 81//81
f 105//105 57//57 42//42
f 59//59 609//609 81//81
f 53//53 89//89 79//79
f 71//71 98//98 89//89
f 69//69 82//82 80//80
f 794//794 29//29 800//800
f 60//60 163//163 256//256
f 57//57 105//105 112//112
f 89//89 96//96 90//90
f 89//89 90//90 79//79
f 86//86 742//742 749//749
f 116//116 89//89 98//98
f 296//296 87//87 99//99
f 92//92 69//69 80//80
f 173//173 600//600 741//741
f 26//26 21//21 70//70
f 27//27 101//101 8//8
f 111//111 86//86 749//749
f 255//255 624//624 85//85
f 101//101 95//95 8//8
f 71//71 81//81 155//155
f 8//8 602//602 27//27
f 94//94 616//616 727//727
f 727//727 630//630 209//209
f 116//116 96//96 89//89
f 90//90 102//102 467//467
f 112//112 84//84 57//57
f 100//100 315//315 99//99
f 105//105 97//97 112//112
f 179//179 793//793 108//108
f 94//94 727//727 209//209
f 78//78 120//120 110//110
f 109//109 467//467 172//172
f 315//315 100//100 104//104
f 733//733 27//27 602//602
f 602//602 616//616 733//733
f 349//349 93//93 106//106
f 102//102 103//103 125//125
f 467//467 102//102 172//172
f 529//529 550//550 496//496
f 628//628 350//350 331//331
f 20//20 165//165 21//21
f 86//86 111//111 140//140
f 165//165 20//20 101//101
f 75//75 64//64 114//114
f 247//247 628//628 364//364
f 429//429 80//80 82//82
f 84//84 737//737 88//88
f 116//116 98//98 146//146
f 123//123 140//140 111//111
f 123//123 111//111 87//87
f 296//296 99//99 205//205
f 113//113 86//86 130//130
f 71//71 146//146 98//98
f 102//102 90//90 96//96
f 103//103 131//131 125//125
f 96//96 131//131 103//103
f 350//350 636//636 369//369
f 78//78 117//117 120//120
f 112//112 737//737 84//84
f 662//662 654//654 606//606
f 130//130 136//136 113//113
f 128//128 131//131 96//96
f 88//88 737//737 133//133
f 86//86 140//140 130//130
f 606//606 107//107 147//147
f 128//128 96//96 116//116
f 107//107 122//122 147//147
f 107//107 110//110 174//174
f 124//124 109//109 172//172
f 111//111 754//754 87//87
f 112//112 204//204 737//737
f 146//146 71//71 155//155
f 167//167 520//520 144//144
f 579//579 529//529 124//124
f 142//142 92//92 80//80
f 640//640 369//369 636//636
f 197//197 70//70 21//21
f 352//352 76//76 73//73
f 286//286 640//640 636//636
f 138//138 116//116 146//146
f 681//681 129//129 494//494
f 94//94 126//126 222//222
f 155//155 161//161 146//146
f 122//122 107//107 174//174
f 140//140 123//123 148//148
f 800//800 151//151 132//132
f 134//134 148//148 123//123
f 128//128 138//138 200//200
f 411//411 725//725 261//261
f 142//142 80//80 429//429
f 137//137 237//237 126//126
f 139//139 154//154 636//636
f 733//733 101//101 27//27
f 139//139 277//277 288//288
f 167//167 352//352 73//73
f 182//182 188//188 584//584
f 200//200 131//131 128//128
f 165//165 197//197 21//21
f 133//133 737//737 119//119
f 110//110 120//120 174//174
f 159//159 584//584 188//188
f 136//136 130//130 171//171
f 237//237 133//133 119//119
f 200//200 138//138 143//143
f 155//155 81//81 145//145
f 655//655 129//129 681//681
f 128//128 116//116 138//138
f 171//171 130//130 152//152
f 130//130 140//140 152//152
f 327//327 381//381 235//235
f 152//152 140//140 148//148
f 200//200 143//143 202//202
f 133//133 237//237 163//163
f 469//469 202//202 143//143
f 469//469 143//143 161//161
f 300//300 368//368 150//150
f 649//649 154//154 139//139
f 708//708 153//153 158//158
f 158//158 243//243 708//708
f 144//144 5//5 240//240
f 122//122 174//174 206//206
f 704//704 135//135 129//129
f 153//153 202//202 157//157
f 149//149 136//136 171//171
f 197//197 97//97 105//105
f 181//181 161//161 155//155
f 665//665 268//268 164//164
f 642//642 156//156 650//650
f 157//157 158//158 153//153
f 101//101 733//733 165//165
f 162//162 156//156 631//631
f 169//169 327//327 235//235
f 674//674 286//286 154//154
f 103//103 102//102 96//96
f 188//188 213//213 159//159
f 274//274 152//152 148//148
f 327//327 284//284 381//381
f 665//665 164//164 759//759
f 163//163 237//237 137//137
f 214//214 534//534 267//267
f 159//159 740//740 713//713
f 171//171 152//152 297//297
f 148//148 530//530 274//274
f 164//164 108//108 759//759
f 166//166 534//534 214//214
f 583//583 732//732 192//192
f 419//419 236//236 283//283
f 165//165 733//733 204//204
f 282//282 534//534 166//166
f 297//297 152//152 274//274
f 146//146 161//161 143//143
f 344//344 132//132 151//151
f 174//174 120//120 201//201
f 361//361 132//132 344//344
f 282//282 166//166 287//287
f 169//169 361//361 344//344
f 181//181 155//155 145//145
f 117//117 201//201 120//120
f 550//550 529//529 579//579
f 688//688 147//147 307//307
f 579//579 124//124 190//190
f 190//190 124//124 172//172
f 226//226 688//688 307//307
f 204//204 733//733 217//217
f 193//193 661//661 507//507
f 294//294 189//189 268//268
f 299//299 167//167 144//144
f 307//307 147//147 122//122
f 269//269 268//268 189//189
f 194//194 249//249 183//183
f 679//679 763//763 518//518
f 206//206 174//174 201//201
f 108//108 256//256 759//759
f 97//97 165//165 187//187
f 577//577 185//185 177//177
f 406//406 83//83 180//180
f 176//176 180//180 258//258
f 97//97 187//187 112//112
f 800//800 29//29 151//151
f 83//83 454//454 492//492
f 175//175 186//186 565//565
f 138//138 146//146 143//143
f 180//180 83//83 304//304
f 702//702 125//125 708//708
f 131//131 708//708 125//125
f 151//151 199//199 344//344
f 808//808 179//179 189//189
f 198//198 517//517 192//192
f 195//195 188//188 182//182
f 192//192 732//732 210//210
f 91//91 15//15 184//184
f 182//182 173//173 194//194
f 194//194 173//173 741//741
f 210//210 732//732 115//115
f 153//153 708//708 131//131
f 198//198 196//196 622//622
f 200//200 153//153 131//131
f 102//102 190//190 172//172
f 161//161 181//181 469//469
f 703//703 186//186 175//175
f 582//582 661//661 193//193
f 201//201 117//117 212//212
f 207//207 64//64 92//92
f 207//207 454//454 64//64
f 206//206 673//673 307//307
f 122//122 206//206 307//307
f 86//86 113//113 752//752
f 182//182 194//194 195//195
f 248//248 15//15 312//312
f 476//476 703//703 175//175
f 142//142 207//207 92//92
f 312//312 31//31 248//248
f 188//188 195//195 239//239
f 592//592 703//703 626//626
f 196//196 198//198 232//232
f 213//213 740//740 159//159
f 224//224 142//142 429//429
f 153//153 200//200 202//202
f 361//361 446//446 802//802
f 194//194 183//183 195//195
f 444//444 446//446 361//361
f 245//245 211//211 309//309
f 187//187 204//204 112//112
f 29//29 259//259 260//260
f 191//191 756//756 448//448
f 151//151 29//29 251//251
f 673//673 206//206 310//310
f 697//697 691//691 602//602
f 310//310 206//206 201//201
f 214//214 202//202 469//469
f 197//197 165//165 97//97
f 198//198 192//192 210//210
f 208//208 100//100 221//221
f 267//267 157//157 202//202
f 188//188 239//239 213//213
f 203//203 211//211 328//328
f 202//202 214//214 267//267
f 201//201 212//212 301//301
f 213//213 228//228 740//740
f 165//165 204//204 187//187
f 207//207 142//142 219//219
f 196//196 232//232 693//693
f 216//216 232//232 198//198
f 402//402 355//355 366//366
f 233//233 199//199 151//151
f 184//184 15//15 248//248
f 214//214 707//707 166//166
f 216//216 198//198 210//210
f 166//166 707//707 714//714
f 233//233 344//344 199//199
f 257//257 183//183 249//249
f 217//217 222//222 119//119
f 444//444 361//361 235//235
f 218//218 231//231 208//208
f 244//244 142//142 224//224
f 318//318 212//212 117//117
f 213//213 221//221 228//228
f 166//166 714//714 287//287
f 217//217 119//119 737//737
f 602//602 691//691 616//616
f 380//380 100//100 208//208
f 654//654 226//226 718//718
f 251//251 233//233 151//151
f 219//219 142//142 244//244
f 220//220 208//208 231//231
f 361//361 169//169 235//235
f 219//219 489//489 207//207
f 255//255 303//303 93//93
f 714//714 226//226 287//287
f 227//227 630//630 1//1
f 1//1 630//630 727//727
f 210//210 115//115 264//264
f 183//183 231//231 178//178
f 720//720 693//693 225//225
f 737//737 204//204 217//217
f 113//113 136//136 115//115
f 221//221 100//100 228//228
f 229//229 230//230 348//348
f 348//348 250//250 229//229
f 121//121 348//348 230//230
f 34//34 720//720 225//225
f 115//115 136//136 149//149
f 132//132 361//361 802//802
f 121//121 374//374 348//348
f 222//222 126//126 237//237
f 221//221 213//213 218//218
f 126//126 209//209 665//665
f 244//244 224//224 272//272
f 233//233 238//238 344//344
f 222//222 237//237 119//119
f 380//380 208//208 236//236
f 262//262 374//374 121//121
f 183//183 257//257 231//231
f 641//641 630//630 227//227
f 252//252 381//381 284//284
f 262//262 121//121 701//701
f 216//216 725//725 232//232
f 106//106 333//333 349//349
f 293//293 325//325 240//240
f 126//126 665//665 137//137
f 243//243 641//641 227//227
f 577//577 241//241 309//309
f 225//225 232//232 725//725
f 216//216 210//210 264//264
f 241//241 85//85 309//309
f 259//259 176//176 258//258
f 85//85 241//241 587//587
f 239//239 178//178 231//231
f 231//231 257//257 279//279
f 231//231 279//279 220//220
f 231//231 218//218 239//239
f 251//251 260//260 426//426
f 247//247 350//350 628//628
f 264//264 725//725 216//216
f 264//264 115//115 149//149
f 665//665 759//759 137//137
f 219//219 244//244 246//246
f 163//163 137//137 256//256
f 647//647 641//641 243//243
f 179//179 269//269 189//189
f 208//208 221//221 218//218
f 249//249 750//750 263//263
f 257//257 249//249 276//276
f 208//208 220//220 236//236
f 271//271 262//262 701//701
f 404//404 380//380 236//236
f 806//806 121//121 254//254
f 243//243 158//158 657//657
f 299//299 144//144 325//325
f 245//245 603//603 756//756
f 266//266 248//248 31//31
f 144//144 240//240 325//325
f 137//137 759//759 256//256
f 238//238 233//233 251//251
f 249//249 263//263 276//276
f 328//328 211//211 245//245
f 243//243 657//657 647//647
f 244//244 291//291 246//246
f 263//263 750//750 764//764
f 252//252 284//284 322//322
f 322//322 402//402 252//252
f 219//219 505//505 489//489
f 219//219 246//246 505//505
f 805//805 265//265 640//640
f 331//331 278//278 275//275
f 306//306 725//725 264//264
f 450//450 306//306 264//264
f 306//306 261//261 725//725
f 450//450 264//264 149//149
f 322//322 270//270 402//402
f 291//291 244//244 272//272
f 295//295 259//259 258//258
f 472//472 259//259 295//295
f 286//286 636//636 154//154
f 260//260 259//259 472//472
f 273//273 246//246 290//290
f 246//246 291//291 290//290
f 108//108 164//164 269//269
f 164//164 268//268 269//269
f 534//534 282//282 289//289
f 383//383 311//311 464//464
f 273//273 505//505 246//246
f 456//456 261//261 306//306
f 269//269 179//179 108//108
f 236//236 220//220 283//283
f 10//10 275//275 278//278
f 411//411 300//300 150//150
f 279//279 257//257 280//280
f 257//257 276//276 280//280
f 220//220 391//391 283//283
f 121//121 393//393 254//254
f 307//307 673//673 287//287
f 307//307 287//287 226//226
f 254//254 640//640 265//265
f 297//297 317//317 171//171
f 168//168 640//640 286//286
f 180//180 304//304 258//258
f 640//640 168//168 170//170
f 291//291 272//272 569//569
f 294//294 763//763 679//679
f 220//220 279//279 391//391
f 673//673 282//282 287//287
f 10//10 278//278 305//305
f 205//205 315//315 336//336
f 253//253 15//15 91//91
f 305//305 17//17 10//10
f 253//253 189//189 294//294
f 327//327 169//169 334//334
f 87//87 296//296 123//123
f 279//279 280//280 391//391
f 185//185 314//314 234//234
f 506//506 456//456 323//323
f 475//475 171//171 317//317
f 808//808 189//189 91//91
f 189//189 253//253 91//91
f 185//185 309//309 298//298
f 313//313 139//139 288//288
f 234//234 177//177 185//185
f 280//280 276//276 775//775
f 324//324 277//277 364//364
f 288//288 277//277 324//324
f 305//305 278//278 223//223
f 305//305 223//223 348//348
f 553//553 505//505 273//273
f 15//15 253//253 679//679
f 679//679 234//234 314//314
f 302//302 506//506 323//323
f 78//78 475//475 317//317
f 258//258 304//304 311//311
f 117//117 791//791 318//318
f 168//168 286//286 674//674
f 185//185 577//577 309//309
f 258//258 383//383 295//295
f 475//475 149//149 171//171
f 310//310 201//201 301//301
f 123//123 296//296 205//205
f 271//271 66//66 319//319
f 280//280 335//335 391//391
f 383//383 258//258 311//311
f 325//325 293//293 339//339
f 528//528 306//306 450//450
f 735//735 419//419 308//308
f 339//339 293//293 32//32
f 304//304 320//320 311//311
f 624//624 347//347 558//558
f 168//168 674//674 598//598
f 301//301 589//589 310//310
f 15//15 314//314 312//312
f 334//334 169//169 344//344
f 312//312 203//203 31//31
f 624//624 603//603 85//85
f 314//314 203//203 312//312
f 456//456 306//306 357//357
f 306//306 528//528 357//357
f 314//314 298//298 203//203
f 315//315 379//379 336//336
f 316//316 383//383 371//371
f 317//317 297//297 321//321
f 297//297 736//736 321//321
f 290//290 388//388 273//273
f 66//66 76//76 319//319
f 335//335 280//280 775//775
f 624//624 349//349 333//333
f 343//343 290//290 291//291
f 340//340 271//271 319//319
f 318//318 106//106 212//212
f 270//270 322//322 337//337
f 337//337 322//322 284//284
f 461//461 326//326 445//445
f 341//341 288//288 324//324
f 326//326 175//175 445//445
f 175//175 565//565 445//445
f 357//357 323//323 456//456
f 560//560 512//512 316//316
f 288//288 341//341 313//313
f 93//93 212//212 106//106
f 328//328 245//245 215//215
f 299//299 325//325 332//332
f 40//40 392//392 324//324
f 360//360 302//302 323//323
f 592//592 811//811 329//329
f 223//223 331//331 465//465
f 250//250 223//223 465//465
f 388//388 553//553 273//273
f 223//223 278//278 331//331
f 308//308 346//346 356//356
f 186//186 592//592 329//329
f 335//335 775//775 345//345
f 291//291 569//569 343//343
f 123//123 205//205 336//336
f 25//25 305//305 55//55
f 104//104 100//100 380//380
f 78//78 317//317 321//321
f 392//392 341//341 324//324
f 325//325 351//351 332//332
f 255//255 587//587 303//303
f 652//652 270//270 337//337
f 587//587 755//755 303//303
f 342//342 305//305 338//338
f 104//104 404//404 315//315
f 186//186 703//703 592//592
f 756//756 624//624 558//558
f 303//303 755//755 301//301
f 270//270 652//652 552//552
f 352//352 319//319 76//76
f 391//391 335//335 440//440
f 325//325 339//339 351//351
f 277//277 367//367 364//364
f 348//348 223//223 250//250
f 313//313 341//341 2//2
f 347//347 624//624 333//333
f 562//562 560//560 316//316
f 345//345 358//358 335//335
f 334//334 344//344 509//509
f 342//342 82//82 55//55
f 505//505 553//553 409//409
f 333//333 242//242 347//347
f 117//117 78//78 321//321
f 75//75 341//341 392//392
f 782//782 370//370 345//345
f 462//462 74//74 387//387
f 104//104 380//380 404//404
f 369//369 331//331 350//350
f 354//354 319//319 352//352
f 344//344 238//238 509//509
f 305//305 348//348 338//338
f 351//351 339//339 48//48
f 397//397 342//342 338//338
f 331//331 47//47 628//628
f 327//327 334//334 491//491
f 364//364 353//353 324//324
f 499//499 378//378 346//346
f 327//327 491//491 284//284
f 346//346 378//378 356//356
f 491//491 337//337 284//284
f 47//47 353//353 628//628
f 353//353 40//40 324//324
f 354//354 332//332 373//373
f 348//348 374//374 338//338
f 358//358 345//345 382//382
f 359//359 290//290 343//343
f 332//332 351//351 373//373
f 465//465 393//393 250//250
f 3//3 421//421 362//362
f 391//391 308//308 283//283
f 75//75 114//114 341//341
f 378//378 499//499 384//384
f 440//440 358//358 499//499
f 330//330 360//360 604//604
f 299//299 352//352 167//167
f 458//458 340//340 394//394
f 425//425 316//316 371//371
f 379//379 315//315 433//433
f 375//375 3//3 362//362
f 356//356 378//378 363//363
f 394//394 340//340 319//319
f 265//265 806//806 254//254
f 370//370 382//382 345//345
f 55//55 305//305 342//342
f 369//369 640//640 292//292
f 369//369 292//292 393//393
f 378//378 780//780 363//363
f 355//355 399//399 473//473
f 321//321 791//791 117//117
f 379//379 123//123 336//336
f 401//401 422//422 376//376
f 235//235 381//381 444//444
f 252//252 444//444 381//381
f 262//262 412//412 374//374
f 439//439 371//371 383//383
f 412//412 338//338 374//374
f 332//332 352//352 299//299
f 139//139 367//367 277//277
f 578//578 66//66 63//63
f 365//365 376//376 442//442
f 390//390 389//389 669//669
f 378//378 384//384 407//407
f 354//354 394//394 319//319
f 387//387 66//66 578//578
f 480//480 488//488 482//482
f 411//411 261//261 456//456
f 332//332 354//354 352//352
f 407//407 386//386 378//378
f 359//359 388//388 290//290
f 377//377 479//479 805//805
f 425//425 371//371 405//405
f 382//382 370//370 395//395
f 355//355 402//402 546//546
f 271//271 340//340 262//262
f 790//790 403//403 792//792
f 463//463 390//390 487//487
f 397//397 338//338 412//412
f 557//557 399//399 355//355
f 403//403 370//370 792//792
f 786//786 386//386 798//798
f 426//426 238//238 251//251
f 114//114 454//454 341//341
f 396//396 463//463 487//487
f 366//366 252//252 402//402
f 413//413 372//372 418//418
f 390//390 463//463 389//389
f 451//451 368//368 300//300
f 805//805 170//170 377//377
f 433//433 315//315 404//404
f 384//384 539//539 398//398
f 546//546 557//557 355//355
f 398//398 407//407 384//384
f 790//790 807//807 403//403
f 403//403 395//395 370//370
f 410//410 418//418 441//441
f 798//798 386//386 407//407
f 377//377 480//480 482//482
f 395//395 423//423 382//382
f 629//629 678//678 414//414
f 594//594 562//562 425//425
f 72//72 66//66 387//387
f 134//134 123//123 379//379
f 262//262 340//340 458//458
f 405//405 371//371 439//439
f 341//341 454//454 406//406
f 715//715 387//387 74//74
f 553//553 388//388 432//432
f 417//417 373//373 408//408
f 262//262 458//458 412//412
f 397//397 412//412 431//431
f 372//372 373//373 417//417
f 411//411 506//506 300//300
f 281//281 399//399 564//564
f 403//403 807//807 184//184
f 399//399 557//557 564//564
f 410//410 458//458 413//413
f 458//458 394//394 413//413
f 683//683 516//516 415//415
f 453//453 376//376 422//422
f 417//417 493//493 372//372
f 395//395 403//403 184//184
f 426//426 260//260 472//472
f 683//683 415//415 430//430
f 633//633 678//678 604//604
f 308//308 419//419 283//283
f 495//495 416//416 427//427
f 493//493 418//418 372//372
f 388//388 359//359 400//400
f 395//395 184//184 248//248
f 596//596 526//526 281//281
f 441//441 418//418 502//502
f 497//497 359//359 343//343
f 394//394 354//354 413//413
f 596//596 281//281 576//576
f 606//606 604//604 360//360
f 509//509 238//238 426//426
f 596//596 544//544 526//526
f 395//395 248//248 423//423
f 360//360 323//323 606//606
f 464//464 311//311 625//625
f 439//439 383//383 464//464
f 500//500 620//620 810//810
f 544//544 162//162 631//631
f 438//438 134//134 379//379
f 318//318 791//791 797//797
f 62//62 417//417 408//408
f 620//620 500//500 329//329
f 372//372 413//413 354//354
f 432//432 388//388 400//400
f 426//426 472//472 435//435
f 640//640 254//254 292//292
f 407//407 398//398 558//558
f 373//373 372//372 354//354
f 583//583 422//422 401//401
f 689//689 711//711 420//420
f 424//424 407//407 558//558
f 438//438 379//379 433//433
f 629//629 711//711 689//689
f 308//308 391//391 440//440
f 342//342 429//429 82//82
f 343//343 658//658 497//497
f 414//414 452//452 629//629
f 436//436 564//564 557//557
f 329//329 565//565 186//186
f 416//416 423//423 266//266
f 342//342 459//459 429//429
f 427//427 416//416 803//803
f 414//414 678//678 633//633
f 459//459 342//342 397//397
f 415//415 443//443 430//430
f 365//365 443//443 415//415
f 441//441 428//428 410//410
f 803//803 416//416 266//266
f 418//418 410//410 413//413
f 552//552 436//436 557//557
f 421//421 5//5 520//520
f 801//801 318//318 797//797
f 114//114 64//64 454//454
f 783//783 434//434 779//779
f 493//493 417//417 466//466
f 3//3 5//5 421//421
f 433//433 437//437 438//438
f 583//583 192//192 422//422
f 417//417 62//62 466//466
f 434//434 444//444 598//598
f 434//434 598//598 674//674
f 438//438 437//437 134//134
f 803//803 191//191 535//535
f 539//539 535//535 191//191
f 440//440 335//335 358//358
f 431//431 459//459 397//397
f 801//801 797//797 424//424
f 470//470 433//433 404//404
f 365//365 442//442 443//443
f 539//539 191//191 448//448
f 431//431 412//412 458//458
f 464//464 625//625 503//503
f 346//346 308//308 440//440
f 435//435 472//472 523//523
f 443//443 504//504 430//430
f 448//448 558//558 539//539
f 449//449 428//428 457//457
f 426//426 435//435 575//575
f 439//439 455//455 405//405
f 83//83 406//406 454//454
f 451//451 572//572 368//368
f 493//493 447//447 502//502
f 420//420 711//711 712//712
f 9//9 3//3 375//375
f 506//506 451//451 300//300
f 466//466 508//508 493//493
f 457//457 428//428 441//441
f 149//149 475//475 450//450
f 481//481 442//442 453//453
f 431//431 485//485 459//459
f 437//437 433//433 470//470
f 508//508 447//447 493//493
f 629//629 452//452 711//711
f 424//424 558//558 801//801
f 400//400 359//359 497//497
f 442//442 376//376 453//453
f 470//470 404//404 285//285
f 134//134 437//437 486//486
f 652//652 436//436 552//552
f 773//773 779//779 649//649
f 492//492 454//454 207//207
f 444//444 434//434 446//446
f 460//460 224//224 459//459
f 801//801 558//558 347//347
f 466//466 478//478 474//474
f 435//435 523//523 575//575
f 366//366 355//355 461//461
f 458//458 485//485 431//431
f 499//499 346//346 440//440
f 475//475 528//528 450//450
f 441//441 502//502 457//457
f 242//242 318//318 347//347
f 466//466 77//77 467//467
f 252//252 366//366 598//598
f 453//453 422//422 192//192
f 513//513 462//462 810//810
f 468//468 449//449 591//591
f 509//509 426//426 575//575
f 90//90 467//467 77//77
f 484//484 537//537 504//504
f 508//508 466//466 474//474
f 356//356 735//735 308//308
f 470//470 486//486 437//437
f 485//485 501//501 459//459
f 443//443 484//484 504//504
f 598//598 444//444 252//252
f 485//485 458//458 410//410
f 109//109 478//478 466//466
f 28//28 439//439 464//464
f 109//109 466//466 467//467
f 489//489 492//492 207//207
f 471//471 443//443 442//442
f 683//683 504//504 396//396
f 429//429 459//459 224//224
f 285//285 404//404 236//236
f 449//449 457//457 591//591
f 452//452 414//414 633//633
f 436//436 613//613 576//576
f 486//486 148//148 134//134
f 515//515 389//389 463//463
f 515//515 463//463 396//396
f 811//811 620//620 329//329
f 683//683 430//430 504//504
f 473//473 476//476 175//175
f 477//477 676//676 669//669
f 554//554 575//575 523//523
f 460//460 459//459 501//501
f 302//302 451//451 506//506
f 224//224 460//460 272//272
f 578//578 705//705 479//479
f 389//389 515//515 483//483
f 479//479 482//482 578//578
f 358//358 382//382 495//495
f 519//519 515//515 396//396
f 411//411 456//456 506//506
f 443//443 510//510 484//484
f 504//504 519//519 396//396
f 495//495 499//499 358//358
f 377//377 482//482 479//479
f 601//601 591//591 457//457
f 476//476 514//514 703//703
f 428//428 485//485 410//410
f 494//494 669//669 676//676
f 510//510 443//443 667//667
f 382//382 416//416 495//495
f 667//667 443//443 471//471
f 476//476 473//473 399//399
f 472//472 295//295 512//512
f 652//652 337//337 696//696
f 124//124 478//478 109//109
f 455//455 439//439 28//28
f 512//512 523//523 472//472
f 304//304 83//83 492//492
f 487//487 390//390 494//494
f 619//619 530//530 148//148
f 498//498 462//462 387//387
f 502//502 418//418 493//493
f 490//490 487//487 494//494
f 521//521 527//527 457//457
f 502//502 521//521 457//457
f 382//382 423//423 416//416
f 462//462 498//498 500//500
f 508//508 474//474 496//496
f 28//28 464//464 37//37
f 707//707 469//469 706//706
f 474//474 478//478 529//529
f 512//512 295//295 316//316
f 148//148 486//486 536//536
f 170//170 445//445 377//377
f 524//524 537//537 511//511
f 428//428 501//501 485//485
f 490//490 683//683 396//396
f 683//683 490//490 686//686
f 484//484 511//511 537//537
f 505//505 541//541 489//489
f 615//615 607//607 507//507
f 384//384 499//499 495//495
f 492//492 489//489 541//541
f 526//526 626//626 514//514
f 612//612 520//520 74//74
f 507//507 607//607 508//508
f 495//495 427//427 535//535
f 510//510 563//563 484//484
f 612//612 74//74 513//513
f 334//334 509//509 491//491
f 285//285 236//236 419//419
f 521//521 549//549 527//527
f 496//496 474//474 529//529
f 460//460 501//501 449//449
f 619//619 148//148 536//536
f 281//281 476//476 399//399
f 563//563 511//511 484//484
f 526//526 514//514 476//476
f 612//612 513//513 620//620
f 555//555 696//696 337//337
f 384//384 495//495 535//535
f 124//124 529//529 478//478
f 500//500 809//809 565//565
f 497//497 658//658 580//580
f 612//612 421//421 520//520
f 536//536 486//486 540//540
f 559//559 491//491 509//509
f 657//657 158//158 518//518
f 540//540 470//470 285//285
f 37//37 464//464 503//503
f 501//501 428//428 449//449
f 619//619 536//536 548//548
f 623//623 599//599 638//638
f 544//544 626//626 526//526
f 337//337 491//491 555//555
f 653//653 362//362 611//611
f 519//519 504//504 537//537
f 653//653 611//611 637//637
f 295//295 383//383 316//316
f 608//608 527//527 549//549
f 563//563 510//510 672//672
f 486//486 470//470 540//540
f 631//631 626//626 544//544
f 427//427 803//803 535//535
f 432//432 593//593 553//553
f 521//521 502//502 556//556
f 447//447 556//556 502//502
f 526//526 476//476 281//281
f 531//531 157//157 267//267
f 554//554 523//523 512//512
f 524//524 515//515 519//519
f 525//525 365//365 522//522
f 285//285 419//419 540//540
f 525//525 561//561 365//365
f 304//304 492//492 568//568
f 492//492 541//541 568//568
f 556//556 533//533 521//521
f 409//409 553//553 593//593
f 535//535 539//539 384//384
f 507//507 508//508 550//550
f 565//565 329//329 500//500
f 551//551 521//521 533//533
f 549//549 521//521 551//551
f 508//508 496//496 550//550
f 270//270 546//546 402//402
f 541//541 505//505 409//409
f 548//548 536//536 540//540
f 177//177 531//531 267//267
f 607//607 447//447 508//508
f 524//524 6//6 515//515
f 653//653 637//637 538//538
f 661//661 615//615 507//507
f 645//645 549//549 551//551
f 559//559 555//555 491//491
f 542//542 575//575 554//554
f 375//375 362//362 644//644
f 375//375 644//644 651//651
f 567//567 451//451 302//302
f 480//480 377//377 445//445
f 574//574 18//18 524//524
f 519//519 537//537 524//524
f 528//528 475//475 78//78
f 547//547 524//524 511//511
f 177//177 267//267 534//534
f 558//558 398//398 539//539
f 471//471 442//442 481//481
f 560//560 554//554 512//512
f 561//561 525//525 522//522
f 376//376 365//365 561//561
f 653//653 118//118 644//644
f 546//546 270//270 552//552
f 557//557 546//546 552//552
f 651//651 644//644 605//605
f 572//572 451//451 567//567
f 468//468 272//272 460//460
f 449//449 468//468 460//460
f 401//401 376//376 570//570
f 547//547 511//511 563//563
f 565//565 480//480 445//445
f 570//570 376//376 561//561
f 547//547 574//574 524//524
f 554//554 560//560 562//562
f 118//118 605//605 644//644
f 554//554 562//562 542//542
f 638//638 608//608 549//549
f 566//566 541//541 409//409
f 569//569 272//272 468//468
f 811//811 538//538 637//637
f 509//509 575//575 559//559
f 330//330 572//572 567//567
f 564//564 576//576 281//281
f 568//568 541//541 566//566
f 118//118 653//653 538//538
f 561//561 571//571 570//570
f 575//575 585//585 559//559
f 26//26 42//42 503//503
f 542//542 562//562 590//590
f 811//811 597//597 538//538
f 436//436 576//576 564//564
f 682//682 545//545 661//661
f 110//110 357//357 528//528
f 507//507 550//550 193//193
f 50//50 18//18 574//574
f 118//118 538//538 127//127
f 571//571 561//561 573//573
f 479//479 806//806 805//805
f 573//573 561//561 522//522
f 569//569 468//468 343//343
f 533//533 556//556 447//447
f 559//559 595//595 555//555
f 461//461 445//445 170//170
f 289//289 577//577 534//534
f 666//666 568//568 566//566
f 517//517 453//453 192//192
f 193//193 550//550 579//579
f 544//544 596//596 586//586
f 162//162 544//544 586//586
f 387//387 578//578 488//488
f 304//304 568//568 320//320
f 666//666 320//320 568//568
f 528//528 78//78 110//110
f 498//498 387//387 488//488
f 581//581 681//681 676//676
f 579//579 190//190 702//702
f 613//613 596//596 576//576
f 627//627 547//547 141//141
f 11//11 409//409 593//593
f 125//125 702//702 190//190
f 125//125 190//190 102//102
f 562//562 316//316 425//425
f 681//681 494//494 676//676
f 595//595 559//559 585//585
f 674//674 160//160 434//434
f 368//368 141//141 709//709
f 490//490 135//135 686//686
f 590//590 562//562 594//594
f 162//162 586//586 723//723
f 129//129 135//135 494//494
f 434//434 160//160 779//779
f 302//302 360//360 567//567
f 542//542 585//585 575//575
f 810//810 462//462 500//500
f 589//589 587//587 289//289
f 586//586 596//596 632//632
f 571//571 573//573 614//614
f 599//599 468//468 591//591
f 588//588 530//530 619//619
f 400//400 497//497 580//580
f 500//500 498//498 488//488
f 409//409 11//11 566//566
f 453//453 517//517 481//481
f 629//629 7//7 572//572
f 629//629 572//572 330//330
f 619//619 548//548 588//588
f 357//357 606//606 323//323
f 609//609 574//574 547//547
f 598//598 461//461 168//168
f 135//135 543//543 686//686
f 357//357 110//110 107//107
f 658//658 343//343 468//468
f 599//599 658//658 468//468
f 595//595 610//610 555//555
f 401//401 570//570 583//583
f 540//540 588//588 548//548
f 585//585 542//542 590//590
f 330//330 567//567 360//360
f 446//446 434//434 783//783
f 583//583 570//570 571//571
f 159//159 704//704 584//584
f 74//74 462//462 513//513
f 631//631 597//597 626//626
f 702//702 193//193 579//579
f 599//599 591//591 608//608
f 632//632 723//723 586//586
f 598//598 366//366 461//461
f 593//593 432//432 400//400
f 627//627 609//609 547//547
f 600//600 581//581 664//664
f 600//600 681//681 581//581
f 621//621 590//590 36//36
f 606//606 357//357 107//107
f 645//645 551//551 533//533
f 603//603 309//309 85//85
f 719//719 555//555 610//610
f 618//618 425//425 405//405
f 618//618 594//594 425//425
f 620//620 513//513 810//810
f 608//608 591//591 601//601
f 309//309 603//603 245//245
f 527//527 601//601 457//457
f 471//471 481//481 622//622
f 691//691 1//1 727//727
f 611//611 421//421 612//612
f 718//718 604//604 606//606
f 588//588 540//540 419//419
f 611//611 612//612 637//637
f 756//756 215//215 245//245
f 623//623 658//658 599//599
f 461//461 355//355 473//473
f 405//405 455//455 618//618
f 608//608 601//601 527//527
f 447//447 607//607 615//615
f 595//595 585//585 590//590
f 621//621 610//610 595//595
f 613//613 632//632 596//596
f 691//691 727//727 616//616
f 659//659 638//638 532//532
f 362//362 421//421 611//611
f 595//595 590//590 621//621
f 448//448 756//756 558//558
f 618//618 639//639 594//594
f 634//634 573//573 617//617
f 255//255 93//93 349//349
f 637//637 612//612 620//620
f 572//572 141//141 368//368
f 11//11 593//593 670//670
f 645//645 533//533 646//646
f 592//592 597//597 811//811
f 538//538 597//597 642//642
f 572//572 627//627 141//141
f 320//320 625//625 311//311
f 24//24 609//609 627//627
f 698//698 400//400 580//580
f 638//638 549//549 532//532
f 369//369 393//393 465//465
f 350//350 247//247 367//367
f 532//532 549//549 645//645
f 633//633 604//604 718//718
f 713//713 617//617 704//704
f 634//634 617//617 713//713
f 635//635 645//645 646//646
f 367//367 636//636 350//350
f 615//615 646//646 533//533
f 533//533 447//447 615//615
f 393//393 230//230 229//229
f 230//230 393//393 121//121
f 718//718 606//606 654//654
f 572//572 7//7 627//627
f 806//806 705//705 121//121
f 698//698 593//593 400//400
f 608//608 638//638 599//599
f 642//642 597//597 156//156
f 436//436 652//652 680//680
f 666//666 625//625 320//320
f 672//672 667//667 471//471
f 613//613 766//766 632//632
f 36//36 610//610 621//621
f 660//660 573//573 634//634
f 659//659 658//658 623//623
f 45//45 610//610 36//36
f 170//170 805//805 640//640
f 7//7 24//24 627//627
f 45//45 719//719 610//610
f 44//44 719//719 45//45
f 650//650 643//643 642//642
f 766//766 613//613 680//680
f 613//613 436//436 680//680
f 675//675 659//659 532//532
f 630//630 641//641 745//745
f 653//653 644//644 362//362
f 651//651 477//477 375//375
f 672//672 510//510 667//667
f 139//139 313//313 649//649
f 455//455 28//28 30//30
f 154//154 649//649 160//160
f 648//648 593//593 698//698
f 698//698 580//580 656//656
f 530//530 588//588 728//728
f 650//650 600//600 643//643
f 658//658 656//656 580//580
f 655//655 600//600 173//173
f 646//646 615//615 661//661
f 745//745 641//641 647//647
f 659//659 623//623 638//638
f 118//118 127//127 664//664
f 198//198 481//481 517//517
f 671//671 647//647 657//657
f 663//663 659//659 668//668
f 656//656 658//658 659//659
f 593//593 648//648 670//670
f 666//666 566//566 685//685
f 656//656 659//659 663//663
f 127//127 538//538 642//642
f 700//700 614//614 573//573
f 745//745 665//665 209//209
f 660//660 700//700 573//573
f 689//689 13//13 7//7
f 389//389 375//375 477//477
f 389//389 477//477 669//669
f 668//668 659//659 675//675
f 600//600 650//650 741//741
f 605//605 118//118 664//664
f 662//662 606//606 147//147
f 268//268 665//665 745//745
f 14//14 566//566 12//12
f 23//23 13//13 692//692
f 671//671 268//268 745//745
f 669//669 494//494 390//390
f 635//635 545//545 532//532
f 160//160 649//649 779//779
f 294//294 268//268 671//671
f 477//477 605//605 676//676
f 763//763 294//294 671//671
f 198//198 622//622 481//481
f 675//675 532//532 545//545
f 728//728 274//274 530//530
f 678//678 629//629 330//330
f 674//674 154//154 160//160
f 196//196 672//672 471//471
f 668//668 697//697 19//19
f 471//471 622//622 196//196
f 532//532 645//645 635//635
f 685//685 566//566 58//58
f 635//635 646//646 545//545
f 646//646 661//661 545//545
f 664//664 127//127 642//642
f 697//697 668//668 690//690
f 294//294 679//679 253//253
f 643//643 664//664 642//642
f 170//170 168//168 461//461
f 226//226 654//654 662//662
f 566//566 14//14 58//58
f 490//490 396//396 487//487
f 600//600 664//664 643//643
f 625//625 677//677 503//503
f 668//668 19//19 663//663
f 678//678 330//330 604//604
f 23//23 687//687 145//145
f 668//668 675//675 690//690
f 676//676 605//605 581//581
f 690//690 675//675 682//682
f 662//662 147//147 688//688
f 682//682 675//675 545//545
f 629//629 689//689 7//7
f 516//516 683//683 686//686
f 14//14 695//695 58//58
f 634//634 717//717 722//722
f 688//688 226//226 662//662
f 694//694 677//677 666//666
f 625//625 666//666 677//677
f 692//692 13//13 420//420
f 681//681 600//600 655//655
f 266//266 31//31 328//328
f 787//787 446//446 783//783
f 328//328 191//191 266//266
f 682//682 661//661 582//582
f 191//191 328//328 215//215
f 720//720 672//672 196//196
f 680//680 652//652 696//696
f 666//666 685//685 694//694
f 85//85 587//587 255//255
f 135//135 490//490 494//494
f 691//691 697//697 690//690
f 181//181 145//145 687//687
f 326//326 461//461 473//473
f 326//326 473//473 175//175
f 365//365 415//415 516//516
f 365//365 516//516 522//522
f 1//1 690//690 682//682
f 672//672 709//709 563//563
f 516//516 686//686 543//543
f 420//420 13//13 689//689
f 522//522 516//516 543//543
f 756//756 603//603 624//624
f 581//581 605//605 664//664
f 695//695 14//14 4//4
f 699//699 634//634 722//722
f 61//61 58//58 695//695
f 794//794 802//802 787//787
f 446//446 787//787 802//802
f 617//617 135//135 704//704
f 47//47 331//331 275//275
f 4//4 697//697 602//602
f 628//628 353//353 364//364
f 706//706 181//181 687//687
f 631//631 156//156 597//597
f 693//693 720//720 196//196
f 577//577 177//177 534//534
f 680//680 696//696 778//778
f 584//584 655//655 182//182
f 742//742 699//699 722//722
f 692//692 687//687 23//23
f 682//682 582//582 227//227
f 522//522 543//543 573//573
f 182//182 655//655 173//173
f 701//701 121//121 705//705
f 582//582 193//193 16//16
f 193//193 702//702 16//16
f 543//543 135//135 617//617
f 129//129 655//655 584//584
f 696//696 555//555 716//716
f 469//469 181//181 706//706
f 699//699 743//743 660//660
f 706//706 687//687 707//707
f 687//687 692//692 707//707
f 692//692 420//420 712//712
f 289//289 673//673 589//589
f 728//728 588//588 419//419
f 673//673 310//310 589//589
f 225//225 693//693 232//232
f 700//700 660//660 747//747
f 712//712 707//707 692//692
f 626//626 597//597 592//592
f 543//543 617//617 573//573
f 743//743 747//747 660//660
f 584//584 704//704 129//129
f 141//141 547//547 563//563
f 705//705 578//578 63//63
f 563//563 709//709 141//141
f 716//716 778//778 696//696
f 63//63 701//701 705//705
f 778//778 710//710 777//777
f 626//626 703//703 514//514
f 16//16 702//702 708//708
f 719//719 716//716 555//555
f 711//711 452//452 718//718
f 718//718 452//452 633//633
f 672//672 720//720 709//709
f 710//710 778//778 716//716
f 714//714 707//707 712//712
f 743//743 699//699 742//742
f 72//72 387//387 715//715
f 714//714 712//712 711//711
f 243//243 16//16 708//708
f 740//740 717//717 713//713
f 156//156 731//731 650//650
f 721//721 571//571 614//614
f 74//74 73//73 715//715
f 707//707 214//214 469//469
f 718//718 714//714 711//711
f 167//167 73//73 74//74
f 162//162 731//731 156//156
f 719//719 710//710 716//716
f 167//167 74//74 520//520
f 723//723 724//724 162//162
f 731//731 162//162 724//724
f 730//730 650//650 731//731
f 226//226 714//714 718//718
f 297//297 274//274 736//736
f 730//730 741//741 650//650
f 736//736 274//274 726//726
f 734//734 722//722 717//717
f 158//158 157//157 531//531
f 368//368 709//709 720//720
f 158//158 531//531 518//518
f 274//274 728//728 726//726
f 724//724 760//760 731//731
f 713//713 704//704 159//159
f 721//721 614//614 700//700
f 518//518 531//531 234//234
f 760//760 729//729 731//731
f 719//719 744//744 710//710
f 234//234 531//531 177//177
f 729//729 765//765 731//731
f 150//150 720//720 34//34
f 679//679 518//518 234//234
f 3//3 240//240 5//5
f 571//571 721//721 583//583
f 583//583 721//721 732//732
f 740//740 734//734 717//717
f 735//735 726//726 728//728
f 94//94 222//222 616//616
f 735//735 728//728 419//419
f 754//754 749//749 722//722
f 739//739 194//194 730//730
f 744//744 796//796 781//781
f 744//744 781//781 710//710
f 634//634 713//713 717//717
f 660//660 634//634 699//699
f 616//616 222//222 733//733
f 721//721 700//700 747//747
f 241//241 577//577 289//289
f 733//733 222//222 217//217
f 734//734 99//99 754//754
f 722//722 734//734 754//754
f 732//732 721//721 115//115
f 721//721 747//747 115//115
f 739//739 249//249 194//194
f 44//44 751//751 744//744
f 731//731 765//765 730//730
f 195//195 183//183 178//178
f 178//178 239//239 195//195
f 736//736 726//726 746//746
f 734//734 740//740 99//99
f 730//730 194//194 741//741
f 209//209 126//126 94//94
f 630//630 745//745 209//209
f 738//738 750//750 765//765
f 739//739 765//765 750//750
f 722//722 749//749 742//742
f 587//587 241//241 289//289
f 218//218 213//213 239//239
f 743//743 742//742 752//752
f 748//748 744//744 751//751
f 751//751 36//36 38//38
f 747//747 743//743 752//752
f 518//518 671//671 657//657
f 745//745 647//647 671//671
f 723//723 632//632 776//776
f 750//750 249//249 739//739
f 726//726 735//735 746//746
f 755//755 587//587 589//589
f 41//41 748//748 751//751
f 49//49 46//46 36//36
f 115//115 747//747 113//113
f 113//113 747//747 752//752
f 735//735 753//753 746//746
f 86//86 752//752 742//742
f 738//738 765//765 729//729
f 762//762 738//738 729//729
f 589//589 301//301 755//755
f 518//518 763//763 671//671
f 736//736 746//746 321//321
f 753//753 735//735 356//356
f 772//772 761//761 768//768
f 303//303 301//301 212//212
f 768//768 761//761 757//757
f 724//724 723//723 772//772
f 757//757 750//750 768//768
f 723//723 776//776 772//772
f 772//772 760//760 724//724
f 754//754 99//99 87//87
f 758//758 761//761 772//772
f 729//729 760//760 762//762
f 228//228 99//99 740//740
f 753//753 356//356 767//767
f 730//730 765//765 739//739
f 99//99 228//228 100//100
f 753//753 767//767 746//746
f 750//750 757//757 764//764
f 754//754 111//111 749//749
f 757//757 761//761 764//764
f 465//465 331//331 369//369
f 771//771 761//761 758//758
f 761//761 771//771 764//764
f 776//776 632//632 766//766
f 247//247 364//364 367//367
f 315//315 205//205 99//99
f 289//289 282//282 673//673
f 298//298 314//314 185//185
f 321//321 746//746 791//791
f 767//767 356//356 363//363
f 263//263 764//764 769//769
f 750//750 738//738 762//762
f 764//764 771//771 769//769
f 766//766 684//684 776//776
f 263//263 769//769 276//276
f 760//760 772//772 768//768
f 762//762 760//760 768//768
f 746//746 767//767 363//363
f 276//276 769//769 775//775
f 750//750 762//762 768//768
f 771//771 770//770 769//769
f 766//766 680//680 777//777
f 791//791 746//746 774//774
f 780//780 746//746 363//363
f 313//313 773//773 649//649
f 680//680 778//778 777//777
f 775//775 769//769 782//782
f 770//770 782//782 769//769
f 774//774 746//746 780//780
f 777//777 684//684 766//766
f 772//772 776//776 758//758
f 758//758 776//776 684//684
f 773//773 313//313 2//2
f 775//775 782//782 345//345
f 786//786 791//791 774//774
f 779//779 773//773 783//783
f 784//784 758//758 684//684
f 770//770 799//799 782//782
f 2//2 804//804 773//773
f 780//780 378//378 386//386
f 781//781 684//684 777//777
f 782//782 799//799 792//792
f 684//684 781//781 784//784
f 385//385 774//774 780//780
f 385//385 780//780 386//386
f 786//786 774//774 385//385
f 781//781 777//777 710//710
f 799//799 788//788 792//792
f 758//758 784//784 771//771
f 792//792 370//370 782//782
f 773//773 804//804 783//783
f 794//794 787//787 783//783
f 386//386 786//786 385//385
f 785//785 795//795 788//788
f 785//785 789//789 793//793
f 793//793 795//795 785//785
f 804//804 794//794 783//783
f 795//795 790//790 788//788
f 791//791 786//786 797//797
f 792//792 788//788 790//790
f 790//790 795//795 807//807
f 784//784 781//781 796//796
f 770//770 771//771 784//784
f 798//798 797//797 786//786
f 770//770 784//784 799//799
f 784//784 796//796 799//799
f 795//795 793//793 808//808
f 800//800 802//802 794//794
f 807//807 795//795 808//808
f 796//796 748//748 799//799
f 796//796 744//744 748//748
f 424//424 797//797 798//798
f 91//91 184//184 807//807
f 798//798 407//407 424//424
f 748//748 788//788 799//799
f 423//423 248//248 266//266
f 801//801 347//347 318//318
f 132//132 802//802 800//800
f 748//748 785//785 788//788
f 785//785 748//748 789//789
f 191//191 803//803 266//266
f 60//60 41//41 46//46
f 2//2 341//341 406//406
f 794//794 259//259 29//29
f 2//2 406//406 176//176
f 804//804 2//2 259//259
f 318//318 333//333 106//106
f 789//789 41//41 60//60
f 333//333 318//318 242//242
f 60//60 256//256 789//789
f 254//254 393//393 292//292
f 636//636 367//367 139//139
f 793//793 789//789 256//256
f 479//479 705//705 806//806
f 265//265 805//805 806//806
f 793//793 256//256 108//108
f 482//482 488//488 578//578
f 179//179 808//808 793//793
f 488//488 480//480 809//809
f 809//809 500//500 488//488
f 565//565 809//809 480//480
f 637//637 620//620 811//811
f 651//651 605//605 477//477