# https://github.com/mikedh/trimesh
v 0.03494410 0.05331240 0.10653100
v 0.03494410 0.05578660 0.10686000
v 0.03494410 0.05470920 0.10671600
v 0.03494410 0.06600840 0.11269900
v 0.03494410 0.07784480 0.10390800
v 0.03494410 0.06600840 0.11226800
v 0.03494410 0.02990310 0.11180400
v 0.03494410 0.06643080 0.10677100
v 0.03494410 0.06574940 0.10686000
v 0.03494410 0.06600840 0.11192900
v 0.03494410 0.07549280 0.10475600
v 0.03494410 0.07414320 0.10516200
v 0.03494410 0.05701110 0.11166900
v 0.03494410 0.05404390 0.11166900
v 0.03494410 0.05741290 0.11166900
v 0.03494410 0.05902610 0.11166900
v 0.03494410 0.05966340 0.11166900
v 0.03494410 0.06087620 0.11166900
v 0.03494410 0.06466320 0.10694600
v 0.03494410 0.06321780 0.11166900
v 0.03494410 0.06714170 0.10667500
v 0.03494410 0.06357550 0.11166900
v 0.03494410 0.06326200 0.10705900
v 0.03494410 0.06217430 0.10708900
v 0.03494410 0.05107530 0.10610800
v 0.03494410 0.05224390 0.10632800
v 0.03494410 0.06076720 0.10712700
v 0.03494410 0.05936020 0.10708900
v 0.03494410 0.05719070 0.10697400
v 0.03494410 0.05827250 0.10705900
v 0.03494410 0.06378890 0.11166900
v 0.03494410 0.04369110 0.10390800
v 0.03494410 0.04501720 0.10438600
v 0.03494410 0.06553300 0.11166900
v 0.03494410 0.07204140 0.10573400
v 0.03494410 0.07067410 0.10606900
v 0.03494410 0.04739130 0.10516200
v 0.03494410 0.04843630 0.10547500
v 0.03494410 0.05989150 0.00000000
v 0.03494410 0.06076720 0.01024680
v 0.03494410 0.08979460 0.00797876
v 0.03494410 0.02990310 0.00797876
v 0.03494410 0.02707420 0.02443670
v 0.03494410 0.02809420 0.02345060
v 0.03494410 0.06185490 0.01027630
v 0.03494410 0.05331240 0.01084440
v 0.03494410 0.05364070 0.01080020
v 0.03494410 0.03164280 0.02037000
v 0.03494410 0.03275990 0.01950020
v 0.03494410 0.08470940 0.01680820
v 0.03494410 0.08459170 0.01673760
v 0.03494410 0.08240010 0.01552770
v 0.03494410 0.08229710 0.01547620
v 0.03494410 0.08335830 0.01605610
v 0.03494410 0.03391970 0.01868920
v 0.03494410 0.09446170 0.02443670
v 0.03494410 0.09413940 0.02412320
v 0.03494410 0.09520940 0.02523740
v 0.03494410 0.09617790 0.02627500
v 0.03494410 0.10479000 0.03393440
v 0.03494410 0.11978300 0.05989150
v 0.03494410 0.11180400 0.02990310
v 0.03494410 0.01544980 0.04371910
v 0.03494410 0.01474030 0.04615050
v 0.03494410 0.01505090 0.04508930
v 0.03494410 0.10608600 0.04371910
v 0.03494410 0.10679400 0.04615050
v 0.03494410 0.10648500 0.04508930
v 0.03494410 0.01315370 0.06011670
v 0.03494410 0.01311690 0.05868610
v 0.03494410 0.00000000 0.05989150
v 0.03494410 0.10704900 0.04722500
v 0.03494410 0.10737700 0.04861590
v 0.03494410 0.10783200 0.05111060
v 0.03494410 0.10757400 0.04970500
v 0.03494410 0.01356290 0.06516650
v 0.03494410 0.01337890 0.06375210
v 0.03494410 0.10835300 0.06122050
v 0.03494410 0.10838100 0.06011670
v 0.03494410 0.10826600 0.06232590
v 0.03494410 0.10783200 0.06626450
v 0.03494410 0.10801400 0.06484710
v 0.03494410 0.10815700 0.06375210
v 0.03494410 0.01474030 0.07122450
v 0.03494410 0.01544980 0.07365450
v 0.03494410 0.01505090 0.07228570
v 0.03494410 0.10680000 0.07120100
v 0.03494410 0.10680100 0.07119660
v 0.03494410 0.11180400 0.08979460
v 0.03494410 0.10608600 0.07365450
v 0.03494410 0.10679400 0.07122450
v 0.03494410 0.10648500 0.07228570
v 0.03494410 0.01614590 0.07565470
v 0.03494410 0.00797876 0.08979460
v 0.03494410 0.01628280 0.07604620
v 0.03494410 0.02444410 0.09001240
v 0.03494410 0.02373760 0.08917050
v 0.03494410 0.01830950 0.08067810
v 0.03494410 0.01950020 0.08290500
v 0.03494410 0.01898210 0.08193500
v 0.03494410 0.10255400 0.08193500
v 0.03494410 0.10203600 0.08290500
v 0.03494410 0.10322300 0.08067810
v 0.03494410 0.10147100 0.08384250
v 0.03494410 0.10073000 0.08506850
v 0.03494410 0.10146600 0.08384990
v 0.03494410 0.09779840 0.08917050
v 0.03494410 0.09709190 0.09001240
v 0.03494410 0.09617790 0.09110010
v 0.03494410 0.09543020 0.09190220
v 0.03494410 0.09446170 0.09293840
v 0.03494410 0.09344180 0.09392300
v 0.03494410 0.09182420 0.09540220
v 0.03494410 0.09223190 0.09505050
v 0.03494410 0.04604160 0.10475600
v 0.03494410 0.06600840 0.11166900
v 0.03494410 0.07309970 0.10547500
v 0.03494410 0.08890560 0.10212700
v 0.03494410 0.06600840 0.11445900
v 0.03494410 0.08979460 0.11180400
v 0.03494410 0.07681900 0.10427900
v 0.03494410 0.05377460 0.11815500
v 0.03494410 0.05377460 0.11166900
v 0.03494410 0.08890560 0.10124700
v 0.03494410 0.06431140 0.11166900
v 0.03494410 0.06929060 0.10632800
v 0.03494410 0.06822350 0.10653100
v 0.03494410 0.06538730 0.11166900
v 0.03494410 0.06595690 0.11166900
v 0.03494410 0.06496190 0.11166900
v 0.03494410 0.06405970 0.11166900
v 0.03494410 0.06522540 0.11166900
v 0.03494410 0.05578660 0.01051320
v 0.03494410 0.05687280 0.01042640
v 0.03494410 0.03651010 0.10036800
v 0.03494410 0.05936020 0.01028660
v 0.03494410 0.03913580 0.10184700
v 0.03494410 0.04040450 0.10246300
v 0.03494410 0.03694280 0.10063600
v 0.03494410 0.03601410 0.10005800
v 0.03494410 0.02809420 0.09392300
v 0.03494410 0.02707420 0.09293840
v 0.03494410 0.03189740 0.09720220
v 0.03494410 0.03078030 0.09633090
v 0.03494410 0.02160350 0.08624750
v 0.03494410 0.02221870 0.08715850
v 0.03494410 0.03275990 0.09787490
v 0.03494410 0.02888310 0.09468400
v 0.03494410 0.03365770 0.09850190
v 0.03494410 0.09931730 0.08715850
v 0.03494410 0.09865350 0.08803720
v 0.03494410 0.02632650 0.09213620
v 0.03494410 0.02971170 0.09540220
v 0.03494410 0.02307530 0.08829330
v 0.03494410 0.03481600 0.01806220
v 0.03494410 0.03574330 0.01748670
v 0.03494410 0.01792390 0.07985240
v 0.03494410 0.02080570 0.08506850
v 0.03494410 0.01961500 0.08309330
v 0.03494410 0.02006980 0.08384990
v 0.03494410 0.01723650 0.07839090
v 0.03494410 0.01784290 0.07967870
v 0.03494410 0.01682150 0.07736650
v 0.03494410 0.02971170 0.02197140
v 0.03494410 0.03078030 0.02104270
v 0.03494410 0.03128810 0.02064680
v 0.03494410 0.02888310 0.02269110
v 0.03494410 0.02610580 0.02547290
v 0.03494410 0.02486210 0.02686380
v 0.03494410 0.02535810 0.02627500
v 0.03494410 0.02221870 0.03021510
v 0.03494410 0.02288100 0.02933790
v 0.03494410 0.02006980 0.03352520
v 0.03494410 0.02080570 0.03230510
v 0.03494410 0.01950020 0.03446720
v 0.03494410 0.01591930 0.07500420
v 0.03494410 0.10712200 0.06983370
v 0.03494410 0.10737700 0.06875780
v 0.03494410 0.01394850 0.06760390
v 0.03494410 0.01415900 0.06875780
v 0.03494410 0.01396030 0.06767010
v 0.03494410 0.01448570 0.07014860
v 0.03494410 0.01370420 0.06626450
v 0.03494410 0.10835300 0.05615160
v 0.03494410 0.10838100 0.05725840
v 0.03494410 0.01329350 0.06264670
v 0.03494410 0.10841800 0.05868610
v 0.03494410 0.02160350 0.03112760
v 0.03494410 0.01314630 0.05758070
v 0.03494410 0.01318310 0.05615160
v 0.03494410 0.01326850 0.05504770
v 0.03494410 0.01337890 0.05362300
v 0.03494410 0.01358640 0.05201430
v 0.03494410 0.01352020 0.05252790
v 0.03494410 0.01669930 0.04030740
v 0.03494410 0.01628280 0.04132880
v 0.03494410 0.01448570 0.04722500
v 0.03494410 0.01415900 0.04861590
v 0.03494410 0.01370420 0.05111060
v 0.03494410 0.01581330 0.04267550
v 0.03494410 0.01495080 0.03393440
v 0.03494410 0.00797876 0.02990310
v 0.03494410 0.01770610 0.03798630
v 0.03494410 0.01830950 0.03669550
v 0.03494410 0.01898210 0.03544010
v 0.03494410 0.01723650 0.03898420
v 0.03494410 0.01390290 0.05002290
v 0.03494410 0.01318310 0.06122050
v 0.03494410 0.02373760 0.02820310
v 0.03494410 0.02444410 0.02736270
v 0.03494410 0.03789950 0.01620920
v 0.03494410 0.03913580 0.01552770
v 0.03494410 0.04239300 0.01401180
v 0.03494410 0.04369110 0.01346420
v 0.03494410 0.03694280 0.01673760
v 0.03494410 0.04471700 0.01309480
v 0.03494410 0.04843630 0.01189970
v 0.03494410 0.04980210 0.01156560
v 0.03494410 0.05086040 0.01130650
v 0.03494410 0.05193190 0.01110490
v 0.03494410 0.04708660 0.01230590
v 0.03494410 0.04604160 0.01261800
v 0.03494410 0.04138770 0.01443570
v 0.03494410 0.04040450 0.01491110
v 0.03494410 0.02535810 0.09110010
v 0.03494410 0.03481600 0.09931140
v 0.03494410 0.03817770 0.10131900
v 0.03494410 0.04138770 0.10293600
v 0.03494410 0.04268590 0.10348500
v 0.03494410 0.05827250 0.01031600
v 0.03494410 0.05755720 0.01037190
v 0.03494410 0.05470920 0.01065750
v 0.03494410 0.06600840 0.11716500
v 0.03494410 0.06600840 0.11815200
v 0.03494410 0.07885010 0.10348500
v 0.03494410 0.08014820 0.10293600
v 0.03494410 0.08141990 0.10232400
v 0.03494410 0.08240010 0.10184700
v 0.03494410 0.08335830 0.10131900
v 0.03494410 0.08459170 0.10063600
v 0.03494410 0.09075570 0.09633090
v 0.03494410 0.08579270 0.09988830
v 0.03494410 0.08671990 0.09931140
v 0.03494410 0.08761630 0.09868590
v 0.03494410 0.08877460 0.09787490
v 0.03494410 0.08989170 0.09700360
v 0.03494410 0.09265280 0.09468400
v 0.03494410 0.10429900 0.07839090
v 0.03494410 0.10383000 0.07938730
v 0.03494410 0.09993540 0.08624750
v 0.03494410 0.10525200 0.07604620
v 0.03494410 0.10483700 0.07706770
v 0.03494410 0.10561700 0.07500420
v 0.03494410 0.10763300 0.06735220
v 0.03494410 0.10815700 0.05362300
v 0.03494410 0.10826600 0.05504770
v 0.03494410 0.10797300 0.05220560
v 0.03494410 0.10809100 0.05311520
v 0.03494410 0.10561700 0.04237090
v 0.03494410 0.10525200 0.04132880
v 0.03494410 0.10429900 0.03898420
v 0.03494410 0.10483700 0.04030740
v 0.03494410 0.10369300 0.03769340
v 0.03494410 0.10322300 0.03669550
v 0.03494410 0.10255400 0.03544010
v 0.03494410 0.10203600 0.03446720
v 0.03494410 0.10130000 0.03325000
v 0.03494410 0.10073000 0.03230510
v 0.03494410 0.10011400 0.03139400
v 0.03494410 0.09931730 0.03021510
v 0.03494410 0.09865350 0.02933790
v 0.03494410 0.09779840 0.02820310
v 0.03494410 0.09709190 0.02736270
v 0.03494410 0.09344180 0.02345060
v 0.03494410 0.08113140 0.01491110
v 0.03494410 0.09265280 0.02269110
v 0.03494410 0.09158140 0.02176240
v 0.03494410 0.09075570 0.02104270
v 0.03494410 0.08963860 0.02017280
v 0.03494410 0.08877460 0.01950020
v 0.03494410 0.08761630 0.01868920
v 0.03494410 0.08671990 0.01806220
v 0.03494410 0.08552190 0.01731460
v 0.03494410 0.08014820 0.01443570
v 0.03494410 0.07885010 0.01388960
v 0.03494410 0.07784480 0.01346420
v 0.03494410 0.07651720 0.01298740
v 0.03494410 0.07549280 0.01261800
v 0.03494410 0.07444930 0.01230590
v 0.03494410 0.07309970 0.01189970
v 0.03494410 0.07173380 0.01156560
v 0.03494410 0.07067410 0.01130650
v 0.03494410 0.06929060 0.01104600
v 0.03494410 0.06822350 0.01084440
v 0.03494410 0.06574940 0.01051320
v 0.03494410 0.06466320 0.01042640
v 0.03494410 0.04980210 0.10581000
v 0.03494410 0.05086040 0.10606900
v 0.03494410 0.06682670 0.01065750
v 0.03494410 0.06326200 0.01031600
v 0.03494410 0.06283220 0.11166900
v 0.03500000 0.05389530 0.13614700
v 0.03493080 0.05374810 0.16062500
v 0.03506770 0.05404390 0.16062500
v 0.03500000 0.05389530 0.18510000
v 0.03486310 0.05359940 0.18510000
v 0.03500000 0.05389520 0.18510200
v 0.03486310 0.05359940 0.18510200
v 0.03506770 0.05404390 0.18510000
v 0.03506770 0.05404390 0.13614700
v 0.03513100 0.05419700 0.13614700
v 0.03513100 0.05419700 0.18510000
v 0.03519280 0.05434860 0.16062500
v 0.03500000 0.06588620 0.13614700
v 0.03493080 0.06603490 0.16062500
v 0.01553950 0.06604230 0.16188300
v 0.01567150 0.06632340 0.18510200
v 0.01560540 0.06618270 0.18510200
v 0.01553950 0.06604230 0.13801000
v 0.01567490 0.06633070 0.16183200
v 0.01547330 0.06589800 0.13803500
v 0.01540560 0.06575380 0.11418700
v 0.01567490 0.06633070 0.13795900
v 0.00000000 0.05989150 0.11264300
v 0.01567490 0.06633070 0.11408600
v 0.01568230 0.06634550 0.11408300
v 0.01597520 0.06690470 0.11399100
v 0.01582800 0.06662510 0.13793400
v 0.01597520 0.06690470 0.16178600
v 0.01575590 0.06648530 0.13795600
v 0.03593020 0.06306030 0.18510000
v 0.03599640 0.06273210 0.18510000
v 0.03593020 0.06306030 0.18510200
v 0.03599640 0.06273210 0.18510200
v 0.03593020 0.06306030 0.13614700
v 0.03589630 0.06322520 0.11166900
v 0.03603170 0.06256870 0.11166900
v 0.03603170 0.06256870 0.18510000
v 0.03603170 0.06256870 0.16062500
v 0.03605680 0.06240390 0.18510000
v 0.03605680 0.06240390 0.13614700
v 0.03608330 0.06223760 0.16062500
v 0.03613620 0.06190640 0.13614700
v 0.03613620 0.06190640 0.16062500
v 0.03610980 0.06207130 0.13614700
v 0.03610980 0.06207130 0.18510000
v 0.03615540 0.06173860 0.18510000
v 0.03619220 0.06140450 0.18510000
v 0.03615540 0.06173860 0.18510200
v 0.03619220 0.06140450 0.18510200
v 0.03506770 0.06573910 0.13614700
v 0.03506770 0.06573910 0.16062500
v 0.03500000 0.06588620 0.18510000
v 0.03500000 0.06588620 0.18510200
v 0.03500000 0.06588630 0.18510200
v 0.03486750 0.05361270 0.16386600
v 0.03506770 0.06573910 0.18510000
v 0.03513100 0.06558600 0.18510000
v 0.03513100 0.06558600 0.13614700
v 0.03519280 0.06543290 0.16062500
v 0.03615540 0.05804440 0.18510000
v 0.03615540 0.05804430 0.18510200
v 0.03615540 0.05804440 0.18510200
v 0.03619220 0.05837850 0.13614700
v 0.03621280 0.05854480 0.11166900
v 0.03615540 0.05804440 0.13614700
v 0.03610980 0.05771030 0.18510000
v 0.03605680 0.05737910 0.18510000
v 0.03610970 0.05771020 0.18510200
v 0.03605680 0.05737910 0.18510200
v 0.03610980 0.05771030 0.13614700
v 0.03613620 0.05787660 0.11166900
v 0.03603170 0.05721420 0.11166900
v 0.03599640 0.05705090 0.18510000
v 0.03593020 0.05672270 0.18510000
v 0.03599640 0.05705080 0.18510200
v 0.03593020 0.05672260 0.18510200
v 0.03568440 0.05575270 0.18510000
v 0.03558730 0.05543480 0.18510000
v 0.03568440 0.05575270 0.18510200
v 0.03558730 0.05543480 0.18510200
v 0.03568440 0.05575270 0.13614700
v 0.03573300 0.05591170 0.11166900
v 0.03554020 0.05527590 0.11166900
v 0.03537240 0.05480930 0.18510000
v 0.03537240 0.05480930 0.18510200
v 0.03513100 0.05419700 0.18510200
v 0.03525460 0.05450020 0.13614700
v 0.03531790 0.05465180 0.11166900
v 0.03479390 0.05345230 0.16380700
v 0.03478980 0.05344270 0.18510200
v 0.03479390 0.05345230 0.18510200
v 0.03478950 0.05344200 0.14091800
v 0.03478510 0.05343310 0.16379900
v 0.03479390 0.05345230 0.14092300
v 0.03486900 0.05361270 0.14098200
v 0.03490580 0.05369360 0.14101100
v 0.03479390 0.05345230 0.11803700
v 0.03589630 0.05655930 0.11166900
v 0.03506770 0.06573910 0.11166900
v 0.03621280 0.06123820 0.11166900
v 0.03613620 0.06190640 0.11166900
v 0.03627310 0.05989150 0.11166900
v 0.03573300 0.06387130 0.11166900
v 0.03554020 0.06450710 0.11166900
v 0.03625690 0.06056560 0.11166900
v 0.03506770 0.05404390 0.11166900
v 0.03531790 0.06512970 0.11166900
v 0.03625690 0.05921590 0.11166900
v 0.03531790 0.06512970 0.13614700
v 0.03531790 0.06512970 0.16062500
v 0.03525460 0.06528130 0.13614700
v 0.03525460 0.06528130 0.18510000
v 0.03531790 0.05465180 0.18510000
v 0.03531790 0.05465180 0.16062500
v 0.03525460 0.05450020 0.18510000
v 0.03537240 0.06497370 0.18510000
v 0.03548420 0.06466170 0.18510000
v 0.03537240 0.06497370 0.18510200
v 0.03548420 0.06466170 0.18510200
v 0.00361922 0.06574940 0.10686000
v 0.00361922 0.06326200 0.10705900
v 0.00361922 0.06076720 0.10712700
v 0.00361922 0.05827250 0.10705900
v 0.00361922 0.05578660 0.10686000
v 0.00361922 0.05331240 0.10653100
v 0.00361922 0.05086040 0.10606900
v 0.00361922 0.04843630 0.10547500
v 0.00361922 0.04604160 0.10475600
v 0.00361922 0.04369110 0.10390800
v 0.00361922 0.04138770 0.10293600
v 0.00361922 0.03337220 0.05276790
v 0.00361922 0.04138770 0.01443570
v 0.00361922 0.03256270 0.05180380
v 0.00361922 0.03067720 0.05134310
v 0.00361922 0.02221870 0.08715850
v 0.00361922 0.03143520 0.05234990
v 0.00361922 0.02373760 0.08917050
v 0.00361922 0.03913580 0.01552770
v 0.00361922 0.08240010 0.10184700
v 0.00361922 0.09010070 0.06502520
v 0.00361922 0.08897330 0.06556980
v 0.00361922 0.02715810 0.05048360
v 0.00361922 0.01950020 0.08290500
v 0.00361922 0.02781160 0.05156540
v 0.00361922 0.09779840 0.02820310
v 0.00361922 0.09931730 0.03021510
v 0.00361922 0.03452610 0.05228360
v 0.00361922 0.04369110 0.01346420
v 0.00361922 0.08615180 0.06417160
v 0.00361922 0.07784480 0.10390800
v 0.00361922 0.08701280 0.06509140
v 0.00361922 0.08014820 0.10293600
v 0.00361922 0.08816380 0.06460720
v 0.00361922 0.09617790 0.02627500
v 0.00361922 0.02535810 0.09110010
v 0.00361922 0.03538410 0.05320200
v 0.00361922 0.03655870 0.05277960
v 0.00361922 0.04604160 0.01261800
v 0.00361922 0.09446170 0.02443670
v 0.00361922 0.08497580 0.06459540
v 0.00361922 0.07549280 0.10475600
v 0.00361922 0.04303760 0.05435890
v 0.00361922 0.05331240 0.01084440
v 0.00361922 0.05086040 0.01130650
v 0.00361922 0.09075570 0.02104270
v 0.00361922 0.08192770 0.06326050
v 0.00361922 0.09265280 0.02269110
v 0.00361922 0.02707420 0.09293840
v 0.00361922 0.08407210 0.06372260
v 0.00361922 0.08287550 0.06408320
v 0.00361922 0.03746380 0.05365240
v 0.00361922 0.07309970 0.10547500
v 0.00361922 0.02888310 0.09468400
v 0.00361922 0.03865900 0.05329040
v 0.00361922 0.03960830 0.05411460
v 0.00361922 0.04843630 0.01189970
v 0.00361922 0.02887430 0.05090310
v 0.00361922 0.02080570 0.08506850
v 0.00361922 0.02958070 0.05194810
v 0.00361922 0.08877460 0.01950020
v 0.00361922 0.07972430 0.06278360
v 0.00361922 0.08071490 0.06355630
v 0.00361922 0.07067410 0.10606900
v 0.00361922 0.04082110 0.05381870
v 0.00361922 0.04181010 0.05459150
v 0.00361922 0.03078030 0.09633090
v 0.00361922 0.08209550 0.04017930
v 0.00361922 0.07747100 0.06229650
v 0.00361922 0.07849830 0.06301620
v 0.00361922 0.06822350 0.10653100
v 0.00361922 0.04868800 0.03296150
v 0.00361922 0.03275990 0.09787490
v 0.00361922 0.07284650 0.08441360
v 0.00361922 0.07623460 0.06246130
v 0.00361922 0.04406500 0.05507710
v 0.00361922 0.07099200 0.08466080
v 0.00361922 0.03944050 0.07719430
v 0.00361922 0.04530130 0.05491080
v 0.00361922 0.06859440 0.08447830
v 0.00361922 0.07392680 0.06189910
v 0.00361922 0.06804690 0.08417660
v 0.00361922 0.08094450 0.03993060
v 0.00361922 0.08671990 0.01806220
v 0.00361922 0.07988180 0.03926830
v 0.00361922 0.05054390 0.03271280
v 0.00361922 0.05107530 0.03304390
v 0.00361922 0.04005870 0.07711180
v 0.00361922 0.04059000 0.07744300
v 0.00361922 0.04636540 0.05557460
v 0.00361922 0.04760910 0.05547600
v 0.00361922 0.07045920 0.08432970
v 0.00361922 0.07517050 0.06179750
v 0.00361922 0.08147730 0.04026180
v 0.00361922 0.07871170 0.03901660
v 0.00361922 0.08459170 0.01673760
v 0.00361922 0.07761520 0.03841170
v 0.00361922 0.03481600 0.09931140
v 0.00361922 0.04165410 0.07810530
v 0.00361922 0.07925920 0.03931830
v 0.00361922 0.06617470 0.08422670
v 0.00361922 0.07158370 0.06132650
v 0.00361922 0.06561250 0.08395440
v 0.00361922 0.05294150 0.03289680
v 0.00361922 0.05348910 0.03319850
v 0.00361922 0.05578660 0.01051320
v 0.00361922 0.04227670 0.07805680
v 0.00361922 0.04282420 0.07835850
v 0.00361922 0.04870420 0.05607950
v 0.00361922 0.07283030 0.06129410
v 0.00361922 0.03694280 0.10063600
v 0.00361922 0.04392070 0.07896340
v 0.00361922 0.04995080 0.05604860
v 0.00361922 0.07699120 0.03842640
v 0.00361922 0.04685700 0.07978170
v 0.00361922 0.05232490 0.05662700
v 0.00361922 0.05107820 0.05659310
v 0.00361922 0.05535830 0.03314840
v 0.00361922 0.05592200 0.03342070
v 0.00361922 0.05827250 0.01031600
v 0.00361922 0.04454330 0.07894720
v 0.00361922 0.07642890 0.03815410
v 0.00361922 0.08240010 0.01552770
v 0.00361922 0.07530300 0.03760810
v 0.00361922 0.04510700 0.07921950
v 0.00361922 0.07045770 0.06078050
v 0.00361922 0.06921110 0.06074660
v 0.00361922 0.06374180 0.08390290
v 0.00361922 0.04743250 0.08002460
v 0.00361922 0.05347580 0.05711120
v 0.00361922 0.03913580 0.10184700
v 0.00361922 0.04623300 0.07976550
v 0.00361922 0.05779420 0.03347220
v 0.00361922 0.05836960 0.03371360
v 0.00361922 0.06316630 0.08366150
v 0.00361922 0.06023440 0.03386230
v 0.00361922 0.05472100 0.05721130
v 0.00361922 0.06082320 0.03407420
v 0.00361922 0.07410340 0.03734900
v 0.00361922 0.06805870 0.06026240
v 0.00361922 0.07467890 0.03759040
v 0.00361922 0.04920610 0.08056030
v 0.00361922 0.08014820 0.01443570
v 0.00361922 0.07295250 0.03686330
v 0.00361922 0.05885830 0.08305210
v 0.00361922 0.06440410 0.05957360
v 0.00361922 0.05825920 0.08287260
v 0.00361922 0.04858350 0.08051030
v 0.00361922 0.06681500 0.06016230
v 0.00361922 0.06130000 0.08351130
v 0.00361922 0.05218500 0.08145810
v 0.00361922 0.05832990 0.05816060
v 0.00361922 0.05158750 0.08127860
v 0.00361922 0.04979330 0.08077080
v 0.00361922 0.05589700 0.05763520
v 0.00361922 0.07232990 0.03681330
v 0.00361922 0.06071280 0.08330090
v 0.00361922 0.06563900 0.05973990
v 0.00361922 0.07174260 0.03660280
v 0.00361922 0.07784480 0.01346420
v 0.00361922 0.07056670 0.03617890
v 0.00361922 0.05713180 0.05780150
v 0.00361922 0.05096930 0.08119620
v 0.00361922 0.06994850 0.03609650
v 0.00361922 0.06267770 0.03432300
v 0.00361922 0.06327670 0.03450250
v 0.00361922 0.05460180 0.08208070
v 0.00361922 0.06076720 0.05868610
v 0.00361922 0.05955450 0.05839020
v 0.00361922 0.06320600 0.05921440
v 0.00361922 0.06198150 0.05898480
v 0.00361922 0.06934950 0.03591690
v 0.00361922 0.07549280 0.01261800
v 0.00361922 0.06815280 0.03555630
v 0.00361922 0.05399540 0.08193210
v 0.00361922 0.05338310 0.08181730
v 0.00361922 0.05642090 0.08252670
v 0.00361922 0.05581310 0.08237800
v 0.00361922 0.06754060 0.03544150
v 0.00361922 0.06511500 0.03484840
v 0.00361922 0.06572140 0.03499560
v 0.00361922 0.06693270 0.03529290
v 0.00361922 0.07309970 0.01189970
v 0.00361922 0.06574940 0.01051320
v 0.00361922 0.06326200 0.01031600
v 0.00361922 0.06822350 0.01084440
v 0.00361922 0.07067410 0.01130650
v 0.00361922 0.10841800 0.05868610
v 0.00361922 0.10322300 0.08067810
v 0.00361922 0.10429900 0.07839090
v 0.00361922 0.10815700 0.06375210
v 0.00361922 0.10525200 0.07604620
v 0.00361922 0.10608600 0.07365450
v 0.00361922 0.10148700 0.06862530
v 0.00361922 0.10679400 0.04615050
v 0.00361922 0.10113200 0.06740960
v 0.00361922 0.10835300 0.06122050
v 0.00361922 0.10783200 0.06626450
v 0.00361922 0.10679400 0.07122450
v 0.00361922 0.10737700 0.06875780
v 0.00361922 0.09617790 0.09110010
v 0.00361922 0.09779840 0.08917050
v 0.00361922 0.10027400 0.06832950
v 0.00361922 0.09446170 0.09293840
v 0.00361922 0.10737700 0.04861590
v 0.00361922 0.10815700 0.05362300
v 0.00361922 0.10203600 0.08290500
v 0.00361922 0.10835300 0.05615160
v 0.00361922 0.09931730 0.08715850
v 0.00361922 0.10783200 0.05111060
v 0.00361922 0.10073000 0.08506850
v 0.00361922 0.09895230 0.06800710
v 0.00361922 0.09265280 0.09468400
v 0.00361922 0.10608600 0.04371910
v 0.00361922 0.09985740 0.06713430
v 0.00361922 0.09752750 0.06765830
v 0.00361922 0.09075570 0.09633090
v 0.00361922 0.10525200 0.04132880
v 0.00361922 0.09847540 0.06683410
v 0.00361922 0.09599980 0.06728590
v 0.00361922 0.08877460 0.09787490
v 0.00361922 0.10429900 0.03898420
v 0.00361922 0.09698880 0.06651320
v 0.00361922 0.09437780 0.06688850
v 0.00361922 0.08671990 0.09931140
v 0.00361922 0.10322300 0.03669550
v 0.00361922 0.09540520 0.06617030
v 0.00361922 0.09266170 0.06647060
v 0.00361922 0.08459170 0.10063600
v 0.00361922 0.10203600 0.03446720
v 0.00361922 0.09372430 0.06580820
v 0.00361922 0.09085870 0.06603050
v 0.00361922 0.10073000 0.03230510
v 0.00361922 0.09195520 0.06542560
v 0.00361922 0.03694280 0.01673760
v 0.00361922 0.03481600 0.01806220
v 0.00361922 0.06076720 0.01024680
v 0.00361922 0.02400840 0.04971680
v 0.00361922 0.01723650 0.07839090
v 0.00361922 0.02454560 0.05086040
v 0.00361922 0.03275990 0.01950020
v 0.00361922 0.02258370 0.04936790
v 0.00361922 0.01628280 0.07604620
v 0.00361922 0.02306060 0.05054100
v 0.00361922 0.02888310 0.02269110
v 0.00361922 0.02707420 0.02443670
v 0.00361922 0.01415900 0.06875780
v 0.00361922 0.02221870 0.03021510
v 0.00361922 0.01370420 0.06626450
v 0.00361922 0.02126200 0.04904560
v 0.00361922 0.02535810 0.02627500
v 0.00361922 0.02004920 0.04874980
v 0.00361922 0.01474030 0.07122450
v 0.00361922 0.02040390 0.04996400
v 0.00361922 0.02373760 0.02820310
v 0.00361922 0.03078030 0.02104270
v 0.00361922 0.01337890 0.06375210
v 0.00361922 0.01950020 0.03446720
v 0.00361922 0.01318310 0.06122050
v 0.00361922 0.01311690 0.05868610
v 0.00361922 0.01830950 0.03669550
v 0.00361922 0.01723650 0.03898420
v 0.00361922 0.02080570 0.03230510
v 0.00361922 0.01318310 0.05615160
v 0.00361922 0.01628280 0.04132880
v 0.00361922 0.01337890 0.05362300
v 0.00361922 0.01370420 0.05111060
v 0.00361922 0.01544980 0.04371910
v 0.00361922 0.01474030 0.04615050
v 0.00361922 0.01415900 0.04861590
v 0.00361922 0.01544980 0.07365450
v 0.00361922 0.02167850 0.05024070
v 0.00361922 0.02553470 0.05008910
v 0.00361922 0.01830950 0.08067810
v 0.00361922 0.02613080 0.05120330
v 0.03479390 0.06633070 0.11803600
v 0.03451140 0.06686800 0.11783300
v 0.03449070 0.06690470 0.11781800
v 0.03447160 0.06694010 0.11780600
v 0.03416400 0.06745960 0.11760300
v 0.03383280 0.06796300 0.11740000
v 0.03381220 0.06799540 0.11738800
v 0.03343690 0.06850900 0.11717200
v 0.03303950 0.06899770 0.11696000
v 0.03264070 0.06943780 0.11676000
v 0.03262150 0.06946280 0.11675000
v 0.03220350 0.06987780 0.11655100
v 0.03218150 0.06989990 0.11654200
v 0.03174290 0.07029140 0.11634600
v 0.03172080 0.07031050 0.11633600
v 0.03169870 0.07032820 0.11632700
v 0.03124540 0.07069180 0.11613600
v 0.03077590 0.07102880 0.11594900
v 0.03075380 0.07104350 0.11594000
v 0.03073170 0.07105820 0.11593100
v 0.03024450 0.07136730 0.11574700
v 0.02972350 0.07165730 0.11556300
v 0.00000000 0.08626660 0.10550300
v 0.01747200 0.09903620 0.09764970
v 0.00000000 0.10550300 0.08626660
v 0.00000000 0.08626660 0.05989150
v 0.00000000 0.11264300 0.05989150
v 0.00000000 0.03704290 0.08626660
v 0.00000000 0.01419570 0.08626660
v 0.00000000 0.05636350 0.07308050
v 0.00000000 0.08269740 0.08626660
v 0.00000000 0.05989150 0.08626660
v 0.00000000 0.08093420 0.07967430
v 0.00000000 0.05989150 0.10550300
v 0.00000000 0.05023190 0.09592770
v 0.00000000 0.03351640 0.10550300
v 0.00000000 0.03880760 0.04010870
v 0.00000000 0.06341950 0.04670250
v 0.00000000 0.03704290 0.04670390
v 0.00000000 0.08269740 0.03351640
v 0.00000000 0.10550300 0.03351640
v 0.00000000 0.06955260 0.02385390
v 0.00000000 0.08626660 0.01419570
v 0.00000000 0.05989150 0.03351640
v 0.00000000 0.03351640 0.05989150
v 0.00000000 0.00713982 0.05989150
v 0.00000000 0.05989150 0.05989150
v 0.00000000 0.03175170 0.06648530
v 0.00000000 0.08803130 0.05329620
v 0.00000000 0.05989150 0.01419570
v 0.00000000 0.03704290 0.03351640
v 0.00000000 0.01419570 0.03351640
v 0.00000000 0.03351640 0.01419570
v 0.00000000 0.05989150 0.00713982
v 0.00000000 0.08269740 0.07307910
v 0.01747200 0.02204940 0.09903620
v 0.01747200 0.00755929 0.07484230
v 0.01747200 0.11264300 0.07307910
v 0.01747200 0.11222400 0.04489650
v 0.01747200 0.09764970 0.02074680
v 0.01747200 0.02204940 0.02074680
v 0.01747200 0.04670390 0.00709714
v 0.01747200 0.00709714 0.04670390
v 0.01747200 0.07307910 0.00709714
v 0.02523300 0.04701300 0.11433900
v 0.02579520 0.04702920 0.11445900
v 0.02580990 0.04702920 0.11446400
v 0.02637070 0.04708070 0.11459300
v 0.02638690 0.04708370 0.11459600
v 0.02694180 0.04716900 0.11473500
v 0.02696090 0.04717200 0.11474100
v 0.02750990 0.04729120 0.11488500
v 0.02752900 0.04729420 0.11488900
v 0.02807210 0.04744570 0.11504400
v 0.02809130 0.04745310 0.11504800
v 0.02811040 0.04745750 0.11505600
v 0.02864610 0.04764300 0.11521400
v 0.02916860 0.04786080 0.11538100
v 0.02918920 0.04786820 0.11538800
v 0.02970140 0.04811540 0.11555900
v 0.02972350 0.04812570 0.11556600
v 0.03022250 0.04840390 0.11574400
v 0.03024450 0.04841570 0.11575200
v 0.03073170 0.04872480 0.11593600
v 0.03075380 0.04873800 0.11594600
v 0.03077590 0.04875270 0.11595300
v 0.03124540 0.04909120 0.11614000
v 0.03169870 0.04945480 0.11633200
v 0.03172080 0.04947250 0.11634200
v 0.03215640 0.04986400 0.11653500
v 0.03218150 0.04988310 0.11654400
v 0.03220350 0.04990520 0.11655700
v 0.03262150 0.05032020 0.11675300
v 0.03301750 0.05076030 0.11695300
v 0.03303950 0.05078530 0.11696400
v 0.03341480 0.05124750 0.11716500
v 0.03343690 0.05127400 0.11717800
v 0.03345750 0.05130340 0.11719000
v 0.03381220 0.05178760 0.11739000
v 0.03414190 0.05228810 0.11759300
v 0.03416400 0.05232190 0.11760500
v 0.03418310 0.05235430 0.11761900
v 0.03449070 0.05287830 0.11782300
v 0.03477480 0.05341550 0.11802300
v 0.03449070 0.05287830 0.16369900
v 0.03441920 0.05275580 0.18510200
v 0.03449070 0.05287830 0.18510200
v 0.03441420 0.05274730 0.14071100
v 0.03425970 0.05248530 0.14060900
v 0.03433770 0.05261630 0.16359900
v 0.03449070 0.05287830 0.14076100
v 0.03425530 0.05247640 0.14060600
v 0.03432740 0.05259860 0.16359200
v 0.03416400 0.05232190 0.14059900
v 0.03416400 0.05232190 0.16359200
v 0.03424500 0.05246030 0.14059900
v 0.03425030 0.05246920 0.18510200
v 0.03423970 0.05245130 0.18510200
v 0.03343690 0.05127400 0.14027700
v 0.03343690 0.05127400 0.16337700
v 0.03353110 0.05140200 0.14027700
v 0.03362530 0.05153010 0.16337700
v 0.03353670 0.05140960 0.18510200
v 0.03352550 0.05139440 0.18510200
v 0.03218150 0.04988310 0.13980300
v 0.03218150 0.04988310 0.16306200
v 0.03229040 0.04999350 0.13980300
v 0.03230210 0.05000380 0.13980900
v 0.03240080 0.05010240 0.16306200
v 0.03230660 0.05000820 0.13981200
v 0.03229610 0.04999920 0.18510200
v 0.03228470 0.04998770 0.18510200
v 0.03216820 0.04987280 0.16305600
v 0.03206500 0.04978070 0.18510200
v 0.03217590 0.04987890 0.18510200
v 0.03075380 0.04873800 0.13935200
v 0.03075380 0.04873800 0.16276000
v 0.03087740 0.04882630 0.13935200
v 0.03099960 0.04891460 0.16276000
v 0.03088300 0.04883030 0.18510200
v 0.03087180 0.04882230 0.18510200
v 0.03074050 0.04873210 0.16275600
v 0.03062530 0.04865770 0.18510200
v 0.03074760 0.04873490 0.18510200
v 0.02809130 0.04745310 0.13868100
v 0.02809130 0.04745310 0.16231300
v 0.02822960 0.04750020 0.13868100
v 0.02836800 0.04754880 0.16231300
v 0.02823450 0.04750190 0.18510200
v 0.02822470 0.04749850 0.18510200
v 0.02695210 0.04716900 0.16215700
v 0.02681670 0.04714910 0.18510200
v 0.02695510 0.04717060 0.18510200
v 0.02637950 0.04708370 0.16208600
v 0.02624400 0.04707080 0.18510200
v 0.02638400 0.04708370 0.18510200
v 0.02523000 0.04701300 0.13814800
v 0.02522270 0.04701300 0.13814500
v 0.02523300 0.04701300 0.16195700
v 0.02523010 0.04701300 0.18510200
v 0.02523300 0.04701300 0.18510200
v 0.02522560 0.04701300 0.16195700
v 0.02493710 0.04702190 0.13811800
v 0.02465600 0.04702920 0.16190100
v 0.02507840 0.04701740 0.13814500
v 0.02521830 0.04701300 0.11433400
v 0.02465600 0.04702920 0.11422200
v 0.02464130 0.04703220 0.11422000
v 0.02407910 0.04708370 0.11411600
v 0.02436020 0.04705870 0.13803400
v 0.02407910 0.04708370 0.16184600
v 0.02450150 0.04704390 0.13805900
v 0.02638390 0.04708370 0.13834100
v 0.02638690 0.04708370 0.16208600
v 0.02638690 0.04708370 0.18510200
v 0.02407610 0.04708370 0.13798200
v 0.02407170 0.04708370 0.16184600
v 0.02407620 0.04708370 0.18510200
v 0.02407910 0.04708370 0.18510200
v 0.02393690 0.04710520 0.18510200
v 0.02181980 0.04764440 0.13774200
v 0.02181540 0.04764590 0.16168700
v 0.02182270 0.04764300 0.16168700
v 0.02181990 0.04764440 0.18510200
v 0.02182270 0.04764300 0.18510200
v 0.02209360 0.04754880 0.13777300
v 0.02222900 0.04750320 0.13778900
v 0.02236290 0.04745460 0.11386000
v 0.02182270 0.04764300 0.11379700
v 0.02237470 0.04745310 0.11386200
v 0.02237320 0.04745460 0.13779100
v 0.02237030 0.04745460 0.16172000
v 0.02237470 0.04745310 0.16172000
v 0.02237320 0.04745450 0.18510200
v 0.02237470 0.04745310 0.18510200
v 0.02237470 0.04745310 0.13779100
v 0.02251600 0.04741190 0.13779100
v 0.02265580 0.04737220 0.16172000
v 0.02251920 0.04741100 0.18510200
v 0.02251280 0.04741280 0.18510200
v 0.02252330 0.04741040 0.13779100
v 0.02252630 0.04741040 0.13779100
v 0.02280000 0.04733240 0.13782800
v 0.02266320 0.04737220 0.16172000
v 0.02293690 0.04729420 0.13784500
v 0.02293690 0.04729420 0.16175700
v 0.02280320 0.04733150 0.18510200
v 0.02293690 0.04729420 0.18510200
v 0.02293690 0.04729420 0.11393500
v 0.02238940 0.04744720 0.11386200
v 0.02349330 0.04717350 0.11401900
v 0.02350800 0.04717200 0.11402100
v 0.02350360 0.04717350 0.13791000
v 0.02350060 0.04717350 0.16179800
v 0.02350800 0.04717200 0.13791000
v 0.02350800 0.04717200 0.16180100
v 0.02350370 0.04717340 0.18510200
v 0.02350800 0.04717200 0.18510200
v 0.02406430 0.04708660 0.11411400
v 0.02321510 0.04723380 0.13788800
v 0.02335490 0.04720440 0.13790900
v 0.02223790 0.04750060 0.18510200
v 0.02237310 0.04745460 0.18510200
v 0.02181100 0.04764890 0.11379700
v 0.02127820 0.04786820 0.11374300
v 0.02126490 0.04787400 0.11374300
v 0.02127520 0.04786960 0.13770100
v 0.02127230 0.04787110 0.16166100
v 0.02127820 0.04786820 0.16166100
v 0.02127530 0.04786960 0.18510200
v 0.02127820 0.04786820 0.18510200
v 0.02100440 0.04799920 0.13769200
v 0.02074540 0.04812570 0.16164200
v 0.02113540 0.04793730 0.13770100
v 0.02074100 0.04812720 0.13767300
v 0.02073800 0.04813010 0.16164200
v 0.02074110 0.04812720 0.18510200
v 0.02074540 0.04812570 0.18510200
v 0.02074540 0.04812570 0.11370600
v 0.02073210 0.04813310 0.11370600
v 0.02022140 0.04841570 0.11368400
v 0.02047750 0.04827440 0.13766700
v 0.02022140 0.04841570 0.16162800
v 0.02060560 0.04820370 0.13767300
v 0.02015370 0.04845840 0.13765500
v 0.02001980 0.04854370 0.13765100
v 0.02015510 0.04845750 0.18510200
v 0.02022140 0.04841570 0.18510200
v 0.02008750 0.04850110 0.16162700
v 0.02022140 0.04841570 0.13765700
v 0.01996240 0.04858050 0.13764900
v 0.01997270 0.04857460 0.16162100
v 0.02009610 0.04849530 0.18510200
v 0.02015230 0.04845930 0.18510200
v 0.01995210 0.04858790 0.11367600
v 0.01972540 0.04873210 0.11366800
v 0.01971360 0.04873800 0.11366800
v 0.01970330 0.04874540 0.11366500
v 0.01971070 0.04873950 0.13764400
v 0.01970770 0.04874100 0.16162100
v 0.01971360 0.04873800 0.16162100
v 0.01971070 0.04873950 0.18510200
v 0.01971360 0.04873800 0.18510200
v 0.01922200 0.04909120 0.11365400
v 0.01946190 0.04891910 0.13764100
v 0.01922200 0.04909120 0.16161700
v 0.01958410 0.04883220 0.13764400
v 0.01910430 0.04918540 0.13763600
v 0.01898650 0.04927960 0.16161700
v 0.01910670 0.04918350 0.18510200
v 0.01922200 0.04909120 0.18510200
v 0.01886880 0.04937380 0.13763600
v 0.01898210 0.04928110 0.16161700
v 0.01887030 0.04937240 0.13763600
v 0.01875550 0.04946510 0.11365400
v 0.01874520 0.04947250 0.11365400
v 0.01873490 0.04948130 0.11365400
v 0.01873780 0.04947980 0.13763600
v 0.01874070 0.04947690 0.16161700
v 0.01874070 0.04947690 0.13763600
v 0.01874520 0.04947250 0.13763600
v 0.01874520 0.04947250 0.16161700
v 0.01874230 0.04947390 0.18510200
v 0.01874520 0.04947250 0.18510200
v 0.01828740 0.04988310 0.11366500
v 0.01862300 0.04958280 0.13763600
v 0.01828010 0.04989040 0.13764400
v 0.01828300 0.04988750 0.16162100
v 0.01828300 0.04988750 0.13764400
v 0.01828740 0.04988310 0.13764400
v 0.01817120 0.05000080 0.13764400
v 0.01806220 0.05010830 0.16162100
v 0.01827860 0.04989190 0.11366500
v 0.01784730 0.05032020 0.11368700
v 0.01783850 0.05033050 0.11368800
v 0.01774280 0.05043650 0.13765800
v 0.01763250 0.05055720 0.16163400
v 0.01742790 0.05078530 0.16164900
v 0.01753160 0.05066960 0.18510200
v 0.01752730 0.05067440 0.18510200
v 0.01773550 0.05044390 0.13766100
v 0.01742790 0.05078530 0.11372100
v 0.01742790 0.05078530 0.13768500
v 0.01703930 0.05126370 0.11377200
v 0.01741020 0.05080450 0.11372400
v 0.01703200 0.05127400 0.11377200
v 0.01703640 0.05126660 0.13772300
v 0.01702170 0.05128570 0.11377500
v 0.01693780 0.05140200 0.13772300
v 0.01693040 0.05141080 0.13772500
v 0.01665520 0.05178760 0.11383500
v 0.01664780 0.05179940 0.11383500
v 0.01656690 0.05192010 0.13777000
v 0.01656100 0.05193040 0.13777200
v 0.01630340 0.05232190 0.11390900
v 0.01630340 0.05232190 0.13782500
v 0.01598250 0.05286500 0.11399000
v 0.01596780 0.05289000 0.11399400
v 0.01597520 0.05287830 0.11399100
v 0.01598110 0.05286800 0.13788600
v 0.01590010 0.05302100 0.13788900
v 0.01582060 0.05317120 0.16178600
v 0.01567490 0.05345230 0.16183200
v 0.01575030 0.05330760 0.18510200
v 0.01574670 0.05331440 0.18510200
v 0.01589420 0.05302990 0.13788900
v 0.01567490 0.05345230 0.11408600
v 0.01567490 0.05345230 0.13795900
v 0.01566760 0.05346700 0.11408700
v 0.01560430 0.05359940 0.13795900
v 0.01553220 0.05375550 0.16183200
v 0.01539820 0.05404390 0.16188300
v 0.01546760 0.05389610 0.18510200
v 0.01546420 0.05390340 0.18510200
v 0.01559990 0.05361120 0.13796000
v 0.01539820 0.05404390 0.11419000
v 0.01539820 0.05404390 0.13803700
v 0.01515690 0.05463710 0.11430200
v 0.01514950 0.05465180 0.11430500
v 0.01515390 0.05464150 0.13812000
v 0.01514360 0.05466950 0.11430800
v 0.01509360 0.05480930 0.13812300
v 0.01503620 0.05497270 0.16194200
v 0.01492870 0.05527590 0.16200200
v 0.01498460 0.05512010 0.18510200
v 0.01498170 0.05512850 0.18510200
v 0.01509060 0.05482110 0.13812500
v 0.01492870 0.05527590 0.11442700
v 0.01492870 0.05527590 0.13821500
v 0.01492140 0.05529500 0.11443100
v 0.01488020 0.05543480 0.13821500
v 0.01482860 0.05560410 0.16200500
v 0.01473590 0.05591170 0.16206900
v 0.01478290 0.05575270 0.18510200
v 0.01478020 0.05576160 0.18510200
v 0.01487570 0.05544950 0.13821900
v 0.01473590 0.05591170 0.11456100
v 0.01473590 0.05591170 0.13831500
v 0.01473150 0.05593080 0.11456400
v 0.01469470 0.05607210 0.13831500
v 0.01469030 0.05608680 0.13831800
v 0.01457250 0.05655930 0.11470400
v 0.01457250 0.05655930 0.13842200
v 0.01444010 0.05719220 0.11484800
v 0.01443570 0.05721420 0.11485200
v 0.01443860 0.05719660 0.13853100
v 0.01443270 0.05723630 0.11485700
v 0.01440920 0.05737910 0.13853400
v 0.01438120 0.05755720 0.16221900
v 0.01432970 0.05787660 0.16229400
v 0.01435700 0.05771080 0.18510200
v 0.01435530 0.05772150 0.18510200
v 0.01440620 0.05739680 0.13853800
v 0.01432970 0.05787660 0.11501100
v 0.01432970 0.05787660 0.13865300
v 0.01430030 0.05813560 0.16235700
v 0.01432970 0.05787660 0.18510200
v 0.01432860 0.05788570 0.18510200
v 0.01427080 0.05839470 0.11513800
v 0.01428550 0.05826510 0.13874700
v 0.01425900 0.05852270 0.11517000
v 0.01429290 0.05819890 0.16237500
v 0.01425610 0.05853450 0.16237500
v 0.01427450 0.05836610 0.18510200
v 0.01427310 0.05837860 0.18510200
v 0.01425760 0.05852860 0.13877200
v 0.01425610 0.05854480 0.11517500
v 0.01425460 0.05856830 0.11518200
v 0.01424430 0.05871260 0.13877500
v 0.01424290 0.05873170 0.13878100
v 0.01421050 0.05921590 0.11534700
v 0.01421050 0.05921590 0.16246300
v 0.01420620 0.05937860 0.18510200
v 0.01421050 0.05921590 0.18510200
v 0.01420610 0.05938520 0.13890500
v 0.01420310 0.05955450 0.16246300
v 0.01421050 0.05924390 0.11535400
v 0.01420610 0.05940430 0.13890900
v 0.01419580 0.05989150 0.11552900
v 0.03537240 0.06497370 0.13614700
v 0.03531790 0.05465180 0.13614700
v 0.03537240 0.05480930 0.13614700
v 0.03542680 0.05496530 0.16062500
v 0.01421490 0.05915850 0.11532900
v 0.01419580 0.05991800 0.11552500
v 0.01419870 0.06006670 0.13904000
v 0.01420310 0.06024030 0.16255100
v 0.01419870 0.06006080 0.13904200
v 0.01420310 0.06022850 0.16255300
v 0.01420590 0.06039650 0.18510200
v 0.01420590 0.06039090 0.18510200
v 0.01420020 0.06012110 0.13903000
v 0.01420460 0.06032420 0.16253700
v 0.01419870 0.06007990 0.13903700
v 0.01420310 0.06024030 0.13900500
v 0.01420460 0.06039780 0.16251600
v 0.01420310 0.06020350 0.13901400
v 0.01420020 0.06008430 0.11549300
v 0.01420310 0.06023150 0.11545600
v 0.01421050 0.06056560 0.11536200
v 0.01425460 0.06121320 0.11518500
v 0.01422080 0.06072750 0.13887100
v 0.01423250 0.06088940 0.16238200
v 0.01421050 0.06056560 0.13891500
v 0.01421050 0.06056560 0.16247000
v 0.01422040 0.06072150 0.18510200
v 0.01421050 0.06056560 0.18510200
v 0.01425460 0.06122640 0.16238200
v 0.01424250 0.06105660 0.18510200
v 0.01424330 0.06106920 0.18510200
v 0.01425460 0.06122640 0.13878100
v 0.01425460 0.06123820 0.16237800
v 0.01425460 0.06122060 0.13878300
v 0.01425460 0.06123780 0.18510200
v 0.01425460 0.06123210 0.18510200
v 0.01427520 0.06141040 0.13877500
v 0.01429290 0.06158260 0.16237500
v 0.01427520 0.06140450 0.13877700
v 0.01429440 0.06158260 0.13873300
v 0.01432970 0.06190640 0.16229400
v 0.01427670 0.06142220 0.13877400
v 0.01435770 0.06207720 0.13865200
v 0.01438560 0.06224790 0.16229100
v 0.01435620 0.06207130 0.13865300
v 0.01438560 0.06224790 0.13861100
v 0.01443570 0.06256870 0.16221600
v 0.01436060 0.06208750 0.13864900
v 0.01447100 0.06273800 0.13853300
v 0.01450630 0.06290870 0.16221300
v 0.01446950 0.06273210 0.13853400
v 0.01457040 0.06321510 0.18510200
v 0.01453760 0.06306240 0.18510200
v 0.01450630 0.06290870 0.13849400
v 0.01457250 0.06322520 0.16213900
v 0.01447250 0.06274980 0.13853100
v 0.01444010 0.06259080 0.11484800
v 0.01457250 0.06322520 0.13842200
v 0.01457250 0.06322520 0.11470400
v 0.01473150 0.06385220 0.11456400
v 0.01473590 0.06387130 0.11456100
v 0.01473300 0.06386100 0.16207100
v 0.01473590 0.06387130 0.18510200
v 0.01473440 0.06386670 0.18510200
v 0.01473300 0.06386100 0.13831600
v 0.01473590 0.06387130 0.16206900
v 0.01473150 0.06385660 0.13831800
v 0.01473590 0.06387130 0.13831500
v 0.01478450 0.06403470 0.13831500
v 0.01483310 0.06419950 0.16206700
v 0.01478300 0.06403030 0.13831500
v 0.01478740 0.06404500 0.13831200
v 0.01483450 0.06419950 0.13827900
v 0.01492870 0.06450710 0.16200200
v 0.03554020 0.05527590 0.18510000
v 0.03554020 0.05527590 0.16062500
v 0.03548420 0.05511980 0.18510000
v 0.03548420 0.05511980 0.13614700
v 0.03573300 0.06387130 0.13614700
v 0.03573300 0.06387130 0.16062500
v 0.03568440 0.06403030 0.13614700
v 0.03568440 0.06403030 0.18510000
v 0.03563580 0.06418920 0.16062500
v 0.03554020 0.06450710 0.18510000
v 0.03554020 0.06450710 0.16062500
v 0.03558730 0.06434820 0.18510000
v 0.03558730 0.06434820 0.13614700
v 0.03554020 0.05527590 0.13614700
v 0.03558730 0.05543480 0.13614700
v 0.03563580 0.05559380 0.16062500
v 0.03573300 0.05591170 0.18510000
v 0.03573300 0.05591170 0.16062500
v 0.03589630 0.05655930 0.18510000
v 0.03589630 0.05655930 0.16062500
v 0.03585510 0.05639740 0.18510000
v 0.03585510 0.05639740 0.13614700
v 0.03581390 0.05623400 0.16062500
v 0.03573300 0.05591170 0.13614700
v 0.03577270 0.05607210 0.13614700
v 0.03577270 0.05607210 0.18510000
v 0.03585510 0.06338710 0.18510000
v 0.03585510 0.06338710 0.18510200
v 0.03577270 0.06370940 0.13614700
v 0.03589630 0.05655930 0.13614700
v 0.03593020 0.05672270 0.13614700
v 0.03596260 0.05688750 0.16062500
v 0.03603170 0.05721420 0.18510000
v 0.03603170 0.05721420 0.16062500
v 0.03599640 0.05705090 0.13614700
v 0.03603170 0.06256870 0.13614700
v 0.03599640 0.06273210 0.13614700
v 0.03596260 0.06289550 0.16062500
v 0.03589630 0.06322520 0.18510000
v 0.03589630 0.06322520 0.16062500
v 0.03603170 0.05721420 0.13614700
v 0.03605680 0.05737910 0.13614700
v 0.03608330 0.05754390 0.16062500
v 0.03613620 0.05787660 0.18510000
v 0.03613620 0.05787660 0.16062500
v 0.03613620 0.05787660 0.13614700
v 0.03617300 0.05821220 0.16062500
v 0.03621280 0.05854480 0.18510000
v 0.03621280 0.05854480 0.16062500
v 0.03619220 0.05837850 0.18510000
v 0.01504210 0.06482650 0.16200100
v 0.01514650 0.06512130 0.18510200
v 0.01509350 0.06497380 0.18510200
v 0.01504210 0.06482650 0.13818400
v 0.01514950 0.06512970 0.16194200
v 0.01498760 0.06467490 0.13821300
v 0.01493310 0.06452330 0.11442400
v 0.01514950 0.06512970 0.13812300
v 0.01514950 0.06512970 0.11430500
v 0.01515690 0.06514440 0.11430200
v 0.01539820 0.06573910 0.11419000
v 0.01527750 0.06544170 0.13809200
v 0.01539820 0.06573910 0.16188300
v 0.01521570 0.06529460 0.13812000
v 0.01540120 0.06574640 0.16188300
v 0.01539820 0.06573910 0.18510200
v 0.01539830 0.06573930 0.18510200
v 0.01539970 0.06574200 0.13803700
v 0.01492870 0.06450710 0.11442700
v 0.01521280 0.06528720 0.13812200
v 0.01527610 0.06544320 0.16193900
v 0.01521130 0.06528130 0.13812300
v 0.03610980 0.06207130 0.18510200
v 0.03610970 0.06207130 0.18510200
v 0.03621280 0.05854480 0.13614700
v 0.03622310 0.05871260 0.13614700
v 0.03622310 0.05871260 0.18510000
v 0.03623490 0.05888180 0.16062500
v 0.01498470 0.06466760 0.13821300
v 0.01498320 0.06466170 0.13821500
v 0.01474030 0.06389040 0.11455700
v 0.01465050 0.06353870 0.16207100
v 0.01469190 0.06369990 0.18510200
v 0.01469440 0.06370970 0.18510200
v 0.01461080 0.06338270 0.13838700
v 0.01460960 0.06337790 0.18510200
v 0.01457250 0.06322520 0.18510200
v 0.01443570 0.06256870 0.11485200
v 0.01433410 0.06192700 0.11500700
v 0.01432970 0.06190640 0.11501100
v 0.01427080 0.06138690 0.11513800
v 0.01425900 0.06126030 0.11517300
v 0.01425610 0.06123820 0.11517800
v 0.01420610 0.06039930 0.13896400
v 0.01420460 0.06031390 0.13898600
v 0.01741020 0.06897850 0.11372400
v 0.01703930 0.06851930 0.11377200
v 0.01742790 0.06899770 0.11372100
v 0.01723360 0.06875780 0.13771000
v 0.01742790 0.06899770 0.16164900
v 0.01713650 0.06863860 0.13772300
v 0.01713200 0.06863410 0.13772300
v 0.01723360 0.06875780 0.16167300
v 0.01713060 0.06863120 0.13772300
v 0.01703200 0.06850900 0.16167600
v 0.01712840 0.06862850 0.18510200
v 0.01703200 0.06850900 0.18510200
v 0.01722920 0.06875340 0.16167600
v 0.01684650 0.06825880 0.13775400
v 0.01675380 0.06813220 0.13776900
v 0.01666250 0.06800710 0.11383200
v 0.01703200 0.06850900 0.11377200
v 0.01665520 0.06799540 0.11383500
v 0.01631080 0.06747290 0.11390600
v 0.01648300 0.06773340 0.13780500
v 0.01665520 0.06799540 0.16170500
v 0.01639760 0.06760240 0.13782500
v 0.01639320 0.06759650 0.13782500
v 0.01648440 0.06773340 0.16174200
v 0.01647860 0.06772900 0.16174200
v 0.01674730 0.06812050 0.18510200
v 0.01665520 0.06799540 0.18510200
v 0.01674940 0.06812340 0.13777000
v 0.01684360 0.06825150 0.16170500
v 0.01630340 0.06745960 0.11390900
v 0.01598250 0.06691950 0.11399000
v 0.01614300 0.06719030 0.13786600
v 0.01630340 0.06745960 0.16174200
v 0.01606350 0.06705490 0.13788600
v 0.01675080 0.06812640 0.13777000
v 0.01684500 0.06825740 0.16170500
v 0.03568440 0.06403030 0.18510200
v 0.03573300 0.06387130 0.18510000
v 0.03577270 0.06370940 0.18510000
v 0.03581390 0.06354900 0.16062500
v 0.03622310 0.06106900 0.13614700
v 0.03626870 0.06006080 0.18510000
v 0.03626870 0.06006080 0.18510200
v 0.03625990 0.06039780 0.13614700
v 0.03627310 0.05989150 0.18510000
v 0.03627310 0.05989150 0.16062500
v 0.03626870 0.05972220 0.18510000
v 0.03626870 0.05972220 0.13614700
v 0.03626430 0.05955450 0.16062500
v 0.03625690 0.05921590 0.13614700
v 0.03625690 0.05921590 0.16062500
v 0.03625990 0.05938520 0.13614700
v 0.03625990 0.05938520 0.18510000
v 0.03622310 0.05871260 0.18510200
v 0.03531790 0.06512970 0.18510000
v 0.03542680 0.06481770 0.16062500
v 0.03513100 0.06558600 0.18510200
v 0.03525460 0.06528130 0.18510200
v 0.03449070 0.06690470 0.14075800
v 0.03449070 0.06690470 0.16369800
v 0.03440980 0.06704460 0.14075800
v 0.03432740 0.06718440 0.16369800
v 0.03440430 0.06705390 0.18510200
v 0.03441520 0.06703520 0.18510200
v 0.03354580 0.06835890 0.14028300
v 0.03345750 0.06847960 0.11718500
v 0.03343690 0.06850900 0.14027400
v 0.03345160 0.06848700 0.14028300
v 0.03344720 0.06849430 0.16338100
v 0.03343690 0.06850900 0.16337400
v 0.03343690 0.06850900 0.18510200
v 0.03343750 0.06850820 0.18510200
v 0.03333680 0.06863120 0.14027400
v 0.03323680 0.06875340 0.16337400
v 0.03333090 0.06863850 0.18510200
v 0.03334280 0.06862390 0.18510200
v 0.03332210 0.06865180 0.14026500
v 0.03341480 0.06853550 0.11716000
v 0.03303950 0.06899770 0.14011500
v 0.03303950 0.06899770 0.16327000
v 0.03284080 0.06921850 0.16316900
v 0.03293400 0.06911410 0.18510200
v 0.03294500 0.06910200 0.18510200
v 0.03183560 0.07020750 0.13964700
v 0.03195190 0.07010450 0.16295600
v 0.03172080 0.07031050 0.16295600
v 0.03182980 0.07021270 0.18510200
v 0.03172080 0.07031050 0.18510200
v 0.03147200 0.07051070 0.16295200
v 0.03171190 0.07032090 0.16295200
v 0.03159090 0.07041560 0.18510200
v 0.03160290 0.07040620 0.18510200
v 0.03087740 0.07095520 0.13934900
v 0.03124540 0.07069180 0.13949700
v 0.03124540 0.07069180 0.16285600
v 0.03100990 0.07086100 0.16276300
v 0.03089210 0.07094490 0.13935500
v 0.03112230 0.07077950 0.18510200
v 0.03113300 0.07077180 0.18510200
v 0.03073610 0.07105530 0.13934200
v 0.03048740 0.07121280 0.16275300
v 0.03074050 0.07105090 0.16275300
v 0.03061380 0.07113270 0.18510200
v 0.03062530 0.07112540 0.18510200
v 0.02985300 0.07158370 0.13906700
v 0.02974410 0.07164550 0.11557100
v 0.02986920 0.07157630 0.13907100
v 0.02933940 0.07184270 0.13893700
v 0.02921130 0.07190450 0.11539100
v 0.02932320 0.07185010 0.13893100
v 0.02918920 0.07191480 0.11538400
v 0.02890810 0.07203110 0.16247800
v 0.02917890 0.07191930 0.16247800
v 0.02904240 0.07197450 0.18510200
v 0.02905310 0.07197020 0.18510200
v 0.02864470 0.07213850 0.13880200
v 0.02864610 0.07213850 0.11521000
v 0.02916720 0.07192510 0.11537600
v 0.02890520 0.07203260 0.13888400
v 0.02916860 0.07192370 0.11537600
v 0.02916860 0.07192510 0.11537600
v 0.01458280 0.07909440 0.11043800
v 0.02811040 0.07232550 0.11505100
v 0.02809130 0.07233280 0.11504400
v 0.02754810 0.07248440 0.11489200
v 0.02752900 0.07248890 0.11488600
v 0.02696090 0.07261100 0.11473500
v 0.02640450 0.07269640 0.11459800
v 0.02638690 0.07269930 0.11459300
v 0.02580990 0.07275230 0.11445900
v 0.02579520 0.07275230 0.11445600
v 0.02523300 0.07277000 0.11433400
v 0.02467070 0.07275230 0.11422400
v 0.02481200 0.07275820 0.13806200
v 0.02480030 0.07275670 0.13805900
v 0.02465600 0.07275230 0.11422000
v 0.02407910 0.07269930 0.11411400
v 0.02464130 0.07275080 0.11421700
v 0.02464570 0.07275080 0.13805700
v 0.02436020 0.07272580 0.16189800
v 0.02464870 0.07275230 0.16189800
v 0.02450490 0.07273870 0.18510200
v 0.02451260 0.07273940 0.18510200
v 0.02407910 0.07269930 0.13798100
v 0.02365960 0.07263600 0.13791000
v 0.02351980 0.07261400 0.11402100
v 0.02350800 0.07261100 0.11401900
v 0.02365080 0.07263310 0.13790900
v 0.02293690 0.07248890 0.11393500
v 0.02295160 0.07249180 0.11393500
v 0.02309000 0.07252120 0.13784500
v 0.02308120 0.07251980 0.13784500
v 0.02238940 0.07233430 0.11386200
v 0.02252630 0.07237260 0.13779100
v 0.02251600 0.07237110 0.13778900
v 0.02237470 0.07233280 0.11386000
v 0.02236290 0.07232700 0.11385700
v 0.02236730 0.07232840 0.13778800
v 0.02182270 0.07213850 0.11379700
v 0.02182270 0.07213850 0.13774200
v 0.02182270 0.07213850 0.16168700
v 0.02155640 0.07202960 0.16166100
v 0.02142390 0.07197370 0.13770200
v 0.02128990 0.07191930 0.11374600
v 0.02168740 0.07208290 0.18510200
v 0.02169310 0.07208530 0.18510200
v 0.02127820 0.07191480 0.11374300
v 0.02141360 0.07197080 0.13770100
v 0.02126490 0.07190900 0.11374300
v 0.02126930 0.07191040 0.13770100
v 0.02100440 0.07178240 0.16166100
v 0.02127230 0.07191190 0.16166100
v 0.02113830 0.07184720 0.18510200
v 0.02114410 0.07185000 0.18510200
v 0.02074540 0.07165730 0.13767300
v 0.02074540 0.07165730 0.11370600
v 0.02112800 0.07184270 0.11373200
v 0.02022140 0.07136730 0.11368400
v 0.02023320 0.07137170 0.11368400
v 0.02035240 0.07143940 0.13765700
v 0.01995210 0.07119510 0.11367600
v 0.02022140 0.07136730 0.13765700
v 0.02022140 0.07136730 0.16162800
v 0.02008750 0.07128050 0.16162700
v 0.02001980 0.07123780 0.13765100
v 0.02015230 0.07132230 0.18510200
v 0.02015510 0.07132410 0.18510200
v 0.01984900 0.07112890 0.13764400
v 0.01972540 0.07105090 0.11366800
v 0.01984020 0.07112450 0.13764400
v 0.01971360 0.07104350 0.11366500
v 0.01923090 0.07069910 0.11365400
v 0.01935300 0.07078590 0.13763600
v 0.01934570 0.07078010 0.13763600
v 0.01922200 0.07069180 0.11365400
v 0.01874520 0.07031050 0.11365400
v 0.01921170 0.07068440 0.11365400
v 0.01921470 0.07068730 0.13763600
v 0.01886140 0.07040330 0.13763600
v 0.01897770 0.07049600 0.16161700
v 0.01874520 0.07031050 0.16161700
v 0.01885900 0.07040140 0.18510200
v 0.01874520 0.07031050 0.18510200
v 0.01874070 0.07030760 0.13763600
v 0.01873780 0.07030470 0.13763600
v 0.01873490 0.07030320 0.11365400
v 0.01828740 0.06989990 0.11366500
v 0.01839930 0.07000000 0.13764100
v 0.01850970 0.07010010 0.16161700
v 0.01828740 0.06989990 0.13764400
v 0.01828300 0.06989550 0.13764400
v 0.01827860 0.06988960 0.11366500
v 0.01828740 0.06989990 0.16162100
v 0.01828300 0.06989550 0.16162100
v 0.01784730 0.06946280 0.11368700
v 0.01795480 0.06957020 0.13765400
v 0.01806220 0.06967770 0.16162100
v 0.01784730 0.06946280 0.13765800
v 0.01784730 0.06946280 0.16163100
v 0.01795260 0.06956800 0.18510200
v 0.01784730 0.06946280 0.18510200
v 0.01764280 0.06923460 0.16164900
v 0.01784310 0.06945800 0.18510200
v 0.01774360 0.06934560 0.18510200
v 0.01764280 0.06923460 0.13767600
v 0.01753970 0.06912130 0.13768500
v 0.01743670 0.06900800 0.11372100
v 0.01743230 0.06900210 0.16164900
v 0.01753310 0.06911450 0.18510200
v 0.01742940 0.06900070 0.18510200
v 0.01817180 0.06978580 0.18510200
v 0.01817640 0.06979030 0.18510200
v 0.02036120 0.07144240 0.13765800
v 0.02523300 0.07277000 0.13814500
v 0.02565540 0.07275820 0.13823700
v 0.02580990 0.07275230 0.13823800
v 0.02580990 0.07275230 0.16201700
v 0.02566570 0.07275670 0.13823800
v 0.02552140 0.07275970 0.16201700
v 0.02566150 0.07275680 0.18510200
v 0.02566990 0.07275660 0.18510200
v 0.02582760 0.07275080 0.11446400
v 0.02595420 0.07273910 0.13823800
v 0.02596740 0.07273760 0.13824300
v 0.02652960 0.07267720 0.13834000
v 0.02667240 0.07265520 0.16208600
v 0.02638690 0.07269930 0.16208600
v 0.02652530 0.07267790 0.18510200
v 0.02638690 0.07269930 0.18510200
v 0.02654290 0.07267580 0.13834300
v 0.02809130 0.07233280 0.13867700
v 0.02809130 0.07233280 0.16231100
v 0.02781900 0.07240790 0.16223500
v 0.02768360 0.07244620 0.13856300
v 0.02795120 0.07237090 0.18510200
v 0.02796050 0.07236840 0.18510200
v 0.02781010 0.07241080 0.16223300
v 0.02766880 0.07244910 0.13855900
v 0.02752900 0.07248890 0.16223300
v 0.02766410 0.07245050 0.18510200
v 0.02752900 0.07248890 0.18510200
v 0.02711540 0.07257860 0.13845000
v 0.02697860 0.07260810 0.11474100
v 0.02710370 0.07258010 0.13844600
v 0.02822960 0.07228280 0.13867700
v 0.02824430 0.07227840 0.13868300
v 0.02609840 0.07272580 0.16201700
v 0.02594990 0.07273950 0.18510200
v 0.02580990 0.07275230 0.18510200
v 0.02918920 0.07191480 0.13893100
v 0.02918920 0.07191480 0.16247900
v 0.02917450 0.07192220 0.13892700
v 0.02918360 0.07191630 0.18510200
v 0.00361922 0.04930760 0.03287760
v 0.03024450 0.07136730 0.13920500
v 0.02379350 0.07265520 0.16179800
v 0.02350800 0.07261100 0.16179800
v 0.02364730 0.07263260 0.18510200
v 0.02350800 0.07261100 0.18510200
v 0.02265580 0.07241080 0.16172000
v 0.02237470 0.07233280 0.16172000
v 0.02251280 0.07237020 0.18510200
v 0.02237470 0.07233280 0.18510200
v 0.02209360 0.07223280 0.16171700
v 0.02237030 0.07232990 0.16171700
v 0.02223160 0.07228170 0.18510200
v 0.02223790 0.07228390 0.18510200
v 0.01996680 0.07120540 0.16162100
v 0.01971360 0.07104350 0.16162100
v 0.01983760 0.07112280 0.18510200
v 0.01971360 0.07104350 0.18510200
v 0.01921610 0.07068880 0.16161700
v 0.01909730 0.07059260 0.18510200
v 0.01910230 0.07059660 0.18510200
v 0.01874070 0.07030610 0.16161700
v 0.01862500 0.07020390 0.18510200
v 0.01862980 0.07020810 0.18510200
v 0.03490580 0.06608790 0.14100800
v 0.03622310 0.06106900 0.18510000
v 0.03624520 0.06073340 0.18510000
v 0.03622310 0.06106890 0.18510200
v 0.03624520 0.06073340 0.18510200
v 0.03554020 0.06450710 0.13614700
v 0.03548420 0.06466170 0.13614700
v 0.01742940 0.06900060 0.13768500
v 0.01743520 0.06900510 0.13768500
v 0.01742790 0.06899770 0.18510200
v 0.01984610 0.04865410 0.13764400
v 0.01996680 0.04857760 0.16162100
v 0.01984900 0.04865260 0.13764400
v 0.02112800 0.04793880 0.11373200
v 0.02154460 0.04775780 0.13772900
v 0.02127820 0.04786820 0.13770100
v 0.02154460 0.04775780 0.16168700
v 0.02128390 0.04786580 0.18510200
v 0.02141360 0.04781250 0.18510200
v 0.02167700 0.04770330 0.13774200
v 0.02378620 0.04712930 0.13795700
v 0.02392600 0.04710720 0.13798100
v 0.02465310 0.04703070 0.13806000
v 0.02464870 0.04703220 0.16189800
v 0.02465600 0.04702920 0.13806200
v 0.02465310 0.04703070 0.18510200
v 0.02465600 0.04702920 0.18510200
v 0.01971360 0.04873800 0.13764400
v 0.01984020 0.04865850 0.13764400
v 0.01984280 0.04865690 0.18510200
v 0.01983760 0.04866020 0.18510200
v 0.01886290 0.04937680 0.13763600
v 0.01886540 0.04937480 0.18510200
v 0.01886050 0.04937880 0.18510200
v 0.01862980 0.04957490 0.18510200
v 0.01817640 0.04999270 0.18510200
v 0.01828450 0.04988460 0.18510200
v 0.01828740 0.04988310 0.16162100
v 0.01828450 0.04988450 0.18510200
v 0.01828600 0.04988310 0.18510200
v 0.01784730 0.05032020 0.16163100
v 0.01774500 0.05043410 0.18510200
v 0.01784730 0.05032020 0.18510200
v 0.01763690 0.05055280 0.16163100
v 0.01723360 0.05102520 0.16167300
v 0.01703340 0.05126960 0.16167300
v 0.01713430 0.05114620 0.18510200
v 0.01712990 0.05115150 0.18510200
v 0.01703200 0.05127400 0.16167600
v 0.01693980 0.05139920 0.18510200
v 0.01703200 0.05127400 0.18510200
v 0.01684360 0.05153010 0.16167600
v 0.01614440 0.05259420 0.16178300
v 0.01597960 0.05287090 0.16178300
v 0.01606110 0.05273210 0.18510200
v 0.01605720 0.05273880 0.18510200
v 0.01527610 0.05434120 0.16193900
v 0.01515100 0.05464440 0.16193900
v 0.01521450 0.05449300 0.18510200
v 0.01521110 0.05450130 0.18510200
v 0.01450630 0.05687430 0.16221300
v 0.01443710 0.05720250 0.16221300
v 0.01447220 0.05703930 0.18510200
v 0.01446990 0.05705030 0.18510200
v 0.03415850 0.05231500 0.18510200
v 0.03416400 0.05232190 0.18510200
v 0.03415810 0.05231450 0.14059500
v 0.03415370 0.05230570 0.16358500
v 0.03397710 0.05203780 0.14053900
v 0.03381220 0.05178760 0.16348400
v 0.03405950 0.05216440 0.14058900
v 0.03372920 0.05167420 0.18510200
v 0.03381220 0.05178760 0.18510200
v 0.03372390 0.05166690 0.14038600
v 0.03363560 0.05154480 0.16338100
v 0.03381220 0.05178760 0.14043700
v 0.03354140 0.05141670 0.14028300
v 0.03354580 0.05142410 0.14028600
v 0.03343100 0.05126810 0.14027500
v 0.03342510 0.05126220 0.16337300
v 0.03343140 0.05126840 0.18510200
v 0.03343690 0.05127400 0.18510200
v 0.03322790 0.05101640 0.14021800
v 0.03303950 0.05078530 0.16327000
v 0.03332210 0.05113120 0.14026800
v 0.03292910 0.05066320 0.14011500
v 0.03281880 0.05054100 0.16326500
v 0.03293360 0.05066910 0.14011800
v 0.03263240 0.05033230 0.18510200
v 0.03272630 0.05043760 0.18510200
v 0.03291740 0.05064990 0.14010900
v 0.03281880 0.05054100 0.14005900
v 0.03262150 0.05032020 0.16316400
v 0.03262150 0.05032020 0.13995900
v 0.03251560 0.05021720 0.13990900
v 0.03241110 0.05011270 0.16306600
v 0.03252110 0.05022260 0.18510200
v 0.03262150 0.05032020 0.18510200
v 0.03217560 0.04987870 0.13980000
v 0.03216230 0.04986840 0.13979500
v 0.03218150 0.04988310 0.18510200
v 0.03193860 0.04966820 0.13974700
v 0.03172080 0.04947250 0.13965000
v 0.03193860 0.04966820 0.16305600
v 0.03173170 0.04948230 0.18510200
v 0.03183540 0.04957470 0.18510200
v 0.03172080 0.04947250 0.16295900
v 0.03204750 0.04976530 0.13979500
v 0.03171640 0.04946660 0.13964800
v 0.03171190 0.04946220 0.16295500
v 0.03171660 0.04946690 0.18510200
v 0.03172080 0.04947250 0.18510200
v 0.03147200 0.04927230 0.13959500
v 0.03124540 0.04909120 0.16285900
v 0.03158540 0.04936350 0.13964200
v 0.03112760 0.04900590 0.13945400
v 0.03089210 0.04883810 0.13936000
v 0.03113300 0.04900980 0.18510200
v 0.03124540 0.04909120 0.18510200
v 0.03100990 0.04892200 0.16276600
v 0.03124540 0.04909120 0.13950000
v 0.03088770 0.04883370 0.13935700
v 0.03074790 0.04873510 0.13935100
v 0.03074820 0.04873520 0.18510200
v 0.03075380 0.04873800 0.18510200
v 0.03048740 0.04857020 0.13930100
v 0.03024450 0.04841570 0.16266600
v 0.03060950 0.04864680 0.13934500
v 0.03024010 0.04841420 0.13920700
v 0.03023570 0.04841130 0.16266000
v 0.03024450 0.04841570 0.13920800
v 0.03024030 0.04841430 0.18510200
v 0.03024450 0.04841570 0.18510200
v 0.02997370 0.04826410 0.13915800
v 0.02972350 0.04812570 0.13907000
v 0.02997370 0.04826410 0.16266000
v 0.02973390 0.04813150 0.18510200
v 0.02985400 0.04819790 0.18510200
v 0.02972350 0.04812570 0.16257200
v 0.03009880 0.04833470 0.13920200
v 0.02971760 0.04812280 0.13906700
v 0.02971170 0.04811980 0.16256700
v 0.02971790 0.04812290 0.18510200
v 0.02972350 0.04812570 0.18510200
v 0.02944530 0.04799180 0.13902100
v 0.02918920 0.04786820 0.16248200
v 0.02957340 0.04805360 0.13906400
v 0.02918330 0.04786670 0.13893400
v 0.02917890 0.04786370 0.16247900
v 0.02918920 0.04786820 0.13893400
v 0.02918360 0.04786680 0.18510200
v 0.02918920 0.04786820 0.18510200
v 0.02890660 0.04775190 0.13888900
v 0.02864320 0.04764300 0.16239700
v 0.02903760 0.04780640 0.13893000
v 0.02851220 0.04759730 0.13876500
v 0.02837680 0.04755020 0.16231600
v 0.02864470 0.04764300 0.13880500
v 0.02823840 0.04750320 0.13868400
v 0.02824430 0.04750460 0.13868600
v 0.02850030 0.04759420 0.18510200
v 0.02850590 0.04759570 0.18510200
v 0.02808680 0.04745160 0.13868000
v 0.02808090 0.04745020 0.16231100
v 0.02808700 0.04745170 0.18510200
v 0.02809130 0.04745310 0.18510200
v 0.02779980 0.04736920 0.13863900
v 0.02752900 0.04729420 0.13856100
v 0.02779980 0.04736920 0.16231100
v 0.02753820 0.04729670 0.18510200
v 0.02766920 0.04733370 0.18510200
v 0.02752900 0.04729420 0.16223300
v 0.02793520 0.04740750 0.13867700
v 0.02752310 0.04729270 0.13855900
v 0.02751870 0.04729120 0.16223000
v 0.02752330 0.04729270 0.18510200
v 0.02752900 0.04729420 0.18510200
v 0.02723470 0.04723230 0.13852200
v 0.02695940 0.04717200 0.16216000
v 0.02737300 0.04726030 0.13855800
v 0.02695650 0.04717050 0.13844900
v 0.02696090 0.04717200 0.13845000
v 0.02666510 0.04712640 0.13841000
v 0.02680340 0.04714700 0.13844600
v 0.02608960 0.04705570 0.13830700
v 0.02580990 0.04702920 0.16202000
v 0.02623090 0.04706900 0.13834000
v 0.02566270 0.04702630 0.13824100
v 0.02565540 0.04702630 0.13823800
v 0.02551410 0.04702190 0.16201700
v 0.02566570 0.04702630 0.13824300
v 0.02551410 0.04702190 0.13820700
v 0.03170610 0.07032380 0.13963900
v 0.03185180 0.07019280 0.13965400
v 0.03230660 0.06977330 0.13980700
v 0.03241110 0.06967030 0.16306300
v 0.03240080 0.06967910 0.16305900
v 0.03229040 0.06978950 0.13980000
v 0.03218150 0.06989990 0.16305900
v 0.03228470 0.06979530 0.18510200
v 0.03218150 0.06989990 0.18510200
v 0.03262150 0.06946280 0.13995600
v 0.03263620 0.06944360 0.13996500
v 0.03263040 0.06944950 0.16316900
v 0.03262150 0.06946280 0.16316200
v 0.03262150 0.06946280 0.18510200
v 0.03262200 0.06946210 0.18510200
v 0.03274070 0.06932740 0.13996500
v 0.03381220 0.06799540 0.14043400
v 0.03391530 0.06783790 0.14044400
v 0.03416400 0.06745960 0.14059600
v 0.03439510 0.06706960 0.14074900
v 0.03458200 0.06673400 0.14076800
v 0.03479390 0.06633070 0.14092100
v 0.03479390 0.06633070 0.16380700
v 0.03465260 0.06660010 0.16370400
v 0.03471860 0.06647380 0.18510200
v 0.03472810 0.06645560 0.18510200
v 0.03625690 0.05921590 0.18510000
v 0.03624520 0.05904960 0.18510000
v 0.03624520 0.05904960 0.13614700
v 0.03626870 0.05972220 0.18510200
v 0.03625990 0.05938520 0.18510200
v 0.03463350 0.05314610 0.16379900
v 0.03450040 0.05289630 0.18510200
v 0.03456640 0.05302150 0.18510200
v 0.03463350 0.05314610 0.14086100
v 0.03470420 0.05328150 0.14091100
v 0.01419580 0.05989150 0.16255300
v 0.01419860 0.06005380 0.18510200
v 0.01419580 0.05989150 0.18510200
v 0.03585510 0.05639730 0.18510200
v 0.03577270 0.05607210 0.18510200
v 0.03621280 0.06123820 0.18510000
v 0.03621280 0.06123820 0.16062500
v 0.03623490 0.06090120 0.16062500
v 0.03625690 0.06056560 0.13614700
v 0.03625690 0.06056560 0.16062500
v 0.03624520 0.06073340 0.13614700
v 0.03621280 0.06123820 0.13614700
v 0.03619220 0.06140450 0.13614700
v 0.03617300 0.06157090 0.16062500
v 0.03615540 0.06173860 0.13614700
v 0.03589630 0.06322520 0.13614700
v 0.03585510 0.06338710 0.13614700
v 0.01605910 0.06704750 0.13788800
v 0.01614440 0.06719180 0.16178300
v 0.01605760 0.06704460 0.13788900
v 0.01575150 0.06647790 0.13795700
v 0.01582800 0.06662660 0.16183000
v 0.01574850 0.06647500 0.13795900
v 0.03613620 0.06190640 0.18510000
v 0.03627310 0.05989150 0.13614700
v 0.03626870 0.06006080 0.13614700
v 0.03626430 0.06022850 0.16062500
v 0.03625690 0.06056560 0.18510000
v 0.03625990 0.06039780 0.18510000
v 0.01909900 0.04918740 0.18510200
v 0.01910190 0.04918740 0.18510200
v 0.01946930 0.07086840 0.16161700
v 0.01947370 0.07087280 0.16161700
v 0.01958900 0.07095350 0.18510200
v 0.01922200 0.07069180 0.16161700
v 0.01934310 0.07077820 0.18510200
v 0.01922200 0.07069180 0.18510200
v 0.01862300 0.07020160 0.13763600
v 0.01909400 0.07059020 0.13763600
v 0.01850970 0.04968290 0.16161700
v 0.01840010 0.04978090 0.18510200
v 0.01839550 0.04978510 0.18510200
v 0.01971360 0.07104350 0.13764400
v 0.01959050 0.07095640 0.18510200
v 0.01959540 0.07095990 0.18510200
v 0.01874520 0.07031050 0.13763600
v 0.01922200 0.07069180 0.13763600
v 0.01921910 0.07069030 0.13763600
v 0.01921920 0.07069030 0.18510200
v 0.00361922 0.07222830 0.08449600
v 0.01874220 0.07030760 0.18510200
v 0.01922200 0.04909120 0.13763600
v 0.01817120 0.06978360 0.13764400
v 0.01784730 0.05032020 0.13765800
v 0.01795700 0.05021210 0.18510200
v 0.01795260 0.05021640 0.18510200
v 0.01946340 0.04891760 0.16162100
v 0.01922700 0.04908770 0.18510200
v 0.01934520 0.04900260 0.18510200
v 0.01997270 0.07120840 0.16162100
v 0.02009220 0.07128470 0.18510200
v 0.02009230 0.07128480 0.18510200
v 0.02009370 0.07128620 0.18510200
v 0.02009610 0.07128770 0.18510200
v 0.02009230 0.04849820 0.18510200
v 0.02009370 0.04849680 0.18510200
v 0.01839550 0.06999790 0.18510200
v 0.01828600 0.06989990 0.18510200
v 0.01970630 0.04874390 0.13764400
v 0.01959100 0.04882600 0.18510200
v 0.01828450 0.06989690 0.18510200
v 0.01828450 0.06989700 0.18510200
v 0.01828010 0.06989250 0.13764400
v 0.02048340 0.07151160 0.16162800
v 0.02048780 0.07151300 0.16163100
v 0.02061170 0.07158220 0.18510200
v 0.02034970 0.07143790 0.18510200
v 0.02022140 0.07136730 0.18510200
v 0.02074540 0.07165730 0.16164200
v 0.02061320 0.07158360 0.18510200
v 0.02061860 0.07158670 0.18510200
v 0.01753460 0.05066660 0.18510200
v 0.02047900 0.04827440 0.16164200
v 0.02022680 0.04841270 0.18510200
v 0.02035220 0.04834350 0.18510200
v 0.02061410 0.04819790 0.18510200
v 0.02074540 0.04812570 0.13767300
v 0.02074540 0.07165730 0.18510200
v 0.02075090 0.07165990 0.18510200
v 0.01742790 0.06899770 0.13768500
v 0.01742790 0.05078530 0.18510200
v 0.01742370 0.05079040 0.18510200
v 0.02113540 0.07184570 0.13770100
v 0.02100440 0.04800060 0.16166100
v 0.02075090 0.04812310 0.18510200
v 0.02087770 0.04806110 0.18510200
v 0.02154900 0.07202670 0.16166100
v 0.02168310 0.07208150 0.18510200
v 0.02127820 0.07191480 0.16166100
v 0.02141070 0.07196960 0.18510200
v 0.02127820 0.07191480 0.18510200
v 0.02127820 0.07191480 0.13770100
v 0.02127520 0.07191340 0.13770100
v 0.02127520 0.07191330 0.18510200
v 0.02127530 0.07191340 0.18510200
v 0.02114410 0.04793300 0.18510200
v 0.02127520 0.04786970 0.18510200
v 0.01742370 0.06899260 0.18510200
v 0.01732860 0.06887580 0.18510200
v 0.01713650 0.05114440 0.13772300
v 0.01732560 0.06887280 0.18510200
v 0.01683770 0.05153600 0.16167600
v 0.01675140 0.05165670 0.18510200
v 0.01703200 0.05127100 0.18510200
v 0.01703200 0.05127400 0.13772300
v 0.01665520 0.05178760 0.16170500
v 0.01674840 0.05165830 0.18510200
v 0.01674440 0.05166380 0.18510200
v 0.01665520 0.05178760 0.13777000
v 0.01703200 0.06850900 0.13772300
v 0.02168590 0.04769920 0.18510200
v 0.02182270 0.07213850 0.18510200
v 0.02182880 0.07214060 0.18510200
v 0.02182270 0.04764300 0.13774200
v 0.01702790 0.06850350 0.18510200
v 0.01693570 0.06837970 0.18510200
v 0.01693560 0.06837810 0.18510200
v 0.01693570 0.06837820 0.18510200
v 0.01647860 0.05205400 0.16170500
v 0.01647410 0.05206140 0.16170600
v 0.01639220 0.05218500 0.18510200
v 0.01656880 0.05191710 0.18510200
v 0.01665520 0.05178760 0.18510200
v 0.01630340 0.05232190 0.16174200
v 0.01639070 0.05218940 0.18510200
v 0.01638680 0.05219530 0.18510200
v 0.01665520 0.06799540 0.13777000
v 0.02222900 0.07227980 0.13778800
v 0.02209360 0.04755020 0.16172000
v 0.02182880 0.04764090 0.18510200
v 0.02196120 0.04759630 0.18510200
v 0.02266320 0.07241080 0.16172000
v 0.02279390 0.07244820 0.18510200
v 0.02279400 0.07244820 0.18510200
v 0.02237470 0.07233280 0.13778900
v 0.02237310 0.07233130 0.18510200
v 0.02237320 0.07233140 0.18510200
v 0.02236730 0.04745460 0.13778900
v 0.02293690 0.07248890 0.13784500
v 0.02293690 0.07248890 0.16175700
v 0.02279690 0.07244820 0.18510200
v 0.02280320 0.07245000 0.18510200
v 0.02279400 0.04733330 0.18510200
v 0.02279690 0.04733330 0.18510200
v 0.01665130 0.06798950 0.18510200
v 0.01656780 0.06786130 0.18510200
v 0.01656480 0.06785980 0.18510200
v 0.01656490 0.06785990 0.18510200
v 0.01638820 0.06759190 0.18510200
v 0.01630340 0.06745960 0.18510200
v 0.01639020 0.06759500 0.13782500
v 0.01630340 0.06745960 0.13782500
v 0.01630340 0.05232190 0.18510200
v 0.01629970 0.05232830 0.18510200
v 0.02322390 0.07254920 0.16175700
v 0.02322830 0.07255210 0.16175700
v 0.02336200 0.07257950 0.18510200
v 0.02307780 0.07251900 0.18510200
v 0.02293690 0.07248890 0.18510200
v 0.02350800 0.07261100 0.13790900
v 0.02336490 0.07258090 0.18510200
v 0.02337150 0.07258230 0.18510200
v 0.01629970 0.06745340 0.18510200
v 0.01622200 0.06732240 0.18510200
v 0.01606350 0.05272960 0.13788600
v 0.01605560 0.06704120 0.18510200
v 0.01597520 0.06690470 0.18510200
v 0.01613860 0.06718440 0.16178600
v 0.01621900 0.06731790 0.18510200
v 0.01582360 0.05316380 0.16178600
v 0.01575030 0.05330450 0.18510200
v 0.01597520 0.05287830 0.16178600
v 0.01590190 0.05301760 0.18510200
v 0.01597520 0.05287830 0.18510200
v 0.01597820 0.05287380 0.18510200
v 0.01597520 0.05287830 0.13788900
v 0.01597520 0.06690470 0.13788900
v 0.02321660 0.04723530 0.16179800
v 0.02294350 0.04729280 0.18510200
v 0.02308020 0.04726400 0.18510200
v 0.02380090 0.07265810 0.16180100
v 0.02393300 0.07267680 0.18510200
v 0.02349620 0.04717350 0.13790900
v 0.02336570 0.04720220 0.18510200
v 0.02407910 0.07269930 0.16184600
v 0.02393580 0.07267820 0.18510200
v 0.02394270 0.07267920 0.18510200
v 0.01597160 0.06689800 0.18510200
v 0.01589970 0.06676290 0.18510200
v 0.01574670 0.06647130 0.18510200
v 0.01567490 0.06633070 0.18510200
v 0.01582360 0.06661920 0.16183200
v 0.01589820 0.06675840 0.18510200
v 0.01553510 0.05374810 0.16183200
v 0.01546910 0.05389160 0.18510200
v 0.01560610 0.05359570 0.18510200
v 0.01567490 0.05345230 0.18510200
v 0.02378620 0.04712780 0.16184600
v 0.02351480 0.04717090 0.18510200
v 0.02364990 0.04714930 0.18510200
v 0.02406880 0.04708520 0.13798100
v 0.02407910 0.07269930 0.18510200
v 0.02408630 0.07270000 0.18510200
v 0.02407910 0.04708370 0.13798200
v 0.01540260 0.06574940 0.13803500
v 0.01546710 0.06588690 0.18510200
v 0.01539970 0.06574210 0.18510200
v 0.01539820 0.06573910 0.13803700
v 0.01539820 0.05404390 0.18510200
v 0.01539500 0.05405180 0.18510200
v 0.02450150 0.07273760 0.13805700
v 0.02465600 0.07275230 0.13805900
v 0.02465600 0.07275230 0.16189800
v 0.02465310 0.07275230 0.13805900
v 0.02465300 0.07275230 0.18510200
v 0.02465310 0.07275230 0.18510200
v 0.02494450 0.07275970 0.16189800
v 0.02495190 0.07276260 0.16190100
v 0.02508510 0.07276550 0.18510200
v 0.02479640 0.07275660 0.18510200
v 0.02465600 0.07275230 0.18510200
v 0.02436020 0.04705720 0.16189800
v 0.02408630 0.04708300 0.18510200
v 0.02422410 0.04707010 0.18510200
v 0.02451260 0.04704360 0.18510200
v 0.02465300 0.04703070 0.18510200
v 0.02464570 0.04703220 0.13805900
v 0.02523300 0.07277000 0.16195700
v 0.02508940 0.07276550 0.18510200
v 0.02509690 0.07276570 0.18510200
v 0.01521570 0.05448990 0.13812000
v 0.01539500 0.06573120 0.18510200
v 0.01533620 0.06558640 0.18510200
v 0.01514950 0.05465180 0.16194200
v 0.01514950 0.05464870 0.18510200
v 0.01514950 0.05465180 0.13812300
v 0.01503910 0.05496530 0.16194200
v 0.01498470 0.05511560 0.18510200
v 0.01509510 0.05480490 0.18510200
v 0.01514950 0.05465180 0.18510200
v 0.01520960 0.06527710 0.18510200
v 0.01514950 0.06512970 0.18510200
v 0.01527310 0.06543290 0.16194200
v 0.01533470 0.06558180 0.18510200
v 0.02493710 0.04702190 0.16195700
v 0.02466350 0.04702900 0.18510200
v 0.02480120 0.04702620 0.18510200
v 0.02508970 0.04701730 0.18510200
v 0.02551410 0.07276260 0.16201700
v 0.02523300 0.07277000 0.18510200
v 0.02524080 0.07276980 0.18510200
v 0.02523300 0.04701300 0.13814800
v 0.01483160 0.05559380 0.16200200
v 0.01478440 0.05574810 0.18510200
v 0.01488160 0.05543020 0.18510200
v 0.01492870 0.05527590 0.18510200
v 0.01498160 0.06465720 0.18510200
v 0.01492870 0.06450710 0.18510200
v 0.01503910 0.06481770 0.16200200
v 0.01509200 0.06496920 0.18510200
v 0.01492870 0.06450710 0.13821500
v 0.02538140 0.07276540 0.18510200
v 0.02537840 0.07276550 0.18510200
v 0.02524080 0.04701330 0.18510200
v 0.02537860 0.04701760 0.18510200
v 0.02566270 0.07275820 0.13823800
v 0.02610870 0.07272580 0.16202000
v 0.02623870 0.07271300 0.18510200
v 0.02552140 0.04702190 0.16202000
v 0.02566990 0.04702640 0.18510200
v 0.02580990 0.04702920 0.18510200
v 0.02538140 0.04701760 0.18510200
v 0.02638690 0.07269930 0.13834000
v 0.02624300 0.07271300 0.18510200
v 0.02625120 0.07271220 0.18510200
v 0.02580990 0.04702920 0.13824300
v 0.01492590 0.06449820 0.18510200
v 0.01488020 0.06434800 0.18510200
v 0.01465200 0.05623400 0.16206900
v 0.01465050 0.05624430 0.16207100
v 0.01461350 0.05639240 0.18510200
v 0.01469600 0.05606720 0.18510200
v 0.01473590 0.05591170 0.18510200
v 0.01478160 0.06402550 0.18510200
v 0.01483160 0.06418920 0.16206900
v 0.01487870 0.06434340 0.18510200
v 0.01457250 0.05655930 0.16213900
v 0.01461200 0.05639700 0.18510200
v 0.01460960 0.05640660 0.18510200
v 0.01469030 0.06369470 0.13831800
v 0.02609100 0.04705720 0.16208600
v 0.02581820 0.04703000 0.18510200
v 0.02595550 0.04704430 0.18510200
v 0.02668270 0.07265520 0.16208600
v 0.02681250 0.07263380 0.18510200
v 0.02637510 0.04708220 0.13834000
v 0.02695940 0.07261100 0.16215700
v 0.02681680 0.07263380 0.18510200
v 0.02682530 0.07263240 0.18510200
v 0.02638690 0.04708370 0.13834100
v 0.01457250 0.05655930 0.18510200
v 0.01457040 0.05656940 0.18510200
v 0.02666510 0.04712490 0.16215700
v 0.02639550 0.04708500 0.18510200
v 0.02653120 0.04710490 0.18510200
v 0.02724500 0.07254920 0.16215700
v 0.02725230 0.07254770 0.16216000
v 0.02738190 0.07252070 0.18510200
v 0.02694760 0.04716900 0.13844600
v 0.02696090 0.07261100 0.13844600
v 0.02709760 0.07258110 0.18510200
v 0.02695940 0.07261100 0.18510200
v 0.02752900 0.07248890 0.13855900
v 0.02738620 0.07251920 0.18510200
v 0.02739510 0.07251730 0.18510200
v 0.02695940 0.04717200 0.18510200
v 0.01447250 0.05703320 0.13853100
v 0.01443570 0.05721420 0.16221600
v 0.01443570 0.05720820 0.18510200
v 0.01443570 0.05721420 0.13853400
v 0.01438410 0.05754390 0.16221600
v 0.01435710 0.05770470 0.18510200
v 0.01435700 0.05770510 0.18510200
v 0.01441010 0.05737360 0.18510200
v 0.01443570 0.05721420 0.18510200
v 0.01446840 0.06272660 0.18510200
v 0.01443570 0.06256870 0.18510200
v 0.01450340 0.06289550 0.16221600
v 0.01453610 0.06305480 0.18510200
v 0.01443570 0.06256870 0.13853400
v 0.02723470 0.04723090 0.16223000
v 0.02696830 0.04717390 0.18510200
v 0.02710240 0.04720240 0.18510200
v 0.02794550 0.07237240 0.18510200
v 0.02738650 0.04726280 0.18510200
v 0.02751430 0.04729120 0.13855800
v 0.01443400 0.06255800 0.18510200
v 0.01440980 0.06240270 0.18510200
v 0.01435520 0.06206550 0.18510200
v 0.01432970 0.06190640 0.18510200
v 0.01438410 0.06223760 0.16229400
v 0.01440830 0.06239800 0.18510200
v 0.01432970 0.06190640 0.13865300
v 0.02836800 0.07223420 0.16231100
v 0.02822470 0.07228460 0.18510200
v 0.02809130 0.07233280 0.18510200
v 0.02837680 0.07223280 0.16231300
v 0.02850000 0.07218880 0.18510200
v 0.02850030 0.07218880 0.18510200
v 0.02795040 0.04741330 0.18510200
v 0.02807650 0.04744720 0.13867700
v 0.02864320 0.07213850 0.16239400
v 0.02850590 0.07218730 0.18510200
v 0.02851550 0.07218400 0.18510200
v 0.01431440 0.05801080 0.18510200
v 0.01431420 0.05801320 0.18510200
v 0.01427670 0.05836080 0.13877200
v 0.01425460 0.05854480 0.16237800
v 0.01425610 0.05853870 0.18510200
v 0.01432840 0.06189500 0.18510200
v 0.01431130 0.06173850 0.18510200
v 0.01423250 0.05888180 0.16237800
v 0.01423250 0.05889360 0.16237900
v 0.01422120 0.05904340 0.18510200
v 0.01425610 0.05854480 0.13877500
v 0.01424330 0.05870630 0.18510200
v 0.01425460 0.05854480 0.18510200
v 0.01429290 0.06157090 0.16237800
v 0.01431130 0.06173240 0.18510200
v 0.01425610 0.06123820 0.13877700
v 0.01427310 0.06139840 0.18510200
v 0.01422120 0.05904950 0.18510200
v 0.01422040 0.05906150 0.18510200
v 0.01421050 0.05921590 0.13890500
v 0.01424290 0.06105130 0.13878300
v 0.02864320 0.07213850 0.18510200
v 0.02865320 0.07213450 0.18510200
v 0.02851550 0.04759900 0.18510200
v 0.02864320 0.04764300 0.18510200
v 0.01420310 0.05956620 0.16246400
v 0.01419890 0.05971570 0.18510200
v 0.01419890 0.05972180 0.18510200
v 0.01419860 0.05973450 0.18510200
v 0.01419580 0.05989150 0.13904200
v 0.02903760 0.07197810 0.13892700
v 0.02890810 0.04775040 0.16247900
v 0.02865320 0.04764700 0.18510200
v 0.02878090 0.04769950 0.18510200
v 0.02905310 0.04781140 0.18510200
v 0.02918320 0.04786660 0.18510200
v 0.02917450 0.04786230 0.13893000
v 0.02945710 0.07178530 0.16247900
v 0.02946740 0.07177940 0.16248500
v 0.02958620 0.07172290 0.18510200
v 0.02931790 0.07185260 0.18510200
v 0.02918920 0.07191480 0.18510200
v 0.02972350 0.07165730 0.13906700
v 0.02972350 0.07165730 0.16257000
v 0.02959040 0.07172150 0.18510200
v 0.02960050 0.07171660 0.18510200
v 0.01421020 0.06055900 0.18510200
v 0.01420740 0.06047830 0.18510200
v 0.01420740 0.06047540 0.18510200
v 0.01420740 0.06044000 0.18510200
v 0.01420730 0.06043660 0.18510200
v 0.02944530 0.04799330 0.16256700
v 0.02919940 0.04787310 0.18510200
v 0.02932260 0.04793400 0.18510200
v 0.02959040 0.04806200 0.18510200
v 0.02970730 0.04811840 0.13906400
v 0.02998250 0.07151160 0.16257000
v 0.02984770 0.07158670 0.18510200
v 0.02972350 0.07165730 0.18510200
v 0.02999580 0.07150570 0.16257200
v 0.03010870 0.07144220 0.18510200
v 0.03024450 0.07136730 0.16266300
v 0.03011430 0.07143940 0.18510200
v 0.03012460 0.07143360 0.18510200
v 0.03011460 0.04834370 0.18510200
v 0.03022830 0.04840680 0.13920200
v 0.03024450 0.07136730 0.18510200
v 0.03025510 0.07136060 0.18510200
v 0.03060950 0.07113620 0.13934200
v 0.03075380 0.07104350 0.13934900
v 0.03075380 0.07104350 0.16275900
v 0.03074820 0.07104770 0.18510200
v 0.03048740 0.04857020 0.16275600
v 0.03025510 0.04842240 0.18510200
v 0.03037080 0.04849720 0.18510200
v 0.03073610 0.04872770 0.13934500
v 0.03099960 0.07086840 0.16275900
v 0.03087180 0.07095920 0.18510200
v 0.03075380 0.07104350 0.18510200
v 0.03111620 0.07078410 0.18510200
v 0.03111660 0.07078380 0.18510200
v 0.03111660 0.04899930 0.18510200
v 0.03112220 0.04900210 0.18510200
v 0.03124540 0.07069180 0.18510200
v 0.03125620 0.07068310 0.18510200
v 0.03158540 0.07041950 0.13963900
v 0.03172080 0.07031050 0.13964700
v 0.03171610 0.07031530 0.18510200
v 0.03171660 0.07031470 0.18510200
v 0.03147200 0.04927230 0.16295500
v 0.03125620 0.04909990 0.18510200
v 0.03136440 0.04918560 0.18510200
v 0.03160290 0.04937690 0.18510200
v 0.03171610 0.04946630 0.18510200
v 0.03170610 0.04945920 0.13964200
v 0.03196070 0.07009570 0.16296200
v 0.03206140 0.07000760 0.18510200
v 0.03486900 0.06616880 0.14098000
v 0.03218150 0.06989990 0.13980000
v 0.03206550 0.07000200 0.18510200
v 0.03207660 0.06999220 0.18510200
v 0.03250540 0.06957730 0.18510200
v 0.03250590 0.06957690 0.18510200
v 0.03251010 0.06957130 0.18510200
v 0.03252110 0.06956040 0.18510200
v 0.03250590 0.05020610 0.18510200
v 0.03251010 0.05021170 0.18510200
v 0.03272500 0.06934660 0.18510200
v 0.03262620 0.06945510 0.18510200
v 0.03322790 0.06876810 0.16337000
v 0.03303950 0.06899770 0.18510200
v 0.03305030 0.06898450 0.18510200
v 0.03293960 0.05067570 0.18510200
v 0.03303950 0.05078530 0.18510200
v 0.03282910 0.05055280 0.16327000
v 0.03273050 0.05044310 0.18510200
v 0.03303950 0.05078530 0.14011800
v 0.03313930 0.06887610 0.18510200
v 0.03313980 0.06887520 0.18510200
v 0.03322790 0.05101490 0.16337300
v 0.03305030 0.05079850 0.18510200
v 0.03313930 0.05090690 0.18510200
v 0.03333790 0.05115140 0.18510200
v 0.03342070 0.05125480 0.14026800
v 0.03363560 0.06823680 0.16338100
v 0.03381220 0.06799540 0.16348100
v 0.03371870 0.06812330 0.18510200
v 0.03372920 0.06810880 0.18510200
v 0.03353160 0.06838080 0.18510200
v 0.03344310 0.06850120 0.18510200
v 0.03371310 0.05165270 0.18510200
v 0.03371870 0.05165970 0.18510200
v 0.03382110 0.06798070 0.16348900
v 0.03381220 0.06799540 0.18510200
v 0.03381280 0.06799450 0.18510200
v 0.03399770 0.06771130 0.16348900
v 0.03416400 0.06745960 0.16358900
v 0.03407500 0.06759400 0.18510200
v 0.03408530 0.06757830 0.18510200
v 0.03389970 0.06786190 0.18510200
v 0.03381690 0.06798750 0.18510200
v 0.03382700 0.06797180 0.14044400
v 0.03397710 0.05203930 0.16358500
v 0.03382250 0.05180330 0.18510200
v 0.03390000 0.05192090 0.18510200
v 0.03407660 0.05218870 0.18510200
v 0.03415780 0.05231400 0.18510200
v 0.03414780 0.05229690 0.14058900
v 0.03431710 0.06720060 0.16369200
v 0.03416400 0.06745960 0.18510200
v 0.03417390 0.06744290 0.18510200
v 0.03440510 0.05273050 0.18510200
v 0.03440930 0.05273880 0.18510200
v 0.03424570 0.06732150 0.18510200
v 0.03424630 0.06732040 0.18510200
v 0.03450110 0.06688860 0.16370400
v 0.03449070 0.06690470 0.18510200
v 0.03449140 0.06690370 0.18510200
v 0.03456700 0.06676090 0.18510200
v 0.03449690 0.06689540 0.18510200
v 0.03450550 0.06687830 0.14076800
v 0.03471800 0.05330850 0.18510200
v 0.03478920 0.05344140 0.18510200
v 0.03477920 0.05342430 0.14091100
v 0.03486750 0.06616880 0.16386300
v 0.03479390 0.06633070 0.18510200
v 0.03479910 0.06631950 0.18510200
v 0.03486310 0.06618210 0.18510000
v 0.03483330 0.06624400 0.18510200
v 0.03486310 0.06618220 0.18510200
v 0.03479910 0.05346340 0.18510200
v 0.03483330 0.05353880 0.18510200
v 0.03621280 0.05854480 0.18510200
v 0.03622310 0.06106900 0.18510200
v 0.03627310 0.05989150 0.18510200
v 0.03625990 0.06039780 0.18510200
v 0.03626870 0.05972230 0.18510200
v 0.03625690 0.05921590 0.18510200
v 0.03593020 0.06306040 0.18510200
v 0.03613620 0.06190640 0.18510200
v 0.03615540 0.06173870 0.18510200
v 0.03613620 0.05787660 0.18510200
v 0.03610980 0.05771030 0.18510200
v 0.03585510 0.05639740 0.18510200
v 0.03624520 0.05904960 0.18510200
v 0.03625690 0.06056560 0.18510200
v 0.03603170 0.06256870 0.18510200
v 0.03621280 0.06123820 0.18510200
v 0.03619220 0.05837850 0.18510200
v 0.03599640 0.05705090 0.18510200
v 0.03605680 0.06240390 0.18510200
v 0.03603170 0.05721420 0.18510200
v 0.03589630 0.05655930 0.18510200
v 0.03589630 0.06322520 0.18510200
v 0.03573300 0.06387130 0.18510200
v 0.03573300 0.05591170 0.18510200
v 0.03577270 0.06370940 0.18510200
v 0.03554020 0.05527590 0.18510200
v 0.03531790 0.05465180 0.18510200
v 0.03558730 0.06434820 0.18510200
v 0.03548420 0.05511990 0.18510200
v 0.03554020 0.06450710 0.18510200
v 0.03506770 0.05404390 0.18510200
v 0.03525460 0.05450020 0.18510200
v 0.03531790 0.06512970 0.18510200
v 0.03500000 0.05389530 0.18510200
v 0.03506770 0.06573910 0.18510200
v 0.03486310 0.06618210 0.18510200
v 0.00361922 0.06388900 0.03461730
v 0.00361922 0.05764700 0.08275780
v 0.00361922 0.06009610 0.08321700
v 0.00361922 0.06143990 0.03415810
v 0.00361922 0.06254370 0.08361140
v 0.00361922 0.05899220 0.03376370
v 0.01935010 0.07078300 0.13763600
v 0.01839930 0.04978300 0.13764100
v 0.01959290 0.07095820 0.13764100
v 0.01840010 0.07000210 0.18510200
v 0.01862500 0.04957910 0.18510200
v 0.01886380 0.07040520 0.18510200
v 0.01934820 0.07078190 0.18510200
v 0.03472330 0.06646470 0.14087000
v 0.01795480 0.05021420 0.13765400
v 0.01984610 0.07112890 0.13764400
v 0.01817180 0.04999730 0.18510200
v 0.01795700 0.06957240 0.18510200
v 0.01958590 0.04882970 0.18510200
v 0.01984280 0.07112610 0.18510200
v 0.02009220 0.04849830 0.18510200
v 0.01996240 0.07120100 0.13764900
v 0.02015370 0.07132320 0.13765500
v 0.02035510 0.07144090 0.18510200
v 0.02061590 0.07158510 0.13766900
v 0.02035830 0.07144090 0.13765700
v 0.01773840 0.05044090 0.13766000
v 0.01774060 0.05043890 0.18510200
v 0.01752940 0.05067200 0.13767700
v 0.02060860 0.04820090 0.18510200
v 0.02073510 0.04813160 0.13767300
v 0.02100440 0.07178380 0.13769200
v 0.01753760 0.06911940 0.18510200
v 0.01723360 0.05102520 0.13771000
v 0.02141950 0.07197220 0.13770200
v 0.02126930 0.04787260 0.13770100
v 0.02113830 0.04793580 0.18510200
v 0.02087770 0.07172190 0.18510200
v 0.02141650 0.07197200 0.18510200
v 0.02169030 0.07208410 0.13772900
v 0.01732860 0.05090720 0.18510200
v 0.01693190 0.05140790 0.13772500
v 0.01703200 0.05127100 0.13772300
v 0.01693570 0.05140480 0.18510200
v 0.01713270 0.06863390 0.18510200
v 0.01674640 0.05166110 0.13775500
v 0.02181240 0.04764740 0.13774200
v 0.02209360 0.07223280 0.13777300
v 0.02167990 0.04770160 0.18510200
v 0.01656490 0.05192310 0.18510200
v 0.01675150 0.06812630 0.18510200
v 0.01638880 0.05219240 0.13780800
v 0.01656240 0.05192600 0.13777000
v 0.02196120 0.07218670 0.18510200
v 0.02252330 0.07237260 0.13779100
v 0.02237320 0.07233140 0.13778800
v 0.02223160 0.04750280 0.18510200
v 0.02279390 0.04733330 0.18510200
v 0.02251920 0.07237200 0.18510200
v 0.02280000 0.07244910 0.13782800
v 0.01639230 0.06759820 0.18510200
v 0.01614300 0.05259420 0.13786600
v 0.02308850 0.07252120 0.13784500
v 0.02308450 0.07252050 0.18510200
v 0.02336820 0.07258160 0.13788800
v 0.01622200 0.05246210 0.18510200
v 0.01589570 0.05302690 0.13788900
v 0.01597810 0.05287380 0.13788800
v 0.01589830 0.05302450 0.18510200
v 0.01605960 0.06704800 0.18510200
v 0.01574850 0.05331100 0.13793500
v 0.02335870 0.04720370 0.18510200
v 0.02365660 0.07263460 0.13791000
v 0.02365430 0.07263360 0.18510200
v 0.02393920 0.07267870 0.13795700
v 0.00361922 0.05169790 0.03299540
v 0.01560130 0.05360680 0.13796000
v 0.01560250 0.05360320 0.18510200
v 0.01575040 0.06647860 0.18510200
v 0.01546590 0.05389970 0.13801200
v 0.02436020 0.07272430 0.13803200
v 0.02392960 0.04710630 0.18510200
v 0.00361922 0.06983810 0.08437970
v 0.01547070 0.06589470 0.18510200
v 0.01527750 0.05434120 0.13809200
v 0.02422410 0.07271290 0.18510200
v 0.02450490 0.04704430 0.18510200
v 0.02480760 0.07275670 0.13806200
v 0.02480410 0.07275680 0.18510200
v 0.02509310 0.07276560 0.13811800
v 0.01533620 0.05419670 0.18510200
v 0.01509210 0.05481810 0.13812500
v 0.01514950 0.05464890 0.13812200
v 0.01509210 0.05481360 0.18510200
v 0.01521300 0.06528550 0.18510200
v 0.01498320 0.05512430 0.13818500
v 0.02551410 0.07276110 0.13820600
v 0.02508160 0.04701760 0.18510200
v 0.00361922 0.06498840 0.08393670
v 0.00361922 0.05654600 0.03343690
v 0.01487570 0.05544510 0.13821800
v 0.01487870 0.05543940 0.18510200
v 0.01498480 0.06466620 0.18510200
v 0.01478150 0.05575710 0.13828400
v 0.02596300 0.07273760 0.13824100
v 0.02595840 0.07273870 0.18510200
v 0.02566150 0.04702620 0.18510200
v 0.02624710 0.07271260 0.13830700
v 0.01469180 0.05608240 0.13831600
v 0.01469340 0.05607700 0.18510200
v 0.01478450 0.06403510 0.18510200
v 0.01461080 0.05640180 0.13838700
v 0.01461200 0.06338740 0.18510200
v 0.02653850 0.07267580 0.13834300
v 0.02623510 0.04707000 0.18510200
v 0.02653400 0.07267660 0.18510200
v 0.02682250 0.07263310 0.13841000
v 0.01450630 0.05687570 0.13849400
v 0.02711250 0.07257860 0.13844900
v 0.02680750 0.04714770 0.18510200
v 0.02710680 0.07257910 0.18510200
v 0.02739070 0.07251830 0.13852400
v 0.01443570 0.05720840 0.13853300
v 0.01453760 0.05672200 0.18510200
v 0.01440770 0.05739090 0.13853700
v 0.01447060 0.06273760 0.18510200
v 0.01440830 0.05738460 0.18510200
v 0.01435620 0.05771610 0.13861500
v 0.02737690 0.04726070 0.18510200
v 0.02767910 0.07244760 0.13856200
v 0.02767360 0.07244780 0.18510200
v 0.02795580 0.07236960 0.13863900
v 0.01435720 0.06207710 0.18510200
v 0.01430030 0.05813560 0.13871700
v 0.02823840 0.07227980 0.13868100
v 0.02794040 0.04741040 0.18510200
v 0.02823450 0.07228110 0.18510200
v 0.02850000 0.04759420 0.18510200
v 0.02851220 0.07218570 0.13876100
v 0.01427960 0.05832990 0.13876400
v 0.01425610 0.05853890 0.13877500
v 0.01431130 0.05804440 0.18510200
v 0.01424290 0.05872580 0.13878000
v 0.01424250 0.05871880 0.18510200
v 0.01427450 0.06141070 0.18510200
v 0.01422080 0.05905550 0.13886200
v 0.01422120 0.06073350 0.18510200
v 0.01420610 0.05939840 0.13890800
v 0.01420590 0.05939180 0.18510200
v 0.01419870 0.05972810 0.13899800
v 0.02890660 0.07203110 0.13888600
v 0.02918330 0.07191630 0.13893000
v 0.02878090 0.07208340 0.18510200
v 0.02904240 0.04780700 0.18510200
v 0.02933350 0.07184420 0.13893400
v 0.02932840 0.07184750 0.18510200
v 0.02959550 0.07171910 0.13902400
v 0.00361922 0.06742280 0.08419280
v 0.00361922 0.05411160 0.03318230
v 0.01419890 0.06006760 0.18510200
v 0.02957940 0.04805680 0.18510200
v 0.02986330 0.07157780 0.13907100
v 0.02985840 0.07158070 0.18510200
v 0.03011940 0.07143650 0.13916000
v 0.03010330 0.04833730 0.18510200
v 0.03048740 0.07121280 0.13929800
v 0.03037080 0.07128580 0.18510200
v 0.03074790 0.07104790 0.13934600
v 0.03061380 0.04865030 0.18510200
v 0.03088300 0.07095130 0.18510200
v 0.03088770 0.07094930 0.13935400
v 0.03111620 0.04899890 0.18510200
v 0.03112760 0.07077570 0.13945000
v 0.03147200 0.07050920 0.13959100
v 0.03136440 0.07059740 0.18510200
v 0.03171640 0.07031500 0.13964400
v 0.03159090 0.04936740 0.18510200
v 0.03184740 0.07019870 0.13965100
v 0.03184140 0.07020240 0.18510200
v 0.03207110 0.06999710 0.13975100
v 0.03205300 0.04977000 0.18510200
v 0.03229610 0.06978380 0.18510200
v 0.03230210 0.06977920 0.13980600
v 0.03250540 0.05020560 0.18510200
v 0.03251560 0.06956580 0.13990700
v 0.03263040 0.06944950 0.13996000
v 0.03293940 0.06910810 0.14006500
v 0.03273650 0.06933390 0.18510200
v 0.03322790 0.06876660 0.14021500
v 0.03292760 0.05066240 0.18510200
v 0.03333240 0.06863860 0.14027100
v 0.03332620 0.05113670 0.18510200
v 0.03314400 0.06886830 0.18510200
v 0.03344720 0.06849430 0.14028000
v 0.03372390 0.06811610 0.14038400
v 0.03354290 0.06836550 0.18510200
v 0.03382250 0.06797920 0.14044200
v 0.03408010 0.06758620 0.14054600
v 0.03391070 0.06784520 0.18510200
v 0.03406520 0.05217150 0.18510200
v 0.03431710 0.06719910 0.14069800
v 0.03440450 0.05272940 0.18510200
v 0.03440390 0.06705340 0.14075500
v 0.03425050 0.06731210 0.18510200
v 0.03450110 0.06688710 0.14076500
v 0.03457710 0.06674150 0.18510200
v 0.03470750 0.05328860 0.18510200
vn -0.71345068 -0.11141065 0.69179173
vn -0.71297976 -0.07483027 0.69718024
vn -0.70696333 -0.09328977 0.70107051
vn -0.97694583 -0.21348732 0.00000000
vn -0.71293279 0.25529634 0.65310842
vn -0.97694583 -0.21348732 0.00000000
vn -0.57489978 0.40852787 -0.70893950
vn -0.70761374 0.09305901 0.70044473
vn -0.71286497 0.07312831 0.69747816
vn -0.97694583 -0.21348732 0.00000000
vn -0.71312525 0.21968576 0.66572557
vn -0.70719754 0.20340239 0.67712562
vn -0.70710678 0.00000000 0.70710678
vn -0.70710678 0.00000000 0.70710678
vn -0.70710678 0.00000000 0.70710678
vn -0.70710678 0.00000000 0.70710678
vn -0.70710678 0.00000000 0.70710678
vn -0.70710678 0.00000000 0.70710678
vn -0.70693051 0.05632475 0.70503672
vn -0.70710678 0.00000000 0.70710678
vn -0.70691007 0.09396986 0.70103340
vn -0.70710678 0.00000000 0.70710678
vn -0.71311214 0.03784837 0.70002756
vn -0.70717617 0.01929616 0.70677402
vn -0.70636163 -0.12868845 0.69605497
vn -0.70688945 -0.13145751 0.69500088
vn -0.71323406 -0.00000067 0.70092594
vn -0.70717136 -0.01929116 0.70677897
vn -0.70742093 -0.05625424 0.70455028
vn -0.71289191 -0.03717117 0.70028810
vn -0.70710678 0.00000000 0.70710678
vn -0.71305959 -0.25494344 0.65310785
vn -0.70702865 -0.24002700 0.66520488
vn -0.70710678 0.00000000 0.70710678
vn -0.70707532 0.16818557 0.68684650
vn -0.71337253 0.14791486 0.68499695
vn -0.70724923 -0.20323542 0.67712177
vn -0.71284141 -0.18421842 0.67669838
vn -0.57634505 -0.00016599 0.81720643
vn -0.71339353 -0.00040812 -0.70076352
vn -0.57590839 -0.40813706 0.70834573
vn -0.57553004 0.40835221 0.70852921
vn -0.71285741 -0.50007602 -0.49168922
vn -0.70735906 -0.49075901 -0.50872267
vn -0.70722986 0.01955316 -0.70671324
vn -0.71308286 -0.11181068 -0.69210636
vn -0.70722833 -0.09395779 -0.70071393
vn -0.70722814 -0.43464351 -0.55759607
vn -0.71293003 -0.41646426 -0.56417045
vn -0.70904423 0.36788572 -0.60159486
vn -0.71112423 0.35088955 -0.60924450
vn -0.71167107 0.32677253 -0.62188745
vn -0.70849658 0.31172211 -0.63313657
vn -0.70720071 0.34166996 -0.61897399
vn -0.70708375 -0.40528074 -0.57946536
vn -0.71255462 0.50114639 -0.49103788
vn -0.70761396 0.49155186 -0.50760148
vn -0.70713111 0.51684607 -0.48253056
vn -0.71301993 0.52485089 -0.46490226
vn -1.00000000 0.00000000 0.00000000
vn -0.57620828 -0.81730242 -0.00087337
vn -0.57491983 -0.70824557 0.40970159
vn -0.71299330 -0.66791144 -0.21338899
vn -0.71300329 -0.67783293 -0.17935669
vn -0.70693289 -0.67894153 -0.19820267
vn -0.71293838 0.66800041 -0.21329397
vn -0.71281527 0.67810686 -0.17906835
vn 0.70710471 0.67891163 -0.19769147
vn -0.70721691 -0.70675424 0.01851174
vn -0.71303411 -0.70112928 -0.00029732
vn -0.57639245 0.81717302 -0.00007090
vn -0.70726706 0.68795779 -0.16274947
vn -0.71307836 0.68636606 -0.14290166
vn -0.71317320 0.69260609 -0.10807773
vn -0.70681580 0.69593834 -0.12681186
vn -0.70694021 -0.70142799 0.09074314
vn -0.71303388 -0.69739668 0.07225342
vn -0.71313657 0.70007904 0.03640835
vn -0.70704684 0.70693497 0.01810311
vn -0.70685166 0.70524347 0.05470263
vn -0.71314802 0.69268182 0.10775808
vn -0.70686413 0.70149182 0.09084228
vn -0.71318597 0.69725489 0.07212068
vn -0.71306009 -0.67780381 0.17924093
vn -0.71291305 -0.66800438 0.21336619
vn -0.70697548 -0.67887758 0.19826974
vn -0.71010504 0.68446005 0.16512201
vn -0.70623210 0.68975461 0.15960827
vn -0.57527312 -0.70876122 -0.40831162
vn -0.71286758 0.66807648 0.21329235
vn -0.71088104 0.67845431 0.18533184
vn 0.70707391 0.67891402 0.19779345
vn -0.70726245 -0.66746069 0.23297220
vn -0.57628317 0.70839753 -0.40751768
vn -0.71290827 -0.65584363 0.24825579
vn -0.70718161 -0.54144736 0.45467452
vn -0.71294567 -0.54856773 0.43678589
vn -0.71326232 -0.62673756 0.31377842
vn -0.71356266 -0.60831863 0.34752952
vn -0.70701261 -0.62366984 0.33342032
vn -0.70727225 0.62381495 0.33259716
vn -0.71300259 0.60972627 0.34620974
vn -0.71272604 0.62717045 0.31413186
vn -0.71331087 0.59047070 0.37753405
vn -0.71274253 0.59121699 0.37743948
vn -0.70174152 0.60048863 0.38336959
vn -0.71298082 0.54860779 0.43667820
vn -0.70718161 0.54144736 0.45467452
vn -0.71294499 0.52506031 0.46478071
vn -0.70725662 0.51680202 0.48239376
vn -0.71293286 0.49983368 0.49182622
vn -0.70715796 0.49096763 0.50880095
vn -0.70665716 0.46313662 0.53492068
vn -0.70762186 0.46282454 0.53391456
vn -0.71327587 -0.22007029 0.66543715
vn -0.99194874 -0.10585545 0.06951497
vn -0.71293456 0.18414425 0.67662043
vn -1.00000000 0.00000000 0.00000000
vn -0.97694583 -0.21348732 0.00000000
vn -0.57527972 -0.40833377 -0.70874310
vn -0.70731991 0.23985054 0.66495884
vn -0.93203984 0.35662286 -0.06420179
vn -0.99194874 0.10585545 0.06951497
vn -1.00000000 0.00000000 0.00000000
vn -0.70710678 0.00000000 0.70710678
vn -0.70677727 0.13119182 0.69516515
vn -0.71342340 0.11175111 0.69176495
vn -0.70710678 0.00000000 0.70710678
vn -0.70710678 0.00000000 0.70710678
vn -0.70710678 0.00000000 0.70710678
vn -0.70710678 0.00000000 0.70710678
vn -0.70710678 0.00000000 0.70710678
vn -0.71316432 -0.07447323 -0.69702969
vn -0.70714405 -0.05621796 -0.70483107
vn -0.70759052 -0.37324240 0.60000480
vn -0.70696516 -0.01955382 -0.70697801
vn -0.71296760 -0.32245713 0.62265448
vn -0.70754290 -0.30747450 0.63627233
vn -0.71273361 -0.35455945 0.60522591
vn -0.70694635 -0.37446365 0.60000320
vn -0.70714805 -0.49097566 0.50880698
vn -0.71308705 -0.50004200 0.49139073
vn -0.70710858 -0.43487599 0.55756644
vn -0.71312679 -0.44565963 0.54114478
vn -0.70699293 -0.58591562 0.39606046
vn -0.71307119 -0.57048522 0.40752435
vn -0.71309190 -0.41643038 0.56399085
vn -0.71315115 -0.47308502 0.51730649
vn -0.70706927 -0.40498409 0.57969037
vn -0.71289501 0.57013316 0.40832449
vn -0.70704131 0.56438635 0.42609932
vn -0.70693919 -0.51705953 0.48258308
vn -0.70695780 -0.46358600 0.53413358
vn -0.70711981 -0.56433574 0.42603610
vn -0.71334424 -0.38577755 -0.58507750
vn -0.70679083 -0.37388018 -0.60055003
vn -0.70711447 -0.64076033 0.29902396
vn -0.71296241 -0.59068803 0.37785214
vn -0.70639505 -0.60551205 0.36655311
vn -0.70732887 -0.60547485 0.36480964
vn -0.71334943 -0.64201699 0.28097467
vn -0.70665539 -0.64071803 0.30019755
vn -0.70680640 -0.65532690 0.26640452
vn -0.70707418 -0.46378545 -0.53380629
vn -0.71315014 -0.44558928 -0.54117194
vn -0.70705330 -0.43493037 -0.55759411
vn -0.71293354 -0.47325951 -0.51744681
vn -0.70726111 -0.51682004 -0.48236788
vn -0.70741872 -0.54117504 -0.45462988
vn -0.71281504 -0.52486667 -0.46519855
vn -0.71317707 -0.57053716 -0.40726628
vn -0.70709376 -0.56435653 -0.42605179
vn -0.70697192 -0.60540226 -0.36562112
vn -0.71309220 -0.59056800 -0.37779485
vn -0.71328434 -0.60942218 -0.34616479
vn -0.70715985 -0.66775145 0.23244988
vn -0.70695076 0.68831115 0.16262960
vn -0.71306963 0.68620746 0.14370466
vn -0.70662328 -0.69636624 0.12552929
vn -0.71278381 -0.68659803 0.14325633
vn 0.70665027 -0.69630766 0.12570221
vn -0.70730581 -0.68803917 0.16223619
vn -0.71304364 -0.69279869 0.10769750
vn -0.71314297 0.70007332 -0.03639290
vn -0.70703721 0.70694460 -0.01810272
vn -0.70708859 -0.70502009 0.05451963
vn -0.71297872 0.70118568 -0.00001841
vn -0.70684802 -0.58606422 -0.39609923
vn -0.70700460 -0.70696660 -0.01851254
vn -0.71294493 -0.70029111 -0.03608173
vn -0.70712215 -0.70498157 -0.05458262
vn -0.71289520 -0.69756557 -0.07199107
vn -0.70727580 -0.70107367 -0.09086613
vn -0.70710547 -0.70130026 -0.09044225
vn -0.70692144 -0.65513268 -0.26657691
vn -0.71296347 -0.65593039 -0.24786775
vn -0.70732719 -0.68799985 -0.16230977
vn -0.71285151 -0.68657661 -0.14302194
vn -0.71289351 -0.69284940 -0.10836304
vn 0.70707269 -0.66775935 -0.23269221
vn -1.00000000 0.00000000 0.00000000
vn -0.57552978 0.70852925 0.40835251
vn -0.70679730 -0.64045761 -0.30041909
vn -0.71329907 -0.62658039 -0.31400868
vn -0.70682329 -0.62395674 -0.33328491
vn -0.71323599 -0.64207188 -0.28113722
vn -0.70702953 -0.69571085 -0.12686867
vn -0.71285512 -0.70036597 0.03640167
vn -0.71305597 -0.54831240 -0.43692643
vn -0.70692959 -0.54175827 -0.45469609
vn -0.70719956 -0.34156814 -0.61903148
vn -0.71293710 -0.32262655 -0.62260164
vn -0.70708935 -0.27479385 -0.65154661
vn -0.71318551 -0.25505728 -0.65292589
vn -0.71319145 -0.35522968 -0.60429284
vn -0.70711839 -0.23951627 -0.66529357
vn -0.71305400 -0.18438496 -0.67642899
vn -0.70708465 -0.16809020 -0.68686023
vn -0.71324891 -0.14819407 -0.68506534
vn -0.70704667 -0.13094274 -0.69493813
vn -0.70686946 -0.20313425 -0.67754855
vn -0.71338169 -0.21902502 -0.66566855
vn -0.71294459 -0.28896153 -0.63891411
vn -0.70734988 -0.30832485 -0.63607542
vn -0.71309655 -0.52463677 0.46502641
vn -0.71308489 -0.38632676 0.58503126
vn -0.70727877 -0.34167562 0.61888166
vn -0.71261127 -0.28881585 0.63935169
vn -0.70732015 -0.27474068 0.65131849
vn -0.71288729 -0.03680493 -0.70031216
vn -0.70727871 -0.05560518 -0.70474456
vn -0.70706547 -0.09374494 -0.70090678
vn -0.97694583 -0.21348732 0.00000000
vn -0.93225195 -0.35604934 -0.06430522
vn -0.70731313 0.27475730 0.65131909
vn -0.71259617 0.28884040 0.63935743
vn -0.70763433 0.30783229 0.63599759
vn -0.71289374 0.32271577 0.62260505
vn -0.70734182 0.34179079 0.61874599
vn -0.71290532 0.35528667 0.60459688
vn -0.71322369 0.44538417 0.54124385
vn -0.70707469 0.37364887 0.60035981
vn -0.71307894 0.38591846 0.58530792
vn -0.70728650 0.40499809 0.57941552
vn -0.71295603 0.41685557 0.56384849
vn -0.70700325 0.43469905 0.55783791
vn -0.71290146 0.47380571 0.51699096
vn -0.71320598 0.64200422 0.28136775
vn -0.70706585 0.63986894 0.30104089
vn -0.70748195 0.58542405 0.39591410
vn -0.71267742 0.65618306 0.24802154
vn -0.70713820 0.65504109 0.26622683
vn -0.70740886 0.66734651 0.23285477
vn -0.70701666 0.69570098 0.12699445
vn -0.71310697 0.69735395 -0.07194387
vn -0.70683011 0.70525802 -0.05479343
vn -0.70699965 0.70137983 -0.09065228
vn -0.70707895 0.70124757 -0.09105603
vn -0.70734630 0.66737738 -0.23295630
vn -0.71266761 0.65618200 -0.24805253
vn -0.71309188 0.64225085 -0.28109399
vn -0.70713634 0.65503922 -0.26623639
vn -0.70724645 0.63976470 -0.30083813
vn -0.71271361 0.62700892 -0.31448231
vn -0.70706560 0.62412763 -0.33244990
vn -0.71330158 0.60941576 -0.34614055
vn -0.70698886 0.60538205 -0.36562183
vn -0.71297074 0.59084598 -0.37758940
vn -0.70708138 0.58584544 -0.39600636
vn -0.71316063 0.57011526 -0.40788541
vn -0.70686060 0.56447831 -0.42627729
vn -0.71315231 0.54841975 -0.43663435
vn -0.70708088 0.54132336 -0.45497873
vn -0.70720862 0.49053023 -0.50915230
vn -0.70722884 0.30808686 -0.63632527
vn -0.71302557 0.47290407 -0.51764494
vn -0.70679780 0.46408430 -0.53391257
vn -0.71338150 0.44567530 -0.54079604
vn -0.70712366 0.43439436 -0.55792263
vn -0.71284981 0.41665765 -0.56412901
vn -0.70715971 0.40539653 -0.57929164
vn -0.71305763 0.38664576 -0.58485373
vn -0.70718326 0.37412879 -0.59993290
vn -0.71302399 0.28864576 -0.63896824
vn -0.70687095 0.27497149 -0.65170863
vn -0.71340686 0.25506937 -0.65267929
vn -0.70696141 0.23948504 -0.66547162
vn -0.71338880 0.21935998 -0.66555062
vn -0.70689768 0.20324978 -0.67748446
vn -0.71305827 0.18438502 -0.67642448
vn -0.70711715 0.16797187 -0.68685573
vn -0.71319819 0.14814778 -0.68512815
vn -0.70703792 0.13106737 -0.69492353
vn -0.71320045 0.11158515 -0.69202158
vn -0.71317499 0.07446650 -0.69701949
vn -0.70724138 0.05593409 -0.70475599
vn -0.70716889 -0.16824798 0.68673487
vn -0.71398076 -0.14580406 0.68481578
vn -0.70709126 0.09382953 -0.70086943
vn -0.71282478 0.03744569 -0.70034181
vn -0.70710678 0.00000000 0.70710678
vn -0.90814660 0.41865230 -0.00001002
vn -0.90679681 0.42156797 -0.00000966
vn -0.91651663 0.39999658 0.00000000
vn -0.91016870 0.41420631 0.00510642
vn 0.36760896 0.92998030 0.00053950
vn -0.73461041 0.16684154 -0.65765603
vn -0.64055028 0.30569297 -0.70444812
vn -0.91721233 0.39839872 0.00000000
vn -0.91721233 0.39839872 0.00000000
vn -0.92506962 0.37979758 -0.00001399
vn -0.92507305 0.37978923 0.00000004
vn -0.92474270 0.38059287 -0.00000000
vn -0.90824594 -0.41843675 -0.00001153
vn -0.90580990 -0.42368436 -0.00000067
vn 0.90556855 -0.42419996 0.00002245
vn 0.64015896 -0.29944792 -0.70747965
vn 0.64042795 -0.30020388 -0.70691560
vn 0.90706594 -0.42098857 -0.00002950
vn 0.89720151 -0.44162139 0.00001477
vn 0.90597852 -0.42332367 -0.00003678
vn 0.68185020 -0.43566805 -0.58759992
vn 0.89813559 -0.43971862 0.00001590
vn 0.72518572 0.00003052 -0.68855332
vn 0.68231796 -0.44540364 -0.57970493
vn 0.67014124 -0.44721219 -0.59237824
vn 0.66590677 -0.39376080 -0.63365653
vn 0.88681912 -0.46211671 -0.00002797
vn 0.87383773 -0.48621767 0.00002710
vn 0.87454801 -0.48493891 0.00016226
vn -0.98019910 -0.19799956 0.00242940
vn -0.97887626 -0.20445358 0.00000832
vn -0.99304139 -0.09915288 -0.06354139
vn -0.69065190 -0.14424956 -0.70865508
vn -0.97988647 -0.19955577 -0.00003160
vn -0.69399314 -0.15919728 0.70216077
vn -0.70081095 -0.12748267 0.70186337
vn -0.98349192 -0.18095205 0.00000000
vn -0.98357587 -0.18049517 -0.00000000
vn -0.98807580 -0.15396821 -0.00000005
vn -0.98807465 -0.15397557 -0.00001171
vn -0.98777898 -0.15586113 -0.00000000
vn -0.99072034 -0.13591618 0.00000000
vn -0.99105834 -0.13342929 0.00000000
vn -0.98748432 -0.15771718 -0.00001162
vn -0.98615220 -0.16539167 -0.01222392
vn -0.99385351 -0.11069468 0.00137506
vn -0.99322385 -0.11621699 0.00000875
vn -0.99788593 -0.05479122 -0.03495124
vn -0.70079586 -0.08199603 -0.70863377
vn -0.91644563 -0.40015922 0.00000000
vn -0.91685601 -0.39921806 0.00000000
vn -0.90936049 -0.41597799 0.00508090
vn -0.96732633 -0.21191388 -0.13918436
vn -0.73461104 -0.16689267 -0.65764235
vn -0.90703840 0.42104791 0.00003069
vn -0.91644563 -0.40015922 0.00000000
vn -0.92540041 -0.37899088 0.00000293
vn -0.92539629 -0.37900094 -0.00001971
vn -0.92507153 -0.37979293 0.00000000
vn -0.99385529 0.11067852 0.00138508
vn -0.71925334 0.04231996 -0.69345775
vn -0.99788593 0.05479122 -0.03495124
vn -0.99322555 0.11620241 -0.00003213
vn -0.70961511 0.06394494 0.70168187
vn -0.99375415 0.11159159 -0.00003187
vn -0.98642713 0.16389580 -0.00998458
vn -0.98804152 0.15418805 -0.00004072
vn -0.54941792 0.27148627 -0.79021210
vn -0.69783548 0.10885521 -0.70793798
vn -0.98753638 0.15739090 -0.00001157
vn -0.70530366 0.09601831 0.70237258
vn -0.70084157 0.12766997 0.70179874
vn -0.97918082 0.20297574 0.00240280
vn -0.97970476 0.20038315 0.00501704
vn -0.72606082 0.07480081 -0.68354995
vn -0.69681472 0.14262048 -0.70292862
vn -0.95635263 0.29221509 0.00000064
vn -0.95758312 0.28815719 0.00000058
vn -0.67622201 0.20662042 -0.70712926
vn -0.67621889 0.20348899 -0.70803972
vn -0.95635523 0.29220655 -0.00001453
vn -0.68642400 0.19050526 0.70180470
vn -0.67662504 0.22296455 0.70175876
vn -0.94297538 0.33286249 0.00000059
vn -0.66546946 0.23489403 -0.70850207
vn -0.65464166 0.26876348 -0.70654829
vn -0.92441261 0.38139392 -0.00001419
vn -0.66520255 0.25517435 0.70170622
vn -0.90897160 0.41685805 -0.00000923
vn -0.64915439 0.28835773 -0.70388096
vn -0.64182102 0.28728951 -0.71100670
vn -0.89365754 0.44874959 0.00001642
vn -0.89699126 0.44204829 -0.00000286
vn -0.91276066 0.40849477 0.00000069
vn -0.90795950 0.41905793 -0.00002882
vn -0.90822674 0.41847841 -0.00004698
vn -0.50239607 0.51055648 -0.69780389
vn -0.69389673 0.15912961 0.70227139
vn -0.65266457 -0.28362192 0.70255788
vn -0.70963617 -0.06389402 0.70166521
vn -0.70530631 -0.09602902 0.70236845
vn -0.71243800 -0.00002541 0.70173506
vn -0.68632125 -0.19067229 0.70185983
vn -0.67661766 -0.22324401 0.70167703
vn -0.71101149 -0.03183685 0.70245930
vn -0.65245576 0.28386590 0.70265328
vn -0.66504573 -0.25507634 0.70189047
vn -0.71102625 0.03187629 0.70244258
vn -0.93383005 -0.35771699 0.00000000
vn -0.93463016 -0.35562124 -0.00000000
vn -0.92474066 -0.38059783 -0.00001996
vn -0.92473652 -0.38060788 0.00000281
vn -0.93435994 0.35633062 0.00000000
vn -0.93489587 0.35492211 -0.00000000
vn -0.92440917 0.38140227 -0.00000006
vn -0.94272721 -0.33356469 0.00001437
vn -0.94080092 -0.33895964 0.00001440
vn -0.66575835 -0.23557182 -0.70800547
vn -0.66488380 -0.23954301 -0.70749465
vn -0.70126216 0.07543778 0.70890092
vn -0.70123713 0.03815307 0.71190648
vn -0.70102721 0.00000215 0.71313452
vn -0.70123415 -0.03817321 0.71190833
vn -0.70126748 -0.07545344 0.70889400
vn -0.70107623 -0.11305532 0.70406719
vn -0.70107215 -0.15093002 0.69693470
vn -0.70137088 -0.18737146 0.68772875
vn -0.70101907 -0.22362792 0.67717267
vn -0.70118304 -0.25967031 0.66401331
vn -0.70139962 -0.29380769 0.64939635
vn -1.00000000 0.00000000 0.00000000
vn -0.70125888 -0.29415471 -0.64939125
vn -1.00000000 0.00000000 0.00000000
vn -1.00000000 0.00000000 0.00000000
vn -0.70128494 -0.57996409 0.41453720
vn -1.00000000 0.00000000 0.00000000
vn -0.70131460 -0.55759956 0.44411773
vn -0.70123416 -0.32784338 -0.63307928
vn -0.70104626 0.32778894 0.63331552
vn -1.00000000 0.00000000 0.00000000
vn -1.00000000 0.00000000 0.00000000
vn -1.00000000 0.00000000 0.00000000
vn -0.70131360 -0.61969898 0.35232430
vn -1.00000000 0.00000000 0.00000000
vn -0.70126954 0.55754734 -0.44425443
vn -0.70127397 0.57999329 -0.41451490
vn -1.00000000 0.00000000 0.00000000
vn -0.70112837 -0.25940472 -0.66417483
vn -1.00000000 0.00000000 0.00000000
vn -0.70116688 0.25960091 0.66405750
vn -1.00000000 0.00000000 0.00000000
vn -0.70140630 0.29381232 0.64938704
vn -1.00000000 0.00000000 0.00000000
vn -0.70128841 0.53359080 -0.47273187
vn -0.70125055 -0.53371344 0.47264958
vn -1.00000000 0.00000000 0.00000000
vn -1.00000000 0.00000000 0.00000000
vn -0.70105731 -0.22328648 -0.67724574
vn -0.70129451 0.50823175 -0.49988649
vn -1.00000000 0.00000000 0.00000000
vn -0.70106480 0.22361059 0.67713104
vn -1.00000000 0.00000000 0.00000000
vn -0.70116697 -0.11336489 -0.70392704
vn -0.70110915 -0.15082613 -0.69691997
vn -0.70109298 0.45306015 -0.55064065
vn -1.00000000 0.00000000 0.00000000
vn -0.70127536 0.48145556 -0.52575034
vn -0.70128287 -0.50824094 0.49989346
vn -1.00000000 0.00000000 0.00000000
vn -1.00000000 0.00000000 0.00000000
vn -1.00000000 0.00000000 0.00000000
vn -0.70133732 0.18739084 0.68775769
vn -0.70121983 -0.48137903 0.52589445
vn -1.00000000 0.00000000 0.00000000
vn -1.00000000 0.00000000 0.00000000
vn -0.70135818 -0.18718366 -0.68779283
vn -1.00000000 0.00000000 0.00000000
vn -0.70135341 -0.60061244 0.38388553
vn -1.00000000 0.00000000 0.00000000
vn -0.70142267 0.42341425 -0.57334684
vn -1.00000000 0.00000000 0.00000000
vn -1.00000000 0.00000000 0.00000000
vn -0.70109019 0.15090003 0.69692304
vn -1.00000000 0.00000000 0.00000000
vn -1.00000000 0.00000000 0.00000000
vn -0.70124296 -0.45306057 0.55044930
vn -1.00000000 0.00000000 0.00000000
vn -1.00000000 0.00000000 0.00000000
vn -1.00000000 0.00000000 0.00000000
vn -0.70105635 0.11311074 0.70407809
vn -1.00000000 0.00000000 0.00000000
vn -0.70123689 -0.42352867 0.57348958
vn -1.00000000 0.00000000 0.00000000
vn -1.00000000 0.00000000 0.00000000
vn -1.00000000 0.00000000 0.00000000
vn -1.00000000 0.00000000 0.00000000
vn -1.00000000 0.00000000 0.00000000
vn -1.00000000 0.00000000 0.00000000
vn -1.00000000 0.00000000 0.00000000
vn -1.00000000 0.00000000 0.00000000
vn -1.00000000 0.00000000 0.00000000
vn -1.00000000 0.00000000 0.00000000
vn -0.70110236 0.39297534 -0.59500073
vn -1.00000000 0.00000000 0.00000000
vn -1.00000000 0.00000000 0.00000000
vn -1.00000000 0.00000000 0.00000000
vn -1.00000000 0.00000000 0.00000000
vn -1.00000000 0.00000000 0.00000000
vn -1.00000000 0.00000000 0.00000000
vn -1.00000000 0.00000000 0.00000000
vn -1.00000000 0.00000000 0.00000000
vn -1.00000000 0.00000000 0.00000000
vn -1.00000000 0.00000000 0.00000000
vn -1.00000000 0.00000000 0.00000000
vn -0.70128054 0.36073547 -0.61487847
vn -1.00000000 0.00000000 0.00000000
vn -0.70121298 -0.39275521 0.59501571
vn -1.00000000 0.00000000 0.00000000
vn -1.00000000 0.00000000 0.00000000
vn -1.00000000 0.00000000 0.00000000
vn -1.00000000 0.00000000 0.00000000
vn -1.00000000 0.00000000 0.00000000
vn -1.00000000 0.00000000 0.00000000
vn -1.00000000 0.00000000 0.00000000
vn -0.70109421 -0.07553063 -0.70905714
vn -1.00000000 0.00000000 0.00000000
vn -1.00000000 0.00000000 0.00000000
vn -1.00000000 0.00000000 0.00000000
vn -1.00000000 0.00000000 0.00000000
vn -0.70125335 -0.36088798 0.61481998
vn -1.00000000 0.00000000 0.00000000
vn -1.00000000 0.00000000 0.00000000
vn -1.00000000 0.00000000 0.00000000
vn -1.00000000 0.00000000 0.00000000
vn -1.00000000 0.00000000 0.00000000
vn -1.00000000 0.00000000 0.00000000
vn -1.00000000 0.00000000 0.00000000
vn -1.00000000 0.00000000 0.00000000
vn -0.70136437 -0.03806865 -0.71178564
vn -1.00000000 0.00000000 0.00000000
vn -1.00000000 0.00000000 0.00000000
vn -0.70121101 0.32794727 -0.63305112
vn -1.00000000 0.00000000 0.00000000
vn -1.00000000 0.00000000 0.00000000
vn -1.00000000 0.00000000 0.00000000
vn -1.00000000 0.00000000 0.00000000
vn -1.00000000 0.00000000 0.00000000
vn -1.00000000 0.00000000 0.00000000
vn -1.00000000 0.00000000 0.00000000
vn -0.70107490 -0.32769267 0.63333364
vn -1.00000000 0.00000000 0.00000000
vn -1.00000000 0.00000000 0.00000000
vn -1.00000000 0.00000000 0.00000000
vn -1.00000000 0.00000000 0.00000000
vn -1.00000000 0.00000000 0.00000000
vn -1.00000000 0.00000000 0.00000000
vn -1.00000000 0.00000000 0.00000000
vn -1.00000000 0.00000000 0.00000000
vn -1.00000000 0.00000000 0.00000000
vn -1.00000000 0.00000000 0.00000000
vn -1.00000000 0.00000000 0.00000000
vn -0.70125919 0.29413855 -0.64939823
vn -1.00000000 0.00000000 0.00000000
vn -1.00000000 0.00000000 0.00000000
vn -1.00000000 0.00000000 0.00000000
vn -1.00000000 0.00000000 0.00000000
vn -1.00000000 0.00000000 0.00000000
vn -1.00000000 0.00000000 0.00000000
vn -1.00000000 0.00000000 0.00000000
vn -1.00000000 0.00000000 0.00000000
vn -1.00000000 0.00000000 0.00000000
vn -1.00000000 0.00000000 0.00000000
vn -1.00000000 0.00000000 0.00000000
vn -1.00000000 0.00000000 0.00000000
vn -1.00000000 0.00000000 0.00000000
vn -1.00000000 0.00000000 0.00000000
vn -1.00000000 0.00000000 0.00000000
vn -1.00000000 0.00000000 0.00000000
vn -0.70109451 0.25935159 -0.66423132
vn -1.00000000 0.00000000 0.00000000
vn -1.00000000 0.00000000 0.00000000
vn -1.00000000 0.00000000 0.00000000
vn -1.00000000 0.00000000 0.00000000
vn -1.00000000 0.00000000 0.00000000
vn -1.00000000 0.00000000 0.00000000
vn -1.00000000 0.00000000 0.00000000
vn -1.00000000 0.00000000 0.00000000
vn -1.00000000 0.00000000 0.00000000
vn -1.00000000 0.00000000 0.00000000
vn -1.00000000 0.00000000 0.00000000
vn -1.00000000 0.00000000 0.00000000
vn -0.70110261 0.22328081 -0.67720072
vn -1.00000000 0.00000000 0.00000000
vn -1.00000000 0.00000000 0.00000000
vn -1.00000000 0.00000000 0.00000000
vn -1.00000000 0.00000000 0.00000000
vn -1.00000000 0.00000000 0.00000000
vn -1.00000000 0.00000000 0.00000000
vn -1.00000000 0.00000000 0.00000000
vn -1.00000000 0.00000000 0.00000000
vn -1.00000000 0.00000000 0.00000000
vn -0.70132982 0.18719737 -0.68781802
vn -0.70108437 0.07551273 -0.70906878
vn -0.70137412 0.03806580 -0.71177619
vn -0.70115529 0.11340491 -0.70393223
vn -0.70113719 0.15080519 -0.69689629
vn -0.70137925 0.71278829 -0.00000242
vn -0.70152303 0.63706859 0.31938857
vn -0.70111664 0.65312490 0.28611767
vn -0.70135570 0.70903700 0.07325785
vn -0.70146553 0.66681940 0.25159094
vn -0.70130210 0.67898938 0.21713770
vn -1.00000000 0.00000000 0.00000000
vn -0.70140124 0.68921380 -0.18171579
vn -1.00000000 0.00000000 0.00000000
vn -0.70133553 0.71188736 0.03667233
vn -0.70130740 0.70436071 0.10974476
vn -0.70136337 0.68924976 0.18172559
vn -0.70134115 0.69771097 0.14601367
vn -0.70125216 0.53370935 0.47265182
vn -0.70131261 0.55760272 0.44411691
vn -1.00000000 0.00000000 0.00000000
vn -0.70129212 0.50822444 0.49989727
vn -0.70131965 0.69773429 -0.14600553
vn -0.70137710 0.70901219 -0.07329316
vn -0.70115106 0.62003528 0.35205602
vn -0.70133103 0.71189080 -0.03669169
vn -0.70127201 0.57999334 0.41451815
vn -0.70131609 0.70435569 -0.10972149
vn -0.70138296 0.60057497 0.38389015
vn -1.00000000 0.00000000 0.00000000
vn -0.70122882 0.48138279 0.52587903
vn -0.70127067 0.67901916 -0.21714611
vn -1.00000000 0.00000000 0.00000000
vn -1.00000000 0.00000000 0.00000000
vn -0.70120384 0.45298654 0.55056005
vn -0.70149044 0.66676785 -0.25165808
vn -1.00000000 0.00000000 0.00000000
vn -1.00000000 0.00000000 0.00000000
vn -0.70131937 0.42347378 0.57342924
vn -0.70115082 0.65313149 -0.28601884
vn -1.00000000 0.00000000 0.00000000
vn -1.00000000 0.00000000 0.00000000
vn -0.70115126 0.39278876 0.59506630
vn -0.70152798 0.63714221 -0.31923080
vn -1.00000000 0.00000000 0.00000000
vn -1.00000000 0.00000000 0.00000000
vn -0.70131781 0.36085035 0.61476853
vn -0.70108373 0.62008564 -0.35210141
vn -1.00000000 0.00000000 0.00000000
vn -1.00000000 0.00000000 0.00000000
vn -0.70140865 0.60050250 -0.38395658
vn -1.00000000 0.00000000 0.00000000
vn -0.70119888 -0.36080498 -0.61493081
vn -0.70115002 -0.39292342 -0.59497885
vn -0.70091830 -0.00001084 -0.71324157
vn -1.00000000 0.00000000 0.00000000
vn -0.70126363 -0.65311062 0.28578987
vn -1.00000000 0.00000000 0.00000000
vn -0.70134723 -0.42346781 -0.57339958
vn -1.00000000 0.00000000 0.00000000
vn -0.70139444 -0.66689907 0.25157795
vn -1.00000000 0.00000000 0.00000000
vn -0.70127327 -0.48146544 -0.52574407
vn -0.70128342 -0.50824056 -0.49989308
vn -0.70141176 -0.69769654 0.14574322
vn -0.70127699 -0.57997645 -0.41453335
vn -0.70133923 -0.70432666 0.10975998
vn -1.00000000 0.00000000 0.00000000
vn -0.70129105 -0.53359508 -0.47272312
vn -1.00000000 0.00000000 0.00000000
vn -0.70122683 -0.68938432 0.18174211
vn -1.00000000 0.00000000 0.00000000
vn -0.70126989 -0.55754705 -0.44425424
vn -0.70114723 -0.45311400 -0.55052726
vn -0.70134901 -0.70904207 0.07327286
vn -0.70124169 -0.61975989 -0.35236028
vn -0.70140446 -0.71181291 0.03679907
vn -0.70127685 -0.71288903 0.00000035
vn -0.70125375 -0.63734675 -0.31942493
vn -0.70129349 -0.65311762 -0.28570058
vn -0.70137451 -0.60053634 -0.38396601
vn -0.70139411 -0.71182142 -0.03683168
vn -0.70141345 -0.66685682 -0.25163694
vn -0.70135939 -0.70902857 -0.07330413
vn -0.70135038 -0.70432125 -0.10972342
vn -0.70136735 -0.67890441 -0.21719263
vn -0.70126781 -0.68934781 -0.18172246
vn -0.70139405 -0.69771404 -0.14574468
vn -0.70140112 -0.67887730 0.21716835
vn -1.00000000 0.00000000 0.00000000
vn -1.00000000 0.00000000 0.00000000
vn -0.70126169 -0.63726282 0.31957493
vn -1.00000000 0.00000000 0.00000000
vn -0.50697598 -0.50994487 -0.69493279
vn -0.48798700 -0.53437358 -0.69015474
vn -0.47858976 -0.53700500 -0.69467796
vn -0.51263562 -0.52933511 -0.67602445
vn -0.46030636 -0.56398563 -0.68559336
vn -0.46493120 -0.56795990 -0.67916163
vn -0.45737442 -0.57804972 -0.67577153
vn -0.40865206 -0.61021107 -0.67870902
vn -0.38703832 -0.63403078 -0.66948212
vn -0.41588704 -0.62538548 -0.66025069
vn -0.38023552 -0.63522538 -0.67224227
vn -0.35756565 -0.66016181 -0.66055522
vn -0.35679932 -0.66779700 -0.65325448
vn -0.31412116 -0.69089107 -0.65115085
vn -0.29303513 -0.69768544 -0.65373193
vn -0.29823982 -0.70351956 -0.64506840
vn -0.26955034 -0.71137881 -0.64906302
vn -0.24377572 -0.72771779 -0.64109299
vn -0.22981410 -0.73558060 -0.63726498
vn -0.22269775 -0.73494905 -0.64051198
vn -0.20237469 -0.74119280 -0.64006072
vn -0.17065006 -0.75199911 -0.63669137
vn 0.72667855 -0.34395186 -0.59467251
vn 0.19507366 -0.69352588 -0.69351865
vn 0.72669019 -0.59461868 -0.34402035
vn 1.00000000 0.00000000 0.00000000
vn 0.72586513 -0.68783668 -0.00072327
vn 1.00000000 0.00000000 0.00000000
vn 0.72614637 0.59536615 -0.34387584
vn 1.00000000 0.00000000 0.00000000
vn 1.00000000 0.00000000 0.00000000
vn 1.00000000 0.00000000 0.00000000
vn 1.00000000 0.00000000 0.00000000
vn 1.00000000 0.00000000 0.00000000
vn 1.00000000 0.00000000 0.00000000
vn 0.72721383 0.34267358 -0.59475614
vn 1.00000000 0.00000000 0.00000000
vn 1.00000000 0.00000000 0.00000000
vn 1.00000000 0.00000000 0.00000000
vn 1.00000000 0.00000000 0.00000000
vn 0.72724982 -0.59397379 0.34395179
vn 1.00000000 0.00000000 0.00000000
vn 0.72578098 -0.34456960 0.59541058
vn 1.00000000 0.00000000 0.00000000
vn 1.00000000 0.00000000 0.00000000
vn 0.72609064 0.68759899 0.00009801
vn 1.00000000 0.00000000 0.00000000
vn 1.00000000 0.00000000 0.00000000
vn 1.00000000 0.00000000 0.00000000
vn 1.00000000 0.00000000 0.00000000
vn 1.00000000 0.00000000 0.00000000
vn 0.72631954 0.59548628 0.34330163
vn 0.72631977 0.34330132 0.59548618
vn 0.72604453 0.00000000 0.68764768
vn 1.00000000 0.00000000 0.00000000
vn 0.19519018 0.69341774 -0.69359399
vn 0.19393349 0.94777186 -0.25321592
vn 0.19492626 -0.94720300 -0.25457854
vn 0.19542243 -0.94719738 0.25421879
vn 0.19497909 -0.69361952 0.69345159
vn 0.19509663 0.69351755 0.69352052
vn 0.19418103 0.25286563 0.94781470
vn 0.19418103 0.94781470 0.25286563
vn 0.19390209 -0.25321568 0.94777835
vn 0.12793846 0.79047262 -0.59898646
vn 0.14113008 0.78963656 -0.59712344
vn 0.14059594 0.80750198 -0.57286414
vn 0.02673625 0.78734475 -0.61593296
vn -0.00250246 0.78361241 -0.62124499
vn 0.04555412 0.79305763 -0.60744087
vn 0.02931807 0.79938023 -0.60010973
vn -0.00900218 0.79853444 -0.60188181
vn -0.00791027 0.77465687 -0.63233232
vn -0.09764092 0.77507346 -0.62428150
vn -0.05515046 0.78066127 -0.62251619
vn -0.00939332 0.80205630 -0.59717456
vn -0.09748272 0.77205717 -0.62803252
vn -0.10182416 0.78045250 -0.61686768
vn -0.10579010 0.77066695 -0.62839551
vn -0.16060790 0.76406763 -0.62482459
vn -0.16380127 0.75207198 -0.63840181
vn -0.18582989 0.75393709 -0.63011596
vn -0.19326181 0.74414924 -0.63944646
vn -0.19144114 0.74683034 -0.63686320
vn -0.23487108 0.74179951 -0.62814733
vn -0.25472982 0.71555739 -0.65045395
vn -0.26937527 0.71101556 -0.64953356
vn -0.27990217 0.70775266 -0.64864547
vn -0.29863474 0.69695941 -0.65196999
vn -0.33452321 0.69589451 -0.63547230
vn -0.25418568 0.69258287 -0.67506934
vn -0.34855682 0.67574851 -0.64951682
vn -0.35794992 0.65515359 -0.66531619
vn -0.38747030 0.64056323 -0.66298229
vn -0.39250102 0.63014986 -0.66996575
vn -0.38178651 0.63319744 -0.67327562
vn -0.40908550 0.61346366 -0.67550825
vn -0.44493855 0.59234653 -0.67168094
vn -0.43606150 0.58795613 -0.68129139
vn -0.48735549 0.56342433 -0.66711142
vn -0.43347516 0.56936926 -0.69851122
vn -0.47762790 0.55229146 -0.68326110
vn -0.48647195 0.53631886 -0.68971525
vn -0.49531332 0.52355854 -0.69321798
vn -0.87313502 0.48747845 0.00001832
vn -0.61077363 0.35609171 -0.70721586
vn -0.61998114 0.34785110 -0.70329438
vn -0.86246638 0.50611436 0.00001408
vn -0.87953974 0.47582537 0.00024351
vn -0.86392687 0.50361728 0.00002502
vn -0.87313916 0.48747104 0.00002684
vn -0.87073023 0.49176096 0.00011977
vn -0.86269647 0.50572206 0.00002763
vn -0.82461510 0.56569420 0.00002796
vn -0.85258619 0.52258663 -0.00001337
vn -0.85285723 0.52214417 -0.00010967
vn -0.60833187 0.36037036 -0.70715312
vn -0.60885835 0.35837618 -0.70771323
vn -0.75841456 0.65177248 -0.00000000
vn -0.75847548 0.65170158 0.00000104
vn -0.81225755 0.58329894 0.00007970
vn -0.81231590 0.58321770 0.00006845
vn -0.57143961 0.41785880 -0.70629371
vn -0.56933349 0.41923626 -0.70717773
vn -0.65676035 0.75409936 0.00000411
vn -0.66103068 0.75035887 -0.00000212
vn -0.68672132 0.72692076 -0.00019027
vn -0.68011249 0.73310774 -0.00022330
vn -0.70709298 0.70712058 0.00000861
vn -0.70309632 0.71109462 -0.00005917
vn -0.49844263 0.49974039 -0.70838866
vn -0.50257395 0.49702916 -0.70737644
vn -0.63917263 0.76906329 0.00000071
vn -0.46942995 0.52829245 -0.70749037
vn -0.44095652 0.54073034 -0.71635749
vn -0.51291804 0.85843758 -0.00000672
vn -0.49711266 0.86768600 0.00000422
vn -0.58238335 0.81291428 -0.00001073
vn -0.58349249 0.81211854 0.00000448
vn -0.41302224 0.57473845 -0.70646184
vn -0.41101514 0.57537263 -0.70711589
vn -0.47354704 0.88076853 -0.00000413
vn -0.37952801 0.59548084 -0.70806854
vn -0.34159737 0.60592401 -0.71844787
vn -0.31930147 0.94765319 -0.00000644
vn -0.29786308 0.95460860 0.00000259
vn -0.32251263 0.94656516 -0.00003638
vn -0.24276549 0.97008487 -0.00052115
vn -0.23200421 0.66804841 -0.70702572
vn -0.23002058 0.66935727 -0.70643568
vn -0.26786344 0.96345689 -0.00001124
vn -0.10751215 0.69922081 -0.70677535
vn -0.16825991 0.70447555 -0.68949460
vn -0.04579281 0.99895096 -0.00000611
vn -0.06411824 0.70445071 -0.70685080
vn -0.03198168 0.69573295 -0.71758821
vn 0.00000000 1.00000000 0.00000000
vn 0.01524040 0.99988386 -0.00000234
vn -0.01582430 0.99987479 -0.00000136
vn 0.01087528 0.71043527 -0.70367851
vn -0.01367283 0.71124993 -0.70280623
vn 0.01541891 0.99988112 -0.00000264
vn 0.02889583 0.99958243 0.00000124
vn 0.20645609 0.97845587 -0.00001359
vn 0.03114029 0.99951502 0.00001731
vn 0.22476715 0.70756939 -0.66994424
vn 0.20010086 0.76256563 -0.61518559
vn 0.20283173 0.79461963 -0.57222280
vn 0.21416940 0.76548056 -0.60677095
vn 0.09637155 0.99534543 0.00006139
vn 0.04697998 0.99889583 0.00000062
vn 0.09250507 0.99571221 0.00007195
vn -0.08431268 0.99643935 -0.00001331
vn -0.07346266 0.99729797 0.00001918
vn -0.05420012 0.72118266 -0.69062140
vn 0.10115204 0.99487098 0.00001593
vn 0.07656346 0.99706471 0.00000310
vn 0.05533785 0.72140982 -0.69029384
vn 0.03370753 0.69504674 -0.71817396
vn 0.10655448 0.69861873 -0.70751538
vn 0.40544223 0.91412067 0.00001177
vn 0.37555281 0.92680100 0.00000365
vn 0.34674234 0.93796042 -0.00000694
vn 0.28855504 0.63601389 -0.71569708
vn 0.27932008 0.66509831 -0.69254930
vn 0.32381385 0.94612081 -0.00006952
vn 0.32536399 0.94558885 -0.00008905
vn 0.26744231 0.74215171 -0.61456118
vn 0.34949788 0.71422174 -0.60641449
vn 0.24435178 0.81291481 -0.52864139
vn 0.38267810 0.92388174 -0.00001343
vn 0.32460615 0.94584927 -0.00000403
vn 0.29972826 0.95402462 0.00000070
vn 0.49395112 0.51130508 -0.70326339
vn 0.37224333 0.65402714 -0.65854643
vn 0.50945849 0.86049523 0.00000000
vn 0.24080640 0.97057315 0.00020730
vn 0.13965845 0.99019939 0.00082284
vn 0.19192328 0.68039859 -0.70726460
vn 0.19505918 0.68082135 -0.70599873
vn 0.10115435 0.99487025 0.00099604
vn 0.13834694 0.99038351 0.00079230
vn 0.27142291 0.96246018 -0.00001650
vn 0.13836028 0.99038161 0.00083049
vn 0.24058153 0.97062893 -0.00001642
vn 0.24022261 0.97071783 -0.00001070
vn 0.19233473 0.68117941 -0.70640071
vn 0.17011196 0.69350394 -0.70008157
vn 0.27369858 0.75404586 -0.59707951
vn 0.30522334 0.73495461 -0.60554144
vn 0.20304890 0.78384509 -0.58682026
vn 0.19555307 0.78417848 -0.58891689
vn 0.16353712 0.98653718 -0.00000428
vn 0.20564003 0.97862770 -0.00000564
vn 0.23810994 0.97123821 0.00000999
vn 0.17781942 0.98406314 0.00001149
vn 0.17868176 0.67102565 -0.71958141
vn 0.17030524 0.70333650 -0.69015498
vn 0.22024218 0.78533983 -0.57856264
vn 0.20898935 0.97791792 -0.00003672
vn 0.20972259 0.97776093 -0.00005415
vn 0.23073381 0.66934138 -0.70621811
vn 0.34222909 0.54990099 -0.76189773
vn 0.36232611 0.74642908 -0.55817866
vn 0.34807277 0.72558555 -0.59360842
vn 0.35463387 0.74228034 -0.56855493
vn 0.43812423 0.89891443 -0.00000802
vn 0.43816683 0.89889367 0.00000045
vn 0.41218846 0.91109861 0.00000359
vn 0.42914196 0.60422227 -0.67138113
vn 0.29333662 0.64962352 -0.70138642
vn 0.43305807 0.90136602 -0.00003972
vn 0.47343586 0.88082829 -0.00000124
vn 0.43116971 0.90227084 -0.00006542
vn 0.46591467 0.88482966 -0.00001185
vn 0.49894182 0.86663548 0.00000961
vn 0.29702925 0.66189856 -0.68823246
vn 0.26325753 0.64297391 -0.71922182
vn 0.39142804 0.70385434 -0.59276738
vn 0.40458106 0.71286191 -0.57283686
vn 0.42905107 0.68484393 -0.58898554
vn 0.48314557 0.87554004 -0.00001433
vn 0.50961042 0.86040527 -0.00000700
vn 0.48482140 0.87461318 -0.00000926
vn 0.53538100 0.84461067 -0.00000923
vn 0.53850433 0.84262274 -0.00000015
vn 0.38028057 0.59731752 -0.70611505
vn 0.36352075 0.61364431 -0.70092319
vn 0.53846285 0.84264925 0.00000067
vn 0.50850795 0.86105729 -0.00001605
vn 0.53812981 0.84286198 0.00000253
vn 0.49683364 0.86784575 0.00028445
vn 0.37744325 0.59647694 -0.70834445
vn 0.38179526 0.59496073 -0.70728644
vn 0.45048247 0.67719939 -0.58177876
vn 0.41403819 0.70596943 -0.57461252
vn 0.46556227 0.67511814 -0.57224756
vn 0.53037350 0.58127135 -0.61711228
vn 0.59025225 0.80721885 0.00002164
vn 0.52113004 0.85347729 0.00001015
vn 0.49473972 0.86904120 -0.00000056
vn 0.37887959 0.61583092 -0.69079847
vn 0.34588270 0.60572329 -0.71656434
vn 0.49251984 0.63949258 -0.59031639
vn 0.58122016 0.81374635 -0.00003446
vn 0.60446208 0.79663391 0.00001077
vn 0.58262244 0.81274294 -0.00001939
vn 0.62457649 0.78096364 0.00000724
vn 0.48085984 0.87679681 0.00108350
vn 0.44439858 0.55104473 -0.70629994
vn 0.42817335 0.57162276 -0.69993929
vn 0.57341252 0.81926668 0.00043388
vn 0.48298643 0.87562717 0.00108380
vn 0.65377472 0.75668922 -0.00020222
vn 0.49385316 0.64957066 -0.57807181
vn 0.49729952 0.63576166 -0.59033913
vn 0.52897831 0.61176895 -0.58815024
vn 0.68771379 0.72598192 -0.00001656
vn 0.68252690 0.73086047 0.00002537
vn 0.70311863 0.71107256 -0.00001032
vn 0.66568806 0.74623013 0.00000000
vn 0.66452739 0.74726391 0.00001088
vn 0.40999055 0.61142120 -0.67681006
vn 0.36414156 0.57303455 -0.73418821
vn 0.55261462 0.59185659 -0.58679030
vn 0.66735053 0.74474376 0.00000331
vn 0.70952095 0.70468434 -0.00000044
vn 0.70711210 0.70710146 0.00003284
vn 0.70710678 0.70710678 -0.00000000
vn 0.68718241 0.72648492 0.00001048
vn 0.70705720 0.70715635 -0.00000077
vn 0.70461730 0.70958753 0.00002109
vn 0.56338701 0.57992528 -0.58845709
vn 0.56527720 0.57051465 -0.59579755
vn 0.58764551 0.56472731 -0.57944440
vn 0.72569577 0.68801571 -0.00015277
vn 0.72596690 0.68772962 -0.00016560
vn 0.76099300 0.64876009 -0.00000400
vn 0.51795191 0.49016647 -0.70104397
vn 0.52659486 0.47186437 -0.70713639
vn 0.73057378 0.68283376 -0.00008823
vn 0.56898543 0.56391889 -0.59854077
vn 0.76119162 0.64852704 -0.00001156
vn 0.63623813 0.50903053 -0.57973180
vn -0.11586476 0.02749197 -0.99288446
vn 0.58818149 0.54385637 -0.59855057
vn 0.74126776 0.67120944 0.00003079
vn 0.57970755 0.57097867 -0.58131104
vn 0.75834276 0.65185583 -0.00048974
vn 0.84956945 0.52747654 0.00050161
vn 0.66289662 0.47699051 -0.57710322
vn 0.65174430 0.46811492 -0.59673930
vn 0.81405637 0.58078583 -0.00020750
vn 0.90287086 0.42991095 0.00088684
vn 0.64074059 0.48740702 -0.59319970
vn 0.84849324 0.52920621 0.00000065
vn 0.68077912 0.44747584 -0.57991824
vn 0.64326722 0.48813177 -0.58985987
vn 0.63456955 0.48438676 -0.60223828
vn 0.87411610 0.48571704 -0.00001184
vn 0.84586232 0.53340105 -0.00050455
vn 0.90826700 0.41839091 0.00031677
vn 0.89611235 0.44382728 -0.00000437
vn 0.73128059 0.18236679 0.65724505
vn 0.62674668 0.32907346 -0.70632801
vn 0.89114830 0.45371213 0.00006786
vn 0.70411222 0.41670880 -0.57496066
vn 0.89434228 0.44738338 0.00000725
vn 0.68349397 0.41351407 -0.60153313
vn 0.91459557 0.40436976 0.00018060
vn 0.91940557 0.39331077 0.00020020
vn 0.91619171 0.40074024 -0.00000053
vn 0.64466431 0.25677791 -0.72005071
vn 0.64016581 0.29943251 -0.70747997
vn 0.93180182 0.36296719 0.00042882
vn 0.68739507 0.41163566 -0.59836787
vn 0.91620488 0.40071013 0.00000953
vn 0.68644539 0.42742805 -0.58830094
vn 0.69322740 0.39717577 -0.60140434
vn 0.89527520 0.44551353 0.00005546
vn 0.71931169 0.35906933 -0.59469312
vn 0.96770644 0.25207923 0.00055973
vn 0.93691276 0.34956326 -0.00009993
vn 0.94967860 0.31322605 -0.00000746
vn 0.65843785 0.11846518 -0.74325338
vn 0.66554478 0.23450799 -0.70855920
vn 0.92026615 0.39129279 -0.00041091
vn 0.70677968 0.38214235 -0.59534000
vn 0.94902623 0.31519709 0.00001645
vn 0.70669902 0.36897924 -0.60368105
vn 0.93793462 0.34681189 -0.00039209
vn 0.95879814 0.28408822 0.00005308
vn 0.96278521 0.27026770 0.00001024
vn 0.67670226 0.21291373 -0.70479912
vn 0.67824360 0.20297582 -0.70624814
vn 0.98901334 0.14782314 0.00097063
vn 0.75194765 0.29948285 -0.58726890
vn 0.96400016 0.26590165 -0.00002215
vn 0.73930417 0.30232500 -0.60168841
vn 0.96562951 0.25992238 -0.00005945
vn 0.95882100 0.28401098 -0.00022090
vn 0.73491993 0.30707865 -0.60464485
vn 0.97536836 0.22058231 -0.00001591
vn 0.76375542 0.26915451 -0.58671416
vn 0.75191784 0.25758246 -0.60685322
vn 0.97529013 0.22092795 0.00002551
vn 0.75573675 0.25496619 -0.60320329
vn 0.98981325 0.14237176 0.00010162
vn 0.98251015 0.18620893 -0.00019199
vn 0.99070469 0.13603023 -0.00000817
vn 0.68650677 0.05443738 -0.72508277
vn 0.69733505 0.11293453 -0.70779207
vn 0.97962390 0.20084049 -0.00032180
vn 0.75176931 0.25237290 -0.60922149
vn 0.99044897 0.13787978 0.00001361
vn 0.99343185 0.11442534 0.00003693
vn 0.70477029 0.10069166 -0.70225353
vn 0.70312435 0.08241920 -0.70627418
vn 0.75882704 0.22987320 -0.60937660
vn 0.99477079 0.10213266 -0.00006043
vn 0.85953757 0.20576832 -0.46781894
vn 0.99364559 0.11255413 0.00004686
vn 0.99195796 0.12656777 0.00003007
vn 0.70288289 0.07955176 -0.70684309
vn 0.70357746 0.07676289 -0.70646034
vn 0.99169495 0.12861230 0.00003252
vn 0.74966461 0.24093088 -0.61640513
vn 0.77033598 0.21550441 -0.60011693
vn 0.99613388 0.08784808 -0.00009907
vn 0.99942090 0.03402662 0.00023515
vn 0.76639423 0.20911086 -0.60738170
vn 0.99898742 0.04499041 0.00000917
vn 0.70731628 0.01737553 -0.70668365
vn 0.71056235 0.03215867 -0.70289897
vn 0.99991597 0.01296356 0.00008078
vn 0.99994039 0.01091807 0.00007828
vn 0.41801404 0.23099461 -0.87858167
vn 0.99993491 0.01140944 0.00008125
vn 0.81439970 0.04217976 -0.57876938
vn -0.94272598 -0.33356816 -0.00002027
vn -0.93435994 0.35633062 0.00000000
vn -0.94296729 0.33288540 -0.00001523
vn -0.94201522 0.33557016 0.00000000
vn 0.80461400 0.21275730 -0.55437410
vn 0.77446709 -0.11761590 -0.62158445
vn 0.99999999 -0.00004326 -0.00015388
vn 0.99995985 -0.00895996 -0.00010235
vn 0.99996301 -0.00860123 -0.00008075
vn 0.99994122 -0.01084208 -0.00007628
vn 0.71088140 -0.01246034 -0.70320151
vn 0.99991789 -0.01077407 -0.00693769
vn 0.99936054 -0.03575594 0.00012188
vn 0.99995975 -0.00897149 -0.00007413
vn 0.99983453 -0.01819101 -0.00001185
vn 0.99994804 -0.01019433 -0.00002543
vn 0.99984533 -0.01758744 -0.00001728
vn 0.99984548 -0.01757901 0.00001371
vn 0.77736166 -0.15284860 -0.61020173
vn 0.77328138 -0.17830478 -0.60847623
vn 0.76305993 -0.20677610 -0.61235871
vn 0.76701742 -0.21593920 -0.60419744
vn 0.99783308 -0.06579627 -0.00001377
vn 0.99777926 -0.06660747 0.00001453
vn 0.99898803 -0.04497689 0.00000072
vn 0.99867644 -0.05143306 0.00004586
vn 0.70597386 -0.04595680 -0.70674527
vn 0.70807063 -0.03857142 -0.70508739
vn 0.99946375 -0.03274478 0.00000831
vn 0.70537682 -0.04564637 -0.70736126
vn 0.70622134 -0.04690464 -0.70643568
vn 0.99800289 -0.06316825 0.00003308
vn 0.99835782 -0.05728588 0.00001472
vn 0.99940499 -0.03449161 0.00000965
vn 0.71837555 -0.04123911 -0.69443208
vn 0.99915783 -0.03460753 -0.02204429
vn 0.99799420 -0.06330462 -0.00031852
vn 0.99839398 -0.05665084 -0.00036931
vn 0.99835832 -0.05727585 -0.00037063
vn 0.99403860 -0.10902871 0.00000348
vn 0.99049953 -0.13751614 0.00002515
vn 0.99302578 -0.11789741 0.00007944
vn 0.96599293 -0.25856746 0.00072555
vn 0.98880126 -0.14923827 -0.00005905
vn 0.97924387 -0.20268531 0.00031683
vn 0.98804612 -0.15415858 -0.00003094
vn 0.98391611 -0.17863117 0.00000045
vn 0.97710149 -0.21277342 0.00039494
vn 0.98243146 -0.18662369 -0.00012491
vn 0.97777657 -0.20964968 0.00004096
vn 0.97447156 -0.22451094 0.00016226
vn 0.69111235 -0.14605538 -0.70783581
vn 0.69438623 -0.14312102 -0.70522630
vn 0.97847010 -0.20638864 0.00002927
vn 0.97479003 -0.22312417 0.00000398
vn 0.98591109 -0.16726999 -0.00026107
vn 0.74816841 -0.27880610 -0.60208902
vn 0.97537517 -0.22055220 -0.00001698
vn 0.73505587 -0.30811477 -0.60395212
vn 0.73278617 -0.28723506 -0.61686340
vn 0.74388860 -0.28657355 -0.60374279
vn 0.96573932 -0.25951409 -0.00000512
vn 0.67224369 -0.20917428 -0.71016515
vn 0.68607296 -0.19902816 -0.69977974
vn 0.95489491 -0.29694395 0.00003265
vn 0.96010432 -0.27964208 -0.00000318
vn 0.95856957 -0.28485854 0.00002630
vn 0.96071962 -0.27752083 0.00001049
vn 0.95488774 -0.29696698 0.00009857
vn 0.97522053 -0.22123438 -0.00051780
vn 0.95286014 -0.30340984 0.00014615
vn 0.95960634 -0.28134617 -0.00005351
vn 0.95635362 -0.29221182 0.00000065
vn 0.94879541 -0.31589122 0.00002634
vn -0.95039186 0.31105518 0.00000000
vn -0.94889797 0.31558303 0.00000000
vn -0.94100949 0.33827570 -0.00840794
vn -0.94106186 0.33823449 -0.00001503
vn -0.96415532 -0.26533849 0.00000000
vn -0.96341890 -0.26800004 -0.00000000
vn -0.95635523 -0.29220655 -0.00001453
vn -0.95635263 -0.29221509 0.00000064
vn -0.95696662 -0.29019800 -0.00000000
vn -0.94991164 -0.31251860 0.00000000
vn -0.94889585 -0.31558938 -0.00000000
vn -0.95758312 -0.28815719 0.00000058
vn -0.95758055 -0.28816573 -0.00001465
vn -0.95039186 0.31105518 0.00000000
vn -0.95758055 0.28816573 -0.00001465
vn -0.95696662 0.29019800 -0.00000000
vn -0.96386794 0.26638055 0.00000000
vn -0.96341763 0.26800461 -0.00000000
vn -0.97436691 0.22496470 0.00001939
vn -0.97507861 0.22185963 0.00000000
vn -0.96972319 0.24418867 0.00297266
vn -0.96925030 0.24607691 -0.00000726
vn -0.96964742 0.24450744 -0.00000000
vn -0.96386794 0.26638055 0.00000000
vn -0.97004863 0.24291081 -0.00000733
vn -0.97004562 0.24292280 0.00000973
vn -0.96897581 -0.24715557 -0.00000189
vn -0.68529038 -0.17479713 -0.70698166
vn -0.97004397 -0.24292940 0.00000363
vn -0.97437371 0.22493526 0.00000000
vn -0.97970966 0.20042199 0.00000100
vn -0.97929207 0.20245256 0.00000000
vn -0.98348865 0.18096981 0.00000000
vn -0.98351218 0.18084188 -0.00000000
vn -0.97886211 0.20452131 0.00000071
vn -0.98349192 -0.18095205 0.00000000
vn -0.97887931 -0.20443897 -0.00003186
vn -0.97938722 -0.20199178 0.00000000
vn -0.97457688 -0.22405335 0.00000000
vn -0.97505525 -0.22196227 0.00000000
vn -0.98348865 0.18096981 0.00000000
vn -0.98803074 0.15425709 -0.00001170
vn -0.98778291 0.15583623 -0.00000000
vn -0.99080719 0.13528162 0.00001072
vn -0.99110744 0.13306403 0.00000000
vn -0.99080945 0.13526506 0.00000000
vn -0.99349332 0.11389043 0.00000000
vn -0.99574566 0.09214430 0.00000000
vn -0.99574423 0.09215985 -0.00000000
vn -0.99322384 0.11621706 0.00000886
vn 0.94457398 -0.32829864 -0.00004679
vn 0.66549238 -0.23838583 -0.70731329
vn 0.67204187 -0.23030416 -0.70378954
vn 0.94182684 -0.33609851 0.00000007
vn 0.93456393 -0.35579525 -0.00000856
vn 0.93533158 -0.35377226 0.00014888
vn 0.71576342 -0.34613448 -0.60652589
vn 0.93456159 -0.35580140 -0.00001745
vn 0.68499175 -0.42216905 -0.59376729
vn 0.69523261 -0.42190595 -0.58193383
vn 0.68361239 -0.43362864 -0.58706074
vn 0.92429142 -0.38168753 0.00008319
vn 0.92466916 -0.38077150 0.00001240
vn 0.92657076 -0.37612048 0.00004672
vn 0.91568973 -0.40188594 0.00001248
vn 0.65230031 -0.29462906 -0.69835379
vn 0.63244761 -0.31622381 -0.70711563
vn 0.91086642 -0.41270131 -0.00000046
vn 0.72783691 -0.32502479 -0.60383137
vn 0.95193032 -0.30631422 -0.00051451
vn 0.94358973 -0.33111673 -0.00035881
vn 0.94982977 -0.31276697 -0.00047804
vn -0.52566474 -0.61651616 -0.58616073
vn -0.29960356 -0.34026946 -0.89132172
vn -0.99574566 0.09214430 0.00000000
vn -0.99799058 0.06336252 -0.00000091
vn -0.99799090 0.06335738 -0.00000721
vn -0.99784787 0.06557158 -0.00000000
vn 0.95121073 -0.30854190 -0.00019215
vn 0.95707440 -0.28984217 -0.00033114
vn 0.72551732 -0.32587937 -0.60615779
vn 0.96959483 -0.24471587 0.00000526
vn 0.68505556 -0.17495886 -0.70716920
vn 0.68515759 -0.17467425 -0.70714071
vn 0.97037424 -0.24160676 0.00000115
vn 0.68734363 -0.17031983 -0.70608065
vn 0.69342736 -0.15628091 -0.70337386
vn 0.73976631 -0.26143474 -0.61999813
vn 0.75725620 -0.26989571 -0.59474310
vn 0.73796417 -0.25866284 -0.62329962
vn 0.54727662 -0.26276831 -0.79463269
vn 0.76457367 -0.24135132 -0.59764257
vn 0.75028175 -0.23084746 -0.61950524
vn 0.99975785 -0.02200551 -0.00000134
vn 0.99981971 -0.01898826 0.00000026
vn -0.11625301 -0.02756552 -0.99283704
vn 0.61151666 -0.52150950 -0.59504220
vn 0.58457507 -0.54287656 -0.60295690
vn 0.77620653 -0.63047873 -0.00000029
vn 0.74312402 -0.66915371 -0.00000313
vn 0.74217817 -0.67020254 0.00033594
vn 0.81529059 -0.57905186 -0.00044622
vn 0.74323127 -0.66903450 0.00034355
vn 0.84493476 -0.53486883 -0.00077089
vn 0.79058714 -0.61234955 0.00001645
vn 0.55120124 -0.44179093 -0.70781210
vn 0.56209859 -0.43597524 -0.70283054
vn 0.74384465 -0.66835246 0.00034712
vn 0.80506961 -0.59318034 0.00000504
vn 0.85001174 -0.52676349 -0.00052355
vn 0.61748472 -0.51197134 -0.59715824
vn 0.60372858 -0.44736267 -0.65983213
vn 0.65693430 -0.54123483 -0.52488302
vn 0.63803263 -0.48529616 -0.59783108
vn 0.83668663 -0.54768191 -0.00004174
vn 0.82193584 -0.56958009 -0.00001292
vn 0.82008264 -0.57224509 0.00016186
vn 0.64179362 -0.76687493 0.00194667
vn 0.73186070 -0.68145333 0.00112723
vn 0.73221765 -0.68106975 0.00113866
vn 0.57036120 -0.41646715 -0.70798532
vn 0.58443267 -0.40790524 -0.70146402
vn 0.85999635 -0.51029976 -0.00065522
vn 0.90745079 -0.42015634 -0.00131209
vn 0.66885312 -0.49797289 -0.55195879
vn 0.66567732 -0.44514622 -0.59893117
vn 0.86074874 -0.50903007 -0.00002698
vn 0.84927523 -0.52795036 0.00000386
vn 0.86094148 -0.50870402 -0.00002030
vn 0.89735537 -0.44130715 -0.00115419
vn 0.90641445 -0.42238745 -0.00129740
vn -0.67622201 -0.20662042 -0.70712926
vn -0.96415532 -0.26533849 0.00000000
vn -0.97004368 -0.24293057 -0.00000197
vn -0.96951075 -0.24504879 -0.00000000
vn -0.99799801 -0.06324531 0.00000100
vn -0.99966084 -0.02604236 0.00000021
vn -0.70688083 -0.01841500 -0.70709290
vn -0.99975820 -0.02198963 -0.00000013
vn -1.00000000 -0.00000000 0.00000000
vn -1.00000000 0.00000000 0.00000000
vn -0.99966605 0.02583954 -0.00031196
vn -0.99966108 0.02603313 -0.00001459
vn -0.99971229 0.02398609 -0.00000000
vn -0.99903310 0.04396443 0.00000000
vn -0.99904080 0.04378904 -0.00000000
vn -0.99975973 0.02191984 -0.00001472
vn -0.99975993 0.02191061 0.00000015
vn -0.70521635 0.04476737 -0.70757741
vn -0.93383005 -0.35771699 0.00000000
vn -0.94176837 -0.33626230 0.00000000
vn -0.65505152 -0.26827290 -0.70635484
vn -0.65282545 -0.26869191 -0.70825390
vn -0.86331793 -0.50466043 0.00001119
vn -0.85202131 -0.52350711 0.00002441
vn -0.84863477 -0.52897919 0.00022240
vn -0.85389686 -0.52044225 0.00011192
vn -0.61012882 -0.35950802 -0.70604306
vn -0.61179661 -0.35528471 -0.70673734
vn -0.80598346 -0.59193806 0.00000854
vn -0.68805748 -0.63935451 -0.34322401
vn -0.79684240 -0.60418721 -0.00000000
vn -0.83190371 -0.55492001 -0.00002225
vn -0.81304931 -0.58219482 0.00002153
vn -0.79692059 -0.60408407 0.00000849
vn -0.56023799 -0.43916803 -0.70232816
vn -0.55619737 -0.43087779 -0.71062565
vn -0.81875894 -0.57413721 -0.00051136
vn -0.81657816 -0.57723469 -0.00046727
vn -0.54824457 -0.44638763 -0.70722414
vn -0.54737828 -0.44721374 -0.70737323
vn -0.78076892 -0.62481989 -0.00002734
vn -0.13891395 -0.49258804 -0.85910415
vn -0.75822673 -0.65199097 0.00002931
vn -0.75839190 -0.65179884 0.00000464
vn -0.74132005 -0.67115169 0.00000966
vn -0.52411287 -0.47368562 -0.70776241
vn -0.52375341 -0.47534325 -0.70691666
vn -0.63341963 -0.77380844 -0.00026523
vn -0.68659419 -0.72704084 0.00018744
vn -0.71421484 -0.69992654 -0.00000604
vn -0.47047117 -0.52709462 -0.70769213
vn -0.48203315 -0.50884581 -0.71324609
vn -0.62239960 -0.78269964 0.00000722
vn -0.69335469 -0.72059647 -0.00000085
vn -0.43850483 -0.55301269 -0.70844229
vn -0.44021748 -0.55507168 -0.70576484
vn -0.53975119 -0.84182455 -0.00029684
vn -0.60405676 -0.79694129 -0.00000128
vn -0.60409839 -0.79690974 -0.00000230
vn -0.58347634 -0.81213014 -0.00000597
vn -0.64747635 -0.76208540 0.00047642
vn -0.41792975 -0.56723191 -0.70963560
vn -0.41118788 -0.57453094 -0.70769960
vn -0.53488635 -0.84492401 -0.00001983
vn -0.53776797 -0.84309288 -0.00001427
vn -0.51277738 -0.85852161 0.00000167
vn -0.37816473 -0.59794537 -0.70671973
vn -0.37831339 -0.59717391 -0.70729223
vn -0.49557896 -0.86856289 0.00002173
vn -0.42514640 -0.88284608 -0.19958291
vn -0.37022698 -0.92894101 -0.00076864
vn -0.34199415 -0.93970189 -0.00059427
vn -0.15953771 -0.77146048 -0.61595166
vn -0.46624662 -0.88465476 0.00019605
vn -0.45531604 -0.87038461 0.18739780
vn -0.37867313 -0.92553048 -0.00001227
vn -0.39100095 -0.92039027 -0.00002540
vn -0.26723374 -0.65313857 -0.70851686
vn -0.26719708 -0.65583386 -0.70603659
vn -0.35617198 -0.93442042 -0.00001105
vn -0.09482474 -0.77184174 -0.62870390
vn -0.55086620 -0.75638737 0.35273867
vn -0.56510127 -0.82501760 -0.00255137
vn -0.16857542 -0.57085437 -0.80355934
vn 0.93828971 0.20337266 0.27973555
vn 0.33499334 0.03320744 -0.94163514
vn -0.10570669 -0.78780308 -0.60678860
vn 0.09017457 -0.62700350 -0.77377979
vn -0.03070485 -0.78910837 -0.61348610
vn 0.03977898 -0.74348142 -0.66757248
vn 0.02674123 -0.79228847 -0.60956040
vn 0.02401175 -0.79733757 -0.60305575
vn 0.08217497 -0.76120080 -0.64328890
vn 0.10379556 -0.78489263 -0.61087646
vn 0.11024513 -0.79722227 -0.59353405
vn 0.12875471 -0.78428703 -0.60689049
vn 0.13551891 -0.79572174 -0.59030631
vn 0.17652489 -0.98429580 -0.00086462
vn 0.01519787 -0.99988450 0.00008146
vn 0.20408389 -0.73878511 -0.64229769
vn 0.20191266 -0.77324869 -0.60109711
vn 0.20448419 -0.21715245 -0.95447945
vn 0.14511214 -0.98941521 0.00002331
vn 0.09265994 -0.99569781 0.00002213
vn 0.04579318 -0.99895094 0.00000812
vn 0.06436808 -0.70427276 -0.70700539
vn 0.06434580 -0.70405709 -0.70722220
vn 0.11719538 -0.99310888 -0.00001989
vn 0.28986275 -0.95706788 -0.00081526
vn 0.03548600 -0.72504568 0.68778595
vn 0.26236485 -0.76712945 -0.58538628
vn 0.20196085 -0.97939355 -0.00030038
vn 0.26718348 -0.75532753 -0.59840898
vn 0.07974128 -0.04223397 -0.99592049
vn 0.10669854 -0.99429122 0.00062209
vn 0.19887365 -0.98002514 0.00005317
vn 0.22906545 -0.78755009 -0.57209604
vn 0.13586483 -0.99072707 0.00078935
vn 0.23149874 -0.97283518 0.00022294
vn 0.30349378 -0.73173329 -0.61029331
vn 0.40919775 -0.67935243 -0.60912846
vn 0.39325322 -0.91943021 -0.00000323
vn 0.34024426 -0.73040322 -0.59223726
vn 0.35453187 -0.93504393 0.00000049
vn 0.35375685 -0.93533742 -0.00000145
vn 0.37171066 -0.92834863 0.00005846
vn 0.35293253 -0.93564875 0.00020208
vn 0.37919899 -0.92247795 -0.07240558
vn 0.24360085 -0.65359570 -0.71656911
vn 0.27186425 -0.65386018 -0.70608548
vn 0.34128285 -0.72679436 -0.59606709
vn 0.30744470 -0.95156584 0.00046630
vn 0.35513104 -0.74215316 -0.56841061
vn 0.44417560 -0.89593975 -0.00000542
vn 0.43507182 -0.90039575 0.00000078
vn 0.43816654 -0.89889381 -0.00000001
vn 0.30683868 -0.63686937 -0.70728172
vn 0.30743115 -0.63676982 -0.70711405
vn 0.46307588 -0.88631864 0.00001330
vn 0.39870714 -0.70168883 -0.59047896
vn 0.38691649 -0.70534869 -0.59395189
vn 0.38364270 -0.69413222 -0.60909666
vn 0.27842201 -0.57037464 -0.77275737
vn 0.36725781 -0.93011886 0.00077725
vn 0.45047472 -0.67718610 -0.58180024
vn 0.51434713 -0.85758208 0.00000374
vn 0.51352285 -0.85807592 -0.00000198
vn 0.53790776 -0.84300370 0.00001649
vn 0.53872076 -0.84248439 -0.00001128
vn 0.37540752 -0.59662901 -0.70929755
vn 0.38381794 -0.59304161 -0.70780325
vn 0.27941378 -0.96016932 0.00167909
vn 0.48709953 -0.66476637 -0.56640950
vn 0.56874004 -0.82251731 -0.00021342
vn 0.50523756 -0.59997793 -0.62029145
vn 0.49433838 -0.63671968 -0.59179186
vn 0.64735489 -0.76218856 -0.00049749
vn 0.56575602 -0.82457269 0.00010588
vn 0.50206931 -0.64520690 -0.57587712
vn 0.49723995 -0.64916567 -0.57561824
vn 0.43107772 -0.56783976 0.70123463
vn 0.59554338 -0.80332315 0.00001581
vn 0.62520400 -0.78046138 -0.00001072
vn 0.62624887 -0.77962321 -0.00000206
vn 0.66222903 -0.74930148 -0.00001057
vn 0.44041423 -0.55382482 -0.70662110
vn 0.47371914 -0.53878838 -0.69663280
vn 0.62795773 -0.77824745 -0.00001640
vn 0.68788880 -0.72581609 -0.00004004
vn 0.41997852 -0.51413586 0.74785183
vn 0.57184486 -0.56564695 -0.59416915
vn 0.66808976 -0.74408069 0.00000933
vn 0.66739050 -0.74470794 0.00000932
vn 0.68718752 -0.72648008 0.00002154
vn 0.71307260 -0.70109019 0.00002083
vn 0.58876557 -0.56102399 -0.58189964
vn 0.68839354 -0.72533740 0.00000443
vn 0.70468953 -0.70951580 0.00001113
vn 0.56374971 -0.57672798 -0.59124538
vn 0.70447015 -0.70973361 0.00002360
vn 0.70467926 -0.70952600 0.00001121
vn 0.72601477 -0.68767911 -0.00002258
vn 0.72617951 -0.68750514 -0.00001392
vn 0.49984352 -0.50008007 -0.70716078
vn 0.52164136 -0.48825560 -0.69964045
vn 0.74301658 -0.66927301 -0.00000908
vn 0.53029691 -0.46674002 -0.70777040
vn 0.52495960 -0.47132578 -0.70870969
vn 0.74217319 -0.67020814 0.00000155
vn 0.74159179 -0.67085142 0.00001857
vn 0.60183705 -0.54913673 -0.57986293
vn 0.72442652 -0.68935202 0.00000462
vn 0.52206753 -0.47756670 -0.70666508
vn 0.60651764 -0.41613300 -0.67747301
vn 0.49702550 -0.50416178 -0.70624822
vn 0.49516226 -0.50415193 -0.70756284
vn 0.47412944 -0.88045515 0.00010030
vn -0.00011701 -0.99999999 0.00001567
vn -0.01030016 -0.99994694 0.00017413
vn -0.06082539 -0.99814842 0.00000000
vn -0.05859595 -0.99828178 0.00000021
vn -0.24456049 -0.96963314 -0.00131767
vn -0.20053455 -0.97968606 -0.00105235
vn -0.01924091 -0.70608587 -0.70786477
vn -0.01928158 -0.70762636 -0.70632369
vn -0.10501533 -0.99210245 0.06858940
vn -0.12972401 -0.99155012 0.00021679
vn -0.04445279 -0.99901146 -0.00024281
vn -0.15422266 -0.98803612 0.00000986
vn -0.07656169 -0.99706474 -0.00045017
vn -0.12379373 -0.99230797 0.00000027
vn -0.10619758 -0.69851275 -0.70767366
vn -0.08832425 -0.70809786 -0.70056852
vn -0.07570684 -0.99713003 -0.00041685
vn -0.30130618 -0.95352744 0.00001360
vn -0.30097496 -0.95363204 -0.00000634
vn -0.28794429 -0.95764715 0.00011350
vn -0.28400891 -0.95882164 0.00006250
vn -0.18193408 -0.68390163 -0.70652569
vn -0.18472112 -0.68292007 -0.70675192
vn -0.28883566 -0.95737869 0.00011842
vn -0.20931813 -0.97784752 -0.00037174
vn -0.23790403 -0.97128867 0.00000008
vn -0.19329807 -0.68015700 -0.70712256
vn -0.17191797 -0.69360220 -0.69954285
vn -0.10738822 -0.99421696 -0.00064421
vn -0.25707799 -0.92565214 0.27763110
vn -0.18976045 -0.98183041 -0.00014361
vn -0.33132983 -0.94351499 -0.00003657
vn -0.27920128 -0.96023255 -0.00029851
vn -0.04571693 -0.99895440 -0.00026060
vn -0.06534471 -0.70437999 -0.70680896
vn -0.04347101 -0.71245951 -0.70036541
vn -0.34234192 -0.93957544 0.00002147
vn -0.41785085 -0.90851564 -0.00001071
vn -0.46983920 -0.88275202 -0.00002713
vn -0.22204141 -0.65526629 -0.72202749
vn -1.00000000 0.00000000 0.00000000
vn -0.51060705 -0.85981419 0.00000077
vn 0.26074112 -0.96540853 -0.00065804
vn 0.17959367 -0.98374088 0.00000083
vn 0.10438835 -0.70069949 -0.70577851
vn 0.12802769 -0.70142862 -0.70114678
vn 0.13493534 -0.99085408 0.00080586
vn 0.41386826 -0.91033679 -0.00000569
vn 0.18785627 -0.68055847 -0.70820208
vn 0.36664465 -0.65902368 -0.65670350
vn 0.32993848 -0.94400243 0.00001106
vn 0.44405269 -0.89600067 0.00000723
vn 0.23382612 -0.66755752 -0.70688917
vn 0.23348698 -0.66730347 -0.70724106
vn 0.49657343 -0.86799467 0.00030178
vn 0.55940139 -0.82889691 0.00000396
vn 0.38013777 -0.59669439 -0.70671853
vn 0.39763258 -0.59095495 -0.70189784
vn 0.54401991 -0.83907231 -0.00000271
vn 0.44227640 -0.55193840 -0.70693393
vn 0.44191014 -0.55185890 -0.70722498
vn 0.68252143 -0.73086558 -0.00000658
vn 0.46987872 -0.53027377 -0.70570796
vn 0.46672662 -0.53032165 -0.70776070
vn -0.90638620 -0.42245006 -0.00004131
vn -0.99803086 -0.06271965 -0.00080299
vn -0.99771023 -0.06763356 -0.00001078
vn -0.99916863 -0.03390835 -0.02263332
vn -0.70505593 -0.04780180 -0.70753878
vn -0.94991164 -0.31251860 0.00000000
vn -0.94080216 -0.33895617 -0.00002021
vn 0.76859155 -0.63973981 0.00000832
vn 0.68099797 -0.73228530 0.00000110
vn 0.57009245 -0.37048774 -0.73330310
vn 0.53039267 0.84775209 0.00006133
vn 0.49475788 0.86903082 0.00028793
vn 0.49847425 0.86690446 0.00027685
vn 0.27332967 0.43462520 -0.85813276
vn 0.38174207 0.92426890 0.00001457
vn 0.40295028 0.91522187 0.00001513
vn 0.38237234 0.92400833 0.00000782
vn 0.27196461 0.65375447 -0.70614470
vn 0.27009805 0.65290802 -0.70764268
vn 0.38113109 0.92452101 0.00001086
vn 0.15392305 0.98808284 0.00002611
vn 0.15420264 0.98803924 0.00004454
vn 0.33223382 0.94319706 -0.00001077
vn 0.23592250 0.97177187 -0.00000921
vn 0.24901038 0.96850082 -0.00000907
vn 0.15244432 0.62648654 -0.76437906
vn 0.18730113 0.72744952 -0.66010263
vn 0.49604329 0.86829779 0.00000000
vn 0.56525895 0.82491350 -0.00021335
vn 0.37909985 0.59676009 -0.70722040
vn 0.37704094 0.59750479 -0.70769214
vn 0.54513026 0.83835111 0.00064257
vn 0.44541786 0.55041093 -0.70615206
vn 0.44639837 0.54806409 -0.70735722
vn 0.46808575 0.52810523 -0.70852001
vn 0.50001054 0.50001054 -0.70709188
vn 0.89181546 0.36936679 -0.26121515
vn 0.68838819 0.72534247 0.00001693
vn 0.71413637 0.31035786 -0.62744501
vn 0.47863059 0.52368152 -0.70474848
vn 0.72216420 0.69172167 -0.00000087
vn 0.52282272 0.47438630 -0.70824716
vn 0.51632565 0.49289286 -0.70033167
vn 0.72453272 0.68924038 -0.00016040
vn 0.77534798 0.63153425 0.00000166
vn 0.87892882 0.47695297 0.00001226
vn 0.54548642 0.44813494 -0.70825112
vn 0.54608905 0.45037370 -0.70636413
vn 0.89105178 0.45390166 0.00001397
vn 0.57020553 0.41869406 -0.70679625
vn 0.92927478 0.30524910 -0.20801773
vn 0.75848388 0.65169161 -0.00050028
vn 0.86136817 0.50798118 -0.00000683
vn 0.85935263 0.51138348 0.00000604
vn 0.61026689 0.35945681 -0.70594981
vn 0.61047481 0.35629132 -0.70737331
vn 0.92471987 0.38064835 0.00000464
vn 0.95660678 0.29138201 0.00000408
vn 0.65428972 0.26838718 -0.70701717
vn 0.65264061 0.27003059 -0.70791505
vn 0.97855536 0.20598402 -0.00001391
vn 0.98667117 0.16272677 -0.00000382
vn 0.69202121 0.14367552 -0.70743480
vn 0.69081955 0.14702211 -0.70792150
vn -0.56066376 0.41903375 -0.71418965
vn -0.59588810 0.40867309 -0.69130578
vn -0.82461052 0.56570089 0.00001289
vn -0.83872381 0.54455704 0.00000070
vn -0.83653517 0.54791324 -0.00003433
vn -0.82282971 0.56828801 -0.00001059
vn -0.83513397 0.55004658 -0.00003532
vn -0.57119499 0.41584200 -0.70768052
vn -0.58576530 0.40611872 -0.70138905
vn -0.80671244 0.59094419 0.00002205
vn -0.81386872 0.58104880 0.00005652
vn -0.82127640 0.57053052 0.00001256
vn -0.83991202 0.54272245 0.00038759
vn -0.83396058 0.55182393 0.00031916
vn -0.75036160 0.66102759 -0.00002282
vn -0.74566407 0.66632207 -0.00000129
vn -0.52024186 0.46120705 -0.71877428
vn -0.54999612 0.46835209 -0.69148434
vn -0.77407731 0.63309108 0.00004563
vn -0.75748595 0.65285146 0.00001203
vn -0.77741946 0.62898250 0.00001841
vn -0.77336064 0.63396624 -0.00034136
vn -0.74952477 0.66197630 -0.00005186
vn -0.76777221 0.64072283 -0.00029409
vn -0.52698221 0.47232239 -0.70654179
vn -0.55155729 0.45556347 -0.69874637
vn -0.74608235 0.66585368 -0.00002312
vn -0.74348738 0.66874996 -0.00000229
vn -0.72427287 0.68951346 -0.00002550
vn -0.72189122 0.69200655 0.00000029
vn -0.70218209 0.71199741 -0.00000013
vn -0.70465978 0.70954534 0.00000427
vn -0.49454555 0.50387516 -0.70819102
vn -0.51466806 0.49547992 -0.69972597
vn -0.60508418 0.79616150 0.00000301
vn -0.64065768 0.76782663 0.00001385
vn -0.47559666 0.54465004 -0.69077070
vn -0.66694369 0.74510812 0.00002561
vn -0.73860488 0.67413859 -0.00001135
vn -0.66682893 0.74521083 -0.00000312
vn -0.47126549 0.52650706 -0.70760099
vn -0.47163437 0.52740370 -0.70668689
vn -0.71392914 0.70021795 -0.00000067
vn -0.66685088 0.74519119 0.00003883
vn -0.70079818 0.71335959 0.00002172
vn -0.69172169 0.72216418 0.00000788
vn -0.55908272 0.44214296 -0.70138158
vn -0.50449241 0.46156779 -0.72968663
vn -0.62551192 0.78021461 0.00000301
vn -0.60410885 0.79690181 0.00001217
vn -0.62398965 0.78143260 0.00001573
vn -0.58339614 0.81218775 0.00000062
vn -0.64611232 0.76324218 0.00048432
vn -0.41310902 0.57490694 -0.70627399
vn -0.43276167 0.56638308 -0.70137546
vn -0.58347095 0.81213401 0.00000164
vn -0.60557621 0.79578732 -0.00000058
vn -0.64759209 0.76198705 0.00045927
vn -0.48684228 0.87348989 -0.00002961
vn -0.31622410 0.63246330 -0.70710147
vn -0.37341505 0.62015065 -0.68990896
vn -0.53407286 0.84543845 0.00002416
vn -0.49258868 0.87026225 -0.00002033
vn -0.53497434 0.84486831 0.00001712
vn -0.42985875 0.90289615 0.00000493
vn -0.46864993 0.88338397 -0.00000590
vn -0.43274893 0.90151448 0.00000767
vn -0.27704583 0.62583089 -0.72909623
vn -0.31373140 0.66174599 -0.68092940
vn -0.48776258 0.87297633 -0.00001136
vn -0.46273334 0.88649752 0.00002499
vn -0.48693055 0.87344069 0.00000869
vn -0.34306997 0.61783201 -0.70752145
vn -0.34387269 0.61847303 -0.70657108
vn -0.46573864 0.88492232 0.00001489
vn -0.48894916 0.87231228 -0.00003549
vn -0.41712970 0.90884697 0.00000927
vn -0.43810654 0.89892305 -0.00000303
vn -0.31139696 0.63709487 -0.70508301
vn -0.33273990 0.62959009 -0.70206871
vn -0.43458216 0.90063219 0.00000092
vn -0.41969902 0.90766334 -0.00003715
vn -0.43505891 0.90040199 0.00000628
vn -0.34881469 0.93719172 0.00001855
vn -0.39316446 0.91946817 0.00000549
vn -0.34225791 0.93960605 0.00001945
vn -0.23618931 0.63846197 -0.73251684
vn -0.24735299 0.68525681 -0.68501066
vn -0.38402329 0.92332341 -0.00001419
vn -0.35248354 0.93581801 0.00003024
vn -0.38107036 0.92454604 0.00000459
vn -0.32652785 0.94518758 -0.00000472
vn -0.24381900 0.96982061 -0.00053498
vn -0.35517560 0.93479960 -0.00000489
vn -0.27698347 0.96087462 -0.00034626
vn -0.27918743 0.96023658 -0.00031604
vn -0.09610682 0.72750811 -0.67933455
vn -0.20883065 0.68346653 -0.69947356
vn -0.35482692 0.93493201 -0.00002109
vn -0.27274481 0.96208641 -0.00001283
vn -0.20648872 0.68101647 -0.70255176
vn -0.22383890 0.67231140 -0.70561571
vn -0.26954600 0.96298751 -0.00001062
vn -0.25668279 0.96649570 0.00001746
vn -0.27189959 0.96232563 -0.00000746
vn -0.18909591 0.68250025 -0.70600010
vn -0.19232045 0.68046912 -0.70708884
vn -0.27328758 0.96193238 0.00000784
vn -0.27133416 0.96248520 -0.00004382
vn -0.20738297 0.97825983 0.00001627
vn -0.24383843 0.96981587 0.00000252
vn -0.16660599 0.69201013 -0.70239905
vn -0.18292292 0.68396739 -0.70620664
vn -0.20677814 0.97838786 0.00005907
vn -0.29584549 0.95523581 -0.00001126
vn -0.20606938 0.97853738 0.00010168
vn -0.24523968 0.96946248 0.00001582
vn -0.26928276 0.96306116 -0.00002303
vn -0.14952581 0.98875782 0.00002891
vn -0.14908113 0.98882497 0.00004377
vn -0.09400986 0.99557127 -0.00003060
vn -0.06221887 0.99806253 -0.00002528
vn -0.09244344 0.99571794 -0.00003423
vn -0.00008012 0.99999999 0.00015103
vn -0.01559208 0.99987843 0.00006124
vn -0.01586239 0.99987418 0.00009122
vn -0.01011883 0.99994880 0.00008232
vn -0.03137834 0.99950758 -0.00003060
vn -0.63553793 -0.77206965 0.00004700
vn -0.73761298 -0.67522348 0.00058834
vn -0.75163047 -0.65958433 0.00037605
vn -0.67626789 -0.73665575 -0.00022750
vn -0.68005691 -0.73315929 -0.00022053
vn -0.68672434 -0.72691790 -0.00019955
vn -0.68684119 -0.72680752 -0.00000760
vn -0.50257011 -0.49702965 -0.70737883
vn -0.49086299 -0.51970778 -0.69925485
vn -0.76837048 -0.64000532 0.00000088
vn -0.72855071 -0.68499187 0.00005096
vn -0.78738313 -0.61646396 0.00000237
vn -0.77056587 -0.63736036 -0.00003436
vn -0.55076620 -0.47329111 -0.68749700
vn -0.59865807 -0.39252316 -0.69823641
vn -0.74229587 -0.67007226 0.00001017
vn -0.82592009 -0.56378720 0.00000000
vn -0.83571936 -0.54915677 -0.00001476
vn -0.84814718 -0.52976066 -0.00001999
vn -0.86788334 -0.49676805 -0.00006800
vn -0.88451897 -0.46650423 0.00000526
vn -0.89622220 -0.44360542 -0.00000084
vn -0.89831286 -0.43935635 -0.00002107
vn -0.88546161 -0.46471254 -0.00001121
vn -0.62650680 -0.32908548 -0.70653519
vn -0.62584572 -0.32818543 -0.70753901
vn -0.99903310 0.04396443 0.00000000
vn -0.99769857 0.06780532 -0.00000721
vn -0.99769892 0.06780018 -0.00000092
vn -0.70996042 0.00926793 -0.70418059
vn -0.70599072 0.01547250 -0.70805205
vn -0.88331182 0.46878591 0.00000728
vn -0.62489138 0.33308740 -0.70609033
vn -0.62526825 0.32995974 -0.70722428
vn -0.88441767 0.46669624 -0.00001217
vn -0.88586091 0.46395090 -0.00002860
vn 0.99999992 0.00039211 0.00000891
vn 0.70748181 -0.01379970 -0.70659681
vn 0.71101182 0.00020698 -0.70318002
vn -0.72909230 0.09379632 -0.67795772
vn -0.68531820 0.17163270 -0.70772959
vn -0.99576895 -0.09189237 0.00000000
vn -0.99574596 -0.09214109 -0.00000000
vn -0.99785735 -0.06542719 -0.00000000
vn -0.99904335 -0.04373091 0.00000000
vn -0.99904510 -0.04369078 -0.00000000
vn -0.99771084 -0.06762450 0.00000102
vn -0.99576895 -0.09189237 0.00000000
vn -0.99322556 -0.11620234 -0.00003202
vn -0.99349350 -0.11388885 0.00000000
vn -0.99375415 -0.11159166 -0.00003176
vn -0.97457688 -0.22405335 0.00000000
vn -0.96897551 -0.24715674 0.00000379
vn 0.87423175 -0.48550882 -0.00017806
vn 0.82526435 -0.56474645 0.00045250
vn 0.87523319 -0.48370117 -0.00019296
vn 0.78454209 -0.62007415 0.00132445
vn 0.87196732 -0.48956404 0.00020659
vn 0.80420528 -0.59435057 0.00112859
vn -0.99072034 -0.13591618 0.00000000
vn -1.00000000 0.00000000 0.00000000
vn -0.99966084 -0.02604250 -0.00000000
vn -0.99971113 -0.02403447 -0.00000000
vn -0.99904335 -0.04373091 0.00000000
vn -0.99975820 -0.02198977 0.00000015
vn 0.25426921 0.72619489 -0.63873950
vn 0.20581466 0.57737229 -0.79011490
vn 0.64632601 -0.76306122 -0.00051166
vn 0.64568916 -0.76360019 -0.00050725
vn 0.48737262 -0.42198248 -0.76445975
vn 0.51864851 -0.85498756 -0.00000087
vn 0.41243488 -0.57327582 -0.70799175
vn 0.36515546 -0.58796203 -0.72177707
vn 0.66881320 -0.74343050 -0.00001909
vn 0.62659409 -0.77934578 -0.00000368
vn 0.66738482 0.74471303 0.00002002
vn 0.47516030 0.52497191 -0.70613539
vn 0.47343858 0.52371207 -0.70822424
vn 0.55819081 -0.82971261 -0.00000993
vn 0.56835968 -0.49332568 -0.65848086
vn 0.40996793 -0.57677890 -0.70657795
vn 0.58362359 -0.81202432 0.00000581
vn 0.52153112 -0.85323226 0.00000000
vn 0.51231801 -0.85879582 0.00000883
vn 0.40048118 -0.60631381 -0.68702139
vn -1.00000000 0.00000000 0.00000000
vn 0.47679310 -0.51538223 -0.71207408
vn 0.60409155 0.79691493 -0.00000442
vn 0.70463024 -0.70957468 0.00003307
vn 0.72330801 0.69052554 -0.00000001
vn 0.49621188 0.50195302 -0.70839038
vn 0.49565060 0.50499922 -0.70661607
vn 0.58483878 0.81114956 0.00002105
vn 0.40846639 0.57535794 -0.70860317
vn 0.41291441 0.57417264 -0.70698477
vn 0.49306510 -0.86999236 0.00031948
vn 0.42592419 -0.53068850 -0.73277439
vn 0.49967466 -0.49967466 -0.70756658
vn 0.45463247 -0.57200691 -0.68272792
vn 0.37315254 -0.60155040 -0.70632450
vn 0.49964993 0.49967771 -0.70758189
vn 0.45463152 0.57201043 -0.68272560
vn 0.47343440 -0.52373663 -0.70820888
vn 0.58789776 -0.45537618 -0.66858713
vn 0.64845095 0.76125644 0.00003180
vn 0.41481290 0.57289929 -0.70690640
vn 0.88987869 -0.37228887 -0.26366061
vn 0.73207408 -0.17810380 -0.65753066
vn 0.71307310 -0.70108969 0.00002083
vn 0.39433928 -0.91896472 0.00060829
vn 0.39763973 -0.91754143 0.00061251
vn 0.39737939 -0.54777287 -0.73622992
vn 0.34192728 -0.61842263 -0.70755860
vn 0.36792246 -0.61341170 -0.69882698
vn 0.46203593 -0.88686121 0.00000297
vn 0.43390017 -0.58822302 -0.68243997
vn 0.34876618 -0.61681559 -0.70562078
vn 0.50810218 0.48341549 -0.71284054
vn 0.48381751 0.87516891 -0.00000078
vn 0.34267227 0.61889967 -0.70678067
vn 0.34248665 0.61822065 -0.70746457
vn 0.34082738 0.61846511 -0.70805198
vn 0.38151279 0.92436356 0.00001960
vn 0.32663085 -0.63537195 -0.69972479
vn 0.30572904 -0.63593474 -0.70860198
vn 0.83697752 -0.54723728 -0.00000956
vn 0.53986884 0.46385662 -0.70240919
vn 0.54758267 0.44841461 -0.70645421
vn 0.43116971 -0.90227084 -0.00006542
vn 0.43507214 0.90039560 0.00000019
vn 0.30575777 0.63594127 -0.70858372
vn 0.30884475 0.63693083 -0.70635263
vn 0.37339217 -0.92767358 0.00006100
vn 0.24672568 -0.67153104 -0.69869342
vn 0.41172690 -0.91130728 -0.00000095
vn 0.27029711 -0.65338536 -0.70712590
vn 0.29155196 -0.65118435 -0.70068281
vn 0.40263774 -0.91535941 0.00000000
vn 0.43812935 -0.89891194 0.00000093
vn 0.38518530 -0.54229552 -0.74669127
vn 0.42916822 -0.60422238 -0.67136425
vn 0.30743296 0.63677022 -0.70711291
vn 0.38519109 0.54227059 -0.74670639
vn 0.54758321 -0.44838373 -0.70647340
vn 0.51624423 -0.46588082 -0.71864244
vn 0.77445891 0.63262422 0.00001789
vn 0.53439190 -0.48070001 -0.69523578
vn 0.76064782 0.64916457 -0.00049635
vn 0.42444602 0.49016859 -0.76130174
vn 0.72464176 0.25893324 -0.63862970
vn 0.95010331 0.31193541 -0.00001538
vn 0.82166345 0.56997296 0.00000625
vn 0.49332148 0.56601546 -0.66050013
vn 0.57318706 0.41493209 -0.70660312
vn 0.82179340 0.56978558 -0.00000990
vn 0.79095243 -0.61187764 0.00002292
vn 0.26483630 0.65471510 -0.70796177
vn 0.25171715 -0.66762918 -0.70064952
vn 0.23120315 -0.66781453 -0.70750891
vn 0.38223098 0.92406682 -0.00000579
vn 0.56706022 -0.42251402 -0.70705347
vn 0.72633013 -0.24175055 -0.64342926
vn 0.54953647 -0.47104589 -0.69001843
vn 0.89197884 -0.36787958 -0.26275153
vn 0.84412921 0.53613978 0.00012736
vn 0.84554905 0.53389774 0.00012220
vn 0.65908650 0.32265066 -0.67933904
vn 0.59165984 0.38965339 -0.70576828
vn 0.58434110 0.40525004 -0.70307744
vn 0.85026454 0.52635560 -0.00002232
vn 0.60690838 0.29829657 -0.73666910
vn 0.59033468 0.38955975 -0.70692868
vn 0.82081795 -0.57118990 -0.00000907
vn 0.32973256 -0.94407438 -0.00000643
vn 0.32531361 0.94560618 -0.00001038
vn 0.22820290 0.67004677 -0.70637155
vn 0.22810245 0.66833828 -0.70802063
vn 0.13852952 -0.99035798 0.00079968
vn 0.09880716 -0.72868769 -0.67768089
vn 0.00000000 -0.70767207 -0.70654104
vn 0.48625610 -0.87381634 0.00001223
vn 0.34550603 -0.54949669 -0.76070952
vn 0.49397611 -0.51130238 -0.70324780
vn 0.16817548 0.98575707 -0.00004520
vn 0.24442489 -0.96966823 0.00001578
vn 0.24016923 -0.97073103 -0.00000909
vn 0.09372307 -0.66667184 -0.73943535
vn 0.19574125 -0.67890202 -0.70765628
vn 0.00000000 0.70769473 -0.70651834
vn 0.09372761 0.66669401 -0.73941479
vn 0.59183448 -0.38833947 -0.70634581
vn 0.42017450 -0.47646455 -0.77229200
vn 0.56451881 -0.46083477 -0.68479911
vn 0.42924000 -0.60515156 -0.67048088
vn 0.59464292 -0.38407309 -0.70631980
vn 0.60436241 -0.37389026 -0.70352836
vn 0.66848851 -0.74372038 0.00176288
vn 0.85062481 -0.52577318 0.00000760
vn 0.60705405 0.37500487 -0.70061168
vn 0.61162300 0.35438025 -0.70734147
vn 0.38471361 -0.92303535 -0.00108853
vn 0.38495162 -0.92293611 -0.00108765
vn 0.21966406 -0.64110977 -0.73534071
vn 0.15085017 -0.68971690 -0.70819124
vn 0.17469956 -0.69343325 -0.69902103
vn 0.17943539 -0.98376976 -0.00000088
vn 0.23645724 -0.69274911 -0.68131244
vn 0.14615439 -0.69204449 -0.70690404
vn 0.60794738 -0.36169994 -0.70680488
vn 0.59345309 -0.37337122 -0.71302690
vn 0.86079734 0.50894788 -0.00002313
vn 0.60931861 -0.35864707 -0.70717969
vn 0.61999998 -0.34898351 -0.70271654
vn 0.82724164 -0.56184614 0.00043908
vn 0.60392539 -0.37934857 -0.70097702
vn 0.90617018 0.42291311 0.00031988
vn 0.73261280 0.18095215 -0.65615150
vn 0.87162836 0.49016732 -0.00000373
vn 0.62666515 0.32837249 -0.70672647
vn 0.61757449 0.36700622 -0.69563509
vn 0.59388613 0.37128290 -0.71375645
vn 0.86358876 0.50419684 0.00000363
vn 0.87350986 -0.48680645 0.00001491
vn 0.20934800 0.97784120 -0.00001777
vn 0.14628238 0.69196914 -0.70695132
vn 0.14756658 0.69090059 -0.70772910
vn 0.25757749 -0.96625742 -0.00066041
vn 0.20343397 -0.63663070 -0.74385212
vn 0.10745376 0.99421008 -0.00003355
vn 0.14645015 0.69239384 -0.70650062
vn 0.12020469 -0.99274913 0.00001900
vn 0.22076339 -0.70563096 -0.67331157
vn 0.10221085 -0.69940692 -0.70737749
vn 0.62395230 -0.33365235 -0.70665383
vn 0.66592633 -0.28610371 -0.68897517
vn 0.62993193 -0.32050131 -0.70743528
vn 0.63910012 -0.31188867 -0.70304800
vn 0.87461943 -0.48481009 0.00017955
vn 0.63222287 -0.26992063 -0.72624864
vn 0.91812252 0.39629659 0.00020630
vn 0.66876060 0.26499062 -0.69465044
vn 0.63750381 0.30590988 -0.70711246
vn 0.63570016 0.31788492 -0.70344473
vn 0.15478024 0.98794892 0.00001831
vn 0.11230672 0.69834254 -0.70689808
vn 0.10965304 0.69923301 -0.70643429
vn 0.17682214 0.98424282 0.00003358
vn 0.08643804 -0.70732405 -0.70158475
vn 0.06721366 -0.70431400 -0.70669945
vn 0.04435010 0.99901605 -0.00001725
vn 0.91759921 -0.39750685 0.00000607
vn 0.64120995 -0.29721387 -0.70746994
vn 0.63395024 -0.30595724 -0.71027970
vn 0.90836361 -0.41818124 0.00000063
vn 0.65342214 0.28557729 -0.70106000
vn 0.65521238 0.26564079 -0.70719991
vn 0.09243312 -0.99571890 0.00002512
vn 0.01524070 -0.99988385 0.00000000
vn 0.01283125 -0.99991768 0.00000020
vn 0.09982379 -0.99500513 0.00001580
vn 0.03283718 -0.71637133 -0.69694608
vn 0.00000000 -0.70710678 -0.70710678
vn 0.19860336 -0.98007944 -0.00100324
vn 0.19894291 -0.98001056 -0.00101138
vn 0.01098210 -0.71050444 -0.70360701
vn 0.02001099 -0.70735192 -0.70657825
vn 0.01077114 -0.70354549 -0.71056859
vn 0.09010420 0.99593234 -0.00000637
vn 0.06720509 0.70430846 -0.70670579
vn 0.06532156 0.70427310 -0.70691760
vn 0.06433522 0.70407157 -0.70720875
vn 0.03283815 0.71639380 -0.69692294
vn 0.14001820 0.99014893 -0.00002220
vn 0.00000041 -1.00000000 -0.00000056
vn 0.00941998 -0.70403521 -0.71010259
vn 0.02056672 -0.70624729 -0.70766643
vn 0.92472811 0.38062832 0.00007937
vn 0.65515590 -0.26573067 -0.70721847
vn 0.67127654 -0.24550699 -0.69936695
vn 0.96395985 0.26604776 0.00000889
vn 0.73190267 0.14678088 -0.66541254
vn 0.98549285 0.16971696 -0.00001935
vn 0.93728417 0.34856616 -0.00009347
vn 0.72787666 0.13342774 -0.67260137
vn 0.66837822 0.23398379 -0.70606100
vn 0.97952730 0.16885319 -0.10961231
vn 0.65484661 -0.26603387 -0.70739091
vn 0.66507814 -0.25420954 -0.70217418
vn 0.94429027 -0.32911358 -0.00037049
vn 0.65552697 -0.24099944 -0.71568405
vn 0.02839382 0.99959681 -0.00001029
vn 0.01664389 0.70761029 -0.70640686
vn 0.01798279 0.70569864 -0.70828388
vn 0.02392397 0.70741245 -0.70639597
vn -0.20083201 -0.97962514 -0.00104588
vn 0.00212004 -0.71343019 -0.70072310
vn -0.02010843 -0.70744198 -0.70648531
vn -0.01581004 0.99987501 -0.00001875
vn 0.95826637 0.28587684 0.00004403
vn 0.67224243 0.21228806 -0.70924178
vn 0.67439005 0.20919836 -0.70812012
vn 0.67619458 0.22462306 -0.70164476
vn 0.66687043 -0.23607160 -0.70679137
vn 0.67439986 -0.22485294 -0.70329651
vn 0.94439916 -0.32880119 -0.00003799
vn 0.66681913 -0.22659943 -0.70993306
vn 0.94984923 -0.31270823 0.00000511
vn -0.02264866 -0.70644603 -0.70740444
vn -0.02282581 -0.70694977 -0.70689533
vn -0.02458772 0.70586167 -0.70792284
vn -0.01101473 0.70350901 -0.71060098
vn -0.22976530 -0.97324531 -0.00121245
vn -0.04737993 -0.99887690 -0.00026612
vn -0.03170293 -0.69569682 -0.71763560
vn -0.01269702 0.99991939 0.00009252
vn -0.01548507 0.70650067 -0.70754294
vn -0.04150464 0.71426365 -0.69864498
vn -0.01086232 0.71047788 -0.70363570
vn -0.12393093 -0.99229085 0.00000040
vn -0.03500508 -0.71677043 -0.69643004
vn -0.06776526 -0.70356947 -0.70738807
vn -0.05723869 0.99836052 -0.00001928
vn 0.67650120 -0.20934606 -0.70605974
vn 0.67228896 -0.21181540 -0.70933898
vn 0.98015092 0.19825250 0.00034291
vn 0.98131415 0.19241213 0.00034720
vn 0.67171796 0.19445691 -0.71482969
vn 0.68330791 0.17830280 -0.70802430
vn 0.68550435 0.18904079 -0.70309840
vn 0.67799707 -0.20287809 -0.70651289
vn 0.97619530 -0.21689270 -0.00054067
vn 0.67629141 -0.21359462 -0.70498742
vn 0.97480799 0.22304571 0.00000353
vn 0.68694282 0.19748417 -0.69936369
vn 0.68728872 0.16941150 -0.70635258
vn 0.96907620 -0.24676165 0.00002915
vn -0.09529436 0.99544914 -0.00002493
vn -0.07061922 0.70442985 -0.70625174
vn -0.06886932 0.70236357 -0.70847895
vn -0.07910573 -0.99686613 -0.00045345
vn -0.05227182 -0.68695251 -0.72481992
vn -0.12969229 0.99155429 -0.00003595
vn -0.18468409 -0.98279794 -0.00000514
vn -0.05926675 -0.72196962 -0.68938184
vn -0.11309010 -0.69742939 -0.70767427
vn -0.07607675 0.99710196 0.00000155
vn 0.69342073 0.15628641 -0.70337917
vn 0.69108119 0.14609318 -0.70785844
vn -0.14919151 0.98880832 0.00001300
vn -0.10407349 0.69890540 -0.70760155
vn -0.10554521 0.70009907 -0.70620217
vn -0.20635737 -0.97847669 -0.00004202
vn -0.20457492 -0.97885091 -0.00002697
vn -0.19412630 -0.69429212 -0.69301763
vn -0.15851674 0.98735629 0.00003215
vn -0.18465727 -0.98280298 -0.00000605
vn -0.14988993 -0.69115068 -0.70699628
vn -0.13164704 -0.70091541 -0.70098976
vn -0.24101228 -0.97052207 -0.00000025
vn -0.18655998 -0.66697290 -0.72134772
vn -0.14714116 -0.69147423 -0.70725729
vn -0.18036805 0.67114936 -0.71904513
vn 0.97845195 0.20647463 0.00004390
vn 0.99060679 0.13674128 0.00000885
vn 0.72541817 0.07766145 -0.68391314
vn 0.99682701 0.07959848 -0.00001643
vn 0.98293447 0.18395596 -0.00019170
vn 0.68286219 0.13983304 -0.71703971
vn 0.72728853 0.08915753 -0.68051622
vn 0.69768195 0.11308911 -0.70742544
vn 0.99554566 0.07943449 -0.05078392
vn 0.69215296 -0.14089564 -0.70786489
vn 0.70065926 -0.12813864 -0.70189536
vn 0.97797829 -0.20870663 0.00004724
vn 0.69214204 -0.13974811 -0.70810300
vn 0.98393983 -0.17850045 -0.00001633
vn -0.20845280 0.97803243 0.00000234
vn -0.14729559 0.69149303 -0.70720676
vn -0.14694815 0.69165962 -0.70711613
vn -0.18405152 -0.68116624 -0.70861668
vn -0.15102647 0.69077630 -0.70712029
vn -0.19088425 0.98161255 0.00003263
vn 0.69884212 -0.10996540 -0.70677245
vn 0.67071340 -0.15803215 -0.72468571
vn 0.69882461 -0.11623431 -0.70578591
vn 0.70554339 -0.09671863 -0.70203564
vn 0.98820888 -0.15311174 -0.00005190
vn 0.70384489 -0.16759657 -0.69029976
vn 0.99103975 -0.13356726 -0.00000315
vn -0.24732733 -0.96893184 -0.00052187
vn -0.23890734 -0.66507592 -0.70752901
vn -0.21584684 -0.68268307 -0.69810741
vn -0.24630264 -0.96919282 -0.00052913
vn -0.11031137 -0.65572653 -0.74689632
vn -0.09609397 -0.72752031 -0.67932330
vn -0.19390545 0.67903468 -0.70803431
vn -0.33235659 0.94315380 -0.00003459
vn -0.35480772 -0.93493929 0.00000368
vn -0.20886108 -0.68347796 -0.69945331
vn -0.23400576 -0.66860551 -0.70583849
vn 0.70697433 0.06962431 -0.70380378
vn 0.70322851 0.06196416 -0.70825851
vn 0.99465160 0.10328694 -0.00003571
vn 0.99448599 0.10486948 0.00002031
vn 0.68084289 0.11928826 -0.72265017
vn 0.70325456 -0.07853156 -0.70658745
vn 0.71772073 -0.03926645 -0.69522306
vn 0.99946434 0.03272556 0.00024911
vn 0.99942029 0.03404433 0.00024151
vn 0.71404405 0.02329615 -0.69971307
vn 0.99938359 0.03510599 0.00001586
vn 0.70619544 0.04729946 -0.70643525
vn 0.71662440 0.11233208 -0.68835381
vn 0.99835261 -0.05737531 -0.00037750
vn 0.99772115 -0.05662132 -0.03669502
vn 0.99276386 -0.12008297 0.00004956
vn 0.70236534 -0.08042787 -0.70725829
vn 0.69915801 0.02338636 -0.71458460
vn 0.70588719 0.04616386 -0.70681834
vn 0.99898461 0.04505281 -0.00001598
vn 0.99765050 -0.06850899 0.00001319
vn -0.25153628 -0.66541252 -0.70281981
vn -0.26267014 -0.65654781 -0.70707098
vn -0.23014118 0.66868401 -0.70703376
vn -0.24843557 0.66778788 -0.70166881
vn 0.99993721 0.01120548 0.00008546
vn 0.70951951 0.00763127 -0.70464447
vn 0.70441957 0.00835133 -0.70973469
vn 0.70761162 0.01467649 -0.70644914
vn 0.99999995 0.00032459 -0.00001881
vn -0.37655205 -0.92639546 0.00001900
vn -0.38085561 0.92463452 0.00004319
vn -0.26613153 0.65625930 -0.70604372
vn -0.26885302 0.65397669 -0.70712979
vn -0.27303595 0.65360039 -0.70587385
vn -0.29923388 0.64824695 -0.70016782
vn -0.41289878 0.91077692 0.00000142
vn -0.46649136 -0.88452573 0.00019759
vn -0.46413219 -0.88576592 0.00021526
vn -0.26034522 -0.64108037 -0.72196699
vn -0.30840700 -0.63654835 -0.70688848
vn -0.25338446 -0.68152503 -0.68652746
vn -0.46469856 -0.88546894 -0.00001750
vn -0.46060247 -0.88760654 0.00000865
vn -0.27208547 -0.66771534 -0.69291105
vn -0.30774519 -0.63631557 -0.70738631
vn 0.70774336 -0.02836240 -0.70590007
vn 0.71083860 -0.01235605 -0.70324663
vn 0.70706293 -0.00000003 -0.70715063
vn 0.70367422 -0.01031210 -0.71044792
vn 0.70614826 -0.02269072 -0.70770034
vn -0.43394125 0.90094117 -0.00001987
vn -0.31030940 0.63677392 -0.70585200
vn -0.30857240 0.63458166 -0.70858252
vn -0.30367791 0.63907391 -0.70665710
vn -0.41434826 0.91011841 0.00001384
vn -0.44835712 -0.89385447 -0.00027749
vn -0.34731397 -0.61517385 -0.70776701
vn -0.33190889 -0.63279823 -0.69957336
vn -0.44630935 -0.89487870 -0.00027930
vn -0.32706334 -0.62149291 -0.71188211
vn -0.51169154 -0.85916923 -0.00001535
vn -0.33426724 -0.62922556 -0.70166987
vn -0.34414485 -0.61670001 -0.70798688
vn -0.34717017 0.61554913 -0.70751123
vn -0.50902509 0.86075168 -0.00001335
vn -0.36344821 -0.61409021 -0.70057021
vn -0.38144715 -0.59675025 -0.70596545
vn -0.53497434 -0.84486831 0.00001712
vn -0.58957308 -0.80771504 -0.00002687
vn -0.53404030 -0.84545902 0.00001315
vn -0.40634508 -0.58936579 -0.69823466
vn -0.53776853 0.84309253 -0.00001421
vn -0.38145060 0.59674031 -0.70597199
vn -0.37971662 0.59491358 -0.70844416
vn -0.53487288 0.84493254 -0.00003520
vn -0.58184412 -0.81330033 0.00000371
vn -0.40892476 -0.57604466 -0.70778039
vn -0.41613030 -0.56844328 -0.70972376
vn -0.41961763 -0.57213623 -0.70468516
vn -0.42527148 -0.56537104 -0.70675296
vn -0.38970340 0.54140409 -0.74499186
vn -0.37317200 0.61999027 -0.69018456
vn -0.43095545 -0.56886864 -0.70047546
vn -0.44075310 -0.55174483 -0.70803556
vn -0.62085231 -0.78392755 0.00007151
vn -0.69179031 -0.72209845 0.00001249
vn -0.51021232 -0.51954950 -0.68538435
vn -0.51439306 -0.46974398 -0.71745409
vn -0.62249901 0.78262059 0.00000653
vn -0.44074985 0.55175898 -0.70802656
vn -0.44128122 0.55345862 -0.70636707
vn -0.43848884 0.55454892 -0.70725033
vn -0.50867362 0.52220053 -0.68451279
vn -0.60257007 0.79806598 0.00006365
vn -0.68567620 -0.72790667 0.00018893
vn -0.53967057 -0.49138952 -0.68358761
vn -0.90870314 -0.41744293 -0.00004253
vn -0.68680245 -0.72684413 0.00001352
vn -0.50311081 -0.45954208 -0.73191570
vn -0.46742278 -0.53032507 -0.70729857
vn -0.46160079 -0.51946007 -0.71908689
vn -0.52688986 -0.51018741 -0.67977635
vn -0.52009226 -0.45343787 -0.72380808
vn -0.49454672 -0.50386605 -0.70819668
vn -0.54597892 0.47326514 -0.69132274
vn -0.52010128 0.45343641 -0.72380252
vn -0.52372056 -0.47557282 -0.70678658
vn -0.54832855 -0.40783694 -0.73007180
vn -0.81625239 -0.57769526 -0.00046319
vn -0.54003752 -0.46506306 -0.70148116
vn -0.54674066 -0.44810581 -0.70730180
vn -0.52337334 0.47462516 -0.70768022
vn -0.53959383 0.46608106 -0.70114688
vn -0.74744559 0.66432303 -0.00004275
vn -0.53728092 0.44522979 -0.71630975
vn -0.75738673 0.65296657 0.00001494
vn -0.60022972 -0.40856594 -0.68760320
vn -0.60698898 -0.35308482 -0.71196593
vn -0.77746303 0.62892864 0.00000576
vn -0.54674056 0.44811139 -0.70729834
vn -0.54793767 0.44776538 -0.70659074
vn -0.55266265 0.44076550 -0.70731165
vn -0.78619066 0.61798401 -0.00003484
vn -0.80707153 -0.59045368 0.00001718
vn -0.83204609 -0.55470651 -0.00000532
vn -0.57257646 -0.41512987 -0.70698189
vn -0.57119468 -0.41583364 -0.70768567
vn -0.56908861 -0.41929276 -0.70734131
vn -0.56468369 -0.43312556 -0.70252016
vn -0.55802996 0.42537786 -0.71250000
vn -0.56683067 0.43148186 -0.70180225
vn -0.84601039 -0.53316641 -0.00000179
vn -0.58360988 -0.40781397 -0.70220173
vn -0.60495015 -0.37838019 -0.70061669
vn -0.83533696 -0.54973827 0.00000012
vn -0.84785353 -0.53023051 -0.00000850
vn -0.59135976 -0.38738800 -0.70726528
vn -0.58982858 -0.38899975 -0.70765913
vn -0.59048941 -0.38909885 -0.70705328
vn -0.59532242 -0.37020749 -0.71311824
vn -0.84476219 -0.53514190 -0.00000857
vn -0.83498564 0.55027173 0.00000632
vn -0.59064276 0.38835640 -0.70733332
vn -0.59039537 0.38913862 -0.70710992
vn -0.59236232 0.38824843 -0.70595328
vn -0.58304430 0.39280670 -0.71116963
vn -0.84795836 0.53006285 -0.00001100
vn -0.85249543 -0.52273467 0.00011015
vn -0.60371876 -0.37874469 -0.70148138
vn -0.60854387 -0.36033671 -0.70698784
vn -0.62908533 0.33059230 -0.70353421
vn -0.61534715 0.33458742 -0.71372204
vn -0.61807803 -0.35127734 -0.70326651
vn -0.62882155 -0.33055386 -0.70378803
vn -0.86354478 -0.50427216 0.00000747
vn -0.58782650 -0.37479031 -0.71693251
vn -0.58676671 -0.39968965 -0.70423931
vn -0.62714783 -0.32669676 -0.70707484
vn -0.61890146 -0.36499710 -0.69551283
vn -0.88902648 -0.45785579 -0.00001846
vn -0.62370986 0.33160694 -0.70782968
vn -0.63881597 0.31818167 -0.70048168
vn -0.87503245 0.48406427 0.00003423
vn -0.90685992 -0.42143219 0.00002796
vn -0.63867777 -0.31623384 -0.70148904
vn -0.64369164 -0.29522844 -0.70604620
vn -0.90571046 -0.42386501 0.00519756
vn -0.63827714 -0.29813718 -0.70972989
vn -0.73464631 -0.17320959 -0.65596741
vn -0.64339747 0.29661580 -0.70573279
vn -0.63614143 0.30056269 -0.71062377
vn -0.71090616 0.06578582 -0.70020330
vn -0.71349033 -0.02169667 -0.70032907
vn -0.71286075 0.00000004 -0.70130561
vn -0.70600740 -0.01552879 -0.70803419
vn -0.99987003 0.01341189 -0.00894671
vn -0.71223174 0.03134317 -0.70124429
vn -0.72632164 -0.07628054 -0.68310918
vn -0.70547300 -0.09678349 -0.70209743
vn -0.71925951 -0.04234521 -0.69344981
vn -0.70538338 0.09632296 -0.70225080
vn -0.68176955 0.34753175 -0.64374837
vn -0.98909291 0.12387715 -0.07968476
vn -0.70494461 0.04791249 -0.70764221
vn -0.71215372 -0.03117295 -0.70133111
vn -0.70212374 -0.12918330 -0.70023848
vn -0.71097731 -0.06561099 -0.70014746
vn -0.70079586 0.08199603 -0.70863377
vn -0.99203891 0.10599868 -0.06799330
vn -0.69790873 -0.10875215 -0.70788161
vn -0.70214447 0.12920022 -0.70021457
vn -0.69378896 0.16020646 -0.70213302
vn -0.69414922 -0.15958390 -0.70191869
vn -0.68774964 -0.18927081 -0.70084020
vn -0.68731812 0.18995152 -0.70107933
vn -0.68484795 -0.17150738 -0.70821501
vn -0.67794284 0.22188552 -0.70082831
vn -0.66712734 0.25441790 -0.70015188
vn -0.67621889 -0.20348899 -0.70803972
vn -0.65986528 0.23722339 -0.71295363
vn -0.67791801 -0.22303336 -0.70048789
vn -0.65218464 0.28328176 -0.70314055
vn -0.65277406 0.26932825 -0.70805955
vn -0.66644877 -0.25529276 -0.70047958
vn -0.96790539 0.21009378 -0.13791214
vn -0.65202639 -0.28470251 -0.70271337
vn -0.96702275 -0.21286100 -0.13984707
vn -1.00000000 0.00000000 0.00000000
vn -1.00000000 0.00000000 0.00000000
vn -1.00000000 0.00000000 0.00000000
vn -1.00000000 0.00000000 0.00000000
vn -1.00000000 0.00000000 0.00000000
vn -1.00000000 0.00000000 0.00000000
vn 0.63195056 -0.77500860 -0.00040547
vn 0.66680001 0.74523670 0.00002014
vn 0.58024659 -0.81444085 0.00000369
vn 0.47518517 -0.52497013 -0.70611997
vn 0.46987228 0.53030874 -0.70568596
vn 0.44027289 -0.55235574 -0.70785798
vn 0.41337160 -0.57487477 -0.70614653
vn -0.88511494 -0.46537249 0.00000666
vn 0.70213778 0.71204111 -0.00000016
vn 0.31493707 -0.94911141 0.00147253
vn 0.50001054 0.50001054 -0.70709188
vn 0.49944143 -0.50107041 -0.70674374
vn 0.41357365 0.57288458 -0.70764405
vn 0.37910277 -0.59676038 -0.70721859
vn 0.42592883 0.53066406 -0.73278939
vn 0.53812977 -0.84286200 0.00000267
vn 0.54177907 -0.84052093 -0.00000861
vn 0.34245296 -0.61913383 -0.70668187
vn 0.48787050 -0.87291602 -0.00000602
vn 0.35519640 -0.93479129 0.00087144
vn 0.71302173 0.70114189 -0.00025286
vn 0.52334376 0.47660397 -0.70637098
vn 0.74340761 0.66883864 0.00000962
vn 0.34159469 0.62020773 -0.70615539
vn 0.54333110 0.83951850 -0.00001433
vn 0.43305807 -0.90136602 -0.00003972
vn 0.52145008 -0.47688791 -0.70757879
vn 0.77620653 0.63047873 -0.00000029
vn 0.27701745 -0.96086466 0.00065749
vn 0.44418070 0.89593722 -0.00001437
vn 0.30683786 0.63687104 -0.70728057
vn 0.30884475 -0.63693083 -0.70635263
vn 0.26962258 -0.65400224 -0.70681308
vn 0.38144315 -0.92439230 0.00001907
vn 0.54857603 0.44631810 -0.70701096
vn 0.80715007 0.59034631 -0.00001267
vn 0.92387770 0.38268786 0.00000815
vn 0.57063222 0.41764129 -0.70707470
vn 0.55226452 -0.44282507 -0.70633551
vn 0.80845331 0.58856031 0.00001126
vn 0.37865855 0.92553644 0.00002319
vn 0.32833929 -0.94455985 -0.00001422
vn 0.26781791 0.65614726 -0.70550998
vn 0.59097401 0.38689637 -0.70785657
vn 0.57219499 -0.41633837 -0.70657997
vn 0.83524133 0.54988355 0.00001403
vn 0.88725423 0.46128024 0.00068808
vn 0.23334269 -0.66716507 -0.70741922
vn 0.10109451 -0.99487630 0.00102788
vn 0.57341298 -0.81926647 0.00000039
vn 0.23198998 0.66759501 -0.70745852
vn 0.10071154 0.72892628 -0.67714376
vn 0.19033855 -0.68141533 -0.70671379
vn 0.27417949 -0.96167854 -0.00000124
vn 0.59206722 -0.38784653 -0.70642160
vn 0.86198256 0.50693793 -0.00002705
vn 0.09459638 -0.99551549 0.00065628
vn 0.15104735 -0.69204647 -0.70587278
vn 0.20898143 -0.97791961 0.00001786
vn 0.60837316 0.35788441 -0.70837902
vn 0.85136427 0.52457477 -0.00043651
vn 0.86537302 0.50112826 -0.00000145
vn 0.62548298 0.32846346 -0.70773074
vn 0.60932107 -0.35913782 -0.70692847
vn 0.88736304 0.46107140 0.00000666
vn 0.14894720 0.69150181 -0.70685216
vn 0.33810359 -0.94110823 -0.00112537
vn 0.10394214 -0.69805500 -0.70845977
vn 0.14832132 -0.98893922 0.00001087
vn -1.00000000 0.00000000 0.00000000
vn 0.94053860 0.33968627 0.00060968
vn 0.64108963 0.30213580 -0.70549135
vn 0.62969389 -0.32583438 -0.70520746
vn 0.90607633 0.42311428 0.00001290
vn 0.09114972 -0.99583720 -0.00000082
vn 0.10644892 0.69938257 -0.70677623
vn -1.00000000 0.00000000 0.00000000
vn 0.64179361 -0.29818115 -0.70653306
vn 0.92499939 0.37996859 0.00004611
vn 0.06532156 -0.70427310 -0.70691760
vn 0.06436564 0.70427506 -0.70700332
vn 0.16350896 -0.98654153 -0.00078963
vn 0.02009896 -0.70627592 -0.70765130
vn 0.02887296 -0.99958309 0.00001517
vn 0.65419699 0.26707722 -0.70759879
vn 0.95045023 0.31087674 0.00015715
vn 0.96424701 0.26500512 0.00001351
vn 0.66634466 0.23335084 -0.70818937
vn 0.65530478 -0.26718804 -0.70653110
vn 0.94182774 0.33609597 0.00001385
vn -0.02609679 -0.99965942 0.00006363
vn 0.02390863 0.70597588 -0.70783220
vn -1.00000000 0.00000000 0.00000000
vn -1.00000000 0.00000000 0.00000000
vn 0.97889030 0.20438559 0.00056493
vn 0.67629320 0.20989499 -0.70609603
vn 0.66627234 -0.23631289 -0.70727461
vn 0.95767050 0.28786666 -0.00000495
vn -0.08426900 -0.99644304 -0.00004498
vn -0.06538830 -0.70380280 -0.70737966
vn -0.01923505 0.70606049 -0.70789024
vn -0.09187171 -0.99577085 0.00001747
vn 0.95485969 0.29705705 -0.00029820
vn 0.68567284 0.17781950 -0.70585620
vn 0.67691759 -0.20565189 -0.70674598
vn 0.97064907 0.24050027 0.00000103
vn 0.68563287 -0.17425267 -0.70678397
vn -0.07793648 -0.99695824 -0.00042531
vn -0.06399071 0.70398235 -0.70732880
vn -0.10601910 -0.69959309 -0.70663248
vn -0.15433066 -0.98801925 0.00001558
vn 0.97827684 0.20730275 0.00003549
vn -0.08405309 -0.99646098 -0.00076609
vn -0.10725927 0.69860611 -0.70742134
vn -0.14841591 -0.69079639 -0.70765321
vn -0.21094431 -0.97749808 -0.00001886
vn 0.99274951 0.12020157 0.00000049
vn 0.69287656 0.14588011 -0.70614522
vn 0.98243075 0.18662740 -0.00020491
vn 0.69363840 -0.14096851 -0.70639483
vn 0.69845111 0.11301003 -0.70667870
vn 0.98730960 0.15880729 -0.00000255
vn -0.14916061 0.69190742 -0.70641011
vn -0.22118242 -0.97523241 -0.00029208
vn -0.19094261 -0.68006851 -0.70784726
vn -0.26649255 -0.96383698 -0.00000389
vn 0.69615309 -0.11545673 -0.70854825
vn 0.99357594 0.11316737 0.00000235
vn -0.27698016 -0.96087558 -0.00034587
vn -0.19490202 0.68047666 -0.70637435
vn -0.23470448 -0.66600572 -0.70806086
vn -0.11029662 0.65571725 -0.74690665
vn -0.33128804 -0.94352967 -0.00000503
vn 0.99575091 0.09208755 -0.00011609
vn 0.99738719 0.07224128 0.00001535
vn 0.70091396 0.07262309 -0.70953894
vn 0.99860444 0.05281252 0.00011552
vn 0.70545414 0.04571757 -0.70727955
vn 0.70261285 -0.08017193 -0.70704148
vn 0.99781355 0.06609174 -0.00001367
vn 0.70548980 -0.04677177 -0.70717505
vn 0.99999999 -0.00003099 0.00015676
vn 0.70707106 0.01567717 -0.70696870
vn 0.99979392 0.02030048 -0.00001487
vn -0.56440831 -0.82549186 -0.00254017
vn -0.40756983 -0.91317405 0.00000002
vn -0.26785283 -0.65610743 -0.70553377
vn -0.26888547 0.65397965 -0.70711472
vn -0.37494592 -0.92704660 -0.00039162
vn -0.30822736 -0.63614782 -0.70732725
vn -0.43471155 -0.90056974 -0.00002923
vn -1.00000000 0.00000000 0.00000000
vn -1.00000000 0.00000000 0.00000000
vn 0.70694171 -0.01533754 -0.70710550
vn -0.30340711 0.63815282 -0.70760519
vn -0.37517457 -0.92695388 -0.00073495
vn -0.34379650 -0.61717254 -0.70774432
vn -0.48590836 -0.87400976 0.00000250
vn -0.34709710 0.61675634 -0.70649503
vn -0.53407286 -0.84543845 0.00002416
vn -0.37971662 -0.59491358 -0.70844415
vn -0.56500775 -0.82508560 -0.00002855
vn -0.38037887 0.59735873 -0.70602724
vn -0.41029437 -0.57696154 -0.70623927
vn -0.60736727 -0.79442115 0.00017817
vn -0.46996520 0.55119648 -0.68943103
vn -0.58181090 -0.81332409 0.00001284
vn -0.62393419 -0.78147689 0.00002818
vn -0.44128122 -0.55345862 -0.70636707
vn -0.68298580 -0.73043165 0.00003222
vn -0.44027955 0.55233848 -0.70786730
vn -0.70722708 -0.70698638 0.00033647
vn -0.46902389 -0.52895605 -0.70726380
vn -0.66331976 -0.74833608 0.00000133
vn -0.47120806 0.52673938 -0.70746632
vn -0.49853629 -0.49969406 -0.70835543
vn -0.73148729 -0.68185505 0.00018810
vn -0.49881779 0.50229490 -0.70631484
vn -0.70090145 -0.71325813 0.00001157
vn -0.77550706 -0.63133889 0.00001478
vn -0.74094281 -0.67156813 0.00002289
vn -0.52537485 -0.47390790 -0.70667714
vn -0.77407731 -0.63309108 0.00004562
vn -0.52529004 0.47303324 -0.70732590
vn -0.82549150 -0.56441426 -0.00056906
vn -0.55186129 0.44399465 -0.70591633
vn -0.56456665 -0.39838395 -0.72287947
vn -0.83820311 -0.54535817 -0.00002670
vn -0.80670889 -0.59094904 0.00000414
vn -0.57128462 -0.41830290 -0.70615619
vn -0.84918999 -0.52808745 -0.00000832
vn -0.83509686 -0.55010293 -0.00000901
vn -0.59145368 -0.38821836 -0.70673125
vn -0.58965815 0.38977065 -0.70737692
vn -0.85939031 -0.51132015 0.00002800
vn -0.61814403 0.35153411 -0.70308017
vn -0.85559684 -0.51764277 0.00010115
vn -0.61261615 -0.33681447 -0.71502271
vn -0.87821343 -0.47826893 -0.00001404
vn -0.62554072 -0.32814126 -0.70782916
vn -0.62534268 0.33015019 -0.70706958
f 1//1 2//2 3//3
f 4//4 5//5 6//6
f 7//7 8//8 9//9
f 10//10 11//11 12//12
f 13//13 8//8 14//14
f 15//15 8//8 13//13
f 16//16 8//8 15//15
f 17//17 8//8 16//16
f 18//18 8//8 17//17
f 7//7 9//9 19//19
f 20//20 21//21 8//8
f 22//22 21//21 20//20
f 7//7 19//19 23//23
f 7//7 23//23 24//24
f 25//25 1//1 26//26
f 7//7 24//24 27//27
f 28//28 7//7 27//27
f 2//2 7//7 29//29
f 29//29 7//7 30//30
f 30//30 7//7 28//28
f 31//31 21//21 22//22
f 32//32 7//7 33//33
f 34//34 35//35 36//36
f 37//37 7//7 38//38
f 1//1 7//7 2//2
f 39//39 40//40 41//41
f 42//42 43//43 44//44
f 45//45 41//41 40//40
f 42//42 46//46 47//47
f 42//42 48//48 49//49
f 50//50 41//41 51//51
f 52//52 41//41 53//53
f 54//54 41//41 52//52
f 51//51 41//41 54//54
f 42//42 49//49 55//55
f 56//56 41//41 57//57
f 58//58 41//41 56//56
f 59//59 41//41 58//58
f 60//60 61//61 62//62
f 63//63 64//64 65//65
f 61//61 66//66 67//67
f 67//67 66//66 68//68
f 69//69 70//70 71//71
f 61//61 72//72 73//73
f 61//61 67//67 72//72
f 61//61 73//73 74//74
f 74//74 73//73 75//75
f 71//71 76//76 77//77
f 78//78 61//61 79//79
f 80//80 61//61 78//78
f 81//81 61//61 82//82
f 83//83 61//61 80//80
f 84//84 85//85 86//86
f 82//82 61//61 83//83
f 87//87 61//61 88//88
f 89//89 61//61 87//87
f 90//90 91//91 92//92
f 93//93 94//94 95//95
f 96//96 97//97 94//94
f 98//98 99//99 100//100
f 89//89 101//101 102//102
f 89//89 103//103 101//101
f 89//89 104//104 105//105
f 105//105 104//104 106//106
f 107//107 108//108 89//89
f 109//109 89//89 108//108
f 110//110 89//89 109//109
f 111//111 89//89 110//110
f 112//112 89//89 111//111
f 113//113 89//89 114//114
f 115//115 7//7 37//37
f 116//116 12//12 117//117
f 118//118 119//119 120//120
f 6//6 121//121 11//11
f 6//6 5//5 121//121
f 122//122 123//123 7//7
f 124//124 89//89 5//5
f 125//125 126//126 127//127
f 10//10 12//12 116//116
f 34//34 36//36 128//128
f 129//129 117//117 35//35
f 130//130 126//126 125//125
f 125//125 127//127 131//131
f 31//31 127//127 21//21
f 128//128 36//36 132//132
f 131//131 127//127 31//31
f 130//130 36//36 126//126
f 132//132 36//36 130//130
f 129//129 35//35 34//34
f 116//116 117//117 129//129
f 6//6 11//11 10//10
f 33//33 7//7 115//115
f 39//39 133//133 134//134
f 94//94 7//7 135//135
f 39//39 136//136 40//40
f 137//137 7//7 138//138
f 135//135 7//7 139//139
f 94//94 135//135 140//140
f 94//94 141//141 142//142
f 94//94 143//143 144//144
f 145//145 94//94 146//146
f 94//94 147//147 143//143
f 94//94 148//148 141//141
f 94//94 149//149 147//147
f 89//89 150//150 151//151
f 94//94 142//142 152//152
f 94//94 144//144 153//153
f 94//94 153//153 148//148
f 146//146 94//94 154//154
f 42//42 155//155 156//156
f 157//157 94//94 98//98
f 98//98 94//94 99//99
f 158//158 94//94 145//145
f 99//99 94//94 159//159
f 160//160 94//94 158//158
f 159//159 94//94 160//160
f 161//161 157//157 162//162
f 95//95 161//161 163//163
f 161//161 94//94 157//157
f 42//42 164//164 165//165
f 42//42 166//166 48//48
f 42//42 165//165 166//166
f 42//42 167//167 164//164
f 42//42 44//44 167//167
f 42//42 168//168 43//43
f 42//42 169//169 170//170
f 42//42 170//170 168//168
f 42//42 171//171 172//172
f 42//42 173//173 174//174
f 42//42 175//175 173//173
f 85//85 94//94 176//176
f 95//95 94//94 161//161
f 176//176 94//94 93//93
f 177//177 61//61 178//178
f 84//84 94//94 85//85
f 179//179 180//180 181//181
f 182//182 94//94 84//84
f 180//180 94//94 182//182
f 71//71 94//94 179//179
f 71//71 179//179 183//183
f 179//179 94//94 180//180
f 71//71 183//183 76//76
f 61//61 184//184 185//185
f 71//71 77//77 186//186
f 63//63 71//71 64//64
f 187//187 79//79 61//61
f 42//42 174//174 188//188
f 42//42 188//188 171//171
f 189//189 71//71 70//70
f 190//190 71//71 189//189
f 191//191 71//71 190//190
f 192//192 71//71 191//191
f 193//193 71//71 194//194
f 194//194 71//71 192//192
f 195//195 71//71 196//196
f 197//197 71//71 198//198
f 199//199 71//71 193//193
f 196//196 63//63 200//200
f 196//196 71//71 63//63
f 64//64 71//71 197//197
f 201//201 42//42 202//202
f 42//42 203//203 204//204
f 42//42 205//205 175//175
f 42//42 204//204 205//205
f 42//42 206//206 203//203
f 201//201 71//71 206//206
f 206//206 71//71 195//195
f 207//207 71//71 199//199
f 198//198 71//71 207//207
f 71//71 208//208 69//69
f 71//71 186//186 208//208
f 42//42 172//172 209//209
f 42//42 210//210 169//169
f 42//42 209//209 210//210
f 42//42 55//55 155//155
f 42//42 211//211 212//212
f 42//42 213//213 214//214
f 42//42 156//156 215//215
f 42//42 215//215 211//211
f 42//42 214//214 216//216
f 42//42 217//217 218//218
f 42//42 218//218 219//219
f 42//42 220//220 46//46
f 42//42 219//219 220//220
f 42//42 221//221 217//217
f 42//42 222//222 221//221
f 42//42 216//216 222//222
f 42//42 223//223 213//213
f 42//42 224//224 223//223
f 42//42 212//212 224//224
f 94//94 152//152 225//225
f 154//154 94//94 97//97
f 94//94 225//225 96//96
f 94//94 226//226 149//149
f 94//94 140//140 226//226
f 227//227 7//7 137//137
f 139//139 7//7 227//227
f 138//138 7//7 228//228
f 229//229 7//7 32//32
f 228//228 7//7 229//229
f 39//39 230//230 136//136
f 39//39 231//231 230//230
f 39//39 134//134 231//231
f 39//39 232//232 133//133
f 39//39 47//47 232//232
f 47//47 39//39 42//42
f 233//233 120//120 119//119
f 124//124 4//4 118//118
f 234//234 120//120 233//233
f 5//5 89//89 235//235
f 235//235 89//89 236//236
f 237//237 89//89 238//238
f 236//236 89//89 237//237
f 239//239 89//89 240//240
f 238//238 89//89 239//239
f 241//241 89//89 113//113
f 242//242 89//89 243//243
f 240//240 89//89 242//242
f 244//244 89//89 245//245
f 243//243 89//89 244//244
f 245//245 89//89 246//246
f 246//246 89//89 241//241
f 247//247 89//89 112//112
f 114//114 89//89 247//247
f 89//89 151//151 107//107
f 89//89 248//248 249//249
f 89//89 102//102 104//104
f 89//89 250//250 150//150
f 89//89 105//105 250//250
f 89//89 249//249 103//103
f 89//89 251//251 252//252
f 89//89 252//252 248//248
f 89//89 90//90 253//253
f 89//89 253//253 251//251
f 89//89 91//91 90//90
f 88//88 61//61 177//177
f 254//254 61//61 81//81
f 178//178 61//61 254//254
f 61//61 185//185 187//187
f 61//61 255//255 256//256
f 61//61 256//256 184//184
f 61//61 257//257 258//258
f 61//61 74//74 257//257
f 61//61 258//258 255//255
f 61//61 259//259 66//66
f 61//61 260//260 259//259
f 61//61 261//261 262//262
f 61//61 262//262 260//260
f 261//261 41//41 263//263
f 60//60 41//41 261//261
f 263//263 41//41 264//264
f 265//265 41//41 266//266
f 264//264 41//41 265//265
f 266//266 41//41 267//267
f 267//267 41//41 268//268
f 269//269 41//41 270//270
f 268//268 41//41 269//269
f 270//270 41//41 271//271
f 271//271 41//41 272//272
f 272//272 41//41 273//273
f 273//273 41//41 59//59
f 57//57 41//41 274//274
f 53//53 41//41 275//275
f 276//276 41//41 277//277
f 274//274 41//41 276//276
f 277//277 41//41 278//278
f 279//279 41//41 280//280
f 278//278 41//41 279//279
f 281//281 41//41 282//282
f 280//280 41//41 281//281
f 282//282 41//41 283//283
f 283//283 41//41 50//50
f 284//284 41//41 285//285
f 275//275 41//41 284//284
f 285//285 41//41 286//286
f 287//287 41//41 288//288
f 286//286 41//41 287//287
f 289//289 41//41 290//290
f 288//288 41//41 289//289
f 290//290 41//41 291//291
f 291//291 41//41 292//292
f 292//292 41//41 293//293
f 293//293 41//41 294//294
f 295//295 41//41 296//296
f 297//297 7//7 298//298
f 38//38 7//7 297//297
f 299//299 41//41 295//295
f 294//294 41//41 299//299
f 296//296 41//41 300//300
f 300//300 41//41 45//45
f 298//298 7//7 25//25
f 25//25 7//7 1//1
f 20//20 8//8 301//301
f 301//301 8//8 18//18
f 14//14 8//8 123//123
f 8//8 7//7 123//123
f 89//89 87//87 91//91
f 302//302 303//303 304//304
f 305//305 306//306 307//307
f 306//306 308//308 307//307
f 309//309 304//304 305//305
f 310//310 304//304 311//311
f 312//312 313//313 304//304
f 314//314 315//315 234//234
f 316//316 317//317 318//318
f 319//319 320//320 321//321
f 319//319 322//322 323//323
f 322//322 324//324 325//325
f 325//325 324//324 326//326
f 326//326 324//324 327//327
f 328//328 329//329 330//330
f 331//331 332//332 333//333
f 332//332 334//334 333//333
f 335//335 336//336 337//337
f 338//338 339//339 340//340
f 341//341 342//342 339//339
f 343//343 344//344 345//345
f 346//346 342//342 344//344
f 347//347 348//348 349//349
f 348//348 350//350 349//349
f 351//351 352//352 314//314
f 353//353 315//315 352//352
f 353//353 354//354 355//355
f 306//306 303//303 356//356
f 357//357 352//352 358//358
f 359//359 360//360 352//352
f 361//361 362//362 363//363
f 364//364 365//365 366//366
f 367//367 368//368 369//369
f 368//368 370//370 369//369
f 371//371 372//372 373//373
f 374//374 375//375 376//376
f 375//375 377//377 376//376
f 378//378 379//379 380//380
f 379//379 381//381 380//380
f 382//382 383//383 384//384
f 385//385 386//386 386//386
f 312//312 387//387 387//387
f 388//388 389//389 311//311
f 390//390 391//391 392//392
f 393//393 394//394 395//395
f 396//396 390//390 397//397
f 122//122 7//7 398//398
f 22//22 20//20 399//399
f 372//372 365//365 400//400
f 401//401 337//337 336//336
f 401//401 402//402 337//337
f 373//373 372//372 132//132
f 128//128 132//132 372//372
f 403//403 404//404 405//405
f 406//406 401//401 336//336
f 34//34 400//400 129//129
f 384//384 383//383 17//17
f 383//383 399//399 301//301
f 14//14 407//407 389//389
f 301//301 18//18 383//383
f 116//116 129//129 400//400
f 34//34 128//128 372//372
f 20//20 301//301 399//399
f 131//131 31//31 373//373
f 399//399 373//373 22//22
f 31//31 22//22 373//373
f 125//125 131//131 373//373
f 132//132 130//130 373//373
f 130//130 125//125 373//373
f 400//400 34//34 372//372
f 403//403 406//406 404//404
f 365//365 408//408 400//400
f 365//365 409//409 408//408
f 409//409 405//405 408//408
f 409//409 403//403 405//405
f 406//406 336//336 404//404
f 18//18 17//17 383//383
f 14//14 389//389 13//13
f 15//15 13//13 389//389
f 17//17 16//16 384//384
f 389//389 384//384 15//15
f 16//16 15//15 384//384
f 407//407 14//14 123//123
f 410//410 411//411 412//412
f 413//413 360//360 411//411
f 414//414 415//415 416//416
f 388//388 313//313 415//415
f 417//417 418//418 419//419
f 418//418 420//420 419//419
f 21//21 421//421 8//8
f 8//8 421//421 9//9
f 9//9 421//421 422//422
f 19//19 9//9 422//422
f 23//23 19//19 422//422
f 23//23 422//422 423//423
f 24//24 23//23 423//423
f 27//27 24//24 423//423
f 423//423 28//28 27//27
f 424//424 30//30 28//28
f 30//30 424//424 425//425
f 29//29 30//30 425//425
f 2//2 29//29 425//425
f 2//2 425//425 426//426
f 3//3 2//2 426//426
f 1//1 3//3 426//426
f 1//1 426//426 427//427
f 26//26 1//1 427//427
f 26//26 427//427 25//25
f 25//25 427//427 298//298
f 428//428 297//297 298//298
f 428//428 38//38 297//297
f 38//38 428//428 429//429
f 37//37 38//38 429//429
f 429//429 115//115 37//37
f 33//33 115//115 430//430
f 430//430 32//32 33//33
f 431//431 32//32 430//430
f 432//432 433//433 434//434
f 435//435 436//436 437//437
f 438//438 437//437 436//436
f 439//439 437//437 434//434
f 440//440 441//441 442//442
f 443//443 444//444 445//445
f 446//446 441//441 447//447
f 434//434 438//438 432//432
f 438//438 434//434 437//437
f 448//448 449//449 433//433
f 450//450 451//451 452//452
f 442//442 453//453 440//440
f 454//454 453//453 442//442
f 442//442 446//446 454//454
f 453//453 454//454 452//452
f 455//455 454//454 446//446
f 446//446 442//442 441//441
f 452//452 451//451 453//453
f 456//456 432//432 438//438
f 433//433 432//432 448//448
f 455//455 452//452 454//454
f 457//457 449//449 448//448
f 458//458 459//459 449//449
f 456//456 448//448 432//432
f 460//460 450//450 455//455
f 448//448 456//456 457//457
f 451//451 450//450 461//461
f 449//449 457//457 458//458
f 452//452 455//455 450//450
f 461//461 462//462 451//451
f 463//463 464//464 465//465
f 466//466 467//467 468//468
f 460//460 461//461 450//450
f 469//469 457//457 456//456
f 462//462 470//470 471//471
f 469//469 458//458 457//457
f 470//470 462//462 461//461
f 461//461 460//460 470//470
f 472//472 459//459 458//458
f 471//471 473//473 462//462
f 458//458 469//469 472//472
f 468//468 470//470 460//460
f 467//467 473//473 471//471
f 474//474 472//472 469//469
f 459//459 472//472 475//475
f 468//468 471//471 470//470
f 471//471 468//468 467//467
f 476//476 477//477 475//475
f 478//478 479//479 480//480
f 474//474 475//475 472//472
f 475//475 474//474 476//476
f 481//481 482//482 466//466
f 466//466 483//483 467//467
f 483//483 484//484 473//473
f 477//477 476//476 485//485
f 486//486 465//465 485//485
f 487//487 476//476 474//474
f 473//473 467//467 483//483
f 475//475 477//477 459//459
f 487//487 485//485 476//476
f 488//488 489//489 481//481
f 482//482 484//484 483//483
f 485//485 487//487 486//486
f 483//483 466//466 482//482
f 490//490 491//491 484//484
f 492//492 464//464 463//463
f 493//493 486//486 487//487
f 465//465 486//486 463//463
f 484//484 482//482 490//490
f 485//485 465//465 477//477
f 493//493 463//463 486//486
f 494//494 489//489 495//495
f 463//463 493//493 496//496
f 490//490 481//481 489//489
f 494//494 491//491 490//490
f 481//481 490//490 482//482
f 497//497 421//421 491//491
f 498//498 496//496 493//493
f 492//492 496//496 499//499
f 500//500 501//501 502//502
f 503//503 504//504 505//505
f 506//506 499//499 507//507
f 508//508 499//499 496//496
f 509//509 510//510 508//508
f 507//507 510//510 511//511
f 512//512 513//513 501//501
f 497//497 495//495 512//512
f 514//514 495//495 489//489
f 500//500 422//422 421//421
f 515//515 516//516 517//517
f 503//503 513//513 514//514
f 509//509 518//518 519//519
f 520//520 501//501 513//513
f 521//521 522//522 523//523
f 524//524 511//511 525//525
f 506//506 526//526 464//464
f 527//527 511//511 510//510
f 528//528 529//529 527//527
f 502//502 530//530 522//522
f 521//521 423//423 422//422
f 515//515 530//530 520//520
f 528//528 531//531 532//532
f 525//525 529//529 533//533
f 534//534 522//522 530//530
f 535//535 536//536 537//537
f 538//538 533//533 539//539
f 524//524 540//540 526//526
f 541//541 533//533 529//529
f 542//542 543//543 544//544
f 545//545 537//537 541//541
f 523//523 546//546 547//547
f 548//548 424//424 423//423
f 542//542 546//546 534//534
f 549//549 550//550 535//535
f 545//545 551//551 552//552
f 553//553 536//536 554//554
f 539//539 537//537 536//536
f 548//548 547//547 555//555
f 556//556 557//557 558//558
f 559//559 560//560 561//561
f 561//561 547//547 546//546
f 562//562 557//557 550//550
f 559//559 563//563 564//564
f 554//554 550//550 557//557
f 565//565 566//566 567//567
f 549//549 431//431 568//568
f 555//555 560//560 569//569
f 570//570 425//425 424//424
f 571//571 572//572 573//573
f 574//574 575//575 562//562
f 576//576 569//569 560//560
f 570//570 569//569 577//577
f 577//577 578//578 566//566
f 579//579 580//580 581//581
f 573//573 582//582 575//575
f 579//579 578//578 576//576
f 574//574 430//430 583//583
f 558//558 575//575 582//582
f 584//584 566//566 578//578
f 565//565 426//426 425//425
f 585//585 582//582 586//586
f 587//587 588//588 589//589
f 567//567 590//590 591//591
f 592//592 593//593 594//594
f 595//595 589//589 572//572
f 592//592 590//590 584//584
f 571//571 429//429 596//596
f 597//597 591//591 598//598
f 586//586 572//572 589//589
f 597//597 427//427 426//426
f 599//599 591//591 590//590
f 600//600 589//589 601//601
f 602//602 588//588 591//591
f 587//587 428//428 598//598
f 602//602 603//603 601//601
f 556//556 604//604 605//605
f 585//585 606//606 604//604
f 600//600 607//607 606//606
f 608//608 609//609 610//610
f 611//611 612//612 613//613
f 614//614 615//615 616//616
f 617//617 610//610 612//612
f 617//617 612//612 611//611
f 611//611 613//613 618//618
f 618//618 613//613 619//619
f 618//618 619//619 620//620
f 614//614 621//621 622//622
f 623//623 624//624 621//621
f 615//615 622//622 625//625
f 626//626 627//627 628//628
f 625//625 622//622 629//629
f 625//625 629//629 630//630
f 630//630 631//631 626//626
f 628//628 609//609 608//608
f 630//630 629//629 631//631
f 628//628 627//627 609//609
f 626//626 631//631 627//627
f 632//632 633//633 624//624
f 623//623 634//634 635//635
f 636//636 637//637 633//633
f 632//632 638//638 639//639
f 640//640 641//641 637//637
f 636//636 642//642 643//643
f 644//644 645//645 641//641
f 640//640 646//646 647//647
f 648//648 649//649 645//645
f 644//644 650//650 651//651
f 652//652 440//440 649//649
f 648//648 653//653 654//654
f 652//652 447//447 441//441
f 478//478 655//655 656//656
f 435//435 439//439 655//655
f 538//538 657//657 540//540
f 658//658 659//659 660//660
f 443//443 656//656 661//661
f 662//662 663//663 664//664
f 662//662 665//665 666//666
f 667//667 668//668 669//669
f 670//670 666//666 671//671
f 672//672 673//673 674//674
f 667//667 675//675 668//668
f 658//658 676//676 665//665
f 677//677 678//678 679//679
f 680//680 681//681 682//682
f 669//669 668//668 683//683
f 680//680 682//682 684//684
f 684//684 685//685 686//686
f 687//687 688//688 689//689
f 687//687 689//689 690//690
f 686//686 685//685 688//688
f 684//684 682//682 685//685
f 686//686 688//688 687//687
f 679//679 678//678 681//681
f 679//679 681//681 680//680
f 677//677 683//683 678//678
f 669//669 683//683 677//677
f 672//672 671//671 675//675
f 670//670 691//691 692//692
f 673//673 675//675 667//667
f 693//693 661//661 676//676
f 693//693 694//694 695//695
f 434//434 433//433 439//439
f 608//608 610//610 617//617
f 553//553 605//605 657//657
f 45//45 657//657 605//605
f 605//605 300//300 45//45
f 543//543 53//53 275//275
f 275//275 563//563 543//543
f 285//285 580//580 563//563
f 543//543 52//52 53//53
f 54//54 52//52 543//543
f 54//54 543//543 516//516
f 51//51 54//54 516//516
f 50//50 51//51 516//516
f 516//516 283//283 50//50
f 460//460 57//57 274//274
f 274//274 468//468 460//460
f 58//58 460//460 455//455
f 59//59 58//58 455//455
f 455//455 273//273 59//59
f 608//608 79//79 187//187
f 608//608 78//78 79//79
f 617//617 78//78 608//608
f 80//80 617//617 611//611
f 83//83 80//80 611//611
f 82//82 83//83 611//611
f 82//82 611//611 618//618
f 618//618 81//81 82//82
f 108//108 107//107 622//622
f 108//108 622//622 621//621
f 109//109 108//108 621//621
f 110//110 109//109 621//621
f 110//110 621//621 624//624
f 111//111 110//110 624//624
f 112//112 111//111 624//624
f 624//624 633//633 112//112
f 112//112 633//633 247//247
f 114//114 247//247 637//637
f 113//113 114//114 637//637
f 637//637 241//241 113//113
f 400//400 6//6 10//10
f 400//400 10//10 116//116
f 400//400 4//4 6//6
f 400//400 234//234 233//233
f 400//400 119//119 4//4
f 400//400 233//233 119//119
f 120//120 234//234 696//696
f 120//120 696//696 697//697
f 120//120 697//697 698//698
f 120//120 698//698 699//699
f 120//120 699//699 700//700
f 120//120 700//700 701//701
f 120//120 701//701 702//702
f 120//120 702//702 703//703
f 120//120 703//703 704//704
f 120//120 704//704 705//705
f 120//120 705//705 706//706
f 120//120 706//706 707//707
f 120//120 707//707 708//708
f 120//120 708//708 709//709
f 120//120 709//709 710//710
f 120//120 710//710 711//711
f 120//120 711//711 712//712
f 120//120 713//713 714//714
f 120//120 712//712 713//713
f 120//120 715//715 716//716
f 120//120 714//714 715//715
f 120//120 716//716 717//717
f 120//120 717//717 718//718
f 719//719 718//718 720//720
f 719//719 89//89 120//120
f 721//721 722//722 720//720
f 723//723 724//724 725//725
f 726//726 727//727 728//728
f 729//729 718//718 324//324
f 724//724 730//730 731//731
f 729//729 731//731 730//730
f 723//723 727//727 730//730
f 732//732 733//733 734//734
f 735//735 736//736 733//733
f 736//736 737//737 738//738
f 735//735 739//739 737//737
f 740//740 741//741 734//734
f 740//740 742//742 725//725
f 721//721 742//742 733//733
f 743//743 725//725 724//724
f 744//744 733//733 736//736
f 745//745 738//738 737//737
f 746//746 739//739 732//732
f 746//746 747//747 748//748
f 745//745 748//748 749//749
f 748//748 737//737 739//739
f 728//728 725//725 750//750
f 718//718 730//730 727//727
f 726//726 720//720 718//718
f 751//751 724//724 731//731
f 751//751 7//7 94//94
f 752//752 741//741 724//724
f 753//753 720//720 722//722
f 754//754 62//62 61//61
f 754//754 722//722 736//736
f 755//755 41//41 62//62
f 755//755 736//736 738//738
f 756//756 42//42 748//748
f 756//756 747//747 202//202
f 757//757 748//748 42//42
f 464//464 133//133 232//232
f 526//526 133//133 464//464
f 134//134 526//526 540//540
f 540//540 231//231 134//134
f 136//136 230//230 540//540
f 136//136 540//540 657//657
f 40//40 136//136 657//657
f 540//540 230//230 231//231
f 531//531 227//227 551//551
f 137//137 551//551 227//227
f 551//551 137//137 138//138
f 138//138 228//228 551//551
f 228//228 431//431 551//551
f 431//431 228//228 229//229
f 135//135 139//139 518//518
f 140//140 135//135 518//518
f 518//518 226//226 140//140
f 149//149 493//493 147//147
f 147//147 493//493 487//487
f 143//143 147//147 487//487
f 144//144 143//143 487//487
f 487//487 153//153 144//144
f 153//153 474//474 148//148
f 148//148 474//474 469//469
f 141//141 148//148 469//469
f 142//142 141//141 469//469
f 142//142 469//469 456//456
f 152//152 142//142 456//456
f 456//456 225//225 152//152
f 154//154 97//97 436//436
f 436//436 146//146 154//154
f 479//479 146//146 436//436
f 156//156 656//656 655//655
f 215//215 156//156 655//655
f 211//211 215//215 655//655
f 211//211 655//655 439//439
f 212//212 211//211 439//439
f 439//439 224//224 212//212
f 213//213 223//223 433//433
f 213//213 433//433 449//449
f 449//449 214//214 213//213
f 216//216 214//214 449//449
f 216//216 449//449 459//459
f 459//459 222//222 216//216
f 477//477 217//217 221//221
f 221//221 459//459 477//477
f 218//218 477//477 465//465
f 219//219 218//218 465//465
f 465//465 220//220 219//219
f 46//46 220//220 464//464
f 47//47 46//46 464//464
f 464//464 220//220 465//465
f 477//477 218//218 217//217
f 221//221 222//222 459//459
f 456//456 438//438 96//96
f 433//433 223//223 439//439
f 439//439 223//223 224//224
f 661//661 155//155 55//55
f 661//661 55//55 49//49
f 49//49 48//48 661//661
f 661//661 48//48 676//676
f 99//99 444//444 694//694
f 100//100 99//99 694//694
f 694//694 98//98 100//100
f 659//659 98//98 694//694
f 157//157 98//98 659//659
f 162//162 157//157 659//659
f 659//659 161//161 162//162
f 161//161 659//659 663//663
f 163//163 161//161 663//663
f 663//663 95//95 163//163
f 691//691 95//95 663//663
f 666//666 170//170 671//671
f 671//671 170//170 169//169
f 210//210 671//671 169//169
f 209//209 172//172 675//675
f 671//671 209//209 675//675
f 171//171 668//668 675//675
f 188//188 668//668 171//171
f 683//683 188//188 174//174
f 683//683 174//174 173//173
f 173//173 175//175 683//683
f 175//175 678//678 683//683
f 183//183 669//669 677//677
f 76//76 183//183 677//677
f 77//77 76//76 677//677
f 77//77 677//677 679//679
f 186//186 77//77 679//679
f 679//679 208//208 186//186
f 69//69 208//208 680//680
f 70//70 69//69 680//680
f 70//70 680//680 684//684
f 189//189 70//70 684//684
f 190//190 189//189 684//684
f 190//190 684//684 686//686
f 191//191 190//190 686//686
f 686//686 192//192 191//191
f 194//194 192//192 687//687
f 194//194 687//687 193//193
f 193//193 687//687 199//199
f 199//199 690//690 207//207
f 207//207 690//690 198//198
f 197//197 198//198 690//690
f 690//690 689//689 197//197
f 197//197 689//689 64//64
f 65//65 64//64 688//688
f 63//63 65//65 688//688
f 63//63 688//688 685//685
f 200//200 63//63 685//685
f 685//685 196//196 200//200
f 196//196 685//685 682//682
f 195//195 196//196 682//682
f 682//682 206//206 195//195
f 203//203 206//206 681//681
f 681//681 204//204 203//203
f 681//681 205//205 204//204
f 681//681 678//678 205//205
f 758//758 71//71 202//202
f 758//758 747//747 741//741
f 681//681 206//206 682//682
f 64//64 689//689 688//688
f 199//199 687//687 690//690
f 687//687 192//192 686//686
f 208//208 679//679 680//680
f 181//181 180//180 669//669
f 180//180 667//667 669//669
f 182//182 667//667 180//180
f 84//84 667//667 182//182
f 181//181 669//669 179//179
f 691//691 86//86 85//85
f 85//85 176//176 691//691
f 176//176 93//93 691//691
f 691//691 673//673 86//86
f 673//673 84//84 86//86
f 669//669 183//183 179//179
f 205//205 678//678 175//175
f 683//683 668//668 188//188
f 84//84 673//673 667//667
f 172//172 171//171 675//675
f 210//210 209//209 671//671
f 43//43 168//168 666//666
f 666//666 44//44 43//43
f 666//666 167//167 44//44
f 164//164 167//167 665//665
f 164//164 665//665 676//676
f 165//165 164//164 676//676
f 166//166 165//165 676//676
f 665//665 167//167 666//666
f 168//168 170//170 666//666
f 93//93 95//95 691//691
f 158//158 479//479 160//160
f 158//158 145//145 479//479
f 444//444 160//160 479//479
f 160//160 444//444 159//159
f 159//159 444//444 99//99
f 676//676 48//48 166//166
f 656//656 155//155 661//661
f 156//156 155//155 656//656
f 145//145 146//146 479//479
f 436//436 97//97 438//438
f 96//96 438//438 97//97
f 456//456 96//96 225//225
f 487//487 474//474 153//153
f 518//518 493//493 149//149
f 518//518 149//149 226//226
f 531//531 139//139 227//227
f 139//139 531//531 518//518
f 134//134 133//133 526//526
f 464//464 232//232 47//47
f 757//757 39//39 749//749
f 759//759 738//738 749//749
f 759//759 39//39 41//41
f 752//752 94//94 71//71
f 7//7 731//731 760//760
f 7//7 760//760 761//761
f 7//7 761//761 762//762
f 7//7 762//762 763//763
f 7//7 763//763 764//764
f 7//7 764//764 765//765
f 7//7 765//765 766//766
f 7//7 766//766 767//767
f 7//7 767//767 768//768
f 7//7 768//768 769//769
f 7//7 769//769 770//770
f 7//7 770//770 771//771
f 7//7 771//771 772//772
f 7//7 772//772 773//773
f 7//7 773//773 774//774
f 7//7 774//774 775//775
f 7//7 775//775 776//776
f 7//7 776//776 777//777
f 7//7 777//777 778//778
f 7//7 778//778 779//779
f 7//7 779//779 780//780
f 7//7 780//780 781//781
f 7//7 781//781 782//782
f 7//7 782//782 783//783
f 7//7 783//783 784//784
f 7//7 784//784 785//785
f 7//7 785//785 786//786
f 7//7 786//786 787//787
f 7//7 787//787 788//788
f 7//7 788//788 789//789
f 7//7 789//789 790//790
f 7//7 790//790 791//791
f 7//7 791//791 792//792
f 7//7 792//792 793//793
f 7//7 793//793 794//794
f 7//7 794//794 795//795
f 7//7 795//795 796//796
f 7//7 796//796 797//797
f 7//7 797//797 798//798
f 7//7 798//798 799//799
f 800//800 801//801 802//802
f 803//803 798//798 804//804
f 803//803 805//805 806//806
f 807//807 808//808 804//804
f 809//809 810//810 811//811
f 808//808 810//810 812//812
f 810//810 813//813 812//812
f 814//814 815//815 816//816
f 817//817 815//815 818//818
f 815//815 819//819 818//818
f 820//820 821//821 822//822
f 823//823 787//787 822//822
f 823//823 824//824 825//825
f 824//824 821//821 826//826
f 821//821 827//827 826//826
f 828//828 829//829 830//830
f 831//831 832//832 833//833
f 834//834 832//832 835//835
f 832//832 836//836 835//835
f 837//837 838//838 839//839
f 840//840 841//841 842//842
f 843//843 841//841 844//844
f 841//841 845//845 844//844
f 846//846 847//847 848//848
f 849//849 850//850 851//851
f 852//852 760//760 853//853
f 854//854 855//855 856//856
f 852//852 857//857 854//854
f 858//858 859//859 860//860
f 861//861 731//731 862//862
f 862//862 731//731 863//863
f 863//863 731//731 864//864
f 865//865 866//866 867//867
f 868//868 849//849 869//869
f 869//869 851//851 870//870
f 871//871 872//872 866//866
f 866//866 873//873 874//874
f 872//872 875//875 873//873
f 876//876 877//877 878//878
f 878//878 879//879 880//880
f 881//881 878//878 882//882
f 883//883 731//731 884//884
f 885//885 731//731 883//883
f 886//886 887//887 888//888
f 888//888 889//889 890//890
f 891//891 888//888 892//892
f 893//893 888//888 894//894
f 888//888 895//895 894//894
f 896//896 893//893 897//897
f 898//898 899//899 900//900
f 901//901 902//902 903//903
f 904//904 731//731 905//905
f 906//906 731//731 904//904
f 907//907 731//731 906//906
f 908//908 909//909 910//910
f 911//911 912//912 913//913
f 914//914 731//731 907//907
f 915//915 901//901 916//916
f 905//905 731//731 885//885
f 887//887 917//917 918//918
f 884//884 731//731 919//919
f 919//919 731//731 920//920
f 920//920 731//731 921//921
f 922//922 923//923 924//924
f 924//924 925//925 926//926
f 927//927 928//928 929//929
f 930//930 931//931 928//928
f 928//928 932//932 933//933
f 934//934 731//731 935//935
f 935//935 731//731 936//936
f 937//937 938//938 939//939
f 940//940 936//936 941//941
f 938//938 942//942 943//943
f 940//940 944//944 945//945
f 946//946 947//947 941//941
f 944//944 948//948 949//949
f 950//950 731//731 951//951
f 951//951 731//731 952//952
f 952//952 731//731 953//953
f 954//954 955//955 956//956
f 956//956 957//957 958//958
f 953//953 731//731 959//959
f 960//960 961//961 962//962
f 963//963 964//964 961//961
f 961//961 965//965 966//966
f 967//967 968//968 969//969
f 970//970 731//731 971//971
f 971//971 731//731 972//972
f 973//973 974//974 975//975
f 976//976 971//971 975//975
f 977//977 978//978 979//979
f 972//972 731//731 980//980
f 981//981 972//972 980//980
f 982//982 983//983 984//984
f 985//985 980//980 984//984
f 986//986 987//987 983//983
f 980//980 731//731 988//988
f 988//988 731//731 989//989
f 986//986 988//988 989//989
f 989//989 731//731 990//990
f 991//991 989//989 990//990
f 992//992 993//993 994//994
f 993//993 995//995 994//994
f 996//996 990//990 997//997
f 998//998 993//993 992//992
f 998//998 997//997 999//999
f 997//997 1000//1000 999//999
f 1000//1000 731//731 999//999
f 999//999 731//731 1001//1001
f 1002//1002 999//999 1001//1001
f 1001//1001 731//731 1003//1003
f 1004//1004 1001//1001 1003//1003
f 1005//1005 1003//1003 1006//1006
f 1003//1003 731//731 1006//1006
f 1006//1006 731//731 1007//1007
f 1008//1008 1006//1006 1007//1007
f 1009//1009 1007//1007 1010//1010
f 1011//1011 1010//1010 1012//1012
f 1010//1010 731//731 1012//1012
f 731//731 1013//1013 1014//1014
f 731//731 1014//1014 1012//1012
f 1015//1015 1012//1012 1014//1014
f 1016//1016 1014//1014 1013//1013
f 1017//1017 1018//1018 1019//1019
f 1018//1018 1020//1020 1019//1019
f 1021//1021 1013//1013 1022//1022
f 1023//1023 1018//1018 1017//1017
f 1013//1013 731//731 1022//1022
f 1022//1022 731//731 1024//1024
f 1025//1025 1022//1022 1024//1024
f 1026//1026 1027//1027 1028//1028
f 1027//1027 1029//1029 1028//1028
f 1030//1030 1024//1024 1031//1031
f 1032//1032 1027//1027 1026//1026
f 1032//1032 1031//1031 1033//1033
f 1031//1031 731//731 1033//1033
f 1033//1033 731//731 1034//1034
f 1035//1035 1033//1033 1034//1034
f 1034//1034 731//731 1036//1036
f 1037//1037 1034//1034 1036//1036
f 1038//1038 1039//1039 1040//1040
f 1039//1039 1041//1041 1040//1040
f 1042//1042 1036//1036 1043//1043
f 1044//1044 1039//1039 1038//1038
f 1036//1036 731//731 1043//1043
f 1043//1043 731//731 1045//1045
f 1046//1046 1043//1043 1045//1045
f 1047//1047 1048//1048 1049//1049
f 1048//1048 1050//1050 1049//1049
f 1051//1051 1045//1045 1052//1052
f 1053//1053 1048//1048 1047//1047
f 1045//1045 731//731 1052//1052
f 1052//1052 731//731 1054//1054
f 1055//1055 1052//1052 1054//1054
f 1056//1056 1054//1054 1057//1057
f 1058//1058 1057//1057 1059//1059
f 1057//1057 731//731 1059//1059
f 1059//1059 731//731 1060//1060
f 1061//1061 1059//1059 1060//1060
f 1060//1060 731//731 1062//1062
f 1063//1063 1060//1060 1062//1062
f 1064//1064 1065//1065 1066//1066
f 1065//1065 1067//1067 1066//1066
f 1068//1068 1062//1062 1069//1069
f 1070//1070 1065//1065 1064//1064
f 1065//1065 1071//1071 1072//1072
f 1071//1071 1073//1073 1072//1072
f 1070//1070 1069//1069 1074//1074
f 1075//1075 1071//1071 1065//1065
f 1075//1075 1074//1074 1076//1076
f 1077//1077 1078//1078 1079//1079
f 1078//1078 1080//1080 1079//1079
f 1081//1081 1076//1076 1082//1082
f 1076//1076 1074//1074 1082//1082
f 1074//1074 324//324 1082//1082
f 1082//1082 324//324 1083//1083
f 1084//1084 1082//1082 1083//1083
f 1085//1085 1083//1083 1086//1086
f 1087//1087 1088//1088 1089//1089
f 1090//1090 1091//1091 1087//1087
f 1090//1090 1086//1086 1092//1092
f 1093//1093 1092//1092 1094//1094
f 1095//1095 408//408 405//405
f 1096//1096 415//415 1097//1097
f 385//385 1098//1098 415//415
f 1086//1086 324//324 1094//1094
f 1099//1099 324//324 1086//1086
f 1094//1094 324//324 1100//1100
f 1101//1101 1102//1102 1103//1103
f 1104//1104 1105//1105 1106//1106
f 1107//1107 1108//1108 1109//1109
f 1110//1110 1111//1111 1112//1112
f 1113//1113 324//324 1114//1114
f 1114//1114 324//324 1115//1115
f 1115//1115 324//324 1116//1116
f 1117//1117 1118//1118 1119//1119
f 1120//1120 1121//1121 1122//1122
f 1118//1118 1123//1123 1124//1124
f 1123//1123 1125//1125 1124//1124
f 1126//1126 1127//1127 1128//1128
f 1123//1123 1129//1129 1130//1130
f 1131//1131 1132//1132 1133//1133
f 1134//1134 1135//1135 1136//1136
f 1137//1137 1138//1138 1139//1139
f 1140//1140 1141//1141 1142//1142
f 1143//1143 1144//1144 1145//1145
f 1144//1144 1146//1146 1147//1147
f 1148//1148 1149//1149 1150//1150
f 1148//1148 1151//1151 1152//1152
f 1151//1151 324//324 1153//1153
f 1153//1153 324//324 1154//1154
f 1154//1154 324//324 1155//1155
f 1156//1156 1157//1157 1158//1158
f 1159//1159 1160//1160 1161//1161
f 1159//1159 1154//1154 1162//1162
f 1163//1163 1164//1164 1165//1165
f 1163//1163 1155//1155 1166//1166
f 1167//1167 1168//1168 1166//1166
f 1169//1169 1170//1170 1171//1171
f 1172//1172 1098//1098 1170//1170
f 1173//1173 1174//1174 1175//1175
f 1176//1176 1177//1177 1174//1174
f 1178//1178 1179//1179 1180//1180
f 1181//1181 1177//1177 1179//1179
f 1182//1182 1170//1170 1183//1183
f 379//379 1184//1184 1170//1170
f 1185//1185 1186//1186 378//378
f 382//382 1184//1184 1186//1186
f 1187//1187 1188//1188 1189//1189
f 1190//1190 1191//1191 1188//1188
f 1192//1192 1186//1186 1193//1193
f 1194//1194 1191//1191 1186//1186
f 1195//1195 1196//1196 1196//1196
f 1197//1197 404//404 336//336
f 1198//1198 1188//1188 1199//1199
f 375//375 1200//1200 1188//1188
f 1201//1201 1202//1202 374//374
f 1203//1203 1200//1200 1202//1202
f 1204//1204 339//339 1205//1205
f 332//332 1206//1206 339//339
f 1207//1207 1208//1208 331//331
f 335//335 1206//1206 1208//1208
f 1209//1209 1202//1202 1210//1210
f 368//368 1211//1211 1202//1202
f 1212//1212 1213//1213 367//367
f 371//371 1211//1211 1213//1213
f 1214//1214 1213//1213 366//366
f 361//361 1215//1215 1213//1213
f 1216//1216 1217//1217 1218//1218
f 364//364 1215//1215 1217//1217
f 1219//1219 1220//1220 1221//1221
f 1222//1222 1223//1223 1224//1224
f 1222//1222 1225//1225 1226//1226
f 1225//1225 324//324 1227//1227
f 1227//1227 324//324 1228//1228
f 1228//1228 324//324 1229//1229
f 1230//1230 1231//1231 1232//1232
f 1231//1231 1233//1233 1234//1234
f 1233//1233 1235//1235 1234//1234
f 1236//1236 1233//1233 1231//1231
f 1237//1237 324//324 1225//1225
f 1238//1238 1239//1239 1240//1240
f 346//346 1241//1241 1242//1242
f 341//341 337//337 345//345
f 1243//1243 1217//1217 1244//1244
f 1245//1245 1246//1246 1217//1217
f 1247//1247 1219//1219 1248//1248
f 1249//1249 324//324 1237//1237
f 1250//1250 1156//1156 1251//1251
f 1156//1156 1252//1252 1251//1251
f 1155//1155 324//324 1249//1249
f 1253//1253 1250//1250 1152//1152
f 1149//1149 1254//1254 1255//1255
f 1256//1256 324//324 1151//1151
f 1257//1257 324//324 1256//1256
f 1258//1258 324//324 1257//1257
f 1259//1259 324//324 1258//1258
f 324//324 1259//1259 1260//1260
f 1259//1259 1258//1258 1260//1260
f 1261//1261 324//324 1260//1260
f 1116//1116 324//324 1261//1261
f 1262//1262 1120//1120 1263//1263
f 324//324 1113//1113 1100//1100
f 1092//1092 1086//1086 1094//1094
f 1083//1083 1099//1099 1086//1086
f 1083//1083 324//324 1099//1099
f 1074//1074 731//731 324//324
f 324//324 718//718 1264//1264
f 1265//1265 324//324 1264//1264
f 1264//1264 1266//1266 1265//1265
f 1267//1267 1268//1268 1269//1269
f 1270//1270 1271//1271 1272//1272
f 1273//1273 1274//1274 1275//1275
f 1272//1272 1276//1276 1273//1273
f 1277//1277 1273//1273 1278//1278
f 1279//1279 324//324 1280//1280
f 1281//1281 324//324 1279//1279
f 1282//1282 324//324 1281//1281
f 1283//1283 1284//1284 1285//1285
f 1286//1286 1287//1287 1288//1288
f 1284//1284 1289//1289 1290//1290
f 1291//1291 1292//1292 1284//1284
f 1293//1293 324//324 1282//1282
f 1294//1294 324//324 1293//1293
f 1295//1295 1296//1296 1297//1297
f 1298//1298 1299//1299 1292//1292
f 1176//1176 1300//1300 1300//1300
f 1181//1181 405//405 1175//1175
f 1301//1301 1174//1174 1302//1302
f 1197//1197 1303//1303 1174//1174
f 1304//1304 401//401 406//406
f 1305//1305 1306//1306 1306//1306
f 1307//1307 406//406 403//403
f 1308//1308 1309//1309 1310//1310
f 1311//1311 1312//1312 1309//1309
f 1313//1313 1314//1314 1315//1315
f 1316//1316 1312//1312 1314//1314
f 1245//1245 1317//1317 1317//1317
f 1318//1318 411//411 417//417
f 1095//1095 1319//1319 411//411
f 359//359 400//400 408//408
f 358//358 413//413 1320//1320
f 413//413 1321//1321 1320//1320
f 1322//1322 1323//1323 1324//1324
f 1325//1325 1323//1323 1326//1326
f 1323//1323 1327//1327 1326//1326
f 1328//1328 1329//1329 702//702
f 1330//1330 703//703 1329//1329
f 1331//1331 1332//1332 1333//1333
f 1333//1333 1332//1332 1334//1334
f 1332//1332 1335//1335 1334//1334
f 1330//1330 1333//1333 1336//1336
f 1337//1337 1333//1333 1338//1338
f 1333//1333 1339//1339 1338//1338
f 1340//1340 1341//1341 703//703
f 1342//1342 704//704 1341//1341
f 1342//1342 1343//1343 1344//1344
f 1344//1344 1343//1343 1345//1345
f 1343//1343 1346//1346 1345//1345
f 1347//1347 1348//1348 1349//1349
f 1349//1349 1350//1350 1351//1351
f 1352//1352 1353//1353 1354//1354
f 1353//1353 1355//1355 1354//1354
f 1356//1356 714//714 713//713
f 1357//1357 1358//1358 1359//1359
f 1360//1360 713//713 712//712
f 1359//1359 1358//1358 1361//1361
f 1358//1358 1362//1362 1361//1361
f 1363//1363 715//715 714//714
f 1364//1364 1365//1365 1366//1366
f 1365//1365 1367//1367 1366//1366
f 1368//1368 717//717 1369//1369
f 1370//1370 1369//1369 716//716
f 1371//1371 1372//1372 717//717
f 1373//1373 1374//1374 1372//1372
f 1375//1375 1376//1376 1377//1377
f 1376//1376 1378//1378 1377//1377
f 1379//1379 1380//1380 1381//1381
f 1382//1382 1381//1381 1383//1383
f 1384//1384 1381//1381 1380//1380
f 718//718 1385//1385 1380//1380
f 1381//1381 1384//1384 718//718
f 1380//1380 1386//1386 718//718
f 1386//1386 1387//1387 718//718
f 718//718 1388//1388 1389//1389
f 718//718 1387//1387 1388//1388
f 1389//1389 1390//1390 718//718
f 1390//1390 1391//1391 718//718
f 1391//1391 1392//1392 718//718
f 1392//1392 1393//1393 718//718
f 1393//1393 1394//1394 718//718
f 1394//1394 1395//1395 718//718
f 1396//1396 718//718 1395//1395
f 1397//1397 1396//1396 1395//1395
f 1398//1398 1399//1399 1396//1396
f 1399//1399 718//718 1396//1396
f 1400//1400 718//718 1399//1399
f 1401//1401 1400//1400 1399//1399
f 1402//1402 1401//1401 1399//1399
f 1403//1403 1404//1404 1405//1405
f 1404//1404 1406//1406 1405//1405
f 1407//1407 1400//1400 1401//1401
f 1408//1408 1409//1409 1400//1400
f 1409//1409 1410//1410 1400//1400
f 1411//1411 1410//1410 1409//1409
f 1410//1410 718//718 1400//1400
f 1412//1412 718//718 1410//1410
f 1413//1413 1412//1412 1410//1410
f 1414//1414 1413//1413 1410//1410
f 1415//1415 1412//1412 1413//1413
f 1416//1416 718//718 1412//1412
f 1417//1417 1416//1416 1412//1412
f 1418//1418 1419//1419 1416//1416
f 1419//1419 718//718 1416//1416
f 1420//1420 718//718 1419//1419
f 1421//1421 1420//1420 1419//1419
f 1422//1422 718//718 1420//1420
f 1423//1423 1422//1422 1420//1420
f 1423//1423 1424//1424 1425//1425
f 1426//1426 1427//1427 1422//1422
f 1425//1425 1424//1424 1428//1428
f 1424//1424 1429//1429 1428//1428
f 1427//1427 1430//1430 1422//1422
f 1431//1431 1430//1430 1427//1427
f 1430//1430 718//718 1422//1422
f 1432//1432 718//718 1430//1430
f 1433//1433 1432//1432 1430//1430
f 1434//1434 1435//1435 1436//1436
f 1435//1435 1437//1437 1436//1436
f 1438//1438 1439//1439 1432//1432
f 1439//1439 1440//1440 1432//1432
f 1439//1439 718//718 1440//1440
f 1441//1441 718//718 1439//1439
f 1442//1442 1441//1441 1439//1439
f 1443//1443 1441//1441 1442//1442
f 1444//1444 718//718 1441//1441
f 1445//1445 1446//1446 1447//1447
f 1448//1448 1444//1444 1441//1441
f 1447//1447 1446//1446 1449//1449
f 1446//1446 1450//1450 1449//1449
f 1451//1451 1452//1452 1444//1444
f 1453//1453 1454//1454 1452//1452
f 1454//1454 718//718 1452//1452
f 1455//1455 718//718 1454//1454
f 1456//1456 1455//1455 1454//1454
f 1457//1457 1458//1458 1455//1455
f 1458//1458 718//718 1455//1455
f 1459//1459 718//718 1458//1458
f 1460//1460 1459//1459 1458//1458
f 1461//1461 1460//1460 1458//1458
f 1462//1462 1463//1463 1464//1464
f 1464//1464 1465//1465 1466//1466
f 1467//1467 1464//1464 1468//1468
f 1469//1469 1470//1470 1459//1459
f 1471//1471 1472//1472 1473//1473
f 1474//1474 1475//1475 1473//1473
f 1474//1474 1476//1476 1477//1477
f 1475//1475 718//718 1470//1470
f 1478//1478 718//718 1475//1475
f 1479//1479 1480//1480 1481//1481
f 1482//1482 1483//1483 1484//1484
f 1485//1485 1486//1486 1487//1487
f 1488//1488 1482//1482 1489//1489
f 1488//1488 1490//1490 1481//1481
f 1491//1491 1492//1492 1493//1493
f 1489//1489 1485//1485 1491//1491
f 1490//1490 718//718 1478//1478
f 1266//1266 718//718 1490//1490
f 1480//1480 1477//1477 1494//1494
f 1477//1477 1495//1495 1494//1494
f 1470//1470 718//718 1459//1459
f 1452//1452 718//718 1444//1444
f 1496//1496 1442//1442 1439//1439
f 1440//1440 718//718 1432//1432
f 1497//1497 1395//1395 1394//1394
f 1498//1498 1394//1394 1393//1393
f 1499//1499 1500//1500 1501//1501
f 1502//1502 1500//1500 1503//1503
f 1500//1500 1504//1504 1503//1503
f 1392//1392 1505//1505 1393//1393
f 1506//1506 1393//1393 1505//1505
f 1507//1507 1505//1505 1392//1392
f 1508//1508 1509//1509 1510//1510
f 1510//1510 1511//1511 1512//1512
f 1508//1508 1392//1392 1391//1391
f 1513//1513 1391//1391 1390//1390
f 1514//1514 1515//1515 1516//1516
f 1517//1517 1388//1388 1387//1387
f 1516//1516 1515//1515 1518//1518
f 1515//1515 1519//1519 1518//1518
f 1517//1517 1516//1516 1520//1520
f 1521//1521 1389//1389 1388//1388
f 1521//1521 1520//1520 1522//1522
f 1522//1522 1523//1523 1524//1524
f 1525//1525 1526//1526 1389//1389
f 1527//1527 1390//1390 1526//1526
f 1389//1389 1526//1526 1390//1390
f 1528//1528 1387//1387 1386//1386
f 1529//1529 1386//1386 1380//1380
f 1506//1506 1530//1530 1500//1500
f 1500//1500 1531//1531 1532//1532
f 1533//1533 1534//1534 1376//1376
f 1535//1535 1383//1383 1374//1374
f 1376//1376 1534//1534 1536//1536
f 1537//1537 506//506 464//464
f 1383//1383 1372//1372 1374//1374
f 718//718 1383//1383 1381//1381
f 718//718 1372//1372 1383//1383
f 1538//1538 716//716 715//715
f 1411//1411 1539//1539 1540//1540
f 1540//1540 1541//1541 1542//1542
f 1418//1418 1543//1543 1544//1544
f 1544//1544 1545//1545 1546//1546
f 1547//1547 1548//1548 1549//1549
f 1548//1548 1550//1550 1549//1549
f 1453//1453 1551//1551 1552//1552
f 1552//1552 1553//1553 1554//1554
f 1463//1463 1555//1555 1556//1556
f 1555//1555 1557//1557 1556//1556
f 1472//1472 1558//1558 1559//1559
f 1558//1558 1560//1560 1559//1559
f 1561//1561 234//234 315//315
f 1562//1562 1563//1563 1564//1564
f 1563//1563 1565//1565 1564//1564
f 1566//1566 1179//1179 1567//1567
f 418//418 1319//1319 1179//1179
f 1568//1568 1266//1266 1569//1569
f 1268//1268 1493//1493 1570//1570
f 1568//1568 1491//1491 1268//1268
f 1280//1280 324//324 1265//1265
f 1264//1264 718//718 1266//1266
f 1069//1069 731//731 1074//1074
f 1062//1062 731//731 1069//1069
f 1054//1054 731//731 1057//1057
f 1024//1024 731//731 1031//1031
f 1007//1007 731//731 1010//1010
f 731//731 1000//1000 997//997
f 990//990 731//731 997//997
f 959//959 731//731 970//970
f 1571//1571 1572//1572 1573//1573
f 731//731 950//950 936//936
f 1574//1574 731//731 934//934
f 1574//1574 934//934 921//921
f 731//731 1574//1574 921//921
f 1575//1575 919//919 1576//1576
f 1577//1577 1578//1578 1579//1579
f 1575//1575 924//924 1580//1580
f 1581//1581 911//911 1582//1582
f 864//864 731//731 914//914
f 1583//1583 1584//1584 1585//1585
f 859//859 1586//1586 1587//1587
f 1588//1588 956//956 1589//1589
f 1572//1572 956//956 1590//1590
f 956//956 1591//1591 1590//1590
f 976//976 977//977 1592//1592
f 968//968 977//977 1593//1593
f 977//977 1594//1594 1593//1593
f 974//974 1595//1595 978//978
f 983//983 1596//1596 1597//1597
f 1598//1598 1599//1599 1600//1600
f 1601//1601 1602//1602 1603//1603
f 991//991 1604//1604 1601//1601
f 1605//1605 1606//1606 1607//1607
f 1606//1606 1608//1608 1607//1607
f 1609//1609 1610//1610 1611//1611
f 1004//1004 1612//1612 1609//1609
f 1613//1613 1614//1614 1615//1615
f 1614//1614 1616//1616 1615//1615
f 1617//1617 1618//1618 1619//1619
f 1618//1618 1620//1620 1619//1619
f 1621//1621 1622//1622 1623//1623
f 1622//1622 1624//1624 1623//1623
f 810//810 1625//1625 1626//1626
f 1627//1627 1628//1628 809//809
f 1629//1629 1630//1630 1631//1631
f 1630//1630 1632//1632 1633//1633
f 1634//1634 1635//1635 1636//1636
f 1637//1637 817//817 1638//1638
f 1639//1639 1640//1640 814//814
f 815//815 1641//1641 1642//1642
f 1643//1643 1644//1644 1645//1645
f 1646//1646 1647//1647 1648//1648
f 1647//1647 1649//1649 1650//1650
f 1646//1646 790//790 1651//1651
f 1652//1652 1653//1653 1651//1651
f 1652//1652 789//789 1654//1654
f 1655//1655 1656//1656 1654//1654
f 1653//1653 1657//1657 1658//1658
f 1659//1659 786//786 1660//1660
f 821//821 830//830 1661//1661
f 1659//1659 828//828 820//820
f 1662//1662 785//785 1663//1663
f 1664//1664 1665//1665 1666//1666
f 1662//1662 1667//1667 1668//1668
f 1669//1669 1670//1670 1663//1663
f 1667//1667 1671//1671 1672//1672
f 1673//1673 1674//1674 1675//1675
f 1676//1676 782//782 1677//1677
f 1674//1674 1678//1678 1679//1679
f 1676//1676 1680//1680 1681//1681
f 1682//1682 834//834 1677//1677
f 1683//1683 837//837 831//831
f 832//832 1684//1684 1685//1685
f 1686//1686 1687//1687 1688//1688
f 1689//1689 1690//1690 1691//1691
f 1687//1687 1692//1692 1693//1693
f 1694//1694 777//777 1695//1695
f 1696//1696 1697//1697 1698//1698
f 1694//1694 1699//1699 1700//1700
f 1701//1701 1702//1702 1695//1695
f 1699//1699 1703//1703 1704//1704
f 1705//1705 1706//1706 1707//1707
f 1708//1708 1709//1709 1710//1710
f 1706//1706 1711//1711 1712//1712
f 1713//1713 1714//1714 1715//1715
f 1716//1716 1717//1717 1718//1718
f 1719//1719 843//843 1720//1720
f 1717//1717 1721//1721 1722//1722
f 1723//1723 1724//1724 840//840
f 841//841 1725//1725 1726//1726
f 1727//1727 769//769 1728//1728
f 1729//1729 1730//1730 1731//1731
f 1727//1727 1732//1732 1733//1733
f 1734//1734 1735//1735 1728//1728
f 1732//1732 1736//1736 1737//1737
f 1738//1738 1739//1739 1740//1740
f 1741//1741 846//846 1742//1742
f 1743//1743 869//869 1744//1744
f 1745//1745 1746//1746 1747//1747
f 1748//1748 762//762 1749//1749
f 1748//1748 1750//1750 1751//1751
f 1752//1752 854//854 1749//1749
f 760//760 731//731 861//861
f 717//717 1372//1372 718//718
f 716//716 1369//1369 717//717
f 1357//1357 712//712 711//711
f 1753//1753 711//711 710//710
f 1347//1347 710//710 709//709
f 1754//1754 709//709 708//708
f 1755//1755 1756//1756 1757//1757
f 1758//1758 1757//1757 1759//1759
f 1758//1758 708//708 707//707
f 1759//1759 1760//1760 1761//1761
f 1755//1755 707//707 706//706
f 1762//1762 706//706 705//705
f 1763//1763 1764//1764 1765//1765
f 1765//1765 1764//1764 1766//1766
f 1764//1764 1767//1767 1766//1766
f 1768//1768 705//705 704//704
f 703//703 1341//1341 704//704
f 702//702 1329//1329 703//703
f 1769//1769 702//702 701//701
f 1770//1770 701//701 700//700
f 1771//1771 700//700 699//699
f 1772//1772 699//699 698//698
f 1322//1322 698//698 697//697
f 1773//1773 697//697 696//696
f 1774//1774 1775//1775 1776//1776
f 1776//1776 1775//1775 1777//1777
f 1775//1775 1778//1778 1777//1777
f 1774//1774 696//696 234//234
f 36//36 35//35 484//484
f 484//484 126//126 36//36
f 491//491 21//21 127//127
f 127//127 126//126 491//491
f 491//491 126//126 484//484
f 281//281 504//504 481//481
f 279//279 481//481 466//466
f 466//466 468//468 277//277
f 117//117 473//473 484//484
f 35//35 117//117 484//484
f 473//473 117//117 12//12
f 462//462 473//473 12//12
f 12//12 11//11 462//462
f 462//462 11//11 121//121
f 462//462 121//121 5//5
f 235//235 451//451 5//5
f 453//453 451//451 235//235
f 453//453 235//235 236//236
f 236//236 237//237 453//453
f 237//237 238//238 453//453
f 453//453 238//238 440//440
f 446//446 272//272 455//455
f 447//447 270//270 446//446
f 653//653 268//268 447//447
f 653//653 650//650 267//267
f 265//265 650//650 646//646
f 263//263 646//646 642//642
f 638//638 260//260 642//642
f 641//641 645//645 244//244
f 243//243 645//645 649//649
f 649//649 440//440 239//239
f 440//440 238//238 239//239
f 239//239 240//240 649//649
f 240//240 242//242 649//649
f 242//242 243//243 649//649
f 645//645 243//243 244//244
f 244//244 245//245 641//641
f 641//641 245//245 246//246
f 246//246 241//241 641//641
f 241//241 637//637 641//641
f 247//247 633//633 637//637
f 259//259 638//638 634//634
f 615//615 67//67 634//634
f 634//634 67//67 68//68
f 634//634 68//68 66//66
f 72//72 67//67 615//615
f 615//615 625//625 72//72
f 73//73 72//72 625//625
f 75//75 73//73 625//625
f 75//75 625//625 630//630
f 74//74 75//75 630//630
f 257//257 74//74 630//630
f 630//630 626//626 257//257
f 258//258 257//257 626//626
f 628//628 184//184 626//626
f 185//185 628//628 608//608
f 627//627 102//102 609//609
f 102//102 101//101 609//609
f 101//101 103//103 609//609
f 631//631 106//106 627//627
f 627//627 106//106 104//104
f 105//105 106//106 631//631
f 250//250 105//105 631//631
f 150//150 250//250 631//631
f 629//629 150//150 631//631
f 151//151 629//629 622//622
f 107//107 151//151 622//622
f 151//151 150//150 629//629
f 104//104 102//102 627//627
f 609//609 103//103 249//249
f 249//249 610//610 609//609
f 249//249 248//248 610//610
f 610//610 248//248 252//252
f 252//252 251//251 612//612
f 612//612 251//251 613//613
f 613//613 251//251 253//253
f 613//613 253//253 90//90
f 90//90 92//92 613//613
f 92//92 619//619 613//613
f 254//254 618//618 620//620
f 177//177 620//620 619//619
f 88//88 177//177 619//619
f 87//87 88//88 619//619
f 91//91 87//87 619//619
f 92//92 91//91 619//619
f 753//753 61//61 89//89
f 177//177 178//178 620//620
f 178//178 254//254 620//620
f 254//254 81//81 618//618
f 252//252 612//612 610//610
f 80//80 78//78 617//617
f 187//187 185//185 608//608
f 185//185 184//184 628//628
f 626//626 184//184 256//256
f 626//626 256//256 255//255
f 626//626 255//255 258//258
f 66//66 259//259 634//634
f 259//259 260//260 638//638
f 642//642 260//260 262//262
f 262//262 261//261 642//642
f 642//642 261//261 263//263
f 263//263 264//264 646//646
f 646//646 264//264 265//265
f 265//265 266//266 650//650
f 650//650 266//266 267//267
f 267//267 268//268 653//653
f 447//447 268//268 269//269
f 269//269 270//270 447//447
f 446//446 270//270 271//271
f 271//271 272//272 446//446
f 455//455 272//272 273//273
f 58//58 56//56 460//460
f 462//462 5//5 451//451
f 460//460 56//56 57//57
f 274//274 276//276 468//468
f 276//276 277//277 468//468
f 277//277 278//278 466//466
f 278//278 279//279 466//466
f 279//279 280//280 481//481
f 280//280 281//281 481//481
f 281//281 282//282 504//504
f 282//282 283//283 504//504
f 504//504 283//283 516//516
f 275//275 284//284 563//563
f 284//284 285//285 563//563
f 285//285 286//286 580//580
f 580//580 286//286 287//287
f 593//593 580//580 287//287
f 287//287 288//288 593//593
f 593//593 288//288 603//603
f 603//603 288//288 289//289
f 603//603 289//289 290//290
f 290//290 291//291 603//603
f 291//291 607//607 603//603
f 293//293 606//606 607//607
f 291//291 292//292 607//607
f 607//607 292//292 293//293
f 293//293 294//294 606//606
f 606//606 294//294 299//299
f 604//604 606//606 299//299
f 299//299 295//295 604//604
f 604//604 295//295 605//605
f 605//605 295//295 296//296
f 605//605 296//296 300//300
f 45//45 40//40 657//657
f 431//431 229//229 32//32
f 430//430 115//115 429//429
f 298//298 427//427 428//428
f 423//423 424//424 28//28
f 491//491 421//421 21//21
f 1779//1779 1314//1314 1780//1780
f 1781//1781 1246//1246 1314//1314
f 1310//1310 1316//1316 1782//1782
f 1316//1316 1783//1783 1782//1782
f 407//407 123//123 122//122
f 7//7 799//799 398//398
f 1784//1784 1785//1785 1786//1786
f 1787//1787 799//799 806//806
f 1787//1787 800//800 1788//1788
f 302//302 407//407 122//122
f 1789//1789 1790//1790 1791//1791
f 1103//1103 1104//1104 1789//1789
f 1172//1172 384//384 1097//1097
f 1190//1190 399//399 383//383
f 1189//1189 1194//1194 1792//1792
f 1194//1194 1793//1793 1792//1792
f 1203//1203 373//373 399//399
f 1781//1781 409//409 1244//1244
f 1311//1311 403//403 409//409
f 1794//1794 1795//1795 1562//1562
f 1304//1304 1796//1796 1795//1795
f 1797//1797 1798//1798 1799//1799
f 1563//1563 1796//1796 1798//1798
f 1800//1800 1795//1795 1801//1801
f 348//348 1802//1802 1795//1795
f 1803//1803 402//402 401//401
f 1804//1804 1208//1208 1805//1805
f 1195//1195 1303//1303 1208//1208
f 1806//1806 1807//1807 1808//1808
f 327//327 324//324 1294//1294
f 1229//1229 324//324 322//322
f 1809//1809 1810//1810 1811//1811
f 1812//1812 344//344 347//347
f 1803//1803 1802//1802 344//344
f 1813//1813 1309//1309 1814//1814
f 1305//1305 1815//1815 1309//1309
f 1816//1816 1798//1798 1817//1817
f 1307//1307 1815//1815 1798//1798
f 967//967 970//970 1592//1592
f 963//963 959//959 970//970
f 964//964 1818//1818 1819//1819
f 1820//1820 1821//1821 1822//1822
f 1537//1537 492//492 499//499
f 1457//1457 1820//1820 1823//1823
f 1823//1823 1824//1824 1825//1825
f 1471//1471 1470//1470 1826//1826
f 1462//1462 1459//1459 1827//1827
f 1828//1828 1598//1598 1829//1829
f 1598//1598 1830//1830 1829//1829
f 981//981 1828//1828 974//974
f 1831//1831 1552//1552 1821//1821
f 1821//1821 1552//1552 1832//1832
f 1552//1552 1833//1833 1832//1832
f 1456//1456 1821//1821 1820//1820
f 1467//1467 1469//1469 1834//1834
f 1835//1835 1823//1823 1836//1836
f 1555//1555 1823//1823 1837//1837
f 1838//1838 497//497 491//491
f 1461//1461 1555//1555 1827//1827
f 1558//1558 1466//1466 1839//1839
f 1468//1468 1558//1558 1826//1826
f 960//960 953//953 1840//1840
f 1479//1479 1478//1478 1841//1841
f 1842//1842 1601//1601 987//987
f 987//987 1601//1601 1843//1843
f 1601//1601 1844//1844 1843//1843
f 1845//1845 1846//1846 1847//1847
f 962//962 1845//1845 955//955
f 1551//1551 1848//1848 1849//1849
f 1848//1848 1850//1850 1849//1849
f 1571//1571 951//951 1589//1589
f 1448//1448 1447//1447 1848//1848
f 1848//1848 1447//1447 1851//1851
f 1447//1447 1852//1852 1851//1851
f 1451//1451 1848//1848 1551//1551
f 946//946 950//950 1573//1573
f 947//947 1853//1853 1854//1854
f 1476//1476 1855//1855 1856//1856
f 985//985 1598//1598 1828//1828
f 954//954 952//952 1857//1857
f 955//955 1858//1858 957//957
f 1477//1477 1476//1476 1859//1859
f 1476//1476 1860//1860 1859//1859
f 1861//1861 1477//1477 1841//1841
f 1862//1862 1863//1863 1864//1864
f 1838//1838 494//494 495//495
f 1443//1443 1862//1862 1446//1446
f 1446//1446 1865//1865 1866//1866
f 1496//1496 1863//1863 1862//1862
f 1438//1438 1867//1867 1863//1863
f 1863//1863 1867//1867 1868//1868
f 1867//1867 1869//1869 1868//1868
f 937//937 935//935 945//945
f 1604//1604 992//992 1870//1870
f 1537//1537 464//464 492//492
f 996//996 992//992 1604//1604
f 1871//1871 1872//1872 1873//1873
f 939//939 1871//1871 931//931
f 930//930 934//934 935//935
f 931//931 1874//1874 932//932
f 927//927 921//921 1875//1875
f 1867//1867 1434//1434 1876//1876
f 1434//1434 1877//1877 1876//1876
f 1267//1267 1265//1265 1878//1878
f 993//993 1605//1605 1879//1879
f 1605//1605 1880//1880 1879//1879
f 1881//1881 1434//1434 1867//1867
f 929//929 1882//1882 923//923
f 1882//1882 1883//1883 1884//1884
f 1426//1426 1425//1425 1885//1885
f 1885//1885 1425//1425 1886//1886
f 492//492 463//463 496//496
f 1431//1431 1885//1885 1887//1887
f 1887//1887 1888//1888 1889//1889
f 1890//1890 1887//1887 1891//1891
f 1435//1435 1887//1887 1892//1892
f 1887//1887 1893//1893 1892//1892
f 1433//1433 1435//1435 1881//1881
f 922//922 920//920 921//921
f 923//923 1894//1894 1895//1895
f 1271//1271 1896//1896 1897//1897
f 1270//1270 1280//1280 1265//1265
f 1898//1898 1605//1605 993//993
f 1276//1276 1897//1897 1899//1899
f 1612//1612 1900//1900 1901//1901
f 494//494 490//490 489//489
f 1606//1606 1609//1609 1902//1902
f 1838//1838 491//491 494//494
f 1903//1903 1609//1609 1606//1606
f 1002//1002 1606//1606 1898//1898
f 1005//1005 1900//1900 1612//1612
f 1900//1900 1904//1904 1905//1905
f 1904//1904 1906//1906 1905//1905
f 1907//1907 1904//1904 1900//1900
f 1277//1277 1279//1279 1908//1908
f 1580//1580 1577//1577 877//877
f 877//877 1909//1909 879//879
f 876//876 884//884 919//919
f 1424//1424 1547//1547 1910//1910
f 1547//1547 1911//1911 1910//1910
f 881//881 883//883 1912//1912
f 1299//1299 1913//1913 1914//1914
f 1298//1298 1281//1281 1278//1278
f 1292//1292 1299//1299 1915//1915
f 1299//1299 1916//1916 1915//1915
f 1917//1917 1918//1918 1919//1919
f 488//488 514//514 489//489
f 1904//1904 1920//1920 1921//1921
f 1008//1008 1917//1917 1904//1904
f 1009//1009 1918//1918 1917//1917
f 1918//1918 1922//1922 1923//1923
f 1922//1922 1924//1924 1923//1923
f 1011//1011 1922//1922 1918//1918
f 1283//1283 1282//1282 1925//1925
f 1926//1926 1547//1547 1424//1424
f 1927//1927 1928//1928 1929//1929
f 882//882 1927//1927 887//887
f 1543//1543 1930//1930 1931//1931
f 1930//1930 1932//1932 1931//1931
f 1933//1933 1544//1544 1548//1548
f 1548//1548 1544//1544 1934//1934
f 1544//1544 1935//1935 1934//1934
f 1421//1421 1548//1548 1926//1926
f 896//896 905//905 892//892
f 886//886 885//885 1936//1936
f 1937//1937 1938//1938 1930//1930
f 1930//1930 1938//1938 1939//1939
f 1938//1938 1940//1940 1939//1939
f 1417//1417 1930//1930 1543//1543
f 899//899 1941//1941 1942//1942
f 898//898 904//904 897//897
f 1287//1287 1943//1943 1944//1944
f 1286//1286 1293//1293 1285//1285
f 1288//1288 1287//1287 1945//1945
f 1287//1287 1946//1946 1945//1945
f 1296//1296 1947//1947 1948//1948
f 1949//1949 1288//1288 1296//1296
f 1295//1295 1294//1294 1950//1950
f 1922//1922 1613//1613 1951//1951
f 1613//1613 1952//1952 1951//1951
f 1953//1953 1954//1954 1955//1955
f 488//488 481//481 504//504
f 1415//1415 1953//1953 1938//1938
f 1938//1938 1956//1956 1957//1957
f 1958//1958 1540//1540 1954//1954
f 1954//1954 1540//1540 1959//1959
f 1540//1540 1960//1960 1959//1959
f 1414//1414 1954//1954 1953//1953
f 915//915 906//906 900//900
f 1807//1807 1961//1961 1962//1962
f 1806//1806 327//327 1297//1297
f 1963//1963 1613//1613 1922//1922
f 329//329 1964//1964 1965//1965
f 1808//1808 1966//1966 329//329
f 1966//1966 1962//1962 1967//1967
f 1968//1968 1017//1017 1969//1969
f 498//498 508//508 496//496
f 1021//1021 1017//1017 1968//1968
f 1970//1970 1971//1971 1972//1972
f 1016//1016 1968//1968 1970//1970
f 1614//1614 1970//1970 1973//1973
f 498//498 493//493 518//518
f 1974//1974 1970//1970 1614//1614
f 1015//1015 1614//1614 1963//1963
f 328//328 326//326 1975//1975
f 916//916 1976//1976 909//909
f 1976//1976 1977//1977 1978//1978
f 1539//1539 1979//1979 1980//1980
f 503//503 514//514 504//504
f 908//908 907//907 1981//1981
f 909//909 1982//1982 912//912
f 1407//1407 1983//1983 1979//1979
f 1979//1979 1983//1983 1984//1984
f 1983//1983 1985//1985 1984//1984
f 1408//1408 1979//1979 1539//1539
f 1581//1581 914//914 910//910
f 1810//1810 1986//1986 1987//1987
f 1809//1809 325//325 330//330
f 320//320 1988//1988 1989//1989
f 1811//1811 1990//1990 320//320
f 1990//1990 1987//1987 1991//1991
f 1992//1992 1026//1026 1993//1993
f 503//503 505//505 513//513
f 1030//1030 1026//1026 1992//1992
f 1018//1018 1994//1994 1995//1995
f 1025//1025 1992//1992 1018//1018
f 1582//1582 1996//1996 872//872
f 1996//1996 1997//1997 1998//1998
f 871//871 864//864 1999//1999
f 1983//1983 1403//1403 2000//2000
f 1403//1403 2001//2001 2000//2000
f 865//865 863//863 2002//2002
f 321//321 316//316 1233//1233
f 1236//1236 1229//1229 2003//2003
f 1233//1233 2004//2004 2005//2005
f 1230//1230 1228//1228 2006//2006
f 1027//1027 1617//1617 2007//2007
f 1617//1617 2008//2008 2007//2007
f 2009//2009 1403//1403 1983//1983
f 2010//2010 2011//2011 2012//2012
f 1404//1404 2011//2011 2013//2013
f 2011//2011 2014//2014 2013//2013
f 1402//1402 1404//1404 2009//2009
f 2015//2015 2016//2016 2017//2017
f 509//509 519//519 510//510
f 1398//1398 2015//2015 2011//2011
f 2011//2011 2018//2018 2019//2019
f 2020//2020 2021//2021 2022//2022
f 867//867 2020//2020 1584//1584
f 1584//1584 2023//2023 2024//2024
f 1583//1583 862//862 2025//2025
f 1497//1497 2026//2026 2016//2016
f 2016//2016 2026//2026 2027//2027
f 2026//2026 2028//2028 2027//2027
f 1397//1397 2016//2016 2015//2015
f 858//858 861//861 1585//1585
f 2029//2029 1617//1617 1027//1027
f 1239//1239 2030//2030 2031//2031
f 1238//1238 1227//1227 1232//1232
f 1618//1618 2032//2032 2033//2033
f 509//509 508//508 518//518
f 2034//2034 2032//2032 1618//1618
f 1035//1035 1618//1618 2029//2029
f 2035//2035 1038//1038 2036//2036
f 735//735 737//737 736//736
f 1042//1042 1038//1038 2035//2035
f 2032//2032 2037//2037 2038//2038
f 1037//1037 2035//2035 2032//2032
f 1223//1223 2039//2039 2040//2040
f 1240//1240 2041//2041 1223//1223
f 2041//2041 2031//2031 2042//2042
f 860//860 2043//2043 857//857
f 2043//2043 2044//2044 2045//2045
f 857//857 2046//2046 855//855
f 2026//2026 2047//2047 2048//2048
f 2047//2047 2049//2049 2048//2048
f 1752//1752 761//761 2050//2050
f 1247//1247 1237//1237 1224//1224
f 2051//2051 1047//1047 2052//2052
f 735//735 733//733 739//739
f 1039//1039 2053//2053 2054//2054
f 1046//1046 2051//2051 1039//1039
f 1168//1168 2055//2055 2056//2056
f 1248//1248 2057//2057 1168//1168
f 2057//2057 1221//1221 2058//2058
f 1167//1167 1249//1249 2059//2059
f 1051//1051 1047//1047 2051//2051
f 1498//1498 2047//2047 2026//2026
f 2047//2047 2060//2060 2061//2061
f 1750//1750 2062//2062 2063//2063
f 1501//1501 1502//1502 2064//2064
f 1530//1530 2065//2065 2066//2066
f 726//726 718//718 727//727
f 1751//1751 2067//2067 1746//1746
f 1746//1746 2068//2068 2069//2069
f 2067//2067 2063//2063 2070//2070
f 1507//1507 2065//2065 1530//1530
f 2071//2071 1510//1510 2065//2065
f 2065//2065 1510//1510 2072//2072
f 1510//1510 2073//2073 2072//2072
f 1745//1745 763//763 2074//2074
f 1164//1164 2075//2075 2076//2076
f 2077//2077 2078//2078 2079//2079
f 726//726 728//728 720//720
f 1048//1048 2080//2080 2081//2081
f 1055//1055 2077//2077 1048//1048
f 1160//1160 2082//2082 1157//1157
f 1165//1165 2083//2083 1160//1160
f 2083//2083 2076//2076 2084//2084
f 1056//1056 2078//2078 2077//2077
f 2078//2078 2085//2085 2086//2086
f 2085//2085 2087//2087 2086//2086
f 1058//1058 2085//2085 2078//2078
f 1253//1253 1153//1153 2088//2088
f 1161//1161 1156//1156 2088//2088
f 1747//1747 2089//2089 849//849
f 2089//2089 2090//2090 2091//2091
f 1509//1509 2092//2092 2093//2093
f 514//514 513//513 495//495
f 868//868 764//764 2094//2094
f 1513//1513 2092//2092 1509//1509
f 2092//2092 2095//2095 2096//2096
f 2095//2095 2097//2097 2096//2096
f 1743//1743 765//765 2098//2098
f 2085//2085 1621//1621 2099//2099
f 1621//1621 2100//2100 2099//2099
f 1744//1744 2101//2101 846//846
f 2101//2101 2102//2102 2103//2103
f 1527//1527 2104//2104 2095//2095
f 2104//2104 2105//2105 2106//2106
f 488//488 504//504 514//514
f 1741//1741 766//766 2107//2107
f 2108//2108 2095//2095 2092//2092
f 2095//2095 2109//2109 2110//2110
f 2111//2111 1522//1522 2105//2105
f 2105//2105 1522//1522 2112//2112
f 1522//1522 2113//2113 2112//2112
f 1525//1525 2105//2105 2104//2104
f 1738//1738 767//767 1742//1742
f 1739//1739 848//848 2114//2114
f 1143//1143 1256//1256 1150//1150
f 2115//2115 1621//1621 2085//2085
f 1622//1622 2116//2116 2117//2117
f 1537//1537 499//499 506//506
f 2118//2118 2116//2116 1622//1622
f 1061//1061 1622//1622 2115//2115
f 2119//2119 1064//1064 2120//2120
f 1064//1064 2121//2121 2120//2120
f 2116//2116 2122//2122 2123//2123
f 1063//1063 2119//2119 2116//2116
f 1141//1141 2124//2124 2125//2125
f 1145//1145 2126//2126 1141//1141
f 2126//2126 1147//1147 2127//2127
f 1140//1140 1257//1257 2128//2128
f 1068//1068 1064//1064 2119//2119
f 1740//1740 2129//2129 1735//1735
f 2129//2129 2130//2130 2131//2131
f 1520//1520 1516//1516 2132//2132
f 506//506 507//507 526//526
f 1735//1735 2133//2133 1736//1736
f 1734//1734 768//768 2134//2134
f 1137//1137 1258//1258 1142//1142
f 1138//1138 2135//2135 2136//2136
f 1135//1135 2137//2137 2138//2138
f 1139//1139 2139//2139 1135//1135
f 2139//2139 2136//2136 2140//2140
f 1134//1134 1260//1260 2141//2141
f 1733//1733 1729//1729 1724//1724
f 1528//1528 2142//2142 1515//1515
f 1515//1515 2143//2143 2144//2144
f 1529//1529 2145//2145 2142//2142
f 2142//2142 2145//2145 2146//2146
f 2145//2145 2147//2147 2146//2146
f 1724//1724 2148//2148 1725//1725
f 1723//1723 770//770 2149//2149
f 1719//1719 771//771 842//842
f 2145//2145 2150//2150 2151//2151
f 2150//2150 2152//2152 2151//2151
f 1716//1716 772//772 1720//1720
f 1071//1071 1077//1077 2153//2153
f 1077//1077 2154//2154 2153//2153
f 2155//2155 1077//1077 1071//1071
f 1081//1081 1078//1078 2155//2155
f 1078//1078 2156//2156 2157//2157
f 508//508 510//510 499//499
f 1131//1131 1261//1261 1136//1136
f 1132//1132 2158//2158 2159//2159
f 2160//2160 2161//2161 2162//2162
f 498//498 518//518 508//508
f 1084//1084 2160//2160 2156//2156
f 2163//2163 2156//2156 1078//1078
f 2156//2156 2164//2164 2165//2165
f 1133//1133 2166//2166 1127//1127
f 2166//2166 2159//2159 2167//2167
f 1126//1126 1116//1116 2168//2168
f 1127//1127 2169//2169 1129//1129
f 1085//1085 2161//2161 2160//2160
f 2161//2161 1087//1087 2170//2170
f 1087//1087 2171//2171 2170//2170
f 2172//2172 1087//1087 2161//2161
f 1117//1117 1115//1115 2173//2173
f 1128//1128 1123//1123 2173//2173
f 2150//2150 1375//1375 2174//2174
f 1375//1375 2175//2175 2174//2174
f 1379//1379 2150//2150 2145//2145
f 1713//1713 773//773 1718//1718
f 1714//1714 2176//2176 2177//2177
f 1091//1091 2178//2178 2179//2179
f 497//497 512//512 421//421
f 1093//1093 2178//2178 1091//1091
f 2178//2178 1789//1789 2180//2180
f 1789//1789 2181//2181 2180//2180
f 2182//2182 1789//1789 2178//2178
f 1262//1262 1114//1114 1119//1119
f 2183//2183 1375//1375 2150//2150
f 1535//1535 1376//1376 2183//2183
f 1715//1715 2184//2184 1709//1709
f 2184//2184 2185//2185 2186//2186
f 1709//1709 2187//2187 2188//2188
f 1708//1708 774//774 2189//2189
f 2190//2190 2191//2191 2192//2192
f 1838//1838 495//495 497//497
f 1373//1373 2190//2190 1534//1534
f 1534//1534 2193//2193 2194//2194
f 1705//1705 775//775 1710//1710
f 2195//2195 2196//2196 2191//2191
f 2191//2191 2196//2196 2197//2197
f 2196//2196 2198//2198 2197//2197
f 1371//1371 2191//2191 2190//2190
f 1110//1110 1113//1113 1263//1263
f 1111//1111 2199//2199 2200//2200
f 1107//1107 1100//1100 1112//1112
f 1108//1108 2201//2201 2202//2202
f 1101//1101 1094//1094 1109//1109
f 1102//1102 2203//2203 1105//1105
f 1707//1707 2204//2204 1702//1702
f 2204//2204 2205//2205 2206//2206
f 1702//1702 2207//2207 1703//1703
f 1701//1701 776//776 2208//2208
f 1368//1368 2209//2209 2196//2196
f 2196//2196 2210//2210 2211//2211
f 2209//2209 2212//2212 2213//2213
f 396//396 395//395 390//390
f 1370//1370 2212//2212 2209//2209
f 1538//1538 2214//2214 2212//2212
f 2212//2212 2214//2214 2215//2215
f 2214//2214 2216//2216 2215//2215
f 1700//1700 1696//1696 1690//1690
f 1690//1690 2217//2217 1692//1692
f 1689//1689 778//778 2218//2218
f 2214//2214 1364//1364 2219//2219
f 1364//1364 2220//2220 2219//2219
f 1686//1686 779//779 1691//1691
f 2221//2221 1364//1364 2214//2214
f 2222//2222 2223//2223 1365//1365
f 1365//1365 2223//2223 2224//2224
f 396//396 397//397 122//122
f 1363//1363 1365//1365 2221//2221
f 1688//1688 2225//2225 837//837
f 2225//2225 2226//2226 2227//2227
f 1683//1683 780//780 2228//2228
f 1356//1356 2229//2229 2223//2223
f 2223//2223 2230//2230 2231//2231
f 2229//2229 1359//1359 2232//2232
f 1359//1359 2233//2233 2232//2232
f 1682//1682 781//781 833//833
f 1360//1360 1359//1359 2229//2229
f 1680//1680 2234//2234 2235//2235
f 1358//1358 1352//1352 2236//2236
f 1352//1352 2237//2237 2236//2236
f 1673//1673 783//783 1681//1681
f 2238//2238 1352//1352 1358//1358
f 1753//1753 1353//1353 2238//2238
f 2239//2239 1349//1349 1353//1353
f 1353//1353 1349//1349 2240//2240
f 1349//1349 2241//2241 2240//2240
f 1675//1675 2242//2242 1670//1670
f 2242//2242 2243//2243 2244//2244
f 1670//1670 2245//2245 2246//2246
f 1669//1669 784//784 2247//2247
f 1348//1348 2248//2248 2249//2249
f 2250//2250 1561//1561 1775//1775
f 1754//1754 2248//2248 1348//1348
f 2251//2251 1759//1759 2248//2248
f 2248//2248 1759//1759 2252//2252
f 1759//1759 2253//2253 2252//2252
f 1668//1668 1664//1664 828//828
f 1757//1757 1756//1756 2254//2254
f 1756//1756 2255//2255 2254//2254
f 1762//1762 1765//1765 1756//1756
f 1756//1756 1765//1765 2256//2256
f 1765//1765 2257//2257 2256//2256
f 1655//1655 788//788 825//825
f 1656//1656 2258//2258 2259//2259
f 1768//1768 1344//1344 1764//1764
f 1764//1764 2260//2260 2261//2261
f 1343//1343 2262//2262 2263//2263
f 2262//2262 2264//2264 2263//2263
f 1644//1644 2265//2265 2266//2266
f 1648//1648 2267//2267 1644//1644
f 2267//2267 1650//1650 2268//2268
f 1643//1643 791//791 2269//2269
f 2262//2262 1337//1337 2270//2270
f 1337//1337 2271//2271 2270//2270
f 1340//1340 2262//2262 1343//1343
f 1645//1645 2272//2272 1640//1640
f 2272//2272 2273//2273 2274//2274
f 1640//1640 2275//2275 1641//1641
f 1639//1639 792//792 2276//2276
f 1336//1336 1337//1337 2262//2262
f 1637//1637 793//793 816//816
f 1328//1328 2277//2277 1332//1332
f 1769//1769 2278//2278 2277//2277
f 2277//2277 2278//2278 2279//2279
f 2278//2278 2280//2280 2279//2279
f 1332//1332 2281//2281 2282//2282
f 1634//1634 794//794 1638//1638
f 1635//1635 2283//2283 2284//2284
f 2278//2278 2285//2285 2286//2286
f 2285//2285 2287//2287 2286//2286
f 1629//1629 795//795 1636//1636
f 1770//1770 2288//2288 2285//2285
f 1771//1771 2289//2289 2288//2288
f 2288//2288 2289//2289 2290//2290
f 2289//2289 2291//2291 2290//2290
f 2285//2285 2292//2292 2293//2293
f 2294//2294 2285//2285 2278//2278
f 1631//1631 2295//2295 1628//1628
f 2295//2295 2296//2296 2297//2297
f 1628//1628 2298//2298 2299//2299
f 1627//1627 796//796 2300//2300
f 2289//2289 2301//2301 2302//2302
f 2301//2301 2303//2303 2302//2302
f 807//807 797//797 811//811
f 805//805 2304//2304 2305//2305
f 1772//1772 2301//2301 2289//2289
f 2301//2301 1325//1325 2306//2306
f 1325//1325 2307//2307 2306//2306
f 1324//1324 1325//1325 2301//2301
f 1323//1323 2308//2308 2309//2309
f 2308//2308 2310//2310 2309//2309
f 1773//1773 1776//1776 2308//2308
f 2308//2308 2311//2311 2312//2312
f 2313//2313 2308//2308 1323//1323
f 1788//1788 1784//1784 394//394
f 394//394 2314//2314 2315//2315
f 393//393 398//398 2316//2316
f 1775//1775 2317//2317 2318//2318
f 2317//2317 2319//2319 2318//2318
f 396//396 122//122 395//395
f 2317//2317 2320//2320 2321//2321
f 2320//2320 2322//2322 2321//2321
f 1561//1561 2317//2317 1775//1775
f 356//356 2323//2323 2324//2324
f 397//397 356//356 303//303
f 435//435 437//437 439//439
f 480//480 436//436 435//435
f 654//654 447//447 652//652
f 652//652 441//441 440//440
f 480//480 479//479 436//436
f 480//480 435//435 655//655
f 654//654 652//652 649//649
f 654//654 653//653 447//447
f 651//651 653//653 648//648
f 648//648 654//654 649//649
f 478//478 480//480 655//655
f 445//445 479//479 478//478
f 651//651 648//648 645//645
f 651//651 650//650 653//653
f 445//445 444//444 479//479
f 445//445 478//478 656//656
f 647//647 650//650 644//644
f 644//644 651//651 645//645
f 443//443 445//445 656//656
f 695//695 444//444 443//443
f 647//647 644//644 641//641
f 647//647 646//646 650//650
f 695//695 443//443 661//661
f 695//695 694//694 444//444
f 660//660 694//694 693//693
f 693//693 695//695 661//661
f 643//643 646//646 640//640
f 640//640 647//647 641//641
f 660//660 659//659 694//694
f 660//660 693//693 676//676
f 643//643 640//640 637//637
f 643//643 642//642 646//646
f 60//60 62//62 41//41
f 60//60 261//261 61//61
f 201//201 202//202 71//71
f 201//201 206//206 42//42
f 658//658 660//660 676//676
f 664//664 659//659 658//658
f 639//639 642//642 636//636
f 636//636 643//643 637//637
f 639//639 636//636 633//633
f 639//639 638//638 642//642
f 664//664 663//663 659//659
f 664//664 658//658 665//665
f 635//635 638//638 632//632
f 632//632 639//639 633//633
f 662//662 664//664 665//665
f 692//692 663//663 662//662
f 734//734 733//733 742//742
f 734//734 741//741 747//747
f 750//750 742//742 721//721
f 744//744 722//722 721//721
f 729//729 324//324 731//731
f 729//729 730//730 718//718
f 740//740 734//734 742//742
f 743//743 741//741 740//740
f 745//745 737//737 748//748
f 745//745 749//749 738//738
f 635//635 632//632 624//624
f 635//635 634//634 638//638
f 692//692 662//662 666//666
f 692//692 691//691 663//663
f 750//750 721//721 720//720
f 750//750 725//725 742//742
f 118//118 120//120 89//89
f 118//118 4//4 119//119
f 124//124 5//5 4//4
f 124//124 118//118 89//89
f 743//743 740//740 725//725
f 743//743 724//724 741//741
f 744//744 721//721 733//733
f 744//744 736//736 722//722
f 732//732 734//734 747//747
f 732//732 739//739 733//733
f 728//728 727//727 725//725
f 728//728 750//750 720//720
f 616//616 634//634 623//623
f 623//623 635//635 624//624
f 674//674 691//691 670//670
f 670//670 692//692 666//666
f 1244//1244 1217//1217 1246//1246
f 1244//1244 409//409 365//365
f 1799//1799 1796//1796 1304//1304
f 1800//1800 401//401 1304//1304
f 345//345 344//344 342//342
f 345//345 337//337 402//402
f 366//366 365//365 372//372
f 366//366 1213//1213 1215//1215
f 1210//1210 1211//1211 371//371
f 1214//1214 372//372 371//371
f 1814//1814 1815//1815 1307//1307
f 1797//1797 406//406 1307//1307
f 1814//1814 1307//1307 403//403
f 1814//1814 1309//1309 1815//1815
f 1813//1813 403//403 1311//1311
f 1315//1315 1312//1312 1311//1311
f 1315//1315 1314//1314 1312//1312
f 1315//1315 1311//1311 409//409
f 1801//1801 1802//1802 1803//1803
f 343//343 402//402 1803//1803
f 1205//1205 1206//1206 335//335
f 1804//1804 336//336 335//335
f 1198//1198 399//399 1190//1190
f 1193//1193 1191//1191 1190//1190
f 1799//1799 1304//1304 406//406
f 1799//1799 1798//1798 1796//1796
f 1313//1313 409//409 1781//1781
f 1781//1781 1244//1244 1246//1246
f 1205//1205 335//335 337//337
f 1205//1205 339//339 1206//1206
f 364//364 366//366 1215//1215
f 1243//1243 365//365 364//364
f 1209//1209 373//373 1203//1203
f 1199//1199 1200//1200 1203//1203
f 1801//1801 1795//1795 1802//1802
f 1801//1801 1803//1803 401//401
f 1204//1204 337//337 341//341
f 341//341 345//345 342//342
f 1210//1210 371//371 373//373
f 1210//1210 1202//1202 1211//1211
f 1199//1199 1188//1188 1200//1200
f 1199//1199 1203//1203 399//399
f 1193//1193 1186//1186 1191//1191
f 1193//1193 1190//1190 383//383
f 1805//1805 1303//1303 1197//1197
f 1173//1173 404//404 1197//1197
f 1805//1805 1197//1197 336//336
f 1805//1805 1208//1208 1303//1303
f 1183//1183 1184//1184 382//382
f 1192//1192 383//383 382//382
f 1175//1175 1174//1174 1177//1177
f 1175//1175 405//405 404//404
f 1183//1183 382//382 384//384
f 1183//1183 1170//1170 1184//1184
f 1567//1567 1319//1319 1095//1095
f 410//410 408//408 1095//1095
f 1097//1097 415//415 1098//1098
f 1097//1097 384//384 389//389
f 1566//1566 405//405 1181//1181
f 1181//1181 1175//1175 1177//1177
f 1567//1567 1095//1095 405//405
f 1567//1567 1179//1179 1319//1319
f 1182//1182 384//384 1172//1172
f 1172//1172 1097//1097 1098//1098
f 311//311 304//304 313//313
f 311//311 389//389 407//407
f 351//351 400//400 359//359
f 412//412 360//360 359//359
f 388//388 311//311 313//313
f 1096//1096 389//389 388//388
f 412//412 411//411 360//360
f 412//412 359//359 408//408
f 310//310 407//407 302//302
f 302//302 122//122 303//303
f 314//314 234//234 400//400
f 314//314 352//352 315//315
f 310//310 302//302 304//304
f 310//310 311//311 407//407
f 1204//1204 341//341 339//339
f 1204//1204 1205//1205 337//337
f 343//343 345//345 402//402
f 343//343 1803//1803 344//344
f 351//351 314//314 400//400
f 351//351 359//359 352//352
f 410//410 412//412 408//408
f 410//410 1095//1095 411//411
f 1096//1096 388//388 415//415
f 1096//1096 1097//1097 389//389
f 1182//1182 1172//1172 1170//1170
f 1182//1182 1183//1183 384//384
f 1173//1173 1175//1175 404//404
f 1173//1173 1197//1197 1174//1174
f 1566//1566 1181//1181 1179//1179
f 1566//1566 1567//1567 405//405
f 1192//1192 382//382 1186//1186
f 1192//1192 1193//1193 383//383
f 1198//1198 1190//1190 1188//1188
f 1198//1198 1199//1199 399//399
f 1209//1209 1203//1203 1202//1202
f 1209//1209 1210//1210 373//373
f 1804//1804 335//335 1208//1208
f 1804//1804 1805//1805 336//336
f 1214//1214 371//371 1213//1213
f 1214//1214 366//366 372//372
f 1243//1243 364//364 1217//1217
f 1243//1243 1244//1244 365//365
f 1813//1813 1311//1311 1309//1309
f 1813//1813 1814//1814 403//403
f 1313//1313 1315//1315 409//409
f 1313//1313 1781//1781 1314//1314
f 1800//1800 1304//1304 1795//1795
f 1800//1800 1801//1801 401//401
f 1797//1797 1799//1799 406//406
f 1797//1797 1307//1307 1798//1798
f 1245//1245 1216//1216 1317//1317
f 1216//1216 2325//2325 1317//1317
f 1780//1780 1246//1246 1245//1245
f 1562//1562 1564//1564 2326//2326
f 1562//1562 1795//1795 1796//1796
f 1817//1817 1815//1815 1305//1305
f 1305//1305 1308//1308 1306//1306
f 1308//1308 2327//2327 1306//1306
f 1817//1817 1305//1305 2328//2328
f 1305//1305 1306//1306 2328//2328
f 1817//1817 1798//1798 1815//1815
f 1310//1310 1309//1309 1312//1312
f 1310//1310 1782//1782 2329//2329
f 1316//1316 1779//1779 1783//1783
f 1779//1779 2330//2330 1783//1783
f 1316//1316 1310//1310 1312//1312
f 331//331 333//333 2331//2331
f 331//331 1208//1208 1206//1206
f 346//346 1812//1812 1241//1241
f 1812//1812 2332//2332 1241//1241
f 340//340 342//342 346//346
f 347//347 349//349 2333//2333
f 347//347 344//344 1802//1802
f 1218//1218 1215//1215 361//361
f 361//361 1212//1212 362//362
f 1212//1212 2334//2334 362//362
f 367//367 369//369 2335//2335
f 367//367 1213//1213 1211//1211
f 1189//1189 1188//1188 1191//1191
f 1189//1189 1792//1792 2336//2336
f 1780//1780 1245//1245 2337//2337
f 1245//1245 1317//1317 2337//2337
f 1780//1780 1314//1314 1246//1246
f 1563//1563 1562//1562 1796//1796
f 1563//1563 1816//1816 1565//1565
f 1816//1816 2338//2338 1565//1565
f 332//332 331//331 1206//1206
f 332//332 338//338 334//334
f 338//338 2339//2339 334//334
f 348//348 347//347 1802//1802
f 348//348 1794//1794 350//350
f 1794//1794 2340//2340 350//350
f 1218//1218 361//361 2341//2341
f 361//361 363//363 2341//2341
f 1218//1218 1217//1217 1215//1215
f 374//374 376//376 2342//2342
f 374//374 1202//1202 1200//1200
f 340//340 339//339 342//342
f 340//340 346//346 2343//2343
f 346//346 1242//1242 2343//2343
f 368//368 367//367 1211//1211
f 368//368 1201//1201 370//370
f 1201//1201 2344//2344 370//370
f 375//375 374//374 1200//1200
f 375//375 1187//1187 377//377
f 1187//1187 2345//2345 377//377
f 1302//1302 1303//1303 1195//1195
f 1195//1195 1207//1207 1196//1196
f 1207//1207 2346//2346 1196//1196
f 378//378 380//380 380//380
f 378//378 1186//1186 1184//1184
f 1176//1176 1301//1301 1300//1300
f 1301//1301 2347//2347 1300//1300
f 1180//1180 1177//1177 1176//1176
f 1194//1194 1185//1185 1793//1793
f 1185//1185 2348//2348 1793//1793
f 1194//1194 1189//1189 1191//1191
f 1302//1302 1195//1195 2349//2349
f 1195//1195 1196//1196 2349//2349
f 1302//1302 1174//1174 1303//1303
f 379//379 378//378 1184//1184
f 379//379 1169//1169 381//381
f 1169//1169 2350//2350 381//381
f 1171//1171 1098//1098 385//385
f 385//385 414//414 386//386
f 414//414 2351//2351 386//386
f 417//417 419//419 419//419
f 417//417 411//411 1319//1319
f 1180//1180 1179//1179 1177//1177
f 1180//1180 1176//1176 2352//2352
f 1176//1176 1300//1300 2352//2352
f 1171//1171 385//385 2353//2353
f 385//385 386//386 2353//2353
f 1171//1171 1170//1170 1098//1098
f 418//418 417//417 1319//1319
f 418//418 1178//1178 420//420
f 1178//1178 2354//2354 420//420
f 312//312 309//309 387//387
f 309//309 2355//2355 387//387
f 416//416 313//313 312//312
f 358//358 352//352 360//360
f 358//358 1320//1320 1320//1320
f 416//416 312//312 2356//2356
f 312//312 387//387 2356//2356
f 416//416 415//415 313//313
f 413//413 1318//1318 1321//1321
f 1318//1318 2357//2357 1321//1321
f 413//413 358//358 360//360
f 305//305 307//307 2358//2358
f 305//305 304//304 303//303
f 306//306 305//305 303//303
f 306//306 308//308 308//308
f 353//353 357//357 354//354
f 357//357 2359//2359 354//354
f 2320//2320 315//315 353//353
f 2320//2320 353//353 2360//2360
f 353//353 355//355 2360//2360
f 2320//2320 2317//2317 315//315
f 309//309 305//305 2355//2355
f 305//305 2358//2358 2355//2355
f 309//309 312//312 304//304
f 338//338 340//340 2339//2339
f 340//340 2343//2343 2339//2339
f 338//338 332//332 339//339
f 1812//1812 346//346 344//344
f 1812//1812 347//347 2332//2332
f 347//347 2333//2333 2332//2332
f 357//357 353//353 352//352
f 357//357 358//358 2359//2359
f 358//358 1320//1320 2359//2359
f 1318//1318 413//413 411//411
f 1318//1318 417//417 2357//2357
f 417//417 419//419 2357//2357
f 414//414 416//416 2351//2351
f 416//416 2356//2356 2351//2351
f 414//414 385//385 415//415
f 1169//1169 1171//1171 2350//2350
f 1171//1171 2353//2353 2350//2350
f 1169//1169 379//379 1170//1170
f 1301//1301 1176//1176 1174//1174
f 1301//1301 1302//1302 2347//2347
f 1302//1302 2349//2349 2347//2347
f 1178//1178 1180//1180 2354//2354
f 1180//1180 2352//2352 2354//2354
f 1178//1178 418//418 1179//1179
f 1185//1185 378//378 2348//2348
f 378//378 380//380 2348//2348
f 1185//1185 1194//1194 1186//1186
f 1187//1187 1189//1189 2345//2345
f 1189//1189 2336//2336 2345//2345
f 1187//1187 375//375 1188//1188
f 1201//1201 374//374 2344//2344
f 374//374 2342//2342 2344//2344
f 1201//1201 368//368 1202//1202
f 1207//1207 331//331 2346//2346
f 331//331 2331//2331 2346//2346
f 1207//1207 1195//1195 1208//1208
f 1212//1212 367//367 2334//2334
f 367//367 2335//2335 2334//2334
f 1212//1212 361//361 1213//1213
f 1216//1216 1218//1218 2325//2325
f 1218//1218 2341//2341 2325//2325
f 1216//1216 1245//1245 1217//1217
f 1308//1308 1310//1310 2327//2327
f 1310//1310 2329//2329 2327//2327
f 1308//1308 1305//1305 1309//1309
f 1779//1779 1316//1316 1314//1314
f 1779//1779 1780//1780 2330//2330
f 1780//1780 2337//2337 2330//2330
f 1794//1794 1562//1562 2340//2340
f 1562//1562 2326//2326 2340//2340
f 1794//1794 348//348 1795//1795
f 1816//1816 1563//1563 1798//1798
f 1816//1816 1817//1817 2338//2338
f 1817//1817 2328//2328 2338//2338
f 598//598 591//591 588//588
f 598//598 428//428 427//427
f 601//601 589//589 588//588
f 601//601 603//603 607//607
f 616//616 615//615 634//634
f 616//616 623//623 621//621
f 674//674 670//670 671//671
f 674//674 673//673 691//691
f 595//595 428//428 587//587
f 587//587 598//598 588//588
f 599//599 603//603 602//602
f 602//602 601//601 588//588
f 600//600 601//601 607//607
f 2361//2361 589//589 600//600
f 597//597 598//598 427//427
f 2362//2362 591//591 597//597
f 594//594 603//603 599//599
f 599//599 602//602 591//591
f 595//595 587//587 589//589
f 596//596 428//428 595//595
f 586//586 582//582 572//572
f 2361//2361 606//606 586//586
f 567//567 566//566 590//590
f 2362//2362 426//426 567//567
f 594//594 593//593 603//603
f 594//594 599//599 590//590
f 596//596 595//595 572//572
f 596//596 429//429 428//428
f 2361//2361 586//586 589//589
f 2361//2361 600//600 606//606
f 2362//2362 567//567 591//591
f 2362//2362 597//597 426//426
f 565//565 567//567 426//426
f 2363//2363 566//566 565//565
f 585//585 586//586 606//606
f 2364//2364 582//582 585//585
f 573//573 572//572 582//582
f 583//583 429//429 573//573
f 581//581 593//593 584//584
f 584//584 590//590 566//566
f 592//592 594//594 590//590
f 592//592 584//584 593//593
f 571//571 573//573 429//429
f 571//571 596//596 572//572
f 581//581 580//580 593//593
f 581//581 584//584 578//578
f 583//583 573//573 575//575
f 583//583 430//430 429//429
f 558//558 557//557 575//575
f 2364//2364 604//604 558//558
f 577//577 569//569 578//578
f 2363//2363 425//425 577//577
f 2363//2363 577//577 566//566
f 2363//2363 565//565 425//425
f 2364//2364 558//558 582//582
f 2364//2364 585//585 604//604
f 564//564 580//580 576//576
f 576//576 578//578 569//569
f 2365//2365 569//569 570//570
f 570//570 577//577 425//425
f 556//556 558//558 604//604
f 2366//2366 557//557 556//556
f 568//568 430//430 562//562
f 562//562 575//575 557//557
f 1592//1592 977//977 968//968
f 1592//1592 970//970 971//971
f 2367//2367 1820//1820 1457//1457
f 1835//1835 1458//1458 1457//1457
f 1826//1826 1470//1470 1469//1469
f 1826//1826 1558//1558 1472//1472
f 1840//1840 959//959 963//963
f 969//969 964//964 963//963
f 2368//2368 1828//1828 981//981
f 973//973 972//972 981//981
f 1827//1827 1459//1459 1460//1460
f 1827//1827 1555//1555 1463//1463
f 969//969 968//968 964//964
f 969//969 963//963 970//970
f 2369//2369 1821//1821 1456//1456
f 2367//2367 1455//1455 1456//1456
f 1834//1834 1459//1459 1462//1462
f 1462//1462 1827//1827 1463//1463
f 967//967 969//969 970//970
f 967//967 1592//1592 968//968
f 2367//2367 1457//1457 1455//1455
f 2367//2367 1456//1456 1820//1820
f 1840//1840 963//963 961//961
f 1840//1840 953//953 959//959
f 975//975 974//974 977//977
f 975//975 971//971 972//972
f 973//973 975//975 972//972
f 973//973 981//981 974//974
f 976//976 975//975 977//977
f 976//976 1592//1592 971//971
f 1836//1836 1555//1555 1461//1461
f 1461//1461 1827//1827 1460//1460
f 1836//1836 1461//1461 1458//1458
f 1836//1836 1823//1823 1555//1555
f 1834//1834 1462//1462 1464//1464
f 1834//1834 1469//1469 1459//1459
f 1468//1468 1464//1464 1558//1558
f 1468//1468 1826//1826 1469//1469
f 1467//1467 1468//1468 1469//1469
f 1467//1467 1834//1834 1464//1464
f 1835//1835 1457//1457 1823//1823
f 1835//1835 1836//1836 1458//1458
f 1472//1472 1559//1559 2370//2370
f 974//974 1828//1828 1595//1595
f 1828//1828 2371//2371 1595//1595
f 1463//1463 1556//1556 2372//2372
f 964//964 968//968 1818//1818
f 2250//2250 1774//1774 234//234
f 968//968 1593//1593 1818//1818
f 1823//1823 1820//1820 1824//1824
f 1820//1820 2373//2373 1824//1824
f 1820//1820 1822//1822 2373//2373
f 1476//1476 1472//1472 1855//1855
f 1472//1472 2370//2370 1855//1855
f 1828//1828 1829//1829 2371//2371
f 961//961 964//964 965//965
f 964//964 1819//1819 965//965
f 1464//1464 1463//1463 1465//1465
f 1463//1463 2372//2372 1465//1465
f 1821//1821 1832//1832 1822//1822
f 1845//1845 961//961 1846//1846
f 961//961 966//966 1846//1846
f 977//977 974//974 978//978
f 2374//2374 1774//1774 1776//1776
f 977//977 979//979 1594//1594
f 1558//1558 1464//1464 1466//1466
f 2374//2374 1773//1773 696//696
f 1555//1555 1837//1837 1557//1557
f 1558//1558 1839//1839 1560//1560
f 1823//1823 1825//1825 1837//1837
f 982//982 988//988 986//986
f 2375//2375 987//987 986//986
f 1841//1841 1478//1478 1475//1475
f 1841//1841 1477//1477 1480//1480
f 2376//2376 1551//1551 1453//1453
f 1831//1831 1454//1454 1453//1453
f 962//962 961//961 1845//1845
f 1857//1857 953//953 962//962
f 984//984 983//983 1598//1598
f 984//984 980//980 988//988
f 982//982 984//984 988//988
f 982//982 986//986 983//983
f 985//985 984//984 1598//1598
f 2368//2368 980//980 985//985
f 1473//1473 1472//1472 1476//1476
f 1473//1473 1475//1475 1470//1470
f 1474//1474 1473//1473 1476//1476
f 1861//1861 1475//1475 1474//1474
f 1861//1861 1474//1474 1477//1477
f 1861//1861 1841//1841 1475//1475
f 1831//1831 1453//1453 1552//1552
f 2369//2369 1454//1454 1831//1831
f 1857//1857 962//962 955//955
f 1857//1857 952//952 953//953
f 960//960 962//962 953//953
f 960//960 1840//1840 961//961
f 983//983 987//987 1596//1596
f 987//987 2377//2377 1596//1596
f 1480//1480 1494//1494 2378//2378
f 955//955 1845//1845 1858//1858
f 1845//1845 2379//2379 1858//1858
f 1482//1482 1480//1480 1483//1483
f 1480//1480 2378//2378 1483//1483
f 1589//1589 956//956 1572//1572
f 1589//1589 951//951 952//952
f 987//987 1843//1843 2377//2377
f 1552//1552 1551//1551 1553//1553
f 1551//1551 2380//2380 1553//1553
f 1551//1551 1849//1849 2380//2380
f 1572//1572 1590//1590 2381//2381
f 947//947 1572//1572 1853//1853
f 1572//1572 2381//2381 1853//1853
f 1845//1845 1847//1847 2379//2379
f 944//944 947//947 948//948
f 947//947 1854//1854 948//948
f 1848//1848 1851//1851 1850//1850
f 2382//2382 1848//1848 1451//1451
f 2376//2376 1452//1452 1451//1451
f 1573//1573 1572//1572 947//947
f 1573//1573 950//950 951//951
f 2376//2376 1453//1453 1452//1452
f 2376//2376 1451//1451 1551//1551
f 1571//1571 1573//1573 951//951
f 1571//1571 1589//1589 1572//1572
f 1588//1588 952//952 954//954
f 954//954 1857//1857 955//955
f 1588//1588 954//954 956//956
f 1588//1588 1589//1589 952//952
f 956//956 955//955 957//957
f 1787//1787 1788//1788 799//799
f 956//956 958//958 1591//1591
f 1477//1477 1859//1859 1495//1495
f 1552//1552 1554//1554 1833//1833
f 1598//1598 983//983 1599//1599
f 983//983 1597//1597 1599//1599
f 1598//1598 1600//1600 1830//1830
f 1476//1476 1856//1856 1860//1860
f 2368//2368 981//981 980//980
f 2368//2368 985//985 1828//1828
f 1471//1471 1473//1473 1470//1470
f 1471//1471 1826//1826 1472//1472
f 2369//2369 1456//1456 1454//1454
f 2369//2369 1831//1831 1821//1821
f 941//941 936//936 950//950
f 941//941 947//947 944//944
f 938//938 944//944 942//942
f 944//944 949//949 942//942
f 2383//2383 1447//1447 1448//1448
f 2382//2382 1444//1444 1448//1448
f 1447//1447 1449//1449 1852//1852
f 1862//1862 1864//1864 2384//2384
f 1446//1446 1862//1862 1865//1865
f 1862//1862 2384//2384 1865//1865
f 2385//2385 1863//1863 1496//1496
f 2386//2386 1442//1442 1496//1496
f 1871//1871 938//938 1872//1872
f 938//938 943//943 1872//1872
f 1446//1446 1866//1866 1450//1450
f 2387//2387 1604//1604 991//991
f 1842//1842 989//989 991//991
f 1601//1601 1604//1604 1602//1602
f 1604//1604 2388//2388 1602//1602
f 1604//1604 1870//1870 2388//2388
f 2389//2389 992//992 996//996
f 2387//2387 990//990 996//996
f 2386//2386 1862//1862 1443//1443
f 1445//1445 1441//1441 1443//1443
f 1863//1863 1868//1868 1864//1864
f 2386//2386 1443//1443 1442//1442
f 2386//2386 1496//1496 1862//1862
f 946//946 941//941 950//950
f 946//946 1573//1573 947//947
f 2382//2382 1451//1451 1444//1444
f 2382//2382 1448//1448 1848//1848
f 945//945 944//944 938//938
f 945//945 935//935 936//936
f 2383//2383 1441//1441 1445//1445
f 1445//1445 1443//1443 1446//1446
f 1481//1481 1480//1480 1482//1482
f 1481//1481 1490//1490 1478//1478
f 1842//1842 991//991 1601//1601
f 2375//2375 989//989 1842//1842
f 1485//1485 1482//1482 1486//1486
f 1482//1482 1484//1484 1486//1486
f 1601//1601 1603//1603 1844//1844
f 992//992 994//994 1870//1870
f 2387//2387 991//991 990//990
f 2387//2387 996//996 1604//1604
f 940//940 941//941 944//944
f 940//940 945//945 936//936
f 2383//2383 1445//1445 1447//1447
f 2383//2383 1448//1448 1441//1441
f 1479//1479 1481//1481 1478//1478
f 1479//1479 1841//1841 1480//1480
f 931//931 1871//1871 1874//1874
f 1871//1871 2390//2390 1874//1874
f 2375//2375 986//986 989//989
f 2375//2375 1842//1842 987//987
f 1871//1871 1873//1873 2390//2390
f 939//939 938//938 1871//1871
f 2391//2391 935//935 939//939
f 1875//1875 934//934 930//930
f 2391//2391 931//931 930//930
f 1875//1875 930//930 928//928
f 1875//1875 921//921 934//934
f 2392//2392 1867//1867 1438//1438
f 2385//2385 1439//1439 1438//1438
f 2391//2391 939//939 931//931
f 2391//2391 930//930 935//935
f 928//928 931//931 932//932
f 1787//1787 806//806 800//800
f 1882//1882 928//928 1883//1883
f 928//928 933//933 1883//1883
f 1867//1867 1876//1876 1869//1869
f 1491//1491 1485//1485 1492//1492
f 1485//1485 2393//2393 1492//1492
f 1489//1489 1482//1482 1485//1485
f 1569//1569 1490//1490 1489//1489
f 1485//1485 1487//1487 2393//2393
f 2389//2389 997//997 998//998
f 2394//2394 993//993 998//998
f 1569//1569 1489//1489 1491//1491
f 1569//1569 1266//1266 1490//1490
f 1568//1568 1569//1569 1491//1491
f 1878//1878 1266//1266 1568//1568
f 1878//1878 1568//1568 1268//1268
f 1878//1878 1265//1265 1266//1266
f 993//993 1879//1879 995//995
f 1268//1268 1491//1491 1493//1493
f 746//746 748//748 739//739
f 1271//1271 1268//1268 1896//1896
f 1268//1268 1570//1570 1896//1896
f 937//937 939//939 935//935
f 937//937 945//945 938//938
f 2385//2385 1496//1496 1439//1439
f 2385//2385 1438//1438 1863//1863
f 2395//2395 1885//1885 1431//1431
f 1890//1890 1430//1430 1431//1431
f 929//929 928//928 1882//1882
f 2396//2396 921//921 929//929
f 2392//2392 1432//1432 1881//1881
f 1881//1881 1435//1435 1434//1434
f 1576//1576 920//920 922//922
f 2396//2396 923//923 922//922
f 1576//1576 922//922 924//924
f 1576//1576 919//919 920//920
f 1891//1891 1435//1435 1433//1433
f 1433//1433 1881//1881 1432//1432
f 1891//1891 1433//1433 1430//1430
f 1891//1891 1887//1887 1435//1435
f 2396//2396 929//929 923//923
f 2396//2396 922//922 921//921
f 1890//1890 1431//1431 1887//1887
f 1890//1890 1891//1891 1430//1430
f 923//923 1882//1882 1894//1894
f 1882//1882 2397//2397 1894//1894
f 1434//1434 1436//1436 2398//2398
f 1885//1885 1886//1886 2399//2399
f 1887//1887 1885//1885 1888//1888
f 1885//1885 2399//2399 1888//1888
f 2400//2400 1425//1425 1426//1426
f 2395//2395 1427//1427 1426//1426
f 1425//1425 1428//1428 1886//1886
f 1882//1882 1884//1884 2397//2397
f 1434//1434 2398//2398 1877//1877
f 2395//2395 1431//1431 1427//1427
f 2395//2395 1426//1426 1885//1885
f 924//924 923//923 925//925
f 923//923 1895//1895 925//925
f 1577//1577 924//924 1578//1578
f 924//924 926//926 1578//1578
f 1435//1435 1892//1892 1437//1437
f 1887//1887 1889//1889 1893//1893
f 1488//1488 1489//1489 1490//1490
f 1488//1488 1481//1481 1482//1482
f 2389//2389 996//996 997//997
f 2389//2389 998//998 992//992
f 1605//1605 1607//1607 2401//2401
f 2402//2402 1612//1612 1004//1004
f 1903//1903 1001//1001 1004//1004
f 1272//1272 1271//1271 1276//1276
f 1908//1908 1280//1280 1272//1272
f 1605//1605 2401//2401 1880//1880
f 1276//1276 1271//1271 1897//1897
f 746//746 732//732 747//747
f 1908//1908 1272//1272 1273//1273
f 1908//1908 1279//1279 1280//1280
f 1903//1903 1004//1004 1609//1609
f 2403//2403 1001//1001 1903//1903
f 1606//1606 1902//1902 1608//1608
f 1270//1270 1272//1272 1280//1280
f 1269//1269 1271//1271 1270//1270
f 927//927 929//929 921//921
f 927//927 1875//1875 928//928
f 2392//2392 1438//1438 1432//1432
f 2392//2392 1881//1881 1867//1867
f 1609//1609 1612//1612 1610//1610
f 1612//1612 2404//2404 1610//1610
f 1612//1612 1901//1901 2404//2404
f 1273//1273 1276//1276 1274//1274
f 1276//1276 2405//2405 1274//1274
f 1276//1276 1899//1899 2405//2405
f 1900//1900 1905//1905 1901//1901
f 2406//2406 1900//1900 1005//1005
f 2402//2402 1003//1003 1005//1005
f 1269//1269 1268//1268 1271//1271
f 1269//1269 1270//1270 1265//1265
f 2394//2394 999//999 1898//1898
f 1898//1898 1606//1606 1605//1605
f 2402//2402 1004//1004 1003//1003
f 2402//2402 1005//1005 1612//1612
f 2403//2403 1606//1606 1002//1002
f 1002//1002 1898//1898 999//999
f 2403//2403 1002//1002 1001//1001
f 2403//2403 1903//1903 1606//1606
f 1299//1299 1273//1273 1913//1913
f 1273//1273 1275//1275 1913//1913
f 1609//1609 1611//1611 1902//1902
f 1580//1580 924//924 1577//1577
f 2407//2407 919//919 1580//1580
f 1912//1912 884//884 876//876
f 2407//2407 877//877 876//876
f 1912//1912 876//876 878//878
f 1912//1912 883//883 884//884
f 2408//2408 1424//1424 1423//1423
f 2400//2400 1422//1422 1423//1423
f 2407//2407 1580//1580 877//877
f 2407//2407 876//876 919//919
f 877//877 1577//1577 1909//1909
f 1577//1577 2409//2409 1909//1909
f 1577//1577 1579//1579 2409//2409
f 878//878 877//877 879//879
f 723//723 730//730 724//724
f 1927//1927 878//878 1928//1928
f 878//878 880//880 1928//1928
f 1424//1424 1910//1910 1429//1429
f 2394//2394 998//998 999//999
f 2394//2394 1898//1898 993//993
f 1267//1267 1269//1269 1265//1265
f 1267//1267 1878//1878 1268//1268
f 1917//1917 1919//1919 2410//2410
f 1904//1904 1917//1917 1920//1920
f 1917//1917 2410//2410 1920//1920
f 1284//1284 1292//1292 1289//1289
f 1292//1292 2411//2411 1289//1289
f 1292//1292 1915//1915 2411//2411
f 2412//2412 1918//1918 1009//1009
f 2413//2413 1007//1007 1009//1009
f 1299//1299 1914//1914 1916//1916
f 1278//1278 1273//1273 1299//1299
f 1278//1278 1281//1281 1279//1279
f 1287//1287 1284//1284 1943//1943
f 1284//1284 1290//1290 1943//1943
f 1904//1904 1921//1921 1906//1906
f 1291//1291 1281//1281 1298//1298
f 1298//1298 1278//1278 1299//1299
f 2413//2413 1917//1917 1008//1008
f 1907//1907 1006//1006 1008//1008
f 1925//1925 1281//1281 1291//1291
f 1291//1291 1298//1298 1292//1292
f 1918//1918 1923//1923 1919//1919
f 2413//2413 1008//1008 1007//1007
f 2413//2413 1009//1009 1917//1917
f 1925//1925 1291//1291 1284//1284
f 1925//1925 1282//1282 1281//1281
f 2406//2406 1006//1006 1907//1907
f 1907//1907 1008//1008 1904//1904
f 1575//1575 1576//1576 924//924
f 1575//1575 1580//1580 919//919
f 2400//2400 1423//1423 1425//1425
f 2400//2400 1426//1426 1422//1422
f 1547//1547 1549//1549 2414//2414
f 2415//2415 1543//1543 1418//1418
f 1933//1933 1419//1419 1418//1418
f 882//882 878//878 1927//1927
f 1936//1936 883//883 882//882
f 1547//1547 2414//2414 1911//1911
f 2408//2408 1420//1420 1926//1926
f 1926//1926 1548//1548 1547//1547
f 2416//2416 1548//1548 1421//1421
f 1421//1421 1926//1926 1420//1420
f 1933//1933 1418//1418 1544//1544
f 2416//2416 1419//1419 1933//1933
f 1936//1936 882//882 887//887
f 1936//1936 885//885 883//883
f 1548//1548 1934//1934 1550//1550
f 579//579 581//581 578//578
f 579//579 576//576 580//580
f 887//887 1927//1927 917//917
f 1927//1927 2417//2417 917//917
f 892//892 888//888 893//893
f 892//892 905//905 885//885
f 893//893 894//894 2418//2418
f 1544//1544 1543//1543 1545//1545
f 1543//1543 2419//2419 1545//1545
f 1543//1543 1931//1931 2419//2419
f 899//899 893//893 1941//1941
f 893//893 2418//2418 1941//1941
f 1927//1927 1929//1929 2417//2417
f 897//897 893//893 899//899
f 897//897 904//904 905//905
f 901//901 899//899 902//902
f 899//899 1942//1942 902//902
f 2420//2420 1930//1930 1417//1417
f 2415//2415 1416//1416 1417//1417
f 1930//1930 1939//1939 1932//1932
f 896//896 897//897 905//905
f 896//896 892//892 893//893
f 2415//2415 1418//1418 1416//1416
f 2415//2415 1417//1417 1543//1543
f 2416//2416 1421//1421 1419//1419
f 2416//2416 1933//1933 1548//1548
f 891//891 885//885 886//886
f 886//886 1936//1936 887//887
f 891//891 886//886 888//888
f 891//891 892//892 885//885
f 888//888 887//887 889//889
f 887//887 918//918 889//889
f 888//888 890//890 895//895
f 1544//1544 1546//1546 1935//1935
f 574//574 562//562 430//430
f 574//574 583//583 575//575
f 1277//1277 1278//1278 1279//1279
f 1277//1277 1908//1908 1273//1273
f 2406//2406 1005//1005 1006//1006
f 2406//2406 1907//1907 1900//1900
f 1296//1296 1288//1288 1947//1947
f 1288//1288 2421//2421 1947//1947
f 1288//1288 1945//1945 2421//2421
f 1285//1285 1284//1284 1287//1287
f 1285//1285 1293//1293 1282//1282
f 1287//1287 1944//1944 1946//1946
f 1922//1922 1951//1951 1924//1924
f 1807//1807 1296//1296 1961//1961
f 1296//1296 1948//1948 1961//1961
f 1949//1949 1293//1293 1286//1286
f 1286//1286 1285//1285 1287//1287
f 1949//1949 1286//1286 1288//1288
f 1950//1950 1293//1293 1949//1949
f 2408//2408 1423//1423 1420//1420
f 2408//2408 1926//1926 1424//1424
f 2422//2422 1922//1922 1011//1011
f 2412//2412 1010//1010 1011//1011
f 1950//1950 1949//1949 1296//1296
f 1950//1950 1294//1294 1293//1293
f 881//881 882//882 883//883
f 881//881 1912//1912 878//878
f 2423//2423 1953//1953 1415//1415
f 1937//1937 1412//1412 1415//1415
f 1938//1938 1953//1953 1956//1956
f 1953//1953 2424//2424 1956//1956
f 1953//1953 1955//1955 2424//2424
f 2425//2425 1954//1954 1414//1414
f 2423//2423 1413//1413 1414//1414
f 1954//1954 1959//1959 1955//1955
f 2423//2423 1415//1415 1413//1413
f 2423//2423 1414//1414 1953//1953
f 900//900 899//899 901//901
f 900//900 906//906 904//904
f 2420//2420 1412//1412 1937//1937
f 1937//1937 1415//1415 1938//1938
f 1976//1976 901//901 1977//1977
f 901//901 903//903 1977//1977
f 1938//1938 1957//1957 1940//1940
f 564//564 563//563 580//580
f 564//564 576//576 560//560
f 554//554 536//536 550//550
f 2366//2366 605//605 554//554
f 555//555 547//547 560//560
f 2365//2365 424//424 555//555
f 568//568 562//562 550//550
f 568//568 431//431 430//430
f 1283//1283 1285//1285 1282//1282
f 1283//1283 1925//1925 1284//1284
f 2412//2412 1009//1009 1010//1010
f 2412//2412 1011//1011 1918//1918
f 1613//1613 1615//1615 2426//2426
f 2427//2427 1968//1968 1016//1016
f 1974//1974 1014//1014 1016//1016
f 1808//1808 1807//1807 1966//1966
f 1975//1975 327//327 1808//1808
f 1297//1297 1296//1296 1807//1807
f 1297//1297 327//327 1294//1294
f 2422//2422 1012//1012 1963//1963
f 1963//1963 1614//1614 1613//1613
f 1613//1613 2426//2426 1952//1952
f 1966//1966 1807//1807 1962//1962
f 723//723 725//725 727//727
f 2428//2428 1614//1614 1015//1015
f 1015//1015 1963//1963 1012//1012
f 1614//1614 1973//1973 1616//1616
f 1975//1975 1808//1808 329//329
f 1975//1975 326//326 327//327
f 1974//1974 1016//1016 1970//1970
f 2428//2428 1014//1014 1974//1974
f 1806//1806 1808//1808 327//327
f 1806//1806 1297//1297 1807//1807
f 1968//1968 1969//1969 2429//2429
f 329//329 1966//1966 1964//1964
f 1966//1966 2430//2430 1964//1964
f 1970//1970 1968//1968 1971//1971
f 1968//1968 2429//2429 1971//1971
f 1966//1966 1967//1967 2430//2430
f 1017//1017 1019//1019 1969//1969
f 2431//2431 1017//1017 1021//1021
f 2427//2427 1013//1013 1021//1021
f 2427//2427 1016//1016 1013//1013
f 2427//2427 1021//1021 1968//1968
f 2428//2428 1015//1015 1014//1014
f 2428//2428 1974//1974 1614//1614
f 1810//1810 329//329 1986//1986
f 329//329 1965//1965 1986//1986
f 1970//1970 1972//1972 1973//1973
f 898//898 900//900 904//904
f 898//898 897//897 899//899
f 2420//2420 1417//1417 1412//1412
f 2420//2420 1937//1937 1930//1930
f 909//909 1976//1976 1982//1982
f 1976//1976 2432//2432 1982//1982
f 2433//2433 1539//1539 1411//1411
f 1958//1958 1410//1410 1411//1411
f 1540//1540 1539//1539 1541//1541
f 1539//1539 2434//2434 1541//1541
f 1539//1539 1980//1980 2434//2434
f 2435//2435 1979//1979 1408//1408
f 2433//2433 1409//1409 1408//1408
f 1976//1976 1978//1978 2432//2432
f 916//916 901//901 1976//1976
f 1981//1981 906//906 916//916
f 910//910 909//909 911//911
f 910//910 914//914 907//907
f 1958//1958 1411//1411 1540//1540
f 2425//2425 1410//1410 1958//1958
f 1981//1981 916//916 909//909
f 1981//1981 907//907 906//906
f 911//911 909//909 912//912
f 2436//2436 524//524 526//526
f 1540//1540 1542//1542 1960//1960
f 1979//1979 1984//1984 1980//1980
f 2433//2433 1411//1411 1409//1409
f 2433//2433 1408//1408 1539//1539
f 908//908 910//910 907//907
f 908//908 1981//1981 909//909
f 1996//1996 911//911 1997//1997
f 911//911 913//913 1997//1997
f 2422//2422 1011//1011 1012//1012
f 2422//2422 1963//1963 1922//1922
f 1295//1295 1297//1297 1294//1294
f 1295//1295 1950//1950 1296//1296
f 2437//2437 1992//1992 1025//1025
f 1023//1023 1022//1022 1025//1025
f 1811//1811 1810//1810 1990//1990
f 323//323 325//325 1811//1811
f 330//330 329//329 1810//1810
f 330//330 325//325 326//326
f 1990//1990 1810//1810 1987//1987
f 2436//2436 507//507 511//511
f 323//323 322//322 325//325
f 323//323 1811//1811 320//320
f 2431//2431 1022//1022 1023//1023
f 1023//1023 1025//1025 1018//1018
f 1809//1809 1811//1811 325//325
f 1809//1809 330//330 1810//1810
f 1018//1018 1992//1992 1994//1994
f 1992//1992 2438//2438 1994//1994
f 1992//1992 1993//1993 2438//2438
f 320//320 1990//1990 1988//1988
f 1990//1990 2439//2439 1988//1988
f 1990//1990 1991//1991 2439//2439
f 2440//2440 1026//1026 1030//1030
f 2437//2437 1024//1024 1030//1030
f 1026//1026 1028//1028 1993//1993
f 2437//2437 1025//1025 1024//1024
f 2437//2437 1030//1030 1992//1992
f 316//316 320//320 317//317
f 320//320 1989//1989 317//317
f 1018//1018 1995//1995 1020//1020
f 915//915 916//916 906//906
f 915//915 900//900 901//901
f 2425//2425 1414//1414 1410//1410
f 2425//2425 1958//1958 1954//1954
f 1582//1582 911//911 1996//1996
f 1999//1999 914//914 1582//1582
f 2441//2441 1983//1983 1407//1407
f 2435//2435 1400//1400 1407//1407
f 1999//1999 1582//1582 872//872
f 1999//1999 864//864 914//914
f 872//872 1996//1996 875//875
f 1996//1996 2442//2442 875//875
f 1996//1996 1998//1998 2442//2442
f 2002//2002 864//864 871//871
f 871//871 1999//1999 872//872
f 2002//2002 871//871 866//866
f 2002//2002 863//863 864//864
f 866//866 872//872 873//873
f 2443//2443 500//500 421//421
f 2020//2020 866//866 2021//2021
f 866//866 874//874 2021//2021
f 1983//1983 2000//2000 1985//1985
f 328//328 330//330 326//326
f 328//328 1975//1975 329//329
f 2431//2431 1021//1021 1022//1022
f 2431//2431 1023//1023 1017//1017
f 321//321 320//320 316//316
f 2003//2003 322//322 321//321
f 2003//2003 321//321 1233//1233
f 2003//2003 1229//1229 322//322
f 1233//1233 316//316 2004//2004
f 316//316 2444//2444 2004//2004
f 316//316 318//318 2444//2444
f 2440//2440 1031//1031 1032//1032
f 2445//2445 1027//1027 1032//1032
f 2006//2006 1229//1229 1236//1236
f 1236//1236 2003//2003 1233//1233
f 2006//2006 1236//1236 1231//1231
f 2006//2006 1228//1228 1229//1229
f 1027//1027 2007//2007 1029//1029
f 1239//1239 1231//1231 2030//2030
f 1231//1231 1234//1234 2030//2030
f 1233//1233 2005//2005 1235//1235
f 1581//1581 1582//1582 914//914
f 1581//1581 910//910 911//911
f 2435//2435 1408//1408 1400//1400
f 2435//2435 1407//1407 1979//1979
f 2441//2441 1401//1401 2009//2009
f 2009//2009 1404//1404 1403//1403
f 2012//2012 1404//1404 1402//1402
f 1402//1402 2009//2009 1401//1401
f 1403//1403 1405//1405 2446//2446
f 1584//1584 2020//2020 2023//2023
f 2020//2020 2447//2447 2023//2023
f 2448//2448 2015//2015 1398//1398
f 2010//2010 1399//1399 1398//1398
f 2015//2015 2017//2017 2449//2449
f 2011//2011 2015//2015 2018//2018
f 2015//2015 2449//2449 2018//2018
f 867//867 866//866 2020//2020
f 2025//2025 863//863 867//867
f 1403//1403 2446//2446 2001//2001
f 2020//2020 2022//2022 2447//2447
f 1585//1585 1584//1584 859//859
f 1585//1585 861//861 862//862
f 2012//2012 1402//1402 1399//1399
f 2012//2012 2011//2011 1404//1404
f 1404//1404 2013//2013 1406//1406
f 859//859 1584//1584 1586//1586
f 1584//1584 2024//2024 1586//1586
f 2010//2010 2012//2012 1399//1399
f 2010//2010 1398//1398 2011//2011
f 2011//2011 2019//2019 2014//2014
f 2025//2025 867//867 1584//1584
f 2025//2025 862//862 863//863
f 2450//2450 2016//2016 1397//1397
f 2448//2448 1396//1396 1397//1397
f 2016//2016 2027//2027 2017//2017
f 1583//1583 1585//1585 862//862
f 1583//1583 2025//2025 1584//1584
f 2043//2043 859//859 2044//2044
f 859//859 1587//1587 2044//2044
f 2448//2448 1398//1398 1396//1396
f 2448//2448 1397//1397 2015//2015
f 2366//2366 554//554 557//557
f 2366//2366 556//556 605//605
f 2365//2365 555//555 569//569
f 2365//2365 570//570 424//424
f 319//319 321//321 322//322
f 319//319 323//323 320//320
f 2440//2440 1030//1030 1031//1031
f 2440//2440 1032//1032 1026//1026
f 1617//1617 1619//1619 2451//2451
f 2452//2452 2035//2035 1037//1037
f 2034//2034 1034//1034 1037//1037
f 1240//1240 1239//1239 2041//2041
f 1226//1226 1227//1227 1240//1240
f 1617//1617 2451//2451 2008//2008
f 1232//1232 1231//1231 1239//1239
f 1232//1232 1227//1227 1228//1228
f 2041//2041 1239//1239 2031//2031
f 2443//2443 512//512 501//501
f 2445//2445 1033//1033 2029//2029
f 2029//2029 1618//1618 1617//1617
f 1226//1226 1225//1225 1227//1227
f 1226//1226 1240//1240 1223//1223
f 2453//2453 1034//1034 2034//2034
f 2034//2034 1037//1037 2032//2032
f 2453//2453 1618//1618 1035//1035
f 1035//1035 2029//2029 1033//1033
f 1618//1618 2033//2033 1620//1620
f 1238//1238 1240//1240 1227//1227
f 1238//1238 1232//1232 1239//1239
f 2032//2032 2035//2035 2037//2037
f 2035//2035 2454//2454 2037//2037
f 2041//2041 2042//2042 2455//2455
f 2035//2035 2036//2036 2454//2454
f 1223//1223 2041//2041 2039//2039
f 2041//2041 2455//2455 2039//2039
f 2456//2456 1038//1038 1042//1042
f 2452//2452 1036//1036 1042//1042
f 1038//1038 1040//1040 2036//2036
f 2452//2452 1037//1037 1036//1036
f 2452//2452 1042//1042 2035//2035
f 2453//2453 1035//1035 1034//1034
f 2453//2453 2034//2034 1618//1618
f 1219//1219 1223//1223 1220//1220
f 1223//1223 2040//2040 1220//1220
f 2032//2032 2038//2038 2033//2033
f 2441//2441 1407//1407 1401//1401
f 2441//2441 2009//2009 1983//1983
f 865//865 867//867 863//863
f 865//865 2002//2002 866//866
f 860//860 859//859 2043//2043
f 853//853 861//861 860//860
f 853//853 760//760 861//861
f 853//853 860//860 857//857
f 2457//2457 2026//2026 1497//1497
f 2450//2450 1395//1395 1497//1497
f 857//857 2043//2043 2046//2046
f 2043//2043 2458//2458 2046//2046
f 2043//2043 2045//2045 2458//2458
f 854//854 857//857 855//855
f 356//356 2324//2324 308//308
f 1750//1750 854//854 2062//2062
f 854//854 856//856 2062//2062
f 2026//2026 2048//2048 2028//2028
f 852//852 853//853 857//857
f 2050//2050 760//760 852//852
f 2050//2050 852//852 854//854
f 2050//2050 761//761 760//760
f 2459//2459 547//547 548//548
f 548//548 555//555 424//424
f 561//561 560//560 547//547
f 544//544 563//563 561//561
f 553//553 554//554 605//605
f 2460//2460 536//536 553//553
f 2445//2445 1032//1032 1033//1033
f 2445//2445 2029//2029 1027//1027
f 1230//1230 1232//1232 1228//1228
f 1230//1230 2006//2006 1231//1231
f 552//552 431//431 535//535
f 535//535 550//550 536//536
f 2461//2461 2051//2051 1046//1046
f 1044//1044 1043//1043 1046//1046
f 1248//1248 1219//1219 2057//2057
f 2059//2059 1237//1237 1248//1248
f 1224//1224 1223//1223 1219//1219
f 1224//1224 1237//1237 1225//1225
f 2057//2057 1219//1219 1221//1221
f 306//306 356//356 308//308
f 2456//2456 1043//1043 1044//1044
f 1044//1044 1046//1046 1039//1039
f 2059//2059 1248//1248 1168//1168
f 2059//2059 1249//1249 1237//1237
f 1247//1247 1248//1248 1237//1237
f 1247//1247 1224//1224 1219//1219
f 1039//1039 2051//2051 2053//2053
f 2051//2051 2462//2462 2053//2053
f 2057//2057 2058//2058 2463//2463
f 2051//2051 2052//2052 2462//2462
f 1168//1168 2057//2057 2055//2055
f 2057//2057 2463//2463 2055//2055
f 2464//2464 1047//1047 1051//1051
f 2461//2461 1045//1045 1051//1051
f 1039//1039 2054//2054 1041//1041
f 1164//1164 1168//1168 2075//2075
f 1168//1168 2056//2056 2075//2075
f 1047//1047 1049//1049 2052//2052
f 2461//2461 1046//1046 1045//1045
f 2461//2461 1051//1051 2051//2051
f 858//858 860//860 861//861
f 858//858 1585//1585 859//859
f 2450//2450 1397//1397 1395//1395
f 2450//2450 1497//1497 2016//2016
f 2064//2064 2047//2047 1498//1498
f 2457//2457 1394//1394 1498//1498
f 2064//2064 1498//1498 1393//1393
f 2064//2064 1502//1502 2047//2047
f 2465//2465 1530//1530 1506//1506
f 1499//1499 1393//1393 1506//1506
f 1501//1501 1500//1500 1502//1502
f 1501//1501 2064//2064 1393//1393
f 1500//1500 1530//1530 1531//1531
f 1530//1530 2466//2466 1531//1531
f 1530//1530 2066//2066 2466//2466
f 1502//1502 1503//1503 2060//2060
f 2047//2047 1502//1502 2060//2060
f 2250//2250 234//234 1561//1561
f 1749//1749 762//762 761//761
f 1749//1749 854//854 1750//1750
f 2047//2047 2061//2061 2049//2049
f 2067//2067 1750//1750 2063//2063
f 1561//1561 315//315 2317//2317
f 1499//1499 1501//1501 1393//1393
f 1499//1499 1506//1506 1500//1500
f 1500//1500 1532//1532 1504//1504
f 2067//2067 2070//2070 2467//2467
f 1746//1746 2067//2067 2068//2068
f 2067//2067 2467//2467 2068//2068
f 1751//1751 1750//1750 2067//2067
f 2074//2074 762//762 1751//1751
f 2468//2468 2065//2065 1507//1507
f 2465//2465 1505//1505 1507//1507
f 2065//2065 2072//2072 2066//2066
f 2074//2074 1751//1751 1746//1746
f 2074//2074 763//763 762//762
f 2089//2089 1746//1746 2090//2090
f 1746//1746 2069//2069 2090//2090
f 1748//1748 1749//1749 1750//1750
f 1748//1748 1751//1751 762//762
f 2465//2465 1506//1506 1505//1505
f 2465//2465 1507//1507 1530//1530
f 1222//1222 1224//1224 1225//1225
f 1222//1222 1226//1226 1223//1223
f 2456//2456 1042//1042 1043//1043
f 2456//2456 1044//1044 1038//1038
f 1166//1166 1155//1155 1249//1249
f 1166//1166 1168//1168 1164//1164
f 2083//2083 1164//1164 2076//2076
f 397//397 303//303 122//122
f 2469//2469 2077//2077 1055//1055
f 1053//1053 1052//1052 1055//1055
f 2077//2077 2079//2079 2470//2470
f 1165//1165 1164//1164 2083//2083
f 1162//1162 1155//1155 1165//1165
f 1048//1048 2077//2077 2080//2080
f 2077//2077 2470//2470 2080//2080
f 2083//2083 2084//2084 2471//2471
f 1160//1160 2083//2083 2082//2082
f 2083//2083 2471//2471 2082//2082
f 2472//2472 2078//2078 1056//1056
f 2469//2469 1054//1054 1056//1056
f 2088//2088 1153//1153 1154//1154
f 2088//2088 1156//1156 1250//1250
f 2464//2464 1052//1052 1053//1053
f 1053//1053 1055//1055 1048//1048
f 1161//1161 1160//1160 1156//1156
f 1161//1161 2088//2088 1154//1154
f 1162//1162 1154//1154 1155//1155
f 1162//1162 1165//1165 1160//1160
f 1048//1048 2081//2081 1050//1050
f 1156//1156 1160//1160 1157//1157
f 397//397 390//390 356//356
f 1250//1250 1251//1251 2473//2473
f 1163//1163 1165//1165 1155//1155
f 1163//1163 1166//1166 1164//1164
f 2078//2078 2086//2086 2079//2079
f 1149//1149 1250//1250 1254//1254
f 1250//1250 2473//2473 1254//1254
f 2469//2469 1055//1055 1054//1054
f 2469//2469 1056//1056 2077//2077
f 1159//1159 1161//1161 1154//1154
f 1159//1159 1162//1162 1160//1160
f 1156//1156 1158//1158 1252//1252
f 2457//2457 1497//1497 1394//1394
f 2457//2457 1498//1498 2026//2026
f 1752//1752 1749//1749 761//761
f 1752//1752 2050//2050 854//854
f 2071//2071 1392//1392 1508//1508
f 2474//2474 1509//1509 1508//1508
f 1747//1747 1746//1746 2089//2089
f 2094//2094 763//763 1747//1747
f 2071//2071 1508//1508 1510//1510
f 2468//2468 1392//1392 2071//2071
f 2094//2094 1747//1747 849//849
f 2094//2094 764//764 763//763
f 849//849 2089//2089 850//850
f 2089//2089 2475//2475 850//850
f 1510//1510 1509//1509 1511//1511
f 1509//1509 2476//2476 1511//1511
f 1509//1509 2093//2093 2476//2476
f 2089//2089 2091//2091 2475//2475
f 2092//2092 2096//2096 2093//2093
f 869//869 849//849 851//851
f 2320//2320 2360//2360 2322//2322
f 2101//2101 869//869 2102//2102
f 869//869 870//870 2102//2102
f 1510//1510 1512//1512 2073//2073
f 2098//2098 764//764 868//868
f 868//868 2094//2094 849//849
f 2098//2098 868//868 869//869
f 2098//2098 765//765 764//764
f 2477//2477 2092//2092 1513//1513
f 2474//2474 1391//1391 1513//1513
f 2474//2474 1508//1508 1391//1391
f 2474//2474 1513//1513 1509//1509
f 1167//1167 1166//1166 1249//1249
f 1167//1167 2059//2059 1168//1168
f 2464//2464 1051//1051 1052//1052
f 2464//2464 1053//1053 1047//1047
f 2478//2478 2085//2085 1058//1058
f 2472//2472 1057//1057 1058//1058
f 1144//1144 1149//1149 1146//1146
f 1149//1149 1255//1255 1146//1146
f 1152//1152 1151//1151 1153//1153
f 1152//1152 1250//1250 1149//1149
f 2085//2085 2099//2099 2087//2087
f 1745//1745 1747//1747 763//763
f 1745//1745 2074//2074 1746//1746
f 2468//2468 1507//1507 1392//1392
f 2468//2468 2071//2071 2065//2065
f 2479//2479 2104//2104 1527//1527
f 2108//2108 1390//1390 1527//1527
f 1744//1744 869//869 2101//2101
f 2107//2107 765//765 1744//1744
f 2107//2107 1744//1744 846//846
f 2107//2107 766//766 765//765
f 2108//2108 1527//1527 2095//2095
f 2477//2477 1390//1390 2108//2108
f 846//846 2101//2101 847//847
f 2101//2101 2480//2480 847//847
f 2095//2095 2104//2104 2109//2109
f 2104//2104 2481//2481 2109//2109
f 2104//2104 2106//2106 2481//2481
f 2101//2101 2103//2103 2480//2480
f 2482//2482 2105//2105 1525//1525
f 2479//2479 1526//1526 1525//1525
f 1742//1742 846//846 1739//1739
f 1742//1742 767//767 766//766
f 1739//1739 846//846 848//848
f 2317//2317 2321//2321 2319//2319
f 2095//2095 2110//2110 2097//2097
f 2105//2105 2112//2112 2106//2106
f 2479//2479 1527//1527 1526//1526
f 2479//2479 1525//1525 2104//2104
f 1741//1741 1742//1742 766//766
f 1741//1741 2107//2107 846//846
f 2129//2129 1739//1739 2130//2130
f 1739//1739 2114//2114 2130//2130
f 559//559 561//561 563//563
f 559//559 564//564 560//560
f 549//549 535//535 431//431
f 549//549 568//568 550//550
f 2472//2472 1056//1056 1057//1057
f 2472//2472 1058//1058 2078//2078
f 1253//1253 1152//1152 1153//1153
f 1253//1253 2088//2088 1250//1250
f 1150//1150 1149//1149 1144//1144
f 1150//1150 1256//1256 1151//1151
f 2478//2478 1059//1059 2115//2115
f 2115//2115 1622//1622 1621//1621
f 2483//2483 1622//1622 1061//1061
f 1061//1061 2115//2115 1059//1059
f 1621//1621 1623//1623 2484//2484
f 1145//1145 1144//1144 2126//2126
f 2128//2128 1256//1256 1145//1145
f 2485//2485 2119//2119 1063//1063
f 2118//2118 1060//1060 1063//1063
f 2126//2126 1144//1144 1147//1147
f 393//393 2316//2316 394//394
f 1621//1621 2484//2484 2100//2100
f 1622//1622 2117//2117 1624//1624
f 2483//2483 1060//1060 2118//2118
f 2118//2118 1063//1063 2116//2116
f 2128//2128 1145//1145 1141//1141
f 2128//2128 1257//1257 1256//1256
f 1143//1143 1145//1145 1256//1256
f 1143//1143 1150//1150 1144//1144
f 2126//2126 2127//2127 2486//2486
f 2119//2119 2120//2120 2487//2487
f 1141//1141 2126//2126 2124//2124
f 2126//2126 2486//2486 2124//2124
f 2116//2116 2119//2119 2122//2122
f 2119//2119 2487//2487 2122//2122
f 2488//2488 1064//1064 1068//1068
f 2485//2485 1062//1062 1068//1068
f 2483//2483 1061//1061 1060//1060
f 2483//2483 2118//2118 1622//1622
f 2116//2116 2123//2123 2117//2117
f 1138//1138 1141//1141 2135//2135
f 1141//1141 2125//2125 2135//2135
f 1064//1064 1066//1066 2121//2121
f 2485//2485 1063//1063 1062//1062
f 2485//2485 1068//1068 2119//2119
f 1743//1743 1744//1744 765//765
f 1743//1743 2098//2098 869//869
f 2477//2477 1513//1513 1390//1390
f 2477//2477 2108//2108 2092//2092
f 544//544 543//543 563//563
f 544//544 561//561 546//546
f 523//523 522//522 546//546
f 2459//2459 423//423 523//523
f 539//539 533//533 537//537
f 2460//2460 657//657 539//539
f 1735//1735 2129//2129 2133//2133
f 2129//2129 2489//2489 2133//2133
f 2490//2490 1520//1520 1521//1521
f 2111//2111 1389//1389 1521//1521
f 2129//2129 2131//2131 2489//2489
f 1740//1740 1739//1739 2129//2129
f 2134//2134 767//767 1740//1740
f 552//552 535//535 537//537
f 552//552 551//551 431//431
f 2111//2111 1521//1521 1522//1522
f 2482//2482 1389//1389 2111//2111
f 1732//1732 1735//1735 1736//1736
f 393//393 395//395 398//398
f 2134//2134 1740//1740 1735//1735
f 2134//2134 768//768 767//767
f 1522//1522 1520//1520 1523//1523
f 1520//1520 2491//2491 1523//1523
f 1520//1520 2132//2132 2491//2491
f 2492//2492 1516//1516 1517//1517
f 2490//2490 1388//1388 1517//1517
f 1522//1522 1524//1524 2113//2113
f 1728//1728 769//769 768//768
f 1728//1728 1735//1735 1732//1732
f 1729//1729 1732//1732 1730//1730
f 1732//1732 1737//1737 1730//1730
f 1516//1516 1518//1518 2132//2132
f 2490//2490 1517//1517 1520//1520
f 2490//2490 1521//1521 1388//1388
f 1734//1734 1728//1728 768//768
f 1734//1734 2134//2134 1735//1735
f 1148//1148 1150//1150 1151//1151
f 1148//1148 1152//1152 1149//1149
f 2478//2478 1058//1058 1059//1059
f 2478//2478 2115//2115 2085//2085
f 1142//1142 1141//1141 1138//1138
f 1142//1142 1258//1258 1257//1257
f 2139//2139 1138//1138 2136//2136
f 1775//1775 2318//2318 1778//1778
f 1139//1139 1138//1138 2139//2139
f 2141//2141 1258//1258 1139//1139
f 1135//1135 2139//2139 2137//2137
f 2139//2139 2493//2493 2137//2137
f 2139//2139 2140//2140 2493//2493
f 2488//2488 1069//1069 1070//1070
f 2494//2494 1065//1065 1070//1070
f 2141//2141 1139//1139 1135//1135
f 2141//2141 1260//1260 1258//1258
f 1065//1065 1072//1072 1067//1067
f 1132//1132 1135//1135 2158//2158
f 1135//1135 2138//2138 2158//2158
f 1137//1137 1139//1139 1258//1258
f 1137//1137 1142//1142 1138//1138
f 1738//1738 1740//1740 767//767
f 1738//1738 1742//1742 1739//1739
f 2482//2482 1525//1525 1389//1389
f 2482//2482 2111//2111 2105//2105
f 2495//2495 2142//2142 1528//1528
f 1514//1514 1387//1387 1528//1528
f 1733//1733 1732//1732 1729//1729
f 2149//2149 769//769 1733//1733
f 2492//2492 1387//1387 1514//1514
f 1514//1514 1528//1528 1515//1515
f 2149//2149 1733//1733 1724//1724
f 2149//2149 770//770 769//769
f 1724//1724 1729//1729 2148//2148
f 1729//1729 2496//2496 2148//2148
f 1515//1515 2142//2142 2143//2143
f 2142//2142 2497//2497 2143//2143
f 842//842 841//841 843//843
f 842//842 771//771 770//770
f 2142//2142 2146//2146 2497//2497
f 1729//1729 1731//1731 2496//2496
f 840//840 842//842 770//770
f 840//840 1724//1724 841//841
f 1515//1515 2144//2144 1519//1519
f 841//841 1724//1724 1725//1725
f 395//395 122//122 398//398
f 843//843 844//844 2498//2498
f 1717//1717 843//843 1721//1721
f 843//843 2498//2498 1721//1721
f 2499//2499 2145//2145 1529//1529
f 2495//2495 1386//1386 1529//1529
f 2145//2145 2151//2151 2147//2147
f 841//841 1726//1726 845//845
f 1723//1723 840//840 770//770
f 1723//1723 2149//2149 1724//1724
f 1720//1720 843//843 1717//1717
f 1720//1720 772//772 771//771
f 1714//1714 1717//1717 2176//2176
f 1717//1717 1722//1722 2176//2176
f 2495//2495 1528//1528 1386//1386
f 2495//2495 1529//1529 2142//2142
f 1719//1719 1720//1720 771//771
f 1719//1719 842//842 843//843
f 1071//1071 2153//2153 1073//1073
f 2494//2494 1074//1074 1075//1075
f 2500//2500 1071//1071 1075//1075
f 1140//1140 1142//1142 1257//1257
f 1140//1140 2128//2128 1141//1141
f 2488//2488 1068//1068 1069//1069
f 2488//2488 1070//1070 1064//1064
f 2500//2500 1076//1076 2155//2155
f 2155//2155 1078//1078 1077//1077
f 2501//2501 1078//1078 1081//1081
f 1081//1081 2155//2155 1076//1076
f 1077//1077 1079//1079 2502//2502
f 2503//2503 2160//2160 1084//1084
f 2163//2163 1082//1082 1084//1084
f 1077//1077 2502//2502 2154//2154
f 2166//2166 1132//1132 2159//2159
f 395//395 394//394 390//390
f 1136//1136 1135//1135 1132//1132
f 1136//1136 1261//1261 1260//1260
f 2163//2163 1084//1084 2156//2156
f 2501//2501 1082//1082 2163//2163
f 1078//1078 2157//2157 1080//1080
f 2156//2156 2160//2160 2164//2164
f 2160//2160 2504//2504 2164//2164
f 2166//2166 2167//2167 2505//2505
f 1133//1133 1132//1132 2166//2166
f 2168//2168 1261//1261 1133//1133
f 2160//2160 2162//2162 2504//2504
f 1127//1127 2166//2166 2169//2169
f 2166//2166 2505//2505 2169//2169
f 2501//2501 1081//1081 1082//1082
f 2501//2501 2163//2163 1078//1078
f 2168//2168 1133//1133 1127//1127
f 2168//2168 1116//1116 1261//1261
f 1123//1123 1127//1127 1129//1129
f 390//390 392//392 2323//2323
f 2156//2156 2165//2165 2157//2157
f 1131//1131 1133//1133 1261//1261
f 1131//1131 1136//1136 1132//1132
f 2173//2173 1115//1115 1116//1116
f 2173//2173 1123//1123 1118//1118
f 2506//2506 2161//2161 1085//1085
f 2503//2503 1083//1083 1085//1085
f 2161//2161 2170//2170 2162//2162
f 1128//1128 1127//1127 1123//1123
f 1128//1128 2173//2173 1116//1116
f 1118//1118 1124//1124 2507//2507
f 1120//1120 1118//1118 1121//1121
f 1118//1118 2507//2507 1121//1121
f 2503//2503 1084//1084 1083//1083
f 2503//2503 1085//1085 2160//2160
f 1123//1123 1130//1130 1125//1125
f 1727//1727 1728//1728 1732//1732
f 1727//1727 1733//1733 769//769
f 2492//2492 1514//1514 1516//1516
f 2492//2492 1517//1517 1387//1387
f 1126//1126 1128//1128 1116//1116
f 1126//1126 2168//2168 1127//1127
f 2500//2500 1075//1075 1076//1076
f 2500//2500 2155//2155 1071//1071
f 1382//1382 2150//2150 1379//1379
f 2499//2499 1380//1380 1379//1379
f 1718//1718 1717//1717 1714//1714
f 1718//1718 773//773 772//772
f 2150//2150 2174//2174 2152//2152
f 2184//2184 1714//1714 2185//2185
f 1714//1714 2177//2177 2185//2185
f 2494//2494 1070//1070 1074//1074
f 2494//2494 1075//1075 1065//1065
f 2459//2459 523//523 547//547
f 2459//2459 548//548 423//423
f 2460//2460 539//539 536//536
f 2460//2460 553//553 657//657
f 1134//1134 1136//1136 1260//1260
f 1134//1134 2141//2141 1135//1135
f 2172//2172 1086//1086 1090//1090
f 2508//2508 1091//1091 1090//1090
f 2172//2172 1090//1090 1087//1087
f 2506//2506 1086//1086 2172//2172
f 1087//1087 1091//1091 1088//1088
f 1091//1091 2509//2509 1088//1088
f 1091//1091 2179//2179 2509//2509
f 1087//1087 1089//1089 2171//2171
f 2178//2178 2180//2180 2179//2179
f 2510//2510 2178//2178 1093//1093
f 2508//2508 1092//1092 1093//1093
f 2508//2508 1090//1090 1092//1092
f 2508//2508 1093//1093 1091//1091
f 1119//1119 1118//1118 1120//1120
f 1119//1119 1114//1114 1115//1115
f 1111//1111 1120//1120 2199//2199
f 1120//1120 1122//1122 2199//2199
f 2499//2499 1529//1529 1380//1380
f 2499//2499 1379//1379 2145//2145
f 1716//1716 1718//1718 772//772
f 1716//1716 1720//1720 1717//1717
f 2511//2511 1383//1383 2183//2183
f 2183//2183 1376//1376 1375//1375
f 2512//2512 1376//1376 1535//1535
f 1535//1535 2183//2183 1383//1383
f 1375//1375 1377//1377 2513//2513
f 1715//1715 1714//1714 2184//2184
f 2189//2189 773//773 1715//1715
f 1375//1375 2513//2513 2175//2175
f 2189//2189 1715//1715 1709//1709
f 2189//2189 774//774 773//773
f 1376//1376 1536//1536 1378//1378
f 1709//1709 2184//2184 2187//2187
f 2184//2184 2514//2514 2187//2187
f 2515//2515 2190//2190 1373//1373
f 1533//1533 1374//1374 1373//1373
f 1534//1534 2190//2190 2193//2193
f 2190//2190 2516//2516 2193//2193
f 2190//2190 2192//2192 2516//2516
f 2184//2184 2186//2186 2514//2514
f 2512//2512 1374//1374 1533//1533
f 1533//1533 1373//1373 1534//1534
f 1534//1534 2194//2194 1536//1536
f 1706//1706 1709//1709 1711//1711
f 1709//1709 2188//2188 1711//1711
f 2517//2517 2191//2191 1371//1371
f 2515//2515 1372//1372 1371//1371
f 2512//2512 1533//1533 1376//1376
f 2512//2512 1535//1535 1374//1374
f 1710//1710 1709//1709 1706//1706
f 1710//1710 775//775 774//774
f 2204//2204 1706//1706 2205//2205
f 1706//1706 1712//1712 2205//2205
f 2191//2191 2197//2197 2192//2192
f 1708//1708 1710//1710 774//774
f 1708//1708 2189//2189 1709//1709
f 2515//2515 1373//1373 1372//1372
f 2515//2515 1371//1371 2190//2190
f 521//521 523//523 423//423
f 2518//2518 522//522 521//521
f 538//538 539//539 657//657
f 2519//2519 533//533 538//538
f 1108//1108 1111//1111 2201//2201
f 1111//1111 2200//2200 2201//2201
f 1263//1263 1120//1120 1111//1111
f 1263//1263 1113//1113 1114//1114
f 517//517 543//543 534//534
f 534//534 546//546 522//522
f 532//532 551//551 541//541
f 541//541 537//537 533//533
f 1112//1112 1111//1111 1108//1108
f 1112//1112 1100//1100 1113//1113
f 1102//1102 1108//1108 2203//2203
f 1108//1108 2202//2202 2203//2203
f 2506//2506 1085//1085 1086//1086
f 2506//2506 2172//2172 2161//2161
f 1104//1104 1102//1102 1105//1105
f 356//356 390//390 2323//2323
f 1109//1109 1108//1108 1102//1102
f 1109//1109 1094//1094 1100//1100
f 1103//1103 1102//1102 1104//1104
f 2182//2182 1094//1094 1103//1103
f 1104//1104 1106//1106 2520//2520
f 1789//1789 1104//1104 1790//1790
f 1104//1104 2520//2520 1790//1790
f 1110//1110 1112//1112 1113//1113
f 1110//1110 1263//1263 1111//1111
f 2182//2182 1103//1103 1789//1789
f 2510//2510 1094//1094 2182//2182
f 1789//1789 1791//1791 2181//2181
f 1101//1101 1103//1103 1094//1094
f 1101//1101 1109//1109 1102//1102
f 1117//1117 1119//1119 1115//1115
f 1117//1117 2173//2173 1118//1118
f 1382//1382 1379//1379 1381//1381
f 2511//2511 2150//2150 1382//1382
f 2511//2511 1382//1382 1383//1383
f 2511//2511 2183//2183 2150//2150
f 1713//1713 1715//1715 773//773
f 1713//1713 1718//1718 1714//1714
f 1262//1262 1263//1263 1114//1114
f 1262//1262 1119//1119 1120//1120
f 1107//1107 1109//1109 1100//1100
f 1107//1107 1112//1112 1108//1108
f 1702//1702 2204//2204 2207//2207
f 2204//2204 2521//2521 2207//2207
f 2204//2204 2206//2206 2521//2521
f 1707//1707 1706//1706 2204//2204
f 2208//2208 775//775 1707//1707
f 1699//1699 1702//1702 1703//1703
f 2250//2250 1775//1775 1774//1774
f 2208//2208 1707//1707 1702//1702
f 2208//2208 776//776 775//775
f 2522//2522 2209//2209 1368//1368
f 2195//2195 717//717 1368//1368
f 2209//2209 2213//2213 2523//2523
f 2196//2196 2209//2209 2210//2210
f 2209//2209 2523//2523 2210//2210
f 2517//2517 717//717 2195//2195
f 2195//2195 1368//1368 2196//2196
f 1695//1695 777//777 776//776
f 1695//1695 1702//1702 1699//1699
f 2196//2196 2211//2211 2198//2198
f 2212//2212 2215//2215 2213//2213
f 1696//1696 1699//1699 1697//1697
f 1699//1699 1704//1704 1697//1697
f 2524//2524 2212//2212 1370//1370
f 2522//2522 1369//1369 1370//1370
f 1701//1701 1695//1695 776//776
f 1701//1701 2208//2208 1702//1702
f 2522//2522 1368//1368 1369//1369
f 2522//2522 1370//1370 2209//2209
f 2510//2510 1093//1093 1094//1094
f 2510//2510 2182//2182 2178//2178
f 1705//1705 1707//1707 775//775
f 1705//1705 1710//1710 1706//1706
f 2517//2517 1371//1371 717//717
f 2517//2517 2195//2195 2191//2191
f 1690//1690 1696//1696 2217//2217
f 1696//1696 2525//2525 2217//2217
f 1700//1700 1699//1699 1696//1696
f 2218//2218 777//777 1700//1700
f 1696//1696 1698//1698 2525//2525
f 2526//2526 2214//2214 1538//1538
f 2524//2524 716//716 1538//1538
f 2218//2218 1700//1700 1690//1690
f 2218//2218 778//778 777//777
f 1687//1687 1690//1690 1692//1692
f 2374//2374 696//696 1774//1774
f 1691//1691 1690//1690 1687//1687
f 1691//1691 779//779 778//778
f 2214//2214 2219//2219 2216//2216
f 2225//2225 1687//1687 2226//2226
f 1687//1687 1693//1693 2226//2226
f 1689//1689 1691//1691 778//778
f 1689//1689 2218//2218 1690//1690
f 1694//1694 1695//1695 1699//1699
f 1694//1694 1700//1700 777//777
f 2524//2524 1370//1370 716//716
f 2524//2524 1538//1538 2212//2212
f 1364//1364 1366//1366 2527//2527
f 1364//1364 2527//2527 2220//2220
f 1365//1365 2224//2224 1367//1367
f 1383//1383 1385//1385 1384//1384
f 2526//2526 715//715 2221//2221
f 1385//1385 1383//1383 1380//1380
f 2221//2221 1365//1365 1364//1364
f 2528//2528 1365//1365 1363//1363
f 1363//1363 2221//2221 715//715
f 837//837 2225//2225 838//838
f 2225//2225 2529//2529 838//838
f 1688//1688 1687//1687 2225//2225
f 2228//2228 779//779 1688//1688
f 2225//2225 2227//2227 2529//2529
f 2228//2228 1688//1688 837//837
f 2228//2228 780//780 779//779
f 832//832 837//837 1684//1684
f 837//837 839//839 1684//1684
f 2223//2223 2229//2229 2230//2230
f 2229//2229 2530//2530 2230//2230
f 2531//2531 2229//2229 1356//1356
f 2222//2222 714//714 1356//1356
f 2229//2229 2232//2232 2530//2530
f 2528//2528 714//714 2222//2222
f 2222//2222 1356//1356 2223//2223
f 2223//2223 2231//2231 2224//2224
f 833//833 832//832 834//834
f 833//833 781//781 780//780
f 834//834 835//835 2532//2532
f 1680//1680 834//834 2234//2234
f 834//834 2532//2532 2234//2234
f 831//831 833//833 780//780
f 831//831 837//837 832//832
f 832//832 1685//1685 836//836
f 2533//2533 1359//1359 1360//1360
f 2531//2531 713//713 1360//1360
f 1359//1359 1361//1361 2233//2233
f 1677//1677 782//782 781//781
f 1677//1677 834//834 1680//1680
f 2528//2528 1363//1363 714//714
f 2528//2528 2222//2222 1365//1365
f 1674//1674 1680//1680 1678//1678
f 1680//1680 2235//2235 1678//1678
f 1683//1683 831//831 780//780
f 1683//1683 2228//2228 837//837
f 2531//2531 1356//1356 713//713
f 1385//1385 718//718 1384//1384
f 1383//1383 1384//1384 1380//1380
f 2531//2531 1360//1360 2229//2229
f 1682//1682 1677//1677 781//781
f 1682//1682 833//833 834//834
f 542//542 544//544 546//546
f 542//542 534//534 543//543
f 545//545 541//541 551//551
f 545//545 552//552 537//537
f 517//517 516//516 543//543
f 517//517 534//534 530//530
f 532//532 531//531 551//551
f 532//532 541//541 529//529
f 502//502 501//501 530//530
f 2518//2518 422//422 502//502
f 525//525 511//511 529//529
f 2519//2519 540//540 525//525
f 2526//2526 1538//1538 715//715
f 2526//2526 2221//2221 2214//2214
f 1686//1686 1688//1688 779//779
f 1686//1686 1691//1691 1687//1687
f 2533//2533 712//712 1357//1357
f 2534//2534 1358//1358 1357//1357
f 1358//1358 2236//2236 1362//1362
f 2242//2242 1674//1674 2243//2243
f 1674//1674 1679//1679 2243//2243
f 1681//1681 1680//1680 1674//1674
f 1681//1681 783//783 782//782
f 2533//2533 1357//1357 1359//1359
f 2533//2533 1360//1360 712//712
f 1352//1352 1354//1354 2535//2535
f 2534//2534 711//711 2238//2238
f 2238//2238 1353//1353 1352//1352
f 1352//1352 2535//2535 2237//2237
f 1676//1676 1677//1677 1680//1680
f 1676//1676 1681//1681 782//782
f 1353//1353 2240//2240 1355//1355
f 2536//2536 1353//1353 1753//1753
f 1753//1753 2238//2238 711//711
f 1670//1670 2242//2242 2245//2245
f 2242//2242 2537//2537 2245//2245
f 1675//1675 1674//1674 2242//2242
f 2247//2247 783//783 1675//1675
f 2242//2242 2244//2244 2537//2537
f 2247//2247 1675//1675 1670//1670
f 2247//2247 784//784 783//783
f 1667//1667 1670//1670 1671//1671
f 1670//1670 2246//2246 1671//1671
f 2239//2239 710//710 1347//1347
f 2538//2538 1348//1348 1347//1347
f 1349//1349 1348//1348 1350//1350
f 1348//1348 2539//2539 1350//1350
f 1348//1348 2249//2249 2539//2539
f 2239//2239 1347//1347 1349//1349
f 2536//2536 710//710 2239//2239
f 1349//1349 1351//1351 2241//2241
f 1663//1663 785//785 784//784
f 1663//1663 1670//1670 1667//1667
f 1664//1664 1667//1667 1665//1665
f 1667//1667 1672//1672 1665//1665
f 2248//2248 2252//2252 2249//2249
f 2540//2540 2248//2248 1754//1754
f 2538//2538 709//709 1754//1754
f 2536//2536 1753//1753 710//710
f 2536//2536 2239//2239 1353//1353
f 1669//1669 1663//1663 784//784
f 1669//1669 2247//2247 1670//1670
f 2538//2538 1347//1347 709//709
f 2538//2538 1754//1754 1348//1348
f 2534//2534 1357//1357 711//711
f 2534//2534 2238//2238 1358//1358
f 1673//1673 1675//1675 783//783
f 1673//1673 1681//1681 1674//1674
f 1668//1668 1667//1667 1664//1664
f 1660//1660 785//785 1668//1668
f 1660//1660 786//786 785//785
f 1660//1660 1668//1668 828//828
f 828//828 1664//1664 829//829
f 1664//1664 2541//2541 829//829
f 1664//1664 1666//1666 2541//2541
f 821//821 828//828 830//830
f 2316//2316 398//398 799//799
f 822//822 821//821 824//824
f 822//822 787//787 786//786
f 1759//1759 1757//1757 1760//1760
f 1757//1757 2542//2542 1760//1760
f 2251//2251 708//708 1758//1758
f 2543//2543 1757//1757 1758//1758
f 1757//1757 2254//2254 2542//2542
f 820//820 822//822 786//786
f 820//820 828//828 821//821
f 2251//2251 1758//1758 1759//1759
f 2540//2540 708//708 2251//2251
f 1759//1759 1761//1761 2253//2253
f 824//824 826//826 2544//2544
f 1656//1656 824//824 2258//2258
f 824//824 2544//2544 2258//2258
f 821//821 1661//1661 827//827
f 2543//2543 707//707 1755//1755
f 2545//2545 1756//1756 1755//1755
f 1756//1756 2256//2256 2255//2255
f 1659//1659 1660//1660 828//828
f 1659//1659 820//820 786//786
f 1653//1653 1656//1656 1657//1657
f 1656//1656 2259//2259 1657//1657
f 825//825 824//824 1656//1656
f 825//825 788//788 787//787
f 2543//2543 1755//1755 1757//1757
f 2543//2543 1758//1758 707//707
f 823//823 822//822 824//824
f 823//823 825//825 787//787
f 2519//2519 525//525 533//533
f 2519//2519 538//538 540//540
f 2518//2518 502//502 522//522
f 2518//2518 521//521 422//422
f 1662//1662 1663//1663 1667//1667
f 1662//1662 1668//1668 785//785
f 2540//2540 1754//1754 708//708
f 2540//2540 2251//2251 2248//2248
f 1765//1765 1766//1766 2257//2257
f 1654//1654 789//789 788//788
f 1654//1654 1656//1656 1653//1653
f 1647//1647 1653//1653 1649//1649
f 1653//1653 1658//1658 1649//1649
f 2546//2546 1765//1765 1762//1762
f 2545//2545 706//706 1762//1762
f 2547//2547 1344//1344 1768//1768
f 1763//1763 705//705 1768//1768
f 2546//2546 705//705 1763//1763
f 1763//1763 1768//1768 1764//1764
f 1764//1764 1344//1344 2260//2260
f 1344//1344 2548//2548 2260//2260
f 1344//1344 1345//1345 2548//2548
f 1764//1764 2261//2261 1767//1767
f 519//519 531//531 527//527
f 527//527 529//529 511//511
f 505//505 516//516 520//520
f 520//520 530//530 501//501
f 500//500 502//502 422//422
f 2443//2443 501//501 500//500
f 524//524 525//525 540//540
f 2436//2436 511//511 524//524
f 2546//2546 1762//1762 705//705
f 2546//2546 1763//1763 1765//1765
f 1655//1655 1654//1654 788//788
f 1655//1655 825//825 1656//1656
f 2545//2545 1755//1755 706//706
f 2545//2545 1762//1762 1756//1756
f 1651//1651 790//790 789//789
f 1651//1651 1653//1653 1647//1647
f 2267//2267 1647//1647 1650//1650
f 2316//2316 1788//1788 394//394
f 2549//2549 1343//1343 1342//1342
f 2547//2547 704//704 1342//1342
f 1644//1644 2267//2267 2265//2265
f 2267//2267 2550//2550 2265//2265
f 2267//2267 2268//2268 2550//2550
f 1343//1343 2263//2263 1346//1346
f 2272//2272 1644//1644 2273//2273
f 1644//1644 2266//2266 2273//2273
f 1648//1648 1647//1647 2267//2267
f 2269//2269 790//790 1648//1648
f 2269//2269 1648//1648 1644//1644
f 2269//2269 791//791 790//790
f 1646//1646 1648//1648 790//790
f 1646//1646 1651//1651 1647//1647
f 1652//1652 1651//1651 789//789
f 1652//1652 1654//1654 1653//1653
f 2551//2551 2262//2262 1340//1340
f 2549//2549 1341//1341 1340//1340
f 2547//2547 1342//1342 1344//1344
f 2547//2547 1768//1768 704//704
f 1645//1645 1644//1644 2272//2272
f 2276//2276 791//791 1645//1645
f 2262//2262 2270//2270 2264//2264
f 2276//2276 1645//1645 1640//1640
f 2276//2276 792//792 791//791
f 1640//1640 2272//2272 2275//2275
f 2272//2272 2552//2552 2275//2275
f 2272//2272 2274//2274 2552//2552
f 815//815 1640//1640 1641//1641
f 394//394 2315//2315 391//391
f 1336//1336 1333//1333 1337//1337
f 2551//2551 703//703 1336//1336
f 1337//1337 1338//1338 2553//2553
f 1337//1337 2553//2553 2271//2271
f 2554//2554 1333//1333 1330//1330
f 1330//1330 1336//1336 703//703
f 1333//1333 1334//1334 1339//1339
f 816//816 815//815 817//817
f 816//816 793//793 792//792
f 817//817 818//818 2283//2283
f 1635//1635 817//817 2283//2283
f 390//390 394//394 391//391
f 814//814 816//816 792//792
f 814//814 1640//1640 815//815
f 815//815 1642//1642 819//819
f 2551//2551 1340//1340 703//703
f 2551//2551 1336//1336 2262//2262
f 2555//2555 2277//2277 1328//1328
f 1331//1331 1329//1329 1328//1328
f 2554//2554 1329//1329 1331//1331
f 1331//1331 1328//1328 1332//1332
f 1332//1332 2277//2277 2281//2281
f 2277//2277 2556//2556 2281//2281
f 2277//2277 2279//2279 2556//2556
f 1630//1630 1635//1635 1632//1632
f 1635//1635 2284//2284 1632//1632
f 1639//1639 814//814 792//792
f 1639//1639 2276//2276 1640//1640
f 1332//1332 2282//2282 1335//1335
f 1638//1638 817//817 1635//1635
f 1638//1638 794//794 793//793
f 2554//2554 1330//1330 1329//1329
f 2554//2554 1331//1331 1333//1333
f 1637//1637 1638//1638 793//793
f 1637//1637 816//816 817//817
f 614//614 616//616 621//621
f 614//614 622//622 615//615
f 672//672 674//674 671//671
f 672//672 675//675 673//673
f 2549//2549 1342//1342 1341//1341
f 2549//2549 1340//1340 1343//1343
f 1643//1643 1645//1645 791//791
f 1643//1643 2269//2269 1644//1644
f 1636//1636 1635//1635 1630//1630
f 1636//1636 795//795 794//794
f 2557//2557 2278//2278 1769//1769
f 2555//2555 702//702 1769//1769
f 2278//2278 2286//2286 2280//2280
f 2295//2295 1630//1630 2296//2296
f 1630//1630 1633//1633 2296//2296
f 2558//2558 2288//2288 1770//1770
f 2294//2294 701//701 1770//1770
f 2294//2294 1770//1770 2285//2285
f 2557//2557 701//701 2294//2294
f 2285//2285 2288//2288 2292//2292
f 2288//2288 2559//2559 2292//2292
f 2288//2288 2290//2290 2559//2559
f 2285//2285 2293//2293 2287//2287
f 528//528 527//527 531//531
f 528//528 532//532 529//529
f 515//515 517//517 530//530
f 515//515 520//520 516//516
f 2557//2557 1769//1769 701//701
f 2557//2557 2294//2294 2278//2278
f 754//754 61//61 722//722
f 754//754 736//736 62//62
f 753//753 722//722 61//61
f 753//753 89//89 720//720
f 719//719 720//720 89//89
f 719//719 120//120 718//718
f 755//755 62//62 736//736
f 755//755 738//738 41//41
f 751//751 731//731 7//7
f 751//751 94//94 724//724
f 756//756 748//748 747//747
f 756//756 202//202 42//42
f 2443//2443 421//421 512//512
f 512//512 495//495 513//513
f 519//519 518//518 531//531
f 519//519 527//527 510//510
f 507//507 499//499 510//510
f 2436//2436 526//526 507//507
f 505//505 504//504 516//516
f 505//505 520//520 513//513
f 759//759 749//749 39//39
f 759//759 41//41 738//738
f 757//757 42//42 39//39
f 757//757 749//749 748//748
f 758//758 202//202 747//747
f 758//758 741//741 71//71
f 752//752 724//724 94//94
f 752//752 71//71 741//741
f 2555//2555 1328//1328 702//702
f 2555//2555 1769//1769 2277//2277
f 1628//1628 2295//2295 2298//2298
f 2295//2295 2560//2560 2298//2298
f 2295//2295 2297//2297 2560//2560
f 1634//1634 1636//1636 794//794
f 1634//1634 1638//1638 1635//1635
f 1631//1631 1630//1630 2295//2295
f 2300//2300 795//795 1631//1631
f 2300//2300 1631//1631 1628//1628
f 2300//2300 796//796 795//795
f 810//810 1628//1628 1625//1625
f 1628//1628 2299//2299 1625//1625
f 811//811 810//810 808//808
f 811//811 797//797 796//796
f 809//809 811//811 796//796
f 809//809 1628//1628 810//810
f 2561//2561 2289//2289 1771//1771
f 2558//2558 700//700 1771//1771
f 2289//2289 2302//2302 2291//2291
f 805//805 808//808 2304//2304
f 808//808 2562//2562 2304//2304
f 808//808 812//812 2562//2562
f 810//810 1626//1626 813//813
f 804//804 798//798 797//797
f 804//804 808//808 805//805
f 1627//1627 809//809 796//796
f 1627//1627 2300//2300 1628//1628
f 800//800 805//805 801//801
f 805//805 2305//2305 801//801
f 807//807 804//804 797//797
f 807//807 811//811 808//808
f 1629//1629 1631//1631 795//795
f 1629//1629 1636//1636 1630//1630
f 2563//2563 2301//2301 1772//1772
f 2561//2561 699//699 1772//1772
f 2558//2558 1770//1770 700//700
f 2558//2558 1771//1771 2288//2288
f 2301//2301 2306//2306 2303//2303
f 1324//1324 1323//1323 1325//1325
f 2563//2563 698//698 1324//1324
f 1325//1325 1326//1326 2564//2564
f 1325//1325 2564//2564 2307//2307
f 1322//1322 1324//1324 698//698
f 2565//2565 1323//1323 1322//1322
f 1323//1323 2309//2309 1327//1327
f 806//806 805//805 800//800
f 806//806 799//799 798//798
f 1784//1784 800//800 1785//1785
f 800//800 802//802 1785//1785
f 2563//2563 1772//1772 698//698
f 2563//2563 1324//1324 2301//2301
f 2308//2308 1776//1776 2311//2311
f 1776//1776 2566//2566 2311//2311
f 1776//1776 1777//1777 2566//2566
f 2374//2374 1776//1776 1773//1773
f 2313//2313 697//697 1773//1773
f 2308//2308 2312//2312 2310//2310
f 2313//2313 1773//1773 2308//2308
f 2565//2565 697//697 2313//2313
f 2565//2565 1322//1322 697//697
f 2565//2565 2313//2313 1323//1323
f 2561//2561 1771//1771 699//699
f 2561//2561 1772//1772 2289//2289
f 394//394 1784//1784 2314//2314
f 1784//1784 2567//2567 2314//2314
f 803//803 804//804 805//805
f 803//803 806//806 798//798
f 1784//1784 1786//1786 2567//2567
f 1788//1788 800//800 1784//1784
f 2316//2316 799//799 1788//1788
f 1105//1105 2203//2203 1088//1088
f 2203//2203 2202//2202 1088//1088
f 1088//1088 2202//2202 2199//2199
f 2202//2202 2201//2201 2199//2199
f 2199//2199 2201//2201 2200//2200
f 1790//1790 2520//2520 2180//2180
f 1790//1790 2180//2180 2181//2181
f 1790//1790 2181//2181 1791//1791
f 2180//2180 1106//1106 2179//2179
f 2179//2179 1106//1106 2509//2509
f 1106//1106 1105//1105 2509//2509
f 2509//2509 1105//1105 1088//1088
f 2504//2504 2162//2162 1124//1124
f 2162//2162 2170//2170 1124//1124
f 1124//1124 2170//2170 2507//2507
f 2170//2170 2171//2171 2507//2507
f 2507//2507 2171//2171 1121//1121
f 2171//2171 1089//1089 1121//1121
f 1121//1121 1089//1089 1122//1122
f 1089//1089 1088//1088 1122//1122
f 1122//1122 1088//1088 2199//2199
f 2164//2164 2504//2504 1124//1124
f 2164//2164 1124//1124 1125//1125
f 2164//2164 1125//1125 1130//1130
f 2164//2164 1130//1130 2165//2165
f 2411//2411 1915//1915 1901//1901
f 1915//1915 1916//1916 1901//1901
f 1901//1901 1916//1916 2404//2404
f 1916//1916 1914//1914 2404//2404
f 2404//2404 1914//1914 1610//1610
f 1914//1914 1913//1913 1610//1610
f 1610//1610 1913//1913 1275//1275
f 1275//1275 1274//1274 1902//1902
f 1275//1275 1902//1902 1611//1611
f 1275//1275 1611//1611 1610//1610
f 1902//1902 1274//1274 1608//1608
f 1274//1274 2405//2405 1608//1608
f 1608//1608 2405//2405 1607//1607
f 2405//2405 1899//1899 1607//1607
f 1607//1607 1899//1899 1897//1897
f 1493//1493 1879//1879 1570//1570
f 1879//1879 1880//1880 1570//1570
f 1570//1570 1880//1880 1896//1896
f 1880//1880 2401//2401 1896//1896
f 1896//1896 2401//2401 1897//1897
f 2401//2401 1607//1607 1897//1897
f 1493//1493 1492//1492 994//994
f 1493//1493 994//994 995//995
f 1493//1493 995//995 1879//1879
f 1486//1486 1602//1602 1487//1487
f 1602//1602 2388//2388 1487//1487
f 1487//1487 2388//2388 2393//2393
f 2388//2388 1870//1870 2393//2393
f 2393//2393 1870//1870 1492//1492
f 1492//1492 1870//1870 994//994
f 978//978 1595//1595 1839//1839
f 1839//1839 1595//1595 1560//1560
f 1595//1595 2371//2371 1560//1560
f 1560//1560 2371//2371 1559//1559
f 2371//2371 1829//1829 1559//1559
f 1559//1559 1829//1829 2370//2370
f 1829//1829 1830//1830 2370//2370
f 2370//2370 1830//1830 1855//1855
f 1830//1830 1600//1600 1855//1855
f 1855//1855 1600//1600 1856//1856
f 1600//1600 1599//1599 1856//1856
f 1856//1856 1599//1599 1860//1860
f 1599//1599 1597//1597 1860//1860
f 1860//1860 1597//1597 1859//1859
f 1597//1597 1596//1596 1859//1859
f 1859//1859 1596//1596 1495//1495
f 1596//1596 2377//2377 1495//1495
f 1495//1495 2377//2377 1494//1494
f 2377//2377 1843//1843 1494//1494
f 1494//1494 1843//1843 2378//2378
f 1843//1843 1844//1844 2378//2378
f 2378//2378 1844//1844 1483//1483
f 1844//1844 1603//1603 1483//1483
f 1483//1483 1603//1603 1484//1484
f 1603//1603 1602//1602 1484//1484
f 1484//1484 1602//1602 1486//1486
f 1818//1818 1593//1593 1556//1556
f 1556//1556 1593//1593 2372//2372
f 1593//1593 1594//1594 2372//2372
f 2372//2372 1594//1594 1465//1465
f 1594//1594 979//979 1465//1465
f 1465//1465 979//979 1466//1466
f 979//979 978//978 1466//1466
f 978//978 1839//1839 1466//1466
f 1818//1818 1556//1556 1819//1819
f 1556//1556 1557//1557 1819//1819
f 1819//1819 1557//1557 965//965
f 1557//1557 1837//1837 965//965
f 1825//1825 1824//1824 1846//1846
f 1825//1825 1846//1846 966//966
f 1825//1825 966//966 965//965
f 1825//1825 965//965 1837//1837
f 1846//1846 1824//1824 1847//1847
f 1824//1824 2373//2373 1847//1847
f 1847//1847 2373//2373 2379//2379
f 2373//2373 1822//1822 2379//2379
f 957//957 1858//1858 1833//1833
f 1833//1833 1858//1858 1832//1832
f 1858//1858 2379//2379 1832//1832
f 1832//1832 2379//2379 1822//1822
f 1872//1872 943//943 1866//1866
f 943//943 942//942 1866//1866
f 1866//1866 942//942 1450//1450
f 942//942 949//949 1450//1450
f 1450//1450 949//949 1449//1449
f 949//949 948//948 1449//1449
f 1449//1449 948//948 1852//1852
f 948//948 1854//1854 1852//1852
f 1852//1852 1854//1854 1851//1851
f 1854//1854 1853//1853 1851//1851
f 1851//1851 1853//1853 1850//1850
f 1853//1853 2381//2381 1850//1850
f 1850//1850 2381//2381 1849//1849
f 2381//2381 1590//1590 1849//1849
f 1849//1849 1590//1590 2380//2380
f 1590//1590 1591//1591 2380//2380
f 2380//2380 1591//1591 1553//1553
f 1591//1591 958//958 1553//1553
f 1553//1553 958//958 1554//1554
f 958//958 957//957 1554//1554
f 1554//1554 957//957 1833//1833
f 1864//1864 2390//2390 2384//2384
f 2390//2390 1873//1873 2384//2384
f 2384//2384 1873//1873 1865//1865
f 1873//1873 1872//1872 1865//1865
f 1865//1865 1872//1872 1866//1866
f 932//932 1874//1874 1869//1869
f 1869//1869 1874//1874 1868//1868
f 1874//1874 2390//2390 1868//1868
f 1868//1868 2390//2390 1864//1864
f 1578//1578 926//926 1889//1889
f 926//926 925//925 1889//1889
f 1889//1889 925//925 1893//1893
f 925//925 1895//1895 1893//1893
f 1893//1893 1895//1895 1892//1892
f 1895//1895 1894//1894 1892//1892
f 1892//1892 1894//1894 1437//1437
f 1894//1894 2397//2397 1437//1437
f 1437//1437 2397//2397 1436//1436
f 2397//2397 1884//1884 1436//1436
f 1436//1436 1884//1884 2398//2398
f 1884//1884 1883//1883 2398//2398
f 2398//2398 1883//1883 1877//1877
f 1883//1883 933//933 1877//1877
f 1877//1877 933//933 1876//1876
f 933//933 932//932 1876//1876
f 1876//1876 932//932 1869//1869
f 1886//1886 2409//2409 2399//2399
f 2409//2409 1579//1579 2399//2399
f 2399//2399 1579//1579 1888//1888
f 1579//1579 1578//1578 1888//1888
f 1888//1888 1578//1578 1889//1889
f 1886//1886 1428//1428 1909//1909
f 1886//1886 1909//1909 2409//2409
f 1429//1429 1910//1910 879//879
f 1429//1429 879//879 1909//1909
f 1429//1429 1909//1909 1428//1428
f 1977//1977 903//903 1957//1957
f 903//903 902//902 1957//1957
f 1957//1957 902//902 1940//1940
f 902//902 1942//1942 1940//1940
f 1940//1940 1942//1942 1939//1939
f 1942//1942 1941//1941 1939//1939
f 1939//1939 1941//1941 1932//1932
f 1941//1941 2418//2418 1932//1932
f 1932//1932 2418//2418 1931//1931
f 2418//2418 894//894 1931//1931
f 1931//1931 894//894 2419//2419
f 894//894 895//895 2419//2419
f 2419//2419 895//895 1545//1545
f 895//895 890//890 1545//1545
f 1545//1545 890//890 1546//1546
f 890//890 889//889 1546//1546
f 1546//1546 889//889 1935//1935
f 889//889 918//918 1935//1935
f 1935//1935 918//918 1934//1934
f 918//918 917//917 1934//1934
f 1934//1934 917//917 1550//1550
f 917//917 2417//2417 1550//1550
f 1550//1550 2417//2417 1549//1549
f 2417//2417 1929//1929 1549//1549
f 1549//1549 1929//1929 2414//2414
f 1929//1929 1928//1928 2414//2414
f 2414//2414 1928//1928 1911//1911
f 1928//1928 880//880 1911//1911
f 1911//1911 880//880 1910//1910
f 880//880 879//879 1910//1910
f 1955//1955 2432//2432 2424//2424
f 2432//2432 1978//1978 2424//2424
f 2424//2424 1978//1978 1956//1956
f 1978//1978 1977//1977 1956//1956
f 1956//1956 1977//1977 1957//1957
f 912//912 1982//1982 1960//1960
f 1960//1960 1982//1982 1959//1959
f 1982//1982 2432//2432 1959//1959
f 1959//1959 2432//2432 1955//1955
f 1542//1542 1541//1541 1997//1997
f 1542//1542 1997//1997 913//913
f 1542//1542 913//913 912//912
f 1542//1542 912//912 1960//1960
f 1997//1997 1541//1541 1998//1998
f 1541//1541 2434//2434 1998//1998
f 1998//1998 2434//2434 2442//2442
f 2434//2434 1980//1980 2442//2442
f 873//873 875//875 1985//1985
f 1985//1985 875//875 1984//1984
f 875//875 2442//2442 1984//1984
f 1984//1984 2442//2442 1980//1980
f 2044//2044 1587//1587 2019//2019
f 1587//1587 1586//1586 2019//2019
f 2019//2019 1586//1586 2014//2014
f 1586//1586 2024//2024 2014//2014
f 2014//2014 2024//2024 2013//2013
f 2024//2024 2023//2023 2013//2013
f 2013//2013 2023//2023 1406//1406
f 2023//2023 2447//2447 1406//1406
f 1406//1406 2447//2447 1405//1405
f 2447//2447 2022//2022 1405//1405
f 1405//1405 2022//2022 2446//2446
f 2022//2022 2021//2021 2446//2446
f 2446//2446 2021//2021 2001//2001
f 2021//2021 874//874 2001//2001
f 2001//2001 874//874 2000//2000
f 874//874 873//873 2000//2000
f 2000//2000 873//873 1985//1985
f 2017//2017 2458//2458 2449//2449
f 2458//2458 2045//2045 2449//2449
f 2449//2449 2045//2045 2018//2018
f 2045//2045 2044//2044 2018//2018
f 2018//2018 2044//2044 2019//2019
f 855//855 2046//2046 2028//2028
f 2028//2028 2046//2046 2027//2027
f 2046//2046 2458//2458 2027//2027
f 2027//2027 2458//2458 2017//2017
f 2063//2063 2062//2062 2061//2061
f 2061//2061 2062//2062 2049//2049
f 2062//2062 856//856 2049//2049
f 2049//2049 856//856 2048//2048
f 856//856 855//855 2048//2048
f 2048//2048 855//855 2028//2028
f 2467//2467 2070//2070 2060//2060
f 2070//2070 2063//2063 2060//2060
f 2063//2063 2061//2061 2060//2060
f 2090//2090 2069//2069 1532//1532
f 2069//2069 2068//2068 1532//1532
f 1532//1532 2068//2068 1504//1504
f 2068//2068 2467//2467 1504//1504
f 1504//1504 2467//2467 1503//1503
f 2467//2467 2060//2060 1503//1503
f 2066//2066 2475//2475 2466//2466
f 2475//2475 2091//2091 2466//2466
f 2466//2466 2091//2091 1531//1531
f 2091//2091 2090//2090 1531//1531
f 1531//1531 2090//2090 1532//1532
f 851//851 850//850 2073//2073
f 2073//2073 850//850 2072//2072
f 850//850 2475//2475 2072//2072
f 2072//2072 2475//2475 2066//2066
f 1512//1512 1511//1511 2102//2102
f 1512//1512 2102//2102 870//870
f 1512//1512 870//870 851//851
f 1512//1512 851//851 2073//2073
f 2102//2102 1511//1511 2103//2103
f 1511//1511 2476//2476 2103//2103
f 2103//2103 2476//2476 2480//2480
f 2476//2476 2093//2093 2480//2480
f 847//847 2480//2480 2093//2093
f 847//847 2093//2093 2096//2096
f 847//847 2096//2096 2097//2097
f 847//847 2097//2097 848//848
f 2130//2130 2114//2114 2110//2110
f 2114//2114 848//848 2110//2110
f 2110//2110 848//848 2097//2097
f 2106//2106 2489//2489 2481//2481
f 2489//2489 2131//2131 2481//2481
f 2481//2481 2131//2131 2109//2109
f 2131//2131 2130//2130 2109//2109
f 2109//2109 2130//2130 2110//2110
f 1736//1736 2133//2133 2113//2113
f 2113//2113 2133//2133 2112//2112
f 2133//2133 2489//2489 2112//2112
f 2112//2112 2489//2489 2106//2106
f 1524//1524 1523//1523 1730//1730
f 1524//1524 1730//1730 1737//1737
f 1524//1524 1737//1737 1736//1736
f 1524//1524 1736//1736 2113//2113
f 1730//1730 1523//1523 1731//1731
f 1523//1523 2491//2491 1731//1731
f 1731//1731 2491//2491 2496//2496
f 2491//2491 2132//2132 2496//2496
f 2148//2148 2496//2496 2132//2132
f 2148//2148 2132//2132 1518//1518
f 2148//2148 1518//1518 1519//1519
f 2148//2148 1519//1519 1725//1725
f 845//845 1726//1726 2144//2144
f 1726//1726 1725//1725 2144//2144
f 2144//2144 1725//1725 1519//1519
f 2498//2498 844//844 2497//2497
f 844//844 845//845 2497//2497
f 2497//2497 845//845 2143//2143
f 845//845 2144//2144 2143//2143
f 2151//2151 1722//1722 2147//2147
f 1722//1722 1721//1721 2147//2147
f 2147//2147 1721//1721 2146//2146
f 1721//1721 2498//2498 2146//2146
f 2146//2146 2498//2498 2497//2497
f 2514//2514 2186//2186 2513//2513
f 2186//2186 2185//2185 2513//2513
f 2513//2513 2185//2185 2175//2175
f 2185//2185 2177//2177 2175//2175
f 2175//2175 2177//2177 2174//2174
f 2177//2177 2176//2176 2174//2174
f 2174//2174 2176//2176 2152//2152
f 2176//2176 1722//1722 2152//2152
f 2152//2152 1722//1722 2151//2151
f 2188//2188 2187//2187 1378//1378
f 2187//2187 2514//2514 1378//1378
f 1378//1378 2514//2514 1377//1377
f 2514//2514 2513//2513 1377//1377
f 2205//2205 1712//1712 2194//2194
f 1712//1712 1711//1711 2194//2194
f 2194//2194 1711//1711 1536//1536
f 1711//1711 2188//2188 1536//1536
f 2188//2188 1378//1378 1536//1536
f 2192//2192 2521//2521 2516//2516
f 2521//2521 2206//2206 2516//2516
f 2516//2516 2206//2206 2193//2193
f 2206//2206 2205//2205 2193//2193
f 2193//2193 2205//2205 2194//2194
f 2192//2192 2197//2197 2207//2207
f 2192//2192 2207//2207 2521//2521
f 2198//2198 2211//2211 1703//1703
f 2198//2198 1703//1703 2207//2207
f 2198//2198 2207//2207 2197//2197
f 2213//2213 2525//2525 2523//2523
f 2525//2525 1698//1698 2523//2523
f 2523//2523 1698//1698 2210//2210
f 1698//1698 1697//1697 2210//2210
f 2210//2210 1697//1697 2211//2211
f 1697//1697 1704//1704 2211//2211
f 2211//2211 1704//1704 1703//1703
f 1692//1692 2217//2217 2216//2216
f 2216//2216 2217//2217 2215//2215
f 2217//2217 2525//2525 2215//2215
f 2215//2215 2525//2525 2213//2213
f 2529//2529 2227//2227 2527//2527
f 2227//2227 2226//2226 2527//2527
f 2527//2527 2226//2226 2220//2220
f 2226//2226 1693//1693 2220//2220
f 2220//2220 1693//1693 2219//2219
f 1693//1693 1692//1692 2219//2219
f 2219//2219 1692//1692 2216//2216
f 839//839 838//838 1367//1367
f 838//838 2529//2529 1367//1367
f 1367//1367 2529//2529 1366//1366
f 2529//2529 2527//2527 1366//1366
f 836//836 1685//1685 2231//2231
f 1685//1685 1684//1684 2231//2231
f 2231//2231 1684//1684 2224//2224
f 1684//1684 839//839 2224//2224
f 839//839 1367//1367 2224//2224
f 2532//2532 835//835 2530//2530
f 835//835 836//836 2530//2530
f 2530//2530 836//836 2230//2230
f 836//836 2231//2231 2230//2230
f 1361//1361 2235//2235 2233//2233
f 2235//2235 2234//2234 2233//2233
f 2233//2233 2234//2234 2232//2232
f 2234//2234 2532//2532 2232//2232
f 2232//2232 2532//2532 2530//2530
f 2537//2537 2244//2244 2535//2535
f 2244//2244 2243//2243 2535//2535
f 2535//2535 2243//2243 2237//2237
f 2243//2243 1679//1679 2237//2237
f 2237//2237 1679//1679 2236//2236
f 1679//1679 1678//1678 2236//2236
f 2236//2236 1678//1678 1362//1362
f 1678//1678 2235//2235 1362//1362
f 1362//1362 2235//2235 1361//1361
f 1665//1665 1672//1672 1351//1351
f 1672//1672 1671//1671 1351//1351
f 1351//1351 1671//1671 2241//2241
f 1671//1671 2246//2246 2241//2241
f 2241//2241 2246//2246 2240//2240
f 2246//2246 2245//2245 2240//2240
f 2240//2240 2245//2245 1355//1355
f 2245//2245 2537//2537 1355//1355
f 1355//1355 2537//2537 1354//1354
f 2537//2537 2535//2535 1354//1354
f 2249//2249 2541//2541 2539//2539
f 2541//2541 1666//1666 2539//2539
f 2539//2539 1666//1666 1350//1350
f 1666//1666 1665//1665 1350//1350
f 1350//1350 1665//1665 1351//1351
f 2249//2249 2252//2252 829//829
f 2249//2249 829//829 2541//2541
f 2253//2253 1761//1761 830//830
f 2253//2253 830//830 829//829
f 2253//2253 829//829 2252//2252
f 2259//2259 2258//2258 2255//2255
f 2258//2258 2544//2544 2255//2255
f 2255//2255 2544//2544 2254//2254
f 2544//2544 826//826 2254//2254
f 2254//2254 826//826 2542//2542
f 826//826 827//827 2542//2542
f 2542//2542 827//827 1760//1760
f 827//827 1661//1661 1760//1760
f 1760//1760 1661//1661 1761//1761
f 1661//1661 830//830 1761//1761
f 2255//2255 2256//2256 2259//2259
f 2256//2256 2257//2257 2259//2259
f 2259//2259 2257//2257 1657//1657
f 2257//2257 1766//1766 1657//1657
f 1657//1657 1766//1766 1658//1658
f 1766//1766 1767//1767 1658//1658
f 1658//1658 1767//1767 2261//2261
f 1650//1650 1649//1649 2260//2260
f 2260//2260 1649//1649 2261//2261
f 1649//1649 1658//1658 2261//2261
f 1650//1650 2260//2260 2268//2268
f 2260//2260 2548//2548 2268//2268
f 2268//2268 2548//2548 2550//2550
f 2548//2548 1345//1345 2550//2550
f 2550//2550 1345//1345 2265//2265
f 1345//1345 1346//1346 2265//2265
f 2265//2265 1346//1346 2263//2263
f 2265//2265 2263//2263 2266//2266
f 2263//2263 2264//2264 2266//2266
f 2266//2266 2264//2264 2273//2273
f 2264//2264 2270//2270 2273//2273
f 2273//2273 2270//2270 2274//2274
f 2270//2270 2271//2271 2274//2274
f 2274//2274 2271//2271 2553//2553
f 1641//1641 2275//2275 1339//1339
f 1339//1339 2275//2275 1338//1338
f 2275//2275 2552//2552 1338//1338
f 1338//1338 2552//2552 2553//2553
f 2552//2552 2274//2274 2553//2553
f 1334//1334 1335//1335 1642//1642
f 1334//1334 1642//1642 1641//1641
f 1334//1334 1641//1641 1339//1339
f 2283//2283 818//818 2556//2556
f 2556//2556 818//818 2281//2281
f 818//818 819//819 2281//2281
f 2281//2281 819//819 2282//2282
f 819//819 1642//1642 2282//2282
f 2282//2282 1642//1642 1335//1335
f 2287//2287 1633//1633 2286//2286
f 1633//1633 1632//1632 2286//2286
f 2286//2286 1632//1632 2280//2280
f 1632//1632 2284//2284 2280//2280
f 2280//2280 2284//2284 2279//2279
f 2284//2284 2283//2283 2279//2279
f 2279//2279 2283//2283 2556//2556
f 1625//1625 2299//2299 2291//2291
f 2299//2299 2298//2298 2291//2291
f 2291//2291 2298//2298 2290//2290
f 2298//2298 2560//2560 2290//2290
f 2290//2290 2560//2560 2559//2559
f 2560//2560 2297//2297 2559//2559
f 2559//2559 2297//2297 2292//2292
f 2297//2297 2296//2296 2292//2292
f 2292//2292 2296//2296 2293//2293
f 2296//2296 1633//1633 2293//2293
f 2293//2293 1633//1633 2287//2287
f 2306//2306 813//813 2303//2303
f 813//813 1626//1626 2303//2303
f 2303//2303 1626//1626 2302//2302
f 1626//1626 1625//1625 2302//2302
f 2302//2302 1625//1625 2291//2291
f 2307//2307 2564//2564 812//812
f 2307//2307 812//812 813//813
f 2307//2307 813//813 2306//2306
f 1326//1326 1327//1327 2305//2305
f 1326//1326 2305//2305 2304//2304
f 1326//1326 2304//2304 2562//2562
f 1326//1326 2562//2562 812//812
f 1326//1326 812//812 2564//2564
f 2305//2305 1327//1327 801//801
f 1327//1327 2309//2309 801//801
f 801//801 2309//2309 802//802
f 2309//2309 2310//2310 802//802
f 802//802 2310//2310 2312//2312
f 2312//2312 2311//2311 1786//1786
f 2312//2312 1786//1786 1785//1785
f 2312//2312 1785//1785 802//802
f 2566//2566 1777//1777 2314//2314
f 2566//2566 2314//2314 2567//2567
f 2566//2566 2567//2567 1786//1786
f 2566//2566 1786//1786 2311//2311
f 1778//1778 2318//2318 391//391
f 1778//1778 391//391 2315//2315
f 1778//1778 2315//2315 2314//2314
f 1778//1778 2314//2314 1777//1777
f 2327//2327 2329//2329 1306//1306
f 2329//2329 1782//1782 1306//1306
f 1306//1306 1782//1782 1306//1306
f 1782//1782 1783//1783 1306//1306
f 1306//1306 1783//1783 2328//2328
f 1783//1783 2330//2330 2328//2328
f 2328//2328 2330//2330 2338//2338
f 2330//2330 2337//2337 2338//2338
f 2338//2338 2337//2337 1565//1565
f 2337//2337 1317//1317 1565//1565
f 1565//1565 1317//1317 1564//1564
f 1317//1317 1317//1317 1564//1564
f 1564//1564 1317//1317 2326//2326
f 1317//1317 2325//2325 2326//2326
f 2326//2326 2325//2325 2340//2340
f 2325//2325 2341//2341 2340//2340
f 2340//2340 2341//2341 350//350
f 2341//2341 363//363 350//350
f 350//350 363//363 349//349
f 363//363 362//362 349//349
f 349//349 362//362 2333//2333
f 362//362 2334//2334 2333//2333
f 2333//2333 2334//2334 2332//2332
f 2334//2334 2335//2335 2332//2332
f 2332//2332 2335//2335 1241//1241
f 2335//2335 369//369 1241//1241
f 1241//1241 369//369 1242//1242
f 369//369 370//370 1242//1242
f 1242//1242 370//370 2343//2343
f 370//370 2344//2344 2343//2343
f 2343//2343 2344//2344 2339//2339
f 2344//2344 2342//2342 2339//2339
f 2339//2339 2342//2342 334//334
f 2342//2342 376//376 334//334
f 334//334 376//376 333//333
f 376//376 377//377 333//333
f 333//333 377//377 2331//2331
f 377//377 2345//2345 2331//2331
f 2331//2331 2345//2345 2346//2346
f 2345//2345 2336//2336 2346//2346
f 2346//2346 2336//2336 1196//1196
f 2336//2336 1792//1792 1196//1196
f 1196//1196 1792//1792 1196//1196
f 1792//1792 1793//1793 1196//1196
f 1196//1196 1793//1793 2349//2349
f 1793//1793 2348//2348 2349//2349
f 2349//2349 2348//2348 2347//2347
f 2348//2348 380//380 2347//2347
f 2347//2347 380//380 1300//1300
f 380//380 380//380 1300//1300
f 1300//1300 380//380 1300//1300
f 380//380 381//381 1300//1300
f 1300//1300 381//381 2352//2352
f 381//381 2350//2350 2352//2352
f 2352//2352 2350//2350 2354//2354
f 2350//2350 2353//2353 2354//2354
f 2354//2354 2353//2353 420//420
f 2353//2353 386//386 420//420
f 420//420 386//386 419//419
f 386//386 386//386 419//419
f 419//419 386//386 419//419
f 386//386 2351//2351 419//419
f 419//419 2351//2351 2357//2357
f 2351//2351 2356//2356 2357//2357
f 2357//2357 2356//2356 1321//1321
f 2356//2356 387//387 1321//1321
f 1321//1321 387//387 1320//1320
f 387//387 387//387 1320//1320
f 1320//1320 387//387 1320//1320
f 387//387 2355//2355 1320//1320
f 1320//1320 2355//2355 2359//2359
f 2355//2355 2358//2358 2359//2359
f 2359//2359 2358//2358 354//354
f 2358//2358 307//307 354//354
f 354//354 307//307 355//355
f 307//307 308//308 355//355
f 355//355 308//308 2360//2360
f 308//308 308//308 2360//2360
f 2360//2360 308//308 2322//2322
f 308//308 2324//2324 2322//2322
f 2322//2322 2324//2324 2321//2321
f 2324//2324 2323//2323 2321//2321
f 2321//2321 2323//2323 2319//2319
f 2323//2323 392//392 2319//2319
f 2319//2319 392//392 2318//2318
f 392//392 391//391 2318//2318
f 1129//1129 2169//2169 2157//2157
f 1129//1129 2157//2157 2165//2165
f 1129//1129 2165//2165 1130//1130
f 2169//2169 2505//2505 1079//1079
f 2169//2169 1079//1079 1080//1080
f 2169//2169 1080//1080 2157//2157
f 2153//2153 2154//2154 2159//2159
f 2154//2154 2502//2502 2159//2159
f 2159//2159 2502//2502 2167//2167
f 2502//2502 1079//1079 2167//2167
f 2167//2167 1079//1079 2505//2505
f 1066//1066 1067//1067 2137//2137
f 1067//1067 1072//1072 2137//2137
f 2137//2137 1072//1072 2138//2138
f 1072//1072 1073//1073 2138//2138
f 2138//2138 1073//1073 2158//2158
f 1073//1073 2153//2153 2158//2158
f 2158//2158 2153//2153 2159//2159
f 2120//2120 2121//2121 1066//1066
f 2120//2120 1066//1066 2137//2137
f 2120//2120 2137//2137 2493//2493
f 2120//2120 2493//2493 2140//2140
f 2120//2120 2140//2140 2487//2487
f 2140//2140 2136//2136 2487//2487
f 2487//2487 2136//2136 2122//2122
f 2136//2136 2135//2135 2122//2122
f 2122//2122 2135//2135 2125//2125
f 2125//2125 2124//2124 2117//2117
f 2125//2125 2117//2117 2123//2123
f 2125//2125 2123//2123 2122//2122
f 2117//2117 2124//2124 1624//1624
f 2124//2124 2486//2486 1624//1624
f 1624//1624 2486//2486 1623//1623
f 2486//2486 2127//2127 1623//1623
f 1623//1623 2127//2127 1147//1147
f 2079//2079 2086//2086 2473//2473
f 2086//2086 2087//2087 2473//2473
f 2473//2473 2087//2087 1254//1254
f 2087//2087 2099//2099 1254//1254
f 1254//1254 2099//2099 1255//1255
f 2099//2099 2100//2100 1255//1255
f 1255//1255 2100//2100 1146//1146
f 2100//2100 2484//2484 1146//1146
f 1146//1146 2484//2484 1147//1147
f 2484//2484 1623//1623 1147//1147
f 2473//2473 1251//1251 2079//2079
f 2079//2079 1251//1251 2470//2470
f 1251//1251 1252//1252 2470//2470
f 2470//2470 1252//1252 2080//2080
f 1252//1252 1158//1158 2080//2080
f 2080//2080 1158//1158 1157//1157
f 1157//1157 2082//2082 1050//1050
f 1157//1157 1050//1050 2081//2081
f 1157//1157 2081//2081 2080//2080
f 2082//2082 2471//2471 2052//2052
f 2082//2082 2052//2052 1049//1049
f 2082//2082 1049//1049 1050//1050
f 2084//2084 2076//2076 2462//2462
f 2084//2084 2462//2462 2052//2052
f 2084//2084 2052//2052 2471//2471
f 2076//2076 2075//2075 2053//2053
f 2076//2076 2053//2053 2462//2462
f 1040//1040 1041//1041 2055//2055
f 1041//1041 2054//2054 2055//2055
f 2055//2055 2054//2054 2056//2056
f 2054//2054 2053//2053 2056//2056
f 2056//2056 2053//2053 2075//2075
f 2036//2036 1040//1040 2055//2055
f 2036//2036 2055//2055 2463//2463
f 2036//2036 2463//2463 2058//2058
f 2036//2036 2058//2058 2454//2454
f 2058//2058 1221//1221 2454//2454
f 2454//2454 1221//1221 2037//2037
f 1221//1221 1220//1220 2037//2037
f 2037//2037 1220//1220 2040//2040
f 2040//2040 2039//2039 2033//2033
f 2040//2040 2033//2033 2038//2038
f 2040//2040 2038//2038 2037//2037
f 2033//2033 2039//2039 1620//1620
f 2039//2039 2455//2455 1620//1620
f 1620//1620 2455//2455 1619//1619
f 2455//2455 2042//2042 1619//1619
f 1619//1619 2042//2042 2031//2031
f 1235//1235 2007//2007 1234//1234
f 2007//2007 2008//2008 1234//1234
f 1234//1234 2008//2008 2030//2030
f 2008//2008 2451//2451 2030//2030
f 2030//2030 2451//2451 2031//2031
f 2451//2451 1619//1619 2031//2031
f 1993//1993 1028//1028 2004//2004
f 1028//1028 1029//1029 2004//2004
f 2004//2004 1029//1029 2005//2005
f 1029//1029 2007//2007 2005//2005
f 2005//2005 2007//2007 1235//1235
f 2004//2004 2444//2444 1993//1993
f 1993//1993 2444//2444 2438//2438
f 2444//2444 318//318 2438//2438
f 2438//2438 318//318 1994//1994
f 318//318 317//317 1994//1994
f 1994//1994 317//317 1989//1989
f 1019//1019 1020//1020 1988//1988
f 1020//1020 1995//1995 1988//1988
f 1988//1988 1995//1995 1989//1989
f 1995//1995 1994//1994 1989//1989
f 1969//1969 1019//1019 1988//1988
f 1969//1969 1988//1988 2439//2439
f 1969//1969 2439//2439 1991//1991
f 1969//1969 1991//1991 2429//2429
f 1991//1991 1987//1987 2429//2429
f 2429//2429 1987//1987 1971//1971
f 1987//1987 1986//1986 1971//1971
f 1971//1971 1986//1986 1965//1965
f 1965//1965 1964//1964 1973//1973
f 1965//1965 1973//1973 1972//1972
f 1965//1965 1972//1972 1971//1971
f 1973//1973 1964//1964 1616//1616
f 1964//1964 2430//2430 1616//1616
f 1616//1616 2430//2430 1615//1615
f 2430//2430 1967//1967 1615//1615
f 1615//1615 1967//1967 1962//1962
f 1924//1924 1951//1951 1948//1948
f 1951//1951 1952//1952 1948//1948
f 1948//1948 1952//1952 1961//1961
f 1952//1952 2426//2426 1961//1961
f 1961//1961 2426//2426 1962//1962
f 2426//2426 1615//1615 1962//1962
f 1947//1947 2421//2421 1919//1919
f 1947//1947 1919//1919 1923//1923
f 1947//1947 1923//1923 1924//1924
f 1947//1947 1924//1924 1948//1948
f 1945//1945 1946//1946 2410//2410
f 1945//1945 2410//2410 1919//1919
f 1945//1945 1919//1919 2421//2421
f 1944//1944 1943//1943 1920//1920
f 1944//1944 1920//1920 2410//2410
f 1944//1944 2410//2410 1946//1946
f 1290//1290 1289//1289 1906//1906
f 1290//1290 1906//1906 1921//1921
f 1290//1290 1921//1921 1920//1920
f 1290//1290 1920//1920 1943//1943
f 1289//1289 2411//2411 1901//1901
f 1289//1289 1901//1901 1905//1905
f 1289//1289 1905//1905 1906//1906
f 1106//1106 2180//2180 2520//2520