# https://github.com/mikedh/trimesh
v 0.10753200 0.08085900 0.03807000
v 0.10675400 0.08085900 0.03807000
v 0.10675400 0.08009400 0.03807000
v 0.11670400 0.08787300 0.03241200
v 0.10675400 0.08085900 0.03995700
v 0.11670400 0.09193800 0.04219500
v 0.12950600 0.09842100 0.02634300
v 0.11670400 0.08138700 0.02404500
v 0.07985960 0.05669400 0.04873800
v 0.07985960 0.05551500 0.04779600
v 0.04669230 0.05610600 0.04826700
v 0.04669230 0.05551500 0.04779600
v 0.01357770 0.05551500 0.04779600
v 0.01357770 0.05669400 0.04873800
v 0.00000000 0.08409900 0.02133300
v 0.00000000 0.09111300 0.03052500
v 0.00000000 0.09553200 0.04125300
v 0.00000000 0.05268900 0.04125300
v 0.00000000 0.05268900 0.03052500
v 0.00000000 0.05050500 0.03588900
v 0.00000000 0.02133300 0.02133300
v 0.00000000 0.04921200 0.02592900
v 0.00000000 0.01431900 0.03052500
v 0.00000000 0.03052500 0.01431900
v 0.00000000 0.07490400 0.01431900
v 0.00000000 0.04125300 0.00990000
v 0.00000000 0.06417900 0.00990000
v 0.00000000 0.06417900 0.09553200
v 0.00000000 0.04125300 0.09553200
v 0.00000000 0.07490400 0.09111300
v 0.00000000 0.05268900 0.00836700
v 0.00000000 0.05268900 0.07490400
v 0.00000000 0.09111300 0.07490400
v 0.00000000 0.05622300 0.07950300
v 0.00000000 0.05268900 0.09706500
v 0.00000000 0.03052500 0.09111300
v 0.00000000 0.08409900 0.08409900
v 0.00000000 0.05268900 0.05268900
v 0.00000000 0.05345400 0.05846400
v 0.00000000 0.00990000 0.06417900
v 0.00000000 0.02133300 0.08409900
v 0.00000000 0.05492700 0.06954300
v 0.00000000 0.00836700 0.05268900
v 0.00000000 0.09706500 0.05268900
v 0.00000000 0.09553200 0.06417900
v 0.00000000 0.05197800 0.04697100
v 0.00000000 0.05268900 0.06417900
v 0.00000000 0.01431900 0.07490400
v 0.00000000 0.00990000 0.04125300
v 0.01357770 0.04873800 0.04873800
v 0.01357770 0.04985700 0.04779600
v 0.01357770 0.05127300 0.04726500
v 0.01357770 0.05268900 0.04708800
v 0.04669230 0.05197800 0.04714500
v 0.04669230 0.05127300 0.04726500
v 0.07985960 0.05127300 0.04726500
v 0.07985960 0.05268900 0.04708800
v 0.04669230 0.05268900 0.04708800
v 0.04669230 0.05345400 0.04714500
v 0.01357770 0.05416200 0.04726500
v 0.04669230 0.05486700 0.04755900
v 0.04669230 0.05416200 0.04726500
v 0.07985960 0.05416200 0.04726500
v 0.11670400 0.06323700 0.01349700
v 0.11670400 0.05268900 0.01214100
v 0.12950600 0.06636000 0.00176701
v 0.11670400 0.07302000 0.01756200
v 0.12950600 0.07909200 0.00701100
v 0.12950600 0.08999400 0.01544100
v 0.12950600 0.07011000 0.01574100
v 0.12950600 0.04884900 0.09353400
v 0.12950600 0.06636000 0.10366500
v 0.12950600 0.04917000 0.09355800
v 0.12950600 0.06249300 0.09265500
v 0.12950600 0.06186900 0.09280500
v 0.12950600 0.08178300 0.02378100
v 0.12950600 0.08123700 0.02326200
v 0.12950600 0.01544100 0.01544100
v 0.12950600 0.02936400 0.01965600
v 0.12950600 0.03086700 0.01862400
v 0.12950600 0.08046300 0.02252700
v 0.12950600 0.08022000 0.02232000
v 0.12950600 0.05098200 0.09370200
v 0.12950600 0.04884300 0.09353400
v 0.12950600 0.02634300 0.09842100
v 0.12950600 0.04672800 0.09325500
v 0.12950600 0.04704600 0.09329700
v 0.12950600 0.00176701 0.06636000
v 0.12950600 0.00701100 0.07909200
v 0.12950600 0.02910300 0.08595300
v 0.12950600 0.04254600 0.09236700
v 0.12950600 0.04462500 0.09286500
v 0.12950600 0.04285500 0.09243900
v 0.12950600 0.04049400 0.09175800
v 0.12950600 0.04080000 0.09184800
v 0.12950600 0.03456900 0.08930400
v 0.12950600 0.03485700 0.08943900
v 0.12950600 0.03268800 0.08828400
v 0.12950600 0.03297000 0.08843400
v 0.12950600 0.06327000 0.09246900
v 0.12950600 0.08999400 0.08999400
v 0.12950600 0.09417900 0.05816700
v 0.12950600 0.09198300 0.06552300
v 0.12950600 0.02766000 0.08484600
v 0.12950600 0.09207300 0.06521700
v 0.12950600 0.09259200 0.06347100
v 0.12950600 0.00176701 0.03907200
v 0.12950600 0.00000000 0.05268900
v 0.12950600 0.03113700 0.08733300
v 0.12950600 0.03230400 0.08804700
v 0.12950600 0.01497300 0.06753900
v 0.12950600 0.01494900 0.06747000
v 0.12950600 0.02577900 0.08326200
v 0.12950600 0.02445900 0.08200800
v 0.12950600 0.02740500 0.08465100
v 0.12950600 0.02422500 0.08178900
v 0.12950600 0.02136600 0.07861200
v 0.12950600 0.02025600 0.07716600
v 0.12950600 0.02297400 0.08046900
v 0.12950600 0.01686300 0.07172700
v 0.12950600 0.01671300 0.07144500
v 0.12950600 0.09187800 0.06582300
v 0.12950600 0.09126900 0.06753900
v 0.12950600 0.07829700 0.02072400
v 0.12950600 0.07797300 0.02047800
v 0.12950600 0.02910300 0.01983600
v 0.12950600 0.07915200 0.02140800
v 0.12950600 0.02885100 0.02003100
v 0.12950600 0.02117100 0.02743200
v 0.12950600 0.02136600 0.02718000
v 0.12950600 0.08487600 0.07861200
v 0.12950600 0.08486100 0.07863000
v 0.12950600 0.01544700 0.06868500
v 0.12950600 0.01539300 0.06855300
v 0.12950600 0.01593000 0.06980100
v 0.12950600 0.01489500 0.06731400
v 0.12950600 0.01535700 0.06846600
v 0.12950600 0.03060300 0.08698500
v 0.12950600 0.01518000 0.06804300
v 0.12950600 0.01436400 0.06582300
v 0.12950600 0.01509600 0.06783300
v 0.12950600 0.01365000 0.06347100
v 0.12950600 0.01322400 0.06170100
v 0.12950600 0.01425900 0.06552300
v 0.12950600 0.00701100 0.02634300
v 0.12950600 0.07382400 0.08811600
v 0.12950600 0.07355100 0.08828400
v 0.12950600 0.01315200 0.06138900
v 0.12950600 0.01252200 0.05748300
v 0.12950600 0.01248000 0.05716500
v 0.12950600 0.01281900 0.05960100
v 0.12950600 0.01226700 0.05321400
v 0.12950600 0.01225800 0.05289600
v 0.12950600 0.09370800 0.05755500
v 0.12950600 0.01233900 0.05535000
v 0.12950600 0.01773300 0.07332600
v 0.12950600 0.08555700 0.07772700
v 0.12950600 0.08523000 0.07815300
v 0.12950600 0.01230600 0.05107500
v 0.12950600 0.01231500 0.05075400
v 0.12950600 0.09375900 0.04862400
v 0.12950600 0.09371700 0.04830600
v 0.12950600 0.01239600 0.04970400
v 0.12950600 0.01276200 0.05928600
v 0.12950600 0.01240500 0.04959300
v 0.12950600 0.01242300 0.04938300
v 0.12950600 0.01244400 0.04910400
v 0.12950600 0.01284300 0.04606200
v 0.12950600 0.01297200 0.04536300
v 0.12950600 0.01245600 0.04894200
v 0.12950600 0.01251900 0.04834200
v 0.12950600 0.01258200 0.04786800
v 0.12950600 0.01265400 0.04732500
v 0.12950600 0.01322400 0.04408800
v 0.12950600 0.01328100 0.04386000
v 0.12950600 0.01272000 0.04681800
v 0.12950600 0.01304400 0.04496700
v 0.12950600 0.01309200 0.04471200
v 0.12950600 0.09348000 0.04650300
v 0.12950600 0.09342300 0.04618800
v 0.12950600 0.09309000 0.04440000
v 0.12950600 0.09301500 0.04408800
v 0.12950600 0.01346700 0.04307700
v 0.12950600 0.01365000 0.04231800
v 0.12950600 0.01366200 0.04228500
v 0.12950600 0.01389300 0.04150200
v 0.12950600 0.09290100 0.04360200
v 0.12950600 0.01412100 0.04072800
v 0.12950600 0.01416900 0.04057500
v 0.12950600 0.01425900 0.04026900
v 0.12950600 0.01436100 0.03997800
v 0.12950600 0.01458000 0.03935700
v 0.12950600 0.01486500 0.03855000
v 0.12950600 0.02349900 0.02476800
v 0.12950600 0.02400600 0.02423400
v 0.12950600 0.01566900 0.03657000
v 0.12950600 0.01579200 0.03627600
v 0.12950600 0.01868400 0.03091200
v 0.12950600 0.01884900 0.03063900
v 0.12950600 0.02006100 0.02887800
v 0.12950600 0.02304300 0.02524800
v 0.12950600 0.02740500 0.02113800
v 0.12950600 0.02422500 0.02400000
v 0.12950600 0.02445900 0.02378100
v 0.12950600 0.02465100 0.02359800
v 0.12950600 0.02716200 0.02134500
v 0.12950600 0.02577900 0.02252700
v 0.12950600 0.02532000 0.02296200
v 0.12950600 0.02524200 0.02303700
v 0.12950600 0.02406300 0.02417100
v 0.12950600 0.02294700 0.02535000
v 0.12950600 0.02275500 0.02555400
v 0.12950600 0.02254800 0.02579400
v 0.12950600 0.02242500 0.02593500
v 0.12950600 0.02193900 0.02650800
v 0.12950600 0.02187600 0.02658300
v 0.12950600 0.01903200 0.03037500
v 0.12950600 0.09259200 0.04231800
v 0.12950600 0.01773300 0.03246300
v 0.12950600 0.01686300 0.03406200
v 0.12950600 0.01671300 0.03434400
v 0.12950600 0.01657500 0.03463200
v 0.12950600 0.01497300 0.03825000
v 0.12950600 0.05268900 0.00000000
v 0.12950600 0.02634300 0.00701100
v 0.12950600 0.03109800 0.01848300
v 0.12950600 0.03169200 0.01811700
v 0.12950600 0.03239400 0.01768800
v 0.12950600 0.03268800 0.01750800
v 0.12950600 0.03311100 0.01728000
v 0.12950600 0.07858500 0.02094300
v 0.12950600 0.07877100 0.02108700
v 0.12950600 0.07861800 0.02097000
v 0.12950600 0.03650700 0.01556100
v 0.12950600 0.03709500 0.01531800
v 0.12950600 0.03847800 0.01474800
v 0.12950600 0.04019100 0.01413900
v 0.12950600 0.03453000 0.01650600
v 0.12950600 0.03456900 0.01648500
v 0.12950600 0.04254600 0.01342500
v 0.12950600 0.04285500 0.01335000
v 0.12950600 0.07008000 0.01572600
v 0.12950600 0.06983100 0.01560900
v 0.12950600 0.05098200 0.01208700
v 0.12950600 0.05280300 0.01204200
v 0.12950600 0.05494200 0.01207800
v 0.12950600 0.05312100 0.01203300
v 0.12950600 0.06694200 0.01445700
v 0.12950600 0.06636000 0.01424700
v 0.12950600 0.06400200 0.01351500
v 0.12950600 0.06397500 0.01350600
v 0.12950600 0.06215100 0.01305300
v 0.12950600 0.06161700 0.01292700
v 0.12950600 0.06081600 0.01277700
v 0.12950600 0.06008100 0.01264200
v 0.12950600 0.04049400 0.01403100
v 0.12950600 0.06159300 0.01291800
v 0.12950600 0.03818100 0.01486800
v 0.12950600 0.04224000 0.01351500
v 0.12950600 0.06574800 0.01403100
v 0.12950600 0.06552300 0.01396500
v 0.12950600 0.06746400 0.01464000
v 0.12950600 0.06776400 0.01474800
v 0.12950600 0.06758100 0.01467900
v 0.12950600 0.06625500 0.01421100
v 0.12950600 0.06974100 0.01556400
v 0.12950600 0.07713900 0.01983600
v 0.12950600 0.07687800 0.01965600
v 0.12950600 0.07908600 0.02135400
v 0.12950600 0.07888200 0.02117700
v 0.12950600 0.07883700 0.02113800
v 0.12950600 0.07537800 0.01862400
v 0.12950600 0.07355100 0.01750800
v 0.12950600 0.07327200 0.01735500
v 0.12950600 0.07510500 0.01845600
v 0.12950600 0.07167300 0.01648500
v 0.12950600 0.07138500 0.01634700
v 0.12950600 0.03428700 0.01663800
v 0.12950600 0.06951600 0.01547100
v 0.12950600 0.06944700 0.01544400
v 0.12950600 0.03650100 0.01556400
v 0.12950600 0.06913200 0.01531200
v 0.12950600 0.06868200 0.01512600
v 0.12950600 0.06816300 0.01491000
v 0.12950600 0.06476100 0.01374000
v 0.12950600 0.06369600 0.01342500
v 0.12950600 0.06338700 0.01335000
v 0.12950600 0.06317700 0.01329900
v 0.12950600 0.06237600 0.01310700
v 0.12950600 0.06130200 0.01286700
v 0.12950600 0.03762300 0.01509900
v 0.12950600 0.05951400 0.01253700
v 0.12950600 0.05526000 0.01208700
v 0.12950600 0.05919600 0.01249500
v 0.12950600 0.05739300 0.01225500
v 0.12950600 0.05557800 0.01211100
v 0.12950600 0.05066400 0.01211100
v 0.12950600 0.04884900 0.01225500
v 0.12950600 0.04704600 0.01249500
v 0.12950600 0.04672800 0.01253700
v 0.12950600 0.04641600 0.01259100
v 0.12950600 0.04462500 0.01292700
v 0.12950600 0.03588900 0.01585500
v 0.12950600 0.03485700 0.01634700
v 0.12950600 0.03522600 0.01617300
v 0.12950600 0.03382800 0.01689000
v 0.12950600 0.03241800 0.01767300
v 0.12950600 0.03907200 0.00176701
v 0.12950600 0.01544100 0.08999400
v 0.12950600 0.03907200 0.10366500
v 0.12950600 0.05268900 0.10543500
v 0.12950600 0.08999400 0.03531600
v 0.12950600 0.08937600 0.03406200
v 0.12950600 0.08850900 0.03246300
v 0.12950600 0.06974100 0.09022500
v 0.12950600 0.07002900 0.09008700
v 0.12950600 0.08583600 0.07735800
v 0.12950600 0.07167300 0.08930400
v 0.12950600 0.07739400 0.08576100
v 0.12950600 0.07713900 0.08595300
v 0.12950600 0.07883700 0.08465100
v 0.12950600 0.07537800 0.08716500
v 0.12950600 0.09187800 0.03996600
v 0.12950600 0.09126900 0.03825000
v 0.12950600 0.09198300 0.04026900
v 0.12950600 0.09375900 0.05716500
v 0.12950600 0.09378600 0.05684700
v 0.12950600 0.09207300 0.04057500
v 0.12950600 0.08397900 0.07966200
v 0.12950600 0.08367300 0.08001900
v 0.12950600 0.08178300 0.08200800
v 0.12950600 0.08127300 0.08249400
v 0.12950600 0.08348700 0.08023800
v 0.12950600 0.08296200 0.08079000
v 0.12950600 0.08046300 0.08326200
v 0.12950600 0.08013300 0.08354100
v 0.12950600 0.08241600 0.08136600
v 0.12950600 0.08223300 0.08155800
v 0.12950600 0.08349300 0.08023200
v 0.12950600 0.08369400 0.07999500
v 0.12950600 0.08070300 0.08303400
v 0.12950600 0.07966200 0.08394600
v 0.12950600 0.03086700 0.08716500
v 0.12950600 0.07908000 0.08444400
v 0.12950600 0.08185200 0.08194200
v 0.12950600 0.08201400 0.08178900
v 0.12950600 0.08443800 0.07912500
v 0.12950600 0.02716200 0.08444400
v 0.12950600 0.08507100 0.07835700
v 0.12950600 0.08607600 0.07704900
v 0.12950600 0.08617800 0.07691400
v 0.12950600 0.08640600 0.07658100
v 0.12950600 0.08626500 0.07678800
v 0.12950600 0.08721000 0.07541400
v 0.12950600 0.08739300 0.07515000
v 0.12950600 0.08755800 0.07487700
v 0.12950600 0.08793600 0.07425900
v 0.12950600 0.08850900 0.07332600
v 0.12950600 0.08937600 0.07172700
v 0.12950600 0.08952900 0.07144500
v 0.12950600 0.09057300 0.06921900
v 0.12950600 0.09045000 0.06951600
v 0.12950600 0.08966700 0.07115700
v 0.12950600 0.08999400 0.07047600
v 0.12950600 0.01579200 0.06951600
v 0.12950600 0.09266400 0.06315900
v 0.12950600 0.09309000 0.06138900
v 0.12950600 0.09315000 0.06107700
v 0.12950600 0.09348000 0.05928600
v 0.12950600 0.09352200 0.05897100
v 0.12950600 0.01416900 0.06521700
v 0.12950600 0.09392700 0.05503200
v 0.12950600 0.09397500 0.05321400
v 0.12950600 0.09398400 0.05289600
v 0.12950600 0.09397500 0.05257500
v 0.12950600 0.09392700 0.05075400
v 0.12950600 0.09378600 0.04894200
v 0.12950600 0.08201400 0.02400000
v 0.12950600 0.08348700 0.02555400
v 0.12950600 0.08326800 0.02532000
v 0.12950600 0.09057300 0.03657000
v 0.12950600 0.09045000 0.03627600
v 0.12950600 0.09031500 0.03598500
v 0.12950600 0.08952900 0.03434400
v 0.12950600 0.08834100 0.03219000
v 0.12950600 0.08747700 0.03078000
v 0.12950600 0.08739300 0.03063900
v 0.12950600 0.08636100 0.02913900
v 0.12950600 0.08617800 0.02887800
v 0.12950600 0.08507100 0.02743200
v 0.12950600 0.08487600 0.02718000
v 0.12950600 0.08369400 0.02579400
v 0.12950600 0.07687800 0.08613600
v 0.12950600 0.07327200 0.08843400
v 0.12950600 0.06944700 0.09034800
v 0.12950600 0.06776400 0.09104400
v 0.12950600 0.06636000 0.09153900
v 0.12950600 0.06625800 0.09157800
v 0.12950600 0.06604800 0.09165000
v 0.12950600 0.06480600 0.09203700
v 0.12950600 0.06555000 0.09181800
v 0.12950600 0.06544200 0.09184800
v 0.12950600 0.06404400 0.09226200
v 0.12950600 0.06369600 0.09236700
v 0.12950600 0.06173100 0.09283800
v 0.12950600 0.06192900 0.09279000
v 0.12950600 0.06098400 0.09298200
v 0.12950600 0.06027300 0.09311400
v 0.12950600 0.06026700 0.09311400
v 0.12950600 0.05960100 0.09323700
v 0.12950600 0.05951400 0.09325500
v 0.12950600 0.05896800 0.09332700
v 0.12950600 0.05839800 0.09340200
v 0.12950600 0.05789400 0.09346800
v 0.12950600 0.05770800 0.09349200
v 0.12950600 0.05707800 0.09355800
v 0.12950600 0.05676900 0.09358200
v 0.12950600 0.05652600 0.09360300
v 0.12950600 0.05635200 0.09361500
v 0.12950600 0.05631000 0.09361800
v 0.12950600 0.05526000 0.09370200
v 0.12950600 0.05557800 0.09367500
v 0.12950600 0.05739300 0.09353400
v 0.12950600 0.05343900 0.09375000
v 0.12950600 0.05280300 0.09375000
v 0.12950600 0.05312100 0.09375600
v 0.12950600 0.05745900 0.09352500
v 0.12950600 0.06130200 0.09292200
v 0.12950600 0.06161700 0.09286500
v 0.12950600 0.06574800 0.09175800
v 0.12950600 0.07909200 0.09842100
v 0.12950600 0.10366500 0.06636000
v 0.12950600 0.09842100 0.07909200
v 0.12950600 0.10366500 0.03907200
v 0.12950600 0.10543500 0.05268900
v 0.12950600 0.01315200 0.04440000
v 0.12950600 0.01311000 0.04462200
v 0.12950600 0.01276200 0.04650300
v 0.12950600 0.01273200 0.04671300
v 0.12950600 0.01248000 0.04862400
v 0.12950600 0.01247100 0.04875300
v 0.12950600 0.01231500 0.05503200
v 0.12950600 0.01868400 0.07487700
v 0.12950600 0.01884900 0.07515000
v 0.12950600 0.01903200 0.07541400
v 0.12950600 0.02006100 0.07690800
v 0.12950600 0.02254800 0.07999500
v 0.12950600 0.02006100 0.07691400
v 0.12950600 0.02275500 0.08023800
v 0.12950600 0.03650100 0.09022500
v 0.12950600 0.03877800 0.09114900
v 0.12950600 0.03847800 0.09104400
v 0.12950600 0.03679500 0.09034800
v 0.12950600 0.04494000 0.09292200
v 0.11878600 0.08046300 0.02252700
v 0.11878600 0.08201400 0.02400000
v 0.11878600 0.07758900 0.03555000
v 0.11878600 0.07756800 0.03552000
v 0.11878600 0.03086700 0.01862400
v 0.11878600 0.02796000 0.03655500
v 0.11878600 0.02813700 0.03629700
v 0.11878600 0.07828200 0.03655500
v 0.11878600 0.07767000 0.03566700
v 0.11878600 0.02654100 0.03900300
v 0.11878600 0.02713800 0.03789600
v 0.11878600 0.02779800 0.03681900
v 0.11878600 0.07751700 0.03544200
v 0.11878600 0.07743300 0.03532200
v 0.11878600 0.07743000 0.03531600
v 0.11878600 0.07740300 0.03527700
v 0.11878600 0.07739100 0.03526200
v 0.11878600 0.02653200 0.03901500
v 0.11878600 0.07879800 0.03740100
v 0.11878600 0.08246400 0.04665900
v 0.11878600 0.08739300 0.03063900
v 0.11878600 0.08243100 0.04651200
v 0.11878600 0.07907100 0.03784800
v 0.11878600 0.08348700 0.02555400
v 0.11878600 0.02377500 0.04665900
v 0.11878600 0.01773000 0.07332600
v 0.11878600 0.02371800 0.04696500
v 0.11878600 0.08034900 0.04031700
v 0.11878600 0.08007900 0.03975300
v 0.11878600 0.08487600 0.02718000
v 0.11878600 0.08052600 0.04069200
v 0.11878600 0.08039100 0.04041000
v 0.11878600 0.02559600 0.04098000
v 0.11878600 0.02571300 0.04069200
v 0.11878600 0.08290200 0.04934100
v 0.11878600 0.08275200 0.04820100
v 0.11878600 0.08148300 0.04314600
v 0.11878600 0.08122200 0.04240500
v 0.11878600 0.08617800 0.02887800
v 0.11878600 0.08239200 0.04635300
v 0.11878600 0.08218800 0.04550100
v 0.11878600 0.08952900 0.03434400
v 0.11878600 0.07713900 0.08595300
v 0.11878600 0.07883700 0.08465100
v 0.11878600 0.02910300 0.01983600
v 0.11878600 0.02450100 0.04392300
v 0.11878600 0.02458800 0.04362300
v 0.11878600 0.08269500 0.04789500
v 0.11878600 0.08305500 0.05103300
v 0.11878600 0.08850900 0.03246300
v 0.11878600 0.08298000 0.05571900
v 0.11878600 0.08300700 0.05537700
v 0.11878600 0.08295900 0.05603100
v 0.11878600 0.08279100 0.05727900
v 0.11878600 0.02475900 0.06264300
v 0.11878600 0.02136600 0.07861200
v 0.11878600 0.02502000 0.06338400
v 0.11878600 0.08217300 0.06035700
v 0.11878600 0.08209800 0.06066000
v 0.11878600 0.08246400 0.05913300
v 0.11878600 0.08174100 0.06186600
v 0.11878600 0.08165100 0.06216600
v 0.11878600 0.02713800 0.06789600
v 0.11878600 0.02275500 0.08023800
v 0.11878600 0.02716800 0.06794400
v 0.11878600 0.02639100 0.06651300
v 0.11878600 0.02654100 0.06678900
v 0.11878600 0.02857200 0.07012200
v 0.11878600 0.02577900 0.08326200
v 0.11878600 0.02857800 0.07013400
v 0.11878600 0.02349000 0.05758800
v 0.11878600 0.02377500 0.05913300
v 0.11878600 0.02354700 0.05789400
v 0.11878600 0.02458800 0.06216600
v 0.11878600 0.02006100 0.07691400
v 0.11878600 0.02469300 0.06245700
v 0.11878600 0.07828200 0.06923400
v 0.11878600 0.07910100 0.06789600
v 0.11878600 0.07844400 0.06896700
v 0.11878600 0.07200000 0.07620900
v 0.11878600 0.07288200 0.07545900
v 0.11878600 0.07223700 0.07600500
v 0.11878600 0.02422500 0.08178900
v 0.11878600 0.06574800 0.09175800
v 0.11878600 0.06840300 0.07870200
v 0.11878600 0.06838800 0.07871400
v 0.11878600 0.07075500 0.07716600
v 0.11878600 0.07117500 0.07684500
v 0.11878600 0.07100100 0.07697700
v 0.11878600 0.06896700 0.07835700
v 0.11878600 0.06854100 0.07861800
v 0.11878600 0.06842400 0.07869000
v 0.11878600 0.06369600 0.09236700
v 0.11878600 0.06608100 0.07994100
v 0.11878600 0.06571800 0.08011200
v 0.11878600 0.06812100 0.07887600
v 0.11878600 0.06784800 0.07902300
v 0.11878600 0.06805200 0.07891200
v 0.11878600 0.06799200 0.07894500
v 0.11878600 0.06636600 0.07980300
v 0.11878600 0.06161700 0.09286500
v 0.11878600 0.06418800 0.08077200
v 0.11878600 0.06387300 0.08090100
v 0.11878600 0.06570000 0.08012100
v 0.11878600 0.06560400 0.08016600
v 0.11878600 0.03909900 0.07940400
v 0.11878600 0.03650100 0.09022500
v 0.11878600 0.03932100 0.07952700
v 0.11878600 0.06532200 0.08030100
v 0.11878600 0.06833400 0.07874400
v 0.11878600 0.06822300 0.07881300
v 0.11878600 0.04104300 0.08035200
v 0.11878600 0.04153500 0.08055600
v 0.11878600 0.04120800 0.08041800
v 0.11878600 0.05526000 0.09370200
v 0.11878600 0.05625600 0.08273100
v 0.11878600 0.05575800 0.08277000
v 0.11878600 0.05739300 0.09353400
v 0.11878600 0.05900100 0.08230500
v 0.11878600 0.05794800 0.08250000
v 0.11878600 0.05312100 0.09375600
v 0.11878600 0.05098200 0.09370200
v 0.11878600 0.05500200 0.08283000
v 0.11878600 0.05469000 0.08285400
v 0.11878600 0.05545200 0.08279400
v 0.11878600 0.05440800 0.08286000
v 0.11878600 0.05435400 0.08286300
v 0.11878600 0.04254600 0.09236700
v 0.11878600 0.04480800 0.08171100
v 0.11878600 0.04049400 0.09175800
v 0.11878600 0.05368500 0.08288100
v 0.11878600 0.05358000 0.08288100
v 0.11878600 0.05226300 0.08287200
v 0.11878600 0.04884900 0.09353400
v 0.11878600 0.05312100 0.08289600
v 0.11878600 0.05343300 0.08288700
v 0.11878600 0.05328000 0.08289000
v 0.11878600 0.05935800 0.02355000
v 0.11878600 0.06161700 0.01292700
v 0.11878600 0.05934300 0.02354700
v 0.11878600 0.05112600 0.08281800
v 0.11878600 0.04672800 0.09325500
v 0.11878600 0.04899300 0.08259900
v 0.11878600 0.04462500 0.09286500
v 0.11878600 0.04508400 0.08179200
v 0.11878600 0.05155200 0.08285400
v 0.11878600 0.05197500 0.08286600
v 0.11878600 0.04927800 0.08263800
v 0.11878600 0.04688400 0.08223900
v 0.11878600 0.04786800 0.08242200
v 0.11878600 0.04801500 0.08244900
v 0.11878600 0.04304400 0.08114100
v 0.11878600 0.04313400 0.08117100
v 0.11878600 0.05951400 0.09325500
v 0.11878600 0.06234900 0.08143800
v 0.11878600 0.06216000 0.08149500
v 0.11878600 0.04277100 0.08104500
v 0.11878600 0.04186200 0.08069100
v 0.11878600 0.03847800 0.09104400
v 0.11878600 0.04236900 0.08090100
v 0.11878600 0.04266300 0.08100600
v 0.11878600 0.04092000 0.08030100
v 0.11878600 0.04086000 0.08027400
v 0.11878600 0.04077600 0.08023200
v 0.11878600 0.03988800 0.07980900
v 0.11878600 0.03883200 0.07926000
v 0.11878600 0.03456900 0.08930400
v 0.11878600 0.03782700 0.07869600
v 0.11878600 0.03796500 0.07878000
v 0.11878600 0.03978000 0.07975800
v 0.11878600 0.03839400 0.07902300
v 0.11878600 0.03812100 0.07887600
v 0.11878600 0.03693900 0.07815300
v 0.11878600 0.03720900 0.07831500
v 0.11878600 0.03762600 0.07857000
v 0.11878600 0.03722100 0.07832400
v 0.11878600 0.03704700 0.07821600
v 0.11878600 0.03950100 0.07962600
v 0.11878600 0.02910300 0.08595300
v 0.11878600 0.03167400 0.07386000
v 0.11878600 0.02740500 0.08465100
v 0.11878600 0.03343500 0.07552200
v 0.11878600 0.03086700 0.08716500
v 0.11878600 0.03362100 0.07568100
v 0.11878600 0.03610200 0.07758900
v 0.11878600 0.03268800 0.08828400
v 0.11878600 0.03678300 0.07805400
v 0.11878600 0.03400500 0.07600500
v 0.11878600 0.03424200 0.07620900
v 0.11878600 0.03178200 0.07397400
v 0.11878600 0.03537900 0.07708200
v 0.11878600 0.03548700 0.07716600
v 0.11878600 0.03580200 0.07738200
v 0.11878600 0.02511300 0.06364800
v 0.11878600 0.02571300 0.06509700
v 0.11878600 0.02450100 0.06186600
v 0.11878600 0.02385000 0.05943300
v 0.11878600 0.02405400 0.06028800
v 0.11878600 0.02414400 0.06066000
v 0.11878600 0.02414400 0.04512900
v 0.11878600 0.02334000 0.05645100
v 0.11878600 0.01884900 0.07515000
v 0.11878600 0.07643400 0.03401700
v 0.11878600 0.07616700 0.03369900
v 0.11878600 0.02584800 0.06537900
v 0.11878600 0.07730400 0.03515100
v 0.11878600 0.07713900 0.03493500
v 0.11878600 0.02511300 0.04214400
v 0.11878600 0.02536500 0.04153800
v 0.11878600 0.07985100 0.03927300
v 0.11878600 0.07970400 0.03900300
v 0.11878600 0.02625600 0.03955500
v 0.11878600 0.02639100 0.03927300
v 0.11878600 0.01671300 0.07144500
v 0.11878600 0.02740500 0.02113800
v 0.11878600 0.01579200 0.06951600
v 0.11878600 0.02385000 0.04635300
v 0.11878600 0.02349000 0.04820100
v 0.11878600 0.01365000 0.06347100
v 0.11878600 0.02136600 0.02718000
v 0.11878600 0.01315200 0.06138900
v 0.11878600 0.02325900 0.05007000
v 0.11878600 0.02323500 0.05041200
v 0.11878600 0.02345100 0.04851000
v 0.11878600 0.02328600 0.04976100
v 0.11878600 0.02312100 0.05289600
v 0.11878600 0.02313000 0.05320500
v 0.11878600 0.02316300 0.05132400
v 0.11878600 0.08298000 0.05007000
v 0.11878600 0.08295900 0.04976100
v 0.11878600 0.01497300 0.06753900
v 0.11878600 0.02577900 0.02252700
v 0.11878600 0.02422500 0.02400000
v 0.11878600 0.02316300 0.05446500
v 0.11878600 0.02318400 0.05475900
v 0.11878600 0.02328600 0.05603100
v 0.11878600 0.02006100 0.02887800
v 0.11878600 0.01276200 0.05928600
v 0.11878600 0.01425900 0.06552300
v 0.11878600 0.02275500 0.02555400
v 0.11878600 0.01248000 0.05716500
v 0.11878600 0.01884900 0.03063900
v 0.11878600 0.01773000 0.03246300
v 0.11878600 0.01231500 0.05503200
v 0.11878600 0.01225800 0.05289600
v 0.11878600 0.01579200 0.03627600
v 0.11878600 0.01231500 0.05075400
v 0.11878600 0.01671300 0.03434400
v 0.11878600 0.01497300 0.03825000
v 0.11878600 0.01248000 0.04862400
v 0.11878600 0.01425900 0.04026900
v 0.11878600 0.01276200 0.04650300
v 0.11878600 0.01365000 0.04231800
v 0.11878600 0.03847800 0.01474800
v 0.11878600 0.03678300 0.02773500
v 0.11878600 0.03727800 0.02743200
v 0.11878600 0.03650100 0.01556400
v 0.11878600 0.03400500 0.02978100
v 0.11878600 0.03424200 0.02958000
v 0.11878600 0.03506700 0.02894700
v 0.11878600 0.03524100 0.02881500
v 0.11878600 0.04049400 0.01403100
v 0.11878600 0.03740700 0.02735100
v 0.11878600 0.07049700 0.02844600
v 0.11878600 0.07075500 0.02862300
v 0.11878600 0.07063500 0.02854200
v 0.11878600 0.04254600 0.01342500
v 0.11878600 0.03948300 0.02617200
v 0.11878600 0.03950100 0.02616600
v 0.11878600 0.07883700 0.02113800
v 0.11878600 0.03838800 0.02676900
v 0.11878600 0.03922800 0.02631300
v 0.11878600 0.03987600 0.02598600
v 0.11878600 0.03997500 0.02593800
v 0.11878600 0.04168500 0.02517000
v 0.11878600 0.04462500 0.01292700
v 0.11878600 0.07200000 0.02958000
v 0.11878600 0.07537800 0.01862400
v 0.11878600 0.07199400 0.02957400
v 0.11878600 0.07355100 0.01750800
v 0.11878600 0.07113000 0.02891100
v 0.11878600 0.04389000 0.02435100
v 0.11878600 0.04672800 0.01253700
v 0.11878600 0.04205400 0.02501700
v 0.11878600 0.04208400 0.02500500
v 0.11878600 0.05098200 0.01208700
v 0.11878600 0.04932600 0.02314500
v 0.11878600 0.04949400 0.02312400
v 0.11878600 0.04566000 0.02384400
v 0.11878600 0.04609200 0.02373900
v 0.11878600 0.06503700 0.02536800
v 0.11878600 0.06776400 0.01474800
v 0.11878600 0.06496200 0.02533800
v 0.11878600 0.04998600 0.02305800
v 0.11878600 0.05048400 0.02301900
v 0.11878600 0.04465500 0.02412300
v 0.11878600 0.04505700 0.02400600
v 0.11878600 0.05312100 0.01203300
v 0.11878600 0.05266200 0.02290500
v 0.11878600 0.05526000 0.01208700
v 0.11878600 0.05839800 0.02337300
v 0.11878600 0.05821500 0.02333700
v 0.11878600 0.04873800 0.02322300
v 0.11878600 0.04862700 0.02323800
v 0.11878600 0.04861200 0.02323800
v 0.11878600 0.04842900 0.02326500
v 0.11878600 0.06088500 0.02391600
v 0.11878600 0.06369600 0.01342500
v 0.11878600 0.06058200 0.02384400
v 0.11878600 0.04829400 0.02328900
v 0.11878600 0.04884900 0.01225500
v 0.11878600 0.04812000 0.02332200
v 0.11878600 0.06030900 0.02377800
v 0.11878600 0.04729200 0.02347500
v 0.11878600 0.04695000 0.02353800
v 0.11878600 0.04688400 0.02355000
v 0.11878600 0.06143100 0.02408100
v 0.11878600 0.06574800 0.01403100
v 0.11878600 0.04642500 0.02366100
v 0.11878600 0.05469000 0.02293500
v 0.11878600 0.05739300 0.01225500
v 0.11878600 0.05445900 0.02292900
v 0.11878600 0.04629600 0.02369100
v 0.11878600 0.06645900 0.02603100
v 0.11878600 0.06974100 0.01556400
v 0.11878600 0.06637200 0.02598900
v 0.11878600 0.06357600 0.02478300
v 0.11878600 0.06347100 0.02474700
v 0.11878600 0.05696400 0.02315100
v 0.11878600 0.05951400 0.01253700
v 0.11878600 0.05690700 0.02314500
v 0.11878600 0.05347800 0.02290500
v 0.11878600 0.05312100 0.02289600
v 0.11878600 0.05296200 0.02289900
v 0.11878600 0.05155200 0.02293500
v 0.11878600 0.05168100 0.02293200
v 0.11878600 0.05482500 0.02294700
v 0.11878600 0.06336300 0.02470500
v 0.11878600 0.06320100 0.02465100
v 0.11878600 0.06266700 0.02445900
v 0.11878600 0.05625600 0.02305800
v 0.11878600 0.05617200 0.02305200
v 0.11878600 0.06239100 0.02436300
v 0.11878600 0.05511600 0.02296800
v 0.11878600 0.05907900 0.02349600
v 0.11878600 0.05905200 0.02349300
v 0.11878600 0.05724900 0.02319000
v 0.11878600 0.06101700 0.02395500
v 0.11878600 0.05781300 0.02326500
v 0.11878600 0.05750700 0.02322300
v 0.11878600 0.06237300 0.02435700
v 0.11878600 0.05860800 0.02341200
v 0.11878600 0.06115800 0.02399700
v 0.11878600 0.06118500 0.02400600
v 0.11878600 0.05609400 0.02304600
v 0.11878600 0.05437800 0.02292600
v 0.11878600 0.05500200 0.02295900
v 0.11878600 0.05280900 0.02290200
v 0.11878600 0.05274300 0.02290500
v 0.11878600 0.05124000 0.02295900
v 0.11878600 0.05103000 0.02297700
v 0.11878600 0.05079000 0.02299500
v 0.11878600 0.07175400 0.02939100
v 0.11878600 0.04092000 0.02548800
v 0.11878600 0.06439500 0.02510100
v 0.11878600 0.06387300 0.02488500
v 0.11878600 0.06546900 0.02555700
v 0.11878600 0.07086300 0.02870700
v 0.11878600 0.03304800 0.03060000
v 0.11878600 0.03336300 0.03033000
v 0.11878600 0.06741000 0.02652600
v 0.11878600 0.07167300 0.01648500
v 0.11878600 0.03814500 0.02690100
v 0.11878600 0.03821100 0.02686800
v 0.11878600 0.06652500 0.02606100
v 0.11878600 0.06674100 0.02616600
v 0.11878600 0.07612200 0.03364800
v 0.11878600 0.07599000 0.03349500
v 0.11878600 0.06930000 0.02763900
v 0.11878600 0.07589700 0.03338400
v 0.11878600 0.07589400 0.03337800
v 0.11878600 0.07561800 0.03305700
v 0.11878600 0.07548300 0.03289800
v 0.11878600 0.07541400 0.03282000
v 0.11878600 0.07539300 0.03279600
v 0.11878600 0.07520100 0.03259500
v 0.11878600 0.07261800 0.03010800
v 0.11878600 0.07246500 0.02997600
v 0.11878600 0.07288800 0.03033900
v 0.11878600 0.07713900 0.01983600
v 0.11878600 0.07372800 0.03110700
v 0.11878600 0.07372200 0.03110100
v 0.11878600 0.07457100 0.03192900
v 0.11878600 0.07430100 0.03165000
v 0.11878600 0.07412700 0.03148500
v 0.11878600 0.03456900 0.01648500
v 0.11878600 0.03190800 0.03168000
v 0.11878600 0.03213300 0.03146700
v 0.11878600 0.07410900 0.03146700
v 0.11878600 0.07379100 0.03116700
v 0.11878600 0.07448100 0.03183300
v 0.11878600 0.07433400 0.03168000
v 0.11878600 0.07198500 0.02956800
v 0.11878600 0.07319400 0.03060000
v 0.11878600 0.03057900 0.03311400
v 0.11878600 0.03268800 0.01750800
v 0.11878600 0.07295700 0.03039900
v 0.11878600 0.09045000 0.03627600
v 0.11878600 0.08046300 0.08326200
v 0.11878600 0.06506100 0.02538000
v 0.11878600 0.06532200 0.02548800
v 0.11878600 0.03548700 0.02862300
v 0.11878600 0.03553200 0.02859300
v 0.11878600 0.03574500 0.02844600
v 0.11878600 0.07017300 0.02822400
v 0.11878600 0.06945900 0.02773500
v 0.11878600 0.06922200 0.02758800
v 0.11878600 0.06919500 0.02757000
v 0.11878600 0.06903600 0.02747400
v 0.11878600 0.06864600 0.02723700
v 0.11878600 0.06830400 0.02702400
v 0.11878600 0.06812100 0.02691300
v 0.11878600 0.06784800 0.02676300
v 0.11878600 0.06715500 0.02638800
v 0.11878600 0.06714600 0.02638200
v 0.11878600 0.04383000 0.08142000
v 0.11878600 0.04384800 0.08142600
v 0.11878600 0.04414800 0.08151600
v 0.11878600 0.04535700 0.08187300
v 0.11878600 0.04387500 0.08143500
v 0.11878600 0.04593000 0.08201100
v 0.11878600 0.06200400 0.08154000
v 0.11878600 0.06164100 0.08165100
v 0.11878600 0.04719000 0.08229600
v 0.11878600 0.04547700 0.08190000
v 0.11878600 0.04716300 0.08229000
v 0.11878600 0.04842900 0.08252700
v 0.11878600 0.04873800 0.08256600
v 0.11878600 0.04956300 0.08267400
v 0.11878600 0.04956900 0.08267400
v 0.11878600 0.05280900 0.08288700
v 0.11878600 0.04998600 0.08273100
v 0.11878600 0.06000300 0.08208300
v 0.11878600 0.05981400 0.08213100
v 0.11878600 0.05029500 0.08275500
v 0.11878600 0.05127000 0.08283300
v 0.11878600 0.05141400 0.08284200
v 0.11878600 0.05012700 0.08274300
v 0.11878600 0.04714800 0.08229000
v 0.11878600 0.05935800 0.08223900
v 0.11878600 0.05905200 0.08229600
v 0.11878600 0.04566000 0.08194500
v 0.11878600 0.06239100 0.08142600
v 0.11878600 0.06122100 0.08177400
v 0.11878600 0.06088500 0.08187300
v 0.11878600 0.03652500 0.07787700
v 0.11878600 0.03516300 0.07691700
v 0.11878600 0.03525300 0.07698300
v 0.11878600 0.03511500 0.07687800
v 0.11878600 0.03448800 0.07639800
v 0.11878600 0.03429900 0.07625400
v 0.11878600 0.02813700 0.06948900
v 0.11878600 0.03391800 0.07593300
v 0.11878600 0.02744400 0.06838800
v 0.11878600 0.02746500 0.06842700
v 0.11878600 0.02740800 0.06833100
v 0.11878600 0.02755800 0.06857700
v 0.11878600 0.02768400 0.06878100
v 0.11878600 0.02737800 0.06828300
v 0.11878600 0.02589300 0.06547200
v 0.11878600 0.02616300 0.06603900
v 0.11878600 0.02523300 0.06393300
v 0.11878600 0.03284400 0.03079200
v 0.11878600 0.03169500 0.03190800
v 0.11878600 0.03117600 0.03245100
v 0.11878600 0.03082500 0.03282000
v 0.11878600 0.03062400 0.03305700
v 0.11878600 0.02980800 0.03401700
v 0.11878600 0.02885100 0.03526200
v 0.11878600 0.02894100 0.03514200
v 0.11878600 0.07662600 0.03426000
v 0.11878600 0.02961600 0.03426000
v 0.11878600 0.02820000 0.03620700
v 0.11878600 0.02779800 0.06896700
v 0.11878600 0.02783700 0.06903000
v 0.11878600 0.02876400 0.07039800
v 0.11878600 0.02885100 0.07052700
v 0.11878600 0.02898900 0.07071000
v 0.11878600 0.02883900 0.07051200
v 0.11878600 0.07537800 0.08716500
v 0.11878600 0.02925900 0.07106100
v 0.11878600 0.02933400 0.07115700
v 0.11878600 0.02980800 0.07177500
v 0.11878600 0.03104100 0.07319400
v 0.11878600 0.03030300 0.07235400
v 0.11878600 0.03034500 0.07240500
v 0.11878600 0.03062400 0.07273200
v 0.11878600 0.03064200 0.07275000
v 0.11878600 0.03090900 0.07305600
v 0.11878600 0.03219600 0.07438200
v 0.11878600 0.03257100 0.07473600
v 0.11878600 0.03190800 0.07410600
v 0.11878600 0.03304800 0.07518900
v 0.11878600 0.03335700 0.07545300
v 0.11878600 0.03213300 0.07432200
v 0.11878600 0.03193800 0.07413900
v 0.11878600 0.03082500 0.07296900
v 0.11878600 0.03007500 0.07209000
v 0.11878600 0.02904000 0.07077600
v 0.11878600 0.02796000 0.06923400
v 0.11878600 0.03812100 0.02691300
v 0.11878600 0.03785400 0.02707800
v 0.11878600 0.03770100 0.02717100
v 0.11878600 0.03783900 0.02708700
v 0.11878600 0.03759300 0.02723700
v 0.11878600 0.03756900 0.02725200
v 0.11878600 0.06974100 0.09022500
v 0.11878600 0.07319400 0.07518900
v 0.11878600 0.07698000 0.03472500
v 0.11878600 0.06519900 0.02543700
v 0.11878600 0.04535700 0.02391600
v 0.11878600 0.04508400 0.02399700
v 0.11878600 0.04406400 0.02430000
v 0.11878600 0.04423800 0.02424600
v 0.11878600 0.04384800 0.02436300
v 0.11878600 0.04355700 0.02446800
v 0.11878600 0.04202100 0.02503200
v 0.11878600 0.04286400 0.02471100
v 0.11878600 0.04247400 0.02485200
v 0.11878600 0.04236900 0.02488500
v 0.11878600 0.04195200 0.02505900
v 0.11878600 0.04041900 0.02572800
v 0.11878600 0.04063800 0.02562300
v 0.11878600 0.03978000 0.02603100
v 0.11878600 0.03959100 0.02612100
v 0.11878600 0.03606300 0.02822700
v 0.11878600 0.03606600 0.02822400
v 0.11878600 0.03594600 0.02830800
v 0.11878600 0.03588000 0.02835600
v 0.11878600 0.03585600 0.02837100
v 0.11878600 0.09259200 0.04231800
v 0.11878600 0.08348700 0.08023800
v 0.11878600 0.08487600 0.07861200
v 0.11878600 0.09198300 0.04026900
v 0.11878600 0.09348000 0.04650300
v 0.11878600 0.08617800 0.07691400
v 0.11878600 0.08739300 0.07515000
v 0.11878600 0.09309000 0.04440000
v 0.11878600 0.09375900 0.04862400
v 0.11878600 0.08850900 0.07332600
v 0.11878600 0.09375900 0.05716500
v 0.11878600 0.09198300 0.06552300
v 0.11878600 0.09348000 0.05928600
v 0.11878600 0.09259200 0.06347100
v 0.11878600 0.09309000 0.06138900
v 0.11878600 0.09126900 0.06753900
v 0.11878600 0.09392700 0.05503200
v 0.11878600 0.09045000 0.06951600
v 0.11878600 0.09398400 0.05289600
v 0.11878600 0.08952900 0.07144500
v 0.11878600 0.09392700 0.05075400
v 0.11878600 0.09126900 0.03825000
v 0.11878600 0.08201400 0.08178900
v 0.11878600 0.05941500 0.08222700
v 0.11878600 0.05774100 0.08253300
v 0.11878600 0.05763000 0.08254800
v 0.11878600 0.05709600 0.08262000
v 0.11878600 0.05679000 0.08265900
v 0.11878600 0.06008700 0.08206500
v 0.11878600 0.06015000 0.08205000
v 0.11878600 0.06209400 0.08151600
v 0.11878600 0.06374400 0.08094900
v 0.11878600 0.06268500 0.08132400
v 0.11878600 0.06345300 0.08105100
v 0.11878600 0.05966100 0.08216400
v 0.11878600 0.05656500 0.08268900
v 0.11878600 0.05781300 0.08252700
v 0.11878600 0.01315200 0.04440000
v 0.11878600 0.02318700 0.05477400
v 0.11878600 0.08307900 0.05446500
v 0.11878600 0.08311200 0.05320500
v 0.11878600 0.02332500 0.05633700
v 0.11878600 0.02315400 0.05163600
v 0.11878600 0.02501100 0.04243800
v 0.11878600 0.02381100 0.05927700
v 0.11878600 0.08252100 0.05882700
v 0.11878600 0.06675900 0.07961400
v 0.11878600 0.06455700 0.08061900
v 0.11878600 0.06503700 0.08041800
v 0.11878600 0.06638400 0.07979400
v 0.11878600 0.06662400 0.07968000
v 0.11878600 0.06674100 0.07962600
v 0.11878600 0.06776400 0.09104400
v 0.11878600 0.06945900 0.07805400
v 0.11878600 0.07070700 0.07719600
v 0.11878600 0.07049700 0.07734000
v 0.11878600 0.07167300 0.08930400
v 0.11878600 0.07455000 0.07388400
v 0.11878600 0.07433400 0.07410600
v 0.11878600 0.07506600 0.07333500
v 0.11878600 0.07339500 0.07499700
v 0.11878600 0.07410900 0.07432200
v 0.11878600 0.07541400 0.07296900
v 0.11878600 0.07561800 0.07273200
v 0.11878600 0.07566300 0.07267800
v 0.11878600 0.07355100 0.08828400
v 0.11878600 0.07643400 0.07177500
v 0.11878600 0.07804200 0.06958200
v 0.11878600 0.07739100 0.07052700
v 0.11878600 0.07662600 0.07152600
v 0.11878600 0.07730100 0.07064700
v 0.11878600 0.07970400 0.06678900
v 0.11878600 0.07971000 0.06677100
v 0.11878600 0.07810500 0.06948900
v 0.11878600 0.07985100 0.06651300
v 0.11878600 0.07998600 0.06623400
v 0.11878600 0.08052600 0.06509700
v 0.11878600 0.08064600 0.06480900
v 0.11878600 0.08087700 0.06425100
v 0.11878600 0.08112900 0.06364800
v 0.11878600 0.08154900 0.06245700
v 0.11878600 0.08275200 0.05758800
v 0.11878600 0.08312100 0.05289600
v 0.11878600 0.08311200 0.05258400
v 0.11878600 0.08307900 0.05132400
v 0.11878600 0.08291700 0.04944900
v 0.11878600 0.08209800 0.04512900
v 0.11878600 0.08174100 0.04392300
v 0.11878600 0.08165100 0.04362300
v 0.11878600 0.08154900 0.04332900
v 0.11878600 0.08112900 0.04214400
v 0.11878600 0.08064600 0.04098000
v 0.11878600 0.07910100 0.03789600
v 0.11878600 0.07893900 0.03762900
v 0.10832100 0.07739100 0.03526200
v 0.10832100 0.07643400 0.03401700
v 0.10832100 0.07583100 0.03686700
v 0.10832100 0.07576800 0.03679500
v 0.10832100 0.07519500 0.03612300
v 0.10832100 0.07602600 0.03709800
v 0.10832100 0.02316300 0.05132400
v 0.10832100 0.02511300 0.04214400
v 0.10832100 0.02328600 0.04976100
v 0.10832100 0.07518300 0.03611100
v 0.10832100 0.07516800 0.03609600
v 0.10832100 0.02349000 0.04820100
v 0.10832100 0.02458800 0.04362300
v 0.10832100 0.02414400 0.04512900
v 0.10832100 0.02571300 0.04069200
v 0.10832100 0.02316300 0.05446500
v 0.10832100 0.02639100 0.03927300
v 0.10832100 0.02312100 0.05289600
v 0.10832100 0.07603800 0.03711000
v 0.10832100 0.07679100 0.03809100
v 0.10832100 0.07828200 0.03655500
v 0.10832100 0.08246400 0.04665900
v 0.10832100 0.08150400 0.05117700
v 0.10832100 0.08275200 0.04820100
v 0.10832100 0.07681800 0.03812700
v 0.10832100 0.04092000 0.08030100
v 0.10832100 0.04246800 0.07301400
v 0.10832100 0.03950100 0.07962600
v 0.10832100 0.02349000 0.05758800
v 0.10832100 0.02796000 0.03655500
v 0.10832100 0.02328600 0.05603100
v 0.10832100 0.08142000 0.05010300
v 0.10832100 0.08127600 0.04900500
v 0.10832100 0.02713800 0.03789600
v 0.10832100 0.08125200 0.04883400
v 0.10832100 0.08209800 0.04512900
v 0.10832100 0.08124900 0.04881300
v 0.10832100 0.08152500 0.05141700
v 0.10832100 0.08307900 0.05446500
v 0.10832100 0.08052600 0.06509700
v 0.10832100 0.08112900 0.06364800
v 0.10832100 0.06387300 0.08090100
v 0.10832100 0.06439200 0.07632600
v 0.10832100 0.06355500 0.07657500
v 0.10832100 0.02885100 0.03526200
v 0.10832100 0.04011300 0.03429000
v 0.10832100 0.04236900 0.02488500
v 0.10832100 0.04092000 0.02548800
v 0.10832100 0.08275200 0.05758800
v 0.10832100 0.08165100 0.06216600
v 0.10832100 0.08209800 0.06066000
v 0.10832100 0.08295900 0.05603100
v 0.10832100 0.06440700 0.07632000
v 0.10832100 0.08246400 0.05913300
v 0.10832100 0.06189900 0.07699200
v 0.10832100 0.06188100 0.07699800
v 0.10832100 0.06189300 0.07699500
v 0.10832100 0.06088500 0.08187300
v 0.10832100 0.06192300 0.07698600
v 0.10832100 0.06192000 0.07698900
v 0.10832100 0.06180600 0.07701000
v 0.10832100 0.06173400 0.07702500
v 0.10832100 0.06172500 0.07702500
v 0.10832100 0.06186000 0.07700100
v 0.10832100 0.05178300 0.07703100
v 0.10832100 0.04998600 0.08273100
v 0.10832100 0.05274900 0.07721100
v 0.10832100 0.06062100 0.07722900
v 0.10832100 0.05935800 0.08223900
v 0.10832100 0.06041700 0.07725600
v 0.10832100 0.06038100 0.07726200
v 0.10832100 0.06048000 0.07725000
v 0.10832100 0.06048600 0.07725000
v 0.10832100 0.06051600 0.07724400
v 0.10832100 0.05904000 0.07742100
v 0.10832100 0.05781300 0.08252700
v 0.10832100 0.05155200 0.08285400
v 0.10832100 0.05287500 0.07723200
v 0.10832100 0.05289900 0.07723500
v 0.10832100 0.06025500 0.07727700
v 0.10832100 0.06024900 0.07728000
v 0.10832100 0.06016200 0.07728900
v 0.10832100 0.05935200 0.07739700
v 0.10832100 0.05292600 0.07724100
v 0.10832100 0.06812100 0.07887600
v 0.10832100 0.06800700 0.07482900
v 0.10832100 0.06787500 0.07489200
v 0.10832100 0.05933400 0.07740000
v 0.10832100 0.04322100 0.07353300
v 0.10832100 0.04323600 0.07354200
v 0.10832100 0.04249800 0.07303500
v 0.10832100 0.04263900 0.07313100
v 0.10832100 0.05898600 0.07742700
v 0.10832100 0.05889600 0.07743600
v 0.10832100 0.07200000 0.07620900
v 0.10832100 0.07317900 0.07130400
v 0.10832100 0.07301400 0.07144500
v 0.10832100 0.05750700 0.07751400
v 0.10832100 0.05625600 0.08273100
v 0.10832100 0.05882400 0.07743900
v 0.10832100 0.05871300 0.07744800
v 0.10832100 0.05863500 0.07745400
v 0.10832100 0.05859900 0.07745700
v 0.10832100 0.05803800 0.07750200
v 0.10832100 0.05805600 0.07749900
v 0.10832100 0.05597100 0.07751400
v 0.10832100 0.05672100 0.07753500
v 0.10832100 0.05736600 0.07752000
v 0.10832100 0.05733900 0.07752000
v 0.10832100 0.05717400 0.07752600
v 0.10832100 0.05711100 0.07752600
v 0.10832100 0.05703300 0.07752600
v 0.10832100 0.05675700 0.07753500
v 0.10832100 0.05673900 0.07753500
v 0.10832100 0.05443500 0.07742100
v 0.10832100 0.05312100 0.08289600
v 0.10832100 0.05469000 0.08285400
v 0.10832100 0.05145600 0.07696200
v 0.10832100 0.05157900 0.07699200
v 0.10832100 0.05159700 0.07699800
v 0.10832100 0.05582700 0.07751400
v 0.10832100 0.05553900 0.07750500
v 0.10832100 0.05580600 0.07751100
v 0.10832100 0.04179300 0.07252200
v 0.10832100 0.04215000 0.07279500
v 0.10832100 0.04284900 0.07327500
v 0.10832100 0.04289700 0.07331100
v 0.10832100 0.06055800 0.07723800
v 0.10832100 0.04313400 0.07347300
v 0.10832100 0.04385400 0.07392000
v 0.10832100 0.04236900 0.08090100
v 0.10832100 0.04401900 0.07402200
v 0.10832100 0.08123400 0.04873200
v 0.10832100 0.08101500 0.04755600
v 0.10832100 0.05131200 0.07692900
v 0.10832100 0.05137200 0.07694400
v 0.10832100 0.04049100 0.07146600
v 0.10832100 0.04111800 0.07200600
v 0.10832100 0.04110600 0.07199100
v 0.10832100 0.03812100 0.07887600
v 0.10832100 0.03982200 0.07086900
v 0.10832100 0.03678300 0.07805400
v 0.10832100 0.04112100 0.07200600
v 0.10832100 0.04129800 0.07214100
v 0.10832100 0.02414400 0.06066000
v 0.10832100 0.02980800 0.03401700
v 0.10832100 0.02377500 0.05913300
v 0.10832100 0.04113600 0.07201500
v 0.10832100 0.03678300 0.02773500
v 0.10832100 0.02713800 0.06789600
v 0.10832100 0.03246000 0.04755600
v 0.10832100 0.03950100 0.02616600
v 0.10832100 0.03661200 0.03819600
v 0.10832100 0.03666000 0.03812700
v 0.10832100 0.03918900 0.03516600
v 0.10832100 0.03920400 0.03515400
v 0.10832100 0.04013100 0.03427200
v 0.10832100 0.07433400 0.03168000
v 0.10832100 0.07371000 0.03461700
v 0.10832100 0.07541400 0.03282000
v 0.10832100 0.02377500 0.04665900
v 0.10832100 0.03082500 0.03282000
v 0.10832100 0.02458800 0.06216600
v 0.10832100 0.02639100 0.06651300
v 0.10832100 0.03424200 0.02958000
v 0.10832100 0.02571300 0.06509700
v 0.10832100 0.03839400 0.03600600
v 0.10832100 0.03876600 0.03561000
v 0.10832100 0.03917700 0.03518100
v 0.10832100 0.07364400 0.03455400
v 0.10832100 0.07075500 0.07716600
v 0.10832100 0.07175400 0.07246800
v 0.10832100 0.07134300 0.07278300
v 0.10832100 0.03647700 0.06703800
v 0.10832100 0.03424200 0.07620900
v 0.10832100 0.03666000 0.06730500
v 0.10832100 0.03520200 0.06504900
v 0.10832100 0.03304800 0.07518900
v 0.10832100 0.03524400 0.06512700
v 0.10832100 0.03195300 0.05401500
v 0.10832100 0.03205500 0.05531100
v 0.10832100 0.03195600 0.05403600
v 0.10832100 0.02796000 0.06923400
v 0.10832100 0.03210600 0.04973100
v 0.10832100 0.03548700 0.02862300
v 0.10832100 0.03922800 0.07030200
v 0.10832100 0.03829500 0.03611100
v 0.10832100 0.07428900 0.03516600
v 0.10832100 0.07427400 0.03515400
v 0.10832100 0.03312900 0.04506600
v 0.10832100 0.03313200 0.04504500
v 0.10832100 0.04042800 0.03401700
v 0.10832100 0.07234200 0.03341700
v 0.10832100 0.07319400 0.03060000
v 0.10832100 0.07134600 0.03265500
v 0.10832100 0.03743700 0.03711000
v 0.10832100 0.03745200 0.03709800
v 0.10832100 0.04111800 0.03342900
v 0.10832100 0.04179900 0.03290700
v 0.10832100 0.07473900 0.03564000
v 0.10832100 0.04060800 0.03386700
v 0.10832100 0.04060500 0.03386700
v 0.10832100 0.06563400 0.02954400
v 0.10832100 0.06674100 0.02616600
v 0.10832100 0.06561600 0.02953800
v 0.10832100 0.04384800 0.02436300
v 0.10832100 0.04181400 0.03289500
v 0.10832100 0.04188300 0.03284100
v 0.10832100 0.04535700 0.02391600
v 0.10832100 0.04347600 0.03174300
v 0.10832100 0.04351200 0.03172200
v 0.10832100 0.04213500 0.03264900
v 0.10832100 0.04215000 0.03263700
v 0.10832100 0.04432800 0.03122100
v 0.10832100 0.04515000 0.03077700
v 0.10832100 0.04254300 0.03237000
v 0.10832100 0.04322100 0.03190200
v 0.10832100 0.04688400 0.02355000
v 0.10832100 0.04397100 0.03144300
v 0.10832100 0.04414200 0.03133800
v 0.10832100 0.06812100 0.02691300
v 0.10832100 0.06739800 0.03031200
v 0.10832100 0.06945900 0.02773500
v 0.10832100 0.04547100 0.03060300
v 0.10832100 0.04548900 0.03059400
v 0.10832100 0.04681800 0.02997000
v 0.10832100 0.04842900 0.02326500
v 0.10832100 0.06914700 0.03122100
v 0.10832100 0.07075500 0.02862300
v 0.10832100 0.06913200 0.03121500
v 0.10832100 0.06599100 0.02969400
v 0.10832100 0.04784400 0.02954400
v 0.10832100 0.04848000 0.02931900
v 0.10832100 0.06592800 0.02966700
v 0.10832100 0.04737600 0.02973900
v 0.10832100 0.04744800 0.02970900
v 0.10832100 0.05975700 0.02808900
v 0.10832100 0.06088500 0.02391600
v 0.10832100 0.05964900 0.02807400
v 0.10832100 0.04998600 0.02305800
v 0.10832100 0.04871100 0.02923800
v 0.10832100 0.04889400 0.02917500
v 0.10832100 0.04905000 0.02911800
v 0.10832100 0.05987100 0.02810400
v 0.10832100 0.04866900 0.02925300
v 0.10832100 0.06454500 0.02916000
v 0.10832100 0.06060000 0.02820000
v 0.10832100 0.06239100 0.02436300
v 0.10832100 0.05999100 0.02811900
v 0.10832100 0.05988000 0.02810700
v 0.10832100 0.05959200 0.02806800
v 0.10832100 0.05359200 0.02810700
v 0.10832100 0.05469000 0.02293500
v 0.10832100 0.05358900 0.02810700
v 0.10832100 0.05954700 0.02806200
v 0.10832100 0.05933400 0.02803200
v 0.10832100 0.05670000 0.02789700
v 0.10832100 0.05781300 0.02326500
v 0.10832100 0.05666400 0.02789700
v 0.10832100 0.05658300 0.02790000
v 0.10832100 0.05672100 0.02789700
v 0.10832100 0.05646300 0.02790300
v 0.10832100 0.05643600 0.02790300
v 0.10832100 0.05631900 0.02790900
v 0.10832100 0.05625600 0.02305800
v 0.10832100 0.05544000 0.02793300
v 0.10832100 0.05842200 0.02796000
v 0.10832100 0.05541900 0.02793300
v 0.10832100 0.05344500 0.02812500
v 0.10832100 0.05312100 0.02289600
v 0.10832100 0.05287500 0.02820000
v 0.10832100 0.05414400 0.02803200
v 0.10832100 0.05285400 0.02820300
v 0.10832100 0.05283600 0.02820600
v 0.10832100 0.06153900 0.02837400
v 0.10832100 0.06387300 0.02488500
v 0.10832100 0.05239500 0.02828700
v 0.10832100 0.05014500 0.02879400
v 0.10832100 0.05155200 0.02293500
v 0.10832100 0.04914300 0.02909100
v 0.10832100 0.05029500 0.02874900
v 0.10832100 0.05157900 0.02844000
v 0.10832100 0.05179800 0.02839800
v 0.10832100 0.05467500 0.02799000
v 0.10832100 0.05521800 0.02794800
v 0.10832100 0.05496900 0.02796600
v 0.10832100 0.05500500 0.02796600
v 0.10832100 0.05682900 0.02790000
v 0.10832100 0.05675700 0.02789700
v 0.10832100 0.05935800 0.02355000
v 0.10832100 0.05508000 0.02796000
v 0.10832100 0.05484000 0.02797800
v 0.10832100 0.05794500 0.02793000
v 0.10832100 0.05830200 0.02795400
v 0.10832100 0.05818200 0.02794200
v 0.10832100 0.05817300 0.02794200
v 0.10832100 0.05806800 0.02793300
v 0.10832100 0.05805600 0.02793300
v 0.10832100 0.05803800 0.02793300
v 0.10832100 0.05802000 0.02793300
v 0.10832100 0.05673900 0.02789700
v 0.10832100 0.06188100 0.02843700
v 0.10832100 0.05183100 0.02839200
v 0.10832100 0.05195700 0.02837100
v 0.10832100 0.05229300 0.02830800
v 0.10832100 0.06151800 0.02836800
v 0.10832100 0.06143400 0.02835300
v 0.10832100 0.05218800 0.02832900
v 0.10832100 0.05214600 0.02833500
v 0.10832100 0.05043900 0.02871300
v 0.10832100 0.05052300 0.02869200
v 0.10832100 0.05068200 0.02865600
v 0.10832100 0.05077200 0.02863500
v 0.10832100 0.05033400 0.02874000
v 0.10832100 0.05031600 0.02874300
v 0.10832100 0.06316200 0.02874300
v 0.10832100 0.06532200 0.02548800
v 0.10832100 0.06314400 0.02874000
v 0.10832100 0.06424200 0.02906400
v 0.10832100 0.06423900 0.02906100
v 0.10832100 0.04907700 0.02910900
v 0.10832100 0.06444900 0.02912700
v 0.10832100 0.06444300 0.02912400
v 0.10832100 0.04906800 0.02911200
v 0.10832100 0.06130800 0.02832900
v 0.10832100 0.06126900 0.02832000
v 0.10832100 0.06305700 0.02871900
v 0.10832100 0.06295800 0.02869500
v 0.10832100 0.06288600 0.02867700
v 0.10832100 0.06283200 0.02866200
v 0.10832100 0.06273900 0.02864100
v 0.10832100 0.06268800 0.02862900
v 0.10832100 0.06267600 0.02862600
v 0.10832100 0.06189900 0.02844000
v 0.10832100 0.06318000 0.02874900
v 0.10832100 0.06419700 0.02904900
v 0.10832100 0.06440700 0.02911200
v 0.10832100 0.06432900 0.02908800
v 0.10832100 0.06738900 0.03030900
v 0.10832100 0.06734700 0.03028800
v 0.10832100 0.06576000 0.02959800
v 0.10832100 0.06570000 0.02957400
v 0.10832100 0.07334700 0.03427200
v 0.10832100 0.07333200 0.03426000
v 0.10832100 0.07255800 0.03360000
v 0.10832100 0.07200000 0.02958000
v 0.10832100 0.07134600 0.03265200
v 0.10832100 0.07134000 0.03264600
v 0.10832100 0.06988500 0.03167400
v 0.10832100 0.06986100 0.03165900
v 0.10832100 0.07132800 0.03264000
v 0.10832100 0.07132800 0.03263700
v 0.10832100 0.07131000 0.03262500
v 0.10832100 0.04238700 0.03247500
v 0.10832100 0.06712500 0.03018000
v 0.10832100 0.06711600 0.03017700
v 0.10832100 0.06590100 0.02965800
v 0.10832100 0.06578700 0.02960700
v 0.10832100 0.06681600 0.03003600
v 0.10832100 0.07008000 0.03179400
v 0.10832100 0.07007100 0.03178500
v 0.10832100 0.06731400 0.03027300
v 0.10832100 0.07000500 0.03174900
v 0.10832100 0.06997200 0.03172800
v 0.10832100 0.06798900 0.03059400
v 0.10832100 0.06993600 0.03170400
v 0.10832100 0.06991200 0.03168900
v 0.10832100 0.07248900 0.03354000
v 0.10832100 0.07235700 0.03342900
v 0.10832100 0.07118400 0.03253800
v 0.10832100 0.07116000 0.03252300
v 0.10832100 0.07025700 0.03190200
v 0.10832100 0.07023900 0.03189000
v 0.10832100 0.07130100 0.03261900
v 0.10832100 0.07127700 0.03260400
v 0.10832100 0.07130700 0.03262500
v 0.10832100 0.07127400 0.03260100
v 0.10832100 0.07123500 0.03257400
v 0.10832100 0.07119600 0.03254700
v 0.10832100 0.07004400 0.03177000
v 0.10832100 0.04110600 0.03343800
v 0.10832100 0.06876300 0.03101400
v 0.10832100 0.06873900 0.03099900
v 0.10832100 0.06869400 0.03097500
v 0.10832100 0.06868200 0.03097200
v 0.10832100 0.06800700 0.03060300
v 0.10832100 0.06859800 0.03092400
v 0.10832100 0.06858300 0.03091500
v 0.10832100 0.06858000 0.03091500
v 0.10832100 0.06851100 0.03087600
v 0.10832100 0.06720600 0.03021900
v 0.10832100 0.06720300 0.03021900
v 0.10832100 0.06683400 0.03004200
v 0.10832100 0.04725600 0.02979000
v 0.10832100 0.06567600 0.02956500
v 0.10832100 0.05011200 0.07662900
v 0.10832100 0.04842900 0.08252700
v 0.10832100 0.05029500 0.07668600
v 0.10832100 0.04881900 0.07623300
v 0.10832100 0.04688400 0.08223900
v 0.10832100 0.04906800 0.07632000
v 0.10832100 0.04836300 0.07607100
v 0.10832100 0.04841700 0.07608900
v 0.10832100 0.04970700 0.07651200
v 0.10832100 0.04864200 0.07617000
v 0.10832100 0.04878900 0.07622100
v 0.10832100 0.04986000 0.07655400
v 0.10832100 0.05003700 0.07660800
v 0.10832100 0.04908600 0.07632600
v 0.10832100 0.05031600 0.07669200
v 0.10832100 0.05414400 0.07740000
v 0.10832100 0.05416200 0.07740300
v 0.10832100 0.04879200 0.07622400
v 0.10832100 0.04849500 0.07611600
v 0.10832100 0.04820700 0.07601700
v 0.10832100 0.04718700 0.07561500
v 0.10832100 0.04535700 0.08187300
v 0.10832100 0.04736100 0.07568700
v 0.10832100 0.04786200 0.07589400
v 0.10832100 0.04784400 0.07588500
v 0.10832100 0.04664400 0.07539000
v 0.10832100 0.04384800 0.08142600
v 0.10832100 0.04666200 0.07539900
v 0.10832100 0.04704000 0.07555500
v 0.10832100 0.06674100 0.07962600
v 0.10832100 0.04679100 0.07545000
v 0.10832100 0.04688700 0.07549200
v 0.10832100 0.04672800 0.07542600
v 0.10832100 0.04543800 0.07481400
v 0.10832100 0.04547100 0.07482900
v 0.10832100 0.04527600 0.07472400
v 0.10832100 0.04592700 0.07504800
v 0.10832100 0.04548900 0.07483800
v 0.10832100 0.04558800 0.07488600
v 0.10832100 0.04576800 0.07497300
v 0.10832100 0.05122200 0.07690800
v 0.10832100 0.05033400 0.07669500
v 0.10832100 0.05328300 0.07728600
v 0.10832100 0.05164500 0.07700400
v 0.10832100 0.05285400 0.07722900
v 0.10832100 0.05322300 0.07727700
v 0.10832100 0.05428800 0.07740900
v 0.10832100 0.05546100 0.07750200
v 0.10832100 0.05548800 0.07750200
v 0.10832100 0.05544000 0.07750200
v 0.10832100 0.06239100 0.08142600
v 0.10832100 0.04451400 0.07431300
v 0.10832100 0.04442400 0.07426200
v 0.10832100 0.04437000 0.07423200
v 0.10832100 0.04402200 0.07402200
v 0.10832100 0.04432800 0.07421100
v 0.10832100 0.04000200 0.07104000
v 0.10832100 0.04003200 0.07106700
v 0.10832100 0.04013100 0.07116000
v 0.10832100 0.04022700 0.07124100
v 0.10832100 0.04040700 0.07139700
v 0.10832100 0.07319400 0.07518900
v 0.10832100 0.07334700 0.07116000
v 0.10832100 0.03920400 0.07028100
v 0.10832100 0.03918900 0.07026600
v 0.10832100 0.03916200 0.07023900
v 0.10832100 0.03907800 0.07014900
v 0.10832100 0.03901800 0.07008600
v 0.10832100 0.03876000 0.06981600
v 0.10832100 0.03873300 0.06978600
v 0.10832100 0.03857400 0.06962100
v 0.10832100 0.03829500 0.06932400
v 0.10832100 0.03830700 0.06933600
v 0.10832100 0.03645000 0.06700200
v 0.10832100 0.03540000 0.06538200
v 0.10832100 0.03554100 0.06560700
v 0.10832100 0.03575400 0.06596100
v 0.10832100 0.03577500 0.06599100
v 0.10832100 0.03785100 0.06880800
v 0.10832100 0.03548700 0.07716600
v 0.10832100 0.03802200 0.06900300
v 0.10832100 0.03625800 0.06672000
v 0.10832100 0.03592200 0.06623400
v 0.10832100 0.03738300 0.06824700
v 0.10832100 0.03745200 0.06833400
v 0.10832100 0.03593400 0.06624900
v 0.10832100 0.07790100 0.06566400
v 0.10832100 0.07643400 0.07177500
v 0.10832100 0.07739100 0.07052700
v 0.10832100 0.03667200 0.06732000
v 0.10832100 0.03673800 0.06741000
v 0.10832100 0.03686700 0.06757500
v 0.10832100 0.07433400 0.07410600
v 0.10832100 0.07560000 0.06883500
v 0.10832100 0.07540500 0.06906300
v 0.10832100 0.03779700 0.06873900
v 0.10832100 0.07519500 0.06930900
v 0.10832100 0.07518300 0.06932400
v 0.10832100 0.03757200 0.06848100
v 0.10832100 0.03754200 0.06844200
v 0.10832100 0.03190800 0.07410600
v 0.10832100 0.03558900 0.06569100
v 0.10832100 0.07756200 0.06621900
v 0.10832100 0.07755600 0.06623400
v 0.10832100 0.03431400 0.06333300
v 0.10832100 0.03432900 0.06336300
v 0.10832100 0.03534900 0.06529800
v 0.10832100 0.03474600 0.06420900
v 0.10832100 0.03473400 0.06418200
v 0.10832100 0.03462300 0.06398400
v 0.10832100 0.03463500 0.06400200
v 0.10832100 0.03423300 0.06316500
v 0.10832100 0.03427200 0.06324600
v 0.10832100 0.03447600 0.06367500
v 0.10832100 0.03459000 0.06391200
v 0.10832100 0.03443400 0.06358500
v 0.10832100 0.03438900 0.06349500
v 0.10832100 0.08067000 0.05928000
v 0.10832100 0.07828200 0.06923400
v 0.10832100 0.07910100 0.06789600
v 0.10832100 0.08071200 0.05914200
v 0.10832100 0.03428700 0.06328200
v 0.10832100 0.03355800 0.06158700
v 0.10832100 0.03082500 0.07296900
v 0.10832100 0.03356700 0.06161100
v 0.10832100 0.03407100 0.06282900
v 0.10832100 0.03314100 0.06040500
v 0.10832100 0.02980800 0.07177500
v 0.10832100 0.03336300 0.06103200
v 0.10832100 0.03313200 0.06038700
v 0.10832100 0.03261900 0.05853600
v 0.10832100 0.02885100 0.07052700
v 0.10832100 0.03206700 0.05539800
v 0.10832100 0.03222900 0.05661600
v 0.10832100 0.03246000 0.05787600
v 0.10832100 0.03222600 0.05659800
v 0.10832100 0.08312100 0.05289600
v 0.10832100 0.03276600 0.05914200
v 0.10832100 0.03221400 0.05651700
v 0.10832100 0.03246600 0.05789700
v 0.10832100 0.07907400 0.06352200
v 0.10832100 0.07991100 0.06161100
v 0.10832100 0.07989300 0.06165000
v 0.10832100 0.08101500 0.05787600
v 0.10832100 0.08295900 0.04976100
v 0.10832100 0.08101800 0.05785800
v 0.10832100 0.03205800 0.05532900
v 0.10832100 0.08104200 0.05773500
v 0.10832100 0.07886100 0.06396600
v 0.10832100 0.07885200 0.06398400
v 0.10832100 0.03205500 0.05014200
v 0.10832100 0.03195300 0.05141700
v 0.10832100 0.03195300 0.05143500
v 0.10832100 0.08155800 0.05269800
v 0.10832100 0.03192000 0.05271600
v 0.10832100 0.03192000 0.05274300
v 0.10832100 0.08147400 0.05078700
v 0.10832100 0.02511300 0.06364800
v 0.10832100 0.03304800 0.03060000
v 0.10832100 0.03190800 0.03168000
v 0.10832100 0.03205500 0.05012100
v 0.10832100 0.03222300 0.04885200
v 0.10832100 0.03222600 0.04883400
v 0.10832100 0.03246000 0.04757700
v 0.10832100 0.03356100 0.04383900
v 0.10832100 0.03246600 0.04753800
v 0.10832100 0.07673100 0.03801600
v 0.10832100 0.03406500 0.04262100
v 0.10832100 0.03461400 0.04146600
v 0.10832100 0.08043900 0.04537800
v 0.10832100 0.08112900 0.04214400
v 0.10832100 0.08039100 0.04521300
v 0.10832100 0.03302100 0.04542900
v 0.10832100 0.03812100 0.02691300
v 0.10832100 0.03528900 0.04023300
v 0.10832100 0.03591600 0.03921600
v 0.10832100 0.03405900 0.04263900
v 0.10832100 0.03707400 0.03759000
v 0.10832100 0.03463800 0.04142400
v 0.10832100 0.07848900 0.04077900
v 0.10832100 0.07910100 0.03789600
v 0.10832100 0.07843500 0.04067700
v 0.10832100 0.07767600 0.03939900
v 0.10832100 0.07761900 0.03930900
v 0.10832100 0.03593400 0.03918300
v 0.10832100 0.03828300 0.03612300
v 0.10832100 0.03592200 0.03919800
v 0.10832100 0.03524400 0.04030800
v 0.10832100 0.07885200 0.04144800
v 0.10832100 0.07985100 0.03927300
v 0.10832100 0.07884300 0.04143300
v 0.10832100 0.03463500 0.04143300
v 0.10832100 0.03462300 0.04144800
v 0.10832100 0.03356700 0.04382100
v 0.10832100 0.03276600 0.04629300
v 0.10832100 0.08091000 0.04711800
v 0.10832100 0.08165100 0.04362300
v 0.10832100 0.08086200 0.04691700
v 0.10832100 0.03280800 0.05928000
v 0.10832100 0.03312900 0.06036900
v 0.10832100 0.03357600 0.06162900
v 0.10832100 0.03406500 0.06281100
v 0.10832100 0.04220100 0.03260400
v 0.10832100 0.04231200 0.03252600
v 0.10832100 0.04216500 0.03262500
v 0.10832100 0.04215900 0.03263100
v 0.10832100 0.04197000 0.03277500
v 0.10832100 0.04208100 0.03269100
v 0.10832100 0.03591600 0.06621900
v 0.10832100 0.03828300 0.06930900
v 0.10832100 0.04434600 0.07422000
v 0.10832100 0.07440600 0.07014300
v 0.10832100 0.04143000 0.07224300
v 0.10832100 0.06442500 0.07631400
v 0.10832100 0.06488100 0.07615200
v 0.10832100 0.06502500 0.07610100
v 0.10832100 0.06532200 0.08030100
v 0.10832100 0.06563400 0.07588500
v 0.10832100 0.06773100 0.07496100
v 0.10832100 0.06683400 0.07539000
v 0.10832100 0.06910800 0.07423200
v 0.10832100 0.06685200 0.07538100
v 0.10832100 0.06646500 0.07554300
v 0.10832100 0.07132800 0.07279500
v 0.10832100 0.06916500 0.07420200
v 0.10832100 0.06914700 0.07421100
v 0.10832100 0.06925800 0.07414500
v 0.10832100 0.07683000 0.03814500
v 0.10832100 0.07755600 0.03919800
v 0.10832100 0.07822200 0.04029000
v 0.10832100 0.07922400 0.04222800
v 0.10832100 0.07917000 0.04211400
v 0.10832100 0.08052600 0.04069200
v 0.10832100 0.07987800 0.04374600
v 0.10832100 0.07982400 0.04362000
v 0.10832100 0.07060200 0.07329300
v 0.10832100 0.06945900 0.07805400
v 0.10832100 0.08071200 0.04629300
v 0.10832100 0.08101200 0.04753800
v 0.10832100 0.07131000 0.07280400
v 0.10832100 0.07191000 0.07234500
v 0.10832100 0.07044900 0.07339800
v 0.10832100 0.07025700 0.07353300
v 0.10832100 0.07235700 0.07200600
v 0.10832100 0.07237200 0.07199100
v 0.10832100 0.07541400 0.07296900
v 0.10832100 0.07675500 0.06738600
v 0.10832100 0.07654200 0.06766200
v 0.10832100 0.07430100 0.07025400
v 0.10832100 0.07428900 0.07026600
v 0.10832100 0.07754400 0.06624900
v 0.10832100 0.07681800 0.06730500
v 0.10832100 0.07823400 0.06512700
v 0.10832100 0.07764600 0.06608700
v 0.10832100 0.07873800 0.06419700
v 0.10832100 0.07884300 0.06400200
v 0.10832100 0.08155800 0.05271600
v 0.10832100 0.08152500 0.05397300
v 0.10832100 0.08034300 0.06038700
v 0.10832100 0.08034900 0.06036900
v 0.10832100 0.07941000 0.06281100
v 0.10832100 0.08307900 0.05132400
v 0.10832100 0.07985100 0.06651300
v 0.10832100 0.07941900 0.06279300
v 0.10832100 0.08033700 0.06040500
v 0.10832100 0.08071800 0.05912100
v 0.10832100 0.08125200 0.05659800
v 0.10832100 0.08142300 0.05529300
v 0.10832100 0.08152500 0.05401500
v 0.10832100 0.08125500 0.05658000
v 0.10832100 0.08142000 0.05531100
v 0.10832100 0.08154600 0.05322900
v 0.10832100 0.08155800 0.05273700
v 0.10832100 0.07603800 0.06831900
v 0.10832100 0.07602600 0.06833400
v 0.10832100 0.07427400 0.07028100
v 0.10832100 0.07422900 0.07032300
v 0.10832100 0.06913200 0.07422000
v 0.10832100 0.08034900 0.04506600
v 0.10832100 0.08034300 0.04504500
v 0.10832100 0.08033700 0.04503000
v 0.10832100 0.07991100 0.04382100
v 0.10832100 0.07941900 0.04263900
v 0.10832100 0.07941000 0.04262100
v 0.10832100 0.07940400 0.04260600
v 0.10832100 0.07823400 0.04030800
v 0.10832100 0.06632100 0.07560000
v 0.10832100 0.06681600 0.07539900
v 0.10832100 0.07480200 0.03570600
v 0.10832100 0.06120600 0.02831100
v 0.10832100 0.06112500 0.02829600
v 0.10832100 0.06062100 0.02820300
v 0.10832100 0.04782600 0.02955300
v 0.10832100 0.04750500 0.02968500
v 0.10832100 0.04701900 0.02988600
v 0.10832100 0.04664400 0.03004200
v 0.10832100 0.04585800 0.03041700
v 0.10832100 0.04545600 0.03061200
v 0.10832100 0.04561800 0.03053400
v 0.10832100 0.04572300 0.03048300
v 0.10832100 0.04582800 0.03043200
v 0.10832100 0.04539300 0.03064500
v 0.10832100 0.04537200 0.03065400
v 0.10832100 0.04431300 0.03123300
v 0.10832100 0.04421100 0.03129600
v 0.10832100 0.04420800 0.03129600
v 0.10832100 0.04418700 0.03130800
v 0.10832100 0.04384200 0.03152100
v 0.10832100 0.04372500 0.03159300
v 0.10832100 0.04357200 0.03168600
v 0.10832100 0.04083900 0.03366900
v 0.10832100 0.04071300 0.03377400
v 0.10832100 0.04053300 0.03393000
v 0.10832100 0.04049400 0.03396300
v 0.10832100 0.04048500 0.03396900
v 0.10832100 0.04320600 0.07352100
v 0.10832100 0.06191400 0.07698900
v 0.10832100 0.06206700 0.07695300
v 0.10832100 0.06316200 0.07669200
v 0.10832100 0.06341400 0.07661700
v 0.10832100 0.08142000 0.05012100
v 0.10832100 0.08142300 0.05014200
v 0.10832100 0.06191700 0.07698900
v 0.10832100 0.03192000 0.05273700
v 0.10768200 0.07518300 0.03611100
v 0.10768200 0.07428900 0.03516600
v 0.10768200 0.06440700 0.07632000
v 0.10768200 0.06563400 0.07588500
v 0.10768200 0.03406500 0.06281100
v 0.10768200 0.04111800 0.03342900
v 0.10768200 0.04013100 0.03427200
v 0.10768200 0.07602600 0.03709800
v 0.10768200 0.06683400 0.07539000
v 0.10768200 0.06800700 0.07482900
v 0.10768200 0.08125200 0.04883400
v 0.10768200 0.07681800 0.06730500
v 0.10768200 0.07755600 0.06623400
v 0.10768200 0.05544000 0.07750200
v 0.10768200 0.05938200 0.06510000
v 0.10768200 0.05904900 0.06530100
v 0.10768200 0.08152500 0.05141700
v 0.10768200 0.07823400 0.06512700
v 0.10768200 0.07885200 0.06398400
v 0.10768200 0.08142000 0.05012100
v 0.10768200 0.06189900 0.07699200
v 0.10768200 0.07132800 0.03263700
v 0.10768200 0.06603900 0.05560800
v 0.10768200 0.03313200 0.06038700
v 0.10768200 0.03829500 0.03611100
v 0.10768200 0.03276600 0.05914200
v 0.10768200 0.06136500 0.06364800
v 0.10768200 0.05803800 0.07750200
v 0.10768200 0.05933400 0.07740000
v 0.10768200 0.05978400 0.06485100
v 0.10768200 0.06031500 0.06448200
v 0.10768200 0.06020700 0.06455700
v 0.10768200 0.06120600 0.06379200
v 0.10768200 0.05673900 0.07753500
v 0.10768200 0.03246000 0.05787600
v 0.10768200 0.03745200 0.03709800
v 0.10768200 0.03666000 0.03812700
v 0.10768200 0.05895600 0.04007700
v 0.10768200 0.06189900 0.02844000
v 0.10768200 0.05891100 0.04005000
v 0.10768200 0.03356700 0.06161100
v 0.10768200 0.03918900 0.03516600
v 0.10768200 0.07235700 0.03342900
v 0.10768200 0.04784400 0.02954400
v 0.10768200 0.04541700 0.03965700
v 0.10768200 0.04568400 0.03953100
v 0.10768200 0.04664400 0.03004200
v 0.10768200 0.05671800 0.03905400
v 0.10768200 0.05933400 0.02803200
v 0.10768200 0.05669100 0.03904500
v 0.10768200 0.04906800 0.02911200
v 0.10768200 0.04666500 0.03911700
v 0.10768200 0.04674000 0.03908700
v 0.10768200 0.04627500 0.03927300
v 0.10768200 0.05433300 0.03840900
v 0.10768200 0.05673900 0.02789700
v 0.10768200 0.05421900 0.03839100
v 0.10768200 0.05566500 0.03871800
v 0.10768200 0.05803800 0.02793300
v 0.10768200 0.05546100 0.03866100
v 0.10768200 0.04792200 0.03870900
v 0.10768200 0.05031600 0.02874300
v 0.10768200 0.05574000 0.03873900
v 0.10768200 0.05697000 0.03914100
v 0.10768200 0.05303700 0.03824400
v 0.10768200 0.05544000 0.02793300
v 0.10768200 0.05296500 0.03823800
v 0.10768200 0.05449500 0.03844200
v 0.10768200 0.05493300 0.03853800
v 0.10768200 0.05455500 0.03845400
v 0.10768200 0.05157900 0.02844000
v 0.10768200 0.04959300 0.03834900
v 0.10768200 0.04992900 0.03831000
v 0.10768200 0.05324400 0.03826200
v 0.10768200 0.05195700 0.03819300
v 0.10768200 0.05414400 0.02803200
v 0.10768200 0.05170800 0.03819000
v 0.10768200 0.05149800 0.03818700
v 0.10768200 0.05198400 0.03819300
v 0.10768200 0.05285400 0.02820300
v 0.10768200 0.05044500 0.03824700
v 0.10768200 0.05053500 0.03823800
v 0.10768200 0.05109300 0.03820800
v 0.10768200 0.05148600 0.03818700
v 0.10768200 0.05264700 0.03821400
v 0.10768200 0.05243700 0.03819900
v 0.10768200 0.05043000 0.03825000
v 0.10768200 0.04951200 0.03836400
v 0.10768200 0.05406300 0.03837000
v 0.10768200 0.05382300 0.03833400
v 0.10768200 0.04866000 0.03852300
v 0.10768200 0.04887600 0.03848100
v 0.10768200 0.05709600 0.03918600
v 0.10768200 0.06062100 0.02820300
v 0.10768200 0.04729200 0.03890100
v 0.10768200 0.04772400 0.03876300
v 0.10768200 0.05417400 0.03838500
v 0.10768200 0.04684200 0.03904800
v 0.10768200 0.04696500 0.03900900
v 0.10768200 0.04774200 0.03875700
v 0.10768200 0.04790700 0.03871500
v 0.10768200 0.05637000 0.03893100
v 0.10768200 0.05619000 0.03886500
v 0.10768200 0.04821300 0.03863700
v 0.10768200 0.04834500 0.03860400
v 0.10768200 0.04918200 0.03842400
v 0.10768200 0.04928100 0.03840900
v 0.10768200 0.04946700 0.03837300
v 0.10768200 0.05081700 0.03822300
v 0.10768200 0.05072700 0.03822600
v 0.10768200 0.05233200 0.03819600
v 0.10768200 0.05338800 0.03827100
v 0.10768200 0.05346000 0.03828300
v 0.10768200 0.05526900 0.03860700
v 0.10768200 0.05528700 0.03861300
v 0.10768200 0.04572600 0.03951000
v 0.10768200 0.04596300 0.03939900
v 0.10768200 0.05818200 0.03967200
v 0.10768200 0.05811300 0.03963600
v 0.10768200 0.05797500 0.03956700
v 0.10768200 0.05790000 0.03953400
v 0.10768200 0.05946900 0.04038300
v 0.10768200 0.06316200 0.02874300
v 0.10768200 0.05937300 0.04032600
v 0.10768200 0.05712600 0.03920100
v 0.10768200 0.05777100 0.03947700
v 0.10768200 0.05749500 0.03935700
v 0.10768200 0.05912700 0.04017900
v 0.10768200 0.05908500 0.04015500
v 0.10768200 0.06591000 0.04927800
v 0.10768200 0.07025700 0.03190200
v 0.10768200 0.06582000 0.04889700
v 0.10768200 0.06365700 0.04432800
v 0.10768200 0.06683400 0.03004200
v 0.10768200 0.06346500 0.04407000
v 0.10768200 0.06595200 0.04945800
v 0.10768200 0.06249000 0.06255000
v 0.10768200 0.06192000 0.06314100
v 0.10768200 0.06621300 0.05091300
v 0.10768200 0.06620100 0.05078100
v 0.10768200 0.06552600 0.04795200
v 0.10768200 0.06914700 0.03122100
v 0.10768200 0.06537900 0.04756200
v 0.10768200 0.06528300 0.04731900
v 0.10768200 0.06556500 0.04807800
v 0.10768200 0.04432800 0.03122100
v 0.10768200 0.04205700 0.04191000
v 0.10768200 0.04233900 0.04167300
v 0.10768200 0.06437700 0.04545300
v 0.10768200 0.06800700 0.03060300
v 0.10768200 0.06430800 0.04532100
v 0.10768200 0.06442200 0.04553100
v 0.10768200 0.06471900 0.04607400
v 0.10768200 0.06563400 0.02954400
v 0.10768200 0.06273900 0.04316400
v 0.10768200 0.06376500 0.04447500
v 0.10768200 0.06248400 0.04287600
v 0.10768200 0.06244500 0.04283400
v 0.10768200 0.06159000 0.04199400
v 0.10768200 0.06440700 0.02911200
v 0.10768200 0.06136500 0.04179000
v 0.10768200 0.06258900 0.04298700
v 0.10768200 0.06165900 0.04205400
v 0.10768200 0.05965800 0.04049700
v 0.10768200 0.06045000 0.04104300
v 0.10768200 0.06043500 0.04103400
v 0.10768200 0.06053400 0.04110900
v 0.10768200 0.05991300 0.04067400
v 0.10768200 0.04453500 0.04012200
v 0.10768200 0.04460700 0.04008300
v 0.10768200 0.04511100 0.03980100
v 0.10768200 0.06027600 0.04092300
v 0.10768200 0.06024300 0.04090200
v 0.10768200 0.06077100 0.04129800
v 0.10768200 0.06123300 0.04166700
v 0.10768200 0.06120600 0.04164300
v 0.10768200 0.04173600 0.04221600
v 0.10768200 0.04202700 0.04193700
v 0.10768200 0.06168600 0.04207800
v 0.10768200 0.06201900 0.04239600
v 0.10768200 0.06192000 0.04229100
v 0.10768200 0.04322100 0.03190200
v 0.10768200 0.04082700 0.04316100
v 0.10768200 0.04109700 0.04287000
v 0.10768200 0.06284100 0.04328100
v 0.10768200 0.06286800 0.04331700
v 0.10768200 0.06321300 0.04372500
v 0.10768200 0.06320100 0.04371000
v 0.10768200 0.04215000 0.03263700
v 0.10768200 0.03959700 0.04478100
v 0.10768200 0.03990900 0.04433100
v 0.10768200 0.03955500 0.04485000
v 0.10768200 0.06378600 0.04450200
v 0.10768200 0.06397200 0.04479600
v 0.10768200 0.06429900 0.04530900
v 0.10768200 0.06400800 0.04485000
v 0.10768200 0.06473100 0.04609500
v 0.10768200 0.06477300 0.04617000
v 0.10768200 0.06497100 0.04659900
v 0.10768200 0.06506700 0.04680900
v 0.10768200 0.06528000 0.04731300
v 0.10768200 0.06517800 0.04704900
v 0.10768200 0.03801600 0.04803300
v 0.10768200 0.03830100 0.04725900
v 0.10768200 0.06581700 0.04887900
v 0.10768200 0.06565800 0.04836900
v 0.10768200 0.06599700 0.04964100
v 0.10768200 0.06607800 0.05004300
v 0.10768200 0.06603900 0.04982400
v 0.10768200 0.06430800 0.06011400
v 0.10768200 0.06477300 0.05926500
v 0.10768200 0.06463800 0.05950500
v 0.10768200 0.03867900 0.05902800
v 0.10768200 0.03666000 0.06730500
v 0.10768200 0.03911100 0.05985600
v 0.10768200 0.06423600 0.06022200
v 0.10768200 0.06062100 0.07722900
v 0.10768200 0.06426000 0.06018600
v 0.10768200 0.03830100 0.05817300
v 0.10768200 0.03834900 0.05828400
v 0.10768200 0.03833100 0.05824200
v 0.10768200 0.03850200 0.05863200
v 0.10768200 0.06378600 0.06092700
v 0.10768200 0.06397800 0.06062700
v 0.10768200 0.06375300 0.06097500
v 0.10768200 0.06321300 0.06170700
v 0.10768200 0.06340200 0.06144900
v 0.10768200 0.03959700 0.06065400
v 0.10768200 0.03999600 0.06122700
v 0.10768200 0.03998700 0.06121200
v 0.10768200 0.06255900 0.06247800
v 0.10768200 0.06045000 0.06438900
v 0.10768200 0.05883000 0.06543000
v 0.10768200 0.06090000 0.06403200
v 0.10768200 0.05965800 0.06493800
v 0.10768200 0.05414400 0.07740000
v 0.10768200 0.05709600 0.06624600
v 0.10768200 0.05693700 0.06630300
v 0.10768200 0.05804700 0.06582900
v 0.10768200 0.05797500 0.06586500
v 0.10768200 0.05826900 0.06571800
v 0.10768200 0.05679600 0.06635100
v 0.10768200 0.05646900 0.06646800
v 0.10768200 0.04626300 0.06615600
v 0.10768200 0.04672800 0.06633900
v 0.10768200 0.04638000 0.06620100
v 0.10768200 0.05285400 0.07722900
v 0.10768200 0.05157900 0.07699200
v 0.10768200 0.05474700 0.06693600
v 0.10768200 0.05433300 0.06702600
v 0.10768200 0.05505900 0.06687000
v 0.10768200 0.05535900 0.06680100
v 0.10768200 0.05526900 0.06682500
v 0.10768200 0.04605900 0.06607500
v 0.10768200 0.04432800 0.07421100
v 0.10768200 0.05031600 0.07669200
v 0.10768200 0.05338800 0.06716100
v 0.10768200 0.05314200 0.06717900
v 0.10768200 0.05419200 0.06704400
v 0.10768200 0.04906800 0.07632000
v 0.10768200 0.05232600 0.06723600
v 0.10768200 0.05149200 0.06724800
v 0.10768200 0.04664400 0.07539000
v 0.10768200 0.04845600 0.06686100
v 0.10768200 0.04547100 0.07482900
v 0.10768200 0.05263500 0.06722100
v 0.10768200 0.03864000 0.05894100
v 0.10768200 0.04723800 0.06651300
v 0.10768200 0.04740600 0.06656700
v 0.10768200 0.05637900 0.06649800
v 0.10768200 0.04745100 0.06658200
v 0.10768200 0.04774200 0.06667800
v 0.10768200 0.05535000 0.06680400
v 0.10768200 0.04815000 0.06678300
v 0.10768200 0.05619000 0.06656700
v 0.10768200 0.05073300 0.06720600
v 0.10768200 0.04784400 0.07588500
v 0.10768200 0.05100300 0.06722100
v 0.10768200 0.04779600 0.06669300
v 0.10768200 0.04925100 0.06702000
v 0.10768200 0.04959300 0.06708300
v 0.10768200 0.04888800 0.06695400
v 0.10768200 0.04867800 0.06691500
v 0.10768200 0.04851600 0.06687300
v 0.10768200 0.04866000 0.06690900
v 0.10768200 0.05396100 0.06707700
v 0.10768200 0.05378700 0.06710400
v 0.10768200 0.04971000 0.06709800
v 0.10768200 0.04961100 0.06708600
v 0.10768200 0.04994700 0.06712500
v 0.10768200 0.05196900 0.06724200
v 0.10768200 0.05156700 0.06724500
v 0.10768200 0.05002500 0.06713400
v 0.10768200 0.05356200 0.06713700
v 0.10768200 0.05367600 0.06711900
v 0.10768200 0.05053500 0.06719400
v 0.10768200 0.05148600 0.06724800
v 0.10768200 0.05224800 0.06723600
v 0.10768200 0.05203200 0.06723900
v 0.10768200 0.05110800 0.06722700
v 0.10768200 0.05243700 0.06723600
v 0.10768200 0.05124900 0.06723600
v 0.10768200 0.05258700 0.06722100
v 0.10768200 0.05040900 0.06717900
v 0.10768200 0.04684200 0.06638700
v 0.10768200 0.04704000 0.06645000
v 0.10768200 0.05855700 0.06557100
v 0.10768200 0.04492200 0.06552600
v 0.10768200 0.04322100 0.07353300
v 0.10768200 0.04500300 0.06557100
v 0.10768200 0.05790600 0.06589800
v 0.10768200 0.03918900 0.07026600
v 0.10768200 0.04087800 0.06232500
v 0.10768200 0.03829500 0.06932400
v 0.10768200 0.04013100 0.07116000
v 0.10768200 0.04180500 0.06328500
v 0.10768200 0.04349700 0.06466200
v 0.10768200 0.04383300 0.06487800
v 0.10768200 0.04367400 0.06477600
v 0.10768200 0.04402200 0.06500100
v 0.10768200 0.04401000 0.06499200
v 0.10768200 0.04150800 0.06299700
v 0.10768200 0.04163100 0.06311700
v 0.10768200 0.04161900 0.06310200
v 0.10768200 0.04017900 0.06147600
v 0.10768200 0.04071900 0.06215100
v 0.10768200 0.05975400 0.06487200
v 0.10768200 0.04104900 0.06251400
v 0.10768200 0.04324500 0.06447300
v 0.10768200 0.04324800 0.06447600
v 0.10768200 0.04274400 0.06410100
v 0.10768200 0.04279200 0.06414000
v 0.10768200 0.04297500 0.06427500
v 0.10768200 0.04290000 0.06421800
v 0.10768200 0.04198200 0.06345300
v 0.10768200 0.04111800 0.07200600
v 0.10768200 0.04511100 0.06563100
v 0.10768200 0.04215000 0.07279500
v 0.10768200 0.03921600 0.06002700
v 0.10768200 0.03865800 0.05898000
v 0.10768200 0.06552600 0.05748000
v 0.10768200 0.06517800 0.05838300
v 0.10768200 0.06510900 0.05853600
v 0.10768200 0.03745200 0.06833400
v 0.10768200 0.03938100 0.06029700
v 0.10768200 0.04001100 0.06124800
v 0.10768200 0.04013400 0.06142200
v 0.10768200 0.04043400 0.06179700
v 0.10768200 0.04035900 0.06170400
v 0.10768200 0.04134900 0.06284400
v 0.10768200 0.04124100 0.06272700
v 0.10768200 0.06217200 0.06287700
v 0.10768200 0.04154400 0.06303000
v 0.10768200 0.06191400 0.06314400
v 0.10768200 0.06151800 0.06350400
v 0.10768200 0.04197000 0.06344100
v 0.10768200 0.04202700 0.06349500
v 0.10768200 0.04239600 0.06381000
v 0.10768200 0.04272900 0.06408900
v 0.10768200 0.06305700 0.06189300
v 0.10768200 0.06258900 0.06244500
v 0.10768200 0.04118100 0.06265800
v 0.10768200 0.04077000 0.06220800
v 0.10768200 0.04003800 0.06128400
v 0.10768200 0.03965100 0.06073200
v 0.10768200 0.03930000 0.06016200
v 0.10768200 0.03932700 0.06020700
v 0.10768200 0.03898500 0.05961000
v 0.10768200 0.03771000 0.05640300
v 0.10768200 0.03524400 0.06512700
v 0.10768200 0.03788700 0.05699400
v 0.10768200 0.03222600 0.05659800
v 0.10768200 0.03592200 0.03919800
v 0.10768200 0.03205500 0.05531100
v 0.10768200 0.03524400 0.04030800
v 0.10768200 0.03195300 0.05401500
v 0.10768200 0.03462300 0.04144800
v 0.10768200 0.03192000 0.05271600
v 0.10768200 0.03406500 0.04262100
v 0.10768200 0.03195300 0.05141700
v 0.10768200 0.03356700 0.04382100
v 0.10768200 0.03205500 0.05012100
v 0.10768200 0.03222600 0.04883400
v 0.10768200 0.03313200 0.04504500
v 0.10768200 0.03276600 0.04629300
v 0.10768200 0.03246000 0.04755600
v 0.10768200 0.03730500 0.05136900
v 0.10768200 0.03462300 0.06398400
v 0.10768200 0.03729900 0.05143800
v 0.10768200 0.03726600 0.05178300
v 0.10768200 0.06620100 0.05465100
v 0.10768200 0.03725100 0.05319600
v 0.10768200 0.03726600 0.05364600
v 0.10768200 0.03725100 0.05221800
v 0.10768200 0.03723600 0.05271600
v 0.10768200 0.03735300 0.05457600
v 0.10768200 0.03741000 0.05492700
v 0.10768200 0.03752100 0.05556900
v 0.10768200 0.03753000 0.05560800
v 0.10768200 0.03757800 0.05581200
v 0.10768200 0.03778500 0.05665200
v 0.10768200 0.03750300 0.05549700
v 0.10768200 0.03735000 0.05452200
v 0.10768200 0.03724800 0.05306100
v 0.10768200 0.04547100 0.03060300
v 0.10768200 0.04327500 0.04093500
v 0.10768200 0.04344900 0.04080600
v 0.10768200 0.04417200 0.04033500
v 0.10768200 0.04428600 0.04026000
v 0.10768200 0.04449600 0.04014300
v 0.10768200 0.04403700 0.04042200
v 0.10768200 0.04349700 0.04077000
v 0.10768200 0.04292700 0.04119300
v 0.10768200 0.04289700 0.04121700
v 0.10768200 0.04289400 0.04122000
v 0.10768200 0.04284600 0.04125600
v 0.10768200 0.04274400 0.04133100
v 0.10768200 0.04167600 0.04227600
v 0.10768200 0.04134900 0.04259100
v 0.10768200 0.04119000 0.04276500
v 0.10768200 0.04071900 0.04328100
v 0.10768200 0.04052700 0.04351800
v 0.10768200 0.04038900 0.04369200
v 0.10768200 0.04023900 0.04388400
v 0.10768200 0.04013400 0.04401300
v 0.10768200 0.03932700 0.04522500
v 0.10768200 0.03911100 0.04557900
v 0.10768200 0.03905100 0.04569300
v 0.10768200 0.03905400 0.04569000
v 0.10768200 0.03898500 0.04581900
v 0.10768200 0.03867900 0.04640700
v 0.10768200 0.03797700 0.04813500
v 0.10768200 0.03830400 0.04725000
v 0.10768200 0.03771000 0.04902900
v 0.10768200 0.03750300 0.04993800
v 0.10768200 0.03735300 0.05085900
v 0.10768200 0.03592200 0.06623400
v 0.10768200 0.03797700 0.05729700
v 0.10768200 0.03803400 0.05745000
v 0.10768200 0.06581700 0.05655300
v 0.10768200 0.03805500 0.05751000
v 0.10768200 0.04422900 0.06513300
v 0.10768200 0.04511700 0.06563400
v 0.10768200 0.04428600 0.06517200
v 0.10768200 0.04458000 0.06533400
v 0.10768200 0.05895600 0.06535500
v 0.10768200 0.04534500 0.06574200
v 0.10768200 0.04596300 0.06603600
v 0.10768200 0.04556100 0.06584400
v 0.10768200 0.04596600 0.06603900
v 0.10768200 0.05518800 0.06684300
v 0.10768200 0.05577900 0.06668400
v 0.10768200 0.05685300 0.06633000
v 0.10768200 0.05739600 0.06611700
v 0.10768200 0.06075900 0.06414600
v 0.10768200 0.06630300 0.05356500
v 0.10768200 0.06633000 0.05273700
v 0.10768200 0.06633000 0.05271600
v 0.10768200 0.06629700 0.05368800
v 0.10768200 0.06632400 0.05248800
v 0.10768200 0.06629700 0.05174700
v 0.10768200 0.06629700 0.05170800
v 0.10768200 0.07681800 0.03812700
v 0.10768200 0.07334700 0.03427200
v 0.10768200 0.08155800 0.05271600
v 0.10768200 0.06316200 0.07669200
v 0.10768200 0.06914700 0.07421100
v 0.10768200 0.07755600 0.03919800
v 0.10768200 0.07941000 0.06281100
v 0.10768200 0.08152500 0.05401500
v 0.10768200 0.08125200 0.05659800
v 0.10768200 0.08034300 0.06038700
v 0.10768200 0.08071200 0.05914200
v 0.10768200 0.08142000 0.05531100
v 0.10768200 0.07991100 0.06161100
v 0.10768200 0.08101500 0.05787600
v 0.10768200 0.07025700 0.07353300
v 0.10768200 0.07823400 0.04030800
v 0.10768200 0.07132800 0.07279500
v 0.10768200 0.07885200 0.04144800
v 0.10768200 0.07235700 0.07200600
v 0.10768200 0.07941000 0.04262100
v 0.10768200 0.07334700 0.07116000
v 0.10768200 0.07991100 0.04382100
v 0.10768200 0.07428900 0.07026600
v 0.10768200 0.08034300 0.04504500
v 0.10768200 0.07518300 0.06932400
v 0.10768200 0.08071200 0.04629300
v 0.10768200 0.08101500 0.04755600
v 0.10768200 0.07602600 0.06833400
v 0.10768200 0.05883000 0.04000500
v 0.10768200 0.05854200 0.03985500
v 0.10768200 0.05604300 0.03882300
v 0.10768200 0.04614000 0.03932700
v 0.10768200 0.04561200 0.06586800
v 0.11670400 0.01756200 0.03241200
v 0.11670400 0.02404500 0.02404500
v 0.07985960 0.04873800 0.04873800
v 0.07985960 0.04985700 0.04779600
v 0.04669230 0.04932900 0.04826700
v 0.04669230 0.04873800 0.04873800
v 0.04669230 0.04826700 0.04932900
v 0.01357770 0.04779600 0.04985700
v 0.04669230 0.04779600 0.04985700
v 0.07985960 0.04779600 0.04985700
v 0.04669230 0.04755900 0.05056500
v 0.01357770 0.04726500 0.05127300
v 0.04669230 0.04726500 0.05127300
v 0.07985960 0.04726500 0.05127300
v 0.04669230 0.04714500 0.05197800
v 0.01357770 0.04708800 0.05268900
v 0.04669230 0.04708800 0.05268900
v 0.07985960 0.04708800 0.05268900
v 0.04669230 0.04714500 0.05345400
v 0.01357770 0.04726500 0.05416200
v 0.04669230 0.04726500 0.05416200
v 0.07985960 0.04726500 0.05416200
v 0.04669230 0.04755900 0.05486700
v 0.01357770 0.04779600 0.05551500
v 0.04669230 0.04779600 0.05551500
v 0.07985960 0.04779600 0.05551500
v 0.04669230 0.04826700 0.05610600
v 0.01357770 0.04873800 0.05669400
v 0.04669230 0.04873800 0.05669400
v 0.07985960 0.04873800 0.05669400
v 0.04669230 0.04932900 0.05716500
v 0.07985960 0.04985700 0.05757900
v 0.04669230 0.04985700 0.05757900
v 0.01357770 0.04985700 0.05757900
v 0.04669230 0.05056500 0.05787300
v 0.07985960 0.05127300 0.05816700
v 0.11670400 0.04219500 0.09193800
v 0.11670400 0.05268900 0.09329400
v 0.11670400 0.06323700 0.09193800
v 0.07985960 0.05416200 0.05816700
v 0.07985960 0.05551500 0.05757900
v 0.04669230 0.05486700 0.05787300
v 0.01357770 0.05416200 0.05816700
v 0.04669230 0.05416200 0.05816700
v 0.04669230 0.05345400 0.05828400
v 0.01357770 0.05268900 0.05834400
v 0.01357770 0.05127300 0.05816700
v 0.04669230 0.05197800 0.05828400
v 0.07985960 0.05268900 0.05834400
v 0.04669230 0.05268900 0.05834400
v 0.04669230 0.05127300 0.05816700
v 0.01357770 0.05669400 0.05669400
v 0.01357770 0.05551500 0.05757900
v 0.04669230 0.05610600 0.05716500
v 0.04669230 0.05551500 0.05757900
v 0.07985960 0.05669400 0.05669400
v 0.04669230 0.05669400 0.05669400
v 0.04669230 0.05716500 0.05610600
v 0.01357770 0.05757900 0.05551500
v 0.04669230 0.05757900 0.05551500
v 0.07985960 0.05757900 0.05551500
v 0.04669230 0.05787300 0.05486700
v 0.07985960 0.05816700 0.05416200
v 0.11670400 0.09193800 0.06323700
v 0.11670400 0.09329400 0.05268900
v 0.11670400 0.08787300 0.07302000
v 0.11670400 0.08138700 0.08138700
v 0.11670400 0.07302000 0.08787300
v 0.07985960 0.05834400 0.05268900
v 0.07985960 0.05816700 0.05127300
v 0.04669230 0.05828400 0.05197800
v 0.04669230 0.05834400 0.05268900
v 0.01357770 0.05834400 0.05268900
v 0.01357770 0.05816700 0.05127300
v 0.04669230 0.05816700 0.05127300
v 0.04669230 0.05787300 0.05056500
v 0.07985960 0.05757900 0.04985700
v 0.01357770 0.05757900 0.04985700
v 0.04669230 0.05757900 0.04985700
v 0.04669230 0.05716500 0.04932900
v 0.04669230 0.05669400 0.04873800
v 0.01357770 0.05816700 0.05416200
v 0.04669230 0.05816700 0.05416200
v 0.04669230 0.05828400 0.05345400
v 0.11670400 0.03241200 0.08787300
v 0.11670400 0.02404500 0.08138700
v 0.11670400 0.01756200 0.07302000
v 0.11670400 0.01349700 0.06323700
v 0.11670400 0.01214100 0.05268900
v 0.11670400 0.01349700 0.04219500
v 0.04669230 0.04985700 0.04779600
v 0.04669230 0.05056500 0.04755900
v 0.11670400 0.04219500 0.01349700
v 0.11670400 0.03241200 0.01756200
v 0.08214940 0.05029500 0.05271600
vn 0.56067269 -0.75341419 0.34353047
vn 0.57735027 -0.57735027 0.57735027
vn 0.75450140 -0.54935242 0.35908155
vn 0.68876266 -0.62676417 0.36437984
vn 0.68897849 -0.67830673 0.25535978
vn 0.68845303 -0.70073078 0.18710637
vn -0.36873892 -0.80435376 0.46588264
vn 0.68833852 -0.51298523 0.51287058
vn 0.37946381 -0.65606663 0.65236784
vn 0.38433831 -0.46199244 0.79927908
vn 0.00000000 -0.62421157 0.78125534
vn 0.00000000 -0.48970790 0.87188656
vn -0.60624310 -0.39743752 0.68884884
vn -0.59878826 -0.56800215 0.56464695
vn 0.15539817 -0.69863012 0.69840344
vn 0.15573238 -0.85646482 0.49215388
vn 0.15600002 -0.95404215 0.25586629
vn 1.00000000 0.00000000 0.00000000
vn 1.00000000 0.00000000 0.00000000
vn 1.00000000 0.00000000 0.00000000
vn 0.15547034 0.69884846 0.69816890
vn 1.00000000 0.00000000 0.00000000
vn 0.15583312 0.85627027 0.49246042
vn 0.15587321 0.49175116 0.85667050
vn 0.15582162 -0.49195062 0.85656536
vn 0.15598486 0.25575331 0.95407493
vn 0.15594595 -0.25547468 0.95415594
vn 0.15594595 -0.25547468 -0.95415594
vn 0.15598486 0.25575331 -0.95407493
vn 0.15573389 -0.49222753 -0.85642222
vn 0.15552774 0.00028389 0.98783148
vn 1.00000000 0.00000000 0.00000000
vn 0.15570360 -0.85656209 -0.49199368
vn 1.00000000 0.00000000 0.00000000
vn 0.15552774 0.00028389 -0.98783148
vn 0.15578534 0.49202827 -0.85652736
vn 0.15530971 -0.69847137 -0.69858188
vn 1.00000000 0.00000000 0.00000000
vn 1.00000000 0.00000000 0.00000000
vn 0.15599054 0.95419273 -0.25530997
vn 0.15538167 0.69868960 -0.69834760
vn 1.00000000 0.00000000 0.00000000
vn 0.15555078 0.98782788 0.00019673
vn 0.15558589 -0.98782231 0.00032956
vn 0.15592982 -0.95407362 -0.25579176
vn 1.00000000 0.00000000 0.00000000
vn 1.00000000 0.00000000 0.00000000
vn 0.15580413 0.85636771 -0.49230014
vn 0.15609593 0.95412154 0.25551152
vn -0.59331514 0.56987482 0.56852426
vn -0.61073273 0.39897111 0.68397923
vn -0.59891553 0.19220499 0.77740429
vn -0.59976091 0.00187810 0.80017706
vn 0.00000002 0.12397750 0.99228503
vn 0.00000000 0.27740494 0.96075309
vn 0.38046887 0.22117461 0.89795614
vn 0.37997030 0.00203764 0.92499644
vn 0.00000000 0.00281265 0.99999604
vn 0.00000002 -0.12083812 0.99267223
vn -0.60098173 -0.19560728 0.77495726
vn -0.00000001 -0.36428115 0.93128902
vn 0.00000000 -0.27779171 0.96064133
vn 0.38112680 -0.22572945 0.89654257
vn 0.68816626 -0.18707590 0.70102054
vn 0.68809296 0.00016533 0.72562252
vn -0.36941302 -0.23892630 0.89802464
vn 0.68847225 -0.36420565 0.62718434
vn -0.36854408 -0.46539990 0.80472243
vn -0.36979975 -0.65714299 0.65681902
vn -0.70495102 0.31068780 -0.63758697
vn -0.70287241 -0.03234977 0.71057995
vn -0.36952503 -0.23910713 -0.89793042
vn -0.70655561 -0.05444300 0.70556016
vn -0.70709903 0.16461337 0.68768699
vn -0.70831557 0.16774498 0.68567534
vn -0.70696614 0.48691959 -0.51294073
vn -0.70717143 0.48700464 -0.51257688
vn -0.36985322 0.65706841 0.65686353
vn -0.70734909 -0.40070077 -0.58231963
vn -0.71320561 -0.38113196 -0.58828240
vn -0.71323294 0.46876444 -0.52111291
vn -0.70695901 0.45896724 -0.53810597
vn -0.71309239 -0.03698822 0.70009364
vn -0.72719344 -0.03937698 0.68530224
vn -0.36864018 0.46534328 -0.80471116
vn -0.71307518 -0.11008701 0.69239053
vn -0.70712869 -0.09251819 0.70100599
vn -0.36959855 0.89807053 -0.23846640
vn -0.36867124 0.80437822 -0.46589398
vn -0.71297092 -0.41225021 0.56720563
vn -0.71390865 -0.17927462 0.67690107
vn -0.71356384 -0.14435419 0.68555708
vn -0.70625180 -0.16320724 0.68889171
vn -0.71332600 -0.21612943 0.66667389
vn -0.70676722 -0.20061356 0.67840571
vn -0.71391610 -0.31607306 0.62483728
vn -0.70620713 -0.30299422 0.63989530
vn -0.71433240 -0.34819649 0.60703247
vn -0.70604036 -0.33551502 0.62364788
vn -0.70710450 0.16463787 0.68767551
vn -0.36977000 -0.65713298 -0.65684579
vn -1.00000000 0.00000000 0.00000000
vn -0.71284795 0.66759701 0.21485352
vn -0.70692502 -0.43008364 0.56150252
vn -0.70678104 0.67839790 0.20059128
vn -0.71416551 0.67683315 0.17850635
vn -0.36949583 0.89790350 0.23925330
vn -0.37002958 0.92901996 0.00014282
vn -0.70799539 -0.37079283 0.60104510
vn -0.70662896 -0.37057411 0.60278549
vn -0.71392027 -0.65388801 0.25049615
vn -0.70683190 -0.66827188 0.23195121
vn -0.71303587 -0.46933901 0.52086538
vn -0.70622738 -0.48574167 0.51507079
vn -0.71308779 -0.44039870 0.54548583
vn -0.71391233 -0.49358571 0.49669139
vn -0.71304513 -0.54473804 0.44139224
vn -0.70665035 -0.56044424 0.43191150
vn -0.70708662 -0.51320793 0.48646288
vn -0.70822154 -0.62169719 0.33453678
vn -0.71210386 -0.62698309 0.31591185
vn -0.70762037 0.66640412 0.23490203
vn -0.71299445 0.65451403 0.25149611
vn -0.70697797 0.42789630 -0.56310470
vn -0.70623740 0.42987305 -0.56252813
vn -0.71332741 -0.41354614 -0.56581233
vn -0.70931738 0.45221790 -0.54071048
vn -0.70652132 -0.43164414 -0.56081277
vn -0.70756371 -0.55972079 -0.43135396
vn -0.71259378 -0.54430464 -0.44265400
vn -0.71185145 0.54884353 0.43822174
vn -0.70850844 0.53932275 0.45513378
vn -0.70764711 -0.65321237 0.26934953
vn -0.70656431 -0.65445732 0.26917002
vn -0.70634770 -0.63811602 0.30639986
vn -0.70585513 -0.66846694 0.23435119
vn -0.70671037 -0.65323963 0.27173231
vn -0.70758302 -0.39929849 0.58299828
vn -0.70886979 -0.65273380 0.26728676
vn -0.70775049 -0.66614919 0.23523284
vn -0.70525604 -0.65619442 0.26837064
vn -0.71313375 -0.67701899 0.18189430
vn -0.70821515 -0.68714981 0.16203838
vn -0.71284795 -0.66759701 0.21485352
vn -0.36851992 0.80464559 0.46555187
vn -0.70681429 0.36998416 0.60293057
vn -0.71373247 0.34952882 0.60697246
vn -0.71196332 -0.68745320 0.14323523
vn -0.70722686 -0.70085177 0.09293526
vn -0.71321949 -0.69712417 0.07304693
vn -0.70771057 -0.69488190 0.12761229
vn -0.70688312 -0.70706628 0.01932716
vn -0.71331577 -0.70084247 0.00066921
vn -0.70717553 0.70104200 0.09188517
vn -0.70736639 -0.70478244 0.05398612
vn -0.71297165 -0.60710968 0.35084079
vn -0.70789195 0.56175423 0.42816021
vn -0.70822626 0.55828233 0.43213009
vn -0.70730461 -0.70664789 -0.01920828
vn -0.71266776 -0.70053407 -0.03683311
vn -0.71238994 0.69769434 -0.07565166
vn -0.70703698 0.70111669 -0.09238017
vn -0.70750464 -0.70451449 -0.05564637
vn -0.71240248 -0.69328578 0.10880045
vn -0.70743830 -0.70433778 -0.05864591
vn -0.70580007 -0.70611411 -0.05700109
vn -0.70697801 -0.70527113 -0.05267563
vn -0.70730199 -0.69523206 -0.12796982
vn -0.70692368 -0.69570364 -0.12749650
vn -0.70768671 -0.70445896 -0.05401013
vn -0.70628579 -0.70147896 -0.09532920
vn -0.70703187 -0.70103013 -0.09307355
vn -0.70683765 -0.70134281 -0.09218895
vn -0.70892856 -0.68582639 -0.16450669
vn -0.70553655 -0.68842022 -0.16821349
vn -0.70546223 -0.70349951 -0.08608999
vn -0.70790787 -0.69453036 -0.12842910
vn -0.70836784 -0.69292442 -0.13442749
vn -0.71258449 0.69319087 -0.10821168
vn -0.70768596 0.69491230 -0.12758322
vn -0.71297975 0.68577727 -0.14618281
vn -0.70659900 0.68843110 -0.16364741
vn -0.70753110 -0.68728650 -0.16442933
vn -0.71812576 -0.66706693 -0.19828540
vn -0.69784289 -0.67952064 -0.22642219
vn -0.70713959 -0.67821452 -0.19994667
vn -0.70789081 0.68722622 -0.16312793
vn -0.70903869 -0.67471049 -0.20501192
vn -0.70499587 -0.67853454 -0.20632910
vn -0.71298576 -0.66737679 -0.21508028
vn -0.70746625 -0.66676292 -0.23434745
vn -0.70723018 -0.66668899 -0.23526850
vn -0.70782285 -0.66537002 -0.23721205
vn -0.70699228 -0.51280245 -0.48702727
vn -0.70446173 -0.52043025 -0.48258266
vn -0.70751710 -0.65242302 -0.27159486
vn -0.71258769 -0.64049705 -0.28632553
vn -0.70635416 -0.60461072 -0.36811640
vn -0.71420635 -0.58742199 -0.38058469
vn -0.71307899 -0.56712067 -0.41218018
vn -0.70769068 -0.51347479 -0.48530149
vn -0.71302618 -0.44058502 -0.54541590
vn -0.71393477 -0.49361733 -0.49662770
vn -0.70603443 -0.48630403 -0.51480460
vn -0.70726065 -0.48721284 -0.51225581
vn -0.70729087 -0.45885337 -0.53776687
vn -0.71293519 -0.46913327 -0.52118843
vn -0.70776408 -0.48763627 -0.51115641
vn -0.70616593 -0.48924571 -0.51182840
vn -0.70978729 -0.51697198 -0.47847882
vn -0.70728476 -0.51478551 -0.48450401
vn -0.71210063 -0.52149836 -0.47005548
vn -0.70644545 -0.53463139 -0.46379317
vn -0.70873366 -0.53492909 -0.45994291
vn -0.70792196 -0.53980594 -0.45547343
vn -0.70634257 -0.53997149 -0.45772367
vn -0.70666219 -0.58229667 -0.40194420
vn -0.71313167 0.67696998 -0.18208477
vn -0.71289810 -0.60711096 -0.35098801
vn -0.70813667 -0.62182783 -0.33447362
vn -0.71186493 -0.62684625 -0.31672086
vn -0.70738424 -0.63779553 -0.30467098
vn -0.71247343 -0.65441841 -0.25321562
vn -0.37002958 0.00014282 0.92901996
vn -0.36857837 0.46541546 0.80469773
vn -0.70661601 -0.36994543 -0.60318670
vn -0.70754441 -0.36953467 -0.60234959
vn -0.70572869 -0.37279024 -0.60247362
vn -0.71325518 -0.34915124 -0.60775033
vn -0.70664729 -0.33693975 -0.62219066
vn -0.71091127 0.43554127 -0.55218563
vn -1.00000000 0.00000000 0.00000000
vn -0.70344895 0.44153407 -0.55696251
vn -0.71527842 -0.28989853 -0.63587390
vn -0.70696369 -0.27056021 -0.65345200
vn -0.71190981 -0.24921998 -0.65656212
vn -0.70701454 -0.23716717 -0.66624483
vn -0.70752315 -0.33618706 -0.62160217
vn -0.71244541 -0.31804795 -0.62551342
vn -0.71254117 -0.18178723 -0.67767137
vn -0.70750631 -0.16547824 -0.68706024
vn -0.70993460 0.30742676 -0.63362580
vn -0.70433194 0.30965244 -0.63877374
vn -0.71284782 -0.03506378 -0.70044166
vn -0.70670123 -0.01874704 -0.70726369
vn -0.70751277 0.01872554 -0.70645242
vn -0.71311974 -0.00125755 -0.70104112
vn -0.70602937 0.23710101 -0.66731226
vn -0.70889568 0.23428119 -0.66526629
vn -0.70354616 0.21316772 -0.67792502
vn -0.71173402 0.20925869 -0.67055610
vn -0.70757359 0.16363791 -0.68743163
vn -0.69309319 0.20974735 -0.68965780
vn -0.70727796 0.12825697 -0.69520360
vn -0.70692791 0.12826331 -0.69555838
vn -0.71335335 -0.21703745 -0.66634956
vn -0.72860861 0.18004589 -0.66084262
vn -0.70807814 -0.26732470 -0.65357697
vn -0.70725405 -0.19992166 -0.67810253
vn -0.71338604 0.21601326 -0.66664731
vn -0.70682640 0.19964941 -0.67862844
vn -0.70794946 0.23657908 -0.66546067
vn -0.71165019 0.25117471 -0.65609852
vn -1.00000000 0.00000000 0.00000000
vn -0.70578812 0.23327538 -0.66891384
vn -0.71526390 0.28993225 -0.63587487
vn -0.71303889 0.41300505 -0.56657071
vn -0.70723376 0.40104895 -0.58222001
vn -0.70370669 0.45766005 -0.54345577
vn -0.70717031 0.46321422 -0.53417482
vn -0.71388889 0.44261753 -0.54263467
vn -0.71288777 0.38263850 -0.58768938
vn -0.71233872 0.35157860 -0.60742575
vn -0.70748129 0.33879380 -0.62023302
vn -0.70754666 0.36919166 -0.60255724
vn -0.71294265 0.31917872 -0.62436986
vn -0.70744176 0.30443198 -0.63784584
vn -0.70751237 -0.33859011 -0.62030878
vn -0.70932369 0.26298039 -0.65398869
vn -0.70463319 0.26634750 -0.65768615
vn -0.70491610 -0.31094825 -0.63749861
vn -0.70782828 0.27155880 -0.65210041
vn -0.70691447 0.27092872 -0.65335255
vn -0.70815041 0.26852916 -0.65300466
vn -0.70698758 0.20061811 -0.67817471
vn -0.71214214 0.18070646 -0.67837950
vn -0.70719215 0.16667533 -0.68709432
vn -0.70759090 0.16583346 -0.68688746
vn -0.70714036 0.16490986 -0.68757346
vn -0.70612216 0.12566184 -0.69685049
vn -0.70718620 -0.27064207 -0.65317727
vn -0.71298190 0.10978155 -0.69253507
vn -0.71243807 0.03634176 -0.70079332
vn -0.70699164 0.09295944 -0.70108584
vn -0.71315556 0.07397051 -0.69709219
vn -0.70756024 0.05456097 -0.70454355
vn -0.70754182 -0.05453696 -0.70456391
vn -0.71313331 -0.07399127 -0.69711274
vn -0.70698673 -0.09296683 -0.70108981
vn -0.71164316 -0.10592223 -0.69451025
vn -0.70870147 -0.12520666 -0.69430939
vn -0.71267781 -0.14624392 -0.68607803
vn -0.70748273 -0.30446728 -0.63778355
vn -0.70784045 -0.30321847 -0.63798155
vn -0.70634762 -0.30411043 -0.63921036
vn -0.70651559 -0.33946328 -0.62096731
vn -0.70801121 -0.37099664 -0.60090067
vn -0.36949583 0.23925330 0.89790350
vn -0.36982345 0.65705841 -0.65689030
vn -0.36956691 0.23934110 -0.89785084
vn -0.37005862 0.00024430 -0.92900837
vn -0.70695440 0.63782099 -0.30561391
vn -0.70707713 0.62159268 -0.33714162
vn -0.71332657 0.60670968 -0.35081129
vn -0.71284564 0.28695736 0.63992700
vn -0.70682951 0.30491009 0.63829608
vn -0.70559941 0.56253793 0.43090665
vn -0.71320086 0.31833859 0.62450386
vn -0.70832468 0.42755037 0.56167325
vn -0.71093984 0.41343012 0.56889374
vn -0.71280937 0.44130084 0.54512052
vn -0.71300466 0.38145854 0.58831432
vn -0.70794977 0.66646434 -0.23373574
vn -0.71299051 0.65449940 -0.25154537
vn -0.71249495 0.66826976 -0.21393100
vn -0.71224341 0.69789063 0.07521964
vn -0.70791887 0.70397140 0.05722881
vn -0.70671185 0.67841068 -0.20079170
vn -0.70720668 0.53727604 0.45955757
vn -0.70538126 0.53681344 0.46289158
vn -0.70733558 0.48806769 0.51133776
vn -0.70747885 0.48685321 0.51229642
vn -0.71349002 0.52108166 0.46840784
vn -0.70689731 0.51295008 0.48700967
vn -0.71352558 0.46781583 0.52156456
vn -0.70601961 0.45925828 0.53909011
vn -0.70744956 0.51220989 0.48698681
vn -0.70685039 0.51273074 0.48730864
vn -1.00000000 0.00000000 0.00000000
vn 0.70592805 0.53565763 0.46339669
vn -0.70694323 0.48676983 0.51311441
vn -0.70744868 0.46019174 0.53641394
vn -0.71184323 -0.38343371 0.58843675
vn -0.70736725 0.45897120 0.53756582
vn -0.70636976 0.48767340 0.51304621
vn -0.71337403 0.49505696 0.49600010
vn -0.70713092 0.53751841 0.45939070
vn -0.70729087 -0.45885337 0.53776687
vn -0.70627618 0.56054519 0.43239224
vn -0.70864674 0.56007136 0.42911523
vn -0.71198376 0.56920674 0.41119680
vn -0.70631282 0.58411597 0.39991341
vn -0.70771854 0.58249313 0.39979523
vn -0.70676882 0.58200554 0.40217830
vn -0.71420635 0.58742199 0.38058469
vn -0.70647828 0.60470646 0.36772075
vn -0.70686761 0.60310698 0.36959457
vn -0.71322269 0.60695772 0.35059337
vn -0.70707586 0.62159463 0.33714068
vn -0.71280705 0.62468189 0.31887090
vn -0.70709285 0.65329435 0.27060339
vn -0.71286937 0.64090481 0.28470736
vn -0.70708133 0.63761806 0.30574368
vn -0.70765988 0.63753299 0.30458032
vn -0.71364977 -0.63899862 0.28702748
vn -0.70604656 0.68927505 0.16247512
vn -0.71234254 0.68595843 0.14842215
vn -0.70798744 0.69403098 0.13067049
vn -0.71273781 0.69276165 0.10993686
vn -0.70733005 0.70077367 0.09273868
vn -0.70678104 -0.67839790 0.20059128
vn -0.71289762 0.70032092 0.03643625
vn -0.70688312 0.70706628 0.01932716
vn -0.71349996 0.70065526 0.00009259
vn -0.70691715 0.70703490 -0.01923002
vn -0.71295809 0.70025623 -0.03649635
vn -0.70793815 0.70395227 -0.05722563
vn -0.71303910 0.49551559 -0.49602373
vn -0.71170327 0.52253136 -0.46950978
vn -0.70795208 0.51385025 -0.48452222
vn -0.70751710 0.65242302 -0.27159486
vn -0.71142271 0.64302515 -0.28354256
vn -0.70856208 0.63818548 -0.30109646
vn -0.71287878 0.62471699 -0.31864169
vn -0.70686098 0.60279721 -0.37011226
vn -0.70567212 0.60641169 -0.36645835
vn -0.71457399 0.58894555 -0.37752767
vn -0.70815383 0.57993890 -0.40272700
vn -0.71187478 0.56645105 -0.41517166
vn -0.70771796 0.55988540 -0.43088702
vn -0.71252336 0.54452333 -0.44249836
vn -0.70776509 0.53626619 -0.45987733
vn -0.70826548 0.40231734 0.58008686
vn -0.70654232 0.33666260 0.62245983
vn -0.70757183 0.27138941 0.65244915
vn -0.71309573 0.25065977 0.65472449
vn -0.70433588 0.24446073 0.66644574
vn -0.71121573 0.23993144 0.66076100
vn -0.70531172 0.23492523 0.66883893
vn -0.70726737 0.20082957 0.67782029
vn -0.70981705 0.19631745 0.67647559
vn -0.70517113 0.19598034 0.68141426
vn -0.70640475 0.20240843 0.67825006
vn -0.71369180 0.18280182 0.67618600
vn -0.70735480 0.16365705 0.68765221
vn -0.70602086 0.16824559 0.68791566
vn -0.70751137 0.13010263 0.69462289
vn -0.72616883 0.06587372 0.68435334
vn -0.68460991 0.06347501 0.72614061
vn -0.70467578 0.13627585 0.69631957
vn -0.71540261 0.11653250 0.68892618
vn -0.70714265 0.09233535 0.70101602
vn -0.70717417 0.09203354 0.70102391
vn -0.70729124 0.09114752 0.70102156
vn -0.70669331 0.09172598 0.70154894
vn -0.70680034 0.05420542 0.70533329
vn -0.70623574 0.05761638 0.70562839
vn -0.70907033 0.05507305 0.70298381
vn -0.70648762 0.04950212 0.70599206
vn -0.70619474 0.05256444 0.70606372
vn -0.71376594 0.03882199 0.69930754
vn -0.70628339 0.05737911 0.70560003
vn -0.71378348 0.07406225 0.69643946
vn -0.70799034 0.01601578 0.70604049
vn -0.70795457 -0.01596707 0.70607746
vn -0.71137757 0.00000000 0.70281004
vn -0.70667911 0.09427194 0.70122567
vn -0.70632712 0.12856054 0.69611363
vn -0.71318157 0.14323584 0.68618914
vn -0.71292768 0.22051604 0.66566268
vn -0.36860588 -0.46532772 -0.80473587
vn -0.36952503 -0.89793042 -0.23910713
vn -0.36852390 -0.80466279 -0.46551899
vn -0.36970240 -0.89794150 0.23879111
vn -0.37001353 -0.92902630 0.00035517
vn -0.71161535 -0.68758677 -0.14431918
vn -0.70589702 -0.69526408 -0.13534124
vn -0.71166036 -0.69333884 -0.11322891
vn -0.71038242 -0.69808794 -0.08961056
vn -0.71465191 -0.69575794 -0.07206625
vn -0.70601369 -0.70623568 -0.05268617
vn -0.71264611 -0.70061586 0.03567840
vn -0.70634634 -0.60461175 0.36812970
vn -0.71420635 -0.58742199 0.38058469
vn -0.70675356 -0.58204463 0.40214856
vn -0.62106832 -0.75604804 0.20655630
vn -0.70692278 -0.53804688 0.45909229
vn -0.77156376 -0.59415803 0.22730069
vn -0.71313903 -0.52137640 0.46861431
vn -0.71271184 -0.28669021 0.64019571
vn -0.70659382 -0.23524330 0.66737228
vn -0.71341927 -0.24976171 0.65471523
vn -0.70759150 -0.27135668 0.65244143
vn -0.70650385 -0.12783026 0.69606877
vn -0.70121821 0.47718057 -0.52970909
vn -0.70126772 0.50430385 -0.50388611
vn -0.70762200 0.57993208 -0.40367052
vn -0.70362693 0.58837698 -0.39839888
vn -0.70128825 -0.38823713 -0.59788520
vn -0.71288113 -0.58819123 -0.38187899
vn -0.70803611 -0.58052901 -0.40208323
vn -0.71343215 0.58782977 -0.38140626
vn -0.70732406 0.58163607 -0.40173643
vn -0.69144774 -0.60908071 -0.38848514
vn -0.71337413 -0.60738808 -0.34953838
vn -0.70717728 -0.60273572 -0.36960782
vn -0.71080453 0.58263376 -0.39407464
vn -0.69112230 0.62082063 -0.37004286
vn -0.72361589 0.59400254 -0.35148404
vn -0.71499833 0.56072337 -0.41757238
vn -0.70576023 0.55560217 -0.43955515
vn -0.72429042 -0.57932730 -0.37387601
vn -0.70630398 0.60315525 -0.37059201
vn -0.71235753 0.68670040 -0.14487687
vn -0.70096910 0.59792634 -0.38874982
vn -1.00000000 0.00000000 0.00000000
vn -0.70527626 0.60420165 -0.37084466
vn -0.70137231 0.52985262 -0.47679459
vn -0.71348526 -0.68494504 -0.14761122
vn -0.70093149 -0.61790564 0.35621295
vn -0.70731296 -0.69506169 -0.12883177
vn -0.71003344 0.63872014 -0.29646094
vn -0.70673742 0.63857104 -0.30454761
vn -0.70121685 0.55411992 -0.44860455
vn -0.71296995 0.64007091 -0.28632690
vn -0.70498421 0.64285305 -0.29956172
vn -0.70632757 -0.65493021 -0.26864062
vn -0.71388669 -0.64061624 -0.28280138
vn -0.70615046 0.70165111 -0.09506445
vn -0.71315810 0.69232704 -0.10994906
vn -0.70615710 0.66689723 -0.23788701
vn -0.70753379 0.66612030 -0.23596543
vn -0.70150543 0.57624927 -0.41931720
vn -0.70756435 0.68754102 -0.16321776
vn -0.70738832 0.68720525 -0.16538049
vn -0.70134480 0.63521823 -0.32343975
vn -0.70142357 0.41907785 0.57652297
vn -0.70121189 0.44860780 0.55412357
vn -0.70126269 -0.41891916 -0.57683393
vn -0.70645357 -0.67919322 -0.19904755
vn -0.71394827 -0.66629142 -0.21525244
vn -0.70717431 0.69504427 -0.12968404
vn -0.70638424 0.70555441 -0.05669470
vn -0.70126570 0.61760083 -0.35608374
vn -0.70580148 0.70652319 0.05166484
vn -0.70710678 0.70491344 0.05565106
vn -0.71467846 0.69592318 0.07018279
vn -0.70617492 0.70209220 0.09156161
vn -0.70676960 -0.66699729 0.23577817
vn -0.70133040 -0.55377815 0.44884900
vn -0.70701714 -0.66702363 0.23496009
vn -0.70815135 0.68615293 0.16648068
vn -0.71222342 0.67740814 0.18400004
vn -0.71269081 0.68624422 0.14539834
vn -0.70751987 0.67725961 0.20182928
vn -0.71228315 0.66750966 0.21698749
vn -0.71436548 -0.60495972 0.35171822
vn -0.70133454 -0.52987068 0.47683009
vn -0.70665451 -0.60075762 0.37380434
vn -0.71275991 -0.62439813 0.31953135
vn -0.70672542 -0.62217224 0.33680986
vn -0.68907253 -0.62587016 0.36532943
vn -0.70134251 -0.47685274 0.52983974
vn -0.72229312 -0.59187354 0.35774064
vn -0.71314029 -0.69233081 0.11004084
vn -0.71425399 -0.68399566 0.14829423
vn -0.70684980 -0.69554542 0.12876310
vn -0.71438276 -0.66548243 0.21631090
vn -0.70115915 -0.57670074 0.41927568
vn -0.70648179 -0.66636713 0.23840788
vn -0.71408199 0.58708111 0.38134327
vn -0.71298930 0.60694595 0.35108812
vn -0.70655543 0.60410611 0.36855832
vn -0.71326267 0.44271174 0.54338078
vn -0.70847532 0.45910845 0.53598709
vn -0.70613598 0.45967010 0.53858646
vn -0.70112513 -0.50420712 0.50418125
vn -0.70129918 0.22046511 0.67791931
vn -0.69051132 0.40565495 0.59886407
vn -0.72692770 0.38349083 0.56965859
vn -0.71812637 0.39686853 0.57165540
vn -0.70798782 0.42908055 0.56093059
vn -0.70638710 0.42948877 0.56263368
vn -0.70738804 0.36999743 0.60224918
vn -0.70688190 0.37010027 0.60278003
vn -0.71060670 0.35917379 0.60500603
vn -0.70113415 0.18456605 0.68872802
vn -0.70839682 0.30437189 0.63681371
vn -0.70457626 0.30970616 0.63847818
vn -0.71384678 0.35016252 0.60647257
vn -0.70670531 0.33648757 0.62236943
vn -0.00000000 0.00000000 0.00000000
vn -1.00000000 0.00000000 0.00000000
vn -0.70903317 0.31163067 0.63258065
vn -0.70130752 0.14804190 0.69731726
vn -0.70762436 0.26923735 0.65328326
vn -0.71115643 0.25534598 0.65502288
vn -0.71006344 0.30710864 0.63363570
vn -0.70614736 0.30308577 0.63991790
vn -0.70562129 -0.34012774 0.62162023
vn -0.70129336 -0.28989488 0.65126690
vn -0.70726711 -0.34142552 0.61903299
vn -0.71356977 0.28440004 0.64026151
vn -0.70142601 0.36108868 0.61450510
vn -0.70743598 0.37227589 0.60078698
vn -0.70855046 -0.26614904 0.65354489
vn -0.70793722 -0.27196176 0.65181415
vn -0.70494869 -0.26971900 0.65597180
vn -0.70114737 0.03700385 0.71205553
vn -0.71356505 0.07456578 0.69660955
vn -0.70708338 0.05524732 0.70496867
vn -0.70128311 0.07449562 0.70897983
vn -0.70590663 0.12581972 0.69704034
vn -0.70546915 0.13398656 0.69596040
vn -0.70150760 0.00004225 0.71266197
vn -0.70118147 -0.03704394 0.71201987
vn -0.70746756 0.05530283 0.70457877
vn -0.71327465 0.03452754 0.70003366
vn -0.70694266 0.05582644 0.70506417
vn -0.70367261 0.02632065 0.71003667
vn -0.71098227 0.02971357 0.70258190
vn -0.70114339 -0.18454709 0.68872368
vn -0.70738829 -0.19962228 0.67805070
vn -0.70131375 -0.22047550 0.67790086
vn -0.70990583 0.00979701 0.70422846
vn -0.70234437 0.01411300 0.71169742
vn -0.70638534 -0.01719235 0.70761867
vn -0.70127814 -0.07449941 0.70898435
vn -0.71467289 0.00310552 0.69945194
vn -0.70951548 0.02141970 0.70436424
vn -0.70502480 0.02026142 0.70889315
vn -0.71139799 0.15086574 -0.68640544
vn -0.70137488 0.14806902 -0.69724375
vn -0.70784798 0.13625325 -0.69309904
vn -0.70339118 -0.06438430 0.70788100
vn -0.70123997 -0.11152573 0.70414808
vn -0.70618028 -0.09352110 0.70182848
vn -0.70132757 -0.14806614 0.69729194
vn -0.70680915 -0.20029135 0.67845722
vn -0.71353585 -0.04002103 0.69947474
vn -0.70801043 -0.01729942 0.70599006
vn -0.70825719 -0.09190429 0.69994668
vn -0.71208033 -0.14824242 0.68626947
vn -0.70738468 -0.12837388 0.69507342
vn -0.70657257 -0.12953866 0.69568308
vn -0.70924638 -0.22816410 0.66701628
vn -0.70482709 -0.23201408 0.67036426
vn -0.70121961 0.11156086 0.70416279
vn -0.00000000 0.00000000 0.00000000
vn -0.70503673 0.20909271 0.67764552
vn -0.70807795 -0.23697175 0.66518419
vn -0.70698956 -0.27028074 0.65353966
vn -0.70125959 -0.25551088 0.66554427
vn -0.71273591 -0.25224304 0.65450819
vn -0.70669253 -0.23915784 0.66587476
vn -0.71098164 -0.27963509 0.64522037
vn -0.71190472 -0.30001348 0.63496738
vn -0.70442668 -0.31186531 0.63759163
vn -0.70671024 -0.30321417 0.63923533
vn -0.70725927 -0.33598903 0.62200941
vn -0.70125469 -0.32346334 0.63530569
vn -0.70852603 -0.37058126 0.60055007
vn -0.70662422 -0.36950144 0.60344917
vn -0.70719311 -0.30213190 0.63921375
vn -0.70686639 -0.33600018 0.62244983
vn -0.71364112 -0.34974834 0.60695342
vn -0.71145825 -0.36524950 0.60034987
vn -0.69576141 -0.40406323 0.59384255
vn -0.70538890 -0.37249346 0.60305483
vn -0.71756254 -0.38932298 0.57752197
vn -0.70493454 -0.36375241 0.60889365
vn -0.71402765 -0.31855679 0.62344694
vn -0.70130138 -0.41889201 0.57680661
vn -0.70683544 -0.51315774 0.48688068
vn -0.70122020 -0.44859476 0.55412361
vn -0.70893415 -0.46266200 0.53231216
vn -0.70143417 -0.38848906 0.59755029
vn -0.70762645 -0.45809155 0.53797485
vn -0.70785242 -0.39926630 0.58269321
vn -0.70102477 -0.35673720 0.61749724
vn -0.71115957 -0.38726996 0.58674870
vn -0.70522078 -0.45759960 0.54154064
vn -0.71191145 -0.44674877 0.54184650
vn -0.70750690 -0.51204160 0.48708047
vn -0.70725060 -0.43528752 0.55706495
vn -0.71378168 -0.41306431 0.56559135
vn -0.70676031 -0.40095275 0.58286084
vn -0.71385884 -0.65322940 0.25238247
vn -0.71335446 -0.64021756 0.28503841
vn -0.70648117 -0.67917722 0.19900416
vn -0.70584036 -0.68815222 0.16803544
vn -0.70741773 -0.68721899 0.16519749
vn -0.71283195 -0.67729648 0.18204421
vn -0.71298710 -0.67730069 -0.18141988
vn -0.70719000 -0.70096539 0.09235710
vn -0.70128960 -0.59782216 0.38833176
vn -0.71064461 0.54532818 -0.44452381
vn -0.70982036 0.53424657 -0.45905953
vn -0.70759991 -0.63669410 0.30646859
vn -0.70548285 0.56028386 -0.43402297
vn -0.70680458 0.56300952 -0.42830778
vn -0.71388402 -0.65440514 -0.24924589
vn -0.70683251 -0.65336188 -0.27111999
vn -0.71336208 0.62448690 -0.31801046
vn -0.70713039 0.62097336 -0.33816964
vn -0.70721725 -0.63783632 -0.30497309
vn -0.71319730 -0.62389882 -0.31953072
vn -0.70146768 -0.63522013 0.32316943
vn -0.70120027 -0.44858430 -0.55415730
vn -0.70122048 -0.65124474 0.29012087
vn -0.70658428 -0.68767436 -0.16686110
vn -0.71357019 -0.69229274 -0.10746326
vn -0.70109982 -0.68879079 0.18446219
vn -0.70133917 -0.55377708 -0.44883663
vn -0.70137206 -0.69727336 0.14794288
vn -0.70912689 -0.70291245 -0.05525525
vn -0.70620559 -0.70603790 -0.05276502
vn -0.70644849 -0.70193848 -0.09062504
vn -0.71206312 -0.69794142 -0.07644535
vn -0.71339558 -0.70076082 0.00101031
vn -0.70676118 -0.70718231 0.01953993
vn -0.71276455 -0.70038857 -0.03771672
vn -0.70594526 0.70638606 -0.05157539
vn -0.71460378 0.69597622 -0.07041681
vn -0.70126331 -0.66554083 0.25550964
vn -0.70134251 -0.47685274 -0.52983974
vn -0.70101875 -0.50452436 -0.50401179
vn -0.71220613 -0.70113561 0.03422388
vn -0.72219026 -0.68535633 0.09342334
vn -0.71257289 -0.69790337 0.07190798
vn -0.70123342 -0.57648848 -0.41944335
vn -0.70139511 -0.70391980 0.11199028
vn -0.70130210 -0.67791667 0.22046396
vn -0.70145331 -0.53000709 -0.47650366
vn -0.70097290 -0.70928311 0.07452831
vn -0.70118656 -0.59774656 -0.38863410
vn -0.70099629 -0.61779543 -0.35627659
vn -0.70146678 -0.71174101 0.03700133
vn -0.70115880 -0.71300514 0.00002679
vn -0.70135248 -0.65113590 -0.29004610
vn -0.70144622 -0.71176058 -0.03701467
vn -0.70147041 -0.63536063 -0.32288719
vn -0.70115587 -0.66563017 -0.25557176
vn -0.70098271 -0.70926948 -0.07456570
vn -0.70141003 -0.67781841 -0.22042272
vn -0.70138902 -0.70392579 -0.11199077
vn -0.70110354 -0.68874090 -0.18463426
vn -0.70158762 -0.25535253 -0.66525927
vn -0.71274434 -0.38088128 -0.58900336
vn -0.70570986 -0.37345233 -0.60208551
vn -0.70118339 -0.28956228 -0.65153322
vn -0.70757548 -0.45816481 -0.53797950
vn -0.71265408 -0.44052285 -0.54595217
vn -0.70782477 -0.42837180 -0.56167757
vn -0.70564963 -0.43220745 -0.56147602
vn -0.70102197 -0.22056837 -0.67817239
vn -0.70840874 -0.37152675 -0.60010409
vn -0.70717588 0.39980752 -0.58314339
vn -0.71389152 0.41321487 -0.56534269
vn -0.00000000 0.00000000 0.00000000
vn -0.70131767 -0.18405282 -0.68867851
vn -0.72836118 -0.27534089 -0.62743716
vn -0.69149392 -0.27644373 -0.66739420
vn -0.70122800 0.44862774 -0.55408703
vn -0.70843950 -0.34055591 -0.61817081
vn -0.70628055 -0.34007795 -0.62089836
vn -0.70566827 -0.30503646 -0.63951939
vn -0.70822877 -0.30483153 -0.63678078
vn -0.70710200 -0.27143333 -0.65294005
vn -0.70140091 -0.14810982 -0.69720890
vn -0.69821932 0.48556690 -0.52603666
vn -0.70105334 0.38816893 -0.59820489
vn -0.73000039 0.43327089 -0.52856009
vn -0.70160216 0.35626297 -0.61711515
vn -0.70746157 0.43002510 -0.56087123
vn -0.70633523 -0.19679426 -0.67997247
vn -0.70145348 -0.11190230 -0.70387562
vn -0.71199633 -0.27464058 -0.64624592
vn -0.70533552 -0.26950769 -0.65564275
vn -0.70115403 -0.03696049 -0.71205122
vn -0.70811000 -0.09007308 -0.70033354
vn -0.70618611 -0.09118446 -0.70213003
vn -0.70650178 -0.16541403 -0.68810859
vn -0.70797789 -0.16416213 -0.68689017
vn -0.71600479 0.28590060 -0.63686575
vn -0.70155912 0.25546197 -0.66524731
vn -0.70511511 0.26805444 -0.65647505
vn -0.71334281 -0.07393564 -0.69690427
vn -0.70709255 -0.05525055 -0.70495922
vn -0.70763072 -0.19861572 -0.67809332
vn -0.70303007 -0.21175554 -0.67890228
vn -0.70146882 -0.00004092 -0.71270014
vn -0.71074606 -0.00902658 -0.70339076
vn -0.70116947 0.03702231 -0.71203281
vn -0.70603811 0.13286840 -0.69559771
vn -0.70914667 0.13034799 -0.69290721
vn -0.70740252 -0.09378440 -0.70056132
vn -0.69277341 -0.04898251 -0.71948990
vn -0.72440462 -0.04988160 -0.68756801
vn -0.71043665 -0.11296388 -0.69463583
vn -0.71323222 0.18039080 -0.67731747
vn -0.70131149 0.18406184 -0.68868239
vn -0.70669507 0.16487531 -0.68803939
vn -0.70842887 -0.12755856 -0.69415946
vn -0.70114243 -0.07502838 -0.70906278
vn -0.70659749 -0.13017444 -0.69553907
vn -0.70735397 0.16548969 -0.68721433
vn -0.70703530 -0.12831136 -0.69544035
vn -0.70684373 -0.12734685 -0.69581227
vn -0.71362552 -0.14504791 -0.68534642
vn -0.70581953 0.20275776 -0.67875481
vn -0.70103692 0.22052820 -0.67817000
vn -0.70622062 -0.16352948 -0.68884726
vn -0.71422901 0.04009143 -0.69876290
vn -0.70112286 0.07501444 -0.70908362
vn -0.70582130 0.02236144 -0.70803691
vn -0.70757700 -0.16090293 -0.68807342
vn -0.70682137 0.30639111 -0.63759551
vn -0.70113457 0.28949986 -0.65161349
vn -0.70761972 0.30614456 -0.63682795
vn -0.70695850 0.22981566 -0.66887551
vn -0.70286180 0.24336746 -0.66839926
vn -0.71039775 0.08503046 -0.69864501
vn -0.70141062 0.11195026 -0.70391071
vn -0.70364768 0.08386702 -0.70558222
vn -0.70688419 0.01714862 -0.70712139
vn -0.71209986 0.00222525 -0.70207467
vn -0.70719204 -0.01360161 -0.70689067
vn -0.71317913 -0.03504272 -0.70010538
vn -0.70661781 -0.01797137 -0.70736716
vn -0.70470672 0.05534708 -0.70733665
vn -0.71300740 0.23901227 -0.65916128
vn -0.70422631 0.23197155 -0.67101007
vn -0.70833368 0.23542763 -0.66546017
vn -0.71392951 0.07158817 -0.69654848
vn -0.70624146 0.05219678 -0.70604426
vn -0.70936779 0.22617521 -0.66756431
vn -0.70722428 0.05593184 -0.70477333
vn -0.71662868 0.10426230 -0.68961780
vn -0.69969125 0.10415529 -0.70681244
vn -0.70609224 0.09273736 -0.70202104
vn -0.70736216 0.20104297 -0.67765810
vn -0.71172964 0.10970363 -0.69383430
vn -0.70806706 0.09291202 -0.70000599
vn -0.71214813 0.21088471 -0.66960636
vn -0.70672558 0.12802337 -0.69580814
vn -0.71092097 0.21179562 -0.67062209
vn -0.70439412 0.21558166 -0.67627914
vn -0.70675038 0.05516792 -0.70530873
vn -0.70860012 0.02124769 -0.70529030
vn -0.70832090 0.05172645 -0.70399281
vn -0.70965360 -0.02238761 -0.70419498
vn -0.70206438 -0.01733859 -0.71190237
vn -0.70795998 -0.05706137 -0.70394366
vn -0.70580122 -0.05697991 -0.70611467
vn -0.70753763 -0.05399528 -0.70460983
vn -0.70690689 0.43072435 -0.56103403
vn -0.71304756 -0.28600443 -0.64012862
vn -0.70754491 0.27140358 -0.65247246
vn -0.71409586 0.24764171 -0.65478293
vn -0.70795681 0.30246822 -0.63820853
vn -0.70611858 0.43229604 -0.56081787
vn -0.71245268 -0.46901145 -0.52195731
vn -0.70724516 -0.45977086 -0.53704286
vn -0.70715975 0.33650184 -0.62184532
vn -0.70111029 0.32407984 -0.63515086
vn -0.70710678 -0.31622777 -0.63245553
vn -0.70185112 -0.33332044 -0.62952561
vn -1.00000000 0.00000000 0.00000000
vn -0.71203200 0.31687771 -0.62657717
vn -0.70547441 0.53386718 -0.46614557
vn -0.70552612 0.53973815 -0.45925551
vn -0.70297628 0.37859054 -0.60207438
vn -0.68492937 0.60715269 -0.40278701
vn -0.73889079 0.56309097 -0.37009318
vn -0.70644574 0.53807289 -0.45979558
vn -0.70943471 0.53261415 -0.46154583
vn -0.70649733 0.53134544 -0.46747572
vn -0.71207775 0.51814390 -0.47378495
vn -0.70659852 0.51287816 -0.48751875
vn -0.70671444 0.46099816 -0.53668930
vn -0.70789827 0.45973362 -0.53621361
vn -0.70820022 0.46127818 -0.53448563
vn -0.70139327 0.41903066 -0.57659412
vn -0.70470214 0.49526351 -0.50804424
vn -0.71040615 0.49137812 -0.50385578
vn -0.70666468 0.51507597 -0.48509976
vn -0.70473062 0.48275569 -0.51990546
vn -0.70396987 0.49561615 -0.50871510
vn -0.70116623 -0.32384066 -0.63521110
vn -0.71408033 -0.49665320 -0.49338108
vn -0.70693917 -0.48660616 -0.51327522
vn -0.71021525 0.49040430 -0.50507220
vn -0.70654388 0.48677303 -0.51366114
vn -0.70853231 0.51189131 -0.48574608
vn -0.71479051 0.48763959 -0.50128052
vn -0.69981188 0.41559825 -0.58098315
vn -0.71343701 0.46795536 -0.52156055
vn -0.70292347 -0.54948928 -0.45161945
vn -0.70134170 -0.35663688 -0.61719523
vn -0.70587283 0.46132480 -0.53751556
vn -0.70140726 0.65111558 -0.28995923
vn -0.70122661 0.47718180 0.52969686
vn -0.69875368 0.29710213 -0.65074851
vn -0.71229731 0.28360570 -0.64202830
vn -0.71561207 -0.40889656 -0.56630642
vn -0.70528734 -0.39798290 -0.58666803
vn -0.70824235 -0.39806787 -0.58303923
vn -0.70713388 0.39960513 -0.58333302
vn -0.71361307 0.37912183 -0.58908660
vn -0.70583506 0.39034606 -0.59112335
vn -0.71192416 0.37631876 -0.59291498
vn -0.70658557 0.36656235 -0.60528413
vn -0.70584161 0.37106052 -0.60340841
vn -0.70847955 0.36959892 -0.60120992
vn -0.71195566 0.35124930 -0.60806502
vn -0.70786271 0.33811398 -0.62016879
vn -0.69768569 0.36876649 -0.61420351
vn -0.71907184 0.35749745 -0.59592891
vn -0.71007619 -0.22925807 0.66575711
vn -0.70757105 -0.22407423 0.67017457
vn -0.70727423 -0.20069027 0.67785440
vn -0.71472653 -0.17632062 0.67681388
vn -0.71089180 -0.21123767 0.67082896
vn -0.70767209 -0.16593921 0.68677827
vn -0.70259092 0.19487473 0.68439012
vn -0.70859020 0.20252216 0.67593247
vn -0.71088341 -0.14033004 0.68916780
vn -0.70484337 -0.16260976 0.69047367
vn -0.68403703 -0.08095635 0.72494098
vn -0.71395204 -0.10864585 0.69171423
vn -0.70673594 -0.08971561 0.70176593
vn -0.72416617 -0.04031078 0.68844637
vn -0.69433920 -0.05223256 0.71774984
vn -0.70692739 -0.01987595 0.70700680
vn -0.71275208 -0.07707780 0.69716819
vn -0.70271401 0.16160632 0.69287547
vn -0.71118901 0.16101283 0.68431357
vn -0.70665819 -0.05197866 0.70564327
vn -0.71169620 -0.05718437 0.70015603
vn -0.70447446 -0.05362674 0.70770044
vn -0.70867258 -0.05500858 0.70338982
vn -0.73004037 -0.06405355 0.68039563
vn -0.70974200 0.13707469 0.69099698
vn 0.70623029 0.12660087 0.69657089
vn -0.70718660 -0.16834879 0.68669192
vn -0.71205535 0.21559582 0.66820328
vn -0.70691189 0.19933504 0.67863180
vn -0.71282714 0.18123261 0.67751916
vn -0.70676336 -0.39924379 0.58402906
vn -0.71271118 -0.42773792 0.55595238
vn -0.70350647 -0.43046081 0.56549282
vn -0.70330662 -0.44078851 0.55773228
vn -0.70687770 -0.42933571 0.56213412
vn -0.70907016 -0.43213420 0.55720691
vn -0.70655534 -0.58229845 0.40212941
vn -0.70889383 -0.45278295 0.54079306
vn -0.69880986 -0.61810749 0.36001099
vn -0.71349206 -0.60608124 0.35156025
vn -0.70773371 -0.59818090 0.37588909
vn -0.70695500 -0.60143313 0.37214623
vn -0.70667319 -0.60265276 0.37070562
vn -0.70757966 -0.59994893 0.37335280
vn -0.70640415 -0.63812384 0.30625340
vn -0.70757857 -0.63735745 0.30513611
vn -0.70623586 -0.65352689 0.27227470
vn -0.70768058 -0.48525733 -0.51353044
vn -0.70576410 -0.51486821 -0.48662897
vn -0.70730262 -0.51165074 -0.48778737
vn -0.71356347 -0.52118917 -0.46817628
vn -0.71126491 -0.54413159 -0.44499780
vn -0.71135212 -0.54313886 -0.44606989
vn -0.71194975 -0.56992349 -0.41026182
vn -0.70861712 -0.56258737 -0.42586058
vn -0.70923395 0.55713110 -0.43196313
vn -0.70893347 -0.55681083 -0.43286837
vn -0.70610853 -0.58151372 -0.40404522
vn -0.70751175 -0.60170783 0.37064109
vn -0.70574132 -0.60453202 0.36941877
vn -0.70315403 -0.58825626 0.39941079
vn -0.70561935 -0.56106111 0.43279529
vn -0.70847985 -0.56092899 0.42826975
vn -0.71925410 -0.56028095 0.41080263
vn -0.70120491 0.38838282 0.59788833
vn -0.70816713 -0.55804752 0.43253008
vn -0.70622413 -0.55994283 0.43325686
vn -0.71264481 -0.54606260 0.44040097
vn -0.70671287 -0.51206114 0.48821134
vn -0.70429196 -0.54292416 0.45739063
vn -0.70885620 -0.54035620 0.45336305
vn -0.71569744 -0.51335015 0.47354916
vn -0.69675165 -0.52897921 0.48447718
vn -0.70657124 -0.51023498 0.49032372
vn -0.70767612 -0.48610929 0.51273020
vn -0.70682210 -0.48640393 0.51362801
vn -0.70440455 -0.51938561 0.48379006
vn -0.71307469 -0.46926576 0.52087824
vn -0.70505192 -0.46538997 0.53508313
vn -0.70636057 -0.48632276 0.51433930
vn -0.71619992 -0.49732858 0.48961410
vn -0.71527216 -0.51984298 0.46706425
vn -0.70821498 -0.53638928 0.45904039
vn -0.70687946 -0.56029766 0.43172671
vn -0.71440109 -0.58733775 0.38034912
vn -0.71736039 -0.33925686 -0.60852186
vn -0.70582565 -0.36866254 -0.60489510
vn -0.70742554 -0.36798882 -0.60343461
vn -0.70811779 -0.36506453 -0.60439812
vn -0.70817401 -0.37101201 -0.60069931
vn -0.70588886 -0.37255670 -0.60243043
vn -0.70130783 0.28991050 0.65124437
vn -0.71283131 0.47167163 0.51903506
vn -0.70763308 0.56279573 -0.42721937
vn -0.70726273 0.27032568 -0.65322543
vn -0.71336357 -0.18074511 -0.67708465
vn -0.71103798 -0.21140610 -0.67062094
vn -0.70526159 -0.20484841 -0.67870702
vn -0.70866509 -0.20425286 -0.67533292
vn -0.71483707 -0.21485098 -0.66546752
vn -0.70609454 -0.23733686 -0.66715944
vn -0.70075136 -0.27895826 -0.65660476
vn -0.70812679 -0.23675525 -0.66520929
vn -0.70228591 -0.22789159 -0.67443304
vn -0.71783753 -0.23972073 -0.65363847
vn -0.70989907 -0.26305723 -0.65333314
vn -0.70653296 -0.30436888 -0.63888243
vn -0.70712196 -0.30549317 -0.63769307
vn -0.70788967 -0.30169449 -0.63864909
vn -0.70930990 -0.30912612 -0.63349862
vn -0.68509346 -0.46887457 -0.55749761
vn -0.72677607 -0.43616213 -0.53062147
vn -0.70944569 -0.40763971 -0.57490580
vn -0.69932626 -0.40048224 -0.59207834
vn -0.71148549 -0.38269722 -0.58934814
vn -0.70106559 0.68879247 -0.18458594
vn -0.70121746 0.52970961 0.47718110
vn -0.70120146 0.55413183 0.44861390
vn -0.70144258 0.67780113 -0.22037224
vn -0.70125847 0.70413533 -0.11148986
vn -0.70140940 0.57648812 0.41914949
vn -0.70104100 0.59803163 0.38845809
vn -0.70138141 0.69725655 -0.14797781
vn -0.70129433 0.70896393 -0.07454137
vn -0.70125309 0.61760126 0.35610783
vn -0.70132121 0.70893910 0.07452466
vn -0.70130513 0.67791408 0.22046226
vn -0.70127856 0.70411570 0.11148749
vn -0.70105813 0.68884438 0.18442053
vn -0.70136309 0.69726145 0.14804147
vn -0.70126158 0.66554206 0.25551118
vn -0.70133957 0.71184212 0.03746481
vn -0.70123355 0.65123756 0.29010541
vn -0.70115134 0.71301248 0.00001710
vn -0.70137108 0.63512579 0.32356427
vn -0.70128344 0.71189495 -0.03751156
vn -0.70118093 0.66559222 -0.25560184
vn -0.70133972 0.50404493 0.50404494
vn -0.71204445 0.15950973 0.68377581
vn -0.70142815 0.07728831 0.70853727
vn -0.70722352 0.09458290 0.70063469
vn -0.70790137 0.09196962 0.70029796
vn -0.70637519 0.09145448 0.70190467
vn -0.70937783 0.15583167 0.68738605
vn -0.70741957 0.16463629 0.68735176
vn -0.71189941 0.19759250 0.67391130
vn -0.70967437 0.23992938 0.66241692
vn -0.70800295 0.23405552 0.66629561
vn -0.70660175 0.23543611 0.66729589
vn -0.70270324 0.16303844 0.69255081
vn -0.70680706 0.09436802 0.70108377
vn -0.72018673 0.09699664 0.68696632
vn -0.70141355 -0.69724431 -0.14788310
vn -0.69461764 -0.71265054 0.09816080
vn -0.71306006 0.70013655 0.03679912
vn -0.70676118 0.70718231 0.01953993
vn -0.70758550 -0.70077133 0.09078713
vn -0.70741980 -0.70652666 -0.01942458
vn -0.70605664 -0.66797292 -0.23515144
vn -0.70710678 -0.68599434 0.17149859
vn -0.70708864 0.69515684 0.12954776
vn -0.69700138 0.37023988 0.61409405
vn -0.70759764 0.27183990 0.65223359
vn -0.70638016 0.27102874 0.65388875
vn -0.70513658 0.31022606 0.63760662
vn -0.70549533 0.30023131 0.64197936
vn -0.72475249 0.33681292 0.60107477
vn -0.70127859 0.25548271 0.66553506
vn -0.71286417 0.38269347 0.58768222
vn -0.70231718 0.39006479 0.59548303
vn -0.70689911 0.40038932 0.58307979
vn -0.70120303 0.32367678 0.63525401
vn -0.70901697 0.50961575 0.48742868
vn -0.71096477 0.49558654 0.49892191
vn -0.70640707 0.51439713 0.48619404
vn -0.70650028 0.48749225 0.51303865
vn -0.70795062 0.48717480 0.51133808
vn -0.71271800 0.52014576 0.47061815
vn -0.70868891 0.53817660 0.45620827
vn -0.70550431 0.54191432 0.45671932
vn -0.70127956 0.35638834 0.61740937
vn -0.71275945 0.54460869 0.44201283
vn -0.70792614 0.58315444 0.39846138
vn -0.71166347 0.57038663 0.41011487
vn -0.70735861 0.56021952 0.43104278
vn -0.70841753 0.56219632 0.42670821
vn -0.72676352 0.62942674 0.27502140
vn -0.68667079 0.66690054 0.28935600
vn -0.70577009 0.58430872 0.40058944
vn -0.71271957 0.62366160 0.32105610
vn -0.70792839 0.63688189 0.30531762
vn -0.71261719 0.64083962 0.28548436
vn -0.70733094 0.65280024 0.27117301
vn -0.70669124 0.65328307 0.27167759
vn -0.71356572 0.65382854 0.25165888
vn -0.70733017 0.66686441 0.23446937
vn -0.71378053 0.69197988 0.10807956
vn -0.71368679 0.70046496 0.00009800
vn -0.70680719 0.70713855 -0.01945916
vn -0.71333991 0.69979788 -0.03780355
vn -0.70744951 0.70027048 -0.09558476
vn -0.71284291 0.67727710 -0.18207338
vn -0.70753809 0.67724912 -0.20180057
vn -0.71191946 0.66820578 -0.21603639
vn -0.70837585 0.66546950 -0.23527433
vn -0.71290143 0.65435793 -0.25216515
vn -0.70727955 0.65275719 -0.27141056
vn -0.71390057 0.60464202 -0.35320533
vn -0.70828567 0.60256107 -0.36776563
vn -0.70130499 0.57628112 -0.41960861
vn -0.70148527 0.55392232 -0.44842890
vn -0.71147068 0.53550910 -0.45501590
vn -0.70127736 0.53768102 -0.46809100
vn -0.71651808 0.51274926 -0.47295881
vn -0.69834208 0.52600728 -0.48542216
vn -0.70132278 -0.71185711 -0.03749415
vn -0.70143583 -0.66540482 -0.25539028
vn -0.70135903 -0.70893588 -0.07419860
vn -0.70710678 0.50000000 -0.50000000
vn -0.70380299 0.50967800 -0.49486330
vn -0.70121873 -0.70424467 -0.11104832
vn -0.70103442 -0.67828239 -0.22019022
vn -0.70150055 -0.68841425 -0.18434424
vn -0.70109040 -0.65144936 -0.28997583
vn -0.70134497 -0.71183717 0.03745764
vn -0.70132617 -0.63506519 -0.32378051
vn -0.70113767 -0.71302593 0.00001834
vn -0.72292381 0.52032267 -0.45458275
vn -0.71628585 0.55627616 -0.42129729
vn -0.70097242 0.59817190 -0.38836585
vn -0.70152754 0.69703194 -0.14834280
vn -0.70234447 0.70923925 -0.06076134
vn -0.70121430 0.70404086 -0.11236088
vn -0.71472025 0.56916450 -0.40648092
vn -0.70136467 -0.28954344 0.65134644
vn -0.70514763 -0.40516740 0.58189879
vn -0.70108218 -0.32354607 0.63545395
vn -0.70128597 -0.70418480 0.11100341
vn -0.70115096 -0.59772671 -0.38872884
vn -0.70131529 -0.70897507 0.07423750
vn -0.72264869 0.68970375 -0.04569047
vn -0.70862843 0.69924128 -0.09437891
vn -0.70115894 -0.61755629 -0.35637112
vn -0.70738340 0.69984833 -0.09910118
vn -0.70112998 0.68875540 -0.18447967
vn -0.71204735 0.69282112 -0.11396258
vn -0.71341765 0.69970877 -0.03798554
vn -0.70150930 0.71170777 0.03683407
vn -0.70150094 0.65086346 0.29029844
vn -0.70089412 0.66589553 0.25559845
vn -0.70127603 0.25549626 0.66553256
vn -0.71780639 0.22859292 0.65764676
vn -0.70704705 0.20171767 0.67778644
vn -0.70131376 -0.57626600 -0.41961471
vn -0.68789282 -0.51129232 -0.51515398
vn -0.70090632 -0.25579081 -0.66580883
vn -0.70135099 -0.29065940 -0.65086396
vn -0.70125361 0.70401261 0.11229256
vn -0.70152546 0.67788344 0.21985465
vn -0.70121300 0.68863423 0.18461645
vn -0.70081232 0.70946914 0.07426725
vn -0.70055479 0.24544770 0.67005852
vn -0.70145328 0.69710241 0.14836279
vn -0.69338483 0.18494656 0.69642820
vn 0.69093085 0.17545318 0.70130646
vn -1.00000000 0.00000000 0.00000000
vn -0.70118780 0.18455678 0.68867588
vn -0.65347720 0.36206277 0.66473912
vn -0.80654300 0.23049083 0.54439174
vn -0.69493329 0.12264513 0.70853786
vn -0.72469172 0.11776380 0.67893564
vn -0.58817880 0.02549094 0.80832909
vn -0.67849279 0.10642294 0.72685740
vn -0.70824354 -0.13181529 0.69355304
vn -0.70131094 -0.07423770 0.70897936
vn -0.71721698 -0.11929855 0.68656221
vn -0.71172984 0.11351476 0.69322077
vn -0.70141738 0.14841879 0.69712662
vn -0.68358087 0.07780080 0.72571636
vn -0.72727120 0.10735239 0.67790270
vn -0.62016748 0.01229659 0.78437306
vn -0.75148756 0.10875760 0.65072131
vn -0.71364978 0.10509237 0.69257461
vn -0.70142241 0.05582222 0.71055646
vn -0.70101786 0.11163371 0.70435209
vn -0.70133384 -0.03744429 0.71184884
vn -0.70919108 -0.09344956 0.69879552
vn -0.69560181 -0.12412083 0.70762430
vn -0.69685648 0.13186869 0.70498347
vn -0.85061232 0.19856082 0.48685962
vn -0.69254934 0.07862532 0.71707285
vn -0.70328840 0.10521968 0.70307485
vn -0.71826571 -0.11503525 0.68619331
vn -0.70116269 0.35694986 0.61721769
vn -0.71287039 0.31846141 0.62481849
vn -0.70651275 0.30498593 0.63861046
vn -0.71705325 0.08399054 0.69193947
vn -0.72252869 -0.39467438 0.56761291
vn -0.70610690 -0.36694621 0.60561004
vn -0.70901640 -0.39924563 0.58129052
vn -0.70733169 -0.39925555 0.58333257
vn -0.72372338 0.07478649 0.68602584
vn -0.71887723 0.06100096 0.69245535
vn -0.70134576 0.44885782 0.55375155
vn -0.70820254 0.45932819 0.53615929
vn -0.70732734 0.45897290 0.53761688
vn -0.70472248 0.01915156 0.70922453
vn -0.70126093 0.07431610 0.70902061
vn -0.68950696 0.03631653 0.72336800
vn -0.70760165 0.05640467 0.70435674
vn -0.70579326 0.05550416 0.70624016
vn -0.70824051 0.05749736 0.70362591
vn -0.72319523 0.06542025 0.68753825
vn -0.69688625 0.08612119 0.71199206
vn -0.70468029 -0.01431393 0.70938057
vn -0.71012711 -0.00937020 0.70401115
vn -0.71461264 0.02221858 0.69916744
vn -0.69782340 0.00676962 0.71623786
vn -0.71226836 0.01760875 0.70168633
vn -0.70210999 0.00000000 0.71206850
vn -0.70037709 0.00843919 0.71372314
vn -0.71095788 0.01166664 0.70313781
vn -0.70710678 0.00000000 0.70710678
vn -0.70580777 -0.05717486 0.70609236
vn -0.70112044 -0.00001384 0.71304286
vn -0.70134412 0.03745777 0.71183800
vn -0.70250969 -0.16554151 0.69215326
vn -0.69731649 -0.19694910 0.68917397
vn -0.73098734 -0.14971712 0.66576445
vn -0.72014279 -0.03215381 0.69308044
vn -0.71074748 -0.02731213 0.70291683
vn -0.67782316 -0.07476981 0.73141318
vn -0.70706864 -0.42983763 0.56151007
vn -0.71273783 -0.41206938 0.56762982
vn -0.68660181 -0.43112363 0.58541470
vn -0.71023179 -0.40222236 0.57774387
vn -0.70830906 0.09722860 0.69917442
vn -0.71726627 -0.38756508 0.57907029
vn -0.70498302 -0.37227847 0.60366189
vn -0.70135853 -0.25566091 0.66538238
vn -0.90562013 -0.05570336 0.42041565
vn -0.70778063 0.69460196 -0.12874271
vn -0.70497852 0.69844167 -0.12322552
vn -0.70045140 -0.17116027 0.69287228
vn -0.72125077 -0.14902200 0.67645382
vn -0.70590011 -0.45683835 0.54129822
vn -0.81873872 -0.24872236 0.51749792
vn -0.68559045 -0.52235931 0.50705670
vn -0.70116274 -0.35695285 0.61721590
vn -0.70780502 -0.48678325 0.51191222
vn -0.70154155 -0.38803908 0.59771660
vn -0.65120166 -0.20313925 0.73121190
vn -0.70551520 -0.43402321 0.56024293
vn -0.70154669 -0.68831483 0.18453980
vn -0.70165048 -0.55412109 -0.44792457
vn -0.70100143 -0.69752799 0.14849816
vn -0.69222528 -0.40863952 0.59484276
vn -0.70153207 -0.38802608 -0.59773616
vn -0.70086704 -0.61789903 0.35635120
vn -0.74500119 -0.65844966 -0.10685167
vn -0.70149194 -0.32334390 -0.63510455
vn -0.70792006 -0.58108557 -0.40148318
vn -0.71257550 -0.56607822 -0.41447751
vn -0.73282844 -0.48112498 -0.48112498
vn -0.69716906 -0.47174463 -0.53982618
vn -0.71299976 -0.47183454 -0.51865548
vn -0.70107687 0.50422414 -0.50423134
vn -0.70731484 0.48763530 -0.51177879
vn -0.70123825 0.53027862 -0.47651811
vn -0.70107348 -0.69746095 -0.14847287
vn -0.70091221 -0.53053265 -0.47671499
vn -0.70108069 -0.67831843 0.21993175
vn -0.70166853 -0.63495653 0.32325140
vn -0.70132742 -0.44881239 -0.55381160
vn -0.70108459 -0.65122890 0.29048463
vn -0.70829567 -0.51375980 -0.48411580
vn -0.70973695 -0.51223316 -0.48362243
vn -0.69671479 -0.53920750 -0.47312131
vn -0.70781383 0.48731995 -0.51138913
vn -0.70097365 0.41899394 0.57713086
vn -0.71137109 0.43304486 0.55355516
vn -0.70465911 0.43734934 0.55873168
vn -0.70478387 -0.58199670 0.40565938
vn -0.70132211 -0.44889221 0.55375363
vn -0.71525140 -0.56110673 0.41662293
vn -0.70437313 -0.62480787 0.33685846
vn -0.70119929 -0.47722200 0.52969681
vn -0.71315219 -0.60707805 0.35052844
vn -0.72044235 -0.69108545 0.05799759
vn -0.71699189 -0.69192631 0.08462038
vn -0.69954143 -0.71035009 0.07774667
vn -0.70122013 -0.59748835 0.38897043
vn -0.70861993 -0.69959248 -0.09180499
vn -0.70097360 -0.41907511 -0.57707197
vn -0.70237656 -0.48081847 0.52486262
vn -0.70398771 -0.50922987 -0.49506185
vn -0.72279841 0.46752887 -0.50890001
vn -0.69724666 0.47161412 -0.53984000
vn -0.69001477 -0.70680682 -0.15589654
vn 0.68535566 -0.70703670 -0.17431787
vn -0.70957915 -0.45554811 -0.53756241
vn -0.70935085 0.43479944 -0.55477096
vn -0.70134603 0.47676091 -0.52991772
vn -0.62431679 0.69662583 -0.35346993
vn -0.73737893 -0.48520651 -0.46994357
vn -0.68644927 -0.50594469 -0.52230964
vn -0.70592825 -0.42793586 -0.56439012
vn -0.69686532 -0.44565981 -0.56193065
vn -0.70606013 0.51257278 -0.48861870
vn -0.69183493 -0.36984774 -0.62014278
vn -0.89722944 -0.09441860 -0.43135189
vn -0.72341619 0.26420931 -0.63785771
vn -0.70151452 0.32331373 -0.63509496
vn -0.70512796 0.23004699 -0.67072568
vn -0.70132793 -0.21994997 -0.67805689
vn -0.70259789 -0.43975712 -0.55943712
vn -0.71067356 -0.42676821 -0.55929597
vn -0.70118797 -0.18440971 -0.68871510
vn -0.71354899 -0.35941632 -0.60138819
vn -0.70908307 -0.36021628 -0.60617277
vn -0.70478475 -0.43798692 -0.55807339
vn -0.71699675 -0.41145125 -0.56269311
vn -0.72784772 -0.37866089 -0.57171114
vn -0.70140534 -0.34415735 -0.62416846
vn -0.70475363 -0.40098683 -0.58526223
vn -0.71210620 -0.38468871 -0.58729836
vn -0.70119359 -0.14783125 -0.69747650
vn -0.70628331 -0.36960708 -0.60378348
vn -0.68335208 -0.40110823 -0.61003453
vn -0.70106433 0.35649467 -0.61759239
vn -0.71004470 0.28319787 -0.64469798
vn -0.70158653 0.38805190 -0.59765547
vn -0.71584748 -0.33600751 -0.61209586
vn -0.71046473 -0.30560321 -0.63391367
vn -0.70649555 -0.27195363 -0.65337987
vn -0.70149839 -0.11163737 -0.70387293
vn -0.72669379 0.30828054 -0.61390491
vn -0.70101241 0.41901652 -0.57706738
vn -0.69371375 0.30669473 -0.65168978
vn -0.70557552 0.27391220 -0.65355588
vn -0.72127756 -0.27090259 -0.63747193
vn -0.70871383 -0.23324335 -0.66582448
vn -0.71296278 0.25719645 -0.65232972
vn -0.70621196 -0.27330717 -0.65312162
vn -0.70422548 -0.27501898 -0.65454643
vn -0.70609299 0.09395232 -0.70185871
vn -0.70114665 0.18459177 -0.68870839
vn -0.70975905 0.08874053 -0.69883275
vn -0.70111059 -0.07494080 -0.70910353
vn -0.71119628 -0.23030696 -0.66419768
vn -0.69926024 -0.24324600 -0.67221016
vn -0.70927574 -0.22996979 -0.66636462
vn -0.76654385 0.17030350 -0.61919887
vn -0.70509843 -0.23755281 -0.66813536
vn -0.70811463 0.23266371 -0.66666429
vn -0.70826925 0.09635010 -0.69933635
vn -0.70147201 0.21990252 -0.67792322
vn -0.70789343 0.08892656 -0.70069890
vn -0.69289968 0.11934850 -0.71108788
vn -0.70061939 0.08209231 -0.70879710
vn -0.70245140 -0.07426033 -0.70784704
vn -0.70115233 0.03681446 -0.71206047
vn -0.76036640 -0.01848410 -0.64923130
vn -0.70574764 0.09568648 -0.70197177
vn -0.71431964 0.07574858 -0.69570798
vn -0.72672169 0.00000000 -0.68693201
vn -0.70152755 0.11164919 -0.70384199
vn -0.72705826 -0.00389696 -0.68656471
vn -0.70180992 -0.02497701 -0.71192625
vn -0.71014626 -0.00705576 -0.70401882
vn -0.70926264 -0.01448828 -0.70479543
vn -0.72416332 -0.00641946 -0.68959864
vn -0.69500885 -0.03338267 -0.71822579
vn -0.70112310 0.07490099 -0.70909536
vn -0.70404776 -0.00969221 -0.71008648
vn -0.71018235 0.04878167 -0.70232569
vn -0.71621523 -0.02697220 -0.69735804
vn -0.70953925 -0.08858435 -0.69907572
vn -0.70160461 0.00001124 -0.71256647
vn -0.70842089 -0.09586337 -0.69924964
vn -0.71313306 -0.07405381 -0.69710636
vn -0.70973284 -0.10772805 -0.69618529
vn -0.70928731 -0.12226085 -0.69423613
vn -0.70489649 0.14129165 -0.69509540
vn -0.70087241 0.25553289 -0.66594355
vn -0.70916693 -0.13046346 -0.69286474
vn -0.70436520 -0.20360094 -0.68001201
vn -0.70116873 -0.03681354 -0.71204436
vn -0.70443180 -0.19481915 -0.68251105
vn -0.70823172 -0.19752715 -0.67778378
vn -0.71250386 -0.14852363 -0.68576890
vn -0.70891098 -0.12879278 -0.69343900
vn -0.70916314 -0.05238231 -0.70309582
vn -0.70936445 -0.05392147 -0.70277631
vn -0.74416410 -0.01302979 -0.66786976
vn -0.70437525 -0.04514197 -0.70839093
vn -0.70546259 0.02381001 -0.70834710
vn -0.71203264 0.01488050 -0.70198867
vn -0.70121058 0.14783185 -0.69745929
vn -0.70181691 -0.06077842 -0.70975982
vn -0.70073621 -0.06269992 -0.71065989
vn -0.71559981 0.02649968 -0.69800764
vn -0.69995849 0.04895294 -0.71250384
vn -0.71805309 0.03956420 -0.69486289
vn -0.69537074 0.02664025 -0.71815725
vn -0.71757378 0.03065472 -0.69580755
vn -0.70710678 0.00000000 -0.70710678
vn -0.70710678 0.00000000 -0.70710678
vn -0.70377059 0.01130132 -0.71033741
vn -0.70710678 0.00000000 -0.70710678
vn -0.70497809 0.12295555 -0.69848967
vn -0.71123950 -0.11942169 -0.69273143
vn -0.70449459 -0.12752059 -0.69815892
vn -0.69881765 -0.14333265 -0.70079216
vn -0.75521878 0.16747191 -0.63371741
vn -0.70428487 0.12648173 -0.69855937
vn -0.69987644 -0.13014984 -0.70230620
vn -0.72142088 -0.10638888 -0.68427576
vn -0.70725486 -0.17347683 -0.68534397
vn -0.71080470 -0.16140627 -0.68462011
vn -0.70768238 -0.15904948 -0.68839590
vn -0.70610999 -0.16414558 -0.68881414
vn -0.69704836 -0.14891305 -0.70139040
vn -0.72005834 -0.15259985 -0.67692634
vn -0.72514410 0.16598769 -0.66829195
vn -0.70139693 0.29068701 -0.65080212
vn -0.69890667 0.14289379 -0.70079300
vn -0.69338680 0.25018514 -0.67573822
vn -0.91261073 0.25628462 -0.31852762
vn -0.71355108 -0.20284794 -0.67059494
vn -0.69379024 0.27675622 -0.66487675
vn -0.72491909 0.26530322 -0.63569373
vn -0.70710678 -0.22360680 -0.67082039
vn -0.70894786 0.13826193 -0.69157543
vn -0.72647599 0.14053452 -0.67266833
vn -0.70737581 0.16595907 -0.68707863
vn -0.70795896 0.16722116 -0.68617140
vn -0.71201931 0.17346118 -0.68039674
vn -0.72728961 0.17763059 -0.66294585
vn -0.70082945 0.15838929 -0.69552204
vn -0.70506246 0.16445727 -0.68981210
vn -0.71169819 0.16891115 -0.68187587
vn -0.71504688 0.13892256 -0.68513392
vn -0.70301260 0.21286322 -0.67857390
vn -0.70152103 0.19677648 -0.68494325
vn -0.71082048 0.21219242 -0.67060318
vn -0.71478146 0.20264816 -0.66934384
vn -0.65958923 0.26358366 -0.70389324
vn -0.71334189 0.30716936 -0.62991296
vn -0.69612701 0.24427252 -0.67508378
vn -0.70731183 0.25590262 -0.65895662
vn -0.71676793 0.45828450 -0.52556546
vn -0.70350390 0.45262930 -0.54791329
vn -0.70671675 0.46100867 -0.53667722
vn -0.70132717 0.44888694 -0.55375149
vn -0.80897237 0.54485037 -0.22068481
vn -0.74487195 0.39141722 -0.54033169
vn -0.68525116 0.36032317 -0.63292817
vn -0.71110431 0.37160153 -0.59686092
vn -0.60479990 0.67687959 -0.41958443
vn -0.83016229 0.49155282 -0.26307108
vn -0.71564993 0.33784605 -0.61131434
vn -0.70850333 -0.39506632 -0.58476118
vn -0.71830762 0.27972385 -0.63701549
vn -0.67906355 0.26280732 -0.68542323
vn -0.68864543 0.25394248 -0.67917648
vn -0.71737008 0.25788754 -0.64720490
vn -0.69875194 0.25078495 -0.66996465
vn -0.70080202 0.39331347 -0.59513111
vn -0.83119171 0.37275454 -0.41252200
vn -0.69951595 0.30241026 -0.64747624
vn -0.67348054 0.35898227 -0.64618549
vn -0.71518999 0.37756554 -0.58817306
vn -0.70919328 0.30955376 -0.63342036
vn -0.72701920 0.37762339 -0.57344891
vn -0.71264138 0.36575229 -0.59863806
vn -0.70989310 0.45848179 -0.53464589
vn -0.70986888 0.44668493 -0.54457208
vn -0.73373511 0.40001136 -0.54920278
vn -0.67964271 0.39335993 -0.61915568
vn -0.70873384 0.39555133 -0.58415365
vn -0.71166810 0.37773669 -0.59232044
vn -0.82082060 0.38920150 -0.41806188
vn -0.67498826 0.41239633 -0.61181706
vn -0.35030090 0.15889711 -0.92306066
vn -0.81780012 0.39499893 -0.41854368
vn -0.70941253 0.40117549 -0.57947571
vn -0.70905646 0.40495288 -0.57727991
vn -0.68238048 0.35353738 -0.63981888
vn -0.71463220 -0.43798655 -0.54540682
vn -0.70661909 0.34601278 -0.61722331
vn -0.73647813 0.35025485 -0.57872403
vn -0.70998167 0.29762716 -0.63823514
vn -0.59088171 0.24458276 -0.76879001
vn -0.71081380 0.32482829 -0.62388327
vn -0.71462347 0.35017546 -0.60554971
vn -0.74109338 0.26538766 -0.61672522
vn -0.51895528 0.11973368 -0.84637419
vn -0.71330383 0.34191651 -0.61179305
vn -0.73495851 0.21031055 -0.64467469
vn -0.58825208 0.12344809 -0.79919964
vn -0.72140784 0.25951131 -0.64204720
vn -0.70258194 -0.27561200 -0.65606146
vn -0.69404861 0.28615463 -0.66061490
vn -0.69820708 -0.20955038 0.68454036
vn -0.70107551 -0.11169610 0.70428482
vn -0.71546391 -0.19427424 0.67109530
vn -0.71076436 -0.23033934 0.66464863
vn -0.70141727 -0.14841961 0.69712655
vn -0.70928845 -0.22898033 0.66669176
vn -0.71423108 -0.22341686 0.66329396
vn -0.70976438 -0.22845547 0.66636523
vn -0.71643033 -0.18845918 0.67172220
vn -0.71164589 -0.23274210 0.66286593
vn -0.46484655 -0.56217034 0.68401915
vn -0.70259799 -0.20361808 0.68183263
vn -0.71622241 -0.19095259 0.67123957
vn -0.71074573 -0.21197330 0.67075169
vn -0.72126702 -0.15505320 0.67507955
vn -0.70337088 -0.10513261 0.70300536
vn -0.72116344 -0.07281345 0.68892779
vn -0.72821022 -0.27050348 0.62971243
vn -0.70246128 -0.24242717 0.66916158
vn -0.71081083 -0.23208862 0.66399009
vn -0.70713629 -0.26952355 0.65369360
vn -0.70122001 -0.18439873 0.68868542
vn -0.70873969 -0.26805937 0.65255822
vn -0.72166553 -0.27075018 0.63709748
vn -0.69903557 -0.29622727 0.65084459
vn -0.70513014 -0.31143837 0.63702247
vn -0.70118133 -0.22058318 0.67800281
vn -0.71610341 -0.28794313 0.63583383
vn -0.70894835 -0.26714341 0.65270716
vn -0.70107977 0.32355072 0.63545424
vn -0.70130422 -0.27230627 0.65880322
vn -0.70936809 -0.27369378 0.64952954
vn -0.71135726 -0.25745945 0.65397667
vn -0.71577980 -0.31257940 0.62446248
vn -0.70296444 -0.30624070 0.64191715
vn -0.70033142 -0.34533599 0.62472311
vn -0.70771362 -0.30337199 0.63804927
vn -0.70855083 -0.31164908 0.63311182
vn -0.70743052 -0.30791033 0.63618653
vn -0.70952297 -0.30273187 0.63634155
vn -0.70966729 -0.16090384 0.68591712
vn -0.69892022 -0.14273372 0.70081211
vn -0.70788092 -0.09646174 0.69971404
vn -0.70014408 -0.11451110 0.70475917
vn -0.71172919 -0.11246820 0.69339199
vn -0.70183641 -0.09904981 0.70541817
vn -0.70295400 -0.04755432 0.70964375
vn -0.70710678 0.00000000 0.70710678
vn -0.69972955 -0.02198548 0.71406946
vn -0.71606952 -0.02759600 0.69748327
vn -0.70134403 0.22053680 0.67784960
vn -0.70930722 -0.33977920 0.61760292
vn -0.70474384 -0.34744280 0.61856254
vn -0.70165474 -0.33305556 0.62988461
vn -0.70180714 -0.30782224 0.64242681
vn -0.71693563 -0.33858536 0.60939581
vn -0.72455349 -0.46333507 0.51023803
vn -0.71056529 -0.48000543 0.51448202
vn -0.71369160 -0.46675777 0.52228488
vn -0.70510212 -0.46129900 0.53854826
vn -0.71268897 -0.45004107 0.53808686
vn -0.70123819 0.47718869 0.52967532
vn -0.71300309 0.46935368 0.52089704
vn -0.71506849 -0.47722405 0.51081726
vn -0.70984662 -0.50264778 0.49341969
vn -0.72591518 -0.48883726 0.48382360
vn -0.70172924 -0.52003631 0.48696849
vn -0.70817451 -0.51112768 0.48707017
vn -0.70983961 -0.51273416 0.48294038
vn -0.69710579 -0.52880324 0.48415973
vn -0.71054248 -0.50887607 0.48597791
vn -0.71976830 -0.51727858 0.46298646
vn -0.70330039 -0.51093907 0.49427707
vn -0.72865731 -0.55148376 0.40610860
vn -0.70963651 -0.59892560 0.37108510
vn -0.69498014 -0.62034179 0.36356383
vn -0.74048545 -0.55498138 0.37904745
vn -0.70802934 -0.59679889 0.37752554
vn -0.71545679 -0.53180011 0.45311172
vn -0.70100921 -0.41901083 0.57707540
vn -0.70716112 -0.53668784 0.46031437
vn -0.70463927 -0.58602300 0.40007567
vn -0.74163770 -0.57957576 0.33773578
vn -0.71762238 -0.54671893 0.43141225
vn -0.71136966 -0.54760621 0.44054584
vn -0.69867935 -0.57471800 0.42608260
vn -0.70239067 0.60842549 0.36941274
vn -0.70124645 0.55409227 0.44859244
vn -0.70144849 0.57642150 0.41917570
vn -0.70218284 -0.56536525 0.43278332
vn -0.71139706 -0.55942384 0.42539299
vn -0.70683319 -0.55976243 0.43249609
vn -0.70146438 0.50394367 0.50397271
vn -0.70821852 0.53685159 0.45849416
vn -0.70764850 0.53730829 0.45883919
vn -0.69320297 -0.56093758 0.45256898
vn -0.70349983 0.54787993 0.45267602
vn -0.71672075 0.52569567 0.45820893
vn -0.71486397 -0.53837412 0.44623179
vn -0.70099880 -0.55787147 0.44427481
vn -0.70153136 -0.50358006 0.50424288
vn -0.70764490 -0.60553593 0.36409467
vn -0.68773579 0.64760374 0.32806841
vn -0.74163770 0.57957576 0.33773578
vn -0.71239714 -0.62573549 0.31771909
vn -0.69955543 -0.64768621 0.30186880
vn -0.70620916 -0.60444742 0.36866237
vn -0.71148947 -0.62733128 0.31660417
vn -0.69009209 -0.65124362 0.31568125
vn -0.72382061 -0.60085242 0.33920509
vn -0.69712295 -0.61326814 0.37137820
vn -0.70830177 -0.63597246 0.30634560
vn -0.69203020 -0.66184556 0.28819206
vn -0.70955190 -0.63567921 0.30405270
vn -0.69662530 -0.65133893 0.30078363
vn -0.70276826 -0.64300874 0.30439536
vn -0.71667905 -0.62633263 0.30672232
vn -0.70571738 0.67882376 0.20288243
vn -0.70104898 0.59794018 0.38858445
vn -0.70124258 0.61757617 0.35617203
vn -0.70904092 0.67635007 0.19952834
vn -0.72334400 -0.61844411 0.30708359
vn -0.71960039 -0.65092760 0.24180269
vn -0.70089396 -0.52994580 0.47739408
vn -0.72093091 -0.63692330 0.27310683
vn -0.72239794 -0.64041616 0.26078412
vn -0.69278011 -0.66401481 0.28131844
vn -0.70136631 -0.55431339 0.44813163
vn -0.70476444 -0.66919385 0.23555608
vn -0.74215759 -0.63737276 0.20726330
vn -0.70776357 -0.68665785 0.16604736
vn -0.70143528 -0.57642133 0.41919804
vn -0.70687634 -0.70135013 0.09183587
vn -0.70901408 -0.69462141 0.12165576
vn -0.71820519 -0.67755056 0.15845044
vn -0.71071863 -0.69549249 0.10568455
vn -0.70112658 0.71303683 0.00000395
vn -0.71371673 -0.67572318 0.18440882
vn -0.71793350 -0.68885251 0.10026819
vn -0.70199886 -0.68893516 0.18046039
vn -0.70974573 0.63553760 0.30389631
vn -0.71773122 0.64511602 0.26208246
vn -0.70222141 0.65240573 0.28504710
vn -0.71495687 0.68527849 0.13867248
vn -0.70092146 0.70936321 -0.07424914
vn -0.70489771 0.69837683 0.12405251
vn -0.70295636 -0.70355150 0.10424797
vn -0.71361233 0.68779031 0.13304859
vn -0.70940514 0.63336700 0.30917728
vn -0.70710678 0.63245553 0.31622777
vn -0.69775532 -0.71574153 -0.02918180
vn -0.71606377 -0.69749153 -0.02753607
vn -0.70408873 -0.71005100 -0.00930828
vn -0.71010757 0.70403390 -0.00913854
vn -0.70997930 -0.70416529 -0.00897947
vn -0.71023546 -0.70390178 0.00937469
vn -0.70868131 0.70342246 -0.05447616
vn -0.70128489 -0.66553142 0.25547492
vn -0.70138527 -0.47676892 -0.52985856
vn -0.70122705 -0.50377446 -0.50447192
vn -0.72224584 -0.69014213 -0.04543993
vn -0.71098673 -0.69547226 -0.10400097
vn -0.70893017 -0.69468383 -0.12178832
vn -0.68587782 -0.72450822 -0.06826024
vn -0.70475421 -0.67072263 -0.23119830
vn -0.69730874 -0.68910387 -0.19722164
vn -0.69408854 0.56370894 -0.44774248
vn -0.72111756 -0.64265791 -0.25880548
vn -0.70946988 -0.63350649 -0.30874265
vn -0.70500424 0.68007256 -0.20117238
vn -0.70107030 0.66573251 -0.25553992
vn -0.70629593 0.68013056 -0.19638858
vn -0.70595821 -0.67914433 -0.20096265
vn -0.70099147 -0.35656639 -0.61763369
vn -0.71288586 -0.60067025 -0.36192402
vn -0.68082341 -0.66290951 -0.31149715
vn -0.69862695 -0.66992902 -0.25122799
vn -0.70630212 -0.56166142 -0.43089878
vn -0.81652596 -0.54244802 -0.19757405
vn -0.70685693 0.62293409 -0.33512147
vn -0.70158998 0.61715517 -0.35621763
vn -0.71033126 0.62083367 -0.33165504
vn -0.70653693 0.60126095 -0.37321689
vn -0.69976931 0.61145633 -0.36938337
vn -0.69876211 -0.57457098 -0.42614516
vn -0.71654382 -0.51278147 -0.47288489
vn -0.74884485 -0.58217025 -0.31671626
vn -0.71280541 -0.60804585 -0.34955499
vn -0.71794634 0.61322353 -0.32940849
vn -0.70099036 0.63540453 -0.32384193
vn -0.70200582 0.61870111 -0.35269925
vn -0.68657763 -0.61637468 -0.38560785
vn -0.73160619 -0.57424328 -0.36741945
vn -0.71526473 -0.65461579 -0.24469273
vn -0.71265679 -0.67773378 -0.18110002
vn -0.70577686 0.68855489 -0.16664689
vn -0.70146829 0.67788426 -0.22003446
vn -0.70767258 0.68715568 -0.16436725
vn -0.70571738 -0.67882376 0.20288243
vn -0.69313688 -0.70235707 0.16203648
vn -0.69875293 -0.65106061 0.29641935
vn -0.69914364 -0.66980136 0.25012858
vn -0.69777532 -0.38826667 -0.60196229
vn -0.70854824 -0.40042440 -0.58105051
vn -0.73736535 -0.41109881 -0.53599450
vn -0.68497386 -0.46249878 -0.56294377
vn -0.71118592 -0.42433600 -0.56049403
vn -0.70216985 -0.43598304 -0.56291767
vn -0.68778786 -0.64818002 0.32681879
vn -0.70350292 -0.54790524 0.45264057
vn -0.70710678 -0.31622777 0.63245553
vn -0.70617887 0.51424740 0.48668368
vn -0.70598616 -0.43206133 0.56116534
vn -0.70942430 0.22953835 0.66635524
vn -0.70700998 0.23628472 0.66656314
vn -0.70721760 0.23625766 0.66635245
vn -0.70134859 0.28953166 0.65136899
vn -0.71306589 0.25155851 0.65441222
vn -0.70752584 0.30524653 0.63736311
vn -0.70710678 0.31622777 0.63245553
vn -0.68348287 0.32971002 0.65126221
vn -0.70499542 0.31136350 0.63720815
vn -0.70674063 0.26692709 0.65518518
vn -0.73160619 0.36741945 0.57424328
vn -0.71741720 0.33863352 0.60880203
vn -0.69857023 0.34432512 0.62724783
vn -0.70803258 0.36895107 0.60213368
vn -0.70525817 0.58672761 -0.39794676
vn -0.71704405 0.59062286 -0.37015196
vn -0.70243607 0.60000558 -0.38285359
vn -0.70736029 0.63831573 -0.30363539
vn -0.70843016 0.63762846 -0.30258332
vn -0.70146773 0.65109730 -0.28985399
vn -0.69322275 0.66011765 -0.28928689
vn -0.69973462 0.65727711 -0.27992547
vn -0.70644292 0.40168003 0.58274485
vn -0.70150854 0.38809498 0.59771904
vn -0.71297900 0.67724679 -0.18165280
vn -0.71548764 0.68451122 -0.13972052
vn -0.69091469 0.36861825 0.62189828
vn -0.70292839 0.43221686 0.56487190
vn -0.70492427 0.40391694 0.58303764
vn -0.71442348 0.38390803 0.58499035
vn -0.72222742 0.45554658 0.52044680
vn -0.69765735 0.48531527 0.52701358
vn -0.70129740 0.52966171 0.47711679
vn -0.70656428 0.55948581 0.43329268
vn -0.70606204 0.56148794 0.43151788
vn -0.71019860 0.50449376 0.49102342
vn -0.70710678 0.50000000 0.50000000
vn -0.69864813 0.57480116 0.42602161
vn -0.71366576 0.56516738 0.41384418
vn -0.71384495 0.60581057 0.35131033
vn -0.71796778 0.58873655 0.37136443
vn -0.70796743 0.62127372 0.33585872
vn -0.71070300 0.62428675 0.32429508
vn -0.70710678 0.70710678 0.00000000
vn -0.68839865 0.72532606 0.00306706
vn -0.70710678 0.67082039 0.22360680
vn 0.70315190 0.67834954 0.21311805
vn -0.70461913 0.63815301 0.31027827
vn -0.70152257 0.71169695 -0.03679049
vn -0.70132594 0.63524717 0.32342381
vn -0.71526092 0.63566221 0.29040551
vn -0.70921064 0.66676915 0.22899600
vn 0.70198242 0.68897923 0.18035602
vn -0.70908035 0.69449337 0.12200010
vn -0.71715478 0.69172936 0.08484988
vn -0.71350256 0.69981760 0.03419683
vn -0.71129127 0.69530835 0.10300981
vn -0.70309459 0.70340383 0.10431229
vn -0.70859865 0.70535214 0.01913901
vn -0.71000540 0.70414167 0.00876538
vn -0.70933962 0.55469649 0.43491275
vn -0.71049019 0.54286369 0.44777529
vn -0.71028993 0.49043187 0.50494040
vn -0.70142973 0.48698009 0.52042937
vn -0.71258299 0.34453504 0.61116372
vn -0.70710678 0.67990010 -0.19425717
vn -0.71878697 0.65785176 -0.22489187
vn -0.70230610 0.66636906 -0.25043647
vn -0.71372529 0.65305138 -0.25321949
vn -0.71571627 0.63572281 -0.28914827
vn -0.69787139 0.65336739 -0.29340512
vn -0.71461299 0.64075179 -0.28065179
vn -0.71728409 0.59641719 -0.36026389
vn -0.70003815 0.26527379 0.66300558
vn -0.71577043 0.28884994 0.63579745
vn -0.70978249 0.51273076 -0.48302793
vn -0.69252834 0.10971207 -0.71299913
vn -0.70730843 0.12859321 -0.69511048
vn -0.71170132 0.11343268 -0.69326348
vn -0.69885963 -0.29643253 -0.65094007
vn -0.70872900 -0.26935126 -0.65203766
vn -0.70965509 -0.26680350 -0.65207787
vn -0.71319856 -0.28523906 -0.64030187
vn -0.70850538 -0.30754323 -0.63516714
vn -0.70179107 -0.35131682 -0.61973041
vn -0.70465978 -0.30548342 -0.64041742
vn -0.70591132 -0.30945917 -0.63712183
vn -0.70290673 -0.31572744 -0.63736827
vn -0.71533701 -0.31678243 -0.62284978
vn -0.76569455 -0.26285279 -0.58704367
vn -0.69283622 -0.41439728 -0.59012953
vn -0.70364230 -0.31782769 -0.63551008
vn -0.92467655 -0.04323927 -0.37829042
vn -0.72771405 -0.34697721 -0.59164100
vn -0.70986973 -0.36551551 -0.60206593
vn -0.70641671 -0.37008575 -0.60333404
vn -0.70812785 -0.36564881 -0.60403302
vn -0.70285075 -0.46350641 -0.53959487
vn -0.71318741 -0.45233308 -0.53549836
vn -0.70252952 -0.46613515 -0.53774557
vn -0.70422788 -0.44000457 -0.55718854
vn -0.74124903 -0.39089995 -0.54566209
vn -0.69867402 -0.42501975 0.57551093
vn -0.68471627 0.07073170 0.72536932
vn -0.70830415 0.16118160 0.68725958
vn -0.71346289 0.18105079 0.67689831
vn -0.70715409 0.20178968 0.67765331
vn -0.69149392 0.72056492 -0.05120897
vn -0.71463714 0.69528790 -0.07660613
vn -0.70544497 0.00000000 0.70876469
vn -0.70710678 -0.70710678 0.00000000
vn -0.70156309 0.52961022 -0.47678323
vn -0.70078195 0.50431258 -0.50455275
vn -0.70193379 0.22147976 0.67693107
vn -0.70135761 0.25510535 0.66559655
vn -0.70171113 -0.65096141 0.28956992
vn -0.70148401 -0.44820178 -0.55410771
vn -0.70132854 -0.47705240 -0.52967848
vn -0.70174756 0.55321819 -0.44888751
vn -0.70131954 0.29032099 0.65104886
vn -0.70145009 0.32365624 0.63499167
vn -0.70179252 0.70360677 -0.11146648
vn -0.70108250 0.57624760 0.42002622
vn -0.70008438 0.59907613 0.38857386
vn -0.70114243 -0.03699698 0.71206075
vn -0.86915572 0.25286955 0.42500039
vn -0.87112986 0.25026107 0.42249516
vn -0.70095793 0.71219184 -0.03795736
vn -0.70067177 0.61787540 0.35677594
vn -0.70165455 0.63533234 0.32254257
vn -0.70244213 0.70787899 -0.07404314
vn -0.70240044 0.14794420 0.69623713
vn -0.70034183 0.42008443 -0.57710518
vn -0.87907642 0.46727074 0.09424814
vn -0.69977819 -0.67959871 0.22012743
vn -0.70169649 -0.52969336 -0.47649448
vn -0.70128213 -0.68847883 0.18493315
vn -0.87304139 0.33084856 0.35824288
vn -0.70086419 0.03732665 0.71231742
vn -0.70096762 0.07507367 0.70923081
vn -0.87041494 0.28164032 0.40380262
vn -0.87035201 0.28009444 0.40501171
vn -0.87060029 0.28070776 0.40405234
vn -0.87620997 0.31098670 0.36816213
vn -0.70152303 0.00020285 0.71264675
vn -0.70077633 -0.69783980 0.14809506
vn -0.70199014 -0.55297771 -0.44880452
vn -0.70120889 -0.57634034 -0.41968787
vn -0.87025870 0.25417227 -0.42195527
vn -0.70122436 0.14813375 -0.69738138
vn -0.87214652 0.24485890 -0.42356176
vn -0.70103570 -0.66544727 0.25637643
vn -0.70075729 -0.50444696 -0.50445267
vn -0.70174519 0.44847757 -0.55355357
vn -0.70072838 -0.25606346 -0.66589132
vn -0.85955597 -0.21785637 -0.46227928
vn -0.85786457 -0.22476194 -0.46211518
vn -0.70113756 -0.29035089 -0.65123151
vn -0.86865030 0.15926476 -0.46912833
vn -0.70068536 0.07431407 -0.70958963
vn -0.86663878 0.16222536 -0.47182640
vn -0.70119740 -0.21948739 -0.67834173
vn -0.86026531 -0.18935229 -0.47338072
vn -0.86145799 -0.18485890 -0.47298765
vn -0.86026531 -0.18935229 -0.47338072
vn -0.86949000 0.08816656 -0.48601831
vn -0.70100385 0.00024413 -0.71315744
vn -0.86768627 0.07185150 -0.49189215
vn -0.86742006 0.13403476 -0.47918380
vn -0.70189476 0.03647222 -0.71134628
vn -0.86759121 0.13305107 -0.47914810
vn -0.87074513 -0.14933486 -0.46851043
vn -0.70124493 -0.18391342 -0.68878981
vn -0.86719522 0.13363040 -0.47970341
vn -0.86877890 0.16417582 -0.46719323
vn -0.86562103 0.04250735 -0.49889213
vn -0.70211780 -0.03648734 -0.71112535
vn -0.86585054 0.03966374 -0.49872801
vn -0.86637807 0.09878507 -0.48952074
vn -0.86559661 0.10454678 -0.48970652
vn -0.86816973 0.10263195 -0.48553888
vn -0.70122849 -0.14870058 -0.69725659
vn -0.86758074 -0.07347379 -0.49183865
vn -0.86286128 -0.05921554 -0.50196009
vn -0.86354138 0.03732586 -0.50289468
vn -0.86364467 0.00293280 -0.50409254
vn -0.70112613 -0.07445564 -0.70913928
vn -0.86440775 0.00660477 -0.50274807
vn -0.86551233 0.00366238 -0.50087423
vn -0.86506662 0.00223823 -0.50165201
vn -0.70134940 -0.11175327 -0.70400300
vn -0.86955031 -0.07192191 -0.48857905
vn -0.86618561 -0.04017341 -0.49810499
vn -0.86388713 -0.02709719 -0.50295603
vn -0.86790950 -0.01280940 -0.49655717
vn -0.86552401 0.03671764 -0.49951978
vn -0.86799575 0.02510736 -0.49593649
vn -0.85693277 -0.08231069 -0.50881350
vn -0.86330757 -0.09528921 -0.49560065
vn -0.86496583 0.07069124 -0.49682680
vn -0.86665739 0.07178113 -0.49371291
vn -0.86623869 -0.10946819 -0.48749076
vn -0.86291504 -0.09444564 -0.49644502
vn -0.87690942 0.18917676 -0.44186199
vn -0.70152220 0.11190646 -0.70380647
vn -0.86166963 -0.15671416 -0.48266564
vn -0.86004276 -0.15843095 -0.48500112
vn -0.86574419 0.06656683 -0.49604017
vn -0.86491846 -0.16517513 -0.47395489
vn -0.86012077 -0.15714100 -0.48528237
vn -0.86646774 -0.14005136 -0.47918606
vn -0.85150748 -0.16390657 -0.49806590
vn -0.86742300 0.16885383 -0.46804457
vn -0.87287296 0.15158620 -0.46380429
vn -0.86155107 -0.12254844 -0.49265772
vn -0.86119499 -0.12498563 -0.49266802
vn -0.86495448 -0.08332109 -0.49488517
vn -0.85964926 -0.08714731 -0.50339696
vn -0.86179703 -0.09800123 -0.49769633
vn -0.86244935 -0.02229949 -0.50565191
vn -0.86592117 -0.02375830 -0.49961593
vn -0.86604288 0.00948458 -0.49987976
vn -0.87284447 0.05615864 -0.48475638
vn -0.86429800 0.07621121 -0.49717282
vn -0.87545935 0.12591471 -0.46660092
vn -0.86392113 0.14646099 -0.48186042
vn -0.86135451 -0.22113457 -0.45734878
vn -0.86367009 -0.20157455 -0.46199749
vn -0.86868601 0.22675626 -0.44041595
vn -0.87054841 0.22393328 -0.43817730
vn -0.87244068 0.20807036 -0.44221486
vn -0.86874002 0.19980430 -0.45317660
vn -0.87048465 0.25279991 -0.42231348
vn -0.70081473 0.18417644 -0.68915728
vn -0.86980257 0.25247763 -0.42390864
vn -0.86455344 0.21014846 -0.45649203
vn -0.86922647 0.19852504 -0.45280587
vn -0.86943182 0.19475616 -0.45404663
vn -0.87123625 0.24778990 -0.42373054
vn -0.86827597 0.25128536 -0.42772948
vn -0.87502304 0.47126806 -0.11063945
vn -0.70152923 0.38846578 -0.59745382
vn -0.87037371 0.48276465 -0.09689120
vn -0.87348855 0.39147555 -0.28942123
vn -0.70083425 0.29025857 -0.65159905
vn -0.87249490 0.39326172 -0.28999634
vn -0.87405167 0.47245291 -0.11323395
vn -0.87268692 0.35133028 0.33909376
vn -0.89325729 0.27092040 0.35873884
vn -0.87409873 0.48342101 -0.04749240
vn -0.87993977 0.47120960 -0.06055998
vn -0.87855005 0.45187103 -0.15479785
vn -0.70063344 0.35607620 -0.61832235
vn -0.87547304 0.45086897 -0.17396586
vn -0.87988862 0.43409938 -0.19327117
vn -0.87404440 0.46345701 -0.14578748
vn -0.70019814 -0.35762627 -0.61792072
vn -0.85949846 -0.33531869 -0.38577684
vn -0.85696183 -0.33206069 -0.39414734
vn -0.87109124 0.43037240 -0.23660017
vn -0.70150013 0.32399412 -0.63476403
vn -0.88419006 0.39563346 -0.24835881
vn -0.87530264 0.42162754 -0.23680265
vn -0.87254562 0.42634679 -0.23852162
vn -0.70046440 0.25577415 -0.66628013
vn -0.87168570 0.37160103 -0.31949446
vn -0.87115310 0.39154155 -0.29628953
vn -0.87171461 0.35749498 -0.33512829
vn -0.87381361 0.35257704 -0.33487193
vn -0.87020645 0.32702081 -0.36850797
vn -0.70155485 0.21961357 -0.67793118
vn -0.87081276 0.33264718 -0.36198204
vn -0.87613490 0.35929531 -0.32139463
vn -0.87227745 0.32294843 -0.36720072
vn -0.87468916 0.26382299 -0.40659108
vn -0.87901866 0.27135758 -0.39203476
vn -0.86551781 0.27168973 -0.42078927
vn -0.87164557 0.30423190 -0.38428760
vn -0.87045148 0.28024210 -0.40469567
vn -0.85888212 -0.24339183 -0.45064613
vn -0.85801120 -0.24779761 -0.44990346
vn -0.86439008 -0.22951345 -0.44738503
vn -0.87328665 0.27061292 -0.40514081
vn -0.86781924 0.27435450 -0.41426968
vn -0.87099325 0.30579046 -0.38452952
vn -0.87327368 0.32800860 -0.36028244
vn -0.87519703 0.31139545 -0.37022026
vn -0.85802539 -0.35922855 -0.36707938
vn -0.85905425 -0.34822349 -0.37518821
vn -0.87245094 0.32688870 -0.36328106
vn -0.87117853 0.35456150 -0.33960876
vn -0.87713526 0.33686079 -0.34228430
vn -0.70158041 -0.38819179 -0.59757181
vn -0.85715889 -0.38017261 -0.34748730
vn -0.85431012 -0.38517969 -0.34898543
vn -0.87764721 0.37274748 -0.30132156
vn -0.86886312 0.38694348 -0.30879059
vn -0.87592853 0.38333910 -0.29291697
vn -0.87465290 0.37433329 -0.30798848
vn -0.70081451 -0.41894958 -0.57735627
vn -0.85929300 -0.42866318 -0.27904018
vn -0.85581668 -0.42366036 -0.29679911
vn -0.85472739 -0.44346174 -0.26978284
vn -0.87968478 0.38937419 -0.27302460
vn -0.87187086 0.41064950 -0.26684862
vn -0.86788578 0.40834999 -0.28288613
vn -0.87496627 0.40597915 -0.26384647
vn -0.87430159 0.42249846 -0.23893887
vn -0.87917698 0.42464563 -0.21615718
vn -0.87441401 0.44089690 -0.20250944
vn -0.87388030 0.44167734 -0.20311167
vn -0.86793510 0.45405211 -0.20130907
vn -0.87857131 0.43980648 -0.18623294
vn -0.85279544 -0.48895190 -0.18348288
vn -0.85127414 -0.49522836 -0.17343935
vn -0.88378630 0.45515270 -0.10843334
vn -0.87511538 0.46147314 -0.14565579
vn -0.87585855 0.46949958 -0.11154347
vn -0.87570562 0.47582888 -0.08201546
vn -0.87818136 0.46872082 -0.09538496
vn -0.87971532 0.40748767 0.24506072
vn -0.87934148 0.42423144 0.21630130
vn -0.87277824 0.42726970 0.23600583
vn -0.85948209 -0.46055697 0.22176070
vn -0.70152245 -0.57616475 0.41940486
vn -0.86024266 -0.44433991 0.25008920
vn -0.87203249 0.40996768 0.26736835
vn -0.70163430 0.11184306 0.70370480
vn -0.87330562 0.40535224 0.27023483
vn -0.85793109 -0.47652956 0.19202558
vn 0.51918243 -0.78396891 0.34035622
vn -0.85358767 -0.47829302 0.20645549
vn -0.85443462 -0.47500290 0.21050826
vn -0.87560398 0.40255122 0.26696479
vn 0.48659218 0.73633543 0.47014698
vn -0.87554864 0.39336677 0.28049450
vn -0.87730164 0.37783270 0.29594642
vn -0.87275227 0.39304660 0.28951313
vn -0.85944001 -0.42891503 0.27819914
vn -0.86068271 -0.42542836 0.27970695
vn -0.84959027 -0.44280502 0.28656604
vn -0.87410525 0.35520016 0.33131987
vn -0.87515137 0.28726007 0.38934784
vn -0.87382802 0.23636996 0.42491627
vn -0.87018965 0.30686098 0.38549490
vn -0.87513934 0.26010805 0.40801341
vn -0.70083868 -0.07450932 0.70941772
vn -0.87270522 0.17931067 0.45412915
vn -0.87019579 0.15885908 0.46639369
vn -0.86931594 0.22103836 0.44207673
vn -0.87043756 0.21637624 0.44217618
vn -0.86991588 0.22244324 0.44018789
vn -0.86880458 0.16906372 0.46539882
vn -0.86950572 0.16144947 0.46679104
vn -0.86112000 -0.18500063 0.47354736
vn -0.85865154 -0.19413574 0.47437205
vn -0.85960954 -0.18595585 0.47591160
vn -0.70144610 -0.11204695 0.70385997
vn -0.70184797 -0.14776129 0.69683285
vn -0.86634461 0.10469104 0.48835110
vn -0.87236786 0.08364088 0.48164149
vn -0.86653993 0.10275208 0.48841637
vn -0.86412736 0.14695814 0.48133898
vn -0.86945265 0.11586636 0.48023647
vn -0.85971905 -0.18648062 0.47550829
vn -0.70123095 -0.35620356 0.61757120
vn -0.70065815 -0.18438208 0.68926150
vn -0.87007871 0.05220807 0.49014013
vn -0.86461660 0.03898355 0.50091757
vn -0.86484292 0.06713293 0.49753381
vn -0.70151045 -0.22129508 0.67743013
vn -0.86438992 0.00000000 0.50282211
vn -0.86741486 0.01013912 0.49748233
vn -0.70125091 -0.29009570 0.65122320
vn -0.86567967 -0.11058249 0.48823174
vn -0.70249936 -0.32230567 0.63451849
vn -0.87065372 0.02107127 0.49144490
vn -0.85497755 -0.47223856 0.21448573
vn -0.86080703 -0.15504409 0.48473972
vn -0.86017419 -0.15876195 0.48465968
vn -0.86610450 0.16458983 0.47198855
vn -0.86111325 -0.16000043 0.48258039
vn -0.86462491 -0.14557789 0.48086468
vn 0.48948834 0.24795278 0.83601470
vn -0.86164908 -0.12520666 0.49181719
vn -0.87283251 0.15106378 0.46405080
vn -0.86414696 -0.02914421 0.50239491
vn -0.70211239 -0.25549683 0.66464995
vn -0.86369895 -0.02836861 0.50320905
vn -0.86316057 -0.12964850 0.48800112
vn -0.86226399 -0.09119424 0.49818110
vn -0.86373352 -0.08691197 0.49639774
vn -0.86268952 -0.09138167 0.49740947
vn -0.87141921 -0.12126396 0.47531423
vn -0.85864276 -0.11281146 0.50000619
vn -0.85562877 -0.14572539 0.49665230
vn -0.86521668 0.07379952 0.49593721
vn -0.86737426 0.07162482 0.49247516
vn -0.86363754 -0.05881860 0.50067013
vn 0.50010199 -0.12275198 0.85722223
vn -0.86305398 -0.05754646 0.50182290
vn 0.49748099 0.02434741 0.86713313
vn -0.86238977 0.01184090 0.50610639
vn -0.86301392 -0.05836570 0.50179718
vn -0.86739214 0.07292194 0.49225325
vn -0.86448489 0.07270885 0.49737240
vn -0.86754591 -0.04398822 0.49540804
vn -0.86775207 -0.01215087 0.49684878
vn -0.86351873 0.00336114 0.50430557
vn -0.86241414 0.01531617 0.50597160
vn -0.86329252 -0.03053315 0.50377946
vn -0.87196633 0.02511608 0.48892116
vn -0.86472793 -0.02856871 0.50142740
vn -0.85806347 0.02469547 0.51294952
vn -0.86298799 -0.05928193 0.50173438
vn -0.86706729 -0.17169198 0.46767102
vn -0.86103064 -0.15419515 0.48461334
vn -0.86974112 0.22544685 0.43900353
vn -0.85926842 -0.24938060 0.44661740
vn -0.70063841 -0.38920769 0.59801605
vn -0.85897455 -0.24865806 0.44758451
vn -0.87173122 0.20269654 0.44609281
vn -0.70130867 -0.50418824 0.50394480
vn -0.85531748 -0.38248212 0.34948453
vn -0.70113809 -0.53055225 0.47636088
vn -0.70115239 -0.47703994 0.52992285
vn -0.85738480 -0.35549467 0.37217583
vn -0.86306655 -0.28767498 0.41516171
vn -0.85820279 -0.27756533 0.43179330
vn 0.51287251 -0.46417231 0.72215363
vn -0.86340331 -0.28656728 0.41522755
vn -0.85271731 -0.29895884 0.42836526
vn -0.85840383 -0.35112088 0.37397460
vn -0.86523187 -0.36977773 0.33858268
vn -0.84628584 -0.39427401 0.35825730
vn -0.85364653 -0.40454611 0.32807017
vn -0.85962735 -0.38931172 0.33087339
vn -0.87119107 0.27986904 0.40336019
vn -0.85651510 -0.38156883 0.34754441
vn -0.84554495 -0.34925867 0.40382190
vn 0.49927205 -0.56468339 0.65716063
vn -0.85682787 -0.32365954 0.40136082
vn -0.86171215 -0.30839635 0.40291917
vn -0.85891973 -0.30628684 0.41042084
vn -0.85594101 -0.30793136 0.41538328
vn -0.85906239 -0.35545040 0.36832977
vn -0.69938794 -0.45056515 0.55484011
vn -0.86236021 -0.23590220 0.44797882
vn -0.70153543 -0.41858094 0.57674781
vn -0.85515887 -0.44092424 0.27256031
vn -0.85256309 -0.47673261 0.21415460
vn -0.87875329 0.45064092 0.15721139
vn -0.87802215 0.44168003 0.18437967
vn -0.87474186 0.44093771 0.20099903
vn -0.70201937 -0.55367770 0.44789486
vn -0.85493741 -0.44430450 0.26772286
vn -0.85698388 -0.41577835 0.30447822
vn -0.86180503 -0.40319352 0.30777764
vn 0.51775802 -0.66618029 0.53677784
vn 0.51645886 -0.66929292 0.53415094
vn -0.86070353 -0.36348424 0.35646687
vn -0.85813181 -0.38223773 0.34278872
vn -0.87157600 0.35302371 0.34019044
vn -0.85497006 -0.35493046 0.37822026
vn -0.85025827 0.29251097 0.43760508
vn -0.87060311 0.33401923 0.36122206
vn -0.85447160 -0.36233085 0.37228301
vn -0.86015671 -0.33947053 0.38064445
vn -0.85780198 -0.33185673 0.39248805
vn -0.85894212 -0.32426442 0.39632186
vn -0.87302892 0.37283281 0.31435045
vn -0.87486558 0.36407511 0.31946757
vn -0.85402306 -0.38820173 0.34632937
vn -0.85716821 -0.38111350 0.34643203
vn -0.85262202 -0.42366587 0.30584787
vn 0.51783139 -0.70209341 0.48878982
vn -0.85351002 -0.44466620 0.27164796
vn -0.85465297 -0.44521004 0.26712602
vn -0.85350700 -0.46253378 0.23997564
vn -0.85881953 -0.49552454 0.12994014
vn -0.70118175 -0.61727069 0.35682077
vn -0.85339428 -0.49960695 0.14869802
vn -0.70169149 -0.70377062 0.11106739
vn -0.69982281 -0.59916598 -0.38890636
vn -0.70111191 -0.70910806 0.07488552
vn -0.70141888 -0.61749842 -0.35595962
vn -0.70091187 -0.71227348 0.03726998
vn -0.70015287 -0.63554448 -0.32537544
vn -0.70156909 -0.71260143 -0.00011228
vn -0.70118465 -0.65148231 -0.28967377
vn -0.70108552 -0.71211830 -0.03696779
vn -0.70123956 -0.66536487 -0.25603254
vn -0.70080681 -0.70942683 -0.07472210
vn -0.70180813 -0.70362015 -0.11128357
vn -0.70032209 -0.67918461 -0.21967532
vn -0.70166365 -0.68836884 -0.18389252
vn -0.69961234 -0.69892567 -0.14847721
vn -0.85356319 -0.51886653 -0.04698308
vn -0.70074410 -0.63566856 0.32385673
vn -0.85239888 -0.52072659 -0.04753913
vn -0.85757108 -0.51328018 -0.03339628
vn -0.87953324 0.47161090 0.06328062
vn -0.85380861 -0.52038610 0.01446226
vn -0.85767166 -0.51312785 0.03315309
vn -0.85331758 -0.52111966 -0.01683486
vn -0.85784148 -0.51391303 0.00118560
vn -0.86091299 -0.50574628 0.05522249
vn -0.85320874 -0.51479415 0.08379637
vn -0.85192586 -0.50915540 0.12240548
vn -0.85359537 -0.50734396 0.11822459
vn -0.85243242 -0.50961271 0.11684968
vn -0.85328095 -0.49949855 0.14970908
vn -0.85944457 -0.50068162 0.10331000
vn -0.84995535 -0.52536659 0.03957087
vn -0.85205298 -0.52324303 0.01491507
vn -0.70133203 -0.32368652 -0.63510662
vn -0.85770652 -0.30620032 -0.41301439
vn -0.85727038 -0.30781877 -0.41271674
vn -0.85758585 -0.28073052 -0.43097203
vn -0.86395306 -0.26065593 -0.43086378
vn -0.86004933 -0.24504510 -0.44751319
vn -0.85832622 -0.27794933 -0.43130068
vn -0.86317656 -0.28800971 -0.41470066
vn -0.86021388 -0.31098313 -0.40413064
vn -0.86466302 -0.33406950 -0.37517387
vn -0.84651625 -0.35005968 -0.40108410
vn -0.85699797 -0.30727145 -0.41368917
vn -0.86234502 -0.31315713 -0.39786137
vn -0.85511610 -0.36323722 -0.36991240
vn -0.86099368 -0.36409963 -0.35513567
vn -0.85710257 -0.38289354 -0.34462693
vn -0.85963972 -0.38831503 -0.33201053
vn -0.85633179 -0.40291095 -0.32304587
vn -0.85603649 -0.40614984 -0.31975591
vn -0.85406895 -0.40672338 -0.32425657
vn -0.86035319 -0.40574439 -0.30848645
vn -0.85457611 -0.44353438 -0.27014242
vn -0.85994287 -0.44500739 -0.24993335
vn -0.87658293 -0.38863313 -0.28384267
vn -0.83165024 -0.44759372 -0.32866052
vn -0.85451901 -0.46043415 -0.24041143
vn -0.85871450 -0.46152145 -0.22272707
vn -0.85920202 -0.48435749 -0.16483239
vn -0.86096551 -0.47406602 -0.18439033
vn -0.85834216 -0.49618354 -0.13057807
vn -0.85788581 -0.50431321 -0.09848916
vn -0.85815510 -0.50920440 -0.06542715
vn -0.70008594 -0.59908673 0.38855471
vn -0.85866347 -0.48603505 0.16268674
vn -0.85222682 -0.49206394 0.17771475
vn -0.87961661 0.45880955 0.12557239
vn -0.85507243 -0.48776976 0.17587439
vn -0.85582994 -0.28541202 0.43138740
vn -0.86106924 -0.22244643 0.45724977
vn -0.86552836 -0.26195355 0.42689695
vn -0.85838732 -0.24940124 0.44829703
vn -0.86922350 0.25052765 0.42624688
vn -0.85971363 -0.21837398 0.46174156
vn -0.83038602 -0.32939061 0.44940058
vn -0.85973570 -0.21777121 0.46198510
vn -0.88716363 -0.24598987 0.39042244
vn 0.49725840 0.18318076 0.84804416
vn -0.86780260 0.13474283 0.47829177
vn -0.86509697 0.16310694 0.47434518
vn -0.86871226 0.19554802 0.45508238
vn -0.87209950 0.30513209 0.38254001
vn -0.87618175 0.48158165 0.01961266
vn -0.87728057 0.47991481 0.00778323
vn -0.87687352 0.48067992 -0.00629566
vn -0.87843337 0.47655925 0.03530009
vn -0.87578150 0.48247076 -0.01512373
vn -0.87266631 0.48823838 -0.00876369
vn -0.88200649 0.47058022 -0.02487600
vn -0.70116805 0.57629225 -0.41982212
vn -0.70085449 0.47694576 -0.53040147
vn -0.70172934 0.71244364 0.00002052
vn -0.70084461 0.18433818 0.68908364
vn -0.70188928 0.35549097 0.61723384
vn -0.70036250 0.59901502 -0.38816668
vn -0.70227122 0.65005125 0.29025593
vn -0.70104524 0.71212686 0.03756204
vn -0.70136585 0.70405867 0.11129839
vn -0.70163525 0.67770689 0.22004849
vn -0.70127690 0.68854324 0.18471305
vn -0.70211147 0.70807720 0.07527387
vn -0.70063354 0.66590560 0.25628574
vn -0.70133707 0.69736013 0.14769960
vn -0.70049841 0.38927500 0.59813623
vn -0.70116055 0.61772808 -0.35607009
vn -0.70050406 0.41914187 0.57759341
vn -0.70114094 0.63533720 -0.32364800
vn -0.70095057 0.44891667 0.55420404
vn -0.70199812 0.65058066 -0.28972995
vn -0.70129650 0.47705082 0.52972231
vn -0.70078250 0.66581524 -0.25611317
vn -0.70154431 0.50393037 0.50387475
vn -0.70075296 0.67872000 -0.21973723
vn -0.70095269 0.53054114 0.47664602
vn -0.70135219 0.68854484 -0.18442105
vn -0.70171979 0.69694525 -0.14783997
vn -0.70172478 0.55359885 0.44845363
vn -0.87143822 0.23260143 -0.43184720
vn -0.87008359 0.22559339 -0.43824897
vn -0.86794836 0.13463417 -0.47805783
vn -0.86065564 -0.19045026 -0.47222936
vn -0.85914159 -0.21946215 0.46229006
vn 0.68838639 0.62715916 0.36441126
vn 0.68824117 0.51313824 0.51284816
vn 0.37637433 0.65590565 0.65431654
vn 0.38752995 0.46543535 0.79573267
vn -0.00000001 0.64470856 0.76442846
vn 0.00000000 0.70710678 0.70710678
vn -0.00000001 0.76442846 0.64470856
vn -0.61044784 0.68328301 0.40059676
vn 0.00000000 0.86496683 0.50182903
vn 0.38616450 0.79561696 0.46676614
vn -0.00000002 0.93649289 0.35068656
vn -0.59959945 0.77702122 0.19162077
vn 0.00000000 0.96075309 0.27740494
vn 0.38046887 0.89795614 0.22117461
vn 0.00000002 0.99228503 0.12397750
vn -0.59991221 0.80006404 0.00169333
vn 0.00000000 0.99999604 0.00281265
vn 0.37997030 0.92499644 0.00203764
vn 0.00000002 0.99267223 -0.12083812
vn -0.60126367 0.77483761 -0.19521443
vn 0.00000000 0.96064133 -0.27779171
vn 0.38048666 0.89665943 -0.22634435
vn -0.00000001 0.93128902 -0.36428115
vn -0.60614852 0.68848952 -0.39820365
vn 0.00000000 0.87188656 -0.48970790
vn 0.38318708 0.79976522 -0.46210741
vn 0.00000000 0.78125534 -0.62421157
vn -0.59870383 0.56527142 -0.56746977
vn 0.00000000 0.70622880 -0.70798368
vn 0.37929685 0.65291175 -0.65562195
vn 0.00000000 0.62014136 -0.78449008
vn 0.38245686 0.46814741 -0.79659573
vn 0.00000000 0.50490843 -0.86317292
vn -0.60376393 0.40375060 -0.68735331
vn 0.00000000 0.38350364 -0.92353937
vn 0.38189967 0.23683911 -0.89334197
vn 0.68822589 0.18743321 -0.70086655
vn 0.68812156 0.00025049 -0.72559538
vn 0.68828983 -0.18724507 -0.70085405
vn 0.38286036 -0.24214761 -0.89150573
vn 0.37927486 -0.46530214 -0.79977778
vn 0.00000001 -0.39907833 -0.91691684
vn -0.60489560 -0.20816216 -0.76861553
vn 0.00000000 -0.27581133 -0.96121179
vn 0.00000002 -0.12072741 -0.99268570
vn -0.59979655 0.00187802 -0.80015034
vn -0.60268156 0.20439315 -0.77136138
vn 0.00000002 0.12400361 -0.99228177
vn 0.38030286 0.00227431 -0.92485921
vn 0.00000000 0.00295878 -0.99999562
vn 0.00000000 0.27541636 -0.96132504
vn -0.60421708 -0.56332073 -0.56355255
vn -0.59929651 -0.40269131 -0.69186949
vn 0.00000002 -0.59977085 -0.80017181
vn 0.00000000 -0.49557621 -0.86856446
vn 0.38240718 -0.65304375 -0.65368082
vn 0.00000000 -0.70710678 -0.70710678
vn 0.00000002 -0.80017181 -0.59977085
vn -0.59910410 -0.69227316 -0.40228368
vn 0.00000000 -0.86856446 -0.49557621
vn 0.37978186 -0.79981995 -0.46481586
vn 0.00000001 -0.91691684 -0.39907833
vn 0.38286036 -0.89150573 -0.24214761
vn 0.68828983 -0.70085405 -0.18724507
vn 0.68808795 -0.72562722 0.00032908
vn 0.68856633 -0.62705387 -0.36425247
vn 0.68848167 -0.51288603 -0.51277765
vn 0.68870966 -0.36411651 -0.62697542
vn 0.38016708 -0.92491473 0.00239292
vn 0.38175193 -0.89342991 0.23674556
vn 0.00000002 -0.99228177 0.12400361
vn 0.00000000 -0.99999562 0.00295878
vn -0.60016914 -0.79987070 0.00196423
vn -0.60278520 -0.77122230 0.20461223
vn 0.00000000 -0.96132504 0.27541636
vn 0.00000000 -0.92353937 0.38350364
vn 0.38212645 -0.79657394 0.46845419
vn -0.60341590 -0.68742516 0.40414838
vn 0.00000000 -0.86317292 0.50490843
vn 0.00000000 -0.78449008 0.62014136
vn 0.00000000 -0.70798368 0.70622880
vn -0.60478873 -0.76851385 -0.20884696
vn 0.00000000 -0.96121179 -0.27581133
vn 0.00000002 -0.99268570 -0.12072741
vn 0.68854429 0.36418286 -0.62711849
vn 0.68838443 0.51303894 -0.51275522
vn 0.68872987 0.62679609 -0.36438692
vn 0.68843391 0.70083192 -0.18679768
vn 0.68809296 0.72562252 0.00016533
vn 0.68811642 0.70099814 0.18734297
vn 0.00000000 0.50182903 0.86496683
vn -0.00000002 0.35068656 0.93649289
vn 0.68811642 0.18734297 0.70099814
vn 0.68830662 0.36427206 0.62732756
vn -0.99903193 -0.04399090 -0.00001505
f 1//1 2//2 3//3
f 3//3 4//4 1//1
f 4//4 5//5 1//1
f 6//6 5//5 4//4
f 7//7 6//6 4//4
f 8//8 7//7 4//4
f 4//4 9//9 8//8
f 10//10 8//8 9//9
f 9//9 11//11 10//10
f 12//12 10//10 11//11
f 13//13 12//12 11//11
f 13//13 11//11 14//14
f 15//15 13//13 14//14
f 14//14 16//16 15//15
f 17//17 18//18 16//16
f 19//19 16//16 20//20
f 21//21 15//15 22//22
f 16//16 19//19 15//15
f 19//19 23//23 22//22
f 21//21 22//22 23//23
f 24//24 25//25 21//21
f 15//15 21//21 25//25
f 26//26 27//27 24//24
f 28//28 29//29 30//30
f 27//27 26//26 31//31
f 32//32 33//33 34//34
f 29//29 28//28 35//35
f 36//36 30//30 29//29
f 25//25 24//24 27//27
f 37//37 34//34 33//33
f 30//30 36//36 37//37
f 38//38 39//39 40//40
f 32//32 34//34 41//41
f 33//33 32//32 42//42
f 43//43 38//38 40//40
f 38//38 44//44 39//39
f 45//45 39//39 44//44
f 23//23 19//19 20//20
f 18//18 17//17 46//46
f 40//40 47//47 48//48
f 48//48 32//32 41//41
f 47//47 45//45 42//42
f 45//45 47//47 39//39
f 33//33 42//42 45//45
f 47//47 42//42 48//48
f 32//32 48//48 42//42
f 47//47 40//40 39//39
f 18//18 49//49 20//20
f 38//38 43//43 46//46
f 49//49 46//46 43//43
f 18//18 20//20 16//16
f 23//23 20//20 49//49
f 49//49 18//18 46//46
f 44//44 38//38 17//17
f 37//37 41//41 34//34
f 38//38 46//46 17//17
f 41//41 37//37 36//36
f 19//19 22//22 15//15
f 23//23 50//50 21//21
f 50//50 51//51 21//21
f 24//24 21//21 51//51
f 51//51 52//52 24//24
f 26//26 24//24 52//52
f 53//53 26//26 52//52
f 54//54 53//53 52//52
f 52//52 55//55 54//54
f 55//55 56//56 54//54
f 54//54 56//56 57//57
f 58//58 53//53 54//54
f 57//57 58//58 54//54
f 58//58 57//57 59//59
f 53//53 58//58 59//59
f 53//53 59//59 60//60
f 27//27 53//53 60//60
f 60//60 25//25 27//27
f 25//25 60//60 13//13
f 61//61 13//13 60//60
f 60//60 62//62 61//61
f 62//62 63//63 61//61
f 61//61 63//63 10//10
f 64//64 10//10 63//63
f 57//57 64//64 63//63
f 64//64 57//57 65//65
f 65//65 66//66 64//64
f 66//66 67//67 64//64
f 67//67 66//66 68//68
f 69//69 67//67 68//68
f 66//66 70//70 68//68
f 71//71 72//72 73//73
f 72//72 74//74 75//75
f 76//76 69//69 77//77
f 78//78 79//79 80//80
f 81//81 68//68 82//82
f 73//73 72//72 83//83
f 84//84 72//72 71//71
f 72//72 84//84 85//85
f 86//86 85//85 87//87
f 85//85 88//88 89//89
f 87//87 85//85 84//84
f 88//88 85//85 90//90
f 91//91 92//92 93//93
f 94//94 91//91 95//95
f 96//96 85//85 97//97
f 98//98 96//96 99//99
f 72//72 100//100 74//74
f 101//101 102//102 103//103
f 88//88 90//90 104//104
f 105//105 102//102 106//106
f 88//88 107//107 108//108
f 109//109 85//85 110//110
f 88//88 111//111 112//112
f 110//110 85//85 98//98
f 88//88 113//113 114//114
f 88//88 104//104 115//115
f 88//88 114//114 116//116
f 88//88 117//117 118//118
f 88//88 116//116 119//119
f 88//88 120//120 121//121
f 101//101 122//122 123//123
f 124//124 68//68 125//125
f 78//78 126//126 79//79
f 82//82 68//68 127//127
f 78//78 128//128 126//126
f 78//78 129//129 130//130
f 101//101 131//131 132//132
f 88//88 133//133 134//134
f 88//88 121//121 135//135
f 88//88 112//112 136//136
f 88//88 134//134 137//137
f 90//90 85//85 138//138
f 88//88 137//137 139//139
f 136//136 140//140 88//88
f 88//88 139//139 141//141
f 107//107 142//142 143//143
f 107//107 140//140 144//144
f 107//107 78//78 145//145
f 101//101 146//146 147//147
f 107//107 143//143 148//148
f 107//107 149//149 150//150
f 107//107 148//148 151//151
f 107//107 152//152 153//153
f 102//102 7//7 154//154
f 107//107 150//150 155//155
f 88//88 156//156 120//120
f 101//101 157//157 158//158
f 107//107 153//153 159//159
f 107//107 159//159 160//160
f 161//161 7//7 162//162
f 107//107 160//160 163//163
f 107//107 164//164 149//149
f 107//107 163//163 165//165
f 107//107 165//165 166//166
f 107//107 166//166 167//167
f 107//107 168//168 169//169
f 107//107 167//167 170//170
f 107//107 171//171 172//172
f 107//107 172//172 173//173
f 107//107 174//174 175//175
f 107//107 173//173 176//176
f 107//107 169//169 177//177
f 107//107 177//177 178//178
f 179//179 7//7 180//180
f 181//181 7//7 182//182
f 107//107 175//175 183//183
f 107//107 183//183 184//184
f 107//107 184//184 185//185
f 107//107 185//185 186//186
f 182//182 7//7 187//187
f 107//107 186//186 188//188
f 107//107 188//188 189//189
f 107//107 189//189 190//190
f 107//107 190//190 191//191
f 192//192 193//193 107//107
f 107//107 191//191 192//192
f 180//180 7//7 181//181
f 78//78 194//194 195//195
f 78//78 196//196 197//197
f 78//78 198//198 199//199
f 162//162 7//7 179//179
f 78//78 200//200 129//129
f 78//78 201//201 194//194
f 78//78 202//202 128//128
f 78//78 203//203 204//204
f 78//78 204//204 205//205
f 78//78 206//206 202//202
f 78//78 207//207 206//206
f 78//78 208//208 207//207
f 78//78 205//205 209//209
f 78//78 209//209 208//208
f 78//78 195//195 210//210
f 78//78 210//210 203//203
f 78//78 211//211 201//201
f 78//78 212//212 211//211
f 78//78 213//213 212//212
f 78//78 214//214 213//213
f 78//78 215//215 214//214
f 78//78 216//216 215//215
f 78//78 130//130 216//216
f 78//78 217//217 200//200
f 78//78 199//199 217//217
f 187//187 7//7 218//218
f 78//78 219//219 198//198
f 78//78 220//220 219//219
f 78//78 221//221 220//220
f 78//78 222//222 221//221
f 78//78 197//197 222//222
f 78//78 223//223 196//196
f 224//224 225//225 66//66
f 78//78 80//80 226//226
f 225//225 227//227 228//228
f 225//225 229//229 230//230
f 231//231 68//68 124//124
f 232//232 68//68 233//233
f 225//225 234//234 235//235
f 225//225 236//236 237//237
f 225//225 238//238 239//239
f 225//225 240//240 241//241
f 242//242 66//66 243//243
f 225//225 244//244 245//245
f 246//246 66//66 247//247
f 248//248 66//66 249//249
f 250//250 66//66 251//251
f 252//252 66//66 253//253
f 225//225 245//245 247//247
f 247//247 66//66 225//225
f 254//254 66//66 255//255
f 225//225 237//237 256//256
f 253//253 66//66 257//257
f 225//225 258//258 236//236
f 225//225 259//259 240//240
f 70//70 66//66 242//242
f 260//260 66//66 261//261
f 262//262 263//263 264//264
f 249//249 66//66 265//265
f 263//263 66//66 264//264
f 243//243 66//66 266//266
f 267//267 68//68 268//268
f 125//125 68//68 267//267
f 127//127 68//68 269//269
f 270//270 68//68 271//271
f 269//269 68//68 270//270
f 271//271 68//68 232//232
f 233//233 271//271 232//232
f 233//233 68//68 231//231
f 268//268 68//68 272//272
f 273//273 68//68 274//274
f 272//272 68//68 275//275
f 274//274 68//68 276//276
f 275//275 68//68 273//273
f 277//277 68//68 70//70
f 276//276 68//68 277//277
f 225//225 278//278 238//238
f 279//279 66//66 280//280
f 266//266 66//66 279//279
f 225//225 281//281 234//234
f 282//282 66//66 283//283
f 280//280 66//66 282//282
f 283//283 66//66 284//284
f 284//284 66//66 263//263
f 264//264 66//66 262//262
f 262//262 66//66 248//248
f 265//265 66//66 260//260
f 261//261 66//66 285//285
f 285//285 66//66 250//250
f 251//251 66//66 286//286
f 287//287 66//66 288//288
f 286//286 66//66 287//287
f 288//288 66//66 289//289
f 289//289 66//66 252//252
f 257//257 66//66 290//290
f 225//225 235//235 291//291
f 290//290 66//66 254//254
f 255//255 66//66 292//292
f 293//293 66//66 246//246
f 292//292 66//66 294//294
f 294//294 66//66 295//295
f 295//295 66//66 296//296
f 296//296 66//66 293//293
f 225//225 297//297 244//244
f 225//225 298//298 297//297
f 225//225 299//299 298//298
f 225//225 300//300 299//299
f 225//225 301//301 300//300
f 225//225 241//241 302//302
f 225//225 302//302 301//301
f 225//225 256//256 259//259
f 225//225 291//291 258//258
f 225//225 303//303 281//281
f 225//225 239//239 304//304
f 225//225 304//304 305//305
f 225//225 305//305 303//303
f 225//225 306//306 278//278
f 225//225 230//230 306//306
f 225//225 307//307 229//229
f 225//225 228//228 307//307
f 225//225 226//226 227//227
f 225//225 224//224 308//308
f 226//226 225//225 78//78
f 107//107 88//88 140//140
f 85//85 89//89 309//309
f 72//72 85//85 310//310
f 310//310 311//311 72//72
f 69//69 312//312 7//7
f 313//313 69//69 314//314
f 315//315 101//101 316//316
f 101//101 317//317 157//157
f 101//101 147//147 318//318
f 101//101 319//319 320//320
f 101//101 321//321 319//319
f 101//101 322//322 146//146
f 323//323 7//7 324//324
f 78//78 193//193 223//223
f 325//325 7//7 323//323
f 326//326 7//7 327//327
f 218//218 7//7 328//328
f 101//101 329//329 330//330
f 101//101 331//331 332//332
f 101//101 333//333 334//334
f 101//101 335//335 336//336
f 101//101 337//337 338//338
f 101//101 330//330 339//339
f 330//330 329//329 340//340
f 101//101 334//334 337//337
f 330//330 333//333 339//339
f 101//101 332//332 341//341
f 101//101 341//341 335//335
f 101//101 336//336 342//342
f 343//343 85//85 109//109
f 101//101 344//344 321//321
f 101//101 342//342 344//344
f 101//101 345//345 331//331
f 101//101 346//346 345//345
f 101//101 338//338 346//346
f 101//101 132//132 347//347
f 88//88 348//348 113//113
f 101//101 339//339 333//333
f 101//101 347//347 329//329
f 101//101 349//349 131//131
f 101//101 350//350 317//317
f 101//101 158//158 349//349
f 101//101 351//351 350//350
f 101//101 352//352 353//353
f 101//101 353//353 351//351
f 101//101 354//354 352//352
f 101//101 355//355 354//354
f 101//101 356//356 355//355
f 101//101 357//357 356//356
f 101//101 358//358 357//357
f 101//101 359//359 358//358
f 101//101 360//360 359//359
f 101//101 361//361 362//362
f 101//101 363//363 360//360
f 101//101 364//364 363//363
f 101//101 362//362 364//364
f 101//101 123//123 361//361
f 88//88 365//365 133//133
f 101//101 103//103 122//122
f 103//103 102//102 105//105
f 366//366 102//102 367//367
f 106//106 102//102 366//366
f 367//367 102//102 368//368
f 368//368 102//102 369//369
f 369//369 102//102 370//370
f 154//154 7//7 326//326
f 107//107 371//371 142//142
f 154//154 370//370 102//102
f 327//327 7//7 372//372
f 372//372 7//7 373//373
f 374//374 7//7 375//375
f 373//373 7//7 374//374
f 375//375 7//7 376//376
f 376//376 7//7 377//377
f 377//377 7//7 161//161
f 378//378 69//69 76//76
f 379//379 69//69 380//380
f 381//381 7//7 382//382
f 328//328 7//7 325//325
f 324//324 7//7 381//381
f 382//382 7//7 383//383
f 383//383 7//7 312//312
f 380//380 69//69 378//378
f 312//312 69//69 384//384
f 384//384 69//69 313//313
f 314//314 69//69 385//385
f 385//385 69//69 386//386
f 386//386 69//69 387//387
f 388//388 69//69 389//389
f 387//387 69//69 388//388
f 390//390 69//69 391//391
f 389//389 69//69 390//390
f 391//391 69//69 392//392
f 392//392 69//69 379//379
f 101//101 393//393 322//322
f 101//101 320//320 393//393
f 318//318 147//147 394//394
f 318//318 316//316 101//101
f 395//395 101//101 315//315
f 396//396 101//101 395//395
f 397//397 101//101 396//396
f 72//72 398//398 399//399
f 400//400 401//401 402//402
f 72//72 403//403 404//404
f 72//72 75//75 405//405
f 75//75 74//74 406//406
f 72//72 407//407 408//408
f 72//72 409//409 410//410
f 72//72 410//410 411//411
f 72//72 412//412 413//413
f 72//72 413//413 414//414
f 72//72 414//414 415//415
f 72//72 416//416 417//417
f 72//72 417//417 418//418
f 72//72 418//418 419//419
f 72//72 419//419 420//420
f 72//72 420//420 421//421
f 421//421 420//420 422//422
f 72//72 423//423 416//416
f 72//72 421//421 424//424
f 425//425 72//72 426//426
f 83//83 72//72 425//425
f 72//72 424//424 426//426
f 72//72 427//427 423//423
f 72//72 411//411 412//412
f 72//72 415//415 427//427
f 72//72 428//428 407//407
f 409//409 72//72 408//408
f 72//72 429//429 428//428
f 72//72 405//405 429//429
f 72//72 404//404 100//100
f 72//72 430//430 401//401
f 72//72 400//400 403//403
f 72//72 399//399 430//430
f 72//72 401//401 400//400
f 72//72 397//397 398//398
f 72//72 101//101 397//397
f 101//101 72//72 431//431
f 432//432 101//101 433//433
f 102//102 101//101 432//432
f 432//432 7//7 102//102
f 7//7 432//432 434//434
f 434//434 432//432 435//435
f 78//78 107//107 193//193
f 107//107 436//436 174//174
f 107//107 178//178 437//437
f 107//107 437//437 436//436
f 107//107 438//438 168//168
f 107//107 176//176 439//439
f 107//107 439//439 438//438
f 107//107 440//440 171//171
f 107//107 441//441 440//440
f 107//107 170//170 441//441
f 107//107 442//442 152//152
f 107//107 155//155 442//442
f 107//107 151//151 164//164
f 107//107 144//144 371//371
f 88//88 141//141 111//111
f 88//88 135//135 365//365
f 88//88 443//443 156//156
f 88//88 444//444 443//443
f 88//88 445//445 444//444
f 88//88 446//446 445//445
f 88//88 447//447 117//117
f 88//88 118//118 448//448
f 88//88 448//448 446//446
f 88//88 119//119 449//449
f 88//88 449//449 447//447
f 88//88 115//115 348//348
f 138//138 85//85 343//343
f 98//98 85//85 96//96
f 97//97 85//85 450//450
f 77//77 68//68 81//81
f 451//451 85//85 94//94
f 452//452 85//85 451//451
f 453//453 85//85 452//452
f 450//450 85//85 453//453
f 94//94 85//85 91//91
f 454//454 85//85 86//86
f 92//92 85//85 454//454
f 91//91 85//85 92//92
f 68//68 77//77 69//69
f 77//77 81//81 455//455
f 455//455 76//76 77//77
f 456//456 76//76 455//455
f 457//457 455//455 458//458
f 459//459 460//460 461//461
f 462//462 456//456 463//463
f 459//459 464//464 465//465
f 455//455 463//463 456//456
f 459//459 466//466 460//460
f 458//458 455//455 467//467
f 467//467 455//455 468//468
f 468//468 455//455 469//469
f 469//469 455//455 470//470
f 459//459 465//465 466//466
f 470//470 455//455 471//471
f 459//459 472//472 464//464
f 473//473 456//456 462//462
f 474//474 475//475 476//476
f 456//456 477//477 478//478
f 479//479 480//480 481//481
f 482//482 478//478 483//483
f 478//478 482//482 484//484
f 485//485 484//484 486//486
f 459//459 487//487 488//488
f 489//489 475//475 490//490
f 491//491 484//484 492//492
f 484//484 491//491 493//493
f 494//494 493//493 495//495
f 496//496 497//497 498//498
f 499//499 500//500 501//501
f 490//490 475//475 502//502
f 475//475 503//503 504//504
f 505//505 504//504 506//506
f 507//507 504//504 505//505
f 508//508 504//504 507//507
f 504//504 497//497 496//496
f 509//509 510//510 511//511
f 497//497 512//512 513//513
f 497//497 514//514 512//512
f 497//497 515//515 516//516
f 497//497 513//513 515//515
f 517//517 518//518 519//519
f 520//520 517//517 521//521
f 522//522 523//523 524//524
f 525//525 526//526 527//527
f 528//528 529//529 530//530
f 531//531 532//532 533//533
f 534//534 535//535 536//536
f 537//537 519//519 518//518
f 538//538 539//539 540//540
f 541//541 542//542 543//543
f 538//538 544//544 545//545
f 538//538 546//546 539//539
f 547//547 548//548 549//549
f 538//538 545//545 546//546
f 550//550 551//551 552//552
f 538//538 552//552 553//553
f 538//538 550//550 552//552
f 552//552 551//551 553//553
f 547//547 554//554 548//548
f 555//555 556//556 557//557
f 547//547 549//549 558//558
f 547//547 558//558 559//559
f 560//560 561//561 562//562
f 547//547 559//559 563//563
f 538//538 564//564 565//565
f 566//566 567//567 568//568
f 569//569 570//570 571//571
f 572//572 573//573 574//574
f 571//571 575//575 569//569
f 576//576 577//577 578//578
f 575//575 571//571 579//579
f 575//575 579//579 576//576
f 576//576 579//579 577//577
f 576//576 578//578 580//580
f 576//576 580//580 581//581
f 582//582 583//583 584//584
f 576//576 581//581 585//585
f 576//576 585//585 586//586
f 587//587 588//588 589//589
f 576//576 590//590 591//591
f 576//576 586//586 590//590
f 588//588 591//591 589//589
f 592//592 593//593 594//594
f 588//588 595//595 596//596
f 596//596 597//597 598//598
f 583//583 582//582 599//599
f 600//600 588//588 601//601
f 601//601 588//588 587//587
f 597//597 596//596 602//602
f 598//598 603//603 582//582
f 604//604 598//598 605//605
f 606//606 584//584 607//607
f 608//608 609//609 610//610
f 611//611 584//584 606//606
f 612//612 613//613 614//614
f 614//614 613//613 615//615
f 576//576 591//591 588//588
f 616//616 613//613 566//566
f 567//567 613//613 612//612
f 566//566 613//613 567//567
f 617//617 613//613 616//616
f 613//613 618//618 561//561
f 618//618 613//613 617//617
f 619//619 561//561 618//618
f 561//561 620//620 621//621
f 622//622 621//621 623//623
f 624//624 561//561 619//619
f 620//620 561//561 560//560
f 625//625 621//621 620//620
f 626//626 621//621 625//625
f 623//623 621//621 626//626
f 627//627 621//621 628//628
f 629//629 621//621 622//622
f 630//630 621//621 629//629
f 628//628 621//621 630//630
f 627//627 628//628 631//631
f 562//562 561//561 632//632
f 633//633 634//634 635//635
f 636//636 637//637 638//638
f 639//639 640//640 641//641
f 621//621 627//627 640//640
f 523//523 522//522 537//537
f 642//642 637//637 643//643
f 634//634 633//633 644//644
f 645//645 640//640 646//646
f 647//647 640//640 639//639
f 530//530 529//529 509//509
f 648//648 510//510 649//649
f 650//650 529//529 528//528
f 511//511 510//510 648//648
f 520//520 518//518 517//517
f 651//651 529//529 652//652
f 652//652 529//529 653//653
f 653//653 529//529 650//650
f 499//499 654//654 500//500
f 655//655 656//656 525//525
f 657//657 455//455 658//658
f 649//649 510//510 659//659
f 660//660 455//455 661//661
f 499//499 662//662 663//663
f 664//664 478//478 665//665
f 459//459 666//666 667//667
f 459//459 667//667 472//472
f 663//663 459//459 499//499
f 668//668 669//669 670//670
f 668//668 499//499 669//669
f 499//499 671//671 654//654
f 481//481 480//480 672//672
f 673//673 674//674 675//675
f 499//499 479//479 671//671
f 676//676 480//480 677//677
f 672//672 480//480 678//678
f 678//678 480//480 679//679
f 679//679 480//480 676//676
f 680//680 480//480 681//681
f 677//677 480//480 682//682
f 683//683 475//475 684//684
f 685//685 686//686 687//687
f 681//681 480//480 688//688
f 688//688 480//480 689//689
f 689//689 656//656 690//690
f 675//675 691//691 692//692
f 693//693 687//687 694//694
f 695//695 696//696 697//697
f 695//695 697//697 698//698
f 685//685 687//687 693//693
f 699//699 700//700 701//701
f 698//698 697//697 702//702
f 701//701 703//703 704//704
f 704//704 705//705 706//706
f 706//706 705//705 707//707
f 704//704 703//703 705//705
f 701//701 700//700 703//703
f 692//692 691//691 696//696
f 675//675 674//674 691//691
f 692//692 696//696 695//695
f 670//670 669//669 686//686
f 670//670 686//686 685//685
f 673//673 694//694 674//674
f 693//693 694//694 673//673
f 699//699 702//702 700//700
f 698//698 702//702 699//699
f 708//708 709//709 710//710
f 711//711 712//712 713//713
f 708//708 714//714 715//715
f 710//710 716//716 708//708
f 716//716 710//710 717//717
f 718//718 719//719 720//720
f 721//721 722//722 723//723
f 724//724 658//658 455//455
f 716//716 725//725 726//726
f 721//721 727//727 728//728
f 729//729 730//730 721//721
f 731//731 732//732 733//733
f 734//734 735//735 732//732
f 736//736 737//737 730//730
f 730//730 738//738 739//739
f 740//740 741//741 742//742
f 737//737 743//743 744//744
f 745//745 746//746 747//747
f 740//740 748//748 749//749
f 737//737 750//750 751//751
f 752//752 753//753 754//754
f 755//755 593//593 756//756
f 740//740 742//742 748//748
f 740//740 757//757 741//741
f 740//740 758//758 757//757
f 740//740 759//759 758//758
f 740//740 760//760 759//759
f 761//761 762//762 763//763
f 740//740 764//764 760//760
f 765//765 766//766 764//764
f 763//763 762//762 767//767
f 765//765 768//768 766//766
f 765//765 769//769 768//768
f 765//765 770//770 769//769
f 762//762 771//771 772//772
f 765//765 773//773 770//770
f 774//774 775//775 776//776
f 765//765 777//777 773//773
f 765//765 744//744 777//777
f 778//778 779//779 780//780
f 744//744 765//765 737//737
f 781//781 746//746 782//782
f 749//749 752//752 740//740
f 783//783 784//784 785//785
f 786//786 754//754 787//787
f 754//754 788//788 787//787
f 754//754 786//786 775//775
f 752//752 789//789 790//790
f 791//791 775//775 774//774
f 792//792 772//772 793//793
f 793//793 772//772 794//794
f 795//795 784//784 796//796
f 772//772 782//782 746//746
f 794//794 772//772 797//797
f 752//752 790//790 753//753
f 775//775 798//798 784//784
f 799//799 593//593 800//800
f 784//784 801//801 593//593
f 802//802 762//762 761//761
f 803//803 593//593 804//804
f 805//805 772//772 771//771
f 593//593 592//592 762//762
f 806//806 593//593 755//755
f 756//756 593//593 803//803
f 807//807 762//762 802//802
f 797//797 772//772 805//805
f 771//771 762//762 808//808
f 808//808 762//762 807//807
f 767//767 762//762 592//592
f 800//800 593//593 806//806
f 594//594 593//593 799//799
f 804//804 593//593 801//801
f 801//801 784//784 783//783
f 785//785 784//784 795//795
f 796//796 784//784 809//809
f 776//776 775//775 810//810
f 811//811 775//775 791//791
f 809//809 784//784 798//798
f 798//798 775//775 811//811
f 810//810 775//775 786//786
f 754//754 812//812 788//788
f 754//754 813//813 812//812
f 754//754 753//753 813//813
f 752//752 814//814 789//789
f 752//752 815//815 814//814
f 752//752 749//749 816//816
f 752//752 816//816 815//815
f 817//817 732//732 735//735
f 764//764 740//740 765//765
f 721//721 818//818 729//729
f 819//819 746//746 820//820
f 719//719 734//734 720//720
f 780//780 779//779 821//821
f 822//822 734//734 719//719
f 711//711 823//823 824//824
f 779//779 825//825 826//826
f 716//716 827//827 828//828
f 829//829 779//779 778//778
f 778//778 830//830 829//829
f 831//831 724//724 832//832
f 826//826 833//833 734//734
f 832//832 724//724 834//834
f 834//834 724//724 835//835
f 835//835 724//724 836//836
f 836//836 724//724 837//837
f 837//837 724//724 838//838
f 838//838 724//724 839//839
f 839//839 724//724 840//840
f 841//841 732//732 842//842
f 732//732 843//843 844//844
f 845//845 844//844 846//846
f 844//844 847//847 724//724
f 840//840 724//724 847//847
f 848//848 844//844 849//849
f 850//850 851//851 852//852
f 853//853 844//844 854//854
f 847//847 844//844 855//855
f 856//856 844//844 848//848
f 854//854 844//844 845//845
f 855//855 844//844 856//856
f 857//857 732//732 817//817
f 733//733 732//732 857//857
f 846//846 844//844 858//858
f 859//859 850//850 860//860
f 858//858 844//844 861//861
f 861//861 844//844 843//843
f 711//711 824//824 712//712
f 862//862 498//498 863//863
f 843//843 732//732 841//841
f 842//842 732//732 731//731
f 714//714 708//708 711//711
f 735//735 734//734 822//822
f 746//746 821//821 779//779
f 864//864 746//746 745//745
f 821//821 746//746 865//865
f 708//708 866//866 867//867
f 720//720 734//734 718//718
f 708//708 867//867 868//868
f 718//718 734//734 869//869
f 869//869 734//734 870//870
f 870//870 734//734 833//833
f 833//833 826//826 871//871
f 871//871 826//826 872//872
f 872//872 826//826 873//873
f 874//874 826//826 875//875
f 873//873 826//826 874//874
f 875//875 826//826 876//876
f 877//877 826//826 825//825
f 876//876 826//826 877//877
f 825//825 779//779 878//878
f 830//830 779//779 829//829
f 878//878 779//779 879//879
f 607//607 584//584 880//880
f 879//879 779//779 830//830
f 880//880 584//584 881//881
f 722//722 721//721 716//716
f 609//609 608//608 555//555
f 882//882 584//584 583//583
f 599//599 582//582 883//883
f 881//881 584//584 884//884
f 885//885 582//582 603//603
f 608//608 886//886 887//887
f 888//888 598//598 604//604
f 883//883 582//582 889//889
f 890//890 598//598 888//888
f 605//605 598//598 891//891
f 891//891 598//598 597//597
f 891//891 597//597 892//892
f 602//602 596//596 893//893
f 893//893 596//596 894//894
f 587//587 589//589 895//895
f 894//894 596//596 896//896
f 572//572 897//897 898//898
f 899//899 596//596 595//595
f 595//595 588//588 900//900
f 900//900 588//588 901//901
f 901//901 588//588 600//600
f 896//896 596//596 902//902
f 902//902 596//596 899//899
f 903//903 598//598 890//890
f 573//573 904//904 905//905
f 603//603 598//598 903//903
f 906//906 582//582 885//885
f 555//555 907//907 609//609
f 608//608 908//908 909//909
f 889//889 582//582 906//906
f 884//884 584//584 882//882
f 639//639 641//641 910//910
f 911//911 640//640 912//912
f 646//646 640//640 647//647
f 912//912 640//640 645//645
f 913//913 640//640 911//911
f 640//640 913//913 637//637
f 914//914 637//637 913//913
f 643//643 637//637 915//915
f 916//916 537//537 522//522
f 917//917 637//637 642//642
f 918//918 537//537 919//919
f 920//920 537//537 918//918
f 919//919 537//537 921//921
f 921//921 537//537 922//922
f 923//923 537//537 920//920
f 659//659 510//510 924//924
f 519//519 537//537 923//923
f 924//924 518//518 925//925
f 925//925 518//518 520//520
f 518//518 924//924 510//510
f 648//648 649//649 926//926
f 850//850 852//852 927//927
f 850//850 928//928 851//851
f 711//711 927//927 823//823
f 927//927 711//711 850//850
f 850//850 929//929 928//928
f 850//850 930//930 929//929
f 850//850 931//931 930//930
f 860//860 932//932 859//859
f 850//850 859//859 931//931
f 860//860 933//933 934//934
f 935//935 455//455 657//657
f 860//860 934//934 936//936
f 459//459 461//461 937//937
f 860//860 936//936 932//932
f 497//497 504//504 514//514
f 937//937 860//860 459//459
f 860//860 937//937 933//933
f 938//938 537//537 939//939
f 922//922 537//537 938//938
f 524//524 523//523 940//940
f 941//941 523//523 942//942
f 940//940 523//523 943//943
f 943//943 523//523 941//941
f 944//944 532//532 531//531
f 945//945 523//523 946//946
f 946//946 523//523 947//947
f 948//948 635//635 634//634
f 949//949 635//635 950//950
f 951//951 635//635 952//952
f 950//950 635//635 951//951
f 953//953 635//635 948//948
f 954//954 633//633 955//955
f 644//644 633//633 956//956
f 955//955 633//633 957//957
f 638//638 637//637 917//917
f 958//958 637//637 636//636
f 637//637 958//958 633//633
f 957//957 633//633 958//958
f 959//959 633//633 954//954
f 960//960 633//633 959//959
f 956//956 633//633 960//960
f 961//961 635//635 953//953
f 952//952 635//635 961//961
f 962//962 635//635 949//949
f 635//635 962//962 523//523
f 947//947 523//523 962//962
f 963//963 523//523 945//945
f 942//942 523//523 963//963
f 939//939 537//537 964//964
f 964//964 537//537 916//916
f 716//716 828//828 725//725
f 716//716 965//965 827//827
f 716//716 966//966 965//965
f 716//716 967//967 968//968
f 716//716 968//968 966//966
f 716//716 969//969 967//967
f 716//716 717//717 970//970
f 716//716 970//970 969//969
f 971//971 972//972 535//535
f 915//915 637//637 914//914
f 471//471 455//455 660//660
f 661//661 455//455 973//973
f 973//973 455//455 935//935
f 658//658 724//724 831//831
f 865//865 746//746 974//974
f 747//747 746//746 819//819
f 974//974 746//746 864//864
f 820//820 746//746 781//781
f 782//782 772//772 792//792
f 737//737 975//975 743//743
f 737//737 751//751 976//976
f 737//737 976//976 975//975
f 737//737 977//977 978//978
f 737//737 978//978 750//750
f 737//737 736//736 977//977
f 730//730 979//979 736//736
f 730//730 980//980 979//979
f 730//730 981//981 738//738
f 730//730 982//982 980//980
f 730//730 983//983 982//982
f 730//730 739//739 984//984
f 730//730 984//984 983//983
f 730//730 985//985 981//981
f 730//730 729//729 985//985
f 721//721 986//986 987//987
f 721//721 728//728 986//986
f 721//721 987//987 818//818
f 721//721 988//988 727//727
f 721//721 723//723 989//989
f 721//721 989//989 988//988
f 716//716 726//726 722//722
f 708//708 990//990 991//991
f 708//708 992//992 990//990
f 708//708 991//991 709//709
f 708//708 993//993 992//992
f 708//708 994//994 993//993
f 708//708 868//868 994//994
f 708//708 715//715 866//866
f 711//711 713//713 714//714
f 496//496 498//498 862//862
f 995//995 996//996 997//997
f 998//998 996//996 995//995
f 999//999 1000//1000 1001//1001
f 1002//1002 997//997 1000//1000
f 1002//1002 1000//1000 999//999
f 999//999 1001//1001 1003//1003
f 1003//1003 1001//1001 1004//1004
f 1005//1005 1006//1006 1007//1007
f 1007//1007 1006//1006 1008//1008
f 1007//1007 1008//1008 1009//1009
f 1005//1005 1010//1010 1006//1006
f 1011//1011 1010//1010 1005//1005
f 1011//1011 1012//1012 1010//1010
f 1013//1013 1012//1012 1011//1011
f 1013//1013 1014//1014 1012//1012
f 1015//1015 1014//1014 1013//1013
f 1015//1015 1004//1004 1014//1014
f 1003//1003 1004//1004 1015//1015
f 862//862 863//863 1016//1016
f 998//998 1017//1017 996//996
f 1016//1016 863//863 1017//1017
f 1016//1016 1017//1017 998//998
f 995//995 997//997 1002//1002
f 502//502 475//475 474//474
f 494//494 474//474 476//476
f 493//493 476//476 475//475
f 476//476 493//493 494//494
f 572//572 898//898 1018//1018
f 569//569 1019//1019 1020//1020
f 569//569 1021//1021 1022//1022
f 574//574 569//569 572//572
f 572//572 1023//1023 897//897
f 572//572 904//904 573//573
f 572//572 1024//1024 1023//1023
f 1024//1024 572//572 608//608
f 608//608 887//887 908//908
f 907//907 610//610 609//609
f 608//608 1025//1025 886//886
f 608//608 610//610 1025//1025
f 555//555 557//557 1026//1026
f 555//555 1027//1027 907//907
f 555//555 1028//1028 1027//1027
f 555//555 1026//1026 1028//1028
f 608//608 909//909 1024//1024
f 1018//1018 898//898 1029//1029
f 572//572 1018//1018 904//904
f 569//569 1022//1022 1030//1030
f 569//569 1020//1020 1021//1021
f 569//569 1030//1030 570//570
f 569//569 1031//1031 1019//1019
f 569//569 574//574 1031//1031
f 706//706 707//707 1032//1032
f 656//656 689//689 480//480
f 689//689 690//690 1033//1033
f 1034//1034 504//504 1035//1035
f 1036//1036 656//656 655//655
f 690//690 656//656 1036//1036
f 1037//1037 480//480 680//680
f 682//682 480//480 1037//1037
f 499//499 1038//1038 662//662
f 499//499 501//501 1038//1038
f 459//459 663//663 487//487
f 499//499 480//480 479//479
f 480//480 499//499 668//668
f 459//459 488//488 666//666
f 525//525 656//656 526//526
f 526//526 656//656 1039//1039
f 514//514 504//504 1040//1040
f 1039//1039 529//529 651//651
f 529//529 1039//1039 656//656
f 510//510 509//509 529//529
f 641//641 640//640 627//627
f 584//584 611//611 613//613
f 1041//1041 547//547 538//538
f 632//632 561//561 624//624
f 615//615 613//613 611//611
f 555//555 1042//1042 556//556
f 1042//1042 555//555 547//547
f 849//849 844//844 853//853
f 547//547 1043//1043 1042//1042
f 547//547 563//563 1043//1043
f 547//547 1044//1044 554//554
f 547//547 1045//1045 1044//1044
f 547//547 1046//1046 1045//1045
f 547//547 1041//1041 1046//1046
f 538//538 551//551 1041//1041
f 538//538 553//553 551//551
f 538//538 565//565 550//550
f 538//538 540//540 564//564
f 1047//1047 542//542 541//541
f 544//544 538//538 1047//1047
f 1047//1047 1048//1048 544//544
f 1047//1047 541//541 1049//1049
f 1047//1047 1050//1050 1048//1048
f 1047//1047 1049//1049 1050//1050
f 542//542 1047//1047 971//971
f 971//971 534//534 542//542
f 971//971 535//535 534//534
f 1051//1051 1052//1052 1053//1053
f 1051//1051 1054//1054 1052//1052
f 971//971 1055//1055 972//972
f 1055//1055 971//971 1051//1051
f 1051//1051 1056//1056 1055//1055
f 1051//1051 1053//1053 1056//1056
f 1051//1051 1057//1057 1054//1054
f 1051//1051 1058//1058 1057//1057
f 1051//1051 1059//1059 1058//1058
f 1059//1059 1051//1051 1060//1060
f 1060//1060 1061//1061 1059//1059
f 1060//1060 1062//1062 1063//1063
f 1060//1060 1064//1064 1061//1061
f 1060//1060 1065//1065 1064//1064
f 944//944 1066//1066 532//532
f 944//944 1067//1067 1066//1066
f 1060//1060 1063//1063 1065//1065
f 944//944 1068//1068 1062//1062
f 1062//1062 1060//1060 944//944
f 944//944 531//531 1068//1068
f 944//944 1069//1069 1067//1067
f 944//944 1070//1070 1069//1069
f 944//944 1071//1071 1070//1070
f 944//944 1072//1072 1071//1071
f 944//944 1073//1073 1072//1072
f 497//497 1074//1074 1073//1073
f 1073//1073 944//944 497//497
f 497//497 1075//1075 1074//1074
f 497//497 516//516 1075//1075
f 1040//1040 504//504 1076//1076
f 1076//1076 504//504 508//508
f 506//506 504//504 1034//1034
f 1035//1035 504//504 1077//1077
f 1077//1077 504//504 1078//1078
f 1078//1078 504//504 1079//1079
f 1079//1079 504//504 503//503
f 503//503 475//475 683//683
f 684//684 475//475 1080//1080
f 1080//1080 475//475 489//489
f 495//495 493//493 1081//1081
f 1082//1082 493//493 1083//1083
f 1081//1081 493//493 1082//1082
f 1083//1083 493//493 1084//1084
f 1084//1084 493//493 491//491
f 492//492 484//484 1085//1085
f 1086//1086 484//484 485//485
f 1085//1085 484//484 1086//1086
f 486//486 484//484 482//482
f 483//483 478//478 664//664
f 1087//1087 478//478 477//477
f 665//665 478//478 1087//1087
f 1088//1088 456//456 473//473
f 477//477 456//456 1088//1088
f 463//463 455//455 457//457
f 1089//1089 463//463 457//457
f 1089//1089 457//457 458//458
f 458//458 467//467 1089//1089
f 1089//1089 467//467 468//468
f 1089//1089 468//468 469//469
f 1089//1089 469//469 470//470
f 470//470 471//471 1089//1089
f 1089//1089 471//471 1090//1090
f 1090//1090 1091//1091 1089//1089
f 1092//1092 1090//1090 1093//1093
f 1091//1091 1090//1090 1092//1092
f 1094//1094 1089//1089 1091//1091
f 1095//1095 1096//1096 1097//1097
f 1093//1093 1090//1090 1098//1098
f 1098//1098 1090//1090 1099//1099
f 1100//1100 1101//1101 1102//1102
f 1095//1095 1103//1103 1096//1096
f 1104//1104 1105//1105 1106//1106
f 1107//1107 1089//1089 1094//1094
f 1089//1089 1108//1108 1109//1109
f 1110//1110 1111//1111 1112//1112
f 1113//1113 1109//1109 1108//1108
f 1114//1114 1115//1115 1116//1116
f 1117//1117 1118//1118 1119//1119
f 1120//1120 1110//1110 1121//1121
f 1104//1104 1122//1122 1105//1105
f 1123//1123 1124//1124 1125//1125
f 1126//1126 1112//1112 1111//1111
f 1127//1127 1128//1128 1129//1129
f 1130//1130 1131//1131 1132//1132
f 1117//1117 1133//1133 1118//1118
f 1134//1134 1135//1135 1136//1136
f 1137//1137 1138//1138 1139//1139
f 1140//1140 1129//1129 1138//1138
f 1140//1140 1138//1138 1137//1137
f 1130//1130 1141//1141 1131//1131
f 1137//1137 1139//1139 1142//1142
f 1143//1143 1144//1144 1145//1145
f 1146//1146 1147//1147 1148//1148
f 1146//1146 1149//1149 1150//1150
f 1146//1146 1143//1143 1145//1145
f 1146//1146 1150//1150 1151//1151
f 1152//1152 1145//1145 1144//1144
f 1153//1153 1154//1154 1155//1155
f 1146//1146 1151//1151 1156//1156
f 1157//1157 1158//1158 1159//1159
f 1160//1160 1157//1157 1161//1161
f 1157//1157 1162//1162 1161//1161
f 1163//1163 1164//1164 1157//1157
f 1165//1165 1155//1155 1154//1154
f 1157//1157 1160//1160 1158//1158
f 1166//1166 1165//1165 1167//1167
f 1157//1157 1159//1159 1168//1168
f 1157//1157 1168//1168 1169//1169
f 1157//1157 1169//1169 1170//1170
f 1157//1157 1170//1170 1171//1171
f 1167//1167 1165//1165 1172//1172
f 1173//1173 1174//1174 1175//1175
f 1157//1157 1171//1171 1176//1176
f 1177//1177 1114//1114 1178//1178
f 1157//1157 1176//1176 1163//1163
f 1179//1179 1114//1114 1180//1180
f 1164//1164 1181//1181 1182//1182
f 1183//1183 1184//1184 1185//1185
f 1164//1164 1163//1163 1181//1181
f 1186//1186 1187//1187 1164//1164
f 1164//1164 1182//1182 1188//1188
f 1164//1164 1188//1188 1189//1189
f 1164//1164 1189//1189 1190//1190
f 1115//1115 1114//1114 1179//1179
f 1164//1164 1190//1190 1191//1191
f 1164//1164 1191//1191 1192//1192
f 1164//1164 1192//1192 1186//1186
f 1192//1192 1191//1191 1193//1193
f 1194//1194 1187//1187 1195//1195
f 1187//1187 1196//1196 1197//1197
f 1187//1187 1197//1197 1198//1198
f 1187//1187 1186//1186 1196//1196
f 1097//1097 1096//1096 1101//1101
f 1187//1187 1199//1199 1200//1200
f 1199//1199 1187//1187 1198//1198
f 1187//1187 1200//1200 1201//1201
f 1202//1202 1187//1187 1201//1201
f 1203//1203 1204//1204 1205//1205
f 1206//1206 1154//1154 1207//1207
f 1207//1207 1154//1154 1208//1208
f 1209//1209 1205//1205 1194//1194
f 1210//1210 1205//1205 1211//1211
f 1212//1212 1116//1116 1213//1213
f 1180//1180 1114//1114 1214//1214
f 1214//1214 1114//1114 1215//1215
f 1146//1146 1156//1156 1216//1216
f 1215//1215 1114//1114 1217//1217
f 1218//1218 1219//1219 1220//1220
f 1221//1221 1124//1124 1222//1222
f 1223//1223 1154//1154 1224//1224
f 1225//1225 1226//1226 1227//1227
f 1228//1228 1229//1229 1230//1230
f 1231//1231 1116//1116 1232//1232
f 1233//1233 1234//1234 1235//1235
f 1231//1231 1232//1232 1236//1236
f 1235//1235 1234//1234 1133//1133
f 1237//1237 1238//1238 1239//1239
f 1240//1240 1241//1241 1242//1242
f 1136//1136 1243//1243 1244//1244
f 1135//1135 1134//1134 1245//1245
f 1246//1246 1247//1247 1248//1248
f 1100//1100 1102//1102 1249//1249
f 1233//1233 1250//1250 1234//1234
f 1251//1251 1250//1250 1233//1233
f 1252//1252 1253//1253 1254//1254
f 1136//1136 1255//1255 1256//1256
f 1136//1136 1256//1256 1257//1257
f 1247//1247 1246//1246 1258//1258
f 1136//1136 1257//1257 1243//1243
f 1259//1259 1260//1260 1261//1261
f 1262//1262 1263//1263 1264//1264
f 1265//1265 1266//1266 1267//1267
f 1268//1268 1269//1269 1270//1270
f 1271//1271 1272//1272 1238//1238
f 1238//1238 1237//1237 1273//1273
f 1274//1274 1230//1230 1229//1229
f 1240//1240 1275//1275 1255//1255
f 1255//1255 1136//1136 1240//1240
f 1276//1276 1248//1248 1277//1277
f 1237//1237 1278//1278 1279//1279
f 1135//1135 1245//1245 1280//1280
f 1281//1281 1282//1282 1283//1283
f 1240//1240 1284//1284 1285//1285
f 1135//1135 1286//1286 1287//1287
f 1288//1288 1248//1248 1276//1276
f 1289//1289 1135//1135 1290//1290
f 1291//1291 1292//1292 1293//1293
f 1294//1294 1295//1295 1296//1296
f 1294//1294 1287//1287 1295//1295
f 1297//1297 1298//1298 1299//1299
f 1294//1294 1300//1300 1301//1301
f 1297//1297 1302//1302 1303//1303
f 1294//1294 1304//1304 1305//1305
f 1303//1303 1306//1306 1297//1297
f 1297//1297 1307//1307 1308//1308
f 1309//1309 1310//1310 1311//1311
f 1306//1306 1312//1312 1313//1313
f 1314//1314 1315//1315 1306//1306
f 1316//1316 1317//1317 1318//1318
f 1292//1292 1319//1319 1309//1309
f 1315//1315 1320//1320 1321//1321
f 1319//1319 1292//1292 1322//1322
f 1315//1315 1323//1323 1324//1324
f 1325//1325 1326//1326 1327//1327
f 1328//1328 1329//1329 1330//1330
f 1328//1328 1330//1330 1331//1331
f 1332//1332 1326//1326 1325//1325
f 1328//1328 1333//1333 1329//1329
f 1293//1293 1292//1292 1334//1334
f 1335//1335 1336//1336 1337//1337
f 1326//1326 1337//1337 1336//1336
f 1338//1338 1326//1326 1332//1332
f 1327//1327 1326//1326 1339//1339
f 1340//1340 1341//1341 1342//1342
f 1339//1339 1326//1326 1343//1343
f 1343//1343 1326//1326 1344//1344
f 1345//1345 1346//1346 1347//1347
f 1346//1346 1348//1348 1347//1347
f 1349//1349 1346//1346 1345//1345
f 1350//1350 1346//1346 1351//1351
f 1346//1346 1350//1350 1348//1348
f 1346//1346 1352//1352 1351//1351
f 1353//1353 1354//1354 1352//1352
f 1344//1344 1326//1326 1355//1355
f 1354//1354 1353//1353 1356//1356
f 1341//1341 1357//1357 1342//1342
f 1358//1358 1359//1359 1357//1357
f 1341//1341 1340//1340 1360//1360
f 1358//1358 1361//1361 1359//1359
f 1358//1358 1362//1362 1361//1361
f 1336//1336 1363//1363 1364//1364
f 1358//1358 1357//1357 1341//1341
f 1358//1358 1365//1365 1362//1362
f 1366//1366 1367//1367 1328//1328
f 1328//1328 1368//1368 1366//1366
f 1367//1367 1366//1366 1369//1369
f 1367//1367 1370//1370 1371//1371
f 1341//1341 1360//1360 1372//1372
f 1353//1353 1373//1373 1356//1356
f 1353//1353 1374//1374 1375//1375
f 1376//1376 1346//1346 1377//1377
f 1378//1378 1355//1355 1326//1326
f 1353//1353 1375//1375 1379//1379
f 1353//1353 1379//1379 1373//1373
f 1353//1353 1380//1380 1374//1374
f 1353//1353 1372//1372 1380//1380
f 1346//1346 1376//1376 1378//1378
f 1341//1341 1372//1372 1353//1353
f 1353//1353 1352//1352 1346//1346
f 1381//1381 1378//1378 1376//1376
f 1382//1382 1378//1378 1383//1383
f 1383//1383 1378//1378 1384//1384
f 1355//1355 1378//1378 1382//1382
f 1384//1384 1378//1378 1385//1385
f 1385//1385 1378//1378 1386//1386
f 1386//1386 1378//1378 1387//1387
f 1387//1387 1378//1378 1388//1388
f 1389//1389 1346//1346 1349//1349
f 1388//1388 1378//1378 1381//1381
f 1377//1377 1346//1346 1389//1389
f 1390//1390 1364//1364 1363//1363
f 1358//1358 1391//1391 1392//1392
f 1358//1358 1393//1393 1365//1365
f 1394//1394 1336//1336 1395//1395
f 1358//1358 1396//1396 1393//1393
f 1358//1358 1397//1397 1396//1396
f 1358//1358 1392//1392 1397//1397
f 1367//1367 1398//1398 1399//1399
f 1367//1367 1399//1399 1400//1400
f 1367//1367 1401//1401 1370//1370
f 1367//1367 1402//1402 1398//1398
f 1367//1367 1369//1369 1403//1403
f 1367//1367 1403//1403 1402//1402
f 1404//1404 1405//1405 1406//1406
f 1407//1407 1405//1405 1408//1408
f 1367//1367 1400//1400 1401//1401
f 1358//1358 1371//1371 1391//1391
f 1371//1371 1358//1358 1367//1367
f 1328//1328 1409//1409 1368//1368
f 1410//1410 1405//1405 1411//1411
f 1328//1328 1412//1412 1409//1409
f 1328//1328 1331//1331 1412//1412
f 1413//1413 1336//1336 1414//1414
f 1364//1364 1415//1415 1405//1405
f 1416//1416 1364//1364 1417//1417
f 1406//1406 1405//1405 1415//1415
f 1417//1417 1364//1364 1418//1418
f 1415//1415 1364//1364 1416//1416
f 1419//1419 1364//1364 1420//1420
f 1418//1418 1364//1364 1419//1419
f 1420//1420 1364//1364 1421//1421
f 1422//1422 1364//1364 1390//1390
f 1421//1421 1364//1364 1422//1422
f 1423//1423 1405//1405 1404//1404
f 1405//1405 1334//1334 1292//1292
f 1408//1408 1405//1405 1424//1424
f 1425//1425 1405//1405 1426//1426
f 1427//1427 1309//1309 1428//1428
f 1321//1321 1328//1328 1315//1315
f 1429//1429 1292//1292 1430//1430
f 1258//1258 1246//1246 1431//1431
f 1277//1277 1248//1248 1247//1247
f 1287//1287 1294//1294 1135//1135
f 1431//1431 1246//1246 1432//1432
f 1282//1282 1433//1433 1246//1246
f 1283//1283 1434//1434 1435//1435
f 1435//1435 1434//1434 1436//1436
f 1437//1437 1317//1317 1438//1438
f 1432//1432 1246//1246 1433//1433
f 1436//1436 1434//1434 1439//1439
f 1439//1439 1434//1434 1440//1440
f 1440//1440 1434//1434 1441//1441
f 1294//1294 1442//1442 1304//1304
f 1443//1443 1309//1309 1444//1444
f 1445//1445 1292//1292 1446//1446
f 1447//1447 1309//1309 1319//1319
f 1448//1448 1317//1317 1449//1449
f 1428//1428 1309//1309 1450//1450
f 1451//1451 1317//1317 1452//1452
f 1310//1310 1309//1309 1427//1427
f 1453//1453 1311//1311 1310//1310
f 1454//1454 1317//1317 1455//1455
f 1434//1434 1283//1283 1282//1282
f 1456//1456 1282//1282 1457//1457
f 1457//1457 1282//1282 1281//1281
f 1433//1433 1282//1282 1456//1456
f 1458//1458 1434//1434 1459//1459
f 1317//1317 1448//1448 1434//1434
f 1460//1460 1434//1434 1461//1461
f 1462//1462 1434//1434 1463//1463
f 1441//1441 1434//1434 1464//1464
f 1464//1464 1434//1434 1462//1462
f 1463//1463 1434//1434 1465//1465
f 1465//1465 1434//1434 1466//1466
f 1466//1466 1434//1434 1467//1467
f 1467//1467 1434//1434 1458//1458
f 1459//1459 1434//1434 1460//1460
f 1298//1298 1297//1297 1294//1294
f 1461//1461 1434//1434 1448//1448
f 1449//1449 1317//1317 1468//1468
f 1135//1135 1469//1469 1286//1286
f 1468//1468 1317//1317 1451//1451
f 1452//1452 1317//1317 1454//1454
f 1294//1294 1305//1305 1298//1298
f 1455//1455 1317//1317 1437//1437
f 1438//1438 1317//1317 1316//1316
f 1318//1318 1317//1317 1470//1470
f 1470//1470 1311//1311 1471//1471
f 1471//1471 1311//1311 1472//1472
f 1472//1472 1311//1311 1473//1473
f 1474//1474 1311//1311 1453//1453
f 1311//1311 1470//1470 1317//1317
f 1473//1473 1311//1311 1475//1475
f 1475//1475 1311//1311 1476//1476
f 1476//1476 1311//1311 1477//1477
f 1477//1477 1311//1311 1478//1478
f 1478//1478 1311//1311 1474//1474
f 1450//1450 1309//1309 1479//1479
f 1479//1479 1309//1309 1480//1480
f 1480//1480 1309//1309 1443//1443
f 1444//1444 1309//1309 1481//1481
f 1315//1315 1482//1482 1323//1323
f 1481//1481 1309//1309 1447//1447
f 1322//1322 1292//1292 1445//1445
f 1446//1446 1292//1292 1429//1429
f 1430//1430 1292//1292 1483//1483
f 1483//1483 1292//1292 1291//1291
f 1484//1484 1485//1485 1486//1486
f 1487//1487 1488//1488 1489//1489
f 1490//1490 1488//1488 1491//1491
f 1485//1485 1492//1492 1488//1488
f 1493//1493 1488//1488 1494//1494
f 1127//1127 1129//1129 1140//1140
f 1492//1492 1485//1485 1495//1495
f 1495//1495 1485//1485 1496//1496
f 1497//1497 1488//1488 1492//1492
f 1496//1496 1485//1485 1484//1484
f 1486//1486 1485//1485 1498//1498
f 1499//1499 1165//1165 1500//1500
f 1501//1501 1488//1488 1487//1487
f 1494//1494 1488//1488 1501//1501
f 1502//1502 1488//1488 1493//1493
f 1491//1491 1488//1488 1502//1502
f 1503//1503 1488//1488 1490//1490
f 1504//1504 1505//1505 1506//1506
f 1507//1507 1505//1505 1503//1503
f 1488//1488 1503//1503 1505//1505
f 1506//1506 1505//1505 1508//1508
f 1509//1509 1510//1510 1511//1511
f 1512//1512 1505//1505 1504//1504
f 1175//1175 1513//1513 1173//1173
f 1514//1514 1505//1505 1515//1515
f 1515//1515 1505//1505 1512//1512
f 1511//1511 1510//1510 1516//1516
f 1516//1516 1505//1505 1514//1514
f 1505//1505 1516//1516 1510//1510
f 1517//1517 1510//1510 1518//1518
f 1510//1510 1519//1519 1219//1219
f 1520//1520 1510//1510 1509//1509
f 1521//1521 1510//1510 1522//1522
f 1523//1523 1510//1510 1520//1520
f 1522//1522 1510//1510 1523//1523
f 1498//1498 1524//1524 1525//1525
f 1519//1519 1510//1510 1517//1517
f 1526//1526 1165//1165 1499//1499
f 1527//1527 1154//1154 1153//1153
f 1524//1524 1154//1154 1223//1223
f 1224//1224 1154//1154 1206//1206
f 1528//1528 1165//1165 1166//1166
f 1216//1216 1157//1157 1146//1146
f 1529//1529 1165//1165 1526//1526
f 1500//1500 1165//1165 1530//1530
f 1172//1172 1165//1165 1529//1529
f 1146//1146 1152//1152 1149//1149
f 1530//1530 1204//1204 1203//1203
f 1204//1204 1530//1530 1165//1165
f 1531//1531 1205//1205 1532//1532
f 1532//1532 1205//1205 1210//1210
f 1211//1211 1205//1205 1209//1209
f 1203//1203 1205//1205 1533//1533
f 1533//1533 1205//1205 1531//1531
f 1155//1155 1165//1165 1528//1528
f 1208//1208 1154//1154 1527//1527
f 1132//1132 1534//1534 1130//1130
f 1498//1498 1485//1485 1524//1524
f 1154//1154 1524//1524 1485//1485
f 1535//1535 1219//1219 1519//1519
f 1536//1536 1219//1219 1535//1535
f 1537//1537 1219//1219 1536//1536
f 1538//1538 1219//1219 1539//1539
f 1540//1540 1228//1228 1541//1541
f 1541//1541 1228//1228 1542//1542
f 1543//1543 1228//1228 1544//1544
f 1544//1544 1228//1228 1225//1225
f 1184//1184 1183//1183 1545//1545
f 1545//1545 1546//1546 1184//1184
f 1229//1229 1228//1228 1540//1540
f 1547//1547 1230//1230 1274//1274
f 1548//1548 1230//1230 1547//1547
f 1549//1549 1230//1230 1548//1548
f 1550//1550 1230//1230 1549//1549
f 1551//1551 1230//1230 1550//1550
f 1552//1552 1230//1230 1551//1551
f 1553//1553 1230//1230 1552//1552
f 1554//1554 1230//1230 1553//1553
f 1555//1555 1554//1554 1556//1556
f 1557//1557 1263//1263 1262//1262
f 1558//1558 1266//1266 1559//1559
f 1560//1560 1266//1266 1561//1561
f 1562//1562 1563//1563 1564//1564
f 1230//1230 1554//1554 1563//1563
f 1555//1555 1563//1563 1554//1554
f 1565//1565 1263//1263 1557//1557
f 1561//1561 1266//1266 1566//1566
f 1567//1567 1563//1563 1568//1568
f 1566//1566 1565//1565 1569//1569
f 1570//1570 1571//1571 1572//1572
f 1264//1264 1263//1263 1573//1573
f 1574//1574 1263//1263 1575//1575
f 1575//1575 1263//1263 1567//1567
f 1573//1573 1263//1263 1574//1574
f 1576//1576 1577//1577 1578//1578
f 1579//1579 1563//1563 1562//1562
f 1563//1563 1567//1567 1263//1263
f 1576//1576 1580//1580 1581//1581
f 1576//1576 1578//1578 1580//1580
f 1582//1582 1563//1563 1579//1579
f 1583//1583 1563//1563 1582//1582
f 1568//1568 1563//1563 1583//1583
f 1266//1266 1265//1265 1584//1584
f 1585//1585 1266//1266 1560//1560
f 1559//1559 1266//1266 1585//1585
f 1571//1571 1586//1586 1587//1587
f 1588//1588 1584//1584 1589//1589
f 1590//1590 1266//1266 1558//1558
f 1591//1591 1584//1584 1265//1265
f 1592//1592 1584//1584 1591//1591
f 1593//1593 1592//1592 1594//1594
f 1267//1267 1266//1266 1590//1590
f 1595//1595 1584//1584 1596//1596
f 1597//1597 1584//1584 1598//1598
f 1593//1593 1584//1584 1592//1592
f 1598//1598 1584//1584 1593//1593
f 1599//1599 1584//1584 1597//1597
f 1589//1589 1584//1584 1600//1600
f 1601//1601 1602//1602 1603//1603
f 1600//1600 1584//1584 1599//1599
f 1603//1603 1604//1604 1601//1601
f 1605//1605 1584//1584 1588//1588
f 1606//1606 1607//1607 1608//1608
f 1596//1596 1584//1584 1605//1605
f 1609//1609 1607//1607 1595//1595
f 1584//1584 1595//1595 1607//1607
f 1610//1610 1611//1611 1612//1612
f 1613//1613 1611//1611 1610//1610
f 1612//1612 1607//1607 1606//1606
f 1611//1611 1614//1614 1615//1615
f 1607//1607 1612//1612 1611//1611
f 1269//1269 1271//1271 1616//1616
f 1617//1617 1615//1615 1618//1618
f 1619//1619 1615//1615 1617//1617
f 1620//1620 1128//1128 1127//1127
f 1614//1614 1611//1611 1621//1621
f 1622//1622 1615//1615 1619//1619
f 1618//1618 1614//1614 1623//1623
f 1624//1624 1572//1572 1602//1602
f 1602//1602 1625//1625 1626//1626
f 1616//1616 1615//1615 1622//1622
f 1618//1618 1615//1615 1614//1614
f 1627//1627 1628//1628 1629//1629
f 1603//1603 1628//1628 1627//1627
f 1269//1269 1616//1616 1630//1630
f 1268//1268 1271//1271 1269//1269
f 1629//1629 1628//1628 1631//1631
f 1572//1572 1632//1632 1633//1633
f 1572//1572 1624//1624 1632//1632
f 1634//1634 1271//1271 1635//1635
f 1615//1615 1616//1616 1271//1271
f 1635//1635 1271//1271 1636//1636
f 1637//1637 1112//1112 1126//1126
f 1636//1636 1271//1271 1638//1638
f 1639//1639 1271//1271 1268//1268
f 1111//1111 1110//1110 1640//1640
f 1641//1641 1642//1642 1643//1643
f 1644//1644 1271//1271 1634//1634
f 1641//1641 1643//1643 1251//1251
f 1251//1251 1643//1643 1250//1250
f 1254//1254 1253//1253 1642//1642
f 1254//1254 1642//1642 1641//1641
f 1645//1645 1238//1238 1272//1272
f 1646//1646 1238//1238 1645//1645
f 1272//1272 1271//1271 1644//1644
f 1647//1647 1238//1238 1646//1646
f 1239//1239 1238//1238 1647//1647
f 1237//1237 1279//1279 1648//1648
f 1237//1237 1239//1239 1649//1649
f 1650//1650 1089//1089 1107//1107
f 1237//1237 1651//1651 1652//1652
f 1653//1653 1654//1654 1655//1655
f 1237//1237 1656//1656 1278//1278
f 1657//1657 1658//1658 1659//1659
f 1237//1237 1660//1660 1651//1651
f 1240//1240 1661//1661 1284//1284
f 1662//1662 1657//1657 1237//1237
f 1663//1663 1664//1664 1665//1665
f 1240//1240 1242//1242 1661//1661
f 1241//1241 1240//1240 1657//1657
f 1666//1666 1109//1109 1667//1667
f 1108//1108 1089//1089 1650//1650
f 1657//1657 1668//1668 1241//1241
f 1240//1240 1669//1669 1275//1275
f 1240//1240 1285//1285 1669//1669
f 1657//1657 1670//1670 1668//1668
f 1657//1657 1659//1659 1670//1670
f 1657//1657 1671//1671 1658//1658
f 1657//1657 1662//1662 1671//1671
f 1672//1672 1673//1673 1674//1674
f 1237//1237 1675//1675 1662//1662
f 1237//1237 1676//1676 1675//1675
f 1237//1237 1652//1652 1676//1676
f 1237//1237 1677//1677 1660//1660
f 1237//1237 1648//1648 1677//1677
f 1237//1237 1678//1678 1656//1656
f 1237//1237 1649//1649 1678//1678
f 1679//1679 1680//1680 1681//1681
f 1621//1621 1611//1611 1682//1682
f 1682//1682 1611//1611 1613//1613
f 1682//1682 1613//1613 1683//1683
f 1608//1608 1607//1607 1684//1684
f 1684//1684 1607//1607 1685//1685
f 1685//1685 1607//1607 1609//1609
f 1294//1294 1686//1686 1687//1687
f 1294//1294 1688//1688 1686//1686
f 1294//1294 1687//1687 1442//1442
f 1294//1294 1689//1689 1688//1688
f 1294//1294 1301//1301 1689//1689
f 1294//1294 1296//1296 1690//1690
f 1294//1294 1691//1691 1300//1300
f 1294//1294 1690//1690 1691//1691
f 1561//1561 1566//1566 1692//1692
f 1566//1566 1266//1266 1565//1565
f 1263//1263 1565//1565 1266//1266
f 1693//1693 1563//1563 1555//1555
f 1564//1564 1563//1563 1693//1693
f 1225//1225 1228//1228 1226//1226
f 1542//1542 1228//1228 1543//1543
f 1694//1694 1219//1219 1537//1537
f 1539//1539 1219//1219 1694//1694
f 1695//1695 1545//1545 1576//1576
f 1696//1696 1116//1116 1212//1212
f 1232//1232 1116//1116 1696//1696
f 1116//1116 1231//1231 1228//1228
f 1226//1226 1228//1228 1231//1231
f 1220//1220 1219//1219 1538//1538
f 1130//1130 1697//1697 1141//1141
f 1518//1518 1510//1510 1521//1521
f 1508//1508 1505//1505 1507//1507
f 1489//1489 1488//1488 1497//1497
f 1130//1130 1698//1698 1697//1697
f 1130//1130 1699//1699 1698//1698
f 1700//1700 1701//1701 1699//1699
f 1513//1513 1702//1702 1703//1703
f 1699//1699 1130//1130 1700//1700
f 1513//1513 1175//1175 1702//1702
f 1173//1173 1704//1704 1174//1174
f 1703//1703 1702//1702 1705//1705
f 1706//1706 1700//1700 1513//1513
f 1259//1259 1261//1261 1707//1707
f 1173//1173 1708//1708 1709//1709
f 1173//1173 1710//1710 1708//1708
f 1711//1711 1109//1109 1113//1113
f 1109//1109 1666//1666 1664//1664
f 1712//1712 1109//1109 1711//1711
f 1713//1713 1664//1664 1666//1666
f 1714//1714 1673//1673 1715//1715
f 1664//1664 1663//1663 1673//1673
f 1673//1673 1714//1714 1716//1716
f 1717//1717 1716//1716 1718//1718
f 1654//1654 1653//1653 1680//1680
f 1716//1716 1717//1717 1654//1654
f 1680//1680 1679//1679 1124//1124
f 1125//1125 1124//1124 1221//1221
f 1719//1719 1720//1720 1259//1259
f 1710//1710 1173//1173 1720//1720
f 1721//1721 1680//1680 1653//1653
f 1222//1222 1124//1124 1722//1722
f 1259//1259 1723//1723 1719//1719
f 1259//1259 1724//1724 1260//1260
f 1576//1576 1581//1581 1695//1695
f 1720//1720 1725//1725 1726//1726
f 1727//1727 1185//1185 1728//1728
f 1183//1183 1185//1185 1727//1727
f 1724//1724 1259//1259 1183//1183
f 1729//1729 1730//1730 1731//1731
f 1730//1730 1729//1729 1571//1571
f 1545//1545 1732//1732 1733//1733
f 1571//1571 1734//1734 1735//1735
f 1571//1571 1735//1735 1730//1730
f 1577//1577 1576//1576 1729//1729
f 1571//1571 1587//1587 1734//1734
f 1572//1572 1736//1736 1570//1570
f 1571//1571 1570//1570 1737//1737
f 1572//1572 1738//1738 1736//1736
f 1572//1572 1739//1739 1738//1738
f 1572//1572 1633//1633 1739//1739
f 1740//1740 1112//1112 1637//1637
f 1112//1112 1741//1741 1628//1628
f 1742//1742 1601//1601 1743//1743
f 1602//1602 1744//1744 1624//1624
f 1745//1745 1603//1603 1746//1746
f 1745//1745 1746//1746 1620//1620
f 1628//1628 1603//1603 1745//1745
f 1620//1620 1746//1746 1128//1128
f 1602//1602 1626//1626 1747//1747
f 1602//1602 1748//1748 1625//1625
f 1602//1602 1742//1742 1748//1748
f 1602//1602 1601//1601 1742//1742
f 1602//1602 1747//1747 1744//1744
f 1604//1604 1627//1627 1749//1749
f 1603//1603 1627//1627 1604//1604
f 1631//1631 1628//1628 1750//1750
f 1751//1751 1628//1628 1752//1752
f 1753//1753 1628//1628 1754//1754
f 1750//1750 1628//1628 1753//1753
f 1754//1754 1628//1628 1751//1751
f 1752//1752 1628//1628 1741//1741
f 1741//1741 1112//1112 1755//1755
f 1756//1756 1112//1112 1740//1740
f 1755//1755 1112//1112 1756//1756
f 1571//1571 1737//1737 1586//1586
f 1729//1729 1757//1757 1758//1758
f 1729//1729 1731//1731 1757//1757
f 1729//1729 1758//1758 1577//1577
f 1545//1545 1695//1695 1732//1732
f 1545//1545 1733//1733 1759//1759
f 1545//1545 1759//1759 1760//1760
f 1545//1545 1760//1760 1546//1546
f 1259//1259 1707//1707 1723//1723
f 1183//1183 1727//1727 1724//1724
f 1217//1217 1114//1114 1177//1177
f 1720//1720 1719//1719 1725//1725
f 1173//1173 1761//1761 1704//1704
f 1173//1173 1709//1709 1761//1761
f 1720//1720 1726//1726 1710//1710
f 1722//1722 1124//1124 1679//1679
f 1681//1681 1680//1680 1721//1721
f 1655//1655 1654//1654 1762//1762
f 1763//1763 1654//1654 1764//1764
f 1762//1762 1654//1654 1763//1763
f 1764//1764 1654//1654 1765//1765
f 1765//1765 1654//1654 1717//1717
f 1718//1718 1716//1716 1766//1766
f 1767//1767 1716//1716 1768//1768
f 1766//1766 1716//1716 1767//1767
f 1768//1768 1716//1716 1714//1714
f 1715//1715 1673//1673 1672//1672
f 1674//1674 1673//1673 1663//1663
f 1665//1665 1664//1664 1769//1769
f 1769//1769 1664//1664 1713//1713
f 1667//1667 1109//1109 1712//1712
f 1700//1700 1770//1770 1701//1701
f 1513//1513 1771//1771 1706//1706
f 1513//1513 1703//1703 1771//1771
f 1248//1248 1772//1772 1090//1090
f 1700//1700 1706//1706 1770//1770
f 1099//1099 1090//1090 1772//1772
f 1772//1772 1248//1248 1288//1288
f 1334//1334 1405//1405 1410//1410
f 1411//1411 1405//1405 1425//1425
f 1426//1426 1405//1405 1407//1407
f 1424//1424 1405//1405 1423//1423
f 1363//1363 1336//1336 1394//1394
f 1395//1395 1336//1336 1413//1413
f 1337//1337 1326//1326 1338//1338
f 1414//1414 1336//1336 1773//1773
f 1328//1328 1321//1321 1333//1333
f 1774//1774 1336//1336 1775//1775
f 1773//1773 1336//1336 1774//1774
f 1775//1775 1336//1336 1335//1335
f 1315//1315 1776//1776 1320//1320
f 1315//1315 1324//1324 1777//1777
f 1315//1315 1777//1777 1776//1776
f 1315//1315 1314//1314 1778//1778
f 1315//1315 1778//1778 1482//1482
f 1306//1306 1779//1779 1314//1314
f 1306//1306 1780//1780 1779//1779
f 1306//1306 1781//1781 1312//1312
f 1306//1306 1313//1313 1782//1782
f 1306//1306 1782//1782 1783//1783
f 1306//1306 1783//1783 1784//1784
f 1306//1306 1784//1784 1780//1780
f 1306//1306 1785//1785 1781//1781
f 1306//1306 1786//1786 1785//1785
f 1306//1306 1303//1303 1786//1786
f 1297//1297 1787//1787 1302//1302
f 1297//1297 1788//1788 1787//1787
f 1788//1788 1297//1297 1789//1789
f 1297//1297 1790//1790 1789//1789
f 1297//1297 1308//1308 1790//1790
f 1297//1297 1791//1791 1307//1307
f 1297//1297 1792//1792 1791//1791
f 1297//1297 1793//1793 1792//1792
f 1297//1297 1299//1299 1793//1793
f 1135//1135 1794//1794 1469//1469
f 1135//1135 1289//1289 1795//1795
f 1135//1135 1795//1795 1794//1794
f 1135//1135 1796//1796 1290//1290
f 1135//1135 1797//1797 1796//1796
f 1135//1135 1798//1798 1797//1797
f 1135//1135 1280//1280 1798//1798
f 1136//1136 1244//1244 1134//1134
f 1252//1252 1273//1273 1253//1253
f 1238//1238 1273//1273 1252//1252
f 1097//1097 1101//1101 1100//1100
f 1106//1106 1105//1105 1103//1103
f 1106//1106 1103//1103 1095//1095
f 1119//1119 1118//1118 1122//1122
f 1235//1235 1133//1133 1117//1117
f 1119//1119 1122//1122 1104//1104
f 1213//1213 1116//1116 1115//1115
f 1217//1217 1177//1177 1799//1799
f 1219//1219 1218//1218 1114//1114
f 1178//1178 1114//1114 1218//1218
f 1194//1194 1205//1205 1187//1187
f 1195//1195 1187//1187 1202//1202
f 1157//1157 1216//1216 1162//1162
f 1146//1146 1145//1145 1152//1152
f 1146//1146 1800//1800 1143//1143
f 1146//1146 1801//1801 1147//1147
f 1801//1801 1146//1146 1534//1534
f 1534//1534 1802//1802 1801//1801
f 1534//1534 1803//1803 1802//1802
f 1534//1534 1132//1132 1803//1803
f 1804//1804 1110//1110 1120//1120
f 1640//1640 1110//1110 1805//1805
f 1805//1805 1110//1110 1804//1804
f 1121//1121 1124//1124 1123//1123
f 1124//1124 1121//1121 1110//1110
f 1806//1806 1146//1146 1148//1148
f 1800//1800 1146//1146 1806//1806
f 1807//1807 1271//1271 1639//1639
f 1638//1638 1271//1271 1807//1807
f 1808//1808 1091//1091 1092//1092
f 1808//1808 1092//1092 1093//1093
f 1093//1093 1098//1098 1808//1808
f 1098//1098 1099//1099 1808//1808
f 1808//1808 1099//1099 1809//1809
f 1809//1809 1810//1810 1811//1811
f 1812//1812 1813//1813 1814//1814
f 1815//1815 1816//1816 1817//1817
f 1808//1808 1811//1811 1816//1816
f 1808//1808 1816//1816 1815//1815
f 1818//1818 1819//1819 1820//1820
f 1821//1821 1822//1822 1823//1823
f 1824//1824 1825//1825 1826//1826
f 1827//1827 1820//1820 1825//1825
f 1827//1827 1825//1825 1824//1824
f 1828//1828 1829//1829 1830//1830
f 1831//1831 1832//1832 1833//1833
f 1834//1834 1835//1835 1836//1836
f 1837//1837 1838//1838 1839//1839
f 1835//1835 1834//1834 1840//1840
f 1837//1837 1841//1841 1835//1835
f 1842//1842 1843//1843 1844//1844
f 1845//1845 1846//1846 1847//1847
f 1812//1812 1814//1814 1848//1848
f 1848//1848 1814//1814 1849//1849
f 1829//1829 1828//1828 1850//1850
f 1851//1851 1852//1852 1853//1853
f 1852//1852 1851//1851 1854//1854
f 1855//1855 1856//1856 1857//1857
f 1858//1858 1859//1859 1860//1860
f 1851//1851 1861//1861 1859//1859
f 1862//1862 1863//1863 1864//1864
f 1865//1865 1866//1866 1867//1867
f 1868//1868 1869//1869 1858//1858
f 1870//1870 1866//1866 1865//1865
f 1871//1871 1856//1856 1855//1855
f 1872//1872 1873//1873 1874//1874
f 1863//1863 1875//1875 1866//1866
f 1876//1876 1866//1866 1877//1877
f 1878//1878 1879//1879 1880//1880
f 1881//1881 1863//1863 1873//1873
f 1881//1881 1873//1873 1872//1872
f 1882//1882 1883//1883 1884//1884
f 1884//1884 1883//1883 1885//1885
f 1886//1886 1883//1883 1882//1882
f 1887//1887 1888//1888 1889//1889
f 1887//1887 1890//1890 1891//1891
f 1891//1891 1883//1883 1887//1887
f 1892//1892 1873//1873 1893//1893
f 1878//1878 1880//1880 1894//1894
f 1888//1888 1887//1887 1878//1878
f 1878//1878 1895//1895 1879//1879
f 1896//1896 1863//1863 1897//1897
f 1869//1869 1898//1898 1899//1899
f 1900//1900 1901//1901 1871//1871
f 1875//1875 1863//1863 1862//1862
f 1858//1858 1902//1902 1903//1903
f 1864//1864 1863//1863 1904//1904
f 1858//1858 1905//1905 1906//1906
f 1858//1858 1906//1906 1902//1902
f 1858//1858 1860//1860 1905//1905
f 1858//1858 1903//1903 1907//1907
f 1858//1858 1907//1907 1908//1908
f 1858//1858 1908//1908 1868//1868
f 1909//1909 1856//1856 1910//1910
f 1869//1869 1868//1868 1911//1911
f 1869//1869 1912//1912 1898//1898
f 1869//1869 1911//1911 1912//1912
f 1869//1869 1899//1899 1913//1913
f 1913//1913 1878//1878 1869//1869
f 1878//1878 1913//1913 1914//1914
f 1878//1878 1914//1914 1915//1915
f 1878//1878 1915//1915 1895//1895
f 1887//1887 1916//1916 1890//1890
f 1887//1887 1917//1917 1916//1916
f 1887//1887 1889//1889 1917//1917
f 1878//1878 1894//1894 1888//1888
f 1885//1885 1883//1883 1891//1891
f 1874//1874 1873//1873 1892//1892
f 1893//1893 1873//1873 1918//1918
f 1886//1886 1873//1873 1883//1883
f 1918//1918 1873//1873 1886//1886
f 1919//1919 1863//1863 1881//1881
f 1897//1897 1863//1863 1920//1920
f 1920//1920 1863//1863 1919//1919
f 1904//1904 1863//1863 1896//1896
f 1877//1877 1866//1866 1875//1875
f 1921//1921 1866//1866 1876//1876
f 1867//1867 1866//1866 1922//1922
f 1922//1922 1866//1866 1921//1921
f 1857//1857 1856//1856 1909//1909
f 1851//1851 1923//1923 1924//1924
f 1856//1856 1871//1871 1901//1901
f 1925//1925 1901//1901 1926//1926
f 1926//1926 1901//1901 1927//1927
f 1927//1927 1901//1901 1928//1928
f 1929//1929 1930//1930 1931//1931
f 1932//1932 1901//1901 1900//1900
f 1928//1928 1901//1901 1933//1933
f 1934//1934 1901//1901 1932//1932
f 1933//1933 1901//1901 1934//1934
f 1935//1935 1846//1846 1936//1936
f 1937//1937 1938//1938 1939//1939
f 1846//1846 1931//1931 1930//1930
f 1940//1940 1941//1941 1942//1942
f 1943//1943 1938//1938 1937//1937
f 1836//1836 1944//1944 1945//1945
f 1946//1946 1938//1938 1947//1947
f 1948//1948 1949//1949 1950//1950
f 1950//1950 1949//1949 1951//1951
f 1949//1949 1952//1952 1938//1938
f 1953//1953 1954//1954 1955//1955
f 1956//1956 1957//1957 1958//1958
f 1959//1959 1957//1957 1956//1956
f 1957//1957 1960//1960 1949//1949
f 1961//1961 1962//1962 1941//1941
f 1941//1941 1963//1963 1957//1957
f 1964//1964 1961//1961 1965//1965
f 1966//1966 1967//1967 1968//1968
f 1969//1969 1961//1961 1964//1964
f 1967//1967 1970//1970 1961//1961
f 1971//1971 1930//1930 1929//1929
f 1972//1972 1930//1930 1973//1973
f 1930//1930 1974//1974 1967//1967
f 1975//1975 1930//1930 1971//1971
f 1854//1854 1976//1976 1977//1977
f 1854//1854 1977//1977 1978//1978
f 1973//1973 1930//1930 1979//1979
f 1980//1980 1930//1930 1975//1975
f 1979//1979 1930//1930 1980//1980
f 1974//1974 1930//1930 1972//1972
f 1981//1981 1967//1967 1974//1974
f 1968//1968 1967//1967 1982//1982
f 1983//1983 1967//1967 1981//1981
f 1953//1953 1984//1984 1985//1985
f 1982//1982 1967//1967 1983//1983
f 1970//1970 1967//1967 1966//1966
f 1986//1986 1961//1961 1970//1970
f 1965//1965 1961//1961 1987//1987
f 1988//1988 1961//1961 1986//1986
f 1987//1987 1961//1961 1988//1988
f 1989//1989 1990//1990 1991//1991
f 1962//1962 1961//1961 1969//1969
f 1992//1992 1941//1941 1962//1962
f 1993//1993 1941//1941 1992//1992
f 1942//1942 1941//1941 1994//1994
f 1995//1995 1941//1941 1993//1993
f 1996//1996 1997//1997 1998//1998
f 1994//1994 1941//1941 1995//1995
f 1996//1996 1999//1999 1997//1997
f 1963//1963 1941//1941 1940//1940
f 2000//2000 1957//1957 1963//1963
f 2001//2001 1957//1957 2000//2000
f 1958//1958 1957//1957 2002//2002
f 2003//2003 1957//1957 2001//2001
f 2002//2002 1957//1957 2003//2003
f 1960//1960 1957//1957 1959//1959
f 2004//2004 1949//1949 1960//1960
f 2005//2005 1949//1949 2004//2004
f 2006//2006 1949//1949 2005//2005
f 2007//2007 1949//1949 2006//2006
f 1951//1951 1949//1949 2008//2008
f 2009//2009 1949//1949 2007//2007
f 2008//2008 1949//1949 2009//2009
f 1813//1813 2010//2010 2011//2011
f 1952//1952 1949//1949 1948//1948
f 1939//1939 1938//1938 2012//2012
f 2013//2013 1938//1938 1952//1952
f 2012//2012 1938//1938 2013//2013
f 2014//2014 1938//1938 1943//1943
f 1947//1947 1938//1938 2015//2015
f 2016//2016 1938//1938 2014//2014
f 2017//2017 2018//2018 2019//2019
f 2015//2015 1938//1938 2016//2016
f 2020//2020 2021//2021 2022//2022
f 2023//2023 2024//2024 2025//2025
f 2026//2026 2027//2027 2028//2028
f 2026//2026 2029//2029 2027//2027
f 2030//2030 2023//2023 2031//2031
f 2024//2024 2030//2030 2032//2032
f 2033//2033 2032//2032 2034//2034
f 2035//2035 2036//2036 2037//2037
f 1836//1836 2038//2038 1944//1944
f 1837//1837 2039//2039 1838//1838
f 1821//1821 1823//1823 2040//2040
f 1835//1835 1840//1840 2041//2041
f 1841//1841 2042//2042 1822//1822
f 2043//2043 2044//2044 2045//2045
f 1821//1821 2046//2046 2047//2047
f 1821//1821 2048//2048 2046//2046
f 2043//2043 2049//2049 2050//2050
f 2051//2051 2052//2052 2053//2053
f 2043//2043 2050//2050 2054//2054
f 2055//2055 2056//2056 2057//2057
f 2055//2055 2058//2058 2056//2056
f 2054//2054 2059//2059 2060//2060
f 2061//2061 2062//2062 2051//2051
f 2063//2063 2064//2064 2065//2065
f 2055//2055 2057//2057 2066//2066
f 2067//2067 2068//2068 2069//2069
f 2070//2070 2071//2071 2072//2072
f 2063//2063 2065//2065 2073//2073
f 2051//2051 2062//2062 2052//2052
f 2029//2029 2021//2021 2074//2074
f 2072//2072 2075//2075 2062//2062
f 2075//2075 2072//2072 2076//2076
f 2054//2054 2050//2050 2077//2077
f 2076//2076 2072//2072 2078//2078
f 2078//2078 2072//2072 2079//2079
f 2060//2060 2059//2059 2080//2080
f 2081//2081 2072//2072 2071//2071
f 2054//2054 2077//2077 2082//2082
f 2083//2083 2084//2084 2085//2085
f 2086//2086 2072//2072 2081//2081
f 2079//2079 2072//2072 2086//2086
f 2087//2087 2070//2070 2088//2088
f 2089//2089 2070//2070 2087//2087
f 2090//2090 2070//2070 2089//2089
f 2091//2091 2070//2070 2092//2092
f 2071//2071 2070//2070 2091//2091
f 2092//2092 2070//2070 2090//2090
f 2055//2055 2093//2093 2094//2094
f 2088//2088 2070//2070 2095//2095
f 2088//2088 2095//2095 2096//2096
f 2095//2095 2084//2084 2097//2097
f 2084//2084 2095//2095 2070//2070
f 2069//2069 2098//2098 2099//2099
f 2069//2069 2068//2068 2098//2098
f 2097//2097 2084//2084 2100//2100
f 2063//2063 2101//2101 2064//2064
f 2063//2063 2102//2102 2101//2101
f 2103//2103 2084//2084 2083//2083
f 2055//2055 2102//2102 2063//2063
f 2104//2104 2067//2067 2069//2069
f 2105//2105 2106//2106 2068//2068
f 2085//2085 2067//2067 2107//2107
f 2063//2063 2108//2108 2068//2068
f 2067//2067 2085//2085 2084//2084
f 2109//2109 2067//2067 2104//2104
f 2063//2063 2110//2110 2108//2108
f 2107//2107 2067//2067 2109//2109
f 2100//2100 2084//2084 2111//2111
f 2111//2111 2084//2084 2103//2103
f 2052//2052 2062//2062 2112//2112
f 2113//2113 2062//2062 2075//2075
f 2112//2112 2062//2062 2113//2113
f 1821//1821 2114//2114 2048//2048
f 1821//1821 2040//2040 2114//2114
f 2115//2115 2116//2116 2117//2117
f 1821//1821 2047//2047 2118//2118
f 2119//2119 2120//2120 2121//2121
f 2122//2122 2123//2123 2119//2119
f 2124//2124 2125//2125 2126//2126
f 2125//2125 2127//2127 2128//2128
f 2129//2129 2130//2130 2131//2131
f 2132//2132 2121//2121 2133//2133
f 1841//1841 2134//2134 2042//2042
f 2120//2120 2119//2119 2135//2135
f 2136//2136 2124//2124 2137//2137
f 2138//2138 2122//2122 2139//2139
f 2139//2139 2140//2140 2141//2141
f 2123//2123 2122//2122 2142//2142
f 2140//2140 2143//2143 2136//2136
f 2144//2144 2117//2117 2116//2116
f 2145//2145 2125//2125 2143//2143
f 2124//2124 2143//2143 2125//2125
f 2022//2022 2021//2021 2146//2146
f 2074//2074 2021//2021 2147//2147
f 1828//1828 2148//2148 2149//2149
f 2024//2024 2150//2150 2018//2018
f 2151//2151 2146//2146 2021//2021
f 2146//2146 2151//2151 2152//2152
f 2121//2121 2153//2153 2151//2151
f 2154//2154 2121//2121 2132//2132
f 2132//2132 2155//2155 2156//2156
f 2157//2157 2119//2119 2129//2129
f 2158//2158 2119//2119 2157//2157
f 2130//2130 2119//2119 2123//2123
f 2129//2129 2119//2119 2130//2130
f 1945//1945 1944//1944 2159//2159
f 2129//2129 2131//2131 2160//2160
f 2135//2135 2119//2119 2158//2158
f 1836//1836 2161//2161 2162//2162
f 2123//2123 2142//2142 2163//2163
f 2142//2142 2122//2122 2164//2164
f 2165//2165 2122//2122 2166//2166
f 2164//2164 2122//2122 2165//2165
f 1836//1836 1945//1945 2161//2161
f 2166//2166 2122//2122 2138//2138
f 1836//1836 2167//2167 2168//2168
f 2135//2135 2158//2158 2169//2169
f 2170//2170 2121//2121 2120//2120
f 2133//2133 2121//2121 2170//2170
f 2132//2132 2133//2133 2155//2155
f 2024//2024 2033//2033 2167//2167
f 2153//2153 2121//2121 2171//2171
f 2171//2171 2121//2121 2154//2154
f 2035//2035 2037//2037 2172//2172
f 2017//2017 2025//2025 2024//2024
f 2152//2152 2151//2151 2035//2035
f 2036//2036 2151//2151 2153//2153
f 2035//2035 2151//2151 2036//2036
f 2173//2173 2146//2146 2174//2174
f 2152//2152 2174//2174 2146//2146
f 2147//2147 2021//2021 2020//2020
f 2020//2020 2022//2022 2175//2175
f 2176//2176 2177//2177 2178//2178
f 1842//1842 1844//1844 2179//2179
f 2179//2179 2180//2180 2181//2181
f 2181//2181 2182//2182 2183//2183
f 2183//2183 2184//2184 2185//2185
f 2179//2179 1844//1844 2180//2180
f 2185//2185 2186//2186 2187//2187
f 2181//2181 2180//2180 2182//2182
f 2187//2187 2188//2188 2189//2189
f 2190//2190 2191//2191 2192//2192
f 2190//2190 2192//2192 2193//2193
f 2183//2183 2182//2182 2184//2184
f 2189//2189 2188//2188 2191//2191
f 2187//2187 2186//2186 2188//2188
f 2189//2189 2191//2191 2190//2190
f 1833//1833 1832//1832 1843//1843
f 2185//2185 2184//2184 2186//2186
f 1833//1833 1843//1843 1842//1842
f 2194//2194 2195//2195 2196//2196
f 2196//2196 2195//2195 2197//2197
f 1830//1830 1829//1829 2198//2198
f 2199//2199 2195//2195 2200//2200
f 2201//2201 2195//2195 2202//2202
f 2197//2197 2195//2195 2201//2201
f 2200//2200 2195//2195 2203//2203
f 2203//2203 2195//2195 2204//2204
f 2205//2205 2177//2177 2206//2206
f 2206//2206 2177//2177 2207//2207
f 2176//2176 2178//2178 2208//2208
f 2207//2207 2177//2177 2176//2176
f 2204//2204 2177//2177 2209//2209
f 2209//2209 2177//2177 2205//2205
f 2177//2177 2204//2204 2195//2195
f 2200//2200 2203//2203 2210//2210
f 2211//2211 2195//2195 2199//2199
f 2202//2202 2195//2195 2211//2211
f 1931//1931 1846//1846 1935//1935
f 2212//2212 2213//2213 2214//2214
f 1854//1854 2215//2215 2216//2216
f 1854//1854 1978//1978 1852//1852
f 1854//1854 2217//2217 1976//1976
f 1854//1854 2216//2216 2217//2217
f 2215//2215 1854//1854 2212//2212
f 2212//2212 2218//2218 2215//2215
f 2212//2212 2214//2214 2219//2219
f 2212//2212 2219//2219 2218//2218
f 2212//2212 2220//2220 2213//2213
f 1953//1953 2221//2221 2220//2220
f 2220//2220 2212//2212 1953//1953
f 1953//1953 2222//2222 2221//2221
f 1953//1953 2223//2223 2222//2222
f 1953//1953 2224//2224 2223//2223
f 2225//2225 1953//1953 1989//1989
f 1953//1953 1955//1955 2224//2224
f 1953//1953 1985//1985 1954//1954
f 1953//1953 2225//2225 1984//1984
f 1989//1989 2226//2226 2225//2225
f 1989//1989 1991//1991 2227//2227
f 1989//1989 2227//2227 2226//2226
f 1989//1989 2228//2228 1990//1990
f 1989//1989 2229//2229 2228//2228
f 2230//2230 1989//1989 1996//1996
f 1989//1989 2230//2230 2229//2229
f 1996//1996 2231//2231 2230//2230
f 1996//1996 1998//1998 2232//2232
f 1996//1996 2232//2232 2231//2231
f 1996//1996 2233//2233 1999//1999
f 2195//2195 2194//2194 1812//1812
f 1996//1996 2234//2234 2233//2233
f 1996//1996 2235//2235 2236//2236
f 2237//2237 1996//1996 1813//1813
f 1996//1996 2236//2236 2234//2234
f 1996//1996 2237//2237 2235//2235
f 1813//1813 2238//2238 2237//2237
f 1813//1813 2239//2239 2010//2010
f 1813//1813 2240//2240 2238//2238
f 1813//1813 2011//2011 2240//2240
f 1813//1813 2241//2241 2239//2239
f 2242//2242 1812//1812 2243//2243
f 1813//1813 2242//2242 2241//2241
f 2243//2243 1812//1812 2194//2194
f 1813//1813 1812//1812 2242//2242
f 2244//2244 2178//2178 2177//2177
f 2178//2178 2244//2244 2245//2245
f 2139//2139 2143//2143 2140//2140
f 2245//2245 2244//2244 2246//2246
f 1828//1828 2247//2247 2148//2148
f 2021//2021 2029//2029 2244//2244
f 2246//2246 2244//2244 2248//2248
f 2026//2026 2244//2244 2029//2029
f 2248//2248 2244//2244 2026//2026
f 2143//2143 2139//2139 2122//2122
f 2125//2125 2145//2145 2127//2127
f 2127//2127 2145//2145 2249//2249
f 2116//2116 2115//2115 2145//2145
f 2062//2062 2061//2061 2116//2116
f 2136//2136 2143//2143 2124//2124
f 2144//2144 2116//2116 2250//2250
f 2249//2249 2145//2145 2251//2251
f 1841//1841 1822//1822 1821//1821
f 2251//2251 2145//2145 2252//2252
f 2252//2252 2145//2145 2115//2115
f 2040//2040 1823//1823 2253//2253
f 2254//2254 2255//2255 2256//2256
f 2254//2254 2116//2116 2255//2255
f 2250//2250 2116//2116 2254//2254
f 2255//2255 2116//2116 2257//2257
f 2257//2257 2116//2116 2061//2061
f 2063//2063 2068//2068 2067//2067
f 2063//2063 2073//2073 2110//2110
f 2055//2055 2066//2066 2093//2093
f 2055//2055 2094//2094 2102//2102
f 2054//2054 2058//2058 2055//2055
f 2098//2098 2068//2068 2106//2106
f 2054//2054 2060//2060 2058//2058
f 2058//2058 2060//2060 2258//2258
f 2054//2054 2259//2259 2059//2059
f 2054//2054 2082//2082 2259//2259
f 2043//2043 2045//2045 2049//2049
f 2049//2049 2045//2045 2260//2260
f 2043//2043 2261//2261 2044//2044
f 2043//2043 2118//2118 2261//2261
f 1821//1821 2118//2118 2043//2043
f 1841//1841 1837//1837 2134//2134
f 1835//1835 2262//2262 2039//2039
f 1835//1835 2041//2041 2262//2262
f 1835//1835 2039//2039 1837//1837
f 1836//1836 2162//2162 1834//1834
f 1836//1836 2168//2168 2038//2038
f 2024//2024 2032//2032 2033//2033
f 2167//2167 1836//1836 2024//2024
f 2024//2024 2023//2023 2030//2030
f 2024//2024 2018//2018 2017//2017
f 2150//2150 2024//2024 1828//1828
f 1828//1828 1830//1830 2247//2247
f 1828//1828 2149//2149 2150//2150
f 2263//2263 1829//1829 2264//2264
f 2264//2264 1829//1829 2265//2265
f 2198//2198 1829//1829 2266//2266
f 2266//2266 1829//1829 2263//2263
f 2265//2265 1829//1829 2267//2267
f 2267//2267 1829//1829 2268//2268
f 2268//2268 1829//1829 2269//2269
f 1938//1938 1946//1946 1829//1829
f 2269//2269 1829//1829 1946//1946
f 1815//1815 1817//1817 2270//2270
f 2271//2271 1810//1810 1809//1809
f 1824//1824 1826//1826 2272//2272
f 1850//1850 1828//1828 2273//2273
f 2271//2271 2273//2273 1810//1810
f 2270//2270 2274//2274 2275//2275
f 2272//2272 2276//2276 2277//2277
f 2278//2278 2279//2279 2280//2280
f 2281//2281 2282//2282 2279//2279
f 2277//2277 2276//2276 2282//2282
f 2281//2281 2279//2279 2278//2278
f 2277//2277 2282//2282 2281//2281
f 2272//2272 1826//1826 2276//2276
f 2278//2278 2280//2280 2283//2283
f 2275//2275 2274//2274 2284//2284
f 2275//2275 2284//2284 2285//2285
f 2285//2285 2284//2284 2286//2286
f 2285//2285 2286//2286 2287//2287
f 2287//2287 2286//2286 2288//2288
f 2287//2287 2288//2288 2289//2289
f 2289//2289 2288//2288 2290//2290
f 2289//2289 2290//2290 2291//2291
f 2291//2291 2290//2290 2292//2292
f 2291//2291 2292//2292 2293//2293
f 2293//2293 2292//2292 2294//2294
f 2293//2293 2294//2294 2295//2295
f 2296//2296 1819//1819 1818//1818
f 2295//2295 2294//2294 2297//2297
f 2295//2295 2297//2297 2296//2296
f 2270//2270 1817//1817 2274//2274
f 2296//2296 2297//2297 1819//1819
f 1850//1850 2273//2273 2271//2271
f 1936//1936 1846//1846 1845//1845
f 1847//1847 1846//1846 2298//2298
f 2298//2298 1846//1846 2299//2299
f 2299//2299 1846//1846 1925//1925
f 1901//1901 1925//1925 1846//1846
f 1859//1859 1858//1858 1851//1851
f 1910//1910 1856//1856 2300//2300
f 1866//1866 1870//1870 1856//1856
f 2300//2300 1856//1856 1870//1870
f 1851//1851 1924//1924 2301//2301
f 1851//1851 2301//2301 1861//1861
f 1851//1851 1853//1853 1923//1923
f 1831//1831 1849//1849 1832//1832
f 1848//1848 1849//1849 1831//1831
f 1818//1818 1820//1820 1827//1827
f 1809//1809 1811//1811 1808//1808
f 2256//2256 2255//2255 2302//2302
f 1815//1815 1094//1094 1808//1808
f 1107//1107 1094//1094 1815//1815
f 1815//1815 1650//1650 1107//1107
f 1109//1109 462//462 1089//1089
f 473//473 462//462 1109//1109
f 1109//1109 1088//1088 473//473
f 1664//1664 477//477 1088//1088
f 1664//1664 1087//1087 477//477
f 483//483 664//664 1673//1673
f 1673//1673 482//482 483//483
f 1673//1673 486//486 482//482
f 492//492 1085//1085 1654//1654
f 1654//1654 491//491 492//492
f 1654//1654 1084//1084 491//491
f 495//495 1081//1081 1124//1124
f 1124//1124 494//494 495//495
f 1110//1110 494//494 1124//1124
f 1121//1121 1123//1123 1818//1818
f 1818//1818 1120//1120 1121//1121
f 1827//1827 1120//1120 1818//1818
f 1824//1824 1126//1126 1827//1827
f 1827//1827 1126//1126 1111//1111
f 1827//1827 1111//1111 1640//1640
f 1827//1827 1640//1640 1805//1805
f 1805//1805 1804//1804 1827//1827
f 1804//1804 1120//1120 1827//1827
f 502//502 1110//1110 1112//1112
f 490//490 502//502 1112//1112
f 489//489 490//490 1112//1112
f 1112//1112 1080//1080 489//489
f 1628//1628 503//503 683//683
f 1628//1628 1079//1079 503//503
f 506//506 1034//1034 1127//1127
f 1127//1127 505//505 506//506
f 1140//1140 505//505 1127//1127
f 508//508 1140//1140 1137//1137
f 1137//1137 1076//1076 508//508
f 546//546 545//545 1173//1173
f 539//539 546//546 1173//1173
f 540//540 539//539 1173//1173
f 1173//1173 564//564 540//540
f 548//548 554//554 1700//1700
f 549//549 548//548 1700//1700
f 558//558 549//549 1700//1700
f 559//559 558//558 1700//1700
f 563//563 559//559 1700//1700
f 1700//1700 1043//1043 563//563
f 556//556 1130//1130 557//557
f 1534//1534 557//557 1130//1130
f 1148//1148 1147//1147 1828//1828
f 1828//1828 1806//1806 1148//1148
f 1828//1828 1800//1800 1806//1806
f 1800//1800 1828//1828 1143//1143
f 1150//1150 1149//1149 2024//2024
f 1151//1151 1150//1150 2024//2024
f 1156//1156 1151//1151 2024//2024
f 2024//2024 1216//1216 1156//1156
f 1836//1836 1162//1162 1216//1216
f 1836//1836 1161//1161 1162//1162
f 1160//1160 1161//1161 1836//1836
f 1158//1158 1160//1160 1836//1836
f 1159//1159 1158//1158 1836//1836
f 1168//1168 1159//1159 1836//1836
f 1169//1169 1168//1168 1836//1836
f 1170//1170 1169//1169 1836//1836
f 1171//1171 1170//1170 1836//1836
f 1176//1176 1171//1171 1836//1836
f 1176//1176 1836//1836 1835//1835
f 1163//1163 1176//1176 1835//1835
f 1181//1181 1163//1163 1835//1835
f 1182//1182 1181//1181 1835//1835
f 1188//1188 1182//1182 1835//1835
f 1189//1189 1188//1188 1835//1835
f 1190//1190 1189//1189 1835//1835
f 1191//1191 1190//1190 1835//1835
f 1193//1193 1191//1191 1835//1835
f 1192//1192 1193//1193 1835//1835
f 1192//1192 1835//1835 1841//1841
f 1186//1186 1192//1192 1841//1841
f 1196//1196 1186//1186 1841//1841
f 1197//1197 1196//1196 1841//1841
f 1198//1198 1197//1197 1841//1841
f 1199//1199 1198//1198 1841//1841
f 1200//1200 1199//1199 1841//1841
f 1201//1201 1200//1200 1841//1841
f 1202//1202 1841//1841 1195//1195
f 1841//1841 1202//1202 1201//1201
f 570//570 1187//1187 1205//1205
f 571//571 570//570 1205//1205
f 579//579 571//571 1205//1205
f 577//577 579//579 1205//1205
f 578//578 577//577 1205//1205
f 578//578 1205//1205 1204//1204
f 580//580 578//578 1204//1204
f 581//581 580//580 1204//1204
f 585//585 581//581 1204//1204
f 586//586 585//585 1204//1204
f 1204//1204 590//590 586//586
f 1204//1204 591//591 590//590
f 591//591 1204//1204 589//589
f 83//83 576//576 588//588
f 73//73 83//83 588//588
f 71//71 73//73 588//588
f 71//71 588//588 596//596
f 84//84 71//71 596//596
f 87//87 84//84 596//596
f 86//86 87//87 596//596
f 86//86 596//596 598//598
f 598//598 454//454 86//86
f 598//598 92//92 454//454
f 92//92 598//598 582//582
f 93//93 92//92 582//582
f 582//582 91//91 93//93
f 91//91 582//582 584//584
f 95//95 91//91 584//584
f 584//584 94//94 95//95
f 613//613 94//94 584//584
f 615//615 611//611 1219//1219
f 1219//1219 614//614 615//615
f 1114//1114 614//614 1219//1219
f 1178//1178 1218//1218 2116//2116
f 2116//2116 1177//1177 1178//1178
f 2116//2116 1799//1799 1177//1177
f 1215//1215 1217//1217 2145//2145
f 1214//1214 1215//1215 2145//2145
f 1180//1180 1214//1214 2145//2145
f 1179//1179 1180//1180 2145//2145
f 1115//1115 1179//1179 2145//2145
f 1115//1115 2145//2145 1213//1213
f 616//616 1114//1114 1116//1116
f 617//617 616//616 1116//1116
f 618//618 617//617 1116//1116
f 619//619 618//618 1116//1116
f 624//624 619//619 1116//1116
f 1116//1116 632//632 624//624
f 560//560 562//562 1228//1228
f 620//620 560//560 1228//1228
f 1228//1228 625//625 620//620
f 1228//1228 626//626 625//625
f 626//626 1228//1228 1230//1230
f 623//623 626//626 1230//1230
f 622//622 623//623 1230//1230
f 629//629 622//622 1230//1230
f 630//630 629//629 1230//1230
f 628//628 630//630 1230//1230
f 631//631 628//628 1230//1230
f 631//631 1230//1230 627//627
f 1230//1230 641//641 627//627
f 621//621 640//640 99//99
f 621//621 99//99 96//96
f 621//621 96//96 97//97
f 97//97 450//450 621//621
f 450//450 561//561 621//621
f 561//561 450//450 453//453
f 561//561 453//453 452//452
f 561//561 452//452 613//613
f 613//613 452//452 451//451
f 110//110 98//98 637//637
f 109//109 110//110 637//637
f 637//637 343//343 109//109
f 138//138 633//633 90//90
f 90//90 633//633 635//635
f 104//104 90//90 635//635
f 115//115 104//104 635//635
f 635//635 348//348 115//115
f 348//348 523//523 113//113
f 113//113 523//523 537//537
f 114//114 113//113 537//537
f 116//116 114//114 537//537
f 116//116 537//537 518//518
f 119//119 116//116 518//518
f 518//518 449//449 119//119
f 447//447 510//510 117//117
f 529//529 117//117 510//510
f 509//509 511//511 1251//1251
f 530//530 509//509 1251//1251
f 528//528 530//530 1251//1251
f 1251//1251 650//650 528//528
f 1233//1233 653//653 650//650
f 653//653 1233//1233 1235//1235
f 652//652 653//653 1235//1235
f 651//651 652//652 1235//1235
f 651//651 1235//1235 1039//1039
f 527//527 526//526 1117//1117
f 526//526 1235//1235 1117//1117
f 1133//1133 461//461 1118//1118
f 1118//1118 461//461 460//460
f 1118//1118 460//460 466//466
f 466//466 465//465 1118//1118
f 465//465 1122//1122 1118//1118
f 1105//1105 1122//1122 464//464
f 464//464 472//472 1105//1105
f 667//667 1105//1105 472//472
f 666//666 488//488 1105//1105
f 1105//1105 488//488 1103//1103
f 662//662 1096//1096 1103//1103
f 663//663 662//662 1103//1103
f 487//487 663//663 1103//1103
f 459//459 80//80 499//499
f 499//499 80//80 79//79
f 499//499 79//79 126//126
f 126//126 128//128 499//499
f 128//128 669//669 499//499
f 671//671 479//479 1249//1249
f 1249//1249 1102//1102 671//671
f 671//671 1102//1102 654//654
f 654//654 1102//1102 1101//1101
f 500//500 654//654 1101//1101
f 501//501 500//500 1101//1101
f 501//501 1101//1101 1096//1096
f 1038//1038 501//501 1096//1096
f 1100//1100 679//679 1097//1097
f 1097//1097 679//679 676//676
f 676//676 677//677 1097//1097
f 677//677 682//682 1097//1097
f 682//682 1095//1095 1097//1097
f 1037//1037 1095//1095 682//682
f 680//680 1095//1095 1037//1037
f 680//680 681//681 1106//1106
f 681//681 688//688 1106//1106
f 688//688 1104//1104 1106//1106
f 1104//1104 688//688 689//689
f 1033//1033 1104//1104 689//689
f 655//655 1119//1119 1036//1036
f 655//655 525//525 1119//1119
f 525//525 1117//1117 1119//1119
f 1036//1036 1119//1119 690//690
f 656//656 480//480 443//443
f 656//656 443//443 444//444
f 444//444 445//445 656//656
f 445//445 446//446 656//656
f 446//446 448//448 656//656
f 529//529 448//448 118//118
f 120//120 156//156 668//668
f 668//668 121//121 120//120
f 670//670 121//121 668//668
f 135//135 121//121 670//670
f 670//670 365//365 135//135
f 133//133 365//365 685//685
f 134//134 133//133 685//685
f 137//137 134//134 685//685
f 139//139 137//137 685//685
f 141//141 139//139 685//685
f 685//685 111//111 141//141
f 112//112 111//111 693//693
f 136//136 112//112 693//693
f 140//140 136//136 693//693
f 144//144 140//140 693//693
f 693//693 371//371 144//144
f 673//673 142//142 371//371
f 142//142 673//673 675//675
f 143//143 142//142 675//675
f 148//148 143//143 675//675
f 148//148 675//675 692//692
f 151//151 148//148 692//692
f 692//692 164//164 151//151
f 149//149 164//164 695//695
f 150//150 149//149 695//695
f 150//150 695//695 698//698
f 155//155 150//150 698//698
f 698//698 442//442 155//155
f 152//152 442//442 699//699
f 153//153 152//152 699//699
f 153//153 699//699 701//701
f 159//159 153//153 701//701
f 160//160 159//159 701//701
f 160//160 701//701 704//704
f 163//163 160//160 704//704
f 165//165 163//163 704//704
f 166//166 165//165 704//704
f 167//167 166//166 704//704
f 170//170 167//167 704//704
f 170//170 704//704 441//441
f 171//171 440//440 706//706
f 172//172 171//171 706//706
f 173//173 172//172 706//706
f 176//176 173//173 706//706
f 176//176 706//706 439//439
f 168//168 438//438 1032//1032
f 169//169 168//168 1032//1032
f 177//177 169//169 1032//1032
f 178//178 177//177 1032//1032
f 178//178 1032//1032 437//437
f 174//174 436//436 1032//1032
f 707//707 174//174 1032//1032
f 184//184 707//707 705//705
f 185//185 184//184 705//705
f 186//186 185//185 705//705
f 188//188 186//186 705//705
f 189//189 188//188 705//705
f 190//190 189//189 705//705
f 190//190 705//705 703//703
f 191//191 190//190 703//703
f 192//192 191//191 703//703
f 193//193 192//192 703//703
f 703//703 223//223 193//193
f 2303//2303 107//107 145//145
f 145//145 2304//2304 2303//2303
f 2305//2305 2303//2303 2304//2304
f 2304//2304 2306//2306 2305//2305
f 2306//2306 2307//2307 2305//2305
f 2308//2308 2305//2305 2307//2307
f 50//50 2308//2308 2307//2307
f 2308//2308 2309//2309 2305//2305
f 2309//2309 2308//2308 50//50
f 50//50 2310//2310 2309//2309
f 2309//2309 2311//2311 2312//2312
f 2311//2311 2309//2309 2310//2310
f 2311//2311 2313//2313 2312//2312
f 2313//2313 2311//2311 2310//2310
f 2313//2313 2310//2310 2314//2314
f 2313//2313 2315//2315 2316//2316
f 2315//2315 2313//2313 2314//2314
f 2315//2315 2317//2317 2316//2316
f 2317//2317 2315//2315 2314//2314
f 2317//2317 2314//2314 2318//2318
f 2317//2317 2319//2319 2320//2320
f 2319//2319 2317//2317 2318//2318
f 2319//2319 2321//2321 2320//2320
f 2321//2321 2319//2319 2318//2318
f 2318//2318 2322//2322 2321//2321
f 2321//2321 2323//2323 2324//2324
f 2323//2323 2321//2321 2322//2322
f 2323//2323 2325//2325 2324//2324
f 2325//2325 2323//2323 2322//2322
f 2325//2325 2322//2322 2326//2326
f 2325//2325 2327//2327 2328//2328
f 2327//2327 2325//2325 2326//2326
f 2327//2327 2329//2329 2328//2328
f 2329//2329 2327//2327 2326//2326
f 2326//2326 2330//2330 2329//2329
f 2329//2329 2331//2331 2332//2332
f 2331//2331 2329//2329 2330//2330
f 2330//2330 2333//2333 2331//2331
f 2331//2331 2333//2333 2332//2332
f 2334//2334 2332//2332 2333//2333
f 2335//2335 2333//2333 2336//2336
f 2334//2334 2333//2333 2335//2335
f 2336//2336 2337//2337 2335//2335
f 2335//2335 2337//2337 2334//2334
f 2337//2337 2338//2338 2334//2334
f 2339//2339 2334//2334 2338//2338
f 2338//2338 2340//2340 2339//2339
f 311//311 2339//2339 2340//2340
f 2341//2341 311//311 2340//2340
f 2340//2340 2342//2342 2341//2341
f 2343//2343 2341//2341 2342//2342
f 2344//2344 2343//2343 2342//2342
f 2345//2345 2344//2344 2346//2346
f 2346//2346 2344//2344 2342//2342
f 2346//2346 2347//2347 2345//2345
f 2342//2342 2347//2347 2346//2346
f 2347//2347 2348//2348 2345//2345
f 2348//2348 28//28 2345//2345
f 30//30 2345//2345 28//28
f 2349//2349 36//36 29//29
f 29//29 2348//2348 2349//2349
f 2350//2350 2349//2349 2348//2348
f 2351//2351 2350//2350 2352//2352
f 2352//2352 2350//2350 2348//2348
f 2348//2348 2347//2347 2352//2352
f 2352//2352 2347//2347 2351//2351
f 2350//2350 2351//2351 2338//2338
f 2349//2349 2350//2350 2353//2353
f 2353//2353 2350//2350 2338//2338
f 2338//2338 2337//2337 2353//2353
f 2353//2353 2337//2337 2349//2349
f 2337//2337 2336//2336 2349//2349
f 2348//2348 29//29 35//35
f 36//36 2349//2349 2336//2336
f 2336//2336 41//41 36//36
f 33//33 2354//2354 37//37
f 2355//2355 37//37 2354//2354
f 2355//2355 2354//2354 2356//2356
f 2355//2355 2356//2356 2357//2357
f 2357//2357 2356//2356 2343//2343
f 2343//2343 2344//2344 2357//2357
f 2357//2357 2344//2344 2355//2355
f 2344//2344 2345//2345 2355//2355
f 2358//2358 2343//2343 2356//2356
f 2359//2359 2356//2356 2354//2354
f 2358//2358 2356//2356 2359//2359
f 2359//2359 2354//2354 2360//2360
f 2360//2360 2358//2358 2359//2359
f 2361//2361 2360//2360 2354//2354
f 2360//2360 2361//2361 2362//2362
f 2362//2362 2363//2363 2360//2360
f 2362//2362 2361//2361 2364//2364
f 2364//2364 2363//2363 2362//2362
f 2364//2364 2365//2365 2363//2363
f 2366//2366 2363//2363 2365//2365
f 2365//2365 2367//2367 2366//2366
f 435//435 2366//2366 2367//2367
f 2367//2367 434//434 435//435
f 2368//2368 432//432 433//433
f 433//433 2369//2369 2368//2368
f 2358//2358 2368//2368 2369//2369
f 2368//2368 2358//2358 2363//2363
f 432//432 2368//2368 2366//2366
f 2369//2369 433//433 101//101
f 101//101 2370//2370 2369//2369
f 2343//2343 2369//2369 2370//2370
f 2370//2370 101//101 431//431
f 72//72 2370//2370 431//431
f 2370//2370 72//72 2341//2341
f 403//403 400//400 547//547
f 547//547 404//404 403//403
f 400//400 402//402 547//547
f 74//74 100//100 555//555
f 406//406 74//74 555//555
f 555//555 75//75 406//406
f 405//405 75//75 555//555
f 405//405 555//555 429//429
f 410//410 409//409 608//608
f 411//411 410//410 608//608
f 608//608 412//412 411//411
f 413//413 412//412 572//572
f 414//414 413//413 572//572
f 415//415 414//414 572//572
f 415//415 572//572 427//427
f 417//417 416//416 569//569
f 418//418 417//417 569//569
f 419//419 418//418 569//569
f 420//420 419//419 569//569
f 422//422 420//420 569//569
f 421//421 422//422 569//569
f 421//421 569//569 575//575
f 424//424 421//421 575//575
f 426//426 424//424 575//575
f 426//426 575//575 425//425
f 576//576 425//425 575//575
f 416//416 423//423 569//569
f 423//423 572//572 569//569
f 1020//1020 1019//1019 1187//1187
f 1021//1021 1020//1020 1187//1187
f 1022//1022 1021//1021 1187//1187
f 1030//1030 1022//1022 1187//1187
f 1187//1187 1019//1019 1164//1164
f 1164//1164 1019//1019 1031//1031
f 1031//1031 574//574 1164//1164
f 574//574 573//573 1164//1164
f 573//573 905//905 1164//1164
f 1164//1164 905//905 1157//1157
f 1157//1157 905//905 904//904
f 1018//1018 1157//1157 904//904
f 1029//1029 898//898 1157//1157
f 898//898 897//897 1157//1157
f 897//897 1023//1023 1157//1157
f 1023//1023 1024//1024 1157//1157
f 1024//1024 909//909 1157//1157
f 1146//1146 909//909 908//908
f 908//908 887//887 1146//1146
f 887//887 886//886 1146//1146
f 886//886 1025//1025 1146//1146
f 1025//1025 610//610 1534//1534
f 610//610 907//907 1534//1534
f 1534//1534 907//907 1027//1027
f 1534//1534 1027//1027 1028//1028
f 1028//1028 1026//1026 1534//1534
f 608//608 428//428 555//555
f 1029//1029 1157//1157 1018//1018
f 427//427 572//572 423//423
f 572//572 412//412 608//608
f 409//409 408//408 608//608
f 408//408 407//407 608//608
f 407//407 428//428 608//608
f 555//555 428//428 429//429
f 100//100 404//404 555//555
f 402//402 401//401 538//538
f 401//401 430//430 538//538
f 538//538 430//430 399//399
f 399//399 398//398 538//538
f 398//398 397//397 538//538
f 397//397 396//396 538//538
f 395//395 1047//1047 396//396
f 971//971 395//395 315//315
f 315//315 316//316 971//971
f 316//316 318//318 971//971
f 1051//1051 318//318 394//394
f 394//394 147//147 1060//1060
f 147//147 146//146 1060//1060
f 146//146 322//322 1060//1060
f 944//944 322//322 393//393
f 320//320 497//497 393//393
f 497//497 320//320 319//319
f 497//497 319//319 321//321
f 321//321 498//498 497//497
f 862//862 383//383 496//496
f 496//496 383//383 312//312
f 312//312 384//384 496//496
f 496//496 384//384 313//313
f 313//313 504//504 496//496
f 313//313 314//314 504//504
f 504//504 314//314 385//385
f 504//504 385//385 475//475
f 475//475 385//385 386//386
f 386//386 387//387 475//475
f 475//475 387//387 493//493
f 493//493 387//387 388//388
f 388//388 389//389 493//493
f 493//493 389//389 484//484
f 484//484 389//389 390//390
f 390//390 391//391 484//484
f 484//484 391//391 478//478
f 478//478 391//391 392//392
f 478//478 392//392 379//379
f 379//379 380//380 478//478
f 380//380 456//456 478//478
f 380//380 378//378 456//456
f 187//187 218//218 995//995
f 995//995 182//182 187//187
f 1002//1002 182//182 995//995
f 180//180 1002//1002 999//999
f 179//179 180//180 999//999
f 162//162 179//179 999//999
f 162//162 999//999 1003//1003
f 161//161 162//162 1003//1003
f 1003//1003 377//377 161//161
f 154//154 326//326 1005//1005
f 1005//1005 370//370 154//154
f 103//103 105//105 1006//1006
f 1006//1006 122//122 103//103
f 1000//1000 157//157 317//317
f 1000//1000 158//158 157//157
f 1000//1000 349//349 158//158
f 996//996 337//337 334//334
f 996//996 338//338 337//337
f 1017//1017 338//338 996//996
f 323//323 1016//1016 998//998
f 1016//1016 324//324 862//862
f 863//863 331//331 1017//1017
f 331//331 345//345 1017//1017
f 345//345 346//346 1017//1017
f 341//341 332//332 863//863
f 341//341 863//863 335//335
f 335//335 863//863 498//498
f 336//336 335//335 498//498
f 342//342 336//336 498//498
f 344//344 342//342 498//498
f 332//332 331//331 863//863
f 346//346 338//338 1017//1017
f 334//334 333//333 996//996
f 996//996 333//333 330//330
f 996//996 330//330 340//340
f 996//996 340//340 997//997
f 997//997 340//340 329//329
f 997//997 329//329 347//347
f 997//997 347//347 132//132
f 132//132 131//131 997//997
f 131//131 349//349 997//997
f 1000//1000 317//317 350//350
f 350//350 351//351 1000//1000
f 1000//1000 351//351 1001//1001
f 1001//1001 351//351 353//353
f 1001//1001 353//353 352//352
f 1001//1001 352//352 354//354
f 1001//1001 354//354 355//355
f 355//355 356//356 1001//1001
f 1001//1001 356//356 1004//1004
f 1015//1015 376//376 1003//1003
f 375//375 1015//1015 1013//1013
f 1011//1011 372//372 1013//1013
f 327//327 1011//1011 1005//1005
f 368//368 1007//1007 1009//1009
f 366//366 1009//1009 1008//1008
f 1010//1010 123//123 1006//1006
f 361//361 1010//1010 1012//1012
f 1012//1012 1014//1014 363//363
f 363//363 364//364 1012//1012
f 360//360 363//363 1014//1014
f 1004//1004 358//358 1014//1014
f 1004//1004 356//356 357//357
f 357//357 358//358 1004//1004
f 1014//1014 358//358 359//359
f 359//359 360//360 1014//1014
f 364//364 362//362 1012//1012
f 1012//1012 362//362 361//361
f 361//361 123//123 1010//1010
f 1006//1006 123//123 122//122
f 105//105 1008//1008 1006//1006
f 105//105 106//106 1008//1008
f 1008//1008 106//106 366//366
f 366//366 367//367 1009//1009
f 367//367 368//368 1009//1009
f 368//368 369//369 1007//1007
f 1007//1007 369//369 370//370
f 1007//1007 370//370 1005//1005
f 326//326 327//327 1005//1005
f 327//327 372//372 1011//1011
f 1013//1013 372//372 373//373
f 1013//1013 373//373 374//374
f 374//374 375//375 1013//1013
f 375//375 376//376 1015//1015
f 1003//1003 376//376 377//377
f 180//180 181//181 1002//1002
f 997//997 349//349 1000//1000
f 181//181 182//182 1002//1002
f 995//995 218//218 998//998
f 998//998 218//218 328//328
f 998//998 328//328 325//325
f 325//325 323//323 998//998
f 323//323 324//324 1016//1016
f 862//862 324//324 381//381
f 381//381 382//382 862//862
f 862//862 382//382 383//383
f 498//498 321//321 344//344
f 434//434 2367//2367 6//6
f 2371//2371 6//6 2367//2367
f 6//6 2371//2371 2372//2372
f 2373//2373 2372//2372 2371//2371
f 2374//2374 2375//2375 2373//2373
f 2373//2373 2371//2371 2374//2374
f 2373//2373 2375//2375 2376//2376
f 2373//2373 2376//2376 2377//2377
f 2377//2377 2372//2372 2373//2373
f 2377//2377 2376//2376 2378//2378
f 2378//2378 2372//2372 2377//2377
f 2378//2378 2379//2379 2372//2372
f 4//4 2372//2372 2379//2379
f 2378//2378 2380//2380 2381//2381
f 2381//2381 2379//2379 2378//2378
f 2381//2381 2380//2380 2382//2382
f 2382//2382 2379//2379 2381//2381
f 14//14 2382//2382 2380//2380
f 2382//2382 14//14 2383//2383
f 2383//2383 9//9 2382//2382
f 2379//2379 2382//2382 9//9
f 2378//2378 2376//2376 2380//2380
f 17//17 2380//2380 2376//2376
f 2376//2376 44//44 17//17
f 43//43 2314//2314 49//49
f 49//49 2310//2310 23//23
f 40//40 2318//2318 43//43
f 44//44 2384//2384 45//45
f 2361//2361 45//45 2384//2384
f 2364//2364 2361//2361 2384//2384
f 2364//2364 2384//2384 2385//2385
f 2385//2385 2365//2365 2364//2364
f 2385//2385 2384//2384 2386//2386
f 2386//2386 2365//2365 2385//2385
f 2386//2386 2371//2371 2365//2365
f 2386//2386 2384//2384 2375//2375
f 45//45 2361//2361 33//33
f 2330//2330 48//48 41//41
f 2384//2384 44//44 2375//2375
f 2326//2326 40//40 48//48
f 2380//2380 17//17 16//16
f 44//44 2376//2376 2375//2375
f 2386//2386 2375//2375 2374//2374
f 2374//2374 2371//2371 2386//2386
f 2366//2366 435//435 432//432
f 2367//2367 2365//2365 2371//2371
f 2363//2363 2366//2366 2368//2368
f 2358//2358 2360//2360 2363//2363
f 2369//2369 2343//2343 2358//2358
f 37//37 2355//2355 30//30
f 2354//2354 33//33 2361//2361
f 41//41 2336//2336 2330//2330
f 2345//2345 30//30 2355//2355
f 28//28 2348//2348 35//35
f 2347//2347 2342//2342 2351//2351
f 2341//2341 2343//2343 2370//2370
f 2342//2342 2340//2340 2351//2351
f 311//311 2341//2341 72//72
f 2387//2387 310//310 85//85
f 309//309 2387//2387 85//85
f 89//89 2388//2388 309//309
f 2388//2388 89//89 2389//2389
f 2389//2389 2332//2332 2388//2388
f 2332//2332 2389//2389 2328//2328
f 2332//2332 2328//2328 2329//2329
f 2389//2389 2324//2324 2328//2328
f 2325//2325 2328//2328 2324//2324
f 2324//2324 2389//2389 2390//2390
f 2390//2390 2320//2320 2324//2324
f 2324//2324 2320//2320 2321//2321
f 2320//2320 2390//2390 2391//2391
f 2391//2391 2316//2316 2320//2320
f 2317//2317 2320//2320 2316//2316
f 2316//2316 2391//2391 2392//2392
f 2392//2392 2312//2312 2316//2316
f 2313//2313 2316//2316 2312//2312
f 2312//2312 2392//2392 2303//2303
f 108//108 2392//2392 2391//2391
f 2391//2391 88//88 108//108
f 2392//2392 108//108 107//107
f 88//88 2391//2391 2390//2390
f 2390//2390 89//89 88//88
f 89//89 2390//2390 2389//2389
f 2387//2387 309//309 2388//2388
f 2388//2388 2334//2334 2387//2387
f 310//310 2387//2387 2339//2339
f 2339//2339 311//311 310//310
f 2340//2340 2338//2338 2351//2351
f 2334//2334 2339//2339 2387//2387
f 2334//2334 2388//2388 2332//2332
f 2330//2330 2336//2336 2333//2333
f 48//48 2330//2330 2326//2326
f 40//40 2326//2326 2322//2322
f 2318//2318 40//40 2322//2322
f 2314//2314 43//43 2318//2318
f 2310//2310 49//49 2314//2314
f 2312//2312 2305//2305 2309//2309
f 2393//2393 51//51 2307//2307
f 2306//2306 2393//2393 2307//2307
f 51//51 2393//2393 2394//2394
f 2393//2393 2306//2306 2394//2394
f 2394//2394 2306//2306 56//56
f 2306//2306 2395//2395 56//56
f 65//65 56//56 2395//2395
f 2395//2395 224//224 65//65
f 224//224 2395//2395 308//308
f 308//308 2396//2396 225//225
f 2396//2396 78//78 225//225
f 459//459 227//227 226//226
f 459//459 228//228 227//227
f 459//459 307//307 228//228
f 229//229 307//307 860//860
f 230//230 229//229 860//860
f 860//860 306//306 230//230
f 238//238 278//278 850//850
f 239//239 238//238 850//850
f 850//850 304//304 239//239
f 234//234 281//281 711//711
f 711//711 235//235 234//234
f 711//711 291//291 235//235
f 708//708 236//236 258//258
f 708//708 258//258 711//711
f 714//714 713//713 1253//1253
f 1253//1253 715//715 714//714
f 1273//1273 715//715 1253//1253
f 1237//1237 709//709 1273//1273
f 1273//1273 709//709 991//991
f 1273//1273 991//991 990//990
f 1273//1273 990//990 992//992
f 1273//1273 992//992 993//993
f 1273//1273 993//993 994//994
f 1273//1273 994//994 868//868
f 867//867 1273//1273 868//868
f 867//867 866//866 1273//1273
f 237//237 708//708 716//716
f 716//716 256//256 237//237
f 721//721 240//240 259//259
f 259//259 716//716 721//721
f 722//722 726//726 1240//1240
f 723//723 722//722 1240//1240
f 1240//1240 989//989 723//723
f 1240//1240 727//727 988//988
f 1240//1240 728//728 727//727
f 1240//1240 986//986 728//728
f 729//729 818//818 1136//1136
f 1136//1136 985//985 729//729
f 1136//1136 738//738 981//981
f 1136//1136 739//739 738//738
f 1135//1135 739//739 1136//1136
f 1849//1849 1134//1134 1244//1244
f 1849//1849 1244//1244 1243//1243
f 1243//1243 1257//1257 1849//1849
f 1257//1257 1256//1256 1849//1849
f 1256//1256 1255//1255 1849//1849
f 1255//1255 1275//1275 1849//1849
f 1849//1849 1275//1275 1832//1832
f 1814//1814 1245//1245 1849//1849
f 1280//1280 1245//1245 1814//1814
f 1814//1814 1798//1798 1280//1280
f 1814//1814 1290//1290 1796//1796
f 1814//1814 1289//1289 1290//1290
f 1814//1814 1795//1795 1289//1289
f 1286//1286 1469//1469 1813//1813
f 1287//1287 1286//1286 1813//1813
f 1813//1813 1295//1295 1287//1287
f 1294//1294 980//980 1135//1135
f 1135//1135 980//980 982//982
f 1135//1135 982//982 983//983
f 983//983 984//984 1135//1135
f 736//736 979//979 1294//1294
f 1294//1294 977//977 736//736
f 1294//1294 750//750 978//978
f 1294//1294 751//751 750//750
f 1297//1297 751//751 1294//1294
f 1298//1298 1305//1305 1989//1989
f 1989//1989 1299//1299 1298//1298
f 1989//1989 1793//1793 1299//1299
f 1989//1989 1307//1307 1791//1791
f 1989//1989 1308//1308 1307//1307
f 1989//1989 1790//1790 1308//1308
f 1302//1302 1787//1787 1953//1953
f 1303//1303 1302//1302 1953//1953
f 1953//1953 1786//1786 1303//1303
f 1312//1312 1781//1781 2212//2212
f 2212//2212 1313//1313 1312//1312
f 2212//2212 1782//1782 1313//1313
f 1314//1314 1779//1779 1854//1854
f 1854//1854 1778//1778 1314//1314
f 1854//1854 1323//1323 1482//1482
f 1854//1854 1324//1324 1323//1323
f 1854//1854 1777//1777 1324//1324
f 1851//1851 1320//1320 1776//1776
f 1851//1851 1776//1776 1854//1854
f 1978//1978 2397//2397 1852//1852
f 1852//1852 2397//2397 1853//1853
f 1853//1853 2397//2397 1923//1923
f 1858//1858 1331//1331 1851//1851
f 1851//1851 1331//1331 1330//1330
f 1851//1851 1330//1330 1329//1329
f 1851//1851 1329//1329 1333//1333
f 1851//1851 1333//1333 1321//1321
f 1328//1328 748//748 1315//1315
f 1315//1315 748//748 742//742
f 1315//1315 742//742 741//741
f 1315//1315 741//741 757//757
f 757//757 758//758 1315//1315
f 1315//1315 758//758 759//759
f 759//759 760//760 1315//1315
f 1315//1315 760//760 764//764
f 1315//1315 764//764 766//766
f 1315//1315 766//766 1306//1306
f 1306//1306 766//766 768//768
f 1306//1306 768//768 769//769
f 1306//1306 769//769 770//770
f 770//770 773//773 1306//1306
f 1306//1306 773//773 1297//1297
f 1297//1297 773//773 777//777
f 1297//1297 777//777 744//744
f 1297//1297 744//744 743//743
f 1297//1297 743//743 975//975
f 1297//1297 975//975 976//976
f 765//765 298//298 737//737
f 737//737 298//298 299//299
f 299//299 300//300 737//737
f 300//300 301//301 737//737
f 737//737 301//301 730//730
f 730//730 301//301 302//302
f 302//302 241//241 730//730
f 241//241 721//721 730//730
f 740//740 244//244 297//297
f 297//297 765//765 740//740
f 245//245 244//244 740//740
f 245//245 740//740 752//752
f 247//247 245//245 752//752
f 246//246 247//247 752//752
f 246//246 752//752 754//754
f 754//754 293//293 246//246
f 255//255 292//292 784//784
f 784//784 254//254 255//255
f 784//784 290//290 254//254
f 593//593 257//257 290//290
f 593//593 253//253 257//257
f 252//252 253//253 593//593
f 593//593 289//289 252//252
f 251//251 286//286 762//762
f 251//251 762//762 250//250
f 762//762 285//285 250//250
f 265//265 260//260 772//772
f 772//772 249//249 265//265
f 772//772 248//248 249//249
f 746//746 263//263 262//262
f 746//746 262//262 772//772
f 1336//1336 782//782 792//792
f 1336//1336 792//792 793//793
f 1336//1336 793//793 794//794
f 794//794 797//797 1336//1336
f 1336//1336 797//797 1326//1326
f 1856//1856 1337//1337 1338//1338
f 1856//1856 1338//1338 1332//1332
f 1856//1856 1332//1332 1325//1325
f 1856//1856 1325//1325 1327//1327
f 1856//1856 1327//1327 1339//1339
f 1856//1856 1339//1339 1343//1343
f 1343//1343 1344//1344 1856//1856
f 1856//1856 1344//1344 1866//1866
f 1901//1901 1335//1335 1856//1856
f 1901//1901 1775//1775 1335//1335
f 1901//1901 1395//1395 1413//1413
f 1901//1901 1394//1394 1395//1395
f 1901//1901 1363//1363 1394//1394
f 1364//1364 781//781 1336//1336
f 1364//1364 820//820 781//781
f 1364//1364 747//747 819//819
f 1364//1364 745//745 747//747
f 1405//1405 745//745 1364//1364
f 1846//1846 1415//1415 1416//1416
f 1846//1846 1416//1416 1417//1417
f 1846//1846 1417//1417 1418//1418
f 1846//1846 1418//1418 1419//1419
f 1846//1846 1419//1419 1420//1420
f 1846//1846 1420//1420 1421//1421
f 1421//1421 1422//1422 1846//1846
f 1846//1846 1422//1422 1390//1390
f 1846//1846 1390//1390 1901//1901
f 1930//1930 1406//1406 1846//1846
f 1404//1404 1406//1406 1930//1930
f 1930//1930 1423//1423 1404//1404
f 1930//1930 1408//1408 1424//1424
f 1930//1930 1407//1407 1408//1408
f 1930//1930 1426//1426 1407//1407
f 1411//1411 1425//1425 1967//1967
f 1967//1967 1410//1410 1411//1411
f 1967//1967 1334//1334 1410//1410
f 1292//1292 778//778 1405//1405
f 1405//1405 778//778 780//780
f 1405//1405 780//780 821//821
f 821//821 865//865 1405//1405
f 1405//1405 865//865 974//974
f 779//779 280//280 746//746
f 746//746 280//280 282//282
f 746//746 282//282 283//283
f 746//746 283//283 284//284
f 243//243 266//266 779//779
f 779//779 242//242 243//243
f 779//779 70//70 242//242
f 779//779 277//277 70//70
f 125//125 267//267 844//844
f 844//844 124//124 125//125
f 844//844 231//231 124//124
f 724//724 233//233 231//231
f 724//724 271//271 233//233
f 724//724 127//127 269//269
f 724//724 82//82 127//127
f 455//455 82//82 724//724
f 1248//1248 658//658 831//831
f 1248//1248 831//831 832//832
f 1248//1248 832//832 834//834
f 1248//1248 834//834 835//835
f 1248//1248 835//835 836//836
f 1248//1248 836//836 837//837
f 837//837 838//838 1248//1248
f 1248//1248 838//838 839//839
f 1248//1248 839//839 840//840
f 1248//1248 840//840 1246//1246
f 2271//2271 1247//1247 1258//1258
f 1258//1258 1431//1431 2271//2271
f 1431//1431 1432//1432 2271//2271
f 2271//2271 1432//1432 1850//1850
f 1809//1809 1277//1277 2271//2271
f 1276//1276 1277//1277 1809//1809
f 1288//1288 1276//1276 1809//1809
f 1809//1809 1772//1772 1288//1288
f 1090//1090 657//657 1248//1248
f 935//935 657//657 1090//1090
f 1090//1090 973//973 935//935
f 1090//1090 660//660 661//661
f 1090//1090 661//661 973//973
f 1131//1131 1810//1810 2273//2273
f 1132//1132 1131//1131 2273//2273
f 1131//1131 1141//1141 1810//1810
f 1810//1810 1141//1141 1697//1697
f 1697//1697 1698//1698 1810//1810
f 1698//1698 1699//1699 1810//1810
f 1699//1699 1701//1701 1810//1810
f 1810//1810 1701//1701 1811//1811
f 1770//1770 1811//1811 1701//1701
f 1811//1811 1706//1706 1771//1771
f 1703//1703 1816//1816 1771//1771
f 1703//1703 1705//1705 1816//1816
f 1705//1705 1702//1702 1816//1816
f 1702//1702 1175//1175 1816//1816
f 1175//1175 1174//1174 1816//1816
f 1816//1816 1174//1174 1817//1817
f 1817//1817 1174//1174 1704//1704
f 1817//1817 1704//1704 1761//1761
f 1817//1817 1761//1761 2274//2274
f 2270//2270 1113//1113 1815//1815
f 1815//1815 1113//1113 1108//1108
f 1711//1711 1113//1113 2270//2270
f 2270//2270 1712//1712 1711//1711
f 1667//1667 1712//1712 2275//2275
f 2275//2275 1666//1666 1667//1667
f 2275//2275 1713//1713 1666//1666
f 1665//1665 1769//1769 2285//2285
f 2285//2285 1663//1663 1665//1665
f 2285//2285 1674//1674 1663//1663
f 1715//1715 1672//1672 2287//2287
f 2287//2287 1714//1714 1715//1715
f 2287//2287 1768//1768 1714//1714
f 2289//2289 1718//1718 1766//1766
f 2289//2289 1717//1717 1718//1718
f 2289//2289 1765//1765 1717//1717
f 2293//2293 1655//1655 1762//1762
f 2293//2293 1653//1653 1655//1655
f 2293//2293 1721//1721 1653//1653
f 1681//1681 1721//1721 2295//2295
f 2295//2295 1679//1679 1681//1681
f 2295//2295 2296//2296 1722//1722
f 1722//1722 1679//1679 2295//2295
f 1221//1221 1222//1222 2296//2296
f 2296//2296 1125//1125 1221//1221
f 1818//1818 1125//1125 2296//2296
f 1764//1764 2291//2291 2293//2293
f 1726//1726 2284//2284 2274//2274
f 1710//1710 1726//1726 2274//2274
f 2274//2274 1708//1708 1710//1710
f 2274//2274 1709//1709 1708//1708
f 1048//1048 1720//1720 1173//1173
f 1725//1725 1719//1719 2284//2284
f 1719//1719 1723//1723 2284//2284
f 1723//1723 1707//1707 2286//2286
f 2286//2286 1707//1707 1261//1261
f 1261//1261 1260//1260 2286//2286
f 1260//1260 1724//1724 2286//2286
f 1724//1724 1727//1727 2286//2286
f 534//534 1183//1183 1259//1259
f 1183//1183 534//534 536//536
f 536//536 535//535 1183//1183
f 2288//2288 1727//1727 1728//1728
f 1728//1728 1185//1185 2288//2288
f 1185//1185 1184//1184 2288//2288
f 1184//1184 1546//1546 2288//2288
f 972//972 1545//1545 1183//1183
f 1760//1760 2290//2290 1546//1546
f 1760//1760 1759//1759 2290//2290
f 1759//1759 1733//1733 2292//2292
f 1733//1733 1732//1732 2292//2292
f 2294//2294 1732//1732 1695//1695
f 1695//1695 1581//1581 2294//2294
f 1581//1581 1580//1580 2294//2294
f 1577//1577 1758//1758 2297//2297
f 1758//1758 1757//1757 2297//2297
f 1757//1757 1731//1731 1819//1819
f 1819//1819 1731//1731 1730//1730
f 1730//1730 1735//1735 1819//1819
f 1819//1819 1735//1735 1820//1820
f 1820//1820 1735//1735 1734//1734
f 1820//1820 1734//1734 1587//1587
f 1587//1587 1586//1586 1820//1820
f 1825//1825 1586//1586 1737//1737
f 1825//1825 1737//1737 1570//1570
f 1570//1570 1736//1736 1825//1825
f 1825//1825 1736//1736 1826//1826
f 1826//1826 1736//1736 1738//1738
f 1826//1826 1738//1738 1739//1739
f 1633//1633 1632//1632 1826//1826
f 1739//1739 1633//1633 1826//1826
f 2276//2276 1826//1826 1632//1632
f 1637//1637 1824//1824 2272//2272
f 1756//1756 1740//1740 2272//2272
f 1740//1740 1637//1637 2272//2272
f 1631//1631 1750//1750 2278//2278
f 2278//2278 1629//1629 1631//1631
f 2283//2283 1629//1629 2278//2278
f 1749//1749 2283//2283 2280//2280
f 2280//2280 1604//1604 1749//1749
f 1572//1572 1063//1063 1602//1602
f 1624//1624 1744//1744 2276//2276
f 2276//2276 1744//1744 1747//1747
f 2276//2276 1747//1747 2282//2282
f 1751//1751 2277//2277 2281//2281
f 1753//1753 2281//2281 2278//2278
f 2282//2282 1625//1625 2279//2279
f 1625//1625 1748//1748 2279//2279
f 1748//1748 1742//1742 2279//2279
f 1742//1742 1743//1743 2279//2279
f 2279//2279 1743//1743 2280//2280
f 2280//2280 1743//1743 1601//1601
f 2282//2282 1747//1747 1626//1626
f 1626//1626 1625//1625 2282//2282
f 533//533 1603//1603 1602//1602
f 531//531 533//533 1602//1602
f 533//533 532//532 1603//1603
f 1603//1603 532//532 1746//1746
f 1078//1078 1745//1745 1620//1620
f 1070//1070 1128//1128 1746//1746
f 532//532 1066//1066 1746//1746
f 1066//1066 1067//1067 1746//1746
f 1601//1601 1604//1604 2280//2280
f 1749//1749 1627//1627 2283//2283
f 1627//1627 1629//1629 2283//2283
f 2278//2278 1750//1750 1753//1753
f 1753//1753 1754//1754 2281//2281
f 1754//1754 1751//1751 2281//2281
f 1751//1751 1752//1752 2277//2277
f 2277//2277 1752//1752 2272//2272
f 2272//2272 1752//1752 1741//1741
f 2272//2272 1741//1741 1755//1755
f 2272//2272 1755//1755 1756//1756
f 1632//1632 1624//1624 2276//2276
f 1571//1571 1064//1064 1572//1572
f 1729//1729 1058//1058 1571//1571
f 1729//1729 1576//1576 1052//1052
f 1052//1052 1054//1054 1729//1729
f 1053//1053 1052//1052 1576//1576
f 2297//2297 1578//1578 1577//1577
f 1580//1580 1578//1578 2297//2297
f 1545//1545 1056//1056 1576//1576
f 1259//1259 1720//1720 1050//1050
f 2284//2284 1726//1726 1725//1725
f 1723//1723 2286//2286 2284//2284
f 1727//1727 2288//2288 2286//2286
f 1546//1546 2290//2290 2288//2288
f 2290//2290 1759//1759 2292//2292
f 2292//2292 1732//1732 2294//2294
f 2297//2297 2294//2294 1580//1580
f 1819//1819 2297//2297 1757//1757
f 1222//1222 1722//1722 2296//2296
f 2295//2295 1721//1721 2293//2293
f 2293//2293 1762//1762 1763//1763
f 1763//1763 1764//1764 2293//2293
f 1764//1764 1765//1765 2291//2291
f 2291//2291 1765//1765 2289//2289
f 1767//1767 1768//1768 2289//2289
f 1766//1766 1767//1767 2289//2289
f 2289//2289 1768//1768 2287//2287
f 2287//2287 1672//1672 1674//1674
f 665//665 1664//1664 1673//1673
f 2287//2287 1674//1674 2285//2285
f 2285//2285 1769//1769 1713//1713
f 2285//2285 1713//1713 2275//2275
f 2275//2275 1712//1712 2270//2270
f 1709//1709 2274//2274 1761//1761
f 551//551 1173//1173 1513//1513
f 551//551 550//550 1173//1173
f 1700//1700 1046//1046 1513//1513
f 1770//1770 1706//1706 1811//1811
f 1850//1850 1281//1281 1829//1829
f 1829//1829 1281//1281 1283//1283
f 1829//1829 1283//1283 1435//1435
f 1829//1829 1435//1435 1436//1436
f 1829//1829 1436//1436 1439//1439
f 1439//1439 1440//1440 1829//1829
f 1440//1440 1441//1441 1829//1829
f 1829//1829 1441//1441 1938//1938
f 2198//2198 2397//2397 1830//1830
f 2397//2397 2247//2247 1830//1830
f 2024//2024 1144//1144 1828//1828
f 1152//1152 1144//1144 2024//2024
f 2038//2038 2397//2397 1944//1944
f 2397//2397 2159//2159 1944//1944
f 2159//2159 2397//2397 1945//1945
f 2397//2397 2161//2161 1945//1945
f 2162//2162 2397//2397 1834//1834
f 2397//2397 1840//1840 1834//1834
f 2039//2039 2397//2397 1838//1838
f 1838//1838 2397//2397 1839//1839
f 1839//1839 2397//2397 1837//1837
f 2397//2397 2134//2134 1837//1837
f 2397//2397 1823//1823 1822//1822
f 1823//1823 2397//2397 2253//2253
f 2397//2397 2040//2040 2253//2253
f 2397//2397 2114//2114 2040//2040
f 2397//2397 2261//2261 2118//2118
f 2397//2397 2044//2044 2261//2261
f 2397//2397 2045//2045 2044//2044
f 2397//2397 2260//2260 2045//2045
f 2397//2397 2050//2050 2049//2049
f 2397//2397 2077//2077 2050//2050
f 2397//2397 2259//2259 2082//2082
f 2397//2397 2059//2059 2259//2259
f 2397//2397 2080//2080 2059//2059
f 2080//2080 2397//2397 2060//2060
f 2397//2397 2258//2258 2060//2060
f 2397//2397 2056//2056 2058//2058
f 2397//2397 2057//2057 2056//2056
f 2057//2057 2397//2397 2066//2066
f 2397//2397 2101//2101 2102//2102
f 2397//2397 2064//2064 2101//2101
f 2397//2397 2065//2065 2064//2064
f 2065//2065 2397//2397 2073//2073
f 1498//1498 2063//2063 2067//2067
f 1486//1486 1498//1498 2067//2067
f 1484//1484 1486//1486 2067//2067
f 1496//1496 1484//1484 2067//2067
f 1495//1495 1496//1496 2067//2067
f 1492//1492 1495//1495 2067//2067
f 1497//1497 1492//1492 2067//2067
f 2067//2067 1489//1489 1497//1497
f 1487//1487 1489//1489 2084//2084
f 1501//1501 1487//1487 2084//2084
f 1494//1494 1501//1501 2084//2084
f 2084//2084 1502//1502 1493//1493
f 2084//2084 1493//1493 1494//1494
f 1491//1491 1502//1502 2084//2084
f 1490//1490 1491//1491 2084//2084
f 1503//1503 1490//1490 2084//2084
f 1507//1507 1503//1503 2084//2084
f 2084//2084 1508//1508 1507//1507
f 1506//1506 1508//1508 2070//2070
f 1504//1504 1506//1506 2070//2070
f 1512//1512 1504//1504 2070//2070
f 1515//1515 1512//1512 2070//2070
f 1514//1514 1515//1515 2070//2070
f 1516//1516 1514//1514 2070//2070
f 1511//1511 1516//1516 2070//2070
f 1509//1509 1511//1511 2070//2070
f 1509//1509 2070//2070 2072//2072
f 1520//1520 1509//1509 2072//2072
f 1523//1523 1520//1520 2072//2072
f 1522//1522 1523//1523 2072//2072
f 1521//1521 1522//1522 2072//2072
f 1518//1518 2072//2072 1517//1517
f 2072//2072 1518//1518 1521//1521
f 1519//1519 1517//1517 2062//2062
f 1535//1535 1519//1519 2062//2062
f 1536//1536 1535//1535 2062//2062
f 1537//1537 1536//1536 2062//2062
f 2062//2062 1694//1694 1537//1537
f 2062//2062 1539//1539 1694//1694
f 1539//1539 2062//2062 2116//2116
f 1538//1538 1539//1539 2116//2116
f 1220//1220 1538//1538 2116//2116
f 2122//2122 1227//1227 2143//2143
f 2143//2143 1227//1227 1226//1226
f 1231//1231 2143//2143 1226//1226
f 1232//1232 1696//1696 2143//2143
f 1236//1236 1232//1232 2143//2143
f 1696//1696 1212//1212 2143//2143
f 1212//1212 1213//1213 2143//2143
f 1544//1544 1225//1225 2122//2122
f 1543//1543 1544//1544 2122//2122
f 1543//1543 2122//2122 1542//1542
f 1541//1541 1542//1542 2119//2119
f 1540//1540 1541//1541 2119//2119
f 1229//1229 1540//1540 2119//2119
f 1274//1274 1229//1229 2119//2119
f 1547//1547 1274//1274 2119//2119
f 1548//1548 1547//1547 2119//2119
f 1548//1548 2119//2119 2121//2121
f 1549//1549 1548//1548 2121//2121
f 1550//1550 1549//1549 2121//2121
f 1551//1551 1550//1550 2121//2121
f 1552//1552 1551//1551 2121//2121
f 1553//1553 1552//1552 2121//2121
f 1554//1554 1553//1553 2121//2121
f 1556//1556 1554//1554 2121//2121
f 2121//2121 1555//1555 1556//1556
f 1555//1555 2121//2121 1693//1693
f 1563//1563 910//910 1230//1230
f 639//639 910//910 1563//1563
f 647//647 639//639 1563//1563
f 647//647 1563//1563 646//646
f 645//645 646//646 1263//1263
f 912//912 645//645 1263//1263
f 911//911 912//912 1263//1263
f 913//913 911//911 1263//1263
f 914//914 913//913 1263//1263
f 914//914 1263//1263 915//915
f 1263//1263 642//642 643//643
f 1266//1266 642//642 1263//1263
f 1569//1569 1565//1565 2244//2244
f 1565//1565 1557//1557 2244//2244
f 1557//1557 1262//1262 2244//2244
f 1262//1262 1264//1264 2244//2244
f 2244//2244 1264//1264 2021//2021
f 2177//2177 1692//1692 2244//2244
f 2244//2244 1692//1692 1566//1566
f 1561//1561 1692//1692 2177//2177
f 1560//1560 1561//1561 2177//2177
f 1585//1585 1560//1560 2177//2177
f 1559//1559 1585//1585 2177//2177
f 1558//1558 1559//1559 2177//2177
f 1590//1590 1558//1558 2177//2177
f 1590//1590 2177//2177 1267//1267
f 1265//1265 1267//1267 2195//2195
f 1591//1591 1265//1265 2195//2195
f 1592//1592 1591//1591 2195//2195
f 1594//1594 1592//1592 2195//2195
f 2195//2195 1593//1593 1594//1594
f 1812//1812 1593//1593 2195//2195
f 1996//1996 1300//1300 1813//1813
f 1813//1813 1300//1300 1691//1691
f 1813//1813 1691//1691 1690//1690
f 1813//1813 1690//1690 1296//1296
f 1689//1689 1301//1301 1996//1996
f 1689//1689 1996//1996 1688//1688
f 1996//1996 1686//1686 1688//1688
f 1996//1996 1442//1442 1687//1687
f 1996//1996 1304//1304 1442//1442
f 1996//1996 1305//1305 1304//1304
f 1996//1996 1687//1687 1686//1686
f 1301//1301 1300//1300 1996//1996
f 2220//2220 2397//2397 2213//2213
f 2213//2213 2397//2397 2214//2214
f 2214//2214 2397//2397 2219//2219
f 1977//1977 2397//2397 1978//1978
f 1976//1976 2397//2397 1977//1977
f 1976//1976 2217//2217 2397//2397
f 2216//2216 2397//2397 2217//2217
f 2215//2215 2397//2397 2216//2216
f 2218//2218 2397//2397 2215//2215
f 2397//2397 2218//2218 2219//2219
f 2221//2221 2397//2397 2220//2220
f 2222//2222 2397//2397 2221//2221
f 2397//2397 2222//2222 2223//2223
f 2224//2224 2397//2397 2223//2223
f 2397//2397 2224//2224 1955//1955
f 1955//1955 1954//1954 2397//2397
f 1985//1985 2397//2397 1954//1954
f 2397//2397 1985//1985 1984//1984
f 2225//2225 2397//2397 1984//1984
f 2226//2226 2397//2397 2225//2225
f 2227//2227 2397//2397 2226//2226
f 1991//1991 2397//2397 2227//2227
f 2397//2397 1991//1991 1990//1990
f 2397//2397 1990//1990 2228//2228
f 2397//2397 2228//2228 2229//2229
f 2397//2397 2229//2229 2230//2230
f 2397//2397 2230//2230 2231//2231
f 2232//2232 2397//2397 2231//2231
f 2397//2397 2232//2232 1998//1998
f 1997//1997 2397//2397 1998//1998
f 2397//2397 1997//1997 1999//1999
f 2397//2397 1999//1999 2233//2233
f 2234//2234 2397//2397 2233//2233
f 2397//2397 2234//2234 2236//2236
f 2235//2235 2397//2397 2236//2236
f 2397//2397 2235//2235 2237//2237
f 2397//2397 2237//2237 2238//2238
f 2397//2397 2238//2238 2240//2240
f 2011//2011 2397//2397 2240//2240
f 2397//2397 2011//2011 2010//2010
f 2397//2397 2010//2010 2239//2239
f 2397//2397 2239//2239 2241//2241
f 2242//2242 2397//2397 2241//2241
f 2397//2397 2242//2242 2243//2243
f 2397//2397 2243//2243 2194//2194
f 2397//2397 2194//2194 2196//2196
f 2397//2397 2196//2196 2197//2197
f 2201//2201 2397//2397 2197//2197
f 2202//2202 2397//2397 2201//2201
f 2211//2211 2397//2397 2202//2202
f 2397//2397 2199//2199 2200//2200
f 2210//2210 2397//2397 2200//2200
f 2203//2203 2397//2397 2210//2210
f 2397//2397 2203//2203 2204//2204
f 2209//2209 2397//2397 2204//2204
f 2397//2397 2205//2205 2206//2206
f 2207//2207 2397//2397 2206//2206
f 2176//2176 2397//2397 2207//2207
f 2397//2397 2176//2176 2208//2208
f 2397//2397 2208//2208 2178//2178
f 2205//2205 2397//2397 2209//2209
f 2397//2397 2211//2211 2199//2199
f 1598//1598 1593//1593 1812//1812
f 1597//1597 1598//1598 1812//1812
f 1599//1599 1597//1597 1812//1812
f 1600//1600 1599//1599 1812//1812
f 1589//1589 1600//1600 1812//1812
f 1588//1588 1589//1589 1812//1812
f 1605//1605 1588//1588 1812//1812
f 1596//1596 1605//1605 1812//1812
f 1595//1595 1596//1596 1812//1812
f 1609//1609 1595//1595 1812//1812
f 1812//1812 1685//1685 1609//1609
f 1684//1684 1685//1685 1848//1848
f 1848//1848 1608//1608 1684//1684
f 1606//1606 1608//1608 1831//1831
f 1612//1612 1606//1606 1831//1831
f 1610//1610 1612//1612 1831//1831
f 1613//1613 1610//1610 1831//1831
f 1831//1831 1683//1683 1613//1613
f 1614//1614 1621//1621 1842//1842
f 1623//1623 1614//1614 1842//1842
f 1618//1618 1623//1623 1842//1842
f 1618//1618 1842//1842 2179//2179
f 1618//1618 2179//2179 1617//1617
f 1617//1617 2179//2179 1619//1619
f 1619//1619 2179//2179 2181//2181
f 1622//1622 1619//1619 2181//2181
f 1616//1616 1622//1622 2181//2181
f 1630//1630 1616//1616 2181//2181
f 1269//1269 1630//1630 2181//2181
f 1269//1269 2181//2181 2183//2183
f 1270//1270 1269//1269 2183//2183
f 2183//2183 1268//1268 1270//1270
f 1268//1268 2183//2183 2185//2185
f 1639//1639 1268//1268 2185//2185
f 1807//1807 2185//2185 1638//1638
f 1639//1639 2185//2185 1807//1807
f 1638//1638 2185//2185 2187//2187
f 1636//1636 1638//1638 2187//2187
f 1635//1635 1636//1636 2187//2187
f 1635//1635 2187//2187 2189//2189
f 1634//1634 1635//1635 2189//2189
f 2189//2189 1644//1644 1634//1634
f 1272//1272 1644//1644 2190//2190
f 1645//1645 1272//1272 2190//2190
f 1646//1646 1645//1645 2190//2190
f 1646//1646 2190//2190 2193//2193
f 1647//1647 1646//1646 2193//2193
f 1239//1239 1647//1647 2193//2193
f 1649//1649 1239//1239 2193//2193
f 2193//2193 2192//2192 1649//1649
f 1649//1649 2192//2192 1678//1678
f 1656//1656 1678//1678 2191//2191
f 1278//1278 1656//1656 2191//2191
f 1279//1279 1278//1278 2191//2191
f 1279//1279 2191//2191 2188//2188
f 1648//1648 1279//1279 2188//2188
f 2188//2188 1677//1677 1648//1648
f 1660//1660 1677//1677 2186//2186
f 2186//2186 1651//1651 1660//1660
f 2184//2184 1651//1651 2186//2186
f 1652//1652 1651//1651 2184//2184
f 2184//2184 1676//1676 1652//1652
f 1662//1662 1675//1675 2182//2182
f 1662//1662 2182//2182 1671//1671
f 1658//1658 1671//1671 2180//2180
f 1659//1659 1658//1658 2180//2180
f 2180//2180 1670//1670 1659//1659
f 1241//1241 1668//1668 1844//1844
f 1241//1241 1844//1844 1242//1242
f 1661//1661 1242//1242 1843//1843
f 1284//1284 1661//1661 1843//1843
f 1285//1285 1284//1284 1843//1843
f 1832//1832 1285//1285 1843//1843
f 1669//1669 1285//1285 1832//1832
f 1242//1242 1844//1844 1843//1843
f 1844//1844 1668//1668 2180//2180
f 2180//2180 1668//1668 1670//1670
f 1671//1671 2182//2182 2180//2180
f 2182//2182 1675//1675 2184//2184
f 1657//1657 966//966 1237//1237
f 1237//1237 966//966 968//968
f 1237//1237 968//968 967//967
f 1237//1237 967//967 969//969
f 1237//1237 969//969 970//970
f 1237//1237 970//970 717//717
f 1237//1237 717//717 710//710
f 827//827 965//965 1657//1657
f 1657//1657 828//828 827//827
f 1657//1657 725//725 828//828
f 1657//1657 726//726 725//725
f 965//965 966//966 1657//1657
f 2184//2184 1675//1675 1676//1676
f 1677//1677 2188//2188 2186//2186
f 1678//1678 2192//2192 2191//2191
f 1238//1238 938//938 1271//1271
f 939//939 1271//1271 938//938
f 964//964 1271//1271 939//939
f 916//916 522//522 1271//1271
f 522//522 524//524 1271//1271
f 524//524 940//940 1271//1271
f 940//940 943//943 1271//1271
f 943//943 941//941 1271//1271
f 1271//1271 941//941 1615//1615
f 1615//1615 941//941 942//942
f 963//963 1615//1615 942//942
f 945//945 946//946 1615//1615
f 946//946 947//947 1615//1615
f 1615//1615 947//947 1611//1611
f 962//962 1611//1611 947//947
f 949//949 950//950 1611//1611
f 951//951 1611//1611 950//950
f 1611//1611 951//951 1607//1607
f 952//952 1607//1607 951//951
f 961//961 1607//1607 952//952
f 948//948 1607//1607 953//953
f 948//948 634//634 1607//1607
f 634//634 644//644 1607//1607
f 644//644 956//956 1607//1607
f 956//956 1584//1584 1607//1607
f 960//960 1584//1584 956//956
f 954//954 955//955 1584//1584
f 955//955 957//957 1584//1584
f 957//957 1266//1266 1584//1584
f 958//958 1266//1266 957//957
f 636//636 638//638 1266//1266
f 638//638 917//917 1266//1266
f 958//958 636//636 1266//1266
f 959//959 954//954 1584//1584
f 959//959 1584//1584 960//960
f 1607//1607 961//961 953//953
f 962//962 949//949 1611//1611
f 963//963 945//945 1615//1615
f 921//921 922//922 1238//1238
f 919//919 921//921 1238//1238
f 918//918 919//919 1238//1238
f 920//920 918//918 1238//1238
f 923//923 920//920 1238//1238
f 519//519 923//923 1238//1238
f 519//519 1238//1238 517//517
f 521//521 517//517 1252//1252
f 1252//1252 520//520 521//521
f 1254//1254 520//520 1252//1252
f 925//925 520//520 1254//1254
f 924//924 925//925 1254//1254
f 659//659 924//924 1254//1254
f 1254//1254 649//649 659//659
f 926//926 649//649 1641//1641
f 1641//1641 648//648 926//926
f 1251//1251 648//648 1641//1641
f 1643//1643 930//930 1250//1250
f 1250//1250 930//930 931//931
f 931//931 859//859 1250//1250
f 859//859 932//932 1250//1250
f 1250//1250 932//932 1234//1234
f 932//932 936//936 1234//1234
f 936//936 934//934 1234//1234
f 934//934 933//933 1234//1234
f 933//933 1133//1133 1234//1234
f 937//937 1133//1133 933//933
f 851//851 928//928 1643//1643
f 1643//1643 852//852 851//851
f 1643//1643 927//927 852//852
f 824//824 823//823 1642//1642
f 1642//1642 712//712 824//824
f 1253//1253 712//712 1642//1642
f 1642//1642 823//823 1643//1643
f 1643//1643 823//823 927//927
f 928//928 929//929 1643//1643
f 929//929 930//930 1643//1643
f 649//649 1254//1254 1641//1641
f 964//964 916//916 1271//1271
f 938//938 1238//1238 922//922
f 2190//2190 1644//1644 2189//2189
f 1621//1621 1833//1833 1842//1842
f 1833//1833 1621//1621 1682//1682
f 1682//1682 1683//1683 1833//1833
f 1683//1683 1831//1831 1833//1833
f 1685//1685 1812//1812 1848//1848
f 1267//1267 2177//2177 2195//2195
f 2245//2245 2397//2397 2178//2178
f 2397//2397 2245//2245 2246//2246
f 2248//2248 2397//2397 2246//2246
f 2026//2026 2397//2397 2248//2248
f 2397//2397 2026//2026 2028//2028
f 2027//2027 2397//2397 2028//2028
f 2029//2029 2397//2397 2027//2027
f 2074//2074 2397//2397 2029//2029
f 2397//2397 2074//2074 2147//2147
f 2020//2020 2397//2397 2147//2147
f 2022//2022 2397//2397 2175//2175
f 2397//2397 2022//2022 2146//2146
f 2173//2173 2397//2397 2146//2146
f 2397//2397 2174//2174 2152//2152
f 2035//2035 2397//2397 2152//2152
f 2037//2037 2397//2397 2172//2172
f 2036//2036 2397//2397 2037//2037
f 2153//2153 2397//2397 2036//2036
f 2171//2171 2397//2397 2153//2153
f 2397//2397 2154//2154 2132//2132
f 2156//2156 2397//2397 2132//2132
f 2397//2397 2155//2155 2133//2133
f 2170//2170 2397//2397 2133//2133
f 2120//2120 2397//2397 2170//2170
f 2397//2397 2120//2120 2135//2135
f 2169//2169 2397//2397 2135//2135
f 2157//2157 2397//2397 2158//2158
f 2129//2129 2397//2397 2157//2157
f 2397//2397 2129//2129 2160//2160
f 2131//2131 2130//2130 2397//2397
f 2160//2160 2131//2131 2397//2397
f 2130//2130 2123//2123 2397//2397
f 2397//2397 2123//2123 2163//2163
f 2397//2397 2163//2163 2142//2142
f 2397//2397 2142//2142 2164//2164
f 2397//2397 2164//2164 2165//2165
f 2166//2166 2397//2397 2165//2165
f 2138//2138 2397//2397 2166//2166
f 2397//2397 2138//2138 2139//2139
f 2397//2397 2139//2139 2141//2141
f 2397//2397 2141//2141 2140//2140
f 2397//2397 2169//2169 2158//2158
f 2155//2155 2397//2397 2156//2156
f 2154//2154 2397//2397 2171//2171
f 2397//2397 2035//2035 2172//2172
f 2021//2021 1568//1568 2151//2151
f 1583//1583 2151//2151 1568//1568
f 1582//1582 1579//1579 2151//2151
f 1579//1579 1562//1562 2151//2151
f 1562//1562 1564//1564 2151//2151
f 1573//1573 1574//1574 2021//2021
f 1574//1574 1575//1575 2021//2021
f 1575//1575 1567//1567 2021//2021
f 1583//1583 1582//1582 2151//2151
f 1567//1567 1568//1568 2021//2021
f 2174//2174 2397//2397 2173//2173
f 2175//2175 2397//2397 2020//2020
f 2021//2021 1264//1264 1573//1573
f 1566//1566 1569//1569 2244//2244
f 917//917 642//642 1266//1266
f 915//915 1263//1263 643//643
f 646//646 1563//1563 1263//1263
f 1693//1693 2151//2151 1564//1564
f 2151//2151 1693//1693 2121//2121
f 1542//1542 2122//2122 2119//2119
f 1236//1236 2143//2143 1231//1231
f 1225//1225 1227//1227 2122//2122
f 2397//2397 2140//2140 2136//2136
f 2137//2137 2397//2397 2136//2136
f 2397//2397 2137//2137 2124//2124
f 2397//2397 2124//2124 2126//2126
f 2397//2397 2126//2126 2125//2125
f 2397//2397 2125//2125 2128//2128
f 2397//2397 2128//2128 2127//2127
f 2397//2397 2127//2127 2249//2249
f 2397//2397 2249//2249 2251//2251
f 2397//2397 2251//2251 2252//2252
f 2397//2397 2252//2252 2115//2115
f 2397//2397 2115//2115 2117//2117
f 2397//2397 2117//2117 2144//2144
f 2397//2397 2144//2144 2250//2250
f 2250//2250 2254//2254 2397//2397
f 2256//2256 2302//2302 2397//2397
f 2254//2254 2256//2256 2397//2397
f 2397//2397 2302//2302 2255//2255
f 2397//2397 2255//2255 2257//2257
f 2397//2397 2257//2257 2061//2061
f 2397//2397 2061//2061 2051//2051
f 2397//2397 2051//2051 2053//2053
f 2052//2052 2112//2112 2397//2397
f 2053//2053 2052//2052 2397//2397
f 2113//2113 2075//2075 2397//2397
f 2397//2397 2075//2075 2076//2076
f 2397//2397 2076//2076 2078//2078
f 2397//2397 2078//2078 2079//2079
f 2079//2079 2086//2086 2397//2397
f 2086//2086 2081//2081 2397//2397
f 2397//2397 2081//2081 2071//2071
f 2071//2071 2091//2091 2397//2397
f 2091//2091 2092//2092 2397//2397
f 2397//2397 2092//2092 2090//2090
f 2090//2090 2089//2089 2397//2397
f 2089//2089 2087//2087 2397//2397
f 2087//2087 2088//2088 2397//2397
f 2397//2397 2088//2088 2096//2096
f 2397//2397 2096//2096 2095//2095
f 2397//2397 2095//2095 2097//2097
f 2397//2397 2097//2097 2100//2100
f 2111//2111 2397//2397 2100//2100
f 2083//2083 2397//2397 2103//2103
f 2397//2397 2083//2083 2085//2085
f 2107//2107 2397//2397 2085//2085
f 2397//2397 2104//2104 2069//2069
f 2099//2099 2397//2397 2069//2069
f 2397//2397 2105//2105 2068//2068
f 2397//2397 2098//2098 2106//2106
f 2397//2397 2106//2106 2105//2105
f 2397//2397 2099//2099 2098//2098
f 2104//2104 2397//2397 2109//2109
f 2397//2397 2107//2107 2109//2109
f 2397//2397 2111//2111 2103//2103
f 2112//2112 2113//2113 2397//2397
f 2062//2062 1517//1517 2072//2072
f 1219//1219 881//881 1510//1510
f 1510//1510 881//881 884//884
f 882//882 1510//1510 884//884
f 882//882 583//583 1510//1510
f 583//583 599//599 1510//1510
f 599//599 883//883 1510//1510
f 883//883 1505//1505 1510//1510
f 1505//1505 889//889 906//906
f 1505//1505 883//883 889//889
f 885//885 603//603 1505//1505
f 603//603 1488//1488 1505//1505
f 903//903 1488//1488 603//603
f 1488//1488 890//890 888//888
f 888//888 604//604 1488//1488
f 604//604 605//605 1488//1488
f 605//605 891//891 1488//1488
f 891//891 1485//1485 1488//1488
f 891//891 892//892 1485//1485
f 892//892 597//597 1485//1485
f 1485//1485 602//602 893//893
f 1485//1485 597//597 602//602
f 893//893 894//894 1485//1485
f 894//894 896//896 1485//1485
f 896//896 1154//1154 1485//1485
f 1525//1525 1524//1524 2063//2063
f 1524//1524 1223//1223 2063//2063
f 1223//1223 1224//1224 2063//2063
f 1224//1224 1206//1206 2063//2063
f 1206//1206 1207//1207 2063//2063
f 1208//1208 1527//1527 2055//2055
f 1527//1527 1153//1153 2055//2055
f 1153//1153 1155//1155 2055//2055
f 1155//1155 1528//1528 2055//2055
f 1528//1528 1166//1166 2054//2054
f 1166//1166 1167//1167 2054//2054
f 1167//1167 1172//1172 2054//2054
f 1172//1172 1529//1529 2054//2054
f 1529//1529 1526//1526 2054//2054
f 1526//1526 1499//1499 2054//2054
f 1499//1499 2043//2043 2054//2054
f 1499//1499 1500//1500 2043//2043
f 1500//1500 1530//1530 2043//2043
f 1530//1530 1203//1203 2043//2043
f 1203//1203 1533//1533 2043//2043
f 1821//1821 1533//1533 1531//1531
f 1821//1821 1531//1531 1532//1532
f 1532//1532 1210//1210 1821//1821
f 1210//1210 1211//1211 1821//1821
f 1211//1211 1209//1209 1821//1821
f 1209//1209 1194//1194 1821//1821
f 1165//1165 895//895 1204//1204
f 587//587 895//895 1165//1165
f 601//601 587//587 1165//1165
f 1165//1165 600//600 601//601
f 901//901 600//600 1154//1154
f 900//900 901//901 1154//1154
f 595//595 900//900 1154//1154
f 899//899 595//595 1154//1154
f 899//899 1154//1154 902//902
f 600//600 1165//1165 1154//1154
f 1208//1208 2055//2055 1207//1207
f 902//902 1154//1154 896//896
f 903//903 890//890 1488//1488
f 906//906 885//885 1505//1505
f 606//606 607//607 1219//1219
f 607//607 880//880 1219//1219
f 880//880 881//881 1219//1219
f 2070//2070 1508//1508 2084//2084
f 2084//2084 1489//1489 2067//2067
f 2063//2063 1498//1498 1525//1525
f 2108//2108 2397//2397 2068//2068
f 2397//2397 2108//2108 2110//2110
f 2073//2073 2397//2397 2110//2110
f 1207//1207 2055//2055 2063//2063
f 2094//2094 2397//2397 2102//2102
f 2397//2397 2094//2094 2093//2093
f 2066//2066 2397//2397 2093//2093
f 1528//1528 2054//2054 2055//2055
f 2258//2258 2397//2397 2058//2058
f 2077//2077 2397//2397 2082//2082
f 2260//2260 2397//2397 2049//2049
f 1533//1533 1821//1821 2043//2043
f 2047//2047 2397//2397 2118//2118
f 2397//2397 2047//2047 2046//2046
f 2397//2397 2046//2046 2048//2048
f 2397//2397 2048//2048 2114//2114
f 2042//2042 2397//2397 1822//1822
f 2134//2134 2397//2397 2042//2042
f 2397//2397 2039//2039 2262//2262
f 2397//2397 2262//2262 2041//2041
f 1840//1840 2397//2397 2041//2041
f 2161//2161 2397//2397 2162//2162
f 2397//2397 2038//2038 2168//2168
f 2397//2397 2168//2168 2167//2167
f 2033//2033 2397//2397 2167//2167
f 2034//2034 2397//2397 2033//2033
f 2032//2032 2397//2397 2034//2034
f 2030//2030 2397//2397 2032//2032
f 2397//2397 2030//2030 2031//2031
f 2397//2397 2031//2031 2023//2023
f 2025//2025 2397//2397 2023//2023
f 2397//2397 2025//2025 2017//2017
f 2019//2019 2397//2397 2017//2017
f 2397//2397 2019//2019 2018//2018
f 2397//2397 2018//2018 2150//2150
f 2149//2149 2397//2397 2150//2150
f 2397//2397 2149//2149 2148//2148
f 2247//2247 2397//2397 2148//2148
f 2266//2266 2397//2397 2198//2198
f 2397//2397 2266//2266 2263//2263
f 2264//2264 2397//2397 2263//2263
f 2397//2397 2264//2264 2265//2265
f 2397//2397 2265//2265 2267//2267
f 2397//2397 2267//2267 2268//2268
f 2397//2397 2268//2268 2269//2269
f 2269//2269 1946//1946 2397//2397
f 1947//1947 2397//2397 1946//1946
f 2015//2015 2397//2397 1947//1947
f 1943//1943 2397//2397 2014//2014
f 2397//2397 1943//1943 1937//1937
f 2397//2397 1937//1937 1939//1939
f 2012//2012 2397//2397 1939//1939
f 1948//1948 2397//2397 1952//1952
f 1950//1950 2397//2397 1948//1948
f 1950//1950 1951//1951 2397//2397
f 2008//2008 2397//2397 1951//1951
f 1959//1959 2397//2397 1960//1960
f 1956//1956 2397//2397 1959//1959
f 2397//2397 1956//1956 1958//1958
f 2002//2002 2397//2397 1958//1958
f 1940//1940 2397//2397 1963//1963
f 1942//1942 2397//2397 1940//1940
f 1994//1994 2397//2397 1942//1942
f 1969//1969 2397//2397 1962//1962
f 2397//2397 1969//1969 1964//1964
f 1964//1964 1965//1965 2397//2397
f 1987//1987 2397//2397 1965//1965
f 1961//1961 1293//1293 1967//1967
f 1961//1961 1291//1291 1293//1293
f 1961//1961 1430//1430 1483//1483
f 1961//1961 1429//1429 1430//1430
f 1961//1961 1446//1446 1429//1429
f 1961//1961 1322//1322 1445//1445
f 1961//1961 1319//1319 1322//1322
f 1961//1961 1447//1447 1319//1319
f 1444//1444 1481//1481 1941//1941
f 1941//1941 1443//1443 1444//1444
f 1941//1941 1480//1480 1443//1443
f 1941//1941 1450//1450 1479//1479
f 1941//1941 1428//1428 1450//1450
f 1941//1941 1427//1427 1428//1428
f 1311//1311 872//872 1309//1309
f 1309//1309 872//872 873//873
f 1309//1309 873//873 874//874
f 1309//1309 874//874 875//875
f 875//875 876//876 1309//1309
f 876//876 877//877 1309//1309
f 1309//1309 877//877 1292//1292
f 1292//1292 877//877 825//825
f 1292//1292 825//825 878//878
f 1292//1292 878//878 879//879
f 879//879 830//830 1292//1292
f 1311//1311 833//833 871//871
f 1311//1311 870//870 833//833
f 1317//1317 719//719 718//718
f 1317//1317 718//718 1311//1311
f 1957//1957 1318//1318 1470//1470
f 1957//1957 1470//1470 1471//1471
f 1957//1957 1471//1471 1472//1472
f 1957//1957 1472//1472 1473//1473
f 1957//1957 1473//1473 1475//1475
f 1957//1957 1475//1475 1476//1476
f 1957//1957 1476//1476 1477//1477
f 1957//1957 1477//1477 1478//1478
f 1478//1478 1474//1474 1957//1957
f 1474//1474 1453//1453 1957//1957
f 1438//1438 1316//1316 1949//1949
f 1949//1949 1437//1437 1438//1438
f 1949//1949 1454//1454 1455//1455
f 1949//1949 1455//1455 1437//1437
f 1949//1949 1452//1452 1454//1454
f 1949//1949 1451//1451 1452//1452
f 1949//1949 1468//1468 1451//1451
f 1949//1949 1449//1449 1468//1468
f 1949//1949 1448//1448 1449//1449
f 1949//1949 1461//1461 1448//1448
f 1459//1459 1460//1460 1938//1938
f 1938//1938 1458//1458 1459//1459
f 1938//1938 1467//1467 1458//1458
f 1938//1938 1463//1463 1465//1465
f 1938//1938 1462//1462 1463//1463
f 1938//1938 1464//1464 1462//1462
f 1938//1938 1441//1441 1464//1464
f 1938//1938 1465//1465 1466//1466
f 1938//1938 1466//1466 1467//1467
f 1460//1460 1461//1461 1938//1938
f 1434//1434 817//817 1317//1317
f 1317//1317 817//817 735//735
f 1317//1317 735//735 822//822
f 275//275 734//734 732//732
f 842//842 731//731 1434//1434
f 1434//1434 841//841 842//842
f 1434//1434 843//843 841//841
f 268//268 732//732 844//844
f 846//846 858//858 1282//1282
f 1282//1282 845//845 846//846
f 1282//1282 854//854 845//845
f 855//855 856//856 1246//1246
f 1246//1246 847//847 855//855
f 856//856 848//848 1246//1246
f 849//849 1246//1246 848//848
f 853//853 1246//1246 849//849
f 1246//1246 853//853 1282//1282
f 1850//1850 1433//1433 1456//1456
f 1456//1456 1457//1457 1850//1850
f 1282//1282 853//853 854//854
f 858//858 861//861 1282//1282
f 1282//1282 861//861 1434//1434
f 1434//1434 861//861 843//843
f 1434//1434 731//731 733//733
f 857//857 1434//1434 733//733
f 817//817 1434//1434 857//857
f 1316//1316 1318//1318 1949//1949
f 822//822 719//719 1317//1317
f 1311//1311 718//718 869//869
f 869//869 870//870 1311//1311
f 274//274 826//826 734//734
f 1311//1311 871//871 872//872
f 1941//1941 1453//1453 1310//1310
f 1941//1941 1310//1310 1427//1427
f 1941//1941 1479//1479 1480//1480
f 1481//1481 1447//1447 1941//1941
f 1961//1961 1445//1445 1446//1446
f 1483//1483 1291//1291 1961//1961
f 1966//1966 2397//2397 1970//1970
f 2397//2397 1966//1966 1968//1968
f 1982//1982 2397//2397 1968//1968
f 1972//1972 2397//2397 1974//1974
f 2397//2397 1972//1972 1973//1973
f 1979//1979 2397//2397 1973//1973
f 1975//1975 2397//2397 1980//1980
f 1971//1971 2397//2397 1975//1975
f 2397//2397 1971//1971 1929//1929
f 2397//2397 1929//1929 1931//1931
f 2397//2397 1979//1979 1980//1980
f 2397//2397 1981//1981 1974//1974
f 2397//2397 1983//1983 1981//1981
f 1983//1983 2397//2397 1982//1982
f 2397//2397 1986//1986 1970//1970
f 1986//1986 2397//2397 1988//1988
f 2397//2397 1987//1987 1988//1988
f 1941//1941 1447//1447 1961//1961
f 1992//1992 1962//1962 2397//2397
f 1992//1992 2397//2397 1993//1993
f 1993//1993 2397//2397 1995//1995
f 2397//2397 1994//1994 1995//1995
f 1957//1957 1453//1453 1941//1941
f 1963//1963 2397//2397 2000//2000
f 2397//2397 2001//2001 2000//2000
f 2001//2001 2397//2397 2003//2003
f 2397//2397 2002//2002 2003//2003
f 1949//1949 1318//1318 1957//1957
f 1960//1960 2397//2397 2004//2004
f 2004//2004 2397//2397 2005//2005
f 2397//2397 2006//2006 2005//2005
f 2397//2397 2007//2007 2006//2006
f 2397//2397 2009//2009 2007//2007
f 2009//2009 2397//2397 2008//2008
f 1938//1938 1461//1461 1949//1949
f 1952//1952 2397//2397 2013//2013
f 2397//2397 2012//2012 2013//2013
f 2014//2014 2397//2397 2016//2016
f 2397//2397 2015//2015 2016//2016
f 1457//1457 1281//1281 1850//1850
f 1802//1802 2273//2273 1828//1828
f 1850//1850 1432//1432 1433//1433
f 2271//2271 1277//1277 1247//1247
f 1246//1246 840//840 847//847
f 1248//1248 657//657 658//658
f 724//724 269//269 270//270
f 724//724 270//270 271//271
f 724//724 231//231 844//844
f 267//267 268//268 844//844
f 268//268 272//272 732//732
f 272//272 275//275 732//732
f 275//275 273//273 734//734
f 273//273 274//274 734//734
f 274//274 276//276 826//826
f 276//276 277//277 826//826
f 826//826 277//277 779//779
f 779//779 266//266 279//279
f 779//779 279//279 280//280
f 1292//1292 830//830 778//778
f 1967//1967 1293//1293 1334//1334
f 1967//1967 1425//1425 1930//1930
f 1930//1930 1425//1425 1426//1426
f 1930//1930 1424//1424 1423//1423
f 1935//1935 2397//2397 1931//1931
f 2397//2397 1935//1935 1936//1936
f 1845//1845 2397//2397 1936//1936
f 2397//2397 1845//1845 1847//1847
f 2298//2298 2397//2397 1847//1847
f 2299//2299 2397//2397 2298//2298
f 2397//2397 2299//2299 1925//1925
f 2397//2397 1925//1925 1926//1926
f 2397//2397 1926//1926 1927//1927
f 2397//2397 1927//1927 1928//1928
f 1933//1933 2397//2397 1928//1928
f 2397//2397 1932//1932 1900//1900
f 2397//2397 1900//1900 1871//1871
f 1932//1932 2397//2397 1934//1934
f 1934//1934 2397//2397 1933//1933
f 1846//1846 1406//1406 1415//1415
f 864//864 1405//1405 974//974
f 745//745 1405//1405 864//864
f 819//819 820//820 1364//1364
f 1901//1901 1390//1390 1363//1363
f 1901//1901 1413//1413 1414//1414
f 1901//1901 1414//1414 1773//1773
f 1901//1901 1773//1773 1774//1774
f 1774//1774 1775//1775 1901//1901
f 1855//1855 2397//2397 1871//1871
f 2397//2397 1855//1855 1857//1857
f 1909//1909 2397//2397 1857//1857
f 2397//2397 1909//1909 1910//1910
f 2300//2300 2397//2397 1910//1910
f 2397//2397 2300//2300 1870//1870
f 1865//1865 2397//2397 1870//1870
f 2397//2397 1865//1865 1867//1867
f 1922//1922 2397//2397 1867//1867
f 1862//1862 2397//2397 1875//1875
f 2397//2397 1862//1862 1864//1864
f 1904//1904 2397//2397 1864//1864
f 1863//1863 1349//1349 1873//1873
f 1873//1873 1349//1349 1345//1345
f 1873//1873 1345//1345 1347//1347
f 1873//1873 1347//1347 1348//1348
f 1873//1873 1348//1348 1350//1350
f 1873//1873 1350//1350 1351//1351
f 1873//1873 1351//1351 1352//1352
f 1352//1352 1354//1354 1873//1873
f 1387//1387 1388//1388 1866//1866
f 1866//1866 1386//1386 1387//1387
f 1354//1354 1356//1356 1873//1873
f 1873//1873 1356//1356 1883//1883
f 2397//2397 1872//1872 1874//1874
f 1872//1872 2397//2397 1881//1881
f 1892//1892 2397//2397 1874//1874
f 1893//1893 2397//2397 1892//1892
f 2397//2397 1893//1893 1918//1918
f 2397//2397 1918//1918 1886//1886
f 1882//1882 2397//2397 1886//1886
f 2397//2397 1882//1882 1884//1884
f 1885//1885 2397//2397 1884//1884
f 1883//1883 1360//1360 1887//1887
f 1887//1887 1360//1360 1340//1340
f 1887//1887 1340//1340 1342//1342
f 1887//1887 1342//1342 1357//1357
f 1887//1887 1357//1357 1359//1359
f 1359//1359 1361//1361 1887//1887
f 1361//1361 1362//1362 1887//1887
f 1887//1887 1362//1362 1878//1878
f 1894//1894 2397//2397 1888//1888
f 2397//2397 1889//1889 1888//1888
f 1889//1889 2397//2397 1917//1917
f 2397//2397 1890//1890 1916//1916
f 1890//1890 2397//2397 1891//1891
f 2397//2397 1916//1916 1917//1917
f 1880//1880 2397//2397 1894//1894
f 2397//2397 1880//1880 1879//1879
f 2397//2397 1879//1879 1895//1895
f 1915//1915 2397//2397 1895//1895
f 1899//1899 2397//2397 1913//1913
f 2397//2397 1899//1899 1898//1898
f 1912//1912 2397//2397 1898//1898
f 1868//1868 2397//2397 1911//1911
f 1908//1908 2397//2397 1868//1868
f 1903//1903 2397//2397 1907//1907
f 1902//1902 2397//2397 1903//1903
f 1902//1902 1906//1906 2397//2397
f 1905//1905 2397//2397 1906//1906
f 2397//2397 1905//1905 1860//1860
f 1860//1860 1859//1859 2397//2397
f 2397//2397 1908//1908 1907//1907
f 1869//1869 1369//1369 1858//1858
f 1858//1858 1369//1369 1366//1366
f 1858//1858 1366//1366 1368//1368
f 1858//1858 1368//1368 1409//1409
f 1409//1409 1412//1412 1858//1858
f 1367//1367 814//814 1328//1328
f 1328//1328 814//814 815//815
f 1328//1328 815//815 816//816
f 1328//1328 816//816 749//749
f 790//790 789//789 1367//1367
f 1367//1367 753//753 790//790
f 1367//1367 813//813 753//753
f 1358//1358 788//788 812//812
f 1358//1358 812//812 1367//1367
f 1878//1878 1391//1391 1371//1371
f 1878//1878 1371//1371 1370//1370
f 1370//1370 1401//1401 1878//1878
f 1869//1869 1401//1401 1400//1400
f 1869//1869 1400//1400 1399//1399
f 1869//1869 1399//1399 1398//1398
f 1869//1869 1398//1398 1402//1402
f 1403//1403 1869//1869 1402//1402
f 1878//1878 1392//1392 1391//1391
f 1878//1878 1397//1397 1392//1392
f 1878//1878 1393//1393 1396//1396
f 1878//1878 1365//1365 1393//1393
f 1878//1878 1396//1396 1397//1397
f 1358//1358 787//787 788//788
f 786//786 787//787 1358//1358
f 1358//1358 810//810 786//786
f 1341//1341 776//776 810//810
f 1341//1341 774//774 776//776
f 791//791 774//774 1341//1341
f 791//791 1341//1341 811//811
f 775//775 784//784 294//294
f 785//785 795//795 1353//1353
f 1353//1353 783//783 785//785
f 1353//1353 801//801 783//783
f 756//756 803//803 1346//1346
f 1346//1346 755//755 756//756
f 1346//1346 806//806 755//755
f 762//762 287//287 593//593
f 767//767 592//592 1378//1378
f 1378//1378 763//763 767//767
f 1326//1326 763//763 1378//1378
f 1866//1866 1355//1355 1382//1382
f 1866//1866 1382//1382 1383//1383
f 1866//1866 1383//1383 1384//1384
f 1866//1866 1384//1384 1385//1385
f 1866//1866 1385//1385 1386//1386
f 1863//1863 1388//1388 1381//1381
f 1863//1863 1381//1381 1376//1376
f 1863//1863 1376//1376 1377//1377
f 1389//1389 1349//1349 1863//1863
f 1863//1863 1377//1377 1389//1389
f 1378//1378 800//800 1346//1346
f 761//761 763//763 1326//1326
f 802//802 761//761 1326//1326
f 1326//1326 807//807 802//802
f 1326//1326 771//771 808//808
f 1326//1326 805//805 771//771
f 808//808 807//807 1326//1326
f 592//592 594//594 1378//1378
f 799//799 1378//1378 594//594
f 800//800 1378//1378 799//799
f 1346//1346 800//800 806//806
f 1346//1346 803//803 804//804
f 1346//1346 804//804 1353//1353
f 1353//1353 804//804 801//801
f 1353//1353 795//795 1341//1341
f 1883//1883 1374//1374 1380//1380
f 1883//1883 1375//1375 1374//1374
f 1883//1883 1379//1379 1375//1375
f 1883//1883 1373//1373 1379//1379
f 1883//1883 1380//1380 1372//1372
f 1341//1341 795//795 796//796
f 1341//1341 796//796 809//809
f 1341//1341 809//809 798//798
f 1341//1341 798//798 811//811
f 775//775 295//295 754//754
f 1341//1341 810//810 1358//1358
f 1367//1367 812//812 813//813
f 1367//1367 789//789 814//814
f 1869//1869 1403//1403 1369//1369
f 1911//1911 2397//2397 1912//1912
f 1878//1878 1401//1401 1869//1869
f 1913//1913 2397//2397 1914//1914
f 1914//1914 2397//2397 1915//1915
f 1878//1878 1362//1362 1365//1365
f 1372//1372 1360//1360 1883//1883
f 2397//2397 1885//1885 1891//1891
f 1883//1883 1356//1356 1373//1373
f 2397//2397 1919//1919 1881//1881
f 2397//2397 1920//1920 1919//1919
f 1920//1920 2397//2397 1897//1897
f 2397//2397 1896//1896 1897//1897
f 1896//1896 2397//2397 1904//1904
f 1866//1866 1388//1388 1863//1863
f 2397//2397 1877//1877 1875//1875
f 1877//1877 2397//2397 1876//1876
f 1876//1876 2397//2397 1921//1921
f 2397//2397 1922//1922 1921//1921
f 1866//1866 1344//1344 1355//1355
f 1856//1856 1335//1335 1337//1337
f 1326//1326 797//797 805//805
f 1336//1336 781//781 782//782
f 284//284 263//263 746//746
f 772//772 262//262 248//248
f 772//772 260//260 762//762
f 762//762 260//260 261//261
f 762//762 261//261 285//285
f 286//286 287//287 762//762
f 593//593 287//287 288//288
f 593//593 288//288 289//289
f 593//593 290//290 784//784
f 784//784 292//292 294//294
f 294//294 295//295 775//775
f 754//754 295//295 296//296
f 754//754 296//296 293//293
f 297//297 298//298 765//765
f 749//749 748//748 1328//1328
f 1858//1858 1412//1412 1331//1331
f 1861//1861 2397//2397 1859//1859
f 2301//2301 2397//2397 1861//1861
f 1924//1924 2397//2397 2301//2301
f 1924//1924 1923//1923 2397//2397
f 1321//1321 1320//1320 1851//1851
f 1854//1854 1776//1776 1777//1777
f 1854//1854 1482//1482 1778//1778
f 1854//1854 1779//1779 2212//2212
f 2212//2212 1779//1779 1780//1780
f 2212//2212 1780//1780 1784//1784
f 2212//2212 1784//1784 1783//1783
f 2212//2212 1783//1783 1782//1782
f 2212//2212 1781//1781 1953//1953
f 1953//1953 1781//1781 1785//1785
f 1953//1953 1785//1785 1786//1786
f 1953//1953 1787//1787 1989//1989
f 1989//1989 1787//1787 1788//1788
f 1989//1989 1788//1788 1789//1789
f 1989//1989 1789//1789 1790//1790
f 1989//1989 1791//1791 1792//1792
f 1989//1989 1792//1792 1793//1793
f 1989//1989 1305//1305 1996//1996
f 1297//1297 976//976 751//751
f 1294//1294 978//978 977//977
f 1294//1294 979//979 980//980
f 1813//1813 1296//1296 1295//1295
f 1813//1813 1469//1469 1814//1814
f 1814//1814 1469//1469 1794//1794
f 1814//1814 1794//1794 1795//1795
f 1814//1814 1796//1796 1797//1797
f 1814//1814 1797//1797 1798//1798
f 1831//1831 1608//1608 1848//1848
f 1832//1832 1275//1275 1669//1669
f 1849//1849 1245//1245 1134//1134
f 1135//1135 984//984 739//739
f 1136//1136 981//981 985//985
f 1136//1136 818//818 1240//1240
f 1240//1240 818//818 987//987
f 1240//1240 987//987 986//986
f 988//988 989//989 1240//1240
f 1240//1240 726//726 1657//1657
f 721//721 241//241 240//240
f 259//259 256//256 716//716
f 710//710 709//709 1237//1237
f 517//517 1238//1238 1252//1252
f 866//866 715//715 1273//1273
f 713//713 712//712 1253//1253
f 237//237 236//236 708//708
f 711//711 258//258 291//291
f 711//711 281//281 850//850
f 850//850 281//281 303//303
f 850//850 303//303 305//305
f 850//850 305//305 304//304
f 850//850 278//278 860//860
f 860//860 278//278 306//306
f 860//860 307//307 459//459
f 78//78 2396//2396 2304//2304
f 2396//2396 308//308 2395//2395
f 2395//2395 2306//2306 2396//2396
f 2306//2306 2304//2304 2396//2396
f 2303//2303 2305//2305 2312//2312
f 107//107 2303//2303 2392//2392
f 2304//2304 145//145 78//78
f 196//196 223//223 700//700
f 700//700 197//197 196//196
f 702//702 197//197 700//700
f 702//702 697//697 220//220
f 702//702 220//220 221//221
f 702//702 221//221 222//222
f 198//198 219//219 696//696
f 696//696 199//199 198//198
f 696//696 217//217 199//199
f 217//217 691//691 200//200
f 200//200 691//691 674//674
f 129//129 200//200 674//674
f 130//130 129//129 674//674
f 694//694 130//130 674//674
f 687//687 212//212 694//694
f 694//694 212//212 213//213
f 213//213 214//214 694//694
f 214//214 215//215 694//694
f 215//215 216//216 694//694
f 201//201 211//211 687//687
f 194//194 201//201 687//687
f 195//195 194//194 687//687
f 195//195 687//687 210//210
f 687//687 204//204 203//203
f 687//687 205//205 204//204
f 687//687 209//209 205//205
f 206//206 207//207 686//686
f 206//206 686//686 669//669
f 202//202 206//206 669//669
f 686//686 207//207 687//687
f 687//687 207//207 208//208
f 687//687 208//208 209//209
f 210//210 687//687 203//203
f 211//211 212//212 687//687
f 216//216 130//130 694//694
f 696//696 691//691 217//217
f 219//219 697//697 696//696
f 220//220 697//697 219//219
f 222//222 197//197 702//702
f 223//223 703//703 700//700
f 183//183 175//175 707//707
f 183//183 707//707 184//184
f 175//175 174//174 707//707
f 437//437 1032//1032 436//436
f 438//438 706//706 1032//1032
f 439//439 706//706 438//438
f 706//706 440//440 704//704
f 704//704 440//440 441//441
f 442//442 698//698 699//699
f 164//164 692//692 695//695
f 693//693 673//673 371//371
f 693//693 111//111 685//685
f 365//365 670//670 685//685
f 443//443 480//480 156//156
f 1033//1033 690//690 1104//1104
f 672//672 678//678 1100//1100
f 672//672 1100//1100 1249//1249
f 481//481 672//672 1249//1249
f 678//678 679//679 1100//1100
f 479//479 481//481 1249//1249
f 156//156 480//480 668//668
f 128//128 202//202 669//669
f 226//226 80//80 459//459
f 1096//1096 662//662 1038//1038
f 680//680 1106//1106 1095//1095
f 1103//1103 488//488 487//487
f 1105//1105 667//667 666//666
f 690//690 1119//1119 1104//1104
f 464//464 1122//1122 465//465
f 937//937 461//461 1133//1133
f 1117//1117 525//525 527//527
f 656//656 448//448 529//529
f 1039//1039 1235//1235 526//526
f 1251//1251 1233//1233 650//650
f 511//511 648//648 1251//1251
f 118//118 117//117 529//529
f 518//518 510//510 447//447
f 518//518 447//447 449//449
f 635//635 523//523 348//348
f 637//637 633//633 138//138
f 637//637 138//138 343//343
f 98//98 640//640 637//637
f 98//98 99//99 640//640
f 1230//1230 910//910 641//641
f 1228//1228 562//562 1116//1116
f 1116//1116 562//562 632//632
f 567//567 612//612 1114//1114
f 568//568 567//567 1114//1114
f 568//568 1114//1114 566//566
f 566//566 1114//1114 616//616
f 1213//1213 2145//2145 2143//2143
f 1217//1217 1799//1799 2145//2145
f 2145//2145 1799//1799 2116//2116
f 1218//1218 1220//1220 2116//2116
f 612//612 614//614 1114//1114
f 611//611 606//606 1219//1219
f 613//613 451//451 94//94
f 576//576 83//83 425//425
f 1204//1204 895//895 589//589
f 570//570 1030//1030 1187//1187
f 1194//1194 1195//1195 1821//1821
f 1821//1821 1195//1195 1841//1841
f 909//909 1146//1146 1157//1157
f 1836//1836 1216//1216 2024//2024
f 1149//1149 1152//1152 2024//2024
f 1143//1143 1828//1828 1144//1144
f 1147//1147 1801//1801 1828//1828
f 1025//1025 1534//1534 1146//1146
f 1801//1801 1802//1802 1828//1828
f 2273//2273 1802//1802 1803//1803
f 1803//1803 1132//1132 2273//2273
f 1026//1026 557//557 1534//1534
f 556//556 1042//1042 1130//1130
f 404//404 547//547 555//555
f 1042//1042 1043//1043 1130//1130
f 1130//1130 1043//1043 1700//1700
f 554//554 1044//1044 1700//1700
f 1044//1044 1045//1045 1700//1700
f 1045//1045 1046//1046 1700//1700
f 1513//1513 1046//1046 1041//1041
f 402//402 538//538 547//547
f 1041//1041 551//551 1513//1513
f 565//565 1173//1173 550//550
f 565//565 564//564 1173//1173
f 545//545 544//544 1173//1173
f 538//538 396//396 1047//1047
f 544//544 1048//1048 1173//1173
f 1720//1720 1048//1048 1050//1050
f 1050//1050 1049//1049 1259//1259
f 1049//1049 541//541 1259//1259
f 1259//1259 541//541 543//543
f 543//543 542//542 1259//1259
f 971//971 1047//1047 395//395
f 542//542 534//534 1259//1259
f 535//535 972//972 1183//1183
f 1055//1055 1545//1545 972//972
f 971//971 318//318 1051//1051
f 1055//1055 1056//1056 1545//1545
f 1056//1056 1053//1053 1576//1576
f 1054//1054 1057//1057 1729//1729
f 1057//1057 1058//1058 1729//1729
f 1571//1571 1058//1058 1059//1059
f 1060//1060 1051//1051 394//394
f 1059//1059 1061//1061 1571//1571
f 1061//1061 1064//1064 1571//1571
f 1572//1572 1064//1064 1065//1065
f 1065//1065 1063//1063 1572//1572
f 1602//1602 1063//1063 1062//1062
f 322//322 944//944 1060//1060
f 1602//1602 1062//1062 1068//1068
f 1602//1602 1068//1068 531//531
f 1067//1067 1069//1069 1746//1746
f 1746//1746 1069//1069 1070//1070
f 1070//1070 1071//1071 1128//1128
f 1128//1128 1071//1071 1072//1072
f 1128//1128 1072//1072 1129//1129
f 1129//1129 1072//1072 1073//1073
f 944//944 393//393 497//497
f 1073//1073 1074//1074 1129//1129
f 1074//1074 1075//1075 1138//1138
f 1075//1075 516//516 1138//1138
f 516//516 515//515 1138//1138
f 1139//1139 1138//1138 515//515
f 515//515 513//513 1139//1139
f 513//513 512//512 1139//1139
f 1142//1142 1139//1139 512//512
f 1040//1040 1137//1137 1142//1142
f 512//512 514//514 1142//1142
f 514//514 1040//1040 1142//1142
f 1040//1040 1076//1076 1137//1137
f 508//508 507//507 1140//1140
f 1129//1129 1074//1074 1138//1138
f 507//507 505//505 1140//1140
f 1127//1127 1034//1034 1620//1620
f 1620//1620 1034//1034 1035//1035
f 1620//1620 1035//1035 1077//1077
f 1077//1077 1078//1078 1620//1620
f 1078//1078 1079//1079 1745//1745
f 1745//1745 1079//1079 1628//1628
f 1628//1628 683//683 684//684
f 684//684 1080//1080 1628//1628
f 1628//1628 1080//1080 1112//1112
f 502//502 474//474 1110//1110
f 1637//1637 1126//1126 1824//1824
f 1820//1820 1586//1586 1825//1825
f 1123//1123 1125//1125 1818//1818
f 1110//1110 474//474 494//494
f 1124//1124 1081//1081 1680//1680
f 1680//1680 1081//1081 1082//1082
f 1680//1680 1082//1082 1083//1083
f 1083//1083 1084//1084 1680//1680
f 1680//1680 1084//1084 1654//1654
f 1654//1654 1085//1085 1716//1716
f 1716//1716 1085//1085 1086//1086
f 1086//1086 485//485 1716//1716
f 1716//1716 485//485 486//486
f 1716//1716 486//486 1673//1673
f 1673//1673 664//664 665//665
f 665//665 1087//1087 1664//1664
f 1664//1664 1088//1088 1109//1109
f 1815//1815 1108//1108 1650//1650
f 1811//1811 1771//1771 1816//1816
f 1809//1809 1099//1099 1772//1772
f 1808//1808 1094//1094 1091//1091
f 1090//1090 471//471 660//660
f 1089//1089 462//462 463//463
f 378//378 76//76 456//456
f 81//81 82//82 455//455
f 67//67 69//69 8//8
f 66//66 65//65 224//224
f 10//10 64//64 67//67
f 62//62 60//60 59//59
f 63//63 62//62 59//59
f 53//53 27//27 31//31
f 63//63 59//59 57//57
f 56//56 65//65 57//57
f 55//55 52//52 2394//2394
f 56//56 55//55 2394//2394
f 26//26 53//53 31//31
f 2394//2394 52//52 51//51
f 50//50 2307//2307 51//51
f 50//50 23//23 2310//2310
f 16//16 14//14 2380//2380
f 13//13 15//15 25//25
f 2383//2383 14//14 11//11
f 9//9 2383//2383 11//11
f 12//12 13//13 61//61
f 10//10 12//12 61//61
f 8//8 10//10 67//67
f 9//9 4//4 2379//2379
f 7//7 8//8 69//69
f 6//6 7//7 434//434
f 6//6 2372//2372 5//5
f 5//5 2372//2372 3//3
f 2372//2372 4//4 3//3
f 3//3 2//2 5//5
f 2//2 1//1 5//5