# https://github.com/mikedh/trimesh
v 0.06738717 -0.05242004 0.02608301
v -0.01982138 -0.04002648 -0.00132298
v -0.02366777 -0.03834165 -0.00188577
v -0.00999189 -0.03642955 -0.01903312
v -0.11646691 -0.02839941 -0.04286022
v -0.01458214 -0.00555205 -0.01350019
v -0.02907013 -0.00412003 0.01398953
v -0.00455237 -0.00292849 -0.01978665
v -0.00723456 -0.02614053 -0.01985138
v -0.02323077 -0.00727972 0.01382779
v -0.02020274 -0.00288770 0.01593650
v -0.01482446 -0.03002173 -0.02279496
v 0.00661043 -0.03046966 -0.01976263
v -0.03050893 -0.02411258 0.00142672
v -0.12520182 0.01381279 -0.02407686
v -0.03127667 -0.00625526 -0.02439771
v -0.00291682 -0.04022765 -0.01615477
v -0.12562811 0.00595920 -0.02495368
v -0.01865123 -0.02379824 -0.02026801
v -0.01602452 -0.00329182 -0.02332514
v -0.11453695 -0.03619853 -0.03885652
v -0.01317837 -0.02624038 -0.01462374
v -0.01422261 -0.00870796 0.01609534
v 0.00631044 -0.02323313 -0.01841059
v -0.00226555 -0.03412958 -0.01972923
v -0.00141232 -0.02580492 -0.01936503
v -0.11144282 -0.03587155 -0.03897002
v 0.07893602 -0.04726220 0.03568384
v -0.03034615 -0.03052942 0.00329496
v -0.03520492 -0.02812905 0.00293484
v -0.01463816 -0.02504186 -0.02054920
v -0.09614256 0.00214093 -0.02278513
v 0.00230197 -0.04318627 -0.01318005
v 0.01299897 -0.02644570 -0.01980254
v -0.11425285 -0.03215538 -0.03779729
v 0.09283428 -0.04904019 0.03817770
v -0.11344171 -0.02595349 -0.03458073
v -0.00406492 -0.02631003 -0.01494525
v -0.03038331 -0.00578457 -0.01528688
v -0.01117051 -0.00309085 -0.02171358
v -0.00225484 -0.04439986 -0.01083693
v -0.00768279 -0.00361362 -0.02049789
v -0.00550258 -0.01033597 0.01873624
v -0.10713199 -0.02266428 -0.03684015
v 0.00251745 -0.02496345 -0.01989596
v 0.00802356 -0.02638859 -0.02041646
v 0.01506401 -0.02141222 -0.01991970
v 0.00355420 -0.02417377 -0.01015633
v -0.03206323 -0.01414921 -0.01531056
v 0.09713486 -0.03037639 0.05150353
v 0.02105475 -0.01200284 -0.01852781
v 0.00145483 -0.01181913 0.01988300
v -0.11457660 -0.02124733 -0.03215055
v -0.00987186 -0.04259603 -0.01164918
v 0.02661186 -0.01086840 -0.01829113
v -0.00791959 -0.02700202 -0.01258152
v -0.03031783 -0.01991806 -0.01261262
v -0.00061629 -0.02606814 -0.00569319
v 0.01858517 -0.02936860 -0.01777090
v -0.10706544 0.00636254 -0.01875449
v -0.03337502 -0.02433522 0.00342991
v 0.02044763 -0.02280973 -0.01887336
v 0.04092651 -0.04942635 0.02058846
v -0.03106511 -0.01615496 -0.01729973
v 0.02348658 -0.03388826 -0.01538516
v -0.02542799 -0.03327574 0.00378669
v 0.01584495 -0.00187187 -0.01698069
v 0.02200725 -0.00275733 -0.01728133
v 0.02637770 -0.01487855 -0.01833223
v -0.02785046 -0.02448313 -0.00416432
v -0.11233015 -0.01654590 -0.03015943
v -0.02713655 -0.02249454 -0.01191281
v -0.10669078 0.01095669 -0.01974597
v -0.12578257 -0.00486076 -0.02162207
v -0.07442597 0.01148848 -0.03296388
v -0.11533283 -0.00260330 -0.04889056
v -0.12539110 0.01350480 -0.01052389
v -0.03232489 -0.00714906 -0.01497404
v -0.07981257 0.00464207 -0.03309179
v -0.10161964 0.02480614 -0.02262591
v -0.04060728 0.01826635 -0.03213464
v 0.03172462 -0.01200583 -0.01701134
v 0.02711900 -0.00838470 -0.01809913
v -0.04902252 0.01676231 -0.03401122
v -0.07941166 0.00990903 -0.03277916
v 0.03457970 -0.00874304 -0.01619422
v 0.02587707 -0.02107486 -0.01785213
v -0.02994653 -0.00643576 -0.00876675
v -0.02715605 -0.02744118 0.00325854
v 0.01877906 -0.01616543 -0.01899773
v 0.13422835 0.01080934 0.01916392
v -0.02512155 -0.00540966 -0.01435354
v -0.12359058 0.02185307 -0.01390536
v -0.02133825 -0.03156969 0.00578189
v -0.12074826 0.02662180 -0.01556761
v 0.00236343 -0.00363674 -0.01830179
v 0.03695672 -0.00182496 -0.01520625
v -0.06023404 0.01890712 -0.03585774
v 0.13147726 0.02214133 0.02158282
v 0.01859388 -0.00803756 -0.01722924
v -0.03129566 -0.02126231 -0.00515452
v -0.11404608 -0.03001424 -0.04402343
v -0.05661174 0.02418253 -0.02918272
v -0.11347837 -0.03500262 -0.04323943
v -0.11068179 -0.03536718 -0.04538960
v -0.08057843 0.00808186 -0.03069356
v 0.01484783 -0.00452749 -0.01698775
v -0.01136200 -0.03890688 0.00714506
v -0.03374824 -0.01567865 -0.00639156
v 0.01614855 -0.00975287 -0.01455749
v 0.07183077 0.03326114 0.00627255
v -0.04931135 0.02318753 -0.02966687
v -0.08313014 0.00304744 -0.02809694
v 0.00385518 -0.00685456 -0.00702154
v -0.00539777 -0.04302879 0.00507094
v 0.00160273 -0.04535094 0.00613281
v 0.00633957 -0.04739984 -0.00706926
v 0.01720747 -0.04893027 -0.00536601
v -0.03265225 -0.00786271 -0.00746861
v 0.03252281 -0.01923358 -0.01626937
v -0.00716942 -0.02825777 -0.00148488
v -0.00166631 -0.00835431 0.00192329
v -0.08104750 0.01602599 -0.02791884
v -0.01577658 -0.02839969 -0.00433405
v 0.05910225 0.01074530 0.04845910
v -0.00786962 -0.00722993 -0.00349520
v 0.05696584 0.02267948 0.04693280
v -0.00486369 -0.02742027 -0.00451887
v 0.03645035 -0.01197458 -0.01570751
v 0.00640952 -0.00443623 -0.01746578
v 0.06304730 0.02438760 0.04854080
v -0.12164051 0.02428848 -0.03057525
v -0.04784913 0.02743056 -0.02529582
v 0.08495562 0.02511673 0.00634970
v 0.04314280 -0.00707423 -0.01386778
v 0.07465722 0.02619521 0.00365348
v -0.02159492 -0.00736465 -0.00231635
v -0.08303256 0.00593686 -0.02704107
v -0.03390737 -0.00834685 -0.00183806
v 0.04840684 -0.04906036 0.02401870
v 0.07613567 0.01934969 0.05276312
v -0.08488343 0.00417195 -0.01117439
v 0.08105760 0.01816527 0.05439935
v -0.00583915 -0.02870133 0.00828115
v 0.09468168 0.04408162 0.02255197
v 0.05782510 0.03736179 0.04437646
v -0.01114142 -0.03076090 0.01001169
v 0.02650124 -0.02848425 -0.01614704
v 0.00151727 -0.02522264 0.00187877
v 0.05497538 -0.04907118 0.02617468
v 0.03407505 -0.03384020 -0.01314277
v 0.09460157 0.01849727 0.05800927
v 0.09693801 0.00949741 0.05935056
v -0.08504312 0.00877285 -0.02718285
v 0.04819099 -0.01279172 -0.01241458
v -0.07263500 0.02915228 -0.01169039
v -0.04168132 0.03164982 -0.02078029
v 0.10394328 0.01624227 0.06076507
v 0.01910384 0.05078359 0.00679758
v 0.01085939 -0.02097466 -0.01863651
v -0.11918917 -0.02271722 -0.03760398
v 0.05610270 -0.04092885 0.03298902
v 0.00941562 0.05153363 0.01076105
v 0.07316716 -0.05206349 0.02873058
v 0.01142052 -0.00634641 -0.01285380
v 0.03191255 -0.02631078 -0.01538807
v 0.03898557 -0.01884903 -0.01466484
v -0.10875793 -0.03330340 -0.03761818
v -0.01499679 -0.00798945 0.00083692
v 0.04491553 -0.02132127 -0.01274920
v 0.01192556 -0.00815106 -0.00766842
v 0.00007653 -0.02559974 0.01276623
v 0.07899413 -0.05247830 0.02943999
v 0.10681753 0.04201427 0.02535540
v -0.00722115 -0.03633971 0.01180335
v -0.08237306 0.01121516 -0.02581815
v -0.09814416 -0.00077626 -0.04791933
v -0.01495078 0.02064201 -0.01826600
v 0.08843976 -0.05262600 0.03204789
v -0.03381284 -0.01092267 -0.00763360
v 0.08372238 -0.05187405 0.03179065
v -0.01379791 -0.04284531 -0.00708712
v 0.00461666 -0.03684268 -0.01774379
v 0.13412004 0.02419081 0.02608746
v -0.08002480 0.02084308 -0.02482537
v 0.06325061 -0.02678039 -0.00709529
v -0.06772708 0.01084930 -0.04050895
v -0.02738710 0.03388998 -0.01787774
v -0.03320281 -0.02008272 -0.00079773
v -0.10772608 0.02502232 -0.01153374
v -0.10683493 -0.02924103 -0.03848472
v -0.06659101 0.00837724 -0.04104331
v 0.04134460 -0.03265964 -0.01181273
v 0.05420478 -0.02201089 -0.01019055
v -0.00763294 0.01861523 -0.01660680
v 0.08025924 0.04897680 0.03621908
v 0.06812167 -0.01923672 -0.00655762
v 0.01487372 -0.03425102 -0.01697020
v -0.11948767 0.02099966 -0.00992351
v 0.04891767 0.04806474 0.00973212
v 0.01457417 -0.01647918 -0.01544328
v -0.11496112 0.02439819 -0.01200373
v -0.00219251 -0.04572423 0.00183802
v -0.06708117 0.01515778 -0.03940269
v 0.06848036 -0.03446860 -0.00439286
v 0.01212251 -0.04198476 -0.01420581
v 0.04347636 -0.01317088 0.04081600
v 0.02903453 -0.04263179 -0.01113163
v -0.00866459 -0.04474095 -0.00307766
v -0.04256081 -0.00788581 0.01101553
v -0.05733084 0.01150683 -0.03810097
v -0.10411374 0.02019433 -0.01235102
v -0.08628891 0.01332006 -0.02283240
v 0.13668035 0.01605567 0.02665483
v -0.03835964 -0.01438764 0.00275016
v 0.00222208 -0.02389761 0.00793462
v -0.08419340 0.01831705 -0.02146616
v -0.01696576 -0.03753050 0.00544257
v -0.05100109 -0.00013725 -0.03657630
v 0.07736770 -0.03100988 -0.00261406
v 0.01146261 0.01650997 -0.01394877
v -0.04809845 0.00391142 -0.03707784
v -0.02714081 -0.00962121 0.00873245
v -0.03819893 -0.01054442 0.00340602
v 0.08903394 -0.04276927 0.04216335
v 0.05675821 0.04831948 0.01262787
v 0.08397330 -0.03637667 0.00029767
v -0.11858096 -0.01570201 -0.03164714
v -0.03665789 -0.00793399 0.01100332
v 0.05049061 0.01172826 -0.00884104
v 0.05045367 -0.03677849 -0.00852519
v -0.10619498 0.01640510 -0.00737032
v 0.00211456 0.04027579 -0.00849664
v 0.00958670 -0.02060444 -0.01017367
v -0.07210011 0.02046075 -0.03369732
v -0.12233558 0.01701874 -0.00895613
v 0.08820645 0.01823613 0.05637400
v 0.13775124 0.00513436 0.02899600
v -0.02283600 -0.02756314 0.00162588
v -0.10664393 -0.02536881 -0.03797197
v 0.01159652 -0.01518946 -0.00760709
v -0.12667862 0.00550498 -0.01388380
v -0.12135987 0.02898812 -0.02264871
v 0.06129848 -0.01673900 -0.00856875
v 0.08652464 -0.03191170 0.04755503
v -0.10558073 0.00045607 -0.01431781
v -0.00960109 -0.01055501 0.01337279
v -0.10658302 0.01175822 -0.01644029
v 0.01763934 -0.04398325 -0.01218224
v 0.07594877 0.04574110 0.01664217
v -0.11992096 -0.01587649 -0.04005273
v 0.12029103 -0.00215280 0.06392454
v -0.10804176 0.00682374 -0.00500681
v 0.02296317 -0.05030712 0.01035409
v -0.10915525 -0.01600104 -0.03354337
v 0.11553287 0.00383953 0.06377110
v 0.06211002 0.04915723 0.03586445
v 0.07295528 0.05032509 0.03186641
v -0.03194760 -0.00943753 0.00797213
v -0.01968658 -0.02838320 0.00239220
v 0.10965347 -0.03331785 0.00704770
v -0.10642710 0.00690281 -0.05197146
v 0.08860979 0.04770361 0.03678753
v -0.07817221 0.01316777 -0.03157834
v 0.00790306 0.03892158 -0.00819685
v 0.12090337 -0.01716429 0.00838362
v 0.04583360 -0.04230705 -0.00768945
v 0.13564946 0.02118703 0.03638680
v 0.11675118 -0.02875740 0.00841563
v -0.08748257 0.00205393 -0.01847783
v 0.03949987 -0.04700674 -0.00662037
v 0.05738346 -0.03331417 -0.00751789
v 0.06535756 0.04660052 0.04044564
v -0.09538450 0.00541184 -0.04888702
v -0.09417307 0.01059348 -0.04679912
v 0.08420097 0.04618170 0.04262802
v -0.12180074 -0.01193644 -0.03699620
v 0.01077594 -0.04952206 0.00192362
v -0.01679128 -0.02915302 0.00449625
v 0.06356463 -0.00741548 -0.00792936
v -0.01507918 -0.03012310 0.00750879
v 0.06745272 0.05020381 0.03339264
v 0.06366228 0.04789497 0.01441786
v -0.09921835 0.00235936 -0.02212324
v 0.12342097 -0.03067187 0.01067264
v 0.08771416 0.04318237 0.04703590
v -0.10515713 0.01417090 -0.01363072
v 0.10411069 0.04330558 0.04593448
v 0.05809107 -0.04098941 -0.00513840
v -0.09602093 0.00871728 -0.01854243
v 0.11114818 0.04359501 0.04181374
v -0.01047835 -0.02921927 0.00311649
v 0.02333658 -0.05146558 0.00092865
v -0.11545411 -0.01555053 -0.02803683
v 0.05524845 -0.01046641 -0.01040217
v -0.06354562 0.01236235 -0.03961791
v 0.03009953 0.03988676 -0.00198754
v 0.08405465 0.04413334 0.01789000
v 0.13154460 0.01665437 0.01915595
v 0.08801754 -0.02132998 0.05213231
v 0.03627253 -0.04861312 0.01964109
v -0.03960669 -0.02489993 0.00394867
v -0.05628962 -0.00367052 -0.03667152
v -0.07556462 0.01820955 -0.02817040
v -0.12305354 0.00756565 -0.00736849
v 0.06980108 0.04582638 0.04199013
v -0.11765562 0.01201560 -0.00635303
v -0.00098128 -0.00999582 0.00877048
v -0.00212392 -0.00492057 -0.01732562
v -0.03651016 -0.01989989 0.00303760
v -0.08916479 0.01038474 -0.01749399
v 0.06784238 -0.04508470 -0.00105834
v 0.13003092 0.03214798 0.04664497
v -0.11986839 0.00066335 -0.00758076
v 0.05326646 0.03375272 0.00088075
v 0.05292808 0.00104345 -0.01026926
v -0.06965852 -0.01301946 -0.03179860
v -0.04727075 0.01142467 -0.03619902
v 0.03471044 -0.05312924 0.00555922
v -0.04072943 0.00744234 -0.03557432
v 0.07531803 -0.02000174 -0.00446685
v -0.10466183 -0.01474915 -0.03135612
v 0.00663099 -0.00783978 -0.00253022
v 0.03134309 -0.04763897 0.01846428
v 0.07387664 0.04570718 0.04259230
v 0.03926754 0.03669346 -0.00153269
v 0.09881498 0.04111660 0.05041912
v 0.07528935 0.04915290 0.02301618
v 0.13535502 0.00625840 0.04323757
v 0.08053566 0.04890765 0.02560163
v 0.13419512 0.01789756 0.04449282
v 0.05089343 -0.05444050 0.01354031
v 0.13371112 0.03013997 0.03292134
v 0.12438405 0.03605419 0.05147792
v 0.09247615 0.04215724 0.04866362
v -0.07577355 0.02231372 -0.02703331
v 0.01319631 -0.04730876 0.01020304
v 0.07089185 0.04986175 0.02293950
v 0.04702049 -0.05155575 0.01997290
v 0.06081846 0.05168406 0.02684104
v 0.07852260 0.04463742 0.04444295
v 0.04684969 -0.05274196 0.00245389
v -0.11270126 0.00407204 -0.00504969
v 0.12970501 -0.02683245 0.01241828
v 0.02304570 -0.04638085 -0.00932381
v -0.12239371 -0.01167193 -0.02778669
v 0.08697124 -0.02548393 -0.00070377
v 0.13121410 -0.01991611 0.01237854
v 0.04672308 -0.04748976 -0.00461935
v -0.02324347 -0.00969728 0.00978038
v -0.10404117 0.02767570 -0.01651661
v -0.00184312 -0.02729162 0.00754638
v -0.04093186 -0.01837684 0.00654939
v 0.13488269 -0.01185824 0.01492668
v 0.10413322 0.04001958 0.05180373
v -0.10773829 0.00874853 -0.00508515
v 0.01765062 -0.05019570 0.00640667
v 0.07413370 -0.00874695 -0.00491673
v -0.07019392 -0.01519860 -0.02844110
v 0.09034327 -0.01732987 -0.00033842
v 0.08590356 0.03908303 0.05036735
v 0.08196141 -0.00704657 -0.00259749
v 0.05908834 -0.05436822 0.01814073
v 0.06214493 -0.05227985 0.02468798
v 0.06588484 -0.05454625 0.01870748
v -0.06921598 0.02815104 -0.02576063
v -0.10319617 0.03027307 -0.02315415
v 0.06936196 -0.05203969 0.00615362
v -0.02109128 0.00869564 0.01693182
v 0.11643839 0.03718482 0.05541067
v -0.07733121 0.02623826 -0.01951421
v -0.06507148 0.02602455 -0.02899513
v 0.07662049 -0.04380306 0.00065004
v -0.06635533 -0.01692356 -0.02418688
v 0.05738102 -0.04697881 -0.00270791
v -0.05388443 0.03046801 -0.01604872
v 0.11160039 -0.02881713 0.05640998
v 0.13024909 0.02225712 0.05156363
v 0.05862329 0.05044668 0.03326721
v 0.03910839 -0.05058786 -0.00213781
v 0.04473269 0.05051859 0.03041900
v 0.03978381 0.05102197 0.02892520
v -0.05894593 0.02666761 -0.02570296
v 0.00991077 -0.04510647 -0.01133586
v -0.10742456 -0.00040837 -0.02363924
v -0.10646940 -0.00061582 -0.02942170
v 0.13202661 -0.00152315 0.01381623
v 0.07735109 0.00215711 -0.00289997
v 0.11062201 0.03611860 0.05626545
v -0.07592566 0.02608301 -0.02237003
v 0.08171430 -0.01679166 -0.00281888
v 0.09091686 0.03383437 0.05404749
v 0.00452860 -0.02339754 -0.00369537
v 0.00655253 -0.02018723 -0.00167605
v -0.01350101 0.00130566 0.01859143
v 0.00933864 -0.01107397 -0.00260648
v 0.09463479 -0.01198363 0.00085951
v 0.02801272 -0.05109277 0.01225364
v -0.10526871 -0.01463736 -0.02408772
v -0.05263159 0.02619580 -0.02572714
v 0.05149626 0.05096878 0.03075279
v -0.07197997 0.02844705 -0.02258881
v 0.10042032 0.03584766 0.05507161
v 0.10204165 -0.03262044 0.00460089
v 0.08726638 -0.04594636 0.00469705
v 0.02781166 -0.04717100 -0.00804074
v 0.09489630 -0.03897218 0.00412728
v 0.09719352 -0.01776005 0.00162197
v -0.01309468 -0.01024194 0.01160209
v 0.09976510 0.02692178 0.05796118
v -0.00891508 -0.00531107 0.01964208
v -0.08513339 0.01517810 -0.02264428
v -0.00452036 0.01281524 0.02372121
v -0.01859521 -0.01000016 0.01075638
v 0.00925602 -0.04253065 0.01365189
v 0.09590882 -0.02539202 0.00179841
v 0.00280055 -0.01032333 0.00448553
v 0.10285236 -0.00644400 0.00343128
v -0.04782199 0.03017875 -0.02131017
v -0.07247575 -0.01668772 -0.02359410
v 0.04844312 0.04688213 0.03666791
v -0.10721733 0.02597412 -0.04392141
v -0.04922036 -0.02513420 -0.01797091
v -0.10570722 -0.01267040 -0.01735723
v -0.10744903 0.00123976 -0.05116319
v 0.12907117 -0.04436120 0.01924101
v -0.10319849 -0.00805194 -0.02215432
v -0.09777366 0.02410668 -0.04151476
v -0.10049771 0.02465230 -0.04266911
v 0.08897321 -0.05259380 0.01455814
v 0.13415990 -0.03642608 0.02153937
v -0.04191977 -0.02707171 -0.02124528
v 0.11302564 0.03163708 0.05959706
v -0.07911683 0.01828090 -0.00047457
v 0.13683162 -0.01998265 0.01980701
v 0.04244083 -0.05361744 0.00555717
v 0.13495824 -0.02585279 0.01716645
v 0.10953075 -0.00543666 0.00547173
v 0.09058752 0.03739456 0.01470732
v 0.10475448 -0.01893170 0.00377691
v -0.08222037 0.00560150 -0.00159211
v 0.12796942 0.00129021 0.05662716
v 0.11064634 -0.01371756 0.00539741
v -0.11240712 -0.01441923 -0.02400622
v -0.08118209 -0.01080928 -0.02022366
v 0.11539816 0.02196493 0.06257220
v -0.07724771 0.00259704 0.00432456
v 0.11001384 -0.02280843 0.00559731
v 0.11568233 -0.03855555 0.01030511
v 0.01856236 -0.04552695 0.01506142
v 0.05752319 0.04564337 0.03979760
v 0.09164362 -0.00476620 0.00040754
v -0.05765193 0.02844845 -0.02031514
v 0.11163751 0.00411164 0.00751783
v 0.03861916 -0.02356900 0.03583096
v -0.08349878 0.01935231 -0.01958294
v 0.12000531 -0.04991229 0.02362115
v -0.08640468 0.01220247 -0.01637616
v -0.03865248 0.01350534 -0.03337870
v 0.12605630 -0.04802605 0.02600564
v -0.07186981 0.02922136 -0.01769600
v 0.00028658 -0.03747191 0.01435017
v 0.08269412 -0.05453700 0.02237963
v -0.10564218 0.03078020 -0.02447573
v 0.13135833 -0.03363178 0.01380006
v 0.01123793 -0.03661794 0.01926137
v -0.11015302 -0.00267161 -0.05101969
v -0.07213728 -0.01768308 -0.01698078
v 0.11593635 -0.01403884 0.00688715
v -0.03634957 0.01884304 -0.03015224
v -0.08038512 0.01060480 0.00225153
v 0.11982032 -0.00625628 0.00838788
v 0.03015778 0.05193318 0.01215343
v -0.11458693 0.02942424 -0.01785719
v 0.03549771 0.05286194 0.01598562
v -0.08162127 0.01660031 -0.01082239
v -0.08152965 0.02232302 -0.01751031
v -0.07366299 0.01838424 0.00242159
v 0.11072240 -0.05231504 0.02991423
v -0.05990751 0.00410752 0.01085119
v -0.07349016 0.00915836 0.00560631
v -0.03907294 0.02455320 -0.02812331
v 0.12555479 -0.02020673 0.00991395
v 0.13212802 -0.00652775 0.01360494
v 0.07851989 0.04103531 0.04771706
v 0.07332629 0.03694196 0.04862042
v 0.13740568 -0.02046599 0.02787552
v 0.04979905 0.05188078 0.01813272
v 0.09833244 -0.05340041 0.02787901
v 0.12694480 -0.00997996 0.01033501
v -0.07614280 -0.01607680 -0.01697086
v 0.12625984 -0.00147003 0.01088930
v -0.05657608 0.03035090 -0.00905646
v 0.04384073 0.05191265 0.01608810
v -0.03811746 0.00102137 -0.03481830
v -0.06593051 0.00989116 0.00751170
v -0.06164656 -0.01863300 -0.01717878
v -0.01416435 0.02841977 -0.01528548
v 0.07314811 -0.02715712 0.04547946
v -0.05140092 0.01456110 0.01304825
v -0.05301843 0.00553907 0.01313269
v 0.13022728 -0.04136542 0.01555745
v -0.10636463 0.00036266 -0.01749557
v -0.04241466 0.00283878 0.01312688
v 0.03802961 -0.04356291 0.02442624
v 0.03572709 -0.05249892 0.01249489
v -0.07909575 0.02416932 -0.01088923
v 0.06244729 0.05036533 0.01949355
v 0.04718616 -0.04223418 0.02874426
v 0.03896568 -0.03500433 0.03050895
v -0.05880660 0.01269245 0.01034854
v 0.09365169 -0.05285240 0.03167456
v 0.06929786 0.04917129 0.01920090
v -0.02629457 0.03754805 -0.01472065
v -0.04557472 0.02467443 0.01174377
v 0.05664709 0.05086016 0.01785184
v -0.02185581 -0.03397536 -0.02050948
v -0.03894277 0.02569252 0.01337548
v -0.02998694 0.02031612 -0.02552453
v -0.00482377 0.02631930 -0.01364014
v -0.01086616 0.03160252 -0.01326156
v -0.03169246 0.01367401 -0.02860849
v 0.07926098 -0.01966044 0.05004586
v 0.10763935 -0.05129670 0.03813757
v 0.07427763 -0.01174921 0.05052399
v 0.11535400 -0.05171284 0.03650349
v 0.05049162 0.05234289 0.02457575
v -0.02046192 0.03348300 -0.01541192
v -0.03460781 0.02774385 -0.02471834
v 0.04433443 -0.05338700 0.01446159
v -0.01491131 0.03634758 -0.01257934
v 0.00337151 0.02653938 -0.01237915
v 0.01750102 -0.01875231 0.03098004
v 0.10033873 -0.05184574 0.03587774
v 0.12452662 -0.04345041 0.01586632
v -0.04486258 0.01618375 0.01382344
v 0.06406462 -0.04967432 0.00142408
v 0.12821009 0.01425206 0.05675318
v 0.07241695 -0.05430968 0.01419436
v 0.03133451 -0.05160664 -0.00104265
v -0.01758654 0.03778055 -0.01266129
v -0.03693455 0.01567032 0.01431975
v 0.10697316 0.03148468 0.05835847
v 0.11142174 0.01517158 0.06300409
v 0.02370303 -0.00722386 0.03607161
v -0.01483790 0.04137714 -0.00983140
v 0.11940669 0.00593832 0.06385209
v -0.07401635 -0.01530145 -0.00783024
v -0.02033037 0.03958971 -0.01205428
v 0.11947211 -0.04841056 0.01943364
v -0.03785522 0.04019926 -0.00478285
v 0.03945920 0.05285497 0.02180157
v 0.05453840 -0.05262569 0.00341329
v -0.02936724 0.01690031 0.01533713
v 0.05070026 -0.05138493 0.00075912
v 0.12478324 -0.04659641 0.02001412
v 0.03190205 -0.01458395 0.03673792
v -0.02416066 0.04153749 -0.00964758
v -0.11444316 0.01839237 -0.00769154
v 0.13614939 -0.01952225 0.03690015
v -0.03142715 0.00648650 0.01461176
v -0.01894789 0.02047660 0.01812592
v -0.00681127 0.03953149 -0.00999024
v -0.02507072 0.02607487 -0.02049239
v -0.10675181 0.01333611 -0.05173115
v -0.04377322 0.03665527 -0.00976148
v 0.11259565 -0.04937112 0.01799020
v 0.07347899 -0.04934426 0.00339454
v -0.10707346 0.01989170 -0.04929690
v 0.06911331 -0.03892161 0.03830974
v -0.03327079 0.03833750 -0.01301745
v -0.07425784 0.02690648 -0.00705062
v 0.03229661 0.04911355 0.02973770
v 0.00564299 -0.01283991 0.00193086
v 0.03614372 0.05000478 0.02966753
v 0.05657693 -0.02704789 0.04023246
v -0.01377869 0.04436501 -0.00619619
v -0.06217037 0.02944176 -0.01384371
v 0.00397854 -0.02084777 0.01103126
v -0.02553672 0.03205718 0.01596750
v 0.00964076 -0.00438689 -0.01721365
v -0.08386089 -0.00756832 -0.01537358
v -0.01130412 0.01828477 0.02097171
v -0.02841657 0.04223927 -0.00687872
v 0.06095188 -0.05372370 0.00804344
v 0.00547755 0.01048822 -0.01588249
v 0.07841609 -0.03774411 0.04193757
v 0.03471613 0.00728341 -0.01446765
v -0.06657475 -0.01810096 -0.01486029
v 0.10731179 -0.04857656 0.04254217
v 0.11926118 -0.05026077 0.04096796
v 0.03041114 0.01583831 -0.01359219
v -0.00018585 0.02728064 0.02752789
v 0.02846608 0.04562681 0.03216025
v 0.07361314 -0.05423890 0.02298885
v -0.10940179 0.01367521 -0.00516701
v 0.10611841 -0.05198937 0.02248318
v -0.01719033 0.03341814 0.01918334
v -0.11190922 -0.02553710 -0.04541671
v 0.02354802 0.02228584 -0.01264048
v 0.00591809 -0.00330141 0.02740540
v -0.03049309 0.03114741 -0.02076946
v 0.12463874 -0.04726032 0.04031291
v -0.06714685 0.02089100 -0.03599121
v -0.05240067 -0.02297285 -0.00434134
v 0.08094567 -0.04978249 0.00632423
v 0.01209514 0.02630662 -0.01182439
v -0.11798931 -0.02480326 -0.04127015
v 0.03901467 0.04466210 0.03587928
v -0.06711863 0.02290985 -0.03418395
v 0.06274513 -0.00806111 0.04776694
v 0.01112116 0.01484453 0.03352243
v -0.11261230 -0.02288412 -0.04463298
v 0.13690740 0.00021708 0.02019237
v -0.05786005 -0.02017062 -0.01387850
v 0.11454468 -0.04900400 0.04347637
v -0.05253872 0.02003288 -0.03220724
v -0.01292169 0.03662258 0.02078597
v 0.12033189 -0.04658375 0.04555958
v 0.09006022 -0.05026344 0.01008860
v 0.01891180 -0.03137429 0.02544218
v -0.10566687 -0.03306585 -0.04044097
v 0.00530114 -0.01564490 0.00455661
v -0.00735456 0.03104021 0.02381014
v 0.01284053 0.03488312 -0.00946819
v 0.12762545 -0.03977543 0.04338314
v 0.03033283 0.02169751 -0.01147010
v 0.12020152 -0.03380371 0.05394869
v 0.13159770 -0.02961247 0.04313161
v 0.07943679 -0.05230146 0.00989474
v -0.00792392 0.03798506 0.02210187
v -0.03244271 0.04226633 -0.00160680
v -0.06590525 0.02700338 -0.00525092
v -0.06521500 -0.01605570 -0.00586475
v -0.03026529 0.00798907 -0.02899935
v 0.02722901 0.03063768 -0.00830886
v -0.01675975 0.04600126 -0.00213226
v -0.04633458 -0.02821144 -0.01083707
v 0.01023889 -0.02309057 0.02661114
v -0.03509539 0.03442473 -0.01805046
v -0.07812087 -0.01445139 -0.01105201
v 0.03007925 -0.03734134 0.02583651
v 0.00125190 0.04801294 -0.00072937
v -0.10845458 -0.01621594 -0.03696499
v -0.06058266 -0.01774231 -0.00516658
v 0.00230467 0.01042924 0.02712789
v 0.10676468 -0.03965789 0.04950057
v 0.06961875 -0.00080403 -0.00558481
v -0.12225148 -0.01113067 -0.01937553
v 0.09481949 -0.04985790 0.01131008
v -0.02550564 0.01563708 -0.02464195
v 0.09509531 -0.04637232 0.00759970
v 0.04487440 0.03157968 0.04195363
v -0.01553074 0.00753541 -0.02198898
v 0.02179283 0.04757529 0.00181196
v -0.01373933 0.00158524 -0.02226941
v 0.07146438 0.00905027 -0.00326978
v -0.02647240 0.04455908 0.00418135
v -0.02025486 0.04519621 -0.00366143
v 0.02932401 -0.00292772 -0.01726772
v -0.00320318 0.04521309 -0.00479115
v 0.05171097 0.03871094 0.04203295
v 0.03880827 0.00161349 0.04196353
v 0.04549416 -0.03379653 0.03340784
v 0.13128536 -0.04319370 0.02713083
v 0.12291402 -0.03952893 0.04873725
v -0.03411619 -0.03360885 -0.00344117
v 0.02145488 0.00838521 -0.01515543
v 0.13082009 -0.01363095 0.05011137
v -0.12291543 -0.00655705 -0.01348954
v 0.04159453 0.01585086 0.04310281
v 0.11708236 -0.00200660 0.06422530
v -0.08129764 0.01834724 -0.00387182
v -0.01113946 0.01355109 -0.01903471
v 0.05039371 -0.02725950 0.03822549
v 0.09800120 -0.04761390 0.04103341
v 0.11548736 -0.03837326 0.05228767
v -0.00896833 0.04599465 -0.00399902
v -0.10583051 -0.01369330 -0.03579860
v 0.05295779 0.01540430 0.04642717
v 0.06447387 0.04005365 0.04498491
v 0.04824381 0.03016732 -0.00246450
v 0.12573172 -0.04890362 0.03381267
v 0.00559261 -0.01460001 0.01754058
v 0.09786628 -0.05057519 0.01355951
v -0.11317295 0.00281053 -0.05215137
v -0.11819033 -0.01342003 -0.02161225
v -0.04207144 0.03524406 -0.01507197
v 0.06620205 0.03186200 0.04811428
v 0.10893217 -0.04496254 0.01105733
v -0.00577406 0.04866274 0.00233272
v -0.01892610 0.02289870 -0.01901196
v 0.03023768 0.00678496 -0.01571311
v -0.05859100 0.02881779 -0.00515495
v 0.10331995 -0.04994747 0.01484487
v 0.10749231 -0.05020809 0.01719099
v -0.07618323 0.02380071 -0.00326583
v -0.10072515 -0.00996569 -0.03269695
v 0.03302424 -0.00494619 0.03929731
v -0.02815765 -0.03735474 -0.00918885
v 0.07085977 0.02380279 0.05078895
v 0.13541991 -0.02954805 0.03203175
v 0.08995119 0.00680058 0.05731775
v -0.07065260 -0.00905389 -0.03549175
v -0.05153012 0.03086241 0.00229139
v 0.10149042 0.00479279 0.06056011
v 0.13710834 -0.01805180 0.03041380
v 0.13687370 -0.00724555 0.01991922
v 0.00713739 0.04659196 -0.00175643
v -0.04912544 0.03484252 -0.00414220
v 0.13793260 -0.00754203 0.02891894
v 0.07269933 -0.00128042 0.05183667
v 0.01026268 0.00410636 -0.01643680
v -0.10814568 -0.03510836 -0.04353388
v 0.12458319 -0.00807787 0.05919093
v -0.06200492 0.02465957 -0.00014857
v 0.01606837 0.00597356 0.03529695
v -0.06588262 -0.00751554 -0.03687527
v 0.07962454 0.02950249 0.05235850
v 0.04591419 0.04244745 0.00408448
v 0.10010476 -0.04301684 0.04533325
v -0.01989025 0.04628520 0.00555300
v 0.08530739 0.02579755 0.05443925
v -0.10389319 -0.00399530 -0.03111340
v 0.02643232 0.01428267 0.03850680
v 0.02642715 0.00501619 0.03848382
v -0.11029253 -0.03005835 -0.04459040
v 0.06395873 -0.02972976 0.04136736
v -0.11159083 0.00868972 -0.05361754
v 0.01416800 0.04695760 -0.00016779
v 0.00802815 0.04943155 0.00287543
v 0.00529008 -0.02122249 0.02133901
v 0.02013395 0.02953444 -0.01069766
v -0.07684640 0.01538169 0.00268670
v 0.03062386 0.02296511 0.03903064
v 0.04226511 0.00680974 -0.01246537
v 0.11286164 -0.04402502 0.04834715
v -0.11818247 0.00411383 -0.04703083
v -0.10019434 0.00905892 -0.05003509
v 0.05555282 0.04184064 0.00659567
v 0.02285256 -0.04073551 0.02082354
v 0.13155537 -0.03739910 0.03739207
v -0.07358517 -0.01135622 -0.03210099
v 0.12082198 -0.05086148 0.03237577
v -0.11620831 0.02043851 -0.04458220
v -0.09854429 0.00415092 -0.04928392
v -0.06358543 -0.01276945 -0.03155749
v 0.12206554 0.02138372 0.06167752
v 0.03056695 0.04818774 0.00482567
v -0.11655760 0.00226631 -0.04939154
v -0.10325854 -0.00827008 -0.04433675
v 0.06227001 0.03635654 0.00504530
v -0.10000938 -0.00964235 -0.04006573
v 0.03785481 0.04550634 0.00410754
v -0.06772381 0.02102541 0.00180118
v 0.09803305 0.02698883 0.01130730
v 0.04044138 0.01681206 -0.01033531
v 0.00727554 -0.02794125 0.02314283
v 0.04811563 0.02116995 -0.00647405
v -0.11175984 -0.01361803 -0.04324818
v 0.10301611 0.00467221 0.00508855
v -0.08162982 -0.00649522 -0.00423639
v 0.06111957 0.00695582 -0.00686632
v 0.06922110 0.04274404 0.01147501
v -0.11567694 -0.01964674 -0.04283195
v -0.03922784 -0.01929156 -0.02858511
v 0.09240132 0.02447418 0.00829135
v 0.00607648 -0.04510415 0.00918209
v -0.03589443 0.03983097 0.00472394
v -0.09811425 0.01853803 -0.04701206
v 0.13472450 -0.00747767 0.04421602
v 0.10209581 0.01419537 0.00733852
v 0.08145176 0.03564312 0.01059422
v -0.09555918 0.01447190 -0.04769898
v 0.05801977 0.01823091 -0.00457313
v -0.06404094 0.01833578 0.00497237
v 0.06990440 0.01119887 0.05156053
v -0.05824466 0.02291577 0.00564511
v -0.11003739 0.02319574 -0.04869749
v -0.05256490 -0.01002004 -0.03277268
v 0.12024855 -0.02562321 0.05752461
v -0.06642983 0.00310636 -0.04108916
v -0.04763682 -0.00911473 -0.03371182
v -0.05777587 -0.01082329 -0.03249843
v -0.07720402 -0.01263926 -0.02452067
v -0.10783897 -0.01984959 -0.03708898
v 0.09171059 -0.00128701 0.05745131
v -0.09657854 0.01727300 -0.04010318
v -0.11816012 0.01652184 -0.04301389
v 0.05660720 0.02529204 -0.00221655
v -0.01071432 0.04866156 0.00620245
v 0.06375829 -0.01832286 0.04560171
v 0.11987074 -0.01632596 0.06032608
v -0.03499996 0.03644191 0.01005530
v -0.10077579 0.02764526 -0.03844449
v 0.11193204 -0.01828319 0.06021768
v -0.04889674 -0.02163883 -0.02412268
v -0.06851249 0.00574991 -0.04073726
v -0.05818091 -0.01493085 0.00257795
v -0.01458542 0.04760594 0.00351900
v 0.12297900 0.01098148 0.01262112
v -0.06701212 0.01884068 -0.03753575
v -0.06292473 0.00696963 -0.04033310
v 0.10269838 -0.04498729 0.00888871
v -0.06662168 -0.00153215 -0.04007338
v -0.01873616 0.04505615 0.01089339
v -0.05460889 0.02284692 0.00786309
v -0.03539062 -0.01454799 -0.03099652
v -0.11569063 0.03025276 -0.03459709
v -0.04863457 0.02730247 0.00846040
v -0.05900421 0.00313447 -0.03924878
v -0.03185788 -0.01472802 -0.02983428
v -0.11390690 -0.00962112 -0.01385152
v 0.11277101 -0.00349705 0.06310515
v 0.10742941 0.00316874 0.06219854
v -0.10509740 0.00656099 -0.03380724
v -0.09588093 0.02046410 -0.04405389
v -0.05788679 -0.01741113 -0.02308346
v -0.09900543 0.02818399 -0.03497968
v 0.04702386 0.00617281 0.04475400
v -0.00654778 0.04924269 0.00928883
v 0.12648625 0.00600713 0.01249030
v -0.10976263 -0.01216102 -0.04222910
v 0.08328730 -0.00598774 0.05432137
v 0.11336491 0.01472198 0.01097641
v 0.02467066 0.05218576 0.01165209
v 0.00135715 0.05050314 0.00788921
v -0.04251175 0.03691864 0.00345245
v 0.08134556 0.00456920 0.05481700
v -0.12401985 0.00250638 -0.03018773
v 0.00586209 0.04917468 0.01928223
v -0.11162271 0.01666725 -0.05171391
v -0.03538306 -0.02642949 -0.02437005
v 0.01274604 0.05109540 0.01816607
v -0.02669078 -0.02524440 -0.02555883
v 0.01728345 0.05224766 0.01509057
v -0.07073569 0.02362753 -0.03227297
v 0.01627085 -0.00340802 0.03427296
v -0.02395081 -0.02267092 -0.02530661
v 0.06610502 0.01239497 -0.00396782
v -0.12414971 0.01957283 -0.02833309
v -0.07194583 0.00327332 -0.03847475
v -0.03083948 -0.02151433 -0.02754946
v 0.05139481 -0.00268329 0.04529220
v 0.10724649 -0.01018107 0.06092383
v -0.07052491 0.00989263 -0.03974485
v 0.08330983 0.00608407 -0.00043932
v -0.07096544 0.01426998 -0.03800908
v 0.02841336 -0.02508126 0.03187959
v 0.10214783 0.03198440 0.01533330
v -0.02893012 0.03939359 0.01145919
v 0.02756184 0.05271018 0.01836771
v -0.09865121 0.01053132 -0.03148723
v 0.12222459 -0.03956968 0.01263939
v -0.03339038 0.00377126 -0.03156843
v -0.10945565 -0.02240204 -0.03990175
v -0.04627346 -0.01975683 0.00535884
v -0.11021059 0.00415520 -0.05311328
v -0.02667341 0.00046724 -0.02795142
v 0.02003267 0.05035024 0.02369286
v -0.05411313 0.00518166 -0.03797684
v -0.02415624 -0.00340705 -0.02516743
v -0.12527630 -0.00055111 -0.01234239
v 0.11118352 0.02765927 0.01597083
v -0.02373644 0.00145683 -0.02647633
v -0.10825640 -0.00951260 -0.01271631
v -0.01132339 -0.03080514 -0.02193291
v -0.02228681 0.01003646 -0.02441018
v -0.11304703 0.03099275 -0.03726245
v -0.09548451 0.00254805 -0.02844699
v -0.02076919 0.00143104 -0.02515383
v -0.10947726 0.03014172 -0.03668314
v -0.03001509 -0.03302837 -0.01925924
v -0.10438390 -0.00071279 -0.03433712
v -0.10499222 0.01684403 -0.03028786
v -0.11288277 -0.00698888 -0.04795647
v -0.02454786 0.03953179 0.01374272
v 0.06578507 0.02246272 -0.00068571
v -0.11392636 0.03173036 -0.03136382
v -0.00777950 0.04555777 0.01741487
v -0.07711444 -0.00373640 -0.03220746
v -0.07505202 -0.00095367 -0.03313792
v -0.10836443 0.03079553 -0.03216893
v -0.07461492 0.00691628 -0.03339348
v -0.07351080 0.01598225 -0.03224230
v -0.03242820 0.02821385 0.01442899
v -0.01783802 0.01439873 -0.02134109
v 0.10807622 0.03552094 0.01966194
v -0.11024243 -0.02599154 -0.04457099
v -0.00357788 0.00318382 -0.01894187
v -0.12365083 -0.00640101 -0.03231431
v 0.00181168 -0.02968513 -0.02070130
v -0.00490931 0.04872599 0.01331999
v 0.03077769 0.05161285 0.02471649
v -0.11830591 0.03155860 -0.02718436
v -0.00857815 0.00807012 -0.01945989
v -0.08170298 -0.00316685 -0.02882526
v -0.10051501 0.03000502 -0.02971145
v -0.05792017 -0.00322495 0.01020519
v -0.02038789 0.04021134 0.01538288
v 0.02567998 0.05114327 0.02418751
v 0.06356674 0.00023188 0.04921301
v 0.11679630 0.03385265 0.02165627
v 0.01476765 0.05034751 0.00549173
v -0.09141882 0.00130931 -0.02518088
v -0.10900801 -0.02718558 -0.04077298
v -0.04059121 -0.00362299 -0.03509315
v -0.00136572 0.01479199 -0.01614910
v 0.00029652 0.04870676 0.01764818
v 0.01449176 0.04426412 0.02780968
v -0.10303298 0.03006071 -0.03235580
v 0.12753628 -0.03638885 0.01414676
v 0.02128652 0.04524672 0.02982942
v -0.01321970 0.02470122 -0.01631182
v -0.01622462 0.04142328 0.01668107
v 0.09139716 0.01281347 0.00366099
v -0.10700794 -0.01246788 -0.03952422
v -0.05653669 -0.01477068 -0.02787269
v -0.08667023 0.00288237 -0.02673408
v -0.10150124 -0.00980628 -0.02773977
v -0.05467573 -0.00950374 0.00885522
v -0.00317582 0.04283103 0.02170915
v -0.09959392 -0.00638149 -0.03629834
v -0.08139473 -0.00675824 -0.02701020
v -0.10119376 0.01375794 -0.02719629
v 0.10397754 -0.02488652 0.05563433
v -0.09889803 0.00493380 -0.03109274
v 0.11865838 0.00147715 0.00906788
v -0.07036224 -0.00437063 -0.03807175
v 0.00352406 0.04375817 0.02403283
v -0.11433556 0.03149671 -0.02362229
v 0.01309433 0.04840191 0.02388071
v 0.03998341 0.05031729 0.01043053
v -0.10152172 -0.01203127 -0.03646811
v -0.08673549 0.00064639 -0.02243208
v -0.10214963 0.00276969 -0.02271890
v -0.10121418 0.00180616 -0.02793128
v -0.07748491 -0.00622631 -0.02832972
v 0.09249566 -0.01568513 0.05518708
v -0.12073446 0.02742792 -0.02996175
v 0.11822363 -0.04541551 0.01490740
v -0.07464074 -0.00545236 -0.03394006
v -0.10558695 -0.00490004 -0.02461928
v -0.08290197 -0.00686020 -0.02580162
v 0.00805534 0.04082085 0.02724363
v -0.08359988 0.00024432 -0.02693928
v -0.00688161 -0.02949360 0.01202117
v -0.08214618 -0.00780104 -0.02301766
v -0.08973047 0.00703768 -0.02881583
v 0.12368193 0.03513847 0.02520196
v 0.01332717 0.03976792 0.02946598
v 0.11185915 0.04314878 0.03202131
v 0.01653830 0.03454814 0.03238057
v 0.10768054 0.02190928 0.01202519
v 0.11568501 0.03932068 0.02595291
v 0.13040733 0.01048808 0.01584173
v 0.12095887 0.04054416 0.03123184
v -0.11623686 0.01135363 -0.04885435
v 0.13229749 0.00377909 0.01470818
v -0.11997615 -0.00560268 -0.04176634
v 0.03269802 0.03379551 0.03760332
v 0.09992996 0.03970952 0.01980818
v 0.02363843 0.03079182 0.03546234
v -0.10612705 0.01500737 -0.02462865
v 0.03753474 0.02793500 0.04040147
v 0.03573695 0.02523804 -0.00850727
v -0.10563434 0.01767876 -0.02181104
v -0.12525101 0.01960187 -0.01573913
v 0.12595443 0.01888119 0.01666852
v -0.04359992 -0.01329423 -0.03174810
v 0.12133462 0.01898348 0.01515559
v -0.09858989 -0.00562402 -0.04469210
v -0.09728495 -0.00370869 -0.04224322
v -0.11490611 -0.01028384 -0.04426128
v -0.07220809 -0.00148413 -0.03739498
v -0.00160008 0.03348471 0.02616396
v -0.08475393 -0.00417992 -0.02203931
v 0.11645747 0.04227932 0.03340166
v -0.05009627 -0.01773463 -0.02753172
v -0.10580119 0.00210208 -0.01094381
v -0.10601468 0.00184622 -0.02468452
v 0.01504502 0.03937134 -0.00616634
v -0.11110206 -0.01695943 -0.04285012
v 0.00677311 0.03211961 0.02961453
v -0.10739803 -0.00593293 -0.00961895
v 0.09268642 -0.05363006 0.02103517
v 0.11744421 0.02474978 0.01661363
v -0.03593350 -0.03173896 -0.01772639
v 0.02251714 0.03828564 -0.00496623
v 0.02724321 0.03901252 0.03440824
v -0.05249401 -0.02280805 -0.01833306
v -0.02352923 -0.02062772 -0.02320135
v -0.11466044 -0.00437487 -0.00920187
v -0.02828616 -0.01548302 -0.02608784
v 0.00522713 0.02236603 0.03039805
v 0.04290099 0.03916181 0.03932416
v -0.10686406 0.00022102 -0.00771236
v -0.10450138 0.00656600 -0.02071053
v 0.12500931 0.02766313 0.02070267
v -0.02928093 -0.01322081 -0.02756007
v 0.04227720 0.02746634 -0.00557295
v -0.10944864 -0.00104717 -0.00639281
v 0.03234120 0.03223894 -0.00603528
v 0.05189480 0.02800984 0.04473753
v -0.08462488 -0.00150976 -0.01395133
v 0.01392732 0.02542679 0.03347254
v -0.11315057 0.02815460 -0.04222687
v -0.10094800 0.01412051 -0.03743372
v -0.09598151 0.00364066 -0.04265121
v 0.13072364 0.02971450 0.02522172
v -0.04340148 -0.02827917 -0.00314422
v -0.02758992 -0.01939936 -0.02705973
v -0.01604452 -0.03930394 -0.01559038
v -0.09719958 0.02052938 -0.03718706
v 0.00642133 -0.01443982 0.02473297
v -0.08000261 -0.01147186 -0.00828902
v -0.02697727 -0.01812287 -0.02582869
v 0.09053260 0.04660147 0.02536197
v -0.02071925 -0.04045004 -0.00835332
v -0.02341268 -0.03812308 -0.01389008
v -0.09811073 0.02476179 -0.03315815
v 0.10030546 0.04437157 0.02602578
v 0.01358795 -0.00980914 0.03171160
v -0.02787670 -0.03634881 -0.01431398
v 0.11940439 0.01361480 0.06368246
v -0.02061519 -0.02278936 -0.02257001
v 0.09358909 0.00284771 0.00197621
v -0.01765959 -0.02651827 -0.02333367
v -0.03893457 -0.03201229 -0.01264755
v 0.07913273 0.01667500 0.00123671
v -0.10071287 0.01477032 -0.04925052
v 0.00097331 -0.04704876 -0.00207433
v 0.12926278 0.03421987 0.02785738
v 0.06656000 -0.04535180 0.03321188
v -0.03293272 -0.03504085 -0.01128464
v -0.02166731 -0.02535928 -0.01083015
v -0.07627441 -0.00728883 0.00087399
v -0.11300949 0.02495981 -0.04562991
v -0.08044070 -0.00251304 0.00057263
v -0.03137015 -0.00940077 -0.02290093
v 0.09137515 0.04745819 0.02990563
v -0.07845859 0.00087257 -0.03390041
v -0.00647989 -0.03002968 -0.02164216
v -0.05409131 0.00229642 -0.03767343
v -0.03730091 -0.03275612 -0.00611467
v 0.12363624 0.03960143 0.03137984
v -0.05144280 0.01024794 -0.03654945
v -0.06832008 -0.01165541 -0.00034037
v 0.12800387 0.03797405 0.03210996
v -0.10421350 0.01100961 -0.03274726
v 0.05472142 -0.01459234 0.04392536
v 0.09812186 0.04641424 0.03713802
v 0.13237678 0.03400586 0.03506852
v -0.02425179 -0.02631248 -0.00240861
v -0.02791568 -0.03692057 -0.00380720
v -0.06429817 -0.00791059 0.00458841
v -0.07163905 -0.00194180 0.00508893
v -0.10391349 0.01395155 -0.02895774
v -0.06574460 0.00082208 0.00750775
v 0.09738672 -0.00950352 0.05798002
v -0.05007655 -0.01514739 0.00733343
v 0.12151672 0.04165145 0.03874026
v 0.11754654 -0.01016806 0.06250868
v -0.09378696 0.01053882 -0.02914893
v -0.08877697 0.01007255 -0.02772088
v 0.10585950 0.04509312 0.03492670
v -0.09540599 0.01318053 -0.02432952
v -0.11107490 -0.02060181 -0.04399825
v -0.09922500 0.01382560 -0.02434118
v 0.12832365 0.03864194 0.03946259
v -0.04179972 -0.01295060 0.00858166
v -0.09239323 0.01281708 -0.02213494
v -0.05092858 -0.00515373 0.01146266
v -0.08598866 0.01159333 -0.02498746
v 0.12293920 0.03989951 0.04530364
v 0.09513625 0.04448015 0.04495157
v -0.10283773 0.01018517 -0.02065423
v -0.04807868 -0.00293078 -0.03604812
v 0.10799714 0.04029524 0.05170539
v -0.03518108 -0.00755234 -0.03286587
v 0.11215725 0.03979551 0.05216725
v -0.02853837 -0.00358683 -0.02910163
v -0.02974149 -0.01010393 -0.02933883
v -0.00404439 -0.03182838 0.01535199
v -0.00169336 -0.02704498 0.01497848
v -0.02946332 -0.00677101 -0.02959274
v -0.10535192 0.00315489 -0.03221721
v 0.11847854 0.03993066 0.05039920
v 0.11857755 0.03304720 0.05900667
v 0.00108335 -0.02860963 0.01943088
v 0.00262616 -0.02428332 0.01941680
v 0.12359736 0.03094728 0.05721843
v -0.00184759 -0.00238790 0.02308964
v -0.03062086 -0.01625373 -0.02014569
v 0.11836052 0.02724206 0.06157505
v -0.02598474 -0.01918162 -0.02301779
vn -0.17041000 -0.85285368 0.49355956
vn -0.31086674 -0.89415109 0.32226650
vn -0.42173693 -0.83716334 0.34827505
vn 0.00410070 -0.59999219 -0.79999534
vn -0.83592938 -0.22847644 -0.49901964
vn 0.00396204 -0.97894442 -0.20408852
vn -0.22342092 -0.37727119 0.89874888
vn 0.24300423 -0.24589924 -0.93834029
vn -0.05092666 0.85836160 -0.51051134
vn -0.24439782 -0.62612896 0.74042706
vn -0.23927931 -0.19242183 0.95169283
vn 0.18214446 -0.04390422 -0.98229111
vn 0.13202845 -0.21989040 -0.96654886
vn 0.37857525 0.69376205 0.61267854
vn -0.98140792 0.10474690 -0.16083091
vn 0.86418283 -0.49083096 0.11078362
vn -0.02318038 -0.66996598 -0.74202982
vn -0.97952284 0.01779852 -0.20054483
vn 0.45543336 0.88951922 -0.03655139
vn 0.24637994 -0.60785644 -0.75485593
vn -0.63041933 -0.68753643 0.36036805
vn 0.15105407 0.98600683 0.07052094
vn -0.20553401 -0.68337130 0.70054224
vn -0.32431506 0.81143304 -0.48620588
vn 0.08631184 -0.40885446 -0.90850883
vn -0.09792250 0.83401880 -0.54297682
vn 0.13820925 -0.86912758 0.47488467
vn -0.20942202 -0.65409570 0.72684333
vn -0.28441913 -0.31635850 0.90499893
vn -0.18604277 -0.48406822 0.85502400
vn 0.66690452 0.67212726 -0.32168821
vn 0.07909541 -0.87964445 0.46900912
vn -0.01158795 -0.73548790 -0.67743875
vn 0.12207612 -0.10876258 -0.98654352
vn -0.66376180 -0.37637682 0.64634415
vn -0.23476996 -0.73524893 0.63583967
vn -0.15802186 -0.42256140 0.89245222
vn -0.12783136 0.98935213 0.06958094
vn 0.36543362 -0.92673165 -0.08733104
vn 0.23736077 -0.54693826 -0.80281903
vn -0.15350918 -0.89233614 -0.42446572
vn 0.16819404 -0.59400274 -0.78668387
vn -0.33621441 -0.79454946 0.50561945
vn 0.94543961 0.09485468 0.31168338
vn -0.19563123 0.68296201 -0.70376936
vn 0.01641933 0.08298569 -0.99641547
vn -0.08332028 0.19898745 -0.97645365
vn -0.46821828 0.88304602 -0.03164431
vn 0.96514809 0.19569368 0.17376177
vn -0.25541507 -0.39722774 0.88146087
vn -0.18599631 0.14301762 -0.97208607
vn -0.53740513 -0.75486549 0.37599710
vn -0.16582517 -0.44911507 0.87795083
vn -0.17955320 -0.88964142 -0.41987949
vn 0.13484919 0.02942762 -0.99042905
vn -0.03612222 0.99062119 0.13177571
vn 0.76069668 0.60559092 0.23366687
vn -0.34102997 0.93931478 0.03723319
vn 0.21032230 -0.24702558 -0.94590850
vn 0.98131987 -0.05231890 0.18513251
vn 0.37525376 0.24983500 0.89261811
vn 0.19052947 -0.11302817 -0.97515289
vn -0.26561847 -0.76346609 0.58869888
vn 0.93105203 0.34043309 0.13132947
vn 0.18752647 -0.30845024 -0.93257293
vn -0.42204745 -0.45690108 0.78301811
vn 0.00008139 0.08645655 -0.99625562
vn -0.03572232 0.11987731 -0.99214583
vn 0.13607754 -0.05154261 -0.98935649
vn 0.50127382 0.82616761 0.25723848
vn 0.19508001 -0.84013376 0.50608206
vn 0.50133579 0.82297110 0.26717223
vn 0.89761750 0.10133126 0.42896947
vn -0.96698033 -0.25418295 -0.01844113
vn -0.55339046 0.20092901 -0.80832329
vn -0.62020921 -0.34079529 -0.70654023
vn -0.87940238 0.18003757 0.44072432
vn 0.87604510 -0.48056943 0.03997509
vn -0.55342494 0.18051455 -0.81310229
vn 0.96838122 -0.04848985 0.24471728
vn 0.20286132 0.42735320 -0.88103151
vn 0.25934247 -0.01489645 -0.96567053
vn 0.10536259 0.08505647 -0.99078964
vn 0.14482027 0.45909084 -0.87650596
vn -0.57491827 0.04785233 -0.81681035
vn 0.23320767 0.04274603 -0.97148698
vn 0.20944916 -0.11077885 -0.97152411
vn 0.22843240 -0.96616805 -0.11974112
vn 0.05617891 0.57471966 0.81641977
vn -0.20648612 0.22142322 -0.95306623
vn 0.80518686 0.23528911 -0.54434654
vn 0.04803535 -0.98495522 -0.16599948
vn -0.76220057 0.48885168 0.42435165
vn -0.25732859 0.21235638 0.94270184
vn -0.49390098 0.72224779 0.48416934
vn 0.12566864 -0.32576963 -0.93706005
vn 0.26428583 0.09827021 -0.95942481
vn 0.23525857 0.55899943 -0.79509310
vn 0.64316312 0.33793409 -0.68712572
vn -0.34264388 -0.10139469 -0.93397767
vn 0.75417430 0.60087265 0.26490221
vn -0.40398268 -0.11337316 -0.90771390
vn 0.12210828 0.77176667 -0.62407193
vn -0.61254293 -0.67251159 -0.41535446
vn 0.04348568 -0.64700779 -0.76124235
vn -0.74728046 0.10197065 -0.65663833
vn -0.17000989 -0.29177086 -0.94125788
vn -0.40931466 -0.64119587 0.64909888
vn 0.91936874 0.27230558 0.28392041
vn -0.72967033 -0.15838806 -0.66520255
vn 0.25922828 0.46358170 -0.84728549
vn 0.03116488 0.65812676 -0.75226187
vn -0.67323345 0.03621972 -0.73854238
vn -0.03891065 -0.98086360 -0.19076835
vn -0.36871326 -0.79888145 0.47522517
vn -0.30854838 -0.82758135 0.46894243
vn -0.13305628 -0.93300702 -0.33435598
vn -0.04298637 -0.91226411 -0.40734061
vn 0.72704272 -0.68414862 0.05787530
vn 0.25699600 -0.10433719 -0.96076366
vn -0.16215445 0.98110052 0.10558265
vn -0.09159488 -0.97085578 -0.22147107
vn -0.64663639 0.30959862 -0.69714423
vn 0.11597787 0.97926604 0.16609380
vn -0.28003860 0.00716323 0.95996202
vn -0.00996453 -0.98396658 -0.17807437
vn -0.28043987 0.11794884 0.95259727
vn -0.24075677 0.96635071 0.09056750
vn 0.26891945 -0.02780381 -0.96276128
vn 0.08704262 -0.59765632 -0.79701349
vn -0.28053457 0.13070919 0.95090245
vn -0.88908940 0.30846141 -0.33818870
vn -0.08237300 0.76487435 -0.63889116
vn 0.27000493 0.39038957 -0.88016664
vn 0.28002855 0.04137955 -0.95909944
vn 0.26933450 0.39865774 -0.87665896
vn 0.00852268 -0.98402127 -0.17784683
vn -0.51665496 -0.03690766 -0.85539784
vn 0.52108001 -0.85246897 0.04209840
vn -0.21409997 -0.73365374 0.64491348
vn -0.28302922 0.10369449 0.95348934
vn -0.93816271 -0.09441256 0.33307207
vn -0.27156431 0.08476697 0.95868002
vn -0.31840729 0.93793967 0.13742622
vn 0.25332809 0.78547623 -0.56466979
vn -0.26116373 0.32504553 0.90892184
vn -0.48630998 0.47825757 0.73128127
vn 0.21127571 -0.22689235 -0.95072732
vn -0.56101387 0.82726163 -0.03002727
vn -0.20139951 -0.72393544 0.65981491
vn 0.21280801 -0.28299333 -0.93521523
vn -0.26123833 0.12054317 0.95771806
vn -0.26807038 0.03177558 0.96287517
vn -0.06946814 0.33866411 -0.93833938
vn 0.27536098 -0.01496470 -0.96122442
vn -0.28706474 0.94381602 0.16372282
vn -0.07591109 0.78313806 -0.61719712
vn -0.25395730 0.10811117 0.96115434
vn 0.05831410 0.92831679 -0.36718851
vn -0.37169999 0.63789945 -0.67448010
vn -0.93260091 -0.29783483 0.20383805
vn -0.26754982 -0.53521807 0.80122326
vn -0.10238199 0.99377306 -0.04396621
vn -0.17180781 -0.82953854 0.53136417
vn -0.32306416 -0.87294236 -0.36551497
vn 0.23709456 -0.18194555 -0.95429659
vn 0.25853314 -0.09359479 -0.96145755
vn 0.36944812 -0.45059033 0.81269702
vn -0.00802061 -0.98188815 -0.18929164
vn 0.25872552 -0.11634871 -0.95891818
vn -0.71484663 -0.53551412 -0.44968759
vn -0.68460177 0.72392610 0.08515530
vn -0.09471804 -0.88806404 0.44985638
vn 0.27271772 0.81853196 -0.50559913
vn -0.48712546 -0.41977624 0.76583072
vn -0.58571112 0.39587859 -0.70726418
vn 0.63855442 -0.38838136 -0.66438555
vn 0.31827565 0.28781306 -0.90325204
vn -0.09193906 -0.90463958 0.41614233
vn 0.96578424 -0.12658122 0.22635811
vn -0.15078064 -0.84749175 0.50894296
vn -0.30383735 -0.95079843 -0.06054095
vn 0.10219488 -0.46020642 -0.88191057
vn 0.87538751 0.30960120 -0.37127323
vn -0.62069194 0.61439774 -0.48709027
vn 0.26965322 -0.13144167 -0.95394456
vn -0.14883749 0.22289431 -0.96341348
vn 0.22865787 0.54920421 -0.80379743
vn 0.74548264 0.46558627 0.47695394
vn 0.25981295 0.62873914 0.73292860
vn 0.94966561 0.10373650 0.29559088
vn -0.00525076 0.11007059 -0.99390990
vn 0.22783126 -0.24220756 -0.94309512
vn 0.26028472 -0.10547386 -0.95975368
vn 0.25162168 0.27405629 -0.92821316
vn 0.06155748 0.96928160 0.23812570
vn 0.26969909 -0.06252049 -0.96091289
vn 0.17574327 -0.34115509 -0.92343246
vn -0.29481379 0.54095595 0.78768743
vn 0.17882190 0.76970970 -0.61283742
vn -0.70702509 0.47375364 -0.52504572
vn -0.11479725 0.67435621 0.72942806
vn -0.30996255 -0.91500698 0.25823525
vn -0.08506388 0.37256591 -0.92409890
vn 0.25709790 -0.22144656 -0.94067108
vn 0.07791373 -0.57018338 -0.81781439
vn -0.28829903 -0.23979016 0.92702985
vn 0.17833155 -0.48220062 -0.85771815
vn -0.33475611 -0.93925712 0.07572591
vn -0.03382791 -0.33104900 0.94300702
vn 0.28526589 0.25148624 -0.92486650
vn 0.90583941 0.09671524 0.41243317
vn -0.46860192 0.79858708 -0.37771804
vn 0.96073017 0.17804441 -0.21283265
vn 0.84003929 0.03581897 0.54134184
vn -0.75522470 0.64656066 -0.10767996
vn -0.83206414 0.52782493 -0.17049957
vn -0.38174105 -0.60901344 0.69525276
vn 0.10552906 -0.16991328 -0.97979237
vn 0.25861870 -0.17375939 -0.95022315
vn 0.06978509 0.20177220 -0.97694320
vn 0.14377531 -0.02323697 -0.98933751
vn -0.09675092 -0.96551504 0.24170221
vn 0.77982668 -0.49386819 0.38466163
vn -0.24696159 -0.56392396 0.78803537
vn 0.19091177 0.78757180 -0.58590387
vn 0.25852534 -0.24255345 -0.93505747
vn -0.64029894 -0.72580744 0.25143751
vn 0.09318346 -0.64640173 0.75728571
vn 0.27810308 0.24683410 -0.92829500
vn 0.23526888 -0.27825349 -0.93124838
vn 0.71362072 0.19188786 0.67373920
vn 0.13151724 0.50746719 -0.85157517
vn -0.68919342 0.69344912 -0.21009698
vn -0.66719094 0.38479572 -0.63779974
vn -0.51256611 0.35845640 0.78024675
vn -0.25448094 0.10060032 0.96183108
vn 0.99850723 0.05358511 -0.01058062
vn 0.19194946 0.89782444 0.39631639
vn 0.99316779 0.02011990 0.11494754
vn -0.85731754 0.26164129 -0.44334013
vn -0.98444135 -0.06535593 0.16310679
vn -0.71638416 0.69034928 0.10105252
vn 0.27082800 -0.04122579 -0.96174457
vn -0.26441685 -0.41467575 0.87070532
vn 0.99942584 -0.00711533 -0.03312632
vn -0.06759358 -0.98590501 0.15304386
vn 0.96835005 -0.17689725 -0.17608392
vn 0.05402315 -0.63243387 -0.77272822
vn 0.24343625 0.75454339 -0.60942847
vn -0.85938568 -0.20050592 -0.47037606
vn 0.46533805 -0.05664320 0.88331877
vn 0.54415234 -0.04466452 0.83779670
vn -0.24178793 -0.91221462 0.33076136
vn 0.60964852 -0.74899864 0.25947970
vn -0.12588575 0.02656180 0.99168909
vn -0.04566031 0.86431504 0.50087388
vn 0.08589034 0.98470382 0.15159566
vn -0.10896864 -0.96719622 0.22947178
vn 0.07353902 0.92270828 0.37841967
vn 0.28014658 -0.22738059 -0.93263924
vn 0.33417868 -0.07183142 -0.93976851
vn 0.12480452 0.97762954 0.16930541
vn -0.49226274 0.42866271 -0.75757883
vn 0.13972483 0.48926545 -0.86086950
vn 0.28568592 -0.03232827 -0.95777786
vn 0.23245459 -0.39488661 -0.88883600
vn 0.98398800 0.13123799 0.12059938
vn 0.28254064 -0.15503282 -0.94664440
vn -0.74494229 -0.54372055 0.38656040
vn 0.11192330 -0.61800082 -0.77816975
vn 0.24217553 -0.20498741 -0.94833073
vn -0.07850825 0.76612563 0.63787772
vn 0.74294296 -0.21083553 -0.63528273
vn 0.98245317 0.05900834 -0.17692873
vn -0.00628466 0.87596688 0.48233030
vn -0.96179302 -0.16591635 -0.21777500
vn -0.21931786 -0.97251455 0.07819923
vn -0.07688730 0.94235412 0.32566401
vn 0.27652835 0.05143628 -0.95962825
vn -0.28554816 0.61171016 0.73774855
vn 0.05872147 0.93638989 0.34601411
vn 0.22966569 0.77456821 -0.58931974
vn -0.06472938 -0.80846836 0.58496925
vn 0.32920829 -0.19831468 -0.92319727
vn -0.06583661 0.75616132 0.65106497
vn 0.97559169 -0.21643623 0.03709731
vn 0.10176994 0.93031350 0.35236299
vn 0.22179309 -0.33640196 -0.91522759
vn -0.23414542 0.12046918 0.96470882
vn 0.16208257 0.97313842 0.16349576
vn -0.09515714 0.98533812 0.14161185
vn -0.08260272 -0.98483174 -0.15258846
vn -0.14253523 -0.95657215 0.25427040
vn 0.26808868 0.01681841 -0.96324743
vn 0.22173951 0.26991986 -0.93700313
vn 0.20732380 0.55631300 -0.80469416
vn 0.24545759 0.73916552 -0.62720404
vn 0.64481800 0.32756795 -0.69058597
vn -0.26758593 -0.31464892 0.91071062
vn -0.27143992 -0.73682516 0.61920033
vn -0.07684211 -0.48876272 0.86902606
vn 0.17551770 -0.37444111 -0.91048745
vn -0.54388625 0.34878452 -0.76324119
vn -0.54302076 -0.05376260 0.83799644
vn -0.08221481 0.75824165 0.64676915
vn -0.22776533 0.14291593 0.96317080
vn -0.27599776 -0.94851113 -0.15540871
vn 0.04199950 -0.90262391 -0.42837613
vn 0.73978385 0.01463780 0.67268536
vn -0.48783571 0.48911353 0.72303823
vn 0.22918921 -0.47689219 -0.84855533
vn 0.82147155 0.40916875 0.39719697
vn -0.35337522 -0.32657575 0.87662662
vn 0.25734466 0.46655643 -0.84622622
vn 0.27920220 0.12328299 -0.95228538
vn -0.14362261 -0.78612626 -0.60114728
vn 0.11077086 0.27371139 -0.95541189
vn -0.13930299 -0.98724142 -0.07713017
vn 0.33067541 0.10988291 -0.93732573
vn 0.26727967 -0.06373840 -0.96150871
vn 0.50796391 -0.86136636 0.00454566
vn -0.36381568 -0.83554038 -0.41171644
vn -0.30005352 -0.70476285 0.64286641
vn -0.08710678 0.78543874 0.61277924
vn 0.23607912 0.50351137 -0.83110947
vn -0.04833731 0.75342747 0.65575190
vn 0.19654340 0.94094957 -0.27565305
vn 0.95282691 0.02552815 0.30243873
vn 0.18180652 0.95787321 -0.22231802
vn 0.94227573 0.10637593 0.31749111
vn -0.06460557 -0.99202633 0.10821218
vn 0.93448418 0.34396556 -0.09179878
vn 0.61396421 0.62926662 0.47652016
vn -0.05468688 0.72649361 0.68499370
vn -0.59109410 0.55049848 -0.58954151
vn -0.30658658 -0.82079878 0.48196891
vn 0.13951447 0.97571228 -0.16888235
vn -0.07158838 -0.87479796 0.47916974
vn 0.07503715 0.99692922 0.02239528
vn -0.03992273 0.76288894 0.64529578
vn 0.04236808 -0.92196888 -0.38493938
vn -0.12049092 -0.15392948 0.98070773
vn 0.50720919 -0.10777426 -0.85505762
vn 0.06095892 -0.76157947 -0.64519821
vn -0.85380803 -0.51977961 0.02900004
vn 0.27021308 -0.11437288 -0.95598313
vn 0.59349160 -0.06204959 -0.80244474
vn 0.17133075 -0.62951028 -0.75786713
vn -0.08478462 -0.98046151 0.17750154
vn 0.60711013 0.64232120 0.46780420
vn -0.44806848 0.89399910 0.00050743
vn 0.34517292 -0.21567045 0.91342318
vn 0.75628022 0.03881694 -0.65309530
vn -0.02372805 0.75344973 0.65707723
vn 0.62753464 -0.05228125 0.77683135
vn -0.20974914 -0.95327695 0.21741285
vn 0.27613049 0.03939350 -0.96031250
vn -0.22738305 -0.84189611 -0.48939543
vn 0.27093587 -0.03234533 -0.96205381
vn -0.15420174 0.51276801 0.84456544
vn 0.27566074 0.06822622 -0.95883071
vn -0.10177468 -0.97363895 0.20413012
vn -0.19024098 -0.83815165 0.51118508
vn -0.03944788 -0.99325718 0.10901398
vn -0.16507428 0.91169626 -0.37624514
vn 0.52524210 0.79353120 0.30729297
vn 0.18054363 -0.86212100 -0.47344627
vn -0.26139127 -0.07363873 0.96241984
vn 0.17403482 0.73851878 0.65138460
vn -0.59563078 0.78217034 -0.18284837
vn 0.10672580 0.84181981 -0.52910208
vn 0.24644559 -0.41244852 -0.87701242
vn -0.01996149 -0.95087364 -0.30893504
vn 0.17632251 -0.57586119 -0.79830712
vn -0.26596225 0.92366732 -0.27586728
vn -0.14131209 -0.38686107 0.91124607
vn 0.84585720 0.18655018 0.49972456
vn -0.04274087 0.92008710 0.38937507
vn 0.04462365 -0.86046415 -0.50755313
vn -0.09027643 0.88106731 0.46429578
vn -0.10711306 0.89255031 0.43804193
vn 0.09674233 0.91708242 -0.38678257
vn 0.01418755 -0.76644445 -0.64215389
vn 0.62788812 -0.06564542 -0.77553026
vn 0.96670112 0.16992983 0.19134473
vn 0.62458083 0.07683056 -0.77717170
vn 0.28222095 0.14107597 -0.94891986
vn -0.14591401 0.63569807 0.75802181
vn -0.59794813 0.69150288 -0.40531691
vn 0.27315086 -0.02437468 -0.96166235
vn -0.19876135 0.37290364 0.90633151
vn -0.64432423 0.75702743 -0.10842396
vn -0.86530780 0.40138448 -0.30022145
vn -0.34705428 -0.12970200 0.92883299
vn -0.79586062 -0.13844892 -0.58943853
vn 0.27460334 0.02115687 -0.96132481
vn -0.23485807 -0.90011556 0.36692460
vn 0.47909227 -0.85502642 0.19849537
vn -0.05482825 0.84848240 -0.52637580
vn -0.06133074 0.93040275 0.36137137
vn -0.32331136 0.90313742 -0.28251118
vn -0.13589351 0.51435149 0.84674406
vn 0.27254440 -0.20355631 -0.94036396
vn 0.24605655 -0.52722522 -0.81332020
vn 0.22258558 -0.73082200 -0.64525565
vn 0.27403373 -0.29375531 -0.91575834
vn 0.27067357 -0.03559609 -0.96201286
vn -0.07207610 -0.99717737 0.02103141
vn -0.23658870 0.22295965 0.94568218
vn -0.39051910 -0.34027885 0.85539765
vn -0.84504164 0.36439877 -0.39130316
vn -0.44881175 -0.09993520 0.88802082
vn -0.10631040 -0.98727984 0.11822277
vn -0.31275767 -0.66022301 0.68285300
vn 0.27199065 -0.11831389 -0.95499891
vn -0.55571178 -0.77101032 -0.31101045
vn 0.27679634 0.07827291 -0.95773542
vn -0.23366149 0.84105623 -0.48787982
vn -0.37480551 -0.89162713 -0.25401160
vn -0.17909213 0.67868242 0.71226131
vn 0.21435199 0.77602670 -0.59315747
vn -0.49660935 -0.82806577 -0.26016577
vn 0.55637008 -0.69413631 0.45675718
vn 0.24945066 -0.22346013 -0.94225259
vn 0.59367755 -0.73084967 -0.33675767
vn 0.96762199 0.12346079 0.22014794
vn 0.73519554 0.64465484 -0.20954153
vn 0.30708492 0.68333523 -0.66238343
vn 0.13285797 -0.94375478 -0.30277990
vn 0.94389907 -0.30638134 -0.12322749
vn -0.34049635 -0.79050814 -0.50907672
vn -0.11686547 0.42860793 0.89590050
vn -0.61923995 0.47864650 0.62244631
vn 0.94292885 -0.09249933 -0.31988912
vn -0.04872220 -0.98709043 -0.15257338
vn 0.83478800 -0.05494026 -0.54782348
vn 0.27668279 0.09582620 -0.95617152
vn 0.27143659 0.55607578 -0.78555834
vn 0.27624344 -0.04693616 -0.95994091
vn -0.91813368 0.00966386 0.39615294
vn 0.76758665 -0.03457385 0.64001202
vn 0.27287996 0.00546274 -0.96203258
vn -0.00941768 -0.95128959 0.30815486
vn -0.73193102 -0.65574405 -0.18513974
vn -0.06151634 0.17983153 0.98177205
vn -0.49364526 -0.11932146 0.86143877
vn 0.27880977 -0.09429557 -0.95570574
vn 0.27034441 -0.33266067 -0.90346598
vn -0.27003361 -0.69798217 0.66325164
vn -0.17350375 0.65046905 0.73945011
vn 0.27334983 0.09576910 -0.95713539
vn -0.10309602 0.94163748 -0.32045290
vn 0.27545921 0.19943559 -0.94039761
vn -0.28932279 -0.35230062 0.89004303
vn -0.87889546 0.47379268 0.05534679
vn 0.26641702 -0.93374797 -0.23903285
vn -0.78592372 0.50129721 0.36197379
vn 0.38605347 0.26113511 -0.88474356
vn 0.51711190 -0.84317433 -0.14714729
vn -0.22111996 0.97030473 -0.09805460
vn -0.34192657 -0.57473646 0.74348115
vn 0.03451725 -0.99849188 0.04269099
vn 0.10635371 0.98487536 0.13678236
vn 0.54719197 -0.20718859 -0.81095859
vn -0.31514684 -0.54302861 0.77833309
vn 0.01854760 -0.41321320 -0.91044541
vn -0.24720681 -0.96881669 -0.01682306
vn 0.27987006 0.00638849 -0.96001663
vn 0.43633023 0.35481530 -0.82687486
vn -0.75972590 0.13267062 0.63656505
vn 0.29681462 0.08871704 -0.95080511
vn 0.07473117 0.94471897 -0.31925120
vn -0.08890836 0.88817166 0.45082859
vn 0.03103478 0.98320552 -0.17984367
vn -0.92175122 0.32028381 0.21861604
vn -0.81715104 0.57591558 0.02419547
vn -0.28323436 0.50187637 0.81725051
vn 0.09783233 -0.99509394 -0.01472703
vn -0.37937509 -0.04540744 0.92412808
vn -0.30953120 0.12330381 0.94286086
vn 0.14874045 0.58568339 -0.79677553
vn 0.34727437 -0.05812348 -0.93596056
vn 0.63271384 0.09333671 -0.76874018
vn -0.17259166 0.55409515 0.81436521
vn -0.21238314 0.37773090 0.90122848
vn 0.99483804 -0.08661181 0.05287411
vn 0.11429874 0.96386057 -0.24064205
vn 0.05029505 -0.99734125 0.05273363
vn 0.40089670 0.03833830 -0.91532072
vn -0.56989972 -0.81442033 -0.10924208
vn 0.36579095 0.12560106 -0.92218293
vn -0.38184707 0.92400850 0.02002745
vn 0.11813738 0.95678024 -0.26573509
vn 0.38887514 -0.00137098 -0.92128945
vn -0.35194676 0.17153248 0.92016851
vn -0.16665478 -0.98100795 -0.09924513
vn 0.27616973 0.33001422 -0.90267430
vn -0.28191126 -0.36107492 0.88890435
vn -0.28828996 0.19628776 0.93720863
vn -0.19114412 -0.05397786 0.98007669
vn 0.54838713 -0.49083723 -0.67701578
vn 0.99144503 0.10294963 -0.08023795
vn -0.04577432 -0.13777367 0.98940544
vn -0.29774015 -0.57569184 0.76153116
vn -0.16840518 -0.94199061 0.29033325
vn -0.76225461 0.62262973 0.17691840
vn 0.15692141 0.95273316 -0.26014457
vn -0.28376756 -0.55068382 0.78499892
vn -0.29272217 -0.47459459 0.83010463
vn -0.40163902 0.24552612 0.88227151
vn -0.04344807 -0.96167577 0.27072493
vn 0.19342684 0.89387032 -0.40445260
vn 0.07901385 0.70616837 -0.70362138
vn -0.36421014 0.37950658 0.85048558
vn 0.13457811 0.94676726 -0.29243886
vn -0.11400118 -0.63987439 -0.75997664
vn -0.22671486 0.23224688 0.94586561
vn 0.47558916 0.31879426 -0.81986900
vn 0.18514140 0.28044943 -0.94184435
vn 0.21462122 0.31069072 -0.92596383
vn 0.51780855 0.21879848 -0.82704385
vn -0.29486242 -0.27859955 0.91402322
vn -0.03836130 -0.94013271 0.33864272
vn -0.28157329 -0.21361955 0.93545880
vn 0.08458317 -0.98255743 0.16560973
vn 0.03842717 0.99666009 0.07205559
vn 0.28210379 0.41047507 -0.86713763
vn 0.23689894 0.57148347 -0.78567521
vn -0.16481182 -0.95190421 0.25829331
vn 0.21824919 0.38635982 -0.89615478
vn 0.10797382 0.26107790 -0.95926012
vn -0.36715401 -0.29392443 0.88250006
vn -0.06178779 -0.92211188 0.38195806
vn 0.29400913 -0.61068492 -0.73527040
vn -0.11374700 0.07937865 0.99033361
vn 0.19946451 -0.73674729 -0.64607843
vn 0.77488377 0.05390666 0.62980093
vn 0.06916697 -0.98162660 -0.17783460
vn -0.03420958 -0.93032796 -0.36512955
vn 0.19882565 0.46691494 -0.86166049
vn -0.10665020 0.00204312 0.99429450
vn -0.19235804 0.39441070 0.89857587
vn -0.18468974 0.09776483 0.97792215
vn -0.30288661 -0.18684707 0.93453083
vn 0.06947345 0.68381369 -0.72634171
vn 0.32692296 0.03353750 0.94445572
vn -0.31947805 -0.86131923 0.39504805
vn 0.09159339 0.67173675 -0.73510570
vn 0.27433660 -0.84073858 -0.46679552
vn -0.35880102 0.92620791 -0.11576157
vn -0.01211902 0.99519907 0.09711823
vn 0.08733680 -0.90515086 -0.41602189
vn -0.19626908 -0.01074445 0.98049121
vn 0.10251890 -0.80134005 -0.58935897
vn 0.35237329 -0.82682656 -0.43839584
vn -0.28820637 -0.26833747 0.91920188
vn -0.07680985 0.83604021 -0.54326514
vn -0.11052245 0.43613472 0.89306847
vn 0.96292175 -0.11552221 0.24379564
vn -0.16687021 -0.08732702 0.98210403
vn -0.31508996 -0.02232215 0.94879926
vn 0.11726693 0.49523952 -0.86080560
vn 0.40083794 0.35835246 -0.84315625
vn 0.26248328 0.21212699 -0.94133133
vn -0.36402335 0.90990798 -0.19888306
vn 0.20234654 -0.86441343 -0.46026655
vn 0.16745822 -0.72267304 -0.67059781
vn 0.29728908 0.46109960 -0.83606601
vn -0.26134553 -0.48844736 0.83253690
vn -0.14564933 0.86829674 -0.47418039
vn -0.38475411 0.83403838 0.39540392
vn -0.24956973 0.77522606 0.58029261
vn -0.84289587 -0.11312118 -0.52605147
vn -0.12480368 0.83580485 0.53465344
vn -0.27861503 -0.37231075 0.88530129
vn -0.02343655 0.81390396 -0.58052654
vn -0.08829144 0.99605921 -0.00840633
vn -0.90890345 0.41670998 -0.01572609
vn -0.35392574 0.19076181 0.91561264
vn 0.04427206 -0.50383697 -0.86266349
vn -0.90823141 -0.41443698 0.05794556
vn -0.40146290 -0.06390684 0.91364296
vn -0.23611360 0.90959296 -0.34189327
vn 0.05824147 -0.96197469 -0.26685693
vn 0.14868873 0.18791284 -0.97086581
vn -0.26640370 -0.48191995 0.83473483
vn 0.25502146 0.18465024 -0.94914085
vn -0.08457700 -0.99187720 0.09500712
vn -0.16053221 -0.74885889 0.64299282
vn 0.25726522 -0.89457013 0.36545711
vn 0.16207899 0.25802909 -0.95244495
vn -0.43116344 0.03390907 0.90163644
vn -0.26789332 0.57569124 0.77253658
vn -0.05470785 -0.97992099 0.19173396
vn 0.11636978 0.24166653 0.96335630
vn 0.14058647 -0.96909590 -0.20270318
vn -0.41589499 0.12868403 0.90026206
vn -0.02388596 0.06493392 -0.99760365
vn 0.10297937 0.27691870 -0.95535924
vn -0.55920835 -0.18835593 0.80734631
vn 0.25704824 0.56676241 -0.78275575
vn 0.64254583 -0.66612924 0.37869076
vn -0.10395866 0.62866182 -0.77069898
vn -0.52646699 -0.79763622 0.29429401
vn 0.19371162 -0.73719629 -0.64731556
vn 0.04345395 0.23881010 -0.97009355
vn -0.92876238 -0.16346769 -0.33268417
vn -0.22185279 0.54123578 0.81107655
vn -0.01878350 0.74466982 -0.66716868
vn -0.28364638 -0.18027233 0.94183152
vn -0.43206378 -0.01597195 0.90170161
vn -0.27846885 0.21133208 -0.93690653
vn 0.93363746 0.07206718 -0.35089517
vn -0.44540492 -0.89354979 -0.05642009
vn -0.02081164 -0.81822419 0.57452246
vn 0.15454703 0.63412584 -0.75762764
vn -0.39989457 0.29223908 0.86872358
vn 0.34882113 -0.64881624 0.67628493
vn 0.20410077 -0.80877635 -0.55156477
vn -0.29433377 -0.46892054 0.83275516
vn 0.97218366 -0.23406617 0.00848349
vn -0.97825390 -0.13513843 -0.15734327
vn -0.43021620 0.05668891 0.90094416
vn 0.12039101 0.39775767 -0.90955750
vn 0.75701835 -0.39630531 0.51948563
vn 0.22845481 0.35565064 -0.90626763
vn 0.39955062 -0.39825900 0.82568097
vn 0.83993735 -0.24283854 0.48531917
vn 0.11171167 -0.91535472 -0.38684137
vn -0.35309742 0.35969820 0.86367784
vn -0.33195762 0.94038952 -0.07397083
vn -0.15363957 0.88201168 0.44547759
vn -0.26394424 -0.90093876 0.34444561
vn 0.49984356 0.15204376 -0.85266589
vn 0.22360192 0.44430333 -0.86752333
vn -0.11942295 0.95594962 -0.26813893
vn -0.52606960 -0.85007738 -0.02488402
vn -0.50327223 -0.23474372 0.83163240
vn -0.03897703 0.76010606 -0.64862899
vn -0.59862442 -0.78313772 0.16835712
vn -0.29280173 -0.51910543 0.80299234
vn -0.00353147 0.87647281 -0.48143840
vn 0.94499425 -0.26649504 -0.18964776
vn -0.45092042 -0.85114053 0.26875745
vn -0.50685401 -0.11730930 0.85401261
vn -0.23906658 -0.50540115 0.82910605
vn 0.27637909 0.11950509 -0.95358960
vn -0.61553597 -0.73386087 0.28733898
vn 0.22620762 -0.78867547 -0.57168271
vn 0.44209242 0.25743344 -0.85923357
vn 0.25314284 -0.58768598 -0.76846853
vn -0.28580718 0.20081729 0.93700943
vn 0.35602891 0.16693982 -0.91944250
vn 0.14995128 0.75140850 -0.64257286
vn 0.29788127 0.10388858 -0.94893304
vn 0.27832488 0.23010874 -0.93251554
vn -0.35308839 0.92320857 0.15170538
vn -0.15026052 0.93466294 -0.32222192
vn 0.14032419 0.11191689 -0.98376000
vn 0.05071139 0.76785136 -0.63861776
vn -0.25666889 0.36005269 0.89692984
vn -0.29029405 -0.08854928 0.95283177
vn -0.28712435 -0.45196238 0.84456475
vn 0.84656356 -0.53105906 0.03614433
vn 0.55794567 -0.42147630 0.71488066
vn -0.46290543 -0.80602719 0.36883428
vn 0.00913184 0.18546283 -0.98260885
vn 0.81673899 -0.16314943 0.55346155
vn -0.59455190 -0.57849295 0.55843884
vn -0.28788183 0.05382054 0.95615239
vn -0.06882734 -0.07969833 0.99444003
vn -0.91452978 0.32164800 0.24531172
vn 0.29690255 0.23503081 -0.92553195
vn -0.28050119 -0.37590912 0.88318255
vn -0.18865480 -0.69795563 0.69084535
vn 0.03229095 -0.50420559 0.86297973
vn -0.01547001 0.85947815 -0.51093835
vn 0.46012435 -0.83815236 -0.29289281
vn -0.28123784 0.06022782 0.95774625
vn -0.20315155 0.45214584 0.86850077
vn 0.25686632 0.42740389 -0.86680195
vn 0.58817419 -0.79311123 0.15819513
vn -0.92510087 -0.37799835 0.03613335
vn 0.20890360 -0.86356085 -0.45893567
vn -0.37718933 -0.22026215 -0.89956256
vn -0.23971895 -0.91531809 0.32361648
vn -0.23357181 0.87026904 -0.43367731
vn -0.25534861 0.21947266 0.94160971
vn 0.27046064 -0.57146375 -0.77477753
vn -0.06155102 0.97011104 -0.23472547
vn 0.35650375 0.31736876 -0.87873895
vn 0.11648021 0.18688074 -0.97545269
vn -0.41214987 0.87418118 0.25678734
vn 0.20569874 -0.85197544 -0.48148300
vn 0.19662781 -0.88371680 -0.42471417
vn -0.47634134 0.72740069 0.49395057
vn 0.95854673 -0.19369539 0.20897429
vn -0.28571388 -0.16271049 0.94440080
vn -0.40162324 -0.91478022 -0.04331179
vn -0.26651072 0.13257728 0.95467026
vn 0.96315543 -0.24099229 0.11939151
vn -0.27851546 0.00104902 0.96043117
vn -0.29691697 -0.54000229 -0.78755180
vn -0.52776195 0.71875170 0.45261830
vn -0.26561896 -0.02898688 0.96364222
vn 0.68240094 0.08440624 0.72608853
vn 0.94375989 0.03371931 -0.32890772
vn 0.11034777 0.74605838 -0.65667364
vn -0.46615913 0.88154019 0.07471653
vn 0.41326168 0.61198583 0.67430566
vn -0.28573619 -0.10292292 0.95276529
vn 0.09543876 0.14087700 -0.98541621
vn 0.62201453 -0.63030577 -0.46455630
vn 0.66072273 -0.15854493 0.73369543
vn -0.38851178 0.74385316 0.54382081
vn -0.40308462 -0.07393477 0.91217128
vn 0.06503423 -0.55784149 -0.82739557
vn -0.25238084 0.23029350 0.93982382
vn 0.22291864 0.59110587 -0.77517813
vn -0.22596418 -0.55700826 0.79917582
vn -0.23599511 0.96594000 0.10614249
vn -0.22468857 0.16791765 0.95985348
vn 0.83154518 0.45507755 0.31849182
vn -0.29586587 0.04032002 0.95437817
vn -0.29089651 -0.05795257 0.95499776
vn 0.44198662 0.10440193 -0.89092540
vn -0.27970513 -0.39802684 0.87369313
vn -0.22684562 0.06713592 -0.97161403
vn 0.11236959 0.74634716 -0.65600228
vn 0.02166690 0.91872110 -0.39431218
vn -0.87632290 0.10334421 0.47050839
vn 0.14422898 0.37255211 -0.91673493
vn -0.40308093 0.35672020 0.84277901
vn -0.29391282 0.12810806 0.94720831
vn 0.27381521 0.18401819 -0.94401406
vn -0.10146172 -0.61671994 0.78061644
vn -0.88299880 0.02802184 -0.46853804
vn 0.28928062 0.04390358 -0.95623700
vn 0.25383410 0.57624021 -0.77686258
vn -0.28886214 -0.59118352 0.75303433
vn 0.88051892 -0.36736282 0.29955132
vn -0.56581136 -0.61385200 -0.55049362
vn 0.28975172 -0.95707872 0.00665264
vn -0.79362698 0.33281827 -0.50930169
vn 0.21963869 -0.16492093 -0.96154040
vn 0.07755538 -0.77883414 -0.62241670
vn 0.49462668 0.16368523 0.85355234
vn 0.17678843 0.78488426 -0.59388765
vn -0.75648615 -0.09713825 -0.64675564
vn 0.29103330 -0.71092779 -0.64021972
vn 0.25629769 0.50102447 -0.82661114
vn 0.73052983 -0.64934894 -0.21135778
vn 0.20184997 0.69087817 -0.69422182
vn -0.19079025 0.68452594 0.70357893
vn 0.27575494 0.42387860 -0.86272020
vn 0.27037705 0.30037101 -0.91469859
vn -0.48218480 -0.29835154 0.82370151
vn 0.26753237 0.34476507 -0.89975745
vn 0.35482238 -0.00544404 -0.93491788
vn 0.27910679 0.19348613 -0.94056500
vn -0.82946098 -0.38927130 0.40057750
vn 0.27767497 0.19332863 -0.94102107
vn 0.23607863 0.62366940 -0.74518680
vn -0.46905518 0.16338586 -0.86792413
vn -0.09673064 -0.53101025 -0.84182617
vn 0.27403743 0.39174576 -0.87831586
vn -0.31599520 -0.78843056 0.52775400
vn -0.41558328 0.83883283 0.35163905
vn 0.37248990 0.49756954 -0.78337464
vn 0.93124336 -0.05175258 0.36070414
vn 0.27825245 0.30129575 -0.91202875
vn 0.26475532 0.51069883 -0.81798003
vn 0.73926064 0.28848923 -0.60849624
vn 0.27377336 0.31008749 -0.91043610
vn -0.34931252 0.48303794 0.80290418
vn -0.27952621 0.01834757 0.95996274
vn -0.47935775 0.54959387 0.68422418
vn -0.04110116 0.61978735 -0.78369276
vn -0.03534359 -0.54690828 -0.83644615
vn 0.39419900 -0.32551352 0.85944639
vn -0.06753854 -0.13770107 -0.98816849
vn -0.02067601 -0.39813549 -0.91709358
vn 0.11843061 -0.65338183 -0.74770741
vn -0.62211079 -0.68205123 -0.38442721
vn 0.99351573 0.06165766 0.09552392
vn -0.27156045 -0.09080343 0.95812821
vn 0.89567228 -0.11237099 0.43028355
vn -0.89204858 0.20981478 -0.40028376
vn 0.26883089 0.39219574 -0.87972294
vn -0.21413313 0.97644885 0.02635630
vn -0.27969365 -0.28181153 0.91779830
vn 0.33245219 -0.25027000 0.90930768
vn -0.41490869 0.57331424 0.70651367
vn 0.51041714 0.78500406 -0.35105978
vn -0.13130751 -0.27661618 0.95196735
vn -0.35682434 -0.72355756 -0.59088141
vn -0.35322612 -0.05397939 -0.93397941
vn -0.41624034 -0.68556087 0.59728575
vn -0.20447615 0.97502415 -0.08670303
vn 0.32069312 0.28520287 -0.90322492
vn -0.10241508 0.52074985 -0.84754395
vn 0.25473511 0.06293618 -0.96496065
vn 0.26836066 -0.53735498 -0.79951997
vn -0.07146462 -0.29405240 -0.95311384
vn -0.32761600 0.84195848 0.42868832
vn -0.44465971 0.45758861 0.76999377
vn 0.13161528 -0.33457760 -0.93313196
vn -0.56982131 0.75704638 -0.31966304
vn -0.43244387 0.54962426 0.71477652
vn 0.26302658 -0.10429132 -0.95913520
vn 0.48112815 -0.19775695 -0.85405380
vn -0.15144359 -0.78512174 0.60054033
vn -0.21123401 -0.11107343 0.97110395
vn -0.24579506 -0.03248396 0.96877736
vn 0.98346643 -0.16405264 -0.07668455
vn 0.85209278 0.42083558 -0.31118373
vn -0.20699237 -0.89523250 -0.39460479
vn 0.78329418 0.55969922 -0.27053099
vn -0.28780852 -0.03713481 0.95696774
vn -0.22791111 0.96603538 0.12178738
vn 0.36697823 0.22924979 -0.90153842
vn 0.46158373 -0.51330108 -0.72350705
vn -0.28593870 -0.15168393 0.94616650
vn 0.27866669 0.31686680 -0.90660924
vn 0.03261466 0.96701327 -0.25262941
vn -0.13585466 0.98684450 -0.08764388
vn -0.48738880 0.78840713 0.37532166
vn -0.27895993 -0.03401284 0.95970021
vn -0.94487590 -0.04159190 -0.32477630
vn -0.23751452 0.86420215 0.44355551
vn -0.30169309 0.34984418 -0.88689928
vn -0.14615961 -0.63657246 -0.75724030
vn -0.17788909 0.94620957 0.27026454
vn 0.10247824 -0.37624559 -0.92083520
vn -0.07879132 0.99612142 0.03916680
vn -0.39776368 0.69816061 -0.59527793
vn -0.41590252 -0.13668437 0.89907868
vn 0.40198896 0.18297871 -0.89717538
vn 0.28349058 0.27736425 -0.91798811
vn -0.94863343 0.15067544 -0.27819331
vn -0.69040406 -0.06333754 -0.72064595
vn 0.14673635 -0.34877928 -0.92564651
vn -0.28689259 -0.13089441 0.94897803
vn -0.24369348 -0.17333506 0.95423710
vn -0.59647224 0.13601796 -0.79102464
vn 0.27892692 0.19403811 -0.94050464
vn -0.64795524 0.28577966 -0.70603399
vn -0.28888513 -0.39051108 0.87409752
vn 0.28015036 0.48801155 -0.82665622
vn -0.44259909 0.61387263 0.65365620
vn -0.04715835 0.99580512 0.07841074
vn 0.37478609 0.44796579 -0.81170317
vn 0.33664141 -0.37586389 -0.86336487
vn 0.51994912 0.08522547 -0.84993502
vn 0.86924275 0.14569116 -0.47243107
vn -0.31290515 -0.57661916 0.75471897
vn 0.09102095 -0.27370239 -0.95749788
vn 0.51897729 -0.02540114 -0.85441053
vn -0.16502909 0.86840070 0.46759558
vn 0.21517093 0.03540894 -0.97593426
vn 0.37214837 -0.72623241 -0.57800699
vn -0.85971261 -0.26424369 0.43711497
vn 0.28614736 0.45707277 -0.84214261
vn 0.44514306 -0.05610057 -0.89370039
vn 0.09385710 -0.73713952 0.66919069
vn 0.16832014 -0.14170247 -0.97549410
vn 0.42169049 0.18317516 -0.88804504
vn -0.14298029 0.93223809 -0.33239852
vn 0.18646291 -0.75970643 -0.62295884
vn 0.37162923 -0.00068843 -0.92838098
vn 0.22380671 0.93292119 -0.28207907
vn -0.23563276 -0.77172441 -0.59069335
vn 0.75232645 0.21843634 0.62152270
vn 0.93450431 -0.28335633 0.21543185
vn -0.22698170 -0.59134586 -0.77381483
vn -0.39651571 0.50470305 0.76684426
vn 0.27092146 0.36219773 -0.89186006
vn -0.04638778 0.99261579 -0.11208064
vn -0.35316876 0.71641545 0.60168159
vn -0.70084554 -0.35665183 -0.61774995
vn -0.47995678 -0.08367694 -0.87329242
vn 0.14861738 0.98166386 -0.11936897
vn -0.56744161 0.08646242 -0.81886157
vn -0.75247410 0.28757191 -0.59252437
vn -0.27389387 0.19754249 0.94125401
vn 0.37927307 0.24734456 -0.89161236
vn 0.28572203 0.57631593 -0.76565192
vn 0.76903051 0.08369639 -0.63370892
vn 0.21847135 0.13243400 -0.96681514
vn -0.94673188 -0.17649383 -0.26934863
vn 0.10900274 -0.03571363 -0.99339969
vn -0.30480841 0.91086984 0.27822288
vn -0.11391775 0.92906286 0.35194451
vn -0.44990007 0.89151243 -0.05287265
vn 0.28644177 0.17278524 -0.94238865
vn -0.66009181 -0.34397311 -0.66780335
vn 0.64377158 0.75900332 0.09732480
vn -0.34802189 -0.27932684 0.89490630
vn -0.38801393 0.50749958 0.76934347
vn -0.15715177 0.89113688 0.42565055
vn -0.28510936 -0.08787234 0.95445854
vn 0.28373822 0.55628556 -0.78104993
vn 0.02187074 0.92361042 -0.38270806
vn -0.06417882 -0.97816646 -0.19766501
vn 0.85425254 0.16413962 -0.49326542
vn 0.18323075 -0.20248627 -0.96199054
vn 0.19035458 0.22658198 -0.95520979
vn -0.24266583 0.85985014 0.44918931
vn -0.32482515 0.50725794 0.79823430
vn 0.16539799 0.96457220 -0.20553341
vn 0.23440394 -0.26024224 -0.93665830
vn -0.26822129 0.55248155 0.78919039
vn 0.28316418 0.30909631 -0.90789731
vn -0.39213931 0.53837231 0.74591020
vn 0.27528482 0.27932919 -0.91988775
vn 0.44369136 -0.74995357 -0.49061962
vn -0.10416638 -0.78000702 -0.61704004
vn -0.17691397 -0.47674976 -0.86105233
vn 0.97549835 -0.04998629 0.21425298
vn -0.32633149 -0.44312986 0.83495131
vn -0.34518902 0.51054847 0.78751812
vn 0.92199399 -0.04831199 0.38417839
vn -0.42745655 -0.58001698 -0.69344156
vn 0.28202228 0.95310175 -0.10982025
vn -0.26981662 -0.33537462 0.90262000
vn 0.34943192 -0.40472155 -0.84504308
vn 0.28458870 0.16846756 -0.94373087
vn -0.39123257 -0.31977650 -0.86294847
vn -0.32252317 0.53596564 0.78020487
vn -0.04623316 0.97527794 0.21609127
vn -0.26400349 0.74508070 0.61250053
vn 0.03285286 0.84833311 -0.52844264
vn 0.67071926 -0.72429370 -0.15979458
vn -0.61756946 -0.77560236 -0.13057159
vn -0.16768035 -0.81138692 0.55994157
vn 0.07630759 -0.97158211 -0.22406550
vn -0.57594726 -0.47262955 -0.66701279
vn -0.27855282 -0.24663135 0.92821404
vn -0.83693597 0.45301202 -0.30711284
vn 0.27477300 -0.65079482 -0.70778945
vn -0.71644350 -0.24274660 -0.65405107
vn 0.90628774 0.42154259 0.03073083
vn -0.68056893 -0.61829397 -0.39311385
vn -0.31689314 0.40161653 0.85923390
vn -0.74259330 -0.31851307 -0.58915585
vn -0.23819288 0.75510339 0.61080523
vn -0.76124066 -0.61375468 -0.20932715
vn 0.32456783 -0.09493996 -0.94108561
vn 0.35308728 0.64678982 -0.67601206
vn -0.30185811 0.34332312 0.88938795
vn 0.24512506 0.94318112 -0.22432805
vn -0.28494058 0.27217754 0.91909099
vn 0.27847231 0.38535822 -0.87974554
vn 0.28131313 0.76933231 -0.57357713
vn 0.50697141 0.29719375 -0.80910807
vn 0.29476662 0.88817135 -0.35251142
vn -0.80335502 0.16236926 -0.57293711
vn 0.61724330 0.16615671 -0.76902708
vn -0.86548402 0.12378351 -0.48540196
vn -0.28741191 0.23932847 0.92742454
vn 0.27412935 0.65500887 -0.70414237
vn -0.29247822 0.21957239 0.93072254
vn 0.93389489 0.18758276 0.30438963
vn -0.28640138 0.16787081 0.94328874
vn 0.25625792 0.38292631 -0.88752427
vn 0.90769881 -0.41481123 -0.06336017
vn -0.96212236 0.24180114 0.12590779
vn 0.38943469 0.37148156 -0.84281794
vn -0.02782336 -0.45602046 -0.88953426
vn 0.28415040 0.38215929 -0.87932521
vn 0.67734043 -0.56260295 -0.47401251
vn 0.94390714 -0.32950608 0.02156537
vn -0.37748830 -0.41319712 -0.82871631
vn -0.65838474 -0.12349026 -0.74248212
vn -0.37576624 0.22271606 0.89955394
vn -0.91476937 -0.36838383 -0.16580217
vn 0.22369948 0.95462650 -0.19658789
vn -0.24064823 -0.65027352 -0.72057808
vn 0.98445160 -0.03055217 0.17297862
vn 0.73159271 -0.66305984 0.15850473
vn 0.18944296 0.57051249 -0.79914133
vn 0.48188350 0.02069947 -0.87599077
vn -0.34131447 0.21264879 0.91557901
vn 0.55045506 -0.47095880 0.68934537
vn 0.09951240 -0.98929802 -0.10670856
vn 0.28731925 0.43166378 -0.85505206
vn -0.35482123 -0.83108468 -0.42825243
vn 0.20888004 0.53892003 -0.81604799
vn -0.31631805 0.30090756 0.89966523
vn -0.61043131 -0.72189130 -0.32595486
vn 0.62143680 0.76584928 -0.16520044
vn -0.17181044 -0.55986424 0.81057585
vn 0.86466467 0.47961065 -0.14942769
vn -0.44504665 0.02280236 0.89521703
vn -0.26589517 0.33705566 0.90315737
vn 0.81303907 -0.17013370 0.55679620
vn 0.29038523 -0.31559031 0.90337100
vn 0.36709249 0.46596619 -0.80505814
vn 0.96401231 0.06517459 -0.25774510
vn 0.26057811 0.40706890 -0.87543930
vn 0.16453536 -0.37661778 0.91163982
vn 0.23566840 0.46880150 -0.85128465
vn -0.27021465 0.16552571 0.94846470
vn -0.95151320 -0.22418187 0.21063031
vn -0.32453792 0.13998353 0.93545697
vn -0.35077288 0.74344488 -0.56942787
vn 0.71954832 -0.20699247 0.66287580
vn 0.94811185 -0.13026412 0.29002618
vn 0.64593132 0.48135640 -0.59251054
vn -0.44678151 -0.80803530 0.38401203
vn 0.30624584 0.39120521 -0.86785481
vn -0.15374100 -0.83472718 -0.52876671
vn 0.92392325 -0.04911789 0.37941172
vn -0.75538103 -0.23895057 0.61016565
vn -0.70436864 -0.63145904 0.32422879
vn 0.75656010 0.34026711 -0.55842198
vn 0.21579966 0.91378688 -0.34412794
vn -0.32761956 -0.94049280 -0.09021484
vn -0.28684855 -0.87787232 -0.38348154
vn 0.98826201 -0.00166973 0.15275933
vn 0.25717448 0.89077195 -0.37468201
vn -0.48840252 -0.21367993 0.84605193
vn -0.32930781 -0.87279195 -0.36026459
vn 0.28190168 0.04679887 0.95830126
vn 0.61356665 0.67139421 -0.41565105
vn 0.27536672 0.16794857 -0.94655504
vn 0.34426692 0.19389126 -0.91863293
vn -0.47457882 -0.86725095 -0.15050159
vn 0.27465710 0.30800334 -0.91087728
vn 0.30058056 0.25802123 -0.91819190
vn -0.24173738 -0.96903983 -0.05024782
vn 0.60865773 0.60678527 -0.51122149
vn -0.25543080 -0.62160599 0.74051408
vn -0.40781219 -0.90484127 -0.12227630
vn 0.31745828 0.91773774 0.23869998
vn -0.41201432 -0.55744328 0.72076431
vn -0.46821612 0.59586339 -0.65247259
vn -0.74733135 -0.25288781 0.61444578
vn 0.97646975 0.11169425 0.18447554
vn 0.19831118 0.97488935 -0.10130859
vn -0.34219018 -0.18333114 -0.92157234
vn 0.06139948 0.03017210 -0.99765713
vn 0.20467791 -0.17897242 -0.96232834
vn -0.47606386 -0.85285328 0.21448657
vn 0.35228166 0.86118202 -0.36641937
vn 0.16150783 0.22508524 -0.96085996
vn -0.31835796 -0.69653634 0.64302825
vn 0.54390622 0.78364621 -0.30010772
vn 0.95311775 0.18597119 -0.23870751
vn -0.28664950 -0.25040201 0.92473288
vn 0.16487939 0.98189291 0.09327972
vn 0.88126132 0.47230457 -0.01751799
vn 0.28073609 0.92891596 0.24145888
vn -0.43482716 -0.85356787 0.28696207
vn -0.39239829 -0.48114942 0.78391250
vn -0.29741041 -0.31467393 0.90140300
vn 0.65244295 0.72746236 -0.21240697
vn -0.36856477 -0.17828908 0.91234479
vn -0.28347169 -0.15076866 0.94705470
vn -0.25530688 -0.54239464 0.80039144
vn 0.30327898 0.95270101 0.01956156
vn 0.14269415 -0.22821869 0.96309637
vn 0.29364477 0.54623182 -0.78447660
vn 0.24987533 0.57320895 -0.78038056
vn 0.20048438 0.97818274 -0.05444757
vn 0.14792031 0.98875491 0.02198430
vn 0.50343979 0.28865702 -0.81438658
vn -0.03012970 0.97835981 0.20470536
vn 0.63295370 0.76050385 0.14492588
vn 0.33781894 -0.46928370 0.81587449
vn -0.08505722 0.97812572 0.18982978
vn -0.12772657 -0.27760363 0.95216708
vn -0.01585746 0.75962917 -0.65016310
vn 0.44329535 0.85024172 0.28386310
vn 0.05744825 0.90946048 0.41180254
vn 0.08342374 0.38068343 0.92093464
vn 0.07262882 -0.25935332 -0.96304772
vn 0.00439513 0.81905390 0.57369974
vn 0.33425577 -0.16489994 -0.92794455
vn 0.05006826 0.86052874 0.50693536
vn 0.67800952 -0.29629004 -0.67269258
vn 0.90327798 -0.04865714 -0.42628790
vn -0.62677969 0.01094746 0.77911961
vn -0.56443394 0.72703787 0.39093511
vn 0.90734066 -0.14287310 -0.39537349
vn 0.90246957 -0.41433496 -0.11779308
vn 0.27041945 0.87083789 0.41050540
vn 0.23199770 0.56121573 0.79448976
vn -0.62885468 0.00119067 0.77752194
vn -0.78292938 0.38424909 0.48925885
vn 0.64534654 0.40017876 0.65068026
vn -0.41639414 -0.23971718 0.87701288
vn 0.84208737 0.46618050 0.27122795
vn 0.17134339 0.29006342 0.94154376
vn 0.59176696 0.77544738 0.22021180
f 104//104 105//105 714//714
f 172//172 579//579 216//216
f 104//104 714//714 27//27
f 1034//1034 162//162 364//364
f 27//27 21//21 104//104
f 25//25 17//17 4//4
f 183//183 17//17 25//25
f 7//7 561//561 229//229
f 164//164 173//173 28//28
f 164//164 1034//1034 1//1
f 104//104 35//35 5//5
f 414//414 23//23 10//10
f 21//21 35//35 104//104
f 873//873 835//835 517//517
f 992//992 1096//1096 57//57
f 30//30 1045//1045 667//667
f 6//6 40//40 42//42
f 173//173 181//181 28//28
f 19//19 1026//1026 992//992
f 1054//1054 70//70 89//89
f 66//66 29//29 1055//1055
f 7//7 10//10 11//11
f 1034//1034 164//164 28//28
f 183//183 892//892 13//13
f 29//29 667//667 1055//1055
f 867//867 4//4 12//12
f 4//4 867//867 1043//1043
f 11//11 10//10 23//23
f 14//14 89//89 70//70
f 18//18 830//830 74//74
f 4//4 517//517 12//12
f 242//242 15//15 18//18
f 56//56 38//38 9//9
f 302//302 1045//1045 30//30
f 968//968 132//132 841//841
f 26//26 58//58 45//45
f 181//181 179//179 28//28
f 29//29 30//30 667//667
f 33//33 17//17 183//183
f 22//22 56//56 9//9
f 92//92 39//39 862//862
f 58//58 26//26 38//38
f 179//179 225//225 28//28
f 309//309 8//8 96//96
f 998//998 981//981 936//936
f 31//31 19//19 1036//1036
f 23//23 247//247 411//411
f 411//411 247//247 43//43
f 32//32 905//905 290//290
f 27//27 35//35 21//21
f 943//943 385//385 981//981
f 26//26 9//9 38//38
f 395//395 11//11 23//23
f 48//48 45//45 58//58
f 225//225 179//179 36//36
f 60//60 981//981 998//998
f 3//3 2//2 66//66
f 41//41 17//17 33//33
f 198//198 13//13 46//46
f 34//34 198//198 46//46
f 943//943 981//981 503//503
f 42//42 8//8 309//309
f 66//66 2//2 218//218
f 60//60 503//503 981//981
f 57//57 72//72 992//992
f 19//19 992//992 72//72
f 53//53 161//161 37//37
f 64//64 57//57 1094//1094
f 38//38 56//56 128//128
f 13//13 45//45 46//46
f 23//23 411//411 395//395
f 1036//1036 22//22 31//31
f 42//42 309//309 6//6
f 69//69 87//87 51//51
f 87//87 90//90 51//51
f 183//183 13//13 198//198
f 499//499 245//245 523//523
f 41//41 33//33 117//117
f 206//206 183//183 198//198
f 55//55 69//69 51//51
f 128//128 58//58 38//38
f 24//24 46//46 45//45
f 30//30 14//14 61//61
f 55//55 51//51 83//83
f 56//56 22//22 124//124
f 59//59 198//198 34//34
f 24//24 160//160 46//46
f 30//30 29//29 14//14
f 49//49 101//101 57//57
f 49//49 180//180 109//109
f 71//71 228//228 53//53
f 1019//1019 1013//1013 182//182
f 29//29 89//89 14//14
f 660//660 83//83 68//68
f 209//209 54//54 41//41
f 53//53 255//255 71//71
f 300//300 245//245 50//50
f 49//49 57//57 64//64
f 1093//1093 411//411 43//43
f 59//59 34//34 47//47
f 302//302 61//61 189//189
f 34//34 46//46 160//160
f 62//62 65//65 59//59
f 68//68 100//100 107//107
f 505//505 301//301 63//63
f 47//47 34//34 160//160
f 62//62 59//59 47//47
f 339//339 140//140 63//63
f 71//71 294//294 228//228
f 67//67 68//68 107//107
f 128//128 56//56 121//121
f 1094//1094 49//49 64//64
f 209//209 182//182 54//54
f 120//120 87//87 69//69
f 73//73 964//964 967//967
f 120//120 69//69 82//82
f 1054//1054 89//89 239//239
f 76//76 467//467 876//876
f 70//70 72//72 101//101
f 49//49 78//78 180//180
f 39//39 78//78 16//16
f 47//47 90//90 62//62
f 60//60 73//73 248//248
f 73//73 967//967 248//248
f 248//248 967//967 80//80
f 735//735 671//671 965//965
f 74//74 863//863 18//18
f 121//121 56//56 124//124
f 39//39 92//92 88//88
f 77//77 841//841 15//15
f 65//65 198//198 59//59
f 180//180 78//78 119//119
f 88//88 119//119 78//78
f 88//88 78//78 39//39
f 81//81 459//459 84//84
f 302//302 30//30 61//61
f 101//101 49//49 109//109
f 965//965 671//671 653//653
f 82//82 660//660 97//97
f 160//160 201//201 47//47
f 82//82 97//97 86//86
f 129//129 82//82 86//86
f 69//69 55//55 82//82
f 129//129 86//86 135//135
f 87//87 62//62 90//90
f 71//71 322//322 444//444
f 65//65 62//62 148//148
f 242//242 18//18 863//863
f 101//101 72//72 57//57
f 148//148 87//87 166//166
f 89//89 29//29 66//66
f 968//968 841//841 77//77
f 148//148 62//62 87//87
f 97//97 135//135 86//86
f 614//614 959//959 91//91
f 90//90 47//47 201//201
f 956//956 91//91 959//959
f 89//89 94//94 239//239
f 82//82 55//55 83//83
f 372//372 610//610 837//837
f 309//309 126//126 6//6
f 89//89 66//66 94//94
f 82//82 83//83 660//660
f 235//235 336//336 837//837
f 51//51 90//90 110//110
f 98//98 610//610 372//372
f 903//903 987//987 864//864
f 114//114 309//309 130//130
f 260//260 94//94 279//279
f 458//458 311//311 142//142
f 727//727 714//714 105//105
f 83//83 100//100 68//68
f 51//51 100//100 83//83
f 1004//1004 653//653 671//671
f 90//90 201//201 110//110
f 102//102 105//105 104//104
f 372//372 103//103 98//98
f 137//137 92//92 6//6
f 130//130 713//713 581//581
f 248//248 80//80 287//287
f 617//617 103//103 112//112
f 99//99 299//299 969//969
f 581//581 107//107 165//165
f 680//680 1004//1004 671//671
f 119//119 88//88 139//139
f 5//5 102//102 104//104
f 864//864 888//888 903//903
f 309//309 114//114 122//122
f 88//88 92//92 137//137
f 101//101 109//109 189//189
f 107//107 581//581 67//67
f 106//106 79//79 138//138
f 138//138 79//79 113//113
f 85//85 176//176 264//264
f 946//946 113//113 79//79
f 462//462 175//175 115//115
f 462//462 115//115 116//116
f 100//100 51//51 110//110
f 270//270 142//142 311//311
f 384//384 118//118 117//117
f 720//720 740//740 315//315
f 263//263 196//196 276//276
f 107//107 100//100 110//110
f 309//309 122//122 126//126
f 85//85 106//106 176//176
f 133//133 112//112 400//400
f 120//120 82//82 129//129
f 165//165 107//107 110//110
f 48//48 24//24 45//45
f 124//124 292//292 121//121
f 125//125 127//127 680//680
f 120//120 129//129 167//167
f 126//126 169//169 6//6
f 131//131 127//127 125//125
f 48//48 58//58 149//149
f 323//323 122//122 114//114
f 393//393 48//48 149//149
f 279//279 94//94 281//281
f 898//898 80//80 1021//1021
f 135//135 167//167 129//129
f 130//130 581//581 165//165
f 680//680 127//127 1004//1004
f 131//131 777//777 701//701
f 482//482 112//112 133//133
f 140//140 363//363 150//150
f 214//214 91//91 299//299
f 63//63 140//140 505//505
f 154//154 138//138 1065//1065
f 27//27 622//622 168//168
f 150//150 363//363 364//364
f 310//310 189//189 109//109
f 292//292 281//281 147//147
f 1004//1004 127//127 146//146
f 139//139 88//88 223//223
f 134//134 136//136 773//773
f 170//170 167//167 155//155
f 218//218 147//147 281//281
f 127//127 131//131 146//146
f 608//608 5//5 35//35
f 871//871 868//868 654//654
f 351//351 474//474 190//190
f 144//144 292//292 147//147
f 654//654 20//20 871//871
f 214//214 299//299 99//99
f 482//482 133//133 157//157
f 201//201 160//160 234//234
f 270//270 1005//1005 142//142
f 169//169 137//137 6//6
f 151//151 148//148 166//166
f 153//153 706//706 158//158
f 476//476 477//477 456//456
f 138//138 154//154 106//106
f 731//731 827//827 163//163
f 150//150 364//364 162//162
f 1//1 595//595 164//164
f 167//167 135//135 155//155
f 654//654 868//868 887//887
f 128//128 352//352 58//58
f 1022//1022 962//962 145//145
f 24//24 48//48 234//234
f 461//461 371//371 156//156
f 106//106 154//154 176//176
f 87//87 120//120 166//166
f 149//149 352//352 172//172
f 149//149 172//172 216//216
f 202//202 190//190 474//474
f 234//234 160//160 24//24
f 229//229 1071//1071 224//224
f 133//133 419//419 157//157
f 14//14 101//101 61//61
f 1025//1025 544//544 547//547
f 99//99 184//184 214//214
f 208//208 65//65 151//151
f 168//168 35//35 27//27
f 476//476 507//507 477//477
f 595//595 173//173 164//164
f 154//154 1065//1065 1074//1074
f 176//176 154//154 1074//1074
f 904//904 163//163 159//159
f 148//148 151//151 65//65
f 1071//1071 229//229 210//210
f 88//88 137//137 223//223
f 159//159 826//826 655//655
f 212//212 287//287 80//80
f 166//166 120//120 167//167
f 351//351 212//212 80//80
f 458//458 217//217 412//412
f 474//474 95//95 202//202
f 173//173 463//463 181//181
f 144//144 147//147 947//947
f 171//171 165//165 110//110
f 688//688 419//419 376//376
f 37//37 161//161 608//608
f 962//962 1022//1022 174//174
f 65//65 208//208 249//249
f 774//774 739//739 1031//1031
f 463//463 179//179 181//181
f 167//167 193//193 166//166
f 749//749 473//473 475//475
f 229//229 259//259 7//7
f 194//194 231//231 193//193
f 194//194 193//193 170//170
f 754//754 475//475 933//933
f 614//614 91//91 238//238
f 157//157 419//419 688//688
f 96//96 890//890 713//713
f 35//35 168//168 37//37
f 144//144 1085//1085 352//352
f 168//168 191//191 37//37
f 1041//1041 1018//1018 330//330
f 352//352 1085//1085 172//172
f 272//272 231//231 194//194
f 185//185 123//123 217//217
f 193//193 151//151 166//166
f 169//169 126//126 409//409
f 131//131 701//701 689//689
f 1009//1009 177//177 274//274
f 193//193 167//167 170//170
f 70//70 101//101 14//14
f 967//967 1021//1021 80//80
f 35//35 37//37 608//608
f 139//139 215//215 119//119
f 215//215 180//180 119//119
f 713//713 890//890 586//586
f 180//180 310//310 109//109
f 272//272 194//194 186//186
f 622//622 191//191 168//168
f 177//177 1009//1009 973//973
f 2//2 182//182 218//218
f 209//209 218//218 182//182
f 123//123 176//176 412//412
f 139//139 223//223 259//259
f 188//188 640//640 514//514
f 93//93 968//968 236//236
f 917//917 823//823 751//751
f 260//260 124//124 239//239
f 143//143 719//719 141//141
f 95//95 93//93 199//199
f 95//95 199//199 202//202
f 798//798 846//846 192//192
f 1074//1074 213//213 176//176
f 61//61 101//101 189//189
f 846//846 187//187 192//192
f 412//412 176//176 213//213
f 188//188 514//514 528//528
f 296//296 803//803 192//192
f 512//512 36//36 179//179
f 1041//1041 330//330 196//196
f 692//692 498//498 914//914
f 914//914 195//195 178//178
f 191//191 240//240 37//37
f 197//197 205//205 186//186
f 199//199 93//93 236//236
f 205//205 197//197 220//220
f 98//98 296//296 204//204
f 409//409 126//126 247//247
f 243//243 940//940 968//968
f 220//220 197//197 321//321
f 279//279 292//292 124//124
f 110//110 201//201 241//241
f 723//723 719//719 143//143
f 194//194 155//155 295//295
f 557//557 455//455 207//207
f 237//237 723//723 143//143
f 384//384 183//183 206//206
f 98//98 204//204 802//802
f 933//933 494//494 200//200
f 205//205 220//220 373//373
f 77//77 236//236 968//968
f 1047//1047 861//861 211//211
f 908//908 195//195 520//520
f 198//198 249//249 206//206
f 532//532 908//908 520//520
f 227//227 373//373 220//220
f 139//139 224//224 215//215
f 347//347 227//227 220//220
f 474//474 464//464 931//931
f 124//124 260//260 279//279
f 221//221 908//908 532//532
f 219//219 1044//1044 222//222
f 1078//1078 219//219 222//222
f 663//663 207//207 844//844
f 7//7 223//223 10//10
f 384//384 33//33 183//183
f 267//267 193//193 231//231
f 330//330 258//258 196//196
f 234//234 48//48 393//393
f 202//202 199//199 559//559
f 1041//1041 196//196 263//263
f 128//128 121//121 144//144
f 190//190 202//202 559//559
f 884//884 75//75 846//846
f 75//75 848//848 846//846
f 257//257 282//282 379//379
f 351//351 80//80 367//367
f 310//310 180//180 215//215
f 367//367 80//80 898//898
f 316//316 736//736 230//230
f 320//320 907//907 222//222
f 210//210 229//229 504//504
f 227//227 347//347 416//416
f 287//287 253//253 980//980
f 287//287 232//232 356//356
f 114//114 130//130 165//165
f 287//287 212//212 232//232
f 444//444 294//294 71//71
f 407//407 227//227 416//416
f 405//405 227//227 407//407
f 209//209 203//203 115//115
f 244//244 194//194 295//295
f 235//235 610//610 604//604
f 280//280 244//244 295//295
f 610//610 98//98 604//604
f 475//475 494//494 933//933
f 494//494 488//488 200//200
f 214//214 184//184 268//268
f 237//237 152//152 392//392
f 228//228 687//687 346//346
f 350//350 414//414 10//10
f 65//65 249//249 198//198
f 213//213 1072//1072 311//311
f 226//226 200//200 488//488
f 228//228 294//294 687//687
f 241//241 171//171 110//110
f 242//242 77//77 15//15
f 309//309 96//96 130//130
f 474//474 931//931 243//243
f 448//448 404//404 440//440
f 277//277 251//251 228//228
f 193//193 208//208 151//151
f 233//233 563//563 661//661
f 115//115 108//108 209//209
f 759//759 230//230 757//757
f 85//85 264//264 75//75
f 149//149 58//58 352//352
f 33//33 384//384 117//117
f 60//60 246//246 503//503
f 186//186 194//194 244//244
f 186//186 244//244 197//197
f 60//60 248//248 246//246
f 246//246 248//248 980//980
f 251//251 53//53 228//228
f 37//37 44//44 53//53
f 263//263 1076//1076 1052//1052
f 302//302 189//189 310//310
f 672//672 252//252 547//547
f 149//149 216//216 393//393
f 448//448 261//261 404//404
f 264//264 885//885 75//75
f 193//193 271//271 208//208
f 905//905 935//935 270//270
f 97//97 736//736 135//135
f 786//786 255//255 53//53
f 997//997 980//980 253//253
f 356//356 253//253 287//287
f 448//448 443//443 469//469
f 244//244 280//280 197//197
f 513//513 764//764 283//283
f 232//232 212//212 190//190
f 94//94 260//260 239//239
f 276//276 1076//1076 263//263
f 262//262 565//565 739//739
f 269//269 261//261 448//448
f 1072//1072 1067//1067 290//290
f 234//234 241//241 201//201
f 350//350 223//223 137//137
f 469//469 266//266 448//448
f 233//233 643//643 709//709
f 409//409 247//247 23//23
f 233//233 709//709 265//265
f 108//108 218//218 209//209
f 764//764 513//513 250//250
f 935//935 977//977 1005//1005
f 270//270 935//935 1005//1005
f 448//448 266//266 269//269
f 417//417 308//308 122//122
f 289//289 231//231 272//272
f 770//770 1031//1031 569//569
f 1053//1053 1070//1070 313//313
f 1031//1031 770//770 774//774
f 305//305 236//236 77//77
f 266//266 483//483 269//269
f 229//229 224//224 139//139
f 205//205 272//272 186//186
f 273//273 258//258 282//282
f 307//307 559//559 236//236
f 350//350 137//137 414//414
f 297//297 636//636 989//989
f 267//267 271//271 193//193
f 137//137 169//169 414//414
f 269//269 285//285 449//449
f 194//194 170//170 155//155
f 273//273 257//257 451//451
f 282//282 257//257 273//273
f 300//300 523//523 245//245
f 44//44 37//37 240//240
f 93//93 95//95 968//968
f 1088//1088 1062//1062 291//291
f 483//483 285//285 269//269
f 968//968 95//95 243//243
f 399//399 444//444 322//322
f 197//197 280//280 358//358
f 155//155 135//135 316//316
f 176//176 123//123 264//264
f 422//422 817//817 770//770
f 283//283 516//516 508//508
f 314//314 993//993 343//343
f 229//229 139//139 259//259
f 273//273 306//306 258//258
f 352//352 128//128 144//144
f 286//286 1076//1076 276//276
f 770//770 817//817 774//774
f 989//989 982//982 655//655
f 264//264 304//304 885//885
f 290//290 905//905 270//270
f 77//77 242//242 305//305
f 1009//1009 274//274 275//275
f 307//307 236//236 305//305
f 325//325 258//258 306//306
f 196//196 258//258 325//325
f 278//278 357//357 337//337
f 290//290 1077//1077 284//284
f 205//205 289//289 272//272
f 287//287 980//980 248//248
f 234//234 393//393 394//394
f 1076//1076 286//286 335//335
f 344//344 285//285 483//483
f 268//268 331//331 214//214
f 235//235 885//885 304//304
f 295//295 155//155 316//316
f 235//235 304//304 336//336
f 329//329 238//238 214//214
f 304//304 264//264 123//123
f 348//348 344//344 483//483
f 281//281 292//292 279//279
f 444//444 687//687 294//294
f 305//305 242//242 863//863
f 358//358 280//280 648//648
f 349//349 267//267 231//231
f 348//348 483//483 354//354
f 682//682 1001//1001 326//326
f 354//354 483//483 490//490
f 296//296 192//192 187//187
f 328//328 250//250 513//513
f 328//328 298//298 250//250
f 394//394 241//241 234//234
f 296//296 187//187 204//204
f 336//336 366//366 837//837
f 848//848 187//187 846//846
f 171//171 323//323 165//165
f 204//204 187//187 848//848
f 310//310 353//353 302//302
f 1079//1079 291//291 288//288
f 255//255 679//679 322//322
f 254//254 357//357 293//293
f 314//314 307//307 305//305
f 398//398 293//293 540//540
f 398//398 540//540 319//319
f 506//506 324//324 398//398
f 249//249 208//208 345//345
f 43//43 308//308 52//52
f 303//303 811//811 1044//1044
f 222//222 1044//1044 861//861
f 741//741 450//450 398//398
f 322//322 71//71 255//255
f 312//312 289//289 205//205
f 114//114 165//165 323//323
f 768//768 116//116 278//278
f 295//295 316//316 280//280
f 115//115 203//203 116//116
f 330//330 298//298 328//328
f 196//196 325//325 341//341
f 301//301 324//324 506//506
f 175//175 108//108 115//115
f 1076//1076 327//327 288//288
f 863//863 314//314 305//305
f 277//277 228//228 346//346
f 1018//1018 145//145 298//298
f 315//315 682//682 326//326
f 289//289 312//312 375//375
f 171//171 241//241 396//396
f 1076//1076 335//335 327//327
f 328//328 513//513 338//338
f 785//785 743//743 317//317
f 196//196 341//341 276//276
f 311//311 290//290 270//270
f 273//273 681//681 306//306
f 316//316 763//763 280//280
f 288//288 355//355 1079//1079
f 396//396 323//323 171//171
f 144//144 121//121 292//292
f 720//720 315//315 326//326
f 741//741 398//398 324//324
f 293//293 398//398 254//254
f 330//330 1018//1018 298//298
f 339//339 63//63 530//530
f 355//355 288//288 327//327
f 485//485 341//341 325//325
f 720//720 326//326 754//754
f 356//356 232//232 596//596
f 375//375 349//349 289//289
f 304//304 123//123 336//336
f 238//238 329//329 771//771
f 373//373 312//312 205//205
f 506//506 319//319 436//436
f 349//349 231//231 289//289
f 891//891 649//649 74//74
f 214//214 331//331 329//329
f 328//328 338//338 258//258
f 268//268 313//313 331//331
f 322//322 698//698 920//920
f 378//378 313//313 334//334
f 1053//1053 313//313 333//333
f 333//333 313//313 268//268
f 63//63 301//301 530//530
f 327//327 335//335 392//392
f 916//916 1027//1027 847//847
f 402//402 366//366 336//336
f 485//485 325//325 486//486
f 340//340 338//338 513//513
f 215//215 353//353 310//310
f 785//785 317//317 359//359
f 215//215 224//224 1071//1071
f 1071//1071 353//353 215//215
f 343//343 1002//1002 253//253
f 336//336 123//123 185//185
f 338//338 340//340 258//258
f 747//747 374//374 359//359
f 253//253 1002//1002 997//997
f 220//220 321//321 347//347
f 391//391 347//347 321//321
f 286//286 276//276 485//485
f 380//380 540//540 271//271
f 436//436 342//342 332//332
f 307//307 314//314 343//343
f 596//596 307//307 343//343
f 341//341 485//485 276//276
f 339//339 332//332 140//140
f 328//328 258//258 330//330
f 84//84 617//617 112//112
f 112//112 81//81 84//84
f 891//891 346//346 649//649
f 414//414 169//169 409//409
f 322//322 920//920 399//399
f 344//344 348//348 435//435
f 373//373 568//568 312//312
f 343//343 253//253 356//356
f 348//348 354//354 435//435
f 340//340 527//527 401//401
f 327//327 403//403 355//355
f 197//197 358//358 321//321
f 286//286 485//485 361//361
f 596//596 343//343 356//356
f 1060//1060 824//824 939//939
f 1030//1030 134//134 916//916
f 342//342 349//349 555//555
f 1092//1092 378//378 334//334
f 484//484 387//387 708//708
f 337//337 357//357 254//254
f 286//286 361//361 335//335
f 347//347 391//391 360//360
f 787//787 824//824 1060//1060
f 369//369 7//7 11//11
f 355//355 403//403 1079//1079
f 321//321 358//358 391//391
f 453//453 400//400 383//383
f 358//358 388//388 362//362
f 7//7 369//369 561//561
f 574//574 241//241 394//394
f 134//134 767//767 916//916
f 396//396 241//241 574//574
f 282//282 258//258 340//340
f 364//364 365//365 1//1
f 385//385 724//724 386//386
f 405//405 373//373 227//227
f 358//358 648//648 388//388
f 349//349 380//380 271//271
f 368//368 312//312 568//568
f 740//740 720//720 200//200
f 372//372 837//837 366//366
f 370//370 1081//1081 389//389
f 391//391 358//358 362//362
f 740//740 752//752 315//315
f 442//442 771//771 538//538
f 359//359 374//374 420//420
f 375//375 555//555 349//349
f 538//538 771//771 329//329
f 383//383 103//103 372//372
f 538//538 329//329 378//378
f 331//331 378//378 329//329
f 378//378 331//331 313//313
f 403//403 543//543 1079//1079
f 785//785 359//359 420//420
f 427//427 399//399 920//920
f 342//342 380//380 349//349
f 335//335 361//361 392//392
f 365//365 595//595 1//1
f 456//456 185//185 217//217
f 748//748 378//378 1092//1092
f 156//156 371//371 507//507
f 1079//1079 543//543 389//389
f 578//578 461//461 156//156
f 379//379 282//282 340//340
f 578//578 376//376 453//453
f 400//400 112//112 103//103
f 606//606 373//373 405//405
f 360//360 391//391 362//362
f 360//360 362//362 397//397
f 123//123 412//412 217//217
f 389//389 543//543 433//433
f 362//362 452//452 397//397
f 379//379 340//340 401//401
f 436//436 332//332 530//530
f 327//327 392//392 403//403
f 400//400 103//103 383//383
f 142//142 1039//1039 441//441
f 538//538 378//378 748//748
f 380//380 342//342 436//436
f 773//773 136//136 111//111
f 372//372 366//366 383//383
f 463//463 986//986 179//179
f 506//506 436//436 530//530
f 381//381 609//609 421//421
f 401//401 381//381 421//421
f 595//595 463//463 173//173
f 1027//1027 452//452 847//847
f 337//337 768//768 278//278
f 397//397 408//408 360//360
f 543//543 446//446 433//433
f 432//432 797//797 833//833
f 416//416 347//347 360//360
f 433//433 1095//1095 1089//1089
f 434//434 478//478 697//697
f 555//555 375//375 553//553
f 408//408 416//416 360//360
f 185//185 477//477 371//371
f 384//384 206//206 118//118
f 375//375 312//312 537//537
f 566//566 688//688 376//376
f 402//402 390//390 461//461
f 461//461 390//390 371//371
f 434//434 673//673 471//471
f 249//249 118//118 206//206
f 446//446 748//748 1095//1095
f 363//363 332//332 585//585
f 796//796 793//793 1063//1063
f 413//413 395//395 411//411
f 512//512 179//179 986//986
f 417//417 323//323 396//396
f 402//402 336//336 390//390
f 986//986 489//489 512//512
f 804//804 407//407 404//404
f 767//767 134//134 773//773
f 395//395 413//413 583//583
f 379//379 401//401 421//421
f 476//476 456//456 217//217
f 407//407 416//416 404//404
f 416//416 408//408 440//440
f 804//804 404//404 261//261
f 133//133 400//400 419//419
f 414//414 409//409 23//23
f 408//408 397//397 440//440
f 1025//1025 748//748 446//446
f 308//308 43//43 122//122
f 426//426 460//460 556//556
f 397//397 418//418 440//440
f 423//423 797//797 432//432
f 365//365 585//585 539//539
f 418//418 397//397 452//452
f 690//690 804//804 261//261
f 457//457 556//556 460//460
f 539//539 630//630 463//463
f 336//336 185//185 371//371
f 630//630 620//620 430//430
f 420//420 374//374 468//468
f 390//390 336//336 371//371
f 416//416 440//440 404//404
f 817//817 422//422 429//429
f 533//533 621//621 849//849
f 623//623 574//574 394//394
f 159//159 836//836 826//826
f 686//686 858//858 425//425
f 650//650 430//430 620//620
f 468//468 785//785 420//420
f 366//366 578//578 383//383
f 449//449 261//261 269//269
f 773//773 111//111 764//764
f 345//345 208//208 406//406
f 426//426 502//502 431//431
f 540//540 406//406 208//208
f 540//540 208//208 271//271
f 436//436 319//319 380//380
f 690//690 261//261 449//449
f 421//421 451//451 379//379
f 431//431 502//502 465//465
f 421//421 609//609 996//996
f 249//249 345//345 118//118
f 437//437 431//431 465//465
f 438//438 418//418 761//761
f 434//434 471//471 734//734
f 435//435 431//431 437//437
f 383//383 578//578 453//453
f 458//458 412//412 213//213
f 418//418 438//438 443//443
f 95//95 474//474 243//243
f 190//190 212//212 351//351
f 159//159 163//163 836//836
f 649//649 346//346 687//687
f 734//734 478//478 434//434
f 433//433 446//446 1095//1095
f 379//379 451//451 257//257
f 440//440 443//443 448//448
f 477//477 185//185 456//456
f 476//476 217//217 458//458
f 665//665 460//460 426//426
f 855//855 495//495 320//320
f 455//455 510//510 664//664
f 425//425 467//467 686//686
f 854//854 449//449 285//285
f 630//630 430//430 463//463
f 311//311 1072//1072 290//290
f 785//785 468//468 491//491
f 441//441 1039//1039 447//447
f 406//406 293//293 345//345
f 419//419 400//400 376//376
f 426//426 431//431 665//665
f 399//399 424//424 444//444
f 589//589 468//468 374//374
f 458//458 213//213 311//311
f 481//481 447//447 1057//1057
f 582//582 948//948 445//445
f 928//928 438//438 454//454
f 493//493 566//566 376//376
f 948//948 582//582 977//977
f 415//415 466//466 462//462
f 402//402 578//578 366//366
f 413//413 1093//1093 646//646
f 664//664 675//675 455//455
f 479//479 597//597 457//457
f 400//400 453//453 376//376
f 441//441 447//447 471//471
f 472//472 469//469 438//438
f 285//285 912//912 854//854
f 438//438 469//469 443//443
f 451//451 662//662 146//146
f 463//463 430//430 986//986
f 565//565 832//832 569//569
f 267//267 349//349 271//271
f 493//493 376//376 578//578
f 912//912 285//285 344//344
f 912//912 344//344 465//465
f 472//472 438//438 928//928
f 443//443 440//440 418//418
f 470//470 459//459 81//81
f 785//785 491//491 641//641
f 293//293 118//118 345//345
f 259//259 223//223 7//7
f 487//487 431//431 435//435
f 571//571 688//688 551//551
f 439//439 773//773 298//298
f 455//455 675//675 207//207
f 831//831 163//163 909//909
f 578//578 402//402 461//461
f 487//487 435//435 708//708
f 435//435 354//354 708//708
f 266//266 469//469 472//472
f 470//470 81//81 482//482
f 10//10 223//223 350//350
f 537//537 553//553 375//375
f 451//451 146//146 681//681
f 351//351 464//464 474//474
f 163//163 831//831 834//834
f 464//464 351//351 367//367
f 451//451 681//681 273//273
f 293//293 406//406 540//540
f 481//481 734//734 471//471
f 621//621 466//466 741//741
f 266//266 472//472 490//490
f 471//471 447//447 481//481
f 374//374 497//497 589//589
f 476//476 458//458 441//441
f 699//699 207//207 663//663
f 394//394 393//393 216//216
f 428//428 817//817 429//429
f 117//117 118//118 278//278
f 751//751 876//876 467//467
f 479//479 489//489 597//597
f 479//479 457//457 744//744
f 354//354 490//490 484//484
f 486//486 325//325 306//306
f 490//490 483//483 266//266
f 826//826 852//852 473//473
f 852//852 475//475 473//473
f 1059//1059 480//480 496//496
f 417//417 396//396 574//574
f 211//211 803//803 296//296
f 818//818 615//615 497//497
f 445//445 785//785 641//641
f 423//423 991//991 797//797
f 306//306 681//681 486//486
f 792//792 576//576 728//728
f 1059//1059 899//899 480//480
f 482//482 529//529 470//470
f 928//928 492//492 490//490
f 457//457 460//460 744//744
f 486//486 681//681 689//689
f 552//552 494//494 475//475
f 211//211 296//296 98//98
f 308//308 417//417 52//52
f 472//472 928//928 490//490
f 226//226 516//516 283//283
f 431//431 487//487 665//665
f 727//727 105//105 102//102
f 495//495 907//907 320//320
f 488//488 516//516 226//226
f 708//708 614//614 711//711
f 337//337 254//254 450//450
f 732//732 758//758 639//639
f 481//481 1059//1059 496//496
f 1057//1057 1059//1059 481//481
f 578//578 156//156 633//633
f 490//490 492//492 484//484
f 293//293 278//278 118//118
f 537//537 585//585 553//553
f 245//245 587//587 225//225
f 478//478 481//481 496//496
f 344//344 437//437 465//465
f 437//437 344//344 435//435
f 371//371 477//477 507//507
f 247//247 122//122 43//43
f 122//122 323//323 417//417
f 368//368 537//537 312//312
f 582//582 445//445 1016//1016
f 501//501 511//511 480//480
f 670//670 74//74 649//649
f 450//450 415//415 337//337
f 489//489 479//479 534//534
f 1032//1032 117//117 278//278
f 441//441 458//458 142//142
f 485//485 719//719 361//361
f 320//320 459//459 855//855
f 908//908 586//586 890//890
f 496//496 511//511 776//776
f 494//494 552//552 488//488
f 485//485 486//486 719//719
f 521//521 914//914 498//498
f 387//387 484//484 492//492
f 506//506 398//398 319//319
f 512//512 489//489 534//534
f 427//427 424//424 399//399
f 319//319 540//540 380//380
f 855//855 459//459 635//635
f 501//501 899//899 1073//1073
f 504//504 501//501 1073//1073
f 424//424 503//503 246//246
f 522//522 459//459 470//470
f 549//549 528//528 514//514
f 943//943 503//503 427//427
f 501//501 480//480 899//899
f 459//459 522//522 635//635
f 521//521 520//520 914//914
f 511//511 501//501 500//500
f 527//527 488//488 552//552
f 535//535 550//550 941//941
f 534//534 479//479 524//524
f 640//640 688//688 571//571
f 778//778 776//776 511//511
f 528//528 531//531 498//498
f 392//392 361//361 719//719
f 283//283 508//508 513//513
f 585//585 365//365 363//363
f 521//521 498//498 531//531
f 702//702 665//665 487//487
f 849//849 621//621 642//642
f 156//156 507//507 572//572
f 398//398 450//450 254//254
f 470//470 519//519 522//522
f 516//516 340//340 508//508
f 514//514 640//640 571//571
f 525//525 792//792 499//499
f 496//496 480//480 511//511
f 518//518 515//515 536//536
f 512//512 534//534 36//36
f 528//528 541//541 531//531
f 522//522 651//651 635//635
f 403//403 392//392 410//410
f 527//527 516//516 488//488
f 712//712 611//611 525//525
f 513//513 508//508 340//340
f 470//470 529//529 519//519
f 520//520 521//521 563//563
f 550//550 567//567 941//941
f 511//511 500//500 778//778
f 651//651 522//522 519//519
f 515//515 500//500 536//536
f 807//807 778//778 500//500
f 524//524 479//479 526//526
f 523//523 300//300 939//939
f 500//500 810//810 807//807
f 191//191 727//727 906//906
f 501//501 504//504 536//536
f 403//403 410//410 543//543
f 535//535 502//502 426//426
f 527//527 340//340 516//516
f 541//541 528//528 549//549
f 301//301 506//506 530//530
f 382//382 527//527 552//552
f 229//229 561//561 504//504
f 500//500 501//501 536//536
f 520//520 233//233 532//532
f 564//564 519//519 529//529
f 531//531 563//563 521//521
f 529//529 602//602 564//564
f 829//829 824//824 787//787
f 1023//1023 533//533 545//545
f 247//247 126//126 122//122
f 515//515 810//810 500//500
f 410//410 446//446 543//543
f 514//514 558//558 549//549
f 548//548 491//491 468//468
f 446//446 410//410 158//158
f 529//529 482//482 157//157
f 546//546 541//541 549//549
f 545//545 838//838 1023//1023
f 507//507 476//476 673//673
f 158//158 544//544 446//446
f 531//531 541//541 546//546
f 293//293 357//357 278//278
f 566//566 551//551 688//688
f 548//548 468//468 589//589
f 354//354 484//484 708//708
f 199//199 236//236 559//559
f 377//377 781//781 796//796
f 442//442 1025//1025 547//547
f 584//584 514//514 571//571
f 546//546 563//563 531//531
f 529//529 157//157 640//640
f 514//514 584//584 558//558
f 1025//1025 442//442 538//538
f 623//623 394//394 579//579
f 622//622 27//27 714//714
f 233//233 520//520 563//563
f 557//557 849//849 455//455
f 676//676 36//36 534//534
f 529//529 640//640 602//602
f 659//659 546//546 549//549
f 116//116 203//203 278//278
f 673//673 572//572 507//507
f 161//161 765//765 608//608
f 554//554 369//369 562//562
f 534//534 524//524 590//590
f 342//342 555//555 553//553
f 504//504 561//561 542//542
f 556//556 550//550 535//535
f 561//561 554//554 542//542
f 556//556 535//535 426//426
f 251//251 765//765 161//161
f 552//552 894//894 575//575
f 549//549 558//558 659//659
f 178//178 887//887 692//692
f 552//552 575//575 382//382
f 702//702 560//560 742//742
f 562//562 598//598 580//580
f 527//527 382//382 381//381
f 557//557 699//699 545//545
f 796//796 1063//1063 845//845
f 536//536 504//504 542//542
f 332//332 339//339 530//530
f 493//493 710//710 566//566
f 536//536 542//542 518//518
f 597//597 696//696 567//567
f 894//894 573//573 575//575
f 550//550 457//457 567//567
f 524//524 526//526 616//616
f 518//518 542//542 886//886
f 1035//1035 873//873 1024//1024
f 594//594 573//573 894//894
f 457//457 550//550 556//556
f 595//595 365//365 539//539
f 641//641 491//491 548//548
f 274//274 739//739 774//774
f 577//577 563//563 546//546
f 774//774 275//275 274//274
f 188//188 564//564 602//602
f 694//694 493//493 578//578
f 845//845 1063//1063 814//814
f 332//332 363//363 140//140
f 597//597 567//567 457//457
f 369//369 554//554 561//561
f 401//401 527//527 381//381
f 542//542 554//554 886//886
f 591//591 616//616 526//526
f 813//813 444//444 424//424
f 497//497 615//615 645//645
f 130//130 96//96 713//713
f 11//11 395//395 369//369
f 564//564 528//528 692//692
f 633//633 156//156 572//572
f 779//779 422//422 569//569
f 546//546 659//659 577//577
f 991//991 605//605 615//615
f 585//585 537//537 368//368
f 554//554 562//562 886//886
f 562//562 580//580 886//886
f 467//467 76//76 686//686
f 564//564 651//651 519//519
f 676//676 590//590 721//721
f 539//539 463//463 595//595
f 413//413 593//593 583//583
f 67//67 581//581 713//713
f 571//571 551//551 632//632
f 616//616 590//590 524//524
f 369//369 395//395 583//583
f 632//632 584//584 571//571
f 559//559 596//596 190//190
f 369//369 583//583 562//562
f 578//578 633//633 694//694
f 596//596 232//232 190//190
f 342//342 553//553 332//332
f 363//363 365//365 364//364
f 811//811 803//803 211//211
f 629//629 626//626 742//742
f 572//572 673//673 697//697
f 575//575 609//609 382//382
f 727//727 599//599 889//889
f 861//861 811//811 211//211
f 609//609 381//381 382//382
f 597//597 489//489 986//986
f 307//307 596//596 559//559
f 915//915 598//598 618//618
f 646//646 995//995 413//413
f 225//225 676//676 721//721
f 413//413 995//995 593//593
f 598//598 562//562 583//583
f 563//563 577//577 678//678
f 594//594 609//609 573//573
f 585//585 332//332 553//553
f 575//575 573//573 609//609
f 563//563 678//678 661//661
f 499//499 792//792 728//728
f 1047//1047 211//211 98//98
f 634//634 497//497 645//645
f 592//592 600//600 627//627
f 318//318 1047//1047 84//84
f 592//592 736//736 588//588
f 1035//1035 1024//1024 700//700
f 411//411 1093//1093 413//413
f 727//727 102//102 599//599
f 102//102 5//5 599//599
f 606//606 568//568 373//373
f 600//600 607//607 733//733
f 235//235 837//837 610//610
f 792//792 611//611 1051//1051
f 984//984 593//593 995//995
f 568//568 539//539 368//368
f 710//710 493//493 694//694
f 608//608 613//613 5//5
f 659//659 637//637 577//577
f 620//620 606//606 405//405
f 591//591 619//619 616//616
f 621//621 639//639 758//758
f 687//687 444//444 813//813
f 216//216 579//579 394//394
f 589//589 497//497 634//634
f 856//856 240//240 906//906
f 621//621 741//741 642//642
f 509//509 140//140 150//150
f 636//636 627//627 600//600
f 609//609 594//594 990//990
f 630//630 539//539 568//568
f 995//995 646//646 612//612
f 622//622 727//727 191//191
f 638//638 432//432 988//988
f 583//583 624//624 598//598
f 659//659 584//584 658//658
f 548//548 589//589 634//634
f 1082//1082 1080//1080 855//855
f 558//558 584//584 659//659
f 625//625 532//532 265//265
f 265//265 532//532 233//233
f 598//598 624//624 618//618
f 551//551 566//566 828//828
f 603//603 619//619 591//591
f 626//626 666//666 603//603
f 733//733 607//607 625//625
f 539//539 585//585 368//368
f 566//566 710//710 828//828
f 1005//1005 582//582 762//762
f 1082//1082 855//855 859//859
f 432//432 638//638 423//423
f 277//277 974//974 251//251
f 626//626 629//629 628//628
f 635//635 859//859 855//855
f 742//742 560//560 629//629
f 624//624 631//631 618//618
f 1093//1093 601//601 646//646
f 150//150 162//162 509//509
f 240//240 191//191 906//906
f 824//824 712//712 525//525
f 697//697 673//673 434//434
f 709//709 982//982 265//265
f 983//983 823//823 644//644
f 652//652 405//405 407//407
f 868//868 635//635 651//651
f 533//533 639//639 621//621
f 162//162 664//664 509//509
f 630//630 568//568 606//606
f 583//583 593//593 624//624
f 661//661 643//643 233//233
f 694//694 633//633 716//716
f 640//640 188//188 602//602
f 976//976 624//624 593//593
f 630//630 606//606 620//620
f 280//280 763//763 648//648
f 615//615 605//605 645//645
f 582//582 1016//1016 762//762
f 960//960 891//891 76//76
f 451//451 421//421 662//662
f 738//738 750//750 891//891
f 655//655 982//982 730//730
f 664//664 510//510 509//509
f 424//424 427//427 503//503
f 628//628 781//781 377//377
f 297//297 989//989 655//655
f 476//476 471//471 673//673
f 661//661 678//678 691//691
f 421//421 996//996 662//662
f 856//856 983//983 786//786
f 759//759 790//790 775//775
f 786//786 983//983 644//644
f 996//996 653//653 662//662
f 678//678 577//577 637//637
f 726//726 725//725 717//717
f 840//840 763//763 775//775
f 849//849 642//642 510//510
f 926//926 377//377 796//796
f 856//856 786//786 44//44
f 656//656 20//20 654//654
f 796//796 845//845 926//926
f 545//545 699//699 726//726
f 632//632 658//658 584//584
f 664//664 162//162 675//675
f 726//726 699//699 663//663
f 574//574 623//623 417//417
f 570//570 1034//1034 28//28
f 984//984 976//976 593//593
f 677//677 619//619 666//666
f 643//643 661//661 691//691
f 417//417 623//623 684//684
f 455//455 849//849 510//510
f 725//725 726//726 663//663
f 896//896 656//656 654//654
f 684//684 52//52 417//417
f 388//388 648//648 657//657
f 693//693 68//68 668//668
f 660//660 68//68 693//693
f 737//737 619//619 677//677
f 878//878 840//840 775//775
f 678//678 637//637 800//800
f 705//705 828//828 710//710
f 646//646 601//601 612//612
f 315//315 790//790 682//682
f 97//97 660//660 693//693
f 828//828 769//769 551//551
f 814//814 1063//1063 672//672
f 551//551 769//769 632//632
f 570//570 28//28 587//587
f 674//674 654//654 887//887
f 679//679 917//917 934//934
f 887//887 178//178 674//674
f 669//669 781//781 629//629
f 669//669 629//629 771//771
f 1030//1030 847//847 657//657
f 663//663 820//820 671//671
f 744//744 460//460 683//683
f 545//545 533//533 557//557
f 695//695 804//804 690//690
f 696//696 695//695 690//690
f 762//762 142//142 1005//1005
f 754//754 326//326 297//297
f 717//717 612//612 601//601
f 526//526 479//479 744//744
f 659//659 658//658 722//722
f 207//207 675//675 1051//1051
f 722//722 637//637 659//659
f 856//856 44//44 240//240
f 633//633 572//572 697//697
f 689//689 681//681 146//146
f 679//679 644//644 917//917
f 676//676 225//225 36//36
f 588//588 97//97 693//693
f 671//671 820//820 680//680
f 678//678 800//800 791//791
f 691//691 678//678 791//791
f 684//684 623//623 579//579
f 676//676 534//534 590//590
f 838//838 717//717 601//601
f 670//670 649//649 813//813
f 125//125 844//844 902//902
f 460//460 665//665 683//683
f 685//685 430//430 650//650
f 686//686 750//750 729//729
f 813//813 649//649 687//687
f 528//528 564//564 188//188
f 705//705 710//710 694//694
f 640//640 157//157 688//688
f 781//781 715//715 793//793
f 1006//1006 984//984 995//995
f 667//667 700//700 1055//1055
f 637//637 722//722 800//800
f 652//652 620//620 405//405
f 781//781 669//669 715//715
f 697//697 755//755 633//633
f 633//633 755//755 716//716
f 787//787 703//703 829//829
f 902//902 777//777 125//125
f 668//668 592//592 693//693
f 995//995 612//612 1006//1006
f 471//471 476//476 441//441
f 690//690 567//567 696//696
f 934//934 923//923 698//698
f 567//567 690//690 941//941
f 643//643 827//827 731//731
f 721//721 590//590 647//647
f 683//683 665//665 742//742
f 804//804 652//652 407//407
f 599//599 613//613 1068//1068
f 692//692 914//914 178//178
f 1055//1055 1019//1019 3//3
f 592//592 588//588 693//693
f 665//665 702//702 742//742
f 689//689 701//701 486//486
f 487//487 707//707 702//702
f 1068//1068 613//613 765//765
f 707//707 487//487 708//708
f 705//705 694//694 716//716
f 708//708 711//711 707//707
f 702//702 707//707 711//711
f 711//711 614//614 560//560
f 450//450 466//466 415//415
f 238//238 560//560 614//614
f 699//699 557//557 207//207
f 668//668 67//67 713//713
f 1063//1063 793//793 715//715
f 668//668 68//68 67//67
f 74//74 670//670 863//863
f 752//752 878//878 790//790
f 317//317 743//743 704//704
f 658//658 632//632 769//769
f 695//695 986//986 685//685
f 647//647 590//590 737//737
f 829//829 712//712 824//824
f 590//590 616//616 737//737
f 547//547 715//715 442//442
f 799//799 645//645 605//605
f 814//814 256//256 815//815
f 717//717 725//725 612//612
f 704//704 718//718 317//317
f 619//619 737//737 616//616
f 143//143 777//777 829//829
f 317//317 718//718 747//747
f 715//715 547//547 252//252
f 1006//1006 612//612 725//725
f 709//709 643//643 731//731
f 891//891 750//750 76//76
f 392//392 719//719 723//723
f 829//829 703//703 237//237
f 607//607 221//221 532//532
f 986//986 430//430 685//685
f 729//729 832//832 565//565
f 889//889 1068//1068 856//856
f 152//152 703//703 153//153
f 3//3 1019//1019 2//2
f 724//724 923//923 874//874
f 684//684 579//579 732//732
f 727//727 622//622 714//714
f 728//728 570//570 499//499
f 703//703 706//706 153//153
f 889//889 856//856 906//906
f 704//704 743//743 942//942
f 691//691 791//791 821//821
f 643//643 691//691 821//821
f 221//221 586//586 908//908
f 697//697 478//478 755//755
f 750//750 686//686 76//76
f 466//466 450//450 741//741
f 729//729 738//738 958//958
f 544//544 256//256 547//547
f 1068//1068 983//983 856//856
f 730//730 904//904 655//655
f 717//717 838//838 545//545
f 717//717 545//545 726//726
f 904//904 730//730 731//731
f 725//725 663//663 671//671
f 97//97 588//588 736//736
f 425//425 739//739 746//746
f 725//725 671//671 735//735
f 827//827 643//643 821//821
f 729//729 750//750 738//738
f 972//972 753//753 751//751
f 778//778 705//705 716//716
f 938//938 942//942 743//743
f 748//748 1025//1025 538//538
f 626//626 628//628 666//666
f 972//972 751//751 177//177
f 1090//1090 462//462 466//466
f 739//739 274//274 746//746
f 548//548 1037//1037 1016//1016
f 746//746 274//274 177//177
f 526//526 744//744 591//591
f 828//828 705//705 810//810
f 776//776 778//778 716//716
f 415//415 768//768 337//337
f 751//751 753//753 934//934
f 752//752 740//740 283//283
f 753//753 972//972 923//923
f 736//736 592//592 757//757
f 685//685 650//650 652//652
f 111//111 752//752 764//764
f 975//975 805//805 929//929
f 603//603 744//744 683//683
f 804//804 685//685 652//652
f 283//283 764//764 752//752
f 738//738 830//830 958//958
f 125//125 820//820 844//844
f 672//672 547//547 256//256
f 125//125 680//680 820//820
f 466//466 758//758 1090//1090
f 628//628 677//677 666//666
f 760//760 974//974 823//823
f 789//789 745//745 832//832
f 763//763 316//316 230//230
f 785//785 938//938 743//743
f 1039//1039 142//142 762//762
f 751//751 823//823 876//876
f 262//262 729//729 565//565
f 758//758 1091//1091 1090//1090
f 734//734 481//481 478//478
f 794//794 658//658 769//769
f 454//454 438//438 761//761
f 636//636 600//600 733//733
f 739//739 565//565 1031//1031
f 603//603 591//591 744//744
f 644//644 255//255 786//786
f 758//758 466//466 621//621
f 983//983 251//251 974//974
f 776//776 755//755 478//478
f 677//677 377//377 647//647
f 823//823 983//983 760//760
f 125//125 777//777 131//131
f 626//626 603//603 742//742
f 742//742 603//603 683//683
f 784//784 718//718 303//303
f 1031//1031 565//565 569//569
f 716//716 755//755 776//776
f 979//979 766//766 797//797
f 275//275 788//788 1009//1009
f 1037//1037 548//548 1048//1048
f 983//983 765//765 251//251
f 788//788 275//275 774//774
f 644//644 679//679 255//255
f 422//422 1007//1007 869//869
f 607//607 532//532 625//625
f 701//701 777//777 141//141
f 702//702 711//711 560//560
f 780//780 784//784 303//303
f 560//560 238//238 771//771
f 775//775 230//230 759//759
f 1091//1091 758//758 732//732
f 628//628 629//629 781//781
f 813//813 424//424 866//866
f 763//763 230//230 775//775
f 761//761 772//772 454//454
f 842//842 798//798 782//782
f 712//712 829//829 777//777
f 650//650 620//620 652//652
f 806//806 722//722 658//658
f 780//780 303//303 1078//1078
f 642//642 301//301 505//505
f 767//767 773//773 439//439
f 300//300 50//50 939//939
f 1038//1038 779//779 745//745
f 934//934 322//322 679//679
f 825//825 454//454 772//772
f 777//777 143//143 141//141
f 638//638 988//988 1029//1029
f 496//496 776//776 478//478
f 818//818 918//918 979//979
f 795//795 428//428 429//429
f 827//827 909//909 163//163
f 805//805 782//782 811//811
f 422//422 779//779 1038//1038
f 161//161 53//53 251//251
f 756//756 767//767 439//439
f 795//795 1014//1014 428//428
f 872//872 795//795 422//422
f 237//237 703//703 152//152
f 1038//1038 745//745 841//841
f 636//636 966//966 627//627
f 817//817 788//788 774//774
f 807//807 705//705 778//778
f 787//787 706//706 703//703
f 587//587 245//245 499//499
f 1007//1007 422//422 1038//1038
f 152//152 153//153 158//158
f 756//756 772//772 767//767
f 682//682 759//759 1001//1001
f 705//705 807//807 810//810
f 799//799 1048//1048 645//645
f 158//158 706//706 544//544
f 790//790 759//759 682//682
f 462//462 768//768 415//415
f 262//262 739//739 425//425
f 954//954 825//825 772//772
f 642//642 505//505 510//510
f 510//510 505//505 509//509
f 827//827 893//893 909//909
f 918//918 784//784 780//780
f 806//806 800//800 722//722
f 791//791 800//800 806//806
f 192//192 803//803 782//782
f 192//192 782//782 798//798
f 1003//1003 966//966 636//636
f 773//773 764//764 250//250
f 793//793 796//796 781//781
f 883//883 795//795 872//872
f 801//801 454//454 825//825
f 893//893 821//821 880//880
f 966//966 1001//1001 757//757
f 808//808 766//766 970//970
f 569//569 422//422 770//770
f 819//819 1021//1021 795//795
f 730//730 982//982 709//709
f 851//851 806//806 658//658
f 759//759 757//757 1001//1001
f 663//663 844//844 820//820
f 977//977 946//946 897//897
f 857//857 605//605 1011//1011
f 132//132 1038//1038 841//841
f 303//303 805//805 811//811
f 66//66 1055//1055 3//3
f 792//792 525//525 611//611
f 790//790 878//878 775//775
f 803//803 811//811 782//782
f 818//818 374//374 918//918
f 808//808 843//843 766//766
f 1008//1008 788//788 1014//1014
f 928//928 822//822 492//492
f 843//843 808//808 812//812
f 1014//1014 788//788 817//817
f 298//298 773//773 250//250
f 902//902 611//611 712//712
f 98//98 802//802 604//604
f 851//851 658//658 794//794
f 302//302 857//857 1011//1011
f 604//604 802//802 235//235
f 822//822 928//928 801//801
f 828//828 810//810 515//515
f 715//715 252//252 1063//1063
f 797//797 818//818 979//979
f 1061//1061 799//799 605//605
f 827//827 821//821 893//893
f 1001//1001 966//966 1003//1003
f 1056//1056 1048//1048 799//799
f 617//617 84//84 98//98
f 1042//1042 79//79 884//884
f 806//806 851//851 877//877
f 1015//1015 533//533 1023//1023
f 794//794 769//769 828//828
f 672//672 1063//1063 252//252
f 833//833 766//766 843//843
f 731//731 730//730 709//709
f 560//560 771//771 629//629
f 882//882 1042//1042 884//884
f 525//525 523//523 824//824
f 825//825 971//971 801//801
f 852//852 826//826 836//836
f 729//729 958//958 832//832
f 657//657 648//648 763//763
f 605//605 857//857 1061//1061
f 840//840 657//657 763//763
f 523//523 939//939 824//824
f 297//297 655//655 749//749
f 459//459 318//318 84//84
f 875//875 1050//1050 1008//1008
f 941//941 690//690 449//449
f 875//875 1008//1008 1014//1014
f 429//429 422//422 795//795
f 834//834 836//836 163//163
f 619//619 603//603 666//666
f 695//695 685//685 804//804
f 833//833 843//843 835//835
f 794//794 828//828 515//515
f 746//746 177//177 425//425
f 846//846 798//798 842//842
f 875//875 1014//1014 1021//1021
f 969//969 801//801 971//971
f 786//786 53//53 44//44
f 987//987 971//971 825//825
f 346//346 960//960 277//277
f 98//98 103//103 617//617
f 941//941 449//449 854//854
f 988//988 833//833 873//873
f 1060//1060 939//939 845//845
f 794//794 515//515 518//518
f 754//754 297//297 749//749
f 94//94 66//66 218//218
f 801//801 956//956 822//822
f 960//960 346//346 891//891
f 927//927 816//816 853//853
f 817//817 428//428 1014//1014
f 791//791 806//806 880//880
f 388//388 657//657 847//847
f 860//860 852//852 836//836
f 482//482 81//81 112//112
f 857//857 302//302 353//353
f 533//533 849//849 557//557
f 835//835 1028//1028 517//517
f 706//706 845//845 815//815
f 969//969 956//956 801//801
f 836//836 834//834 860//860
f 845//845 814//814 815//815
f 819//819 898//898 1021//1021
f 882//882 881//881 1042//1042
f 884//884 846//846 842//842
f 869//869 809//809 879//879
f 988//988 432//432 833//833
f 576//576 162//162 728//728
f 873//873 833//833 835//835
f 911//911 898//898 819//819
f 315//315 752//752 790//790
f 728//728 162//162 570//570
f 865//865 859//859 635//635
f 886//886 794//794 518//518
f 219//219 303//303 1044//1044
f 865//865 862//862 859//859
f 880//880 821//821 791//791
f 1027//1027 418//418 452//452
f 881//881 882//882 942//942
f 868//868 865//865 635//635
f 794//794 886//886 851//851
f 872//872 879//879 883//883
f 927//927 1064//1064 870//870
f 860//860 834//834 932//932
f 1027//1027 761//761 418//418
f 1013//1013 517//517 4//4
f 1064//1064 927//927 853//853
f 916//916 847//847 1030//1030
f 907//907 1078//1078 222//222
f 985//985 424//424 246//246
f 865//865 871//871 862//862
f 698//698 322//322 934//934
f 751//751 467//467 177//177
f 869//869 872//872 422//422
f 871//871 865//865 868//868
f 860//860 901//901 852//852
f 949//949 870//870 1064//1064
f 281//281 94//94 218//218
f 111//111 136//136 878//878
f 9//9 1043//1043 867//867
f 888//888 864//864 850//850
f 806//806 877//877 900//900
f 879//879 809//809 895//895
f 975//975 882//882 842//842
f 1065//1065 949//949 1064//1064
f 949//949 905//905 870//870
f 1042//1042 881//881 938//938
f 1007//1007 809//809 869//869
f 894//894 852//852 901//901
f 1065//1065 919//919 949//949
f 580//580 877//877 851//851
f 962//962 888//888 850//850
f 359//359 317//317 747//747
f 946//946 79//79 1042//1042
f 921//921 1056//1056 799//799
f 887//887 868//868 651//651
f 889//889 599//599 1068//1068
f 475//475 894//894 552//552
f 587//587 499//499 570//570
f 852//852 894//894 475//475
f 752//752 111//111 878//878
f 911//911 883//883 464//464
f 40//40 20//20 656//656
f 1027//1027 916//916 761//761
f 1087//1087 981//981 386//386
f 670//670 813//813 993//993
f 692//692 887//887 651//651
f 899//899 1059//1059 1056//1056
f 22//22 12//12 31//31
f 1007//1007 940//940 809//809
f 22//22 9//9 12//12
f 692//692 651//651 564//564
f 884//884 842//842 882//882
f 138//138 919//919 1065//1065
f 40//40 656//656 896//896
f 724//724 698//698 923//923
f 890//890 42//42 40//40
f 724//724 874//874 386//386
f 915//915 880//880 806//806
f 895//895 809//809 940//940
f 890//890 40//40 896//896
f 851//851 886//886 580//580
f 25//25 1043//1043 892//892
f 654//654 674//674 896//896
f 906//906 727//727 889//889
f 964//964 925//925 1058//1058
f 134//134 1030//1030 136//136
f 1051//1051 576//576 792//792
f 613//613 599//599 5//5
f 669//669 771//771 442//442
f 890//890 8//8 42//42
f 806//806 900//900 915//915
f 848//848 75//75 885//885
f 1087//1087 874//874 816//816
f 761//761 916//916 772//772
f 1042//1042 938//938 897//897
f 903//903 888//888 955//955
f 96//96 8//8 890//890
f 888//888 962//962 174//174
f 4//4 1043//1043 25//25
f 1058//1058 875//875 964//964
f 879//879 931//931 883//883
f 464//464 883//883 931//931
f 893//893 880//880 909//909
f 106//106 884//884 79//79
f 946//946 1042//1042 897//897
f 902//902 712//712 777//777
f 386//386 981//981 385//385
f 894//894 901//901 594//594
f 876//876 974//974 960//960
f 147//147 218//218 108//108
f 844//844 1051//1051 611//611
f 884//884 106//106 85//85
f 903//903 950//950 999//999
f 749//749 655//655 826//826
f 890//890 896//896 908//908
f 941//941 854//854 535//535
f 904//904 159//159 655//655
f 674//674 178//178 195//195
f 908//908 896//896 674//674
f 745//745 789//789 15//15
f 15//15 841//841 745//745
f 1080//1080 907//907 495//495
f 611//611 902//902 844//844
f 75//75 884//884 85//85
f 908//908 674//674 195//195
f 462//462 116//116 768//768
f 875//875 1021//1021 964//964
f 932//932 910//910 913//913
f 174//174 955//955 888//888
f 879//879 895//895 931//931
f 912//912 535//535 854//854
f 277//277 960//960 974//974
f 921//921 1061//1061 1073//1073
f 1080//1080 495//495 855//855
f 464//464 898//898 911//911
f 598//598 877//877 580//580
f 1071//1071 1073//1073 1061//1061
f 163//163 904//904 731//731
f 860//860 932//932 913//913
f 692//692 528//528 498//498
f 386//386 874//874 1087//1087
f 900//900 877//877 598//598
f 860//860 913//913 901//901
f 913//913 594//594 901//901
f 924//924 897//897 938//938
f 914//914 520//520 195//195
f 525//525 499//499 523//523
f 644//644 823//823 917//917
f 915//915 618//618 880//880
f 145//145 439//439 298//298
f 668//668 713//713 221//221
f 502//502 535//535 912//912
f 951//951 913//913 910//910
f 747//747 784//784 918//918
f 934//934 917//917 751//751
f 834//834 831//831 932//932
f 946//946 919//919 113//113
f 1087//1087 816//816 927//927
f 439//439 145//145 962//962
f 916//916 767//767 772//772
f 237//237 143//143 829//829
f 738//738 891//891 74//74
f 586//586 221//221 713//713
f 184//184 99//99 1010//1010
f 900//900 598//598 915//915
f 920//920 698//698 724//724
f 913//913 951//951 953//953
f 638//638 1029//1029 1011//1011
f 475//475 754//754 749//749
f 113//113 919//919 138//138
f 502//502 912//912 465//465
f 909//909 922//922 930//930
f 1033//1033 1010//1010 950//950
f 175//175 147//147 108//108
f 423//423 605//605 991//991
f 909//909 930//930 831//831
f 221//221 600//600 668//668
f 981//981 937//937 936//936
f 932//932 831//831 930//930
f 985//985 866//866 424//424
f 926//926 939//939 50//50
f 720//720 754//754 933//933
f 944//944 897//897 924//924
f 669//669 442//442 715//715
f 200//200 720//720 933//933
f 284//284 870//870 32//32
f 898//898 464//464 367//367
f 677//677 628//628 377//377
f 801//801 928//928 454//454
f 826//826 473//473 749//749
f 905//905 919//919 935//935
f 668//668 600//600 592//592
f 704//704 929//929 718//718
f 870//870 937//937 927//927
f 246//246 980//980 985//985
f 927//927 937//937 1087//1087
f 200//200 226//226 740//740
f 214//214 238//238 91//91
f 704//704 942//942 929//929
f 975//975 929//929 942//942
f 934//934 753//753 923//923
f 772//772 756//756 954//954
f 314//314 863//863 670//670
f 283//283 740//740 226//226
f 935//935 919//919 946//946
f 922//922 909//909 880//880
f 932//932 930//930 945//945
f 747//747 918//918 374//374
f 787//787 1060//1060 706//706
f 948//948 944//944 924//924
f 221//221 607//607 600//600
f 948//948 924//924 785//785
f 785//785 924//924 938//938
f 920//920 724//724 943//943
f 706//706 815//815 544//544
f 813//813 866//866 993//993
f 943//943 724//724 385//385
f 631//631 880//880 618//618
f 544//544 815//815 256//256
f 947//947 147//147 175//175
f 425//425 858//858 262//262
f 858//858 686//686 729//729
f 952//952 955//955 174//174
f 951//951 910//910 945//945
f 932//932 945//945 910//910
f 262//262 858//858 729//729
f 594//594 913//913 990//990
f 919//919 905//905 949//949
f 957//957 950//950 955//955
f 945//945 984//984 951//951
f 977//977 935//935 946//946
f 784//784 747//747 718//718
f 144//144 947//947 1084//1084
f 993//993 314//314 670//670
f 922//922 880//880 631//631
f 1084//1084 1085//1085 144//144
f 569//569 832//832 779//779
f 882//882 975//975 942//942
f 1006//1006 953//953 984//984
f 953//953 951//951 984//984
f 897//897 944//944 977//977
f 779//779 832//832 745//745
f 1033//1033 950//950 1049//1049
f 756//756 439//439 850//850
f 963//963 913//913 953//953
f 387//387 492//492 822//822
f 822//822 959//959 387//387
f 954//954 850//850 864//864
f 1046//1046 1049//1049 950//950
f 954//954 987//987 825//825
f 135//135 736//736 316//316
f 624//624 976//976 631//631
f 850//850 954//954 756//756
f 1006//1006 963//963 953//953
f 922//922 631//631 976//976
f 333//333 1010//1010 1033//1033
f 977//977 944//944 948//948
f 987//987 954//954 864//864
f 174//174 1066//1066 952//952
f 952//952 978//978 955//955
f 931//931 895//895 243//243
f 76//76 876//876 960//960
f 937//937 870//870 284//284
f 822//822 956//956 959//959
f 290//290 1067//1067 1069//1069
f 592//592 627//627 966//966
f 757//757 592//592 966//966
f 922//922 976//976 930//930
f 757//757 230//230 736//736
f 961//961 963//963 735//735
f 962//962 850//850 439//439
f 943//943 427//427 920//920
f 965//965 961//961 735//735
f 970//970 780//780 783//783
f 789//789 832//832 958//958
f 937//937 284//284 936//936
f 961//961 965//965 996//996
f 579//579 1091//1091 732//732
f 870//870 905//905 32//32
f 978//978 957//957 955//955
f 608//608 765//765 613//613
f 913//913 963//963 990//990
f 1021//1021 967//967 964//964
f 184//184 1010//1010 333//333
f 973//973 923//923 972//972
f 132//132 968//968 940//940
f 948//948 785//785 445//445
f 986//986 695//695 597//597
f 866//866 985//985 993//993
f 881//881 942//942 938//938
f 923//923 973//973 1009//1009
f 718//718 929//929 805//805
f 876//876 823//823 974//974
f 780//780 970//970 979//979
f 708//708 387//387 614//614
f 614//614 387//387 959//959
f 268//268 184//184 333//333
f 374//374 818//818 497//497
f 597//597 695//695 696//696
f 969//969 971//971 999//999
f 945//945 930//930 976//976
f 818//818 797//797 615//615
f 982//982 625//625 265//265
f 918//918 780//780 979//979
f 974//974 760//760 983//983
f 999//999 971//971 987//987
f 970//970 766//766 979//979
f 957//957 978//978 1062//1062
f 969//969 299//299 956//956
f 219//219 1078//1078 303//303
f 985//985 980//980 997//997
f 733//733 625//625 989//989
f 291//291 978//978 952//952
f 1041//1041 263//263 1052//1052
f 1062//1062 978//978 291//291
f 91//91 956//956 299//299
f 642//642 741//741 324//324
f 783//783 780//780 1078//1078
f 976//976 984//984 945//945
f 625//625 982//982 989//989
f 290//290 1069//1069 1077//1077
f 907//907 970//970 783//783
f 989//989 636//636 733//733
f 862//862 871//871 20//20
f 301//301 642//642 324//324
f 990//990 963//963 961//961
f 999//999 987//987 903//903
f 990//990 961//961 609//609
f 991//991 615//615 797//797
f 999//999 99//99 969//969
f 52//52 684//684 1015//1015
f 609//609 961//961 996//996
f 993//993 985//985 1002//1002
f 833//833 797//797 766//766
f 964//964 73//73 1077//1077
f 1024//1024 873//873 517//517
f 805//805 975//975 842//842
f 805//805 842//842 782//782
f 653//653 996//996 965//965
f 684//684 732//732 1015//1015
f 994//994 1094//1094 1096//1096
f 812//812 1083//1083 1000//1000
f 423//423 638//638 605//605
f 993//993 1002//1002 343//343
f 843//843 812//812 1017//1017
f 662//662 653//653 1004//1004
f 1003//1003 636//636 297//297
f 1016//1016 445//445 641//641
f 732//732 639//639 1015//1015
f 725//725 735//735 1006//1006
f 582//582 1005//1005 977//977
f 1007//1007 1038//1038 132//132
f 1077//1077 73//73 998//998
f 146//146 662//662 1004//1004
f 1006//1006 735//735 963//963
f 1012//1012 843//843 1017//1017
f 517//517 1013//1013 1020//1020
f 140//140 509//509 505//505
f 923//923 1009//1009 1008//1008
f 326//326 1001//1001 1003//1003
f 994//994 1017//1017 812//812
f 994//994 812//812 1000//1000
f 284//284 998//998 936//936
f 1002//1002 985//985 997//997
f 689//689 146//146 131//131
f 835//835 1012//1012 1017//1017
f 843//843 1012//1012 835//835
f 998//998 284//284 1077//1077
f 1009//1009 788//788 1008//1008
f 862//862 20//20 92//92
f 99//99 999//999 1010//1010
f 54//54 1013//1013 4//4
f 17//17 54//54 4//4
f 1010//1010 999//999 950//950
f 326//326 1003//1003 297//297
f 839//839 835//835 1017//1017
f 16//16 862//862 39//39
f 548//548 1016//1016 641//641
f 284//284 32//32 290//290
f 209//209 41//41 1032//1032
f 1032//1032 41//41 117//117
f 1021//1021 1014//1014 795//795
f 60//60 998//998 73//73
f 878//878 657//657 840//840
f 992//992 839//839 1017//1017
f 955//955 950//950 903//903
f 701//701 719//719 486//486
f 605//605 638//638 1011//1011
f 6//6 20//20 40//40
f 548//548 634//634 1048//1048
f 141//141 719//719 701//701
f 1024//1024 517//517 1020//1020
f 204//204 848//848 802//802
f 1028//1028 835//835 839//839
f 1015//1015 639//639 533//533
f 988//988 873//873 1035//1035
f 601//601 1015//1015 1023//1023
f 878//878 1030//1030 657//657
f 145//145 1018//1018 1022//1022
f 802//802 848//848 235//235
f 1020//1020 1013//1013 1019//1019
f 723//723 237//237 392//392
f 847//847 452//452 362//362
f 847//847 362//362 388//388
f 152//152 410//410 392//392
f 1026//1026 1028//1028 839//839
f 158//158 410//410 152//152
f 1022//1022 1018//1018 1041//1041
f 1029//1029 988//988 1035//1035
f 72//72 1036//1036 19//19
f 601//601 1023//1023 838//838
f 1008//1008 874//874 923//923
f 816//816 874//874 1008//1008
f 203//203 209//209 1032//1032
f 1030//1030 878//878 136//136
f 446//446 544//544 1025//1025
f 17//17 41//41 54//54
f 700//700 1024//1024 1020//1020
f 19//19 1028//1028 1026//1026
f 1028//1028 12//12 517//517
f 1008//1008 1050//1050 816//816
f 762//762 1016//1016 1037//1037
f 19//19 31//31 1028//1028
f 235//235 848//848 885//885
f 645//645 1048//1048 634//634
f 570//570 162//162 1034//1034
f 867//867 12//12 9//9
f 819//819 795//795 911//911
f 174//174 1022//1022 1066//1066
f 54//54 182//182 1013//1013
f 1046//1046 950//950 957//957
f 1039//1039 762//762 1037//1037
f 1045//1045 1029//1029 1035//1035
f 940//940 1007//1007 132//132
f 795//795 883//883 911//911
f 1019//1019 700//700 1020//1020
f 78//78 49//49 1040//1040
f 576//576 675//675 162//162
f 49//49 1094//1094 1040//1040
f 22//22 1036//1036 124//124
f 183//183 25//25 892//892
f 1066//1066 1022//1022 1052//1052
f 1045//1045 1035//1035 667//667
f 72//72 70//70 1036//1036
f 667//667 1035//1035 700//700
f 892//892 1043//1043 26//26
f 1022//1022 1041//1041 1052//1052
f 45//45 892//892 26//26
f 958//958 830//830 18//18
f 958//958 18//18 789//789
f 13//13 892//892 45//45
f 587//587 28//28 225//225
f 1053//1053 1033//1033 1049//1049
f 872//872 869//869 879//879
f 1055//1055 700//700 1019//1019
f 1044//1044 811//811 861//861
f 1029//1029 1045//1045 1011//1011
f 675//675 576//576 1051//1051
f 26//26 1043//1043 9//9
f 1047//1047 222//222 861//861
f 70//70 1054//1054 1036//1036
f 124//124 1036//1036 1054//1054
f 222//222 1047//1047 318//318
f 1033//1033 1053//1053 333//333
f 1032//1032 278//278 203//203
f 1040//1040 16//16 78//78
f 844//844 207//207 1051//1051
f 320//320 222//222 318//318
f 1047//1047 98//98 84//84
f 1050//1050 853//853 816//816
f 124//124 1054//1054 239//239
f 2//2 1019//1019 182//182
f 225//225 721//721 50//50
f 447//447 1039//1039 1037//1037
f 318//318 459//459 320//320
f 225//225 50//50 245//245
f 1037//1037 1048//1048 1057//1057
f 302//302 1011//1011 1045//1045
f 1062//1062 1046//1046 957//957
f 853//853 1050//1050 1058//1058
f 50//50 721//721 647//647
f 447//447 1037//1037 1057//1057
f 677//677 647//647 737//737
f 1057//1057 1048//1048 1056//1056
f 1049//1049 1046//1046 1062//1062
f 925//925 853//853 1058//1058
f 926//926 50//50 647//647
f 1058//1058 1050//1050 875//875
f 926//926 647//647 377//377
f 1059//1059 1057//1057 1056//1056
f 952//952 1066//1066 291//291
f 921//921 799//799 1061//1061
f 1053//1053 1049//1049 1070//1070
f 1049//1049 1062//1062 1070//1070
f 926//926 845//845 939//939
f 830//830 738//738 74//74
f 1064//1064 853//853 1069//1069
f 1060//1060 845//845 706//706
f 925//925 1069//1069 853//853
f 814//814 672//672 256//256
f 857//857 353//353 1071//1071
f 1056//1056 921//921 899//899
f 1067//1067 1064//1064 1069//1069
f 1072//1072 1065//1065 1064//1064
f 1072//1072 1064//1064 1067//1067
f 1061//1061 857//857 1071//1071
f 177//177 467//467 425//425
f 1072//1072 1074//1074 1065//1065
f 1070//1070 1062//1062 1075//1075
f 1066//1066 288//288 291//291
f 789//789 18//18 15//15
f 964//964 1077//1077 925//925
f 925//925 1077//1077 1069//1069
f 765//765 983//983 1068//1068
f 177//177 973//973 972//972
f 1073//1073 1071//1071 210//210
f 1052//1052 288//288 1066//1066
f 1073//1073 899//899 921//921
f 1076//1076 288//288 1052//1052
f 1074//1074 1072//1072 213//213
f 805//805 303//303 718//718
f 895//895 940//940 243//243
f 1075//1075 1062//1062 1088//1088
f 210//210 504//504 1073//1073
f 175//175 462//462 1084//1084
f 947//947 175//175 1084//1084
f 907//907 783//783 1078//1078
f 1075//1075 313//313 1070//1070
f 970//970 907//907 1080//1080
f 334//334 1075//1075 1088//1088
f 1080//1080 808//808 970//970
f 291//291 1081//1081 1088//1088
f 812//812 808//808 1080//1080
f 1081//1081 291//291 1079//1079
f 812//812 1080//1080 1083//1083
f 1075//1075 334//334 313//313
f 1083//1083 1080//1080 1086//1086
f 1080//1080 1082//1082 1086//1086
f 579//579 172//172 1091//1091
f 1084//1084 1090//1090 1085//1085
f 172//172 1085//1085 1090//1090
f 1084//1084 462//462 1090//1090
f 1090//1090 1091//1091 172//172
f 859//859 862//862 1082//1082
f 1083//1083 1086//1086 16//16
f 370//370 1088//1088 1081//1081
f 1086//1086 1082//1082 16//16
f 1089//1089 334//334 1088//1088
f 370//370 1089//1089 1088//1088
f 389//389 1081//1081 1079//1079
f 862//862 16//16 1082//1082
f 1089//1089 1092//1092 334//334
f 981//981 1087//1087 937//937
f 389//389 433//433 370//370
f 1089//1089 370//370 433//433
f 1093//1093 43//43 52//52
f 1096//1096 992//992 1017//1017
f 1089//1089 1095//1095 1092//1092
f 1095//1095 748//748 1092//1092
f 601//601 52//52 1015//1015
f 1017//1017 994//994 1096//1096
f 601//601 1093//1093 52//52
f 1094//1094 994//994 1000//1000
f 1000//1000 1083//1083 1040//1040
f 1040//1040 1094//1094 1000//1000
f 16//16 1040//1040 1083//1083
f 1026//1026 839//839 992//992
f 12//12 1028//1028 31//31
f 364//364 1//1 1034//1034
f 57//57 1096//1096 1094//1094
f 20//20 6//6 92//92