# https://github.com/mikedh/trimesh
v -0.03630186 -0.12123473 -0.00216597
v -0.03849669 -0.13417767 -0.01003718
v -0.03849669 -0.12246768 0.00466929
v -0.03630186 -0.13940833 -0.00673430
v -0.03849669 -0.12126748 -0.00137973
v -0.03849669 -0.12806431 0.00978172
v -0.03849669 -0.13700039 0.00855391
v -0.03630186 -0.13172698 -0.01035670
v -0.03849669 -0.12538851 -0.00854776
v -0.03630186 -0.12907400 0.00983810
v -0.03630186 -0.12549059 -0.00832908
v -0.03849669 -0.14169764 0.00130011
v -0.03849669 -0.13978863 -0.00584641
v -0.03630186 -0.14150843 0.00250327
v -0.03630186 -0.12323177 0.00609156
v -0.03630186 -0.13598221 0.00907552
v -0.03630186 -0.06420932 -0.00235265
v -0.03630186 -0.05203460 0.00021482
v -0.03849669 -0.05203460 0.00021482
v -0.03849669 -0.05199670 -0.00284169
v -0.03630186 -0.05203459 -0.00284169
v -0.03849669 -0.06420932 -0.00131344
v -0.02041265 -0.05207276 0.00164159
v -0.03630293 -0.05178595 0.01841752
v -0.03630154 -0.05151789 -0.01814980
v -0.03630186 -0.05199339 -0.01771975
v -0.03849669 -0.05199339 0.01991260
v -0.03630725 -0.05093040 0.01985491
v -0.03850390 -0.05185891 -0.01761498
v -0.03849601 -0.05084094 -0.02013272
v -0.03849570 -0.05104804 0.01991249
v -0.04311845 -0.05199339 0.01385239
v -0.03062613 -0.05199396 -0.00209793
v -0.03850202 -0.05188927 0.01802883
v -0.03062952 -0.05198982 0.01338779
v -0.03297595 -0.05200237 -0.01646839
v -0.03998827 -0.05195206 0.01731725
v -0.03245024 -0.05199299 0.01589522
v -0.01779989 -0.05200091 0.00145421
v -0.04230090 -0.05198829 -0.01390477
v -0.03472597 -0.05199840 0.01710115
v -0.04593968 -0.05199309 -0.00618368
v -0.02293670 -0.05206554 -0.00054342
v -0.03148930 -0.05194612 -0.01485652
v -0.02964911 -0.05199382 0.00288171
v -0.03056721 -0.05199963 -0.01088752
v -0.04121769 -0.05199337 -0.01596422
v -0.04325369 -0.05199232 -0.00988004
v -0.04677919 -0.05199177 -0.00231116
v -0.04449952 -0.05200681 0.01151091
v -0.04678178 -0.05199271 0.00674827
v -0.01791071 -0.05204252 -0.00432147
v -0.01971743 -0.05199661 -0.00363634
v -0.03849033 -0.05108602 0.01935076
v -0.04851192 -0.05188022 0.00054468
v -0.04818669 -0.05197456 0.00406782
v -0.03630431 -0.05078917 -0.02010988
v -0.04172914 -0.05198971 0.01585118
v -0.03849669 -0.14530243 0.01991260
v -0.03630186 -0.14530243 -0.02013350
v -0.03849669 -0.14530243 -0.02013350
v -0.03630186 -0.14530244 0.01991260
v -0.01810229 -0.06241423 0.00147264
v -0.01969590 -0.06241424 0.00147259
v -0.01945865 -0.06241424 -0.00362261
v -0.01601291 -0.05199107 -0.00308292
v -0.02994219 -0.05199375 0.01041503
v -0.02979164 -0.05199201 0.00159620
v 0.06773819 0.02911506 0.00810654
v 0.08854724 -0.05394415 -0.00541956
v 0.03783518 -0.03031299 -0.01112481
v 0.07271927 0.03091838 0.00619682
v -0.01016465 0.01163929 -0.00579609
v 0.06300271 -0.05532438 0.00025737
v -0.02750127 0.09412601 0.01271032
v 0.04693720 -0.03237672 0.00967687
v 0.04709025 -0.03241692 0.01066490
v -0.00199774 -0.00388519 -0.01818092
v 0.08899034 0.04251609 0.00312880
v -0.02924351 0.09624259 0.01179986
v 0.04846307 -0.03466177 0.00859050
v 0.07733026 -0.04005330 -0.01184761
v -0.00231877 0.01118458 -0.00666086
v -0.02489014 0.09214855 0.00790839
v -0.02990012 0.08737557 -0.01792777
v 0.06405654 -0.03783306 0.00871462
v -0.02933129 0.09510486 -0.01782792
v 0.01525061 -0.01974466 0.00962531
v 0.05140983 -0.03280044 0.01105061
v -0.03794707 0.09831306 0.01440316
v -0.05203346 0.09501717 -0.00884716
v -0.04485245 0.09637450 0.01846696
v -0.02855170 0.09137567 -0.01787959
v 0.06831875 0.03545957 0.00851337
v 0.05103827 -0.03316457 0.01172132
v 0.05608505 -0.03325282 0.01062146
v -0.04651840 0.10331143 -0.00925882
v 0.01594168 -0.01079910 0.00994191
v 0.05320700 -0.03287279 0.01046237
v 0.04601789 -0.03401735 0.01284664
v 0.07021598 -0.03695932 -0.01098101
v -0.00536963 0.01335186 -0.00259554
v 0.05498201 -0.03330292 0.01177952
v 0.07515816 -0.05638033 0.00030082
v 0.05530743 -0.04402172 0.00844762
v 0.00071649 -0.00249198 -0.01823805
v -0.03019231 0.09482143 0.01622616
v -0.04396874 0.09602904 0.01915149
v -0.03177021 0.09638111 0.01612291
v -0.00223650 -0.00178208 -0.01711143
v 0.05457331 -0.04899648 0.00743864
v 0.06202672 -0.03448950 0.01092906
v 0.06786848 -0.03607841 0.01148517
v 0.06717037 -0.03927494 0.01378049
v -0.05161273 0.07096844 -0.01229734
v 0.02404452 -0.00570642 0.00490579
v 0.06684560 -0.03581438 0.01021541
v 0.03691316 -0.02989015 -0.00988675
v 0.06705013 -0.04623744 0.00860423
v -0.02799613 0.08743411 0.01455983
v -0.04023334 0.09463537 0.01937092
v -0.04033121 0.09634992 0.01959064
v 0.06080679 -0.03469811 0.01200747
v -0.03724064 0.09685432 0.01805181
v -0.05068557 0.05803109 -0.01315174
v -0.03467331 0.09618638 0.01859257
v 0.05365666 0.01508542 0.00256641
v 0.07978735 -0.04006623 0.00897163
v 0.07626408 -0.03709736 0.01066665
v 0.09584418 -0.05976079 -0.00363305
v 0.06600053 -0.03992905 -0.00709674
v -0.03569349 0.09287361 0.01833607
v 0.09837031 -0.05511273 0.00188135
v 0.09918207 -0.05559918 0.00225747
v 0.09570479 -0.05170181 0.00548580
v 0.07736664 -0.03844240 0.01304925
v 0.07319365 -0.03735839 -0.00937931
v 0.09291389 -0.05513884 0.00358845
v -0.03034517 0.08139078 0.01627164
v 0.07094175 0.02636487 0.00251255
v -0.03252504 0.09518885 0.01801022
v -0.05466967 0.00180698 -0.01948929
v 0.09614428 -0.05871709 0.00261663
v -0.06044008 0.00781233 -0.01571919
v 0.08278029 -0.03854749 0.01254180
v 0.07740830 -0.03857174 -0.01066077
v 0.09336494 -0.05101709 0.00800579
v -0.05596328 0.00302246 0.00004701
v 0.09363274 -0.04689294 0.00847448
v -0.04908578 0.00199227 -0.01960561
v 0.09198227 -0.03943079 0.01092860
v 0.08703722 -0.03844601 0.01130509
v 0.09790082 -0.05798510 0.00571073
v 0.09739563 -0.05268572 0.00744868
v 0.08342416 -0.03881667 -0.01071599
v -0.03433368 0.07416151 0.01867505
v -0.05630363 0.00380030 -0.01745358
v -0.02101067 -0.00382852 -0.02680204
v 0.10061606 -0.05528151 0.00727474
v 0.09566976 -0.05838173 0.01037159
v -0.05361618 -0.00232127 -0.01968881
v 0.09594368 -0.04997356 0.00727728
v 0.09713908 -0.04885778 0.00985487
v 0.08540076 -0.04207338 0.01405826
v 0.09793058 -0.05133181 0.01071568
v 0.09673019 -0.05148268 0.01173550
v -0.02168270 -0.01295395 -0.02743490
v -0.03029972 0.06090838 0.01528136
v 0.09901495 -0.05352908 0.01244644
v -0.03192817 0.06233746 0.01722011
v 0.10264348 -0.05046717 0.01185531
v 0.09848315 -0.05068277 0.01431797
v -0.02407913 -0.02184735 -0.02792786
v 0.04916771 -0.03331218 -0.01142156
v 0.09814986 -0.04662806 0.01488928
v -0.03244907 0.06655062 0.01754771
v 0.08188735 -0.03862085 -0.00913800
v 0.00099588 -0.01166609 -0.02450488
v 0.06460241 -0.05261622 -0.01136072
v -0.04887741 0.18771711 0.00316120
v -0.02099875 0.00083956 -0.02646977
v -0.03972374 0.18190137 -0.00117122
v -0.04527059 0.00752068 -0.00152469
v -0.05396191 -0.00549461 -0.01655607
v 0.08563181 -0.04015377 -0.01145908
v -0.04595916 0.19009759 0.00422819
v -0.04846442 0.17606064 0.00049668
v -0.04637980 0.18655602 -0.00019635
v -0.04634452 0.02389875 0.00021007
v -0.03811397 0.16922703 -0.00153787
v -0.03382851 0.05725310 0.01892746
v -0.04911014 0.18207859 0.00235457
v -0.04181712 0.18815187 -0.00026133
v 0.03446896 -0.03024298 -0.00879093
v -0.03842236 0.17452568 -0.00203008
v -0.03757146 0.17311111 0.00105323
v -0.03876302 0.18033572 0.00275202
v -0.04074358 0.18273020 0.00476460
v -0.03947551 0.18469075 0.00221401
v 0.03940852 -0.03069966 -0.00969006
v -0.04130409 0.06557770 0.02033711
v -0.04753044 0.18732343 0.00495466
v -0.03841487 0.17844979 -0.00017252
v 0.09534532 -0.04434853 -0.01216251
v -0.02010655 -0.00772561 -0.02513488
v -0.03828867 0.15707851 -0.00160528
v -0.03673667 0.06588998 0.01988331
v -0.04387897 0.15201033 -0.00421268
v -0.04078929 0.15044123 -0.00365575
v -0.04902794 0.15677202 0.00149765
v -0.04663803 0.17675199 0.00538630
v -0.02077906 -0.01035955 -0.02668531
v -0.04410997 0.18359156 0.00615735
v 0.02143681 -0.03731518 0.00834147
v -0.04797455 0.14618172 -0.00144702
v -0.02190876 -0.02459191 -0.02733281
v -0.04194629 0.14162588 -0.00444279
v 0.08867520 -0.05678817 -0.00217088
v -0.04828689 0.15741488 0.00301306
v -0.01974415 -0.01508666 -0.02255519
v -0.02019246 -0.01193573 -0.02014819
v -0.04835777 0.14673624 0.00083053
v -0.03843638 0.16888240 0.00342967
v -0.04114554 0.13529922 -0.00437263
v -0.04760163 0.13647001 -0.00151416
v -0.01934815 -0.00632784 -0.01911762
v -0.04219650 0.16992623 0.00564335
v -0.04167600 0.04342723 0.02046555
v 0.08856146 -0.03944850 -0.01037550
v -0.04573123 0.16020682 0.00527477
v -0.04657513 0.12636232 -0.00208027
v -0.04650221 0.13489709 -0.00273917
v -0.00930397 0.00095933 -0.01542824
v -0.01573220 0.00074005 -0.01838274
v -0.01686698 -0.01354308 -0.01870178
v -0.04710363 0.13653197 -0.00037384
v -0.04676942 0.13906941 0.00055948
v -0.04125067 0.12156382 -0.00467450
v -0.04507078 0.14518665 0.00416020
v -0.04633341 0.13343356 0.00046691
v -0.04690758 0.12939328 -0.00104788
v 0.05195489 -0.05809023 0.00714606
v -0.03916665 0.15687480 0.00426665
v -0.04240216 0.15085498 0.00511164
v 0.09497083 -0.04112257 -0.01139697
v -0.03729865 0.12233646 -0.00301487
v -0.03804514 0.12700148 -0.00314705
v -0.03449606 0.03527275 0.01987742
v -0.04583342 0.12597426 -0.00034894
v 0.07915111 0.04698189 0.00216487
v -0.01979913 -0.03680320 0.02107023
v 0.08163618 0.04436829 -0.00394541
v -0.04098986 0.13488171 0.00201007
v -0.04730405 0.00683967 -0.00564131
v -0.01782178 -0.04802340 0.01902747
v -0.01895193 -0.04518870 0.01997673
v -0.04134896 0.13907286 0.00303445
v -0.03831787 0.13878550 0.00227510
v 0.07887796 0.04725192 -0.00215598
v 0.09631570 -0.04621956 -0.01182687
v -0.04451378 0.11910263 0.00091975
v 0.06547570 0.03966195 0.00213641
v -0.03746123 0.12515647 0.00008079
v -0.03702055 0.14341833 0.00081262
v 0.09651135 -0.04394982 -0.01195408
v -0.03406529 0.10935423 -0.00632714
v 0.08418041 0.03592123 -0.00251711
v -0.03735465 0.11980439 -0.00126272
v -0.04639395 0.11858222 -0.00186945
v -0.04652882 0.12220774 -0.00090998
v -0.00805756 -0.00062235 -0.01786488
v -0.03776763 0.12886459 0.00039762
v -0.03842154 0.13507909 0.00160996
v 0.08016073 0.04627507 0.00000211
v 0.08131367 0.04625119 0.00035500
v 0.09859052 -0.05056137 -0.01274839
v -0.04385890 -0.04943285 0.02786714
v 0.03705764 -0.05087793 0.01199214
v 0.07615663 0.04582440 0.00359975
v 0.06996910 0.04278468 0.00424065
v -0.03683323 -0.05065620 0.02645893
v 0.07884646 0.04390504 0.00578393
v -0.03644006 0.11784467 -0.00103866
v 0.09595336 -0.04182050 -0.00941930
v -0.02347872 -0.03988674 0.02794550
v 0.08745848 -0.04045562 -0.00822185
v -0.03790714 0.11846048 -0.00337790
v -0.02926206 0.10494731 0.00100219
v -0.00000687 -0.03352975 0.02366232
v -0.03170414 0.10919514 0.00063792
v 0.08705574 0.03481060 0.00042713
v 0.07754886 0.04507513 0.00660646
v -0.05009337 0.11340793 -0.00150224
v 0.00032228 -0.02788042 0.02394563
v 0.00450976 -0.03250114 0.02407551
v 0.08403290 0.04732488 -0.00006047
v 0.09978535 -0.04869410 -0.01346460
v 0.07402616 0.04332332 0.00599395
v 0.09744323 -0.04381390 -0.01205891
v 0.09996242 -0.04459027 -0.01239047
v -0.04477961 0.10529794 0.00537031
v -0.03805457 0.11853454 -0.00003564
v 0.00224154 -0.03251756 0.02476702
v -0.03245462 0.11412912 -0.00277802
v -0.04783491 0.09836209 0.00771953
v 0.09662105 -0.05260388 -0.01087157
v -0.02673236 0.09580007 -0.00722727
v -0.01890527 -0.04915134 0.02565259
v 0.06664463 0.03909013 0.00606532
v -0.02063031 -0.04023060 0.02732444
v -0.03534869 0.10333194 0.00250839
v 0.05616588 -0.06014619 0.00123843
v 0.09688327 -0.04523595 -0.01074971
v 0.08377403 0.04607761 0.00672686
v -0.04735249 0.10302190 0.00556637
v 0.07740348 0.04346179 0.00766199
v 0.08171278 0.04340066 0.00546122
v -0.03317045 0.10016616 0.00327036
v 0.04680213 0.01013089 0.00005817
v -0.03089466 0.10271951 0.00337270
v -0.02722575 0.09829866 -0.00047908
v -0.02801309 0.09896437 0.00133983
v 0.09183717 -0.05615488 -0.00157985
v -0.02905321 0.09770376 -0.00461600
v -0.04881859 0.09140112 0.00153260
v -0.04827963 0.09511254 0.00109970
v 0.00487076 -0.04618064 0.02305069
v -0.05055329 0.09126162 0.00356614
v -0.05200447 0.09500750 0.00674518
v -0.04953132 0.09668009 0.00239552
v 0.08392116 0.03455429 0.00276457
v -0.04666282 0.10510864 0.00407440
v 0.07549167 0.04058023 0.00844240
v 0.07696160 0.04005566 0.00781708
v -0.05097023 0.10022579 0.00031824
v -0.04867492 0.09707279 0.00817745
v 0.06650384 -0.05692037 0.01127308
v 0.09618421 -0.04229911 -0.00777201
v 0.05408478 -0.03630435 -0.00746370
v 0.06467868 -0.03575074 -0.01027270
v 0.08841885 -0.04305446 -0.00688328
v 0.06652990 -0.03623016 -0.00951225
v -0.05043400 0.09009781 0.00247694
v 0.02685452 -0.04883348 0.00329624
v -0.05185371 0.09452619 0.01242571
v 0.07269533 -0.05558010 0.01254310
v 0.09793103 -0.05029777 -0.00854568
v 0.07172045 0.03494237 0.00821321
v 0.02889125 0.00840088 0.00864434
v -0.05214934 0.08774964 0.00770710
v 0.09853746 -0.05235222 -0.01006235
v 0.08194250 0.04461255 0.00789291
v -0.04846310 0.09450763 -0.01915051
v 0.06292265 -0.03680397 -0.00806996
v -0.04054846 0.00353552 -0.02156444
v -0.03417201 0.09767315 0.00552270
v -0.05261357 0.09180689 0.01028187
v -0.03419931 0.00383719 -0.02480488
v -0.03612069 0.00426910 -0.02323995
v -0.04431491 0.00217403 -0.01996706
v 0.07159555 -0.03692046 -0.01028119
v -0.05120004 0.07344826 0.00690278
v -0.03017671 0.09732596 0.00443183
v 0.08715678 0.03528845 0.00380775
v 0.08748148 0.04234760 0.00910018
v 0.08919036 0.03907731 0.00423278
v -0.03258995 0.08041839 -0.01998219
v -0.06005786 0.00897944 -0.01281054
v -0.02814705 0.09623548 0.00631219
v -0.04678613 0.00246271 -0.02016172
v -0.05210522 0.08156558 -0.01127130
v 0.08374315 0.03666011 0.00746601
v 0.08157886 0.04497236 0.01054098
v -0.00083981 -0.00862386 -0.01861457
v -0.05247281 0.08396922 0.01243088
v -0.03422919 0.09713452 0.00788249
v -0.04787896 0.00205129 -0.01410309
v -0.05058342 0.08253763 0.01604890
v -0.03195872 0.00511171 0.01924543
v 0.01374135 -0.02627857 0.00647185
v -0.05194757 0.07481207 0.01010606
v -0.02453363 -0.05041386 -0.00543679
v -0.05063732 0.09581773 0.01364745
v 0.08228594 0.03959563 0.01030761
v -0.04628370 0.07055400 -0.02038261
v -0.00063794 -0.00429665 -0.01887551
v -0.02073637 -0.05102010 -0.00474152
v 0.09651852 -0.04931536 -0.01127348
v -0.04445341 0.09838887 0.01275681
v -0.03712429 0.00445120 0.02212102
v -0.02497042 0.09468692 0.00075560
v 0.09894158 -0.04307476 -0.00593371
v 0.09985847 -0.04187511 -0.00846145
v -0.02043613 0.00122625 -0.02182222
v 0.00399502 -0.02733034 -0.02451141
v 0.02552982 0.01786414 -0.00821293
v -0.04940087 0.03461245 0.00666720
v 0.00037485 -0.01679337 -0.02369156
v -0.02498348 0.00379374 -0.00661620
v -0.05240181 -0.02227887 0.01698648
v -0.03635186 0.09789254 0.01171989
v -0.04752243 0.09593678 0.01709873
v 0.01136247 -0.04718855 -0.01008592
v 0.00755803 -0.01089649 -0.02023313
v 0.00350440 -0.00378261 -0.02047274
v -0.04886862 0.09204418 0.01634450
v -0.03343670 0.00118473 -0.02752232
v -0.01630423 0.00272134 -0.00932153
v 0.09329662 -0.04628841 -0.00633805
v -0.04573502 0.09300763 0.01849405
v 0.02429156 0.02143916 -0.00575026
v 0.03403933 0.02446402 -0.00749143
v 0.09682367 -0.04493015 -0.00616750
v -0.05152437 0.06823484 0.01242782
v -0.01957279 -0.02645280 -0.02462057
v -0.02051584 -0.00355827 -0.02064841
v -0.00036493 -0.02452203 -0.01862984
v -0.04646707 0.09585744 0.01806935
v 0.04472251 0.02745126 -0.00814204
v -0.02427498 0.00268569 -0.00688973
v 0.04479654 -0.05260474 -0.00206348
v -0.02611522 0.09020689 0.01193905
v -0.00828431 -0.00201448 -0.00994713
v 0.00025160 -0.02336640 -0.01924956
v 0.05043124 0.02810138 -0.00838944
v -0.04681842 0.08861459 0.01907541
v -0.01668827 -0.00088264 -0.01883308
v -0.01237260 -0.01343595 -0.01858135
v -0.02530495 0.00452415 0.02300909
v -0.00225868 -0.02001710 -0.01804108
v 0.00803545 -0.04865764 -0.00925559
v 0.03608242 0.01497465 0.00843028
v 0.04634297 0.03242389 -0.00446887
v 0.00606124 -0.02793118 -0.02249460
v 0.05532740 0.03002351 -0.00854694
v -0.05336340 -0.02278525 0.02121129
v 0.09424343 -0.04750407 -0.00479566
v -0.05022346 0.00078629 -0.02003116
v -0.00045656 -0.00384194 0.01040865
v 0.00074016 -0.03278263 -0.01958647
v 0.00654055 -0.00610986 0.00891521
v 0.09804789 -0.05182082 -0.00690022
v -0.01496105 0.01101885 -0.00580012
v 0.10184632 -0.05164579 -0.01096789
v 0.09566005 -0.05035380 -0.00648388
v 0.05388060 0.03447277 -0.00576381
v 0.06499319 -0.05913150 0.00843958
v 0.09703583 -0.04838116 -0.00851702
v 0.08274649 0.04359406 0.01254873
v 0.08277594 0.04634204 0.01074434
v -0.04810645 0.00282735 0.02381963
v 0.06178003 -0.03547424 -0.01102169
v 0.10358533 -0.04594700 -0.00834849
v -0.03181933 0.06678371 0.01270857
v -0.05053688 0.05744477 0.00720554
v -0.05200612 -0.00264547 -0.02073742
v -0.02122703 0.00166312 0.02022344
v 0.03479072 0.00820811 -0.00667045
v 0.09198671 -0.05989205 -0.00749761
v -0.04723386 -0.00099121 -0.02823338
v -0.01660372 0.00364791 -0.00788103
v -0.04834956 -0.00158210 0.02697438
v 0.09632223 -0.05677782 -0.00875467
v 0.09776161 -0.05306873 -0.00954891
v -0.02249643 -0.00070166 -0.02770314
v 0.00864494 -0.04961473 -0.00634332
v 0.09730608 -0.04470497 -0.00414760
v 0.03078535 0.02639742 0.00047427
v -0.01249128 0.00936296 -0.00780382
v 0.04857989 0.01615925 -0.00762950
v -0.03003173 0.06959283 0.01510190
v 0.01517522 -0.02788842 0.00791499
v -0.05425392 -0.03181549 0.01235250
v 0.01978074 -0.02674286 0.00844752
v -0.00203414 -0.00986852 -0.01820470
v -0.05409126 -0.03026960 0.01893549
v -0.01871043 -0.01493904 0.01866218
v -0.06268245 0.01047026 0.00571365
v -0.04996400 -0.00757741 0.02636585
v 0.01596527 -0.03192856 0.00525289
v 0.01336088 -0.02367698 0.00758193
v -0.00025929 -0.01775442 -0.01883968
v -0.00002937 -0.02786650 -0.01876354
v -0.00022346 -0.01193371 -0.01923917
v 0.00089355 -0.00210427 -0.01623057
v -0.05925638 0.00696076 0.01074804
v 0.08630370 0.03832864 0.01029810
v 0.08346526 0.03850829 0.01116349
v -0.02482104 -0.00512731 -0.02795318
v -0.01818360 -0.01678526 0.01961195
v -0.03230566 0.06362049 0.01272897
v -0.04035286 0.00444842 0.02137551
v -0.01092567 -0.02084675 0.01871648
v -0.01502507 -0.01681496 0.01963706
v -0.02350040 -0.04958539 -0.00321922
v 0.01954427 -0.02505101 -0.00926529
v -0.01553536 -0.05061423 0.00684981
v -0.06375508 0.01042282 0.01231268
v 0.01909890 -0.03192112 0.00811402
v -0.06145365 0.00967020 0.01188223
v 0.01972188 -0.02410011 0.01033618
v -0.06431856 0.00909096 -0.01509601
v -0.03756691 0.09572241 -0.02162576
v -0.03934165 0.08586007 0.01985875
v -0.02653356 -0.00828389 -0.02739763
v -0.06637766 0.00913890 0.01011287
v -0.06473454 0.00827827 -0.01500577
v -0.02811041 0.06224318 0.01537684
v 0.02089172 -0.00319933 0.00816256
v -0.02487269 0.05730733 0.01234480
v -0.02515350 0.06497588 0.01545575
v -0.02672383 0.07214827 0.01407097
v 0.10126013 -0.04324445 -0.00625689
v -0.01943864 -0.03036867 0.01905334
v 0.05576005 -0.03395265 0.00934368
v 0.01252559 0.01646959 0.00396115
v -0.01350124 -0.00050559 -0.00946636
v 0.08537123 0.04371726 0.01152708
v -0.00231938 -0.00405420 -0.00908096
v -0.02542680 -0.05022765 -0.00232282
v 0.02531767 -0.04533879 0.00659060
v -0.05004898 0.00307363 0.01079698
v -0.04913472 0.00273616 0.00142890
v -0.05930205 0.00611934 0.00069951
v 0.06040301 -0.03465766 0.00968629
v 0.02611710 -0.02804177 0.00874086
v 0.02284510 -0.04185148 0.00575020
v -0.01541894 -0.05056558 -0.00675826
v 0.02436496 -0.04181468 0.00751679
v 0.05964506 -0.03468886 -0.00945001
v -0.01645259 -0.03300351 0.01853300
v -0.05302550 0.00213572 0.00147901
v -0.01319486 -0.00002254 -0.00836773
v -0.03523009 0.08642121 -0.02137822
v -0.05199008 -0.00081808 0.02388212
v 0.09922124 -0.05486807 -0.00675688
v 0.00476301 -0.00493510 -0.00902032
v 0.09718807 -0.05246092 -0.00665673
v -0.02439767 0.01235938 -0.00680117
v -0.04609130 0.00600478 0.00225723
v -0.05208299 -0.01405320 0.02459081
v -0.02340859 0.00398605 0.01875430
v -0.02255773 0.00594830 0.00075721
v 0.09494601 -0.05006744 -0.00380542
v -0.04551770 -0.03708670 0.02764659
v 0.02791315 -0.02892870 -0.00847572
v -0.01851399 -0.04245857 0.01896454
v 0.01972712 -0.02425836 0.01181477
v -0.00811142 -0.00083179 -0.00862226
v 0.01622736 -0.02021769 -0.00640428
v -0.02303546 0.00276287 -0.00862581
v -0.05365073 0.00257853 0.01009123
v 0.02457015 -0.00413002 -0.00431243
v -0.04918239 0.01166628 0.01009164
v -0.05943089 -0.00775921 -0.01305234
v -0.01900436 0.00258488 -0.00064858
v -0.05648162 0.00320783 0.00737006
v 0.03557522 -0.04604064 -0.00668084
v -0.02837080 0.05835581 0.01476336
v -0.06613610 0.00886362 -0.01212742
v -0.01360029 0.01323814 -0.00130422
v -0.06422572 0.01004033 -0.00456586
v 0.01574074 -0.00310807 0.00901591
v -0.06141438 0.00915041 -0.00398221
v -0.05957921 -0.00141281 -0.01774420
v 0.02683828 -0.02639050 0.00993517
v -0.00122277 0.01306117 -0.00391059
v 0.03435396 0.00415481 -0.00416813
v -0.05451162 -0.03775491 0.01882553
v -0.04159888 -0.05041154 0.02683709
v -0.04682798 -0.03810936 -0.02800227
v 0.00982643 0.01437592 -0.00541104
v -0.04814215 -0.04866304 0.02701068
v -0.00129536 -0.00344101 -0.00832171
v -0.03263698 0.05187728 0.01842389
v -0.02107832 0.00307761 -0.00229896
v -0.06288262 0.01003853 -0.01272673
v 0.09561384 -0.05336672 -0.00352860
v -0.01521200 -0.05102638 -0.00397288
v 0.00356004 -0.05219649 -0.01217103
v 0.03442858 -0.03021850 -0.01172419
v 0.00650885 -0.04936046 -0.01047786
v 0.10320617 -0.05485818 -0.00181937
v -0.04674926 0.00437758 0.00122590
v -0.01733108 0.00567531 -0.00492014
v -0.02279173 0.00599932 -0.00171866
v 0.09650054 -0.04781312 -0.00444078
v 0.02637798 -0.02596223 0.01158467
v 0.00281319 -0.05238076 0.00154261
v -0.04818123 0.00484482 0.00662551
v -0.04758611 0.06077288 0.01751077
v 0.02517027 -0.04050860 0.00780248
v 0.01772551 -0.01656670 0.00055107
v -0.02264724 0.00424979 0.00389526
v -0.01527765 -0.01872685 -0.02299594
v 0.02210174 -0.00914848 -0.00000523
v 0.09409237 -0.04004101 -0.00978687
v -0.01702370 0.00475817 0.00253253
v 0.03101747 -0.00052077 -0.00060207
v 0.04538252 -0.05228752 0.00306885
v -0.01964515 0.00236189 -0.00352065
v -0.01818761 -0.02536256 -0.02326435
v 0.03658543 0.01881516 -0.00823729
v 0.03233616 -0.02781484 0.01008070
v 0.01670717 -0.04388661 0.01281706
v -0.01730738 0.00292254 -0.00455745
v 0.03065779 -0.02975989 0.00856282
v -0.04502108 -0.04313978 -0.02853736
v 0.02732353 0.01019040 -0.00836321
v -0.02140363 0.01035161 -0.00023696
v -0.01970947 0.01008323 -0.00039315
v 0.01698736 0.00220666 -0.00839570
v -0.01669031 0.00851813 -0.00634880
v -0.05308713 -0.02789854 0.02288236
v -0.01168855 -0.01895215 -0.02263967
v -0.04601500 -0.04911906 -0.02815454
v 0.09805564 -0.04069955 -0.01130946
v -0.01705628 0.01239183 0.00000289
v 0.01633035 -0.04020771 0.01342937
v 0.00580490 -0.05086093 -0.00380856
v -0.03020819 0.04918684 0.01639882
v 0.00807865 -0.05063087 -0.00167926
v -0.01625828 -0.02357011 -0.02332096
v 0.04591848 0.01742233 -0.00854298
v -0.01665935 0.00365600 -0.00157739
v -0.02951491 -0.05088806 -0.00107535
v -0.04772657 0.03916014 0.01649972
v 0.05864522 -0.05593181 -0.00904954
v -0.04581673 -0.04617066 -0.02803806
v 0.04344530 -0.03164356 -0.01099992
v -0.00395481 0.01372831 -0.00105480
v -0.04382316 -0.04988226 -0.02831252
v -0.01086351 -0.01944652 -0.02205410
v -0.03089614 0.04098414 0.01796616
v 0.06005451 0.02696984 -0.00831152
v -0.00361932 -0.05001913 -0.00065633
v 0.09467635 -0.04952167 -0.00217701
v -0.04892852 -0.04615100 -0.02559222
v 0.10343160 -0.04385457 -0.00053102
v -0.04666192 -0.05020874 -0.02761459
v 0.03909791 -0.04749834 0.01339366
v -0.02111111 0.00290420 0.00528455
v -0.01879930 0.00269872 0.00510857
v -0.01315847 -0.01636082 -0.01921028
v -0.02371821 0.03808832 0.00921703
v 0.07101692 -0.03658302 0.00994088
v -0.01160571 -0.02309810 -0.02281097
v 0.01615940 -0.00824460 -0.00766465
v -0.04985195 -0.02134914 0.02609078
v 0.01461836 0.00391596 0.00810379
v -0.04551603 0.02736099 0.01827210
v -0.04965194 -0.05004763 -0.02465227
v 0.09876064 -0.05545104 -0.00160221
v 0.00477428 0.01452775 -0.00119312
v 0.01237262 0.01651683 -0.00244258
v 0.09519042 -0.05379729 -0.00179199
v -0.01897211 -0.01541194 -0.01930894
v -0.01041863 -0.02210401 -0.02223034
v -0.04613409 -0.05089783 -0.02682998
v 0.03164159 0.01374246 -0.00842406
v 0.03137813 -0.04640438 0.00663514
v -0.00012867 0.01349731 0.00157946
v 0.01805741 -0.03596346 0.00198275
v 0.01500470 -0.04778814 -0.00981268
v 0.05086434 -0.04688692 -0.00678726
v 0.09752265 -0.05533847 -0.00072610
v -0.03431467 -0.05142186 0.01696653
v 0.03905590 -0.04158053 0.00825720
v 0.01465802 -0.01999578 -0.01144000
v -0.03190163 -0.05122154 0.01609596
v -0.01297010 -0.02736838 -0.01890858
v -0.00008809 -0.03834981 0.02262109
v -0.04723072 0.02186730 0.01623699
v 0.02645662 -0.04903069 0.00089227
v 0.04101670 -0.03285528 0.00855014
v -0.01123811 -0.01816769 -0.01954104
v 0.01286075 -0.00513239 -0.00816535
v 0.07663114 -0.03807218 0.00962615
v 0.05191276 -0.03324739 -0.00887542
v 0.00155742 -0.01930433 -0.02464052
v 0.04441022 -0.04950676 -0.00571698
v 0.00050698 -0.04221065 0.02409348
v 0.02077975 -0.03999435 0.00521857
v 0.09741113 -0.05561173 0.00072596
v 0.09861493 -0.05481377 -0.00133559
v -0.05273151 -0.05009554 0.01647330
v 0.02109618 0.00165117 0.00855937
v -0.00950316 -0.01705787 -0.01830877
v 0.00168988 -0.02849749 -0.02463921
v 0.02206781 -0.02699783 -0.01187422
v 0.09755336 -0.04036344 -0.00943359
v 0.03775090 0.01307953 -0.00778651
v 0.00702125 -0.05023669 0.00592147
v 0.00858232 -0.05057670 0.00381989
v 0.09584855 -0.04791718 0.00282792
v -0.01654329 0.00757431 0.00606643
v 0.02401239 0.02322506 0.00085739
v -0.00117612 -0.05046398 -0.01251158
v -0.02628764 0.03675960 0.01344615
v 0.02367336 -0.02598959 -0.01039563
v -0.01509007 0.01200372 0.00385289
v 0.07337815 -0.03691580 0.01238645
v -0.05051734 -0.05015435 -0.02075068
v 0.07672462 -0.06208488 -0.00198075
v -0.04989603 -0.04855914 -0.01893948
v -0.04388017 0.03967399 0.01962644
v -0.01861180 -0.02930276 -0.01930103
v -0.03181714 0.03278479 0.01827409
v 0.01547902 -0.02826353 0.01321340
v 0.08108475 -0.03777335 0.01054473
v 0.01551382 -0.02524926 -0.00799696
v 0.08013350 0.04647231 -0.00671389
v -0.01011513 -0.02190662 -0.01958874
v -0.03567868 -0.05113110 0.01863313
v 0.01030604 -0.01460603 -0.01613912
v -0.02258319 -0.04997369 -0.02665484
v 0.03749865 -0.02881923 0.01137752
v -0.00904685 -0.01944382 -0.01840402
v 0.04064964 -0.04012007 -0.00704049
v 0.05911686 -0.04880969 -0.00689515
v -0.02000236 -0.01471060 0.01965493
v 0.01926031 -0.01215564 0.00508970
v 0.01625306 -0.02161475 -0.00957582
v -0.05254385 -0.04917798 0.02219259
v -0.00096709 -0.05059344 0.00361934
v -0.03200748 0.06129942 -0.02029479
v 0.01842031 -0.01071979 -0.00525775
v 0.07118408 0.04451228 -0.00111444
v -0.04802591 -0.05096347 -0.02463810
v 0.04167296 -0.04871768 0.00634440
v 0.08472072 -0.03848708 0.01011046
v 0.08978802 -0.05696303 0.00107957
v -0.01130179 -0.02491679 -0.01969072
v 0.01721959 -0.02340570 -0.01120482
v 0.04142871 -0.03074071 0.00951116
v 0.02890611 -0.02884460 -0.01171769
v -0.05075310 -0.05028995 -0.01677428
v 0.08221980 0.04658520 -0.00462686
v 0.08325524 0.03952295 -0.00558106
v 0.08344336 0.04348021 -0.00641766
v 0.09515064 -0.05421278 0.00228019
v -0.02645416 0.02003968 0.01306268
v 0.09748594 -0.05265113 0.00473090
v -0.05105169 -0.05030987 0.02359761
v -0.01694086 0.00418734 0.00588511
v 0.03145839 -0.02774487 0.01197231
v -0.01103594 -0.02646838 -0.01880601
v 0.09664750 -0.04751421 0.00465299
v -0.00906442 -0.02318736 -0.01846104
v -0.01265703 0.00901364 0.00703872
v -0.05427090 -0.04741553 0.01943691
v 0.08053633 0.04402547 -0.00447182
v -0.05056550 -0.05009015 -0.01448999
v 0.09696003 -0.04525328 0.00528075
v -0.00460433 0.01104814 0.00617903
v 0.02545145 -0.02993074 -0.01240544
v 0.09465901 -0.04828195 0.00650128
v -0.03772608 0.03866322 0.02067499
v -0.00710088 0.01270250 0.00288840
v 0.08161908 0.04085693 -0.00529442
v -0.01585062 0.00393501 0.00696695
v 0.01045875 -0.05021357 -0.00517636
v 0.09491404 -0.04973289 0.00627871
v 0.02854857 -0.05357109 -0.00632480
v -0.06163521 0.00831860 0.00384564
v -0.04762986 0.01070172 0.01571639
v 0.01815930 -0.03800798 0.00747649
v 0.09751702 -0.04887059 0.00552334
v -0.00259015 -0.03122572 -0.01795132
v -0.05103843 -0.04590624 -0.00773985
v 0.02488254 -0.02941569 -0.00773813
v 0.00650242 -0.04958777 0.00933708
v 0.02453373 -0.05412370 -0.00336845
v -0.01632681 0.00287652 0.00834897
v 0.02927103 -0.02808188 -0.01053686
v 0.10581580 -0.05117830 0.00010088
v -0.00992232 -0.05033338 0.00193049
v 0.10557914 -0.04849393 0.00079228
v 0.02934308 -0.03045546 0.01309970
v -0.04941862 -0.05096797 -0.01422703
v 0.09738359 -0.04334678 0.00730595
v 0.08917445 -0.03986529 0.00973330
v 0.04181223 -0.03285011 0.01294024
v 0.03270933 -0.03377756 0.01349644
v -0.04922787 0.16912478 -0.00075920
v 0.00482657 0.01334812 0.00460794
v -0.05084565 -0.05030351 -0.01164689
v -0.02860640 0.02469121 0.01624081
v 0.02515499 -0.03452895 -0.00737690
v -0.03017560 0.01065805 0.01799988
v 0.01414660 -0.01273428 -0.00987213
v 0.04471106 -0.03132840 0.01117383
v 0.09798408 -0.05113090 0.00661154
v -0.04012227 0.01092368 0.02081985
v 0.02665156 0.02392092 -0.00281438
v -0.04558450 0.09540314 -0.02077312
v 0.03488059 0.02767360 -0.00441305
v 0.01786675 -0.03144110 -0.00746023
v 0.08098449 0.03964859 -0.00480457
v -0.04261506 0.09655660 -0.02095078
v 0.00874285 -0.01881692 -0.01759818
v -0.05016777 -0.05088824 -0.00804040
v 0.03484396 -0.05126221 0.00061290
v 0.03939332 -0.03414089 -0.01232868
v 0.02089171 -0.00220141 -0.00721876
v 0.07091630 -0.03604195 0.01119923
v 0.10341388 -0.04777201 0.00992297
v 0.08077791 0.04645494 -0.00183651
v -0.00216189 0.00818182 0.00759950
v 0.04232189 -0.03056682 0.01111712
v 0.02917436 -0.05030802 0.00005216
v 0.01038878 -0.04896940 0.00849401
v 0.09596561 -0.05135763 0.00938774
v 0.09777433 -0.04970076 0.01107792
v -0.00003130 -0.03543239 -0.01859210
v 0.07871582 0.03757526 -0.00523745
v 0.09259820 -0.06214043 0.00426405
v 0.08617113 0.03904755 -0.00502197
v 0.00257803 -0.05234740 0.00631830
v 0.02595057 0.00472316 -0.00789255
v 0.07913437 -0.03775680 0.01221672
v 0.10278336 -0.04491537 0.00681327
v 0.09931247 -0.04236244 0.01293580
v -0.04941676 0.05053019 -0.01590229
v 0.03378396 -0.05017324 0.00351272
v 0.09008615 -0.03943965 0.01214458
v 0.01559559 -0.05292842 0.00043721
v 0.00698375 0.00948931 0.00777287
v 0.03673366 0.02706403 0.00664740
v -0.04820603 -0.05110840 0.02500744
v -0.01070733 -0.00047848 0.00910415
v 0.00438159 0.01141103 0.00692290
v 0.00266618 -0.05235103 0.01387086
v 0.09644169 -0.04220582 0.01466668
v 0.07180587 -0.04902455 0.01417117
v 0.07449352 -0.05764134 -0.00893267
v -0.04698878 -0.05141262 -0.00705032
v 0.05237169 -0.05050139 -0.00583303
v 0.09179045 -0.05129781 -0.00598003
v 0.04833126 -0.03231059 -0.01019447
v -0.02324717 -0.05044929 0.02561662
v 0.02943240 -0.04361788 -0.01237279
v 0.09661710 -0.04638965 -0.00469718
v -0.04920554 -0.03256840 0.02652399
v 0.08096128 0.04561651 -0.00141650
v -0.05115593 -0.05053878 -0.00352936
v 0.08513555 0.04467814 -0.00511183
v 0.08744677 0.04300998 -0.00344625
v 0.05508385 -0.03368821 -0.01030008
v 0.00392542 -0.05186641 0.01298474
v -0.05017206 -0.02317230 -0.00007071
v 0.02593543 -0.03830680 -0.00627084
v 0.09810322 -0.04932398 -0.00530788
v -0.04800942 -0.02014627 0.02713699
v -0.06630179 0.00849266 0.01270145
v -0.05265759 -0.03911471 0.02294715
v -0.04673754 0.19000942 0.00183404
v 0.00134523 -0.05208463 0.00903813
v -0.01475011 -0.05034207 0.01620538
v -0.04155608 0.18869735 0.00106817
v 0.03461729 -0.03191884 -0.00760367
v 0.05444682 0.03656388 0.00213892
v 0.09268499 -0.05740911 -0.00974420
v -0.04443766 0.19030853 0.00113779
v -0.00274190 -0.05021699 0.01582588
v 0.03135809 -0.05514060 0.00592691
v 0.04717226 0.03223206 0.00588175
v -0.04979677 0.07667917 -0.01713815
v 0.09847977 -0.05226955 -0.00494611
v 0.03085952 -0.03749401 -0.00719030
v 0.03907693 0.02489995 0.00794614
v 0.05728368 -0.03532661 -0.01160003
v 0.09726581 -0.04643624 -0.00408043
v 0.09404054 -0.05234122 -0.00394784
v -0.05017075 -0.02542391 -0.00100613
v 0.07905693 0.04388127 -0.00076219
v 0.07498765 0.02996879 -0.00124553
v 0.07695085 0.03318951 -0.00407590
v 0.07571361 0.03318546 0.00321935
v 0.07856360 0.03703516 -0.00282160
v 0.01640822 -0.03890204 -0.01256244
v -0.06727464 0.00531566 0.01225223
v 0.02597582 -0.04168078 -0.00445330
v 0.03451915 -0.05062880 -0.01042316
v -0.05809015 0.00429946 0.01084228
v -0.04298679 0.18969307 0.00347714
v 0.04337704 0.02795886 0.00776061
v 0.00653130 -0.00305096 -0.00848015
v 0.08285635 0.03810131 -0.00326944
v 0.09733416 -0.04316588 -0.00196382
v -0.04866260 0.00457052 0.01051322
v -0.04414804 0.06250262 -0.02136109
v 0.04520176 -0.03615381 -0.00726258
v 0.08591780 0.04623161 -0.00264778
v -0.01998131 -0.05040540 0.01815752
v 0.09433973 -0.04914202 -0.00322922
v 0.04141104 -0.05228450 -0.00158876
v 0.03100283 -0.04466481 -0.00635925
v -0.05183996 -0.00449651 -0.02109649
v 0.05837679 0.03579743 0.00645803
v -0.04855644 0.17977795 0.00390746
v 0.09374524 -0.04807235 -0.00119710
v 0.03768570 -0.05420741 0.00947407
v 0.01536868 -0.02367267 -0.01216534
v -0.04002824 0.05711534 -0.02237913
v 0.03190780 -0.04222583 -0.00654137
v 0.02613934 -0.04574086 -0.00566557
v 0.03085081 -0.04823038 -0.00521036
v 0.08669842 0.04514835 0.00679018
v 0.02150726 -0.03853706 -0.00219504
v 0.01942970 -0.03492482 -0.00729411
v 0.00478675 -0.05053315 0.01855132
v 0.01897851 -0.03568165 -0.00178787
v -0.03702925 0.16271931 0.00019499
v -0.04324712 0.03240755 -0.02109281
v 0.00583917 -0.04786071 0.01451571
v -0.04302420 0.04530010 -0.02144391
v 0.05261612 0.03212236 0.00808534
v -0.04397749 0.01625797 -0.02003694
v -0.04680857 -0.01862741 0.02737664
v -0.01581827 -0.04947619 0.01821549
v -0.00176556 -0.05006246 0.01727834
v -0.03914723 0.04167065 -0.02231788
v -0.00831543 -0.04813482 0.01892471
v -0.00259348 -0.00203511 0.01706770
v 0.04076585 -0.05460167 -0.00784953
v -0.01392954 -0.01554383 0.01855067
v -0.04750272 0.00029776 -0.02780298
v 0.02869224 -0.04955417 -0.00307761
v 0.09586383 -0.04650299 -0.00152120
v -0.05181837 -0.04869679 0.02367670
v -0.06192032 0.00854704 0.01414953
v -0.04939302 -0.00084512 -0.02748574
v 0.09852990 -0.04233199 -0.00131718
v -0.02329133 -0.04102678 -0.02810556
v 0.04819742 -0.05262707 -0.00352118
v 0.03850385 -0.05150144 0.00270889
v 0.02454970 -0.04484630 0.00136756
v 0.00219095 -0.00306198 0.01693380
v -0.02599092 0.00325912 0.02525614
v 0.09416640 -0.05385300 -0.00123401
v 0.04698859 -0.03568549 0.01339974
v -0.04518267 0.14441308 -0.00373965
v 0.03845019 -0.05128006 -0.00314444
v 0.04079307 0.01638043 0.00871854
v -0.03819318 0.14661520 -0.00235958
v -0.01791174 -0.04940360 0.01919069
v 0.07347728 -0.05520483 0.00364338
v 0.09732349 -0.04833940 -0.00010352
v -0.04425503 -0.00400475 0.02740677
v 0.08323369 0.03551949 0.00246401
v -0.05839221 -0.01296781 -0.00814225
v -0.05124445 -0.04967544 -0.00113050
v -0.03738348 0.15532994 0.00107173
v 0.05735169 0.02993203 0.00838645
v -0.03729918 0.14246823 -0.00194861
v 0.06406300 0.03545946 0.00802004
v -0.06146075 0.00732911 -0.01645849
v 0.00282955 -0.00369168 0.01940086
v -0.02268229 0.00059705 0.02650103
v 0.08884829 0.03882927 -0.00129002
v -0.04925864 -0.02318414 -0.02670659
v -0.04734976 -0.05136179 -0.00378782
v -0.05610137 0.00314326 0.01443071
v 0.09681929 -0.04696196 -0.00000304
v -0.00194242 -0.04551119 0.01935002
v -0.04959924 0.16553358 0.00085290
v -0.05740168 0.00585455 0.01553699
v 0.07129471 -0.05053410 0.00786944
v -0.04831234 0.16515996 0.00351315
v -0.05620415 -0.01403416 -0.00818742
v 0.04824649 0.02182709 0.00890566
v -0.05165109 -0.05096815 0.00210169
v 0.07541566 -0.04765487 0.00870498
v 0.09787912 -0.04891387 -0.00069695
v -0.01890121 -0.02674708 -0.02235697
v -0.04872358 0.17339191 0.00276989
v -0.01279474 -0.01834069 0.02258140
v -0.01512426 -0.02618270 -0.02184096
v -0.04629392 -0.04113154 0.02785622
v 0.08271770 -0.04946114 0.00850712
v -0.00099143 -0.01352851 0.01990371
v 0.04873655 0.02769662 0.00842258
v -0.05055865 -0.01294222 -0.02557092
v -0.04430632 0.13787358 -0.00416090
v -0.06285303 -0.00082309 0.01635597
v -0.05331447 -0.01083269 -0.00931043
v -0.02603543 -0.04993407 0.02741995
v -0.00234425 -0.04878792 0.01884860
v -0.02448553 -0.00719365 0.02724517
v -0.01178548 -0.02168405 0.01961739
v 0.09445454 -0.04840901 0.00130884
v 0.06621871 -0.03770008 -0.01167740
v 0.01884904 -0.05136777 0.00773450
v 0.09533046 -0.04674019 0.00232591
v -0.01195483 -0.02444175 -0.02185274
v -0.06536527 0.00568740 0.01409491
v 0.01522483 -0.02468126 0.01237473
v 0.05497973 0.02189993 0.00791189
v 0.03911604 0.01194723 0.00809090
v 0.01213323 -0.02499156 0.01363741
v 0.09647407 -0.04858920 0.00143054
v -0.00030363 -0.04941009 0.01929342
v -0.03691471 -0.04866813 0.02801035
v -0.05890467 -0.00248239 0.01780362
v 0.02299098 -0.04206830 0.00257212
v -0.01968803 -0.03042148 -0.02033758
v -0.04896138 0.16508598 -0.00124078
v -0.01148773 -0.02028444 0.02192886
v 0.05334012 0.01632613 0.00501865
v -0.04795819 -0.01681605 -0.02778627
v -0.05906284 0.00143189 0.01823664
v 0.00402572 -0.01936361 0.01657382
v 0.06314483 0.02103577 0.00334624
v 0.06027587 0.02763769 0.00861628
v -0.04686156 0.15457175 -0.00285783
v -0.04539510 -0.02304278 -0.02825070
v -0.01316829 -0.02768499 0.01870152
v 0.04636947 -0.05806320 -0.00364398
v 0.02094350 -0.03768432 -0.00621098
v -0.06090210 0.00050850 0.01761176
v -0.05967871 0.00119594 -0.01970401
v 0.00474812 -0.00690457 0.02137659
v 0.05130760 -0.05369733 0.00160160
v 0.00889979 -0.03071135 0.01546717
v -0.05291464 -0.01399179 -0.00819351
v 0.09368739 -0.05474193 0.00083371
v -0.00267536 -0.03761381 0.01896755
v 0.01052373 -0.04481519 0.01316125
v -0.03668546 0.13118956 -0.00214349
v 0.06582200 -0.04051330 -0.01218997
v 0.09786260 -0.04963202 0.00224800
v 0.02249855 -0.03733122 -0.00712380
v -0.03695594 0.13424809 -0.00112035
v -0.00026586 -0.04544766 0.02056314
v -0.02078575 -0.04939463 0.02674363
v 0.00278869 -0.05130690 0.01814472
v -0.04470606 0.12928324 0.00053522
v 0.05733663 -0.05791737 -0.00660403
v -0.02088123 -0.02763860 0.02660220
v 0.09852918 -0.05234359 0.00163782
v 0.00436203 -0.01681359 0.01914476
v -0.04348668 0.13582691 0.00115986
v 0.09670341 -0.04556483 0.00313342
v -0.03693335 0.12705672 -0.00152843
v -0.00055443 -0.03009395 0.02041882
v 0.00113998 -0.00686646 0.02282232
v 0.01478843 -0.04641586 0.01158318
v 0.00654068 -0.01747821 0.02117263
v -0.02423990 -0.02046962 0.02744241
v 0.03868975 -0.04637564 0.00732273
v -0.01197461 0.00117041 0.00768836
v -0.01177259 -0.02286731 0.02277189
v 0.00558446 -0.04796891 0.01941562
v -0.04950031 0.11080523 -0.00369222
v -0.03952305 0.12926112 0.00082709
v 0.00179704 -0.04729351 0.02275013
v -0.00207250 -0.02042547 0.01918816
v 0.00766365 -0.04222173 0.01594248
v -0.03381190 0.10285657 -0.00783490
v -0.00512229 -0.00051418 0.00827914
v -0.00072959 -0.03758690 0.01978501
v -0.02641397 0.00409905 0.01335516
v 0.02351137 -0.03951284 -0.00394600
v -0.02434152 0.00239192 0.01286574
v 0.07704280 -0.04053404 -0.00719818
v -0.01769207 -0.03451018 -0.01870584
v -0.04850682 -0.04453075 -0.02676015
v 0.00089786 -0.01879966 0.02433426
v -0.05022783 0.09834371 -0.00111793
v 0.00601987 -0.04203247 0.01807373
v 0.00309275 -0.04208302 0.02487074
v 0.00344584 -0.02138391 0.02419891
v 0.07329911 -0.06016996 -0.00577571
v 0.09792817 -0.04389982 0.00501010
v -0.03451517 -0.04588259 -0.02811449
v 0.00554197 -0.04224735 0.02326736
v -0.04239602 0.11676076 -0.00683645
v 0.01285508 -0.03975794 0.01392006
v -0.04240324 0.12249094 0.00107478
v 0.04443995 -0.03182450 -0.00953894
v 0.04685609 -0.03341253 -0.00823060
v -0.01840899 0.00246611 0.01280728
v -0.03884481 -0.04973301 -0.02813048
v -0.04403286 0.12075099 -0.00434217
v 0.09480079 -0.04154702 0.00964967
v 0.04638436 -0.04745741 0.00755335
v -0.02398626 -0.04775469 0.02817138
v 0.10022604 -0.04338681 0.00717057
v -0.03122001 -0.04936907 -0.02798774
v 0.00655193 -0.03387773 0.01803658
v -0.03440900 0.11619619 -0.00263601
v -0.04007056 0.12171376 0.00102648
v 0.00553424 -0.03204568 0.02248598
v -0.04201349 0.11887674 0.00202520
v -0.02108581 -0.04816040 0.02755343
v -0.01772652 -0.01677804 -0.02231934
v -0.02015541 -0.02547775 -0.02590073
v -0.04996439 0.04050268 -0.01238195
v -0.01911883 -0.01814305 -0.02443038
v 0.06057226 -0.05404506 0.00343379
v 0.09524371 -0.04093662 0.01157395
v 0.04386752 -0.05817645 0.00328366
v 0.01465928 -0.02611122 -0.00655937
v -0.03355466 0.11411538 0.00140357
v 0.07186492 -0.05173907 -0.00598559
v 0.07081697 -0.04879861 -0.00671242
v 0.09713454 -0.04023619 0.01194029
v -0.04728765 0.14241297 0.00168197
v 0.09752216 -0.04071844 0.00940388
v -0.05252614 -0.05044167 0.00754515
v -0.00145875 -0.03067037 0.01917726
v -0.05068795 -0.05123840 0.00962814
v -0.04389220 0.11347009 0.00524380
v -0.03617029 -0.05056171 -0.02646582
v 0.08675513 -0.06159810 0.00787870
v 0.04040813 -0.04501081 0.01371624
v -0.03484253 0.11451806 -0.00597078
v 0.09442349 -0.04152978 0.01342575
v -0.04035390 -0.05006470 -0.02777604
v 0.01622751 -0.03003457 0.00034925
v 0.09319643 -0.05154056 0.01443882
v -0.03364408 0.10833698 0.00291391
v -0.04621798 0.17793611 -0.00111170
v -0.04447241 0.18005890 -0.00129541
v -0.02374249 0.02424240 -0.00919337
v -0.04545574 0.16370480 -0.00367087
v -0.03970205 0.11404073 0.00530731
v 0.07586035 -0.06219283 0.00386669
v 0.09450677 -0.04454095 0.01450360
v -0.00178105 -0.00141106 0.01555124
v 0.08928879 -0.05054414 -0.00668632
v -0.00916512 0.00077930 0.01458133
v -0.04196331 0.15940702 -0.00405257
v -0.03379314 0.09588252 -0.02085903
v 0.00425122 -0.01196286 -0.02457850
v -0.01830268 -0.04960345 -0.02418231
v 0.06138886 -0.06009084 0.00554260
v 0.09748215 -0.05302945 0.01359277
v 0.07220034 -0.05315271 0.00622232
v 0.10347205 -0.04803747 -0.00967446
v -0.04374191 -0.05124390 -0.01454620
v -0.04247402 0.10466827 0.00621894
v 0.01557268 -0.02433736 -0.00019802
v 0.00556870 -0.01904174 -0.02402355
v -0.01790150 -0.00231537 0.01838379
v 0.00230348 -0.01373673 0.02409196
v -0.04862960 0.02527544 -0.01511731
v -0.04547084 0.10239148 -0.01151688
v -0.04116868 0.09515820 -0.02197452
v -0.03647205 0.10548041 0.00539537
v 0.06757898 -0.05487154 -0.00317905
v -0.05032912 0.05934513 -0.00934116
v 0.00770443 -0.01851660 -0.02178990
v 0.08893026 -0.06297762 0.00411700
v -0.01128356 -0.00253225 0.01824251
v -0.03590019 0.10183704 -0.01310586
v 0.09246722 -0.06115458 0.00794357
v 0.08741514 -0.05593326 0.00432967
v 0.08985982 -0.05949377 0.01086318
v -0.04180638 -0.05146045 -0.01645053
v -0.02523238 0.08868612 -0.01318800
v -0.00141758 -0.00853127 0.02012006
v -0.03699261 -0.05071840 -0.02126035
v -0.00710774 -0.02495902 -0.01810538
v -0.04525814 0.10254711 0.00864231
v -0.02580274 0.00071750 0.02713436
v -0.03923555 0.10495606 -0.00908093
v -0.03788266 0.10423553 0.00689662
v -0.05143993 0.09501768 -0.01500478
v 0.00015112 -0.03470328 0.01986349
v -0.00045773 -0.00331662 0.01836054
v -0.00067258 -0.02239545 0.02219272
v 0.00065268 -0.00468444 0.02033893
v -0.03629410 0.00057362 0.02693111
v -0.03158299 0.02107693 -0.02020263
v 0.00600560 -0.02933547 -0.01840889
v -0.02956785 0.09921139 0.00262124
v -0.04014927 0.17757059 -0.00151046
v -0.06889100 0.00470338 0.00566452
v -0.00941522 -0.03551701 -0.01852414
v -0.02249034 0.01767941 0.00001973
v -0.02372685 0.05203224 -0.01190527
v -0.03328669 0.09767626 -0.00578045
v -0.02598364 -0.00159762 0.02747732
v -0.04800520 0.09623382 -0.01813764
v -0.03288554 0.09698069 0.00483393
v -0.05196169 0.08335133 -0.01364521
v -0.05502074 -0.02126086 -0.00163346
v -0.04719301 0.11413315 0.00275574
v -0.04813475 0.01723468 -0.01529477
v -0.04821524 0.11195374 0.00224764
v -0.05176107 -0.02611153 -0.00320491
v -0.03441184 0.10033104 0.00503969
v -0.04409435 0.09781181 -0.01698757
v -0.06328421 -0.01218917 0.00396251
v -0.04660708 0.09727000 -0.00962740
v -0.06769896 0.00709886 0.01029756
v -0.03050517 0.10295947 -0.00404400
v -0.04804023 0.09888102 -0.00617519
v 0.00075666 -0.03913639 -0.01918291
v 0.00173699 -0.04776325 -0.02170601
v -0.03991285 0.10289992 0.01007998
v -0.04698630 0.05154315 -0.01918863
v -0.03476657 0.10267129 0.00712252
v -0.04998199 0.03059251 -0.01033321
v -0.02113797 -0.00563911 0.02520500
v 0.01597815 -0.02290634 0.00961274
v 0.00241272 -0.00567817 -0.01195964
v -0.05182790 -0.02704633 -0.00028648
v 0.00798487 -0.00952529 -0.01478337
v -0.00325475 -0.00522721 0.01834127
v 0.01769908 -0.03320345 0.00808716
v -0.02217755 0.07521501 -0.00728196
v -0.03947983 0.11375920 -0.00866101
v -0.03899454 0.10248810 -0.01246007
v -0.04432509 0.11447342 -0.00780682
v -0.02264517 -0.00703276 0.02689915
v -0.04160103 0.10277536 -0.01275990
v -0.06147724 -0.01303912 0.00584380
v -0.05961595 -0.01728457 -0.00212968
v -0.04420751 0.10013553 0.01096701
v -0.04860914 0.10414589 0.00198656
v -0.00465533 -0.01599961 0.01855841
v -0.03683647 0.10187784 0.00939789
v -0.05057316 0.09704340 0.00034837
v -0.02815542 0.00472348 -0.01884159
v -0.02707479 0.01353998 -0.01614916
v -0.04430545 0.10421003 -0.00843855
v 0.08135417 -0.05327810 0.00640946
v -0.04556092 0.11290644 -0.00766901
v 0.00988406 -0.02074131 -0.01488613
v -0.03757935 -0.00004006 -0.02803050
v 0.00713499 -0.00736587 -0.00827144
v -0.04745651 0.05004774 -0.00203502
v 0.01141476 -0.00942876 -0.00988688
v -0.04472766 0.11698831 -0.00569527
v -0.02394822 0.00986013 0.00447134
v -0.04728053 0.11428500 -0.00610138
v -0.04941881 0.09133067 -0.00072111
v -0.05029869 -0.00019578 -0.02671258
v -0.05167556 -0.00049213 -0.02407497
v -0.03513693 0.09802839 0.00806074
v -0.02213879 0.05402452 -0.00787932
v -0.02570415 0.07027869 -0.01355744
v -0.02316354 0.00456320 -0.02188182
v -0.01455657 -0.02680778 0.01985762
v 0.00667641 -0.02097074 0.01633570
v -0.06223621 -0.01369406 0.00474407
v -0.04280600 -0.05131971 0.01639745
v -0.04146206 0.09933990 0.01134835
v -0.04072069 0.11912833 -0.00536728
v -0.01788467 -0.01818951 0.02270910
v -0.04371708 -0.00597389 -0.02808416
v -0.06028909 -0.01893361 0.00380175
v -0.03716260 0.10097680 0.01163890
v -0.02716431 0.00791784 -0.01465102
v -0.02111444 -0.01126286 0.02599305
v -0.05256574 0.09279647 -0.00854608
v -0.03660404 0.10635297 -0.00823463
v -0.02838199 0.01014911 -0.01738724
v -0.02952366 -0.05107880 0.00813132
v -0.04650616 0.03142015 -0.00323227
v -0.01797500 0.00143445 -0.01848393
v 0.09097397 -0.05312997 0.00735270
v -0.04687585 0.17277022 -0.00267642
v -0.01358056 -0.02514928 0.02213706
v -0.00014884 -0.01466516 0.02296876
v 0.00635640 -0.02322448 -0.01721926
v -0.01941424 -0.02506856 0.02316350
v -0.04407251 0.17327986 -0.00387079
v -0.01382221 0.00141495 -0.01660450
v -0.02188244 -0.01475479 0.02680940
v -0.04170399 0.09800949 0.01252876
v -0.03798915 0.09958590 0.01264872
v 0.06736134 -0.05243650 0.01359930
v -0.02173461 0.04424685 -0.00446930
v -0.02115246 0.00284460 -0.01398660
v -0.04986751 -0.03211095 -0.02510712
v -0.04755115 -0.05165972 0.00969045
v -0.05011440 0.09611459 -0.00493881
v -0.05847094 -0.00221764 -0.01957859
v 0.00985957 -0.02172059 0.01481224
v 0.00955161 -0.01698127 0.02038695
v -0.04981583 0.09051077 -0.00003208
v 0.00285931 -0.01790921 0.01920147
v -0.06279613 0.01032511 -0.00715353
v -0.05015104 0.10309749 0.00010462
v -0.02772723 0.08224586 -0.01621903
v -0.04137608 0.07466500 -0.02230898
v -0.05780049 -0.02077475 0.00561563
v -0.06712422 0.00750681 -0.00695615
v -0.02345371 0.08928368 -0.00717254
v -0.06557504 -0.00178033 0.01285420
v -0.02896837 0.09595297 -0.01537352
v -0.05867078 -0.01327164 0.00735974
v -0.02518444 -0.03924822 -0.02764195
v -0.05056477 0.09435220 -0.00327741
v -0.04186862 -0.03827050 0.02738946
v -0.03863741 0.03346125 -0.02232761
v -0.04227325 0.08921328 -0.02214702
v -0.06173133 -0.00764076 0.01218946
v -0.02841946 -0.03684389 0.02739820
v -0.04774549 0.00335158 -0.02433448
v -0.03539315 0.09801208 -0.01150870
v -0.02990181 0.07052789 -0.01721493
v -0.05717067 -0.02021700 0.00678969
v -0.04864956 0.06307061 -0.00487156
v -0.01811837 -0.04779112 0.02344763
v -0.04668406 0.10571228 -0.00723523
v 0.00923570 0.01171501 -0.00784465
v -0.02998853 0.03615941 -0.01945327
v 0.01505467 0.01472518 -0.00739104
v -0.03235576 0.03283105 -0.02078614
v -0.05230211 -0.03350854 0.00651446
v -0.05015386 0.03627180 -0.00993589
v -0.05962425 -0.00848479 -0.00718784
v -0.05271766 -0.01951473 0.00830517
v -0.04895514 0.03938666 -0.01576046
v -0.03245267 0.07329109 -0.02027805
v -0.05433183 -0.01368046 0.00871040
v -0.02734744 0.09405747 -0.01518293
v -0.05001870 -0.02485273 0.00597134
v -0.04386126 -0.00783027 -0.02765731
v -0.05126456 -0.02283789 0.00692703
v -0.03146223 0.04772935 -0.01997056
v -0.06496234 0.00960767 -0.00671643
v -0.02949913 0.05486974 -0.01882255
v -0.05694679 -0.01131237 -0.01043428
v -0.02726331 0.05998292 -0.01681239
v -0.04944149 -0.04463936 -0.02460380
v -0.02587119 0.00094895 -0.02795912
v -0.05001788 0.05022093 -0.01353145
v -0.03555744 0.02308025 -0.02171909
v -0.05083674 0.05111249 -0.00998893
v -0.04849737 0.06818373 -0.00183361
v -0.02912071 -0.05129693 0.01175989
v -0.02890753 0.02515235 -0.01847369
v -0.04837197 0.05745883 0.00206549
v -0.02190066 0.00365584 -0.02500763
v -0.05196814 -0.00789363 -0.01716637
v -0.06055079 0.00776979 -0.00913903
v -0.02489178 0.00446451 -0.02435606
v -0.04655805 0.03239766 -0.01871288
v -0.06326173 -0.00661918 -0.00600958
v 0.08086991 -0.05672472 -0.00085781
v -0.03779217 0.00844947 -0.02185388
v -0.05145771 -0.04823243 0.00189008
v -0.02221529 0.08501325 0.00104577
v -0.04780385 0.04999536 -0.00391911
v -0.02551276 0.00528152 0.00716699
v -0.06207665 -0.00332505 -0.01474232
v -0.03277909 0.00953780 -0.02085115
v -0.06694903 0.00436653 -0.01218149
v -0.06738784 -0.00128392 -0.00654215
v -0.06373549 0.01041602 0.00100137
v -0.06195862 0.01006976 -0.00092910
v -0.06258263 0.01048993 0.00242848
v 0.09051520 -0.06230692 -0.00384854
v -0.02592587 0.03025378 -0.01497174
v -0.06323325 -0.01213704 0.00058027
v -0.01997053 -0.03847565 -0.02701623
v -0.02262995 -0.04923274 -0.02790987
v -0.04092925 0.00522840 -0.02098485
v -0.04692356 0.00486843 0.01576033
v -0.03585137 0.00539948 -0.02166867
v -0.04983957 0.04492547 0.00680440
v -0.04751457 0.04043664 0.00188555
v -0.06806560 0.00741723 0.00047185
v -0.04499295 0.00252436 -0.01864038
v -0.04718699 0.00564700 -0.01556372
v -0.05688823 0.00347133 0.01713260
v -0.02059976 0.06371829 0.00231968
v -0.04741773 0.00299247 0.01717552
v -0.06069597 0.00709922 -0.00174727
v -0.02671949 -0.05074717 0.01403966
v -0.05313819 -0.02231938 -0.00642239
v -0.04369595 0.01171631 0.01918854
v 0.00452940 -0.03310285 -0.02449342
v -0.05075346 0.04966497 0.01207846
v 0.00138206 -0.03891960 -0.02407635
v -0.02149556 0.04821262 0.00407580
v 0.00296469 -0.03641525 -0.02485793
v -0.02914245 0.00587021 -0.01856914
v 0.00006161 -0.00971908 0.02362342
v -0.05006959 0.03153139 0.01155307
v -0.05266963 -0.01989321 -0.00826052
v -0.05248663 -0.04994140 0.00304435
v -0.05449338 -0.00818376 0.01340277
v -0.05393153 0.00271394 -0.01747048
v 0.00456642 -0.00953429 0.02294956
v -0.02736108 0.00603727 0.01162883
v -0.02324580 0.07493365 0.00956784
v -0.02919475 0.00672499 0.01445325
v -0.05625154 0.00360691 -0.01491082
v -0.05861767 -0.01670552 -0.00745423
v 0.00513551 -0.04196187 -0.02444376
v -0.05801541 0.00379044 -0.01200663
v -0.00655213 -0.00114674 0.01050702
v -0.01307081 0.00125304 0.01209857
v -0.05118658 0.06205350 0.01179326
v -0.06905717 0.00366987 -0.00270787
v -0.05196624 -0.02686433 0.00696191
v -0.02080635 -0.01883739 -0.02675031
v -0.00039358 -0.02363006 0.01971434
v 0.00157899 -0.04849754 -0.02045176
v -0.04958571 0.03137901 -0.00864851
v 0.00593573 -0.02471820 0.01818356
v 0.00320545 -0.04596451 -0.02341258
v -0.00032503 -0.04260952 -0.01853893
v 0.04848653 0.03080196 -0.00752823
v -0.00618602 -0.00103974 0.01707104
v -0.05366942 -0.01125915 0.01178437
v 0.00193062 -0.04184964 -0.02440560
v -0.05290102 -0.00773968 -0.01329380
v -0.01566476 -0.04916070 -0.01808267
v -0.05679689 -0.01966789 -0.00741461
v -0.00200051 -0.04820652 -0.01832842
v -0.05912594 -0.01293739 -0.00436516
v 0.05548324 0.02237520 -0.00747136
v 0.00844918 -0.00822681 0.01483932
v 0.06088928 0.03420609 -0.00821854
v 0.06569604 0.03155238 -0.00817062
v -0.02244070 0.00338701 0.02339282
v -0.04664516 0.06686664 0.01878683
v -0.06663136 0.00910534 0.00108339
v 0.04795654 0.03384955 -0.00080148
v 0.00272795 -0.04983953 -0.01984726
v -0.01768612 -0.04554784 -0.01873427
v -0.01765506 -0.04937501 -0.01941322
v 0.01042440 -0.00903908 0.01305390
v 0.06537464 0.03783637 -0.00688291
v -0.01809570 -0.04751065 -0.01920729
v 0.04252385 0.03181091 0.00187476
v -0.01868632 -0.05033754 -0.01768540
v -0.04962561 0.06628690 0.01584764
v 0.06727496 0.03544153 -0.00835811
v 0.07485142 0.03898984 -0.00851665
v -0.05239666 -0.01843418 0.00952886
v -0.03145138 -0.05130974 -0.01578715
v 0.06323337 0.02450875 -0.00651323
v 0.00880741 -0.03631546 -0.01545478
v 0.07367245 0.03411871 -0.00819326
v -0.01943497 0.00120332 -0.01936286
v -0.01703799 -0.04910116 -0.01858605
v 0.06734360 0.02750870 -0.00656161
v 0.01334326 -0.02775897 -0.01296461
v 0.07034930 0.04289996 -0.00397777
v -0.05022095 0.00293125 -0.01015492
v 0.00652476 -0.04208173 -0.01730888
v -0.06782791 -0.00332444 0.00115781
v -0.04845825 0.00612253 -0.00980818
v 0.01608038 -0.02236581 0.01110975
v 0.00770262 -0.04086814 -0.01618822
v -0.01291784 -0.01846228 0.01924758
v 0.01412487 -0.01967082 0.01231804
v -0.06855223 0.00169411 0.00867255
v -0.02042191 0.00237669 -0.01943806
v -0.05032651 0.04388536 0.01386980
v -0.01178004 -0.02552869 0.01886349
v -0.05187500 -0.02109149 0.00944246
v -0.02769403 0.01855827 -0.01785746
v -0.02158246 0.06395801 0.00889766
v 0.05069299 0.03479531 0.00085875
v -0.04962060 0.02176484 0.01160627
v -0.01230481 -0.02513481 0.01967670
v 0.00476354 -0.01591489 0.02332849
v -0.01960123 -0.01665311 0.02264145
v 0.04188085 0.00782385 -0.00329174
v 0.05907584 0.01866030 -0.00310847
v -0.05267387 -0.02336566 -0.00325291
v 0.01747837 0.01835444 0.00524191
v 0.01183639 -0.03906969 -0.01359758
v 0.00071315 -0.04921935 -0.01876643
v 0.02608624 0.02118140 0.00682206
v -0.05268961 0.00275521 0.01653204
v 0.01205177 -0.01372386 0.01619926
v -0.05276859 -0.00073014 0.01902408
v -0.01730986 -0.05109403 -0.00529979
v 0.01270054 -0.04319988 -0.01224823
v 0.07049684 0.02589701 -0.00308633
v 0.00078710 -0.02940159 -0.02362064
v -0.02463902 0.00250000 0.00849515
v 0.01717760 0.01502577 0.00758440
v -0.05285179 0.00176308 0.01833803
v -0.05024874 0.00192261 0.01946009
v -0.02101846 -0.01910315 0.02582688
v -0.05323875 -0.02489002 0.01022576
v -0.05016155 0.03531811 0.01208923
v -0.02090490 0.00317091 -0.01701311
v -0.02022181 -0.02682543 0.02333898
v 0.03445789 -0.02946984 -0.01020666
v -0.05244720 -0.01762983 0.01426745
v -0.02186973 -0.02189794 0.02657072
v -0.05202505 -0.02768709 -0.00702611
v -0.05325668 -0.00893055 0.01420619
v 0.03403324 0.00202993 0.00190759
v 0.00847361 -0.04588714 -0.01307616
v -0.04738115 0.04843349 0.01734695
v -0.02023992 -0.02355936 0.02456664
v 0.04231662 0.02226946 0.00866972
v -0.05061455 -0.02129199 0.01321733
v 0.00479234 -0.01948478 0.02177708
v 0.00497262 -0.02300613 0.02247039
v -0.05124576 -0.04765376 0.00550612
v 0.00470750 -0.01974353 0.02325448
v -0.02550919 -0.05065197 -0.00855093
v -0.01174605 -0.05023223 -0.01620723
v -0.01643052 -0.04135426 -0.01862316
v -0.04889635 0.02718610 0.01484837
v -0.05387119 -0.00409456 0.01774339
v -0.05282170 -0.00477154 0.01882781
v -0.00136596 -0.04999660 -0.01692212
v -0.02022989 -0.03453939 0.02632201
v -0.03502913 0.00553827 0.02058022
v 0.00274403 -0.05133108 -0.01710335
v -0.05241025 -0.02432109 0.01409937
v 0.00576669 -0.04909231 -0.01908761
v 0.00020759 -0.04145190 0.02001769
v 0.00247461 -0.05241642 -0.01164128
v 0.00015214 -0.02358043 0.02401034
v -0.05362879 -0.01710372 0.01953373
v -0.05284164 -0.01391243 0.01295407
v 0.00433260 -0.05149533 -0.01508412
v 0.08110461 -0.05601273 -0.00325618
v -0.03579931 0.07466761 -0.02171106
v -0.05163660 -0.00056819 0.02072651
v 0.09084065 -0.05538151 -0.00394035
v 0.04727699 -0.05007882 0.00606312
v -0.00057813 -0.00304996 0.00825443
v -0.05339930 -0.04918494 0.00787540
v 0.00634828 -0.03441968 -0.01853567
v -0.04385519 0.00406177 0.02002242
v 0.00563731 -0.00466233 0.00827202
v 0.05568435 -0.05177494 0.00548127
v 0.00569670 -0.04926073 -0.01423265
v 0.07847408 0.04205134 -0.00696870
v 0.07602136 0.04317331 -0.00720887
v 0.01851256 -0.03511125 -0.00568766
v 0.08082732 0.04445929 -0.00737176
v -0.05524654 -0.02075407 0.00183766
v -0.06613189 -0.00513532 0.00864925
v 0.07647774 0.03871474 -0.00812842
v 0.06405912 0.03921789 -0.00292301
v 0.00102619 -0.04377296 -0.01905450
v -0.04364535 -0.02243226 -0.02763976
v -0.01492193 0.00197341 -0.01282256
v 0.00618568 -0.03859015 -0.02280846
v -0.01258849 -0.05032727 -0.00266309
v -0.05278598 -0.02866355 0.01566001
v -0.04624802 0.00083913 0.02645386
v -0.04600327 -0.00186512 0.02734860
v -0.04603269 0.01610933 -0.00426149
v -0.01688385 -0.05106930 0.00353555
v -0.02097881 -0.00430167 0.01968617
v 0.07529787 0.03363807 -0.00754525
v -0.03972082 0.00597937 0.02068007
v -0.02558076 0.00474715 -0.01588237
v 0.06072307 0.03815993 -0.00336046
v -0.02083637 -0.01097784 0.01934530
v -0.05652687 0.00331903 -0.00601471
v -0.05927285 -0.01907780 0.00584384
v 0.02691583 0.02350405 0.00448474
v -0.04737458 -0.00928873 0.02726419
v -0.04301392 -0.03956732 -0.02777381
v 0.01606482 -0.03011514 0.00734221
v -0.05278764 -0.02041646 0.00593560
v -0.02451987 0.00265516 -0.01331588
v 0.01632933 -0.03274589 0.00661874
v -0.05002128 -0.02291495 0.00494143
v -0.05385573 -0.01934129 0.00753949
v 0.09184218 -0.05005423 0.00879685
v 0.02771166 0.01922948 0.00790342
v 0.09328364 -0.05646601 0.01302022
v -0.04854583 0.18253567 0.00090477
v 0.01659603 -0.03715425 0.00651156
v -0.04602174 0.02356777 -0.00218660
v -0.04849268 0.15434868 -0.00120718
v -0.02723112 -0.05085670 0.00141727
v -0.05113524 -0.04690728 0.00110099
v -0.03770443 -0.05025753 -0.02742396
v -0.01832619 -0.02841162 0.01915638
v -0.01948941 -0.04907867 -0.02678878
v -0.03751411 0.09838716 -0.01629590
v 0.02672037 -0.00034860 0.00700632
v 0.03998545 0.00751119 0.00511311
v -0.03172033 0.09271216 -0.02023053
v -0.02152461 -0.05044606 -0.02394741
v -0.01900476 -0.03512487 0.01927380
v -0.05068140 0.09589628 -0.01363784
v -0.03212525 0.09616339 -0.01906917
v -0.04322450 -0.00965205 0.02694446
v -0.02427524 -0.05083714 0.00426352
v -0.04591104 0.09748552 -0.01330468
v -0.04476376 0.09864244 -0.01404477
v -0.01949506 -0.03688997 -0.02172503
v -0.01725531 -0.04843135 -0.02359548
v -0.05126150 -0.02220658 0.01165266
v -0.04383891 0.09915009 -0.01416450
v -0.04101859 0.09819705 -0.01410370
v -0.01895611 -0.04230903 -0.02589151
v -0.01925432 -0.04314990 -0.02040333
v -0.04299834 0.00538614 0.01950379
v 0.01324143 -0.00714443 0.01030193
v -0.05194993 -0.04144568 0.00962568
v -0.01874842 -0.04145970 -0.01921437
v -0.00392421 0.00875980 -0.00782143
v 0.06832492 -0.03763154 -0.00819528
v 0.09377463 -0.05373299 -0.01149717
v 0.07554886 -0.04868759 -0.01208303
v -0.03457383 -0.05119716 -0.01759058
v -0.03512368 0.04841244 -0.02173020
v -0.03069688 0.00480901 0.01801233
v -0.02935812 0.00523806 0.01606363
v -0.04995521 0.08655341 -0.00363761
v -0.02473152 0.00441567 0.01644725
v -0.03778343 0.01053826 0.02107552
v 0.06474484 -0.05057159 -0.00616813
v -0.05387991 -0.04072089 0.01396122
v 0.02524962 -0.03521752 0.00839889
v -0.02721290 0.04512085 -0.01618756
v -0.02052883 0.00293200 0.01562714
v -0.04496346 -0.05132482 -0.00928619
v -0.04505627 0.00791533 -0.01880590
v -0.03164216 0.00470395 -0.02070820
v -0.03185535 0.00543668 -0.02031347
v 0.05078696 -0.05377763 -0.00093966
v -0.01566849 0.00154574 0.01723886
v -0.04914714 0.02089855 -0.00960602
v -0.01997743 0.00144472 0.01836403
v -0.04933784 0.00259267 -0.01645002
v -0.04356553 -0.05143556 -0.01096211
v -0.04079333 0.00263731 0.02504322
v -0.04985399 -0.00067811 0.02601112
v -0.02989504 -0.05074771 -0.01637926
v -0.05356807 0.00261666 -0.00600011
v -0.04968735 0.00342155 -0.00739448
v 0.00000474 -0.00760215 -0.02341080
v -0.02927755 -0.05111202 -0.01213280
v 0.00108461 -0.00754234 -0.02420094
v 0.00013560 -0.00533165 -0.02241709
v 0.00466449 -0.00619474 -0.02226146
v -0.02976745 -0.05095558 -0.00730586
vn -0.59933695 -0.77757682 0.19018283
vn -0.83248614 0.17260767 0.52647262
vn 0.62434827 -0.71569212 -0.31300804
vn 0.82450246 0.43386316 0.36326086
vn -0.78138983 -0.62172661 0.05372119
vn 0.59484505 -0.26419470 -0.75918412
vn -0.81800587 0.33609245 -0.46680645
vn 0.82812181 -0.02091247 0.56015795
vn 0.60310443 -0.46887170 0.64530952
vn -0.65250411 -0.10446547 -0.75055004
vn 0.75359712 -0.39520283 0.52526764
vn -0.82079201 0.57056653 -0.02746467
vn -0.77454515 0.55245986 0.30800637
vn 0.82725732 0.53493663 -0.17172106
vn -0.60281679 -0.62583561 -0.49491587
vn 0.80847567 0.22502205 -0.54381262
vn 0.99699955 0.07370392 0.02365651
vn -0.57413921 -0.53658192 -0.61842058
vn -0.91739652 -0.26144790 -0.30004771
vn -0.31930076 -0.89912910 0.29935578
vn 0.90747075 -0.28933223 0.30460416
vn 0.50239748 0.84068936 -0.20208459
vn -0.28578101 -0.83173882 0.47596193
vn 0.87039834 -0.43679116 0.22720081
vn 0.76051633 -0.53707027 -0.36492525
vn -0.55696922 -0.73068644 -0.39481972
vn -0.70528763 0.00153868 0.70891960
vn 0.53090425 0.63549955 0.56060770
vn -0.79837549 -0.57903726 -0.16526474
vn -0.22595348 -0.87363547 -0.43093630
vn -0.58376179 0.57961690 0.56856523
vn -0.24001343 -0.95929720 0.14880333
vn 0.38034978 -0.92439296 -0.02883919
vn -0.92203816 -0.08678824 0.37724452
vn 0.44066272 -0.85881809 0.26124289
vn 0.31275477 -0.80075258 -0.51086178
vn -0.16792032 -0.93594155 0.30954190
vn 0.32836395 -0.84852991 0.41493867
vn 0.50041701 -0.73133570 0.46339067
vn -0.48032185 -0.86304215 -0.15636229
vn 0.27777234 -0.85783504 0.43239053
vn -0.23981420 -0.96647562 -0.09172801
vn -0.23974209 -0.95811354 -0.15665944
vn 0.39773669 -0.88671426 -0.23567637
vn 0.84424469 -0.52848009 -0.08921717
vn 0.33695646 -0.94150695 0.00500106
vn -0.22884866 -0.94088230 -0.24973745
vn -0.23090997 -0.96430732 -0.12958389
vn -0.21793086 -0.97164400 -0.09172827
vn -0.12049862 -0.98756908 0.10093261
vn -0.07864755 -0.99626525 0.03563871
vn 0.22271197 -0.69705575 -0.68155166
vn -0.53307332 -0.63497065 -0.55914677
vn -0.70715865 -0.68905821 0.15851003
vn -0.21327914 -0.97567482 -0.05070168
vn -0.14738468 -0.98903022 0.00984817
vn -0.19099937 -0.96270580 -0.19161622
vn -0.19181631 -0.96137434 0.19739778
vn -0.57735146 -0.57734883 0.57735051
vn 0.57733916 -0.57728151 -0.57743013
vn -0.57733212 -0.57729302 -0.57742567
vn 0.57735432 -0.57734457 0.57735192
vn 0.61315402 -0.59759608 0.51664404
vn -0.58149130 -0.59067417 0.55943891
vn -0.12376605 -0.67371792 -0.72855070
vn 0.49788119 -0.86315062 -0.08417443
vn -0.25642280 -0.92035928 -0.29527299
vn -0.69499826 -0.71898306 0.00638529
vn 0.28956849 -0.36230993 0.88593544
vn -0.06011937 0.54811287 0.83424094
vn 0.22415497 0.78153702 -0.58219793
vn 0.61134287 -0.50311584 0.61084724
vn -0.06838042 0.82016539 -0.56802540
vn 0.10473648 0.99399396 -0.03172201
vn 0.79683873 0.44090732 0.41309657
vn 0.21701103 0.81112853 -0.54311760
vn 0.22696792 0.91987439 0.31986978
vn -0.15076293 0.22329309 -0.96302167
vn 0.93892617 0.34310561 0.02638532
vn 0.49166335 0.85629723 0.15818411
vn 0.06743455 0.27467076 -0.95917076
vn 0.05604990 0.38462364 -0.92137021
vn -0.07387685 0.67137428 -0.73742714
vn 0.90875045 0.34170022 0.23961132
vn 0.68038421 -0.07444789 -0.72906436
vn 0.06828014 0.23766858 -0.96894348
vn 0.66133805 0.49382565 -0.56459562
vn 0.98462308 -0.12485355 0.12218421
vn 0.05293415 0.95492008 0.29210548
vn 0.24499198 0.88645606 0.39265072
vn -0.83248034 0.55059286 0.06183843
vn -0.32903197 0.68171731 0.65345196
vn 0.71793925 -0.01842821 -0.69586180
vn -0.08881581 0.15956981 0.98318321
vn 0.02498536 0.73074176 0.68219661
vn 0.19363560 0.97112083 -0.13939003
vn -0.70658718 0.46903808 -0.52984699
vn 0.66991513 0.05070292 0.74070435
vn 0.08302837 0.95503283 -0.28463763
vn 0.16145186 0.51905011 0.83935706
vn 0.10964070 0.76884460 -0.62996579
vn -0.08115095 0.97472437 -0.20815120
vn 0.10987465 0.78990227 0.60330918
vn 0.08473338 0.99504329 -0.05204902
vn 0.02636506 0.10537596 -0.99408289
vn -0.01415543 0.89247448 -0.45087573
vn 0.69316984 0.36329258 0.62252235
vn -0.25853611 0.35778933 0.89729921
vn 0.40513888 0.83776021 0.36608786
vn 0.13831622 0.73807780 -0.66038608
vn 0.04377298 0.41383828 -0.90929743
vn 0.13637309 0.99049583 0.01789926
vn 0.16468278 0.86307710 0.47746990
vn 0.03271051 0.29386557 0.95528689
vn -0.99727171 -0.05712399 -0.04675447
vn 0.64556010 -0.57090335 0.50726868
vn 0.18177080 0.86040487 -0.47609120
vn 0.21647933 0.94247911 0.25469557
vn 0.03210324 0.11607231 -0.99272181
vn 0.70036485 0.02841436 0.71321925
vn 0.10938356 0.00704006 0.99397468
vn 0.10040361 0.47099330 0.87640426
vn 0.11903523 0.80154846 0.58596132
vn 0.18644826 0.71394678 0.67492003
vn -0.98799172 -0.02559905 -0.15237141
vn 0.14130821 0.52836047 0.83717812
vn 0.53046898 -0.81322441 0.23930882
vn 0.05181203 0.27496689 -0.96005663
vn 0.15846298 0.94994869 -0.26923403
vn 0.63133614 -0.75899784 -0.15917585
vn 0.03114001 0.20504711 0.97825660
vn 0.20109491 0.00122655 0.97957099
vn -0.33828206 -0.44807021 -0.82752543
vn 0.03063709 -0.97119245 -0.23631884
vn 0.07888710 0.76955375 -0.63369066
vn 0.07313758 0.49709470 0.86460844
vn 0.22392290 0.89244809 0.39165667
vn -0.40035567 0.84510262 -0.35428363
vn 0.53789301 0.00258832 0.84300914
vn 0.62769228 -0.71821041 0.30029353
vn 0.44805440 0.26148761 0.85491022
vn 0.05527333 0.48431650 -0.87314511
vn 0.76044706 -0.64440199 -0.08041354
vn 0.40944022 0.74020013 -0.53335024
vn 0.13519850 0.78213586 0.60826380
vn 0.14009770 0.95777994 -0.25105819
vn -0.50770790 0.36452958 -0.78060930
vn 0.48200118 0.87616752 0.00231158
vn -0.42637421 0.20565379 -0.88085842
vn -0.19023730 0.80645675 -0.55985470
vn 0.29370758 0.94215886 -0.16146996
vn 0.16530617 0.98575014 0.03115333
vn 0.66871856 -0.74289914 -0.03027154
vn -0.17287707 0.97956316 -0.10280829
vn 0.08888401 0.87388676 -0.47793469
vn 0.46455129 0.01692659 0.88538443
vn 0.50512778 0.83117857 -0.23235343
vn 0.67426464 -0.00995478 -0.73842271
vn 0.68592772 -0.69597279 0.21242656
vn 0.45239995 -0.73341594 0.50738086
vn -0.27800708 -0.27836479 -0.91936125
vn 0.60052445 -0.58216587 -0.54813619
vn -0.11287309 -0.98974352 0.08756390
vn 0.02878182 0.27101248 0.96214544
vn -0.82950630 0.41621231 -0.37240651
vn 0.32046556 0.35875633 -0.87669591
vn 0.41841896 0.01483400 -0.90813299
vn 0.39052959 0.32338581 0.86192126
vn 0.52675629 -0.56727195 0.63303266
vn 0.84103643 0.14827237 0.52026246
vn 0.77527154 -0.24526008 0.58206661
vn 0.29063482 -0.22532264 0.92992532
vn 0.04186773 0.00612321 -0.99910440
vn 0.12168807 0.59770833 -0.79242461
vn 0.25755682 0.01369414 0.96616611
vn 0.78492433 -0.06266759 0.61641428
vn 0.05082618 0.91543480 0.39924408
vn -0.41953840 0.02265757 -0.90745477
vn -0.03108235 -0.33809098 -0.94060001
vn -0.93047053 0.36338237 0.04666745
vn 0.72470465 0.33600576 -0.60158399
vn 0.55882692 0.22046418 -0.79944231
vn -0.97056551 0.21076997 0.11652732
vn -0.39506413 -0.69048626 -0.60593157
vn 0.07885909 0.46644914 -0.88102579
vn -0.16589254 0.78269383 0.59989168
vn -0.89563552 0.09589471 -0.43432847
vn -0.42310556 0.25539530 -0.86934166
vn -0.97008029 -0.05652842 -0.23611179
vn 0.74638855 0.04346532 -0.66408952
vn 0.39348766 0.00653783 0.91930665
vn -0.99957496 0.01475661 -0.02514234
vn 0.42405665 0.47795521 -0.76924299
vn 0.14941293 0.73563433 0.66069502
vn 0.68023424 0.14583742 -0.71834033
vn 0.99424493 0.06428583 0.08569921
vn 0.92198612 0.13224008 0.36394253
vn 0.60651624 0.17192688 0.77625975
vn 0.92296938 0.34902022 0.16221097
vn 0.21867885 0.93596152 0.27596302
vn -0.09028704 0.01156593 0.99584862
vn -0.49153906 0.24779175 0.83485843
vn 0.89922546 0.17967213 -0.39888782
vn 0.09141620 0.05698633 -0.99418089
vn 0.97964733 0.02475411 -0.19919425
vn 0.78043230 -0.00670317 -0.62520437
vn 0.28319628 0.02511384 0.95873310
vn -0.12858413 0.00630897 -0.99167854
vn 0.37607295 0.04263972 -0.92560845
vn -0.98038533 -0.07012114 0.18419455
vn -0.44922229 -0.05373438 0.89180264
vn 0.74860046 0.03761408 -0.66195358
vn 0.08644465 0.12984255 0.98775920
vn 0.09818705 0.16323074 -0.98168988
vn -0.87152074 -0.04114814 -0.48862913
vn 0.44329162 0.01067053 -0.89631394
vn 0.14850819 0.02615506 -0.98856524
vn -0.06648976 0.93283424 0.35411776
vn -0.77185289 -0.06719347 0.63224058
vn 0.91812308 0.36126885 -0.16289515
vn 0.92122660 0.09315282 -0.37770902
vn -0.95631688 -0.08690948 0.27911426
vn 0.76347517 0.02040909 0.64551463
vn 0.26905052 0.03161010 -0.96260720
vn -0.97674245 -0.05907594 -0.20611700
vn 0.49736957 -0.00748362 -0.86750649
vn 0.22505197 -0.00452750 0.97433624
vn -0.22183747 0.00875845 0.97504432
vn 0.11915610 0.97998228 -0.15948839
vn -0.34825725 -0.04701149 0.93621942
vn -0.96021083 -0.04928292 -0.27489334
vn -0.66650089 -0.03472859 -0.74469490
vn 0.27887025 0.95994125 -0.02727964
vn 0.18744839 0.52522271 -0.83006277
vn 0.11169963 0.09927645 -0.98877064
vn -0.76015755 -0.08263301 0.64446279
vn -0.55141711 -0.31038634 0.77433809
vn 0.09185537 0.15361220 -0.98385257
vn -0.38075864 -0.18488053 0.90600334
vn -0.58266350 -0.03627984 0.81190333
vn -0.95060666 -0.09696018 0.29486558
vn -0.13494503 -0.87797250 0.45929743
vn 0.62727089 -0.02316561 0.77845654
vn 0.11178854 -0.08748989 0.98987314
vn 0.44897045 0.61371713 -0.64944347
vn 0.85334839 0.02026499 -0.52094707
vn 0.60941342 0.01907956 -0.79262302
vn 0.37719641 0.00830250 0.92609607
vn -0.70148603 -0.02726331 0.71216154
vn 0.40023950 0.86960352 0.28913331
vn 0.97133961 0.04969605 0.23244281
vn -0.61833479 -0.61201628 0.49304986
vn -0.13695643 -0.24812179 0.95899870
vn -0.91082014 0.26736688 0.31451809
vn 0.43282816 -0.01346657 0.90137586
vn 0.94968817 0.14999969 0.27494085
vn -0.06329177 -0.24029931 0.96863326
vn 0.59866154 -0.13307853 0.78986990
vn -0.03649629 0.99917412 -0.01786341
vn 0.52004294 -0.12284007 -0.84526071
vn -0.55695035 0.30237943 0.77354573
vn -0.46519776 0.87389139 0.14108462
vn 0.78041245 -0.07740392 0.62045551
vn 0.97201084 0.02652413 0.23343393
vn 0.24812824 0.13793372 -0.95885696
vn 0.70990804 0.17985561 -0.68094239
vn -0.28542345 -0.81209590 -0.50895353
vn 0.95442492 0.12689251 0.27013211
vn -0.93978222 0.33023534 -0.08805679
vn -0.91933045 -0.02701863 0.39255767
vn 0.17525204 0.62493231 -0.76075379
vn 0.65807401 -0.03174605 0.75228371
vn 0.56485722 -0.14626495 0.81212246
vn 0.94985254 0.26201625 0.17066823
vn -0.85103923 0.50089925 0.15758230
vn -0.48113982 -0.50342102 -0.71768499
vn -0.09770924 -0.44059160 0.89237433
vn -0.10113793 -0.48678771 0.86764558
vn -0.33621398 0.90212142 0.27043874
vn -0.48458522 0.78235987 0.39126742
vn -0.00439314 -0.89353277 0.44897649
vn 0.93037677 0.01002583 0.36646767
vn 0.70071667 0.69131079 0.17631091
vn 0.13324183 0.98222993 -0.13217783
vn 0.11300759 0.05747924 0.99193015
vn 0.10963328 0.68650854 0.71880913
vn 0.72201004 0.44958896 -0.52590043
vn 0.88845594 0.39017623 0.24167860
vn -0.84452699 -0.01919223 0.53516897
vn 0.90697173 0.33306563 0.25781691
vn 0.49340273 -0.84262002 -0.21574349
vn 0.14774242 0.72700060 0.67055373
vn -0.94272522 0.33303906 0.01881850
vn -0.68168323 0.00699112 0.73161404
vn 0.60141469 0.03750169 0.79805639
vn 0.11050524 0.99317149 0.03740285
vn 0.16201144 -0.06341494 -0.98474912
vn -0.36893274 0.66075865 0.65367166
vn -0.34311620 0.15484742 -0.92644134
vn 0.43121121 0.35078186 -0.83126950
vn -0.40358642 0.24096427 0.88264048
vn 0.56122475 0.44188665 0.69983067
vn -0.07720838 0.01714456 0.99686756
vn 0.90413360 0.38621088 -0.18271178
vn -0.80473777 0.43613119 0.40272410
vn 0.51708512 -0.21903211 -0.82743454
vn 0.66527525 0.72198158 -0.19013532
vn 0.72437999 -0.52041345 0.45215425
vn -0.36935968 0.69197624 0.62027599
vn 0.57245080 0.06245543 0.81755697
vn 0.58406103 0.16684254 0.79437792
vn -0.12898453 -0.99163673 -0.00442453
vn 0.06485844 -0.37516390 -0.92468667
vn -0.12167785 0.98780337 0.09715449
vn -0.69432050 0.49141748 0.52576411
vn 0.28537532 0.32296872 0.90235920
vn -0.99568967 -0.08332388 0.04073336
vn 0.38863196 0.29830848 0.87176674
vn 0.53445024 -0.84480551 0.02581832
vn 0.34287173 0.11015747 0.93290102
vn 0.87315021 0.48173050 -0.07446096
vn 0.79936828 0.42854957 0.42113611
vn -0.49219740 0.84323904 0.21607786
vn 0.44150170 0.68312969 -0.58173024
vn -0.84558535 0.46768453 -0.25740357
vn -0.96526826 -0.25380480 -0.06197021
vn 0.57976364 -0.41481934 0.70128384
vn -0.91099078 0.13259597 -0.39053055
vn -0.89095308 0.41871114 -0.17573729
vn -0.99526448 -0.09533440 0.01897256
vn -0.40053479 -0.91081270 0.09996056
vn -0.66190086 0.31906266 0.67829660
vn 0.02480664 0.16222889 0.98644129
vn 0.72252492 -0.25139923 0.64401566
vn -0.98977192 0.12792802 -0.06313458
vn -0.61775757 0.77577409 0.12864739
vn -0.08211190 -0.62467449 0.77655612
vn -0.13822192 0.65902533 0.73931070
vn 0.06840822 0.30099270 0.95116965
vn 0.19484165 0.96987087 -0.14624370
vn 0.02387285 0.26434574 0.96413247
vn 0.16855009 0.91254474 0.37262979
vn -0.96622872 0.04443901 -0.25382520
vn 0.52236114 0.75751285 -0.39155221
vn -0.88580743 0.33424813 0.32190587
vn -0.04857140 -0.47083744 0.88088190
vn -0.98286632 -0.17377791 -0.06144125
vn 0.24281653 -0.20750057 0.94761999
vn 0.04212611 -0.06848623 0.99676227
vn -0.97364083 -0.01023889 -0.22785676
vn -0.46342280 -0.55638632 -0.68969092
vn -0.93360574 0.35766255 -0.02139671
vn -0.65239201 0.22155530 -0.72477439
vn 0.13355629 0.59867129 0.78978187
vn -0.30638657 0.85572648 -0.41696458
vn 0.75753949 0.50099976 0.41848914
vn -0.99773524 0.06646314 0.01034584
vn -0.02501005 0.87087304 -0.49087131
vn -0.05517265 0.92858026 -0.36700774
vn -0.17264658 0.97932925 0.10539159
vn 0.16494435 0.98493899 -0.05185126
vn -0.95750660 -0.04455296 -0.28494937
vn -0.08404820 0.76083579 0.64347867
vn 0.54559049 -0.79702057 0.25901589
vn 0.87462531 0.19016682 0.44594523
vn 0.96540431 -0.19999981 0.16731588
vn 0.53444071 0.00969910 -0.84515032
vn 0.62103252 0.78370963 0.01085501
vn 0.47061033 0.84645855 0.24906593
vn -0.15770468 0.98208880 0.10310587
vn -0.99187398 -0.05960058 0.11240008
vn -0.38182013 -0.84655152 0.37089610
vn -0.92715330 0.31296099 0.20601500
vn -0.54589704 -0.00380491 -0.83784362
vn -0.97972598 -0.01682440 0.19963454
vn 0.44551327 0.89030283 0.09422736
vn -0.45335967 0.85702900 -0.24488016
vn -0.77687567 0.00049478 0.62965384
vn 0.38124805 0.68740999 0.61815648
vn 0.96628374 0.24696311 -0.07283515
vn -0.99296762 -0.03622157 -0.11270895
vn -0.01798587 -0.98631844 0.16386717
vn -0.68577785 0.60072320 0.41090190
vn -0.89515348 -0.32541314 0.30464164
vn -0.54640661 -0.00869244 -0.83747493
vn -0.66019083 0.33056854 -0.67444237
vn -0.21960215 -0.94164396 -0.25511086
vn 0.75933382 -0.07743998 -0.64607677
vn -0.24456514 0.88396632 0.39848644
vn -0.04654244 0.88171199 0.46948671
vn 0.89037049 0.45117753 0.06065660
vn -0.19109977 0.92535580 0.32741032
vn 0.56039154 0.81561064 0.14401598
vn 0.93299650 0.30691226 -0.18794252
vn 0.37820002 -0.00661104 -0.92570029
vn -0.12737763 0.25484856 -0.95855472
vn -0.96215214 -0.03231308 -0.27059031
vn -0.88847198 -0.03642884 -0.45748277
vn 0.88639750 0.37714520 -0.26844175
vn -0.96803472 0.01684780 -0.25024973
vn 0.64981728 0.71400856 0.26063245
vn -0.58474287 0.57061913 0.57660176
vn 0.14144539 -0.73707401 -0.66084423
vn 0.85966926 0.29540987 -0.41677546
vn 0.46984410 0.80725119 -0.35720027
vn -0.70206947 0.12652278 0.70077846
vn -0.03219527 0.60712389 -0.79395469
vn 0.33151624 0.93535665 -0.12330825
vn -0.24282818 0.33115483 0.91179546
vn -0.38967801 0.09957385 0.91555234
vn -0.38350416 0.71514797 -0.58436969
vn -0.21091572 0.44440103 -0.87064475
vn -0.52296760 0.59066288 0.61450977
vn -0.96629102 -0.06578307 0.24890612
vn 0.90526640 -0.18985563 -0.38006260
vn 0.95839014 -0.00672581 -0.28538237
vn -0.48470257 -0.01252232 -0.87458940
vn -0.47037227 0.40980489 0.78154327
vn -0.09556003 0.19393844 -0.97634838
vn 0.61496363 0.78577514 0.06616012
vn 0.15804926 0.94600888 0.28299759
vn 0.84981171 0.14093524 0.50789499
vn 0.32006055 0.93759820 -0.13590754
vn -0.90582525 -0.03341617 -0.42233158
vn -0.02649385 0.08030160 -0.99641845
vn -0.43450777 0.09891194 0.89522032
vn 0.13741643 0.09680985 -0.98577106
vn 0.06939813 0.05180193 -0.99624317
vn 0.16594210 0.94794618 0.27177427
vn -0.16122996 -0.01558021 -0.98679388
vn 0.40636238 -0.84412228 -0.34975304
vn -0.01207251 0.00333215 0.99992157
vn -0.32863806 0.85662643 -0.39772878
vn 0.92296163 -0.03039366 -0.38369004
vn -0.04959947 0.05835036 -0.99706325
vn -0.99770508 0.02854774 0.06139712
vn -0.70025926 0.55890945 0.44413646
vn -0.49562987 0.62129946 -0.60690857
vn 0.41372024 0.90820402 0.06325361
vn -0.93002152 -0.03449989 -0.36588213
vn 0.15691604 0.71408895 0.68224213
vn -0.93094515 0.35697222 0.07688920
vn -0.37189737 0.71421295 -0.59295212
vn 0.55834771 -0.56257903 -0.60971524
vn 0.97773825 0.08197822 0.19315148
vn -0.30317854 0.81231950 -0.49821663
vn -0.09525864 -0.83924931 0.53533763
vn 0.07216524 -0.97671768 -0.20202661
vn -0.31008455 0.10488613 0.94490554
vn -0.18767623 0.90127974 0.39047722
vn -0.39285739 0.84169851 0.37041421
vn 0.16747659 0.78072292 -0.60201604
vn 0.86719333 0.39943363 -0.29736929
vn 0.31186357 -0.40476000 0.85959901
vn -0.96769209 -0.04477114 -0.24812811
vn -0.90117175 0.09408663 -0.42312786
vn 0.87494752 0.40638244 0.26328720
vn 0.23612342 -0.40583555 -0.88291746
vn 0.19051544 -0.78953696 -0.58338260
vn -0.14500203 0.12627468 -0.98134047
vn -0.69167190 0.19263460 -0.69604733
vn -0.29991356 0.18240728 0.93636501
vn 0.52009763 -0.60135341 -0.60652497
vn 0.54022920 -0.23819728 -0.80710251
vn 0.33955850 0.15593301 -0.92756936
vn 0.09059597 -0.93080445 -0.35411220
vn -0.93788541 0.34671004 0.01277130
vn -0.42990508 0.90185593 0.04286613
vn -0.13229323 0.39822614 -0.90769733
vn 0.31823357 -0.46864353 -0.82407562
vn 0.37948852 -0.09919739 0.91986322
vn 0.56464355 0.33997511 -0.75206022
vn -0.98884649 0.07228049 -0.13022343
vn 0.12450302 0.31336680 -0.94143521
vn -0.14909345 -0.00372873 -0.98881608
vn -0.99029978 0.13598915 0.02851842
vn 0.33131132 0.28795573 0.89850671
vn 0.30829586 0.94970568 -0.05488891
vn -0.53827775 0.01881914 0.84255736
vn 0.96581528 0.25791517 0.02608847
vn 0.95518506 -0.04381701 -0.29274830
vn -0.77685331 -0.03197074 -0.62886947
vn -0.56834039 -0.01205787 -0.82270517
vn -0.93319216 -0.03415358 -0.35775119
vn 0.40844428 0.89633788 0.17248673
vn 0.77950213 0.62593421 -0.02414130
vn 0.53618303 -0.51948785 0.66531206
vn -0.27726076 -0.60426609 0.74698659
vn 0.11496433 -0.04030957 -0.99255143
vn 0.28939996 0.83254844 0.47234601
vn 0.50199583 0.31044583 0.80723204
vn -0.16519930 0.79202321 0.58771457
vn 0.29522572 0.07181025 0.95272507
vn 0.25638123 0.75433076 0.60436229
vn -0.15692889 -0.97595942 -0.15124988
vn 0.30740300 0.62368377 0.71869462
vn 0.05583748 -0.99764018 0.03995315
vn -0.12443831 0.90924755 0.39722035
vn 0.10360872 0.00440197 -0.99460839
vn 0.60362421 0.76347304 0.22966655
vn 0.33865564 0.85388902 -0.39520362
vn -0.36019616 0.66293420 -0.65633602
vn 0.11802089 0.51098605 -0.85144837
vn 0.13907410 0.03976856 0.98948313
vn -0.11016727 -0.06505304 -0.99178187
vn -0.64710305 0.75911784 0.07069471
vn -0.69533194 0.17621462 -0.69675096
vn -0.11519694 -0.01329627 0.99325368
vn 0.34322189 -0.16730150 0.92423425
vn 0.74679652 -0.12203892 0.65375948
vn 0.51492071 0.00243323 0.85723436
vn 0.53198055 0.14021504 0.83506673
vn 0.46840170 0.88241698 0.04404682
vn 0.68675250 -0.10501094 0.71926609
vn 0.10655576 0.62180084 -0.77589276
vn -0.36278616 0.85885101 0.36160911
vn 0.50364490 0.86194507 -0.05824524
vn 0.58834193 0.31629491 0.74418499
vn 0.29008126 0.83538315 -0.46689170
vn 0.01521571 -0.98025276 -0.19716242
vn 0.52072255 0.54174531 -0.65981819
vn -0.42056973 0.90529905 0.05962163
vn -0.37570795 0.92668036 0.01034640
vn 0.73269902 0.68048481 -0.00962163
vn 0.17381669 0.79449018 -0.58187036
vn 0.09645165 0.31349057 -0.94468023
vn 0.69586468 0.62643850 -0.35120815
vn 0.07966297 -0.99240406 -0.09374431
vn 0.48052951 0.08904798 -0.87244590
vn 0.20233337 0.91354616 0.35283796
vn 0.09626315 -0.00394407 0.99534810
vn 0.05933945 0.99823743 0.00093418
vn 0.27950911 0.53739383 -0.79566483
vn 0.25499870 -0.00674137 -0.96691790
vn -0.85417882 0.39604949 0.33693226
vn 0.52927624 -0.76114776 -0.37486099
vn 0.30557640 0.41645665 -0.85626335
vn 0.21869747 0.94884111 0.22775417
vn 0.94791767 -0.05893569 -0.31301546
vn -0.93809532 0.22263557 -0.26534992
vn -0.82265301 0.00397083 0.56852991
vn 0.44717544 0.89259919 0.05745264
vn 0.98282837 0.12377491 0.13685087
vn 0.67967745 -0.30723281 0.66606798
vn 0.10703795 0.02540067 0.99393042
vn 0.19864468 0.67340195 0.71208855
vn 0.53077045 0.03851663 0.84663995
vn 0.23871525 0.72946475 0.64101186
vn 0.10121987 0.41510180 -0.90412667
vn 0.98299920 -0.09740051 -0.15564613
vn 0.16989014 0.98524870 0.02055104
vn 0.06158661 0.99792689 -0.01868210
vn 0.55541139 -0.55303825 -0.62102084
vn -0.99797593 -0.05460190 -0.03259885
vn -0.57325073 -0.66153664 -0.48347996
vn -0.05785343 0.99680136 -0.05513654
vn 0.52073132 0.85370702 0.00481890
vn 0.06199485 0.28722689 0.95585425
vn 0.49002215 -0.04308348 0.87064465
vn -0.75593983 0.61293137 -0.22993500
vn -0.15537444 0.98143196 -0.11247265
vn -0.27003567 0.96275328 -0.01366951
vn 0.04153228 0.13381549 0.99013559
vn 0.84407679 0.53616152 -0.00807375
vn -0.73368568 -0.24603961 -0.63337968
vn 0.22848613 0.80044407 -0.55415104
vn -0.08567052 0.93770334 -0.33670908
vn 0.40260322 -0.60843202 -0.68390139
vn -0.98803903 -0.01426756 0.15354256
vn 0.02037681 -0.88424425 0.46658000
vn -0.41106921 -0.01042593 -0.91154452
vn -0.26850083 0.80416976 -0.53030019
vn -0.43927950 -0.28215406 0.85289073
vn 0.08988315 0.39676701 -0.91350805
vn 0.53952315 0.03406739 0.84128127
vn 0.52882562 0.81617927 -0.23279790
vn 0.08410935 0.98568652 -0.14610850
vn 0.40736000 0.74665504 0.52589360
vn 0.37470366 -0.91132503 -0.17053990
vn 0.39800776 -0.91288175 -0.09075643
vn 0.14736212 0.60036916 -0.78602880
vn 0.69501928 -0.69558768 -0.18195047
vn 0.57963738 -0.80725311 -0.11118872
vn -0.76796270 0.64018811 -0.01981109
vn -0.97896118 -0.08334116 -0.18625052
vn 0.93655977 0.15528382 -0.31423357
vn 0.86080900 -0.39037570 0.32651905
vn 0.25085416 0.84527426 0.47178768
vn 0.02740913 -0.99957359 0.01006858
vn -0.94443368 0.18823564 -0.26946683
vn -0.72826940 -0.06580263 0.68212440
vn 0.09543031 0.20765123 -0.97353686
vn 0.93030088 -0.36674617 0.00612430
vn 0.74796656 0.57078408 0.33874998
vn 0.27279850 0.41217136 -0.86930762
vn 0.77444429 -0.62201278 -0.11548223
vn 0.32220338 0.94085028 0.10481287
vn -0.99241077 0.11944413 0.02922261
vn 0.63989155 -0.73305552 -0.23058276
vn 0.14048837 0.90877746 -0.39292053
vn 0.02084257 0.99635613 -0.08270465
vn 0.51473079 -0.59912358 -0.61327249
vn -0.01739336 0.02630024 -0.99950276
vn 0.22207592 0.85629507 -0.46630573
vn -0.06777180 -0.29067094 0.95441992
vn -0.75825032 0.64903097 -0.06176777
vn 0.07798978 0.28209041 -0.95621263
vn -0.16529953 -0.02984058 -0.98579187
vn 0.07247333 -0.06883588 -0.99499208
vn 0.99945841 -0.02160618 0.02482075
vn -0.96328079 0.26849106 0.00163515
vn 0.05894317 -0.06044960 -0.99642940
vn -0.68319782 0.30452573 -0.66370537
vn -0.86689866 0.00284408 0.49847630
vn 0.40494750 0.50115906 -0.76475952
vn -0.35406702 -0.07282003 -0.93238071
vn 0.00898162 0.78157430 -0.62374750
vn -0.49982051 0.86582876 0.02280381
vn 0.05313940 -0.06604023 0.99640097
vn 0.38120800 -0.92186143 -0.06965604
vn 0.65058142 0.03653718 0.75855709
vn -0.03982057 -0.99503941 -0.09116411
vn 0.32628072 -0.11768274 -0.93791879
vn 0.08124040 -0.15989352 -0.98378558
vn -0.92949598 0.36784489 -0.02696963
vn 0.47258893 -0.87279802 -0.12199720
vn -0.77458923 -0.05243301 0.63028748
vn -0.07227275 -0.63578413 -0.76847589
vn -0.31073780 -0.04542045 -0.94940982
vn 0.21089435 0.94028198 -0.26719539
vn -0.06953960 0.99734045 -0.02182367
vn -0.01554419 -0.43518768 -0.90020556
vn 0.82791293 0.38854263 -0.40446854
vn 0.59542959 0.02744269 0.80293866
vn 0.11400878 -0.20643873 -0.97179476
vn -0.08010264 -0.99677705 -0.00436846
vn -0.04194606 -0.98381995 0.17418047
vn -0.86277022 -0.09132199 -0.49728044
vn 0.66656485 0.74543900 0.00346308
vn -0.47605074 -0.46401502 -0.74703798
vn -0.05232694 -0.23097778 0.97155090
vn 0.22294851 0.96139441 0.16129086
vn -0.26622073 0.96048045 0.08126390
vn 0.25758424 0.51620763 -0.81681090
vn 0.91660175 -0.04330415 0.39744935
vn 0.08499986 0.74963894 -0.65636611
vn 0.42580310 -0.30569026 -0.85161328
vn 0.45116272 -0.01700871 -0.89227961
vn -0.57979809 -0.02038722 0.81450509
vn -0.03783885 0.07166830 0.99671053
vn -0.63973747 -0.02551049 0.76817002
vn -0.84408590 -0.38902515 -0.36902362
vn 0.45821357 -0.85792226 0.23239993
vn -0.21307563 0.97617118 -0.04109253
vn -0.39011599 0.90664046 -0.16066295
vn 0.32151114 0.83821899 0.44047647
vn 0.54716667 0.53500323 -0.64372368
vn 0.83468933 -0.12700502 -0.53587633
vn -0.11684579 -0.93257495 -0.34154213
vn 0.05471777 -0.08181504 -0.99514434
vn 0.09457928 0.47396870 -0.87544756
vn -0.08469310 0.99061016 0.10732471
vn 0.83468612 0.48010660 0.26980871
vn -0.09196704 -0.64734239 -0.75663062
vn 0.02865413 0.16160398 0.98643960
vn 0.26446811 0.88381930 0.38590163
vn 0.40758329 -0.55546270 0.72480139
vn 0.04261335 0.11553187 -0.99238928
vn 0.77883744 0.23734597 -0.58058516
vn 0.31337134 -0.89201386 0.32574479
vn 0.25279726 -0.38885148 -0.88593909
vn -0.98345438 -0.02403077 0.17955502
vn -0.79084353 -0.04932338 0.61002764
vn 0.71445940 0.69965036 0.00609390
vn 0.06191150 0.22570927 -0.97222543
vn 0.64004117 0.48752628 -0.59385641
vn 0.10372311 0.06972549 -0.99215920
vn 0.10274075 0.58216142 -0.80655590
vn 0.16704808 0.80331614 0.57164510
vn -0.29033224 -0.01601908 -0.95679182
vn 0.08653992 0.54252801 0.83556819
vn -0.68300963 -0.15290253 0.71422592
vn 0.68019431 0.72268625 0.12272032
vn 0.87544069 0.48243824 -0.02927343
vn -0.81376899 0.17386208 0.55457372
vn -0.64229984 -0.76509056 0.04568761
vn 0.07786073 -0.02790941 0.99657352
vn 0.20236210 0.08830441 -0.97532144
vn -0.38289704 -0.00380624 -0.92378318
vn 0.19215606 0.44103501 -0.87667792
vn -0.13805324 0.98136491 0.13365710
vn 0.04087694 -0.18115043 -0.98260552
vn 0.19956265 -0.96088706 0.19201772
vn -0.12922835 -0.97670714 0.17129855
vn -0.60599250 -0.52494426 0.59766764
vn -0.69368595 0.22274287 0.68497111
vn -0.45889720 0.88770867 0.03723802
vn -0.25508517 -0.96628701 -0.03494230
vn 0.77491591 -0.00746907 0.63202021
vn 0.35818835 0.92785517 -0.10385512
vn -0.35222059 0.78321368 0.51236412
vn 0.09272080 0.77269905 0.62796420
vn -0.94080501 -0.30346567 -0.15097854
vn -0.07625597 -0.97400416 -0.21330946
vn -0.97892324 0.18289787 -0.09087165
vn -0.45139663 -0.01222460 0.89223968
vn 0.50124930 -0.34731354 -0.79254176
vn 0.58112147 0.01640025 0.81365156
vn 0.11311062 0.11279061 0.98715970
vn 0.14939458 0.92105730 -0.35963135
vn 0.71014440 0.08934674 0.69836387
vn 0.00818509 0.75458944 -0.65614616
vn 0.87252422 -0.04952689 -0.48605408
vn 0.32423551 -0.87987111 0.34741643
vn 0.84675984 0.16017369 -0.50728903
vn 0.12264986 -0.92284005 -0.36513456
vn 0.25946626 0.89862884 0.35375622
vn 0.51839649 0.12358170 -0.84616348
vn 0.01005359 0.05947544 0.99817914
vn 0.00945975 0.17339689 0.98480660
vn 0.82726185 0.36205015 0.42960158
vn 0.83749165 -0.42723707 0.34069962
vn 0.89580023 0.44438947 0.00774242
vn -0.82651208 -0.45581110 0.33032412
vn -0.33759238 -0.94122204 -0.01150879
vn 0.50861077 0.04098929 -0.86002033
vn 0.76476500 -0.31681210 -0.56103884
vn -0.50604531 0.85823305 -0.08575656
vn -0.27812933 -0.94246523 -0.18548147
vn 0.12420885 0.60704931 -0.78489700
vn 0.08151026 0.84507407 -0.52839938
vn -0.19596062 0.97073045 -0.13885900
vn 0.72813444 -0.44734396 -0.51932998
vn 0.54446795 0.62805466 -0.55596942
vn 0.21909310 0.71410238 -0.66487292
vn 0.16515445 0.57458516 -0.80160832
vn -0.94063938 -0.33934683 -0.00642602
vn 0.24017096 0.92608095 -0.29101886
vn -0.24610949 -0.48406442 -0.83970933
vn 0.34136133 -0.01274279 -0.93984576
vn -0.12388091 0.94056669 -0.31620852
vn 0.88137806 -0.05299173 0.46943007
vn -0.62176926 0.66878222 -0.40759457
vn -0.57189297 -0.71589125 0.40054731
vn -0.79636710 0.34944185 0.49364950
vn 0.22020111 0.72926132 0.64783439
vn 0.38789013 -0.56310648 -0.72969332
vn -0.96032594 -0.19885407 -0.19552788
vn 0.38050997 -0.06712584 -0.92233740
vn -0.17225755 0.39687524 0.90156385
vn -0.95095588 -0.24556932 0.18809207
vn 0.39216952 -0.48278199 0.78302275
vn -0.92799217 -0.36933997 -0.04917838
vn -0.84798443 0.45989651 -0.26347219
vn -0.07094521 0.66823198 0.74056249
vn 0.05917827 0.15072008 -0.98680362
vn -0.69205593 0.08911079 -0.71632246
vn 0.11281119 0.01557657 0.99349434
vn -0.05958948 0.94998511 0.30655730
vn -0.27410618 -0.79259042 -0.54467075
vn -0.32659138 0.43390748 0.83967992
vn -0.14777644 -0.91208327 -0.38244769
vn -0.34372493 -0.05141232 -0.93766196
vn -0.15586918 -0.81903939 -0.55215875
vn 0.79900040 0.60097120 0.02078409
vn -0.84107082 -0.05473606 0.53814854
vn 0.49203834 0.56136197 -0.66541041
vn -0.78485195 -0.48673263 -0.38353457
vn -0.09310165 0.03329387 -0.99509979
vn -0.99837330 -0.02234069 -0.05245619
vn 0.05618325 0.28503686 0.95686855
vn 0.48664146 -0.83632132 0.25248117
vn -0.18796529 -0.94384181 -0.27171988
vn 0.06518116 0.95814489 0.27876475
vn 0.28272327 0.95770263 -0.05360246
vn 0.96194857 -0.27319913 0.00414402
vn 0.03748775 -0.99920786 -0.01335367
vn 0.97164759 0.23024380 0.05374702
vn 0.06303441 0.25113085 0.96589853
vn -0.31259493 -0.94966155 -0.02067264
vn -0.36812448 0.68065572 -0.63339731
vn 0.11582130 0.55026602 -0.82691761
vn 0.11942258 0.40606051 0.90600944
vn 0.01574850 0.08598759 0.99617173
vn -0.89915449 0.07474493 -0.43120111
vn -0.20986734 0.87930914 0.42751741
vn -0.87157493 -0.48366609 -0.08015145
vn 0.71276035 0.01062659 0.70132714
vn -0.00095091 0.13197724 0.99125229
vn 0.70833217 -0.04489311 0.70445025
vn 0.73335248 0.19950429 -0.64991706
vn 0.32322309 0.87492624 0.36059798
vn -0.98943994 -0.14481537 -0.00609185
vn -0.25445310 -0.00821012 0.96705026
vn -0.46858050 0.85093202 -0.23737524
vn -0.41001867 0.38910956 -0.82491117
vn -0.38099985 0.83759642 -0.39149886
vn 0.46707958 0.30304292 0.83066338
vn 0.90912611 -0.41636030 -0.01156814
vn -0.13401854 0.76364013 -0.63157959
vn 0.86649662 -0.32378049 -0.37993396
vn -0.32334422 -0.94528058 -0.04351023
vn 0.17826281 0.98157285 -0.06882673
vn 0.04434604 0.15570501 -0.98680767
vn 0.29322012 -0.25524760 -0.92134175
vn 0.01880896 0.98554961 0.16833952
vn 0.90418535 0.20999255 0.37195696
vn 0.03240177 0.91101049 0.41110827
vn -0.04121161 0.21903979 0.97484521
vn 0.30654672 0.90060654 0.30811843
vn 0.28027932 0.95972478 -0.01928364
vn 0.01770785 -0.85048557 0.52570022
vn 0.95634567 0.25100369 -0.14966668
vn -0.48574232 -0.63403891 -0.60170512
vn -0.41793552 0.00451477 -0.90846547
vn 0.77153400 -0.44604788 -0.45362602
vn 0.42164341 -0.90210555 0.09177369
vn 0.48218017 -0.34890545 -0.80359646
vn -0.16936855 -0.98555218 -0.00109031
vn 0.21508446 -0.23394645 -0.94816018
vn 0.12980131 0.87480355 0.46676585
vn 0.76259610 0.62561736 0.16446918
vn 0.67504222 0.55297180 0.48840576
vn -0.89795298 -0.04544020 -0.43773923
vn 0.16023544 0.82756697 -0.53801255
vn 0.15150103 0.77745966 0.61041290
vn -0.22813073 -0.97362520 -0.00321562
vn -0.05756330 0.14413320 0.98788263
vn -0.31047179 0.64870212 0.69483295
vn -0.24037378 -0.87620092 0.41772287
vn 0.28518942 0.92636323 0.24600438
vn -0.12396488 0.55062967 0.82549359
vn 0.05032918 -0.99300305 0.10682658
vn 0.04751099 0.49405934 0.86812907
vn -0.02025027 -0.04773796 0.99865460
vn -0.04349855 -0.64561052 -0.76242700
vn -0.22752388 -0.96596872 -0.12303379
vn 0.06662074 0.49444312 0.86665315
vn -0.42750834 0.29158345 0.85569604
vn 0.18804031 0.96970409 -0.15593207
vn 0.14164141 -0.96004301 0.24136098
vn -0.02565536 -0.16636106 -0.98573110
vn -0.48454319 0.58056084 0.65434472
vn -0.57011896 -0.01179722 0.82147745
vn -0.73215969 -0.58268516 0.35273245
vn -0.84205684 -0.53714370 -0.04916222
vn 0.56577692 0.40893232 -0.71601036
vn 0.82929876 0.25465181 -0.49740930
vn 0.19460088 0.93829204 -0.28589955
vn 0.43044429 -0.87635586 -0.21614376
vn -0.81819355 -0.50581516 0.27333191
vn 0.17917709 0.43753054 0.88117115
vn -0.96840995 -0.23151666 0.09264022
vn -0.35155452 0.00036202 0.93616734
vn -0.64609076 0.50056779 0.57619321
vn -0.81690310 -0.01957653 0.57644261
vn -0.52683871 0.76703780 -0.36618845
vn -0.38112145 -0.92452185 0.00240495
vn 0.03317536 -0.98023832 0.19501852
vn 0.74036607 0.65950903 -0.13002275
vn 0.06852356 0.33382977 0.94013946
vn -0.34396602 0.92914763 0.13554357
vn 0.13823079 -0.57706647 -0.80491400
vn 0.04174965 0.87974800 -0.47360366
vn 0.03787628 -0.99806408 0.04933028
vn -0.18672947 -0.91425948 0.35952984
vn -0.31416713 0.75348356 0.57754787
vn -0.81663949 -0.04037523 -0.57573413
vn -0.93654066 0.24714499 0.24861807
vn 0.05889466 0.13321844 0.98933526
vn -0.13901185 0.22048925 0.96543265
vn 0.09236782 0.47114521 -0.87720601
vn -0.91031574 -0.16754843 0.37848748
vn -0.38996416 0.37122408 0.84268656
vn -0.90809564 0.27369714 0.31694193
vn 0.91836832 -0.32703798 0.22281336
vn 0.79364388 -0.60788098 0.02470031
vn 0.83851486 -0.51659664 -0.17326492
vn 0.85280623 -0.43171482 0.29384324
vn 0.91549218 -0.35046352 0.19760918
vn 0.08363074 -0.05458692 -0.99500059
vn -0.85309752 0.03595334 0.52051127
vn 0.61703032 0.29081090 0.73123362
vn -0.09677871 -0.50929954 -0.85513032
vn 0.81322220 0.58056831 -0.04012589
vn 0.49726059 0.71880920 0.48584488
vn -0.14965977 0.37586157 0.91451082
vn 0.03977421 0.04271491 -0.99829527
vn -0.86593919 -0.44403192 -0.23018464
vn -0.84761316 0.52443425 -0.08075055
vn -0.93088558 0.34726377 0.11340155
vn -0.39424941 -0.02173915 -0.91874633
vn 0.03202481 0.16434205 0.98588341
vn 0.59801391 0.74782480 -0.28833562
vn 0.13480872 -0.98536677 0.10430217
vn -0.91915896 -0.26760546 0.28902271
vn 0.13563118 0.98310746 0.12289799
vn 0.16820893 0.09388117 0.98127065
vn -0.96503594 -0.10066756 -0.24201587
vn -0.22992274 0.68806792 0.68825727
vn -0.82679990 -0.03299803 0.56152742
vn -0.98898619 0.12572507 0.07809948
vn -0.13971716 -0.74423307 0.65314336
vn 0.36353145 0.19834050 -0.91022301
vn -0.05903805 -0.00415468 -0.99824709
vn 0.14708745 0.09636028 0.98441860
vn 0.64289674 0.21947455 0.73383561
vn 0.14091910 0.57159328 0.80834580
vn 0.65316184 0.73070645 0.19861446
vn 0.68324968 0.70425187 0.19287089
vn 0.44356361 0.33216506 0.83241678
vn 0.63069902 -0.69445034 0.34634878
vn 0.82962387 0.54765474 0.10862094
vn 0.99579738 -0.00373489 -0.09150753
vn -0.42390543 -0.02735909 -0.90529314
vn 0.84284016 -0.46224898 0.27558366
vn -0.37751612 -0.01731144 -0.92584118
vn -0.15066726 0.41996247 0.89494743
vn -0.52686926 -0.03919831 -0.84904197
vn -0.06238592 0.01160963 0.99798458
vn 0.11470173 -0.70391712 0.70095949
vn -0.20754201 -0.91424991 0.34795606
vn -0.05192045 -0.00308283 -0.99864647
vn -0.00213972 -0.31077628 0.95048068
vn 0.10745015 0.70595580 0.70005776
vn -0.12181537 -0.75467358 -0.64469280
vn 0.11028111 0.19124962 0.97532644
vn -0.19391771 0.52806371 -0.82676758
vn 0.39001582 0.82141789 0.41612535
vn 0.39846483 0.90461873 -0.15129685
vn -0.76284367 -0.18609369 0.61922425
vn 0.14425577 0.68103271 0.71790300
vn -0.47747669 0.15299342 -0.86522195
vn -0.17398583 0.98472796 -0.00630659
vn 0.12674710 0.03102652 -0.99144971
vn 0.13631220 0.82503573 0.54839314
vn 0.13228940 0.90994941 -0.39305418
vn 0.90198474 0.42310697 0.08604660
vn 0.49268183 0.86786085 -0.06389186
vn 0.09575069 0.74756559 0.65724994
vn -0.25092466 0.90104485 0.35377253
vn 0.05002685 0.21801822 0.97466167
vn -0.44870720 -0.01614105 -0.89353305
vn 0.15059514 0.84182933 0.51830925
vn 0.00115150 -0.06748845 0.99771939
vn 0.75745784 0.05078588 -0.65090584
vn 0.61440248 -0.59695664 0.51589956
vn 0.05767624 0.86284502 -0.50216722
vn -0.85487941 -0.41863874 -0.30646827
vn -0.01817844 -0.00258513 0.99983142
vn -0.89354069 -0.44864454 -0.01741000
vn -0.75666271 -0.36040660 -0.54549851
vn -0.99360196 0.07532995 -0.08414598
vn 0.99480756 0.00003992 0.10177386
vn -0.03235567 0.11543591 0.99278782
vn 0.83480380 0.06236261 -0.54700413
vn -0.12004905 0.32571727 0.93781474
vn -0.01230536 0.56417698 -0.82556218
vn 0.36968431 0.82155194 0.43403447
vn 0.61376389 0.33717477 0.71386768
vn 0.92071235 -0.20600853 -0.33143514
vn -0.71283671 -0.03304580 -0.70055106
vn -0.29689402 -0.94792689 -0.11527603
vn 0.51967437 0.85236049 -0.05848200
vn 0.78424329 0.47520842 -0.39892281
vn -0.33029668 0.00343145 0.94387093
vn -0.99662907 -0.01467306 0.08071673
vn 0.61581070 0.68741070 0.38502430
vn 0.05052333 0.42960930 -0.90160038
vn -0.78012905 -0.02894273 0.62494879
vn -0.04582009 -0.32904915 -0.94320050
vn 0.07908309 -0.04534008 0.99583640
vn -0.62965175 -0.76634599 -0.12748527
vn 0.01945467 0.12999401 -0.99132390
vn -0.91885692 -0.37848770 -0.11157516
vn 0.63312388 -0.58788728 -0.50353024
vn -0.94396452 0.02692665 0.32894673
vn 0.52617965 0.62334547 0.57842493
vn 0.25915651 -0.70645261 -0.65860657
vn -0.19845433 0.01734490 0.97995665
vn 0.03324055 0.26335861 -0.96412515
vn -0.82873627 -0.02124953 0.55923577
vn -0.07230484 0.19542924 0.97804878
vn -0.92343782 -0.04509989 -0.38108870
vn -0.35848892 -0.00187542 -0.93353210
vn -0.59823862 -0.24119647 0.76415628
vn -0.40144385 -0.58242746 -0.70683880
vn 0.05217376 -0.70888293 0.70339383
vn -0.20946835 -0.52698376 0.82365717
vn 0.11621777 -0.02023715 0.99301757
vn 0.94711945 0.01478789 0.32054028
vn -0.74045125 -0.48079665 0.46964512
vn 0.05724274 0.38911132 -0.91941049
vn -0.19066148 -0.81021263 0.55425959
vn -0.73615495 0.55234299 0.39114335
vn 0.55640195 -0.62262321 -0.55023377
vn -0.53870014 0.18193522 0.82261883
vn 0.27313408 0.24676108 0.92978855
vn 0.18145332 -0.29666985 0.93758290
vn 0.19787869 -0.29858556 0.93364377
vn 0.40332126 0.06587450 0.91268423
vn -0.27092644 -0.96180549 -0.03910320
vn -0.37855236 -0.64116034 0.66754141
vn -0.00261058 -0.30889217 0.95109348
vn -0.27749228 -0.40868367 0.86946863
vn 0.80994098 0.57620337 0.10947733
vn 0.91820164 -0.09126897 -0.38545521
vn -0.80038942 -0.00345390 -0.59947047
vn 0.93522744 0.26413953 0.23575398
vn 0.40601299 -0.64977741 0.64260624
vn -0.38518527 -0.02370880 -0.92253466
vn -0.19607206 0.20427338 0.95907671
vn 0.49887121 -0.18829295 0.84597475
vn 0.51716855 -0.78450886 0.34217326
vn 0.02584675 -0.07069989 0.99716271
vn -0.58756586 0.00295901 -0.80917093
vn 0.07447288 0.00673443 -0.99720030
vn 0.15428506 -0.22537536 0.96197821
vn -0.15090896 -0.93950085 -0.30751363
vn 0.49929178 0.74411873 0.44384123
vn -0.42310595 0.00258056 0.90607654
vn -0.38803068 0.02250525 -0.92137164
vn 0.58724685 0.53966427 0.60324424
vn 0.12062821 0.97024934 -0.20991679
vn 0.56118027 0.03876096 0.82678552
vn -0.63435897 -0.18310913 -0.75103911
vn -0.52997385 0.84385708 0.08386270
vn -0.19314623 0.01719995 0.98101921
vn 0.34962477 -0.50997276 0.78593276
vn 0.93603735 0.05547435 -0.34750060
vn 0.01750040 0.08221215 -0.99646119
vn -0.88855174 -0.44546990 -0.10969217
vn 0.07904176 0.51402286 0.85412698
vn 0.98831019 0.05491521 -0.14222268
vn -0.76154897 -0.09612071 0.64093991
vn 0.33167546 -0.70686995 0.62476097
vn 0.00810554 -0.90891474 0.41690323
vn -0.32643960 -0.06848318 0.94273392
vn -0.09882575 -0.82811301 -0.55178104
vn 0.74158304 0.04216240 0.66953486
vn -0.98247134 -0.08316838 -0.16683248
vn 0.09755626 -0.99007860 0.10112936
vn -0.34108431 -0.16146921 0.92606112
vn -0.90707454 0.41140793 0.08921490
vn 0.99706504 -0.01951031 -0.07403144
vn -0.92742058 -0.03418067 0.37245503
vn -0.23676282 0.52284129 0.81888971
vn -0.05669259 -0.55159731 0.83218169
vn 0.30331864 -0.79002321 0.53278619
vn 0.12932216 0.00971218 0.99155507
vn 0.10614839 0.38094840 -0.91848290
vn 0.14932037 0.48864347 0.85961095
vn 0.70872745 -0.21176807 0.67294851
vn 0.95143397 -0.24404566 0.18765691
vn -0.88468013 0.04728631 -0.46379420
vn 0.08292281 -0.06460033 0.99445996
vn -0.31294216 -0.53953533 0.78164495
vn -0.58771213 -0.02668173 0.80863004
vn 0.61618975 -0.23466857 0.75182502
vn 0.80583261 0.14354547 -0.57448108
vn 0.14453115 0.51760763 0.84332265
vn -0.71668007 0.05254515 0.69541979
vn 0.59764234 0.80102883 0.03429941
vn 0.52168649 0.71912030 0.45903072
vn 0.32029891 0.93133856 -0.17325441
vn 0.05688893 0.45812456 0.88706569
vn 0.31488164 -0.02991283 -0.94865946
vn -0.70986942 -0.13625012 -0.69102917
vn -0.40869937 0.02381377 0.91235833
vn -0.94490770 0.11316178 -0.30715443
vn 0.94138632 -0.11774757 0.31611281
vn 0.12246052 -0.14009346 0.98253613
vn 0.36125045 -0.02491138 0.93213601
vn -0.07437290 -0.85254509 -0.51733504
vn -0.59889481 0.80046638 -0.02405353
vn 0.01783560 -0.03696825 -0.99915726
vn 0.84456660 -0.07571529 0.53007024
vn -0.13670494 0.50542465 -0.85197282
vn 0.25585140 -0.10883861 0.96056974
vn -0.13688106 0.11412612 0.98399126
vn 0.16425737 0.92314262 0.34760209
vn 0.07316166 0.51896972 0.85165592
vn 0.07488995 0.99622474 0.04390629
vn 0.03651463 -0.45210634 -0.89121633
vn -0.48525420 0.18015207 -0.85561299
vn -0.09028457 0.66218579 -0.74388082
vn 0.06146392 0.34371748 -0.93705948
vn 0.09997528 -0.17970882 0.97862643
vn 0.32877878 0.93777452 -0.11172941
vn 0.02053022 -0.47039656 -0.88221629
vn 0.89918320 0.00073868 0.43757174
vn 0.67275902 0.72812746 -0.13124673
vn 0.34268710 0.03190744 0.93890759
vn 0.92395896 0.04737350 0.37954656
vn -0.02399457 0.37852036 0.92528190
vn 0.38214562 -0.22217337 0.89699706
vn 0.42061567 0.74265100 -0.52110647
vn 0.71153138 -0.10004208 -0.69549599
vn -0.97355168 -0.05919007 -0.22066641
vn 0.71216220 0.26906465 -0.64840513
vn 0.10258735 0.85045425 -0.51594903
vn 0.00904820 0.99629917 0.08547571
vn -0.16595798 -0.97699828 0.13391156
vn 0.96338884 0.09613638 0.25027932
vn 0.70575528 0.46210913 0.53699594
vn 0.04214855 0.44561332 0.89423278
vn 0.00810137 0.14707091 0.98909277
vn 0.14193732 0.96929361 0.20080763
vn -0.73321137 -0.22255506 0.64254986
vn 0.17922791 0.89564209 -0.40706584
vn -0.67249197 -0.73034974 0.11976563
vn 0.12569775 -0.19541739 0.97263154
vn -0.35853139 -0.93267010 0.03977078
vn -0.30045145 0.30954407 0.90217038
vn 0.00616522 -0.97547108 -0.22004126
vn -0.03018101 -0.87992235 0.47415796
vn -0.01661161 -0.04438814 0.99887624
vn 0.60632208 0.42342089 -0.67311833
vn 0.04532895 0.70869085 0.70406148
vn 0.03319509 -0.92966328 -0.36691180
vn 0.95044752 0.29289767 0.10421354
vn 0.01947423 -0.15618012 0.98753659
vn 0.55703037 0.16883337 0.81314972
vn -0.52163659 0.19655851 -0.83021685
vn -0.11783394 0.17182868 -0.97805422
vn 0.95705093 -0.05530135 -0.28459671
vn -0.36309102 0.00254527 -0.93175020
vn 0.21252668 0.39209499 0.89503851
vn -0.08809207 -0.98003368 0.17825201
vn -0.08491467 0.10092436 0.99126372
vn 0.31663541 0.94614352 0.06748678
vn -0.08631125 0.19913771 0.97616317
vn 0.26485614 0.96385344 0.02894429
vn 0.25739767 0.02439637 -0.96599754
vn 0.30086919 0.54859920 -0.78007477
vn 0.41212394 0.12659307 -0.90229045
vn 0.56822621 -0.77985579 -0.26257174
vn -0.11762372 -0.94534449 0.30411915
vn 0.27363525 -0.43071124 0.86000673
vn -0.49107617 0.45012917 -0.74580689
vn 0.87694428 0.01467564 -0.48036794
vn -0.09579105 -0.99443590 -0.04383285
vn -0.15461881 0.55645217 0.81636634
vn 0.99174774 -0.09773986 0.08296594
vn 0.49470980 -0.00971437 -0.86900394
vn 0.18794910 0.11494588 0.97542943
vn 0.00469897 0.06620428 0.99779503
vn -0.92713355 -0.05654360 -0.37044055
vn -0.59530431 0.50268070 -0.62683721
vn -0.06322624 0.27970428 -0.95800206
vn 0.59008950 0.29885208 0.74998788
vn 0.07780073 0.83465467 0.54525098
vn -0.96495702 -0.01923604 0.26170198
vn 0.87648313 -0.09033152 -0.47288217
vn 0.06983518 -0.98857636 0.13356581
vn 0.05574032 0.19471179 0.97927541
vn 0.59144576 0.47078395 -0.65464065
vn 0.28765481 -0.86816178 0.40441294
vn -0.01233951 0.86139958 -0.50777800
vn 0.04024738 -0.71409777 0.69888806
vn -0.29478658 -0.92160441 -0.25248008
vn 0.88027504 0.09323369 -0.46521322
vn -0.79469715 0.12350005 0.59430983
vn 0.00235817 -0.99758719 -0.06938475
vn 0.09666028 0.00728358 -0.99529078
vn -0.49164604 0.63195561 0.59909622
vn 0.09153320 0.37661489 0.92183670
vn -0.04170363 0.53515057 -0.84372666
vn 0.15398440 0.78571006 0.59912312
vn -0.84068985 0.41879098 -0.34329971
vn -0.83864537 0.01785583 0.54438508
vn -0.11121482 0.69818901 0.70722229
vn -0.94735558 -0.05333790 0.31570948
vn -0.40369295 0.63146979 0.66202561
vn -0.02707830 0.40003259 0.91610081
vn 0.44886183 0.00268073 -0.89359715
vn 0.95740125 0.04205893 -0.28568144
vn 0.41909234 0.45355825 0.78654086
vn 0.24777475 0.20293680 -0.94732483
vn -0.98704399 0.14556294 0.06749507
vn 0.02201102 0.01356737 -0.99966566
vn 0.99958235 -0.01417860 0.02518120
vn 0.88113423 -0.02100006 -0.47239970
vn 0.62818348 0.52630891 -0.57304839
vn 0.09655707 0.06305512 0.99332813
vn -0.48101665 0.77036309 -0.41852562
vn 0.33079216 0.79588702 0.50709012
vn -0.95517634 -0.02399808 -0.29506313
vn -0.58319455 -0.80701049 0.09283420
vn -0.66046347 0.36666707 0.65524290
vn -0.92478042 -0.05168666 -0.37697434
vn -0.75629365 0.12464540 0.64224874
vn -0.97333674 0.01486341 0.22889883
vn 0.91692380 0.25842492 0.30408436
vn -0.14521442 0.94380716 -0.29688520
vn -0.83761424 -0.51710604 0.17607876
vn -0.75109915 0.60674017 -0.26022380
vn -0.92253360 0.32856228 0.20243169
vn 0.80023673 0.22311870 -0.55663203
vn -0.88574123 0.20309789 -0.41738918
vn -0.84350291 -0.01858097 -0.53680311
vn -0.65336979 -0.47709607 -0.58778164
vn -0.00080192 0.74749885 0.66426262
vn -0.67485452 -0.03291842 -0.73721622
vn 0.83886511 0.42730766 0.33721431
vn -0.99856789 -0.05273346 0.00901902
vn 0.92524942 0.06416559 0.37389341
vn 0.57831164 0.43215830 -0.69195003
vn 0.45897392 0.88813730 0.02356015
vn -0.93347154 0.35807347 0.02035392
vn 0.72125624 0.65708823 -0.21914491
vn -0.14967447 0.23427388 0.96057967
vn 0.40074941 0.03795513 -0.91540118
vn 0.95837953 0.03919532 -0.28279394
vn 0.16095352 0.28634233 -0.94451153
vn 0.02006131 0.68716751 -0.72622198
vn -0.28643024 0.33932599 -0.89599977
vn 0.44414527 -0.00023607 0.89595476
vn -0.10187636 0.60719131 -0.78799741
vn -0.63307789 -0.43427204 0.64079652
vn -0.81273736 -0.52468116 -0.25331338
vn -0.36941094 0.57707547 0.72836767
vn -0.80841347 0.19790159 0.55434883
vn -0.08330101 0.02659994 0.99616936
vn 0.62760635 0.56043609 0.54039028
vn -0.93798729 -0.27912854 0.20558965
vn 0.27178936 0.90564840 -0.32547122
vn 0.89203268 -0.09383747 -0.44212241
vn -0.20246265 0.57845199 -0.79019122
vn 0.05703198 0.60790487 -0.79195898
vn -0.45690864 0.11281587 -0.88233048
vn 0.63433703 -0.13629926 -0.76094615
vn 0.00025868 0.20775215 -0.97818146
vn 0.30292163 0.53565022 -0.78823685
vn -0.99832364 -0.05315894 0.02289193
vn 0.38565099 0.56684239 -0.72798559
vn -0.55158120 0.49728984 -0.66967230
vn 0.91401691 -0.00357477 0.40566034
vn -0.70022046 0.37664562 -0.60648940
vn -0.96238898 0.16085119 0.21893915
vn -0.69835094 0.38005687 -0.60651689
vn -0.91714903 0.35387003 -0.18334026
vn 0.85089205 0.41461924 0.32260441
vn 0.96906224 -0.01210943 -0.24651924
vn 0.78839383 0.02735274 -0.61456244
vn 0.37815726 0.92458286 -0.04629936
vn 0.31717260 -0.72604187 0.61013503
vn 0.22892457 -0.31547499 0.92090666
vn -0.84956403 -0.33263192 0.40938609
vn -0.15396221 -0.96871276 0.19465667
vn -0.11989786 0.55483232 0.82327735
vn 0.21527544 0.44312062 -0.87023020
vn 0.25449350 0.38208498 0.88839413
vn -0.08672659 -0.14154476 -0.98612554
vn -0.75438508 -0.65638029 0.00825051
vn 0.55267675 0.58772106 0.59087424
vn 0.92571733 0.14227708 -0.35043495
vn 0.82283386 0.08885857 0.56129189
vn -0.98927781 0.06872993 0.12886278
vn 0.37455868 0.32690913 -0.86766135
vn 0.91282648 -0.09908088 -0.39614492
vn 0.47018228 -0.88256606 0.00240417
vn -0.97589475 -0.05786340 0.21043115
vn 0.34049415 0.63351110 -0.69478588
vn -0.15550290 0.63823145 -0.75397577
vn -0.58876652 0.16705227 -0.79085240
vn 0.39009267 -0.65064973 0.65152332
vn -0.78520835 0.02200958 0.61884039
vn 0.88467053 -0.18042013 -0.42989142
vn 0.54542804 -0.32685729 0.77179827
vn -0.05398425 0.17973407 -0.98223285
vn 0.21348356 0.91369171 -0.34582110
vn 0.50142846 0.01291366 0.86510273
vn -0.00604837 0.95433523 0.29867654
vn -0.38203038 0.66603042 0.64066861
vn -0.05140676 -0.28933220 0.95584738
vn 0.98567997 -0.04046550 -0.16369957
vn 0.11624303 0.98628173 0.11720030
vn -0.94545374 -0.03587732 -0.32377467
vn -0.13234566 -0.98889641 0.06759084
vn -0.85100534 0.52014804 -0.07235967
vn -0.37971235 -0.36641043 -0.84944801
vn 0.49265328 -0.29511059 0.81865895
vn 0.62810954 -0.27239074 0.72889072
vn -0.94044876 0.32031357 -0.11382152
vn 0.93636183 -0.33974866 -0.08830271
vn 0.24089462 0.96909221 -0.05319849
vn -0.98558955 0.11535965 0.12371499
vn 0.70356231 0.00559759 -0.71061153
vn -0.12682038 0.00419205 -0.99191684
vn -0.36661324 -0.90538797 0.21416667
vn -0.83700425 0.54441374 -0.05511411
vn 0.95357413 0.25126196 -0.16602353
vn -0.77414585 -0.32801969 0.54138830
vn 0.53367799 0.82032757 -0.20554923
vn -0.35787575 -0.46037549 0.81239113
vn -0.08807375 0.09900506 -0.99118162
vn -0.96421457 0.03284146 0.26308119
vn 0.01989720 0.08905923 0.99582757
vn -0.01354757 -0.01321634 -0.99982088
vn -0.16761828 0.01155753 -0.98578422
vn -0.46163880 -0.62539681 0.62910130
vn -0.03885217 0.07019568 0.99677634
vn -0.34318812 0.91272898 -0.22169286
vn 0.75881313 0.59414203 -0.26682930
vn 0.68863038 -0.04974770 -0.72340402
vn -0.24203366 -0.58969336 0.77050727
vn -0.96556341 -0.04527633 0.25619789
vn 0.98740829 -0.00362004 0.15815111
vn -0.64257756 0.14116100 -0.75310534
vn -0.10889022 0.36937265 -0.92287960
vn 0.61545703 -0.01593451 -0.78800935
vn -0.26986841 0.59222538 -0.75923655
vn 0.43759280 -0.01443216 -0.89905743
vn -0.98136835 -0.03324706 -0.18923741
vn -0.99519527 -0.02750839 0.09396627
vn -0.76437140 -0.58400275 -0.27327120
vn -0.72965960 -0.55606801 0.39797642
vn -0.90744595 -0.04673493 -0.41756161
vn 0.56004393 0.00233573 -0.82845962
vn -0.57829394 -0.39057114 0.71626134
vn 0.84562449 0.39497241 -0.35904876
vn -0.87974529 0.23924831 -0.41086308
vn 0.07505721 -0.06574926 -0.99500927
vn -0.86599553 -0.05334325 -0.49719839
vn 0.53741763 0.00524213 -0.84329995
vn -0.50921338 0.85958633 -0.04258016
vn 0.59575877 -0.01118529 -0.80308553
vn -0.03498817 -0.70840977 -0.70493364
vn 0.72775346 0.05451006 -0.68366919
vn -0.96430275 -0.08221821 -0.25171487
vn 0.07062328 0.39174915 -0.91735759
vn -0.97056249 -0.05223108 -0.23511778
vn 0.24626327 -0.00998002 -0.96915159
vn -0.99001706 -0.02381440 0.13892118
vn -0.99805135 -0.06155843 0.01020160
vn 0.34198433 -0.93633393 0.07953294
vn 0.63345360 0.04178550 -0.77265161
vn -0.96492823 -0.04965479 -0.25777494
vn 0.55484988 0.72566019 -0.40688929
vn -0.93705808 -0.27475135 -0.21548514
vn 0.76234960 0.64509348 0.05174450
vn 0.04809429 0.91664842 -0.39679038
vn -0.71557738 -0.03746404 -0.69752810
vn -0.64471896 -0.64844162 -0.40479740
vn 0.05808121 0.99210471 0.11115222
vn -0.03963133 -0.03331471 -0.99865884
vn -0.94436953 0.31301807 -0.10092513
vn 0.98620335 0.15009146 0.06982481
vn -0.94971938 -0.03903055 0.31066013
vn 0.86262085 0.21258117 0.45901472
vn -0.72278541 -0.45653796 -0.51880087
vn 0.37261693 -0.00820942 -0.92794894
vn -0.89816155 -0.07408285 -0.43337924
vn -0.88504340 -0.37101994 -0.28114478
vn -0.20999956 0.97642789 0.04988751
vn 0.56410475 0.82464628 -0.04176538
vn 0.35029727 0.93328583 0.07917942
vn 0.16596478 -0.93729165 -0.30649642
vn 0.84094796 -0.00195905 -0.54111245
vn -0.84873465 -0.46828011 -0.24568930
vn 0.74025232 0.06003931 -0.66964302
vn 0.18427645 -0.46548185 -0.86566093
vn -0.36475733 0.06232274 -0.92901451
vn -0.84628250 0.22481314 0.48297514
vn 0.07686271 0.41618227 -0.90602673
vn -0.96686609 -0.04472554 -0.25133562
vn -0.96355433 -0.04013209 -0.26448529
vn -0.87143304 0.48860653 -0.04322164
vn -0.48113166 0.70347471 -0.52310196
vn -0.90719642 -0.02521547 -0.41995099
vn 0.22581798 0.69725195 0.68032784
vn 0.99958043 0.02360969 0.01677925
vn -0.44237559 0.86244546 0.24595053
vn 0.75809737 0.65078429 -0.04204971
vn 0.09123133 -0.99525321 0.03388067
vn -0.79019790 -0.50309569 -0.34997430
vn -0.54843806 -0.01808260 0.83599564
vn 0.47488378 0.01654409 -0.87989300
vn -0.97901527 -0.02223634 0.20257013
vn -0.82344515 -0.03196909 -0.56649453
vn 0.97990000 -0.04704304 0.19386319
vn 0.02861596 -0.03163186 -0.99908986
vn 0.61431486 0.32522445 -0.71892024
vn -0.51362435 0.18725254 0.83733298
vn -0.99786462 -0.04451040 0.04780187
vn -0.75941209 -0.20906746 -0.61610395
vn -0.98491600 -0.05868096 -0.16277905
vn -0.44256770 -0.61286938 0.65461817
vn 0.17826412 0.95940323 -0.21855740
vn 0.46945930 0.26986682 0.84070201
vn 0.89521269 0.22827961 0.38273052
vn 0.89153370 0.11620958 0.43779333
vn 0.85962307 0.01586477 0.51068237
vn 0.68350411 0.69529114 0.22224393
vn -0.72641038 -0.22667001 -0.64880557
vn 0.55828947 -0.16463265 -0.81314756
vn 0.66724208 0.72868363 0.15429898
vn 0.22651110 0.97158236 0.06870548
vn 0.32725622 0.94354126 -0.05131523
vn -0.97413648 -0.07500064 0.21315022
vn -0.99361059 0.04843497 -0.10194143
vn -0.92212064 0.21272922 -0.32317149
vn 0.58009838 0.02364850 -0.81420306
vn -0.84618626 -0.11357016 0.52064443
vn -0.78857221 -0.41151700 -0.45695474
vn -0.92510000 -0.05037581 0.37636719
vn 0.93183313 0.14181067 0.33403107
vn 0.05030616 -0.48800201 -0.87139161
vn -0.20367561 -0.02699503 -0.97866619
vn -0.21149232 0.52491180 -0.82446262
vn 0.19504871 0.68572638 0.70123843
vn -0.84222279 -0.33625652 0.42141705
vn -0.54504762 -0.17120613 -0.82073842
vn -0.50323895 -0.68617145 -0.52528020
vn 0.16608152 -0.43568246 -0.88464553
vn -0.54036433 -0.54777431 -0.63870939
vn -0.11742239 -0.32865311 -0.93712279
vn -0.89653296 -0.20982569 -0.39013052
vn 0.22010969 -0.32564459 -0.91951472
vn 0.63825671 0.73679610 0.22306922
vn -0.11745354 0.33290237 -0.93561781
vn 0.08142097 -0.15164104 -0.98507646
vn 0.67121002 0.67035701 0.31638363
vn -0.50569954 -0.02837421 0.86224294
vn -0.59580332 0.80303419 -0.01242994
vn -0.28005244 0.95470527 -0.10054093
vn -0.04355732 -0.79016703 -0.61134182
vn 0.38638304 0.02149738 -0.92208785
vn 0.87955585 -0.44268346 -0.17439283
vn 0.48135219 0.70259228 0.52408411
vn -0.28285948 0.64230290 -0.71234647
vn 0.89248174 0.19401243 -0.40722907
vn -0.38067942 0.91515634 0.13255966
vn 0.16783443 -0.97749313 -0.12782323
vn -0.80854568 -0.08144547 0.58276970
vn -0.07627692 0.17038942 -0.98242011
vn 0.04638507 0.14312738 -0.98861670
vn -0.88763826 -0.26910876 0.37373627
vn 0.40274175 -0.82438026 -0.39773895
vn 0.32392582 -0.52702295 -0.78569643
vn 0.63308841 -0.01620737 -0.77390980
vn 0.16388862 -0.23278124 -0.95862058
vn 0.63571119 0.26150130 -0.72628394
vn 0.50097849 -0.41069850 -0.76180529
vn 0.31765548 -0.48221170 -0.81643547
vn 0.31097526 0.02477138 -0.95009514
vn -0.49167122 0.77708179 -0.39294185
vn -0.01605858 0.99717932 -0.07331803
vn 0.92631059 -0.13805903 -0.35055440
vn -0.94070909 -0.33823288 -0.02578624
vn -0.98877165 0.14235152 -0.04546070
vn 0.72318810 0.55560879 0.41024119
vn 0.67506430 -0.15945754 -0.72032041
vn 0.70588113 0.53019966 0.46970219
vn 0.78210004 -0.02270916 0.62273897
vn -0.95884135 -0.14246330 0.24561653
vn 0.64791985 0.70860753 -0.27941947
vn -0.93856615 -0.02868947 0.34390478
vn 0.89043819 -0.36079901 -0.27738763
vn -0.98495551 -0.06273517 0.16101846
vn 0.74886507 -0.01434881 -0.66256714
vn 0.94291600 0.00115447 0.33302865
vn -0.39136275 0.92003733 -0.01914443
vn -0.98636749 -0.04829548 0.15731093
vn 0.76767445 -0.42187004 0.48239155
vn 0.50570442 -0.03857473 0.86184397
vn 0.80213208 0.37466199 0.46498658
vn 0.45127077 -0.75998433 -0.46773765
vn 0.49218498 -0.77430035 -0.39775987
vn -0.77210318 -0.58907578 0.23842484
vn -0.39501435 0.72051892 0.56992644
vn 0.41175774 -0.08876568 -0.90695988
vn -0.54188874 -0.33913684 -0.76898816
vn -0.27927589 0.55644649 0.78254219
vn 0.03371318 0.98054050 0.19340051
vn 0.79585658 0.24710148 0.55276863
vn -0.50568316 0.11806774 0.85460199
vn 0.05829005 -0.87708292 -0.47678907
vn 0.25027678 -0.36182174 -0.89802370
vn 0.57001319 -0.75420596 -0.32597289
vn -0.92296637 -0.03381309 -0.38339244
vn 0.49692609 0.83445516 0.23822058
vn -0.19055558 0.34497752 0.91906424
vn -0.14175638 0.60550154 0.78311750
vn -0.46680268 0.81509521 0.34309627
vn 0.81274297 -0.00405127 0.58260832
vn -0.96177652 0.25280737 -0.10523481
vn -0.98457989 -0.02448696 0.17321322
vn 0.35493700 0.93457908 -0.02411771
vn 0.92394913 -0.16262369 0.34622468
vn 0.19007032 0.98136874 0.02808326
vn -0.96346202 -0.22338194 -0.14778850
vn 0.57926532 0.02478808 0.81476207
vn -0.99640226 -0.07501796 -0.03943158
vn -0.84887645 -0.33508587 0.40881076
vn 0.58994572 -0.77792469 0.21632669
vn 0.58349709 -0.52586342 -0.61886898
vn -0.71018245 -0.00103095 0.70401692
vn 0.82177660 -0.02033549 0.56944683
vn -0.09698151 0.08148782 0.99194472
vn -0.99610658 0.01438115 -0.08697621
vn 0.99391908 -0.05320222 -0.09640739
vn 0.91167802 0.05163181 0.40764855
vn -0.92762463 0.29477444 -0.22939177
vn 0.87857410 -0.01679426 0.47731071
vn 0.04077423 -0.99912313 0.00950996
vn 0.02866315 -0.95495310 -0.29536925
vn 0.12228496 -0.01776388 -0.99233605
vn -0.85878821 -0.05135308 0.50975060
vn -0.50271625 -0.40948774 0.76131213
vn -0.94730206 -0.04834878 0.31667208
vn -0.22249214 -0.86322742 -0.45313979
vn 0.82130942 0.05195188 0.56811252
vn 0.30410412 0.24976096 0.91931504
vn 0.00893336 -0.93347930 -0.35852001
vn -0.95452554 0.29812050 0.00227271
vn 0.77025942 -0.52746732 -0.35843920
vn -0.87275207 0.02644172 0.48744708
vn -0.14232674 -0.98751415 -0.06751966
vn -0.58034116 -0.01068001 0.81430343
vn -0.99938568 -0.02351197 0.02598956
vn -0.99066701 -0.12392486 0.05675822
vn 0.53493022 -0.82821867 -0.16704340
vn 0.05809978 0.82693361 0.55928992
vn 0.26205548 0.02087491 -0.96482701
vn -0.85772905 0.47008776 0.20813067
vn -0.30357158 0.70784937 0.63780370
vn 0.10094584 0.64933355 -0.75377442
vn 0.24644356 0.59357113 0.76611937
vn -0.96346394 -0.20260864 -0.17517699
vn 0.94399964 0.02246818 -0.32918059
vn -0.38392343 0.84925577 0.36244647
vn 0.09630620 0.34331974 0.93426799
vn 0.02141073 0.66797503 -0.74387562
vn 0.88157791 -0.43355111 -0.18669180
vn 0.27947580 -0.18533305 -0.94209603
vn -0.18515928 0.42062198 -0.88814030
vn 0.82169392 0.52362205 0.22503123
vn 0.20686134 0.04744878 -0.97721901
vn -0.36833784 -0.92940866 0.02295175
vn -0.83676353 -0.44831753 0.31438541
vn 0.47558474 -0.06264026 -0.87743681
vn -0.38403022 0.90530330 -0.18151233
vn -0.78453887 -0.05405529 -0.61771902
vn 0.17128297 0.00789763 -0.98519022
vn 0.33379214 0.93874257 0.08570414
vn 0.89817285 0.01385105 -0.43942426
vn 0.11217623 -0.99366205 0.00722722
vn -0.96418168 0.26370247 -0.02854289
vn -0.14846694 0.55079314 0.82133092
vn -0.09371244 0.10362327 0.99019200
vn -0.94770337 -0.03150254 0.31759396
vn 0.16087424 -0.97256632 0.16803046
vn 0.83480543 0.02621735 0.54992050
vn 0.54425721 -0.43700554 -0.71610770
vn -0.15266705 0.18307009 0.97117358
vn 0.56183775 0.82573199 -0.05005018
vn -0.30136670 0.91966460 -0.25178390
vn 0.80874245 0.08099701 0.58255912
vn 0.49882139 0.86669777 -0.00349329
vn -0.67147852 -0.42217453 0.60900350
vn -0.40318011 0.81428891 0.41758757
vn -0.13825724 -0.00418100 0.99038753
vn 0.13746646 0.08234906 -0.98707730
vn 0.68856144 0.34120596 -0.63989189
vn -0.33760503 -0.89301756 0.29756089
vn 0.45461010 0.86836932 0.19815241
vn 0.89624590 0.13184786 -0.42350848
vn -0.91537051 -0.38507234 -0.11754202
vn -0.32904250 -0.59719472 0.73149812
vn -0.13645339 0.21080778 -0.96795690
vn -0.10910590 0.20954092 0.97169363
vn 0.13855418 -0.50046450 0.85459817
vn -0.79132882 0.08597762 -0.60531524
vn 0.86037715 0.46790044 -0.20204042
vn -0.99853848 -0.05319099 0.00957240
vn -0.88979735 -0.03234325 -0.45520828
vn 0.08042132 -0.99501979 -0.05888989
vn -0.99812768 0.04105500 -0.04533896
vn 0.01402292 -0.88962698 -0.45647255
vn 0.37959604 -0.45431622 0.80591788
vn 0.53352625 -0.45277348 -0.71438499
vn 0.11602561 0.88588500 -0.44916124
vn 0.39693175 -0.41581134 0.81825798
vn 0.46907091 -0.66167973 0.58493795
vn 0.49783954 0.04762141 -0.86596073
vn 0.13160184 -0.98298484 -0.12814743
vn 0.63086359 0.04970930 0.77429976
vn -0.50697968 0.85720534 -0.09039145
vn 0.38284479 0.83151899 -0.40249973
vn 0.03079995 -0.02827584 0.99912554
vn -0.02817964 -0.99423750 0.10342971
vn -0.54064297 0.83376741 -0.11196911
vn -0.70422096 0.55185203 -0.44669025
vn 0.99283363 0.05004817 -0.10851990
vn 0.96866101 -0.16408894 -0.18646893
vn -0.89806454 0.36474688 0.24584509
vn -0.04102303 0.76878503 -0.63819016
vn -0.10463189 0.76306871 -0.63779174
vn 0.88998571 0.08151235 -0.44864370
vn 0.97342495 0.13710194 -0.18343097
vn -0.51847368 0.28833445 0.80501446
vn 0.19853749 0.39271846 0.89797276
vn -0.95362595 0.02072055 -0.30028021
vn 0.67991362 0.00024324 -0.73329217
vn -0.00401820 0.23376847 -0.97228399
vn 0.10957711 0.62450843 0.77329301
vn 0.15907889 -0.29764367 -0.94132999
vn -0.00385031 -0.08377779 -0.99647702
vn 0.28630648 -0.77355651 -0.56536618
vn 0.29084080 0.00738682 -0.95674295
vn 0.60289305 0.72091736 0.34175742
vn 0.68356444 0.49137631 0.53971194
vn -0.96903934 -0.07510027 0.23520779
vn 0.22050518 0.96182944 -0.16205427
vn 0.04193547 -0.00799118 0.99908836
vn 0.01657214 0.46211406 0.88666564
vn -0.97906188 -0.02172793 -0.20239995
vn 0.00999816 0.06376955 -0.99791457
vn 0.72992905 0.00854696 -0.68346949
vn 0.24613226 0.96898103 0.02224137
vn -0.25844184 -0.94855995 -0.18287111
vn -0.67387064 -0.04869514 -0.73724293
vn 0.17680628 0.84571698 -0.50349014
vn 0.40527471 0.27871961 -0.87067088
vn 0.13569952 0.98505783 0.10605052
vn 0.19225226 0.75578514 0.62596158
vn -0.98403239 -0.06991933 0.16368123
vn 0.52142805 0.54787304 0.65417728
vn 0.10790838 0.99334938 -0.04015959
vn -0.42765099 -0.89189019 -0.14712757
vn -0.04340168 0.77833074 0.62635258
vn -0.54715246 0.36139703 0.75499429
vn 0.11909876 -0.98839107 -0.09433231
vn 0.10640448 0.99346804 0.04122298
vn -0.67168070 0.74080879 -0.00688325
vn -0.84682499 0.12592205 -0.51675049
vn 0.35066771 -0.93296815 -0.08125635
vn -0.15301757 0.34949181 -0.92435983
vn -0.53141572 0.57933628 -0.61803463
vn 0.61354682 0.51645916 -0.59735269
vn 0.47563423 -0.87916878 0.02888495
f 1//1 5//5 9//9
f 9//9 11//11 1//1
f 9//9 8//8 11//11
f 2//2 4//4 8//8
f 1//1 3//3 5//5
f 15//15 6//6 3//3
f 10//10 6//6 15//15
f 16//16 6//6 10//10
f 12//12 7//7 14//14
f 14//14 7//7 16//16
f 6//6 16//16 7//7
f 15//15 3//3 1//1
f 8//8 9//9 2//2
f 4//4 2//2 13//13
f 12//12 4//4 13//13
f 4//4 12//12 14//14
f 35//35 38//38 26//26
f 46//46 33//33 26//26
f 41//41 24//24 26//26
f 44//44 26//26 36//36
f 53//53 23//23 43//43
f 47//47 37//37 58//58
f 47//47 29//29 20//20
f 40//40 47//47 58//58
f 32//32 48//48 40//40
f 56//56 55//55 49//49
f 50//50 48//48 32//32
f 50//50 49//49 42//42
f 51//51 49//49 50//50
f 50//50 42//42 48//48
f 40//40 58//58 32//32
f 47//47 34//34 37//37
f 27//27 47//47 20//20
f 47//47 27//27 34//34
f 45//45 35//35 33//33
f 44//44 46//46 26//26
f 26//26 33//33 35//35
f 26//26 62//62 18//18
f 62//62 57//57 17//17
f 31//31 62//62 28//28
f 24//24 62//62 26//26
f 62//62 24//24 28//28
f 62//62 11//11 57//57
f 62//62 60//60 14//14
f 61//61 12//12 13//13
f 61//61 13//13 2//2
f 61//61 2//2 9//9
f 5//5 61//61 9//9
f 8//8 60//60 11//11
f 4//4 60//60 8//8
f 14//14 60//60 4//4
f 11//11 60//60 57//57
f 62//62 31//31 27//27
f 27//27 31//31 54//54
f 11//11 62//62 10//10
f 11//11 10//10 15//15
f 11//11 15//15 1//1
f 6//6 5//5 3//3
f 59//59 5//5 6//6
f 27//27 5//5 59//59
f 61//61 59//59 12//12
f 62//62 59//59 61//61
f 12//12 59//59 7//7
f 62//62 14//14 16//16
f 7//7 59//59 6//6
f 62//62 16//16 10//10
f 59//59 62//62 27//27
f 27//27 29//29 61//61
f 22//22 29//29 27//27
f 20//20 29//29 22//22
f 57//57 61//61 30//30
f 30//30 61//61 29//29
f 34//34 27//27 54//54
f 26//26 57//57 25//25
f 62//62 61//61 60//60
f 61//61 57//57 60//60
f 27//27 61//61 5//5
f 57//57 26//26 21//21
f 21//21 26//26 18//18
f 17//17 57//57 21//21
f 27//27 20//20 19//19
f 62//62 17//17 18//18
f 53//53 65//65 64//64
f 64//64 23//23 53//53
f 23//23 63//63 39//39
f 39//39 63//63 52//52
f 65//65 52//52 63//63
f 63//63 64//64 65//65
f 52//52 65//65 53//53
f 23//23 64//64 63//63
f 19//19 20//20 18//18
f 18//18 22//22 19//19
f 19//19 22//22 27//27
f 20//20 22//22 17//17
f 20//20 17//17 21//21
f 20//20 21//21 18//18
f 18//18 17//17 22//22
f 323//323 874//874 1528//1528
f 1528//1528 70//70 218//218
f 1106//1106 70//70 1132//1132
f 1525//1525 1346//1346 218//218
f 732//732 138//138 1027//1027
f 732//732 1027//1027 323//323
f 1027//1027 138//138 741//741
f 741//741 941//941 1027//1027
f 138//138 135//135 741//741
f 1265//1265 1159//1159 1230//1230
f 981//981 1230//1230 969//969
f 981//981 1265//1265 1230//1230
f 147//147 1265//1265 1572//1572
f 757//757 147//147 149//149
f 147//147 757//757 763//763
f 162//162 163//163 166//166
f 813//813 162//162 166//166
f 814//814 793//793 165//165
f 813//813 166//166 154//154
f 814//814 163//163 162//162
f 162//162 135//135 763//763
f 135//135 743//743 741//741
f 133//133 684//684 743//743
f 1528//1528 839//839 70//70
f 1107//1107 1106//1106 1132//1132
f 1152//1152 104//104 1346//1346
f 1265//1265 147//147 138//138
f 1230//1230 948//948 969//969
f 814//814 166//166 163//163
f 165//165 793//793 154//154
f 165//165 154//154 166//166
f 162//162 154//154 135//135
f 135//135 154//154 743//743
f 154//154 793//793 743//743
f 133//133 1041//1041 685//685
f 685//685 134//134 133//133
f 153//153 133//133 134//134
f 666//666 656//656 941//941
f 578//578 656//656 666//666
f 666//666 684//684 653//653
f 653//653 685//685 666//666
f 685//685 578//578 666//666
f 578//578 538//538 544//544
f 874//874 544//544 896//896
f 874//874 578//578 544//544
f 874//874 839//839 1528//1528
f 930//930 437//437 902//902
f 902//902 896//896 637//637
f 995//995 902//902 992//992
f 902//902 995//995 930//930
f 839//839 409//409 1132//1132
f 843//843 437//437 930//930
f 409//409 437//437 843//843
f 341//341 1132//1132 409//409
f 1101//1101 948//948 74//74
f 969//969 1101//1101 111//111
f 1140//1140 1101//1101 969//969
f 1140//1140 969//969 948//948
f 1346//1346 104//104 732//732
f 732//732 218//218 1346//1346
f 138//138 1159//1159 1265//1265
f 948//948 1159//1159 104//104
f 1159//1159 948//948 1230//1230
f 1159//1159 732//732 104//104
f 981//981 969//969 974//974
f 826//826 1119//1119 151//151
f 834//834 1102//1102 1119//1119
f 834//834 823//823 1108//1108
f 1110//1110 1108//1108 823//823
f 164//164 1119//1119 826//826
f 1102//1102 151//151 1119//1119
f 781//781 754//754 149//149
f 757//757 748//748 768//768
f 768//768 743//743 793//793
f 768//768 1032//1032 743//743
f 748//748 1002//1002 768//768
f 748//748 1044//1044 695//695
f 171//171 159//159 776//776
f 175//175 823//823 834//834
f 171//171 807//807 823//823
f 169//169 159//159 171//171
f 159//159 153//153 134//134
f 153//153 143//143 133//133
f 143//143 653//653 684//684
f 583//583 159//159 134//134
f 776//776 159//159 583//583
f 807//807 171//171 776//776
f 1089//1089 823//823 822//822
f 781//781 1086//1086 1110//1110
f 1086//1086 781//781 149//149
f 754//754 757//757 149//149
f 748//748 695//695 1002//1002
f 1002//1002 695//695 992//992
f 685//685 538//538 578//578
f 538//538 445//445 544//544
f 637//637 544//544 587//587
f 587//587 544//544 445//445
f 587//587 930//930 637//637
f 637//637 930//930 965//965
f 695//695 995//995 992//992
f 965//965 995//995 1044//1044
f 754//754 1075//1075 1044//1044
f 1075//1075 1089//1089 934//934
f 781//781 1089//1089 1075//1075
f 1089//1089 781//781 1110//1110
f 1089//1089 639//639 934//934
f 1075//1075 890//890 1044//1044
f 587//587 448//448 873//873
f 853//853 873//873 448//448
f 843//843 413//413 409//409
f 467//467 843//843 873//873
f 843//843 467//467 413//413
f 413//413 467//467 392//392
f 890//890 873//873 949//949
f 890//890 949//949 1044//1044
f 853//853 869//869 1041//1041
f 1041//1041 869//869 685//685
f 587//587 445//445 448//448
f 853//853 975//975 873//873
f 975//975 949//949 873//873
f 975//975 853//853 1041//1041
f 869//869 853//853 442//442
f 442//442 538//538 869//869
f 538//538 442//442 464//464
f 445//445 464//464 388//388
f 448//448 347//347 853//853
f 351//351 536//536 464//464
f 143//143 130//130 653//653
f 130//130 463//463 536//536
f 464//464 536//536 463//463
f 463//463 306//306 464//464
f 313//313 347//347 448//448
f 347//347 464//464 442//442
f 351//351 464//464 347//347
f 444//444 351//351 276//276
f 776//776 778//778 807//807
f 822//822 807//807 778//778
f 536//536 583//583 653//653
f 536//536 444//444 583//583
f 822//822 778//778 639//639
f 453//453 513//513 639//639
f 453//453 393//393 513//513
f 1141//1141 453//453 776//776
f 1141//1141 300//300 453//453
f 444//444 297//297 1141//1141
f 300//300 617//617 453//453
f 453//453 617//617 393//393
f 393//393 691//691 392//392
f 691//691 338//338 392//392
f 392//392 338//338 413//413
f 338//338 286//286 341//341
f 665//665 131//131 339//339
f 720//720 1107//1107 665//665
f 1107//1107 720//720 1618//1618
f 1529//1529 1535//1535 600//600
f 1535//1535 1529//1529 111//111
f 86//86 119//119 105//105
f 149//149 1572//1572 128//128
f 1102//1102 1086//1086 151//151
f 782//782 151//151 1086//1086
f 149//149 782//782 1086//1086
f 171//171 823//823 175//175
f 175//175 834//834 1130//1130
f 1122//1122 172//172 1130//1130
f 1574//1574 1139//1139 1122//1122
f 346//346 1574//1574 1276//1276
f 1139//1139 160//160 169//169
f 160//160 1139//1139 1574//1574
f 1160//1160 1158//1158 160//160
f 1160//1160 160//160 1574//1574
f 160//160 1158//1158 817//817
f 160//160 153//153 159//159
f 459//459 463//463 130//130
f 459//459 863//863 463//463
f 1116//1116 1129//1129 1155//1155
f 276//276 347//347 313//313
f 276//276 297//297 444//444
f 297//297 299//299 300//300
f 284//284 338//338 691//691
f 1066//1066 286//286 177//177
f 354//354 131//131 1608//1608
f 1618//1618 838//838 1152//1152
f 1152//1152 1627//1627 74//74
f 1101//1101 1627//1627 1024//1024
f 1101//1101 1024//1024 600//600
f 105//105 111//111 1087//1087
f 117//117 86//86 525//525
f 117//117 525//525 112//112
f 646//646 86//86 117//117
f 128//128 86//86 678//678
f 678//678 86//86 646//646
f 806//806 129//129 646//646
f 119//119 974//974 969//969
f 974//974 128//128 981//981
f 152//152 151//151 782//782
f 346//346 337//337 1160//1160
f 817//817 153//153 160//160
f 153//153 817//817 143//143
f 143//143 817//817 130//130
f 1359//1359 130//130 817//817
f 1155//1155 1158//1158 1116//1116
f 337//337 1116//1116 1160//1160
f 1103//1103 312//312 1138//1138
f 1019//1019 704//704 312//312
f 1019//1019 1074//1074 704//704
f 1359//1359 836//836 459//459
f 463//463 863//863 1609//1609
f 276//276 351//351 347//347
f 265//265 313//313 260//260
f 313//313 265//265 299//299
f 276//276 313//313 299//299
f 299//299 297//297 276//276
f 691//691 617//617 284//284
f 245//245 229//229 597//597
f 1066//1066 137//137 1608//1608
f 131//131 354//354 339//339
f 720//720 665//665 838//838
f 1152//1152 838//838 936//936
f 1529//1529 600//600 937//937
f 86//86 515//515 525//525
f 123//123 113//113 112//112
f 113//113 806//806 646//646
f 821//821 129//129 702//702
f 702//702 136//136 821//821
f 702//702 129//129 806//806
f 710//710 129//129 821//821
f 710//710 821//821 145//145
f 152//152 731//731 145//145
f 1130//1130 164//164 835//835
f 835//835 1122//1122 1130//1130
f 447//447 1116//1116 337//337
f 242//242 1138//1138 447//447
f 337//337 903//903 447//447
f 866//866 242//242 903//903
f 242//242 866//866 1103//1103
f 1103//1103 866//866 827//827
f 641//641 278//278 1276//1276
f 278//278 337//337 1276//1276
f 903//903 994//994 866//866
f 994//994 694//694 866//866
f 1039//1039 1074//1074 1019//1019
f 836//836 863//863 459//459
f 463//463 1609//1609 306//306
f 306//306 1609//1609 388//388
f 204//204 265//265 260//260
f 284//284 265//265 245//245
f 177//177 155//155 146//146
f 354//354 1608//1608 342//342
f 342//342 340//340 354//354
f 1082//1082 893//893 339//339
f 665//665 681//681 838//838
f 730//730 937//937 825//825
f 730//730 1087//1087 1529//1529
f 730//730 1529//1529 937//937
f 1051//1051 668//668 1087//1087
f 1087//1087 668//668 105//105
f 525//525 96//96 123//123
f 525//525 515//515 96//96
f 86//86 81//81 515//515
f 86//86 105//105 81//81
f 114//114 113//113 123//123
f 806//806 114//114 702//702
f 821//821 136//136 145//145
f 145//145 136//136 164//164
f 164//164 136//136 114//114
f 835//835 114//114 1117//1117
f 835//835 1276//1276 1122//1122
f 866//866 694//694 827//827
f 1039//1039 628//628 1074//1074
f 1074//1074 628//628 836//836
f 265//265 204//204 245//245
f 229//229 155//155 177//177
f 177//177 146//146 1066//1066
f 361//361 137//137 146//146
f 1608//1608 361//361 342//342
f 339//339 530//530 679//679
f 1082//1082 861//861 893//893
f 893//893 719//719 665//665
f 681//681 558//558 944//944
f 681//681 936//936 838//838
f 1051//1051 825//825 661//661
f 1051//1051 730//730 825//825
f 81//81 105//105 668//668
f 76//76 77//77 89//89
f 95//95 77//77 100//100
f 95//95 89//89 77//77
f 89//89 99//99 76//76
f 99//99 515//515 81//81
f 123//123 942//942 114//114
f 942//942 1117//1117 114//114
f 1117//1117 641//641 1276//1276
f 278//278 1048//1048 903//903
f 1048//1048 1029//1029 812//812
f 229//229 185//185 155//155
f 361//361 101//101 342//342
f 342//342 101//101 340//340
f 340//340 452//452 530//530
f 194//194 861//861 1082//1082
f 194//194 1081//1081 200//200
f 861//861 719//719 893//893
f 421//421 936//936 681//681
f 1024//1024 1627//1627 600//600
f 600//600 421//421 897//897
f 600//600 897//897 937//937
f 592//592 661//661 521//521
f 661//661 668//668 1051//1051
f 76//76 81//81 675//675
f 792//792 77//77 76//76
f 77//77 792//792 100//100
f 100//100 810//810 783//783
f 103//103 942//942 123//123
f 1117//1117 942//942 784//784
f 619//619 1079//1079 605//605
f 1079//1079 1048//1048 605//605
f 916//916 1059//1059 1071//1071
f 1054//1054 916//916 1071//1071
f 916//916 1029//1029 1059//1059
f 693//693 694//694 812//812
f 827//827 773//773 1019//1019
f 1019//1019 926//926 1039//1039
f 628//628 1039//1039 926//926
f 245//245 185//185 229//229
f 530//530 452//452 849//849
f 849//849 174//174 840//840
f 1081//1081 194//194 1082//1082
f 630//630 200//200 1081//1081
f 861//861 546//546 771//771
f 861//861 771//771 870//870
f 870//870 906//906 719//719
f 944//944 421//421 681//681
f 936//936 421//421 1627//1627
f 937//937 897//897 803//803
f 76//76 675//675 735//735
f 717//717 783//783 810//810
f 783//783 942//942 100//100
f 709//709 619//619 1117//1117
f 605//605 641//641 619//619
f 1059//1059 1079//1079 1025//1025
f 1094//1094 1077//1077 1091//1091
f 1091//1091 1077//1077 1071//1071
f 1077//1077 327//327 1054//1054
f 1077//1077 1054//1054 1071//1071
f 772//772 812//812 1029//1029
f 916//916 772//772 1029//1029
f 1610//1610 1031//1031 204//204
f 452//452 993//993 872//872
f 840//840 174//174 630//630
f 840//840 679//679 849//849
f 200//200 630//630 71//71
f 546//546 1492//1492 775//775
f 496//496 771//771 546//546
f 789//789 870//870 771//771
f 870//870 789//789 852//852
f 852//852 906//906 870//870
f 906//906 852//852 883//883
f 1033//1033 1020//1020 852//852
f 852//852 1020//1020 1064//1064
f 663//663 910//910 913//913
f 938//938 907//907 883//883
f 344//344 674//674 938//938
f 344//344 811//811 674//674
f 944//944 811//811 803//803
f 944//944 897//897 421//421
f 938//938 674//674 907//907
f 906//906 898//898 558//558
f 898//898 907//907 908//908
f 929//929 908//908 907//907
f 883//883 907//907 898//898
f 929//929 944//944 908//908
f 558//558 908//908 944//944
f 898//898 908//908 558//558
f 883//883 898//898 906//906
f 907//907 674//674 929//929
f 929//929 811//811 944//944
f 944//944 803//803 897//897
f 803//803 811//811 825//825
f 811//811 344//344 825//825
f 521//521 529//529 592//592
f 607//607 675//675 1620//1620
f 746//746 588//588 779//779
f 1079//1079 709//709 1001//1001
f 1025//1025 1079//1079 1001//1001
f 1091//1091 1025//1025 1248//1248
f 1283//1283 1025//1025 1001//1001
f 709//709 1079//1079 619//619
f 1025//1025 1091//1091 1059//1059
f 1248//1248 1025//1025 1283//1283
f 295//295 1077//1077 1094//1094
f 912//912 916//916 1054//1054
f 916//916 850//850 772//772
f 628//628 884//884 179//179
f 146//146 82//82 101//101
f 101//101 993//993 340//340
f 340//340 993//993 452//452
f 630//630 1081//1081 840//840
f 118//118 200//200 71//71
f 798//798 911//911 789//789
f 852//852 789//789 1033//1033
f 911//911 1033//1033 789//789
f 1064//1064 883//883 852//852
f 527//527 767//767 592//592
f 588//588 501//501 548//548
f 607//607 526//526 566//566
f 604//604 607//607 566//566
f 566//566 588//588 604//604
f 604//604 588//588 746//746
f 746//746 717//717 604//604
f 548//548 779//779 588//588
f 1456//1456 1283//1283 1001//1001
f 1408//1408 1013//1013 1286//1286
f 1503//1503 1506//1506 1504//1504
f 303//303 295//295 1073//1073
f 1504//1504 1094//1094 1408//1408
f 1503//1503 1504//1504 1408//1408
f 1408//1408 1094//1094 1091//1091
f 1408//1408 1091//1091 1248//1248
f 682//682 303//303 289//289
f 303//303 1072//1072 295//295
f 1072//1072 1077//1077 295//295
f 327//327 912//912 1054//1054
f 912//912 850//850 916//916
f 772//772 850//850 833//833
f 833//833 589//589 772//772
f 636//636 725//725 865//865
f 922//922 865//865 725//725
f 819//819 589//589 833//833
f 620//620 693//693 589//589
f 620//620 694//694 693//693
f 694//694 622//622 827//827
f 622//622 773//773 827//827
f 764//764 1019//1019 773//773
f 842//842 1610//1610 179//179
f 101//101 82//82 993//993
f 993//993 82//82 1031//1031
f 1031//1031 872//872 993//993
f 1492//1492 71//71 581//581
f 1492//1492 581//581 775//775
f 711//711 496//496 723//723
f 711//711 798//798 496//496
f 798//798 789//789 771//771
f 1539//1539 911//911 798//798
f 1020//1020 1539//1539 913//913
f 1064//1064 1020//1020 910//910
f 911//911 1020//1020 1033//1033
f 1020//1020 911//911 1539//1539
f 1576//1576 480//480 1569//1569
f 1576//1576 1569//1569 1213//1213
f 1566//1566 472//472 499//499
f 1566//1566 499//499 1213//1213
f 767//767 1576//1576 1213//1213
f 767//767 683//683 1576//1576
f 592//592 529//529 527//527
f 526//526 474//474 566//566
f 566//566 501//501 588//588
f 1248//1248 1283//1283 1049//1049
f 1408//1408 1248//1248 1013//1013
f 1286//1286 1042//1042 1049//1049
f 1503//1503 1286//1286 1049//1049
f 1503//1503 1408//1408 1286//1286
f 1073//1073 1506//1506 1467//1467
f 1069//1069 1521//1521 1073//1073
f 1073//1073 1521//1521 294//294
f 289//289 303//303 294//294
f 672//672 682//682 289//289
f 1057//1057 1072//1072 682//682
f 1072//1072 1057//1057 327//327
f 1057//1057 912//912 327//327
f 1057//1057 1037//1037 912//912
f 833//833 850//850 1037//1037
f 858//858 819//819 833//833
f 922//922 858//858 833//833
f 1057//1057 1003//1003 1037//1037
f 989//989 922//922 1003//1003
f 922//922 859//859 865//865
f 589//589 858//858 725//725
f 466//466 762//762 622//622
f 762//762 764//764 773//773
f 1610//1610 842//842 1031//1031
f 775//775 736//736 700//700
f 700//700 690//690 734//734
f 1144//1144 550//550 593//593
f 711//711 723//723 550//550
f 913//913 1539//1539 1121//1121
f 663//663 913//913 1121//1121
f 1569//1569 480//480 1566//1566
f 1213//1213 1569//1569 1566//1566
f 501//501 566//566 474//474
f 998//998 548//548 1453//1453
f 1477//1477 1023//1023 1284//1284
f 1147//1147 1467//1467 1391//1391
f 1284//1284 1391//1391 1467//1467
f 1073//1073 1147//1147 1069//1069
f 1521//1521 1069//1069 1173//1173
f 294//294 1521//1521 1173//1173
f 1519//1519 1035//1035 672//672
f 1057//1057 1035//1035 1003//1003
f 682//682 1035//1035 1057//1057
f 1003//1003 1035//1035 989//989
f 859//859 777//777 865//865
f 636//636 865//865 777//777
f 764//764 762//762 664//664
f 664//664 884//884 764//764
f 884//884 926//926 764//764
f 1031//1031 842//842 804//804
f 1031//1031 804//804 872//872
f 775//775 581//581 736//736
f 756//756 736//736 581//581
f 734//734 723//723 496//496
f 734//734 669//669 723//723
f 669//669 550//550 723//723
f 593//593 550//550 727//727
f 1477//1477 98//98 1431//1431
f 1477//1477 1431//1431 1421//1421
f 1023//1023 1477//1477 1421//1421
f 1023//1023 1391//1391 1284//1284
f 1385//1385 1391//1391 1047//1047
f 1385//1385 1268//1268 1147//1147
f 1147//1147 1268//1268 1069//1069
f 1268//1268 1173//1173 1069//1069
f 1405//1405 1046//1046 1173//1173
f 294//294 1173//1173 1046//1046
f 289//289 1171//1171 672//672
f 966//966 924//924 989//989
f 924//924 922//922 989//989
f 921//921 922//922 924//924
f 1062//1062 1519//1519 672//672
f 921//921 859//859 922//922
f 725//725 1520//1520 589//589
f 1520//1520 580//580 589//589
f 582//582 580//580 1524//1524
f 620//620 580//580 582//582
f 589//589 580//580 620//620
f 664//664 762//762 403//403
f 581//581 804//804 756//756
f 174//174 804//804 71//71
f 736//736 756//756 690//690
f 736//736 690//690 700//700
f 690//690 904//904 734//734
f 904//904 1232//1232 669//669
f 596//596 553//553 599//599
f 599//599 1497//1497 596//596
f 1585//1585 116//116 1497//1497
f 1000//1000 1585//1585 1586//1586
f 1585//1585 687//687 509//509
f 727//727 553//553 596//596
f 722//722 593//593 596//596
f 98//98 1456//1456 722//722
f 98//98 1604//1604 1431//1431
f 959//959 1174//1174 1047//1047
f 1023//1023 1421//1421 959//959
f 1047//1047 1391//1391 1023//1023
f 294//294 1046//1046 289//289
f 1171//1171 1046//1046 1112//1112
f 1028//1028 1519//1519 1062//1062
f 1028//1028 924//924 966//966
f 255//255 256//256 947//947
f 947//947 1309//1309 308//308
f 947//947 921//921 255//255
f 924//924 255//255 921//921
f 698//698 725//725 636//636
f 698//698 1520//1520 725//725
f 466//466 403//403 762//762
f 648//648 805//805 727//727
f 553//553 568//568 599//599
f 349//349 1585//1585 1000//1000
f 1000//1000 432//432 349//349
f 687//687 1585//1585 349//349
f 687//687 563//563 509//509
f 116//116 98//98 722//722
f 98//98 116//116 509//509
f 1421//1421 939//939 959//959
f 1047//1047 1163//1163 1385//1385
f 1268//1268 1385//1385 1163//1163
f 982//982 1173//1173 1268//1268
f 1058//1058 1405//1405 1173//1173
f 1046//1046 1405//1405 1112//1112
f 1405//1405 1028//1028 1112//1112
f 1171//1171 1028//1028 1062//1062
f 1171//1171 1112//1112 1028//1028
f 1028//1028 531//531 924//924
f 256//256 255//255 547//547
f 255//255 924//924 547//547
f 1309//1309 947//947 256//256
f 308//308 1309//1309 310//310
f 1036//1036 308//308 1096//1096
f 841//841 308//308 1036//1036
f 895//895 947//947 308//308
f 921//921 947//947 895//895
f 921//921 895//895 859//859
f 895//895 1593//1593 859//859
f 859//859 497//497 777//777
f 497//497 1549//1549 777//777
f 1513//1513 1516//1516 1520//1520
f 1520//1520 1516//1516 1524//1524
f 1524//1524 580//580 1520//1520
f 1480//1480 1473//1473 881//881
f 690//690 1447//1447 904//904
f 756//756 1447//1447 690//690
f 1447//1447 881//881 1473//1473
f 664//664 842//842 884//884
f 664//664 1480//1480 842//842
f 881//881 1447//1447 756//756
f 842//842 1480//1480 881//881
f 1232//1232 715//715 669//669
f 791//791 669//669 715//715
f 1469//1469 1497//1497 599//599
f 1586//1586 1497//1497 319//319
f 127//127 1586//1586 319//319
f 999//999 1000//1000 1010//1010
f 1586//1586 1010//1010 1000//1000
f 1000//1000 945//945 432//432
f 650//650 687//687 1484//1484
f 887//887 871//871 1501//1501
f 983//983 918//918 867//867
f 887//887 983//983 867//867
f 829//829 871//871 887//887
f 1475//1475 1573//1573 829//829
f 1475//1475 1484//1484 1573//1573
f 809//809 828//828 832//832
f 755//755 809//809 832//832
f 828//828 809//809 650//650
f 809//809 1534//1534 650//650
f 1534//1534 563//563 650//650
f 509//509 563//563 98//98
f 98//98 563//563 1604//1604
f 1431//1431 1604//1604 441//441
f 1047//1047 1174//1174 1163//1163
f 1224//1224 1018//1018 1028//1028
f 308//308 310//310 1096//1096
f 988//988 841//841 1036//1036
f 1337//1337 1376//1376 670//670
f 1262//1262 1579//1579 1593//1593
f 859//859 1593//1593 497//497
f 1554//1554 1549//1549 497//497
f 1549//1549 636//636 777//777
f 1513//1513 1520//1520 698//698
f 1508//1508 698//698 636//636
f 1508//1508 1513//1513 698//698
f 582//582 1536//1536 1498//1498
f 582//582 1498//1498 431//431
f 403//403 431//431 1498//1498
f 1447//1447 1232//1232 904//904
f 1232//1232 801//801 715//715
f 677//677 648//648 1236//1236
f 805//805 612//612 820//820
f 1469//1469 568//568 458//458
f 319//319 1497//1497 1469//1469
f 871//871 432//432 945//945
f 432//432 871//871 1573//1573
f 983//983 1501//1501 972//972
f 918//918 955//955 900//900
f 900//900 955//955 957//957
f 887//887 867//867 829//829
f 829//829 1563//1563 1475//1475
f 832//832 828//828 1484//1484
f 809//809 750//750 1061//1061
f 1052//1052 1061//1061 750//750
f 809//809 1061//1061 1530//1530
f 1530//1530 1534//1534 809//809
f 441//441 563//563 1534//1534
f 563//563 441//441 1604//1604
f 982//982 1212//1212 1058//1058
f 1405//1405 1058//1058 1028//1028
f 1058//1058 1224//1224 1028//1028
f 1163//1163 1172//1172 1212//1212
f 927//927 1146//1146 477//477
f 1018//1018 493//493 1460//1460
f 1466//1466 1460//1460 991//991
f 1009//1009 1466//1466 991//991
f 1270//1270 1253//1253 1500//1500
f 1267//1267 1466//1466 1053//1053
f 1500//1500 1491//1491 1270//1270
f 1267//1267 1053//1053 1270//1270
f 514//514 1040//1040 1514//1514
f 256//256 251//251 1514//1514
f 1270//1270 1491//1491 1582//1582
f 1247//1247 1466//1466 1267//1267
f 1018//1018 1582//1582 514//514
f 1270//1270 1582//1582 1267//1267
f 514//514 1582//1582 1491//1491
f 1582//1582 1247//1247 1267//1267
f 1582//1582 1018//1018 1247//1247
f 1018//1018 1460//1460 1466//1466
f 1247//1247 1018//1018 1466//1466
f 1040//1040 514//514 1491//1491
f 1589//1589 531//531 514//514
f 1589//1589 547//547 531//531
f 251//251 256//256 547//547
f 547//547 1589//1589 251//251
f 514//514 251//251 1589//1589
f 1088//1088 285//285 1004//1004
f 1088//1088 1004//1004 988//988
f 988//988 281//281 841//841
f 277//277 570//570 1004//1004
f 277//277 573//573 830//830
f 830//830 570//570 277//277
f 714//714 667//667 670//670
f 670//670 35//35 1337//1337
f 1440//1440 1639//1639 44//44
f 1643//1643 46//46 1639//1639
f 1643//1643 626//626 33//33
f 1337//1337 35//35 67//67
f 497//497 1593//1593 1554//1554
f 1554//1554 23//23 39//39
f 1554//1554 39//39 66//66
f 404//404 1211//1211 715//715
f 603//603 660//660 396//396
f 609//609 612//612 396//396
f 612//612 609//609 820//820
f 458//458 820//820 609//609
f 458//458 568//568 820//820
f 470//470 458//458 624//624
f 458//458 470//470 1469//1469
f 127//127 1014//1014 1010//1010
f 1014//1014 1481//1481 140//140
f 1014//1014 140//140 69//69
f 999//999 972//972 1000//1000
f 955//955 1015//1015 957//957
f 94//94 348//348 333//333
f 1530//1530 1061//1061 439//439
f 1530//1530 439//439 1534//1534
f 439//439 1131//1131 939//939
f 1172//1172 1131//1131 925//925
f 1412//1412 1156//1156 1212//1212
f 1628//1628 1146//1146 1156//1156
f 1560//1560 1146//1146 1555//1555
f 721//721 477//477 1560//1560
f 991//991 493//493 1455//1455
f 980//980 1004//1004 285//285
f 980//980 285//285 1299//1299
f 856//856 844//844 614//614
f 931//931 856//856 751//751
f 573//573 844//844 856//856
f 714//714 841//841 54//54
f 570//570 54//54 281//281
f 28//28 54//54 31//31
f 714//714 54//54 28//28
f 28//28 24//24 714//714
f 41//41 714//714 24//24
f 667//667 714//714 41//41
f 1164//1164 1611//1611 57//57
f 25//25 57//57 1611//1611
f 1440//1440 36//36 1611//1611
f 26//26 25//25 36//36
f 36//36 1440//1440 44//44
f 45//45 33//33 626//626
f 1554//1554 1593//1593 23//23
f 528//528 636//636 1549//1549
f 636//636 528//528 1435//1435
f 387//387 53//53 43//43
f 495//495 387//387 43//43
f 495//495 382//382 387//387
f 1507//1507 528//528 387//387
f 382//382 1507//1507 387//387
f 1536//1536 1518//1518 1450//1450
f 1473//1473 1442//1442 1447//1447
f 1269//1269 801//801 1232//1232
f 1269//1269 1154//1154 801//801
f 801//801 1154//1154 715//715
f 1154//1154 404//404 715//715
f 1211//1211 1234//1234 1236//1236
f 1234//1234 1209//1209 537//537
f 677//677 1236//1236 1234//1234
f 425//425 435//435 1420//1420
f 624//624 419//419 425//425
f 624//624 692//692 603//603
f 609//609 660//660 458//458
f 692//692 458//458 660//660
f 603//603 692//692 660//660
f 470//470 624//624 1420//1420
f 419//419 624//624 603//603
f 692//692 624//624 458//458
f 1481//1481 1470//1470 1441//1441
f 879//879 72//72 877//877
f 69//69 348//348 94//94
f 69//69 72//72 348//348
f 69//69 957//957 1015//1015
f 955//955 918//918 983//983
f 983//983 999//999 955//955
f 1015//1015 955//955 999//999
f 69//69 94//94 957//957
f 333//333 298//298 309//309
f 280//280 309//309 298//298
f 900//900 262//262 862//862
f 786//786 755//755 832//832
f 759//759 786//786 662//662
f 750//750 755//755 701//701
f 755//755 750//750 809//809
f 1628//1628 1156//1156 1412//1412
f 1630//1630 457//457 1555//1555
f 1630//1630 1146//1146 1628//1628
f 1630//1630 1555//1555 1146//1146
f 1560//1560 1207//1207 1258//1258
f 1207//1207 1560//1560 1555//1555
f 1258//1258 1468//1468 721//721
f 490//490 721//721 1468//1468
f 1253//1253 494//494 1468//1468
f 978//978 1009//1009 494//494
f 1053//1053 1009//1009 978//978
f 991//991 1455//1455 1009//1009
f 1009//1009 1455//1455 494//494
f 978//978 494//494 1253//1253
f 1468//1468 494//494 490//490
f 927//927 477//477 490//490
f 490//490 494//494 927//927
f 477//477 721//721 490//490
f 494//494 1455//1455 927//927
f 1487//1487 1500//1500 1468//1468
f 1500//1500 1487//1487 1494//1494
f 1487//1487 1273//1273 1494//1494
f 1050//1050 1040//1040 1494//1494
f 285//285 1514//1514 1040//1040
f 1592//1592 1299//1299 1303//1303
f 1299//1299 545//545 980//980
f 545//545 1299//1299 1592//1592
f 1592//1592 920//920 545//545
f 920//920 854//854 980//980
f 931//931 751//751 724//724
f 931//931 744//744 573//573
f 573//573 744//744 830//830
f 1250//1250 570//570 830//830
f 570//570 1250//1250 54//54
f 29//29 1161//1161 30//30
f 1635//1635 1611//1611 1164//1164
f 1611//1611 1635//1635 1440//1440
f 1262//1262 35//35 45//45
f 45//45 68//68 1262//1262
f 68//68 1579//1579 1262//1262
f 43//43 1579//1579 520//520
f 23//23 1593//1593 43//43
f 1579//1579 43//43 1593//1593
f 626//626 520//520 1579//1579
f 43//43 520//520 495//495
f 626//626 1579//1579 68//68
f 626//626 1643//1643 520//520
f 520//520 382//382 495//495
f 1643//1643 1507//1507 382//382
f 1507//1507 1639//1639 1635//1635
f 1635//1635 1435//1435 1507//1507
f 1474//1474 1406//1406 1428//1428
f 1450//1450 1518//1518 1548//1548
f 1536//1536 1450//1450 1498//1498
f 1454//1454 1480//1480 1498//1498
f 1473//1473 1480//1480 1454//1454
f 1447//1447 1442//1442 1232//1232
f 1442//1442 1269//1269 1232//1232
f 1211//1211 1209//1209 1234//1234
f 1234//1234 537//537 888//888
f 1311//1311 1313//1313 396//396
f 1411//1411 425//425 419//419
f 435//435 425//425 1411//1411
f 1423//1423 435//435 1422//1422
f 1423//1423 1422//1422 1437//1437
f 1423//1423 635//635 435//435
f 1441//1441 1446//1446 1481//1481
f 1481//1481 1556//1556 878//878
f 1481//1481 878//878 877//877
f 879//879 877//877 878//878
f 316//316 333//333 334//334
f 348//348 72//72 334//334
f 334//334 333//333 348//348
f 292//292 298//298 316//316
f 280//280 262//262 309//309
f 282//282 274//274 250//250
f 728//728 279//279 250//250
f 259//259 728//728 250//250
f 274//274 282//282 876//876
f 334//334 876//876 282//282
f 274//274 876//876 808//808
f 259//259 274//274 808//808
f 279//279 280//280 298//298
f 867//867 862//862 1464//1464
f 1434//1434 829//829 867//867
f 1052//1052 750//750 761//761
f 1052//1052 831//831 1061//1061
f 925//925 1133//1133 1412//1412
f 925//925 1131//1131 1133//1133
f 1412//1412 1133//1133 1628//1628
f 1131//1131 831//831 1133//1133
f 1131//1131 1399//1399 831//831
f 1399//1399 1061//1061 831//831
f 831//831 1400//1400 1133//1133
f 774//774 1052//1052 761//761
f 774//774 831//831 1052//1052
f 831//831 774//774 1400//1400
f 1424//1424 1207//1207 457//457
f 960//960 1207//1207 1424//1424
f 1258//1258 1218//1218 990//990
f 1167//1167 1185//1185 960//960
f 1207//1207 960//960 1218//1218
f 1218//1218 1185//1185 990//990
f 1185//1185 1218//1218 960//960
f 1258//1258 1207//1207 1218//1218
f 950//950 1185//1185 1175//1175
f 1564//1564 920//920 1592//1592
f 1175//1175 1185//1185 1167//1167
f 1592//1592 990//990 950//950
f 1303//1303 990//990 1592//1592
f 1592//1592 950//950 1564//1564
f 950//950 1175//1175 1552//1552
f 1552//1552 462//462 950//950
f 940//940 1175//1175 1167//1167
f 940//940 429//429 390//390
f 1633//1633 1551//1551 1175//1175
f 1551//1551 1552//1552 1175//1175
f 1551//1551 462//462 1552//1552
f 1564//1564 854//854 920//920
f 854//854 1564//1564 479//479
f 34//34 54//54 37//37
f 1632//1632 1161//1161 40//40
f 56//56 1113//1113 973//973
f 56//56 973//973 55//55
f 55//55 846//846 802//802
f 973//973 846//846 55//55
f 1348//1348 953//953 1388//1388
f 1580//1580 1505//1505 1605//1605
f 802//802 963//963 55//55
f 963//963 802//802 837//837
f 29//29 47//47 1161//1161
f 729//729 659//659 1142//1142
f 1161//1161 1120//1120 30//30
f 1120//1120 1164//1164 30//30
f 57//57 30//30 1164//1164
f 1115//1115 1588//1588 1164//1164
f 1588//1588 1435//1435 1635//1635
f 1416//1416 1418//1418 1508//1508
f 1418//1418 1474//1474 1513//1513
f 1474//1474 1428//1428 1513//1513
f 1428//1428 1406//1406 1202//1202
f 1498//1498 1450//1450 1454//1454
f 1269//1269 434//434 1154//1154
f 797//797 1411//1411 412//412
f 1437//1437 1432//1432 1438//1438
f 1443//1443 1423//1423 1437//1437
f 635//635 1423//1423 1446//1446
f 1556//1556 816//816 878//878
f 878//878 880//880 879//879
f 752//752 879//879 880//880
f 808//808 752//752 845//845
f 845//845 275//275 808//808
f 738//738 259//259 808//808
f 279//279 728//728 280//280
f 262//262 1544//1544 1559//1559
f 1544//1544 262//262 1448//1448
f 1448//1448 1432//1432 1544//1544
f 1544//1544 1432//1432 1559//1559
f 468//468 697//697 1563//1563
f 697//697 1472//1472 1563//1563
f 701//701 696//696 750//750
f 1628//1628 1622//1622 1630//1630
f 1175//1175 940//940 1633//1633
f 1633//1633 940//940 390//390
f 1551//1551 1633//1633 451//451
f 1634//1634 479//479 462//462
f 1634//1634 535//535 479//479
f 535//535 541//541 479//479
f 479//479 541//541 649//649
f 614//614 569//569 856//856
f 751//751 686//686 724//724
f 54//54 1250//1250 37//37
f 1632//1632 40//40 48//48
f 1623//1623 1632//1632 48//48
f 42//42 1623//1623 48//48
f 56//56 49//49 51//51
f 686//686 1531//1531 1113//1113
f 973//973 1111//1111 1388//1388
f 1505//1505 1580//1580 1348//1348
f 1580//1580 770//770 953//953
f 1142//1142 659//659 1120//1120
f 1545//1545 1381//1381 1202//1202
f 1545//1545 1406//1406 1474//1474
f 1518//1518 1409//1409 1397//1397
f 1442//1442 1454//1454 1532//1532
f 1442//1442 1177//1177 1269//1269
f 1154//1154 1145//1145 1136//1136
f 1136//1136 1642//1642 404//404
f 405//405 1211//1211 1642//1642
f 574//574 537//537 519//519
f 574//574 888//888 537//537
f 888//888 574//574 1311//1311
f 1311//1311 83//83 572//572
f 1432//1432 1437//1437 1422//1422
f 1438//1438 1432//1432 1538//1538
f 1443//1443 1437//1437 1438//1438
f 1556//1556 1543//1543 816//816
f 252//252 845//845 752//752
f 889//889 951//951 252//252
f 317//317 252//252 951//951
f 296//296 314//314 909//909
f 296//296 808//808 275//275
f 712//712 1448//1448 728//728
f 262//262 728//728 1448//1448
f 1538//1538 1448//1448 712//712
f 1537//1537 1543//1543 1538//1538
f 1438//1438 1538//1538 1543//1543
f 1556//1556 1443//1443 1543//1543
f 799//799 752//752 880//880
f 384//384 352//352 317//317
f 352//352 275//275 317//317
f 275//275 314//314 296//296
f 314//314 450//450 909//909
f 296//296 909//909 894//894
f 894//894 738//738 296//296
f 738//738 847//847 712//712
f 847//847 1540//1540 712//712
f 760//760 1537//1537 1540//1540
f 816//816 1543//1543 1537//1537
f 816//816 1537//1537 799//799
f 799//799 760//760 752//752
f 267//267 889//889 739//739
f 951//951 267//267 331//331
f 267//267 951//951 889//889
f 384//384 951//951 372//372
f 373//373 352//352 384//384
f 450//450 518//518 909//909
f 518//518 365//365 909//909
f 365//365 79//79 909//909
f 366//366 365//365 487//487
f 291//291 961//961 366//366
f 961//961 848//848 79//79
f 848//848 894//894 79//79
f 79//79 894//894 909//909
f 894//894 847//847 738//738
f 740//740 760//760 1540//1540
f 760//760 740//740 739//739
f 252//252 752//752 760//760
f 252//252 760//760 889//889
f 267//267 818//818 291//291
f 372//372 951//951 331//331
f 449//449 487//487 518//518
f 518//518 487//487 365//365
f 366//366 364//364 291//291
f 848//848 847//847 894//894
f 848//848 818//818 740//740
f 291//291 818//818 961//961
f 267//267 739//739 818//818
f 739//739 740//740 818//818
f 889//889 760//760 739//739
f 818//818 848//848 961//961
f 364//364 487//487 372//372
f 384//384 372//372 488//488
f 488//488 487//487 449//449
f 372//372 487//487 488//488
f 364//364 331//331 291//291
f 331//331 364//364 372//372
f 366//366 487//487 364//364
f 366//366 79//79 365//365
f 848//848 740//740 847//847
f 79//79 366//366 961//961
f 449//449 518//518 450//450
f 450//450 352//352 373//373
f 314//314 352//352 450//450
f 449//449 450//450 373//373
f 331//331 267//267 291//291
f 760//760 799//799 1537//1537
f 740//740 1540//1540 847//847
f 352//352 314//314 275//275
f 373//373 384//384 449//449
f 449//449 384//384 488//488
f 384//384 317//317 951//951
f 799//799 880//880 816//816
f 1540//1540 1538//1538 712//712
f 1540//1540 1537//1537 1538//1538
f 1427//1427 1434//1434 867//867
f 516//516 654//654 786//786
f 654//654 662//662 786//786
f 701//701 759//759 561//561
f 1622//1622 542//542 1630//1630
f 542//542 429//429 1424//1424
f 1424//1424 457//457 542//542
f 960//960 1424//1424 940//940
f 390//390 429//429 379//379
f 614//614 649//649 541//541
f 614//614 476//476 569//569
f 476//476 473//473 569//569
f 751//751 569//569 1619//1619
f 751//751 1619//1619 1531//1531
f 1605//1605 1531//1531 1619//1619
f 1605//1605 1619//1619 1315//1315
f 1210//1210 1580//1580 1315//1315
f 1580//1580 1495//1495 770//770
f 770//770 787//787 846//846
f 1120//1120 1581//1581 1115//1115
f 1120//1120 1115//1115 1164//1164
f 1433//1433 1430//1430 1597//1597
f 1137//1137 1430//1430 1435//1435
f 1445//1445 1435//1435 1430//1430
f 1430//1430 1433//1433 1445//1445
f 1445//1445 1416//1416 1435//1435
f 1509//1509 1410//1410 1418//1418
f 1201//1201 440//440 1381//1381
f 1545//1545 1202//1202 1406//1406
f 1532//1532 434//434 1177//1177
f 1442//1442 1532//1532 1177//1177
f 1548//1548 1383//1383 1379//1379
f 405//405 485//485 1211//1211
f 574//574 1607//1607 1311//1311
f 1313//1313 572//572 411//411
f 1422//1422 446//446 1432//1432
f 1432//1432 446//446 1559//1559
f 631//631 102//102 759//759
f 561//561 759//759 102//102
f 701//701 561//561 618//618
f 611//611 701//701 618//618
f 701//701 611//611 696//696
f 696//696 598//598 745//745
f 1083//1083 1065//1065 1622//1622
f 429//429 542//542 1616//1616
f 940//940 1424//1424 429//429
f 1616//1616 1613//1613 429//429
f 379//379 1515//1515 390//390
f 535//535 1522//1522 541//541
f 541//541 436//436 614//614
f 473//473 1619//1619 569//569
f 1517//1517 1488//1488 473//473
f 1517//1517 473//473 1550//1550
f 1403//1403 1315//1315 1488//1488
f 1325//1325 1403//1403 1488//1488
f 1323//1323 1403//1403 1325//1325
f 1580//1580 1210//1210 1495//1495
f 787//787 753//753 780//780
f 737//737 780//780 753//753
f 780//780 737//737 729//729
f 935//935 1363//1363 1076//1076
f 1115//1115 716//716 1588//1588
f 1597//1597 1602//1602 1433//1433
f 1429//1429 1433//1433 1606//1606
f 1509//1509 1416//1416 1445//1445
f 1409//1409 1202//1202 1414//1414
f 1548//1548 434//434 1532//1532
f 1379//1379 434//434 1548//1548
f 1211//1211 485//485 1209//1209
f 574//574 519//519 423//423
f 662//662 567//567 631//631
f 567//567 102//102 631//631
f 83//83 567//567 572//572
f 411//411 655//655 697//697
f 1472//1472 697//697 516//516
f 697//697 655//655 516//516
f 654//654 655//655 572//572
f 662//662 654//654 567//567
f 654//654 572//572 567//567
f 572//572 655//655 411//411
f 797//797 795//795 468//468
f 795//795 797//797 411//411
f 1464//1464 433//433 1427//1427
f 1427//1427 797//797 1434//1434
f 433//433 797//797 1427//1427
f 862//862 1559//1559 1464//1464
f 446//446 1464//1464 1559//1559
f 446//446 433//433 1464//1464
f 411//411 697//697 795//795
f 598//598 643//643 745//745
f 1063//1063 1392//1392 1614//1614
f 1622//1622 1065//1065 1616//1616
f 1065//1065 1063//1063 1616//1616
f 390//390 1515//1515 492//492
f 390//390 492//492 451//451
f 1527//1527 1512//1512 535//535
f 535//535 1512//1512 1522//1522
f 1522//1522 436//436 541//541
f 476//476 614//614 436//436
f 1517//1517 1598//1598 1488//1488
f 1325//1325 1570//1570 1323//1323
f 1567//1567 1570//1570 1318//1318
f 1571//1571 1567//1567 1318//1318
f 1570//1570 1567//1567 851//851
f 1323//1323 875//875 1210//1210
f 1323//1323 1210//1210 1403//1403
f 705//705 652//652 703//703
f 638//638 652//652 705//705
f 770//770 1495//1495 705//705
f 652//652 640//640 659//659
f 632//632 1120//1120 659//659
f 616//616 1076//1076 632//632
f 1076//1076 616//616 629//629
f 1076//1076 629//629 608//608
f 1076//1076 608//608 935//935
f 935//935 1362//1362 1363//1363
f 1601//1601 1363//1363 1362//1362
f 1583//1583 1363//1363 1601//1601
f 716//716 1137//1137 1588//1588
f 1602//1602 1597//1597 1601//1601
f 1181//1181 1509//1509 1067//1067
f 440//440 815//815 483//483
f 1414//1414 1397//1397 1409//1409
f 1383//1383 1548//1548 1397//1397
f 689//689 1381//1381 1482//1482
f 1383//1383 1414//1414 1381//1381
f 1414//1414 1202//1202 1381//1381
f 1383//1383 1397//1397 1414//1414
f 1383//1383 1381//1381 689//689
f 440//440 1482//1482 1381//1381
f 424//424 1482//1482 440//440
f 424//424 398//398 1482//1482
f 680//680 689//689 1482//1482
f 395//395 689//689 680//680
f 533//533 423//423 517//517
f 549//549 423//423 533//533
f 1209//1209 423//423 519//519
f 549//549 574//574 423//423
f 533//533 1607//1607 549//549
f 443//443 73//73 469//469
f 618//618 561//561 443//443
f 618//618 443//443 611//611
f 1238//1238 594//594 543//543
f 790//790 1394//1394 1392//1392
f 1392//1392 1351//1351 1238//1238
f 1613//1613 1063//1063 1614//1614
f 1515//1515 1557//1557 492//492
f 492//492 1533//1533 451//451
f 451//451 1527//1527 535//535
f 1486//1486 1527//1527 451//451
f 1374//1374 1486//1486 451//451
f 1527//1527 1486//1486 1478//1478
f 436//436 1550//1550 476//476
f 400//400 1517//1517 1550//1550
f 1502//1502 1517//1517 400//400
f 1598//1598 1461//1461 1488//1488
f 1439//1439 1461//1461 1502//1502
f 1523//1523 1439//1439 1493//1493
f 1321//1321 1571//1571 1439//1439
f 1291//1291 1567//1567 1307//1307
f 1307//1307 1567//1567 1571//1571
f 1541//1541 851//851 1567//1567
f 1471//1471 1193//1193 875//875
f 1210//1210 1193//1193 1495//1495
f 851//851 1189//1189 1471//1471
f 1331//1331 1495//1495 1341//1341
f 1331//1331 638//638 705//705
f 616//616 632//632 640//640
f 415//415 1362//1362 1098//1098
f 1596//1596 415//415 1007//1007
f 1606//1606 1596//1596 1007//1007
f 1602//1602 1596//1596 1606//1606
f 1137//1137 1583//1583 1597//1597
f 716//716 1363//1363 1583//1583
f 1115//1115 1090//1090 1363//1363
f 1115//1115 1363//1363 716//716
f 1115//1115 1581//1581 1090//1090
f 1601//1601 1362//1362 1596//1596
f 1606//1606 1509//1509 1429//1429
f 1067//1067 707//707 671//671
f 718//718 749//749 713//713
f 718//718 713//713 676//676
f 688//688 718//718 676//676
f 644//644 688//688 676//676
f 1165//1165 747//747 749//749
f 482//482 430//430 475//475
f 430//430 769//769 1165//1165
f 430//430 483//483 769//769
f 424//424 482//482 398//398
f 178//178 680//680 398//398
f 1145//1145 395//395 680//680
f 1136//1136 1145//1145 680//680
f 1136//1136 680//680 178//178
f 405//405 1642//1642 1640//1640
f 110//110 106//106 386//386
f 110//110 386//386 78//78
f 485//485 106//106 110//110
f 233//233 423//423 1209//1209
f 533//533 469//469 1607//1607
f 443//443 613//613 611//611
f 611//611 585//585 598//598
f 585//585 625//625 598//598
f 594//594 576//576 543//543
f 543//543 586//586 610//610
f 742//742 1238//1238 645//645
f 559//559 511//511 508//508
f 699//699 742//742 645//645
f 742//742 788//788 790//790
f 1613//1613 1394//1394 790//790
f 1392//1392 1394//1394 1614//1614
f 790//790 379//379 1613//1613
f 1617//1617 758//758 228//228
f 1557//1557 1603//1603 492//492
f 1603//1603 1533//1533 492//492
f 1476//1476 1485//1485 1486//1486
f 1522//1522 1493//1493 400//400
f 1502//1502 400//400 1493//1493
f 1512//1512 1523//1523 1522//1522
f 1496//1496 1523//1523 1512//1512
f 1389//1389 1413//1413 1496//1496
f 1307//1307 1571//1571 1296//1296
f 1567//1567 1291//1291 1541//1541
f 851//851 1541//1541 1189//1189
f 1417//1417 1377//1377 1471//1471
f 1495//1495 1377//1377 1387//1387
f 1495//1495 1387//1387 1341//1341
f 1026//1026 1341//1341 1387//1387
f 1331//1331 1341//1341 1279//1279
f 616//616 640//640 652//652
f 652//652 638//638 616//616
f 1297//1297 935//935 1565//1565
f 676//676 713//713 633//633
f 644//644 235//235 428//428
f 718//718 1165//1165 749//749
f 1165//1165 688//688 430//430
f 386//386 484//484 374//374
f 1638//1638 398//398 484//484
f 1638//1638 178//178 398//398
f 1640//1640 178//178 1638//1638
f 1641//1641 1640//1640 1638//1638
f 517//517 423//423 233//233
f 533//533 517//517 408//408
f 613//613 469//469 461//461
f 443//443 469//469 613//613
f 461//461 585//585 613//613
f 606//606 585//585 461//461
f 576//576 556//556 601//601
f 586//586 576//576 399//399
f 645//645 1238//1238 1182//1182
f 1373//1373 1393//1393 1463//1463
f 75//75 107//107 120//120
f 107//107 141//141 120//120
f 422//422 75//75 120//120
f 1349//1349 84//84 1393//1393
f 471//471 508//508 511//511
f 168//168 559//559 508//508
f 559//559 510//510 511//511
f 510//510 1382//1382 1463//1463
f 510//510 559//559 621//621
f 1382//1382 510//510 645//645
f 634//634 708//708 699//699
f 248//248 1617//1617 1515//1515
f 1617//1617 248//248 758//758
f 758//758 248//248 207//207
f 228//228 706//706 1617//1617
f 651//651 1378//1378 706//706
f 1486//1486 1485//1485 1478//1478
f 1511//1511 1512//1512 1478//1478
f 1511//1511 1005//1005 1389//1389
f 1571//1571 1321//1321 1296//1296
f 1220//1220 1307//1307 1296//1296
f 1562//1562 1291//1291 1307//1307
f 1541//1541 1255//1255 1221//1221
f 1221//1221 1189//1189 1541//1541
f 1189//1189 1417//1417 1471//1471
f 1417//1417 1189//1189 1221//1221
f 608//608 1068//1068 571//571
f 935//935 608//608 1565//1565
f 505//505 1297//1297 1565//1565
f 173//173 935//935 1297//1297
f 173//173 216//216 935//935
f 1097//1097 1100//1100 220//220
f 427//427 271//271 78//78
f 110//110 78//78 271//271
f 606//606 461//461 408//408
f 556//556 625//625 606//606
f 606//606 601//601 556//556
f 420//420 399//399 576//576
f 610//610 586//586 539//539
f 1373//1373 1382//1382 1277//1277
f 1373//1373 1214//1214 1349//1349
f 80//80 109//109 107//107
f 107//107 75//75 80//80
f 126//126 141//141 109//109
f 84//84 75//75 422//422
f 512//512 471//471 511//511
f 168//168 508//508 491//491
f 491//491 170//170 168//168
f 191//191 168//168 170//170
f 191//191 575//575 559//559
f 621//621 559//559 575//575
f 699//699 510//510 621//621
f 699//699 645//645 510//510
f 634//634 699//699 621//621
f 191//191 207//207 575//575
f 207//207 248//248 575//575
f 201//201 758//758 207//207
f 228//228 758//758 201//201
f 651//651 1510//1510 673//673
f 1603//1603 766//766 1365//1365
f 552//552 964//964 1476//1476
f 1476//1476 964//964 1372//1372
f 1478//1478 1005//1005 1511//1511
f 1389//1389 1296//1296 1321//1321
f 1296//1296 1302//1302 1220//1220
f 1196//1196 1249//1249 1220//1220
f 1255//1255 1249//1249 1361//1361
f 1220//1220 1562//1562 1307//1307
f 1291//1291 1255//1255 1541//1541
f 1221//1221 1396//1396 1417//1417
f 1377//1377 1417//1417 1387//1387
f 1026//1026 971//971 987//987
f 1026//1026 987//987 1415//1415
f 1415//1415 1341//1341 1026//1026
f 1068//1068 1279//1279 962//962
f 571//571 1068//1068 962//962
f 158//158 212//212 489//489
f 205//205 212//212 158//158
f 657//657 1097//1097 220//220
f 1264//1264 427//427 1444//1444
f 1264//1264 1458//1458 1490//1490
f 1272//1272 1264//1264 1490//1490
f 576//576 601//601 420//420
f 539//539 1182//1182 610//610
f 1126//1126 1182//1182 539//539
f 1228//1228 1126//1126 539//539
f 1373//1373 1277//1277 1214//1214
f 1349//1349 1214//1214 1293//1293
f 321//321 322//322 391//391
f 75//75 391//391 369//369
f 75//75 369//369 80//80
f 109//109 401//401 126//126
f 124//124 121//121 132//132
f 132//132 141//141 126//126
f 176//176 156//156 207//207
f 471//471 139//139 156//156
f 471//471 454//454 508//508
f 508//508 454//454 491//491
f 591//591 1401//1401 1499//1499
f 673//673 1465//1465 766//766
f 1465//1465 891//891 766//766
f 1465//1465 554//554 891//891
f 891//891 554//554 590//590
f 1374//1374 552//552 1476//1476
f 891//891 522//522 1374//1374
f 1365//1365 891//891 1374//1374
f 1005//1005 1302//1302 1389//1389
f 1302//1302 1542//1542 1220//1220
f 1249//1249 1196//1196 1361//1361
f 1417//1417 971//971 1026//1026
f 899//899 984//984 1341//1341
f 984//984 1279//1279 1341//1341
f 1279//1279 984//984 962//962
f 1011//1011 571//571 962//962
f 571//571 1011//1011 1017//1017
f 1017//1017 608//608 571//571
f 1546//1546 1565//1565 1017//1017
f 167//167 173//173 489//489
f 181//181 465//465 1340//1340
f 1246//1246 1343//1343 1227//1227
f 1227//1227 1343//1343 1625//1625
f 1278//1278 408//408 1547//1547
f 233//233 1272//1272 1547//1547
f 1272//1272 234//234 1264//1264
f 1272//1272 233//233 234//234
f 271//271 234//234 233//233
f 551//551 420//420 601//601
f 539//539 399//399 1257//1257
f 1126//1126 1360//1360 1277//1277
f 1178//1178 318//318 1187//1187
f 1178//1178 1187//1187 363//363
f 369//369 322//322 1178//1178
f 121//121 504//504 132//132
f 132//132 504//504 139//139
f 139//139 504//504 156//156
f 504//504 121//121 426//426
f 426//426 201//201 504//504
f 1425//1425 1436//1436 591//591
f 397//397 590//590 554//554
f 1012//1012 1372//1372 932//932
f 968//968 932//932 1372//1372
f 1005//1005 986//986 1302//1302
f 1302//1302 986//986 1294//1294
f 1294//1294 1542//1542 1302//1302
f 1402//1402 1457//1457 1180//1180
f 1402//1402 1354//1354 1355//1355
f 184//184 1341//1341 1415//1415
f 184//184 456//456 899//899
f 1341//1341 184//184 899//899
f 1625//1625 1343//1343 358//358
f 358//358 1343//1343 1332//1332
f 1340//1340 1332//1332 1343//1343
f 1332//1332 407//407 358//358
f 1257//1257 1558//1558 1384//1384
f 1257//1257 1568//1568 1558//1558
f 1490//1490 1558//1558 1278//1278
f 1244//1244 1183//1183 1214//1214
f 1214//1214 1183//1183 1245//1245
f 1245//1245 1162//1162 1214//1214
f 1293//1293 307//307 391//391
f 391//391 307//307 321//321
f 288//288 321//321 1199//1199
f 320//320 288//288 1123//1123
f 321//321 288//288 322//322
f 322//322 288//288 1178//1178
f 288//288 320//320 1178//1178
f 320//320 311//311 318//318
f 318//318 311//311 1194//1194
f 1187//1187 318//318 356//356
f 376//376 1187//1187 356//356
f 369//369 1187//1187 376//376
f 369//369 376//376 80//80
f 92//92 410//410 108//108
f 1425//1425 426//426 378//378
f 1465//1465 1510//1510 1386//1386
f 673//673 1510//1510 1465//1465
f 532//532 522//522 523//523
f 532//532 148//148 552//552
f 557//557 885//885 964//964
f 997//997 1012//1012 932//932
f 1012//1012 997//997 1021//1021
f 997//997 986//986 1021//1021
f 1457//1457 1542//1542 1294//1294
f 1542//1542 1457//1457 1451//1451
f 1198//1198 1457//1457 882//882
f 855//855 1198//1198 882//882
f 500//500 478//478 498//498
f 1198//1198 1369//1369 1180//1180
f 1221//1221 1361//1361 1419//1419
f 1419//1419 1396//1396 1221//1221
f 1419//1419 952//952 1396//1396
f 971//971 1396//1396 952//952
f 456//456 184//184 161//161
f 456//456 1242//1242 899//899
f 1242//1242 984//984 899//899
f 1324//1324 460//460 1254//1254
f 1324//1324 1017//1017 460//460
f 1324//1324 1254//1254 505//505
f 1332//1332 1233//1233 407//407
f 407//407 1304//1304 358//358
f 1625//1625 358//358 359//359
f 1366//1366 1347//1347 1353//1353
f 551//551 1278//1278 1568//1568
f 408//408 1278//1278 551//551
f 399//399 551//551 1568//1568
f 1568//1568 1257//1257 399//399
f 1261//1261 1462//1462 1228//1228
f 1162//1162 1322//1322 1293//1293
f 307//307 1293//1293 1322//1322
f 266//266 290//290 288//288
f 1123//1123 311//311 320//320
f 1205//1205 1243//1243 1194//1194
f 1194//1194 1243//1243 356//356
f 124//124 401//401 90//90
f 90//90 122//122 124//124
f 122//122 90//90 389//389
f 92//92 418//418 410//410
f 406//406 410//410 418//418
f 1436//1436 378//378 414//414
f 1401//1401 455//455 1380//1380
f 1380//1380 455//455 1367//1367
f 1367//1367 397//397 1489//1489
f 1459//1459 1367//1367 1489//1489
f 414//414 381//381 1401//1401
f 1401//1401 381//381 455//455
f 1263//1263 1368//1368 1235//1235
f 590//590 397//397 540//540
f 1637//1637 523//523 584//584
f 1637//1637 532//532 523//523
f 552//552 522//522 532//532
f 1372//1372 964//964 968//968
f 997//997 855//855 882//882
f 932//932 500//500 498//498
f 486//486 500//500 932//932
f 498//498 506//506 855//855
f 1180//1180 1369//1369 1402//1402
f 1345//1345 1355//1355 555//555
f 1345//1345 1361//1361 1355//1355
f 555//555 952//952 1317//1317
f 952//952 1419//1419 1317//1317
f 971//971 952//952 1329//1329
f 1415//1415 1329//1329 184//184
f 184//184 1329//1329 1282//1282
f 1282//1282 161//161 184//184
f 1242//1242 456//456 438//438
f 1241//1241 984//984 1242//1242
f 1241//1241 933//933 962//962
f 460//460 1011//1011 933//933
f 1304//1304 1241//1241 1242//1242
f 928//928 933//933 1241//1241
f 438//438 1304//1304 1242//1242
f 1304//1304 928//928 1241//1241
f 359//359 358//358 1304//1304
f 1304//1304 370//370 355//355
f 1364//1364 355//355 1370//1370
f 1353//1353 1626//1626 1366//1366
f 1353//1353 1176//1176 1462//1462
f 1384//1384 1353//1353 1462//1462
f 1462//1462 1261//1261 1384//1384
f 1360//1360 1462//1462 1338//1338
f 1312//1312 1621//1621 1360//1360
f 1330//1330 1621//1621 1328//1328
f 1095//1095 1128//1128 302//302
f 290//290 304//304 1105//1105
f 1123//1123 290//290 1105//1105
f 1151//1151 1123//1123 1128//1128
f 1143//1143 1151//1151 1128//1128
f 1256//1256 1225//1225 1203//1203
f 1225//1225 1205//1205 1203//1203
f 1194//1194 1151//1151 1205//1205
f 311//311 1123//1123 1151//1151
f 1275//1275 1274//1274 90//90
f 1274//1274 389//389 90//90
f 402//402 418//418 92//92
f 375//375 414//414 378//378
f 381//381 362//362 455//455
f 362//362 1339//1339 455//455
f 1368//1368 1263//1263 189//189
f 397//397 1368//1368 189//189
f 1367//1367 1368//1368 397//397
f 540//540 397//397 189//189
f 540//540 183//183 584//584
f 1637//1637 183//183 254//254
f 584//584 183//183 1637//1637
f 1636//1636 1561//1561 532//532
f 1561//1561 148//148 532//532
f 486//486 885//885 557//557
f 478//478 506//506 498//498
f 1369//1369 1198//1198 506//506
f 1369//1369 1292//1292 1402//1402
f 1402//1402 1292//1292 560//560
f 1361//1361 1345//1345 1317//1317
f 952//952 555//555 1329//1329
f 161//161 142//142 438//438
f 1636//1636 1390//1390 1398//1398
f 532//532 1449//1449 1636//1636
f 1449//1449 1390//1390 1636//1636
f 1390//1390 1449//1449 1631//1631
f 161//161 438//438 456//456
f 360//360 370//370 1370//1370
f 370//370 438//438 150//150
f 355//355 359//359 1304//1304
f 1364//1364 1370//1370 1624//1624
f 1334//1334 1353//1353 1347//1347
f 1353//1353 1334//1334 1176//1176
f 1245//1245 1330//1330 1306//1306
f 1245//1245 1320//1320 1289//1289
f 1128//1128 1095//1095 261//261
f 1114//1114 1128//1128 261//261
f 1151//1151 1143//1143 1169//1169
f 1256//1256 1203//1203 1275//1275
f 389//389 402//402 92//92
f 406//406 402//402 345//345
f 426//426 406//406 378//378
f 406//406 345//345 378//378
f 381//381 414//414 375//375
f 189//189 183//183 540//540
f 532//532 1637//1637 1449//1449
f 370//370 377//377 1370//1370
f 377//377 1371//1371 1370//1370
f 1624//1624 1191//1191 1344//1344
f 1347//1347 915//915 1300//1300
f 1338//1338 1314//1314 1360//1360
f 1360//1360 1314//1314 1312//1312
f 1621//1621 1326//1326 1328//1328
f 1328//1328 726//726 1330//1330
f 1330//1330 726//726 1306//1306
f 1162//1162 1289//1289 85//85
f 1322//1322 93//93 87//87
f 1260//1260 266//266 1060//1060
f 266//266 1118//1118 304//304
f 283//283 1092//1092 287//287
f 287//287 268//268 283//283
f 302//302 283//283 268//268
f 1143//1143 1114//1114 301//301
f 1275//1275 1203//1203 1251//1251
f 336//336 383//383 389//389
f 383//383 402//402 389//389
f 362//362 375//375 350//350
f 1308//1308 1350//1350 1235//1235
f 183//183 1553//1553 254//254
f 1553//1553 1452//1452 254//254
f 1637//1637 1452//1452 377//377
f 377//377 1449//1449 1637//1637
f 377//377 1631//1631 1449//1449
f 377//377 1452//1452 1371//1371
f 1407//1407 1206//1206 1629//1629
f 1629//1629 1191//1191 1452//1452
f 1371//1371 1624//1624 1370//1370
f 919//919 1624//1624 1344//1344
f 915//915 919//919 1344//1344
f 85//85 1289//1289 367//367
f 93//93 1162//1162 85//85
f 1118//1118 1215//1215 1252//1252
f 246//246 268//268 287//287
f 287//287 1118//1118 1252//1252
f 287//287 1092//1092 1118//1118
f 268//268 1093//1093 302//302
f 1095//1095 1093//1093 1080//1080
f 1095//1095 1080//1080 261//261
f 1114//1114 1190//1190 1192//1192
f 1192//1192 301//301 1114//1114
f 315//315 1166//1166 1143//1143
f 1169//1169 1143//1143 1203//1203
f 1166//1166 1222//1222 1203//1203
f 1203//1203 1222//1222 1251//1251
f 383//383 336//336 329//329
f 1316//1316 1407//1407 1350//1350
f 1407//1407 1553//1553 1263//1263
f 1407//1407 1629//1629 1553//1553
f 1206//1206 1148//1148 1629//1629
f 1148//1148 1191//1191 1629//1629
f 1300//1300 915//915 917//917
f 917//917 923//923 1300//1300
f 923//923 1612//1612 1300//1300
f 1289//1289 1320//1320 367//367
f 1295//1295 1591//1591 1584//1584
f 1295//1295 1584//1584 1305//1305
f 1305//1305 1157//1157 1060//1060
f 263//263 272//272 1093//1093
f 1080//1080 1093//1093 1056//1056
f 261//261 270//270 269//269
f 383//383 329//329 345//345
f 1235//1235 1339//1339 1336//1336
f 1336//1336 1308//1308 1235//1235
f 1316//1316 1350//1350 1335//1335
f 1344//1344 1191//1191 1148//1148
f 1204//1204 915//915 1344//1344
f 917//917 905//905 923//923
f 1612//1612 726//726 1328//1328
f 726//726 1320//1320 1306//1306
f 85//85 367//367 1587//1587
f 1135//1135 1587//1587 534//534
f 87//87 1591//1591 1295//1295
f 1085//1085 1252//1252 1078//1078
f 1252//1252 238//238 246//246
f 1056//1056 1093//1093 272//272
f 1038//1038 1043//1043 240//240
f 249//249 1038//1038 241//241
f 249//249 241//241 231//231
f 332//332 1192//1192 1223//1223
f 389//389 1222//1222 336//336
f 336//336 330//330 329//329
f 350//350 343//343 362//362
f 343//343 1339//1339 362//362
f 1336//1336 1339//1339 343//343
f 1336//1336 343//343 1285//1285
f 1335//1335 1350//1350 1153//1153
f 1407//1407 1316//1316 1206//1206
f 1099//1099 1319//1319 1316//1316
f 1333//1333 824//824 1319//1319
f 1204//1204 1344//1344 824//824
f 824//824 1344//1344 1319//1319
f 1526//1526 905//905 1290//1290
f 1612//1612 923//923 905//905
f 1612//1612 905//905 1526//1526
f 1135//1135 534//534 503//503
f 1157//1157 1216//1216 1168//1168
f 1168//1168 1216//1216 1219//1219
f 1260//1260 1157//1157 1168//1168
f 1260//1260 1168//1168 1215//1215
f 1252//1252 1215//1215 1078//1078
f 293//293 1288//1288 1192//1192
f 335//335 305//305 315//315
f 336//336 305//305 330//330
f 329//329 330//330 328//328
f 325//325 328//328 330//330
f 328//328 357//357 329//329
f 328//328 343//343 350//350
f 1240//1240 325//325 326//326
f 1615//1615 1285//1285 1240//1240
f 1615//1615 1240//1240 1298//1298
f 1615//1615 371//371 115//115
f 115//115 1308//1308 1615//1615
f 1316//1316 1319//1319 1206//1206
f 1153//1153 125//125 1335//1335
f 115//115 125//125 1153//1153
f 125//125 824//824 1333//1333
f 1320//1320 726//726 1526//1526
f 367//367 1526//1526 534//534
f 293//293 1055//1055 1288//1288
f 335//335 330//330 305//305
f 315//315 305//305 1166//1166
f 330//330 326//326 325//325
f 1298//1298 326//326 1226//1226
f 1070//1070 1298//1298 1226//1226
f 1226//1226 335//335 1070//1070
f 1200//1200 1070//1070 1288//1288
f 1298//1298 1070//1070 1281//1281
f 1259//1259 1615//1615 1298//1298
f 385//385 1290//1290 892//892
f 1320//1320 1526//1526 367//367
f 1526//1526 1301//1301 534//534
f 1301//1301 503//503 534//534
f 1584//1584 503//503 800//800
f 1600//1600 1584//1584 800//800
f 1595//1595 1197//1197 1149//1149
f 1219//1219 1149//1149 97//97
f 1600//1600 1599//1599 1149//1149
f 1600//1600 1195//1195 1599//1599
f 1216//1216 1584//1584 1600//1600
f 1216//1216 1600//1600 1219//1219
f 1149//1149 1219//1219 1600//1600
f 1229//1229 97//97 1310//1310
f 1215//1215 1229//1229 1231//1231
f 1217//1217 1215//1215 1231//1231
f 1229//1229 1310//1310 1231//1231
f 1217//1217 1231//1231 1239//1239
f 1070//1070 1200//1200 1281//1281
f 1298//1298 1281//1281 91//91
f 1259//1259 1188//1188 371//371
f 1170//1170 868//868 1188//1188
f 868//868 385//385 1204//1204
f 1197//1197 1595//1595 1594//1594
f 1310//1310 1200//1200 1055//1055
f 1170//1170 1188//1188 1259//1259
f 353//353 868//868 1170//1170
f 1301//1301 385//385 353//353
f 1290//1290 385//385 1301//1301
f 385//385 868//868 353//353
f 1301//1301 796//796 1150//1150
f 1150//1150 796//796 800//800
f 1599//1599 1195//1195 1595//1595
f 1310//1310 97//97 1200//1200
f 1197//1197 1200//1200 97//97
f 800//800 1186//1186 1195//1195
f 1186//1186 1594//1594 1195//1195
f 1590//1590 1197//1197 1594//1594
f 91//91 1281//1281 1590//1590
f 1590//1590 1170//1170 91//91
f 1186//1186 353//353 1170//1170
f 1186//1186 796//796 353//353
f 796//796 1186//1186 800//800
f 1186//1186 1170//1170 1590//1590
f 1281//1281 1197//1197 1590//1590
f 1186//1186 1590//1590 1594//1594
f 1594//1594 1595//1595 1195//1195
f 1301//1301 353//353 796//796
f 1170//1170 1259//1259 91//91
f 1055//1055 1231//1231 1310//1310
f 371//371 1188//1188 115//115
f 1298//1298 91//91 1259//1259
f 1200//1200 1197//1197 1281//1281
f 1231//1231 1055//1055 1239//1239
f 1229//1229 1219//1219 97//97
f 1149//1149 1197//1197 97//97
f 1599//1599 1595//1595 1149//1149
f 1600//1600 800//800 1195//1195
f 800//800 503//503 1150//1150
f 1301//1301 1150//1150 503//503
f 1526//1526 1290//1290 1301//1301
f 892//892 1204//1204 385//385
f 868//868 115//115 1188//1188
f 1200//1200 1288//1288 1055//1055
f 1223//1223 1288//1288 335//335
f 330//330 1226//1226 326//326
f 1226//1226 330//330 335//335
f 1288//1288 1070//1070 335//335
f 343//343 328//328 1285//1285
f 325//325 1285//1285 328//328
f 1240//1240 1285//1285 325//325
f 1135//1135 503//503 1584//1584
f 915//915 1204//1204 917//917
f 892//892 1290//1290 905//905
f 917//917 1204//1204 892//892
f 824//824 125//125 868//868
f 868//868 1204//1204 824//824
f 868//868 125//125 115//115
f 125//125 1333//1333 1335//1335
f 1099//1099 1333//1333 1319//1319
f 1335//1335 1333//1333 1099//1099
f 1316//1316 1335//1335 1099//1099
f 371//371 1615//1615 1259//1259
f 1615//1615 1308//1308 1336//1336
f 1240//1240 326//326 1298//1298
f 1222//1222 1166//1166 305//305
f 336//336 1222//1222 305//305
f 335//335 315//315 1223//1223
f 1223//1223 1192//1192 1288//1288
f 1192//1192 1190//1190 293//293
f 269//269 1190//1190 261//261
f 269//269 293//293 1190//1190
f 1055//1055 293//293 1239//1239
f 293//293 1237//1237 1239//1239
f 231//231 269//269 270//270
f 1217//1217 1239//1239 1237//1237
f 1078//1078 1217//1217 1237//1237
f 1045//1045 246//246 247//247
f 272//272 253//253 1056//1056
f 1038//1038 1056//1056 1043//1043
f 257//257 1043//1043 253//253
f 237//237 236//236 1043//1043
f 257//257 237//237 1043//1043
f 237//237 1109//1109 225//225
f 253//253 1043//1043 1056//1056
f 1085//1085 269//269 231//231
f 224//224 238//238 985//985
f 1030//1030 247//247 224//224
f 1034//1034 273//273 272//272
f 272//272 1030//1030 1034//1034
f 1030//1030 272//272 1045//1045
f 239//239 230//230 219//219
f 219//219 222//222 239//239
f 236//236 237//237 225//225
f 236//236 225//225 240//240
f 231//231 232//232 985//985
f 985//985 1085//1085 231//231
f 217//217 224//224 985//985
f 1045//1045 247//247 1030//1030
f 239//239 257//257 244//244
f 231//231 241//241 232//232
f 1034//1034 224//224 956//956
f 1034//1034 1030//1030 224//224
f 956//956 264//264 1034//1034
f 227//227 230//230 244//244
f 243//243 227//227 244//244
f 210//210 222//222 219//219
f 943//943 217//217 985//985
f 224//224 217//217 956//956
f 211//211 230//230 227//227
f 219//219 230//230 970//970
f 967//967 210//210 219//219
f 210//210 215//215 222//222
f 210//210 1578//1578 215//215
f 943//943 225//225 215//215
f 954//954 946//946 206//206
f 264//264 956//956 946//946
f 209//209 1134//1134 206//206
f 208//208 1134//1134 209//209
f 946//946 217//217 209//209
f 208//208 209//209 217//217
f 208//208 217//217 943//943
f 209//209 206//206 946//946
f 264//264 954//954 243//243
f 223//223 954//954 914//914
f 243//243 954//954 223//223
f 213//213 202//202 211//211
f 230//230 211//211 970//970
f 967//967 1578//1578 210//210
f 1016//1016 943//943 215//215
f 206//206 914//914 954//954
f 227//227 243//243 223//223
f 196//196 223//223 914//914
f 198//198 223//223 197//197
f 199//199 886//886 198//198
f 202//202 213//213 186//186
f 211//211 202//202 901//901
f 215//215 1578//1578 1016//1016
f 1016//1016 1127//1127 208//208
f 1134//1134 208//208 1127//1127
f 206//206 1134//1134 190//190
f 190//190 914//914 206//206
f 190//190 196//196 914//914
f 198//198 197//197 199//199
f 202//202 180//180 901//901
f 180//180 192//192 901//901
f 192//192 187//187 977//977
f 977//977 187//187 785//785
f 785//785 967//967 977//977
f 1127//1127 1271//1271 1134//1134
f 196//196 203//203 197//197
f 190//190 195//195 196//196
f 186//186 180//180 202//202
f 1271//1271 1124//1124 1125//1125
f 1124//1124 1271//1271 1266//1266
f 1127//1127 1016//1016 1578//1578
f 195//195 1271//1271 1125//1125
f 195//195 1179//1179 203//203
f 182//182 203//203 1179//1179
f 182//182 193//193 199//199
f 199//199 193//193 860//860
f 864//864 186//186 886//886
f 864//864 857//857 186//186
f 186//186 857//857 180//180
f 180//180 1575//1575 192//192
f 187//187 192//192 1575//1575
f 188//188 180//180 857//857
f 857//857 864//864 188//188
f 180//180 188//188 1575//1575
f 188//188 864//864 193//193
f 1125//1125 1124//1124 188//188
f 1124//1124 187//187 1575//1575
f 1124//1124 1575//1575 188//188
f 1125//1125 188//188 193//193
f 860//860 193//193 864//864
f 1125//1125 182//182 1179//1179
f 1125//1125 193//193 182//182
f 195//195 1125//1125 1179//1179
f 1008//1008 785//785 1127//1127
f 1266//1266 1127//1127 785//785
f 1127//1127 1578//1578 1008//1008
f 860//860 864//864 886//886
f 190//190 1134//1134 1271//1271
f 190//190 1271//1271 195//195
f 1127//1127 1266//1266 1271//1271
f 187//187 1124//1124 1266//1266
f 187//187 1266//1266 785//785
f 199//199 860//860 886//886
f 196//196 195//195 203//203
f 182//182 199//199 203//203
f 197//197 203//203 199//199
f 967//967 1008//1008 1578//1578
f 967//967 785//785 1008//1008
f 192//192 977//977 901//901
f 196//196 197//197 223//223
f 901//901 977//977 211//211
f 186//186 213//213 886//886
f 970//970 977//977 967//967
f 211//211 977//977 970//970
f 227//227 198//198 213//213
f 223//223 198//198 227//227
f 213//213 198//198 886//886
f 954//954 264//264 946//946
f 943//943 1016//1016 208//208
f 985//985 225//225 943//943
f 970//970 967//967 219//219
f 213//213 211//211 227//227
f 264//264 258//258 1034//1034
f 217//217 946//946 956//956
f 232//232 225//225 985//985
f 225//225 232//232 241//241
f 222//222 215//215 225//225
f 243//243 244//244 258//258
f 258//258 264//264 243//243
f 1034//1034 258//258 273//273
f 244//244 230//230 239//239
f 244//244 257//257 258//258
f 1085//1085 985//985 238//238
f 239//239 222//222 1109//1109
f 237//237 257//257 239//239
f 273//273 253//253 272//272
f 258//258 257//257 273//273
f 257//257 253//253 273//273
f 269//269 1085//1085 1237//1237
f 240//240 225//225 241//241
f 1043//1043 236//236 240//240
f 225//225 1109//1109 222//222
f 1109//1109 237//237 239//239
f 246//246 238//238 247//247
f 224//224 247//247 238//238
f 238//238 1252//1252 1085//1085
f 1078//1078 1237//1237 1085//1085
f 293//293 269//269 1237//1237
f 1078//1078 1215//1215 1217//1217
f 1229//1229 1215//1215 1168//1168
f 1584//1584 1216//1216 1157//1157
f 1305//1305 1584//1584 1157//1157
f 1219//1219 1229//1229 1168//1168
f 1591//1591 1135//1135 1584//1584
f 1135//1135 87//87 1587//1587
f 1135//1135 1591//1591 87//87
f 726//726 1612//1612 1526//1526
f 905//905 917//917 892//892
f 1319//1319 1344//1344 1148//1148
f 1206//1206 1319//1319 1148//1148
f 1336//1336 1285//1285 1615//1615
f 357//357 328//328 350//350
f 332//332 1223//1223 315//315
f 315//315 301//301 332//332
f 231//231 270//270 249//249
f 249//249 270//270 261//261
f 249//249 261//261 1080//1080
f 1038//1038 240//240 241//241
f 272//272 263//263 1045//1045
f 263//263 246//246 1045//1045
f 287//287 1252//1252 246//246
f 1260//1260 1215//1215 266//266
f 367//367 534//534 1587//1587
f 93//93 85//85 1587//1587
f 1326//1326 1612//1612 1328//1328
f 115//115 1153//1153 1308//1308
f 301//301 1192//1192 332//332
f 1080//1080 1038//1038 249//249
f 1260//1260 1060//1060 1157//1157
f 1060//1060 1184//1184 1305//1305
f 93//93 1587//1587 87//87
f 1245//1245 1306//1306 1320//1320
f 1263//1263 1350//1350 1407//1407
f 1308//1308 1153//1153 1350//1350
f 329//329 357//357 345//345
f 1274//1274 1251//1251 389//389
f 1251//1251 1222//1222 389//389
f 1203//1203 1143//1143 1166//1166
f 1056//1056 1038//1038 1080//1080
f 1095//1095 302//302 1093//1093
f 263//263 1093//1093 268//268
f 304//304 1118//1118 1092//1092
f 263//263 268//268 246//246
f 324//324 307//307 1184//1184
f 307//307 1295//1295 1305//1305
f 1184//1184 307//307 1305//1305
f 1295//1295 1322//1322 87//87
f 1326//1326 1312//1312 1612//1612
f 1314//1314 1612//1612 1312//1312
f 1314//1314 1300//1300 1612//1612
f 1314//1314 1334//1334 1300//1300
f 1312//1312 1326//1326 1621//1621
f 1191//1191 1371//1371 1452//1452
f 1629//1629 1452//1452 1553//1553
f 254//254 1452//1452 1637//1637
f 1577//1577 1553//1553 183//183
f 183//183 189//189 1577//1577
f 1577//1577 1263//1263 1553//1553
f 345//345 357//357 375//375
f 357//357 350//350 375//375
f 375//375 362//362 381//381
f 383//383 345//345 402//402
f 1143//1143 301//301 315//315
f 261//261 1190//1190 1114//1114
f 1118//1118 266//266 1215//1215
f 1322//1322 1162//1162 93//93
f 1176//1176 1314//1314 1338//1338
f 1338//1338 1462//1462 1176//1176
f 1314//1314 1176//1176 1334//1334
f 1334//1334 1347//1347 1300//1300
f 1347//1347 1364//1364 915//915
f 919//919 915//915 1364//1364
f 919//919 1364//1364 1624//1624
f 1191//1191 1624//1624 1371//1371
f 370//370 1631//1631 377//377
f 1577//1577 189//189 1263//1263
f 345//345 375//375 378//378
f 1275//1275 1251//1251 1274//1274
f 1225//1225 1256//1256 401//401
f 90//90 401//401 1256//1256
f 1205//1205 1225//1225 1243//1243
f 401//401 1243//1243 1225//1225
f 1114//1114 1143//1143 1128//1128
f 1128//1128 1123//1123 1105//1105
f 1128//1128 1105//1105 302//302
f 1105//1105 1092//1092 283//283
f 1105//1105 304//304 1092//1092
f 283//283 302//302 1105//1105
f 266//266 1199//1199 1060//1060
f 1199//1199 1184//1184 1060//1060
f 1366//1366 1364//1364 1347//1347
f 360//360 355//355 370//370
f 355//355 360//360 1370//1370
f 370//370 150//150 1631//1631
f 148//148 524//524 557//557
f 524//524 486//486 557//557
f 486//486 524//524 765//765
f 506//506 1426//1426 1369//1369
f 1352//1352 1354//1354 1022//1022
f 1395//1395 1390//1390 157//157
f 765//765 1358//1358 478//478
f 1358//1358 1426//1426 478//478
f 1356//1356 562//562 1426//1426
f 1292//1292 1369//1369 1327//1327
f 1292//1292 1327//1327 560//560
f 1402//1402 560//560 1354//1354
f 1022//1022 1354//1354 507//507
f 565//565 1352//1352 1022//1022
f 555//555 1282//1282 1329//1329
f 1022//1022 142//142 1282//1282
f 1282//1282 142//142 161//161
f 1398//1398 1342//1342 1561//1561
f 524//524 1561//1561 1342//1342
f 1375//1375 524//524 1342//1342
f 560//560 507//507 1354//1354
f 565//565 1022//1022 1282//1282
f 555//555 1352//1352 1282//1282
f 1352//1352 565//565 1282//1282
f 958//958 142//142 1022//1022
f 157//157 958//958 144//144
f 1395//1395 144//144 368//368
f 1342//1342 1398//1398 368//368
f 1358//1358 1357//1357 1356//1356
f 562//562 1356//1356 1357//1357
f 1357//1357 1287//1287 562//562
f 1342//1342 1287//1287 564//564
f 1287//1287 1327//1327 562//562
f 502//502 507//507 560//560
f 1342//1342 368//368 577//577
f 577//577 368//368 144//144
f 144//144 958//958 502//502
f 1022//1022 507//507 958//958
f 1287//1287 1342//1342 577//577
f 1327//1327 577//577 560//560
f 144//144 502//502 577//577
f 1327//1327 1287//1287 577//577
f 958//958 507//507 502//502
f 560//560 577//577 502//502
f 1375//1375 564//564 1357//1357
f 524//524 1375//1375 1357//1357
f 1287//1287 1357//1357 564//564
f 564//564 1375//1375 1342//1342
f 368//368 1398//1398 1395//1395
f 1426//1426 1327//1327 1369//1369
f 1426//1426 562//562 1327//1327
f 524//524 1357//1357 1358//1358
f 1356//1356 1426//1426 1358//1358
f 765//765 524//524 1358//1358
f 1561//1561 524//524 148//148
f 157//157 144//144 1395//1395
f 958//958 157//157 142//142
f 142//142 157//157 1390//1390
f 142//142 1390//1390 150//150
f 1355//1355 1354//1354 1352//1352
f 478//478 1426//1426 506//506
f 1561//1561 1636//1636 1398//1398
f 1390//1390 1395//1395 1398//1398
f 1631//1631 150//150 1390//1390
f 142//142 150//150 438//438
f 1345//1345 555//555 1317//1317
f 555//555 1355//1355 1352//1352
f 584//584 523//523 522//522
f 584//584 590//590 540//540
f 1350//1350 1263//1263 1235//1235
f 1368//1368 1339//1339 1235//1235
f 426//426 410//410 406//406
f 418//418 402//402 406//406
f 1275//1275 90//90 1256//1256
f 376//376 1243//1243 401//401
f 311//311 1151//1151 1194//1194
f 1205//1205 1169//1169 1203//1203
f 1169//1169 1205//1205 1151//1151
f 304//304 290//290 266//266
f 307//307 1322//1322 1295//1295
f 1621//1621 1183//1183 1360//1360
f 1384//1384 1626//1626 1353//1353
f 1626//1626 1625//1625 1366//1366
f 355//355 1364//1364 1366//1366
f 359//359 355//355 1366//1366
f 928//928 1233//1233 460//460
f 489//489 1233//1233 1332//1332
f 1233//1233 489//489 1254//1254
f 1233//1233 1254//1254 460//460
f 407//407 1233//1233 928//928
f 1304//1304 438//438 370//370
f 933//933 928//928 460//460
f 933//933 1011//1011 962//962
f 1241//1241 962//962 984//984
f 1361//1361 1317//1317 1419//1419
f 500//500 486//486 478//478
f 765//765 478//478 486//486
f 968//968 486//486 932//932
f 964//964 486//486 968//968
f 885//885 486//486 964//964
f 584//584 522//522 590//590
f 455//455 1339//1339 1367//1367
f 1339//1339 1368//1368 1367//1367
f 414//414 1401//1401 1436//1436
f 1380//1380 1367//1367 1459//1459
f 122//122 92//92 108//108
f 122//122 389//389 92//92
f 376//376 356//356 1243//1243
f 288//288 290//290 1123//1123
f 1184//1184 1199//1199 324//324
f 307//307 324//324 321//321
f 1245//1245 1289//1289 1162//1162
f 1330//1330 1245//1245 1183//1183
f 1621//1621 1330//1330 1183//1183
f 1257//1257 1384//1384 1261//1261
f 1384//1384 1227//1227 1626//1626
f 1625//1625 1626//1626 1227//1227
f 1625//1625 359//359 1366//1366
f 407//407 928//928 1304//1304
f 505//505 1254//1254 489//489
f 1324//1324 1546//1546 1017//1017
f 1329//1329 1415//1415 987//987
f 1180//1180 1457//1457 1198//1198
f 855//855 506//506 1198//1198
f 498//498 855//855 932//932
f 1402//1402 1451//1451 1457//1457
f 882//882 986//986 997//997
f 932//932 855//855 997//997
f 397//397 1386//1386 1489//1489
f 1386//1386 397//397 1465//1465
f 1489//1489 1386//1386 1510//1510
f 1436//1436 1401//1401 591//591
f 378//378 1436//1436 1425//1425
f 410//410 426//426 121//121
f 122//122 108//108 121//121
f 80//80 376//376 401//401
f 369//369 363//363 1187//1187
f 356//356 318//318 1194//1194
f 1199//1199 266//266 288//288
f 324//324 1199//1199 321//321
f 1462//1462 1360//1360 1126//1126
f 1261//1261 1228//1228 1257//1257
f 1278//1278 1558//1558 1568//1568
f 1558//1558 1227//1227 1384//1384
f 1324//1324 505//505 1546//1546
f 460//460 1017//1017 1011//1011
f 971//971 1329//1329 987//987
f 1417//1417 1396//1396 971//971
f 1361//1361 1451//1451 1355//1355
f 1451//1451 1402//1402 1355//1355
f 1451//1451 1361//1361 1196//1196
f 1451//1451 1196//1196 1542//1542
f 1457//1457 1294//1294 882//882
f 1294//1294 986//986 882//882
f 1021//1021 986//986 1005//1005
f 552//552 148//148 557//557
f 590//590 522//522 891//891
f 1465//1465 397//397 554//554
f 627//627 1489//1489 1510//1510
f 1459//1459 1489//1489 627//627
f 201//201 1425//1425 228//228
f 1425//1425 201//201 426//426
f 108//108 410//410 121//121
f 122//122 121//121 124//124
f 401//401 109//109 80//80
f 369//369 1178//1178 363//363
f 318//318 1178//1178 320//320
f 1349//1349 1293//1293 391//391
f 1162//1162 1293//1293 1214//1214
f 1183//1183 1244//1244 1277//1277
f 1360//1360 1183//1183 1277//1277
f 551//551 399//399 420//420
f 1490//1490 1278//1278 1547//1547
f 1458//1458 1246//1246 1490//1490
f 1458//1458 1444//1444 394//394
f 1458//1458 1264//1264 1444//1444
f 394//394 1246//1246 1458//1458
f 394//394 1444//1444 416//416
f 416//416 205//205 394//394
f 181//181 394//394 205//205
f 181//181 1340//1340 394//394
f 465//465 181//181 158//158
f 221//221 220//220 205//205
f 226//226 416//416 1444//1444
f 416//416 226//226 221//221
f 221//221 205//205 416//416
f 221//221 226//226 657//657
f 220//220 221//221 657//657
f 212//212 205//205 220//220
f 158//158 181//181 205//205
f 1246//1246 394//394 1340//1340
f 1246//1246 1340//1340 1343//1343
f 1246//1246 1558//1558 1490//1490
f 1246//1246 1227//1227 1558//1558
f 1340//1340 465//465 1332//1332
f 465//465 489//489 1332//1332
f 173//173 505//505 489//489
f 1565//1565 1546//1546 505//505
f 608//608 1017//1017 1565//1565
f 1361//1361 1221//1221 1255//1255
f 1542//1542 1196//1196 1220//1220
f 1021//1021 1005//1005 1012//1012
f 1478//1478 1485//1485 1012//1012
f 1012//1012 1485//1485 1372//1372
f 552//552 557//557 964//964
f 891//891 1365//1365 766//766
f 1499//1499 1380//1380 1459//1459
f 706//706 228//228 591//591
f 1425//1425 591//591 228//228
f 201//201 207//207 504//504
f 207//207 191//191 176//176
f 170//170 176//176 191//191
f 156//156 176//176 471//471
f 170//170 491//491 176//176
f 454//454 471//471 176//176
f 491//491 454//454 176//176
f 504//504 207//207 156//156
f 132//132 139//139 141//141
f 124//124 132//132 126//126
f 124//124 126//126 401//401
f 1228//1228 1462//1462 1126//1126
f 539//539 1257//1257 1228//1228
f 551//551 601//601 408//408
f 606//606 408//408 601//601
f 233//233 110//110 271//271
f 234//234 427//427 1264//1264
f 1547//1547 1272//1272 1490//1490
f 226//226 1444//1444 427//427
f 226//226 427//427 235//235
f 657//657 226//226 235//235
f 1100//1100 212//212 220//220
f 1100//1100 1404//1404 212//212
f 1404//1404 167//167 212//212
f 465//465 158//158 489//489
f 212//212 167//167 489//489
f 1417//1417 1026//1026 1387//1387
f 1562//1562 1220//1220 1249//1249
f 1249//1249 1255//1255 1562//1562
f 1389//1389 1302//1302 1296//1296
f 1478//1478 1012//1012 1005//1005
f 1485//1485 1476//1476 1372//1372
f 522//522 552//552 1374//1374
f 1533//1533 1603//1603 1374//1374
f 1603//1603 1365//1365 1374//1374
f 1603//1603 1378//1378 766//766
f 1378//1378 1603//1603 794//794
f 1378//1378 651//651 673//673
f 627//627 1499//1499 1459//1459
f 1499//1499 706//706 591//591
f 651//651 706//706 1499//1499
f 1499//1499 627//627 651//651
f 766//766 1378//1378 673//673
f 651//651 627//627 1510//1510
f 1401//1401 1380//1380 1499//1499
f 168//168 191//191 559//559
f 634//634 621//621 575//575
f 575//575 248//248 634//634
f 248//248 708//708 634//634
f 788//788 708//708 790//790
f 248//248 790//790 708//708
f 1393//1393 512//512 511//511
f 471//471 512//512 139//139
f 512//512 1393//1393 139//139
f 422//422 1393//1393 84//84
f 422//422 120//120 1393//1393
f 120//120 139//139 1393//1393
f 139//139 120//120 141//141
f 141//141 107//107 109//109
f 391//391 75//75 84//84
f 322//322 369//369 391//391
f 84//84 1349//1349 391//391
f 1277//1277 1244//1244 1214//1214
f 1182//1182 1126//1126 1277//1277
f 233//233 485//485 110//110
f 475//475 427//427 78//78
f 475//475 78//78 374//374
f 688//688 428//428 475//475
f 475//475 428//428 427//427
f 427//427 234//234 271//271
f 235//235 427//427 428//428
f 1100//1100 595//595 623//623
f 623//623 602//602 1098//1098
f 623//623 1098//1098 216//216
f 623//623 216//216 1404//1404
f 1098//1098 1362//1362 216//216
f 602//602 415//415 1098//1098
f 415//415 602//602 976//976
f 976//976 1007//1007 415//415
f 1007//1007 976//976 707//707
f 733//733 658//658 713//713
f 658//658 647//647 615//615
f 658//658 615//615 633//633
f 615//615 676//676 633//633
f 644//644 1097//1097 657//657
f 644//644 615//615 595//595
f 595//595 1097//1097 644//644
f 644//644 676//676 615//615
f 595//595 615//615 647//647
f 647//647 623//623 595//595
f 602//602 623//623 647//647
f 979//979 976//976 602//602
f 671//671 707//707 976//976
f 671//671 996//996 733//733
f 996//996 658//658 733//733
f 996//996 647//647 658//658
f 996//996 979//979 647//647
f 647//647 979//979 602//602
f 976//976 979//979 671//671
f 979//979 996//996 671//671
f 747//747 671//671 733//733
f 173//173 1404//1404 216//216
f 1097//1097 595//595 1100//1100
f 1100//1100 623//623 1404//1404
f 173//173 167//167 1404//1404
f 173//173 1297//1297 505//505
f 629//629 1068//1068 608//608
f 1562//1562 1255//1255 1291//1291
f 1512//1512 1511//1511 1389//1389
f 1389//1389 1496//1496 1512//1512
f 1603//1603 1557//1557 794//794
f 1557//1557 1617//1617 794//794
f 706//706 1378//1378 794//794
f 790//790 248//248 1515//1515
f 1394//1394 1613//1613 1614//1614
f 788//788 742//742 699//699
f 788//788 699//699 708//708
f 1463//1463 1393//1393 511//511
f 1393//1393 1373//1373 1349//1349
f 1382//1382 1373//1373 1463//1463
f 1382//1382 1182//1182 1277//1277
f 399//399 539//539 586//586
f 576//576 586//586 543//543
f 585//585 606//606 625//625
f 533//533 408//408 461//461
f 1547//1547 408//408 517//517
f 517//517 233//233 1547//1547
f 1209//1209 485//485 233//233
f 78//78 386//386 374//374
f 1638//1638 386//386 1641//1641
f 386//386 1638//1638 484//484
f 475//475 374//374 482//482
f 417//417 430//430 482//482
f 482//482 424//424 417//417
f 398//398 482//482 484//484
f 374//374 484//484 482//482
f 430//430 688//688 475//475
f 688//688 644//644 428//428
f 658//658 633//633 713//713
f 1067//1067 1606//1606 1007//1007
f 1067//1067 1007//1007 707//707
f 1362//1362 415//415 1596//1596
f 1362//1362 935//935 216//216
f 629//629 638//638 1068//1068
f 616//616 638//638 629//629
f 1331//1331 1068//1068 638//638
f 1331//1331 1279//1279 1068//1068
f 1413//1413 1389//1389 1321//1321
f 1523//1523 1493//1493 1522//1522
f 1486//1486 1374//1374 1476//1476
f 1617//1617 706//706 794//794
f 379//379 790//790 1515//1515
f 511//511 510//510 1463//1463
f 1238//1238 610//610 1182//1182
f 1238//1238 543//543 610//610
f 556//556 576//576 594//594
f 613//613 585//585 611//611
f 461//461 469//469 533//533
f 386//386 106//106 1641//1641
f 1641//1641 405//405 1640//1640
f 1136//1136 1640//1640 1642//1642
f 1136//1136 178//178 1640//1640
f 417//417 424//424 483//483
f 483//483 424//424 440//440
f 430//430 417//417 483//483
f 1165//1165 769//769 671//671
f 769//769 1181//1181 671//671
f 671//671 1181//1181 1067//1067
f 671//671 747//747 1165//1165
f 718//718 688//688 1165//1165
f 644//644 657//657 235//235
f 749//749 747//747 713//713
f 713//713 747//747 733//733
f 640//640 632//632 659//659
f 1331//1331 705//705 1495//1495
f 1193//1193 1471//1471 1377//1377
f 1377//1377 1495//1495 1193//1193
f 875//875 851//851 1471//1471
f 1323//1323 851//851 875//875
f 1318//1318 1439//1439 1571//1571
f 1321//1321 1439//1439 1413//1413
f 1413//1413 1439//1439 1523//1523
f 1413//1413 1523//1523 1496//1496
f 1461//1461 1439//1439 1318//1318
f 1488//1488 1461//1461 1325//1325
f 1570//1570 1325//1325 1318//1318
f 1461//1461 1318//1318 1325//1325
f 1439//1439 1502//1502 1493//1493
f 1502//1502 1461//1461 1598//1598
f 436//436 1522//1522 400//400
f 436//436 400//400 1550//1550
f 1533//1533 1374//1374 451//451
f 1617//1617 1557//1557 1515//1515
f 1063//1063 1065//1065 1483//1483
f 1238//1238 1351//1351 594//594
f 1483//1483 594//594 1351//1351
f 1392//1392 1063//1063 1483//1483
f 1483//1483 1351//1351 1392//1392
f 790//790 1392//1392 742//742
f 1392//1392 1238//1238 742//742
f 645//645 1182//1182 1382//1382
f 594//594 642//642 556//556
f 598//598 696//696 611//611
f 561//561 73//73 443//443
f 102//102 567//567 73//73
f 469//469 73//73 83//83
f 83//83 1607//1607 469//469
f 485//485 405//405 106//106
f 405//405 1641//1641 106//106
f 680//680 1482//1482 398//398
f 815//815 769//769 483//483
f 815//815 1181//1181 769//769
f 1067//1067 1509//1509 1606//1606
f 1602//1602 1601//1601 1596//1596
f 716//716 1583//1583 1137//1137
f 1120//1120 1084//1084 1581//1581
f 1084//1084 1090//1090 1581//1581
f 1090//1090 1076//1076 1363//1363
f 1583//1583 1601//1601 1597//1597
f 770//770 705//705 753//753
f 705//705 703//703 737//737
f 705//705 737//737 753//753
f 787//787 770//770 753//753
f 851//851 1323//1323 1570//1570
f 1502//1502 1598//1598 1517//1517
f 476//476 1550//1550 473//473
f 1512//1512 1527//1527 1478//1478
f 1634//1634 451//451 535//535
f 1483//1483 642//642 594//594
f 642//642 643//643 556//556
f 643//643 625//625 556//556
f 625//625 643//643 598//598
f 73//73 561//561 102//102
f 567//567 83//83 73//73
f 434//434 395//395 1145//1145
f 1379//1379 1383//1383 689//689
f 815//815 440//440 1201//1201
f 815//815 1509//1509 1181//1181
f 1509//1509 815//815 1410//1410
f 1433//1433 1429//1429 1445//1445
f 1509//1509 1445//1445 1429//1429
f 1433//1433 1602//1602 1606//1606
f 1120//1120 632//632 1084//1084
f 1076//1076 1090//1090 1084//1084
f 1084//1084 632//632 1076//1076
f 659//659 729//729 652//652
f 703//703 652//652 729//729
f 787//787 780//780 802//802
f 1193//1193 1210//1210 875//875
f 1403//1403 1210//1210 1315//1315
f 473//473 1315//1315 1619//1619
f 462//462 1551//1551 1634//1634
f 1551//1551 451//451 1634//1634
f 1616//1616 1063//1063 1613//1613
f 468//468 795//795 697//697
f 446//446 1422//1422 1411//1411
f 1411//1411 797//797 433//433
f 572//572 1313//1313 1311//1311
f 574//574 549//549 1607//1607
f 434//434 1145//1145 1154//1154
f 395//395 1379//1379 689//689
f 1201//1201 1381//1381 1545//1545
f 815//815 1201//1201 1410//1410
f 1418//1418 1416//1416 1509//1509
f 1137//1137 1597//1597 1430//1430
f 729//729 737//737 703//703
f 1488//1488 1315//1315 473//473
f 1605//1605 1505//1505 1531//1531
f 1348//1348 1388//1388 1505//1505
f 1505//1505 1388//1388 1531//1531
f 1531//1531 686//686 751//751
f 390//390 451//451 1633//1633
f 429//429 1613//1613 379//379
f 1622//1622 1616//1616 542//542
f 774//774 1083//1083 1628//1628
f 1400//1400 774//774 1628//1628
f 1628//1628 1083//1083 1622//1622
f 1083//1083 1483//1483 1065//1065
f 745//745 643//643 761//761
f 761//761 696//696 745//745
f 662//662 631//631 759//759
f 655//655 654//654 516//516
f 797//797 468//468 1434//1434
f 1464//1464 1427//1427 867//867
f 1538//1538 1432//1432 1448//1448
f 728//728 259//259 712//712
f 738//738 712//712 259//259
f 808//808 296//296 738//738
f 252//252 275//275 845//845
f 252//252 317//317 275//275
f 1443//1443 1446//1446 1423//1423
f 1556//1556 1446//1446 1443//1443
f 1543//1543 1443//1443 1438//1438
f 446//446 1411//1411 433//433
f 419//419 412//412 1411//1411
f 1311//1311 1607//1607 83//83
f 1154//1154 1136//1136 404//404
f 434//434 1379//1379 395//395
f 1269//1269 1177//1177 434//434
f 1473//1473 1454//1454 1442//1442
f 1450//1450 1532//1532 1454//1454
f 1532//1532 1450//1450 1548//1548
f 1518//1518 1397//1397 1548//1548
f 1410//1410 1545//1545 1474//1474
f 1410//1410 1201//1201 1545//1545
f 1474//1474 1418//1418 1410//1410
f 1435//1435 1416//1416 1508//1508
f 1137//1137 1435//1435 1588//1588
f 1623//1623 802//802 780//780
f 1142//1142 1623//1623 780//780
f 846//846 787//787 802//802
f 770//770 846//846 953//953
f 1315//1315 1580//1580 1605//1605
f 1531//1531 1388//1388 1111//1111
f 686//686 1113//1113 744//744
f 744//744 1113//1113 830//830
f 830//830 1280//1280 1250//1250
f 32//32 1250//1250 50//50
f 49//49 963//963 42//42
f 1280//1280 1113//1113 56//56
f 50//50 1280//1280 51//51
f 830//830 1113//1113 1280//1280
f 56//56 51//51 1280//1280
f 55//55 963//963 49//49
f 837//837 42//42 963//963
f 1280//1280 50//50 1250//1250
f 837//837 1623//1623 42//42
f 774//774 643//643 1083//1083
f 1083//1083 643//643 642//642
f 642//642 1483//1483 1083//1083
f 808//808 876//876 752//752
f 876//876 334//334 879//879
f 879//879 752//752 876//876
f 816//816 880//880 878//878
f 1481//1481 1446//1446 1556//1556
f 435//435 635//635 1420//1420
f 1441//1441 1420//1420 635//635
f 1441//1441 635//635 1446//1446
f 1411//1411 1422//1422 435//435
f 412//412 411//411 797//797
f 411//411 396//396 1313//1313
f 537//537 1209//1209 519//519
f 1508//1508 1418//1418 1513//1513
f 1440//1440 1635//1635 1639//1639
f 1635//1635 1164//1164 1588//1588
f 1142//1142 1120//1120 1161//1161
f 1142//1142 780//780 729//729
f 1632//1632 1142//1142 1161//1161
f 1623//1623 1142//1142 1632//1632
f 802//802 1623//1623 837//837
f 953//953 1348//1348 1580//1580
f 953//953 846//846 973//973
f 973//973 1388//1388 953//953
f 1111//1111 1113//1113 1531//1531
f 973//973 1113//1113 1111//1111
f 1161//1161 47//47 40//40
f 58//58 1250//1250 32//32
f 686//686 744//744 724//724
f 751//751 856//856 569//569
f 854//854 479//479 649//649
f 479//479 1564//1564 462//462
f 1564//1564 950//950 462//462
f 1258//1258 990//990 1273//1273
f 1494//1494 1273//1273 1050//1050
f 285//285 1040//1040 1050//1050
f 1273//1273 990//990 1050//1050
f 1487//1487 1258//1258 1273//1273
f 990//990 1185//1185 950//950
f 940//940 1167//1167 960//960
f 1630//1630 542//542 457//457
f 1133//1133 1400//1400 1628//1628
f 761//761 643//643 774//774
f 750//750 696//696 761//761
f 832//832 516//516 786//786
f 1563//1563 1434//1434 468//468
f 867//867 900//900 862//862
f 862//862 262//262 1559//1559
f 309//309 262//262 900//900
f 280//280 728//728 262//262
f 259//259 250//250 274//274
f 282//282 250//250 292//292
f 316//316 282//282 292//292
f 250//250 279//279 292//292
f 292//292 279//279 298//298
f 316//316 334//334 282//282
f 1481//1481 877//877 140//140
f 411//411 412//412 396//396
f 1311//1311 396//396 888//888
f 404//404 1642//1642 1211//1211
f 1428//1428 1202//1202 1409//1409
f 1643//1643 1639//1639 1507//1507
f 382//382 520//520 1643//1643
f 37//37 1250//1250 58//58
f 573//573 856//856 931//931
f 744//744 931//931 724//724
f 649//649 614//614 844//844
f 844//844 854//854 649//649
f 844//844 980//980 854//854
f 1303//1303 1050//1050 990//990
f 1468//1468 1258//1258 1487//1487
f 1555//1555 457//457 1207//1207
f 439//439 1399//1399 1131//1131
f 759//759 701//701 755//755
f 759//759 755//755 786//786
f 832//832 1484//1484 516//516
f 1563//1563 1472//1472 1475//1475
f 1434//1434 1563//1563 829//829
f 918//918 900//900 867//867
f 957//957 309//309 900//900
f 333//333 316//316 298//298
f 72//72 69//69 140//140
f 72//72 879//879 334//334
f 72//72 140//140 877//877
f 1470//1470 1481//1481 1014//1014
f 1470//1470 1420//1420 1441//1441
f 1470//1470 470//470 1420//1420
f 624//624 425//425 1420//1420
f 419//419 603//603 412//412
f 603//603 396//396 412//412
f 888//888 612//612 677//677
f 677//677 1234//1234 888//888
f 1409//1409 1518//1518 1428//1428
f 1507//1507 1435//1435 528//528
f 387//387 1479//1479 52//52
f 528//528 1549//1549 579//579
f 579//579 1479//1479 528//528
f 1479//1479 387//387 528//528
f 1554//1554 66//66 579//579
f 52//52 1479//1479 66//66
f 66//66 1479//1479 579//579
f 52//52 53//53 387//387
f 626//626 68//68 45//45
f 1611//1611 36//36 25//25
f 573//573 980//980 844//844
f 980//980 545//545 920//920
f 277//277 980//980 573//573
f 285//285 1303//1303 1299//1299
f 1494//1494 1040//1040 1500//1500
f 1009//1009 1053//1053 1466//1466
f 991//991 1460//1460 493//493
f 927//927 1455//1455 493//493
f 721//721 1560//1560 1258//1258
f 1146//1146 1560//1560 477//477
f 925//925 1412//1412 1212//1212
f 441//441 439//439 1421//1421
f 1534//1534 439//439 441//441
f 439//439 1061//1061 1399//1399
f 516//516 1484//1484 1472//1472
f 972//972 999//999 983//983
f 972//972 1501//1501 945//945
f 945//945 1000//1000 972//972
f 1015//1015 999//999 69//69
f 127//127 1470//1470 1014//1014
f 319//319 1469//1469 1470//1470
f 1469//1469 470//470 1470//1470
f 660//660 609//609 396//396
f 612//612 888//888 396//396
f 791//791 1211//1211 1236//1236
f 1498//1498 1480//1480 403//403
f 1516//1516 1428//1428 1518//1518
f 1516//1516 1513//1513 1428//1428
f 1435//1435 1508//1508 636//636
f 579//579 1549//1549 1554//1554
f 39//39 52//52 66//66
f 35//35 1262//1262 67//67
f 1643//1643 33//33 46//46
f 44//44 1639//1639 46//46
f 670//670 667//667 41//41
f 670//670 41//41 38//38
f 670//670 38//38 35//35
f 41//41 26//26 38//38
f 670//670 1376//1376 841//841
f 714//714 670//670 841//841
f 281//281 54//54 841//841
f 277//277 1004//1004 980//980
f 1004//1004 570//570 281//281
f 1050//1050 1303//1303 285//285
f 310//310 1309//1309 1514//1514
f 251//251 514//514 1514//1514
f 1500//1500 1040//1040 1491//1491
f 1500//1500 1253//1253 1468//1468
f 1253//1253 1053//1053 978//978
f 1053//1053 1253//1253 1270//1270
f 927//927 493//493 1224//1224
f 1224//1224 493//493 1018//1018
f 1212//1212 927//927 1224//1224
f 1156//1156 1146//1146 927//927
f 927//927 1212//1212 1156//1156
f 1172//1172 925//925 1212//1212
f 1174//1174 1172//1172 1163//1163
f 1224//1224 1058//1058 1212//1212
f 982//982 1163//1163 1212//1212
f 1421//1421 439//439 939//939
f 1472//1472 1484//1484 1475//1475
f 94//94 309//309 957//957
f 309//309 94//94 333//333
f 887//887 1501//1501 983//983
f 871//871 829//829 1573//1573
f 945//945 1501//1501 871//871
f 1010//1010 69//69 999//999
f 69//69 1010//1010 1014//1014
f 127//127 319//319 1470//1470
f 820//820 568//568 805//805
f 612//612 805//805 677//677
f 791//791 715//715 1211//1211
f 1524//1524 1536//1536 582//582
f 1536//1536 1524//1524 1518//1518
f 1516//1516 1518//1518 1524//1524
f 1262//1262 1337//1337 67//67
f 1004//1004 281//281 988//988
f 1514//1514 285//285 310//310
f 256//256 1514//1514 1309//1309
f 1028//1028 1018//1018 531//531
f 982//982 1058//1058 1173//1173
f 1268//1268 1163//1163 982//982
f 1131//1131 1172//1172 1174//1174
f 939//939 1131//1131 959//959
f 828//828 650//650 1484//1484
f 650//650 563//563 687//687
f 1484//1484 349//349 1573//1573
f 687//687 349//349 1484//1484
f 432//432 1573//1573 349//349
f 1010//1010 1586//1586 127//127
f 599//599 568//568 1469//1469
f 568//568 553//553 805//805
f 805//805 648//648 677//677
f 791//791 1236//1236 648//648
f 403//403 466//466 431//431
f 1337//1337 1262//1262 1593//1593
f 1593//1593 1376//1376 1337//1337
f 1376//1376 1593//1593 895//895
f 895//895 841//841 1376//1376
f 988//988 1036//1036 1096//1096
f 1088//1088 988//988 1096//1096
f 1088//1088 310//310 285//285
f 1096//1096 310//310 1088//1088
f 547//547 924//924 531//531
f 514//514 531//531 1018//1018
f 959//959 1047//1047 1023//1023
f 959//959 1131//1131 1174//1174
f 441//441 1421//1421 1431//1431
f 509//509 116//116 1585//1585
f 1585//1585 1497//1497 1586//1586
f 727//727 805//805 553//553
f 791//791 648//648 727//727
f 804//804 881//881 756//756
f 804//804 842//842 881//881
f 308//308 841//841 895//895
f 722//722 1456//1456 88//88
f 722//722 596//596 116//116
f 116//116 596//596 1497//1497
f 550//550 791//791 727//727
f 884//884 842//842 179//179
f 1480//1480 664//664 403//403
f 466//466 620//620 431//431
f 620//620 582//582 431//431
f 1028//1028 966//966 1519//1519
f 1171//1171 1062//1062 672//672
f 1035//1035 966//966 989//989
f 1519//1519 966//966 1035//1035
f 1046//1046 1171//1171 289//289
f 1385//1385 1147//1147 1391//1391
f 481//481 1144//1144 593//593
f 593//593 88//88 481//481
f 1121//1121 380//380 663//663
f 380//380 480//480 663//663
f 480//480 380//380 1566//1566
f 472//472 1566//1566 380//380
f 501//501 1208//1208 1453//1453
f 380//380 1144//1144 481//481
f 481//481 1208//1208 472//472
f 474//474 472//472 1208//1208
f 380//380 481//481 472//472
f 501//501 474//474 1208//1208
f 474//474 499//499 472//472
f 1144//1144 380//380 1121//1121
f 1121//1121 1104//1104 1144//1144
f 1121//1121 1539//1539 1104//1104
f 88//88 593//593 722//722
f 727//727 596//596 593//593
f 791//791 550//550 669//669
f 669//669 734//734 904//904
f 804//804 581//581 71//71
f 71//71 630//630 174//174
f 682//682 672//672 1035//1035
f 1147//1147 1073//1073 1467//1467
f 1049//1049 1284//1284 1467//1467
f 1467//1467 1503//1503 1049//1049
f 1467//1467 1506//1506 1503//1503
f 1042//1042 1013//1013 1248//1248
f 1049//1049 1042//1042 1248//1248
f 1477//1477 1456//1456 98//98
f 88//88 1208//1208 481//481
f 1453//1453 1208//1208 88//88
f 1453//1453 1456//1456 998//998
f 548//548 501//501 1453//1453
f 474//474 526//526 1620//1620
f 214//214 499//499 1620//1620
f 214//214 1213//1213 499//499
f 214//214 592//592 767//767
f 767//767 1213//1213 214//214
f 499//499 474//474 1620//1620
f 1576//1576 663//663 480//480
f 798//798 711//711 1104//1104
f 1104//1104 550//550 1144//1144
f 1104//1104 711//711 550//550
f 700//700 734//734 496//496
f 872//872 804//804 174//174
f 620//620 466//466 622//622
f 1037//1037 922//922 833//833
f 1003//1003 922//922 1037//1037
f 303//303 682//682 1072//1072
f 1506//1506 1073//1073 1504//1504
f 1042//1042 1286//1286 1013//1013
f 1049//1049 1283//1283 1284//1284
f 1284//1284 1283//1283 1456//1456
f 1477//1477 1284//1284 1456//1456
f 1456//1456 1453//1453 88//88
f 1456//1456 1001//1001 998//998
f 709//709 998//998 1001//1001
f 1020//1020 913//913 910//910
f 1539//1539 798//798 1104//1104
f 622//622 762//762 773//773
f 694//694 620//620 622//622
f 819//819 858//858 589//589
f 725//725 858//858 922//922
f 912//912 1037//1037 850//850
f 303//303 1073//1073 294//294
f 1504//1504 1073//1073 295//295
f 998//998 779//779 548//548
f 746//746 779//779 717//717
f 717//717 779//779 783//783
f 717//717 735//735 604//604
f 735//735 675//675 604//604
f 604//604 675//675 607//607
f 526//526 607//607 1620//1620
f 592//592 214//214 1620//1620
f 683//683 663//663 1576//1576
f 683//683 1006//1006 663//663
f 527//527 1006//1006 683//683
f 344//344 938//938 521//521
f 529//529 521//521 527//527
f 521//521 938//938 1006//1006
f 521//521 1006//1006 527//527
f 527//527 683//683 767//767
f 938//938 883//883 1064//1064
f 118//118 71//71 1492//1492
f 884//884 628//628 926//926
f 693//693 772//772 589//589
f 1072//1072 327//327 1077//1077
f 1504//1504 295//295 1094//1094
f 998//998 709//709 779//779
f 779//779 709//709 784//784
f 784//784 783//783 779//779
f 735//735 717//717 810//810
f 674//674 811//811 929//929
f 1064//1064 1006//1006 938//938
f 910//910 663//663 1006//1006
f 1064//1064 910//910 1006//1006
f 798//798 771//771 496//496
f 546//546 700//700 496//496
f 775//775 700//700 546//546
f 194//194 1492//1492 546//546
f 118//118 194//194 200//200
f 679//679 840//840 1081//1081
f 185//185 204//204 82//82
f 204//204 1031//1031 82//82
f 1609//1609 179//179 1610//1610
f 179//179 836//836 628//628
f 1019//1019 764//764 926//926
f 812//812 772//772 693//693
f 1059//1059 1091//1091 1071//1071
f 1029//1029 1079//1079 1059//1059
f 1048//1048 1079//1079 1029//1029
f 641//641 1117//1117 619//619
f 784//784 942//942 783//783
f 100//100 792//792 810//810
f 76//76 810//810 792//792
f 735//735 810//810 76//76
f 668//668 1620//1620 675//675
f 668//668 661//661 1620//1620
f 719//719 906//906 558//558
f 861//861 194//194 546//546
f 194//194 118//118 1492//1492
f 1081//1081 1082//1082 679//679
f 849//849 872//872 174//174
f 452//452 872//872 849//849
f 146//146 101//101 361//361
f 245//245 204//204 185//185
f 1610//1610 204//204 1609//1609
f 278//278 641//641 605//605
f 278//278 605//605 1048//1048
f 784//784 709//709 1117//1117
f 100//100 942//942 95//95
f 103//103 95//95 942//942
f 103//103 89//89 95//95
f 89//89 103//103 99//99
f 96//96 515//515 99//99
f 99//99 103//103 96//96
f 592//592 1620//1620 661//661
f 344//344 521//521 661//661
f 937//937 803//803 825//825
f 600//600 1627//1627 421//421
f 719//719 861//861 870//870
f 679//679 530//530 849//849
f 155//155 82//82 146//146
f 185//185 82//82 155//155
f 994//994 1048//1048 812//812
f 1048//1048 994//994 903//903
f 99//99 81//81 76//76
f 81//81 668//668 675//675
f 661//661 825//825 344//344
f 339//339 354//354 530//530
f 354//354 340//340 530//530
f 1066//1066 146//146 137//137
f 388//388 1609//1609 204//204
f 179//179 1609//1609 863//863
f 836//836 179//179 863//863
f 812//812 694//694 994//994
f 1117//1117 1276//1276 835//835
f 337//337 346//346 1276//1276
f 702//702 114//114 136//136
f 114//114 806//806 113//113
f 103//103 123//123 96//96
f 1627//1627 1152//1152 936//936
f 665//665 558//558 681//681
f 558//558 665//665 719//719
f 339//339 679//679 1082//1082
f 1608//1608 137//137 361//361
f 286//286 229//229 177//177
f 286//286 597//597 229//229
f 284//284 245//245 597//597
f 284//284 299//299 265//265
f 617//617 299//299 284//284
f 260//260 388//388 204//204
f 1359//1359 1074//1074 836//836
f 827//827 1019//1019 1103//1103
f 1103//1103 1019//1019 312//312
f 278//278 903//903 337//337
f 242//242 447//447 903//903
f 1129//1129 447//447 1138//1138
f 312//312 704//704 1129//1129
f 1116//1116 447//447 1129//1129
f 164//164 114//114 835//835
f 782//782 731//731 152//152
f 145//145 731//731 710//710
f 113//113 646//646 117//117
f 112//112 525//525 123//123
f 1051//1051 1087//1087 730//730
f 1066//1066 1608//1608 131//131
f 338//338 284//284 597//597
f 300//300 299//299 617//617
f 242//242 1103//1103 1138//1138
f 312//312 1129//1129 1138//1138
f 1116//1116 1158//1158 1160//1160
f 1155//1155 817//817 1158//1158
f 1155//1155 1359//1359 817//817
f 1155//1155 704//704 1359//1359
f 1129//1129 704//704 1155//1155
f 1119//1119 164//164 1130//1130
f 826//826 145//145 164//164
f 826//826 152//152 145//145
f 826//826 151//151 152//152
f 782//782 128//128 731//731
f 731//731 128//128 710//710
f 710//710 128//128 678//678
f 129//129 710//710 678//678
f 129//129 678//678 646//646
f 112//112 113//113 117//117
f 111//111 105//105 119//119
f 1087//1087 111//111 1529//1529
f 1101//1101 74//74 1627//1627
f 720//720 838//838 1618//1618
f 893//893 665//665 339//339
f 393//393 617//617 691//691
f 313//313 388//388 260//260
f 1074//1074 1359//1359 704//704
f 459//459 130//130 1359//1359
f 1160//1160 1574//1574 346//346
f 1574//1574 1122//1122 1276//1276
f 1139//1139 172//172 1122//1122
f 175//175 1130//1130 172//172
f 1139//1139 169//169 172//172
f 172//172 169//169 171//171
f 175//175 172//172 171//171
f 1130//1130 834//834 1119//1119
f 128//128 782//782 149//149
f 1572//1572 981//981 128//128
f 1535//1535 111//111 1101//1101
f 111//111 119//119 969//969
f 128//128 119//119 86//86
f 119//119 128//128 974//974
f 104//104 1152//1152 74//74
f 1106//1106 1618//1618 1152//1152
f 665//665 1107//1107 131//131
f 341//341 286//286 1066//1066
f 597//597 286//286 338//338
f 297//297 300//300 1141//1141
f 444//444 1141//1141 776//776
f 776//776 583//583 444//444
f 778//778 776//776 453//453
f 778//778 453//453 639//639
f 392//392 513//513 393//393
f 392//392 890//890 934//934
f 467//467 873//873 890//890
f 467//467 890//890 392//392
f 822//822 639//639 1089//1089
f 448//448 388//388 313//313
f 130//130 536//536 653//653
f 351//351 444//444 536//536
f 853//853 347//347 442//442
f 388//388 464//464 306//306
f 445//445 388//388 448//448
f 464//464 445//445 538//538
f 949//949 975//975 1032//1032
f 965//965 949//949 1002//1002
f 637//637 1002//1002 992//992
f 637//637 965//965 1002//1002
f 949//949 965//965 1044//1044
f 338//338 409//409 413//413
f 587//587 873//873 843//843
f 843//843 930//930 587//587
f 934//934 890//890 1075//1075
f 639//639 513//513 392//392
f 392//392 934//934 639//639
f 754//754 1044//1044 748//748
f 902//902 637//637 992//992
f 637//637 896//896 544//544
f 869//869 538//538 685//685
f 1032//1032 975//975 1041//1041
f 1032//1032 1002//1002 949//949
f 995//995 695//695 1044//1044
f 1075//1075 754//754 781//781
f 1089//1089 1110//1110 823//823
f 822//822 823//823 807//807
f 653//653 583//583 134//134
f 169//169 160//160 159//159
f 1002//1002 1032//1032 768//768
f 757//757 768//768 763//763
f 754//754 748//748 757//757
f 1108//1108 1110//1110 1102//1102
f 1110//1110 1086//1086 1102//1102
f 1108//1108 1102//1102 834//834
f 948//948 1101//1101 1140//1140
f 74//74 948//948 104//104
f 600//600 1535//1535 1101//1101
f 1107//1107 1066//1066 131//131
f 338//338 341//341 409//409
f 437//437 409//409 839//839
f 965//965 930//930 995//995
f 896//896 902//902 437//437
f 839//839 896//896 437//437
f 896//896 839//839 874//874
f 578//578 874//874 656//656
f 133//133 143//143 684//684
f 134//134 685//685 653//653
f 1032//1032 1041//1041 743//743
f 793//793 162//162 768//768
f 768//768 162//162 763//763
f 1572//1572 149//149 147//147
f 135//135 138//138 147//147
f 732//732 1159//1159 138//138
f 323//323 218//218 732//732
f 1525//1525 1152//1152 1346//1346
f 1525//1525 1106//1106 1152//1152
f 1106//1106 1107//1107 1618//1618
f 1066//1066 1107//1107 341//341
f 1132//1132 341//341 1107//1107
f 874//874 941//941 656//656
f 684//684 666//666 941//941
f 743//743 1041//1041 133//133
f 684//684 941//941 741//741
f 684//684 741//741 743//743
f 154//154 162//162 813//813
f 166//166 814//814 165//165
f 162//162 793//793 814//814
f 981//981 1572//1572 1265//1265
f 147//147 763//763 135//135
f 1525//1525 218//218 70//70
f 323//323 1528//1528 218//218
f 70//70 839//839 1132//1132
f 323//323 941//941 874//874
f 1027//1027 941//941 323//323
f 1106//1106 1525//1525 70//70