# https://github.com/mikedh/trimesh
v -0.00848153 -0.03199604 -0.07318237
v -0.01483670 -0.02593415 -0.07476685
v 0.06627648 -0.04812173 -0.04646146
v 0.11448838 -0.01047870 0.06916701
v -0.00906306 -0.01875818 0.03627968
v -0.04221229 -0.03309096 0.00171810
v -0.03728778 0.01322101 0.07270387
v -0.04866148 0.02331528 0.04154406
v 0.11708485 -0.04849273 -0.01686603
v 0.07292342 -0.04816971 -0.04170283
v -0.04762641 0.02893217 0.01129442
v -0.12487939 -0.01255164 -0.06759936
v 0.00630444 -0.02017812 0.04343133
v -0.05759753 -0.02263466 0.00536899
v -0.11754806 -0.01044662 -0.06931764
v -0.05806213 0.02748586 0.01818087
v -0.05350601 0.02817679 0.01332547
v -0.11778036 -0.00402463 -0.07116477
v -0.01935668 -0.03283536 0.00413103
v -0.06763076 -0.01162530 0.00227328
v 0.11950455 -0.03530987 0.02638340
v 0.08319217 -0.04625911 -0.04793496
v 0.11058946 -0.03605897 0.03286802
v 0.07907590 -0.04802674 -0.04607991
v -0.11918020 -0.01576453 -0.06630146
v -0.07482490 0.01117828 0.03546679
v -0.03220917 -0.03437244 -0.00601107
v -0.04416889 -0.02490938 0.01397239
v 0.11675320 -0.00298163 0.06782866
v 0.08944067 -0.04496853 -0.04652737
v -0.11540501 -0.01384902 -0.06718623
v 0.12546687 -0.02046523 0.03225503
v -0.06333498 -0.01244415 0.01160419
v 0.10437123 -0.03573819 0.03801956
v -0.00066690 0.01180686 0.07785399
v -0.11082720 -0.01697488 -0.06444877
v -0.01674729 -0.02824625 0.01709727
v 0.04179658 0.01600775 0.08437191
v -0.12042242 0.02156256 -0.05230579
v 0.02455720 -0.02171398 0.04645534
v -0.04990981 0.02587504 0.01974012
v -0.07257515 0.00460794 0.03196776
v -0.00493502 -0.02848262 0.02161770
v -0.03096816 -0.02765621 0.01916911
v 0.05040728 0.01269044 0.08783622
v -0.07125478 0.00576840 0.04165996
v 0.00061149 -0.00760661 0.04465320
v -0.03581136 -0.03169265 0.00222276
v -0.12390961 -0.01561827 -0.06569419
v 0.10983469 -0.03326292 0.04142428
v -0.07500571 0.02119523 -0.02005012
v -0.12196995 -0.01910950 -0.06381598
v 0.01389364 -0.01232629 0.05387348
v -0.06814643 0.00243958 0.04147289
v -0.07207201 0.02173867 -0.01992891
v 0.02219350 -0.04453477 -0.03048453
v -0.02071771 -0.02636099 0.02326353
v 0.08526421 0.00296920 0.09296713
v -0.13172397 -0.00745466 -0.06196585
v -0.06574912 0.02326626 -0.01811476
v 0.00327207 -0.01641307 -0.07836690
v -0.07118093 0.01800033 0.04961275
v 0.01281951 -0.02161009 -0.07691513
v 0.03009171 -0.04373835 -0.02084071
v -0.12847723 -0.01449195 -0.06367152
v -0.01606122 -0.02482771 0.02725183
v -0.06280406 0.00658827 0.05440106
v -0.06412167 0.02283195 -0.01545586
v -0.11785544 -0.02114789 -0.06186895
v -0.07059808 0.02006323 -0.01589323
v 0.00719760 -0.03613625 -0.07182066
v -0.12571765 -0.02088687 -0.06037407
v -0.01165513 -0.02532276 0.02685246
v 0.04562126 -0.04482700 -0.01997643
v 0.01803586 -0.03246774 0.01918358
v 0.01666062 -0.00691684 0.05645276
v 0.00417644 -0.04237877 -0.06837997
v -0.06914069 0.01494241 0.05340206
v -0.03125215 -0.03033749 0.01042193
v -0.04658304 0.00522179 0.05669149
v 0.01443257 -0.04319618 -0.06753647
v -0.04126719 0.00531029 0.06151266
v -0.06597205 0.01942787 -0.01096123
v -0.13505814 0.00312173 -0.05503523
v -0.05095423 0.03085445 0.05497313
v -0.11569753 -0.02540419 -0.05591714
v 0.01327977 -0.02462046 0.03711509
v -0.04293776 -0.03099713 0.00693659
v -0.05581582 0.02782458 0.06027804
v -0.10669514 -0.02086867 -0.06072731
v 0.13080541 -0.03595465 -0.01371958
v -0.12960353 -0.01894291 -0.05800266
v -0.04852847 -0.00854541 -0.06655579
v 0.02246207 -0.02670537 0.03534296
v -0.04737505 0.03074615 0.05966087
v 0.02746268 -0.03732926 0.00699828
v 0.11557332 -0.01640608 0.06273239
v -0.02486631 -0.02877620 0.01337196
v 0.05065495 -0.04301265 -0.00724552
v -0.12451309 -0.02434878 -0.05684814
v -0.04923185 -0.01650729 -0.06492452
v -0.03753873 -0.03006603 0.01151589
v 0.02583332 -0.01247250 0.06118893
v 0.10929422 -0.01045267 -0.05067761
v 0.12037879 -0.04454522 -0.00454808
v 0.04838035 -0.03984012 0.00572956
v -0.05069678 0.00990739 0.06557672
v -0.02303932 -0.04260217 -0.06344815
v -0.06906978 0.00033772 0.03352407
v -0.06181060 0.02293696 -0.00706402
v 0.03375796 -0.02355415 0.04565622
v -0.01587523 -0.04541378 -0.06194824
v 0.03537633 -0.04074946 -0.00327716
v -0.05663487 0.02707421 -0.01187224
v -0.04293686 0.00978628 0.06877849
v -0.06678815 0.01554744 -0.00673059
v -0.01679384 0.00846618 0.07368725
v -0.03161071 -0.03842362 -0.06304386
v 0.04510357 -0.02493901 0.04625433
v 0.03990408 -0.01499201 0.06296234
v -0.03456088 0.01943465 0.07452258
v -0.02704160 0.01701489 0.07580376
v 0.03865464 -0.03792982 0.00900172
v -0.02797856 0.02205289 0.07488164
v -0.04245461 0.03250092 -0.00835684
v 0.11764516 -0.02912424 0.04020325
v 0.04151858 -0.00939697 0.07119703
v -0.01864738 0.02290509 0.07544314
v -0.05291299 0.02826752 -0.00338501
v -0.01998976 0.01527117 0.07660871
v 0.05345156 -0.02341999 0.05194404
v -0.05200066 0.02579434 0.02204222
v 0.06470333 -0.02686941 0.04816934
v -0.04702771 0.03034669 -0.03204651
v 0.03227518 0.01344090 0.08251678
v 0.12229430 -0.04556855 -0.01164559
v 0.05431569 0.00105875 0.08241160
v 0.12005963 0.00119142 -0.04328534
v 0.12421008 0.00215971 -0.04033976
v 0.02068074 0.02027906 0.05785112
v 0.04995654 0.00108262 -0.06875783
v -0.06280191 -0.00226569 0.03643871
v -0.02766059 0.02602934 -0.03252787
v 0.11576952 0.00429621 -0.04305730
v 0.03196081 0.02444093 0.05934352
v 0.11066315 0.00886398 -0.03684843
v 0.06971338 -0.03790689 0.02063499
v 0.05553125 -0.03536058 0.02356669
v -0.03503154 0.02890936 -0.02485221
v 0.03380540 -0.01080542 0.06656406
v -0.05986167 0.02961379 0.04787415
v -0.12130438 0.02231669 -0.04753000
v 0.07516541 0.00255768 0.09091246
v 0.07905694 0.00618115 0.09204043
v 0.07675134 -0.03548860 0.03035084
v -0.03085808 0.03399679 0.00277557
v 0.08411824 0.01098146 0.09175982
v 0.00692816 -0.00937373 -0.07911805
v -0.02703674 0.03369983 0.00701077
v 0.01583461 -0.00988625 -0.07841540
v -0.03813489 -0.02144306 0.02137928
v -0.06156182 0.02606446 -0.02158370
v 0.03983097 0.03023459 0.05987925
v 0.04915562 -0.02342809 -0.07076527
v -0.00984814 0.02397141 -0.03344622
v 0.09794542 -0.03657386 0.03439778
v 0.05038477 -0.03187185 -0.06759426
v -0.03842612 0.01756306 0.02273772
v -0.13077894 -0.02306550 -0.04968564
v 0.10210726 -0.03227745 0.04685064
v -0.05009837 0.02319554 0.02462215
v -0.03172569 0.03185880 0.00839906
v -0.02273415 0.03426377 0.00799224
v 0.08923074 -0.03167609 0.04455355
v -0.13128931 -0.01282125 -0.05491392
v 0.04227764 0.02769090 0.06428939
v 0.05197543 -0.03927133 -0.06348684
v -0.05040454 0.03042219 0.04893383
v 0.05841993 -0.03911513 -0.06188773
v -0.07308669 0.01050757 0.04309275
v 0.03662650 0.02621442 0.06170080
v 0.12877892 0.00072659 -0.03743021
v 0.07060789 -0.02708537 -0.06348167
v 0.12546413 -0.04044735 -0.00031981
v -0.13308675 0.01351598 -0.04986891
v 0.12213974 0.00684112 -0.03640416
v 0.07788048 0.00640860 -0.05137795
v -0.03999941 0.00988238 0.02544539
v -0.03997902 0.00044257 0.02730525
v -0.03095533 0.03009275 -0.01837757
v -0.04245340 0.03127377 -0.02740148
v 0.05963065 -0.02284931 0.05490276
v -0.03764147 0.03341776 -0.01647540
v -0.04328270 0.03267844 -0.02138635
v -0.02557657 -0.02688346 0.02197151
v -0.02303602 -0.00526948 0.03034632
v -0.06370856 0.02732350 0.02725464
v 0.06930738 -0.02300279 0.05735385
v 0.01907887 0.02747654 0.06660058
v 0.02884242 0.02670739 0.06588655
v 0.10945929 -0.03003004 0.04725718
v 0.08422281 -0.02476796 0.05831804
v -0.05574893 0.02840584 -0.01942448
v 0.09850910 -0.02889586 0.05401095
v -0.06640668 0.02669031 0.03253733
v 0.02607172 0.03272795 0.01372287
v -0.05912363 0.02890461 0.03520546
v -0.03882415 0.00846286 0.05325309
v -0.06495450 0.02804245 0.04214878
v -0.03657814 0.02918783 0.01179138
v -0.04555739 -0.03299071 -0.05878322
v -0.11373439 -0.02653029 -0.04976229
v -0.04613629 0.02720307 0.01534845
v 0.11767714 0.00904730 -0.03438099
v 0.01353034 0.03379184 0.01702711
v 0.03596585 0.02724097 0.06791489
v -0.12296993 -0.02561922 -0.05155673
v 0.04460646 0.02766316 0.06784116
v 0.12500930 0.00711223 -0.03415810
v 0.08662142 0.00936761 -0.04314524
v -0.00090772 0.03418090 0.02197649
v -0.06049201 0.00295728 0.04987799
v 0.00224183 0.03425572 0.02460814
v -0.05914242 0.02976942 0.04150598
v 0.03638947 0.02518507 0.07643292
v -0.00802925 -0.04557095 -0.06353705
v -0.05563758 0.03030444 0.04546024
v -0.10915593 -0.02684468 -0.04981136
v -0.05406054 0.02860409 0.04112552
v 0.09608484 0.00264467 -0.05299246
v -0.09579524 -0.02511433 -0.05419301
v 0.11454243 -0.00306895 -0.04751610
v 0.11043956 -0.00303882 -0.04963407
v -0.13208139 0.01647293 -0.04535297
v -0.12549860 0.02107514 -0.04823933
v -0.05543506 0.00386551 0.05384549
v -0.01550970 -0.02164039 0.03101983
v 0.05025353 -0.00937421 0.07458306
v -0.06797139 0.00869638 0.05091847
v 0.05515421 0.02741212 0.07555918
v -0.01481189 0.01485692 0.05549385
v 0.10681934 -0.02696298 0.05316647
v -0.00984143 -0.04448070 -0.05398258
v 0.11383150 -0.02429019 0.05522010
v 0.12258987 -0.01062108 0.04895904
v -0.04911510 0.02795971 0.04537345
v -0.00525626 0.02840442 0.02571701
v -0.00047099 0.03127262 0.02713660
v -0.13773258 -0.00123958 -0.04479223
v -0.02193792 0.02323507 0.05468158
v 0.05484976 0.02524282 0.08211121
v -0.13030669 0.01810990 -0.04205144
v 0.05932559 0.02582525 0.07965268
v 0.08116853 -0.01903145 0.06797530
v 0.10996938 0.00443109 -0.04534383
v 0.00313958 0.03032820 0.03138543
v -0.03665205 0.03041014 0.05621764
v 0.02614716 -0.04659479 -0.06195648
v 0.00819085 0.03386056 0.03092923
v -0.02301080 -0.01350132 0.02958913
v -0.01402544 0.02744650 -0.02357802
v -0.06368402 0.02362613 0.05724439
v -0.04702997 0.01671214 0.04306512
v -0.02243191 0.02992929 0.06030638
v 0.12924558 -0.01206834 -0.03918706
v 0.12657480 -0.00873852 -0.04160341
v 0.11682164 -0.01858074 0.05725187
v -0.04611458 0.03168945 -0.01390719
v -0.02878650 0.03001616 0.05823852
v -0.03005545 -0.01983963 0.02548741
v 0.04187117 -0.04719689 -0.04977741
v -0.01526279 0.02775024 0.05911525
v 0.01378989 0.03471882 0.03204267
v -0.04691645 0.01290247 0.04104433
v -0.06111122 0.02420396 -0.01173322
v -0.12384082 0.02138840 -0.04137915
v -0.11791680 0.02120143 -0.03835429
v -0.04665858 -0.01754939 0.02109157
v 0.02079755 0.03446015 0.03913208
v 0.09822222 -0.02003992 0.07023224
v 0.10191108 -0.01522808 0.07468550
v -0.04390443 -0.01161605 0.02510083
v 0.04285553 -0.04648120 -0.03479124
v 0.06815817 0.02298280 0.08364867
v 0.03298594 -0.04672460 -0.04645426
v 0.13267567 -0.02451944 -0.00151135
v 0.13205300 -0.01383692 -0.03585730
v 0.13346951 0.00057269 -0.01272908
v 0.05403750 -0.04753274 -0.04262821
v 0.07789847 0.02787147 0.08426465
v 0.08599810 -0.03756695 -0.05328932
v -0.02956216 0.02563629 0.01713397
v 0.10278748 0.01016587 -0.03657887
v -0.12741194 0.01853939 -0.03620087
v -0.04061264 0.03001228 0.06427829
v -0.02601381 0.03449796 -0.00383349
v 0.12998759 0.00369872 -0.03280035
v -0.05756320 0.01226360 0.06335557
v -0.06417144 0.01751676 0.05954704
v -0.12452979 0.01865359 -0.03430111
v 0.10167294 -0.03457346 -0.04805471
v -0.03902076 0.02505490 0.01709076
v -0.03135456 0.03293823 -0.01234963
v -0.04485464 0.02240312 0.04510581
v 0.08937439 0.02011381 0.08931168
v 0.01887964 -0.04557103 -0.04223159
v -0.13320289 0.01455022 -0.03564042
v -0.03154647 0.03465057 -0.00709195
v -0.02279608 0.03066261 -0.01226981
v -0.12436280 -0.02584396 -0.04305458
v -0.03646540 0.03117826 0.06141408
v -0.04523676 0.02535223 0.01817665
v -0.10225017 0.01830820 -0.02852359
v 0.10746434 -0.03802863 -0.04310459
v 0.13175276 -0.00837607 -0.03777987
v -0.03441150 0.03075202 0.06468605
v 0.01092742 -0.04198906 -0.02051849
v -0.03463620 -0.01199412 0.02646057
v 0.01275003 0.03132930 0.03818516
v 0.06159526 -0.01114970 0.07530886
v -0.02475274 0.03061364 0.06423598
v -0.04150363 0.03182000 -0.00118683
v -0.05997802 0.01954761 0.06318594
v 0.12886009 -0.00326893 -0.03910081
v -0.13671856 0.00267960 -0.03331266
v -0.04370852 0.02089202 0.02213012
v 0.00215790 -0.02326030 0.03615881
v -0.03219355 0.01947515 0.02147198
v 0.11425927 -0.03626967 -0.04081189
v 0.10928503 0.01425136 -0.02563072
v -0.01578127 0.03154614 -0.00514549
v -0.05578896 0.01553417 0.06600135
v -0.12054718 0.01666685 -0.03064624
v -0.11307532 0.01952197 -0.03310372
v -0.02229917 -0.02385652 0.02676145
v -0.05289553 0.02406247 0.06625390
v -0.13279031 0.01178458 -0.03190838
v 0.11977502 -0.03772890 -0.03700794
v 0.09753765 0.01203463 -0.03411550
v -0.04528570 0.02851367 0.06573299
v 0.01825998 0.03065644 0.04298149
v 0.09476175 0.01276875 0.09151881
v 0.07637903 -0.00323586 0.08963648
v -0.02999723 0.03067936 0.06490843
v 0.13322953 -0.01049007 0.00297209
v 0.01483265 0.02294932 0.04642557
v 0.11207709 -0.04768877 -0.03092338
v 0.10771724 -0.01690337 0.07385339
v -0.00896568 0.03274700 0.00319013
v 0.12807723 0.00807307 -0.02635933
v -0.02150542 0.03530864 0.00283979
v 0.07592232 0.01636214 -0.03012894
v -0.03420474 0.02689956 0.07091862
v -0.01715543 0.03511601 0.00621152
v -0.02535544 0.02955530 0.06877615
v 0.09158262 0.01460943 -0.02987125
v 0.10027857 -0.04790531 -0.03814142
v 0.09965011 -0.04529468 0.00157598
v 0.01266021 -0.00532806 -0.07892895
v 0.01167551 -0.01751714 0.04964942
v 0.00013611 0.03045600 -0.00711934
v -0.02525076 0.02748579 0.07135655
v -0.00715670 -0.02242152 -0.07680505
v 0.03377437 -0.02834460 0.03518031
v 0.09206006 -0.04205151 0.01375926
v 0.01814228 -0.00211379 -0.07832086
v 0.01752331 -0.03934738 -0.00468923
v 0.13226292 0.00026812 -0.03087146
v -0.01265393 0.02833212 0.07053923
v 0.00322955 0.03225647 0.00293113
v 0.01579427 0.01787300 0.04985883
v -0.00848670 0.02641460 0.07318223
v -0.00021447 -0.01842270 0.04239737
v 0.00521270 -0.03795506 -0.00437790
v 0.08401783 0.01749019 -0.02488821
v 0.00936452 0.00312631 -0.07661474
v -0.03275411 0.01113089 0.02499123
v 0.10684871 -0.04871780 -0.02486403
v -0.02973352 0.01139300 0.07382251
v -0.11650532 0.01197886 -0.02505509
v 0.01475223 0.03160750 0.00324193
v -0.04495206 0.01519436 0.02562175
v -0.09346790 -0.03090934 -0.04701536
v -0.12658501 0.01328665 -0.02872151
v 0.01691989 0.00771454 0.07768319
v 0.11196829 -0.04866403 -0.01962157
v 0.09389421 -0.01562291 0.07752147
v -0.12305541 0.00793409 -0.02449308
v 0.09097152 -0.04835248 -0.02545885
v -0.05642817 0.00257995 0.04627319
v 0.02077193 0.00379633 0.07468005
v -0.02606761 -0.03113421 -0.06973458
v 0.10065045 -0.04748568 -0.01240603
v -0.12608090 0.00196460 -0.02332439
v -0.00455464 0.00692861 0.07396469
v -0.00586393 0.03418140 0.01312010
v 0.08870945 -0.04605811 -0.00701255
v -0.04176591 0.01405045 0.04734049
v 0.02428812 0.01003976 0.08049088
v -0.09701603 -0.02899327 -0.04343600
v 0.09056194 0.01827692 -0.02074422
v 0.12567004 0.01302007 -0.01653380
v -0.11720267 0.00247853 -0.02102360
v -0.03720720 0.01520394 0.04916701
v -0.11893228 -0.02645084 -0.04331343
v 0.02819144 0.01332027 0.08196733
v -0.09261757 -0.03294611 -0.04115387
v 0.10460743 -0.00538260 0.08788669
v 0.02138197 0.02003609 0.05358048
v -0.01958505 -0.03613106 -0.06917390
v 0.03252897 0.01920447 0.08109186
v 0.00575711 -0.01517431 0.04781038
v -0.03320841 0.01585754 0.05067207
v 0.11842619 -0.04361215 0.00822288
v 0.01857662 0.00317430 -0.07411957
v 0.07658971 -0.04240435 0.00629697
v -0.00901882 0.01207713 0.07735355
v -0.10255650 0.00627035 -0.01763489
v -0.08774200 -0.00828387 -0.06705401
v 0.01395545 0.01224129 0.05692361
v 0.00266920 0.00624965 -0.07231916
v 0.05911777 0.00264226 0.08485980
v 0.05610026 -0.00575303 0.08066935
v -0.00174541 0.01915143 0.07784897
v -0.06517004 0.00290459 0.04685100
v 0.12895953 -0.02976676 0.01045276
v 0.13408092 -0.00203598 -0.02112775
v 0.13456166 -0.00994111 -0.00871909
v 0.06466911 -0.00438050 0.08528594
v -0.09797187 0.00719530 -0.01310849
v -0.02928658 0.00391243 0.02759383
v -0.09661810 0.01225693 -0.01528194
v -0.00476781 0.03408220 0.01857820
v 0.01054547 0.01354436 0.07940372
v -0.04760415 0.00617608 0.05108473
v 0.00238256 0.03391871 0.01370188
v 0.07112773 -0.00447150 0.08717614
v 0.04238599 -0.02095428 0.05338234
v 0.01780689 0.01556924 0.05400420
v 0.11796478 0.01683521 -0.01688315
v 0.02089211 -0.01618543 0.05512719
v 0.01794716 0.01235345 0.08011423
v -0.09239905 0.00760158 -0.01179803
v 0.12869915 -0.02428812 0.01869863
v -0.01691508 0.03324939 0.01268543
v 0.11076170 -0.04324384 0.01327828
v -0.04378354 0.00525931 0.02739474
v 0.06573697 0.01187100 0.08746261
v -0.09865060 -0.01031750 -0.06516254
v -0.13084730 -0.02246440 -0.04205966
v -0.03878517 0.02131322 0.04882265
v 0.12111625 0.01110909 -0.02908663
v 0.00950339 0.01811609 0.05709826
v -0.09873252 0.00011923 -0.01139426
v 0.07055669 0.00948811 0.08959173
v -0.01232625 0.03457703 0.01006810
v 0.11360914 -0.03802253 0.02643508
v -0.09394821 -0.00511908 -0.00963978
v 0.03828178 0.00918848 0.08309511
v -0.04580641 0.00725717 0.02885922
v -0.07400271 0.01416659 0.02602695
v 0.10065124 -0.04189433 0.01743710
v -0.08594692 0.00240301 -0.00877829
v -0.01885635 0.00723651 0.02994586
v -0.08095162 0.00680751 -0.00885443
v -0.07840619 -0.00033433 -0.00616783
v -0.00892491 0.03240930 0.01896782
v 0.10707514 -0.04057444 0.02399781
v -0.02725851 0.02984463 0.01298494
v -0.01253549 0.03402639 0.01344337
v -0.08640237 -0.01734730 -0.06495734
v -0.01279082 0.02505406 0.02336300
v 0.01337898 0.02099044 0.05848187
v -0.07314295 -0.00349879 -0.00335966
v 0.01823016 0.02257107 0.05984846
v -0.01354104 0.00712341 0.03241831
v -0.01347848 -0.00546878 0.03459186
v -0.03708666 0.02637403 0.05145988
v -0.06715047 0.00932177 -0.00287602
v 0.02453679 -0.00918009 -0.07751456
v 0.02119455 0.02509658 0.06249601
v -0.10344857 -0.01434469 -0.06450076
v -0.13667935 -0.01149996 -0.04533813
v -0.12656282 -0.02344672 -0.03585484
v -0.00844201 0.00852249 0.03494675
v 0.09351549 0.02301943 -0.00581491
v -0.01422490 0.02992127 0.01823553
v -0.01815253 -0.01156009 -0.07725996
v 0.03386905 -0.01313048 -0.07580162
v 0.03525876 -0.00395135 -0.07586270
v 0.06136494 -0.01819192 0.06402458
v -0.06951153 -0.00708457 -0.00064848
v 0.08115976 0.02248049 -0.01133349
v 0.03098318 -0.01779764 0.05568158
v -0.00320345 0.01105384 0.03796943
v -0.00835299 -0.00069521 0.03710657
v 0.05024012 -0.01625007 0.06399579
v -0.03442445 0.01752568 -0.06344786
v 0.01043775 0.02661418 0.06279515
v -0.03929434 -0.01155723 -0.07059417
v -0.02286580 0.01371818 0.02622303
v 0.06739227 0.02365313 -0.01192734
v -0.02082625 0.02919085 0.01607093
v 0.01222577 0.02765952 0.07086057
v -0.00058906 0.00213848 0.04265462
v -0.03648145 -0.02818287 -0.06699505
v 0.01441907 0.02719748 0.06475013
v -0.01156910 0.01949783 0.02809876
v 0.12928597 0.01072868 -0.01417903
v -0.00292832 0.01229439 -0.06138838
v 0.00623722 0.02832656 0.06926815
v -0.09292115 -0.01639433 -0.06157834
v -0.06769677 0.00296560 0.00037115
v -0.02218810 0.02057173 0.02283922
v -0.09100314 -0.01367318 -0.06410081
v -0.06169682 -0.00414567 0.03291110
v -0.01125223 -0.04136397 -0.06780503
v 0.11705668 -0.04069737 0.01599518
v -0.03178918 0.02366118 0.05186251
v -0.00739241 0.01729759 0.03204045
v 0.13150962 0.00538851 -0.02268857
v -0.06802125 0.01351719 0.00539258
v -0.07090413 0.01227572 0.04939068
v -0.02814296 0.01627098 0.05214316
v -0.08833227 -0.01985305 -0.06295288
v 0.02895804 -0.03020819 -0.07255706
v 0.12237726 0.01306995 -0.02209422
v 0.00738150 0.02733139 0.03715864
v -0.00072910 0.02050032 0.03541178
v 0.05458640 -0.02989558 0.03796078
v -0.09994586 -0.01900794 -0.06109964
v -0.12391373 -0.00680519 -0.06952042
v -0.06793274 -0.00232141 0.00444583
v 0.03459713 -0.03814403 -0.06796631
v -0.02720340 0.02388242 0.05356379
v -0.09453106 -0.01834824 -0.06042797
v -0.06896077 0.00114401 0.01444488
v 0.04096222 -0.03700478 -0.06728961
v -0.12585747 0.00329577 -0.06812535
v 0.09958494 0.01682072 -0.02230357
v 0.03785072 -0.03179040 -0.07036157
v 0.02488118 0.02664383 0.07227326
v 0.12506495 0.01435935 -0.00863806
v 0.01776616 0.02564221 0.07432386
v 0.09440136 -0.00964769 0.08575053
v 0.11411942 -0.04526752 0.00285849
v -0.05602794 -0.00881222 -0.06336382
v 0.00870203 0.01063454 -0.06187873
v 0.07270603 -0.01793353 0.06771599
v 0.00125545 0.01275349 0.04098877
v -0.11594681 0.01150244 -0.06619539
v 0.07663858 -0.01193261 0.07840800
v -0.08757751 -0.02307025 -0.06106285
v 0.02415380 0.02075845 0.07916496
v -0.05630747 -0.01203718 -0.06294117
v 0.03663395 0.00933490 -0.05712768
v -0.12352711 -0.02083459 -0.03043158
v -0.09554547 -0.03149464 -0.03311712
v -0.12991533 -0.01919928 -0.03208296
v 0.04311671 -0.04363013 -0.06310791
v -0.06923711 0.01352614 0.01060476
v 0.00649841 0.01994818 0.04162418
v 0.11366188 0.02189976 -0.00347240
v 0.04564955 0.00824496 -0.05699547
v 0.03182722 -0.04502124 -0.06423457
v -0.04378067 0.02632643 0.04787473
v 0.10705702 0.01919421 -0.01341832
v 0.13176010 0.00354970 -0.00209038
v 0.08404094 0.02741170 0.00766438
v 0.05466204 0.00729193 -0.05647779
v 0.05505335 0.01256901 0.08947385
v 0.06450779 0.00702182 -0.05421440
v -0.02380293 0.00433078 0.02892515
v 0.08269452 0.02519361 -0.00158455
v 0.09865626 0.02673514 0.00918028
v -0.11869508 0.00930066 -0.06749844
v 0.10561016 0.02401935 0.00113750
v 0.11820157 0.01918609 -0.00905132
v -0.10221268 -0.02454839 -0.05576422
v -0.09235054 -0.02317820 -0.05813037
v -0.02531209 -0.04453815 -0.05990744
v -0.06697135 -0.00676293 0.00971570
v 0.12128835 0.01812496 -0.00343164
v 0.08541418 -0.00975466 0.08405806
v 0.03850049 -0.04320472 -0.06443815
v 0.01043168 0.01120816 0.04890129
v 0.06270198 0.02581697 0.07972092
v -0.01621243 0.01351907 0.02893512
v -0.05785951 0.02962368 0.05338701
v 0.12480738 0.01584973 0.00120347
v 0.12565205 0.01522584 0.00946929
v -0.02206863 -0.01775735 -0.07547916
v 0.07244249 0.01087654 -0.04402419
v 0.01680194 0.00725566 0.05490804
v 0.01044351 0.00194798 0.05120957
v 0.11465104 -0.03968826 0.02095774
v -0.02714103 -0.00345207 -0.07505114
v -0.10351497 0.00872331 -0.06449551
v 0.01451336 0.01152884 0.05276035
v 0.12839624 0.00760308 0.01742457
v -0.12760135 -0.00886949 -0.06722615
v 0.00094440 -0.02953336 -0.07476565
v -0.13209581 -0.01360296 -0.02880368
v 0.11443345 0.02420819 0.00617941
v 0.12028641 0.02049057 0.00512010
v 0.10165036 -0.01092771 0.08300524
v -0.00054219 -0.00209712 -0.07920356
v 0.07620281 0.02914628 0.01250556
v 0.09275917 0.02915829 0.01841561
v -0.07085540 0.01021157 0.01738314
v -0.04575567 0.03055916 0.05162890
v -0.07252728 0.00732483 0.02519126
v 0.00274643 0.00394797 -0.07699684
v 0.11833091 0.02226315 0.01105329
v -0.03602231 -0.03498461 -0.06304033
v 0.05172765 -0.04627471 -0.05856503
v -0.00819301 0.00697371 -0.07538768
v -0.13013121 -0.00687203 -0.02476668
v -0.05560326 -0.03016848 -0.05339059
v -0.11778984 -0.01650717 -0.02498242
v -0.06369012 0.01202341 0.05848730
v -0.00369558 0.00625346 -0.07510575
v -0.09031832 -0.02920038 -0.05337809
v -0.04073927 0.02798557 0.05078343
v -0.08560381 -0.02720644 -0.05661024
v 0.11913538 0.02267223 0.01819954
v -0.06265735 0.02375445 0.01363065
v -0.09745454 -0.02745465 -0.04885905
v 0.12978113 -0.01412055 0.02253320
v -0.01002550 0.00941354 -0.06972738
v -0.06887472 -0.00124781 0.02073395
v -0.01974308 0.01614273 0.05404875
v 0.09954418 -0.00542192 0.08977336
v 0.04695139 0.01780477 -0.03461650
v -0.00951607 -0.01093830 -0.07851794
v -0.10897367 -0.01339986 -0.02057850
v 0.00441311 0.00684020 0.04547024
v 0.07591488 0.03139451 0.02523275
v -0.02777827 0.01422817 -0.06782575
v -0.02293624 0.01185801 -0.07117106
v -0.06636579 -0.00396733 0.02645712
v 0.06278455 0.01465106 -0.03814135
v -0.07057635 0.01663641 0.02078916
v 0.11187428 0.02715699 0.01701363
v -0.09280981 -0.00509830 -0.06445296
v 0.10501809 0.02839516 0.01913627
v -0.05457848 0.00620413 0.05976112
v 0.06644966 -0.03889379 -0.05951834
v 0.05908385 0.01798866 -0.03074136
v 0.08051221 -0.04287715 -0.05224883
v 0.12136674 0.02083332 0.02637335
v 0.12637189 0.00668935 0.03236675
v -0.08859074 -0.03128614 -0.04951087
v -0.06678788 0.02142972 0.01781575
v -0.07944156 -0.03165196 -0.04720255
v -0.03665437 0.01421386 -0.06632164
v -0.02910620 0.01596083 -0.06333391
v -0.04176675 0.00738904 -0.06738975
v 0.05389463 0.01784177 -0.03259234
v 0.06736355 0.03299901 0.03289433
v -0.01651012 0.02105250 0.05551788
v 0.11597129 0.02599018 0.02588662
v -0.01140304 0.02989458 0.06369402
v -0.04087110 0.01694270 -0.06261452
v 0.06911771 0.01601520 -0.03299640
v 0.07522865 -0.03743540 -0.05738633
v -0.01912829 0.03032431 0.06332277
v -0.03990554 -0.03855225 -0.05736601
v 0.09428635 0.03066008 0.02769501
v 0.07398431 -0.04645351 -0.05131861
v -0.02933442 -0.04363969 -0.05908617
v -0.02410612 0.01093254 0.05515460
v -0.09355049 -0.00016829 -0.06423349
v 0.07643506 0.03276934 0.03726066
v -0.04866044 0.00592629 0.06149897
v -0.01036009 0.02258062 0.05687067
v -0.06814966 -0.03004374 -0.04940754
v -0.06538780 -0.01069548 -0.06376173
v 0.05451838 0.02344123 -0.01639859
v -0.02387088 -0.02506658 -0.07303493
v -0.04916860 0.01677127 0.02983647
v -0.05704617 0.02755227 0.02510811
v 0.07498390 0.03343231 0.04569688
v 0.07200468 0.01972958 -0.02218709
v -0.09409711 -0.02610912 -0.02017793
v 0.11496917 0.02708729 0.03256988
v -0.09905543 -0.02014270 -0.01726631
v 0.11042114 0.02882455 0.02652165
v 0.01838747 0.00558377 0.05799152
v -0.00410559 0.01478789 0.05650173
v 0.09645748 -0.03950488 -0.04752566
v 0.00074788 0.01367306 0.05694250
v 0.11970263 0.02202431 0.03459019
v 0.01310596 0.01431256 -0.05251120
v 0.02526552 0.01016873 -0.05848467
v 0.02408439 0.01404196 -0.05008720
v -0.00271317 0.02925956 0.06467224
v 0.08699943 0.03299829 0.04746430
v 0.09623287 0.03187710 0.03899395
v -0.04818398 0.02052258 0.02537666
v 0.08029919 0.03326940 0.04754553
v -0.07099965 0.02207547 0.02869598
v 0.10614533 0.03064943 0.03325362
v -0.09623466 -0.02051703 -0.01565797
v 0.07369013 0.03343439 0.05723597
v -0.10486938 -0.02728325 -0.04801050
v -0.06033718 -0.01319479 -0.06286488
v 0.11202082 0.02818844 0.03878251
v -0.08985102 -0.03263902 -0.04483267
v -0.01846784 0.00818079 0.05924820
v -0.04683714 -0.00250537 0.02859126
v -0.07022820 -0.03264718 -0.04344395
v -0.09154511 -0.02073249 -0.01474830
v -0.05522256 -0.02042891 -0.06036445
v -0.11068386 0.01300625 -0.06367578
v -0.13426558 -0.01843678 -0.04225920
v -0.10473589 0.01722434 -0.05801986
v -0.01844640 0.02876265 0.07015108
v -0.03449243 -0.02037124 -0.07085003
v 0.10637302 0.03133513 0.04288939
v -0.05291372 -0.00198355 0.03104613
v -0.03962607 -0.00622221 0.02696156
v 0.02193413 0.00366620 0.06377900
v 0.07255509 0.03293600 0.06747734
v -0.00326295 -0.03890371 -0.07026485
v 0.08568833 0.03237397 0.03751498
v -0.00739914 0.02933302 0.06732179
v 0.06817945 0.02696487 0.00019811
v -0.03263799 -0.00242460 0.02789573
v -0.04965914 -0.02610152 -0.06077006
v 0.00723324 0.00910282 0.05970254
v -0.02774952 -0.04485346 -0.05510082
v -0.02604471 0.00597148 0.06372612
v -0.10165497 -0.01482245 -0.01722818
v -0.07373009 -0.03347458 -0.03940634
v 0.04097684 0.01366446 -0.04647531
v -0.03576663 0.00564500 0.06402572
v -0.05134783 0.02082407 0.03049981
v 0.11583009 0.02423300 0.04304488
v -0.09316878 -0.01321615 -0.01130456
v -0.03470211 0.00780913 0.06955370
v -0.08274538 -0.03333028 -0.04018194
v -0.10242004 -0.00863253 -0.01554528
v -0.05352770 0.02458222 0.03013297
v 0.10989550 0.02872886 0.04678628
v 0.10157664 -0.04198267 -0.04311569
v 0.01610780 0.00673383 0.06079751
v 0.10009845 0.03236105 0.04844435
v -0.02698236 0.00600035 0.06785187
v -0.06227694 -0.02187439 -0.05862104
v -0.08329450 -0.01295257 -0.06671760
v -0.02061103 -0.04408786 -0.05379013
v 0.05534759 0.01282161 -0.04450821
v 0.02164125 0.00083785 0.05946608
v -0.01192529 0.00567953 0.07043306
v 0.09386995 0.03278434 0.05586740
v 0.06356233 0.03045293 0.01474707
v 0.10759700 0.02909457 0.05415236
v 0.06240318 0.03227223 0.07191212
v -0.01497648 -0.04272658 -0.03832469
v 0.00353295 -0.04454650 -0.04279096
v -0.07295207 -0.01134699 -0.06439698
v 0.08949695 -0.04825865 -0.04220119
v -0.09458202 0.01133159 -0.06040156
v -0.10270199 -0.02743127 -0.04170920
v 0.01342665 0.00830505 0.06016127
v -0.04486874 0.02225786 0.07075243
v 0.12117530 0.01246235 0.05036736
v -0.13119617 0.00243667 -0.06271542
v -0.06688792 -0.02493796 -0.05598239
v -0.05660163 -0.02816078 -0.05466664
v 0.01832938 0.00530039 0.06227705
v -0.00358218 -0.04269315 -0.03234295
v 0.11305446 0.02580656 0.05126463
v -0.05153255 -0.03523601 -0.00786751
v -0.03286006 -0.04421526 -0.05533413
v -0.04710582 0.00943569 0.03180424
v 0.04789448 0.02074364 -0.02620759
v 0.00598218 0.00422512 0.06848610
v -0.00240867 0.02328526 0.05818590
v -0.04636381 0.01173370 0.03354060
v 0.00496261 0.01527720 0.05676175
v 0.08197408 0.01450240 -0.03302557
v 0.11684008 0.01272888 0.06559664
v 0.01664970 0.00317450 0.07159622
v -0.05625412 0.02688094 0.03039279
v -0.11225321 -0.02703022 -0.03826228
v 0.00794788 0.01020424 0.07811586
v 0.03673317 0.01904122 -0.03421955
v 0.00426490 0.02553747 0.06034288
v 0.11300128 0.00111164 0.07632601
v 0.10232673 0.03231818 0.05778823
v 0.08696600 0.03305566 0.05596851
v 0.11394574 0.01778540 0.06978286
v -0.09399065 -0.00932624 -0.06408724
v 0.11198090 -0.04364492 -0.03628059
v 0.00219808 0.00620202 0.07422451
v -0.12141753 0.01815099 -0.05994476
v -0.13691254 -0.00984571 -0.03476407
v 0.01030816 0.00386192 0.07178015
v -0.05136230 0.00490874 0.03290653
v 0.02598225 0.02141411 -0.03056723
v 0.11436590 0.02355691 0.06092683
v -0.05901146 -0.02653342 -0.05537185
v 0.03179680 0.03418484 0.02865360
v 0.02893473 0.00220855 0.07441008
v -0.02776854 -0.03922623 -0.02367875
v 0.00969534 0.02635123 -0.02018860
v 0.04299612 0.03345304 0.02610432
v -0.09329198 -0.03303060 -0.03690745
v 0.02592270 0.00173631 0.06411364
v 0.06002383 0.03364984 0.03827799
v -0.06681011 -0.01642458 -0.06143639
v -0.08218389 -0.02186504 -0.06138066
v 0.10260034 -0.04878728 -0.03189537
v 0.04704613 0.03406395 0.03617563
v 0.02818618 -0.00505132 0.06419209
v -0.07152874 0.02253766 0.03382565
v -0.06957151 -0.01327325 -0.00257306
v 0.08351343 -0.04831207 -0.03420213
v -0.07416158 -0.01830004 -0.06192212
v 0.10790268 0.02853971 0.05998058
v 0.10857337 0.02944594 0.06496326
v -0.05906469 -0.03100888 -0.05041766
v 0.10368802 -0.01956922 0.06987446
v 0.08595921 0.03245254 0.07329582
v -0.04925016 0.01533890 0.06967873
v 0.06233614 -0.04728639 -0.03102703
v -0.02826613 -0.04306299 -0.04860615
v -0.04442710 0.01830802 0.07183891
v 0.04468795 0.00756676 0.08443719
v 0.12356301 -0.01571702 0.04196931
v 0.03923659 0.02348603 -0.02079877
v 0.05133075 0.03400670 0.03968806
v -0.11815036 -0.02462026 -0.03416539
v 0.03170948 0.02533515 -0.01737502
v 0.04209223 0.02215990 0.08109132
v -0.05062978 0.01443600 0.03420029
v -0.04024166 -0.04229239 -0.05269572
v -0.05218051 0.02454207 0.03682918
v -0.07070313 0.02451018 0.03761082
v 0.03129381 0.00012483 0.06724204
v 0.06997143 0.00023248 0.08910847
v -0.07621032 -0.02584195 -0.05646588
v 0.06895908 0.03355077 0.04361357
v -0.13428636 -0.01722452 -0.03505386
v -0.02245863 0.00850494 0.07327782
v -0.04303367 -0.03855869 -0.02730183
v -0.05005484 0.01677174 0.03796857
v 0.04801769 0.01924844 0.08500830
v -0.03846929 -0.03975131 -0.03232938
v 0.06757457 0.03214411 0.07449726
v -0.05740611 -0.00150428 0.03552207
v -0.05196647 -0.03336299 -0.05344148
v -0.01340160 0.01500360 0.07737114
v 0.07685837 -0.04770025 -0.02667695
v 0.05464456 0.03405278 0.04690476
v -0.09075354 0.01650890 -0.05752482
v 0.02447382 0.00229979 0.07132863
v 0.03675132 0.00332443 0.07864164
v -0.04650454 0.01457342 0.03692961
v 0.03684302 -0.00153867 0.07057915
v 0.12222652 -0.00458732 0.05141682
v 0.07393741 0.01727882 0.08872349
v -0.09972785 -0.02788760 -0.03507917
v 0.00303837 0.01738531 0.07838844
v -0.09503917 0.01829574 -0.05359949
v 0.04225157 0.02748614 -0.00633110
v -0.07117235 0.02311025 0.04148689
v 0.06279951 0.01870220 0.08568151
v 0.06344960 0.03384758 0.04844082
v 0.05508834 0.00662390 0.08704014
v -0.09805045 0.01979800 -0.05120142
v -0.06181535 -0.03306629 -0.04612959
v -0.09108417 0.02082189 -0.05256019
v -0.11265563 0.02101881 -0.05302194
v -0.05345184 -0.02926444 0.00072246
v 0.07673587 -0.04566912 -0.01012019
v 0.04082559 0.03401268 0.05389981
v -0.06312855 -0.02070037 0.00086394
v -0.09956665 0.02141981 -0.04681507
v 0.06268640 0.00685243 0.08666280
v 0.05592948 0.01736851 0.08897609
v 0.05787156 0.03327973 0.06613022
v -0.05773268 -0.03632650 -0.04339460
v 0.06180839 0.01030965 0.08712288
v 0.01416148 0.01990627 0.07852432
v 0.04226488 -0.00086990 0.07540672
v 0.06046605 0.01460922 0.08844855
v 0.06059444 -0.04533295 -0.01555494
v -0.13414441 -0.01089408 -0.02924980
v 0.08956364 -0.00204868 0.09226047
v -0.04336061 -0.03612461 -0.01705513
v 0.03296094 0.03047114 0.05442164
v 0.08572577 -0.00556695 0.08953503
v 0.02933606 0.02116807 0.07932182
v 0.04864635 -0.00142882 0.07856817
v 0.08807164 0.03283978 0.06349802
v 0.09063125 0.00314734 0.09319214
v -0.04820787 -0.04062142 -0.04752532
v -0.00313103 -0.01157065 -0.07890792
v -0.03833869 -0.04395940 -0.05002278
v 0.02218698 -0.01513977 -0.07724442
v 0.03085732 -0.02054788 -0.07512979
v 0.03643369 0.03082579 0.05660447
v 0.00044573 0.02739760 0.07189283
v 0.05267514 0.02821696 0.00010857
v -0.12744804 -0.01682967 -0.02822375
v 0.00396203 0.02375293 0.07581175
v 0.02230776 -0.02502511 -0.07512512
v 0.05453374 0.02203087 0.08598823
v 0.01095952 -0.02946361 -0.07453912
v -0.01417026 -0.00382532 -0.07817443
v 0.01910601 -0.03508686 -0.07170323
v -0.11046017 0.02197000 -0.04746300
v -0.10214808 -0.02407002 -0.02700715
v 0.05434340 0.03245716 0.02333290
v 0.11887670 0.01439924 0.05671194
v -0.00606843 -0.00242723 -0.07890831
v -0.11284785 -0.02235765 -0.02862282
v -0.01837948 -0.03796679 -0.01391944
v -0.04648351 -0.04290348 -0.04204927
v 0.04298639 0.03148490 0.01270127
v 0.06351341 -0.04344765 -0.00358102
v 0.05980715 0.02013569 0.08686560
v -0.01979779 -0.00260226 -0.07693869
v 0.01133203 0.02406763 0.07552962
v 0.02638851 -0.04057424 -0.06807085
v -0.08827727 0.02486062 -0.04728752
v 0.04524637 0.03371363 0.05754679
v 0.02298953 0.03417213 0.02404565
v 0.07382080 0.03200532 0.07723690
v 0.06171778 -0.03973923 0.01108766
v -0.03990751 -0.04369098 -0.04565503
v 0.09667030 0.00121718 0.09251851
v -0.00421832 -0.04568614 -0.06357144
v 0.01214983 0.03455849 0.02652737
v -0.05127704 0.00739378 0.04052282
v -0.00441677 0.00267945 -0.07847354
v 0.00562345 0.03447794 0.02682750
v -0.06073522 -0.03737985 -0.03421382
v -0.03113646 -0.00989555 -0.07384066
v 0.00150439 -0.04577496 -0.06450785
v 0.01541351 -0.04607767 -0.06373435
v -0.02354152 0.00120831 -0.07560772
v -0.00359412 -0.03966479 -0.01560929
v -0.03107231 0.00779034 -0.07167573
v 0.10787179 -0.01072722 0.07991435
v 0.08681750 -0.03879117 0.02370166
v 0.03715351 -0.04675322 -0.06005997
v -0.03924219 -0.00360607 -0.07062067
v -0.03501560 0.00149747 -0.07163493
v -0.04776711 -0.02752163 0.00801123
v -0.10609750 -0.02037649 -0.02420719
v 0.02958575 -0.04678717 -0.05421793
v 0.04039732 0.03417483 0.03504370
v -0.05747405 0.00037753 0.03967896
v 0.10126560 0.03226558 0.06350090
v 0.00075990 -0.04524769 -0.05590919
v -0.06762093 -0.03529377 -0.03419860
v 0.01190634 -0.04583140 -0.05365312
v -0.09550284 -0.03006063 -0.02687976
v -0.05467655 -0.01920391 0.01308963
v 0.00872335 -0.04622952 -0.06352815
v 0.01995505 -0.04646390 -0.06310443
v 0.04795935 0.02203927 0.08304060
v 0.04616024 -0.04668681 -0.05893455
v 0.04932918 0.03299161 0.06245375
v -0.07848094 0.00128239 -0.06622111
v -0.10161137 -0.02067650 -0.02197458
v 0.11186965 0.02444046 0.06767202
v 0.09814740 0.03240542 0.06809902
v 0.05540413 -0.04711997 -0.05571152
v 0.05830652 0.02326008 0.08488021
v -0.08212447 0.00587315 -0.06602972
v -0.07025488 0.00212584 -0.06389300
v -0.06128124 -0.01121336 0.01822871
v -0.09880757 -0.02647369 -0.02547723
v 0.10498651 0.02994219 0.06822499
v -0.05227441 -0.04131645 -0.03565022
v 0.06558131 0.01712171 0.08607774
v 0.09898166 0.03155778 0.07471360
v -0.00729422 -0.03482434 0.00248611
v 0.09461836 0.03183421 0.07738828
v -0.08342435 -0.00448220 -0.06818346
v 0.05077009 0.02859333 0.07001995
v 0.05949283 -0.02093008 -0.06859892
v 0.04955140 -0.04748644 -0.04930477
v -0.06352576 -0.03512872 -0.04039195
v 0.06696600 -0.04660834 -0.05355685
v 0.08177656 0.01862472 0.08952551
v 0.07191882 -0.01518991 -0.06565680
v 0.04632498 -0.01666207 -0.07275958
v 0.10947975 0.02439177 0.07312136
v 0.09317938 -0.00475871 0.09087759
v -0.04870998 0.00822049 0.04563508
v 0.06052295 -0.04683082 -0.05523504
v 0.05447633 -0.01168856 -0.07125986
v -0.06249863 -0.00202237 -0.06339866
v 0.06242169 -0.02828625 -0.06567656
v -0.07384448 0.01669992 0.04314578
v 0.08829131 0.03048434 0.08190778
v -0.08617581 0.00054626 -0.06767754
v 0.04433934 -0.00590837 -0.07439489
v -0.03414153 -0.04151428 -0.04144271
v 0.00436197 -0.00069625 -0.07909814
v 0.10219696 0.02941416 0.07653353
v -0.04570685 -0.04214653 -0.03630698
v 0.02713896 0.03416373 0.04530858
v 0.10628643 0.02372695 0.08043081
v 0.03481128 0.03414592 0.05002141
v -0.05364074 0.00267646 -0.06303838
v -0.07167212 -0.03009882 -0.01728729
v 0.04639715 0.03416078 0.04606685
v -0.07071332 -0.00378397 -0.06474021
v -0.01776709 0.00506702 -0.07640953
v -0.01552556 0.00806957 -0.07490121
v -0.01124037 0.00488912 -0.07738978
v -0.02266459 0.00838884 -0.07418291
v -0.05137288 -0.01510408 0.02151542
v -0.01677572 0.01043483 -0.07126482
v -0.06762346 -0.03357212 -0.02121423
v -0.06283501 0.00564409 -0.06163439
v 0.10263446 0.02692541 0.08175618
v 0.09808617 0.02948658 0.08221056
v -0.06881495 0.02477346 0.04587987
v 0.02168062 0.03077429 0.04567870
v 0.04452450 0.02574749 0.07738848
v -0.08602095 0.00869402 -0.06529625
v -0.09382070 0.02273603 -0.04541064
v -0.08124914 -0.03320579 -0.03168057
v -0.03179830 0.01313794 -0.06884599
v -0.09244657 0.00719077 -0.06244096
v -0.07219069 -0.03408439 -0.03351107
v -0.06546918 0.02691289 0.04847284
v 0.00764236 -0.03339139 0.01264003
v -0.08824099 0.02588086 -0.04020010
v -0.05474005 0.00915188 -0.06051019
v -0.08471320 0.01399005 -0.06241954
v -0.10671914 0.02189872 -0.03975233
v -0.05217015 0.01539914 -0.05772723
v 0.10808036 0.01072861 0.08310948
v -0.07948487 0.02518746 -0.04253124
v 0.09431017 0.02532137 0.08676652
v -0.04547822 0.00094649 -0.06735159
v -0.06401439 -0.02948891 -0.01067780
v -0.08340055 0.01860733 -0.05757613
v -0.05311106 -0.00416900 -0.06418889
v -0.05604621 -0.01368048 0.02054742
v 0.09760902 0.01869251 0.08893044
v -0.09586216 0.02292709 -0.03888323
v 0.07903559 -0.02188237 -0.06198199
v 0.09906174 0.02423142 0.08614150
v -0.05577146 -0.00205781 -0.06348719
v -0.09003156 0.02539852 -0.03310634
v -0.06155165 -0.00641272 0.02837819
v -0.12432126 0.00139757 -0.06919345
v -0.06487269 0.01098915 -0.05922712
v -0.09771849 0.02156322 -0.03434433
v -0.04998517 0.01140845 -0.06152204
v -0.11497604 0.00278023 -0.06978843
v -0.10489170 -0.02584813 -0.03147764
v -0.09138096 -0.03235411 -0.03134619
v -0.01925604 0.01443580 -0.06050031
v -0.11986382 0.00116861 -0.07039826
v -0.02651800 0.01656533 -0.05752575
v 0.06975213 0.02964150 0.07927205
v -0.08181886 -0.02987639 -0.02256361
v -0.07408536 -0.03279654 -0.02636952
v -0.10657555 0.00163620 -0.06777218
v 0.02912450 0.03115049 0.05107826
v -0.10736308 -0.00876468 -0.06763377
v 0.07441967 0.02829318 0.08213122
v -0.09805487 0.01960161 -0.02695126
v -0.05670112 -0.00868728 0.02716507
v -0.04123634 0.02210558 -0.05564663
v -0.10678936 0.01924670 -0.03118765
v -0.10041415 0.00495575 -0.06513249
v -0.03774337 0.02066554 -0.05727174
v -0.09547196 0.02246603 -0.02971755
v -0.05106485 -0.01026353 0.02573379
v -0.03275707 0.01856737 -0.05578826
v -0.05029340 -0.04024801 -0.02576648
v -0.08627767 -0.00614418 -0.00813580
v -0.06519021 -0.03582026 -0.02723734
v -0.05297763 -0.04060917 -0.02815380
v -0.09107224 0.00348542 -0.06404769
v 0.08743114 0.02672614 0.08558405
v -0.03118688 0.00800514 0.05682539
v -0.06588526 0.01615496 -0.05534335
v 0.08154187 -0.02746994 -0.05953642
v -0.05838519 0.01658085 -0.05524500
v 0.02631224 0.02429840 0.05432365
v 0.02258813 -0.00375084 -0.07782811
v 0.08302848 0.02684369 0.08518827
v -0.01032216 -0.02349534 0.03119206
v -0.12146918 0.01487252 -0.06341679
v -0.01483267 -0.01399242 0.03330013
v -0.11108859 0.00829441 -0.02147071
v -0.10987673 0.01395694 -0.02501238
v -0.07821592 -0.01098999 -0.00681086
v -0.04432880 0.02064836 -0.05711417
v -0.00230586 0.01739356 -0.04913027
v 0.08842426 -0.01752266 -0.05934211
v -0.11784245 0.02045952 -0.05624149
v 0.00906953 0.02067847 -0.03738702
v 0.09316732 -0.03031264 -0.05394216
v 0.02661911 0.01730505 -0.04143032
v -0.10110117 0.01412776 -0.02259600
v -0.01590273 0.01914173 -0.04878939
v -0.05968823 0.02019395 -0.05155176
v 0.02791780 -0.03263714 0.02207956
v -0.00544345 -0.02193736 0.03584228
v 0.01741659 0.01985882 -0.03733410
v -0.00945474 0.01119060 0.05706799
v 0.04236005 -0.03438457 0.02199711
v 0.04098906 0.00066433 -0.07169392
v -0.07402655 0.00986077 -0.06213056
v 0.09885350 -0.02306545 -0.05392209
v -0.09471184 0.01824249 -0.01989652
v -0.04192649 0.03136611 0.05770356
v -0.06876348 -0.01937640 -0.00508602
v 0.00287214 0.02250324 -0.03412345
v 0.00316035 -0.02722575 0.02756653
v -0.00262006 0.00904946 0.05990721
v 0.05039116 -0.00466827 -0.07239438
v 0.10395426 0.01342440 0.08645048
v -0.04950193 0.02397153 -0.04957800
v 0.02257344 0.02531946 -0.01984770
v 0.10130123 -0.01383549 -0.05429548
v -0.00270360 0.02720205 -0.02091127
v -0.10554626 0.00884684 -0.02024783
v -0.01651285 0.00548774 0.06641667
v -0.05868444 -0.03627334 -0.01768728
v 0.04366877 -0.02865234 0.03758201
v 0.05478570 -0.00197607 -0.07036694
v 0.01780781 0.02897951 -0.00789641
v 0.02957883 0.03058741 0.00307640
v 0.02787117 0.02810963 -0.00840384
v 0.10189868 0.00357908 0.08990923
v -0.05047716 -0.03951479 -0.02225573
v 0.06917398 -0.03160299 0.03842316
v -0.05423928 0.02028856 -0.05241299
v -0.07398118 0.01669788 -0.05699313
v -0.00423526 0.00494652 0.06666041
v -0.07061972 0.02018488 -0.05156691
v -0.03556972 0.02089629 -0.05036575
v -0.02380032 0.02225484 -0.04287175
v 0.09554133 0.00567313 0.09262877
v -0.08702954 0.02094212 -0.05511861
v -0.07550673 0.02155648 -0.05058666
v -0.04221388 0.02640757 0.06915626
v -0.00625152 0.02064413 -0.04184438
v -0.05119937 -0.03820750 -0.01735935
v 0.02504666 0.02156639 0.05741639
v 0.02871414 0.02402927 0.06169017
v -0.03775684 0.02239253 0.07298337
v 0.07934965 -0.02970858 0.04628087
v -0.07543856 0.01457320 -0.01183993
v -0.08158746 0.02235210 -0.05110451
v 0.05882180 -0.00066224 -0.06874002
v -0.06645338 0.01983424 -0.05126851
v -0.08455714 0.01526578 -0.01499569
v -0.08532804 -0.02571113 -0.01746975
v -0.06488697 0.02141247 -0.04900770
v -0.04395625 0.02540717 -0.04846884
v 0.00973385 0.00009668 -0.07875381
v -0.04654985 0.02818655 -0.04118919
v -0.00816677 0.02324399 0.07577876
v -0.04886959 -0.03666602 -0.01231842
v -0.06190537 0.02398137 -0.04528221
v -0.05792414 0.02257017 -0.04823080
v 0.10910582 -0.02478827 0.06058650
v 0.06459706 0.00007616 -0.06593282
v -0.08494989 0.01042076 -0.01162552
v 0.03654853 0.01821811 0.08233886
v -0.03707642 0.02285913 -0.04529432
v 0.01524758 -0.00002100 -0.07815510
v 0.10929641 -0.02809484 -0.04746739
v 0.07424067 -0.00462795 -0.06502701
v -0.07486106 -0.01790797 -0.00779253
v -0.05528155 0.02504378 -0.04460079
v -0.08602724 -0.01891085 -0.01224542
v -0.06955382 0.02377619 -0.04388689
v -0.03272708 0.02305928 -0.04297478
v 0.11173416 -0.01827787 -0.04889604
v 0.07218297 0.00046838 -0.06326263
v -0.07900141 -0.01911562 -0.01037273
v 0.02691033 -0.00030924 -0.07636608
v -0.03955282 0.02678175 -0.03568906
v 0.06598402 0.00545533 0.08813540
v 0.08076192 0.00059078 -0.06033687
v -0.07631406 -0.02671510 -0.01588633
v 0.10182658 -0.02193079 0.06549975
v -0.05706398 0.02648817 -0.03990394
v -0.04957185 -0.03365143 -0.00278598
v -0.01802848 0.02254608 -0.04016928
v 0.03791487 -0.02456617 -0.07293392
v 0.10350863 -0.02411987 0.06152426
v 0.08632241 -0.00431532 -0.06058236
v 0.02291667 0.00046426 -0.07649460
v -0.06789993 -0.02465225 -0.00834780
v 0.09437739 -0.02294575 0.06481639
v -0.07264567 0.00911293 -0.00664095
v 0.10804020 -0.02218282 0.06628012
v 0.12565457 -0.01698452 -0.04235280
v 0.12029163 -0.02499163 -0.04325295
v 0.03113077 0.00002236 -0.07536849
v 0.03779793 -0.00554451 -0.07549344
v 0.06484991 -0.01180905 -0.06816888
v -0.06536990 0.02555066 -0.03924743
v 0.06740389 -0.00533113 -0.06744751
v -0.12564746 0.01119780 -0.06485222
v -0.05261239 0.02937114 -0.03143744
v 0.03450780 0.00151626 -0.07255774
v -0.06476960 0.01830364 -0.00164044
v -0.05975304 0.02428377 -0.00210198
v 0.09104646 -0.00339185 -0.05842528
v -0.04240568 -0.03408675 -0.00709279
v -0.07179430 0.02527102 -0.03465976
v -0.06192299 0.02706194 -0.03201208
v 0.09640267 -0.00107958 -0.05568690
v -0.13003262 0.00034244 -0.06493208
v 0.08927180 0.00158103 -0.05654600
v 0.03825701 0.00473108 -0.06550584
v 0.08050676 -0.00727152 -0.06298870
v 0.02372684 0.00600923 -0.06705023
v 0.10137421 0.00231918 -0.05169788
v 0.08420168 -0.01250392 -0.06147903
v 0.12565658 -0.02441095 -0.04034706
v -0.08167374 0.02473115 -0.03065979
v -0.04898127 0.02927344 0.00466799
v -0.05905422 0.02514527 0.00482313
v -0.04016895 0.03066728 0.00815842
v 0.10382427 0.00017549 -0.05197036
v -0.06968542 0.02470059 -0.02626650
v 0.10660791 0.00166299 -0.04986345
v -0.09196947 0.02253378 -0.02570977
v -0.13164498 0.00845266 -0.05924244
v 0.09376890 -0.01188516 -0.05772723
v -0.09806715 0.01629734 -0.05702100
v 0.12369367 -0.03073724 -0.03917364
v 0.09949284 -0.00669118 -0.05507691
v 0.12938982 -0.02359128 -0.03671353
v -0.12825455 0.01751307 -0.05501885
v 0.09633922 0.00760390 -0.04361458
v -0.08070306 0.02334197 -0.02586231
v 0.11856602 -0.00850322 -0.04614372
v -0.08543802 0.01926106 -0.01938186
v 0.12296846 -0.03638418 -0.03611246
v 0.12508668 -0.00360865 -0.04219388
v 0.12288059 -0.04015340 -0.03324558
v 0.12876511 -0.03466781 -0.03146196
v 0.13087638 -0.01801397 -0.03611181
v 0.13102235 -0.02868083 -0.03216434
v 0.13315067 -0.02013492 -0.03156710
v 0.12202882 -0.04385885 -0.03035661
v 0.12705067 -0.03920914 -0.02923015
v -0.13625186 -0.00066646 -0.03025478
v 0.12066828 -0.04630778 -0.02739369
v -0.13147640 0.00295512 -0.02550400
v 0.13000056 -0.03741470 -0.02294606
v 0.13415571 -0.01105748 -0.02850732
v -0.13535564 -0.00595764 -0.02907850
v 0.12556739 -0.04538632 -0.02257351
v 0.12594934 -0.04334802 -0.02575263
v 0.13483949 -0.01904430 -0.02112946
v 0.11949659 -0.04784717 -0.02222870
v -0.12231963 -0.00937626 -0.02301702
v -0.11394146 -0.00586025 -0.01960957
v 0.12909063 -0.04012644 -0.02151489
v -0.10550463 -0.00069532 -0.01718951
v 0.12446652 -0.04620354 -0.01801081
v 0.11298119 -0.04762896 -0.00706184
vn -0.10507254 -0.40514087 -0.90819636
vn -0.16257508 -0.32092030 -0.93304850
vn 0.00458043 -0.99668977 -0.08116971
vn 0.85954492 -0.26269078 0.43837893
vn -0.50823713 -0.35833592 0.78312859
vn -0.04697908 -0.94807827 0.31454817
vn -0.25464239 -0.36985917 0.89351074
vn 0.73876343 0.34240383 -0.58050686
vn 0.17005408 -0.98259366 0.07477501
vn -0.01695005 -0.99980590 0.01004283
vn -0.07770849 0.96611934 0.24611950
vn -0.33703158 -0.42133023 -0.84195638
vn -0.24181847 -0.79040700 0.56283265
vn -0.55980080 -0.67153874 0.48544698
vn 0.04451520 -0.36674850 -0.92925450
vn -0.21089353 0.97587618 -0.05647649
vn -0.13381316 0.98743373 0.08407540
vn 0.02171888 -0.06546073 -0.99761876
vn -0.08955977 -0.94786854 0.30581739
vn -0.87947989 -0.28560638 0.38071528
vn 0.64158698 -0.68567014 0.34383514
vn 0.20627359 -0.74748952 -0.63143537
vn 0.26409027 -0.89127534 0.36862529
vn 0.08656821 -0.95045522 -0.29856459
vn 0.00828265 -0.55730752 -0.83026485
vn -0.99611920 -0.08365906 0.02734418
vn -0.06504426 -0.96890819 0.23871776
vn -0.38137152 -0.71508316 0.58584284
vn 0.95494340 -0.16003477 0.24994396
vn 0.35899152 -0.66650582 -0.65337208
vn 0.13976769 -0.50357955 -0.85256825
vn 0.91576172 -0.29795154 0.26945381
vn -0.73567678 -0.58536131 0.34078117
vn 0.07155189 -0.95524855 0.28702009
vn -0.08565299 -0.30768242 0.94762603
vn 0.14040928 -0.54586567 -0.82602416
vn -0.08131307 -0.94611929 0.31344293
vn -0.29975845 0.18870642 0.93516563
vn -0.14638892 0.94905046 -0.27905824
vn -0.14904805 -0.87788207 0.45509093
vn 0.27897782 0.86820872 0.41034742
vn -0.89912910 -0.43694735 0.02537477
vn -0.13100298 -0.92548599 0.35540667
vn -0.29776753 -0.83782073 0.45759253
vn -0.33965289 -0.04693029 0.93937929
vn -0.79044815 -0.53416278 0.29976965
vn -0.59251041 -0.00169435 0.80556101
vn 0.01509769 -0.95846181 0.28482103
vn -0.29882577 -0.57592340 -0.76093061
vn 0.33967851 -0.85383748 0.39443639
vn -0.17156303 0.85161906 0.49528891
vn -0.19404236 -0.64903093 -0.73559936
vn -0.47568486 -0.24773239 0.84400982
vn -0.58585306 -0.74125077 0.32760264
vn -0.23733165 0.89033082 0.38856753
vn -0.08650390 -0.98852676 0.12382214
vn -0.02971143 -0.90920866 0.41527923
vn -0.17081183 -0.12973284 0.97672550
vn -0.89979918 -0.16817311 -0.40259066
vn -0.33727899 0.87278860 0.35282141
vn 0.01180361 -0.18206669 -0.98321533
vn -0.87634566 0.23443777 0.42078167
vn 0.05805066 -0.22969256 -0.97153047
vn -0.07964545 -0.98308563 0.16492192
vn -0.71126790 -0.44092360 -0.54743434
vn -0.09637242 -0.84075375 0.53277152
vn -0.46452697 -0.68703374 0.55874800
vn -0.47082685 0.82939473 0.30070991
vn 0.02331154 -0.73157696 -0.68136021
vn -0.36212824 0.79071438 0.49359286
vn 0.02034128 -0.44261093 -0.89648301
vn -0.49887587 -0.55180762 -0.66830473
vn -0.10723350 -0.87525200 0.47163006
vn -0.07796666 -0.98567866 0.14952856
vn -0.11627228 -0.93614471 0.33183406
vn -0.55651363 -0.08161331 0.82682033
vn -0.02509353 -0.63807506 -0.76956516
vn -0.81053932 -0.07887210 0.58034921
vn -0.05044647 -0.93982534 0.33791047
vn 0.12801752 -0.99024930 -0.05493487
vn 0.04314120 -0.65543343 -0.75401979
vn 0.00355802 -0.99191815 0.12682954
vn -0.59548556 0.68903816 0.41306580
vn -0.94158049 0.11796293 -0.31545351
vn -0.13164891 0.98835430 0.07631734
vn -0.01178329 -0.92189146 -0.38726903
vn -0.13621375 -0.89670079 0.42115735
vn -0.22531999 -0.87944712 0.41928947
vn -0.41637366 0.75805565 0.50198069
vn 0.11511237 -0.68330289 -0.72100368
vn 0.91136825 -0.40347708 0.08132744
vn -0.80781599 -0.41446704 -0.41910667
vn -0.40533204 -0.03450955 -0.91351794
vn -0.12767111 -0.91063580 0.39299176
vn -0.16006455 0.94939881 0.27022440
vn -0.10378111 -0.95692129 0.27116622
vn 0.81047330 -0.42061564 0.40769538
vn -0.00140996 -0.95317834 0.30240546
vn -0.09047599 -0.97668930 0.19465895
vn -0.31472032 -0.85536831 -0.41145616
vn -0.41999004 -0.25180619 -0.87189564
vn -0.10139204 -0.87109531 0.48053368
vn -0.43048001 -0.48921473 0.75852219
vn 0.42994747 0.01282506 -0.90276281
vn 0.40092378 -0.88380739 0.24113196
vn -0.09579868 -0.96310010 0.25151702
vn -0.32169534 -0.62912424 0.70761204
vn -0.22575072 -0.67684114 -0.70065875
vn -0.66399693 -0.71879570 0.20601171
vn -0.69706457 0.70810797 0.11262365
vn -0.13825709 -0.89037173 0.43373167
vn -0.11824702 -0.94407285 -0.30780529
vn -0.09292422 -0.97152421 0.21795823
vn -0.47408402 0.87598727 0.08882933
vn -0.26375907 -0.66224046 0.70133354
vn -0.78312405 0.50176775 0.36734975
vn -0.09793682 -0.71465559 0.69258628
vn -0.38211244 -0.58084023 -0.71875915
vn -0.12750073 -0.89720991 0.42279775
vn -0.17227994 -0.82170117 0.54325574
vn -0.20014203 0.10196208 0.97444697
vn -0.13472369 -0.07071890 0.98835639
vn -0.09903595 -0.95739678 0.27126238
vn -0.11834158 0.38609506 0.91483653
vn -0.23246523 0.97086315 0.05817788
vn 0.66986388 -0.64367472 0.37008815
vn -0.35604785 -0.57791132 0.73433537
vn -0.05465682 0.43730983 0.89764845
vn -0.40010285 0.91468259 0.05721416
vn -0.12238330 -0.14475268 0.98187015
vn -0.13421583 -0.88566949 0.44449484
vn 0.37656617 0.87731995 0.29750230
vn -0.12577027 -0.90160869 0.41386424
vn 0.00017738 0.96938168 -0.24555881
vn -0.15592324 -0.06644644 0.98553174
vn 0.52037516 -0.82600345 0.21662869
vn -0.30999913 -0.47339494 0.82449850
vn 0.40710887 0.43919645 -0.80085507
vn 0.47462589 0.53006429 -0.70268209
vn -0.26183789 0.78447472 -0.56217464
vn 0.15066584 0.73622329 -0.65975379
vn -0.16153942 -0.90119265 0.40219002
vn 0.10410893 0.95235348 -0.28667784
vn 0.29107332 0.67915250 -0.67381615
vn -0.36588119 0.90992088 0.19538410
vn 0.14204064 0.88053119 -0.45220491
vn -0.10345961 -0.95135014 0.29022235
vn -0.10873008 -0.94312310 0.31416013
vn 0.23176482 0.92871423 -0.28943901
vn -0.39083063 -0.52217938 0.75801063
vn -0.27315121 0.95873002 0.07889968
vn -0.11311631 0.99266349 -0.04270699
vn -0.20378159 -0.13912009 0.96908135
vn -0.16676393 0.00663453 0.98597453
vn -0.10955694 -0.93744835 0.33043588
vn -0.18203505 0.96973063 0.16274444
vn -0.07140135 0.20967758 0.97516007
vn 0.03650297 -0.06487588 -0.99722548
vn -0.19090706 0.91381636 0.35846081
vn 0.08898415 -0.08405017 -0.99248042
vn -0.30479152 -0.60297271 0.73724218
vn -0.34341840 0.92100788 0.18387031
vn -0.40399750 0.72962225 0.55175845
vn 0.23516009 -0.24678914 -0.94010364
vn 0.09508998 0.94557071 -0.31121364
vn -0.06562871 -0.94512962 0.32003573
vn 0.22703848 -0.37059624 -0.90061754
vn 0.13583901 0.45845462 0.87827508
vn -0.69693964 -0.69051214 -0.19356685
vn 0.06817533 -0.89818060 0.43430835
vn 0.52951072 0.61497729 0.58431271
vn -0.22229013 0.88887108 0.40061865
vn -0.17757274 0.91740185 0.35614851
vn -0.11760363 -0.92111437 0.37110336
vn -0.92153048 -0.22877401 -0.31375793
vn -0.32105906 0.89429011 0.31171507
vn 0.22068473 -0.49654107 -0.83949105
vn 0.10049993 0.96015752 -0.26076294
vn 0.24725140 -0.50042391 -0.82972445
vn -0.91029352 -0.28306950 0.30205524
vn -0.40425571 0.88998980 0.21093949
vn 0.71120986 0.39816901 -0.57934616
vn 0.29290482 -0.29670375 -0.90894095
vn 0.71906811 -0.66058636 0.21579322
vn -0.88083075 0.41859133 -0.22117526
vn 0.30352378 0.77687875 -0.55166359
vn 0.13910045 0.86981921 -0.47335568
vn 0.20158313 0.23958887 0.94971649
vn 0.06372128 0.08039503 0.99472420
vn 0.20911824 0.92309414 -0.32274876
vn 0.22574792 0.93579527 -0.27078607
vn -0.13562261 -0.87935086 0.45645215
vn 0.08865841 0.98388999 -0.15524228
vn -0.05020611 0.99095680 -0.12443456
vn -0.16263375 -0.83701251 0.52245604
vn -0.33496042 0.00870103 0.94219202
vn -0.37211476 0.90995252 -0.18307654
vn -0.12930325 -0.88234053 0.45249956
vn 0.06292551 0.98808719 -0.14044246
vn -0.02453788 0.96701363 -0.25353999
vn 0.31000489 -0.82912627 0.46523821
vn -0.13199961 -0.88713015 0.44223998
vn -0.39411550 0.91694026 0.06239822
vn 0.03153438 -0.89570314 0.44353293
vn -0.47357517 0.87226488 -0.12198581
vn 0.05855358 0.98738283 -0.14712793
vn 0.11320986 0.97846779 -0.17258132
vn 0.29617830 -0.76517116 -0.57165681
vn -0.44007296 0.89785200 0.01405596
vn -0.06844422 0.85284276 0.51766264
vn -0.46811070 -0.56892507 -0.67616318
vn -0.10247746 -0.98942469 -0.10265063
vn 0.06877806 0.89239250 0.44598790
vn 0.16133028 0.87135399 -0.46337325
vn 0.03212585 0.99352796 -0.10895012
vn -0.06216789 0.99791958 0.01707834
vn -0.18046223 -0.97658103 -0.11714467
vn -0.23827192 0.93156705 0.27460759
vn 0.46375815 0.75888709 -0.45718570
vn 0.12929606 0.88975973 -0.43773296
vn -0.26059230 0.93228608 0.25086714
vn -0.14170383 -0.94021069 0.30971580
vn -0.21836961 0.94439177 0.24584322
vn -0.08347800 0.98975475 -0.11583156
vn -0.09317771 0.85532752 0.50963982
vn -0.04431500 -0.93967362 -0.33918974
vn 0.06058338 0.99181072 -0.11243284
vn -0.01876698 -0.98489312 -0.17214340
vn 0.43089107 0.83271278 -0.34773886
vn 0.19987296 0.75727058 -0.62176528
vn -0.18871762 -0.84658490 -0.49767425
vn 0.43129369 0.25997309 -0.86394430
vn 0.37606814 0.22392969 -0.89912638
vn -0.80266513 0.59159459 -0.07579269
vn -0.42550954 0.89623769 -0.12529816
vn -0.00260137 -0.96350965 0.26766096
vn -0.35385367 -0.53042488 0.77034864
vn -0.26826251 -0.69233432 0.66985701
vn -0.69404359 -0.50869771 0.50944100
vn -0.15578725 0.90057786 0.40581998
vn 0.16933156 -0.21204846 -0.96247716
vn 0.20252824 -0.88122144 0.42711952
vn -0.04353888 -0.99401684 0.10017432
vn 0.57099955 -0.70889448 0.41403881
vn 0.94611457 -0.13229756 0.29557498
vn 0.46003219 0.70005952 -0.54615662
vn -0.47808182 0.59806442 0.64323924
vn -0.50155293 0.66919975 0.54828492
vn -0.99268555 0.06872447 -0.09925898
vn 0.21750875 0.35804582 -0.90801604
vn -0.07210197 0.86906492 0.48941543
vn -0.59110733 0.80347357 0.07086851
vn 0.02648175 0.92049090 0.38986565
vn -0.13701377 -0.85930859 0.49276361
vn 0.28666903 0.72525454 -0.62596064
vn -0.50351869 0.62619356 0.59527351
vn 0.18474182 0.88486663 -0.42764648
vn 0.05118462 -0.94369443 -0.32683475
vn -0.30931236 0.87315679 0.37672681
vn -0.35382175 -0.17751447 0.91831301
vn 0.08362958 0.96330049 -0.25506521
vn -0.67150412 0.52527787 0.52265226
vn 0.75221426 0.16973962 -0.63668058
vn 0.12053295 0.88367416 -0.45231824
vn 0.68049651 -0.11254858 -0.72405615
vn 0.56805557 0.03170291 -0.82237935
vn 0.81000021 -0.45097183 0.37486541
vn -0.29771658 0.95372112 0.04220028
vn 0.16544722 0.87579009 -0.45345225
vn -0.32709390 -0.41458648 0.84919234
vn -0.03492778 -0.99938688 -0.00243201
vn 0.20535902 0.69980305 -0.68418080
vn -0.13444251 0.97588043 0.17199592
vn 0.94965852 -0.16327659 -0.26737511
vn -0.58407983 0.79811265 0.14787479
vn -0.25505769 0.94874234 0.18663749
vn -0.07409650 0.95755301 0.27857126
vn -0.29220978 -0.64356304 0.70741788
vn -0.19240607 0.94643353 0.25931348
vn 0.07532359 -0.84436571 0.53044596
vn 0.03042882 -0.83011073 0.55676769
vn -0.08186746 -0.40869453 0.90899202
vn -0.06205023 -0.99405824 0.08943143
vn -0.17359452 0.54608355 0.81954725
vn -0.05178711 -0.99762021 0.04551934
vn 0.96756181 -0.21375064 0.13466556
vn 0.86555918 -0.11496176 -0.48743317
vn 0.95751204 0.28445417 0.04750288
vn -0.04455123 -0.99873346 0.02338084
vn -0.14424524 0.69003942 0.70925236
vn 0.33524452 -0.47005961 -0.81648948
vn -0.13221266 0.67941079 0.72174843
vn 0.13053949 0.89154824 -0.43370632
vn -0.40360811 0.83995729 0.36272887
vn -0.15190206 0.91146092 0.38231499
vn 0.10356274 0.98029318 -0.16822617
vn 0.74203386 0.54987076 -0.38344218
vn -0.52460533 -0.42952674 0.73504832
vn -0.72589746 0.04360530 0.68641930
vn -0.22396678 0.85290469 0.47158507
vn 0.38494431 -0.43248419 -0.81533754
vn 0.06553377 0.71623643 0.69477385
vn 0.14649359 0.94514223 -0.29196882
vn 0.60469320 0.22598834 -0.76372469
vn -0.00230074 0.37826618 0.92569401
vn -0.06548698 -0.99417796 0.08556661
vn -0.76902874 0.58082220 0.26690893
vn -0.03364464 0.98990502 -0.13768112
vn 0.15921707 0.94823586 -0.27477022
vn -0.26278399 -0.96081569 0.08819177
vn 0.01939459 0.99860618 0.04908706
vn 0.21262804 0.77661924 0.59300242
vn -0.24545287 0.83539412 0.49180235
vn 0.38800186 -0.50864265 -0.76859431
vn 0.82536813 0.05466512 -0.56194233
vn -0.02702357 0.95366411 0.29965728
vn -0.08828892 -0.98068077 0.17455744
vn -0.22019042 -0.24418702 0.94439869
vn -0.45374257 0.69287715 0.56039178
vn -0.16217681 -0.81155420 0.56131850
vn 0.03541834 0.99877846 0.03445466
vn -0.25415326 0.96020125 0.11584336
vn -0.61284310 0.17493577 0.77059770
vn 0.69899950 0.24727308 -0.67101097
vn -0.94688800 0.21158485 0.24214659
vn 0.31316923 0.59062271 0.74370011
vn -0.17731941 -0.87185801 0.45653196
vn -0.08461226 0.51827851 0.85101595
vn 0.39176948 -0.48485122 -0.78194371
vn 0.11701192 0.91340161 -0.38987909
vn 0.13584683 0.95907124 -0.24845119
vn -0.52557262 -0.16097324 0.83538077
vn -0.13133995 0.77567546 0.61731466
vn -0.10700582 0.87729089 0.46787866
vn -0.29572351 -0.60005832 0.74328838
vn -0.45060517 0.47548967 0.75555579
vn -0.68281415 0.48082454 0.55006599
vn 0.40134297 -0.53672521 -0.74219261
vn 0.11862222 0.90466009 -0.40929071
vn -0.26349020 0.79819547 0.54171663
vn -0.46665404 0.65451558 0.59484734
vn 0.22330139 0.22616264 0.94814922
vn -0.15474094 -0.50778212 0.84747422
vn -0.02197372 0.98356737 0.17919930
vn 0.98310484 0.03692803 0.17927963
vn -0.55431928 0.45719324 0.69548866
vn 0.23555688 -0.91148335 -0.33721071
vn 0.36933569 -0.72032645 0.58712942
vn 0.10148840 0.97604536 -0.19244627
vn 0.62085142 0.74125503 -0.25511663
vn 0.03893945 0.99763841 -0.05658022
vn 0.10293221 0.92801258 -0.35804695
vn -0.12717055 0.68777808 0.71469501
vn 0.06792005 0.99766079 0.00773438
vn -0.04118937 0.88406652 0.46554251
vn 0.11067081 0.91719375 -0.38276310
vn 0.18881444 -0.88590515 -0.42369938
vn -0.05626469 -0.97953588 0.19324531
vn 0.07027484 0.01458790 -0.99742099
vn -0.31216212 -0.69023315 0.65278865
vn 0.05427504 0.97443464 -0.21801685
vn -0.27986064 0.68826779 0.66930223
vn -0.07682296 -0.25105976 -0.96491825
vn -0.12387571 -0.91528513 0.38328571
vn -0.08883720 -0.96789209 0.23514432
vn 0.13969785 0.25653523 -0.95638600
vn -0.09994563 -0.96805579 0.22995404
vn 0.92141372 0.28647525 -0.26254275
vn 0.00886747 0.86633172 0.49939034
vn 0.05000681 0.98405276 -0.17070293
vn -0.62230201 0.40567408 0.66945406
vn -0.03596224 0.75366269 0.65627683
vn -0.44810504 -0.50308302 0.73899212
vn -0.10000818 -0.96525488 0.24141536
vn 0.10460650 0.93173829 -0.34773732
vn 0.10469536 0.73835888 -0.66623197
vn -0.09199242 0.31148533 0.94578765
vn 0.01085509 -0.99993969 -0.00167084
vn -0.16382122 -0.48577823 0.85859311
vn -0.19829245 0.58411860 0.78707405
vn 0.06120704 0.98136861 -0.18212455
vn 0.53269058 0.36113004 0.76539261
vn -0.43511581 -0.84751850 -0.30395167
vn -0.34793991 0.60280706 0.71802609
vn -0.15338521 -0.61212807 0.77573978
vn 0.01483225 -0.99987959 0.00456119
vn 0.00424048 -0.84067786 0.54151894
vn -0.28956278 0.40072837 0.86923539
vn -0.03026994 -0.99810909 0.05349750
vn 0.31193335 -0.94503069 0.09805397
vn -0.15958967 -0.81686018 0.55431993
vn -0.30259251 -0.42743864 -0.85190022
vn -0.05533057 -0.99233008 0.11054205
vn -0.30094124 0.15643763 0.94072400
vn -0.10361676 -0.80471602 0.58454743
vn -0.00582130 0.99998200 0.00145027
vn -0.06888648 -0.98495332 0.15849797
vn 0.55827538 -0.31511998 -0.76748160
vn -0.07538346 -0.35911516 0.93024386
vn -0.49244430 -0.85801485 -0.14597645
vn 0.09837306 0.93648818 -0.33661940
vn 0.53896432 0.81943867 -0.19503263
vn -0.27150368 0.19185946 0.94312019
vn 0.39426226 -0.25863363 -0.88185368
vn -0.10940584 -0.99295932 0.04541085
vn -0.21384651 -0.08076273 0.97352301
vn -0.33889410 -0.93217313 -0.12729514
vn 0.57424755 -0.33235116 0.74818611
vn -0.64521260 0.66537365 0.37547116
vn -0.22354531 -0.50415315 -0.83418049
vn -0.16315114 0.45587233 0.87496407
vn -0.52531782 -0.33851808 0.78067067
vn 0.34205361 -0.24246969 -0.90785890
vn 0.44226923 -0.86089921 0.25149646
vn 0.16038138 0.79685075 -0.58250039
vn -0.08608771 -0.97043297 0.22549670
vn -0.11036990 -0.32146565 0.94046708
vn -0.57738520 0.36825651 0.72870672
vn -0.30140069 -0.09498389 -0.94875481
vn -0.65169881 -0.13338072 -0.74665805
vn 0.14040238 0.89243062 -0.42878289
vn -0.25118554 -0.36924217 0.89474356
vn -0.33079287 -0.56324425 0.75718689
vn -0.07729841 0.27338371 0.95879419
vn -0.38809930 -0.82536077 0.41007138
vn 0.87108546 -0.43299352 0.23179029
vn 0.98027086 0.19123712 -0.04997415
vn 0.99646340 0.02104138 0.08135084
vn -0.30000068 -0.54334188 0.78407856
vn -0.48680228 0.35144939 0.79969173
vn -0.17611627 0.20747090 0.96225718
vn -0.43712909 0.54255715 0.71732133
vn -0.22626305 0.94467016 0.23749384
vn -0.11688157 -0.05882369 0.99140228
vn 0.40278304 -0.85955737 -0.31452656
vn 0.03481984 0.99533935 -0.08992861
vn -0.21119138 -0.64385374 0.73542543
vn -0.13950139 -0.87199947 0.46920815
vn -0.78318301 0.61743029 -0.07351332
vn 0.28188162 0.91119809 -0.30043433
vn -0.31375121 -0.67592315 0.66684937
vn -0.11642253 -0.12528097 0.98526670
vn -0.21191986 0.34678206 0.91369151
vn 0.90512277 -0.25519064 0.34004485
vn -0.21952407 0.86599186 0.44929643
vn 0.07236775 -0.96492778 0.25234358
vn 0.39960636 0.02501796 0.91634538
vn -0.14729724 0.09340846 0.98467171
vn 0.18762789 -0.22798778 -0.95541475
vn -0.61174924 -0.78053376 0.12856874
vn 0.42182315 0.17900473 -0.88883212
vn 0.29669475 0.87622939 -0.37972923
vn 0.02289424 0.19206872 -0.98111440
vn -0.46806598 0.10146974 0.87784858
vn -0.28517945 0.11165317 0.95194866
vn 0.03019132 0.99908862 0.03017299
vn 0.31321582 -0.87366513 0.37229703
vn -0.32884129 -0.06806328 0.94192929
vn -0.30462837 -0.29647097 0.90515552
vn 0.64804243 -0.08348125 0.75701512
vn -0.94568147 0.14489859 -0.29101711
vn -0.06588469 -0.96803301 0.24201508
vn -0.24732080 0.21568295 0.94462336
vn -0.36393722 0.25138012 0.89685993
vn -0.27257187 0.36373823 0.89072952
vn -0.32423913 0.12656334 0.93747038
vn -0.32442440 0.80903449 0.49011428
vn 0.07292565 -0.94412845 0.32140834
vn -0.17234022 0.79635368 0.57975828
vn -0.17019942 0.92928289 0.32781927
vn -0.13763373 -0.40191412 -0.90527454
vn -0.39032845 0.58956504 0.70714692
vn -0.07072642 0.51044097 -0.85699930
vn -0.54264688 0.04042519 0.83898758
vn 0.03818807 0.66160162 -0.74888248
vn -0.44906705 0.23089122 0.86315006
vn -0.48548689 0.04045943 0.87330723
vn 0.35710914 0.53955917 -0.76246243
vn -0.89094538 0.28451721 0.35392977
vn 0.16203176 -0.01963803 -0.98659012
vn 0.03226925 0.81059875 -0.58471220
vn 0.18340069 -0.45207339 -0.87292259
vn -0.95073244 -0.23239264 -0.20518646
vn -0.37366788 -0.85575442 0.35785010
vn -0.52759229 0.25418268 0.81057852
vn 0.08948387 0.95180813 -0.29334948
vn -0.34299232 0.68843035 0.63907740
vn -0.19339588 -0.09442361 -0.97656654
vn 0.16340512 -0.08719880 -0.98269789
vn 0.13646897 0.21747922 -0.96647763
vn -0.14511860 -0.85636132 0.49556622
vn -0.82839050 -0.09490498 0.55205274
vn 0.09475951 0.94809925 -0.30352669
vn -0.16480096 -0.83932094 0.51805502
vn -0.59263301 0.27823873 0.75588976
vn -0.56038422 0.16205390 0.81222414
vn -0.15679765 -0.84325516 0.51413542
vn 0.05717057 0.87695992 -0.47715074
vn 0.04685360 0.85544561 -0.51576890
vn -0.39287452 -0.09395744 -0.91477954
vn -0.27154961 0.36823621 0.88919228
vn 0.08793869 0.95238512 -0.29194068
vn -0.25360826 0.71533717 0.65113407
vn 0.02661693 0.96002473 0.27864684
vn -0.59643897 0.15037792 0.78844596
vn -0.39286029 -0.40561713 -0.82530936
vn 0.02430331 0.95780797 -0.28637953
vn -0.41600225 0.49264050 0.76436082
vn 0.79963470 0.59918803 0.03947227
vn 0.11209970 0.90747220 -0.40488005
vn 0.07073176 0.98520538 0.15610051
vn -0.26247380 -0.41889503 -0.86927237
vn -0.95690510 0.14623834 0.25089236
vn -0.25325005 0.54008855 0.80260125
vn -0.28946718 -0.35183484 -0.89018032
vn -0.14533202 -0.86618174 0.47812947
vn -0.14556532 -0.62984987 -0.76295471
vn 0.47596427 -0.81915814 0.32005931
vn 0.31605666 0.37666702 -0.87076412
vn -0.50978429 0.41431233 0.75396636
vn 0.86281919 0.49292128 -0.11212343
vn -0.94364614 0.29090662 -0.15781414
vn -0.85868556 -0.25635792 0.44377892
vn 0.30796637 -0.18213052 -0.93380147
vn -0.34865784 -0.45207935 -0.82101277
vn 0.13466032 -0.35381181 -0.92557215
vn 0.43949502 0.84842505 -0.29498994
vn -0.53505008 0.53787951 0.65146530
vn -0.57446954 0.43980841 0.69032841
vn -0.12033707 -0.91900751 0.37542534
vn 0.16449560 -0.59616981 -0.78582616
vn -0.33277653 -0.12776615 -0.93431022
vn -0.99703117 -0.02004435 0.07434428
vn 0.15177569 -0.45765096 -0.87608204
vn 0.26614993 0.41540034 -0.86983146
vn -0.12493226 -0.49062958 -0.86236567
vn -0.98433651 -0.14748643 -0.09658879
vn 0.18999475 -0.44315189 -0.87608127
vn -0.50246688 0.23455644 -0.83217204
vn 0.10362517 0.92879776 -0.35580409
vn 0.17904379 -0.37437105 -0.90982946
vn -0.00968115 0.93833842 0.34558253
vn 0.70120485 0.70966749 -0.06843841
vn 0.00404377 0.82500362 0.56511297
vn 0.00386569 -0.77454749 0.63250395
vn 0.16643139 -0.96909923 0.18206395
vn -0.16763467 -0.07334202 -0.98311727
vn 0.11651940 0.89946886 -0.42116387
vn -0.13752709 -0.85461823 0.50071348
vn -0.58543834 0.30458927 0.75132371
vn 0.12707696 0.55627871 -0.82122192
vn -0.15542035 -0.81786042 0.55402965
vn -0.16907895 -0.65872697 -0.73313783
vn -0.09214650 0.48396354 0.87022314
vn -0.15508968 -0.18875984 -0.96969939
vn 0.11439996 0.89308337 -0.43510314
vn -0.25705471 -0.73280072 0.63002061
vn -0.51803639 -0.84670410 0.12136911
vn -0.53081712 -0.63930730 0.55634464
vn 0.15976493 -0.63768456 -0.75354732
vn -0.94537639 0.24777361 -0.21182948
vn -0.56975397 0.40574861 0.71466669
vn 0.23540650 0.93812233 -0.25398874
vn 0.12062713 0.88736531 -0.44500776
vn 0.06774185 -0.79680129 -0.60043213
vn 0.46673897 0.52344813 -0.71285117
vn 0.09461834 0.93958898 -0.32896794
vn 0.93858859 0.32526663 0.11512196
vn 0.07587859 0.97018547 -0.23017946
vn 0.12825446 0.87842659 -0.46034500
vn -0.08105259 -0.13605673 0.98737989
vn 0.13073373 0.87525638 -0.46565542
vn -0.29624117 0.21028628 0.93167637
vn 0.08480517 0.96114474 -0.26269539
vn 0.08320128 0.96861565 -0.23422481
vn -0.06620047 0.43518872 -0.89790215
vn 0.09487576 0.95948879 -0.26529203
vn 0.40796049 0.88624818 -0.21939097
vn 0.04043800 -0.84709983 -0.52989304
vn -0.28384059 -0.64196364 -0.71226203
vn -0.16783735 -0.93450586 -0.31389395
vn -0.93816493 -0.32285359 0.12494845
vn 0.55788855 0.81808810 -0.13961456
vn -0.14634372 -0.79699877 0.58598334
vn 0.15886500 -0.62781625 -0.76197681
vn -0.62832753 0.28865638 0.72241401
vn -0.12583843 0.80247700 0.58326269
vn -0.38943788 0.35517375 0.84981748
vn -0.33409522 0.91815071 0.21302502
vn 0.76676959 0.63803976 -0.07049585
vn 0.84394380 0.53433432 0.04738886
vn -0.23426121 -0.18969069 -0.95348787
vn 0.11980510 0.90057069 -0.41787458
vn -0.85205144 -0.29767117 0.43058126
vn -0.59939525 0.10019683 0.79415737
vn 0.30325688 -0.89374979 0.33052469
vn -0.30294626 0.06223412 -0.95097344
vn 0.19343971 0.46050610 -0.86632281
vn -0.85070518 0.24584495 0.46460838
vn 0.95596426 0.28095073 0.08484704
vn -0.65138304 -0.14433369 -0.74489457
vn -0.01393689 -0.34843730 -0.93722847
vn -0.54595631 -0.47139988 0.69261379
vn 0.33702909 0.92267561 -0.18729955
vn 0.61062077 0.78744233 -0.08412403
vn 0.19129595 -0.77780722 0.59868338
vn -0.00296510 0.11060298 -0.99386025
vn 0.07013437 0.97731233 -0.19985441
vn 0.06820900 0.97942098 -0.18995284
vn -0.97440845 0.03245152 -0.22242993
vn 0.20637279 0.92419997 -0.32134824
vn -0.95721535 -0.19746374 -0.21153449
vn 0.10888264 0.67390851 -0.73074749
vn 0.60031097 0.79525908 -0.08479230
vn -0.41430443 -0.52341491 -0.74457281
vn 0.13243056 -0.83900271 -0.52776567
vn 0.00131045 0.82856921 -0.55988513
vn -0.44346916 -0.17710870 0.87861688
vn -0.43380428 -0.59036391 -0.68064991
vn -0.23229084 -0.52279216 0.82020078
vn -0.61993251 -0.38971344 0.68103387
vn 0.13875196 0.82752959 -0.54400613
vn -0.23672199 -0.80213632 -0.54821530
vn 0.35505625 0.66381307 -0.65824560
vn -0.01179100 -0.78647815 -0.61750555
vn 0.68935382 0.72074608 -0.07291363
vn -0.65940116 0.72902657 -0.18360381
vn -0.29568407 -0.90103095 -0.31735495
vn 0.99307653 -0.08259572 0.08352814
vn 0.14329801 0.90109864 -0.40925166
vn -0.90082283 -0.43402089 -0.01200405
vn 0.07675360 -0.12890029 -0.98868276
vn 0.23760555 -0.48581338 0.84114741
vn 0.10005909 0.92837079 -0.35793275
vn -0.10099774 -0.09275848 -0.99055304
vn -0.36388966 -0.43963010 0.82116362
vn -0.60737452 0.21091698 0.76590484
vn 0.06099262 0.98720054 -0.14736005
vn 0.10041576 0.87404257 -0.47535908
vn 0.05113379 0.79441745 -0.60521587
vn -0.67438658 -0.71179961 0.19632643
vn 0.10546774 0.91835402 -0.38144783
vn -0.86272290 0.30291417 -0.40491013
vn 0.31808019 0.93379888 -0.16384336
vn -0.19080018 0.01433885 -0.98152417
vn 0.10039442 0.97848225 -0.18025940
vn -0.26959730 -0.81134967 0.51868006
vn 0.26624306 -0.49641409 -0.82624916
vn 0.09812786 0.93184889 -0.34932588
vn 0.29598823 -0.60784086 -0.73683137
vn 0.82789111 0.56028541 0.02601091
vn 0.96015035 0.19723922 0.19801011
vn -0.06956190 -0.92202519 -0.38082895
vn -0.74309440 0.61461935 -0.26467674
vn 0.04500241 -0.93067256 -0.36307488
vn -0.29549604 0.55748568 -0.77581687
vn 0.25566567 0.93387522 -0.25002427
vn -0.38877154 0.31639073 -0.86530549
vn 0.10013405 0.92881080 -0.35676836
vn 0.05317178 0.99339414 -0.10168996
vn 0.22182882 0.23688298 -0.94587443
vn 0.57629814 0.81474982 -0.06374308
vn 0.10572813 0.96243065 -0.25009760
vn -0.26545269 0.66236658 -0.70057504
vn 0.10638858 0.92334404 -0.36894071
vn 0.28590656 -0.46232291 -0.83935389
vn 0.09984127 0.99185887 -0.07904243
vn -0.44612578 -0.65474289 -0.61015042
vn 0.06850472 0.98685125 -0.14639572
vn 0.18449395 -0.81010377 -0.55650145
vn -0.33872954 -0.81308963 -0.47344223
vn 0.17481385 -0.56233320 -0.80822119
vn -0.06657116 0.12087694 -0.99043276
vn 0.05361559 0.99476231 -0.08702482
vn -0.11121074 -0.89723058 0.42732827
vn 0.14757354 0.36885904 -0.91769552
vn -0.05610927 -0.85464846 -0.51616640
vn 0.07440828 -0.19104721 -0.97875654
vn 0.08996870 0.94998178 -0.29906564
vn -0.26231243 -0.32011236 -0.91034074
vn 0.77312447 0.41856162 0.47653407
vn 0.24527579 0.96663313 0.07389307
vn 0.04112690 0.99850594 -0.03597861
vn 0.09716835 0.93834398 -0.33176630
vn -0.32183093 -0.73491463 0.59692993
vn 0.56341777 0.82547600 0.03390865
vn -0.59042734 -0.49279741 0.63917625
vn 0.28806195 0.95178861 -0.10544550
vn -0.73857199 -0.67417329 -0.00133935
vn 0.07022335 -0.12829964 -0.98924612
vn 0.35437523 -0.54577730 -0.75930583
vn 0.00843796 -0.24980110 -0.96826040
vn 0.83004867 0.52869853 0.17747412
vn 0.10449350 0.91435643 -0.39119487
vn 0.10716797 0.89559438 -0.43177046
vn 0.10561499 0.91526979 -0.38875017
vn 0.10060761 0.97004406 -0.22111676
vn 0.04368830 0.99830393 -0.03847847
vn 0.06454751 0.99369992 -0.09161927
vn 0.62553426 0.55547135 0.54786720
vn 0.04059032 0.99884737 -0.02561935
vn -0.73683618 0.53850926 -0.40875447
vn 0.21312316 0.97217445 -0.09723864
vn -0.37766463 -0.51734084 0.76793743
vn 0.02373151 0.99933828 0.02756484
vn -0.03318139 -0.98740354 -0.15470372
vn 0.02087685 -0.29810678 -0.95430420
vn 0.52931018 0.84303373 0.09552412
vn -0.10951660 -0.96549450 -0.23627630
vn 0.10774075 -0.79840645 -0.59240111
vn 0.23695775 -0.20119543 0.95045853
vn -0.07257562 -0.94342449 -0.32354754
vn -0.19305125 -0.55849724 0.80672923
vn -0.29825777 -0.39892574 -0.86712199
vn 0.19465952 0.62285166 -0.75773576
vn -0.87313771 -0.48743865 -0.00584050
vn 0.13815003 0.79386663 -0.59219113
vn 0.02746814 0.86216273 0.50588628
vn -0.35969216 -0.25396392 -0.89784402
vn 0.33590941 0.94176880 0.01537499
vn 0.42084035 -0.45514135 0.78469086
vn -0.02320256 -0.17359618 0.98454355
vn -0.40210469 -0.90147419 0.16017520
vn 0.00552421 0.99708572 0.07608911
vn -0.06581517 -0.54487678 -0.83592922
vn 0.05221951 0.99414102 -0.09464012
vn 0.12354559 0.94440332 0.30469469
vn 0.07892115 0.96702595 -0.24214101
vn -0.14652400 0.00604843 0.98918862
vn -0.45096253 -0.43795803 -0.77770532
vn -0.02614150 -0.66751933 -0.74413343
vn -0.05314649 -0.99723651 0.05191146
vn 0.03338451 -0.98923521 -0.14247517
vn -0.52133858 -0.36355496 0.77203230
vn -0.06679113 -0.98557119 -0.15552613
vn 0.10728656 0.91304451 -0.39349626
vn -0.01757981 -0.99052229 0.13622242
vn 0.88931872 0.37839530 0.25676683
vn 0.76176209 0.62873746 0.15622971
vn -0.34600200 -0.30550571 0.88710139
vn -0.15736386 -0.80166164 0.57669336
vn -0.00256539 -0.99543808 -0.09537530
vn -0.48115202 -0.19666878 0.85429159
vn 0.71815578 0.69585154 -0.00655002
vn 0.57107311 0.81791918 0.06988360
vn 0.34248406 -0.59869538 -0.72406389
vn -0.40088824 -0.87449151 -0.27304435
vn 0.16205306 0.98669851 -0.01283983
vn 0.01507845 -0.97159586 0.23616548
vn -0.08203769 -0.53246946 -0.84246430
vn 0.03498596 -0.30210135 -0.95263359
vn -0.01743305 -0.99234751 0.12223955
vn 0.10946171 0.90966481 -0.40065954
vn -0.67493007 -0.30005447 0.67411921
vn -0.09863604 -0.91746106 0.38540387
vn 0.04642096 0.99891805 0.00279799
vn 0.06159442 0.98135655 -0.18205890
vn 0.51290816 0.85614785 0.06273812
vn -0.17239765 0.90695192 0.38434003
vn -0.07314911 -0.98773323 0.13795750
vn -0.06763843 -0.99266405 0.10021544
vn 0.19242648 -0.24230358 -0.95092640
vn 0.17054878 -0.92813998 -0.33086143
vn -0.01383267 0.53647145 -0.84380509
vn -0.13970255 -0.99009111 0.01424073
vn -0.34749724 -0.74342557 -0.57145786
vn -0.36761016 0.35683610 0.85879612
vn 0.93540798 0.27565526 0.22141838
vn -0.82146505 0.16836775 -0.54483711
vn 0.00303979 -0.67632447 -0.73659756
vn -0.28023783 -0.64741523 -0.70874556
vn -0.47919116 -0.86986406 -0.11709975
vn -0.07726896 -0.98510486 0.15361617
vn 0.71282222 0.69256465 0.11062861
vn -0.20861289 -0.91153645 0.35437546
vn -0.24122226 -0.93627987 -0.25532688
vn 0.91291422 -0.24984153 0.32274888
vn 0.09616618 0.93913008 -0.32982839
vn -0.07378987 -0.98685082 -0.14380719
vn 0.09402110 0.46933553 -0.87800011
vn 0.99370139 0.05697057 -0.09649824
vn 0.09128547 -0.08236853 -0.99241241
vn 0.11399080 0.91545059 -0.38594859
vn 0.93463119 0.16064294 0.31726705
vn -0.15792103 -0.97180433 0.17509224
vn 0.43691770 0.89647489 -0.07372721
vn -0.11313404 -0.97685553 0.18153226
vn -0.11094763 -0.45656839 0.88274341
vn 0.09660023 0.93212269 -0.34902105
vn 0.11977630 0.69420259 -0.70974390
vn 0.86774218 -0.03862872 0.49551119
vn 0.32026954 0.94723499 0.01316419
vn 0.03411207 0.99938546 0.00806652
vn 0.88435674 0.27724052 0.37556737
vn -0.00843492 -0.05003914 -0.99871164
vn 0.36420040 -0.66008234 -0.65700029
vn -0.10802315 -0.81683187 0.56667160
vn -0.21550467 0.80180333 -0.55737704
vn -0.96183567 -0.19581620 0.19112340
vn -0.08772471 -0.96229538 0.25747228
vn 0.71622060 -0.51361803 0.47246648
vn 0.08953029 0.93973931 -0.32996115
vn 0.82730153 0.54832050 0.12213435
vn -0.20643744 -0.65414358 -0.72765360
vn 0.03610263 0.99744118 -0.06170649
vn -0.20721654 -0.83143736 0.51553199
vn -0.08420434 -0.97687674 0.19652343
vn 0.08291640 0.95576776 -0.28219293
vn 0.04646238 0.99275227 -0.11083397
vn -0.34865981 -0.93723052 0.00594042
vn -0.56569773 -0.68860817 0.45365721
vn 0.03543235 0.99772380 -0.05737400
vn 0.07368896 -0.44496473 -0.89251125
vn 0.14540343 -0.60335563 -0.78410447
vn 0.02619140 -0.99626057 -0.08233400
vn 0.03428692 0.99821442 -0.04891204
vn -0.58060080 -0.15881884 0.79854824
vn -0.86366219 0.49470299 -0.09672937
vn -0.71470895 -0.26074173 0.64900298
vn -0.02303327 -0.99966887 0.01147246
vn 0.18294381 -0.48771294 -0.85362032
vn 0.55564258 0.82943787 -0.05739462
vn 0.55706321 0.82543639 0.09129814
vn -0.29670697 -0.75546181 -0.58415959
vn -0.00021864 -0.81916499 0.57355790
vn -0.00660890 0.98770747 0.15617384
vn -0.40253566 -0.20097401 0.89307026
vn -0.05294820 -0.99522529 0.08199459
vn -0.02226395 -0.98306172 0.18191749
vn -0.35205859 -0.02876940 0.93553571
vn -0.28909170 -0.39465072 0.87216787
vn 0.93492949 -0.22819865 0.27172085
vn 0.09336299 0.94647366 -0.30898377
vn 0.02867403 0.99939763 -0.01954947
vn -0.17082505 -0.90175684 0.39705592
vn 0.08509084 0.95330366 -0.28977867
vn -0.21644812 0.63551428 0.74112874
vn 0.76490534 0.64343018 -0.03028902
vn -0.41895642 -0.78674222 -0.45333453
vn 0.78567721 0.54266892 -0.29702148
vn -0.75866454 0.65126584 -0.01676074
vn -0.49700744 -0.66070387 0.56254245
vn -0.32650733 -0.22785162 0.91732034
vn 0.11602913 -0.74496757 -0.65693269
vn 0.03784063 0.99828985 -0.04455844
vn -0.78497769 -0.54001957 0.30362624
vn -0.10973422 -0.72136556 0.68380562
vn 0.08645968 -0.96711065 0.23921060
vn 0.82866242 0.41243645 -0.37843727
vn -0.31233697 0.42378159 0.85020867
vn 0.02458791 -0.97438305 0.22354664
vn -0.16850765 0.91891293 0.35665698
vn 0.44844336 -0.77232907 0.44989594
vn -0.48480019 -0.64588191 -0.58975023
vn -0.08332112 -0.07371488 0.99379259
vn -0.05322369 -0.99517143 0.08246854
vn 0.01812675 0.99976802 0.01163311
vn -0.22899949 0.67947163 -0.69704916
vn -0.19767938 -0.97341264 0.11571820
vn -0.28807489 -0.66412281 0.68989401
vn 0.80744401 0.57859057 -0.11518302
vn -0.47414552 -0.56511477 0.67515281
vn 0.97145979 0.01555896 0.23669346
vn -0.22618867 0.33277699 0.91547701
vn -0.46736103 -0.88162201 0.06569846
vn -0.02680985 0.16353528 0.98617313
vn -0.12824217 0.84839461 -0.51359569
vn 0.08304902 0.96551760 -0.24673593
vn -0.81796477 0.55550790 0.14948116
vn 0.23844194 0.39297736 0.88809585
vn 0.02368249 0.99971458 0.00314513
vn -0.10968176 -0.44963331 0.88645349
vn 0.02149369 0.90095863 -0.43337231
vn -0.24801056 -0.84785694 -0.46864632
vn -0.37593399 0.78373471 -0.49440220
vn 0.14858102 0.92879473 -0.33950556
vn -0.46755761 -0.73099713 0.49702422
vn -0.06990285 -0.98530301 0.15585751
vn -0.14565323 0.95537668 0.25698353
vn -0.65205142 -0.57102693 0.49875564
vn -0.05473336 0.96742609 -0.24716599
vn -0.20267827 -0.09965893 0.97416098
vn -0.05190896 0.30976626 0.94939471
vn -0.13622679 0.96030038 0.24344493
vn -0.42245899 -0.83090538 -0.36211138
vn 0.07454713 -0.21386645 0.97401431
vn -0.08176781 0.37905513 0.92175443
vn -0.42556535 -0.62344683 0.65590257
vn 0.24978244 0.08086469 0.96491950
vn -0.07344429 -0.98655511 0.14599639
vn -0.74771832 -0.30358706 0.59055246
vn -0.03870573 -0.34515767 0.93774626
vn 0.09236888 -0.97067593 0.22193746
vn -0.44007131 0.67862655 0.58805038
vn -0.15622575 -0.61626181 0.77189047
vn -0.10150022 0.54062745 0.83511656
vn -0.35664786 -0.52045293 0.77584216
vn 0.02736599 0.99906809 0.03337739
vn 0.02205934 -0.02675937 0.99939848
vn -0.44878455 -0.80937682 -0.37881603
vn -0.04436003 -0.09400103 -0.99458333
vn -0.15558204 -0.98602021 -0.05965205
vn 0.10895852 -0.14566618 -0.98331552
vn 0.15397196 -0.20909788 -0.96569701
vn -0.40126626 0.72829946 0.55548653
vn -0.00364162 0.84557613 0.53384244
vn 0.07582532 0.97079533 -0.22761140
vn -0.37363305 -0.53998588 0.75419731
vn -0.05237699 0.60423528 0.79508262
vn 0.10476289 -0.27871670 -0.95464220
vn -0.16207748 0.62274446 0.76545426
vn 0.04570120 -0.34416033 -0.93779799
vn -0.14987341 0.04472287 -0.98769318
vn 0.08086645 -0.41825693 -0.90472192
vn 0.06033192 0.99062749 -0.12254483
vn -0.52296630 -0.65356163 0.54714116
vn 0.05813133 0.98876999 -0.13767590
vn 0.93378252 0.28385513 0.21789095
vn -0.07964080 0.05155413 -0.99548959
vn -0.19868134 -0.76427726 0.61351936
vn -0.09454014 -0.96968097 0.22534635
vn -0.20556242 -0.97692354 -0.05800426
vn 0.06844837 0.98271434 -0.17200975
vn -0.08437205 -0.97572677 0.20208568
vn 0.34510990 0.50465390 0.79134291
vn -0.22399836 0.05747806 -0.97289311
vn -0.01451457 0.69102045 0.72268947
vn 0.10042874 -0.55438956 -0.82617570
vn -0.16679062 0.93685433 -0.30738390
vn -0.14353643 0.95716433 0.25146319
vn 0.03848020 0.99564764 -0.08488251
vn -0.05632606 0.92530551 0.37501613
vn -0.09875115 -0.96104085 0.25816408
vn -0.02250346 -0.99355429 0.11110119
vn 0.26058906 -0.12786962 0.95694446
vn -0.05567710 -0.94276921 -0.32876477
vn -0.02072729 0.99947521 -0.02489356
vn 0.73313152 -0.67950831 0.02804700
vn 0.02166409 0.38394970 -0.92309983
vn -0.20272529 0.95691743 0.20787372
vn -0.35234748 -0.93311919 -0.07169259
vn -0.32034642 -0.05697453 -0.94558557
vn -0.06265029 -0.92321873 -0.37913339
vn -0.01488988 -0.94255592 -0.33371640
vn -0.28005723 0.15177912 -0.94790877
vn -0.09249792 -0.97433398 0.20522533
vn -0.29932682 0.32968295 -0.89538406
vn 0.64850862 -0.48216222 0.58902985
vn -0.09925309 -0.95140940 0.29149438
vn 0.02139375 -0.94922541 -0.31386849
vn -0.39581250 0.06573454 -0.91597567
vn -0.35436175 0.15598597 -0.92200658
vn -0.43666452 -0.72120935 0.53775568
vn -0.33119834 -0.66707347 0.66732350
vn -0.03495046 -0.99914504 -0.02208299
vn 0.01885637 0.99937382 -0.02994007
vn 0.44896877 -0.83103998 0.32832848
vn 0.25366126 0.96603175 0.04938239
vn -0.05629272 -0.99605302 0.06862584
vn -0.25256003 -0.96424866 -0.08023685
vn -0.04715713 -0.99763374 0.05003122
vn -0.42007559 -0.83300464 0.36005523
vn -0.49402238 -0.70991731 0.50195547
vn -0.01569220 -0.95814958 -0.28583759
vn 0.02965420 -0.93531426 -0.35257320
vn -0.26805442 0.65299038 0.70834342
vn 0.06270646 -0.92886879 -0.36506257
vn -0.20681269 0.92256518 0.32573302
vn 0.23860081 0.19355221 -0.95163396
vn -0.56262990 -0.60898663 0.55909112
vn 0.81365794 0.50177483 0.29356905
vn 0.10522851 0.99219330 0.06692847
vn 0.01133620 -0.97460924 -0.22362541
vn 0.09765565 0.71716272 0.69002971
vn 0.16702837 0.31404371 -0.93460049
vn 0.19234048 0.22088489 -0.95614591
vn -0.61017255 -0.70775683 0.35604736
vn -0.58290153 -0.69798586 0.41598264
vn 0.45077724 0.85626762 0.25220159
vn -0.32191929 -0.94593000 -0.03980467
vn -0.03269682 0.36866005 0.92898907
vn 0.29533297 0.93570922 0.19294217
vn -0.11197888 -0.95167256 0.28597214
vn 0.09173277 0.96769641 0.23483774
vn 0.00722671 -0.01546927 -0.99985423
vn -0.24196129 0.88715911 0.39294204
vn 0.27377514 -0.20227607 -0.94028270
vn -0.01725035 -0.99945339 -0.02820204
vn -0.27758816 -0.91862812 -0.28118888
vn 0.17740194 -0.83129266 -0.52676471
vn -0.09836324 0.35581221 0.92936664
vn 0.31420089 -0.11329911 -0.94257154
vn 0.22783315 -0.15123631 -0.96188338
vn 0.75786499 0.52177146 0.39165700
vn 0.03286775 -0.53329761 0.84528893
vn 0.63275124 -0.69935754 -0.33245285
vn 0.16524579 -0.84332367 -0.51136974
vn 0.28584273 -0.04231831 -0.95734168
vn 0.05408537 0.10517865 -0.99298148
vn 0.27554320 -0.31987291 -0.90650828
vn -0.96615443 0.16722740 0.19641949
vn -0.04128823 0.87204043 0.48768922
vn -0.19430071 0.14000307 -0.97089978
vn 0.22421137 0.19070017 -0.95570011
vn 0.02529311 -0.97919505 0.20133879
vn 0.01363129 0.24103061 -0.97042178
vn 0.53436950 0.79720605 0.28091235
vn 0.04786466 -0.97806751 0.20271390
vn -0.23818918 0.91387325 0.32878806
vn 0.74159094 0.42310797 0.52059824
vn -0.16901967 0.94796285 0.26981251
vn -0.24942004 0.23466472 -0.93953292
vn -0.33641641 -0.80467830 0.48920020
vn 0.01135060 0.99985754 0.01249242
vn 0.19391811 0.02047097 -0.98080411
vn -0.16144766 0.30172657 -0.93962531
vn 0.07234292 0.72791802 -0.68183712
vn -0.04437982 0.48461660 -0.87360013
vn -0.16472014 0.49915738 -0.85071099
vn -0.32186414 -0.69697678 0.64080172
vn 0.16370675 0.87939865 -0.44705493
vn -0.35371257 -0.87804765 0.32236586
vn 0.05647760 0.32913579 -0.94259213
vn 0.58000414 0.62133057 0.52682399
vn 0.27588766 0.79762200 0.53636288
vn -0.72493537 0.63912471 0.25688191
vn -0.45388114 0.64960097 0.60992663
vn -0.14982165 0.89313442 0.42410420
vn -0.19358362 0.40895150 -0.89178700
vn -0.30136038 0.92179584 -0.24387364
vn -0.07799997 -0.98344204 0.16357798
vn -0.19474450 0.59274314 -0.78149226
vn -0.12423788 0.34455506 -0.93050887
vn -0.20053078 -0.97947921 0.02019593
vn -0.59400569 0.75846935 0.26810725
vn -0.11615956 -0.94427100 0.30799226
vn -0.13354957 0.99012065 -0.04272728
vn -0.17354840 0.38937786 -0.90458047
vn -0.03792467 0.60247908 -0.79723314
vn -0.05268826 0.99108926 0.12233571
vn -0.28078324 0.58875384 -0.75797737
vn 0.76898603 0.11926209 0.62804222
vn 0.08171075 0.98306706 -0.16401982
vn 0.09887935 0.54589259 0.83200009
vn -0.40110225 0.14678757 -0.90419599
vn -0.46182124 -0.73213434 0.50069996
vn 0.07110151 0.74110340 -0.66761541
vn -0.29690151 0.07327529 -0.95209255
vn -0.41526812 -0.73568853 0.53508389
vn 0.34987862 0.29973397 0.88754972
vn -0.27658266 0.96098925 -0.00130232
vn 0.33073208 -0.20177897 -0.92190104
vn 0.41867710 0.42402778 0.80306284
vn -0.04822955 0.19630321 -0.97935640
vn -0.18568072 0.97145326 0.14765241
vn -0.41927819 -0.82048935 0.38859108
vn -0.36840006 0.14905383 -0.91764065
vn 0.08171313 0.53128489 -0.84324334
vn -0.31833429 0.92607413 0.20260797
vn -0.39669565 0.43043666 -0.81077546
vn 0.16625395 0.26382728 -0.95013409
vn -0.24897055 -0.90585054 0.34270754
vn -0.15304395 -0.95567877 0.25150675
vn 0.15259677 0.92668209 -0.34347419
vn -0.12654501 0.20776428 -0.96995895
vn 0.18546696 0.92933659 -0.31927342
vn -0.26610157 0.71717432 0.64408924
vn -0.17492083 -0.87647357 0.44854964
vn -0.22677640 -0.94279521 0.24435559
vn 0.25667484 0.17016545 -0.95139989
vn -0.50479770 0.64888992 0.56931639
vn 0.23653075 -0.22571709 -0.94504233
vn -0.29140479 0.68240090 0.67038217
vn -0.49030588 0.78799981 0.37236601
vn -0.10065846 -0.75760405 0.64490618
vn 0.09168038 0.88592455 -0.45467834
vn -0.12386494 0.87939893 0.45969010
vn 0.24544518 0.27532763 -0.92948984
vn 0.21452887 0.91162392 -0.35059833
vn -0.48814199 0.84517964 0.21768964
vn -0.03028079 -0.57706824 0.81613438
vn 0.27636357 0.92477394 -0.26156515
vn 0.13416577 -0.98549922 0.10387890
vn -0.23165080 -0.06238695 0.97079647
vn -0.27434660 -0.95468550 0.11536696
vn -0.19570006 -0.96972983 0.14603268
vn -0.40581900 0.27267415 -0.87233007
vn -0.03602786 0.60107831 0.79837764
vn 0.17248044 -0.81500760 -0.55318452
vn 0.07086191 0.68330155 -0.72668947
vn 0.33567464 -0.31109693 -0.88912386
vn -0.10571686 0.68457248 -0.72123815
vn -0.55948293 0.64666926 0.51845705
vn 0.18012314 0.10497065 -0.97802700
vn -0.04072531 0.57517876 0.81701337
vn -0.24304631 -0.81275318 0.52949104
vn -0.14561832 0.67214378 -0.72596008
vn -0.46876087 -0.12480517 0.87446379
vn -0.23895736 0.42107750 0.87498179
vn -0.20096316 0.68466774 0.70060252
vn -0.36257455 -0.21824071 0.90604122
vn -0.21964241 0.76456067 -0.60597376
vn 0.10809170 0.92236250 -0.37089568
vn 0.36393523 -0.15863405 -0.91781610
vn 0.01564156 0.89370330 -0.44838571
vn 0.09126802 0.93392413 -0.34562387
vn 0.36527433 -0.35009109 -0.86256066
vn 0.09686906 0.92588394 -0.36517846
vn -0.44765642 0.64793332 0.61626792
vn 0.10888354 0.92313725 -0.36873025
vn -0.08315491 0.77886388 -0.62165611
vn -0.11472126 -0.93633244 0.33184424
vn -0.29532315 -0.76217236 0.57608813
vn 0.09407496 0.93400559 -0.34464976
vn 0.06959601 -0.51898683 -0.85194429
vn -0.10804672 -0.94187488 0.31811572
vn 0.19666211 0.67143132 -0.71449563
vn 0.20831459 0.46641415 -0.85968766
vn 0.38806629 -0.23323260 -0.89163171
vn -0.36901377 0.73036281 0.57480345
vn 0.01163403 0.99824593 -0.05804931
vn -0.59643282 -0.45727665 0.65967110
vn 0.09859536 0.94023312 -0.32594575
vn -0.13293670 -0.91565092 0.37935632
vn 0.00862958 -0.72680723 -0.68678729
vn 0.25489891 0.27732204 -0.92634715
vn 0.57600814 0.02359480 0.81710336
vn -0.21724954 0.85147303 -0.47728012
vn 0.08041039 0.95268937 -0.29311626
vn 0.40684898 -0.07362755 -0.91052342
vn 0.07644346 0.96161439 -0.26354157
vn -0.26890560 0.45757809 0.84753293
vn -0.04436633 -0.99782995 -0.04865193
vn -0.34911171 -0.88721533 0.30161229
vn -0.12077464 -0.91604899 0.38244966
vn 0.23094654 0.35877273 -0.90440357
vn 0.07189093 0.96886758 -0.23691203
vn 0.07064098 0.97732382 -0.19961966
vn 0.07363388 0.96682840 -0.24458310
vn 0.58001458 0.07510332 0.81113660
vn 0.03431901 -0.96782412 0.24927633
vn -0.11537755 -0.92574941 0.36010560
vn -0.21509413 0.75207806 -0.62298725
vn 0.17179883 0.69912650 -0.69405137
vn -0.03300183 -0.98450843 -0.17220348
vn 0.13368813 0.83434758 -0.53478183
vn 0.26975269 0.92583654 -0.26468883
vn 0.10154778 0.93999975 -0.32571231
vn 0.24180483 0.12308278 0.96248691
vn -0.12452312 0.78126409 -0.61165384
vn 0.13457342 0.86951756 -0.47521491
vn -0.25888874 0.65639367 0.70860707
vn 0.10465835 0.93295974 -0.34443105
vn -0.04855865 -0.95649103 0.28769249
vn -0.48767111 0.86640016 -0.10736692
vn -0.21588702 0.90869862 -0.35729485
vn -0.19801351 0.37865889 0.90410624
vn -0.11820603 -0.91185997 0.39311413
vn -0.29760377 0.63847441 0.70977632
vn 0.15030603 0.88310115 -0.44445523
vn 0.24073286 0.53824903 -0.80767300
vn 0.00565287 0.81219745 -0.58335525
vn -0.16017115 0.66108110 0.73301908
vn -0.18211956 -0.72508504 0.66414166
vn -0.09365936 0.84880168 -0.52034952
vn 0.13987522 0.92948897 -0.34129924
vn 0.05044101 0.33955898 -0.93923128
vn 0.07947672 0.95471072 -0.28672442
vn -0.03434600 0.46138299 0.88653601
vn 0.05967238 -0.96583053 0.25221141
vn -0.10102685 0.89703859 -0.43025033
vn -0.08892240 0.84219853 -0.53178420
vn 0.31609322 -0.86687102 0.38551227
vn 0.23769847 0.66929341 -0.70395012
vn -0.20037726 0.47300221 0.85797311
vn -0.19367797 0.37265802 0.90753228
vn 0.27782035 0.91908501 -0.27946126
vn 0.18101238 0.43595921 -0.88157478
vn 0.40808708 -0.33317933 -0.84997439
vn 0.32176142 0.21455973 -0.92218963
vn -0.45080287 -0.32302535 0.83212463
vn -0.15926264 0.89294789 -0.42104569
vn -0.21322241 -0.50261203 0.83780508
vn -0.00186190 0.94482548 -0.32756883
vn 0.11550798 0.93884993 -0.32437436
vn 0.42733555 -0.14371124 -0.89259812
vn 0.22189148 0.66270239 -0.71525500
vn -0.31244373 -0.49707778 0.80950145
vn 0.17895350 0.49235525 -0.85179925
vn 0.26422100 0.91881401 -0.29320312
vn -0.36508407 -0.04656394 0.92980935
vn 0.24486915 0.62564922 -0.74067682
vn -0.30905509 -0.69344219 0.65086319
vn 0.01443252 -0.88213527 0.47077496
vn -0.16391262 0.94959000 -0.26722929
vn -0.22204300 -0.88788476 0.40293618
vn 0.10133116 0.93987177 -0.32614883
vn 0.18547494 -0.26156744 -0.94719666
vn 0.02781685 -0.90032877 0.43432054
vn 0.34926488 0.20652222 -0.91398174
vn 0.13468767 0.61551425 -0.77653167
vn -0.51225518 -0.60092992 0.61357792
vn -0.05057134 -0.87896909 0.47418970
vn -0.44532584 0.40986179 0.79605164
vn 0.30693091 -0.81222051 0.49607586
vn 0.58801821 -0.10988201 -0.80134919
vn 0.43389228 -0.28303338 -0.85535349
vn 0.18069585 0.53293831 -0.82663521
vn 0.20687502 0.15007457 -0.96678868
vn 0.27907063 -0.03433058 -0.95965671
vn -0.13459708 0.96746985 -0.21420951
vn 0.28203393 0.17232760 -0.94380086
vn -0.50488136 0.51873060 -0.68993722
vn -0.24023692 0.96361423 -0.11719142
vn 0.18812946 0.74998044 -0.63414245
vn -0.85949477 0.51017303 0.03149957
vn -0.64279479 0.76539383 0.03141865
vn 0.35765443 0.22691020 -0.90586703
vn 0.02689931 -0.98225659 0.18560284
vn -0.07152964 0.99721592 -0.02106923
vn -0.20114395 0.97930003 -0.02263969
vn 0.38132267 0.33494459 -0.86162936
vn -0.70769464 0.00640906 -0.70648936
vn 0.22569839 0.68129390 -0.69634680
vn 0.13249765 0.87077357 -0.47349527
vn 0.34018905 0.09862774 -0.93517056
vn 0.12718347 0.87527356 -0.46660536
vn 0.25448746 0.65012521 -0.71594228
vn 0.35457448 -0.05880906 -0.93317653
vn 0.60739293 -0.26595878 -0.74855845
vn -0.02907281 0.98349588 0.17857944
vn -0.27638817 0.95966522 0.05149999
vn -0.59065423 0.80391316 -0.06965059
vn -0.13547632 0.94804850 0.28783710
vn 0.36749077 0.30375127 -0.87902543
vn -0.18760823 0.95712655 0.22070776
vn 0.43424186 0.47184268 -0.76733206
vn -0.23873297 0.88065927 0.40920145
vn -0.80910657 0.39885688 -0.43157821
vn 0.38907226 -0.02962163 -0.92073087
vn 0.09916834 0.75289159 -0.65063039
vn 0.54014713 -0.38529622 -0.74818975
vn 0.40666798 0.09497414 -0.90862592
vn 0.76558189 -0.22484345 -0.60276844
vn -0.59529676 0.68325819 -0.42282386
vn 0.14037259 0.87971194 -0.45431535
vn -0.09364325 0.92004091 0.38046770
vn 0.45486604 0.05352113 -0.88895015
vn -0.10131785 0.79352031 0.60005017
vn 0.53268706 -0.48837190 -0.69118549
vn 0.52624512 0.19361987 -0.82799603
vn 0.53846435 -0.55520243 -0.63388201
vn 0.80303174 -0.41252381 -0.43007458
vn 0.79429208 -0.16412132 -0.58494810
vn 0.87330047 -0.30499757 -0.37989838
vn 0.94044673 -0.15047512 -0.30482319
vn 0.48881295 -0.68838130 -0.53590400
vn 0.74946494 -0.50742547 -0.42523135
vn -0.88733069 0.10299784 0.44948380
vn 0.37916699 -0.85797132 -0.34657988
vn -0.55818778 0.23332102 0.79623345
vn 0.96898450 -0.18861521 -0.15966634
vn 0.98612194 0.03513417 -0.16226249
vn -0.81223554 -0.10893262 0.57306816
vn 0.64912455 -0.74715359 -0.14282451
vn 0.71367876 -0.60198034 -0.35816518
vn 0.99245153 -0.11559444 -0.04096207
vn 0.24222226 -0.96454381 -0.10480276
vn -0.27961461 -0.25785748 0.92483793
vn -0.33307619 -0.12680213 0.93433478
vn 0.87723211 -0.47361973 -0.07841029
vn -0.45035889 0.14589238 0.88084748
vn 0.58397939 -0.80142089 0.12919995
vn 0.10955735 -0.97881876 0.17294804
f 1//1 363//363 602//602
f 1//1 2//2 363//363
f 410//410 680//680 2//2
f 6//6 27//27 48//48
f 392//392 680//680 410//410
f 1113//1113 327//327 373//373
f 166//166 462//462 468//468
f 988//988 973//973 289//289
f 3//3 289//289 973//973
f 3//3 973//973 997//997
f 997//997 990//990 3//3
f 1122//1122 20//20 819//819
f 20//20 1122//1122 880//880
f 15//15 12//12 532//532
f 532//532 18//18 15//15
f 477//477 5//5 47//47
f 7//7 830//830 115//115
f 27//27 921//921 19//19
f 5//5 1113//1113 373//373
f 17//17 11//11 1232//1232
f 1234//1234 1232//1232 11//11
f 47//47 5//5 373//373
f 12//12 601//601 532//532
f 670//670 24//24 3//3
f 20//20 880//880 33//33
f 24//24 10//10 3//3
f 1233//1233 627//627 16//16
f 1196//1196 1219//1219 6//6
f 582//582 20//20 33//33
f 670//670 650//650 24//24
f 24//24 650//650 22//22
f 79//79 27//27 19//19
f 492//492 819//819 20//20
f 98//98 79//79 19//19
f 121//121 7//7 379//379
f 11//11 17//17 213//213
f 304//304 8//8 246//246
f 1072//1072 15//15 18//18
f 88//88 28//28 953//953
f 37//37 19//19 983//983
f 31//31 25//25 15//15
f 763//763 22//22 30//30
f 213//213 17//17 41//41
f 379//379 847//847 122//122
f 1072//1072 31//31 15//15
f 28//28 88//88 102//102
f 763//763 24//24 22//22
f 412//412 373//373 13//13
f 847//847 117//117 130//130
f 869//869 1026//1026 209//209
f 117//117 855//855 130//130
f 855//855 117//117 417//417
f 395//395 35//35 417//417
f 122//122 847//847 130//130
f 28//28 102//102 161//161
f 25//25 12//12 15//15
f 1072//1072 36//36 31//31
f 23//23 21//21 126//126
f 360//360 412//412 13//13
f 4//4 29//29 948//948
f 12//12 25//25 49//49
f 34//34 166//166 23//23
f 50//50 23//23 126//126
f 21//21 32//32 126//126
f 44//44 79//79 98//98
f 42//42 109//109 46//46
f 65//65 12//12 49//49
f 52//52 49//49 25//25
f 25//25 69//69 52//52
f 25//25 31//31 69//69
f 50//50 34//34 23//23
f 36//36 69//69 31//31
f 136//136 91//91 184//184
f 41//41 312//312 213//213
f 49//49 52//52 65//65
f 132//132 41//41 17//17
f 32//32 652//652 832//832
f 38//38 459//459 831//831
f 1020//1020 1049//1049 963//963
f 652//652 32//32 629//629
f 1049//1049 977//977 963//963
f 441//441 87//87 40//40
f 46//46 109//109 54//54
f 429//429 1191//1191 422//422
f 39//39 876//876 1105//1105
f 16//16 132//132 17//17
f 44//44 161//161 79//79
f 533//533 20//20 582//582
f 360//360 87//87 441//441
f 1020//1020 963//963 278//278
f 412//412 360//360 53//53
f 65//65 601//601 12//12
f 24//24 763//763 820//820
f 37//37 44//44 98//98
f 166//166 34//34 170//170
f 3//3 10//10 828//828
f 45//45 571//571 883//883
f 79//79 48//48 27//27
f 289//289 3//3 828//828
f 142//142 516//516 853//853
f 10//10 24//24 820//820
f 195//195 44//44 37//37
f 482//482 90//90 36//36
f 482//482 36//36 1072//1072
f 828//828 283//283 289//289
f 743//743 458//458 454//454
f 1236//1236 51//51 55//55
f 195//195 37//37 57//57
f 283//283 64//64 56//56
f 55//55 60//60 1236//1236
f 51//51 1247//1247 1249//1249
f 57//57 66//66 335//335
f 57//57 37//37 66//66
f 59//59 601//601 65//65
f 51//51 70//70 55//55
f 53//53 360//360 441//441
f 523//523 180//180 46//46
f 170//170 50//50 201//201
f 39//39 1105//1105 1245//1245
f 523//523 62//62 180//180
f 1001//1001 180//180 62//62
f 37//37 43//43 66//66
f 88//88 6//6 48//48
f 70//70 60//60 55//55
f 222//222 425//425 390//390
f 1249//1249 1163//1163 51//51
f 51//51 1159//1159 70//70
f 318//318 161//161 270//270
f 67//67 425//425 222//222
f 161//161 318//318 282//282
f 70//70 68//68 60//60
f 335//335 195//195 57//57
f 61//61 602//602 363//363
f 302//302 326//326 168//168
f 90//90 69//69 36//36
f 126//126 832//832 267//267
f 1274//1274 9//9 136//136
f 239//239 425//425 67//67
f 64//64 283//283 74//74
f 104//104 1186//1186 1130//1130
f 73//73 66//66 43//43
f 52//52 72//72 92//92
f 68//68 162//162 60//60
f 203//203 162//162 68//68
f 73//73 43//43 1096//1096
f 104//104 1130//1130 1243//1243
f 70//70 83//83 68//68
f 71//71 602//602 912//912
f 236//236 390//390 435//435
f 203//203 68//68 114//114
f 126//126 267//267 244//244
f 102//102 88//88 48//48
f 602//602 71//71 725//725
f 78//78 62//62 523//523
f 1096//1096 43//43 1124//1124
f 77//77 725//725 71//71
f 100//100 72//72 52//52
f 100//100 52//52 69//69
f 94//94 75//75 1112//1112
f 69//69 90//90 86//86
f 76//76 53//53 441//441
f 317//317 64//64 367//367
f 76//76 441//441 103//103
f 262//262 62//62 78//78
f 275//275 114//114 68//68
f 235//235 39//39 1245//1245
f 52//52 92//92 65//65
f 65//65 92//92 175//175
f 175//175 59//59 65//65
f 102//102 48//48 79//79
f 74//74 99//99 113//113
f 299//299 262//262 78//78
f 81//81 77//77 71//71
f 89//89 85//85 589//589
f 611//611 85//85 95//95
f 1124//1124 87//87 327//327
f 64//64 74//74 113//113
f 500//500 101//101 93//93
f 70//70 1159//1159 83//83
f 682//682 16//16 197//197
f 1089//1089 82//82 208//208
f 97//97 245//245 863//863
f 275//275 68//68 83//83
f 132//132 16//16 682//682
f 1163//1163 1175//1175 1159//1159
f 64//64 113//113 367//367
f 80//80 208//208 82//82
f 733//733 1089//1089 672//672
f 725//725 77//77 943//943
f 84//84 483//483 249//249
f 1159//1159 1175//1175 465//465
f 103//103 441//441 494//494
f 95//95 85//85 89//89
f 106//106 113//113 99//99
f 42//42 46//46 26//26
f 719//719 506//506 101//101
f 99//99 890//890 924//924
f 100//100 92//92 72//72
f 336//336 95//95 89//89
f 86//86 100//100 69//69
f 367//367 113//113 96//96
f 4//4 97//97 863//863
f 348//348 97//97 4//4
f 494//494 150//150 103//103
f 1159//1159 1204//1204 83//83
f 83//83 1204//1204 116//116
f 517//517 226//226 112//112
f 82//82 107//107 675//675
f 754//754 103//103 817//817
f 86//86 90//90 579//579
f 340//340 95//95 336//336
f 101//101 506//506 730//730
f 115//115 107//107 82//82
f 364//364 1135//1135 111//111
f 109//109 142//142 54//54
f 110//110 83//83 116//116
f 115//115 737//737 741//741
f 1135//1135 119//119 111//111
f 749//749 379//379 741//741
f 113//113 106//106 123//123
f 106//106 924//924 933//933
f 123//123 96//96 113//113
f 847//847 1133//1133 117//117
f 817//817 103//103 150//150
f 395//395 1145//1145 797//797
f 755//755 1145//1145 395//395
f 7//7 121//121 830//830
f 1157//1157 830//830 121//121
f 114//114 110//110 1217//1217
f 129//129 114//114 1217//1217
f 119//119 131//131 438//438
f 700//700 326//326 41//41
f 122//122 121//121 379//379
f 124//124 121//121 122//122
f 234//234 235//235 1245//1245
f 133//133 192//192 131//131
f 123//123 106//106 1116//1116
f 797//797 788//788 35//35
f 123//123 1116//1116 96//96
f 322//322 125//125 129//129
f 106//106 148//148 1116//1116
f 296//296 308//308 156//156
f 308//308 322//322 156//156
f 424//424 35//35 866//866
f 106//106 933//933 148//148
f 148//148 933//933 147//147
f 132//132 171//171 41//41
f 180//180 26//26 46//46
f 127//127 150//150 120//120
f 700//700 41//41 171//171
f 224//224 209//209 151//151
f 136//136 184//184 105//105
f 324//324 1251//1251 139//139
f 266//266 1251//1251 324//324
f 351//351 296//296 156//156
f 134//134 191//191 1190//1190
f 156//156 322//322 1234//1234
f 98//98 19//19 37//37
f 138//138 144//144 186//186
f 957//957 142//142 853//853
f 876//876 39//39 152//152
f 324//324 139//139 182//182
f 138//138 186//186 139//139
f 144//144 255//255 146//146
f 219//219 182//182 139//139
f 270//270 195//195 335//335
f 143//143 1190//1190 149//149
f 144//144 146//146 214//214
f 214//214 186//186 144//144
f 105//105 1274//1274 136//136
f 1234//1234 322//322 1232//1232
f 1245//1245 185//185 234//234
f 1036//1036 43//43 983//983
f 1123//1123 1153//1153 165//165
f 186//186 219//219 139//139
f 872//872 137//137 422//422
f 1197//1197 143//143 165//165
f 1227//1227 695//695 1225//1225
f 423//423 429//429 422//422
f 37//37 983//983 43//43
f 481//481 1155//1155 140//140
f 695//695 556//556 1225//1225
f 872//872 422//422 882//882
f 882//882 422//422 1191//1191
f 570//570 1161//1161 141//141
f 155//155 1142//1142 147//147
f 235//235 152//152 39//39
f 1214//1214 1221//1221 162//162
f 572//572 1161//1161 570//570
f 156//156 159//159 351//351
f 843//843 429//429 437//437
f 181//181 163//163 145//145
f 168//168 377//377 328//328
f 141//141 1225//1225 564//564
f 455//455 153//153 154//154
f 79//79 161//161 102//102
f 481//481 1156//1156 1155//1155
f 611//611 566//566 246//246
f 134//134 1214//1214 194//194
f 1084//1084 466//466 463//463
f 134//134 194//194 191//191
f 155//155 949//949 174//174
f 59//59 175//175 84//84
f 58//58 899//899 157//157
f 359//359 158//158 1167//1167
f 949//949 166//166 174//174
f 160//160 63//63 158//158
f 903//903 63//63 160//160
f 1221//1221 1236//1236 162//162
f 526//526 910//910 904//904
f 1001//1001 26//26 180//180
f 914//914 910//910 526//526
f 1198//1198 526//526 904//904
f 1158//1158 155//155 174//174
f 173//173 351//351 159//159
f 1214//1214 162//162 203//203
f 28//28 161//161 278//278
f 564//564 1225//1225 556//556
f 167//167 541//541 164//164
f 86//86 579//579 228//228
f 165//165 143//143 261//261
f 210//210 156//156 1234//1234
f 176//176 163//163 181//181
f 159//159 156//156 172//172
f 217//217 169//169 100//100
f 862//862 150//150 127//127
f 1174//1174 572//572 1187//1187
f 425//425 54//54 142//142
f 92//92 100//100 169//169
f 86//86 217//217 100//100
f 167//167 987//987 1000//1000
f 210//210 172//172 156//156
f 127//127 497//497 238//238
f 194//194 1214//1214 203//203
f 141//141 564//564 570//570
f 166//166 170//170 174//174
f 1123//1123 165//165 1131//1131
f 228//228 212//212 86//86
f 50//50 170//170 34//34
f 191//191 149//149 1190//1190
f 179//179 167//167 1000//1000
f 171//171 132//132 682//682
f 169//169 175//175 92//92
f 181//181 145//145 216//216
f 177//177 167//167 179//179
f 398//398 435//435 996//996
f 1000//1000 648//648 179//179
f 152//152 915//915 876//876
f 648//648 1000//1000 183//183
f 170//170 204//204 174//174
f 182//182 219//219 297//297
f 201//201 50//50 126//126
f 208//208 398//398 404//404
f 187//187 1192//1192 1187//1187
f 173//173 445//445 354//354
f 162//162 1236//1236 60//60
f 188//188 382//382 460//460
f 382//382 188//188 168//168
f 168//168 188//188 377//377
f 188//188 460//460 447//447
f 1224//1224 1192//1192 187//187
f 469//469 172//172 210//210
f 447//447 189//189 188//188
f 181//181 216//216 176//176
f 172//172 469//469 159//159
f 208//208 435//435 398//398
f 711//711 189//189 447//447
f 1084//1084 1101//1101 466//466
f 165//165 261//261 1131//1131
f 722//722 318//318 729//729
f 210//210 292//292 469//469
f 579//579 706//706 228//228
f 460//460 711//711 447//447
f 1234//1234 11//11 213//213
f 242//242 170//170 201//201
f 194//194 203//203 268//268
f 213//213 210//210 1234//1234
f 149//149 191//191 194//194
f 192//192 133//133 198//198
f 786//786 197//197 207//207
f 268//268 203//203 114//114
f 205//205 207//207 197//197
f 244//244 201//201 126//126
f 615//615 211//211 506//506
f 413//413 208//208 404//404
f 786//786 207//207 840//840
f 523//523 46//46 239//239
f 216//216 200//200 542//542
f 194//194 268//268 193//193
f 581//581 108//108 112//112
f 206//206 923//923 1138//1138
f 274//274 781//781 861//861
f 209//209 205//205 841//841
f 270//270 260//260 318//318
f 593//593 187//187 572//572
f 207//207 205//205 209//209
f 210//210 213//213 302//302
f 542//542 200//200 199//199
f 196//196 318//318 260//260
f 176//176 216//216 218//218
f 78//78 523//523 239//239
f 318//318 196//196 729//729
f 1203//1203 202//202 204//204
f 302//302 292//292 210//210
f 229//229 840//840 207//207
f 436//436 221//221 223//223
f 215//215 436//436 223//223
f 1224//1224 220//220 230//230
f 207//207 209//209 224//224
f 207//207 224//224 229//229
f 198//198 202//202 549//549
f 8//8 840//840 229//229
f 66//66 73//73 237//237
f 436//436 433//433 221//221
f 190//190 143//143 149//149
f 215//215 223//223 940//940
f 524//524 1089//1089 413//413
f 218//218 216//216 225//225
f 666//666 183//183 1091//1091
f 32//32 832//832 126//126
f 186//186 214//214 452//452
f 227//227 229//229 224//224
f 222//222 390//390 236//236
f 1028//1028 218//218 225//225
f 433//433 467//467 247//247
f 242//242 201//201 244//244
f 246//246 229//229 227//227
f 216//216 542//542 225//225
f 222//222 236//236 67//67
f 84//84 249//249 185//185
f 1245//1245 84//84 185//185
f 232//232 104//104 233//233
f 187//187 220//220 1224//1224
f 897//897 888//888 127//127
f 247//247 467//467 472//472
f 112//112 226//226 243//243
f 183//183 666//666 648//648
f 198//198 549//549 491//491
f 247//247 221//221 433//433
f 149//149 194//194 193//193
f 1248//1248 104//104 232//232
f 752//752 581//581 112//112
f 1186//1186 104//104 1248//1248
f 247//247 248//248 221//221
f 255//255 233//233 1237//1237
f 936//936 959//959 243//243
f 672//672 1089//1089 524//524
f 235//235 234//234 252//252
f 236//236 435//435 80//80
f 227//227 224//224 151//151
f 248//248 223//223 221//221
f 1101//1101 474//474 466//466
f 549//549 202//202 254//254
f 508//508 472//472 514//514
f 706//706 579//579 628//628
f 226//226 936//936 243//243
f 588//588 508//508 514//514
f 152//152 235//235 276//276
f 621//621 239//239 67//67
f 247//247 472//472 508//508
f 252//252 276//276 235//235
f 1228//1228 255//255 1237//1237
f 621//621 78//78 239//239
f 219//219 186//186 452//452
f 915//915 152//152 277//277
f 251//251 240//240 1028//1028
f 250//250 535//535 269//269
f 1203//1203 254//254 202//202
f 276//276 277//277 152//152
f 964//964 961//961 959//959
f 247//247 508//508 520//520
f 897//897 127//127 238//238
f 593//593 220//220 187//187
f 248//248 247//247 520//520
f 185//185 249//249 234//234
f 67//67 236//236 647//647
f 175//175 169//169 483//483
f 230//230 220//220 1246//1246
f 253//253 240//240 251//251
f 269//269 535//535 519//519
f 265//265 1206//1206 266//266
f 256//256 248//248 529//529
f 193//193 190//190 149//149
f 330//330 214//214 146//146
f 252//252 234//234 307//307
f 269//269 519//519 257//257
f 552//552 549//549 254//254
f 1228//1228 1246//1246 255//255
f 529//529 248//248 520//520
f 270//270 161//161 44//44
f 955//955 950//950 285//285
f 285//285 950//950 271//271
f 961//961 258//258 306//306
f 306//306 258//258 955//955
f 44//44 195//195 270//270
f 307//307 234//234 249//249
f 269//269 264//264 250//250
f 425//425 957//957 390//390
f 260//260 1098//1098 196//196
f 259//259 256//256 528//528
f 309//309 331//331 261//261
f 267//267 245//245 97//97
f 387//387 254//254 1203//1203
f 259//259 319//319 273//273
f 996//996 274//274 398//398
f 193//193 268//268 125//125
f 190//190 193//193 303//303
f 387//387 1203//1203 280//280
f 268//268 114//114 129//129
f 477//477 196//196 1098//1098
f 306//306 955//955 285//285
f 278//278 161//161 282//282
f 125//125 303//303 193//193
f 276//276 252//252 294//294
f 348//348 281//281 825//825
f 261//261 331//331 1131//1131
f 89//89 589//589 262//262
f 110//110 275//275 83//83
f 319//319 259//259 528//528
f 114//114 275//275 110//110
f 315//315 265//265 266//266
f 293//293 255//255 1246//1246
f 307//307 294//294 252//252
f 309//309 190//190 303//303
f 319//319 279//279 273//273
f 283//283 285//285 271//271
f 284//284 1067//1067 587//587
f 825//825 281//281 280//280
f 293//293 330//330 146//146
f 217//217 86//86 405//405
f 291//291 666//666 1091//1091
f 291//291 1091//1091 1107//1107
f 255//255 293//293 146//146
f 257//257 311//311 269//269
f 1173//1173 244//244 267//267
f 290//290 1073//1073 284//284
f 178//178 246//246 227//227
f 286//286 1267//1267 345//345
f 675//675 80//80 82//82
f 1246//1246 220//220 339//339
f 271//271 988//988 283//283
f 281//281 387//387 280//280
f 423//423 238//238 320//320
f 1267//1267 428//428 345//345
f 428//428 288//288 568//568
f 306//306 285//285 56//56
f 310//310 169//169 217//217
f 283//283 988//988 289//289
f 323//323 89//89 262//262
f 125//125 268//268 129//129
f 477//477 1098//1098 5//5
f 312//312 302//302 213//213
f 277//277 276//276 294//294
f 311//311 316//316 269//269
f 344//344 264//264 269//269
f 322//322 308//308 125//125
f 1254//1254 1256//1256 1244//1244
f 266//266 324//324 315//315
f 323//323 262//262 299//299
f 1121//1121 340//340 295//295
f 1095//1095 290//290 991//991
f 318//318 722//722 282//282
f 1246//1246 339//339 293//293
f 1121//1121 295//295 311//311
f 277//277 294//294 300//300
f 290//290 864//864 991//991
f 334//334 1040//1040 277//277
f 56//56 285//285 283//283
f 301//301 1107//1107 1119//1119
f 1179//1179 301//301 1119//1119
f 1107//1107 301//301 691//691
f 709//709 383//383 653//653
f 991//991 305//305 1095//1095
f 316//316 344//344 269//269
f 336//336 89//89 323//323
f 264//264 344//344 321//321
f 292//292 302//302 328//328
f 398//398 263//263 304//304
f 325//325 307//307 249//249
f 405//405 310//310 217//217
f 86//86 212//212 405//405
f 1179//1179 314//314 301//301
f 328//328 302//302 168//168
f 761//761 306//306 317//317
f 1207//1207 1179//1179 1186//1186
f 384//384 300//300 294//294
f 263//263 398//398 274//274
f 277//277 300//300 333//333
f 545//545 633//633 995//995
f 329//329 314//314 1179//1179
f 339//339 220//220 356//356
f 1040//1040 334//334 1077//1077
f 312//312 326//326 302//302
f 307//307 325//325 337//337
f 341//341 279//279 319//319
f 350//350 297//297 219//219
f 773//773 761//761 317//317
f 56//56 317//317 306//306
f 384//384 294//294 307//307
f 334//334 277//277 333//333
f 1207//1207 329//329 1179//1179
f 337//337 384//384 307//307
f 320//320 552//552 429//429
f 329//329 1207//1207 1242//1242
f 333//333 300//300 384//384
f 41//41 326//326 312//312
f 303//303 125//125 308//308
f 346//346 319//319 528//528
f 311//311 295//295 316//316
f 315//315 324//324 368//368
f 341//341 319//319 346//346
f 47//47 496//496 477//477
f 324//324 182//182 368//368
f 341//341 1027//1027 279//279
f 423//423 320//320 429//429
f 338//338 329//329 1242//1242
f 368//368 182//182 297//297
f 308//308 296//296 303//303
f 214//214 330//330 452//452
f 760//760 773//773 921//921
f 293//293 339//339 330//330
f 796//796 329//329 338//338
f 1250//1250 338//338 1242//1242
f 4//4 948//948 348//348
f 323//323 332//332 336//336
f 546//546 1274//1274 105//105
f 350//350 219//219 452//452
f 295//295 340//340 1152//1152
f 309//309 303//303 296//296
f 316//316 295//295 1152//1152
f 552//552 437//437 429//429
f 339//339 540//540 330//330
f 343//343 552//552 584//584
f 347//347 357//357 796//796
f 331//331 296//296 351//351
f 316//316 353//353 344//344
f 633//633 1140//1140 935//935
f 946//946 773//773 317//317
f 1140//1140 633//633 408//408
f 787//787 212//212 228//228
f 393//393 1274//1274 358//358
f 358//358 1274//1274 546//546
f 437//437 552//552 343//343
f 169//169 450//450 716//716
f 716//716 483//483 169//169
f 383//383 709//709 407//407
f 1252//1252 338//338 1250//1250
f 815//815 357//357 347//347
f 169//169 310//310 450//450
f 66//66 237//237 335//335
f 331//331 309//309 296//296
f 370//370 361//361 349//349
f 356//356 540//540 339//339
f 1140//1140 1149//1149 935//935
f 73//73 1096//1096 237//237
f 317//317 56//56 64//64
f 1096//1096 1124//1124 1113//1113
f 827//827 336//336 332//332
f 1140//1140 342//342 1149//1149
f 13//13 87//87 360//360
f 1149//1149 342//342 899//899
f 348//348 606//606 281//281
f 361//361 331//331 349//349
f 346//346 1027//1027 341//341
f 787//787 405//405 212//212
f 46//46 54//54 425//425
f 398//398 304//304 451//451
f 706//706 787//787 228//228
f 948//948 606//606 348//348
f 390//390 938//938 996//996
f 382//382 168//168 326//326
f 316//316 1152//1152 353//353
f 351//351 354//354 331//331
f 347//347 796//796 1257//1257
f 349//349 331//331 354//354
f 13//13 373//373 327//327
f 355//355 344//344 353//353
f 397//397 358//358 365//365
f 389//389 357//357 815//815
f 352//352 375//375 783//783
f 286//286 345//345 444//444
f 365//365 416//416 397//397
f 946//946 317//317 374//374
f 365//365 358//358 462//462
f 40//40 87//87 94//94
f 488//488 363//363 592//592
f 381//381 361//361 370//370
f 546//546 462//462 358//358
f 684//684 375//375 352//352
f 366//366 160//160 359//359
f 592//592 363//363 2//2
f 401//401 540//540 356//356
f 1116//1116 1135//1135 364//364
f 1027//1027 346//346 1093//1093
f 856//856 820//820 389//389
f 297//297 521//521 368//368
f 718//718 128//128 369//369
f 372//372 369//369 1169//1169
f 1261//1261 337//337 325//325
f 815//815 347//347 378//378
f 439//439 409//409 371//371
f 409//409 346//346 371//371
f 369//369 128//128 1169//1169
f 327//327 1113//1113 1124//1124
f 942//942 488//488 592//592
f 347//347 386//386 378//378
f 380//380 334//334 333//333
f 401//401 356//356 375//375
f 1093//1093 346//346 409//409
f 942//942 597//597 488//488
f 1263//1263 315//315 368//368
f 380//380 333//333 384//384
f 1268//1268 9//9 347//347
f 281//281 606//606 387//387
f 1253//1253 1255//1255 91//91
f 1169//1169 906//906 372//372
f 327//327 87//87 13//13
f 815//815 378//378 393//393
f 115//115 741//741 7//7
f 9//9 386//386 347//347
f 374//374 317//317 367//367
f 1178//1178 1167//1167 376//376
f 680//680 719//719 592//592
f 389//389 815//815 393//393
f 788//788 797//797 800//800
f 380//380 384//384 388//388
f 415//415 1201//1201 366//366
f 410//410 2//2 1//1
f 1//1 602//602 725//725
f 800//800 785//785 385//385
f 1262//1262 1253//1253 91//91
f 393//393 378//378 386//386
f 384//384 1261//1261 394//394
f 446//446 462//462 546//546
f 400//400 383//383 407//407
f 385//385 788//788 800//800
f 117//117 755//755 417//417
f 381//381 370//370 436//436
f 417//417 755//755 395//395
f 397//397 856//856 389//389
f 384//384 394//394 388//388
f 397//397 389//389 393//393
f 606//606 545//545 387//387
f 380//380 388//388 403//403
f 391//391 806//806 399//399
f 878//878 856//856 397//397
f 47//47 373//373 412//412
f 94//94 364//364 40//40
f 215//215 206//206 381//381
f 188//188 189//189 377//377
f 1274//1274 393//393 386//386
f 370//370 396//396 436//436
f 517//517 410//410 1//1
f 725//725 517//517 1//1
f 451//451 404//404 398//398
f 606//606 948//948 408//408
f 111//111 40//40 364//364
f 394//394 403//403 388//388
f 381//381 436//436 215//215
f 431//431 377//377 189//189
f 380//380 403//403 1099//1099
f 456//456 349//349 354//354
f 1178//1178 376//376 415//415
f 729//729 431//431 189//189
f 367//367 96//96 1036//1036
f 421//421 613//613 622//622
f 128//128 124//124 122//122
f 396//396 470//470 467//467
f 403//403 1272//1272 1099//1099
f 393//393 358//358 397//397
f 354//354 351//351 173//173
f 1270//1270 1272//1272 403//403
f 286//286 184//184 91//91
f 418//418 1132//1132 1272//1272
f 1272//1272 1132//1132 1099//1099
f 128//128 122//122 130//130
f 399//399 406//406 554//554
f 554//554 406//406 896//896
f 409//409 1155//1155 1093//1093
f 438//438 111//111 119//119
f 896//896 406//406 411//411
f 416//416 878//878 397//397
f 855//855 417//417 1169//1169
f 401//401 375//375 493//493
f 484//484 450//450 310//310
f 96//96 75//75 1036//1036
f 831//831 860//860 897//897
f 1227//1227 1189//1189 1201//1201
f 40//40 111//111 494//494
f 404//404 451//451 413//413
f 751//751 419//419 985//985
f 424//424 417//417 35//35
f 599//599 420//420 439//439
f 433//433 436//436 396//396
f 111//111 438//438 494//494
f 426//426 184//184 286//286
f 417//417 424//424 1169//1169
f 137//137 423//423 422//422
f 454//454 418//418 1272//1272
f 1201//1201 415//415 1227//1227
f 430//430 432//432 418//418
f 396//396 349//349 456//456
f 370//370 349//349 396//396
f 140//140 409//409 439//439
f 412//412 53//53 47//47
f 396//396 467//467 433//433
f 75//75 96//96 1112//1112
f 521//521 509//509 427//427
f 442//442 385//385 399//399
f 442//442 434//434 385//385
f 788//788 385//385 434//434
f 493//493 375//375 684//684
f 427//427 428//428 1267//1267
f 428//428 427//427 288//288
f 147//147 933//933 416//416
f 454//454 430//430 418//418
f 416//416 949//949 147//147
f 426//426 414//414 184//184
f 949//949 416//416 365//365
f 449//449 482//482 1072//1072
f 426//426 286//286 444//444
f 434//434 442//442 887//887
f 981//981 889//889 448//448
f 196//196 431//431 729//729
f 402//402 527//527 440//440
f 889//889 571//571 886//886
f 431//431 196//196 573//573
f 835//835 405//405 787//787
f 96//96 1116//1116 1112//1112
f 432//432 430//430 443//443
f 1191//1191 448//448 882//882
f 21//21 426//426 444//444
f 446//446 414//414 518//518
f 239//239 46//46 425//425
f 354//354 445//445 456//456
f 454//454 443//443 430//430
f 400//400 407//407 810//810
f 515//515 419//419 751//751
f 453//453 782//782 790//790
f 365//365 462//462 949//949
f 450//450 846//846 716//716
f 135//135 860//860 459//459
f 503//503 173//173 159//159
f 441//441 40//40 494//494
f 459//459 860//860 831//831
f 445//445 173//173 503//503
f 438//438 131//131 497//497
f 421//421 548//548 415//415
f 405//405 835//835 310//310
f 446//446 468//468 462//462
f 470//470 456//456 445//445
f 491//491 192//192 198//198
f 443//443 454//454 458//458
f 467//467 487//487 472//472
f 889//889 883//883 571//571
f 458//458 463//463 443//443
f 131//131 192//192 497//497
f 503//503 159//159 469//469
f 497//497 192//192 491//491
f 415//415 548//548 1227//1227
f 1084//1084 463//463 458//458
f 843//843 153//153 455//455
f 472//472 487//487 514//514
f 477//477 573//573 196//196
f 573//573 477//477 464//464
f 465//465 463//463 466//466
f 843//843 343//343 153//153
f 456//456 470//470 396//396
f 540//540 401//401 486//486
f 991//991 157//157 342//342
f 486//486 401//401 493//493
f 631//631 641//641 42//42
f 21//21 457//457 596//596
f 477//477 476//476 464//464
f 645//645 795//795 449//449
f 521//521 297//297 350//350
f 400//400 810//810 865//865
f 629//629 21//21 444//444
f 548//548 421//421 510//510
f 477//477 496//496 476//476
f 466//466 474//474 1204//1204
f 390//390 996//996 435//435
f 790//790 499//499 453//453
f 499//499 473//473 453//453
f 635//635 913//913 919//919
f 1263//1263 368//368 427//427
f 470//470 445//445 487//487
f 479//479 1204//1204 474//474
f 919//919 901//901 635//635
f 483//483 716//716 799//799
f 475//475 473//473 499//499
f 485//485 476//476 496//496
f 831//831 45//45 38//38
f 499//499 481//481 475//475
f 38//38 45//45 850//850
f 487//487 467//467 470//470
f 58//58 892//892 899//899
f 630//630 510//510 421//421
f 913//913 488//488 926//926
f 482//482 449//449 531//531
f 469//469 292//292 503//503
f 513//513 474//474 492//492
f 513//513 479//479 474//474
f 1075//1075 1081//1081 721//721
f 721//721 1081//1081 711//711
f 140//140 475//475 481//481
f 448//448 889//889 886//886
f 148//148 530//530 1116//1116
f 487//487 445//445 503//503
f 519//519 413//413 451//451
f 507//507 481//481 499//499
f 489//489 1208//1208 490//490
f 571//571 872//872 886//886
f 484//484 310//310 835//835
f 657//657 639//639 498//498
f 546//546 105//105 184//184
f 533//533 513//513 492//492
f 492//492 20//20 533//533
f 148//148 1142//1142 530//530
f 120//120 494//494 438//438
f 1142//1142 148//148 147//147
f 461//461 612//612 42//42
f 511//511 499//499 790//790
f 509//509 402//402 543//543
f 846//846 450//450 484//484
f 120//120 438//438 497//497
f 501//501 588//588 514//514
f 103//103 754//754 76//76
f 524//524 413//413 519//519
f 504//504 507//507 499//499
f 461//461 42//42 26//26
f 993//993 489//489 1004//1004
f 1217//1217 1216//1216 1233//1233
f 993//993 1198//1198 489//489
f 549//549 320//320 491//491
f 516//516 1075//1075 721//721
f 145//145 1156//1156 200//200
f 23//23 457//457 21//21
f 426//426 518//518 414//414
f 495//495 496//496 505//505
f 26//26 702//702 461//461
f 449//449 795//795 515//515
f 199//199 200//200 481//481
f 292//292 328//328 514//514
f 1156//1156 481//481 200//200
f 546//546 184//184 414//414
f 559//559 846//846 484//484
f 494//494 120//120 150//150
f 216//216 145//145 200//200
f 993//993 1004//1004 998//998
f 511//511 790//790 697//697
f 503//503 292//292 514//514
f 109//109 641//641 516//516
f 516//516 641//641 1056//1056
f 664//664 498//498 656//656
f 479//479 513//513 522//522
f 479//479 522//522 1216//1216
f 505//505 496//496 47//47
f 199//199 481//481 507//507
f 471//471 553//553 525//525
f 814//814 553//553 471//471
f 21//21 629//629 32//32
f 814//814 471//471 751//751
f 63//63 903//903 910//910
f 487//487 503//503 514//514
f 511//511 504//504 499//499
f 910//910 912//912 63//63
f 254//254 387//387 552//552
f 482//482 531//531 90//90
f 719//719 101//101 500//500
f 504//504 199//199 507//507
f 522//522 1233//1233 1216//1216
f 263//263 8//8 304//304
f 810//810 558//558 865//865
f 654//654 561//561 610//610
f 998//998 1126//1126 1136//1136
f 914//914 912//912 910//910
f 512//512 449//449 515//515
f 509//509 543//543 288//288
f 519//519 535//535 524//524
f 987//987 164//164 998//998
f 511//511 697//697 906//906
f 452//452 330//330 440//440
f 1158//1158 1142//1142 155//155
f 516//516 142//142 109//109
f 226//226 725//725 936//936
f 517//517 725//725 226//226
f 497//497 127//127 120//120
f 1161//1161 1210//1210 998//998
f 527//527 350//350 452//452
f 536//536 531//531 449//449
f 536//536 449//449 512//512
f 427//427 368//368 521//521
f 526//526 928//928 914//914
f 452//452 440//440 527//527
f 1063//1063 558//558 810//810
f 328//328 501//501 514//514
f 943//943 936//936 725//725
f 504//504 544//544 199//199
f 728//728 574//574 502//502
f 574//574 493//493 502//502
f 497//497 491//491 320//320
f 552//552 387//387 584//584
f 541//541 534//534 526//526
f 256//256 529//529 528//528
f 497//497 320//320 238//238
f 525//525 536//536 512//512
f 525//525 512//512 471//471
f 199//199 544//544 542//542
f 392//392 118//118 615//615
f 410//410 112//112 108//108
f 909//909 504//504 511//511
f 377//377 501//501 328//328
f 350//350 527//527 402//402
f 486//486 493//493 574//574
f 526//526 534//534 928//928
f 18//18 532//532 1057//1057
f 538//538 534//534 541//541
f 524//524 250//250 672//672
f 700//700 382//382 326//326
f 250//250 524//524 535//535
f 521//521 350//350 402//402
f 533//533 522//522 513//513
f 1057//1057 1065//1065 18//18
f 589//589 151//151 1035//1035
f 536//536 525//525 553//553
f 538//538 585//585 534//534
f 330//330 540//540 567//567
f 484//484 557//557 559//559
f 562//562 528//528 529//529
f 440//440 330//330 567//567
f 539//539 576//576 1057//1057
f 545//545 584//584 387//387
f 521//521 402//402 509//509
f 657//657 498//498 1066//1066
f 509//509 288//288 427//427
f 538//538 541//541 167//167
f 568//568 543//543 590//590
f 245//245 267//267 832//832
f 1048//1048 93//93 547//547
f 694//694 1227//1227 548//548
f 928//928 534//534 565//565
f 534//534 585//585 565//565
f 1061//1061 576//576 551//551
f 431//431 501//501 377//377
f 536//536 553//553 580//580
f 694//694 695//695 1227//1227
f 547//547 707//707 678//678
f 225//225 542//542 554//554
f 590//590 543//543 583//583
f 288//288 543//543 568//568
f 484//484 835//835 557//557
f 589//589 1035//1035 262//262
f 962//962 558//558 1063//1063
f 543//543 402//402 440//440
f 174//174 202//202 1158//1158
f 546//546 414//414 446//446
f 101//101 555//555 547//547
f 578//578 543//543 440//440
f 566//566 304//304 246//246
f 557//557 908//908 559//559
f 596//596 446//446 518//518
f 563//563 440//440 567//567
f 538//538 560//560 585//585
f 539//539 1213//1213 576//576
f 167//167 177//177 538//538
f 637//637 562//562 550//550
f 545//545 606//606 633//633
f 962//962 865//865 558//558
f 170//170 242//242 204//204
f 440//440 563//563 578//578
f 553//553 814//814 625//625
f 844//844 625//625 814//814
f 258//258 928//928 565//565
f 16//16 17//17 1233//1233
f 522//522 533//533 537//537
f 579//579 531//531 536//536
f 552//552 320//320 549//549
f 561//561 522//522 537//537
f 431//431 573//573 501//501
f 538//538 177//177 560//560
f 567//567 540//540 486//486
f 528//528 562//562 346//346
f 547//547 555//555 707//707
f 566//566 451//451 304//304
f 582//582 537//537 533//533
f 627//627 522//522 561//561
f 1233//1233 522//522 627//627
f 637//637 586//586 562//562
f 574//574 575//575 486//486
f 577//577 486//486 575//575
f 897//897 238//238 423//423
f 563//563 567//567 577//577
f 539//539 1057//1057 601//601
f 567//567 486//486 577//577
f 564//564 556//556 736//736
f 633//633 606//606 408//408
f 578//578 583//583 543//543
f 568//568 590//590 591//591
f 570//570 564//564 736//736
f 572//572 570//570 753//753
f 579//579 90//90 531//531
f 671//671 118//118 108//108
f 586//586 346//346 562//562
f 707//707 555//555 714//714
f 736//736 753//753 570//570
f 585//585 950//950 565//565
f 501//501 573//573 464//464
f 555//555 101//101 714//714
f 580//580 553//553 625//625
f 583//583 578//578 563//563
f 468//468 446//446 596//596
f 897//897 860//860 888//888
f 580//580 231//231 579//579
f 501//501 464//464 588//588
f 616//616 560//560 177//177
f 580//580 579//579 536//536
f 345//345 428//428 568//568
f 671//671 108//108 581//581
f 346//346 586//586 371//371
f 895//895 892//892 58//58
f 449//449 1072//1072 1070//1070
f 154//154 153//153 343//343
f 624//624 451//451 566//566
f 895//895 58//58 154//154
f 1035//1035 62//62 262//262
f 574//574 569//569 575//575
f 588//588 464//464 476//476
f 974//974 253//253 251//251
f 518//518 426//426 21//21
f 1121//1121 611//611 95//95
f 508//508 588//588 520//520
f 583//583 563//563 604//604
f 599//599 586//586 595//595
f 444//444 600//600 629//629
f 572//572 753//753 593//593
f 901//901 363//363 635//635
f 520//520 588//588 476//476
f 974//974 587//587 253//253
f 895//895 584//584 545//545
f 913//913 635//635 488//488
f 605//605 590//590 583//583
f 974//974 284//284 587//587
f 576//576 1213//1213 1097//1097
f 371//371 586//586 599//599
f 371//371 599//599 439//439
f 560//560 616//616 967//967
f 557//557 835//835 920//920
f 631//631 610//610 537//537
f 599//599 595//595 594//594
f 231//231 580//580 623//623
f 485//485 520//520 476//476
f 583//583 604//604 605//605
f 604//604 563//563 577//577
f 575//575 569//569 609//609
f 593//593 753//753 642//642
f 575//575 644//644 577//577
f 284//284 864//864 290//290
f 557//557 920//920 620//620
f 619//619 211//211 854//854
f 236//236 80//80 647//647
f 598//598 1078//1078 1070//1070
f 478//478 451//451 624//624
f 623//623 580//580 625//625
f 610//610 561//561 537//537
f 611//611 624//624 566//566
f 242//242 1199//1199 204//204
f 569//569 608//608 609//609
f 495//495 520//520 485//485
f 605//605 591//591 590//590
f 478//478 519//519 451//451
f 627//627 561//561 654//654
f 613//613 607//607 939//939
f 1006//1006 607//607 613//613
f 891//891 603//603 618//618
f 495//495 485//485 496//496
f 604//604 614//614 605//605
f 21//21 596//596 518//518
f 1006//1006 376//376 1167//1167
f 376//376 1006//1006 613//613
f 178//178 85//85 611//611
f 495//495 529//529 520//520
f 179//179 616//616 177//177
f 576//576 1097//1097 551//551
f 783//783 220//220 593//593
f 732//732 671//671 581//581
f 545//545 995//995 895//895
f 612//612 643//643 610//610
f 719//719 500//500 942//942
f 603//603 908//908 1269//1269
f 613//613 939//939 622//622
f 591//591 605//605 614//614
f 604//604 577//577 644//644
f 939//939 617//617 622//622
f 611//611 1121//1121 624//624
f 638//638 609//609 608//608
f 495//495 550//550 529//529
f 179//179 997//997 616//616
f 478//478 624//624 257//257
f 617//617 1018//1018 630//630
f 614//614 604//604 644//644
f 603//603 1269//1269 618//618
f 609//609 669//669 646//646
f 630//630 1018//1018 1017//1017
f 854//854 211//211 900//900
f 550//550 562//562 529//529
f 645//645 449//449 673//673
f 457//457 468//468 596//596
f 421//421 376//376 613//613
f 449//449 1070//1070 673//673
f 997//997 973//973 616//616
f 506//506 680//680 392//392
f 257//257 519//519 478//478
f 537//537 582//582 631//631
f 630//630 1017//1017 1021//1021
f 628//628 231//231 623//623
f 673//673 1070//1070 1078//1078
f 646//646 644//644 575//575
f 659//659 649//649 753//753
f 376//376 421//421 415//415
f 648//648 997//997 179//179
f 78//78 621//621 299//299
f 33//33 631//631 582//582
f 257//257 624//624 1121//1121
f 591//591 614//614 626//626
f 628//628 579//579 231//231
f 630//630 622//622 617//617
f 575//575 609//609 646//646
f 272//272 661//661 250//250
f 495//495 505//505 550//550
f 571//571 45//45 872//872
f 632//632 672//672 250//250
f 600//600 652//652 629//629
f 614//614 644//644 626//626
f 625//625 653//653 623//623
f 16//16 627//627 654//654
f 421//421 622//622 630//630
f 655//655 625//625 844//844
f 990//990 997//997 648//648
f 638//638 669//669 609//609
f 634//634 789//789 778//778
f 638//638 757//757 660//660
f 661//661 632//632 250//250
f 637//637 550//550 505//505
f 118//118 671//671 776//776
f 620//620 1270//1270 1269//1269
f 272//272 676//676 661//661
f 343//343 895//895 154//154
f 612//612 610//610 631//631
f 625//625 655//655 653//653
f 620//620 636//636 1270//1270
f 651//651 652//652 600//600
f 506//506 392//392 615//615
f 757//757 917//917 660//660
f 970//970 734//734 954//954
f 612//612 461//461 643//643
f 665//665 642//642 649//649
f 654//654 610//610 643//643
f 356//356 220//220 783//783
f 628//628 623//623 383//383
f 626//626 644//644 662//662
f 241//241 632//632 661//661
f 656//656 1032//1032 658//658
f 118//118 410//410 108//108
f 675//675 647//647 80//80
f 668//668 615//615 118//118
f 1032//1032 498//498 639//639
f 677//677 655//655 844//844
f 626//626 600//600 591//591
f 600//600 626//626 651//651
f 47//47 637//637 505//505
f 1064//1064 1021//1021 640//640
f 644//644 646//646 688//688
f 1064//1064 640//640 639//639
f 410//410 517//517 112//112
f 666//666 291//291 650//650
f 244//244 1173//1173 242//242
f 1032//1032 656//656 498//498
f 687//687 978//978 704//704
f 778//778 659//659 634//634
f 662//662 644//644 688//688
f 670//670 648//648 666//666
f 47//47 595//595 637//637
f 669//669 638//638 726//726
f 990//990 648//648 670//670
f 264//264 272//272 250//250
f 651//651 626//626 662//662
f 363//363 488//488 635//635
f 595//595 586//586 637//637
f 663//663 780//780 676//676
f 661//661 676//676 241//241
f 76//76 594//594 595//595
f 1064//1064 639//639 657//657
f 978//978 685//685 704//704
f 654//654 643//643 461//461
f 646//646 669//669 688//688
f 726//726 638//638 674//674
f 621//621 67//67 647//647
f 16//16 654//654 197//197
f 547//547 93//93 101//101
f 676//676 272//272 663//663
f 623//623 653//653 383//383
f 684//684 352//352 665//665
f 638//638 660//660 674//674
f 1060//1060 658//658 1012//1012
f 778//778 649//649 659//659
f 1223//1223 769//769 1213//1213
f 656//656 658//658 664//664
f 1060//1060 664//664 658//658
f 272//272 264//264 667//667
f 630//630 1021//1021 1064//1064
f 663//663 697//697 780//780
f 665//665 649//649 684//684
f 612//612 631//631 42//42
f 211//211 615//615 668//668
f 654//654 461//461 197//197
f 1064//1064 510//510 630//630
f 47//47 53//53 595//595
f 714//714 101//101 730//730
f 298//298 621//621 647//647
f 636//636 734//734 743//743
f 595//595 53//53 76//76
f 670//670 666//666 650//650
f 678//678 813//813 762//762
f 687//687 734//734 970//970
f 676//676 690//690 1115//1115
f 674//674 660//660 845//845
f 1033//1033 673//673 1078//1078
f 754//754 594//594 76//76
f 197//197 461//461 702//702
f 710//710 672//672 632//632
f 703//703 688//688 669//669
f 669//669 726//726 699//699
f 690//690 676//676 780//780
f 498//498 664//664 1079//1079
f 1087//1087 673//673 1033//1033
f 680//680 592//592 2//2
f 812//812 845//845 660//660
f 649//649 778//778 679//679
f 298//298 299//299 621//621
f 628//628 383//383 400//400
f 664//664 1102//1102 1079//1079
f 710//710 632//632 241//241
f 686//686 662//662 688//688
f 1115//1115 241//241 676//676
f 652//652 693//693 739//739
f 683//683 674//674 845//845
f 681//681 382//382 700//700
f 1066//1066 498//498 1082//1082
f 700//700 682//682 744//744
f 299//299 298//298 323//323
f 684//684 649//649 679//679
f 726//726 674//674 701//701
f 674//674 683//683 701//701
f 663//663 272//272 667//667
f 709//709 653//653 655//655
f 651//651 686//686 693//693
f 662//662 686//686 651//651
f 655//655 677//677 712//712
f 1097//1097 798//798 551//551
f 689//689 594//594 754//754
f 291//291 1107//1107 691//691
f 686//686 688//688 703//703
f 700//700 171//171 682//682
f 647//647 107//107 298//298
f 628//628 765//765 706//706
f 701//701 698//698 726//726
f 732//732 581//581 752//752
f 695//695 694//694 696//696
f 765//765 628//628 400//400
f 594//594 420//420 599//599
f 651//651 693//693 652//652
f 556//556 695//695 696//696
f 647//647 675//675 107//107
f 650//650 291//291 22//22
f 652//652 739//739 768//768
f 684//684 679//679 502//502
f 321//321 667//667 264//264
f 707//707 813//813 678//678
f 703//703 669//669 699//699
f 30//30 22//22 291//291
f 704//704 685//685 713//713
f 871//871 683//683 845//845
f 30//30 291//291 691//691
f 702//702 205//205 197//197
f 738//738 681//681 700//700
f 690//690 692//692 1125//1125
f 719//719 942//942 592//592
f 697//697 663//663 727//727
f 744//744 682//682 786//786
f 332//332 323//323 298//298
f 683//683 871//871 705//705
f 705//705 701//701 683//683
f 736//736 556//556 696//696
f 686//686 703//703 708//708
f 460//460 382//382 777//777
f 420//420 731//731 453//453
f 768//768 245//245 652//652
f 282//282 722//722 711//711
f 493//493 684//684 502//502
f 720//720 703//703 699//699
f 382//382 681//681 777//777
f 772//772 689//689 754//754
f 705//705 793//793 698//698
f 705//705 698//698 701//701
f 321//321 344//344 355//355
f 667//667 321//321 355//355
f 718//718 663//663 667//667
f 655//655 742//742 709//709
f 708//708 739//739 686//686
f 739//739 693//693 686//686
f 721//721 711//711 460//460
f 735//735 655//655 712//712
f 871//871 884//884 705//705
f 679//679 868//868 907//907
f 765//765 787//787 706//706
f 667//667 355//355 718//718
f 715//715 717//717 598//598
f 711//711 722//722 189//189
f 731//731 692//692 782//782
f 241//241 1115//1115 710//710
f 708//708 703//703 720//720
f 772//772 754//754 723//723
f 332//332 298//298 107//107
f 747//747 594//594 689//689
f 1205//1205 1173//1173 97//97
f 907//907 502//502 679//679
f 707//707 750//750 813//813
f 801//801 721//721 460//460
f 705//705 724//724 898//898
f 719//719 680//680 506//506
f 731//731 420//420 766//766
f 112//112 243//243 752//752
f 704//704 734//734 687//687
f 884//884 724//724 705//705
f 420//420 594//594 766//766
f 707//707 714//714 750//750
f 301//301 746//746 691//691
f 668//668 118//118 839//839
f 740//740 734//734 704//704
f 798//798 715//715 551//551
f 1125//1125 692//692 731//731
f 724//724 826//826 898//898
f 663//663 718//718 369//369
f 737//737 82//82 1089//1089
f 189//189 722//722 729//729
f 724//724 884//884 759//759
f 727//727 663//663 369//369
f 598//598 717//717 764//764
f 1089//1089 733//733 737//737
f 699//699 726//726 698//698
f 619//619 730//730 211//211
f 453//453 731//731 782//782
f 720//720 699//699 748//748
f 765//765 400//400 865//865
f 720//720 739//739 708//708
f 672//672 710//710 733//733
f 738//738 700//700 744//744
f 211//211 668//668 839//839
f 791//791 29//29 784//784
f 691//691 763//763 30//30
f 739//739 720//720 745//745
f 704//704 713//713 740//740
f 574//574 728//728 569//569
f 733//733 741//741 737//737
f 748//748 699//699 698//698
f 740//740 713//713 1183//1183
f 766//766 594//594 747//747
f 407//407 709//709 742//742
f 410//410 118//118 392//392
f 655//655 735//735 742//742
f 804//804 714//714 730//730
f 724//724 759//759 852//852
f 737//737 115//115 82//82
f 740//740 743//743 734//734
f 786//786 682//682 197//197
f 826//826 724//724 932//932
f 314//314 746//746 301//301
f 753//753 736//736 634//634
f 739//739 745//745 774//774
f 357//357 763//763 691//691
f 458//458 743//743 740//740
f 746//746 357//357 691//691
f 1125//1125 731//731 1145//1145
f 736//736 1108//1108 789//789
f 752//752 829//829 732//732
f 772//772 747//747 689//689
f 741//741 733//733 749//749
f 659//659 753//753 634//634
f 745//745 720//720 758//758
f 932//932 724//724 852//852
f 698//698 756//756 748//748
f 757//757 608//608 728//728
f 1145//1145 731//731 779//779
f 766//766 779//779 731//731
f 804//804 750//750 714//714
f 569//569 728//728 608//608
f 762//762 751//751 985//985
f 407//407 742//742 810//810
f 720//720 748//748 758//758
f 752//752 243//243 760//760
f 959//959 761//761 243//243
f 761//761 959//959 961//961
f 1046//1046 1134//1134 775//775
f 789//789 634//634 736//736
f 753//753 649//649 642//642
f 755//755 117//117 1133//1133
f 774//774 745//745 758//758
f 267//267 97//97 1173//1173
f 776//776 671//671 732//732
f 593//593 642//642 665//665
f 591//591 345//345 568//568
f 345//345 591//591 600//600
f 792//792 748//748 756//756
f 846//846 799//799 716//716
f 762//762 985//985 1015//1015
f 718//718 355//355 362//362
f 747//747 779//779 766//766
f 1223//1223 59//59 769//769
f 1157//1157 767//767 830//830
f 739//739 774//774 768//768
f 473//473 420//420 453//453
f 742//742 735//735 1031//1031
f 314//314 796//796 746//746
f 746//746 796//796 357//357
f 205//205 702//702 818//818
f 760//760 243//243 761//761
f 593//593 665//665 783//783
f 1062//1062 765//765 865//865
f 793//793 756//756 698//698
f 353//353 1157//1157 121//121
f 876//876 717//717 715//715
f 353//353 121//121 124//124
f 515//515 751//751 471//471
f 800//800 779//779 747//747
f 800//800 747//747 772//772
f 804//804 730//730 771//771
f 761//761 961//961 306//306
f 748//748 792//792 758//758
f 764//764 717//717 1241//1241
f 730//730 619//619 771//771
f 26//26 818//818 702//702
f 777//777 801//801 460//460
f 782//782 692//692 780//780
f 1196//1196 1046//1046 775//775
f 773//773 760//760 761//761
f 948//948 29//29 791//791
f 855//855 1169//1169 128//128
f 780//780 692//692 690//690
f 419//419 795//795 645//645
f 777//777 681//681 781//781
f 768//768 774//774 918//918
f 352//352 783//783 665//665
f 776//776 839//839 118//118
f 787//787 765//765 1062//1062
f 782//782 780//780 790//790
f 838//838 681//681 738//738
f 718//718 362//362 128//128
f 1031//1031 810//810 742//742
f 800//800 772//772 785//785
f 385//385 391//391 399//399
f 372//372 727//727 369//369
f 727//727 372//372 697//697
f 796//796 314//314 329//329
f 758//758 803//803 774//774
f 795//795 419//419 515//515
f 391//391 785//785 859//859
f 1145//1145 779//779 797//797
f 356//356 783//783 375//375
f 1205//1205 1194//1194 1199//1199
f 784//784 794//794 791//791
f 406//406 399//399 806//806
f 806//806 860//860 406//406
f 774//774 803//803 918//918
f 444//444 345//345 600//600
f 793//793 705//705 898//898
f 778//778 789//789 833//833
f 372//372 906//906 697//697
f 357//357 389//389 763//763
f 608//608 757//757 638//638
f 515//515 471//471 512//512
f 809//809 917//917 923//923
f 827//827 332//332 107//107
f 822//822 758//758 792//792
f 792//792 756//756 958//958
f 758//758 822//822 803//803
f 790//790 780//780 697//697
f 821//821 751//751 762//762
f 804//804 771//771 619//619
f 135//135 406//406 860//860
f 738//738 744//744 840//840
f 808//808 1129//1129 802//802
f 1196//1196 877//877 1046//1046
f 818//818 841//841 205//205
f 802//802 1129//1129 836//836
f 391//391 385//385 785//785
f 833//833 789//789 802//802
f 806//806 391//391 859//859
f 406//406 135//135 411//411
f 956//956 809//809 805//805
f 814//814 751//751 821//821
f 115//115 827//827 107//107
f 833//833 802//802 836//836
f 744//744 786//786 840//840
f 858//858 764//764 1241//1241
f 917//917 809//809 816//816
f 1176//1176 411//411 135//135
f 813//813 821//821 762//762
f 1194//1194 1205//1205 825//825
f 723//723 754//754 811//811
f 26//26 841//841 818//818
f 681//681 838//838 781//781
f 822//822 792//792 958//958
f 793//793 898//898 756//756
f 812//812 917//917 816//816
f 917//917 812//812 660//660
f 516//516 721//721 853//853
f 852//852 759//759 587//587
f 803//803 822//822 823//823
f 756//756 972//972 958//958
f 10//10 820//820 856//856
f 853//853 721//721 801//801
f 809//809 956//956 816//816
f 821//821 844//844 814//814
f 842//842 817//817 150//150
f 902//902 839//839 776//776
f 909//909 866//866 434//434
f 823//823 822//822 958//958
f 770//770 844//844 821//821
f 813//813 770//770 821//821
f 909//909 434//434 887//887
f 812//812 816//816 834//834
f 828//828 10//10 856//856
f 750//750 770//770 813//813
f 754//754 817//817 811//811
f 804//804 824//824 770//770
f 824//824 804//804 619//619
f 97//97 348//348 1205//1205
f 778//778 833//833 679//679
f 723//723 811//811 859//859
f 772//772 723//723 785//785
f 826//826 932//932 290//290
f 840//840 838//838 738//738
f 763//763 389//389 820//820
f 1105//1105 798//798 1245//1245
f 395//395 797//797 35//35
f 811//811 817//817 842//842
f 336//336 827//827 767//767
f 411//411 1176//1176 225//225
f 830//830 767//767 827//827
f 225//225 837//837 1028//1028
f 1014//1014 834//834 816//816
f 1086//1086 848//848 1083//1083
f 137//137 897//897 423//423
f 830//830 827//827 115//115
f 840//840 849//849 838//838
f 812//812 834//834 857//857
f 225//225 1176//1176 837//837
f 677//677 770//770 824//824
f 868//868 833//833 836//836
f 859//859 785//785 723//723
f 379//379 749//749 847//847
f 834//834 1014//1014 857//857
f 770//770 750//750 804//804
f 833//833 868//868 679//679
f 836//836 1129//1129 1139//1139
f 838//838 861//861 781//781
f 7//7 741//741 379//379
f 677//677 844//844 770//770
f 1062//1062 865//865 978//978
f 1191//1191 429//429 843//843
f 812//812 857//857 871//871
f 848//848 851//851 807//807
f 871//871 845//845 812//812
f 776//776 829//829 902//902
f 811//811 842//842 859//859
f 842//842 806//806 859//859
f 972//972 756//756 898//898
f 832//832 652//652 245//245
f 776//776 732//732 829//829
f 837//837 38//38 850//850
f 824//824 619//619 854//854
f 1139//1139 1129//1129 1137//1137
f 835//835 787//787 920//920
f 966//966 850//850 911//911
f 823//823 958//958 979//979
f 283//283 828//828 74//74
f 128//128 130//130 855//855
f 842//842 150//150 862//862
f 1011//1011 879//879 1014//1014
f 853//853 801//801 957//957
f 1241//1241 717//717 873//873
f 854//854 900//900 885//885
f 797//797 779//779 800//800
f 866//866 909//909 424//424
f 873//873 867//867 1241//1241
f 35//35 788//788 866//866
f 788//788 434//434 866//866
f 828//828 856//856 890//890
f 938//938 801//801 777//777
f 1141//1141 1083//1083 848//848
f 857//857 884//884 871//871
f 8//8 263//263 849//849
f 885//885 824//824 854//854
f 455//455 1191//1191 843//843
f 900//900 211//211 839//839
f 1139//1139 868//868 836//836
f 603//603 891//891 846//846
f 881//881 873//873 717//717
f 858//858 867//867 875//875
f 920//920 787//787 1062//1062
f 877//877 1196//1196 6//6
f 938//938 957//957 801//801
f 8//8 849//849 840//840
f 890//890 74//74 828//828
f 863//863 245//245 768//768
f 455//455 154//154 864//864
f 874//874 677//677 824//824
f 874//874 824//824 885//885
f 862//862 127//127 888//888
f 459//459 38//38 1176//1176
f 459//459 1176//1176 135//135
f 807//807 760//760 921//921
f 890//890 856//856 878//878
f 799//799 846//846 891//891
f 915//915 717//717 876//876
f 915//915 881//881 717//717
f 891//891 1264//1264 799//799
f 908//908 846//846 559//559
f 603//603 846//846 908//908
f 209//209 841//841 869//869
f 99//99 74//74 890//890
f 157//157 864//864 154//154
f 862//862 806//806 842//842
f 857//857 1014//1014 930//930
f 883//883 925//925 911//911
f 880//880 877//877 14//14
f 989//989 874//874 885//885
f 872//872 45//45 831//831
f 889//889 925//925 883//883
f 154//154 58//58 157//157
f 274//274 938//938 781//781
f 860//860 806//806 862//862
f 728//728 502//502 907//907
f 860//860 862//862 888//888
f 930//930 1014//1014 879//879
f 1139//1139 1138//1138 868//868
f 677//677 874//874 989//989
f 848//848 893//893 1141//1141
f 872//872 882//882 886//886
f 1067//1067 932//932 852//852
f 849//849 861//861 838//838
f 88//88 877//877 6//6
f 867//867 1030//1030 875//875
f 359//359 160//160 158//158
f 989//989 712//712 677//677
f 544//544 887//887 554//554
f 857//857 968//968 884//884
f 924//924 890//890 878//878
f 867//867 873//873 1030//1030
f 906//906 424//424 909//909
f 448//448 886//886 882//882
f 903//903 160//160 480//480
f 773//773 946//946 921//921
f 929//929 875//875 1030//1030
f 930//930 879//879 163//163
f 554//554 887//887 442//442
f 437//437 343//343 843//843
f 887//887 927//927 909//909
f 930//930 968//968 857//857
f 366//366 480//480 160//160
f 995//995 899//899 892//892
f 425//425 142//142 957//957
f 879//879 1011//1011 905//905
f 848//848 807//807 893//893
f 225//225 896//896 411//411
f 158//158 61//61 901//901
f 905//905 894//894 145//145
f 907//907 868//868 923//923
f 363//363 901//901 61//61
f 885//885 900//900 980//980
f 900//900 839//839 902//902
f 163//163 879//879 905//905
f 63//63 61//61 158//158
f 728//728 907//907 757//757
f 1138//1138 923//923 868//868
f 63//63 602//602 61//61
f 88//88 953//953 877//877
f 910//910 903//903 904//904
f 966//966 837//837 850//850
f 912//912 602//602 63//63
f 902//902 829//829 1005//1005
f 909//909 511//511 906//906
f 251//251 966//966 911//911
f 777//777 781//781 938//938
f 607//607 919//919 939//939
f 923//923 917//917 907//907
f 757//757 907//907 917//917
f 909//909 927//927 504//504
f 900//900 922//922 980//980
f 831//831 897//897 872//872
f 768//768 918//918 29//29
f 29//29 4//4 768//768
f 924//924 878//878 416//416
f 71//71 912//912 914//914
f 4//4 863//863 768//768
f 861//861 849//849 274//274
f 26//26 1001//1001 841//841
f 881//881 1030//1030 873//873
f 1264//1264 891//891 618//618
f 925//925 870//870 974//974
f 71//71 914//914 81//81
f 939//939 919//919 913//913
f 900//900 902//902 934//934
f 544//544 504//504 927//927
f 163//163 905//905 145//145
f 889//889 981//981 870//870
f 914//914 928//928 81//81
f 953//953 14//14 877//877
f 924//924 106//106 99//99
f 488//488 597//597 926//926
f 965//965 81//81 928//928
f 893//893 807//807 27//27
f 923//923 206//206 805//805
f 908//908 557//557 620//620
f 823//823 971//971 803//803
f 925//925 974//974 911//911
f 964//964 77//77 81//81
f 923//923 805//805 809//809
f 215//215 931//931 206//206
f 206//206 931//931 805//805
f 448//448 864//864 981//981
f 889//889 870//870 925//925
f 927//927 887//887 544//544
f 45//45 883//883 850//850
f 924//924 416//416 933//933
f 945//945 926//926 597//597
f 541//541 526//526 1198//1198
f 971//971 784//784 803//803
f 883//883 911//911 850//850
f 937//937 215//215 940//940
f 33//33 880//880 14//14
f 760//760 829//829 752//752
f 937//937 931//931 215//215
f 544//544 554//554 542//542
f 455//455 864//864 448//448
f 342//342 305//305 991//991
f 77//77 964//964 943//943
f 908//908 620//620 1269//1269
f 1040//1040 881//881 915//915
f 964//964 81//81 944//944
f 896//896 225//225 554//554
f 931//931 937//937 273//273
f 935//935 899//899 995//995
f 944//944 81//81 965//965
f 735//735 712//712 960//960
f 258//258 965//965 928//928
f 27//27 807//807 921//921
f 902//902 1005//1005 934//934
f 158//158 901//901 607//607
f 158//158 607//607 1006//1006
f 913//913 1018//1018 939//939
f 256//256 940//940 248//248
f 940//940 223//223 248//248
f 885//885 941//941 989//989
f 607//607 901//901 919//919
f 930//930 163//163 968//968
f 1001//1001 869//869 841//841
f 617//617 939//939 1018//1018
f 597//597 942//942 952//952
f 945//945 1016//1016 926//926
f 937//937 259//259 273//273
f 940//940 259//259 937//937
f 913//913 926//926 1016//1016
f 500//500 951//951 942//942
f 900//900 934//934 922//922
f 970//970 954//954 916//916
f 963//963 14//14 953//953
f 947//947 945//945 597//597
f 256//256 259//259 940//940
f 947//947 1019//1019 945//945
f 826//826 290//290 1002//1002
f 246//246 8//8 229//229
f 211//211 730//730 506//506
f 541//541 1198//1198 164//164
f 685//685 978//978 962//962
f 952//952 947//947 597//597
f 898//898 826//826 972//972
f 14//14 963//963 33//33
f 921//921 946//946 983//983
f 968//968 163//163 176//176
f 955//955 258//258 565//565
f 274//274 849//849 263//263
f 942//942 951//951 952//952
f 936//936 943//943 959//959
f 1010//1010 1127//1127 1042//1042
f 913//913 1016//1016 1018//1018
f 922//922 1008//1008 980//980
f 952//952 951//951 658//658
f 658//658 947//947 952//952
f 970//970 978//978 687//687
f 28//28 963//963 953//953
f 560//560 950//950 585//585
f 943//943 964//964 959//959
f 951//951 1045//1045 658//658
f 964//964 944//944 961//961
f 960//960 712//712 989//989
f 1070//1070 1072//1072 18//18
f 29//29 918//918 784//784
f 565//565 950//950 955//955
f 994//994 1042//1042 794//794
f 951//951 500//500 1045//1045
f 784//784 918//918 803//803
f 805//805 931//931 273//273
f 1070//1070 18//18 1061//1061
f 794//794 1042//1042 791//791
f 967//967 950//950 560//560
f 500//500 93//93 1045//1045
f 994//994 971//971 823//823
f 944//944 965//965 961//961
f 735//735 960//960 1034//1034
f 977//977 33//33 963//963
f 551//551 1070//1070 1061//1061
f 966//966 1028//1028 837//837
f 966//966 251//251 1028//1028
f 279//279 805//805 273//273
f 968//968 176//176 218//218
f 987//987 167//167 164//164
f 685//685 962//962 1164//1164
f 251//251 911//911 974//974
f 946//946 374//374 983//983
f 965//965 258//258 961//961
f 969//969 1015//1015 985//985
f 794//794 784//784 971//971
f 949//949 155//155 147//147
f 1209//1209 489//489 490//490
f 975//975 1003//1003 1029//1029
f 218//218 986//986 968//968
f 278//278 963//963 28//28
f 974//974 870//870 284//284
f 986//986 884//884 968//968
f 958//958 972//972 982//982
f 979//979 958//958 982//982
f 1003//1003 1087//1087 1029//1029
f 19//19 921//921 983//983
f 979//979 994//994 823//823
f 976//976 1015//1015 969//969
f 870//870 981//981 284//284
f 988//988 967//967 616//616
f 1030//1030 881//881 1051//1051
f 938//938 390//390 957//957
f 829//829 760//760 1005//1005
f 950//950 967//967 271//271
f 975//975 1118//1118 969//969
f 864//864 284//284 981//981
f 678//678 762//762 1015//1015
f 794//794 971//971 994//994
f 885//885 980//980 941//941
f 972//972 826//826 984//984
f 1004//1004 489//489 1209//1209
f 938//938 274//274 996//996
f 979//979 982//982 1007//1007
f 988//988 616//616 973//973
f 678//678 1015//1015 999//999
f 972//972 984//984 982//982
f 166//166 949//949 462//462
f 934//934 1005//1005 922//922
f 985//985 419//419 645//645
f 734//734 636//636 954//954
f 994//994 979//979 1007//1007
f 547//547 678//678 999//999
f 547//547 999//999 1048//1048
f 988//988 271//271 967//967
f 240//240 884//884 986//986
f 1048//1048 999//999 1054//1054
f 992//992 1000//1000 987//987
f 975//975 985//985 1003//1003
f 1031//1031 735//735 1034//1034
f 992//992 987//987 1210//1210
f 975//975 969//969 985//985
f 631//631 33//33 977//977
f 670//670 3//3 990//990
f 42//42 641//641 109//109
f 922//922 1005//1005 1008//1008
f 895//895 995//995 892//892
f 279//279 1009//1009 805//805
f 976//976 999//999 1015//1015
f 995//995 633//633 935//935
f 941//941 960//960 989//989
f 956//956 805//805 1011//1011
f 899//899 935//935 1149//1149
f 1014//1014 816//816 956//956
f 985//985 645//645 1003//1003
f 645//645 673//673 1003//1003
f 636//636 743//743 1270//1270
f 881//881 1040//1040 1051//1051
f 999//999 976//976 1023//1023
f 23//23 468//468 457//457
f 986//986 218//218 1028//1028
f 1193//1193 1068//1068 1013//1013
f 999//999 1012//1012 1054//1054
f 166//166 468//468 23//23
f 1167//1167 158//158 1006//1006
f 1126//1126 998//998 1004//1004
f 240//240 759//759 884//884
f 673//673 1087//1087 1003//1003
f 994//994 1007//1007 1010//1010
f 1010//1010 1007//1007 1024//1024
f 1010//1010 1042//1042 994//994
f 1014//1014 956//956 1011//1011
f 641//641 631//631 977//977
f 984//984 1025//1025 982//982
f 791//791 1042//1042 1140//1140
f 1026//1026 869//869 1001//1001
f 1002//1002 984//984 826//826
f 992//992 183//183 1000//1000
f 1017//1017 1018//1018 1016//1016
f 805//805 1009//1009 1011//1011
f 1007//1007 982//982 1025//1025
f 1118//1118 1023//1023 976//976
f 983//983 374//374 1036//1036
f 1063//1063 810//810 1031//1031
f 1037//1037 1043//1043 929//929
f 374//374 367//367 1036//1036
f 1016//1016 945//945 1019//1019
f 1040//1040 915//915 277//277
f 1019//1019 1017//1017 1016//1016
f 1019//1019 1021//1021 1017//1017
f 851//851 1008//1008 1005//1005
f 999//999 1023//1023 1012//1012
f 279//279 1027//1027 1009//1009
f 977//977 1049//1049 1075//1075
f 290//290 1095//1095 1002//1002
f 183//183 992//992 1052//1052
f 240//240 986//986 1028//1028
f 1007//1007 1025//1025 1024//1024
f 1021//1021 1019//1019 640//640
f 1037//1037 929//929 1030//1030
f 640//640 1019//1019 947//947
f 984//984 1002//1002 1025//1025
f 1013//1013 1022//1022 1046//1046
f 976//976 969//969 1118//1118
f 851//851 848//848 1008//1008
f 1029//1029 1087//1087 1033//1033
f 1081//1081 1049//1049 1020//1020
f 975//975 1029//1029 1039//1039
f 1035//1035 209//209 1026//1026
f 151//151 209//209 1035//1035
f 1044//1044 1025//1025 1002//1002
f 640//640 947//947 1032//1032
f 62//62 1026//1026 1001//1001
f 639//639 640//640 1032//1032
f 1041//1041 664//664 1060//1060
f 1034//1034 960//960 1085//1085
f 1031//1031 1034//1034 1069//1069
f 759//759 240//240 587//587
f 1060//1060 1038//1038 1041//1041
f 1046//1046 1022//1022 1134//1134
f 1071//1071 1011//1011 1009//1009
f 1020//1020 278//278 1081//1081
f 1051//1051 1037//1037 1030//1030
f 807//807 1005//1005 760//760
f 1032//1032 947//947 658//658
f 1044//1044 1002//1002 1088//1088
f 1118//1118 975//975 1039//1039
f 253//253 587//587 240//240
f 980//980 1086//1086 941//941
f 1025//1025 1044//1044 1053//1053
f 1045//1045 93//93 1048//1048
f 1024//1024 1053//1053 1010//1010
f 977//977 1075//1075 1056//1056
f 1058//1058 1023//1023 1118//1118
f 1024//1024 1025//1025 1053//1053
f 1048//1048 1012//1012 1045//1045
f 1035//1035 1026//1026 62//62
f 858//858 1047//1047 1039//1039
f 1170//1170 1134//1134 1154//1154
f 658//658 1045//1045 1012//1012
f 1127//1127 1010//1010 1050//1050
f 1055//1055 1037//1037 1051//1051
f 916//916 1062//1062 978//978
f 282//282 1081//1081 278//278
f 1051//1051 1040//1040 1059//1059
f 852//852 587//587 1067//1067
f 1053//1053 1044//1044 1050//1050
f 1081//1081 1075//1075 1049//1049
f 1050//1050 1010//1010 1053//1053
f 1144//1144 1058//1058 1118//1118
f 851//851 1005//1005 807//807
f 1012//1012 1048//1048 1054//1054
f 305//305 1050//1050 1044//1044
f 1091//1091 183//183 1052//1052
f 1008//1008 1086//1086 980//980
f 1037//1037 1055//1055 1043//1043
f 1085//1085 1069//1069 1034//1034
f 227//227 151//151 178//178
f 960//960 941//941 1085//1085
f 1038//1038 1023//1023 1058//1058
f 178//178 611//611 246//246
f 1065//1065 1061//1061 18//18
f 978//978 865//865 962//962
f 1086//1086 1008//1008 848//848
f 1047//1047 1144//1144 1118//1118
f 1059//1059 1040//1040 1077//1077
f 1009//1009 1027//1027 1093//1093
f 1071//1071 1009//1009 1093//1093
f 305//305 1044//1044 1088//1088
f 408//408 948//948 791//791
f 1170//1170 775//775 1134//1134
f 1056//1056 641//641 977//977
f 1060//1060 1012//1012 1038//1038
f 1041//1041 1038//1038 1058//1058
f 1043//1043 1055//1055 1231//1231
f 1059//1059 1077//1077 313//313
f 1038//1038 1012//1012 1023//1023
f 1055//1055 1051//1051 1059//1059
f 1061//1061 1065//1065 576//576
f 178//178 151//151 589//589
f 1064//1064 657//657 1066//1066
f 1068//1068 1063//1063 1031//1031
f 1041//1041 1058//1058 1092//1092
f 954//954 920//920 1062//1062
f 1062//1062 916//916 954//954
f 1065//1065 1057//1057 576//576
f 1055//1055 1059//1059 1080//1080
f 1104//1104 1052//1052 1229//1229
f 313//313 1074//1074 1059//1059
f 1074//1074 1080//1080 1059//1059
f 970//970 916//916 978//978
f 178//178 589//589 85//85
f 1073//1073 932//932 1067//1067
f 1041//1041 1102//1102 664//664
f 932//932 1073//1073 290//290
f 1150//1150 1047//1047 858//858
f 1067//1067 284//284 1073//1073
f 1063//1063 1068//1068 962//962
f 498//498 1079//1079 1082//1082
f 1079//1079 1102//1102 1076//1076
f 715//715 1070//1070 551//551
f 894//894 1011//1011 1071//1071
f 711//711 1081//1081 282//282
f 1079//1079 1147//1147 1082//1082
f 598//598 1070//1070 715//715
f 1102//1102 1166//1166 1076//1076
f 334//334 1100//1100 1077//1077
f 80//80 435//435 208//208
f 1238//1238 1055//1055 1080//1080
f 894//894 1071//1071 1093//1093
f 516//516 1056//1056 1075//1075
f 1104//1104 1091//1091 1052//1052
f 380//380 1100//1100 334//334
f 1100//1100 1109//1109 1077//1077
f 43//43 1036//1036 1124//1124
f 598//598 1033//1033 1078//1078
f 1085//1085 941//941 1134//1134
f 270//270 335//335 260//260
f 1134//1134 941//941 1086//1086
f 305//305 342//342 1050//1050
f 1002//1002 1095//1095 1088//1088
f 548//548 510//510 1103//1103
f 1143//1143 1041//1041 1092//1092
f 335//335 237//237 260//260
f 1089//1089 208//208 413//413
f 598//598 764//764 1033//1033
f 894//894 905//905 1011//1011
f 1109//1109 313//313 1077//1077
f 1082//1082 1110//1110 1066//1066
f 1022//1022 1069//1069 1085//1085
f 510//510 1064//1064 1110//1110
f 1066//1066 1110//1110 1064//1064
f 1098//1098 260//260 237//237
f 1109//1109 1074//1074 313//313
f 1068//1068 1031//1031 1069//1069
f 1103//1103 694//694 548//548
f 1039//1039 1029//1029 1033//1033
f 510//510 1110//1110 1103//1103
f 791//791 1140//1140 408//408
f 1181//1181 1122//1122 819//819
f 764//764 1039//1039 1033//1033
f 237//237 1096//1096 5//5
f 1079//1079 1076//1076 1147//1147
f 145//145 894//894 1093//1093
f 1094//1094 366//366 1201//1201
f 1088//1088 1095//1095 305//305
f 1189//1189 1094//1094 1201//1201
f 5//5 1098//1098 237//237
f 1100//1100 380//380 1099//1099
f 473//473 439//439 420//420
f 819//819 1101//1101 1181//1181
f 1108//1108 736//736 696//696
f 694//694 1103//1103 1123//1123
f 620//620 920//920 636//636
f 1105//1105 715//715 798//798
f 1041//1041 1143//1143 1102//1102
f 1107//1107 1091//1091 1104//1104
f 5//5 1096//1096 1113//1113
f 696//696 694//694 1114//1114
f 1124//1124 1036//1036 75//75
f 140//140 1155//1155 409//409
f 1123//1123 1103//1103 1153//1153
f 1111//1111 1090//1090 1162//1162
f 1119//1119 1104//1104 1240//1240
f 1092//1092 1090//1090 1111//1111
f 490//490 1208//1208 1215//1215
f 694//694 1123//1123 1106//1106
f 1101//1101 819//819 474//474
f 1109//1109 1100//1100 1132//1132
f 1114//1114 1108//1108 696//696
f 1114//1114 694//694 1106//1106
f 1143//1143 1092//1092 1111//1111
f 858//858 1039//1039 764//764
f 1086//1086 1083//1083 1141//1141
f 1039//1039 1047//1047 1118//1118
f 802//802 1108//1108 1114//1114
f 920//920 954//954 636//636
f 715//715 1105//1105 876//876
f 1119//1119 1107//1107 1104//1104
f 1147//1147 1110//1110 1082//1082
f 1215//1215 1117//1117 490//490
f 1117//1117 1209//1209 490//490
f 1117//1117 1004//1004 1209//1209
f 1143//1143 1128//1128 1102//1102
f 1100//1100 1099//1099 1132//1132
f 311//311 257//257 1121//1121
f 1112//1112 1116//1116 364//364
f 1108//1108 802//802 789//789
f 1106//1106 1123//1123 808//808
f 1114//1114 1106//1106 808//808
f 819//819 492//492 474//474
f 1141//1141 1134//1134 1086//1086
f 1115//1115 690//690 1125//1125
f 802//802 1114//1114 808//808
f 1121//1121 95//95 340//340
f 877//877 880//880 1046//1046
f 1130//1130 1119//1119 1240//1240
f 1115//1115 1133//1133 710//710
f 141//141 1004//1004 1117//1117
f 1124//1124 75//75 87//87
f 1111//1111 1162//1162 1165//1165
f 1140//1140 1042//1042 342//342
f 1123//1123 1131//1131 808//808
f 75//75 94//94 87//87
f 342//342 1042//1042 1127//1127
f 1126//1126 1004//1004 141//141
f 190//190 261//261 143//143
f 1090//1090 1058//1058 1144//1144
f 261//261 190//190 309//309
f 1145//1145 1115//1115 1125//1125
f 880//880 1122//1122 1202//1202
f 342//342 1127//1127 1050//1050
f 1136//1136 1126//1126 141//141
f 1128//1128 1166//1166 1102//1102
f 1116//1116 530//530 1135//1135
f 1069//1069 1013//1013 1068//1068
f 1013//1013 1069//1069 1022//1022
f 1058//1058 1090//1090 1092//1092
f 1136//1136 1161//1161 998//998
f 94//94 1112//1112 364//364
f 1155//1155 1156//1156 1093//1093
f 867//867 858//858 1241//1241
f 145//145 1093//1093 1156//1156
f 1022//1022 1085//1085 1134//1134
f 1129//1129 808//808 1137//1137
f 1133//1133 1115//1115 1145//1145
f 1143//1143 1111//1111 1172//1172
f 1132//1132 418//418 1109//1109
f 1103//1103 1110//1110 1153//1153
f 808//808 1131//1131 361//361
f 1148//1148 1110//1110 1147//1147
f 361//361 1131//1131 331//331
f 875//875 1150//1150 858//858
f 1137//1137 808//808 361//361
f 1133//1133 733//733 710//710
f 1148//1148 1197//1197 1110//1110
f 962//962 1068//1068 1164//1164
f 1137//1137 361//361 381//381
f 473//473 475//475 439//439
f 1137//1137 1138//1138 1139//1139
f 475//475 140//140 439//439
f 1150//1150 1160//1160 1047//1047
f 1144//1144 1047//1047 1160//1160
f 1138//1138 1137//1137 381//381
f 530//530 1142//1142 133//133
f 1090//1090 1144//1144 1146//1146
f 1197//1197 1153//1153 1110//1110
f 381//381 206//206 1138//1138
f 1161//1161 1212//1212 1210//1210
f 1128//1128 1143//1143 1182//1182
f 749//749 733//733 847//847
f 755//755 1133//1133 1145//1145
f 418//418 432//432 1109//1109
f 733//733 1133//1133 847//847
f 1161//1161 1136//1136 141//141
f 1160//1160 1151//1151 1144//1144
f 1151//1151 1146//1146 1144//1144
f 340//340 336//336 767//767
f 1212//1212 1161//1161 1174//1174
f 929//929 1150//1150 875//875
f 1135//1135 530//530 119//119
f 1120//1120 1109//1109 432//432
f 1147//1147 1076//1076 1166//1166
f 1186//1186 1119//1119 1130//1130
f 1152//1152 340//340 767//767
f 1163//1163 1249//1249 1120//1120
f 1182//1182 1143//1143 1172//1172
f 165//165 1153//1153 1197//1197
f 353//353 1152//1152 1157//1157
f 119//119 530//530 131//131
f 157//157 899//899 342//342
f 1162//1162 1090//1090 1146//1146
f 1157//1157 1152//1152 767//767
f 530//530 133//133 131//131
f 1163//1163 1120//1120 432//432
f 133//133 1142//1142 1158//1158
f 1134//1134 1141//1141 1154//1154
f 1150//1150 929//929 1160//1160
f 1159//1159 51//51 1163//1163
f 1154//1154 1141//1141 893//893
f 133//133 1158//1158 198//198
f 1158//1158 202//202 198//198
f 355//355 353//353 124//124
f 1177//1177 1147//1147 1166//1166
f 355//355 124//124 362//362
f 202//202 174//174 204//204
f 124//124 128//128 362//362
f 1179//1179 1119//1119 1186//1186
f 1182//1182 1168//1168 1128//1128
f 1160//1160 929//929 1043//1043
f 1168//1168 1166//1166 1128//1128
f 1178//1178 366//366 359//359
f 1187//1187 1212//1212 1174//1174
f 1180//1180 1212//1212 1187//1187
f 1151//1151 1160//1160 1043//1043
f 1154//1154 893//893 1170//1170
f 906//906 1169//1169 424//424
f 713//713 685//685 1164//1164
f 713//713 1164//1164 1183//1183
f 1165//1165 1162//1162 1184//1184
f 1178//1178 359//359 1167//1167
f 1111//1111 1165//1165 1171//1171
f 443//443 1175//1175 432//432
f 1172//1172 1111//1111 1171//1171
f 432//432 1175//1175 1163//1163
f 1146//1146 1151//1151 1184//1184
f 1162//1162 1146//1146 1184//1184
f 1094//1094 480//480 366//366
f 572//572 1174//1174 1161//1161
f 1151//1151 1043//1043 1184//1184
f 1188//1188 1183//1183 1164//1164
f 1188//1188 1193//1193 1122//1122
f 399//399 554//554 442//442
f 837//837 1176//1176 38//38
f 1013//1013 1046//1046 1202//1202
f 1147//1147 1177//1177 1185//1185
f 1171//1171 1165//1165 1184//1184
f 242//242 1173//1173 1199//1199
f 1172//1172 1171//1171 1182//1182
f 1203//1203 204//204 1199//1199
f 415//415 366//366 1178//1178
f 1068//1068 1193//1193 1164//1164
f 1181//1181 1188//1188 1122//1122
f 897//897 137//137 872//872
f 443//443 463//463 1175//1175
f 1177//1177 1166//1166 1168//1168
f 480//480 1094//1094 1189//1189
f 1147//1147 1185//1185 1148//1148
f 1101//1101 1183//1183 1188//1188
f 1101//1101 740//740 1183//1183
f 1208//1208 489//489 480//480
f 1208//1208 480//480 1189//1189
f 463//463 465//465 1175//1175
f 458//458 740//740 1084//1084
f 1192//1192 1226//1226 1180//1180
f 1177//1177 1190//1190 1185//1185
f 1180//1180 1187//1187 1192//1192
f 1171//1171 1184//1184 1211//1211
f 1182//1182 1171//1171 1195//1195
f 1084//1084 740//740 1101//1101
f 343//343 584//584 895//895
f 1188//1188 1181//1181 1101//1101
f 1177//1177 1168//1168 1190//1190
f 143//143 1148//1148 1185//1185
f 1204//1204 1159//1159 465//465
f 455//455 448//448 1191//1191
f 1190//1190 143//143 1185//1185
f 1194//1194 1203//1203 1199//1199
f 991//991 864//864 157//157
f 466//466 1204//1204 465//465
f 143//143 1197//1197 1148//1148
f 1171//1171 1211//1211 1195//1195
f 880//880 1202//1202 1046//1046
f 1226//1226 1192//1192 1200//1200
f 489//489 903//903 480//480
f 904//904 903//903 489//489
f 775//775 1219//1219 1196//1196
f 1198//1198 904//904 489//489
f 1184//1184 1043//1043 1220//1220
f 1211//1211 1221//1221 1195//1195
f 1219//1219 27//27 6//6
f 1195//1195 1168//1168 1182//1182
f 1173//1173 1205//1205 1199//1199
f 993//993 164//164 1198//1198
f 1214//1214 1168//1168 1195//1195
f 1206//1206 1207//1207 1186//1186
f 1202//1202 1193//1193 1013//1013
f 1211//1211 1184//1184 1220//1220
f 998//998 164//164 993//993
f 1206//1206 1186//1186 1248//1248
f 479//479 116//116 1204//1204
f 1206//1206 1248//1248 266//266
f 1164//1164 1193//1193 1188//1188
f 1190//1190 1168//1168 134//134
f 1203//1203 1194//1194 280//280
f 110//110 116//116 1216//1216
f 1224//1224 1200//1200 1192//1192
f 1210//1210 987//987 998//998
f 1218//1218 1229//1229 1200//1200
f 1229//1229 1218//1218 1240//1240
f 532//532 601//601 1057//1057
f 1122//1122 1193//1193 1202//1202
f 992//992 1210//1210 1212//1212
f 893//893 27//27 1219//1219
f 1224//1224 1218//1218 1200//1200
f 1223//1223 1213//1213 539//539
f 1208//1208 1189//1189 1227//1227
f 893//893 1219//1219 1170//1170
f 1168//1168 1214//1214 134//134
f 479//479 1216//1216 116//116
f 110//110 1216//1216 1217//1217
f 1240//1240 1218//1218 1222//1222
f 1219//1219 775//775 1170//1170
f 825//825 280//280 1194//1194
f 1180//1180 992//992 1212//1212
f 1221//1221 1211//1211 1220//1220
f 1215//1215 1208//1208 1227//1227
f 1214//1214 1195//1195 1221//1221
f 1215//1215 1227//1227 1225//1225
f 1117//1117 1215//1215 1225//1225
f 825//825 1205//1205 348//348
f 187//187 1187//1187 572//572
f 539//539 601//601 59//59
f 1243//1243 1240//1240 1222//1222
f 59//59 1223//1223 539//539
f 1224//1224 1222//1222 1218//1218
f 1220//1220 1043//1043 1231//1231
f 1230//1230 1207//1207 1206//1206
f 129//129 1217//1217 1233//1233
f 1226//1226 992//992 1180//1180
f 141//141 1117//1117 1225//1225
f 1226//1226 1229//1229 992//992
f 1230//1230 1242//1242 1207//1207
f 1222//1222 1228//1228 1243//1243
f 1232//1232 322//322 129//129
f 230//230 1222//1222 1224//1224
f 1220//1220 1236//1236 1221//1221
f 1052//1052 992//992 1229//1229
f 1236//1236 1220//1220 1231//1231
f 1228//1228 1222//1222 230//230
f 129//129 1233//1233 1232//1232
f 1230//1230 1206//1206 1244//1244
f 1228//1228 1235//1235 1243//1243
f 1229//1229 1226//1226 1200//1200
f 798//798 1097//1097 1213//1213
f 17//17 1232//1232 1233//1233
f 104//104 1243//1243 1235//1235
f 798//798 1213//1213 1239//1239
f 1231//1231 1055//1055 1238//1238
f 1237//1237 104//104 1235//1235
f 1245//1245 798//798 1239//1239
f 1238//1238 1080//1080 1074//1074
f 1254//1254 1206//1206 265//265
f 233//233 104//104 1237//1237
f 1231//1231 1238//1238 1247//1247
f 1236//1236 1231//1231 1247//1247
f 1240//1240 1104//1104 1229//1229
f 1242//1242 1230//1230 1244//1244
f 1237//1237 1235//1235 1228//1228
f 769//769 59//59 84//84
f 1244//1244 1206//1206 1254//1254
f 769//769 84//84 1239//1239
f 1213//1213 769//769 1239//1239
f 51//51 1236//1236 1247//1247
f 1228//1228 230//230 1246//1246
f 1245//1245 1239//1239 84//84
f 1130//1130 1240//1240 1243//1243
f 287//287 1254//1254 265//265
f 1250//1250 1242//1242 1253//1253
f 255//255 232//232 233//233
f 483//483 84//84 175//175
f 1109//1109 1120//1120 1074//1074
f 1120//1120 1238//1238 1074//1074
f 144//144 138//138 232//232
f 144//144 232//232 255//255
f 1247//1247 1238//1238 1249//1249
f 232//232 138//138 1248//1248
f 1249//1249 1238//1238 1120//1120
f 287//287 265//265 315//315
f 1255//1255 1242//1242 1244//1244
f 266//266 1248//1248 1251//1251
f 1251//1251 1248//1248 138//138
f 139//139 1251//1251 138//138
f 249//249 483//483 799//799
f 249//249 799//799 325//325
f 1252//1252 796//796 338//338
f 1242//1242 1255//1255 1253//1253
f 1252//1252 1257//1257 796//796
f 1258//1258 1252//1252 1250//1250
f 1258//1258 1250//1250 1253//1253
f 287//287 1256//1256 1254//1254
f 1259//1259 325//325 799//799
f 1256//1256 1255//1255 1244//1244
f 1259//1259 799//799 1264//1264
f 1257//1257 1252//1252 1258//1258
f 1263//1263 287//287 315//315
f 1256//1256 287//287 1263//1263
f 1260//1260 347//347 1257//1257
f 337//337 1261//1261 384//384
f 1261//1261 1259//1259 1264//1264
f 1261//1261 325//325 1259//1259
f 1266//1266 1257//1257 1258//1258
f 1253//1253 1262//1262 1258//1258
f 1260//1260 1257//1257 1266//1266
f 1268//1268 347//347 1260//1260
f 1265//1265 1260//1260 1266//1266
f 1261//1261 1264//1264 618//618
f 1260//1260 1265//1265 1268//1268
f 1261//1261 618//618 394//394
f 1265//1265 1266//1266 1271//1271
f 1258//1258 1262//1262 1266//1266
f 1256//1256 1263//1263 1267//1267
f 1269//1269 394//394 618//618
f 1271//1271 1266//1266 1262//1262
f 403//403 394//394 1269//1269
f 403//403 1269//1269 1270//1270
f 91//91 1255//1255 1267//1267
f 1256//1256 1267//1267 1255//1255
f 1263//1263 427//427 1267//1267
f 1268//1268 1265//1265 1273//1273
f 1273//1273 1265//1265 1271//1271
f 1273//1273 9//9 1268//1268
f 1270//1270 743//743 1272//1272
f 91//91 1271//1271 1262//1262
f 286//286 91//91 1267//1267
f 136//136 9//9 1273//1273
f 1272//1272 743//743 454//454
f 136//136 1273//1273 91//91
f 1273//1273 1271//1271 91//91
f 1274//1274 386//386 9//9