# https://github.com/mikedh/trimesh
v 0.03275180 0.02080840 0.04415810
v 0.03650960 0.02017120 0.04447150
v 0.03666690 0.02161860 0.03514230
v 0.02637700 0.02456450 0.04431060
v 0.02887180 0.02303240 0.04415530
v 0.03004990 0.02230690 0.04408040
v 0.03240400 0.02516110 0.03141390
v 0.02503540 0.02776630 0.04432170
v 0.02623830 0.02519460 0.04405820
v 0.02491940 0.02801340 0.04434950
v 0.04297550 0.02020830 0.04446040
v 0.04248890 0.02032300 0.04023270
v 0.04083260 0.01976880 0.04467130
v 0.03990920 0.01985530 0.04462690
v 0.03185120 0.02139260 0.04387510
v 0.03084290 0.02999910 0.03004900
v 0.02389660 0.02999910 0.04458800
v 0.04365040 0.02039890 0.04436890
v 0.04764630 0.02147210 0.04474060
v 0.04616600 0.02248520 0.02515550
v 0.04310380 0.02566060 0.02123850
v 0.04837710 0.02160970 0.04483770
v 0.05034820 0.02132200 0.03050670
v 0.04198170 0.02999910 0.01980430
v 0.04936890 0.02208810 0.04482660
v 0.05323020 0.02426620 0.04463800
v 0.05453040 0.02248520 0.03585800
v 0.04861110 0.02166090 0.04486550
v 0.05789690 0.02418500 0.02023980
v 0.05640830 0.02664200 0.01630890
v 0.05697140 0.02999910 0.04471010
v 0.05871260 0.02999910 0.04120920
v 0.05603350 0.02788810 0.04462970
v 0.05478090 0.02524230 0.04451310
v 0.05500870 0.02540290 0.04455200
v 0.05759250 0.02566060 0.03977500
v 0.05993210 0.02328660 0.02561050
v 0.05586170 0.02999910 0.01486920
v 0.05534410 0.02621830 0.04457700
v 0.06196730 0.02418500 0.03098110
v 0.07165890 0.02515400 0.01831740
v 0.07148290 0.02720150 0.01509940
v 0.06345800 0.02664200 0.03491200
v 0.07189700 0.02440560 0.02270600
v 0.07141870 0.02999910 0.01392320
v 0.06400460 0.02999910 0.03635180
v 0.07213510 0.02515400 0.02710010
v 0.08535260 0.02634900 0.01918560
v 0.08533600 0.02789160 0.01675830
v 0.08532980 0.02999910 0.01587340
v 0.07231110 0.02720150 0.03031530
v 0.08537330 0.02578590 0.02249510
v 0.07237520 0.02999910 0.03149150
v 0.08539400 0.02634900 0.02580740
v 0.09829670 0.02676900 0.01949630
v 0.09821600 0.02813520 0.01735200
v 0.09818700 0.02999910 0.01656690
v 0.08541880 0.02999910 0.02911970
v 0.08541260 0.02789160 0.02823200
v 0.09840650 0.02626950 0.02242580
v 0.10922600 0.02813520 0.01611190
v 0.10955100 0.02676900 0.01822860
v 0.10910400 0.02999910 0.01533800
v 0.09851830 0.02676900 0.02535520
v 0.09859900 0.02813520 0.02750240
v 0.10999900 0.02626950 0.02111920
v 0.11743600 0.02813520 0.01301610
v 0.09862590 0.02999910 0.02828750
v 0.11044400 0.02676900 0.02401260
v 0.11077100 0.02813520 0.02612920
v 0.11822200 0.02676900 0.01492460
v 0.11714800 0.02999910 0.01231980
v 0.11088900 0.02999910 0.02690600
v 0.12037400 0.02676900 0.02013160
v 0.11929900 0.02626950 0.01752670
v 0.12222000 0.02813520 0.00848318
v 0.12116000 0.02813520 0.02203740
v 0.12326000 0.02676900 0.01009490
v 0.12184100 0.02999910 0.00789508
v 0.12144800 0.02999910 0.02273370
v 0.12609200 0.02676900 0.01450020
v 0.12467600 0.02626950 0.01230030
v 0.12449600 0.02795160 0.00076565
v 0.12434900 0.02813520 0.00058256
v 0.12429300 0.02839290 0.00051044
v 0.12388300 0.02999910 0.00000000
v 0.12679400 0.02813520 0.01644760
v 0.12680600 0.02824110 0.01648920
v 0.12624100 0.02696320 0.01473050
v 0.12703000 0.02999910 0.01718280
v 0.12552300 0.02676900 0.00246062
v 0.12571700 0.02663840 0.00364516
v 0.12544000 0.02695080 0.00194464
v 0.12498200 0.03143240 0.00137318
v 0.12544000 0.03191420 0.00194464
v 0.12544000 0.03304740 0.00194464
v 0.12544000 0.02808230 0.00194464
v 0.12498200 0.02856590 0.00137318
v 0.12462000 0.02999910 0.00091823
v 0.12116600 0.02999910 0.01277750
v 0.12150000 0.02879000 0.01307150
v 0.12579000 0.02879000 0.01688040
v 0.12662200 0.02999910 0.01591500
v 0.12612300 0.02999910 0.01717440
v 0.12641700 0.02875650 0.01527140
v 0.12620600 0.02676900 0.01419230
v 0.12618500 0.02674610 0.01390650
v 0.12624100 0.02847230 0.01473050
v 0.12624100 0.03152590 0.01473050
v 0.12679400 0.03186480 0.01644760
v 0.12624100 0.03303330 0.01473050
v 0.12597200 0.02626950 0.00837777
v 0.12592400 0.02638250 0.00998675
v 0.12605300 0.02643190 0.00572018
v 0.12605300 0.03356630 0.00572018
v 0.12571700 0.03335980 0.00364516
v 0.12605300 0.03260970 0.00572018
v 0.12605300 0.02738680 0.00572018
v 0.12569000 0.02755450 0.00348981
v 0.12552300 0.03322920 0.00246062
v 0.12240700 0.02790400 0.01387880
v 0.12488500 0.02790400 0.01607590
v 0.12364500 0.02758100 0.01497460
v 0.12610900 0.02778930 0.01275530
v 0.12620600 0.03322920 0.01419230
v 0.12592400 0.02748210 0.00998675
v 0.12592400 0.03251610 0.00998675
v 0.12618500 0.03325210 0.01390650
v 0.12592400 0.03361570 0.00998675
v 0.12597200 0.03372690 0.00837777
v 0.12597800 0.02731090 0.00815307
v 0.10313900 0.02827990 0.13730100
v 0.09915800 0.02999910 0.13425500
v 0.10262800 0.02999910 0.13850500
v 0.10000500 0.02827990 0.13345900
v 0.09736510 0.02999910 0.12842700
v 0.09833820 0.02827990 0.12804900
v 0.09644170 0.02999910 0.12133300
v 0.09741480 0.02827990 0.12094800
v 0.09697790 0.02902830 0.12100600
v 0.11298600 0.02999910 0.12102500
v 0.11065500 0.02827990 0.12312300
v 0.11105700 0.02999910 0.12471200
v 0.11229500 0.02874590 0.12063400
v 0.11248500 0.02904420 0.12067600
v 0.11199500 0.02827990 0.12057100
v 0.10816800 0.02999910 0.12347800
v 0.10810200 0.02827990 0.12203200
v 0.10541100 0.02999910 0.12516400
v 0.10463800 0.02827990 0.12415500
v 0.10313500 0.02827990 0.12884300
v 0.10421600 0.02999910 0.12889800
v 0.10437300 0.02827990 0.13367000
v 0.10520200 0.02999910 0.13273800
v 0.10743800 0.02827990 0.13592800
v 0.10785600 0.02999910 0.13469300
v 0.10763200 0.02827990 0.13911300
v 0.10688300 0.02999910 0.14022200
v 0.10035700 0.02827990 0.12026500
v 0.10770900 0.02827990 0.13848800
v 0.10949800 0.02827990 0.13638000
v 0.11180400 0.02827990 0.12051200
v 0.10067400 0.02827990 0.12021800
v 0.10059900 0.02827990 0.12022900
v 0.10047500 0.02827990 0.12024600
v 0.10044600 0.02827990 0.12024900
v 0.10779400 0.02827990 0.11929200
v 0.10040900 0.02827990 0.12025400
v 0.10776900 0.02827990 0.11928600
v 0.10762800 0.02827990 0.11930300
v 0.10041500 0.02827990 0.12025400
v 0.10967200 0.02999910 0.13509300
v 0.04956970 0.02999910 0.13492100
v 0.05305630 0.02713440 0.13680200
v 0.05327570 0.02999910 0.13547600
v 0.04959250 0.02713440 0.13628000
v 0.06179340 0.02999910 0.13934000
v 0.06136690 0.02713440 0.14057500
v 0.06929450 0.02999910 0.14538800
v 0.06872930 0.02713440 0.14650600
v 0.09152650 0.02713440 0.16876500
v 0.10080600 0.02999910 0.17237100
v 0.09199030 0.02999910 0.16756100
v 0.10053900 0.02713440 0.17368300
v 0.10902600 0.02999910 0.17398900
v 0.10902400 0.02713440 0.17535600
v 0.11641900 0.02713440 0.17393900
v 0.11611300 0.02999910 0.17263200
v 0.12228000 0.02713440 0.16997700
v 0.12166800 0.02999910 0.16887900
v 0.12633600 0.02713440 0.16420700
v 0.12547700 0.02999910 0.16345800
v 0.12846900 0.02713440 0.15743300
v 0.12747100 0.02999910 0.15713300
v 0.12767600 0.02999910 0.15071700
v 0.12869200 0.02713440 0.15053100
v 0.12628500 0.02999910 0.14503000
v 0.12718300 0.02713440 0.14436700
v 0.12364700 0.02999910 0.14074400
v 0.12430100 0.02713440 0.13968100
v 0.12049800 0.02713440 0.13693800
v 0.12019500 0.02999910 0.13825500
v 0.11640000 0.02999910 0.13773400
v 0.11630300 0.02713440 0.13636600
v 0.11300300 0.02999910 0.13908500
v 0.11250400 0.02713440 0.13787300
v 0.11127000 0.02999910 0.14113200
v 0.10953100 0.02713440 0.14138500
v 0.11271700 0.02999910 0.14221400
v 0.11190600 0.02713440 0.14315400
v 0.11330100 0.02999910 0.14429500
v 0.11222600 0.02713440 0.14430300
v 0.11274200 0.02999910 0.14638600
v 0.11191800 0.02713440 0.14546200
v 0.11130300 0.02999910 0.14749600
v 0.11115000 0.02713440 0.14605300
v 0.10804000 0.02999910 0.14642500
v 0.10864300 0.02713440 0.14522900
v 0.10647900 0.02999910 0.14349000
v 0.10754100 0.02713440 0.14316000
v 0.10780800 0.02713440 0.14100200
v 0.10681200 0.02999910 0.14078300
v 0.10787900 0.02713440 0.14044100
v 0.10808600 0.02713440 0.13876600
v 0.11033600 0.02713440 0.13610500
v 0.11080400 0.02999910 0.13375300
v 0.11130300 0.02713440 0.13496500
v 0.11607500 0.02713440 0.13307100
v 0.11598000 0.02999910 0.13170000
v 0.12152300 0.02999910 0.13246000
v 0.12122200 0.02713440 0.13377500
v 0.12651800 0.02999910 0.13606400
v 0.12586600 0.02713440 0.13712400
v 0.13024100 0.02999910 0.14211400
v 0.12934300 0.02713440 0.14277700
v 0.13214600 0.02999910 0.14989000
v 0.13112900 0.02713440 0.15007900
v 0.13186800 0.02999910 0.15845900
v 0.13086400 0.02713440 0.15831500
v 0.12993500 0.02713440 0.16560000
v 0.13096200 0.02999910 0.16555800
v 0.13171900 0.02999910 0.16994400
v 0.13051000 0.02713440 0.16893400
v 0.12779000 0.02999910 0.17116200
v 0.12742500 0.02713440 0.16988800
v 0.12436300 0.02999910 0.17371900
v 0.12389100 0.02713440 0.17252400
v 0.11746300 0.02999910 0.17838000
v 0.11715400 0.02713440 0.17707300
v 0.10901700 0.02999910 0.17999700
v 0.10901900 0.02713440 0.17863500
v 0.09963010 0.02999910 0.17815200
v 0.09989720 0.02713440 0.17683800
v 0.09040440 0.02713440 0.17165800
v 0.08993850 0.02999910 0.17286200
v 0.08105030 0.02713440 0.16361900
v 0.08046020 0.02999910 0.16471500
v 0.07199640 0.02713440 0.15390400
v 0.07137730 0.02999910 0.15496700
v 0.06736900 0.02713440 0.14919900
v 0.06680170 0.02999910 0.15031700
v 0.06034410 0.02713440 0.14353500
v 0.05991760 0.02999910 0.14476900
v 0.05252620 0.02713440 0.13998600
v 0.05230680 0.02999910 0.14131200
v 0.04432120 0.02999910 0.14011700
v 0.04432540 0.02713440 0.13875800
v 0.03732320 0.02999910 0.14108800
v 0.03769590 0.02713440 0.13967900
v 0.03567520 0.02999910 0.13889600
v 0.03665450 0.02713440 0.13829400
v 0.03553860 0.02999910 0.13620000
v 0.03653230 0.02714850 0.13598600
v 0.03602510 0.02857470 0.13590600
v 0.03653650 0.02713440 0.13598300
v 0.04477670 0.02713440 0.13572800
v 0.04485120 0.02716440 0.13572300
v 0.04667530 0.02859940 0.13525400
v 0.07410400 0.02999910 0.15027800
v 0.07348500 0.02713440 0.15134400
v 0.08246430 0.02713440 0.16097800
v 0.08305230 0.02999910 0.15987900
v 0.04365040 0.02713440 0.13597500
v 0.04310180 0.02713440 0.13597500
v 0.04367730 0.02713440 0.13597000
v 0.04372700 0.02713440 0.13595800
v 0.04267520 0.02713440 0.13597500
v 0.03283050 0.03917220 0.04397500
v 0.03666690 0.03837790 0.03514230
v 0.03651370 0.03978640 0.04419970
v 0.02623830 0.03544790 0.04460750
v 0.03005200 0.03768950 0.04407210
v 0.02722170 0.03602680 0.04447150
v 0.03240400 0.03483720 0.03141390
v 0.02544120 0.03271730 0.04390280
v 0.02508510 0.03204840 0.04406370
v 0.04262350 0.03984820 0.04423020
v 0.04095060 0.04019060 0.04435220
v 0.04248890 0.03967520 0.04023270
v 0.04294650 0.03978290 0.04420800
v 0.03185120 0.03856680 0.04375580
v 0.04365040 0.03958520 0.04413860
v 0.04749520 0.03855970 0.04460750
v 0.04616600 0.03751300 0.02515550
v 0.04310380 0.03433770 0.02123850
v 0.04839160 0.03839030 0.04474340
v 0.05034820 0.03867620 0.03050670
v 0.05122400 0.03684410 0.04480440
v 0.05453040 0.03751300 0.03585800
v 0.05320120 0.03569500 0.04482110
v 0.04866700 0.03832850 0.04477950
v 0.05789690 0.03581330 0.02023980
v 0.05640830 0.03335630 0.01630890
v 0.05619090 0.03198660 0.04442990
v 0.05759250 0.03433770 0.03977500
v 0.05487620 0.03460950 0.04479610
v 0.05993210 0.03671170 0.02561050
v 0.05593830 0.03268910 0.04433560
v 0.06196730 0.03581330 0.03098110
v 0.07165890 0.03484420 0.01831740
v 0.07148290 0.03279500 0.01509940
v 0.06345800 0.03335630 0.03491200
v 0.07189700 0.03559260 0.02270600
v 0.07213510 0.03484420 0.02710010
v 0.08535260 0.03364930 0.01918560
v 0.08533600 0.03210480 0.01675830
v 0.07231110 0.03279500 0.03031530
v 0.08537330 0.03421230 0.02249510
v 0.08539400 0.03364930 0.02580740
v 0.09829670 0.03322920 0.01949630
v 0.09821600 0.03186480 0.01735200
v 0.08541260 0.03210480 0.02823200
v 0.09840650 0.03372690 0.02242580
v 0.10922600 0.03186480 0.01611190
v 0.10955100 0.03322920 0.01822860
v 0.09851830 0.03322920 0.02535520
v 0.09859900 0.03186480 0.02750240
v 0.10999900 0.03372690 0.02111920
v 0.11743600 0.03186480 0.01301610
v 0.11044400 0.03322920 0.02401260
v 0.11077100 0.03186480 0.02612920
v 0.11822200 0.03322920 0.01492460
v 0.12037400 0.03322920 0.02013160
v 0.11929900 0.03372690 0.01752670
v 0.12222000 0.03186480 0.00848318
v 0.12116000 0.03186480 0.02203740
v 0.12326000 0.03322920 0.01009490
v 0.12609200 0.03322920 0.01450020
v 0.12467600 0.03372690 0.01230030
v 0.12434900 0.03186480 0.00058256
v 0.12449600 0.03204660 0.00076565
v 0.12429300 0.03160530 0.00051044
v 0.12680600 0.03175710 0.01648920
v 0.12150000 0.03120820 0.01307150
v 0.12641700 0.03124170 0.01527140
v 0.12579000 0.03120820 0.01688040
v 0.12569000 0.03244370 0.00348981
v 0.12240700 0.03209430 0.01387880
v 0.12364500 0.03241730 0.01497460
v 0.12488500 0.03209430 0.01607590
v 0.12610900 0.03220900 0.01275530
v 0.12597800 0.03268730 0.00815307
v 0.10000500 0.03171830 0.13345900
v 0.10313900 0.03171830 0.13730100
v 0.09833820 0.03171830 0.12804900
v 0.09738370 0.03170590 0.12075900
v 0.09738990 0.03171830 0.12075600
v 0.11208400 0.03171830 0.12040100
v 0.11210600 0.03167770 0.12041000
v 0.11065500 0.03171830 0.12312300
v 0.10810200 0.03171830 0.12203200
v 0.10463800 0.03171830 0.12415500
v 0.10313500 0.03171830 0.12884300
v 0.10437300 0.03171830 0.13367000
v 0.10743800 0.03171830 0.13592800
v 0.10763200 0.03171830 0.13911300
v 0.10776900 0.03171830 0.11908900
v 0.10775900 0.03171830 0.11909200
v 0.10777100 0.03171830 0.11908900
v 0.11207700 0.03171830 0.12039900
v 0.10929900 0.03171830 0.11955500
v 0.10949800 0.03171830 0.13638000
v 0.10770900 0.03171830 0.13848800
v 0.10041500 0.03171830 0.12005700
v 0.10041300 0.03171830 0.12005700
v 0.10042100 0.03171830 0.12005500
v 0.10559700 0.03171830 0.11937500
v 0.10041700 0.03171830 0.12005700
v 0.04959250 0.03286380 0.13628000
v 0.05305630 0.03286380 0.13680200
v 0.06136690 0.03286380 0.14057500
v 0.06872930 0.03286380 0.14650600
v 0.10053900 0.03286380 0.17368300
v 0.09152650 0.03286380 0.16876500
v 0.10902400 0.03286380 0.17535600
v 0.11641900 0.03286380 0.17393900
v 0.12228000 0.03286380 0.16997700
v 0.12633600 0.03286380 0.16420700
v 0.12846900 0.03286380 0.15743300
v 0.12869200 0.03286380 0.15053100
v 0.12718300 0.03286380 0.14436700
v 0.12430100 0.03286380 0.13968100
v 0.12049800 0.03286380 0.13693800
v 0.11630300 0.03286380 0.13636600
v 0.11250400 0.03286380 0.13787300
v 0.10953100 0.03286380 0.14138500
v 0.11190600 0.03286380 0.14315400
v 0.11222600 0.03286380 0.14430300
v 0.11191800 0.03286380 0.14546200
v 0.11115000 0.03286380 0.14605300
v 0.10864300 0.03286380 0.14522900
v 0.10754100 0.03286380 0.14316000
v 0.10808600 0.03286380 0.13876600
v 0.10787900 0.03286380 0.14044100
v 0.10780800 0.03286380 0.14100200
v 0.11130300 0.03286380 0.13496500
v 0.11033600 0.03286380 0.13610500
v 0.11607500 0.03286380 0.13307100
v 0.12122200 0.03286380 0.13377500
v 0.12586600 0.03286380 0.13712400
v 0.12934300 0.03286380 0.14277700
v 0.13112900 0.03286380 0.15007900
v 0.13086400 0.03286380 0.15831500
v 0.12993500 0.03286380 0.16560000
v 0.13051000 0.03286380 0.16893400
v 0.12742500 0.03286380 0.16988800
v 0.12389100 0.03286380 0.17252400
v 0.11715400 0.03286380 0.17707300
v 0.10901900 0.03286380 0.17863500
v 0.09989720 0.03286380 0.17683800
v 0.09040440 0.03286380 0.17165800
v 0.08105030 0.03286380 0.16361900
v 0.07199640 0.03286380 0.15390400
v 0.06736900 0.03286380 0.14919900
v 0.06034410 0.03286380 0.14353500
v 0.05252620 0.03286380 0.13998600
v 0.04432540 0.03286380 0.13875800
v 0.03769590 0.03286380 0.13967900
v 0.03665450 0.03286380 0.13829400
v 0.03639570 0.03250730 0.13568100
v 0.03651990 0.03286380 0.13566200
v 0.04381400 0.03286380 0.13562000
v 0.04441230 0.03249490 0.13551200
v 0.07348500 0.03286380 0.15134400
v 0.08246430 0.03286380 0.16097800
v 0.04350960 0.03286380 0.13565300
v 0.04043090 0.03286380 0.13565600
v 0.04366080 0.03286380 0.13565100
v 0.04357170 0.03286380 0.13565300
v 0.04365040 0.03286380 0.13565300
v 0.00000000 0.02253990 0.12032100
v 0.00000000 0.02797630 0.12228200
v 0.00099794 0.02253990 0.12032100
v 0.00099794 0.02797630 0.12228200
v 0.00000000 0.01761010 0.11621500
v 0.00099794 0.01761010 0.11621500
v 0.00671848 0.02423090 0.11318300
v 0.00671848 0.02843530 0.11470100
v 0.00000000 0.01352570 0.11024000
v 0.00099794 0.01352570 0.11024000
v 0.00671848 0.02041830 0.11001000
v 0.01350320 0.02185160 0.12322300
v 0.01350320 0.02778930 0.12536400
v 0.00099794 0.01056220 0.10281100
v 0.00000000 0.01056220 0.10281100
v 0.00671848 0.01725890 0.10539100
v 0.01350320 0.01646810 0.11873400
v 0.02180350 0.02735680 0.13252700
v 0.02180350 0.02025420 0.12996400
v 0.00099794 0.00892419 0.09442750
v 0.00000000 0.00892419 0.09442750
v 0.00671848 0.01496780 0.09964550
v 0.01350320 0.01200600 0.11221200
v 0.02180350 0.01381340 0.12459900
v 0.03185120 0.02714680 0.13599200
v 0.03185120 0.01948110 0.13322900
v 0.00099794 0.00872298 0.08566690
v 0.00000000 0.00872298 0.08566690
v 0.00671848 0.01370220 0.09316250
v 0.01350320 0.00877063 0.10409800
v 0.02180350 0.00847763 0.11679800
v 0.03185120 0.01252850 0.12743600
v 0.04365040 0.01948280 0.13321500
v 0.00099794 0.00997264 0.07711710
v 0.00000000 0.00997264 0.07711710
v 0.00671848 0.01354510 0.08638540
v 0.01350320 0.00698261 0.09494070
v 0.02180350 0.00460506 0.10709100
v 0.03185120 0.00676904 0.11901400
v 0.04365040 0.01253380 0.12742300
v 0.05697760 0.02011830 0.13052700
v 0.05697760 0.02731970 0.13312900
v 0.00099794 0.01258490 0.06937180
v 0.00000000 0.01258490 0.06937180
v 0.00671848 0.01451060 0.07977750
v 0.01350320 0.00676022 0.08537280
v 0.02180350 0.00246757 0.09613910
v 0.03185120 0.00259289 0.10853700
v 0.04365040 0.00677610 0.11900600
v 0.05697760 0.01359100 0.12509000
v 0.07137730 0.02115260 0.12617100
v 0.07137730 0.02760040 0.12849900
v 0.00099794 0.01638510 0.06294980
v 0.00000000 0.01638510 0.06294980
v 0.00671848 0.01653160 0.07378540
v 0.01350320 0.00812462 0.07603800
v 0.02180350 0.00220280 0.08469040
v 0.03185120 0.00028241 0.09671890
v 0.04365040 0.00260172 0.10853100
v 0.05697760 0.00818110 0.11718100
v 0.07137730 0.01530670 0.12130000
v 0.08616000 0.02225050 0.12153900
v 0.08616000 0.02789870 0.12357500
v 0.12250600 0.02761980 0.12818000
v 0.11298600 0.02285240 0.11900300
v 0.11298600 0.02806110 0.12088400
v 0.12250600 0.02122320 0.12587500
v 0.00099794 0.02111200 0.05829490
v 0.00000000 0.02111200 0.05829490
v 0.00671848 0.01947050 0.06881980
v 0.01350320 0.01097870 0.06757420
v 0.02180350 0.00383373 0.07352460
v 0.03185120 0.00000000 0.08436030
v 0.04365040 0.00029124 0.09671610
v 0.05697760 0.00425735 0.10734100
v 0.07137730 0.01046160 0.11421800
v 0.08616000 0.01713000 0.11727200
v 0.11298600 0.01812730 0.11506700
v 0.12250600 0.01542320 0.12104200
v 0.10041500 0.02298830 0.11842100
v 0.10041500 0.02809810 0.12026300
v 0.10776900 0.02320540 0.11750500
v 0.10776900 0.02815640 0.11929200
v 0.12351200 0.02122320 0.12587500
v 0.12351200 0.01542320 0.12104200
v 0.12250600 0.01061870 0.11401500
v 0.12351200 0.01061690 0.11401500
v 0.12351200 0.02761980 0.12818300
v 0.00099794 0.02644600 0.05572330
v 0.00000000 0.02644600 0.05572330
v 0.00671848 0.02312770 0.06521900
v 0.01350320 0.01512840 0.06056410
v 0.02180350 0.00724738 0.06340470
v 0.03185120 0.00175977 0.07230960
v 0.04365040 0.00000883 0.08436300
v 0.05697760 0.00208808 0.09623890
v 0.07137730 0.00694908 0.10540700
v 0.12250600 0.00713264 0.10527400
v 0.12351200 0.00713264 0.10527400
v 0.08616000 0.01288680 0.11106900
v 0.11298600 0.01421410 0.10934700
v 0.10041500 0.01835670 0.11456200
v 0.10776900 0.01871680 0.11376800
v 0.00099794 0.03202190 0.05540430
v 0.00000000 0.03202190 0.05540430
v 0.12401900 0.02148090 0.12477900
v 0.12401900 0.01585390 0.12009100
v 0.12401900 0.01119050 0.11327200
v 0.12401900 0.00780690 0.10478900
v 0.12351200 0.00520519 0.09541230
v 0.12401900 0.00593770 0.09521810
v 0.12401900 0.02769220 0.12702000
v 0.00671848 0.02725090 0.06322720
v 0.01350320 0.02029300 0.05547910
v 0.02180350 0.01221250 0.05501590
v 0.03185120 0.00544347 0.06138800
v 0.04365040 0.00176860 0.07231790
v 0.05697760 0.00182332 0.08463490
v 0.12401900 0.00571000 0.08521470
v 0.12351200 0.00496867 0.08510370
v 0.07137730 0.00500750 0.09546770
v 0.12250600 0.00520695 0.09541230
v 0.08616000 0.00981026 0.10334900
v 0.11298600 0.01137590 0.10222500
v 0.10041500 0.01451950 0.10895000
v 0.10776900 0.01499600 0.10832800
v 0.00671848 0.03156300 0.06298590
v 0.12351600 0.02174210 0.12368300
v 0.12351600 0.01628630 0.11913600
v 0.12351600 0.01176420 0.11252600
v 0.12351600 0.00848645 0.10430000
v 0.12351600 0.00667373 0.09502390
v 0.12351600 0.00645133 0.08532560
v 0.12351600 0.00783161 0.07586600
v 0.12401900 0.00713264 0.07545820
v 0.12351600 0.02776100 0.12585500
v 0.01350320 0.02611770 0.05266620
v 0.02180350 0.01839030 0.04893510
v 0.03185120 0.01080220 0.05233330
v 0.04365040 0.00545054 0.06139630
v 0.12351600 0.01072460 0.06729130
v 0.12401900 0.01011740 0.06661160
v 0.05697760 0.00347543 0.07331660
v 0.12351200 0.00643721 0.07504760
v 0.07137730 0.00476746 0.08507600
v 0.12250600 0.00496867 0.08510370
v 0.08616000 0.00810696 0.09464380
v 0.11298600 0.00980672 0.09419440
v 0.10041500 0.01173590 0.10196700
v 0.10776900 0.01229900 0.10156200
v 0.01350320 0.03220720 0.05232220
v 0.11729900 0.01806370 0.11520800
v 0.11729900 0.02281350 0.11916400
v 0.11729900 0.01413110 0.10945500
v 0.11729900 0.01127530 0.10229800
v 0.11729900 0.00969906 0.09422220
v 0.11729900 0.00950490 0.08578060
v 0.11729900 0.01070690 0.07754990
v 0.11729900 0.01322390 0.07008750
v 0.12351600 0.01492900 0.06018400
v 0.11729900 0.01688470 0.06390130
v 0.11729900 0.02805220 0.12105300
v 0.02180350 0.02535700 0.04557010
v 0.03185120 0.01746710 0.04576700
v 0.12351600 0.02016240 0.05503250
v 0.11729900 0.02143850 0.05941840
v 0.04365040 0.01080750 0.05234440
v 0.12401900 0.01445590 0.05928240
v 0.05697760 0.00693672 0.06305520
v 0.12351200 0.00951196 0.06593470
v 0.07137730 0.00624834 0.07493940
v 0.12250600 0.00643897 0.07505040
v 0.08616000 0.00789869 0.08554200
v 0.11298600 0.00961433 0.08579720
v 0.10041500 0.01019680 0.09408900
v 0.10776900 0.01080750 0.09392810
v 0.02180350 0.03264140 0.04515950
v 0.11729900 0.03081110 0.11495900
v 0.11729900 0.03009440 0.11499700
v 0.11729900 0.03194600 0.05663320
v 0.11729900 0.03158590 0.06259470
v 0.11729900 0.03718470 0.05852230
v 0.11729900 0.03586090 0.11336100
v 0.11729900 0.03285500 0.11481200
v 0.11729900 0.04068660 0.10916900
v 0.11729900 0.04677260 0.10759900
v 0.11729900 0.04147910 0.10782900
v 0.11729900 0.03697470 0.11282500
v 0.11729900 0.03855790 0.11826800
v 0.11729900 0.03342160 0.12074800
v 0.11729900 0.04568710 0.09814750
v 0.11729900 0.05049330 0.09190300
v 0.11729900 0.04572060 0.09804760
v 0.11729900 0.03278790 0.11484500
v 0.11729900 0.03168830 0.11490900
v 0.11729900 0.02607180 0.11424800
v 0.11729900 0.02677080 0.11450100
v 0.11729900 0.05029920 0.08346420
v 0.11729900 0.04872120 0.07538880
v 0.11729900 0.04596240 0.08148350
v 0.11729900 0.04928960 0.10013700
v 0.11729900 0.04311360 0.11378500
v 0.11729900 0.02657670 0.05693830
v 0.11729900 0.03630920 0.06451160
v 0.11729900 0.04193280 0.06247820
v 0.11729900 0.03972470 0.06735780
v 0.11729900 0.04050480 0.06849800
v 0.11729900 0.01329800 0.08634650
v 0.11729900 0.01354340 0.08466540
v 0.11729900 0.01474190 0.09980920
v 0.11729900 0.01347450 0.09333170
v 0.11729900 0.04586710 0.06823170
v 0.11729900 0.04382490 0.07428470
v 0.11729900 0.02947840 0.11503300
v 0.11729900 0.02892600 0.11506400
v 0.11729900 0.02841230 0.11509400
v 0.11729900 0.02521580 0.11394000
v 0.11729900 0.01427590 0.07963870
v 0.11729900 0.01520250 0.07689240
v 0.11729900 0.04366960 0.10413100
v 0.11729900 0.02737270 0.11471700
v 0.11729900 0.02790930 0.11491100
v 0.11729900 0.02414260 0.11355200
v 0.11729900 0.02408080 0.11349900
v 0.11729900 0.02130440 0.11118600
v 0.11729900 0.04670200 0.09133710
v 0.11729900 0.04666140 0.08960890
v 0.11729900 0.04654310 0.08445740
v 0.11729900 0.04525810 0.07787720
v 0.11729900 0.04293180 0.07204610
v 0.11729900 0.01816430 0.07045650
v 0.11729900 0.03585390 0.06413430
v 0.11729900 0.02671790 0.06308020
v 0.11729900 0.02211810 0.06575440
v 0.11729900 0.01644690 0.10408700
v 0.11729900 0.02720850 0.06284160
v 0.11729900 0.01931160 0.06851740
v 0.11729900 0.01632870 0.07355790
v 0.11729900 0.02302360 0.06486390
v 0.11729900 0.01345340 0.09322630
v 0.11729900 0.01706650 0.10563800
v 0.11729900 0.02027360 0.11032900
v 0.12351600 0.02606480 0.05218350
v 0.04365040 0.01747070 0.04578090
v 0.12401900 0.01985350 0.05396730
v 0.05697760 0.01196890 0.05455260
v 0.12351200 0.01398110 0.05838360
v 0.07137730 0.00934605 0.06575160
v 0.12250600 0.00951196 0.06593750
v 0.08616000 0.00919601 0.07666490
v 0.11298600 0.01080930 0.07761090
v 0.10041500 0.01000790 0.08585830
v 0.10776900 0.01062400 0.08594980
v 0.12351600 0.03223720 0.05183400
v 0.12401900 0.02594120 0.05102950
v 0.05697760 0.01822960 0.04838580
v 0.12351200 0.01954460 0.05290480
v 0.07137730 0.01385230 0.05813670
v 0.12250600 0.01398290 0.05838360
v 0.08616000 0.01191070 0.06861730
v 0.11298600 0.01331220 0.07018740
v 0.10041500 0.01118170 0.07782730
v 0.10776900 0.01176070 0.07816570
v 0.12401900 0.03230780 0.05066610
v 0.05697760 0.02529340 0.04497920
v 0.12351200 0.02581770 0.04987830
v 0.07137730 0.01945990 0.05261630
v 0.12250600 0.01954460 0.05290760
v 0.08616000 0.01585560 0.06194830
v 0.11298600 0.01695530 0.06403450
v 0.10041500 0.01363690 0.07054800
v 0.10776900 0.01414170 0.07111120
v 0.05697760 0.03267500 0.04456030
v 0.12351200 0.03237840 0.04950370
v 0.07137730 0.02578590 0.04956480
v 0.12250600 0.02581770 0.04987830
v 0.08616000 0.02076780 0.05711310
v 0.11298600 0.02148440 0.05957370
v 0.10041500 0.01720770 0.06451440
v 0.10776900 0.01760130 0.06526620
v 0.07137730 0.03239790 0.04918750
v 0.12250600 0.03237840 0.04950650
v 0.08616000 0.02631010 0.05443890
v 0.11298600 0.02659430 0.05710750
v 0.10041500 0.02164860 0.06013960
v 0.10776900 0.02190630 0.06102730
v 0.08616000 0.03209950 0.05411150
v 0.11298600 0.03193540 0.05680240
v 0.10041500 0.02665960 0.05772060
v 0.10776900 0.02676200 0.05868050
v 0.10041500 0.03190010 0.05742380
v 0.10776900 0.03184010 0.05839200
v 0.14456400 0.03018450 0.08578060
v 0.14638000 0.02897710 0.07931700
v 0.14638000 0.03058160 0.07922540
v 0.14456400 0.02967430 0.08581110
v 0.14638000 0.02744150 0.08005760
v 0.14456400 0.02918540 0.08604690
v 0.14697000 0.03062750 0.07843760
v 0.14697000 0.02889420 0.07853740
v 0.14638000 0.02608240 0.08139480
v 0.14456400 0.02875300 0.08647140
v 0.14697000 0.02723500 0.07933910
v 0.14780400 0.03062750 0.07843760
v 0.14780400 0.02889420 0.07853740
v 0.14638000 0.02498990 0.08324230
v 0.14456400 0.02840350 0.08706220
v 0.14697000 0.02576300 0.08078720
v 0.14780400 0.02723500 0.07933910
v 0.14839600 0.02897710 0.07931700
v 0.14839600 0.03058160 0.07922540
v 0.14638000 0.02423790 0.08546990
v 0.14456400 0.02816520 0.08776960
v 0.14697000 0.02458040 0.08278460
v 0.14780400 0.02576300 0.08078720
v 0.14839600 0.02744150 0.08005760
v 0.14954100 0.03031510 0.08360290
v 0.14954100 0.02944310 0.08365290
v 0.14638000 0.02387790 0.08793050
v 0.14456400 0.02805220 0.08855470
v 0.14697000 0.02376670 0.08519530
v 0.14780400 0.02458040 0.08278460
v 0.14839600 0.02608240 0.08139480
v 0.14954100 0.02860650 0.08405510
v 0.14999900 0.02999910 0.08884320
v 0.14638000 0.02393610 0.09044940
v 0.14456400 0.02806990 0.08935360
v 0.14697000 0.02338010 0.08785290
v 0.14780400 0.02376670 0.08519530
v 0.14839600 0.02498990 0.08324230
v 0.14954100 0.02786520 0.08478470
v 0.14456400 0.02821990 0.09012210
v 0.14638000 0.02440910 0.09286010
v 0.14697000 0.02344190 0.09058260
v 0.14780400 0.02338010 0.08785290
v 0.14839600 0.02423790 0.08546990
v 0.14954100 0.02726860 0.08579170
v 0.14456400 0.02849180 0.09080170
v 0.14638000 0.02525990 0.09499890
v 0.14697000 0.02395020 0.09319020
v 0.14780400 0.02344190 0.09058260
v 0.14839600 0.02387790 0.08793050
v 0.14954100 0.02686080 0.08700400
v 0.14456400 0.02886420 0.09134820
v 0.14638000 0.02643540 0.09671610
v 0.14697000 0.02487340 0.09550100
v 0.14780400 0.02395020 0.09319020
v 0.14839600 0.02393610 0.09044940
v 0.14954100 0.02666490 0.08834390
v 0.14456400 0.02931600 0.09172270
v 0.14638000 0.02785280 0.09790060
v 0.14697000 0.02614420 0.09735970
v 0.14780400 0.02487340 0.09550100
v 0.14839600 0.02440910 0.09286010
v 0.14954100 0.02669670 0.08971980
v 0.14456400 0.02981380 0.09190300
v 0.14638000 0.02941660 0.09846100
v 0.14697000 0.02767810 0.09863580
v 0.14780400 0.02614420 0.09735970
v 0.14839600 0.02525990 0.09499890
v 0.14954100 0.02695260 0.09103200
v 0.14697000 0.02936900 0.09924880
v 0.14780400 0.02767810 0.09863580
v 0.14839600 0.02643540 0.09671610
v 0.14954100 0.02741680 0.09219710
v 0.14780400 0.02936900 0.09924880
v 0.14839600 0.02785280 0.09790060
v 0.14954100 0.02805750 0.09313200
v 0.14839600 0.02941660 0.09846100
v 0.14954100 0.02882890 0.09377830
v 0.14954100 0.02968320 0.09408350
v 0.12547500 0.02737450 0.06438680
v 0.12547500 0.03149240 0.06414820
v 0.12547500 0.02343660 0.06628430
v 0.13294300 0.02787570 0.06904170
v 0.13294300 0.03120820 0.06885310
v 0.12547500 0.01994530 0.06972140
v 0.13294300 0.02468800 0.07058130
v 0.13903800 0.02866470 0.07640420
v 0.13903800 0.03075810 0.07628490
v 0.14322000 0.03018450 0.08578060
v 0.14322000 0.02967430 0.08581110
v 0.12547500 0.01713880 0.07446230
v 0.13294300 0.02185860 0.07336370
v 0.13903800 0.02666140 0.07736950
v 0.14322000 0.02918540 0.08604690
v 0.12547500 0.01520960 0.08018520
v 0.13294300 0.01958870 0.07720030
v 0.13903800 0.02488570 0.07912000
v 0.14322000 0.02875300 0.08647140
v 0.12547500 0.01428650 0.08649630
v 0.13294300 0.01802670 0.08183310
v 0.13903800 0.02345780 0.08152790
v 0.14322000 0.02840350 0.08706220
v 0.12547500 0.02850590 0.11353500
v 0.12547500 0.02449030 0.11208700
v 0.12547500 0.01443650 0.09296550
v 0.13294300 0.01728000 0.08694290
v 0.13903800 0.02247640 0.08444070
v 0.14322000 0.02816520 0.08776960
v 0.12547500 0.02085080 0.10905500
v 0.13294300 0.02553880 0.10766300
v 0.13294300 0.02879000 0.10883300
v 0.12547500 0.01564560 0.09915730
v 0.13294300 0.01740010 0.09218320
v 0.13903800 0.02200870 0.08765030
v 0.14322000 0.02805220 0.08855470
v 0.12547500 0.01783250 0.10464400
v 0.13294300 0.02259290 0.10520500
v 0.13903800 0.02719620 0.10066600
v 0.13903800 0.02923840 0.10140400
v 0.14322000 0.02931600 0.09172270
v 0.14322000 0.02981380 0.09190300
v 0.13294300 0.01838140 0.09719320
v 0.13903800 0.02208280 0.09094040
v 0.14322000 0.02806990 0.08935360
v 0.13294300 0.02015000 0.10163500
v 0.13903800 0.02534460 0.09912120
v 0.14322000 0.02886420 0.09134820
v 0.13903800 0.02269880 0.09408900
v 0.14322000 0.02821990 0.09012210
v 0.13903800 0.02381260 0.09687980
v 0.14322000 0.02849180 0.09080170
v 0.00099794 0.03355220 0.12196300
v 0.00000000 0.03355220 0.12196300
v 0.00099794 0.03888620 0.11938900
v 0.00000000 0.03888620 0.11938900
v 0.00671848 0.03274730 0.11445900
v 0.00099794 0.04361310 0.11473700
v 0.00000000 0.04361310 0.11473700
v 0.00671848 0.03687050 0.11246700
v 0.01350320 0.03388050 0.12502000
v 0.00000000 0.04741330 0.10831500
v 0.00099794 0.04741330 0.10831500
v 0.00671848 0.04052780 0.10886700
v 0.01350320 0.03970520 0.12220700
v 0.02180350 0.03464130 0.13211600
v 0.00000000 0.05002560 0.10056900
v 0.00099794 0.05002560 0.10056900
v 0.00671848 0.04346480 0.10390100
v 0.01350320 0.04486810 0.11712200
v 0.02180350 0.04160800 0.12875100
v 0.03185120 0.03500840 0.13554500
v 0.00000000 0.05127350 0.09201950
v 0.00099794 0.05127350 0.09201950
v 0.00671848 0.04548760 0.09791170
v 0.01350320 0.04901950 0.11010900
v 0.02180350 0.04778570 0.12267100
v 0.03185120 0.04252930 0.13191700
v 0.03989880 0.03250730 0.13567800
v 0.04365040 0.03500660 0.13553100
v 0.04263180 0.03250380 0.13567500
v 0.03956340 0.02857820 0.13590300
v 0.00000000 0.05107410 0.08325890
v 0.00099794 0.05107410 0.08325890
v 0.00671848 0.04645310 0.09130110
v 0.01350320 0.05187190 0.10164800
v 0.02180350 0.05275090 0.11428200
v 0.03185120 0.04919600 0.12535000
v 0.04365040 0.04252580 0.13190500
v 0.05697760 0.03470480 0.13270700
v 0.04656140 0.02879890 0.13526500
v 0.00000000 0.04943610 0.07487840
v 0.00099794 0.04943610 0.07487840
v 0.00671848 0.04629600 0.08452390
v 0.01350320 0.05323630 0.09231360
v 0.02180350 0.05616450 0.10416200
v 0.03185120 0.05455480 0.11629800
v 0.04365040 0.04919070 0.12533900
v 0.05697760 0.04176860 0.12929800
v 0.07137730 0.03421230 0.12812400
v 0.00000000 0.04647250 0.06744660
v 0.00099794 0.04647250 0.06744660
v 0.00671848 0.04502870 0.07804090
v 0.01350320 0.05301560 0.08274300
v 0.02180350 0.05779540 0.09299600
v 0.03185120 0.05823850 0.10537700
v 0.04365040 0.05454770 0.11629000
v 0.05697760 0.04802930 0.12313400
v 0.07137730 0.04053660 0.12507000
v 0.08616000 0.03368990 0.12324800
v 0.12250600 0.03417880 0.12780800
v 0.11298600 0.03340390 0.12057900
v 0.00000000 0.04238810 0.06147400
v 0.00099794 0.04238810 0.06147400
v 0.00671848 0.04273940 0.07229570
v 0.01350320 0.05122760 0.07358840
v 0.02180350 0.05753070 0.08154730
v 0.03185120 0.05999820 0.09332340
v 0.04365040 0.05823140 0.10537100
v 0.05697760 0.05306150 0.11463100
v 0.07137730 0.04614420 0.11955000
v 0.08616000 0.03923040 0.12057300
v 0.12250600 0.04045360 0.12477900
v 0.11298600 0.03851380 0.11811300
v 0.10041500 0.03333860 0.11996300
v 0.10776900 0.03323450 0.11900300
v 0.12351200 0.04045360 0.12478200
v 0.12351200 0.03418060 0.12780800
v 0.12351200 0.04601710 0.11930300
v 0.12250600 0.04601540 0.11930300
v 0.00000000 0.03745830 0.05736550
v 0.00099794 0.03745830 0.05736550
v 0.00671848 0.03957990 0.06767680
v 0.01350320 0.04799220 0.06547140
v 0.02180350 0.05539140 0.07059520
v 0.03185120 0.05971580 0.08096750
v 0.04365040 0.05998940 0.09332340
v 0.05697760 0.05652110 0.10437000
v 0.07137730 0.05065220 0.11193500
v 0.12250600 0.05048630 0.11174900
v 0.12351200 0.05048630 0.11174900
v 0.08616000 0.04413910 0.11573500
v 0.11298600 0.04304300 0.11365200
v 0.10041500 0.03834970 0.11754700
v 0.10776900 0.03809200 0.11665900
v 0.12401900 0.04014470 0.12371900
v 0.12401900 0.03405520 0.12665700
v 0.12401900 0.04554230 0.11840400
v 0.12401900 0.04988090 0.11107200
v 0.12401900 0.05286380 0.10222800
v 0.12351200 0.05356100 0.10263600
v 0.00671848 0.03576910 0.06450050
v 0.01350320 0.04353010 0.05894950
v 0.02180350 0.05152060 0.06088860
v 0.03185120 0.05740530 0.06914990
v 0.04365040 0.05970520 0.08097030
v 0.05697760 0.05817490 0.09305150
v 0.12351200 0.05502960 0.09258270
v 0.12401900 0.05428820 0.09247170
v 0.07137730 0.05374990 0.10274700
v 0.12250600 0.05355930 0.10263600
v 0.08616000 0.04808760 0.10906900
v 0.11298600 0.04668430 0.10749900
v 0.10041500 0.04279230 0.11317200
v 0.10776900 0.04239700 0.11242000
v 0.12351600 0.03983580 0.12265400
v 0.12351600 0.03393170 0.12550300
v 0.12351600 0.04506750 0.11750000
v 0.12351600 0.04927370 0.11039500
v 0.12351600 0.05216660 0.10182000
v 0.12351600 0.05354870 0.09236080
v 0.12401900 0.05405880 0.08246560
v 0.12351600 0.05332450 0.08266250
v 0.01350320 0.03814670 0.05446380
v 0.02180350 0.04618480 0.05308790
v 0.03185120 0.05322920 0.05867210
v 0.04365040 0.05739650 0.06915540
v 0.12401900 0.05218960 0.07289770
v 0.12351600 0.05151180 0.07338590
v 0.05697760 0.05790840 0.08144750
v 0.12351200 0.05479300 0.08227410
v 0.07137730 0.05523080 0.09261320
v 0.12250600 0.05502960 0.09258270
v 0.08616000 0.05080220 0.10102100
v 0.11298600 0.04918890 0.10007800
v 0.10041500 0.04636130 0.10713800
v 0.10776900 0.04585830 0.10657500
v 0.12351600 0.04823230 0.06516070
v 0.02180350 0.03974410 0.04772280
v 0.03185120 0.04746800 0.05025000
v 0.12351600 0.04371190 0.05855010
v 0.04365040 0.05322210 0.05868050
v 0.12401900 0.04880590 0.06441450
v 0.05697760 0.05573910 0.07034550
v 0.12351200 0.05286560 0.07241220
v 0.07137730 0.05499070 0.08221870
v 0.12250600 0.05479130 0.08227410
v 0.08616000 0.05209950 0.09214440
v 0.11298600 0.05038390 0.09188920
v 0.10041500 0.04881650 0.09985910
v 0.10776900 0.04823760 0.09952070
v 0.03185120 0.04051720 0.04445770
v 0.12351600 0.03825610 0.05400330
v 0.04365040 0.04746450 0.05026380
v 0.12401900 0.04414260 0.05759580
v 0.05697760 0.05181540 0.06050580
v 0.12351200 0.04938130 0.06367110
v 0.07137730 0.05304920 0.07227910
v 0.12250600 0.05286560 0.07241220
v 0.08616000 0.05188950 0.08304260
v 0.11298600 0.05019150 0.08349200
v 0.10041500 0.04999030 0.09182810
v 0.10776900 0.04937250 0.09173660
v 0.04365040 0.04051540 0.04447430
v 0.12401900 0.03851560 0.05290760
v 0.05697760 0.04640540 0.05259690
v 0.12351200 0.04457510 0.05664430
v 0.07137730 0.04953490 0.06346850
v 0.12250600 0.04937960 0.06367110
v 0.08616000 0.05018800 0.07433750
v 0.11298600 0.04862240 0.07546100
v 0.10041500 0.04980140 0.08359460
v 0.10776900 0.04918890 0.08375830
v 0.05697760 0.03987820 0.04715690
v 0.12351200 0.03877500 0.05181180
v 0.07137730 0.04469160 0.05638630
v 0.12250600 0.04457510 0.05664430
v 0.08616000 0.04711150 0.06661710
v 0.11298600 0.04578410 0.06833990
v 0.10041500 0.04826230 0.07571900
v 0.10776900 0.04769920 0.07612400
v 0.07137730 0.03884560 0.05151500
v 0.12250600 0.03877500 0.05181180
v 0.08616000 0.04286650 0.06041430
v 0.11298600 0.04187100 0.06261970
v 0.10041500 0.04547880 0.06873930
v 0.10776900 0.04500220 0.06935790
v 0.08616000 0.03774780 0.05614770
v 0.11298600 0.03714760 0.05868320
v 0.10041500 0.04163980 0.06312460
v 0.10776900 0.04128140 0.06392070
v 0.10041500 0.03700820 0.05926580
v 0.10776900 0.03679110 0.06018120
v 0.14456400 0.03068220 0.08596090
v 0.14638000 0.03214540 0.07978860
v 0.14456400 0.03113410 0.08633820
v 0.14638000 0.03356280 0.08097030
v 0.14697000 0.03232020 0.07905060
v 0.14456400 0.03150650 0.08688470
v 0.14638000 0.03473830 0.08268750
v 0.14697000 0.03385400 0.08032670
v 0.14780400 0.03232020 0.07905060
v 0.14456400 0.03177830 0.08756430
v 0.14638000 0.03558910 0.08482350
v 0.14697000 0.03512490 0.08218540
v 0.14780400 0.03385400 0.08032670
v 0.14839600 0.03214540 0.07978860
v 0.14456400 0.03192830 0.08833000
v 0.14638000 0.03606210 0.08723700
v 0.14697000 0.03604800 0.08449900
v 0.14780400 0.03512490 0.08218540
v 0.14839600 0.03356280 0.08097030
v 0.14954100 0.03116760 0.08390810
v 0.14456400 0.03194600 0.08913450
v 0.14638000 0.03612040 0.08975590
v 0.14697000 0.03655640 0.08710380
v 0.14780400 0.03604800 0.08449900
v 0.14839600 0.03473830 0.08268750
v 0.14954100 0.03194070 0.08455170
v 0.14456400 0.03183130 0.08991680
v 0.14638000 0.03576030 0.09221370
v 0.14697000 0.03661810 0.08983080
v 0.14780400 0.03655640 0.08710380
v 0.14839600 0.03558910 0.08482350
v 0.14954100 0.03258140 0.08548930
v 0.14638000 0.03500840 0.09444410
v 0.14456400 0.03159300 0.09062420
v 0.14697000 0.03623160 0.09249120
v 0.14780400 0.03661810 0.08983080
v 0.14839600 0.03606210 0.08723700
v 0.14954100 0.03304560 0.08665440
v 0.14638000 0.03391400 0.09629160
v 0.14456400 0.03124530 0.09121500
v 0.14697000 0.03541790 0.09490180
v 0.14780400 0.03623160 0.09249120
v 0.14839600 0.03612040 0.08975590
v 0.14954100 0.03330160 0.08796660
v 0.14638000 0.03255490 0.09763150
v 0.14456400 0.03081280 0.09163950
v 0.14697000 0.03423530 0.09689920
v 0.14780400 0.03541790 0.09490180
v 0.14839600 0.03576030 0.09221370
v 0.14954100 0.03333330 0.08934250
v 0.14638000 0.03102110 0.09837220
v 0.14456400 0.03032390 0.09187530
v 0.14697000 0.03276500 0.09834730
v 0.14780400 0.03423530 0.09689920
v 0.14839600 0.03500840 0.09444410
v 0.14954100 0.03313740 0.09067960
v 0.14697000 0.03110400 0.09914900
v 0.14780400 0.03276500 0.09834730
v 0.14839600 0.03391400 0.09629160
v 0.14954100 0.03272790 0.09189470
v 0.14780400 0.03110400 0.09914900
v 0.14839600 0.03255490 0.09763150
v 0.14954100 0.03213310 0.09290170
v 0.14839600 0.03102110 0.09837220
v 0.14954100 0.03139180 0.09363130
v 0.14954100 0.03055510 0.09403350
v 0.12547500 0.03550790 0.06559910
v 0.12547500 0.03914750 0.06863390
v 0.13294300 0.03445770 0.07002370
v 0.12547500 0.04216400 0.07304200
v 0.13294300 0.03740530 0.07247880
v 0.13903800 0.03280200 0.07702000
v 0.14322000 0.03068220 0.08596090
v 0.12547500 0.04435270 0.07852910
v 0.13294300 0.03984820 0.07605180
v 0.13903800 0.03465180 0.07856520
v 0.14322000 0.03113410 0.08633820
v 0.12547500 0.04556170 0.08472090
v 0.13294300 0.04161860 0.08049320
v 0.13903800 0.03618750 0.08080660
v 0.14322000 0.03150650 0.08688470
v 0.12547500 0.04571000 0.09119010
v 0.13294300 0.04259820 0.08550320
v 0.13903800 0.03729940 0.08359740
v 0.14322000 0.03177830 0.08756430
v 0.12547500 0.03262380 0.11330200
v 0.12547500 0.04478860 0.09750120
v 0.13294300 0.04271820 0.09074350
v 0.13903800 0.03791550 0.08674600
v 0.14322000 0.03192830 0.08833000
v 0.12547500 0.03656160 0.11140200
v 0.13294300 0.03212250 0.10864500
v 0.12547500 0.04285940 0.10322400
v 0.13294300 0.04197160 0.09585330
v 0.13903800 0.03799130 0.09003610
v 0.14322000 0.03194600 0.08913450
v 0.12547500 0.04005290 0.10796200
v 0.13294300 0.03531200 0.10710500
v 0.13903800 0.03133350 0.10128200
v 0.14322000 0.03032390 0.09187530
v 0.13294300 0.04040950 0.10048300
v 0.13903800 0.03752010 0.09324570
v 0.14322000 0.03183130 0.08991680
v 0.13294300 0.03813780 0.10432300
v 0.13903800 0.03333860 0.10031700
v 0.14322000 0.03081280 0.09163950
v 0.13903800 0.03654050 0.09615570
v 0.14322000 0.03159300 0.09062420
v 0.13903800 0.03511250 0.09856920
v 0.14322000 0.03124530 0.09121500
vn 0.16217373 0.72232665 0.67226772
vn 0.06422754 0.79323343 0.60552089
vn 0.27251157 0.92596987 0.26137566
vn 0.48527251 0.50677208 0.71252554
vn 0.52596075 0.84559815 0.09126363
vn 0.42657243 0.66074539 0.61761759
vn 0.61675548 0.62978872 0.47220636
vn 0.63814526 0.21923898 0.73804126
vn 0.66331362 0.34149716 0.66587892
vn 0.63850267 0.23218331 0.73376103
vn -0.13196193 0.81414038 0.56547458
vn -0.04856190 0.99505045 0.08669686
vn -0.01178878 0.78629066 0.61774430
vn 0.04706713 0.80158892 0.59602004
vn 0.37695662 0.71144735 0.59308209
vn 0.80256990 0.00000291 0.59655809
vn 0.56602967 0.04509683 0.82315046
vn -0.22379897 0.82209490 0.52352077
vn -0.23179885 0.83705546 0.49558799
vn 0.14691849 0.92071357 0.36152660
vn 0.38713218 0.62479126 0.67805941
vn -0.23271874 0.83312266 0.50174558
vn -0.08656755 0.99198341 0.09205961
vn 0.51647335 0.00000398 0.85630326
vn -0.43316040 0.80459379 0.40620303
vn -0.44547203 0.79347984 0.41466181
vn -0.33371839 0.92911065 -0.15932810
vn -0.29795283 0.80542509 0.51236172
vn -0.00195108 0.92619811 0.37703216
vn 0.13011151 0.64442170 0.75351952
vn -0.85189735 0.05536483 0.52077408
vn -0.80339806 -0.00000351 -0.59544232
vn -0.83315771 0.33708058 0.43843462
vn -0.48542643 0.77559861 0.40349470
vn -0.64855755 0.49561598 0.57770054
vn -0.62487593 0.64946113 -0.43327857
vn -0.12518560 0.99013688 0.06290891
vn 0.20658868 -0.00000096 0.97842788
vn -0.83586304 0.33043018 0.43834788
vn -0.26972655 0.93183810 -0.24274542
vn -0.05883821 0.92602426 0.37285001
vn -0.04164345 0.63580824 0.77072285
vn -0.46367816 0.65786824 -0.59347447
vn -0.09689773 0.99508768 0.02028140
vn -0.03703479 -0.00010585 0.99931397
vn -0.59236723 -0.00000428 -0.80566808
vn -0.16783734 0.93020844 -0.32640908
vn -0.07190675 0.93102922 0.35779045
vn -0.08583929 0.64407225 0.76013324
vn -0.09775655 -0.00013504 0.99521035
vn -0.28070046 0.64494740 -0.71080947
vn -0.07012545 0.99753726 0.00135669
vn -0.35817473 -0.00010910 -0.93365457
vn -0.08079696 0.93132524 -0.35511286
vn 0.00021460 0.93567106 0.35287339
vn 0.01875295 0.65165475 0.75828386
vn 0.02893546 0.00017632 0.99958127
vn -0.12253699 -0.00013596 -0.99246394
vn -0.10463328 0.64530981 -0.75672130
vn -0.01899969 0.99980683 -0.00503127
vn 0.17764903 0.65522935 0.73424473
vn 0.08102565 0.93768748 0.33790093
vn 0.23654875 0.00017737 0.97161961
vn -0.04166347 0.93093369 -0.36280382
vn -0.07007658 0.64127141 -0.76410748
vn -0.00458037 0.99990484 -0.01301298
vn 0.40763805 0.64700759 0.64436977
vn -0.08719274 0.00017146 -0.99619145
vn -0.09153849 0.92678295 -0.36427198
vn -0.18690035 0.63154774 -0.75247306
vn 0.18727728 0.93571835 0.29892874
vn 0.53702084 0.00017384 0.84356896
vn -0.23856004 0.00016692 -0.97112774
vn -0.22228836 0.91680657 -0.33174328
vn -0.01638722 0.99972036 -0.01704896
vn 0.70168520 0.59138068 0.39737486
vn -0.43364719 0.60932075 -0.66383608
vn 0.33571335 0.91973185 0.20344499
vn 0.87329804 0.00015008 0.48718633
vn -0.54018115 0.00015814 -0.84154875
vn -0.38621219 0.89334741 -0.22971843
vn -0.04082551 0.99913283 -0.00817688
vn -0.10706165 0.67489370 0.73010705
vn 0.14146441 0.48536670 0.86279023
vn 0.14528138 0.31627207 0.93747816
vn 0.28292917 -0.00000000 0.95914081
vn -0.87642771 0.43506683 -0.20637664
vn -0.30354581 0.37980578 -0.87384639
vn -0.83109170 0.52698803 -0.17768005
vn -0.94333037 -0.00000001 -0.33185510
vn -0.41646789 0.84712303 0.33005617
vn -0.60491580 0.77491771 0.18324689
vn -0.39890302 0.75872914 0.51498201
vn -0.92146066 0.24782691 0.29915226
vn -0.88934755 0.40152760 0.21871562
vn -0.39890302 -0.75872914 0.51498201
vn -0.88998001 -0.39955121 0.21975991
vn -0.92149933 -0.24778082 0.29907132
vn -0.95428324 -0.00000385 0.29890382
vn -0.98204721 -0.00000063 0.18863532
vn -0.87715907 -0.40729282 0.25437084
vn 0.16104493 -0.48055715 0.86204951
vn -0.19199737 -0.00000033 0.98139544
vn 0.31360990 0.00000000 0.94955191
vn -0.37026406 -0.67585743 0.63727644
vn -0.76943563 0.63839780 -0.02042208
vn -0.78565629 0.61865626 -0.00293743
vn -0.37533794 -0.80847657 0.45330681
vn -0.37527995 0.80847880 0.45335085
vn -0.87652600 -0.43445049 -0.20725574
vn -0.83722311 -0.51983763 -0.16978313
vn -0.63302615 0.77390685 0.01860304
vn -0.77378600 0.63225315 -0.03887383
vn -0.65312210 0.75078124 0.09878784
vn -0.65184472 -0.75192204 0.09854800
vn -0.60464350 -0.77514005 0.18320520
vn -0.79664973 0.60403951 0.02203350
vn -0.79881341 -0.60116519 0.02230569
vn -0.89802398 -0.43957486 0.01807948
vn -0.41646965 -0.84713191 0.33003114
vn -0.66375304 -0.64096605 0.38547946
vn -0.13895843 -0.71237929 0.68789993
vn -0.41931193 -0.73958692 0.52648712
vn -0.64016849 -0.75353082 0.14958481
vn -0.76945231 -0.63836976 -0.02066857
vn -0.63220447 -0.76929926 0.09217453
vn -0.63216082 0.76933458 0.09217914
vn -0.78565628 -0.61865627 -0.00293744
vn -0.77265908 -0.63366314 -0.03832718
vn -0.63339276 -0.77361064 0.01844413
vn -0.78128710 -0.62316003 -0.03552528
vn 0.30996375 0.86301825 -0.39890095
vn 0.87388332 -0.00000000 -0.48613572
vn 0.57711497 -0.00000000 -0.81666291
vn 0.46319821 0.85418941 -0.23623691
vn 0.97626823 -0.00000000 -0.21656485
vn 0.50128475 0.85868656 -0.10663487
vn 0.95291004 -0.00002623 0.30325311
vn 0.08269570 0.46584473 -0.88099382
vn 0.48760980 0.30530733 -0.81793894
vn -0.99506075 0.00013565 0.09926773
vn -0.20233779 0.84907915 -0.48797952
vn -0.31722978 -0.00000000 -0.94834870
vn -0.30396342 0.31963767 -0.89746198
vn -0.32388782 0.29029075 -0.90045986
vn -0.01477940 0.42177492 -0.90658011
vn -0.07947037 -0.00000000 -0.99683723
vn -0.02104511 0.95186677 -0.30578875
vn -0.81090045 -0.00000000 -0.58518413
vn -0.28213345 0.93029483 -0.23441896
vn -0.41175309 0.91120489 -0.01284650
vn -0.99963663 -0.00000000 -0.02695554
vn -0.30423043 0.92750791 0.21719327
vn -0.84960321 -0.00000000 0.52742240
vn -0.16075800 0.91837936 0.36157464
vn -0.42105998 -0.00000000 0.90703280
vn 0.76496882 0.63545041 -0.10500227
vn 0.92911328 -0.00000000 -0.36979522
vn -0.15937792 0.68372585 -0.71212192
vn 0.43849714 0.87638790 0.19915950
vn 0.46547160 0.61470068 0.63677254
vn 0.21147458 0.68771170 -0.69450062
vn -0.09702555 0.68554397 -0.72153691
vn -0.10287591 0.69371492 -0.71286475
vn -0.08862045 0.69224694 -0.71619871
vn -0.09368487 0.68108192 -0.72618906
vn 0.22504727 0.28437398 -0.93192551
vn -0.07904966 0.66507576 -0.74258022
vn 0.06588596 0.64542618 -0.76097574
vn -0.09323024 0.68515352 -0.72240763
vn -0.05651897 0.70836211 -0.70358278
vn 0.43277227 -0.00000000 0.90150328
vn -0.09475442 0.00003399 0.99550068
vn -0.16418771 0.82187070 0.54550065
vn -0.27914767 -0.00000000 0.96024819
vn -0.07133527 0.84124203 0.53593201
vn -0.51876387 -0.00000000 0.85491757
vn -0.30503027 0.81865167 0.48658604
vn -0.66845883 -0.00000000 0.74374914
vn -0.38222381 0.82379347 0.41865173
vn -0.29313991 0.85396425 0.42990004
vn -0.34598104 -0.00000000 0.93824151
vn -0.57400890 -0.00000000 0.81884906
vn -0.16715284 0.86640896 0.47052677
vn -0.00272669 -0.00000000 0.99999628
vn -0.00126617 0.87522859 0.48370787
vn 0.18174774 0.87423966 0.45019193
vn 0.39060742 -0.00000000 0.92055735
vn 0.34918676 0.86347480 0.36397785
vn 0.70985301 -0.00000000 0.70434984
vn 0.46939688 0.85058501 0.23700570
vn 0.90083758 -0.00000000 0.43415625
vn 0.53121981 0.84218321 0.09237404
vn 0.98644269 -0.00000000 0.16410610
vn 0.99485565 -0.00000000 -0.10130273
vn 0.53690607 0.84170596 -0.05712228
vn 0.92609135 -0.00000000 -0.37729938
vn 0.48504229 0.84955349 -0.20734715
vn 0.74224143 -0.00000000 -0.67013257
vn 0.36291624 0.86531661 -0.34571515
vn 0.17137200 0.88133701 -0.44031434
vn 0.38179933 -0.00000000 -0.92424524
vn -0.12493747 -0.00000000 -0.99216462
vn -0.05480003 0.88525200 -0.46187212
vn -0.59678101 -0.00000000 -0.80240415
vn -0.27410862 0.87786546 -0.39270435
vn -0.99488039 -0.00000000 0.10105939
vn -0.25169236 0.96733684 0.03017265
vn -0.81374737 -0.00000000 0.58121873
vn -0.52365322 0.78049095 0.34149843
vn -0.99998177 -0.00000000 0.00603855
vn -0.62780588 0.77836223 0.00346630
vn -0.82211190 -0.00000000 -0.56932593
vn -0.52842627 0.78045278 -0.33415435
vn -0.16190350 -0.00000000 -0.98680660
vn -0.11135226 0.78292034 -0.61207549
vn 0.62827961 -0.00000000 -0.77798762
vn 0.41368432 0.78255189 -0.46527177
vn 0.98188770 -0.00000000 -0.18946385
vn 0.62241548 0.77499923 -0.10943114
vn 0.57296804 0.81644503 0.07158998
vn 0.99229966 -0.00000000 0.12386037
vn 0.57207533 0.81709323 0.07133350
vn 0.57636262 0.78096947 0.24060927
vn 0.42672673 0.82914934 0.36113110
vn 0.57266342 -0.00000000 0.81979059
vn 0.35750422 0.80032949 0.48131429
vn 0.07338441 0.80765932 0.58506508
vn 0.11713514 -0.00000000 0.99311598
vn -0.36277738 -0.00000000 0.93187584
vn -0.22608980 0.80576078 0.54738740
vn -0.72399483 -0.00000000 0.68980539
vn -0.44471382 0.80059679 0.40158985
vn -0.91950164 -0.00000000 0.39308616
vn -0.55973732 0.79668814 0.22799593
vn -0.99438505 -0.00000000 0.10582239
vn -0.60345414 0.79503482 0.06134122
vn -0.99678835 -0.00000000 -0.08008117
vn -0.58696715 0.80828095 -0.04638394
vn -0.53657412 0.84376640 0.01210242
vn -0.99977200 -0.00000000 0.02135300
vn -0.84053620 -0.00000000 -0.54175538
vn -0.56321107 0.76455559 -0.31344544
vn -0.46167309 -0.00000000 -0.88705015
vn -0.22173642 0.86767489 -0.44494184
vn -0.57782946 -0.00000000 -0.81615753
vn -0.32127470 0.83267473 -0.45103809
vn -0.37422300 -0.00000000 -0.92733874
vn -0.22809086 0.81146758 -0.53804732
vn 0.00221639 -0.00000000 -0.99999754
vn 0.00131209 0.81633054 -0.57758352
vn 0.33473767 -0.00000000 -0.94231136
vn 0.19852582 0.81909788 -0.53820644
vn 0.32836424 0.82025069 -0.46836496
vn 0.56350007 -0.00000000 -0.82611601
vn 0.39464023 0.82344063 -0.40768201
vn 0.69009571 -0.00000000 -0.72371812
vn 0.39892225 0.83334918 -0.38260971
vn 0.72298770 -0.00000000 -0.69086090
vn 0.35983941 0.84279192 -0.40027164
vn 0.67424006 -0.00000000 -0.73851224
vn 0.26576603 0.85877671 -0.43803079
vn 0.53107118 -0.00000000 -0.84732721
vn 0.14019860 0.86488606 -0.48199218
vn 0.28818547 -0.00000000 -0.95757461
vn 0.00546547 -0.00000000 -0.99998506
vn 0.00262626 0.86723444 -0.49789310
vn 0.36881973 -0.00000000 -0.92950094
vn 0.25658895 0.77630777 -0.57576762
vn 0.93574858 -0.00000000 -0.35266782
vn 0.59360489 0.77828053 -0.20472582
vn 0.82690586 0.00016207 0.56234036
vn 0.67792144 0.29034320 -0.67536904
vn 0.63084190 0.06789639 -0.77293504
vn 0.23755133 0.58878522 -0.77259390
vn -0.14759490 0.81292409 -0.56335617
vn -0.40860270 0.91265385 -0.01033329
vn -0.73170816 0.66493401 -0.14988640
vn -0.72173656 -0.00000000 0.69216786
vn -0.40428077 0.82907834 0.38624626
vn -0.37258872 0.84168791 0.39081850
vn -0.69552292 -0.00000000 0.71850391
vn -0.05493962 0.83622399 -0.54562907
vn 0.00000000 0.81832442 -0.57475659
vn -0.10583319 0.83235202 -0.54404913
vn -0.13748713 0.80465293 -0.57760796
vn -0.00040316 0.81818953 -0.57494846
vn 0.17135351 -0.68262633 0.71039374
vn 0.27249488 -0.92596414 0.26141337
vn 0.06643802 -0.76130727 0.64497847
vn 0.50345061 -0.44661223 0.73964519
vn 0.43899788 -0.62243919 0.64795858
vn 0.44575152 -0.59987017 0.66442559
vn 0.61669942 -0.62985563 0.47219033
vn 0.66694876 -0.30188988 0.68120617
vn 0.64569790 -0.17835924 0.74247034
vn -0.11919849 -0.79510802 0.59463851
vn -0.01193666 -0.75720791 0.65306485
vn -0.04855128 -0.99504515 0.08676359
vn -0.13830453 -0.78208078 0.60763601
vn 0.38408728 -0.67750264 0.62726959
vn -0.23214919 -0.79243519 0.56405073
vn -0.24230860 -0.81331751 0.52896235
vn 0.14695779 -0.92071558 0.36150551
vn 0.38713933 -0.62480594 0.67804180
vn -0.23695777 -0.73855920 0.63117456
vn -0.08656598 -0.99198455 0.09204878
vn -0.45229880 -0.77157849 0.44731693
vn -0.33367202 -0.92912507 -0.15934108
vn -0.46503852 -0.76000884 0.45401073
vn -0.31533013 -0.77360379 0.54963996
vn -0.00197032 -0.92618985 0.37705236
vn 0.13007764 -0.64442098 0.75352599
vn -0.85565756 -0.25565872 0.44998751
vn -0.62489638 -0.64943217 -0.43329247
vn -0.55943951 -0.66622183 0.49312869
vn -0.12518479 -0.99013703 0.06290818
vn -0.83075562 -0.43129116 0.35189917
vn -0.26972592 -0.93183861 -0.24274415
vn -0.05883355 -0.92594866 0.37303845
vn -0.04164327 -0.63575854 0.77076385
vn -0.46370668 -0.65785353 -0.59346850
vn -0.09690046 -0.99508743 0.02028063
vn -0.16789291 -0.93015275 -0.32653919
vn -0.07191449 -0.93093402 0.35803653
vn -0.08579517 -0.64399241 0.76020587
vn -0.28076062 -0.64483894 -0.71088411
vn -0.07016417 -0.99753456 0.00133533
vn -0.08084540 -0.93123884 -0.35532837
vn 0.00020475 -0.93586007 0.35237181
vn 0.01881478 -0.65179133 0.75816493
vn -0.10460368 -0.64522126 -0.75680090
vn -0.01903529 -0.99980614 -0.00503302
vn 0.17762531 -0.65534544 0.73414686
vn 0.08089105 -0.93789684 0.33735167
vn -0.04157474 -0.93113808 -0.36228912
vn -0.07000862 -0.64139304 -0.76401162
vn -0.00456434 -0.99990550 -0.01296745
vn 0.40757529 -0.64714596 0.64427051
vn -0.09140713 -0.92700647 -0.36373581
vn -0.18688475 -0.63162689 -0.75241050
vn 0.18695759 -0.93593948 0.29843617
vn -0.22198554 -0.91705062 -0.33127116
vn -0.01633018 -0.99972230 -0.01698965
vn 0.70152282 -0.59159847 0.39733737
vn -0.43361207 -0.60940257 -0.66378391
vn 0.33513137 -0.92000925 0.20315008
vn -0.38770831 -0.89271995 -0.22963746
vn -0.04044858 -0.99914769 -0.00823437
vn 0.14165319 -0.48602306 0.86238968
vn -0.10959851 -0.67582673 0.72886652
vn 0.14522631 -0.31530917 0.93781099
vn -0.13778491 -0.37334021 -0.91740526
vn -0.87716939 0.40726899 0.25437340
vn -0.37026223 0.67586033 0.63727443
vn 0.16105022 0.48054140 0.86205730
vn -0.89801627 0.43959099 0.01807026
vn -0.66375913 0.64096622 0.38546869
vn -0.41930773 0.73959153 0.52648400
vn -0.13893329 0.71237694 0.68790744
vn -0.64020042 0.75350791 0.14956352
vn -0.78127561 0.62317354 -0.03554094
vn 0.46319821 -0.85418941 -0.23623691
vn 0.30996375 -0.86301825 -0.39890095
vn 0.50128484 -0.85868655 -0.10663447
vn 0.69847791 -0.45138893 -0.55531671
vn 0.05828094 -0.53488585 -0.84291189
vn -0.00366203 -0.47334363 -0.88087025
vn -0.43755070 -0.40311484 -0.80377100
vn -0.20234317 -0.84908080 -0.48797442
vn -0.02104511 -0.95186677 -0.30578875
vn -0.28213345 -0.93029483 -0.23441896
vn -0.41175309 -0.91120489 -0.01284650
vn -0.30423043 -0.92750791 0.21719327
vn -0.16075800 -0.91837936 0.36157464
vn 0.76496882 -0.63545041 -0.10500227
vn -0.10479047 -0.69616133 -0.71019600
vn -0.13905220 -0.74460178 -0.65286497
vn 0.10658933 -0.69562962 -0.71044925
vn 0.18495021 -0.74308559 -0.64313080
vn 0.19998830 -0.72628765 -0.65765563
vn 0.46547160 -0.61470068 0.63677254
vn 0.43849714 -0.87638790 0.19915950
vn -0.03803841 -0.74148741 -0.66988768
vn -0.08101172 -0.70313165 -0.70642974
vn -0.39525654 -0.28269082 -0.87398980
vn -0.08940119 -0.72682691 -0.68097729
vn -0.01645853 -0.88773399 -0.46006248
vn -0.07135947 -0.84125892 0.53590229
vn -0.16418771 -0.82187070 0.54550065
vn -0.30503027 -0.81865167 0.48658604
vn -0.38222381 -0.82379347 0.41865173
vn -0.16715284 -0.86640896 0.47052677
vn -0.29313991 -0.85396425 0.42990004
vn -0.00126617 -0.87522859 0.48370787
vn 0.18174774 -0.87423966 0.45019193
vn 0.34918676 -0.86347480 0.36397785
vn 0.46939688 -0.85058501 0.23700570
vn 0.53121981 -0.84218321 0.09237404
vn 0.53690607 -0.84170596 -0.05712228
vn 0.48504229 -0.84955349 -0.20734715
vn 0.36291624 -0.86531661 -0.34571515
vn 0.17137200 -0.88133701 -0.44031434
vn -0.05480003 -0.88525200 -0.46187212
vn -0.27410862 -0.87786546 -0.39270435
vn -0.25169236 -0.96733684 0.03017265
vn -0.52365322 -0.78049095 0.34149843
vn -0.62780588 -0.77836223 0.00346630
vn -0.52842627 -0.78045278 -0.33415435
vn -0.11135226 -0.78292034 -0.61207549
vn 0.41368432 -0.78255189 -0.46527177
vn 0.62241548 -0.77499923 -0.10943114
vn 0.57636262 -0.78096947 0.24060927
vn 0.57207533 -0.81709323 0.07133350
vn 0.57296804 -0.81644503 0.07158998
vn 0.35750422 -0.80032949 0.48131429
vn 0.42672673 -0.82914934 0.36113110
vn 0.07338441 -0.80765932 0.58506508
vn -0.22608980 -0.80576078 0.54738740
vn -0.44471382 -0.80059679 0.40158985
vn -0.55973732 -0.79668814 0.22799593
vn -0.60345414 -0.79503482 0.06134122
vn -0.58696715 -0.80828095 -0.04638394
vn -0.53657412 -0.84376640 0.01210242
vn -0.56321107 -0.76455559 -0.31344544
vn -0.22173642 -0.86767489 -0.44494184
vn -0.32127470 -0.83267473 -0.45103809
vn -0.22809086 -0.81146758 -0.53804732
vn 0.00131209 -0.81633054 -0.57758352
vn 0.19852582 -0.81909788 -0.53820644
vn 0.32836424 -0.82025069 -0.46836496
vn 0.39464023 -0.82344063 -0.40768201
vn 0.39892225 -0.83334918 -0.38260971
vn 0.35983941 -0.84279192 -0.40027164
vn 0.26576603 -0.85877671 -0.43803079
vn 0.14019860 -0.86488606 -0.48199218
vn 0.00262626 -0.86723444 -0.49789310
vn 0.25658895 -0.77630777 -0.57576762
vn 0.59358057 -0.77828341 -0.20478536
vn 0.63337340 -0.19834141 -0.74799654
vn 0.27716989 -0.43827454 -0.85503934
vn -0.16891184 -0.74646299 -0.64363172
vn -0.55168950 -0.82151839 -0.14403555
vn -0.40428077 -0.82907834 0.38624626
vn -0.37258872 -0.84168791 0.39081850
vn -0.00034860 -0.72680826 -0.68684033
vn -0.00098206 -0.72660896 -0.68705055
vn -0.11968283 -0.77466757 -0.62093975
vn 0.00000000 -0.72692599 -0.68671581
vn -0.06847260 -0.75032657 -0.65751163
vn 0.67010841 0.36903122 -0.64402693
vn 0.66467866 0.10760028 -0.73934055
vn -0.41349861 0.44624268 -0.79365381
vn -0.42439141 0.12809280 -0.89637278
vn 0.67734428 0.54427241 -0.49494674
vn -0.39287767 0.67437405 -0.62519339
vn 0.04486203 0.52193757 -0.85180313
vn 0.04482403 0.15481355 -0.98692633
vn 0.68320692 0.64444088 -0.34340103
vn -0.36983514 0.81638048 -0.44355933
vn 0.04485323 0.75934647 -0.64913876
vn 0.72448317 0.34586624 -0.59623877
vn 0.74688669 0.09738008 -0.65778218
vn -0.35109539 0.89680833 -0.26919666
vn 0.68672514 0.69733645 -0.20525707
vn 0.04464540 0.89261730 -0.44859908
vn 0.68703464 0.53931578 -0.48695163
vn 0.48797128 0.12571871 -0.86375855
vn 0.46526249 0.43876435 -0.76877608
vn -0.34037553 0.93459772 -0.10330346
vn 0.68848916 0.72102432 -0.07814479
vn 0.04428534 0.96254498 -0.26748078
vn 0.64842916 0.67234733 -0.35705557
vn 0.42865000 0.66663975 -0.60979556
vn 0.16116715 0.14072228 -0.97684307
vn 0.15159687 0.48747834 -0.85987398
vn -0.33899652 0.93896361 0.05855510
vn 0.68869063 0.72370298 0.04426290
vn 0.04406628 0.99382714 -0.10181242
vn 0.61837301 0.75400323 -0.22157153
vn 0.39309072 0.81022059 -0.43476694
vn 0.13656993 0.72964809 -0.67004651
vn -0.09753951 0.49230701 -0.86493922
vn -0.34722267 0.91096652 0.22265761
vn 0.68740921 0.70627240 0.16925684
vn 0.04414709 0.99736731 0.05752803
vn 0.60139679 0.79429487 -0.08612523
vn 0.36690061 0.89191850 -0.26432051
vn 0.12284014 0.87410906 -0.46994005
vn -0.08731426 0.73490773 -0.67252275
vn -0.23948560 0.48218593 -0.84270005
vn -0.25593482 0.13928020 -0.95660775
vn -0.36402338 0.84376727 0.39439038
vn 0.68436119 0.66282410 0.30383216
vn 0.04431122 0.97436022 0.22058714
vn 0.59928315 0.79904974 0.04877728
vn 0.35283323 0.93015360 -0.10160210
vn 0.11311914 0.95254705 -0.28259190
vn -0.07818946 0.87870882 -0.47091105
vn -0.21475428 0.72178428 -0.65795749
vn -0.29021841 0.47649908 -0.82989270
vn -0.31032905 0.13752880 -0.94062836
vn -0.38641517 0.72117008 0.57497568
vn 0.67918936 0.57815580 0.45214785
vn 0.04459898 0.91691785 0.39657607
vn 0.61226444 0.76892218 0.18409489
vn 0.35101863 0.93459981 0.05752484
vn 0.10818560 0.98824515 -0.10801578
vn -0.07185362 0.95644155 -0.28294280
vn -0.19264014 0.86553953 -0.46231060
vn -0.26045026 0.71450302 -0.64934667
vn -0.25409040 0.48245380 -0.83825796
vn -0.27260594 0.13943843 -0.95196792
vn 0.31056162 0.13468085 -0.94096363
vn 0.43853514 0.45124922 -0.77721366
vn 0.46612532 0.12937710 -0.87520783
vn 0.29605660 0.46874731 -0.83224182
vn -0.40838825 0.51887205 0.75099323
vn 0.67209018 0.42630065 0.60544409
vn 0.04487129 0.80466852 0.59202629
vn 0.63903474 0.69953813 0.31981402
vn 0.36173007 0.90625843 0.21873962
vn 0.10747249 0.99232386 0.06118030
vn -0.06858725 0.99177652 -0.10805151
vn -0.17743128 0.94393403 -0.27840024
vn -0.23401085 0.85806868 -0.45711821
vn -0.22711193 0.72165743 -0.65393480
vn 0.39753528 0.68231610 -0.61352298
vn 0.27355117 0.70624368 -0.65298516
vn -0.16705626 0.49156695 -0.85466610
vn -0.17860419 0.14224160 -0.97358506
vn 0.07812317 0.50137831 -0.86169401
vn 0.08592416 0.14879067 -0.98512861
vn -0.51199001 0.42190960 -0.74823695
vn -0.49891790 0.63612542 -0.58857912
vn 0.25171541 0.85103124 -0.46085266
vn -0.48196952 0.77005167 -0.41800216
vn -0.51677461 0.12148627 -0.84745801
vn -0.42252889 0.22308355 0.87846631
vn 0.66577867 0.18690755 0.72236025
vn 0.04491908 0.60063539 0.79826024
vn 0.67597720 0.58177011 0.45232550
vn 0.38463443 0.83808212 0.38687816
vn 0.11125796 0.96600049 0.23337676
vn -0.06823362 0.99578867 0.06122986
vn -0.16961314 0.97975660 -0.10634090
vn -0.21583674 0.93675098 -0.27552152
vn 0.23416683 0.93150280 -0.27833151
vn -0.46748406 0.84670118 -0.25407827
vn -0.20365382 0.86461315 -0.45931385
vn 0.36105344 0.82488148 -0.43498385
vn -0.14861688 0.73274116 -0.66408088
vn 0.06942458 0.74248675 -0.66625344
vn -0.42436398 -0.12808105 0.89638745
vn 0.66467549 -0.10761272 0.73934160
vn -0.99854210 0.03813899 -0.03819816
vn -0.99864451 0.04792565 -0.02030467
vn -0.99895581 0.04523508 -0.00640935
vn -0.99920567 0.03984885 -0.00030657
vn -0.45803710 0.88354129 -0.09775887
vn -0.99942529 0.03388357 0.00099533
vn -0.99858316 0.01205715 -0.05182960
vn 0.04488785 0.26693212 0.96266938
vn 0.71502019 0.40545052 0.56952262
vn 0.41814727 0.71385595 0.56174954
vn 0.11966456 0.90112804 0.41671170
vn -0.07068101 0.96977955 0.23352048
vn -0.16860716 0.98383881 0.06027290
vn -0.99948837 0.03197602 -0.00073259
vn -0.45808864 0.88718000 0.05537540
vn -0.20631313 0.97278637 -0.10545883
vn 0.22573207 0.96833965 -0.10659906
vn -0.18761954 0.94249644 -0.27658521
vn 0.33583854 0.90433511 -0.26342074
vn -0.13277605 0.87529870 -0.46499753
vn 0.06225320 0.88319137 -0.46486294
vn 0.04473521 -0.15447621 0.98698321
vn -0.78308327 -0.31052156 0.53884779
vn -0.74687661 -0.49312429 0.44609838
vn -0.71022579 -0.62203087 0.32963149
vn -0.68295523 -0.70113056 0.20490997
vn -0.66751830 -0.74032327 0.07962901
vn -0.66524462 -0.74525767 -0.04517312
vn -0.67709837 -0.71590227 -0.17035767
vn -0.99930667 0.03722355 -0.00075939
vn -0.80493738 -0.08610107 0.58707957
vn 0.74303667 0.16987363 0.64733257
vn 0.45581928 0.51095828 0.72880067
vn 0.13242208 0.77801184 0.61413514
vn -0.07611253 0.90553643 0.41738550
vn -0.70152700 -0.64849266 -0.29549474
vn -0.99903268 0.04378155 0.00410738
vn -0.17453222 0.95744429 0.22986722
vn -0.46363458 0.86065895 0.21049739
vn -0.20513700 0.97691441 0.05964093
vn 0.22384364 0.97275231 0.06039016
vn -0.17935612 0.97807713 -0.10581360
vn 0.32269114 0.94110007 -0.10100045
vn -0.12213295 0.95235648 -0.27946497
vn 0.05736817 0.95862110 -0.27884491
vn 0.74689208 -0.09735822 0.65777929
vn -0.85759692 -0.38788731 0.33774391
vn -0.86798616 -0.25577908 0.42564901
vn -0.84809667 -0.47157192 0.24156151
vn -0.84103266 -0.52045516 0.14761607
vn -0.83740167 -0.54363114 0.05677700
vn -0.83692505 -0.54637052 -0.03218251
vn -0.83977303 -0.52901112 -0.12218222
vn -0.84584322 -0.48809061 -0.21521340
vn -0.73599011 -0.53429991 -0.41574291
vn -0.85485027 -0.41510454 -0.31131855
vn -0.87471130 -0.07341278 0.47905188
vn 0.48388026 0.21865039 0.84737943
vn 0.14762052 0.56541922 0.81148585
vn -0.77385233 -0.36603739 -0.51688412
vn -0.86529016 -0.29759162 -0.40337596
vn -0.08455870 0.78309787 0.61612300
vn -0.99874770 0.04759851 0.01540847
vn -0.18771326 0.89252253 0.41008203
vn -0.47765324 0.79590301 0.37200239
vn -0.21229543 0.95032536 0.22762330
vn 0.23185413 0.94519046 0.22991013
vn -0.17841742 0.98212749 0.05994017
vn 0.32111975 0.94530997 0.05719403
vn -0.11669480 0.98741788 -0.10671574
vn 0.05488928 0.99280183 -0.10645046
vn 0.48816885 -0.12574869 0.86364254
vn -0.77075142 -0.03481559 -0.63618403
vn -0.76962061 -0.03586364 -0.63749346
vn -0.87463703 0.07342979 -0.47918487
vn -0.81171345 -0.08314263 0.57810776
vn -0.86795867 0.25581102 -0.42568589
vn -0.76663733 -0.27881584 -0.57838477
vn -0.76508743 -0.28276664 -0.57851901
vn -0.78570174 -0.48526090 -0.38365953
vn -0.84590610 0.48800264 0.21516573
vn -0.75505160 -0.56423159 -0.33397573
vn -0.79887539 -0.34324822 -0.49394208
vn -0.86533854 0.29748804 0.40334857
vn -0.87346507 0.12789115 0.46978997
vn -0.75152370 -0.62536879 -0.21006190
vn -0.83697046 0.54629957 0.03220599
vn -0.76925723 -0.62110098 -0.14992295
vn -0.81030226 -0.14671930 -0.56734795
vn -0.77029181 -0.03664122 -0.63663801
vn -0.76790197 0.21753594 -0.60249869
vn -0.76848491 0.21677193 -0.60203063
vn -0.83739155 0.54363922 -0.05684892
vn -0.84111551 0.52034113 -0.14754592
vn -0.74935310 -0.64989432 0.12691456
vn -0.83983605 0.52890982 0.12218762
vn -0.85478793 0.41519894 0.31136384
vn -0.87346564 -0.12779882 -0.46981404
vn -0.76314427 -0.41279170 0.49720604
vn -0.85765529 0.38778673 -0.33771121
vn -0.78909143 -0.45203800 0.41592831
vn -0.75657450 -0.53969541 0.36922064
vn -0.76655017 0.64096523 0.03955266
vn -0.74875580 0.65590802 0.09565261
vn -0.77065437 0.61084895 -0.18153625
vn -0.74807435 0.65087175 -0.12942458
vn -0.84807603 0.47159808 -0.24158290
vn -0.75208439 -0.61214950 0.24421724
vn -0.77034996 -0.03628911 -0.63658782
vn -0.76979342 -0.03668566 -0.63723799
vn -0.81204482 0.08325960 -0.57762536
vn -0.76830240 0.21712353 -0.60213686
vn -0.76943070 0.62082658 0.15016907
vn -0.75122173 0.62537137 0.21113162
vn -0.77562383 -0.57271503 -0.26533973
vn -0.76789071 0.21726901 -0.60260935
vn -0.76759908 0.21870242 -0.60246236
vn -0.80293196 0.29607399 -0.51733978
vn -0.75894664 0.42164767 -0.49619880
vn -0.76234118 0.41402372 -0.49741359
vn -0.76674212 -0.64074669 -0.03937274
vn -0.74825821 -0.66322919 0.01538489
vn -0.76708466 -0.63774511 0.06973016
vn -0.77079061 -0.61069434 0.18147798
vn -0.77797574 -0.55315537 0.29794779
vn -0.75502333 0.56430323 0.33391859
vn -0.80221390 -0.29359689 0.51985932
vn -0.76609804 0.28053210 0.57826943
vn -0.76081520 0.45512844 0.46262115
vn -0.75208594 0.61213940 -0.24423780
vn -0.81033341 0.14533556 0.56765953
vn -0.78562862 0.48524931 0.38382389
vn -0.77552365 0.57284526 0.26535142
vn -0.79859390 0.34364202 0.49412342
vn -0.76735117 0.63734394 -0.07046196
vn -0.77780553 0.55331180 -0.29810167
vn -0.78918913 0.45175446 -0.41605099
vn -0.80118364 -0.15071716 -0.57912790
vn -0.09476962 0.57054820 0.81577783
vn -0.99855023 0.04240630 0.03315339
vn -0.20802961 0.76985432 0.60336390
vn -0.49402897 0.68027957 0.54143797
vn -0.22804304 0.88516480 0.40556091
vn 0.24622328 0.87861214 0.40916355
vn -0.18465721 0.95588091 0.22845876
vn 0.33104145 0.91813474 0.21780761
vn -0.11600759 0.99140546 0.06047687
vn 0.05458000 0.99668993 0.06025123
vn -0.80515486 0.08604465 -0.58678954
vn -0.99855886 0.02078980 0.04947723
vn -0.23292197 0.55920433 0.79563677
vn -0.50802614 0.49038843 0.70811625
vn -0.25244979 0.76237291 0.59586630
vn 0.26771916 0.75411686 0.59969510
vn -0.19849437 0.89143131 0.40736986
vn 0.35296916 0.85202683 0.38660452
vn -0.12006841 0.96557028 0.23077610
vn 0.05650514 0.97148668 0.23026247
vn -0.99855121 -0.01215994 0.05241763
vn -0.25335848 0.24182109 0.93666004
vn -0.51687779 0.21144851 0.82953413
vn -0.28234326 0.55276225 0.78405113
vn 0.29128949 0.54466809 0.78643951
vn -0.22012684 0.76937590 0.59967066
vn 0.38654003 0.72949511 0.56429043
vn -0.12933795 0.90184118 0.41225500
vn 0.06076201 0.90917874 0.41194902
vn -0.25690444 -0.13924787 0.95635252
vn -0.51675614 -0.12148990 0.84746876
vn -0.30668675 0.23885287 0.92135365
vn 0.30694964 0.23464175 0.92234764
vn -0.24691783 0.55947367 0.79121476
vn 0.42759205 0.52496288 0.73592052
vn -0.14387099 0.78048294 0.60839751
vn 0.06734243 0.78983027 0.60961721
vn -0.31021973 -0.13737236 0.94068728
vn 0.31046057 -0.13471156 0.94099258
vn -0.26923767 0.24220082 0.93212115
vn 0.46100129 0.22535660 0.85830776
vn -0.16204190 0.56976375 0.80567468
vn 0.07581177 0.58005390 0.81104257
vn -0.27257982 -0.13944763 0.95197405
vn 0.46598911 -0.12935404 0.87528377
vn -0.17724548 0.24751613 0.95253336
vn 0.08318979 0.25378289 0.96367718
vn -0.17952114 -0.14256768 0.97336869
vn 0.08444490 -0.14633374 0.98562442
vn 0.64569109 -0.11177983 0.75537294
vn 0.88549790 0.12044427 0.44876124
vn 0.88774945 -0.06863483 0.45518147
vn 0.64208203 0.19676640 0.74095456
vn 0.86949340 0.29003652 0.39982502
vn 0.62370990 0.45564981 0.63511353
vn 0.42561949 -0.12816863 0.89577947
vn 0.42389973 0.22342488 0.87771883
vn 0.84671842 0.42278367 0.32298898
vn 0.60116192 0.63400251 0.48646188
vn 0.40942356 0.51859291 0.75062223
vn -0.42495190 -0.12821194 0.89609017
vn -0.42322714 0.22350097 0.87802398
vn 0.82442201 0.51617883 0.23213739
vn 0.58175736 0.74211550 0.33290083
vn 0.38721432 0.72070115 0.57502602
vn -0.40871890 0.51877152 0.75088280
vn -0.88805439 0.11930957 0.44398719
vn -0.89024851 -0.06799856 0.45037071
vn 0.80726517 0.57442836 0.13548061
vn 0.56913611 0.80076422 0.18671038
vn 0.36525126 0.84327787 0.39430184
vn -0.38647691 0.72094410 0.57521753
vn -0.87250938 0.28711966 0.39533490
vn -0.98339220 -0.02736911 0.17941771
vn -0.98298263 0.04834104 0.17722385
vn 0.79811813 0.60141058 0.03623224
vn 0.56285613 0.82511649 0.04874172
vn 0.34851882 0.91054800 0.22234429
vn -0.36449600 0.84354764 0.39442369
vn -0.85043640 0.41822707 0.31913013
vn -0.97988536 0.11864514 0.16046186
vn -1.00000000 -0.00000347 -0.00000572
vn 0.79983650 0.59680215 -0.06394344
vn 0.56409205 0.82115936 -0.08658793
vn 0.33941716 0.93880792 0.05861469
vn -0.34769571 0.91082032 0.22251751
vn -0.82886893 0.51031265 0.22925380
vn -0.97515779 0.17741538 0.13263136
vn 0.57195806 0.78813822 -0.22738102
vn 0.81185751 0.56090380 -0.16209352
vn 0.34125660 0.93428157 -0.10325642
vn -0.33860706 0.93911181 0.05843173
vn -0.81235593 0.56758927 0.13386660
vn -0.97018702 0.22190860 0.09743575
vn 0.58617778 0.71831361 -0.37472813
vn 0.83008401 0.49422754 -0.25826281
vn 0.35313630 0.89611730 -0.26882809
vn -0.34053988 0.93454744 -0.10321661
vn -0.80344931 0.59431069 0.03555291
vn -0.96630129 0.25088750 0.05759586
vn 0.60759556 0.59280264 -0.52859499
vn 0.85347905 0.39015478 -0.34547467
vn 0.37079391 0.81588350 -0.44367330
vn -0.35237684 0.89639267 -0.26890657
vn -0.80504387 0.58985755 -0.06302731
vn -0.96431608 0.26429916 0.01550639
vn 0.62953992 0.39184890 -0.67092021
vn 0.87450243 0.24684991 -0.41750524
vn 0.39376293 0.67410535 -0.62492618
vn -0.37004190 0.81614862 -0.44381350
vn -0.81670792 0.55441518 -0.16003745
vn -0.96464688 0.26213443 -0.02723837
vn 0.64510512 0.11383917 -0.75556603
vn 0.88789273 0.06851645 -0.45491976
vn 0.41335807 0.44672109 -0.79345786
vn -0.39303335 0.67433505 -0.62513761
vn -0.83434529 0.48866706 -0.25509301
vn -0.96719708 0.24448622 -0.06896598
vn 0.42540035 0.12840126 -0.89585024
vn -0.41266189 0.44687470 -0.79373369
vn -0.85697115 0.38605770 -0.34140871
vn -0.97150243 0.21111615 -0.10776360
vn -0.42473227 0.12844464 -0.89616096
vn -0.87733810 0.24443689 -0.41295094
vn -0.97655345 0.16267984 -0.14099157
vn -0.89037199 0.06788429 -0.45014380
vn -0.98093927 0.10044163 -0.16634189
vn -0.98340621 0.02730021 -0.17935143
vn -0.35477166 0.23261132 0.90555455
vn -0.35782891 -0.13336394 0.92421455
vn -0.33137327 0.54006167 0.77364407
vn -0.64671690 0.19239970 0.73806477
vn -0.65110366 -0.11016386 0.75095136
vn -0.30066447 0.74872969 0.59076622
vn -0.61628534 0.45450023 0.64313445
vn -0.84101372 0.13847693 0.52299146
vn -0.84390831 -0.07894796 0.53064676
vn -0.58074322 -0.11979258 0.80522485
vn -0.57651643 0.21072611 0.78944494
vn -0.27413815 0.87291932 0.40355933
vn -0.57470842 0.64469626 0.50406048
vn -0.81958999 0.33422236 0.46536830
vn -0.55328870 0.48711674 0.67571362
vn -0.25645587 0.93950917 0.22705267
vn -0.53649845 0.76693114 0.35211651
vn -0.78873269 0.48677958 0.37542827
vn -0.52460001 0.67645335 0.51691942
vn -0.24815799 0.96688823 0.05953796
vn -0.50951865 0.83664230 0.20104826
vn -0.75836119 0.59350855 0.26951050
vn -0.49996638 0.79067018 0.35337556
vn -0.35812820 0.13364388 -0.92405817
vn -0.33908255 0.46486715 -0.81787625
vn -0.24956618 0.96262370 -0.10522520
vn -0.49674304 0.86626416 0.05322360
vn -0.73558267 0.65910255 0.15653106
vn -0.48378023 0.85247241 0.19810978
vn -0.30913649 0.70075381 -0.64294535
vn -0.62643716 0.38903283 -0.67544796
vn -0.65100670 0.11011832 -0.75104210
vn -0.26042706 0.92562790 -0.27457375
vn -0.49871189 0.86166201 -0.09394162
vn -0.72442269 0.68808446 0.04185158
vn -0.47596851 0.87793920 0.05173721
vn -0.28073242 0.84539096 -0.45442648
vn -0.58624840 0.59982913 -0.54453451
vn -0.82685950 0.28434435 -0.48523361
vn -0.84384334 0.07907454 -0.53073122
vn -0.56073405 0.41907936 -0.71410770
vn -0.58016154 0.12197155 -0.80531704
vn -0.51564235 0.82178354 -0.24245570
vn -0.72625257 0.68348090 -0.07355989
vn -0.47743292 0.87385204 -0.09187178
vn -0.54615222 0.73911892 -0.39423468
vn -0.79752694 0.44961806 -0.40223672
vn -0.53261252 0.63293317 -0.56188922
vn -0.74089017 0.64466076 -0.18839919
vn -0.48744726 0.83915320 -0.24128215
vn -0.76620615 0.56849769 -0.29956387
vn -0.50571967 0.76546115 -0.39789049
vn -0.42250965 -0.22323811 -0.87843631
vn 0.66574290 -0.18704739 -0.72235702
vn -0.40838315 -0.51889374 -0.75098102
vn 0.67215816 -0.42628130 -0.60538224
vn 0.04492356 -0.26705434 -0.96263381
vn -0.38639861 -0.72108912 -0.57508833
vn 0.67915723 -0.57810877 -0.45225623
vn 0.04493047 -0.60058337 -0.79829873
vn 0.74303310 -0.16988329 -0.64733413
vn 0.68435880 -0.66282958 -0.30382556
vn -0.36406087 -0.84376965 -0.39435068
vn 0.04481382 -0.80471423 -0.59196851
vn 0.71500770 -0.40551107 -0.56949518
vn 0.48392321 -0.21858280 -0.84737234
vn 0.68739077 -0.70630792 -0.16918347
vn -0.34721951 -0.91098267 -0.22259646
vn 0.04451904 -0.91691972 -0.39658074
vn 0.67600459 -0.58175893 -0.45229895
vn 0.45574175 -0.51100319 -0.72881767
vn 0.15939175 -0.24473915 -0.95639794
vn 0.68873356 -0.72366206 -0.04426402
vn -0.33892237 -0.93898848 -0.05858545
vn 0.04426879 -0.97432991 -0.22072947
vn 0.63904981 -0.69956136 -0.31973309
vn 0.41812123 -0.71383672 -0.56179336
vn 0.14758475 -0.56558511 -0.81137675
vn -0.00110626 -0.99790395 -0.06470297
vn -0.10303760 -0.24735344 -0.96343112
vn 0.91313864 0.40555985 -0.04121932
vn 0.57370067 -0.81905627 0.00379221
vn 0.68846014 -0.72105719 0.07809718
vn -0.34035637 -0.93460574 0.10329398
vn 0.04411625 -0.99736572 -0.05757926
vn 0.61230311 -0.76888715 -0.18411262
vn 0.38468149 -0.83806395 -0.38687074
vn 0.13233914 -0.77796658 -0.61421035
vn -0.09477931 -0.57062380 -0.81572382
vn -0.25296384 -0.24209749 -0.93669531
vn -0.85790654 -0.49067588 0.15242554
vn 0.68674464 -0.69732410 0.20523379
vn -0.35111955 -0.89681395 0.26914641
vn 0.04403413 -0.99381509 0.10194397
vn 0.59931295 -0.79902487 -0.04881848
vn 0.36181426 -0.90622236 -0.21874978
vn 0.11966932 -0.90109054 -0.41679143
vn -0.08447238 -0.78307625 -0.61616232
vn -0.23287176 -0.55920441 -0.79565142
vn -0.30669214 -0.23892549 -0.92133302
vn 0.68317500 -0.64445536 0.34343735
vn -0.36981086 -0.81637487 0.44358990
vn 0.04429309 -0.96254464 0.26748072
vn 0.60139945 -0.79429344 0.08611987
vn 0.35103969 -0.93459477 -0.05747819
vn 0.11132567 -0.96599616 -0.23336243
vn -0.07611132 -0.90547769 -0.41751314
vn -0.20804720 -0.76979038 -0.60343942
vn -0.28230368 -0.55293123 -0.78394623
vn -0.26932462 -0.24222919 -0.93208866
vn 0.30715949 -0.23447121 -0.92232115
vn 0.46118483 -0.22526061 -0.85823436
vn 0.67739412 -0.54426621 0.49488534
vn -0.39280125 -0.67446029 0.62514838
vn 0.04469175 -0.89266999 0.44848961
vn 0.61835938 -0.75402913 0.22152145
vn 0.35283167 -0.93015773 0.10156974
vn 0.10751012 -0.99232471 -0.06110020
vn -0.07072021 -0.96977317 -0.23353512
vn -0.18772623 -0.89253253 -0.41005432
vn -0.25256564 -0.76227650 -0.59594055
vn -0.24679914 -0.55982359 -0.79100425
vn 0.29138038 -0.54461481 -0.78644274
vn 0.42760647 -0.52494329 -0.73592612
vn -0.17723143 -0.24777490 -0.95246870
vn 0.08333816 -0.25361414 -0.96370878
vn -0.50801950 -0.49035928 -0.70814121
vn -0.51673945 -0.21160509 -0.82958039
vn -0.49409651 -0.68026122 -0.54139940
vn 0.26769227 -0.75412810 -0.59969297
vn 0.67008181 -0.36915003 0.64398651
vn -0.41337761 -0.44638991 0.79363404
vn 0.04494147 -0.75951761 0.64893241
vn 0.64842591 -0.67235433 0.35704830
vn 0.36688470 -0.89191041 0.26436988
vn 0.10814399 -0.98825371 0.10797912
vn -0.06826301 -0.99579330 -0.06112179
vn -0.17459085 -0.95743770 -0.22985014
vn -0.22808939 -0.88512114 -0.40563012
vn 0.24568595 -0.87873458 -0.40922360
vn -0.47814724 -0.79575458 -0.37168516
vn -0.21997239 -0.76940512 -0.59968984
vn 0.38653470 -0.72953202 -0.56424637
vn -0.16213239 -0.56954049 -0.80581432
vn 0.07588093 -0.57988577 -0.81115632
vn -0.99855492 -0.04235841 -0.03307328
vn -0.99856522 -0.02067244 -0.04939787
vn -0.99872351 -0.04798311 -0.01577896
vn -0.99904277 -0.04356394 -0.00396684
vn -0.99933727 -0.03638825 0.00096107
vn -0.46420318 -0.86038428 -0.21036707
vn 0.04493133 -0.52194689 0.85179376
vn 0.68699062 -0.53930199 0.48702901
vn 0.39298412 -0.81029009 0.43473378
vn 0.11316088 -0.95253037 0.28263139
vn -0.06867202 -0.99176781 0.10807759
vn -0.16858369 -0.98384279 -0.06027363
vn -0.45812744 -0.88716318 -0.05532395
vn -0.99950464 -0.03146426 0.00068702
vn -0.21227684 -0.95032755 -0.22763149
vn 0.23152466 -0.94523260 -0.23006884
vn -0.19846534 -0.89135022 -0.40756141
vn 0.35280756 -0.85205857 -0.38668205
vn -0.14388946 -0.78051830 -0.60834777
vn 0.06732704 -0.78980550 -0.60965100
vn -0.77387689 0.36602018 0.51685954
vn -0.80115676 0.15082344 0.57913741
vn -0.73627811 0.53410769 0.41547986
vn -0.70136749 0.64860029 0.29563710
vn -0.67678731 0.71617236 0.17045848
vn -0.66490588 0.74556001 0.04517119
vn -0.99945497 -0.03299555 -0.00102874
vn -0.66717581 0.74062939 -0.07965258
vn 0.72448510 -0.34573271 0.59631387
vn 0.42854540 -0.66668877 0.60981548
vn 0.12286832 -0.87409732 0.46995452
vn -0.07188348 -0.95646208 0.28286580
vn -0.99924490 -0.03885398 -0.00002138
vn -0.68259529 0.70144909 -0.20501912
vn -0.16954391 -0.97975893 0.10642977
vn -0.45841401 -0.88336040 0.09762685
vn -0.20516135 -0.97690683 -0.05968140
vn 0.22385365 -0.97275239 -0.06035175
vn -0.18464358 -0.95588335 -0.22845956
vn 0.33103665 -0.91813314 -0.21782165
vn -0.12929670 -0.90187081 -0.41220312
vn 0.06067973 -0.90918193 -0.41195412
vn -0.71012211 0.62213570 -0.32965703
vn 0.46526303 -0.43879722 0.76875699
vn 0.13657416 -0.72963594 0.67005887
vn -0.74664124 0.49334951 -0.44624335
vn -0.07821229 -0.87869307 0.47093664
vn -0.99897935 -0.04473840 0.00622308
vn -0.17745242 -0.94393991 0.27836682
vn -0.46792142 -0.84645757 0.25408489
vn -0.20630919 -0.97278690 0.10546165
vn 0.22569950 -0.96835306 0.10654621
vn -0.17841064 -0.98213405 -0.05985280
vn 0.32126699 -0.94525912 -0.05720760
vn -0.12004337 -0.96556885 -0.23079511
vn 0.05651267 -0.97151371 -0.23014653
vn 0.15159735 -0.48728232 0.85998499
vn -0.78297104 0.31053812 -0.53900132
vn -0.08736813 -0.73485386 0.67257461
vn -0.99868060 -0.04737295 0.01982061
vn -0.19271633 -0.86550608 0.46234147
vn -0.48234758 -0.76990178 0.41784216
vn -0.21579039 -0.93673518 0.27561151
vn 0.23414652 -0.93149347 0.27837980
vn -0.17937000 -0.97807757 0.10578594
vn 0.32283930 -0.94105193 0.10097548
vn -0.11605416 -0.99140283 -0.06043059
vn 0.05456839 -0.99669778 -0.06013181
vn -0.09780397 -0.49252421 0.86478569
vn -0.99855709 -0.03801705 0.03792672
vn -0.21471139 -0.72185279 0.65789632
vn -0.49918276 -0.63602042 0.58846801
vn -0.23394911 -0.85808679 0.45711581
vn 0.25165098 -0.85105672 0.46084081
vn -0.18761481 -0.94251459 0.27652656
vn 0.33585152 -0.90433523 0.26340377
vn -0.11675947 -0.98740438 0.10676988
vn 0.05493225 -0.99280965 0.10635532
vn -0.23949690 -0.48207230 0.84276185
vn -0.51205871 -0.42192494 0.74818127
vn -0.26041259 -0.71457946 0.64927766
vn 0.27356517 -0.70621798 0.65300709
vn -0.20365323 -0.86457869 0.45937898
vn 0.36106616 -0.82486583 0.43500298
vn -0.12216256 -0.95234669 0.27948541
vn 0.05742108 -0.95863222 0.27879578
vn -0.29022113 -0.47644981 0.82992004
vn 0.29602797 -0.46874954 0.83225075
vn -0.22717267 -0.72161848 0.65395668
vn 0.39759527 -0.68233412 0.61346406
vn -0.13274129 -0.87527620 0.46504980
vn 0.06231597 -0.88315907 0.46491589
vn -0.25411633 -0.48250882 0.83821843
vn 0.43863237 -0.45126886 0.77714739
vn -0.14862032 -0.73271329 0.66411086
vn 0.06957308 -0.74245443 0.66627398
vn -0.16706589 -0.49160698 0.85464119
vn 0.07827380 -0.50148051 0.86162087
vn 0.62981619 -0.39297261 0.67000306
vn 0.87481206 -0.24660786 0.41699931
vn 0.60716195 -0.59393193 0.52782499
vn 0.85347314 -0.38998628 0.34567949
vn 0.41405810 -0.44642525 0.79325934
vn 0.58620720 -0.71831175 0.37468565
vn 0.83005076 -0.49429168 0.25824692
vn 0.39392505 -0.67394361 0.62499845
vn -0.41336281 -0.44657887 0.79353544
vn 0.57188898 -0.78812561 0.22759837
vn 0.81149632 -0.56130325 0.16251885
vn 0.37078691 -0.81597337 0.44351383
vn -0.39319570 -0.67417324 0.62521003
vn -0.87767362 -0.24416812 0.41239660
vn 0.56420698 -0.82105267 0.08685043
vn 0.79982229 -0.59683565 0.06380843
vn 0.35256449 -0.89635097 0.26879960
vn -0.37003497 -0.81623850 0.44365396
vn -0.85697642 -0.38585693 0.34162238
vn -0.98095314 -0.10016121 0.16642915
vn 0.56312396 -0.82486291 -0.04992571
vn 0.79808853 -0.60145763 -0.03610288
vn 0.34128166 -0.93427637 0.10322059
vn -0.35180514 -0.89662577 0.26887799
vn -0.83429049 -0.48876965 0.25507567
vn -0.97653784 -0.16263658 0.14114951
vn 0.56891935 -0.80066527 -0.18779217
vn 0.80758764 -0.57399247 -0.13540625
vn 0.33925183 -0.93888975 -0.05825999
vn -0.34047450 -0.93455930 0.10332490
vn -0.81635396 -0.55481432 0.16045959
vn -0.97150706 -0.21115095 0.10765367
vn 0.82444703 -0.51609007 -0.23224584
vn 0.58152668 -0.74262142 -0.33217488
vn 0.34870877 -0.91046097 -0.22240284
vn -0.33858295 -0.93911352 -0.05854378
vn -0.80512096 -0.58974883 0.06305997
vn -0.96720391 -0.24446450 0.06894707
vn 0.84703447 -0.42243974 -0.32261009
vn 0.60136082 -0.63442018 -0.48567088
vn 0.36536600 -0.84318267 -0.39439912
vn -0.34804176 -0.91074004 -0.22230502
vn -0.80335988 -0.59440923 -0.03592438
vn -0.96464578 -0.26213802 0.02724299
vn 0.86949993 -0.29013578 -0.39973879
vn 0.62369221 -0.45564573 -0.63513384
vn 0.38764086 -0.72080399 -0.57460958
vn -0.36461088 -0.84345245 -0.39452107
vn -0.81248030 -0.56750215 -0.13348059
vn -0.96431648 -0.26429483 -0.01555567
vn 0.88517289 -0.12037900 -0.44941946
vn 0.64274806 -0.19460780 -0.74094719
vn 0.40917134 -0.51890302 -0.75054545
vn -0.38690362 -0.72104727 -0.57480121
vn -0.82889016 -0.51023539 -0.22934895
vn -0.96630201 -0.25086182 -0.05769559
vn 0.42322539 -0.22330987 -0.87807344
vn -0.40846658 -0.51908170 -0.75080573
vn -0.85075009 -0.41787429 -0.31875596
vn -0.97019739 -0.22190676 -0.09733663
vn -0.42255181 -0.22338590 -0.87837846
vn -0.87252374 -0.28720390 -0.39524201
vn -0.97514271 -0.17753895 -0.13257684
vn -0.88772164 -0.11927158 -0.44466232
vn -0.97988317 -0.11868011 -0.16044940
vn -0.98299611 -0.04833037 -0.17715197
vn -0.33890080 -0.46522781 0.81774650
vn -0.30903384 -0.70091683 0.64281699
vn -0.62655929 -0.38882449 0.67545464
vn -0.28079526 -0.84531881 0.45452188
vn -0.58627447 -0.59974775 0.54459607
vn -0.82681978 -0.28426414 0.48534827
vn -0.56094419 -0.42038003 0.71317757
vn -0.26040730 -0.92559691 0.27469693
vn -0.54606391 -0.73915043 0.39429792
vn -0.79751943 -0.44951597 0.40236570
vn -0.53221686 -0.63402443 0.56103319
vn -0.24948523 -0.96265749 0.10510794
vn -0.51560433 -0.82178605 0.24252805
vn -0.76623392 -0.56837462 0.29972633
vn -0.50574204 -0.76548445 0.39781724
vn -0.24822319 -0.96687003 -0.05956176
vn -0.49870407 -0.86168698 0.09375394
vn -0.74092191 -0.64468119 0.18820435
vn -0.48738175 -0.83911992 0.24153010
vn -0.35482120 -0.23235934 -0.90559983
vn -0.25642771 -0.93954149 -0.22695068
vn -0.49664700 -0.86631917 -0.05322457
vn -0.72625557 -0.68346171 0.07370848
vn -0.47754441 -0.87376211 0.09214724
vn -0.33132158 -0.54036252 -0.77345611
vn -0.64674668 -0.19219937 -0.73809088
vn -0.27422661 -0.87285144 -0.40364605
vn -0.50951727 -0.83662823 -0.20111032
vn -0.72440756 -0.68808909 -0.04203676
vn -0.47622483 -0.87772574 -0.05298525
vn -0.30067948 -0.74879154 -0.59068018
vn -0.61622293 -0.45472261 -0.64303705
vn -0.84102918 -0.13858504 -0.52293796
vn -0.57709483 -0.20845042 -0.78962648
vn -0.53648891 -0.76694084 -0.35210993
vn -0.73567532 -0.65895461 -0.15671840
vn -0.48361030 -0.85229816 -0.19927097
vn -0.57464476 -0.64481443 -0.50398189
vn -0.81958997 -0.33410709 -0.46545111
vn -0.55331632 -0.48705369 -0.67573645
vn -0.75833929 -0.59367694 -0.26920105
vn -0.49972365 -0.79116751 -0.35260494
vn -0.78866334 -0.48696625 -0.37533187
vn -0.52474279 -0.67699612 -0.51606323
f 1//1 2//2 3//3
f 4//4 5//5 6//6
f 4//4 6//6 7//7
f 8//8 9//9 7//7
f 10//10 8//8 7//7
f 7//7 9//9 4//4
f 11//11 12//12 13//13
f 3//3 14//14 13//13
f 3//3 13//13 12//12
f 14//14 3//3 2//2
f 6//6 15//15 7//7
f 1//1 7//7 15//15
f 7//7 1//1 3//3
f 10//10 7//7 16//16
f 17//17 10//10 16//16
f 12//12 11//11 18//18
f 12//12 18//18 19//19
f 20//20 3//3 12//12
f 21//21 7//7 3//3
f 16//16 7//7 21//21
f 12//12 19//19 22//22
f 12//12 22//22 23//23
f 23//23 20//20 12//12
f 20//20 21//21 3//3
f 16//16 21//21 24//24
f 25//25 26//26 27//27
f 28//28 25//25 27//27
f 22//22 28//28 23//23
f 27//27 23//23 28//28
f 29//29 20//20 23//23
f 30//30 21//21 20//20
f 24//24 21//21 30//30
f 31//31 32//32 33//33
f 27//27 34//34 35//35
f 27//27 35//35 36//36
f 34//34 27//27 26//26
f 37//37 23//23 27//27
f 37//37 29//29 23//23
f 29//29 30//30 20//20
f 24//24 30//30 38//38
f 36//36 35//35 32//32
f 39//39 32//32 35//35
f 33//33 32//32 39//39
f 40//40 27//27 36//36
f 40//40 37//37 27//27
f 41//41 29//29 37//37
f 42//42 30//30 29//29
f 38//38 30//30 42//42
f 32//32 43//43 36//36
f 43//43 40//40 36//36
f 44//44 37//37 40//40
f 44//44 41//41 37//37
f 41//41 42//42 29//29
f 38//38 42//42 45//45
f 46//46 43//43 32//32
f 47//47 40//40 43//43
f 47//47 44//44 40//40
f 48//48 41//41 44//44
f 49//49 42//42 41//41
f 45//45 42//42 50//50
f 46//46 51//51 43//43
f 51//51 47//47 43//43
f 52//52 44//44 47//47
f 52//52 48//48 44//44
f 49//49 41//41 48//48
f 50//50 42//42 49//49
f 53//53 51//51 46//46
f 54//54 47//47 51//51
f 54//54 52//52 47//47
f 55//55 48//48 52//52
f 49//49 55//55 56//56
f 55//55 49//49 48//48
f 50//50 56//56 57//57
f 56//56 50//50 49//49
f 58//58 51//51 53//53
f 59//59 54//54 51//51
f 60//60 52//52 54//54
f 60//60 55//55 52//52
f 61//61 55//55 62//62
f 55//55 61//61 56//56
f 56//56 63//63 57//57
f 63//63 56//56 61//61
f 58//58 59//59 51//51
f 64//64 59//59 65//65
f 59//59 64//64 54//54
f 64//64 60//60 54//54
f 62//62 60//60 66//66
f 60//60 62//62 55//55
f 67//67 61//61 62//62
f 63//63 61//61 67//67
f 65//65 58//58 68//68
f 58//58 65//65 59//59
f 69//69 65//65 70//70
f 65//65 69//69 64//64
f 66//66 64//64 69//69
f 64//64 66//66 60//60
f 71//71 62//62 66//66
f 71//71 67//67 62//62
f 63//63 67//67 72//72
f 70//70 68//68 73//73
f 68//68 70//70 65//65
f 74//74 69//69 70//70
f 75//75 66//66 69//69
f 75//75 71//71 66//66
f 76//76 67//67 71//71
f 72//72 67//67 76//76
f 73//73 77//77 70//70
f 77//77 74//74 70//70
f 74//74 75//75 69//69
f 78//78 71//71 75//75
f 78//78 76//76 71//71
f 72//72 76//76 79//79
f 80//80 77//77 73//73
f 81//81 74//74 77//77
f 82//82 75//75 74//74
f 82//82 78//78 75//75
f 83//83 76//76 78//78
f 76//76 83//83 84//84
f 84//84 79//79 76//76
f 79//79 84//84 85//85
f 79//79 85//85 86//86
f 87//87 80//80 88//88
f 80//80 87//87 77//77
f 81//81 87//87 89//89
f 87//87 81//81 77//77
f 90//90 88//88 80//80
f 81//81 82//82 74//74
f 91//91 82//82 92//92
f 82//82 91//91 78//78
f 83//83 91//91 93//93
f 91//91 83//83 78//78
f 94//94 95//95 96//96
f 93//93 97//97 98//98
f 98//98 83//83 93//93
f 99//99 83//83 98//98
f 99//99 84//84 83//83
f 99//99 85//85 84//84
f 85//85 99//99 86//86
f 100//100 98//98 101//101
f 98//98 100//100 99//99
f 102//102 103//103 104//104
f 103//103 102//102 105//105
f 89//89 106//106 81//81
f 106//106 107//107 81//81
f 90//90 87//87 88//88
f 103//103 87//87 90//90
f 105//105 87//87 103//103
f 108//108 87//87 105//105
f 109//109 110//110 111//111
f 89//89 87//87 108//108
f 112//112 82//82 113//113
f 113//113 81//81 107//107
f 81//81 113//113 82//82
f 92//92 112//112 114//114
f 112//112 92//92 82//82
f 115//115 116//116 117//117
f 118//118 92//92 114//114
f 119//119 92//92 118//118
f 119//119 91//91 92//92
f 97//97 91//91 119//119
f 95//95 120//120 96//96
f 93//93 91//91 97//97
f 119//119 98//98 97//97
f 121//121 98//98 119//119
f 98//98 121//121 101//101
f 101//101 104//104 100//100
f 101//101 102//102 104//104
f 121//121 102//102 101//101
f 121//121 122//122 102//102
f 122//122 121//121 123//123
f 102//102 108//108 105//105
f 102//102 124//124 108//108
f 124//124 102//102 122//122
f 111//111 125//125 109//109
f 108//108 106//106 89//89
f 108//108 107//107 106//106
f 124//124 107//107 108//108
f 126//126 107//107 124//124
f 127//127 128//128 129//129
f 113//113 107//107 126//126
f 129//129 130//130 127//127
f 126//126 112//112 113//113
f 131//131 112//112 126//126
f 118//118 112//112 131//131
f 117//117 130//130 115//115
f 114//114 112//112 118//118
f 131//131 119//119 118//118
f 123//123 119//119 131//131
f 119//119 123//123 121//121
f 124//124 122//122 126//126
f 122//122 131//131 126//126
f 131//131 122//122 123//123
f 132//132 133//133 134//134
f 133//133 132//132 135//135
f 135//135 136//136 133//133
f 136//136 135//135 137//137
f 137//137 138//138 136//136
f 139//139 140//140 138//138
f 139//139 138//138 137//137
f 141//141 142//142 143//143
f 144//144 141//141 145//145
f 146//146 141//141 144//144
f 146//146 142//142 141//141
f 142//142 147//147 143//143
f 147//147 142//142 148//148
f 148//148 149//149 147//147
f 149//149 148//148 150//150
f 149//149 151//151 152//152
f 151//151 149//149 150//150
f 152//152 153//153 154//154
f 153//153 152//152 151//151
f 154//154 155//155 156//156
f 155//155 154//154 153//153
f 157//157 134//134 158//158
f 134//134 157//157 132//132
f 137//137 135//135 159//159
f 157//157 153//153 132//132
f 151//151 132//132 153//153
f 157//157 155//155 153//153
f 155//155 157//157 160//160
f 155//155 160//160 161//161
f 148//148 142//142 162//162
f 150//150 163//163 164//164
f 139//139 137//137 159//159
f 146//146 162//162 142//142
f 151//151 165//165 166//166
f 132//132 151//151 166//166
f 167//167 148//148 162//162
f 168//168 159//159 135//135
f 151//151 164//164 165//165
f 169//169 170//170 150//150
f 167//167 169//169 150//150
f 148//148 167//167 150//150
f 171//171 168//168 135//135
f 166//166 171//171 135//135
f 132//132 166//166 135//135
f 164//164 151//151 150//150
f 163//163 150//150 170//170
f 156//156 161//161 172//172
f 161//161 156//156 155//155
f 173//173 174//174 175//175
f 174//174 173//173 176//176
f 174//174 177//177 175//175
f 177//177 174//174 178//178
f 178//178 179//179 177//177
f 179//179 178//178 180//180
f 181//181 182//182 183//183
f 182//182 181//181 184//184
f 184//184 185//185 182//182
f 185//185 184//184 186//186
f 185//185 187//187 188//188
f 187//187 185//185 186//186
f 188//188 189//189 190//190
f 189//189 188//188 187//187
f 191//191 190//190 189//189
f 190//190 191//191 192//192
f 193//193 192//192 191//191
f 192//192 193//193 194//194
f 193//193 195//195 194//194
f 195//195 193//193 196//196
f 196//196 197//197 195//195
f 197//197 196//196 198//198
f 198//198 199//199 197//197
f 199//199 198//198 200//200
f 199//199 201//201 202//202
f 201//201 199//199 200//200
f 201//201 203//203 202//202
f 203//203 201//201 204//204
f 204//204 205//205 203//203
f 205//205 204//204 206//206
f 206//206 207//207 205//205
f 207//207 206//206 208//208
f 208//208 209//209 207//207
f 209//209 208//208 210//210
f 211//211 210//210 212//212
f 210//210 211//211 209//209
f 213//213 212//212 214//214
f 212//212 213//213 211//211
f 214//214 215//215 213//213
f 215//215 214//214 216//216
f 216//216 217//217 215//215
f 217//217 216//216 218//218
f 218//218 219//219 217//217
f 219//219 218//218 220//220
f 221//221 219//219 220//220
f 221//221 222//222 219//219
f 222//222 223//223 158//158
f 223//223 222//222 221//221
f 223//223 157//157 158//158
f 224//224 157//157 223//223
f 157//157 224//224 160//160
f 160//160 225//225 161//161
f 225//225 160//160 224//224
f 161//161 226//226 172//172
f 225//225 226//226 161//161
f 226//226 225//225 227//227
f 226//226 228//228 229//229
f 228//228 226//226 227//227
f 228//228 230//230 229//229
f 230//230 228//228 231//231
f 231//231 232//232 230//230
f 232//232 231//231 233//233
f 234//234 233//233 235//235
f 233//233 234//234 232//232
f 236//236 235//235 237//237
f 235//235 236//236 234//234
f 238//238 237//237 239//239
f 237//237 238//238 236//236
f 238//238 240//240 241//241
f 240//240 238//238 239//239
f 242//242 240//240 243//243
f 240//240 242//242 241//241
f 243//243 244//244 242//242
f 244//244 243//243 245//245
f 245//245 246//246 244//244
f 246//246 245//245 247//247
f 247//247 248//248 246//246
f 248//248 247//247 249//249
f 249//249 250//250 248//248
f 250//250 249//249 251//251
f 251//251 252//252 250//250
f 252//252 251//251 253//253
f 252//252 254//254 255//255
f 254//254 252//252 253//253
f 255//255 256//256 257//257
f 256//256 255//255 254//254
f 257//257 258//258 259//259
f 258//258 257//257 256//256
f 259//259 260//260 261//261
f 260//260 259//259 258//258
f 261//261 262//262 263//263
f 262//262 261//261 260//260
f 263//263 264//264 265//265
f 264//264 263//263 262//262
f 264//264 266//266 265//265
f 266//266 264//264 267//267
f 267//267 268//268 266//266
f 268//268 267//267 269//269
f 269//269 270//270 268//268
f 270//270 269//269 271//271
f 271//271 272//272 270//270
f 272//272 273//273 274//274
f 273//273 272//272 271//271
f 275//275 273//273 271//271
f 276//276 176//176 277//277
f 278//278 277//277 176//176
f 173//173 278//278 176//176
f 180//180 279//279 179//179
f 279//279 180//180 280//280
f 281//281 183//183 282//282
f 183//183 281//281 181//181
f 218//218 223//223 221//221
f 214//214 210//210 216//216
f 208//208 216//216 210//210
f 218//218 224//224 223//223
f 216//216 208//208 218//218
f 224//224 218//218 225//225
f 210//210 214//214 212//212
f 206//206 227//227 225//225
f 218//218 221//221 220//220
f 218//218 208//208 225//225
f 204//204 201//201 231//231
f 204//204 228//228 206//206
f 206//206 225//225 208//208
f 227//227 206//206 228//228
f 283//283 284//284 269//269
f 285//285 283//283 269//269
f 286//286 285//285 269//269
f 267//267 286//286 269//269
f 198//198 233//233 200//200
f 228//228 204//204 231//231
f 271//271 269//269 287//287
f 187//187 249//249 189//189
f 200//200 231//231 201//201
f 198//198 196//196 235//235
f 231//231 200//200 233//233
f 189//189 247//247 191//191
f 233//233 198//198 235//235
f 262//262 174//174 264//264
f 275//275 271//271 287//287
f 264//264 176//176 267//267
f 260//260 178//178 262//262
f 176//176 264//264 174//174
f 258//258 180//180 260//260
f 174//174 262//262 178//178
f 256//256 280//280 258//258
f 178//178 260//260 180//180
f 254//254 281//281 256//256
f 180//180 258//258 280//280
f 253//253 181//181 254//254
f 280//280 256//256 281//281
f 251//251 184//184 253//253
f 281//281 254//254 181//181
f 249//249 186//186 251//251
f 181//181 253//253 184//184
f 247//247 189//189 249//249
f 249//249 187//187 186//186
f 184//184 251//251 186//186
f 284//284 287//287 269//269
f 243//243 193//193 245//245
f 245//245 191//191 247//247
f 243//243 240//240 193//193
f 191//191 245//245 193//193
f 240//240 235//235 196//196
f 235//235 240//240 237//237
f 240//240 196//196 193//193
f 240//240 239//239 237//237
f 286//286 267//267 276//276
f 176//176 276//276 267//267
f 280//280 282//282 279//279
f 282//282 280//280 281//281
f 288//288 289//289 290//290
f 291//291 292//292 293//293
f 291//291 294//294 292//292
f 291//291 295//295 294//294
f 294//294 295//295 296//296
f 297//297 298//298 299//299
f 299//299 300//300 297//297
f 289//289 299//299 298//298
f 298//298 290//290 289//289
f 288//288 301//301 294//294
f 292//292 294//294 301//301
f 294//294 289//289 288//288
f 16//16 294//294 296//296
f 16//16 296//296 17//17
f 299//299 302//302 300//300
f 299//299 303//303 302//302
f 299//299 289//289 304//304
f 289//289 294//294 305//305
f 305//305 294//294 16//16
f 299//299 306//306 303//303
f 299//299 307//307 306//306
f 299//299 304//304 307//307
f 289//289 305//305 304//304
f 24//24 305//305 16//16
f 308//308 309//309 310//310
f 311//311 309//309 308//308
f 309//309 311//311 307//307
f 306//306 307//307 311//311
f 307//307 304//304 312//312
f 304//304 305//305 313//313
f 313//313 305//305 24//24
f 32//32 31//31 314//314
f 309//309 315//315 316//316
f 316//316 310//310 309//309
f 309//309 307//307 317//317
f 307//307 312//312 317//317
f 304//304 313//313 312//312
f 38//38 313//313 24//24
f 32//32 314//314 318//318
f 318//318 315//315 32//32
f 316//316 315//315 318//318
f 315//315 309//309 319//319
f 309//309 317//317 319//319
f 317//317 312//312 320//320
f 312//312 313//313 321//321
f 321//321 313//313 38//38
f 315//315 322//322 32//32
f 315//315 319//319 322//322
f 319//319 317//317 323//323
f 317//317 320//320 323//323
f 312//312 321//321 320//320
f 45//45 321//321 38//38
f 32//32 322//322 46//46
f 322//322 319//319 324//324
f 319//319 323//323 324//324
f 323//323 320//320 325//325
f 320//320 321//321 326//326
f 50//50 321//321 45//45
f 322//322 327//327 46//46
f 322//322 324//324 327//327
f 324//324 323//323 328//328
f 323//323 325//325 328//328
f 325//325 320//320 326//326
f 326//326 321//321 50//50
f 46//46 327//327 53//53
f 327//327 324//324 329//329
f 324//324 328//328 329//329
f 328//328 325//325 330//330
f 325//325 326//326 330//330
f 331//331 330//330 326//326
f 326//326 50//50 331//331
f 57//57 331//331 50//50
f 53//53 327//327 58//58
f 327//327 329//329 332//332
f 329//329 328//328 333//333
f 328//328 330//330 333//333
f 331//331 334//334 330//330
f 335//335 330//330 334//334
f 334//334 331//331 63//63
f 57//57 63//63 331//331
f 327//327 332//332 58//58
f 329//329 336//336 332//332
f 337//337 332//332 336//336
f 329//329 333//333 336//336
f 330//330 335//335 333//333
f 338//338 333//333 335//335
f 335//335 334//334 339//339
f 339//339 334//334 63//63
f 332//332 337//337 58//58
f 68//68 58//58 337//337
f 336//336 340//340 337//337
f 341//341 337//337 340//340
f 333//333 338//338 336//336
f 340//340 336//336 338//338
f 338//338 335//335 342//342
f 335//335 339//339 342//342
f 72//72 339//339 63//63
f 337//337 341//341 68//68
f 73//73 68//68 341//341
f 341//341 340//340 343//343
f 340//340 338//338 344//344
f 338//338 342//342 344//344
f 342//342 339//339 345//345
f 345//345 339//339 72//72
f 341//341 346//346 73//73
f 341//341 343//343 346//346
f 340//340 344//344 343//343
f 344//344 342//342 347//347
f 342//342 345//345 347//347
f 79//79 345//345 72//72
f 73//73 346//346 80//80
f 346//346 343//343 348//348
f 343//343 344//344 349//349
f 344//344 347//347 349//349
f 350//350 351//351 345//345
f 347//347 345//345 351//351
f 352//352 350//350 79//79
f 345//345 79//79 350//350
f 86//86 352//352 79//79
f 346//346 110//110 80//80
f 353//353 80//80 110//110
f 346//346 348//348 110//110
f 111//111 110//110 348//348
f 80//80 353//353 90//90
f 343//343 349//349 348//348
f 347//347 120//120 349//349
f 116//116 349//349 120//120
f 347//347 351//351 120//120
f 96//96 120//120 351//351
f 86//86 99//99 352//352
f 350//350 352//352 99//99
f 351//351 350//350 99//99
f 94//94 351//351 99//99
f 96//96 351//351 94//94
f 99//99 100//100 94//94
f 354//354 94//94 100//100
f 355//355 356//356 103//103
f 104//104 103//103 356//356
f 348//348 125//125 111//111
f 348//348 128//128 125//125
f 355//355 110//110 109//109
f 103//103 110//110 355//355
f 90//90 110//110 103//103
f 353//353 110//110 90//90
f 349//349 129//129 348//348
f 128//128 348//348 129//129
f 129//129 349//349 130//130
f 349//349 116//116 130//130
f 115//115 130//130 116//116
f 357//357 120//120 95//95
f 116//116 120//120 357//357
f 117//117 116//116 357//357
f 354//354 358//358 94//94
f 357//357 94//94 358//358
f 95//95 94//94 357//357
f 359//359 358//358 360//360
f 356//356 360//360 358//358
f 354//354 356//356 358//358
f 104//104 356//356 354//354
f 100//100 104//104 354//354
f 360//360 356//356 361//361
f 109//109 361//361 356//356
f 355//355 109//109 356//356
f 361//361 128//128 127//127
f 109//109 128//128 361//361
f 125//125 128//128 109//109
f 362//362 130//130 117//117
f 127//127 130//130 362//362
f 358//358 359//359 357//357
f 362//362 357//357 359//359
f 117//117 357//357 362//362
f 359//359 360//360 362//362
f 127//127 362//362 360//360
f 127//127 360//360 361//361
f 363//363 364//364 133//133
f 134//134 133//133 364//364
f 365//365 363//363 136//136
f 133//133 136//136 363//363
f 138//138 366//366 367//367
f 365//365 138//138 367//367
f 136//136 138//138 365//365
f 141//141 368//368 369//369
f 370//370 368//368 141//141
f 143//143 370//370 141//141
f 371//371 370//370 147//147
f 143//143 147//147 370//370
f 372//372 371//371 149//149
f 147//147 149//149 371//371
f 372//372 149//149 373//373
f 152//152 373//373 149//149
f 373//373 152//152 374//374
f 154//154 374//374 152//152
f 374//374 154//154 375//375
f 156//156 375//375 154//154
f 364//364 376//376 134//134
f 158//158 134//134 376//376
f 377//377 372//372 378//378
f 379//379 372//372 377//377
f 371//371 372//372 379//379
f 376//376 374//374 375//375
f 380//380 371//371 381//381
f 368//368 370//370 380//380
f 376//376 364//364 374//374
f 379//379 381//381 371//371
f 375//375 382//382 383//383
f 364//364 363//363 384//384
f 367//367 385//385 365//365
f 386//386 387//387 372//372
f 384//384 363//363 385//385
f 375//375 383//383 376//376
f 373//373 374//374 364//364
f 386//386 372//372 373//373
f 378//378 372//372 387//387
f 371//371 380//380 370//370
f 373//373 388//388 386//386
f 373//373 384//384 388//388
f 364//364 384//384 373//373
f 365//365 385//385 363//363
f 375//375 156//156 382//382
f 172//172 382//382 156//156
f 389//389 173//173 390//390
f 175//175 390//390 173//173
f 391//391 390//390 177//177
f 175//175 177//177 390//390
f 392//392 391//391 179//179
f 177//177 179//179 391//391
f 393//393 394//394 182//182
f 183//183 182//182 394//394
f 395//395 393//393 185//185
f 182//182 185//185 393//393
f 395//395 185//185 396//396
f 188//188 396//396 185//185
f 396//396 188//188 397//397
f 190//190 397//397 188//188
f 192//192 398//398 190//190
f 397//397 190//190 398//398
f 194//194 399//399 192//192
f 398//398 192//192 399//399
f 400//400 399//399 195//195
f 194//194 195//195 399//399
f 401//401 400//400 197//197
f 195//195 197//197 400//400
f 402//402 401//401 199//199
f 197//197 199//199 401//401
f 402//402 199//199 403//403
f 202//202 403//403 199//199
f 404//404 403//403 203//203
f 202//202 203//203 403//403
f 405//405 404//404 205//205
f 203//203 205//205 404//404
f 406//406 405//405 207//207
f 205//205 207//207 405//405
f 407//407 406//406 209//209
f 207//207 209//209 406//406
f 209//209 211//211 407//407
f 408//408 407//407 211//211
f 211//211 213//213 408//408
f 409//409 408//408 213//213
f 410//410 409//409 215//215
f 213//213 215//215 409//409
f 411//411 410//410 217//217
f 215//215 217//217 410//410
f 412//412 411//411 219//219
f 217//217 219//219 411//411
f 383//383 413//413 376//376
f 414//414 376//376 413//413
f 158//158 376//376 414//414
f 158//158 414//414 222//222
f 415//415 222//222 414//414
f 219//219 222//222 415//415
f 412//412 219//219 415//415
f 416//416 417//417 226//226
f 382//382 226//226 417//417
f 172//172 226//226 382//382
f 413//413 383//383 417//417
f 382//382 417//417 383//383
f 416//416 226//226 418//418
f 229//229 418//418 226//226
f 419//419 418//418 230//230
f 229//229 230//230 418//418
f 420//420 419//419 232//232
f 230//230 232//232 419//419
f 232//232 234//234 420//420
f 421//421 420//420 234//234
f 234//234 236//236 421//421
f 422//422 421//421 236//236
f 236//236 238//238 422//422
f 423//423 422//422 238//238
f 423//423 238//238 424//424
f 241//241 424//424 238//238
f 241//241 242//242 424//424
f 425//425 424//424 242//242
f 426//426 425//425 244//244
f 242//242 244//244 425//425
f 427//427 426//426 246//246
f 244//244 246//246 426//426
f 428//428 427//427 248//248
f 246//246 248//248 427//427
f 429//429 428//428 250//250
f 248//248 250//250 428//428
f 430//430 429//429 252//252
f 250//250 252//252 429//429
f 430//430 252//252 431//431
f 255//255 431//431 252//252
f 431//431 255//255 432//432
f 257//257 432//432 255//255
f 432//432 257//257 433//433
f 259//259 433//433 257//257
f 433//433 259//259 434//434
f 261//261 434//434 259//259
f 434//434 261//261 435//435
f 263//263 435//435 261//261
f 435//435 263//263 436//436
f 265//265 436//436 263//263
f 437//437 436//436 266//266
f 265//265 266//266 436//436
f 438//438 437//437 268//268
f 266//266 268//268 437//437
f 439//439 438//438 270//270
f 268//268 270//270 438//438
f 272//272 440//440 441//441
f 439//439 272//272 441//441
f 270//270 272//272 439//439
f 442//442 443//443 173//173
f 389//389 442//442 173//173
f 444//444 392//392 279//279
f 179//179 279//279 392//392
f 394//394 445//445 183//183
f 282//282 183//183 445//445
f 424//424 422//422 423//423
f 425//425 426//426 399//399
f 421//421 422//422 424//424
f 424//424 400//400 421//421
f 424//424 399//399 400//400
f 426//426 427//427 398//398
f 401//401 421//421 400//400
f 425//425 399//399 424//424
f 398//398 399//399 426//426
f 427//427 428//428 397//397
f 397//397 398//398 427//427
f 428//428 395//395 396//396
f 428//428 429//429 395//395
f 396//396 397//397 428//428
f 429//429 430//430 393//393
f 393//393 395//395 429//429
f 430//430 431//431 394//394
f 411//411 415//415 414//414
f 394//394 393//393 430//430
f 431//431 432//432 445//445
f 442//442 389//389 437//437
f 445//445 394//394 431//431
f 432//432 433//433 444//444
f 444//444 445//445 432//432
f 433//433 434//434 392//392
f 392//392 444//444 433//433
f 434//434 435//435 391//391
f 391//391 392//392 434//434
f 435//435 436//436 390//390
f 390//390 391//391 435//435
f 436//436 437//437 389//389
f 389//389 390//390 436//436
f 446//446 439//439 447//447
f 404//404 405//405 418//418
f 441//441 447//447 439//439
f 420//420 421//421 401//401
f 401//401 402//402 420//420
f 419//419 420//420 402//402
f 405//405 417//417 416//416
f 402//402 403//403 419//419
f 404//404 419//419 403//403
f 418//418 419//419 404//404
f 405//405 406//406 417//417
f 416//416 418//418 405//405
f 409//409 410//410 407//407
f 411//411 414//414 413//413
f 411//411 417//417 406//406
f 413//413 417//417 411//411
f 411//411 412//412 415//415
f 407//407 408//408 409//409
f 437//437 448//448 442//442
f 406//406 407//407 410//410
f 410//410 411//411 406//406
f 449//449 438//438 446//446
f 439//439 446//446 438//438
f 450//450 438//438 449//449
f 448//448 438//438 450//450
f 437//437 438//438 448//448
f 445//445 444//444 282//282
f 279//279 282//282 444//444
f 451//451 452//452 453//453
f 454//454 453//453 452//452
f 455//455 451//451 456//456
f 453//453 456//456 451//451
f 457//457 454//454 458//458
f 454//454 457//457 453//453
f 459//459 455//455 460//460
f 456//456 460//460 455//455
f 457//457 456//456 453//453
f 456//456 457//457 461//461
f 462//462 458//458 463//463
f 458//458 462//462 457//457
f 460//460 464//464 465//465
f 465//465 459//459 460//460
f 461//461 460//460 456//456
f 460//460 461//461 466//466
f 467//467 457//457 462//462
f 457//457 467//467 461//461
f 468//468 462//462 463//463
f 462//462 468//468 469//469
f 464//464 470//470 471//471
f 471//471 465//465 464//464
f 466//466 464//464 460//460
f 464//464 466//466 472//472
f 473//473 461//461 467//467
f 461//461 473//473 466//466
f 469//469 467//467 462//462
f 467//467 469//469 474//474
f 475//475 469//469 468//468
f 469//469 475//475 476//476
f 470//470 477//477 478//478
f 478//478 471//471 470//470
f 472//472 470//470 464//464
f 470//470 472//472 479//479
f 480//480 466//466 473//473
f 466//466 480//480 472//472
f 474//474 473//473 467//467
f 473//473 474//474 481//481
f 476//476 474//474 469//469
f 474//474 476//476 482//482
f 287//287 483//483 275//275
f 284//284 483//483 287//287
f 283//283 483//483 284//284
f 483//483 475//475 275//275
f 273//273 275//275 475//475
f 475//475 483//483 476//476
f 477//477 484//484 485//485
f 485//485 478//478 477//477
f 477//477 479//479 486//486
f 479//479 477//477 470//470
f 487//487 472//472 480//480
f 472//472 487//487 479//479
f 480//480 481//481 488//488
f 481//481 480//480 473//473
f 482//482 481//481 474//474
f 481//481 482//482 489//489
f 490//490 476//476 483//483
f 476//476 490//490 482//482
f 286//286 491//491 285//285
f 276//276 491//491 286//286
f 277//277 491//491 276//276
f 492//492 491//491 277//277
f 483//483 283//283 491//491
f 285//285 491//491 283//283
f 484//484 493//493 494//494
f 494//494 485//485 484//484
f 484//484 486//486 495//495
f 486//486 484//484 477//477
f 487//487 486//486 479//479
f 486//486 487//487 496//496
f 487//487 488//488 497//497
f 488//488 487//487 480//480
f 488//488 489//489 498//498
f 489//489 488//488 481//481
f 499//499 482//482 490//490
f 482//482 499//499 489//489
f 500//500 483//483 491//491
f 483//483 500//500 490//490
f 501//501 492//492 502//502
f 492//492 501//501 491//491
f 493//493 503//503 504//504
f 504//504 494//494 493//493
f 505//505 484//484 495//495
f 484//484 505//505 493//493
f 496//496 495//495 486//486
f 495//495 496//496 506//506
f 496//496 497//497 507//507
f 497//497 496//496 487//487
f 497//497 498//498 508//508
f 498//498 497//497 488//488
f 498//498 499//499 509//509
f 499//499 498//498 489//489
f 510//510 490//490 500//500
f 490//490 510//510 499//499
f 511//511 491//491 501//501
f 491//491 511//511 500//500
f 512//512 502//502 513//513
f 502//502 512//512 501//501
f 514//514 515//515 516//516
f 515//515 514//514 517//517
f 518//518 519//519 504//504
f 504//504 503//503 518//518
f 520//520 493//493 505//505
f 493//493 520//520 503//503
f 506//506 505//505 495//495
f 505//505 506//506 521//521
f 506//506 507//507 522//522
f 507//507 506//506 496//496
f 507//507 508//508 523//523
f 508//508 507//507 497//497
f 508//508 509//509 524//524
f 509//509 508//508 498//498
f 509//509 510//510 525//525
f 510//510 509//509 499//499
f 526//526 500//500 511//511
f 500//500 526//526 510//510
f 527//527 501//501 512//512
f 501//501 527//527 511//511
f 517//517 528//528 515//515
f 528//528 517//517 529//529
f 530//530 513//513 531//531
f 513//513 530//530 512//512
f 516//516 532//532 533//533
f 532//532 516//516 515//515
f 534//534 529//529 517//517
f 529//529 534//534 535//535
f 535//535 536//536 529//529
f 536//536 535//535 537//537
f 538//538 517//517 514//514
f 517//517 538//538 534//534
f 539//539 540//540 519//519
f 519//519 518//518 539//539
f 541//541 503//503 520//520
f 503//503 541//541 518//518
f 521//521 520//520 505//505
f 520//520 521//521 542//542
f 521//521 522//522 543//543
f 522//522 521//521 506//506
f 522//522 523//523 544//544
f 523//523 522//522 507//507
f 523//523 524//524 545//545
f 524//524 523//523 508//508
f 524//524 525//525 546//546
f 525//525 524//524 509//509
f 525//525 526//526 547//547
f 526//526 525//525 510//510
f 548//548 537//537 549//549
f 537//537 548//548 536//536
f 550//550 511//511 527//527
f 511//511 550//550 526//526
f 529//529 551//551 528//528
f 551//551 529//529 536//536
f 552//552 512//512 530//530
f 512//512 552//552 527//527
f 515//515 553//553 532//532
f 553//553 515//515 528//528
f 532//532 531//531 533//533
f 531//531 532//532 530//530
f 554//554 555//555 540//540
f 540//540 539//539 554//554
f 556//556 535//535 534//534
f 535//535 556//556 557//557
f 557//557 537//537 535//535
f 537//537 557//557 558//558
f 558//558 549//549 537//537
f 549//549 558//558 559//559
f 559//559 560//560 549//549
f 560//560 559//559 561//561
f 562//562 534//534 538//538
f 534//534 562//562 556//556
f 563//563 518//518 541//541
f 518//518 563//563 539//539
f 542//542 541//541 520//520
f 541//541 542//542 564//564
f 542//542 543//543 565//565
f 543//543 542//542 521//521
f 543//543 544//544 566//566
f 544//544 543//543 522//522
f 544//544 545//545 567//567
f 545//545 544//544 523//523
f 545//545 546//546 568//568
f 546//546 545//545 524//524
f 569//569 560//560 561//561
f 560//560 569//569 570//570
f 546//546 547//547 571//571
f 547//547 546//546 525//525
f 572//572 549//549 560//560
f 549//549 572//572 548//548
f 547//547 550//550 573//573
f 550//550 547//547 526//526
f 574//574 536//536 548//548
f 536//536 574//574 551//551
f 575//575 527//527 552//552
f 527//527 575//575 550//550
f 528//528 576//576 553//553
f 576//576 528//528 551//551
f 553//553 530//530 532//532
f 530//530 553//553 552//552
f 554//554 563//563 577//577
f 563//563 554//554 539//539
f 578//578 557//557 556//556
f 557//557 578//578 579//579
f 579//579 558//558 557//557
f 558//558 579//579 580//580
f 580//580 559//559 558//558
f 559//559 580//580 581//581
f 581//581 561//561 559//559
f 561//561 581//581 582//582
f 583//583 561//561 582//582
f 561//561 583//583 569//569
f 584//584 569//569 583//583
f 569//569 584//584 585//585
f 586//586 556//556 562//562
f 556//556 586//586 578//578
f 564//564 563//563 541//541
f 563//563 564//564 587//587
f 542//542 588//588 564//564
f 588//588 542//542 565//565
f 565//565 566//566 589//589
f 566//566 565//565 543//543
f 566//566 567//567 590//590
f 567//567 566//566 544//544
f 591//591 585//585 584//584
f 585//585 591//591 592//592
f 567//567 568//568 593//593
f 568//568 567//567 545//545
f 585//585 570//570 569//569
f 570//570 585//585 594//594
f 568//568 571//571 595//595
f 571//571 568//568 546//546
f 596//596 560//560 570//570
f 560//560 596//596 572//572
f 571//571 573//573 597//597
f 573//573 571//571 547//547
f 598//598 548//548 572//572
f 548//548 598//598 574//574
f 573//573 575//575 599//599
f 575//575 573//573 550//550
f 600//600 551//551 574//574
f 551//551 600//600 576//576
f 576//576 552//552 553//553
f 552//552 576//576 575//575
f 587//587 577//577 563//563
f 577//577 587//587 601//601
f 602//602 578//578 603//603
f 578//578 602//602 579//579
f 604//604 579//579 602//602
f 579//579 604//604 580//580
f 604//604 581//581 580//580
f 581//581 604//604 605//605
f 605//605 582//582 581//581
f 582//582 605//605 606//606
f 606//606 583//583 582//582
f 583//583 606//606 607//607
f 607//607 584//584 583//583
f 584//584 607//607 608//608
f 608//608 591//591 584//584
f 591//591 608//608 609//609
f 609//609 610//610 591//591
f 610//610 609//609 611//611
f 603//603 586//586 612//612
f 586//586 603//603 578//578
f 564//564 613//613 587//587
f 613//613 564//564 588//588
f 565//565 614//614 588//588
f 614//614 565//565 589//589
f 615//615 611//611 616//616
f 611//611 615//615 610//610
f 589//589 590//590 617//617
f 590//590 589//589 566//566
f 610//610 592//592 591//591
f 592//592 610//610 618//618
f 590//590 593//593 619//619
f 593//593 590//590 567//567
f 592//592 594//594 585//585
f 594//594 592//592 620//620
f 593//593 595//595 621//621
f 595//595 593//593 568//568
f 622//622 570//570 594//594
f 570//570 622//622 596//596
f 595//595 597//597 623//623
f 597//597 595//595 571//571
f 624//624 572//572 596//596
f 572//572 624//624 598//598
f 597//597 599//599 625//625
f 599//599 597//597 573//573
f 626//626 574//574 598//598
f 574//574 626//626 600//600
f 599//599 576//576 600//600
f 576//576 599//599 575//575
f 587//587 627//627 601//601
f 627//627 587//587 613//613
f 612//612 628//628 629//629
f 630//630 631//631 632//632
f 612//612 633//633 634//634
f 635//635 636//636 637//637
f 638//638 636//636 635//635
f 612//612 638//638 633//633
f 612//612 636//636 638//638
f 639//639 612//612 640//640
f 612//612 605//605 604//604
f 641//641 642//642 643//643
f 612//612 644//644 645//645
f 612//612 634//634 644//644
f 646//646 612//612 647//647
f 648//648 649//649 650//650
f 612//612 604//604 602//602
f 651//651 637//637 636//636
f 652//652 612//612 639//639
f 631//631 630//630 653//653
f 632//632 654//654 655//655
f 636//636 612//612 652//652
f 656//656 655//655 654//654
f 657//657 655//655 656//656
f 651//651 642//642 641//641
f 658//658 659//659 607//607
f 660//660 661//661 606//606
f 649//649 662//662 663//663
f 612//612 629//629 664//664
f 612//612 664//664 665//665
f 612//612 665//665 666//666
f 612//612 645//645 628//628
f 667//667 612//612 646//646
f 668//668 669//669 608//608
f 637//637 651//651 670//670
f 612//612 602//602 603//603
f 647//647 612//612 671//671
f 671//671 612//612 672//672
f 672//672 612//612 666//666
f 673//673 612//612 667//667
f 674//674 612//612 673//673
f 675//675 612//612 674//674
f 655//655 657//657 662//662
f 676//676 648//648 677//677
f 642//642 648//648 676//676
f 677//677 648//648 678//678
f 650//650 649//649 679//679
f 680//680 662//662 657//657
f 663//663 662//662 680//680
f 681//681 611//611 609//609
f 682//682 632//632 631//631
f 654//654 632//632 682//682
f 683//683 653//653 616//616
f 684//684 616//616 611//611
f 608//608 607//607 659//659
f 609//609 608//608 669//669
f 607//607 606//606 661//661
f 685//685 606//606 605//605
f 641//641 670//670 651//651
f 663//663 679//679 649//649
f 676//676 643//643 642//642
f 653//653 686//686 631//631
f 653//653 683//683 686//686
f 611//611 687//687 684//684
f 611//611 681//681 687//687
f 609//609 688//688 681//681
f 609//609 669//669 688//688
f 606//606 685//685 660//660
f 650//650 678//678 648//648
f 616//616 689//689 683//683
f 616//616 684//684 689//689
f 608//608 659//659 668//668
f 607//607 690//690 658//658
f 607//607 661//661 690//690
f 605//605 691//691 685//685
f 605//605 692//692 691//691
f 692//692 612//612 675//675
f 605//605 612//612 692//692
f 588//588 5//5 4//4
f 588//588 4//4 9//9
f 588//588 9//9 613//613
f 588//588 15//15 6//6
f 588//588 6//6 5//5
f 15//15 588//588 614//614
f 693//693 616//616 653//653
f 616//616 693//693 615//615
f 614//614 617//617 694//694
f 617//617 614//614 589//589
f 615//615 618//618 610//610
f 618//618 615//615 695//695
f 617//617 619//619 696//696
f 619//619 617//617 590//590
f 618//618 620//620 592//592
f 620//620 618//618 697//697
f 619//619 621//621 698//698
f 621//621 619//619 593//593
f 699//699 594//594 620//620
f 594//594 699//699 622//622
f 621//621 623//623 700//700
f 623//623 621//621 595//595
f 701//701 596//596 622//622
f 596//596 701//701 624//624
f 623//623 625//625 702//702
f 625//625 623//623 597//597
f 703//703 598//598 624//624
f 598//598 703//703 626//626
f 625//625 600//600 626//626
f 600//600 625//625 599//599
f 295//295 627//627 296//296
f 613//613 8//8 10//10
f 613//613 10//10 17//17
f 17//17 296//296 627//627
f 613//613 17//17 627//627
f 8//8 613//613 9//9
f 704//704 653//653 630//630
f 653//653 704//704 693//693
f 11//11 13//13 694//694
f 18//18 11//11 694//694
f 694//694 13//13 14//14
f 614//614 694//694 14//14
f 614//614 14//14 2//2
f 614//614 2//2 1//1
f 614//614 1//1 15//15
f 693//693 695//695 615//615
f 695//695 693//693 705//705
f 694//694 696//696 706//706
f 696//696 694//694 617//617
f 695//695 697//697 618//618
f 697//697 695//695 707//707
f 696//696 698//698 708//708
f 698//698 696//696 619//619
f 709//709 620//620 697//697
f 620//620 709//709 699//699
f 698//698 700//700 710//710
f 700//700 698//698 621//621
f 711//711 622//622 699//699
f 622//622 711//711 701//701
f 700//700 702//702 712//712
f 702//702 700//700 623//623
f 713//713 624//624 701//701
f 624//624 713//713 703//703
f 702//702 626//626 703//703
f 626//626 702//702 625//625
f 704//704 705//705 693//693
f 705//705 704//704 714//714
f 26//26 25//25 706//706
f 34//34 26//26 706//706
f 715//715 34//34 706//706
f 694//694 706//706 18//18
f 19//19 18//18 706//706
f 22//22 19//19 706//706
f 28//28 22//22 706//706
f 25//25 28//28 706//706
f 705//705 707//707 695//695
f 707//707 705//705 716//716
f 706//706 708//708 717//717
f 708//708 706//706 696//696
f 709//709 707//707 718//718
f 707//707 709//709 697//697
f 708//708 710//710 719//719
f 710//710 708//708 698//698
f 720//720 699//699 709//709
f 699//699 720//720 711//711
f 710//710 712//712 721//721
f 712//712 710//710 700//700
f 722//722 701//701 711//711
f 701//701 722//722 713//713
f 712//712 703//703 713//713
f 703//703 712//712 702//702
f 33//33 39//39 715//715
f 31//31 33//33 715//715
f 723//723 314//314 31//31
f 723//723 31//31 715//715
f 314//314 723//723 318//318
f 39//39 35//35 715//715
f 34//34 715//715 35//35
f 714//714 716//716 705//705
f 716//716 714//714 724//724
f 715//715 717//717 725//725
f 717//717 715//715 706//706
f 718//718 716//716 726//726
f 716//716 718//718 707//707
f 717//717 719//719 727//727
f 719//719 717//717 708//708
f 720//720 718//718 728//728
f 718//718 720//720 709//709
f 719//719 721//721 729//729
f 721//721 719//719 710//710
f 730//730 711//711 720//720
f 711//711 730//730 722//722
f 721//721 713//713 722//722
f 713//713 721//721 712//712
f 723//723 725//725 731//731
f 725//725 723//723 715//715
f 726//726 724//724 732//732
f 724//724 726//726 716//716
f 725//725 727//727 733//733
f 727//727 725//725 717//717
f 728//728 726//726 734//734
f 726//726 728//728 718//718
f 727//727 729//729 735//735
f 729//729 727//727 719//719
f 730//730 728//728 736//736
f 728//728 730//730 720//720
f 729//729 722//722 730//730
f 722//722 729//729 721//721
f 731//731 733//733 737//737
f 733//733 731//731 725//725
f 734//734 732//732 738//738
f 732//732 734//734 726//726
f 733//733 735//735 739//739
f 735//735 733//733 727//727
f 736//736 734//734 740//740
f 734//734 736//736 728//728
f 735//735 730//730 736//736
f 730//730 735//735 729//729
f 737//737 739//739 741//741
f 739//739 737//737 733//733
f 740//740 738//738 742//742
f 738//738 740//740 734//734
f 739//739 736//736 740//740
f 736//736 739//739 735//735
f 741//741 740//740 742//742
f 740//740 741//741 739//739
f 743//743 744//744 745//745
f 744//744 743//743 746//746
f 746//746 747//747 744//744
f 747//747 746//746 748//748
f 749//749 744//744 750//750
f 744//744 749//749 745//745
f 748//748 751//751 747//747
f 751//751 748//748 752//752
f 744//744 753//753 750//750
f 753//753 744//744 747//747
f 754//754 749//749 750//750
f 750//750 755//755 754//754
f 752//752 756//756 751//751
f 756//756 752//752 757//757
f 747//747 758//758 753//753
f 758//758 747//747 751//751
f 755//755 750//750 753//753
f 753//753 759//759 755//755
f 760//760 754//754 755//755
f 754//754 760//760 761//761
f 757//757 762//762 756//756
f 762//762 757//757 763//763
f 751//751 764//764 758//758
f 764//764 751//751 756//756
f 759//759 753//753 758//758
f 758//758 765//765 759//759
f 759//759 760//760 755//755
f 760//760 759//759 766//766
f 760//760 767//767 761//761
f 767//767 760//760 768//768
f 763//763 769//769 762//762
f 769//769 763//763 770//770
f 756//756 771//771 764//764
f 771//771 756//756 762//762
f 772//772 765//765 758//758
f 758//758 764//764 772//772
f 765//765 766//766 759//759
f 766//766 765//765 773//773
f 766//766 768//768 760//760
f 768//768 766//766 774//774
f 775//775 767//767 768//768
f 770//770 776//776 769//769
f 776//776 770//770 777//777
f 778//778 762//762 769//769
f 762//762 778//778 771//771
f 779//779 772//772 764//764
f 764//764 771//771 779//779
f 772//772 773//773 765//765
f 773//773 772//772 780//780
f 773//773 774//774 766//766
f 774//774 773//773 781//781
f 775//775 768//768 774//774
f 782//782 776//776 777//777
f 776//776 782//782 783//783
f 784//784 769//769 776//776
f 769//769 784//784 778//778
f 785//785 779//779 771//771
f 771//771 778//778 785//785
f 779//779 780//780 772//772
f 780//780 779//779 786//786
f 780//780 781//781 773//773
f 781//781 780//780 787//787
f 775//775 774//774 781//781
f 788//788 783//783 782//782
f 783//783 788//788 789//789
f 783//783 784//784 776//776
f 784//784 783//783 790//790
f 791//791 785//785 778//778
f 778//778 784//784 791//791
f 792//792 779//779 785//785
f 779//779 792//792 786//786
f 786//786 787//787 780//780
f 787//787 786//786 793//793
f 775//775 781//781 787//787
f 794//794 789//789 788//788
f 789//789 794//794 795//795
f 789//789 790//790 783//783
f 790//790 789//789 796//796
f 797//797 791//791 784//784
f 784//784 790//790 797//797
f 798//798 785//785 791//791
f 785//785 798//798 792//792
f 792//792 793//793 786//786
f 793//793 792//792 799//799
f 775//775 787//787 793//793
f 800//800 795//795 794//794
f 795//795 800//800 801//801
f 795//795 796//796 789//789
f 796//796 795//795 802//802
f 803//803 797//797 790//790
f 790//790 796//796 803//803
f 791//791 804//804 798//798
f 804//804 791//791 797//797
f 798//798 799//799 792//792
f 799//799 798//798 805//805
f 775//775 793//793 799//799
f 806//806 801//801 800//800
f 801//801 806//806 807//807
f 801//801 802//802 795//795
f 802//802 801//801 808//808
f 796//796 802//802 803//803
f 809//809 803//803 802//802
f 797//797 810//810 804//804
f 810//810 797//797 803//803
f 798//798 811//811 805//805
f 811//811 798//798 804//804
f 805//805 775//775 799//799
f 801//801 812//812 808//808
f 812//812 801//801 807//807
f 802//802 808//808 809//809
f 813//813 809//809 808//808
f 803//803 814//814 810//810
f 814//814 803//803 809//809
f 804//804 815//815 811//811
f 815//815 804//804 810//810
f 811//811 775//775 805//805
f 808//808 812//812 813//813
f 816//816 813//813 812//812
f 809//809 817//817 814//814
f 817//817 809//809 813//813
f 810//810 818//818 815//815
f 818//818 810//810 814//814
f 815//815 775//775 811//811
f 816//816 817//817 813//813
f 817//817 816//816 819//819
f 814//814 820//820 818//818
f 820//820 814//814 817//817
f 818//818 775//775 815//815
f 817//817 821//821 820//820
f 821//821 817//817 819//819
f 820//820 775//775 818//818
f 821//821 775//775 820//820
f 822//822 823//823 631//631
f 686//686 822//822 631//631
f 822//822 686//686 824//824
f 689//689 824//824 683//683
f 686//686 683//683 824//824
f 823//823 825//825 826//826
f 825//825 823//823 822//822
f 824//824 689//689 827//827
f 687//687 827//827 684//684
f 689//689 684//684 827//827
f 822//822 828//828 825//825
f 828//828 822//822 824//824
f 826//826 829//829 830//830
f 829//829 826//826 825//825
f 743//743 831//831 832//832
f 832//832 746//746 743//743
f 833//833 827//827 687//687
f 681//681 688//688 833//833
f 687//687 681//681 833//833
f 824//824 834//834 828//828
f 834//834 824//824 827//827
f 825//825 835//835 829//829
f 835//835 825//825 828//828
f 831//831 829//829 832//832
f 829//829 831//831 830//830
f 746//746 832//832 836//836
f 836//836 748//748 746//746
f 837//837 833//833 688//688
f 669//669 668//668 837//837
f 688//688 669//669 837//837
f 827//827 838//838 834//834
f 838//838 827//827 833//833
f 835//835 834//834 839//839
f 834//834 835//835 828//828
f 832//832 835//835 836//836
f 835//835 832//832 829//829
f 748//748 836//836 840//840
f 840//840 752//752 748//748
f 841//841 837//837 668//668
f 659//659 658//658 841//841
f 668//668 659//659 841//841
f 833//833 842//842 838//838
f 842//842 833//833 837//837
f 839//839 838//838 843//843
f 838//838 839//839 834//834
f 836//836 839//839 840//840
f 839//839 836//836 835//835
f 757//757 752//752 840//840
f 840//840 844//844 757//757
f 845//845 846//846 666//666
f 673//673 667//667 846//846
f 646//646 846//846 667//667
f 647//647 846//846 646//646
f 671//671 846//846 647//647
f 672//672 846//846 671//671
f 666//666 846//846 672//672
f 847//847 841//841 658//658
f 658//658 690//690 847//847
f 837//837 848//848 842//842
f 848//848 837//837 841//841
f 838//838 849//849 843//843
f 849//849 838//838 842//842
f 840//840 843//843 844//844
f 843//843 840//840 839//839
f 763//763 757//757 844//844
f 844//844 850//850 763//763
f 846//846 851//851 673//673
f 692//692 675//675 851//851
f 674//674 851//851 675//675
f 673//673 851//851 674//674
f 852//852 845//845 853//853
f 845//845 852//852 846//846
f 854//854 847//847 690//690
f 661//661 660//660 854//854
f 690//690 661//661 854//854
f 841//841 855//855 848//848
f 855//855 841//841 847//847
f 842//842 856//856 849//849
f 856//856 842//842 848//848
f 844//844 849//849 850//850
f 849//849 844//844 843//843
f 770//770 763//763 850//850
f 850//850 857//857 770//770
f 851//851 858//858 692//692
f 691//691 692//692 858//858
f 859//859 846//846 852//852
f 846//846 859//859 851//851
f 860//860 853//853 861//861
f 853//853 860//860 852//852
f 862//862 863//863 800//800
f 806//806 800//800 863//863
f 858//858 854//854 660//660
f 685//685 691//691 858//858
f 660//660 685//685 858//858
f 847//847 864//864 855//855
f 864//864 847//847 854//854
f 848//848 865//865 856//856
f 865//865 848//848 855//855
f 850//850 856//856 857//857
f 856//856 850//850 849//849
f 777//777 770//770 857//857
f 857//857 866//866 777//777
f 867//867 851//851 859//859
f 851//851 867//867 858//858
f 868//868 852//852 860//860
f 852//852 868//868 859//859
f 869//869 862//862 794//794
f 800//800 794//794 862//862
f 863//863 860//860 861//861
f 860//860 863//863 862//862
f 854//854 867//867 864//864
f 867//867 854//854 858//858
f 855//855 870//870 865//865
f 870//870 855//855 864//864
f 857//857 865//865 866//866
f 865//865 857//857 856//856
f 782//782 777//777 866//866
f 866//866 871//871 782//782
f 868//868 867//867 859//859
f 867//867 868//868 872//872
f 873//873 869//869 788//788
f 794//794 788//788 869//869
f 862//862 868//868 860//860
f 868//868 862//862 869//869
f 872//872 864//864 867//867
f 864//864 872//872 870//870
f 871//871 865//865 870//870
f 865//865 871//871 866//866
f 788//788 782//782 871//871
f 871//871 873//873 788//788
f 869//869 872//872 868//868
f 872//872 869//869 873//873
f 873//873 870//870 872//872
f 870//870 873//873 871//871
f 452//452 874//874 454//454
f 874//874 452//452 875//875
f 875//875 876//876 874//874
f 876//876 875//875 877//877
f 874//874 878//878 454//454
f 458//458 454//454 878//878
f 877//877 879//879 876//876
f 879//879 877//877 880//880
f 881//881 878//878 876//876
f 874//874 876//876 878//878
f 878//878 882//882 458//458
f 463//463 458//458 882//882
f 879//879 883//883 884//884
f 883//883 879//879 880//880
f 885//885 881//881 879//879
f 876//876 879//879 881//881
f 881//881 886//886 878//878
f 882//882 878//878 886//886
f 887//887 468//468 882//882
f 463//463 882//882 468//468
f 884//884 888//888 889//889
f 888//888 884//884 883//883
f 890//890 885//885 884//884
f 879//879 884//884 885//885
f 885//885 891//891 881//881
f 886//886 881//881 891//891
f 892//892 887//887 886//886
f 882//882 886//886 887//887
f 893//893 475//475 887//887
f 468//468 887//887 475//475
f 889//889 894//894 895//895
f 894//894 889//889 888//888
f 896//896 890//890 889//889
f 884//884 889//889 890//890
f 890//890 897//897 885//885
f 891//891 885//885 897//897
f 898//898 892//892 891//891
f 886//886 891//891 892//892
f 899//899 893//893 892//892
f 887//887 892//892 893//893
f 900//900 475//475 440//440
f 475//475 441//441 440//440
f 441//441 901//901 447//447
f 441//441 893//893 901//901
f 475//475 893//893 441//441
f 449//449 901//901 450//450
f 446//446 901//901 449//449
f 447//447 901//901 446//446
f 475//475 274//274 273//273
f 274//274 902//902 903//903
f 475//475 902//902 274//274
f 475//475 900//900 902//902
f 895//895 904//904 905//905
f 904//904 895//895 894//894
f 889//889 895//895 896//896
f 906//906 896//896 895//895
f 896//896 907//907 890//890
f 897//897 890//890 907//907
f 891//891 897//897 898//898
f 908//908 898//898 897//897
f 909//909 899//899 898//898
f 892//892 898//898 899//899
f 899//899 910//910 893//893
f 901//901 893//893 910//910
f 911//911 443//443 442//442
f 911//911 912//912 443//443
f 448//448 911//911 442//442
f 450//450 911//911 448//448
f 450//450 901//901 911//911
f 912//912 492//492 278//278
f 911//911 492//492 912//912
f 277//277 278//278 492//492
f 905//905 913//913 914//914
f 913//913 905//905 904//904
f 895//895 905//905 906//906
f 915//915 906//906 905//905
f 916//916 907//907 906//906
f 896//896 906//906 907//907
f 897//897 907//907 908//908
f 917//917 908//908 907//907
f 898//898 908//908 909//909
f 918//918 909//909 908//908
f 909//909 919//919 899//899
f 910//910 899//899 919//919
f 910//910 920//920 901//901
f 911//911 901//901 920//920
f 911//911 921//921 492//492
f 502//502 492//492 921//921
f 914//914 922//922 923//923
f 922//922 914//914 913//913
f 914//914 924//924 905//905
f 915//915 905//905 924//924
f 925//925 916//916 915//915
f 906//906 915//915 916//916
f 907//907 916//916 917//917
f 926//926 917//917 916//916
f 908//908 917//917 918//918
f 927//927 918//918 917//917
f 909//909 918//918 919//919
f 928//928 919//919 918//918
f 919//919 929//929 910//910
f 920//920 910//910 929//929
f 920//920 930//930 911//911
f 921//921 911//911 930//930
f 921//921 931//931 502//502
f 513//513 502//502 931//931
f 932//932 514//514 933//933
f 516//516 933//933 514//514
f 934//934 935//935 922//922
f 923//923 922//922 935//935
f 923//923 936//936 914//914
f 924//924 914//914 936//936
f 937//937 925//925 924//924
f 915//915 924//924 925//925
f 916//916 925//925 926//926
f 938//938 926//926 925//925
f 917//917 926//926 927//927
f 939//939 927//927 926//926
f 918//918 927//927 928//928
f 940//940 928//928 927//927
f 919//919 928//928 929//929
f 941//941 929//929 928//928
f 929//929 942//942 920//920
f 930//930 920//920 942//942
f 930//930 943//943 921//921
f 931//931 921//921 943//943
f 944//944 932//932 945//945
f 933//933 945//945 932//932
f 931//931 946//946 513//513
f 513//513 139//139 531//531
f 513//513 140//140 139//139
f 513//513 366//366 140//140
f 513//513 367//367 366//366
f 385//385 946//946 384//384
f 367//367 946//946 385//385
f 513//513 946//946 367//367
f 159//159 531//531 139//139
f 168//168 531//531 159//159
f 171//171 531//531 168//168
f 380//380 947//947 368//368
f 381//381 947//947 380//380
f 145//145 516//516 144//144
f 369//369 516//516 145//145
f 933//933 368//368 947//947
f 933//933 369//369 368//368
f 933//933 516//516 369//369
f 169//169 516//516 533//533
f 167//167 516//516 169//169
f 162//162 516//516 167//167
f 146//146 516//516 162//162
f 144//144 516//516 146//146
f 379//379 947//947 381//381
f 377//377 947//947 379//379
f 948//948 949//949 944//944
f 932//932 944//944 949//949
f 950//950 948//948 951//951
f 944//944 951//951 948//948
f 949//949 538//538 932//932
f 514//514 932//932 538//538
f 952//952 953//953 934//934
f 935//935 934//934 953//953
f 935//935 954//954 923//923
f 936//936 923//923 954//954
f 955//955 937//937 936//936
f 924//924 936//936 937//937
f 925//925 937//937 938//938
f 956//956 938//938 937//937
f 926//926 938//938 939//939
f 957//957 939//939 938//938
f 927//927 939//939 940//940
f 958//958 940//940 939//939
f 928//928 940//940 941//941
f 959//959 941//941 940//940
f 929//929 941//941 942//942
f 960//960 942//942 941//941
f 951//951 961//961 950//950
f 962//962 950//950 961//961
f 942//942 963//963 930//930
f 943//943 930//930 963//963
f 951//951 944//944 964//964
f 945//945 964//964 944//944
f 943//943 965//965 931//931
f 946//946 931//931 965//965
f 945//945 933//933 966//966
f 947//947 966//966 933//933
f 386//386 947//947 387//387
f 388//388 947//947 386//386
f 384//384 947//947 388//388
f 384//384 946//946 947//947
f 166//166 531//531 171//171
f 165//165 531//531 166//166
f 164//164 531//531 165//165
f 163//163 531//531 164//164
f 170//170 533//533 163//163
f 169//169 533//533 170//170
f 378//378 947//947 377//377
f 387//387 947//947 378//378
f 531//531 163//163 533//533
f 555//555 554//554 952//952
f 953//953 952//952 554//554
f 967//967 968//968 948//948
f 949//949 948//948 968//968
f 969//969 967//967 950//950
f 948//948 950//950 967//967
f 970//970 969//969 962//962
f 950//950 962//962 969//969
f 971//971 970//970 972//972
f 962//962 972//972 970//970
f 968//968 562//562 949//949
f 538//538 949//949 562//562
f 953//953 973//973 935//935
f 954//954 935//935 973//973
f 974//974 955//955 954//954
f 936//936 954//954 955//955
f 937//937 955//955 956//956
f 975//975 956//956 955//955
f 938//938 956//956 957//957
f 976//976 957//957 956//956
f 939//939 957//957 958//958
f 977//977 958//958 957//957
f 940//940 958//958 959//959
f 978//978 959//959 958//958
f 979//979 980//980 972//972
f 971//971 972//972 980//980
f 941//941 959//959 960//960
f 981//981 960//960 959//959
f 961//961 982//982 962//962
f 972//972 962//962 982//982
f 942//942 960//960 963//963
f 983//983 963//963 960//960
f 964//964 984//984 951//951
f 961//961 951//951 984//984
f 963//963 985//985 943//943
f 965//965 943//943 985//985
f 964//964 945//945 986//986
f 966//966 986//986 945//945
f 965//965 966//966 946//946
f 947//947 946//946 966//966
f 953//953 554//554 973//973
f 577//577 973//973 554//554
f 987//987 988//988 967//967
f 968//968 967//967 988//988
f 989//989 987//987 969//969
f 967//967 969//969 987//987
f 990//990 989//989 970//970
f 969//969 970//970 989//989
f 991//991 990//990 971//971
f 970//970 971//971 990//990
f 980//980 992//992 971//971
f 991//991 971//971 992//992
f 993//993 994//994 980//980
f 992//992 980//980 994//994
f 988//988 586//586 968//968
f 562//562 968//968 586//586
f 995//995 974//974 973//973
f 954//954 973//973 974//974
f 975//975 955//955 996//996
f 974//974 996//996 955//955
f 956//956 975//975 976//976
f 997//997 976//976 975//975
f 957//957 976//976 977//977
f 998//998 977//977 976//976
f 999//999 1000//1000 993//993
f 994//994 993//993 1000//1000
f 958//958 977//977 978//978
f 1001//1001 978//978 977//977
f 1002//1002 993//993 979//979
f 980//980 979//979 993//993
f 959//959 978//978 981//981
f 1003//1003 981//981 978//978
f 982//982 1004//1004 972//972
f 979//979 972//972 1004//1004
f 960//960 981//981 983//983
f 1005//1005 983//983 981//981
f 984//984 1006//1006 961//961
f 982//982 961//961 1006//1006
f 963//963 983//983 985//985
f 1007//1007 985//985 983//983
f 986//986 1008//1008 964//964
f 984//984 964//964 1008//1008
f 985//985 986//986 965//965
f 966//966 965//965 986//986
f 601//601 995//995 577//577
f 973//973 577//577 995//995
f 987//987 639//639 988//988
f 640//640 988//988 639//639
f 989//989 652//652 987//987
f 639//639 987//987 652//652
f 636//636 652//652 990//990
f 989//989 990//990 652//652
f 651//651 636//636 991//991
f 990//990 991//991 636//636
f 642//642 651//651 992//992
f 991//991 992//992 651//651
f 648//648 642//642 994//994
f 992//992 994//994 642//642
f 649//649 648//648 1000//1000
f 994//994 1000//1000 648//648
f 662//662 649//649 1009//1009
f 1000//1000 1009//1009 649//649
f 988//988 640//640 586//586
f 612//612 586//586 640//640
f 996//996 974//974 1010//1010
f 995//995 1010//1010 974//974
f 997//997 975//975 1011//1011
f 996//996 1011//1011 975//975
f 1009//1009 1012//1012 662//662
f 655//655 662//662 1012//1012
f 976//976 997//997 998//998
f 1013//1013 998//998 997//997
f 1014//1014 1009//1009 999//999
f 1000//1000 999//999 1009//1009
f 977//977 998//998 1001//1001
f 1015//1015 1001//1001 998//998
f 1016//1016 999//999 1002//1002
f 993//993 1002//1002 999//999
f 978//978 1001//1001 1003//1003
f 1017//1017 1003//1003 1001//1001
f 1004//1004 1018//1018 979//979
f 1002//1002 979//979 1018//1018
f 981//981 1003//1003 1005//1005
f 1019//1019 1005//1005 1003//1003
f 1006//1006 1020//1020 982//982
f 1004//1004 982//982 1020//1020
f 983//983 1005//1005 1007//1007
f 1021//1021 1007//1007 1005//1005
f 1008//1008 1022//1022 984//984
f 1006//1006 984//984 1022//1022
f 985//985 1007//1007 986//986
f 1008//1008 986//986 1007//1007
f 1010//1010 995//995 627//627
f 601//601 627//627 995//995
f 1011//1011 996//996 1023//1023
f 1010//1010 1023//1023 996//996
f 1012//1012 1024//1024 655//655
f 632//632 655//655 1024//1024
f 997//997 1011//1011 1013//1013
f 1025//1025 1013//1013 1011//1011
f 1026//1026 1012//1012 1014//1014
f 1009//1009 1014//1014 1012//1012
f 998//998 1013//1013 1015//1015
f 1027//1027 1015//1015 1013//1013
f 1028//1028 1014//1014 1016//1016
f 999//999 1016//1016 1014//1014
f 1001//1001 1015//1015 1017//1017
f 1029//1029 1017//1017 1015//1015
f 1018//1018 1030//1030 1002//1002
f 1016//1016 1002//1002 1030//1030
f 1003//1003 1017//1017 1019//1019
f 1031//1031 1019//1019 1017//1017
f 1020//1020 1032//1032 1004//1004
f 1018//1018 1004//1004 1032//1032
f 1005//1005 1019//1019 1021//1021
f 1033//1033 1021//1021 1019//1019
f 1022//1022 1034//1034 1006//1006
f 1020//1020 1006//1006 1034//1034
f 1007//1007 1021//1021 1008//1008
f 1022//1022 1008//1008 1021//1021
f 1023//1023 1010//1010 301//301
f 292//292 301//301 1010//1010
f 293//293 292//292 1010//1010
f 627//627 295//295 291//291
f 291//291 293//293 1010//1010
f 627//627 291//291 1010//1010
f 1024//1024 704//704 632//632
f 630//630 632//632 704//704
f 1011//1011 1023//1023 1025//1025
f 1035//1035 1025//1025 1023//1023
f 1036//1036 1024//1024 1026//1026
f 1012//1012 1026//1026 1024//1024
f 1013//1013 1025//1025 1027//1027
f 1037//1037 1027//1027 1025//1025
f 1038//1038 1026//1026 1028//1028
f 1014//1014 1028//1028 1026//1026
f 1015//1015 1027//1027 1029//1029
f 1039//1039 1029//1029 1027//1027
f 1030//1030 1040//1040 1016//1016
f 1028//1028 1016//1016 1040//1040
f 1017//1017 1029//1029 1031//1031
f 1041//1041 1031//1031 1029//1029
f 1032//1032 1042//1042 1018//1018
f 1030//1030 1018//1018 1042//1042
f 1019//1019 1031//1031 1033//1033
f 1043//1043 1033//1033 1031//1031
f 1034//1034 1044//1044 1020//1020
f 1032//1032 1020//1020 1044//1044
f 1021//1021 1033//1033 1022//1022
f 1034//1034 1022//1022 1033//1033
f 1035//1035 298//298 297//297
f 290//290 298//298 1035//1035
f 290//290 1035//1035 1023//1023
f 288//288 290//290 1023//1023
f 301//301 288//288 1023//1023
f 1035//1035 297//297 300//300
f 1035//1035 300//300 302//302
f 714//714 704//704 1036//1036
f 1024//1024 1036//1036 704//704
f 1025//1025 1035//1035 1037//1037
f 1045//1045 1037//1037 1035//1035
f 1046//1046 1036//1036 1038//1038
f 1026//1026 1038//1038 1036//1036
f 1027//1027 1037//1037 1039//1039
f 1047//1047 1039//1039 1037//1037
f 1028//1028 1040//1040 1038//1038
f 1048//1048 1038//1038 1040//1040
f 1029//1029 1039//1039 1041//1041
f 1049//1049 1041//1041 1039//1039
f 1042//1042 1050//1050 1030//1030
f 1040//1040 1030//1030 1050//1050
f 1031//1031 1041//1041 1043//1043
f 1051//1051 1043//1043 1041//1041
f 1044//1044 1052//1052 1032//1032
f 1042//1042 1032//1032 1052//1052
f 1033//1033 1043//1043 1034//1034
f 1044//1044 1034//1034 1043//1043
f 302//302 303//303 306//306
f 302//302 306//306 311//311
f 1045//1045 302//302 311//311
f 1045//1045 311//311 308//308
f 302//302 1045//1045 1035//1035
f 316//316 318//318 723//723
f 1045//1045 308//308 310//310
f 1045//1045 310//310 316//316
f 1045//1045 316//316 723//723
f 724//724 714//714 1046//1046
f 1036//1036 1046//1046 714//714
f 1037//1037 1045//1045 1047//1047
f 1053//1053 1047//1047 1045//1045
f 1054//1054 1046//1046 1048//1048
f 1038//1038 1048//1048 1046//1046
f 1039//1039 1047//1047 1049//1049
f 1055//1055 1049//1049 1047//1047
f 1040//1040 1050//1050 1048//1048
f 1056//1056 1048//1048 1050//1050
f 1041//1041 1049//1049 1051//1051
f 1057//1057 1051//1051 1049//1049
f 1052//1052 1058//1058 1042//1042
f 1050//1050 1042//1042 1058//1058
f 1043//1043 1051//1051 1044//1044
f 1052//1052 1044//1044 1051//1051
f 1045//1045 723//723 1053//1053
f 731//731 1053//1053 723//723
f 1046//1046 1054//1054 724//724
f 732//732 724//724 1054//1054
f 1047//1047 1053//1053 1055//1055
f 1059//1059 1055//1055 1053//1053
f 1048//1048 1056//1056 1054//1054
f 1060//1060 1054//1054 1056//1056
f 1049//1049 1055//1055 1057//1057
f 1061//1061 1057//1057 1055//1055
f 1050//1050 1058//1058 1056//1056
f 1062//1062 1056//1056 1058//1058
f 1051//1051 1057//1057 1052//1052
f 1058//1058 1052//1052 1057//1057
f 1053//1053 731//731 1059//1059
f 737//737 1059//1059 731//731
f 1054//1054 1060//1060 732//732
f 738//738 732//732 1060//1060
f 1055//1055 1059//1059 1061//1061
f 1063//1063 1061//1061 1059//1059
f 1056//1056 1062//1062 1060//1060
f 1064//1064 1060//1060 1062//1062
f 1057//1057 1061//1061 1058//1058
f 1062//1062 1058//1058 1061//1061
f 1059//1059 737//737 1063//1063
f 741//741 1063//1063 737//737
f 1060//1060 1064//1064 738//738
f 742//742 738//738 1064//1064
f 1061//1061 1063//1063 1062//1062
f 1064//1064 1062//1062 1063//1063
f 1063//1063 741//741 1064//1064
f 742//742 1064//1064 741//741
f 1065//1065 743//743 1066//1066
f 745//745 1066//1066 743//743
f 1067//1067 1065//1065 1068//1068
f 1066//1066 1068//1068 1065//1065
f 745//745 749//749 1066//1066
f 1069//1069 1066//1066 749//749
f 1070//1070 1067//1067 1071//1071
f 1068//1068 1071//1071 1067//1067
f 1068//1068 1066//1066 1072//1072
f 1069//1069 1072//1072 1066//1066
f 749//749 754//754 1069//1069
f 1073//1073 1069//1069 754//754
f 1074//1074 1070//1070 1075//1075
f 1071//1071 1075//1075 1070//1070
f 1071//1071 1068//1068 1076//1076
f 1072//1072 1076//1076 1068//1068
f 1069//1069 1073//1073 1072//1072
f 1077//1077 1072//1072 1073//1073
f 761//761 1078//1078 754//754
f 1073//1073 754//754 1078//1078
f 1079//1079 1074//1074 1080//1080
f 1075//1075 1080//1080 1074//1074
f 1075//1075 1071//1071 1081//1081
f 1076//1076 1081//1081 1071//1071
f 1072//1072 1077//1077 1076//1076
f 1082//1082 1076//1076 1077//1077
f 1083//1083 1077//1077 1078//1078
f 1073//1073 1078//1078 1077//1077
f 1084//1084 1078//1078 767//767
f 761//761 767//767 1078//1078
f 1085//1085 1079//1079 1086//1086
f 1080//1080 1086//1086 1079//1079
f 1080//1080 1075//1075 1087//1087
f 1081//1081 1087//1087 1075//1075
f 1076//1076 1088//1088 1081//1081
f 1088//1088 1076//1076 1082//1082
f 1089//1089 1082//1082 1083//1083
f 1077//1077 1083//1083 1082//1082
f 1090//1090 1083//1083 1084//1084
f 1078//1078 1084//1084 1083//1083
f 1084//1084 767//767 775//775
f 1091//1091 1085//1085 1092//1092
f 1086//1086 1092//1092 1085//1085
f 1087//1087 1093//1093 1080//1080
f 1086//1086 1080//1080 1093//1093
f 1081//1081 1094//1094 1087//1087
f 1094//1094 1081//1081 1088//1088
f 1095//1095 1088//1088 1089//1089
f 1082//1082 1089//1089 1088//1088
f 1096//1096 1089//1089 1090//1090
f 1083//1083 1090//1090 1089//1089
f 1090//1090 1084//1084 775//775
f 1097//1097 1098//1098 1092//1092
f 1091//1091 1092//1092 1098//1098
f 1093//1093 1099//1099 1086//1086
f 1092//1092 1086//1086 1099//1099
f 1087//1087 1100//1100 1093//1093
f 1100//1100 1087//1087 1094//1094
f 1101//1101 1094//1094 1095//1095
f 1088//1088 1095//1095 1094//1094
f 1102//1102 1095//1095 1096//1096
f 1089//1089 1096//1096 1095//1095
f 1096//1096 1090//1090 775//775
f 1103//1103 1104//1104 1097//1097
f 1098//1098 1097//1097 1104//1104
f 1105//1105 1097//1097 1099//1099
f 1092//1092 1099//1099 1097//1097
f 1093//1093 1106//1106 1099//1099
f 1106//1106 1093//1093 1100//1100
f 1101//1101 1107//1107 1094//1094
f 1100//1100 1094//1094 1107//1107
f 1108//1108 1101//1101 1102//1102
f 1095//1095 1102//1102 1101//1101
f 1102//1102 1096//1096 775//775
f 1109//1109 1110//1110 1103//1103
f 1104//1104 1103//1103 1110//1110
f 1111//1111 1103//1103 1105//1105
f 1097//1097 1105//1105 1103//1103
f 1099//1099 1112//1112 1105//1105
f 1112//1112 1099//1099 1106//1106
f 1107//1107 1113//1113 1100//1100
f 1106//1106 1100//1100 1113//1113
f 1114//1114 1107//1107 1108//1108
f 1101//1101 1108//1108 1107//1107
f 1108//1108 1102//1102 775//775
f 1115//1115 1116//1116 1109//1109
f 1110//1110 1109//1109 1116//1116
f 1117//1117 1109//1109 1111//1111
f 1103//1103 1111//1111 1109//1109
f 1105//1105 1118//1118 1111//1111
f 1118//1118 1105//1105 1112//1112
f 1112//1112 1106//1106 1119//1119
f 1113//1113 1119//1119 1106//1106
f 1120//1120 1113//1113 1114//1114
f 1107//1107 1114//1114 1113//1113
f 1114//1114 1108//1108 775//775
f 807//807 806//806 1115//1115
f 1116//1116 1115//1115 806//806
f 1121//1121 1115//1115 1117//1117
f 1109//1109 1117//1117 1115//1115
f 1118//1118 1117//1117 1111//1111
f 1117//1117 1118//1118 1122//1122
f 1118//1118 1112//1112 1123//1123
f 1119//1119 1123//1123 1112//1112
f 1119//1119 1113//1113 1124//1124
f 1120//1120 1124//1124 1113//1113
f 1114//1114 775//775 1120//1120
f 807//807 1115//1115 812//812
f 1121//1121 812//812 1115//1115
f 1122//1122 1121//1121 1117//1117
f 1121//1121 1122//1122 1125//1125
f 1122//1122 1118//1118 1126//1126
f 1123//1123 1126//1126 1118//1118
f 1123//1123 1119//1119 1127//1127
f 1124//1124 1127//1127 1119//1119
f 1120//1120 775//775 1124//1124
f 1125//1125 812//812 1121//1121
f 812//812 1125//1125 816//816
f 1125//1125 1122//1122 1128//1128
f 1126//1126 1128//1128 1122//1122
f 1126//1126 1123//1123 1129//1129
f 1127//1127 1129//1129 1123//1123
f 1124//1124 775//775 1127//1127
f 819//819 816//816 1128//1128
f 1125//1125 1128//1128 816//816
f 1128//1128 1126//1126 1130//1130
f 1129//1129 1130//1130 1126//1126
f 1127//1127 775//775 1129//1129
f 819//819 1128//1128 821//821
f 1130//1130 821//821 1128//1128
f 1129//1129 775//775 1130//1130
f 1130//1130 775//775 821//821
f 631//631 1131//1131 682//682
f 1131//1131 631//631 823//823
f 1132//1132 654//654 682//682
f 654//654 1132//1132 656//656
f 1132//1132 682//682 1131//1131
f 1131//1131 823//823 1133//1133
f 826//826 1133//1133 823//823
f 1134//1134 657//657 656//656
f 657//657 1134//1134 680//680
f 1134//1134 656//656 1132//1132
f 1132//1132 1131//1131 1135//1135
f 1133//1133 1135//1135 1131//1131
f 1133//1133 826//826 1136//1136
f 830//830 1136//1136 826//826
f 831//831 743//743 1137//1137
f 1065//1065 1137//1137 743//743
f 366//366 138//138 140//140
f 663//663 1138//1138 679//679
f 680//680 1138//1138 663//663
f 1138//1138 680//680 1134//1134
f 1134//1134 1132//1132 1139//1139
f 1135//1135 1139//1139 1132//1132
f 1135//1135 1133//1133 1140//1140
f 1136//1136 1140//1140 1133//1133
f 830//830 831//831 1136//1136
f 1137//1137 1136//1136 831//831
f 1137//1137 1065//1065 1141//1141
f 1067//1067 1141//1141 1065//1065
f 145//145 141//141 369//369
f 650//650 1142//1142 678//678
f 679//679 1142//1142 650//650
f 1142//1142 679//679 1138//1138
f 1138//1138 1134//1134 1143//1143
f 1139//1139 1143//1143 1134//1134
f 272//272 902//902 440//440
f 900//900 440//440 902//902
f 1135//1135 1140//1140 1139//1139
f 1144//1144 1139//1139 1140//1140
f 1136//1136 1137//1137 1140//1140
f 1141//1141 1140//1140 1137//1137
f 1141//1141 1067//1067 1145//1145
f 1070//1070 1145//1145 1067//1067
f 452//452 465//465 471//471
f 452//452 459//459 465//465
f 555//555 952//952 894//894
f 485//485 875//875 452//452
f 875//875 485//485 494//494
f 471//471 478//478 485//485
f 452//452 471//471 485//485
f 883//883 504//504 519//519
f 883//883 494//494 504//504
f 494//494 883//883 875//875
f 913//913 904//904 894//894
f 519//519 540//540 555//555
f 894//894 519//519 555//555
f 519//519 894//894 888//888
f 452//452 451//451 455//455
f 452//452 455//455 459//459
f 952//952 922//922 894//894
f 922//922 913//913 894//894
f 519//519 888//888 883//883
f 883//883 880//880 877//877
f 883//883 877//877 875//875
f 952//952 934//934 922//922
f 677//677 1146//1146 676//676
f 678//678 1146//1146 677//677
f 1146//1146 678//678 1142//1142
f 1142//1142 1138//1138 1147//1147
f 1143//1143 1147//1147 1138//1138
f 902//902 272//272 903//903
f 1139//1139 1144//1144 1143//1143
f 1148//1148 1143//1143 1144//1144
f 274//274 903//903 272//272
f 173//173 912//912 278//278
f 912//912 173//173 443//443
f 1140//1140 1141//1141 1144//1144
f 1145//1145 1144//1144 1141//1141
f 1074//1074 1145//1145 1070//1070
f 1145//1145 1074//1074 1149//1149
f 1150//1150 628//628 645//645
f 1150//1150 629//629 628//628
f 1150//1150 664//664 629//629
f 1150//1150 665//665 664//664
f 1150//1150 666//666 665//665
f 645//645 644//644 1150//1150
f 666//666 1150//1150 845//845
f 676//676 1151//1151 643//643
f 1151//1151 676//676 1146//1146
f 1146//1146 1142//1142 1152//1152
f 1147//1147 1152//1152 1142//1142
f 1147//1147 1143//1143 1153//1153
f 1148//1148 1153//1153 1143//1143
f 1144//1144 1145//1145 1148//1148
f 1149//1149 1148//1148 1145//1145
f 1079//1079 1149//1149 1074//1074
f 1149//1149 1079//1079 1154//1154
f 1155//1155 634//634 633//633
f 1155//1155 644//644 634//634
f 633//633 638//638 1155//1155
f 1155//1155 1150//1150 644//644
f 1150//1150 1156//1156 845//845
f 853//853 845//845 1156//1156
f 641//641 1157//1157 670//670
f 643//643 1157//1157 641//641
f 1157//1157 643//643 1151//1151
f 1151//1151 1146//1146 1158//1158
f 1152//1152 1158//1158 1146//1146
f 1152//1152 1147//1147 1159//1159
f 1153//1153 1159//1159 1147//1147
f 1148//1148 1149//1149 1153//1153
f 1154//1154 1153//1153 1149//1149
f 1085//1085 1154//1154 1079//1079
f 1154//1154 1085//1085 1160//1160
f 638//638 635//635 1161//1161
f 1161//1161 1155//1155 638//638
f 1155//1155 1162//1162 1150//1150
f 1156//1156 1150//1150 1162//1162
f 1156//1156 1163//1163 853//853
f 861//861 853//853 1163//1163
f 863//863 1116//1116 806//806
f 1116//1116 863//863 1164//1164
f 637//637 1161//1161 635//635
f 670//670 1161//1161 637//637
f 1161//1161 670//670 1157//1157
f 1157//1157 1151//1151 1165//1165
f 1158//1158 1165//1165 1151//1151
f 1158//1158 1152//1152 1166//1166
f 1159//1159 1166//1166 1152//1152
f 1153//1153 1154//1154 1159//1159
f 1160//1160 1159//1159 1154//1154
f 1091//1091 1160//1160 1085//1085
f 1160//1160 1091//1091 1167//1167
f 1161//1161 1168//1168 1155//1155
f 1162//1162 1155//1155 1168//1168
f 1162//1162 1169//1169 1156//1156
f 1163//1163 1156//1156 1169//1169
f 1164//1164 1110//1110 1116//1116
f 1110//1110 1164//1164 1170//1170
f 1164//1164 863//863 1163//1163
f 861//861 1163//1163 863//863
f 1161//1161 1157//1157 1168//1168
f 1165//1165 1168//1168 1157//1157
f 1165//1165 1158//1158 1171//1171
f 1166//1166 1171//1171 1158//1158
f 1159//1159 1160//1160 1166//1166
f 1167//1167 1166//1166 1160//1160
f 1098//1098 1167//1167 1091//1091
f 1167//1167 1098//1098 1172//1172
f 1173//1173 1169//1169 1168//1168
f 1162//1162 1168//1168 1169//1169
f 1170//1170 1104//1104 1110//1110
f 1104//1104 1170//1170 1174//1174
f 1170//1170 1164//1164 1169//1169
f 1163//1163 1169//1169 1164//1164
f 1171//1171 1173//1173 1165//1165
f 1168//1168 1165//1165 1173//1173
f 1167//1167 1172//1172 1166//1166
f 1171//1171 1166//1166 1172//1172
f 1104//1104 1172//1172 1098//1098
f 1172//1172 1104//1104 1174//1174
f 1174//1174 1170//1170 1173//1173
f 1169//1169 1173//1173 1170//1170
f 1172//1172 1174//1174 1171//1171
f 1173//1173 1171//1171 1174//1174