# https://github.com/mikedh/trimesh
v -0.05990952 0.01000445 -0.10938117
v -0.06018358 0.03527947 -0.10938407
v 0.00114243 -0.03027638 -0.10937842
v -0.05307122 0.05324121 -0.10938110
v -0.01626335 -0.02721368 -0.10938005
v -0.06121272 0.02840037 -0.10937921
v -0.02494610 -0.02415469 -0.10937971
v -0.05414749 0.04959854 -0.10938113
v -0.04701558 0.05749928 -0.10938087
v 0.03197889 -0.01206900 -0.10938065
v -0.05823404 0.04439742 -0.10938111
v 0.04218259 0.00597138 -0.10938004
v -0.05143899 0.05516478 -0.10938424
v 0.03480080 0.06311451 -0.10937911
v 0.00552910 -0.02734320 -0.10936246
v 0.01178254 -0.02530350 -0.10938466
v -0.03837850 -0.01915738 -0.10938168
v -0.05574470 0.00028865 -0.10938144
v -0.04477630 -0.01360324 -0.10938315
v -0.02888858 -0.02323673 -0.10938022
v -0.03518606 -0.02103739 -0.10936623
v 0.04478907 0.01625788 -0.10938080
v -0.00593135 -0.02803269 -0.10938687
v -0.00057247 0.07406665 -0.10938066
v 0.03954419 0.05219595 -0.10938127
v 0.04170272 0.04738166 -0.10938154
v 0.04219742 0.00265285 -0.10938166
v 0.02813002 0.06933506 -0.10938114
v 0.03175598 0.06674065 -0.10938132
v 0.04173624 -0.00000847 -0.10938193
v 0.04544669 0.03132320 -0.10938039
v 0.02583559 -0.01901132 -0.10937249
v -0.06172506 0.01688581 -0.10938106
v 0.04369294 0.04321982 -0.10938386
v -0.01191564 0.07390868 -0.10938097
v 0.04606217 0.03851637 -0.10938388
v 0.02871541 -0.01685656 -0.10938058
v 0.01889348 -0.02160840 -0.10938172
v 0.04432650 0.01260037 -0.10938255
v -0.00201391 -0.02965953 -0.10938143
v 0.04708769 0.02359140 -0.10937843
v -0.01222132 -0.02702610 -0.10938088
v -0.03220334 0.06746943 -0.10938177
v 0.04053715 -0.00199914 -0.10935351
v 0.03603930 -0.00644863 -0.10938295
v -0.05227127 -0.00495513 -0.10938176
v -0.05893162 0.04111133 -0.10938220
v -0.02109641 -0.02621875 -0.10938077
v -0.03999726 0.06278839 -0.10938201
v -0.05822052 0.00519505 -0.10938112
v 0.02063195 0.07213521 -0.10937768
v 0.05035776 0.03946094 -0.09323998
v 0.05049809 0.03948690 -0.09320094
v 0.05035004 0.03950583 -0.09344338
v 0.05044127 0.03966373 -0.09321940
v 0.04933647 0.04167514 -0.09766771
v 0.04910613 0.04166387 -0.09795603
v 0.04941310 0.04163427 -0.09802547
v 0.04931530 0.04173059 -0.09808824
v 0.04989817 0.04025856 -0.09751020
v 0.05000107 0.04026102 -0.09785563
v 0.05011868 0.04004760 -0.09743471
v 0.05015448 0.04034423 -0.09732747
v 0.04974800 0.04049621 -0.09895851
v 0.04968832 0.04108610 -0.09857324
v 0.04914027 0.04079292 -0.10113960
v 0.04935593 0.04123902 -0.10075003
v 0.00238641 -0.06196461 -0.03727045
v 0.00214123 -0.06189522 -0.03723522
v 0.00230829 -0.06162350 -0.03727195
v 0.00239453 -0.06178754 -0.03732409
v -0.06543224 -0.00922839 0.06973470
v 0.01213604 -0.07371587 0.00497793
v -0.06487714 0.00254758 0.07683642
v 0.03472808 -0.00248903 0.08149711
v -0.06412819 -0.00442467 0.07476811
v 0.01198733 -0.07406181 -0.00162385
v -0.06191898 -0.01643032 0.06924386
v -0.06138792 -0.01716027 0.06802436
v 0.05389654 0.00995916 -0.02495019
v 0.01474325 -0.07681971 -0.00067111
v 0.04980281 0.00340957 -0.06350398
v 0.01220835 -0.07249812 -0.01064315
v 0.05835093 0.00679810 0.06997360
v 0.05856991 0.00981177 0.06661631
v 0.05107976 0.00888405 -0.07467531
v 0.01149546 -0.07133351 -0.00540378
v 0.04956679 0.00847294 -0.09405406
v -0.05683750 -0.01510895 0.07566844
v 0.03206280 0.00263705 0.08061496
v -0.06988314 0.00314761 0.06932511
v 0.01053776 -0.07125181 -0.01114293
v -0.05554092 -0.02220841 0.07070069
v 0.01495041 -0.07780759 -0.00334006
v -0.06694521 -0.00576748 0.06834838
v -0.06599647 -0.00537870 0.06680937
v -0.06325869 -0.01046001 0.06698508
v -0.05773636 -0.00986917 0.07776217
v -0.06112447 0.00196145 0.07906003
v 0.01260218 -0.07273382 -0.01786526
v -0.05086780 -0.00241434 0.08377800
v -0.04834144 -0.00847563 0.08333448
v -0.04685376 -0.01045932 0.08327022
v -0.04523947 -0.00589563 0.08278708
v -0.04539496 0.00216103 0.08221176
v 0.03831028 -0.02531434 0.06527548
v -0.04403798 0.00292144 0.08060558
v 0.01700114 -0.03532087 0.00758091
v -0.04277321 0.00287743 0.07203565
v -0.03908063 0.01247376 0.06886225
v -0.03836788 0.00011659 0.06966723
v -0.03754896 -0.00359547 0.07038327
v -0.04949672 -0.01142666 0.08041411
v -0.03795967 -0.00442984 0.07140197
v -0.04925888 -0.01934600 0.07799808
v -0.05187264 -0.02484726 0.07204875
v -0.03390432 -0.00135274 0.06896781
v -0.03256830 -0.00995758 0.07109388
v -0.04952440 -0.02234445 0.07619629
v -0.03131295 -0.00914077 0.06933932
v -0.02592616 -0.01758197 0.08086446
v -0.02887084 -0.01313489 0.07273323
v -0.02953740 -0.01169529 0.07054361
v -0.02711550 -0.01279500 0.07184732
v -0.03843102 -0.03424852 0.03134337
v -0.02811003 -0.01084732 0.07016847
v -0.02614265 -0.03062266 0.07958264
v -0.02631027 -0.01614160 0.07933876
v -0.02410760 -0.01582180 0.07518063
v -0.02901973 -0.02530514 0.08149987
v 0.03913670 -0.02218595 0.03272956
v -0.04438182 -0.01733148 0.08015107
v -0.02266839 -0.01436050 0.07434502
v 0.04981782 -0.01147254 0.06616518
v -0.01855237 -0.01780461 0.07751798
v 0.04455899 -0.00860619 -0.04487218
v -0.01779025 -0.01573917 0.07694593
v 0.04327914 -0.01903671 0.04992717
v 0.04418744 -0.00747385 -0.06303415
v -0.01416432 -0.04290403 0.05929382
v 0.04843336 0.00214147 -0.07580837
v 0.04670800 -0.00031444 -0.08371580
v -0.01123781 -0.04317210 0.05674114
v 0.04489075 -0.01687895 0.04528801
v -0.01225777 -0.04359389 0.06256866
v -0.00618651 -0.04371600 0.06398332
v -0.00913270 -0.04278480 0.06465326
v -0.04026542 -0.02894764 0.07699948
v 0.04296319 0.00583007 -0.10835287
v -0.00854099 -0.05045270 0.04858372
v 0.05008724 0.00816585 -0.08798689
v -0.00180764 -0.04350418 0.06175249
v -0.00917599 -0.05257457 0.04995931
v -0.00844686 -0.05520054 0.04972022
v -0.00525949 -0.04806686 0.05085359
v -0.00226691 -0.05054993 0.05089236
v -0.00492035 -0.04317576 0.05038999
v -0.00852682 -0.05940925 0.04739545
v -0.00720331 -0.06388890 0.04540302
v 0.05466423 -0.00221402 0.06606604
v -0.06469392 -0.00882111 0.06384957
v 0.00069032 -0.04332328 0.06528245
v -0.00787472 -0.06937198 0.03548161
v -0.00754921 -0.06771016 0.03974751
v -0.00613379 -0.05775054 0.04431159
v -0.00663971 -0.07924065 0.03498855
v -0.00685593 -0.06102810 0.05026874
v -0.00256256 -0.06057742 0.05011987
v -0.06290937 -0.00985088 0.03384557
v -0.06309532 -0.00738111 0.02513880
v -0.00555662 -0.07482705 0.04270383
v -0.00630951 -0.06289104 0.04258937
v -0.00468262 -0.07817736 0.03765467
v -0.00347243 -0.07126301 0.04523729
v -0.00442089 -0.06711373 0.03605491
v 0.00090444 -0.06662045 0.04829273
v -0.04568162 -0.03154979 0.06743508
v -0.06401105 -0.00593965 0.01681355
v 0.00377249 -0.06543414 0.04851716
v -0.04231743 -0.01587784 0.08203998
v 0.00458779 -0.05981813 0.04988377
v -0.00233212 -0.06383180 0.03845144
v -0.04451767 -0.01263036 0.08237546
v 0.00472410 -0.06850684 0.04703383
v -0.06444849 -0.00272162 -0.00560519
v 0.00873365 -0.06502131 0.05071497
v 0.00369529 -0.07434920 0.04210714
v -0.05868698 -0.01230740 -0.01009751
v 0.00739118 -0.07275164 0.04353578
v -0.00170704 -0.06097557 0.04009709
v -0.05457816 -0.01737224 -0.00365898
v 0.00363944 -0.07620820 0.03877779
v 0.01216313 -0.02410531 0.08112532
v 0.00771504 -0.06072289 0.05176990
v 0.04146587 -0.01465301 -0.02378681
v 0.00702227 -0.07900929 0.02785283
v -0.06060985 -0.00908693 -0.01464433
v 0.00874744 -0.05232728 0.04010236
v -0.05309430 -0.01568676 -0.03491330
v 0.01064855 -0.06954732 0.04799316
v 0.01061450 -0.07271323 0.04576408
v 0.02653472 -0.02874292 -0.01084881
v 0.00736986 -0.06983037 0.03021125
v 0.00979467 -0.06777510 0.03085702
v 0.00952336 -0.06886372 0.02886507
v 0.01058829 -0.07610677 0.03969681
v 0.01208029 -0.07755894 0.03786358
v -0.04372480 -0.03084615 0.07268279
v 0.01321050 -0.07253063 0.04270045
v 0.01005697 -0.07763271 0.03404310
v 0.04591276 -0.01249749 0.01564917
v 0.03594122 -0.02120746 -0.01454982
v 0.05018635 -0.00667349 0.02487987
v 0.01488793 -0.07044204 0.04201551
v 0.02784337 -0.01351093 0.08141000
v 0.01552727 -0.07279405 0.04044052
v 0.03102349 -0.01651436 -0.10665000
v 0.05204356 -0.00525199 0.04112616
v 0.01505408 -0.07387880 0.03630513
v 0.01488325 -0.07528392 0.03720364
v 0.03386221 -0.01118274 -0.10746485
v 0.04366598 -0.00706203 -0.07042671
v 0.02294398 -0.00399301 0.07715869
v 0.01487574 -0.07828446 0.02729321
v 0.03672296 -0.01089579 -0.10515484
v 0.01520225 -0.07649446 0.02791296
v -0.03822149 -0.01727193 0.08218059
v 0.02036816 -0.03784595 0.06975224
v 0.04232639 -0.00267052 -0.10640117
v 0.02768045 0.01016799 0.07726256
v -0.05976047 -0.02108822 0.06819225
v 0.05252005 0.01460798 -0.07072129
v 0.05185102 0.01496039 -0.08493517
v -0.05994251 -0.01654779 0.06647020
v 0.04744486 -0.00699506 -0.01598538
v 0.05501247 0.00851804 0.00335558
v -0.05830958 -0.02287065 0.06800993
v -0.05891434 -0.02157898 0.06664929
v -0.04697637 0.01200252 0.08016951
v 0.04084309 -0.01302752 -0.05459499
v -0.06421103 0.00017626 -0.00625136
v -0.00910154 -0.06565915 -0.03521656
v 0.01174955 -0.03254583 -0.05886444
v -0.00783803 -0.07120511 -0.02786390
v -0.00771233 -0.06841526 -0.03068738
v 0.00006627 -0.07429338 -0.01638224
v -0.06437956 0.00195963 -0.01791418
v -0.00664826 -0.07127540 -0.02348675
v -0.00932552 -0.07251711 -0.03672109
v -0.01032303 -0.06730161 -0.03751440
v -0.00909706 -0.06359909 -0.04002607
v -0.05823349 -0.01918798 0.06635729
v -0.06430305 0.00209249 -0.02168507
v -0.00628661 -0.07096983 -0.02769052
v -0.03955967 -0.00825263 0.08217045
v -0.06500983 -0.00037888 -0.01914710
v 0.01310153 -0.03201371 -0.06127165
v -0.00387473 -0.07123463 -0.02853840
v -0.00748262 -0.06261408 -0.03934064
v 0.01073989 -0.03170002 -0.07607473
v -0.05981376 -0.01976864 0.06637783
v -0.06519622 0.00148317 -0.03129092
v -0.00773460 -0.06269027 -0.04320424
v -0.06760491 0.00901446 -0.01436629
v -0.00779957 -0.06591358 -0.03429715
v -0.05803227 -0.02275049 0.06726389
v -0.00576163 -0.06787351 -0.03317157
v -0.00795533 -0.07006356 -0.04333210
v -0.00915141 -0.06539918 -0.04435496
v -0.06430607 0.00450288 -0.03887099
v -0.06522453 0.00230010 -0.03757527
v -0.00845683 -0.06262582 -0.04544857
v -0.00891790 -0.05779651 -0.05138559
v -0.00039285 -0.06849942 -0.03204103
v -0.06462788 0.00300170 -0.05460744
v -0.00649892 -0.06248800 -0.04352408
v -0.06510449 0.00567742 -0.06025430
v -0.00708431 -0.06178787 -0.04502362
v 0.00056526 -0.05564886 -0.04628264
v -0.00335297 -0.06589901 -0.05130714
v -0.03910183 -0.03535621 0.06950679
v -0.00564180 -0.04319718 -0.05541699
v -0.05733399 -0.02105925 0.06581101
v -0.05361455 -0.00977536 -0.07789878
v -0.05625980 -0.02144146 0.06396838
v -0.00567917 -0.05298884 -0.05598301
v 0.00772412 -0.03603679 -0.02691724
v 0.00122872 -0.05038963 -0.04922372
v -0.05481287 -0.02361986 0.06804616
v 0.00402704 -0.05472890 -0.04957798
v -0.03597937 -0.02758635 -0.05737338
v 0.00306295 -0.03802614 -0.05336406
v -0.03968422 -0.02318084 -0.08460232
v 0.00736399 -0.03458201 -0.05549153
v -0.02707157 -0.03261411 -0.05078688
v 0.00277558 -0.03816414 -0.05173968
v 0.00763867 -0.03653696 -0.05149111
v 0.01629077 -0.02825930 -0.08960520
v 0.00200669 -0.04563279 -0.05867059
v 0.00318563 -0.05317677 -0.05843353
v 0.00603637 -0.04545427 -0.05981501
v 0.00856002 -0.04187893 -0.05029045
v 0.01102606 -0.01525319 0.07319282
v 0.00748665 -0.03516826 -0.05224736
v 0.01077191 -0.01758773 0.07670188
v 0.00697061 -0.03574433 -0.05302529
v 0.00985389 -0.01202984 0.07127777
v 0.01007540 -0.00870105 0.06856572
v 0.00829157 -0.00170752 0.06986958
v 0.00395458 -0.04168883 -0.05769849
v 0.01109691 -0.01192415 0.07019104
v 0.01066214 -0.01028658 0.06885326
v 0.01048018 -0.00854279 0.06821672
v 0.00998035 -0.00496867 0.06749832
v 0.00724131 -0.03637296 -0.05334078
v 0.00540440 -0.03768856 -0.05415016
v 0.01216432 -0.01693667 0.07526992
v 0.01155484 -0.01275062 0.07082881
v 0.01279676 -0.01063351 0.06911912
v 0.00603951 -0.03498800 -0.04916710
v 0.00129702 -0.07461037 0.01251031
v 0.00792638 -0.03472301 -0.05565589
v 0.00812064 -0.03473001 -0.06090779
v 0.00377924 -0.03434652 -0.06677486
v 0.00267072 -0.07582046 0.01598104
v 0.00753996 -0.03425993 -0.05858267
v 0.00018150 -0.07214765 0.00647848
v -0.00243792 -0.07352590 -0.00366168
v 0.01638533 -0.03300558 -0.02900991
v 0.00924692 -0.03413892 -0.05541903
v 0.00624551 -0.03428106 -0.06222762
v 0.01435239 -0.03238600 -0.04802558
v 0.00126543 -0.07540015 0.00984334
v 0.00166531 -0.07543478 0.00385157
v -0.00688459 -0.08153041 -0.01564565
v 0.01968845 -0.02523051 -0.10140846
v 0.00309825 -0.07615111 0.00382156
v 0.01051100 -0.03264261 -0.05805982
v 0.00222692 -0.07529318 0.00180915
v 0.00111637 -0.07267085 0.00103793
v 0.00241856 0.03432300 0.08147936
v 0.00116615 -0.07334742 -0.00925308
v 0.01445222 -0.03845050 0.03645735
v 0.00135068 -0.03159634 -0.10842469
v 0.00400409 -0.03015779 -0.10802512
v 0.00149829 -0.07345018 -0.01217922
v -0.00580538 -0.07931644 -0.02909076
v -0.00087383 -0.03875861 -0.01210215
v 0.00164888 -0.07274645 -0.02204288
v 0.04370480 -0.00544278 -0.08521627
v 0.00436996 0.02221166 0.07948226
v 0.00007987 -0.07985596 -0.03607568
v 0.04099110 -0.00722920 -0.09836299
v 0.00594433 -0.03040083 -0.10524270
v 0.05285993 -0.00240114 0.03301378
v 0.00462135 -0.08298009 -0.02030236
v 0.00516374 -0.07533725 -0.01880813
v 0.00413248 -0.06878276 -0.03164464
v 0.02939731 -0.03222697 0.06369448
v 0.00428873 0.01752182 0.08114727
v 0.00475328 -0.06993880 -0.02757725
v 0.00367173 -0.06896079 -0.03715996
v 0.05699762 0.01885211 0.07603868
v 0.00524570 -0.06964009 -0.03448373
v 0.05970083 0.01512879 0.07034940
v 0.00804260 -0.07212869 -0.02202942
v 0.01082070 -0.06812662 -0.03127671
v 0.01971321 -0.02141799 -0.10876929
v 0.01163991 -0.02565180 -0.10823506
v 0.01046342 -0.06930030 -0.02734964
v 0.00868945 -0.07931629 -0.03598310
v 0.00953909 -0.07157468 -0.01633842
v 0.05211411 0.00133121 -0.00657487
v 0.01099642 -0.07406497 -0.02027043
v 0.00781059 -0.06891417 -0.03599622
v 0.05639664 0.00690693 0.03587936
v 0.00445004 -0.06939119 -0.03772708
v 0.01146032 -0.06824526 -0.03729745
v 0.00657259 -0.06902520 -0.03284781
v 0.01508992 -0.03472202 -0.01217358
v 0.00704181 -0.07492821 -0.04502901
v 0.00690485 -0.05818267 -0.05649386
v 0.01076476 -0.05754303 -0.04530225
v 0.00997204 -0.05339774 -0.04651065
v 0.01025397 -0.04992245 -0.04579724
v 0.01167039 -0.05179906 -0.04792593
v 0.01076727 -0.04492348 -0.05005689
v 0.00965515 -0.06623034 -0.05225068
v -0.03051734 -0.03964615 0.06841315
v 0.05521922 0.01598140 -0.02221794
v 0.05547531 0.02643758 -0.03057295
v 0.01030592 -0.06003782 -0.05494394
v 0.01140282 -0.05389623 -0.05540510
v 0.01233861 -0.04440356 -0.05663975
v 0.02713085 -0.01972082 -0.10745508
v 0.01192621 -0.04616643 -0.05340005
v 0.05278751 0.03255198 -0.07321077
v 0.05301597 0.02016725 -0.07265440
v 0.05287372 0.02423335 -0.08131203
v 0.02733914 -0.02046638 -0.10533459
v 0.01011842 -0.03697871 -0.06162374
v 0.01163411 -0.03752004 -0.05768563
v 0.01229207 -0.05800103 -0.05459064
v -0.07097734 0.01105915 0.05201402
v -0.07201766 0.01774533 0.06562185
v -0.06181801 0.04222802 0.07916806
v -0.03089864 -0.03129596 0.07804844
v -0.05990845 0.05260806 0.07870002
v -0.06263963 0.04913528 0.06986154
v 0.02617471 -0.02615147 -0.04763576
v -0.06234930 0.05655978 0.05101492
v 0.02625708 -0.02210631 -0.09864071
v -0.05282703 0.05059532 0.08241424
v 0.02175117 -0.02666384 -0.07523951
v 0.03287785 -0.02027426 -0.05795420
v -0.04926682 0.05415514 0.08282119
v -0.04692999 0.04943590 0.08407371
v -0.02240256 0.08534617 0.05125465
v 0.04914853 -0.00065103 -0.04392707
v -0.04265934 0.07660420 0.06113022
v -0.03931109 0.05196094 0.08423690
v -0.01903660 0.08645802 0.06530951
v -0.03708562 0.06923544 0.08266339
v -0.01389327 0.08420190 0.07567436
v -0.03734797 -0.02020033 -0.10781680
v -0.01644480 0.08782384 0.05936558
v -0.03943695 0.07820421 0.03795217
v -0.03900220 0.07017147 0.08095656
v -0.00484820 0.06833076 0.08426071
v -0.03377431 0.08177420 0.06789574
v 0.05826105 0.02672605 0.03342575
v -0.03663374 0.08000958 0.05769759
v -0.03072837 0.05347563 0.07636604
v 0.00048205 0.03994746 0.08270933
v -0.03239802 0.08188153 0.04639347
v -0.02131654 -0.03214911 -0.07684319
v 0.00079796 0.04777118 0.08157869
v 0.00150297 0.04589527 0.07910687
v -0.03000446 0.07591534 0.08098700
v 0.00079516 0.06351334 0.08177136
v 0.00102443 0.06458366 0.08324514
v -0.03159347 -0.03708008 0.07315836
v -0.03759135 0.07849895 0.00770888
v -0.02035399 -0.03608673 -0.03862098
v 0.00725808 0.06368457 0.08325541
v 0.00507950 0.07272627 0.08365196
v -0.02078876 0.02253032 0.07945684
v 0.01680034 0.06447698 0.08389454
v -0.02896464 -0.03998748 0.06372130
v -0.01892496 0.08235361 0.07717210
v 0.01502705 0.05961490 0.08181384
v -0.02594297 -0.04085039 0.05589699
v -0.01917702 0.08575712 0.05766912
v -0.03638588 -0.02384609 -0.09914053
v -0.02199909 0.07720651 0.08232140
v -0.03440032 -0.02208250 -0.10713729
v -0.02106077 0.06454136 0.08430790
v -0.03119023 -0.02855031 -0.07674230
v 0.05681926 0.02216100 -0.00238236
v -0.01460425 0.04987049 0.08373706
v -0.01869339 -0.04107825 0.07260280
v -0.01378652 -0.03426652 -0.07132532
v -0.01113209 0.01387917 0.08254087
v 0.01226043 0.06249279 0.08347291
v -0.04738747 -0.01315280 -0.10446411
v -0.02909282 -0.02853757 -0.09130021
v -0.04920778 -0.00874121 -0.10823597
v 0.00181002 0.02416066 0.08260621
v -0.00958853 -0.05469078 -0.04792678
v -0.01006436 -0.04897822 -0.04975489
v -0.00369407 -0.03770305 -0.03132251
v -0.00441608 -0.03651125 -0.05222680
v -0.00072850 0.06237903 0.08187689
v -0.00802767 -0.05630635 -0.04611422
v 0.00035812 0.06245321 0.07575634
v 0.00361715 0.06352997 0.08198581
v -0.00898479 -0.04430701 -0.05109175
v 0.04776482 0.00275114 -0.09673877
v -0.00843754 -0.04209636 -0.05277679
v -0.02431300 -0.04138606 0.06245231
v -0.00861053 -0.06770063 -0.03259564
v -0.00490376 -0.03808107 -0.05182247
v 0.00545448 0.08153339 0.07884691
v 0.02787126 0.02173140 0.07699660
v 0.04808904 0.00755329 -0.10313691
v -0.00424964 0.08657234 0.07575462
v -0.00411939 0.09765648 0.07267888
v -0.00222949 0.09722405 0.06881153
v -0.00512491 0.09966153 0.06914216
v 0.01314496 0.07742177 0.08033898
v -0.00515874 0.08760781 0.07030886
v -0.02210363 -0.04229004 0.06508933
v 0.01122344 0.08279183 0.07730144
v 0.00027199 0.05871217 0.07441655
v -0.00048504 0.06154045 0.07897067
v 0.00586788 0.08411791 0.07710975
v -0.00198981 0.09345370 0.07138612
v -0.00487379 0.09599748 0.07128168
v -0.00286648 0.09605769 0.06847633
v 0.00371142 0.08662520 0.06394646
v -0.00244889 0.09798516 0.07161149
v -0.00423605 0.09992995 0.07105811
v -0.00892729 0.08724283 0.05792102
v -0.00892685 0.08736350 0.05230207
v 0.01354735 0.08052185 0.07792854
v 0.00761067 0.08822478 0.07187107
v 0.00014045 0.06022585 0.07330229
v 0.00783217 0.08565554 0.06876872
v -0.00027337 0.09299527 0.07257747
v -0.00000370 0.09525347 0.07155453
v -0.00180665 0.09566956 0.07217051
v -0.00078150 0.09600071 0.06973852
v 0.00128542 0.08811979 0.07197395
v 0.00127368 0.06267545 0.07413418
v -0.00535342 -0.03246763 -0.10233650
v 0.00247024 0.04169502 0.07385203
v 0.00375723 0.03814138 0.06830044
v 0.00377737 0.08643382 0.06944558
v -0.00173367 0.09322574 0.07013532
v 0.00321120 0.06257758 0.07261456
v 0.00127771 0.09277844 0.06921990
v 0.03954407 0.04367752 0.08311571
v 0.00133201 0.06076416 0.07181639
v 0.00590398 0.01833612 0.06858938
v 0.00728001 0.02053118 0.06529827
v 0.00511769 0.02738681 0.06708219
v 0.00790121 0.00825568 0.06698302
v 0.00162491 0.05794006 0.07073481
v 0.00603009 0.08724673 0.06959351
v 0.00297418 0.08688060 0.07339375
v 0.00345519 0.09094477 0.07256285
v 0.00192046 0.08964999 0.07197142
v 0.00299306 0.08809934 0.07082242
v -0.06844351 0.02612886 -0.03624774
v -0.02884069 -0.02713947 -0.10204010
v 0.00200995 0.05149116 0.06936632
v 0.00460281 0.05945341 0.07067006
v 0.04397007 0.02088524 0.08234129
v -0.06709832 0.03402027 -0.04037253
v 0.00427343 0.04366608 0.06720329
v 0.00667894 0.08679088 0.07329842
v 0.00435072 0.04953749 0.06806958
v 0.00718869 -0.02876560 -0.05333312
v -0.05330283 0.06651723 0.01546475
v 0.00687555 -0.03004253 -0.05367047
v 0.01433887 0.08271860 0.07609457
v 0.00977581 0.00927041 0.06521570
v 0.00904810 0.02382775 0.06416009
v 0.00565558 0.09017463 0.06957029
v 0.00547640 0.03263861 0.06605567
v 0.03747984 0.01966316 0.08132086
v 0.01109874 0.06009898 0.07211167
v 0.00834638 0.08734773 0.07005487
v -0.05211450 0.06476125 -0.02589052
v -0.05539564 0.05203020 -0.10551943
v 0.04813437 0.04908636 -0.07518477
v 0.00974466 0.08574215 0.06955029
v 0.00788522 0.03254725 0.06501025
v -0.06411694 0.01223135 -0.08790555
v 0.00704530 0.04257641 0.06611772
v 0.04436359 0.01238634 0.08187522
v 0.01996197 0.04517316 0.07375972
v 0.01799610 0.06107602 0.08405275
v -0.06447542 0.02956072 -0.09926475
v -0.00410872 -0.03132748 -0.10662996
v 0.01094309 0.03567829 0.06540902
v 0.01124090 0.04950689 0.06870940
v -0.02684326 -0.02670942 -0.10485462
v -0.01743501 -0.03039664 -0.10048768
v 0.01018503 0.08602631 0.07212440
v 0.00409774 -0.03194267 -0.10271096
v 0.04889909 0.04697829 -0.08098119
v -0.00070258 -0.03227593 -0.10623378
v 0.00951623 0.04224951 0.06640731
v 0.01414867 0.01373375 0.06539037
v 0.01679206 0.02364025 0.06690059
v 0.01176030 0.08525164 0.07118973
v 0.02172671 0.06224151 0.08378302
v -0.06132185 0.03093502 -0.10798577
v 0.02499381 0.05042424 0.08085928
v 0.00483602 0.08625033 0.05007525
v 0.01123183 0.02247585 0.06410895
v 0.01110260 0.02782883 0.06433263
v -0.05395443 0.05455879 -0.10489012
v 0.02132274 0.05692384 0.08344360
v 0.01628928 0.05575397 0.07091314
v 0.01263841 0.00989294 0.06518259
v 0.01381987 0.01832754 0.06499273
v 0.01215233 0.01343698 0.06470669
v 0.01954515 0.05509249 0.07468813
v 0.01317625 0.02451023 0.06473339
v 0.01586015 0.02904304 0.06671788
v 0.01284541 0.03303422 0.06564602
v 0.02525771 0.05608578 0.08342388
v 0.01453693 0.03581573 0.06717638
v 0.01277971 0.03614940 0.06624118
v 0.01640578 0.04732821 0.07096671
v -0.05164424 0.05813967 -0.09628491
v 0.01891996 0.08095308 0.07590016
v 0.01689658 0.05709971 0.07236076
v 0.04712946 0.05634303 0.07615539
v 0.04898930 0.04682260 0.07888326
v 0.02657140 0.03979634 0.07874376
v 0.01775992 0.08020198 0.07718621
v -0.04835165 0.06666568 -0.07768818
v -0.00683666 -0.03919030 -0.01174110
v 0.04742005 0.05023797 -0.08183736
v -0.04831425 0.06325180 -0.08036655
v -0.04753830 0.06807401 -0.06958845
v -0.04890646 0.06640494 -0.08169587
v 0.01444336 0.03975863 0.06812885
v -0.04792563 0.06359692 -0.08476183
v -0.04856334 0.06687760 -0.08465093
v 0.05183643 0.05247076 0.07250723
v -0.02238024 -0.04171854 0.06208656
v -0.04626294 -0.02339208 -0.02225255
v -0.05014389 0.06542846 -0.08822560
v 0.02132428 0.07967389 0.07628748
v -0.01049170 -0.05277790 -0.04987510
v -0.04801064 0.06320842 -0.08959341
v 0.01931893 0.08233638 0.07280992
v 0.02117302 0.07779412 0.07792463
v -0.05141403 0.06349214 -0.09701960
v 0.02655822 0.07838640 0.04216677
v 0.04610008 0.06184937 0.06906245
v 0.03126863 0.02044221 0.07916736
v -0.04843717 0.06166847 -0.09017282
v 0.02703306 0.07842101 0.06844001
v 0.01690537 0.08312381 0.06886063
v 0.03273392 0.04781659 0.08317895
v -0.02463898 -0.03631859 -0.02105467
v 0.02727408 0.07833909 0.07357561
v -0.04083910 0.07351727 -0.07055281
v -0.02128504 -0.03813140 -0.01745093
v -0.03472324 0.07838305 -0.06391959
v 0.03165337 0.05321374 0.08370762
v -0.00775592 -0.07081046 0.02774022
v -0.03972614 0.07335640 -0.08468983
v -0.01363807 -0.02965381 -0.10597379
v 0.03796208 -0.01334085 -0.08248439
v -0.00761133 -0.07111144 0.02504218
v -0.02862588 0.08051081 -0.03783288
v -0.00689533 -0.07272975 0.02175274
v 0.02054510 0.08066172 0.02555938
v 0.03792112 0.07045787 0.05790624
v -0.00720866 -0.07042996 0.01747085
v -0.00798649 -0.07054146 0.01531294
v -0.00390370 -0.07324541 0.02882406
v -0.03723690 0.07571476 -0.07714142
v -0.00729837 -0.07040520 0.01326126
v -0.02258157 0.08239236 -0.02891265
v -0.00621466 -0.07134607 0.01472910
v -0.03027722 0.08009070 -0.07289792
v -0.01094519 -0.07702931 -0.00125298
v -0.00700296 -0.07154511 0.00973212
v -0.02721626 0.08016668 -0.05220609
v 0.04261866 0.06529822 0.03616064
v 0.04161531 0.06560861 0.01739694
v -0.00491217 -0.07252122 0.01877197
v -0.03107848 0.08063291 -0.04364211
v -0.03134029 0.07851995 -0.08021092
v 0.04301642 0.00089399 -0.10832932
v -0.01219540 0.08361469 -0.03516257
v -0.00843738 -0.07068777 0.00277387
v 0.05179030 0.05079160 0.02736670
v -0.01411228 0.08348903 -0.04600188
v -0.00366248 -0.07290795 0.00705727
v 0.05042680 0.01254648 -0.09828786
v 0.01714911 0.00977730 0.06753667
v -0.03827758 -0.02198584 0.08000583
v 0.02138406 0.07086127 0.08200220
v 0.05376728 0.02116334 -0.06297009
v 0.05370327 0.02588361 -0.06461959
v -0.07185026 0.02042868 0.07160808
v -0.03881571 -0.00566801 0.08043802
v -0.02172660 -0.02788751 -0.10702395
v -0.00960026 -0.07326818 -0.00310072
v -0.01422455 0.08290763 -0.05149099
v 0.02707575 0.07549932 0.07700952
v -0.07150278 0.01450044 0.07148262
v 0.02288118 0.05431312 0.08189518
v 0.05218166 0.02720351 -0.09421923
v 0.02373468 0.07796280 0.07706306
v 0.02870268 0.05853370 0.08347096
v -0.03401919 -0.02166442 0.08190760
v -0.07081048 0.01013714 0.06877446
v 0.02697350 0.05242039 0.08298196
v -0.03602297 -0.03603466 0.04350181
v -0.00691393 0.08293287 -0.05434695
v -0.00789128 -0.07079592 0.00638972
v -0.00199786 0.08363130 -0.03877629
v -0.05923048 0.01209278 0.08109981
v -0.06953146 0.00340247 0.06708467
v 0.02972268 0.04536848 0.08223011
v -0.05666025 0.01174669 0.08276402
v 0.02890277 0.07425797 0.07710935
v -0.06616350 0.01486778 0.07828061
v -0.00340310 -0.07281755 0.01774294
v -0.00892350 0.08198108 -0.08153970
v 0.03111054 0.07553439 0.07302452
v -0.05456371 0.02069924 0.08367957
v -0.03289285 -0.01196654 0.08030966
v 0.03371846 0.03386904 0.08138364
v -0.05499945 0.01038116 0.08333820
v -0.00724728 -0.07069026 0.00302928
v 0.03166731 0.07425125 0.07522516
v -0.06721272 0.00007700 0.03067404
v -0.00726355 -0.07142538 0.00010633
v 0.05426501 0.04776953 0.06114576
v 0.03349436 0.07272529 0.07486145
v 0.05590187 0.04468527 0.07150963
v -0.03201763 -0.01216634 0.07916130
v -0.04923050 0.01311440 0.08274945
v -0.04830007 0.02453218 0.08203865
v 0.00054428 -0.07184565 0.02700381
v 0.03456594 0.07099019 0.07602368
v -0.04793413 0.02120700 0.08055416
v 0.03821106 0.06998931 0.07408524
v 0.03661181 0.07182882 0.07231169
v 0.05922986 0.03012310 0.06511249
v -0.04680288 0.02517707 0.07210412
v -0.06451389 -0.00312107 0.01703428
v -0.04677251 0.01877890 0.07196668
v 0.03620738 0.06821234 0.07696461
v -0.02862749 -0.01793062 0.08175227
v 0.04175789 0.05973575 0.07855154
v 0.05779245 0.03327764 0.03859494
v -0.00031237 -0.07297940 0.02354057
v 0.03964539 0.06949298 0.07192716
v -0.04013991 0.01723139 0.06916978
v 0.03503995 0.07296096 0.06931743
v -0.01126917 -0.02759342 -0.10826472
v 0.04042290 0.06622371 0.07499485
v -0.02150129 -0.04214360 0.06961552
v 0.05708004 0.03439960 0.02829341
v -0.00057094 -0.03780726 -0.02005562
v 0.04885914 0.04419585 -0.08489768
v 0.05731942 0.02509467 0.01093863
v -0.03905577 0.02700226 0.06932114
v 0.04187902 0.06712467 0.07170640
v -0.04858333 0.06157717 -0.09513499
v 0.04818621 0.04760072 -0.08713841
v 0.00137689 -0.06974914 0.02956325
v -0.03805756 0.01781241 0.06886421
v 0.04631541 0.06181220 0.07180710
v -0.03641931 0.02362907 0.06956190
v -0.06508860 0.00317647 -0.04659969
v -0.01923563 -0.03615340 0.07727104
v -0.06892562 0.00775693 0.07423449
v -0.06974643 0.02109838 0.07507567
v 0.04335556 0.06544100 0.07242905
v -0.03536035 0.01320625 0.06924515
v -0.06423326 0.00615563 -0.05025855
v -0.05043788 0.06532560 -0.09328044
v 0.03465675 0.06228128 0.08116822
v 0.04929921 0.04448899 -0.09004382
v 0.03656938 0.04825377 0.08325265
v -0.00072536 -0.07310067 0.01810461
v -0.01705534 -0.04287346 0.06138588
v -0.00008332 -0.07274552 0.01465173
v 0.05254588 0.03312171 -0.07659074
v -0.06742974 -0.00200669 0.05445797
v 0.04902970 0.04338301 -0.09249461
v 0.05310330 0.03063995 -0.07545712
v -0.06435952 0.00817069 -0.06123396
v 0.04884938 0.04046036 -0.09342168
v 0.05267218 0.03041901 -0.08020262
v 0.05182145 0.03146201 -0.08263331
v -0.01645391 -0.04304757 0.06456420
v -0.06512577 0.00790907 -0.07421174
v 0.00213004 -0.07528821 0.02185430
v 0.05103925 0.03389133 -0.08678974
v 0.05231430 0.05075483 0.04195912
v 0.05561085 0.04222328 0.03889849
v -0.06426405 0.00959812 -0.07115925
v 0.05112529 0.03303716 -0.09977997
v 0.05452057 0.02722343 -0.04679231
v -0.06438639 0.04349912 0.07745107
v -0.06448008 0.00991730 -0.07966071
v 0.05500954 0.04252496 0.02856526
v 0.00766234 -0.04238256 0.04683720
v 0.04564945 0.04459541 0.08136635
v -0.06372992 -0.00061580 -0.00125045
v -0.01190502 -0.01928923 0.08019183
v -0.05543782 0.00586011 0.08236687
v -0.06712617 0.04580487 0.07115295
v 0.00900582 -0.04114157 0.05034514
v -0.06589083 0.05023222 0.06455023
v 0.03816435 0.03316216 0.08260156
v -0.06416660 0.05394347 0.05095140
v -0.06062516 -0.00452697 0.00304433
v -0.05399424 0.00357941 0.08302619
v -0.06494870 0.01081729 -0.09361042
v -0.06451059 0.00609977 -0.07667559
v -0.06227622 0.05233251 0.07387828
v 0.00890391 -0.04080878 0.04238443
v -0.04770358 0.06163689 -0.09876289
v -0.01047294 -0.04391241 0.06844922
v 0.05235503 0.04399307 -0.02601781
v 0.05501654 0.03453465 -0.01927003
v -0.03418856 -0.03832260 0.06584357
v -0.07042182 0.01726082 0.01159395
v 0.04948045 0.04300621 -0.09421120
v -0.06469443 -0.00223661 -0.01144523
v 0.04792011 0.04685478 -0.09567387
v 0.00397738 0.08078539 -0.07263299
v -0.06438078 0.00872687 -0.09789481
v 0.05061167 0.03851923 -0.09240261
v 0.04999120 0.04063084 -0.09242984
v 0.05218466 0.04016856 -0.05746221
v 0.00505999 0.08109237 -0.06267602
v -0.00769316 -0.05399654 -0.04699780
v 0.01301818 0.08230635 -0.04152472
v 0.04990521 0.04075945 -0.09530516
v 0.03406006 0.07219170 0.01077163
v 0.04202372 0.02342583 0.08233538
v -0.04702379 0.05898952 0.08284146
v 0.05020279 0.04076778 -0.09426702
v -0.00933624 -0.05114749 -0.04814399
v 0.00862973 0.08239189 -0.06120632
v 0.04961089 0.04141734 -0.09498238
v -0.05051266 0.06431728 -0.10078532
v 0.05168352 0.03726932 -0.07676931
v 0.05160748 0.03495176 -0.07664567
v -0.04916206 0.06603066 0.07740361
v 0.05164992 0.03333541 -0.07920583
v 0.00878003 0.08230201 -0.07049241
v 0.01292047 0.08168179 -0.05309757
v -0.02781580 -0.03937317 0.04031243
v 0.00236582 0.07836750 -0.10531914
v 0.05068305 0.03906825 -0.08088204
v 0.00353064 -0.07326033 0.02419899
v 0.05183368 0.03637638 -0.08103711
v -0.00031170 -0.07286650 0.00976311
v 0.04568398 0.02568461 0.08231843
v 0.05145305 0.03491897 -0.08328002
v 0.00887749 -0.04463414 0.04669614
v -0.04564840 0.07319574 0.07537250
v -0.04948138 0.07204011 0.07271919
v 0.01223239 -0.05218397 0.05161949
v 0.05019657 0.03333964 -0.09682441
v 0.02504041 0.07614248 -0.05954691
v 0.05132387 0.03596267 -0.09583421
v -0.00823405 -0.04574806 -0.04982306
v 0.04346703 0.02884091 0.08254902
v 0.04826014 0.02750095 -0.10804386
v 0.01927888 0.07889210 -0.06050959
v -0.07204987 0.02617524 0.06923721
v 0.05073138 0.03623683 -0.09822387
v 0.01173392 -0.04358576 0.05140461
v 0.01159280 -0.04609953 0.04933609
v -0.06855311 0.04427826 0.06550325
v 0.01006229 -0.04351077 0.04562094
v -0.00934682 -0.04902170 -0.05323943
v 0.01034478 -0.05091341 0.04605237
v 0.01291644 -0.05583789 0.04821829
v 0.01184991 -0.05540444 0.04420492
v 0.05083817 0.03615695 -0.10239176
v 0.01330472 -0.05228500 0.04261999
v -0.05304007 0.05446399 -0.10862735
v 0.00337503 -0.07567957 0.02149451
v -0.04027056 0.07704504 0.06699190
v 0.00545161 -0.07056385 0.02789715
v 0.00855582 -0.06963184 0.02421116
v 0.00298631 -0.07589437 0.00738705
v -0.06902573 0.03313927 0.07498168
v -0.05698380 -0.00391521 -0.08878244
v 0.01194433 -0.03992282 0.05286525
v 0.01105725 -0.04069810 0.05548147
v 0.04293447 0.03370950 0.08282392
v 0.01151822 -0.05573609 0.04037242
v -0.04653353 -0.01686185 -0.08603300
v 0.03535448 0.06841501 -0.05919938
v -0.04930047 -0.01218476 -0.10043878
v 0.00670712 -0.07278079 0.02079509
v -0.02034953 -0.04191719 0.05479127
v -0.07024187 0.03881779 0.06739570
v 0.03260943 0.07020455 -0.08014245
v 0.00394759 -0.07569182 0.01686555
v 0.00448580 -0.07513049 0.01014611
v -0.05671368 0.00272669 0.08093063
v 0.01165203 -0.05387478 0.04035001
v -0.05273582 0.06798400 0.04075497
v -0.04995007 0.06588535 -0.10112941
v -0.07005279 0.03675361 0.06934856
v 0.01257910 -0.04600784 0.04102435
v 0.04540657 0.06310925 0.07152832
v 0.04778589 0.05342966 -0.03798157
v 0.03944703 0.06337775 -0.07708723
v 0.00598318 -0.07321547 0.00626805
v -0.06958178 0.03829789 0.04961395
v 0.00457220 -0.07577907 0.00608841
v 0.01773062 -0.03779572 0.04869095
v 0.01121895 -0.07000606 0.02069407
v 0.00676417 -0.07306311 0.01328506
v 0.00666667 -0.07184930 0.00988848
v 0.00699780 -0.07668528 0.00260748
v 0.04465425 0.05575266 -0.08343834
v 0.00535183 -0.07246077 0.00147699
v 0.00421617 -0.07487190 0.00164184
v 0.01051540 -0.06975680 0.02516249
v 0.01183591 -0.07155305 0.02137319
v 0.04107326 0.05143752 -0.10793131
v 0.00785739 -0.06930233 0.00771150
v -0.01580540 -0.04280140 0.05534211
v 0.00754310 -0.07637463 0.00386938
v 0.00730043 -0.07487526 0.00401690
v 0.00663779 -0.07148196 0.00403480
v 0.00618442 -0.07308504 0.00287870
v 0.05047321 0.05552152 0.06534035
v 0.04613617 0.05095017 -0.09726100
v -0.07064384 0.03110415 0.03277916
v -0.07102815 0.02260366 0.02702909
v 0.05006831 0.04782600 -0.04703064
v -0.00400309 -0.03325875 0.07980612
v 0.05348805 0.02479174 -0.07179764
v -0.05398323 0.06249301 0.07846298
v 0.05297548 0.03142622 -0.07047188
v -0.05487244 -0.01992727 0.01824044
v 0.05328753 0.03189744 -0.06688030
v 0.04822074 0.04360063 -0.09672590
v 0.01175571 -0.07308127 0.01409796
v -0.04810165 0.06246747 -0.10254100
v -0.00734558 -0.03866520 -0.05144948
v 0.05314198 0.03995774 -0.03672492
v -0.00664703 -0.03824445 -0.05221129
v 0.00924784 -0.07265808 0.01149607
v 0.04793067 0.04565758 -0.10006974
v 0.00893225 -0.06971750 0.00955734
v 0.04110368 0.06528976 -0.00132838
v -0.06966026 0.03382347 0.01911650
v 0.04960177 0.03516266 -0.09946074
v 0.04910510 0.04223710 -0.10017562
v -0.00445457 -0.03859650 -0.05146939
v 0.04796052 0.04159958 -0.10154837
v -0.01449731 -0.04235697 0.06077239
v 0.04645132 0.04292866 -0.10456611
v 0.04562985 0.04271956 -0.10712131
v -0.05017951 0.05645604 0.08178835
v -0.05200198 0.05753569 0.07909235
v 0.00917512 -0.07185091 0.01072557
v -0.03458210 -0.02607012 -0.08455131
v 0.04841114 0.04051768 -0.10252655
v -0.03816827 -0.02413784 -0.09001737
v -0.06216103 -0.00344096 0.00896869
v 0.04996053 0.00965967 -0.09857853
v -0.05645093 -0.01041190 -0.04521898
v 0.04950527 0.03647732 -0.10300892
v 0.04728822 0.05862854 0.02735731
v 0.05627964 0.04286409 0.06925856
v -0.06021637 0.05691221 0.02195883
v 0.00223242 -0.04498454 -0.05071357
v 0.04904293 0.03804051 -0.10310027
v 0.04920627 0.03581557 -0.10521583
v 0.01062720 -0.06838317 0.00726719
v -0.05016509 -0.02330961 0.00636999
v 0.04992198 0.03941348 -0.09918262
v 0.05117650 0.04422795 -0.05551542
v -0.00720816 -0.02907295 0.08113870
v -0.06103375 0.04770670 -0.07695332
v 0.00758424 -0.07538367 0.00196294
v 0.05738207 0.03851342 0.06000077
v 0.05018940 0.03791865 -0.10413208
v -0.06591523 0.02984595 0.07863265
v -0.06174910 0.02749170 0.08067654
v 0.00054515 -0.03753415 -0.05256290
v -0.06293935 0.04422570 0.07869009
v 0.05091403 0.04229456 -0.07263391
v -0.00411840 -0.03813269 -0.05292178
v -0.05816571 0.03154220 0.08257915
v 0.00965360 -0.06885867 0.00234697
v -0.00861166 -0.04405900 0.06665253
v 0.00968561 0.00300556 0.06619593
v -0.05612684 0.05460270 -0.08326135
v -0.06421056 0.05558554 0.05225287
v 0.00759788 -0.07200713 -0.01235061
v 0.00314897 -0.03952929 -0.05511659
v -0.05736119 0.02337017 0.08292380
v 0.00481183 -0.07184672 -0.00362169
v -0.04382105 0.07001521 -0.10022072
v 0.01126780 -0.00505663 0.06680196
v -0.00858750 -0.07742034 0.03529744
v -0.04092242 0.07625100 -0.00891773
v 0.01145299 0.00275188 0.06548152
v -0.06865559 0.00769226 0.00445445
v -0.00171517 -0.03303467 -0.09815697
v 0.04604587 0.05834175 -0.00999394
v 0.01186182 -0.07354945 0.00975161
v 0.01215089 -0.00862212 0.06776794
v -0.05658133 0.04159482 0.08227233
v 0.01108276 -0.00581421 0.06707066
v -0.00647242 -0.01998440 0.08150277
v -0.03392305 0.08032854 0.00433292
v -0.05679650 0.04933150 0.07988360
v 0.01068980 -0.06954898 0.00883332
v 0.01029402 0.01209503 0.06464605
v 0.00404183 -0.03548983 -0.05183303
v -0.00958163 -0.07452189 -0.01420913
v -0.00825262 -0.07887357 0.02864428
v -0.00854116 -0.07303076 -0.01759832
v -0.06531675 0.01691630 -0.08004724
v -0.00461561 -0.03476213 -0.07301187
v 0.01078028 -0.07091406 0.00670466
v -0.06945387 0.02803571 -0.00739481
v -0.00839605 -0.08073091 0.01676890
v 0.00703423 -0.03119887 -0.04792382
v 0.00709692 -0.03034374 -0.04811927
v -0.06653033 0.02339624 -0.07020708
v 0.04933568 0.04353254 -0.08149302
v -0.00386735 -0.03615115 0.07844985
v 0.01159305 -0.00184647 0.06608375
v 0.00924494 -0.03160742 -0.04910438
v 0.00923202 -0.03004682 -0.04752162
v 0.01327454 0.00726871 0.06555644
v -0.06573993 0.03314064 -0.07179741
v 0.01195123 0.00960145 0.06507533
v 0.00763701 -0.03087992 -0.05077228
v 0.00886588 -0.06955477 -0.00203296
v -0.00893572 -0.07871467 -0.01869519
v -0.04592883 0.06332700 -0.10520786
v -0.05098698 0.04090574 0.08394338
v 0.00895548 -0.03136860 -0.04628490
v 0.05052028 0.03957174 -0.08504194
v 0.00798236 -0.02987800 -0.05063828
v -0.04988344 -0.01666544 -0.05774429
v -0.00685162 -0.07237020 -0.01603052
v -0.06061068 0.06059247 0.05909108
v 0.01086539 -0.06965411 0.00270732
v 0.00934509 -0.03034931 -0.05049794
v -0.00542709 0.07958702 0.08122383
v -0.05430542 0.03292762 0.08383853
v -0.01329087 0.08593053 0.06910818
v -0.00680279 -0.07277909 -0.01224811
v -0.00329753 -0.07392472 -0.01421196
v 0.01030434 -0.03119533 -0.04925566
v 0.00989906 -0.03111971 -0.04731947
v 0.00999318 -0.03114111 -0.05243294
v 0.01252584 -0.00550862 0.06710314
v 0.01278132 -0.00195303 0.06621149
v 0.01348657 0.00173482 0.06597682
v -0.00992839 -0.07856113 0.01429092
v 0.01011761 -0.03350217 -0.05365342
v 0.01307508 0.00186174 0.06582682
v 0.00937181 -0.03121848 -0.05140093
v 0.00891927 -0.03274755 -0.05407971
v 0.00827711 -0.03155073 -0.05373426
v 0.01425426 0.00660427 0.06601648
v -0.04931573 0.03593682 0.08389587
v -0.00827070 -0.07276075 -0.02310230
v -0.01264165 0.08760120 0.05924902
v -0.00630409 -0.08208750 0.01959055
v 0.00717513 -0.03033230 0.08034911
v -0.00780890 -0.06100179 0.04987573
v -0.00972092 0.08380825 0.07743747
v -0.06800604 0.03701605 -0.00029824
v -0.04802119 -0.02010822 -0.04213519
v -0.00879493 -0.07538898 -0.02742106
v 0.04690101 0.03255452 -0.10679447
v -0.00891571 -0.07285683 -0.02848054
v -0.01382961 0.08674594 0.05163874
v 0.00819732 -0.03003898 -0.05629298
v -0.00898392 -0.06885356 -0.03106980
v -0.05176992 0.00730326 0.08331134
v -0.00988798 -0.07093190 -0.03245613
v 0.00894049 -0.02929371 -0.05415270
v -0.05021249 -0.02229512 0.00246109
v -0.04606351 0.03400582 0.08141649
v 0.05522962 0.03541689 -0.00926730
v -0.05836089 0.05668121 -0.01771443
v 0.00918063 -0.03075180 -0.05642822
v -0.04656183 0.03616887 0.08314566
v 0.05203042 0.04763283 -0.00030484
v 0.00147077 -0.08052944 0.02967232
v 0.00981336 -0.03335626 -0.05165868
v 0.01014852 -0.03201916 -0.05409076
v 0.01001702 -0.03091618 -0.05594413
v 0.00957826 -0.03182779 -0.05664935
v 0.00483832 -0.07425175 -0.01201026
v -0.03240505 -0.03139844 -0.03550477
v -0.00966588 0.08734141 0.06826736
v 0.01130095 -0.07413727 0.00049713
v -0.06321700 0.04937663 0.00127324
v 0.00948714 -0.03219781 -0.05774954
v 0.00947581 -0.03248365 -0.05852994
v -0.04594575 0.03089760 0.07235609
v 0.00931452 -0.03102647 -0.05804699
v 0.01080028 -0.06954876 -0.00207886
v -0.00075226 -0.04384075 0.06843568
v 0.00930860 -0.03330449 -0.06273531
v 0.00127677 -0.08092133 -0.02143190
v -0.04749797 0.06890734 -0.05228082
v -0.06580328 0.03932279 -0.03542105
v -0.04688431 0.07066374 -0.04384230
v -0.00909911 -0.07390230 0.03962312
v 0.05130872 0.03750746 -0.08990577
v 0.01123889 -0.03247466 -0.05091634
v -0.06780019 0.01702844 -0.04061858
v -0.06268654 0.04765073 -0.03116077
v -0.00190771 0.04880738 0.08350121
v -0.04867473 0.05786809 -0.10712648
v -0.00812020 -0.08122260 0.00068724
v 0.01002442 -0.03193631 -0.05936837
v -0.00369743 -0.08119976 -0.02379153
v -0.00275286 0.06182872 0.08369840
v -0.00318283 -0.08166767 0.02536433
v -0.00031665 -0.07081902 -0.02678192
v 0.00107803 0.06666472 0.08395271
v 0.04939217 0.02701440 -0.10667735
v -0.00613731 0.08771495 0.07295864
v -0.00071187 0.04955240 0.08300941
v 0.01019754 -0.03142464 -0.05827058
v -0.00449765 -0.06298969 -0.04180396
v -0.05246738 -0.00565792 0.08091733
v -0.02491916 0.08321054 0.01022211
v -0.00084160 0.06343269 0.08309088
v -0.06423259 0.04232694 -0.05326855
v -0.00501198 -0.06523916 0.04796395
v -0.00423342 -0.08273186 0.01273560
v -0.04702970 -0.02655953 0.00289252
v -0.07089366 0.03584306 0.06749057
v -0.00633715 -0.06612422 -0.04930394
v -0.00128254 0.06129796 0.08248622
v -0.00805069 -0.08139347 0.00856843
v -0.00083369 -0.06496829 -0.03882408
v 0.02942609 -0.03111359 0.04621310
v -0.01271542 0.09103615 0.05731374
v -0.01270318 0.09164726 0.05632992
v -0.04849762 -0.02502145 0.00347154
v -0.00366089 -0.04081923 0.07427992
v -0.01012204 -0.07746507 -0.01096245
v -0.04437483 0.03147180 0.07111495
v 0.00488896 -0.08238147 -0.02756149
v -0.00510640 -0.07226983 0.04617131
v -0.01214368 0.08520374 0.01330963
v 0.00256661 -0.06764345 -0.03220814
v -0.00633152 -0.07145669 0.04624431
v -0.04517220 0.07293843 -0.01533945
v -0.00404308 -0.06174135 -0.04434329
v -0.04533539 0.01929157 0.07068669
v 0.05400065 0.03464662 -0.03707139
v -0.04030062 0.04665817 0.08293415
v -0.00773743 -0.07390922 0.04223802
v -0.00753060 -0.08211377 -0.00307398
v -0.00668198 -0.07685433 0.03939198
v -0.00248966 -0.06031588 -0.05499947
v 0.05379976 0.03420275 -0.04582553
v 0.04814490 0.05169920 -0.05306496
v 0.05363805 0.03364734 0.07831186
v -0.00542629 -0.06870879 0.04661356
v 0.00268311 -0.06607475 -0.03480937
v 0.05243567 0.03746790 -0.06532400
v 0.04861580 0.04872394 -0.07313221
v 0.05109690 0.04117656 -0.07882321
v 0.00239983 -0.06196761 -0.03874563
v -0.04271050 0.03975494 0.07244618
v 0.05217515 0.03432021 -0.06903247
v -0.00735379 -0.08165343 -0.00687402
v 0.01507096 -0.07583266 -0.01995852
v 0.04884529 0.04661465 -0.07790159
v 0.05704020 0.03039480 0.07556548
v 0.05416252 0.04276874 0.07557992
v -0.00703497 -0.04010458 0.00172974
v 0.01536191 -0.07605092 -0.02287090
v 0.05237809 0.03594689 -0.07372122
v 0.00315947 -0.06354640 -0.03734981
v 0.01532948 -0.07712465 -0.02594077
v -0.05714057 0.06367609 0.05957274
v -0.00496461 -0.07567611 -0.04039265
v 0.00266962 -0.06922268 -0.05067893
v -0.06627311 0.04615246 0.03065594
v 0.05850060 0.03480234 0.07175014
v 0.04682055 0.01290467 -0.10576943
v 0.00323816 -0.06420957 -0.04117858
v 0.00122895 -0.06104442 -0.04182839
v -0.00714977 -0.07207548 -0.00531740
v 0.05003794 0.04078704 -0.08910866
v 0.05942326 0.02665237 0.07159745
v 0.05075690 0.03783349 -0.08738009
v 0.04807400 0.01993824 -0.10682686
v 0.00210264 -0.05916597 -0.04517456
v -0.00208904 -0.04222222 0.03660582
v 0.04992362 0.03659608 -0.09233082
v 0.05987810 0.02019189 0.07052587
v 0.04961655 0.02922208 -0.10557851
v 0.05870849 0.02115063 0.04085381
v 0.01465813 -0.07361595 -0.03668126
v 0.00409196 -0.06248393 -0.04506134
v 0.01472378 -0.07430928 -0.03123991
v 0.01424069 -0.06980903 -0.03901025
v 0.05138410 0.03449597 -0.09070429
v -0.07121906 0.03262458 0.07147405
v 0.00252174 -0.08105176 0.02365700
v 0.05004046 0.03541514 -0.09595733
v 0.05806619 0.01732645 0.03365877
v 0.00503748 -0.06503677 -0.04228968
v -0.00831256 -0.07304295 -0.01192745
v -0.06392834 0.01514733 -0.10220639
v -0.03304868 0.07915834 -0.06618774
v 0.05178093 0.03115036 -0.09409752
v 0.01379887 -0.06970546 -0.04265484
v 0.00692522 -0.05938261 -0.04602328
v 0.00294109 -0.06062756 -0.04784570
v 0.05104724 0.03425063 -0.09587827
v 0.05154430 0.03473867 -0.09486566
v 0.00427036 0.00253006 0.08196573
v 0.01368869 -0.06525286 -0.04420373
v 0.05109605 0.03487625 -0.09916092
v 0.05587633 0.03578341 0.00630911
v 0.01331637 -0.06223646 -0.04677086
v 0.05062454 0.03350819 -0.10328765
v 0.00799653 -0.07975304 0.02458337
v 0.00667993 0.00124987 0.08043819
v -0.06360313 0.02018248 -0.10435466
v -0.03802103 0.03617105 0.07015975
v 0.00684955 -0.01787320 0.08124724
v -0.06869347 0.04110773 0.07141238
v -0.06885629 0.03802851 0.06797987
v 0.00468330 -0.05800672 -0.04851484
v -0.05561691 0.05874622 -0.04206554
v 0.01436935 -0.06588395 -0.04731554
v 0.01325042 -0.06038488 -0.05156599
v -0.06222757 0.01512453 -0.10681592
v -0.06722988 0.03844999 0.06888964
v -0.06778043 0.04187988 0.06752671
v -0.06652809 0.04552761 0.06773530
v -0.06999908 0.02878332 0.00738021
v 0.00764298 -0.05547479 -0.04659264
v 0.00654753 -0.05033613 -0.04997507
v -0.05881345 -0.01588895 0.02916060
v -0.06684442 0.02975493 -0.06052304
v 0.00186731 -0.07537980 0.01612952
v 0.00881270 -0.01495838 0.07957449
v -0.03768182 0.04389051 0.07071489
v 0.00919514 -0.04975806 -0.04602163
v -0.00374842 -0.07282649 0.00256927
v -0.03744003 0.04924407 0.08133711
v 0.00854994 -0.04588947 -0.04953358
v 0.05371841 0.03159278 -0.05659133
v -0.04537924 0.06330539 0.08213640
v -0.04603403 0.06616914 0.07852846
v -0.03669503 0.07233069 -0.10504185
v -0.05364636 0.06534572 0.07721417
v 0.00981601 -0.04504593 -0.04914344
v 0.01116636 -0.04053152 0.05053667
v 0.00922882 -0.01664133 0.07850866
v -0.04549952 0.01007789 0.07298445
v 0.00510728 -0.08020498 0.01430318
v -0.06540022 0.03124092 -0.08352627
v 0.01070108 -0.01956552 0.08071940
v 0.00935205 -0.04314928 0.04513895
v 0.00969671 -0.04187097 0.04566184
v 0.00903548 -0.04172120 0.04521371
v 0.05246417 0.03009742 -0.08666832
v -0.05703385 0.06238707 0.03089861
v 0.00958524 -0.03860288 0.04719296
v 0.00951069 -0.03725736 0.04581230
v -0.06928537 0.01381820 -0.00708465
v -0.04878083 0.06343191 -0.07620164
v 0.00292096 -0.08121400 0.00768515
v 0.00998788 -0.01450339 0.07326178
v 0.00811662 -0.03557041 -0.05637617
v 0.00984693 -0.03949836 -0.05163221
v -0.06385445 0.03964032 -0.08168389
v -0.06990621 0.02098946 -0.00625444
v 0.05187398 0.03028853 -0.09926753
v 0.00970071 -0.03711661 -0.05564061
v 0.00846870 -0.03593115 -0.05339464
v 0.01251750 -0.07903452 0.03169602
v 0.00911303 -0.03548416 -0.05497420
v -0.04874497 0.06694572 -0.03841951
v 0.01072287 -0.07857858 0.02859804
v 0.00833068 -0.08109136 0.01156695
v 0.01023153 -0.03827952 0.04582434
v 0.00985981 -0.03928072 -0.05434476
v 0.01060204 -0.03852267 0.04598856
v 0.02047017 -0.02469755 0.08050115
v 0.01174694 -0.03976730 0.04643127
v -0.06565560 0.04860433 0.07255105
v 0.00910178 -0.04714831 -0.05974708
v 0.01182325 -0.08037109 0.02060329
v -0.03520794 0.03247777 0.07060498
v 0.00665329 -0.04239650 -0.05974350
v -0.03234560 0.07915437 -0.06885407
v 0.00688551 -0.03765111 -0.05849082
v 0.01524836 -0.01943072 0.08102418
v 0.00758871 -0.07946742 0.02165968
v 0.01123992 -0.03963815 0.04539721
v -0.03604609 0.04425790 0.07061742
v -0.00954058 -0.08049806 -0.00302593
v 0.01081940 -0.04184555 0.04336720
v 0.00897564 -0.03804656 -0.06124745
v 0.00818678 -0.03648593 -0.06019076
v -0.06168731 0.05646224 0.06703036
v 0.00997241 -0.04384587 -0.06022471
v 0.01330615 -0.07890904 0.02835914
v 0.01126909 -0.03736888 0.04563873
v 0.01526902 -0.03203027 0.07843007
v -0.03732786 0.04839722 0.07381864
v 0.00910720 -0.03595432 -0.05768055
v -0.06035426 0.05073719 -0.04981939
v 0.01222970 -0.03923952 -0.05844947
v 0.01281981 -0.07973090 0.02584599
v -0.03715761 0.04779252 0.07255810
v -0.06391771 0.05308265 0.04633200
v 0.01448065 -0.01750830 0.07985674
v 0.01190658 -0.04044090 0.04328824
v -0.05965312 0.05855062 0.07565683
v -0.04907088 0.06472066 -0.06139065
v -0.04602194 0.07166057 -0.03509780
v 0.00476783 -0.08061472 -0.00649141
v -0.04762566 0.06263993 -0.08784692
v 0.01175278 -0.03795817 0.04476715
v -0.06396007 0.05446543 0.05687191
v -0.06312324 0.03927789 -0.10149035
v -0.04397872 0.00743911 0.07088759
v 0.01742528 -0.01310759 0.07728941
v 0.01381256 -0.01078658 0.06992921
v 0.01519836 -0.00415434 0.06827142
v -0.06268208 0.03719144 -0.10427887
v -0.03357324 0.07965702 -0.01142448
v -0.05969551 0.04829051 -0.10043607
v -0.00423314 -0.08250132 0.00884865
v -0.03877332 0.07695606 -0.01903576
v -0.03521315 0.07612848 -0.09357058
v -0.03643739 0.07822584 -0.02616659
v -0.06105048 0.04521391 -0.10258782
v 0.01279802 -0.04512079 0.04248367
v 0.01179136 -0.04174969 0.04293255
v -0.06003392 0.04424665 -0.10681835
v -0.03547830 0.04804439 0.07209870
v -0.03647821 0.07756203 -0.04262667
v 0.01532444 -0.07922232 0.02107422
v 0.01240815 -0.03907078 0.04524204
v -0.06131125 0.03616574 -0.10777869
v -0.04048779 0.07268701 -0.10190512
v -0.03341158 0.07909977 -0.05411490
v -0.04124144 0.06695668 0.08246967
v 0.00369769 -0.08149452 -0.01095748
v -0.04206918 0.06493252 0.08294429
v -0.02505708 0.08237792 -0.00794023
v 0.00663124 -0.08185347 -0.01720880
v -0.03488715 0.07943084 -0.00575525
v -0.03202408 0.05380935 0.07757299
v -0.04315708 0.07330986 -0.05245745
v -0.02982018 0.08230028 0.02551518
v 0.02097374 -0.01202461 0.07944966
v -0.01057630 0.08640257 0.03527275
v -0.04474761 0.07543226 0.06547442
v 0.01306608 -0.04258022 0.04223456
v 0.00364283 -0.08124543 -0.00053223
v -0.02904244 0.08198608 -0.00129583
v -0.01282793 0.08614327 0.02785125
v -0.01870026 0.08543790 0.03444138
v 0.00158975 0.09359492 0.07209448
v -0.00370421 -0.08236526 -0.01497705
v -0.03334497 0.07980135 -0.03926141
v -0.03865557 0.07402229 0.07643594
v -0.01284129 0.08973437 0.05751043
v -0.01437707 0.08976943 0.05726993
v -0.03286450 0.08017395 -0.01744981
v 0.01172677 -0.03983308 0.04142970
v -0.03158839 0.04543215 0.07253538
v 0.01540990 -0.07913267 0.01377803
v -0.01379320 0.08769410 0.05394949
v 0.00386530 0.09196225 0.07141843
v 0.01335426 -0.03544431 0.07673111
v -0.04674652 -0.02889630 0.03646986
v 0.01290097 -0.08074644 0.01014327
v 0.02487241 -0.02911299 0.07738809
v -0.05195226 -0.02408857 0.03116283
v 0.00211254 -0.07246746 -0.00460026
v 0.00138683 -0.07158160 -0.00330371
v 0.01077088 -0.08181156 -0.00300328
v -0.02774708 0.08002290 -0.05608968
v 0.01735658 0.00114761 0.06887521
v -0.02632230 0.08002934 -0.06887814
v -0.03129443 -0.03553110 -0.00562427
v -0.04048819 0.07717846 0.07282713
v 0.02393770 -0.01423931 0.08120577
v -0.01397477 0.08922912 0.05544837
v -0.03715133 0.07676279 -0.04918821
v 0.00967120 -0.07232703 0.02178004
v -0.03255661 0.07915703 0.07440888
v -0.01380128 0.08685185 0.06337524
v -0.03200301 0.08042296 -0.03375916
v -0.01188410 0.09029929 0.05582379
v -0.04685270 0.07269144 0.02719522
v -0.02770350 -0.03787783 0.01151261
v -0.03476707 0.07592184 -0.10165411
v -0.03209093 0.07921145 -0.04855632
v -0.02979941 0.07970434 -0.07909498
v -0.01062166 0.08798481 0.05545659
v -0.01099198 0.08759855 0.05309816
v -0.02984899 0.07388677 0.08277432
v 0.02740000 -0.03115757 0.07449533
v 0.01235017 -0.07145943 0.02393629
v 0.03097060 -0.02297381 0.07856564
v 0.01337665 -0.08077351 -0.00087568
v -0.03408195 0.04745076 0.07198379
v -0.00638771 0.09938865 0.07083078
v -0.04658020 0.07251036 0.00311516
v -0.02012906 -0.04119951 0.03556332
v 0.01115988 -0.07259674 0.01872674
v -0.03233822 0.05480013 0.08285948
v -0.03064468 0.05815423 0.08410864
v 0.00151145 0.08609175 0.02869054
v 0.01464436 -0.07967741 0.00766521
v -0.00611023 0.09874616 0.06922826
v -0.02580117 0.08033188 0.07759585
v -0.03492287 0.00775740 0.06901209
v -0.02502197 0.07973555 -0.08837712
v -0.03134343 0.07843311 -0.09177984
v -0.03088824 0.07897135 -0.09805520
v 0.01259622 -0.08155749 -0.01532000
v -0.01202010 0.08440514 -0.00883022
v -0.03600312 0.07950981 0.02441955
v -0.02655616 0.07936674 -0.07738802
v 0.01186710 -0.08211513 -0.01183577
v -0.00962947 -0.07188718 0.02521750
v -0.00961282 -0.07109349 0.03003643
v -0.03222617 0.01256690 0.07064440
v -0.01781770 0.08166790 -0.08017601
v 0.00384175 -0.07511946 -0.00649996
v 0.01331548 -0.08112814 -0.01066492
v -0.03127857 0.04230122 0.07236406
v -0.01031601 -0.07518684 0.02084366
v -0.02913107 0.00448582 0.07128016
v -0.00032217 0.08450777 -0.01304843
v -0.03205214 0.08172548 0.03307492
v -0.02405017 0.08347621 0.07231144
v 0.01001896 -0.03787861 0.00652064
v 0.00875671 0.08457686 0.01228743
v -0.02628642 0.08402316 0.03868692
v 0.03258891 -0.03112572 0.06927571
v -0.02560376 0.07898631 -0.09905431
v 0.03598463 -0.02493263 0.07454179
v -0.03915094 -0.03226005 0.00612048
v 0.04244056 -0.02258375 0.06957109
v -0.00865815 -0.07287118 0.02129648
v 0.01345208 0.08355928 0.02331190
v -0.05317837 -0.01717290 -0.00972394
v 0.01552405 0.08183720 -0.01990977
v -0.02825525 -0.00744593 0.06954022
v 0.00155842 -0.04546225 0.04967565
v 0.00042866 -0.04280703 0.05111663
v -0.00043920 -0.04592431 0.05063579
v -0.00617115 -0.06931822 0.03287057
v -0.01087601 -0.07468035 0.01030921
v -0.01833871 0.07529944 -0.10723923
v 0.04085953 -0.01797572 0.07627154
v 0.04125469 -0.01015944 0.07965664
v -0.00970973 -0.07139936 0.01506146
v 0.03121919 0.07489291 0.02402158
v -0.01889171 0.08120937 -0.09146389
v -0.02507508 0.07438082 -0.10599094
v -0.00885370 -0.07152141 0.01045924
v -0.01000118 -0.07172088 0.00495571
v 0.00363385 -0.05637959 0.04995869
v 0.00218011 -0.04571221 0.05032713
v 0.02593606 0.07717090 -0.01235720
v -0.03140224 0.06467995 0.08428877
v 0.04252972 -0.01895034 0.07398538
v -0.00222371 -0.06897430 0.03317489
v 0.01080296 0.08239368 -0.02762741
v -0.01890807 0.08119052 -0.09933196
v 0.00689259 -0.04166390 0.04917774
v 0.00647974 -0.04942273 0.05051726
v -0.01486861 -0.00422548 0.07989106
v 0.00434316 -0.04776111 0.04845317
v 0.04706846 -0.01723508 0.06939448
v 0.00579134 -0.04160728 0.04461145
v 0.00512034 -0.04071892 0.03005313
v 0.00925186 -0.05588471 0.05234060
v -0.02862590 0.05297316 0.07641047
v -0.02098408 0.05844891 0.08198912
v 0.02248917 -0.03388389 0.02588826
v 0.00411696 -0.04865655 0.04603933
v -0.01141310 0.07957586 -0.10434261
v -0.01714197 -0.02072126 0.08013328
v 0.00832965 -0.04417911 0.04691317
v -0.01704971 0.07954406 -0.10368434
v 0.00745014 0.08150774 -0.04787277
v 0.01262845 -0.08056002 -0.02071967
v -0.03083870 0.02745445 0.07278411
v 0.00699738 -0.04841027 0.04303346
v 0.00353428 -0.05318631 0.04222437
v 0.03310316 0.07116828 -0.04057006
v -0.01045896 0.08086826 -0.10163797
v -0.01597881 -0.03121458 0.08036650
v 0.00996837 -0.04262573 0.05335036
v 0.01037627 -0.04191595 0.05358007
v 0.00983931 -0.04217442 0.05115713
v 0.00972839 -0.04290986 0.04843774
v 0.00826745 -0.04318241 0.04812853
v -0.01292656 -0.02365191 0.08118239
v 0.01050472 -0.04329217 0.05374190
v 0.01133774 -0.04387689 0.05336749
v 0.03753639 -0.00826170 0.08101777
v 0.04717641 -0.01244083 0.07459376
v 0.01066476 -0.04204828 0.05118154
v 0.04461500 -0.01864888 0.06605190
v 0.01222454 -0.04138880 0.06794322
v 0.01004499 -0.08196275 -0.02603379
v 0.01519859 -0.07747967 -0.01858566
v -0.00602887 0.07855495 -0.10517545
v 0.02163726 0.07966469 -0.00888134
v 0.01451188 -0.03984893 0.06338170
v -0.02519070 0.05822283 0.08048651
v 0.05034782 -0.01227890 0.06895751
v 0.01108740 -0.04670810 0.04064166
v 0.00092306 0.08035392 -0.08479167
v 0.03882988 0.00796914 0.08193520
v 0.05165922 -0.00385386 0.07506439
v 0.04040810 0.06432099 -0.03500732
v 0.01244133 -0.04191063 0.04178251
v 0.04465554 0.05788862 -0.05160299
v 0.00972983 -0.06566804 0.03512529
v 0.00466102 0.08091893 -0.07467121
v 0.01356315 -0.06151866 0.04579259
v 0.00289905 0.08088660 -0.08527023
v 0.01315364 -0.07404452 -0.02089444
v 0.01961056 0.07944364 -0.04834966
v 0.01300075 -0.07329561 -0.02351728
v 0.04885380 0.00302776 0.07941391
v 0.05131046 -0.01058141 0.07005468
v -0.02433419 0.06046169 0.08323810
v 0.00584839 0.08202674 -0.07093607
v 0.01303695 -0.06361481 0.03671226
v 0.05067553 0.01654568 0.08032332
v 0.05420294 -0.00540335 0.06912823
v -0.02776092 0.08388633 0.06146823
v 0.00128615 0.08059998 -0.09249127
v -0.00004844 0.08015252 -0.09328604
v 0.03073814 0.07339352 -0.02899688
v 0.01380102 -0.07272064 -0.02685814
v -0.00904028 0.07506364 -0.10881736
v 0.05620021 -0.00060501 0.06987581
v 0.01241866 -0.06968781 -0.02849329
v 0.01603493 -0.07803472 0.02133870
v 0.01367147 -0.07494916 0.02093571
v 0.01286033 -0.07364481 0.01767528
v -0.02208473 0.04518777 0.07971147
v -0.01284559 -0.03948907 -0.00891435
v -0.00104937 0.07966217 -0.09993787
v -0.01120063 -0.04282082 0.04288618
v 0.04571258 0.05466222 -0.07589759
v -0.01968262 0.06197594 0.08379914
v 0.01220160 -0.07922400 -0.03051733
v 0.01255044 -0.06889286 -0.03359396
v 0.00521237 0.08351708 -0.07946797
v 0.01477757 -0.07616700 0.01288063
v 0.05550005 0.00689558 0.07531449
v 0.00296302 0.08380121 -0.09222821
v 0.00535774 -0.07602226 -0.01589712
v 0.04497805 -0.01649881 0.03997808
v 0.00638138 0.08346165 -0.07313477
v -0.00414643 -0.04690410 0.04953890
v 0.00396293 0.08350490 -0.08651143
v 0.01194685 -0.07686781 -0.03655118
v -0.01066764 -0.07537844 0.02781937
v 0.01016435 0.08157899 -0.07499692
v 0.04844595 -0.01053168 0.03253643
v 0.00982775 -0.03985512 0.07269093
v -0.00585359 0.07250211 0.08404076
v 0.01077599 -0.06283533 -0.04596684
v 0.00292773 0.08404927 -0.09635488
v 0.00085640 0.08043694 -0.09915484
v 0.01347850 -0.06962345 -0.03411062
v 0.03033729 -0.02838477 0.01869535
v 0.01305736 -0.06783521 -0.03890966
v 0.00453960 0.08424910 -0.08888856
v 0.00360479 -0.04324423 0.06679988
v 0.01074116 -0.07017469 -0.04845897
v -0.00275887 -0.04794006 0.04721955
v 0.00521908 0.08388395 -0.09796195
v 0.00391571 0.08391575 -0.09862418
v 0.01215638 -0.07432434 -0.03979666
v 0.01227648 -0.06224438 -0.04555220
v 0.01220392 -0.05797942 -0.04571304
v -0.01775993 0.04841780 0.08278008
v -0.01696367 0.05953557 0.08391326
v 0.00417971 -0.04957066 0.04984814
v 0.01248950 -0.05705575 -0.04733185
v -0.06428400 0.01146908 -0.10330506
v 0.00407712 -0.06674884 0.03565884
v 0.01061793 0.08119447 -0.09830295
v 0.04695054 0.04890723 -0.09613855
v 0.04786119 0.04800610 -0.09328248
v 0.02310267 0.07609721 -0.08041334
v 0.00634797 -0.04186214 0.06145543
v 0.00808276 -0.04156229 0.05406118
v 0.00734140 0.08379246 -0.10125311
v 0.01247151 -0.05249849 -0.05350183
v 0.01252100 0.07746648 -0.10625696
v 0.04815952 0.04157645 -0.09780579
v -0.01573110 0.02328126 0.08200699
v 0.01395800 -0.06732260 -0.04828053
v 0.01255093 -0.06696181 -0.04997692
v 0.00959239 -0.04164162 0.05237507
v 0.01234015 -0.04084526 -0.06113633
v 0.00665214 -0.04614729 0.04865696
v -0.06059332 0.00637620 -0.10637183
v 0.04783853 0.03786929 -0.10306077
v 0.01041270 -0.06443365 0.05033374
v 0.01003983 -0.04609024 0.05369596
v 0.04900092 0.03425044 -0.10151525
v -0.05942119 0.00158388 -0.10244720
v 0.00981665 -0.05916228 0.05198461
v 0.00774781 -0.06416911 0.03573628
v 0.01161527 -0.05079773 0.05268893
v 0.05057240 0.03624820 -0.09703851
v 0.01704796 0.07797608 -0.10310285
v 0.05043276 0.03812046 -0.09756508
v 0.02906478 0.07316760 -0.07188230
v 0.04830448 0.03756887 -0.10698655
v 0.05057610 0.03842991 -0.10032341
v 0.03288541 -0.01695038 -0.09926250
v 0.05117314 0.03676033 -0.09623231
v 0.05093271 0.03727303 -0.10030534
v 0.05007938 0.03785739 -0.10086133
v 0.01247547 -0.05728644 0.04966345
v 0.05033074 0.03522063 -0.10254919
v 0.05035149 0.03519263 -0.10248220
v 0.05037700 0.03519263 -0.10234635
v 0.05035090 0.03525863 -0.10239344
v 0.05036254 0.03526283 -0.10253172
v 0.05039754 0.03525836 -0.10219309
v 0.02398187 0.07494929 -0.10047971
v 0.04982588 0.03605666 -0.10361044
v 0.01049980 -0.05921192 0.03752370
v 0.00980215 -0.06900735 0.03638368
v 0.02591470 0.07413620 -0.10579148
v 0.02958490 0.07218012 -0.10645358
v -0.05330736 -0.00374673 -0.10817762
v 0.02814344 0.07365304 -0.10422742
v -0.05326777 -0.00616662 -0.10442761
v 0.01028317 -0.06743200 0.03374335
v 0.01138115 -0.06890698 0.02971856
v 0.01391918 -0.06971546 0.03802834
v 0.03918326 0.06308000 -0.09917455
v 0.01219047 -0.06972409 0.03325438
v 0.01427576 -0.06669067 0.04405550
v 0.01244430 -0.06958477 0.03643795
v -0.05583827 0.06509597 0.07385377
v -0.04271664 -0.01592272 -0.10813928
v 0.03776510 0.06358607 -0.10366818
v 0.02148110 -0.03695482 0.06461024
v 0.03538731 0.06654080 -0.10721464
v 0.02883430 0.07200666 -0.10100881
v -0.03990412 -0.02145569 -0.10273355
v 0.01568302 -0.07767821 0.01903192
v 0.03976455 0.05816468 -0.10673912
v 0.04051694 0.06011736 -0.10171835
v 0.01524498 -0.07819339 0.00815099
v 0.04912158 0.03977510 -0.10194003
v 0.04961628 0.04030512 -0.10160208
v 0.04880849 0.03969391 -0.10607666
v 0.04817039 0.04083867 -0.10712912
v -0.01107514 -0.03781051 -0.03379708
v -0.00669912 -0.07241008 -0.01829028
vn -0.49860007 -0.14246787 -0.85504437
vn -0.46195122 0.05270628 -0.88533786
vn 0.09177332 -0.36629286 -0.92596285
vn -0.50142573 0.20354104 -0.84091812
vn -0.04576475 -0.49616317 -0.86702232
vn -0.65027219 0.03973161 -0.75866164
vn -0.15913540 -0.40654562 -0.89966471
vn -0.38999156 0.22038014 -0.89405770
vn -0.27662977 0.34972287 -0.89508093
vn 0.41707815 -0.28909428 -0.86166717
vn -0.48027028 0.23776858 -0.84427872
vn 0.40844617 -0.05555362 -0.91109029
vn -0.32402197 0.47975206 -0.81538195
vn 0.35889020 0.19636395 -0.91249056
vn 0.21506391 -0.36200527 -0.90702795
vn 0.25065720 -0.58935845 -0.76800233
vn -0.39387251 -0.53922480 -0.74437965
vn -0.53090169 -0.34674005 -0.77324946
vn -0.51243312 -0.47620691 -0.71459028
vn -0.17759386 -0.49492805 -0.85059194
vn -0.28335323 -0.56770523 -0.77293060
vn 0.41177018 -0.10101795 -0.90567141
vn -0.11623870 -0.36905126 -0.92211156
vn 0.01258945 0.36022455 -0.93278067
vn 0.39452605 0.15569910 -0.90559759
vn 0.38662260 0.18353969 -0.90378988
vn 0.44376045 -0.01335015 -0.89604600
vn 0.19209137 0.34290435 -0.91952026
vn 0.25997324 0.31865272 -0.91152310
vn 0.43843808 -0.22315617 -0.87061666
vn 0.40685479 0.07867929 -0.91009821
vn 0.22452051 -0.47050317 -0.85335649
vn -0.60973052 -0.05881009 -0.79042398
vn 0.38345651 0.22028074 -0.89690440
vn -0.06245324 0.34556831 -0.93631305
vn 0.42420180 0.02111296 -0.90532153
vn 0.39030106 -0.36727371 -0.84426009
vn 0.25423659 -0.52040668 -0.81519362
vn 0.48389820 -0.11408067 -0.86765669
vn -0.14188029 -0.40939493 -0.90125789
vn 0.51065963 -0.06025752 -0.85766880
vn 0.01467405 -0.46301405 -0.88622946
vn -0.12457278 0.29718534 -0.94665860
vn 0.40503069 -0.32510449 -0.85455088
vn 0.33445707 -0.28910034 -0.89697239
vn -0.54840410 -0.43258058 -0.71563048
vn -0.44594310 0.10397210 -0.88900200
vn -0.16906053 -0.45036904 -0.87669052
vn -0.22943044 0.28408574 -0.93094413
vn -0.47566334 -0.21517735 -0.85290275
vn 0.10571063 0.38554087 -0.91661524
vn -0.65566236 -0.64131871 0.39851874
vn 0.76337438 -0.39975793 0.50739841
vn -0.31423233 -0.10057495 -0.94400356
vn 0.14489891 0.93980668 0.30946359
vn 0.17386714 0.00610056 0.98475022
vn -0.99429113 -0.08753020 -0.06102135
vn 0.82292823 -0.41674283 -0.38615353
vn 0.06627901 0.50194717 -0.86235499
vn -0.96617662 0.17593595 0.18854518
vn -0.08211207 0.10713933 -0.99084750
vn 0.32944190 -0.88835216 0.31984133
vn 0.44974071 0.53713980 0.71359242
vn 0.28322818 -0.79607509 0.53483292
vn 0.09618452 0.34901645 0.93216739
vn -0.29825887 -0.25969581 -0.91847686
vn 0.09679794 0.83199054 -0.54628006
vn 0.49043056 -0.86954346 0.05806920
vn -0.90728948 -0.36394207 0.21064654
vn -0.04242561 0.99756534 0.05534852
vn 0.78598840 0.20209333 -0.58427777
vn -0.87487267 -0.41467968 0.25027699
vn 0.76842752 0.63849756 -0.04289533
vn -0.63107772 -0.22076404 0.74364249
vn -0.04664479 0.00771685 0.99888173
vn -0.70928388 -0.31954594 0.62833651
vn 0.84281702 0.53134271 0.08564108
vn -0.83554459 -0.47299301 0.27954044
vn -0.82097993 -0.33888193 -0.45951169
vn 0.96514149 -0.25645231 -0.05228876
vn 0.88110556 0.47281596 -0.00990283
vn 0.92887681 -0.36655837 -0.05313044
vn 0.74813950 0.66342470 0.01244760
vn 0.95932603 -0.23087437 0.16245183
vn 0.97792296 -0.19094640 -0.08488905
vn 0.95902414 -0.27974038 -0.04492228
vn 0.90507967 0.42472916 -0.02087908
vn 0.95880987 -0.27710102 -0.06243922
vn -0.57196623 -0.44253061 0.69066728
vn -0.32948786 0.09910579 0.93894398
vn -0.95717045 -0.26893565 0.10723032
vn 0.24132733 0.96459123 -0.10641845
vn -0.55218645 -0.64690640 0.52592987
vn 0.99872759 -0.04386847 -0.02487474
vn -0.91134006 -0.34340047 -0.22701411
vn -0.89209566 -0.37458219 -0.25269254
vn -0.84126649 -0.43212087 -0.32487267
vn -0.49711686 -0.31310628 0.80922141
vn -0.44718820 -0.17788326 0.87657302
vn 0.46568102 0.85494088 -0.22851099
vn -0.23853159 -0.13044544 0.96233397
vn -0.29769139 -0.22101081 0.92872712
vn -0.19351463 -0.34957434 0.91670599
vn 0.15504636 0.05433848 0.98641166
vn 0.43840204 0.17694059 0.88118992
vn 0.67053521 -0.73204913 -0.12036030
vn 0.81931614 0.36915901 0.43868290
vn 0.42012854 -0.90545108 -0.06041805
vn 0.81900742 0.41026789 0.40113227
vn 0.15701539 0.02771192 0.98720728
vn 0.35315158 0.18837111 0.91640618
vn 0.49623921 0.34632805 0.79611779
vn -0.43039963 -0.37476931 0.82116023
vn 0.72215567 0.56057580 0.40527269
vn -0.36790015 -0.36971053 0.85320783
vn -0.59090931 -0.66140697 0.46191667
vn 0.06293159 0.06734924 0.99574279
vn 0.60977731 0.67642007 0.41307084
vn -0.47669046 -0.50718608 0.71800312
vn 0.22560627 0.35844286 0.90588108
vn 0.30163406 0.57412192 0.76118389
vn 0.38574869 0.84756173 0.36446819
vn 0.21366495 0.69695107 0.68454839
vn -0.07211520 0.70050326 0.70999619
vn -0.48540725 -0.87319687 -0.04366947
vn -0.28936188 0.34149456 0.89423217
vn -0.15160132 -0.46911617 0.87002704
vn 0.44176231 0.79890172 0.40816921
vn 0.12871187 0.81173785 0.56966210
vn -0.11468401 -0.25498274 0.96012050
vn 0.69190865 -0.71933698 -0.06177970
vn -0.33238533 -0.38588287 0.86058957
vn -0.29149706 0.45238783 0.84283730
vn 0.83879472 -0.51637661 -0.17256480
vn -0.20286558 0.52034028 0.82951284
vn 0.84058883 -0.53929238 -0.05073599
vn -0.45262803 0.15359026 0.87837230
vn 0.73664655 -0.67458341 -0.04784434
vn 0.84433457 -0.53138511 -0.06876772
vn -0.12309846 -0.99153370 0.04132422
vn 0.90624200 -0.41882333 -0.05755402
vn 0.89081642 -0.45163745 -0.04969634
vn -0.05585522 -0.99772108 -0.03785298
vn 0.78460564 -0.61816827 -0.04756027
vn -0.07401566 -0.99582430 -0.05343818
vn -0.06557396 -0.99238962 -0.10422525
vn -0.09442826 -0.99546066 0.01189059
vn -0.32519815 -0.52329522 0.78766000
vn 0.75927848 -0.07996189 -0.64583456
vn -0.81469325 0.50754500 -0.28048706
vn 0.95298369 -0.29764423 -0.05683316
vn 0.09316750 -0.99413187 -0.05496950
vn -0.87809880 -0.01028042 0.47836890
vn -0.84041880 -0.09605038 0.53335782
vn -0.42664173 0.48120855 0.76577749
vn 0.02648201 -0.02840812 0.99924556
vn 0.02439420 -0.99883085 -0.04173543
vn -0.98316817 -0.00004958 -0.18270289
vn -0.98396928 -0.14736168 0.10044393
vn 0.91587269 -0.37239240 -0.15000374
vn -0.88849886 -0.45698904 0.04160274
vn 0.15270338 -0.98215029 -0.10982938
vn -0.74534372 0.65917492 -0.09975552
vn -0.85162322 0.45808761 -0.25474231
vn -0.66430324 0.28550035 -0.69078995
vn -0.34235113 -0.89567623 0.28383058
vn -0.18559960 -0.28721780 0.93971204
vn 0.04477923 -0.21282013 0.97606476
vn -0.87715956 -0.47575306 -0.06519303
vn -0.90020467 -0.43306533 -0.04567236
vn -0.12977706 -0.76447585 0.63145434
vn -0.78344822 0.31824187 -0.53378928
vn 0.00907662 -0.88976742 0.45632395
vn 0.24361538 -0.53065849 0.81182086
vn -0.32592843 0.79404149 -0.51309723
vn -0.01112136 -0.40964614 0.91217671
vn -0.58641438 -0.80177107 0.11524463
vn -0.93034882 -0.33969670 -0.13804794
vn -0.12510967 -0.32655748 0.93686060
vn -0.26307150 -0.33563478 0.90451240
vn -0.44906187 -0.11263922 0.88637230
vn -0.33502530 0.58285652 -0.74029475
vn -0.15904238 -0.30156092 0.94008858
vn -0.12221174 -0.57997910 0.80541203
vn -0.95920402 -0.25229026 0.12758244
vn -0.05102530 -0.37442217 0.92585337
vn 0.04175197 -0.76024273 0.64829604
vn -0.78480503 -0.61967405 -0.00922742
vn -0.16752499 -0.74775776 0.64249024
vn -0.40028145 0.42952398 -0.80949608
vn -0.78168996 -0.62344233 0.01674743
vn 0.08147588 -0.90946551 0.40771824
vn 0.03489014 -0.06908770 0.99700028
vn -0.30319940 -0.17581766 0.93656728
vn 0.76481329 -0.64167713 -0.05754205
vn 0.16184771 -0.95794536 0.23695150
vn -0.83669393 -0.54454290 -0.05844908
vn -0.17184112 0.32337666 -0.93053649
vn -0.73630457 -0.67290116 -0.07113088
vn 0.39191620 -0.46617377 0.79314797
vn 0.18937320 -0.72024498 0.66737168
vn 0.54090366 -0.83864552 -0.06400720
vn -0.28672241 0.89308585 -0.34668129
vn 0.04947072 0.91723465 -0.39526351
vn -0.47298106 0.84605349 -0.24593171
vn 0.01518020 -0.85458307 0.51909281
vn 0.12146037 -0.90714246 0.40291431
vn -0.49930852 -0.71232459 0.49323897
vn 0.61624139 -0.51195760 0.59845298
vn -0.18909971 -0.95784304 0.21628227
vn 0.80907772 -0.58498292 -0.05646437
vn 0.66567103 -0.74352632 -0.06364497
vn 0.87380720 -0.48284204 -0.05765879
vn 0.94233158 -0.00421133 0.33465425
vn 0.05933987 -0.08361562 0.99472972
vn 0.93663531 -0.20095626 0.28693359
vn 0.69210144 -0.60786451 -0.38922529
vn 0.89865311 -0.43560946 -0.05164290
vn 0.98140596 0.15564440 -0.11232617
vn 0.85580532 -0.48436973 0.18161284
vn 0.65472728 -0.48208019 -0.58217771
vn 0.83957138 -0.53739037 -0.07957069
vn -0.61080608 0.28416231 0.73903161
vn 0.77820688 -0.60553815 0.16648601
vn 0.70842152 -0.57596685 -0.40792295
vn 0.98869370 0.14989356 0.00408435
vn -0.08131882 -0.18516904 0.97933635
vn 0.40352929 -0.87511569 0.26708921
vn 0.77511438 -0.50648621 -0.37771604
vn -0.60588785 0.07922158 0.79159576
vn -0.81126225 -0.53453800 0.23690227
vn 0.98322445 -0.17644333 -0.04623236
vn 0.98689876 -0.14691258 -0.06668978
vn -0.78541118 -0.47382032 -0.39827576
vn 0.85691960 -0.51263103 -0.05383510
vn 0.97017266 -0.23739188 -0.04909273
vn -0.54381836 -0.82321358 0.16303678
vn -0.57228804 -0.47578199 -0.66792058
vn 0.90473774 0.20865574 0.37136559
vn 0.75469910 -0.65360848 -0.05679105
vn -0.98418524 -0.17671926 0.01223604
vn -0.64096760 0.62776859 0.44166405
vn 0.09109714 -0.98435144 -0.15084279
vn -0.63266608 0.63565606 0.44235168
vn -0.04009378 0.80799438 0.58782444
vn 0.21336662 0.97525116 0.05796432
vn -0.99563425 -0.09307164 -0.00707861
vn -0.25721615 0.95195154 0.16621710
vn -0.86561721 -0.46304854 -0.19050693
vn -0.99528095 0.09639968 0.01108767
vn -0.79586426 0.60355145 0.04822572
vn -0.65854321 -0.25974002 -0.70629736
vn -0.99976217 -0.02175292 0.00155254
vn 0.05125178 0.94636439 0.31901049
vn 0.29231632 0.18909893 0.93743947
vn -0.99378323 -0.10995160 -0.01747968
vn 0.35664768 -0.93342006 -0.03910794
vn -0.00992602 0.94985094 0.31254547
vn -0.06950047 0.94042791 0.33281381
vn 0.33061227 -0.94082492 -0.07445796
vn -0.55254272 -0.09880745 -0.82760717
vn -0.99949386 -0.03179734 0.00097577
vn -0.52297182 0.85204343 0.02285773
vn -0.94639421 -0.31680070 -0.06305007
vn 0.06482424 0.80725711 0.58662916
vn -0.30997439 -0.78848166 -0.53123682
vn 0.24381843 0.81851442 0.52017950
vn -0.76919889 -0.47132287 -0.43149486
vn -0.98243599 -0.00781948 -0.18643601
vn -0.99828489 0.05696236 -0.01351211
vn -0.99945329 -0.03255369 -0.00577754
vn -0.80541782 0.38001805 0.45484989
vn -0.84401548 -0.27146033 -0.46254422
vn -0.15814396 0.86970790 0.46754536
vn -0.90399662 -0.42268335 -0.06425643
vn -0.15923190 0.94678661 0.27971472
vn -0.99955413 0.02794744 0.01051131
vn -0.37549500 0.44166030 0.81482494
vn 0.26834458 0.44426431 0.85476337
vn -0.35065811 -0.57857122 -0.73640629
vn -0.47257428 -0.84106998 0.26320113
vn -0.43413327 0.27365684 -0.85827748
vn -0.61127190 -0.48097746 -0.62849610
vn -0.78183268 -0.61883051 -0.07606872
vn -0.77908818 -0.61756007 -0.10789425
vn -0.49077743 -0.14747124 -0.85871401
vn 0.24106936 -0.96810459 -0.06825734
vn 0.88870091 0.00660599 0.45843979
vn -0.54471513 -0.83686114 0.05430334
vn 0.18870998 0.27732874 0.94206015
vn -0.51490586 -0.85474353 -0.06546343
vn -0.14850208 0.92254965 -0.35615906
vn -0.59234311 -0.80415942 -0.04957080
vn -0.00169191 -0.94855112 -0.31661950
vn -0.38421728 -0.91939158 -0.08423895
vn -0.06938284 0.68357565 0.72657440
vn 0.08423675 0.74197207 0.66511775
vn 0.41970345 -0.90333840 -0.08848024
vn -0.32683659 0.16905840 -0.92983714
vn -0.11124726 -0.23415253 -0.96581398
vn -0.17123433 -0.03705913 -0.98453310
vn 0.08918240 0.24204438 0.96615786
vn 0.18491823 0.72195283 0.66677535
vn 0.36321731 -0.80235278 0.47360659
vn 0.31412319 0.85933554 0.40357038
vn -0.46601326 -0.86966697 0.16282199
vn 0.78846835 0.41671875 0.45239711
vn 0.77235519 0.25946434 0.57978075
vn 0.94570101 0.13456783 0.29587345
vn -0.60824874 0.40729701 -0.68128013
vn 0.26414544 0.66005182 0.70324873
vn 0.40375921 0.51634119 0.75522863
vn 0.43899773 0.29296107 0.84938496
vn 0.71144648 0.17281275 0.68116052
vn -0.84130840 0.50178803 0.20101977
vn -0.43579941 0.86952003 -0.23240866
vn -0.25674858 0.82472908 0.50388700
vn 0.04359270 0.69210151 0.72048260
vn -0.31248506 0.54500538 0.77802456
vn 0.24006527 -0.97067884 0.01229852
vn 0.81379302 0.57316480 -0.09603667
vn -0.23313783 0.34599722 -0.90880838
vn 0.41102120 -0.91108685 0.03134214
vn 0.17876576 -0.98059193 -0.08051253
vn 0.25529772 0.94393788 -0.20929490
vn 0.41640026 -0.90760515 -0.05351365
vn 0.45586766 0.88383079 0.10501342
vn -0.01832831 0.99773015 -0.06479677
vn 0.40228470 -0.91298523 -0.06800724
vn 0.65111649 -0.63934632 -0.40900317
vn 0.15224324 -0.97800868 -0.14255183
vn 0.38009451 -0.92203301 -0.07337087
vn 0.64757548 0.76196568 -0.00736844
vn 0.72890100 0.67510401 0.11374491
vn -0.53324782 -0.84095739 -0.09185544
vn 0.42731364 -0.88624571 -0.17880603
vn 0.22557385 0.96590111 0.12708847
vn -0.16646356 -0.86376124 -0.47561162
vn 0.36845965 0.68503809 0.62845868
vn 0.13147444 0.94965278 0.28438366
vn 0.86605405 0.09453568 0.49093114
vn 0.14411636 0.98873113 -0.04051194
vn 0.36340599 -0.92894600 -0.07067821
vn 0.15581552 -0.81086485 -0.56410967
vn 0.49685866 -0.65077619 -0.57412701
vn 0.12487952 0.98174033 -0.14349576
vn -0.58073962 -0.78112801 -0.22930444
vn 0.12310051 -0.98886580 -0.08361039
vn 0.13636332 0.90878540 0.39435282
vn 0.83127372 -0.55178849 -0.06718230
vn 0.97098565 0.11390466 0.21026792
vn -0.18423303 -0.91269478 -0.36475530
vn 0.80104873 -0.58372202 -0.13262552
vn 0.42624985 -0.82739481 -0.36568962
vn 0.91505400 -0.40012616 -0.05074665
vn -0.23521366 -0.93780748 0.25532658
vn 0.06677067 0.92411774 0.37622875
vn 0.44210812 0.88890702 0.11993633
vn 0.55308316 -0.82767106 -0.09518211
vn 0.78375192 0.08285269 0.61552284
vn -0.05785106 0.92319939 0.37994228
vn 0.77706624 0.60895415 0.15919455
vn 0.74771729 -0.05494949 0.66173968
vn 0.07740976 0.99389428 -0.07862505
vn 0.98569042 -0.09201313 0.14123735
vn -0.01354932 0.82634334 0.56300365
vn 0.14280920 0.98952255 0.02122844
vn 0.35890546 -0.85133808 -0.38263605
vn 0.35944055 -0.83700097 -0.41259165
vn 0.16184834 0.89534955 0.41491481
vn 0.29598350 -0.87562430 -0.38167506
vn -0.24501351 0.90260988 -0.35392624
vn 0.92563650 -0.37458019 -0.05372847
vn -0.03901230 0.99894079 0.02439962
vn -0.19893797 0.97994362 0.01158401
vn 0.96594307 -0.25455578 -0.04642556
vn 0.25700661 0.87820544 0.40336436
vn 0.05889274 0.94724189 0.31506260
vn -0.12125187 0.99151191 -0.04692666
vn 0.39086689 -0.91793957 -0.06789710
vn 0.17603737 -0.79301178 -0.58321793
vn 0.14562200 -0.35240693 -0.92444772
vn 0.05107789 0.14744235 0.98775088
vn -0.03713712 0.24636375 0.96846566
vn 0.38254432 0.16968652 0.90822152
vn 0.89983570 0.12888053 0.41675595
vn 0.81346334 0.35463927 0.46098631
vn 0.28504640 -0.50056028 -0.81742764
vn -0.33513253 -0.92249646 0.19153713
vn 0.98986480 -0.13300756 -0.04976604
vn 0.99795266 0.04155901 -0.04861422
vn 0.36326704 -0.33270762 -0.87025439
vn 0.70192775 -0.13716348 -0.69891603
vn 0.97867315 -0.10428543 -0.17698423
vn 0.46039146 -0.78002887 -0.42378611
vn 0.94847657 0.20398160 0.24245351
vn 0.98231732 0.18646458 -0.01684163
vn 0.99507364 -0.07773319 -0.06153046
vn 0.99771682 -0.00983208 -0.06681675
vn 0.52093294 -0.81241060 -0.26195018
vn 0.25743502 0.57279937 -0.77822111
vn 0.76216044 0.62799799 -0.15725775
vn 0.72030466 -0.11999834 -0.68319953
vn -0.98424407 -0.17425957 -0.02995338
vn -0.99723574 -0.07328237 0.01227051
vn -0.46420231 0.10645985 0.87930798
vn -0.22622037 -0.52063201 0.82326585
vn -0.54990694 0.26329683 0.79263935
vn -0.84900757 0.52328361 0.07321487
vn 0.53948504 -0.83931968 -0.06706983
vn -0.76833551 0.62616828 -0.13256630
vn 0.53611224 -0.83896819 -0.09335971
vn -0.44246557 0.24561786 0.86249411
vn 0.50075311 -0.86321992 -0.06401317
vn 0.63821046 -0.76713742 -0.06471165
vn -0.31964693 0.17848341 0.93057483
vn -0.13475155 0.06515569 0.98873493
vn -0.22961464 0.97324785 -0.00810811
vn 0.90582024 -0.42064662 -0.05045904
vn -0.56057260 0.82809685 0.00373692
vn 0.13638525 -0.13480671 0.98144089
vn -0.18821072 0.97306496 0.13312139
vn -0.25936982 0.38129010 0.88732472
vn -0.19752605 0.86860249 0.45443721
vn -0.50003734 -0.80458443 -0.32032258
vn -0.35169475 0.93387139 0.06476909
vn -0.52412883 0.85132438 -0.02314690
vn -0.45680204 0.63947930 0.61838347
vn 0.02512382 0.00624290 0.99966485
vn -0.40005995 0.90170211 0.16396750
vn 0.99941472 0.03094159 0.01458860
vn -0.45266819 0.89157069 -0.01390012
vn 0.09900014 -0.68746305 0.71943973
vn 0.55418134 0.05180598 0.83078227
vn -0.38938014 0.92096976 -0.01406441
vn -0.26446276 -0.96001937 -0.09177288
vn 0.88733242 0.10079156 0.44998027
vn 0.98371936 0.11796636 0.13557345
vn -0.34236239 0.68792621 0.63995744
vn 0.29690852 -0.88372410 0.36176932
vn 0.08831902 -0.55713574 0.82571152
vn -0.29795901 -0.75710941 0.58138264
vn -0.49661805 0.86793208 -0.00802620
vn -0.23326432 -0.96811225 -0.09135879
vn -0.17942954 -0.60613393 0.77485914
vn 0.06772671 0.25950052 0.96336523
vn -0.50914350 -0.07161667 0.85769689
vn 0.03836719 0.09603178 0.99463856
vn -0.30232431 -0.95297647 -0.02087720
vn -0.15037881 0.81123623 0.56505043
vn -0.39847997 -0.78367970 0.47650797
vn -0.26569038 -0.96313350 -0.04221950
vn -0.33207173 0.94035953 -0.07383982
vn -0.44193209 -0.87915590 -0.17827205
vn -0.11089753 0.50641476 0.85512913
vn -0.39519594 -0.85594408 -0.33343649
vn -0.00342103 -0.07543354 0.99714496
vn -0.41889832 -0.90519795 -0.07169981
vn 0.99870951 -0.02483957 -0.04429801
vn -0.11964248 -0.04929211 0.99159264
vn -0.12637340 -0.80175965 0.58413289
vn -0.13816324 -0.98625988 -0.09056687
vn -0.13324719 -0.05389623 0.98961628
vn -0.12251819 -0.40130230 0.90771458
vn -0.70756383 -0.64634939 -0.28563244
vn -0.35482764 -0.92986092 -0.09724200
vn -0.73502683 -0.63037299 -0.24973076
vn 0.33037611 0.01042903 0.94379175
vn -0.86234340 -0.01048735 0.50621525
vn -0.91566367 0.25029981 0.31449968
vn 0.10381114 -0.99272967 -0.06091845
vn 0.04563271 -0.99626909 -0.07324999
vn 0.80848554 -0.50774346 0.29756966
vn -0.37583487 0.25756546 0.89017312
vn 0.67193330 -0.71221294 0.20312158
vn -0.14694021 -0.92950347 0.33827780
vn -0.92473735 0.24071700 0.29481547
vn 0.89779355 -0.42175101 -0.12685748
vn -0.86113298 0.28947319 -0.41791777
vn -0.25350059 -0.96578518 -0.05473969
vn -0.68045918 0.58055975 0.44713049
vn 0.13181780 0.89916229 0.41729035
vn 0.10342898 0.52353363 0.84570384
vn -0.61838477 -0.04899307 0.78434684
vn 0.88027142 -0.19711879 -0.43158593
vn -0.03209222 0.79440861 0.60653528
vn -0.15814409 0.08265858 0.98395020
vn 0.52377608 0.45143170 -0.72240435
vn -0.06607618 0.72702340 -0.68342586
vn 0.16517462 0.50081158 0.84964999
vn -0.00324696 0.99732447 -0.07302982
vn -0.20902453 -0.97690276 -0.04438166
vn 0.20604154 0.62737145 0.75096734
vn 0.98536341 0.14083711 0.09604095
vn 0.98024475 -0.10678930 0.16648208
vn 0.10881574 0.69423780 0.71147242
vn -0.56344544 -0.70878208 0.42444930
vn -0.74100583 -0.61669489 0.26570241
vn -0.18050442 -0.23576850 -0.95489862
vn 0.16365577 0.98647762 -0.00887077
vn 0.65493634 0.61899947 0.43347207
vn 0.24922543 0.92059800 0.30064264
vn 0.10513629 0.99323890 0.04922245
vn 0.04176466 0.99698149 -0.06544937
vn 0.19942392 0.56235905 0.80248514
vn 0.61723501 0.67822223 0.39879261
vn 0.93022997 -0.16137801 0.32958967
vn 0.23544287 0.86333376 -0.44634233
vn -0.33546733 -0.18080885 0.92453763
vn 0.62300319 0.62276758 0.47331551
vn 0.05139746 0.02630418 0.99833180
vn 0.68363928 0.58944918 -0.43033360
vn -0.19916408 0.97716561 0.07403403
vn 0.31280803 -0.93684196 0.15645538
vn -0.13716796 -0.97426665 -0.17885593
vn 0.98516515 0.11509460 0.12729048
vn 0.92724349 0.07479561 0.36691297
vn 0.00478324 0.90049230 -0.43484565
vn -0.57392862 -0.72782808 -0.37532947
vn 0.02096564 -0.85456170 0.51892653
vn 0.20601438 0.07213763 -0.97588638
vn 0.10188503 0.01724602 0.99464668
vn 0.52401037 -0.43427267 0.73268027
vn 0.95471868 0.12413098 0.27037702
vn 0.68224772 0.10567840 0.72344324
vn 0.90586856 0.09772554 0.41213089
vn 0.81952367 0.13438903 0.55706422
vn 0.53871644 -0.19857395 0.81875087
vn -0.04817520 0.27618546 -0.95989621
vn 0.08380338 0.81167395 0.57806782
vn 0.18337408 0.26955630 0.94536414
vn -0.75829678 -0.24661132 0.60346404
vn -0.48346324 0.07216067 -0.87238531
vn -0.99745318 0.05132227 -0.04952959
vn -0.35544997 -0.90011029 -0.25190631
vn 0.77784057 -0.02691244 0.62788516
vn -0.00081086 -0.39986570 0.91657338
vn 0.05306619 -0.06140822 0.99670106
vn -0.97684985 0.20927866 -0.04434875
vn 0.56633440 -0.04258054 0.82307487
vn 0.20989982 0.66545766 0.71631569
vn 0.16141778 -0.21467886 0.96325349
vn 0.50782567 -0.86062324 -0.03795689
vn -0.75526244 0.65490410 -0.02606260
vn 0.97324370 0.17541526 0.14841220
vn 0.28973484 0.75486882 0.58841039
vn 0.49592814 0.12571660 0.85921511
vn 0.26042867 -0.00711042 0.96546691
vn 0.41760067 0.46096912 -0.78301797
vn 0.63594667 0.01588896 0.77156942
vn -0.22080494 -0.03035666 0.97484545
vn -0.30138295 -0.78144349 0.54636471
vn 0.51558706 0.67329498 -0.52994702
vn -0.76361849 0.64312373 -0.05725963
vn -0.80195005 0.48379667 -0.35045241
vn 0.91796595 0.38428398 -0.09830734
vn 0.37130598 0.73069703 -0.57289939
vn 0.23489697 -0.01707959 0.97187021
vn -0.99630539 0.08585017 -0.00230651
vn 0.09136115 -0.17401704 0.98049539
vn 0.14106126 -0.05185149 0.98864207
vn -0.68951819 -0.13293608 0.71196395
vn -0.13701863 -0.20413182 0.96930702
vn -0.98772142 0.05137606 -0.14753609
vn -0.22524982 -0.83972645 -0.49408705
vn -0.20530426 -0.16826114 0.96412569
vn -0.24251022 -0.20935066 0.94729145
vn -0.31148583 -0.86091253 -0.40225140
vn -0.21301420 -0.96143310 -0.17398660
vn 0.43362713 0.86258147 0.26061604
vn 0.28291861 -0.94862325 -0.14167213
vn 0.95887406 0.26992987 -0.08774054
vn -0.03957727 -0.96494578 -0.25944803
vn -0.22522260 -0.21787130 0.94963513
vn -0.42634685 0.05150489 0.90309225
vn -0.61005893 -0.03562508 0.79155477
vn 0.39574886 0.91092270 -0.11663051
vn 0.10135074 0.10466294 0.98932992
vn -0.92354645 0.07944493 -0.37516724
vn -0.63901402 -0.31890501 0.69997191
vn 0.17094705 0.98517484 -0.01440939
vn -0.14023900 0.01487669 0.99000591
vn -0.12172713 -0.10695742 0.98678398
vn -0.72707149 0.66255079 -0.17998196
vn -0.23654710 -0.44366200 0.86441281
vn -0.47077814 -0.29242092 0.83238089
vn -0.24252984 0.08071729 0.96678022
vn -0.40238697 0.02017333 0.91524738
vn -0.22468718 0.07015738 0.97190206
vn -0.77180942 -0.46862710 0.42976605
vn -0.39899563 -0.05275623 0.91543392
vn -0.57056356 -0.11601712 0.81301738
vn -0.41141390 -0.14399825 0.90000173
vn -0.10828824 -0.18500757 0.97675271
vn -0.52954301 -0.19495849 0.82557579
vn -0.43556800 -0.22846828 0.87067948
vn -0.55374769 -0.07934715 0.82889537
vn -0.72709141 0.68119162 -0.08553400
vn 0.32453660 0.77887947 0.53667753
vn -0.60411327 -0.65675320 0.45135617
vn 0.66417807 0.41017833 0.62499698
vn 0.58647336 0.26886513 0.76404223
vn -0.59037732 -0.18345390 0.78600209
vn 0.24527417 0.61436648 0.74992960
vn -0.98768282 -0.12872242 0.08895609
vn 0.04910050 -0.99616983 -0.07235205
vn 0.91760743 0.39127641 -0.06999560
vn -0.94375968 0.32388334 -0.06646234
vn -0.82088604 0.57004102 -0.03463151
vn -0.95267948 0.30361607 -0.01480181
vn -0.52198125 -0.19846635 0.82954607
vn -0.97949312 -0.20055224 0.01928814
vn -0.87776367 0.47501965 0.06234803
vn 0.83694605 0.43820497 0.32786844
vn -0.18939668 -0.97804617 -0.08691718
vn -0.62107882 -0.78248523 -0.04447438
vn -0.98268936 0.08001428 0.16709079
vn 0.32555964 0.74504710 0.58216470
vn -0.99770362 -0.06194002 0.02740306
vn -0.90639726 -0.37102180 0.20195748
vn 0.39204820 0.90199262 0.18085220
vn 0.23601775 0.53772372 0.80941264
vn -0.95929430 -0.28053718 -0.03245513
vn 0.48881653 0.87219461 -0.01830193
vn 0.77860940 0.62504612 -0.05554055
vn -0.44258024 -0.02386934 0.89641117
vn -0.82787438 0.56071050 -0.01509124
vn 0.50132803 0.86518378 -0.01127963
vn 0.36008701 0.93166527 -0.04834423
vn -0.09516341 -0.12207341 0.98794838
vn -0.42502861 -0.89912947 -0.10448387
vn 0.52276994 0.80419109 0.28282199
vn -0.60289516 0.79732436 -0.02812995
vn -0.23308919 -0.96853292 -0.08725483
vn -0.51425805 0.85613155 -0.05076836
vn 0.07273705 0.02783421 0.99696268
vn 0.07711393 0.97761004 -0.19578570
vn -0.59616694 0.80183203 -0.04062487
vn -0.13045911 -0.88428435 -0.44835434
vn 0.74954695 -0.65832007 -0.06923908
vn 0.14205701 0.96129163 -0.23608939
vn -0.16889773 0.98551422 -0.01533899
vn 0.15040428 0.98822436 0.02812772
vn 0.42142194 0.90664659 -0.01988733
vn 0.66576602 0.74610136 -0.00940089
vn 0.08211475 0.97710280 0.19628369
vn -0.11529002 0.99331786 0.00527575
vn 0.07796353 0.92638812 -0.36841110
vn -0.53991887 0.84008754 -0.05235021
vn 0.20317473 0.97392998 -0.10089812
vn -0.18855036 0.98185949 -0.02001758
vn 0.50298664 0.86428731 -0.00344644
vn -0.21487473 0.97611590 -0.03204046
vn -0.99426421 -0.10626454 -0.01210489
vn 0.24063557 0.97030045 -0.02472967
vn -0.20301604 0.97720249 -0.06212719
vn 0.74024917 0.67185709 -0.02528262
vn 0.73297366 0.67973898 -0.02654283
vn 0.43670273 0.85834696 0.26931621
vn -0.33794453 0.93926961 -0.05971673
vn -0.44798704 0.88866544 -0.09788434
vn 0.78524001 -0.24204511 -0.56992305
vn -0.06324688 0.99791282 -0.01303179
vn -0.33142604 0.93334080 -0.13795556
vn 0.90229701 0.42987101 -0.03272649
vn -0.07382843 0.99523910 -0.06362772
vn 0.15220029 0.98777511 0.03369575
vn 0.97084017 -0.14095840 -0.19390744
vn -0.61120190 0.06130734 0.78909673
vn -0.27129840 -0.38837105 0.88066174
vn 0.21682329 0.36214386 0.90655363
vn 0.99700045 -0.05622858 -0.05318309
vn 0.99921705 0.01609579 -0.03614158
vn -0.95454916 -0.02793643 0.29674139
vn 0.69916997 0.51270029 0.49829686
vn -0.28455516 -0.85581334 -0.43198598
vn -0.77976501 0.61723552 -0.10481815
vn -0.09548357 0.99351025 -0.06180833
vn 0.41113254 0.59228643 0.69294070
vn -0.97281281 -0.08972369 0.21350622
vn -0.51431849 -0.59207549 0.62042171
vn 0.99780910 -0.01188700 -0.06508218
vn 0.35224674 0.59735529 0.72047824
vn 0.12895931 0.12344516 0.98393637
vn -0.15608495 -0.28010644 0.94719474
vn -0.98909799 -0.14557486 -0.02220625
vn -0.29625743 -0.25670228 0.91996493
vn -0.46206630 -0.88537708 -0.05101135
vn 0.04706751 0.99774376 -0.04787522
vn 0.01320640 0.99611393 0.08707831
vn 0.07505828 0.99577542 -0.05289200
vn -0.46752923 -0.09840421 0.87848337
vn -0.95954870 -0.26692303 -0.08954546
vn -0.34994658 -0.20213254 0.91470204
vn -0.45928806 -0.08279124 0.88442077
vn 0.39651300 0.60536175 0.69015549
vn -0.58536821 -0.08052232 0.80675908
vn 0.17838452 0.98154278 0.06894015
vn 0.04888261 0.99778717 -0.04506951
vn 0.55051548 0.80217277 0.23119592
vn -0.09518213 -0.03406947 0.99487669
vn 0.56545120 0.59538362 0.57077428
vn -0.32111161 -0.09117613 0.94264216
vn -0.19179357 -0.07659116 0.97844214
vn 0.28909427 0.95554372 -0.05797156
vn 0.49439201 0.73288080 0.46739949
vn -0.93354804 -0.35480977 -0.05097138
vn 0.09965475 0.96750812 -0.23237246
vn 0.92020683 0.39126926 -0.01130303
vn 0.59757975 0.69155435 0.40577213
vn 0.91788000 0.34610884 0.19417767
vn 0.62117881 0.74176902 0.25281537
vn 0.46057574 0.05312117 0.88602942
vn 0.80922865 -0.09095779 0.58040992
vn -0.25524545 0.86166502 -0.43861504
vn 0.49706894 0.59920482 0.62759546
vn 0.96394144 -0.03693341 0.26353902
vn 0.59834840 0.64843002 0.47065667
vn 0.57335431 0.79641157 0.19233682
vn 0.99270802 0.11895074 -0.01953211
vn 0.86076494 -0.09195163 0.50062822
vn -0.92989581 -0.34987877 -0.11348403
vn 0.87087568 0.09258736 0.48270398
vn 0.47257763 0.48330700 0.73694282
vn 0.14683224 0.18136717 0.97239202
vn 0.50681899 0.38447309 0.77156656
vn 0.98744080 0.15268770 -0.04058500
vn 0.12103890 0.97187265 -0.20202261
vn 0.71875698 0.69352063 0.04916846
vn 0.22066020 -0.02292769 0.97508123
vn 0.61091711 0.79153177 -0.01605458
vn -0.06727055 -0.81834634 -0.57077486
vn 0.61474368 0.52792445 0.58599145
vn -0.20723723 -0.93734940 0.28005147
vn 0.98207746 0.18266257 -0.04645701
vn 0.13258315 -0.98786194 -0.08093509
vn 0.96287833 0.26873820 -0.02539899
vn 0.99752822 0.05371915 -0.04529574
vn 0.05313452 -0.07097572 0.99606183
vn 0.70587031 0.70478644 0.07087435
vn -0.99893451 -0.03116775 0.03403553
vn 0.94630829 0.32316646 0.00800400
vn -0.18417121 0.85082855 -0.49210948
vn -0.03723546 -0.04036620 0.99849091
vn 0.79322567 0.55488317 0.25079414
vn -0.31624555 -0.06909222 0.94615803
vn -0.99799219 -0.06331444 -0.00169669
vn -0.11867034 -0.60218390 0.78948838
vn -0.80731867 -0.18918478 0.55896841
vn -0.78139683 -0.00851771 0.62397631
vn 0.71824761 0.60693496 0.34022101
vn -0.32922048 -0.06768069 0.94182440
vn -0.99926831 0.03679102 0.01045293
vn -0.77303804 0.63377125 0.02731658
vn 0.34164028 0.32421135 0.88213883
vn 0.97040056 0.23803651 -0.04075991
vn 0.13820118 0.06549351 0.98823633
vn 0.38741816 0.92129076 0.03362313
vn -0.12579150 -0.99079606 -0.04999674
vn 0.44052623 0.89682878 0.04043226
vn 0.93005069 0.34921303 -0.11426270
vn -0.93717627 -0.34743667 -0.03143878
vn 0.96522709 0.26122765 0.00983767
vn 0.99410647 0.09126577 -0.05850546
vn -0.99980325 0.01930538 0.00455581
vn 0.76850053 -0.38711802 -0.50945714
vn 0.97891072 0.13184548 -0.15604669
vn 0.98959223 0.10108595 -0.10241510
vn -0.15527619 -0.98779904 -0.01193183
vn -0.99748843 0.06705346 -0.02281822
vn 0.36454166 0.85973938 -0.35771158
vn 0.97514704 0.22024489 -0.02409242
vn 0.90047869 0.43358317 -0.03381961
vn 0.95094051 0.30673889 -0.04029149
vn -0.99612187 0.08798361 -0.00032303
vn 0.88392654 0.46730506 0.01731621
vn 0.99644829 0.06856002 -0.04889093
vn -0.71742469 0.22459089 0.65943972
vn -0.99979074 -0.01915937 -0.00716962
vn 0.95137898 0.30541107 -0.04002637
vn 0.01048434 -0.99447962 0.10440478
vn 0.38940771 0.15148466 0.90852299
vn -0.89287414 -0.42797135 0.14005815
vn -0.25058895 0.15456192 0.95567557
vn -0.42961220 -0.11046950 0.89623091
vn -0.88288602 0.46635445 0.05500729
vn 0.24195468 -0.95933003 -0.14540919
vn -0.87521857 0.44042621 0.20004303
vn -0.16496665 -0.04923291 0.98506960
vn -0.90841911 0.38773068 -0.15633180
vn -0.85547296 -0.51544443 0.04983025
vn -0.39496004 -0.05417932 0.91709932
vn -0.99769553 0.06778018 0.00307857
vn -0.93651383 -0.34053218 -0.08354446
vn -0.88877665 0.43104319 0.15581345
vn 0.13769572 -0.95533424 -0.26148878
vn -0.97284750 -0.12948889 -0.19183422
vn -0.05534394 -0.97823831 0.19996716
vn 0.94600188 0.32242227 -0.03353092
vn 0.98347143 0.17769730 -0.03475091
vn -0.42296703 -0.90582844 0.02395257
vn -0.99774781 -0.05935599 -0.03124373
vn 0.95023231 0.29108790 -0.11102428
vn -0.97185692 -0.23543742 0.00795977
vn 0.93725575 0.31543563 -0.14849924
vn -0.18081572 0.98261387 -0.04213866
vn -0.93287871 -0.34254696 -0.11135029
vn 0.79175243 0.07138026 -0.60665719
vn 0.97043680 0.13071782 -0.20289224
vn 0.97212057 0.23085777 -0.04106434
vn -0.11287003 0.99349095 -0.01536517
vn -0.20911044 0.32608586 0.92192236
vn 0.13857013 0.99010305 -0.02223230
vn 0.24253773 -0.31468163 -0.91768781
vn 0.63523252 0.77178257 -0.02883246
vn -0.07521365 -0.05925524 0.99540531
vn -0.34509884 0.22582675 0.91099345
vn 0.89170645 -0.43526069 -0.12412795
vn -0.49927158 0.24145645 0.83212179
vn -0.09365889 0.99554753 0.01063624
vn 0.34219143 -0.10462477 -0.93378728
vn -0.87176213 -0.13313705 -0.47149265
vn 0.99022404 0.10897517 -0.08706757
vn 0.98290819 0.13568381 -0.12442421
vn -0.19136264 0.32093328 0.92756788
vn 0.97064784 0.22446495 -0.08636122
vn 0.18820212 0.98124250 0.04175061
vn 0.30655764 0.95047870 -0.05111420
vn -0.32419012 -0.94461271 -0.05106468
vn -0.10074030 0.77218319 -0.62736314
vn 0.95302611 0.28034818 -0.11465656
vn -0.24906532 0.81354717 -0.52545929
vn 0.98886391 0.13042502 -0.07167622
vn 0.43291850 0.89864035 0.07090201
vn 0.23780142 -0.00672568 0.97129051
vn 0.98662058 0.11891075 -0.11153506
vn 0.85298765 0.51351482 0.09335198
vn -0.36250990 0.65820161 0.65981605
vn -0.64170514 0.75093025 0.15594320
vn 0.86437653 -0.09847369 0.49310865
vn 0.92858922 0.30023408 -0.21813199
vn 0.49578438 0.86740875 -0.04242544
vn 0.64049248 0.58790353 0.49410406
vn -0.28951518 0.30548146 0.90711743
vn 0.00584039 -0.04763435 0.99884777
vn 0.70959703 0.12552500 -0.69333652
vn 0.39724486 0.91613798 -0.05373743
vn -0.99584838 0.05702575 0.07095111
vn -0.03928533 -0.78681761 -0.61593402
vn 0.93183013 0.35882088 -0.05422346
vn 0.86298900 0.22442739 -0.45263929
vn -0.89722097 0.35493593 0.26270708
vn 0.42150289 0.24352031 0.87351770
vn -0.83325641 0.04266376 -0.55123821
vn 0.98225096 0.18254983 0.04311168
vn 0.99270241 0.12000882 -0.01182423
vn 0.99448321 0.10443448 -0.00982790
vn 0.93865986 -0.13729762 -0.31633374
vn 0.99344743 -0.09460435 0.06412660
vn -0.69147395 0.58005804 -0.43057688
vn -0.22024090 0.92126716 -0.32056319
vn -0.52134639 0.84975861 0.07815529
vn -0.23138608 0.91945839 -0.31789424
vn -0.26899952 0.90795268 -0.32134280
vn 0.04718546 0.99750427 -0.05252388
vn -0.79096815 0.14537598 0.59433593
vn -0.81226506 -0.57776919 -0.08005146
vn 0.52317654 -0.84739276 -0.09061907
vn 0.37246287 -0.92697580 0.04457897
vn 0.13706446 -0.00096350 0.99056166
vn 0.96656705 0.00167620 -0.25640854
vn -0.70919503 -0.70109583 -0.07420943
vn 0.68266257 0.73005892 -0.03139734
vn -0.74964802 -0.64863641 -0.13152437
vn -0.40484034 0.86380119 -0.29991966
vn -0.19435739 -0.97973995 -0.04832020
vn -0.78565719 0.26505616 0.55900628
vn 0.65067813 0.75869595 -0.03159789
vn -0.34415513 0.93752417 -0.05104580
vn -0.65668843 0.75402807 0.01421157
vn -0.46552963 -0.17247621 0.86806343
vn 0.62271121 0.09339595 -0.77685774
vn -0.70914365 0.70460124 -0.02554160
vn -0.74337100 0.50797458 -0.43515673
vn -0.85736889 0.51458401 -0.01104050
vn 0.68485132 0.09504100 -0.72245822
vn 0.78305484 0.62033880 0.04477596
vn 0.88879673 0.45722871 -0.03134122
vn 0.76556140 0.64270721 -0.02903778
vn -0.92558620 0.33235602 -0.18118957
vn -0.96636406 0.25426157 -0.03862061
vn -0.38082688 0.87245666 -0.30625196
vn 0.40623712 -0.91222887 -0.05300838
vn 0.25848669 0.54744343 -0.79592105
vn -0.41782289 0.90124218 0.11483275
vn -0.68210375 0.67122988 0.29014640
vn -0.27248675 0.87528716 0.39952893
vn 0.86244889 0.50399875 -0.04655299
vn -0.58017552 0.58624734 0.56542941
vn 0.00363935 0.46442454 0.88560522
vn 0.37329540 0.91092524 -0.17568650
vn 0.57325177 0.69225159 -0.43837216
vn 0.77224254 0.29468622 -0.56285122
vn -0.61548659 0.77363584 0.15054515
vn -0.12803494 -0.99106628 -0.03734547
vn -0.73683062 0.59260711 -0.32541889
vn -0.92663526 -0.31382487 -0.20702909
vn -0.84902393 0.52828841 0.00834956
vn -0.92729198 -0.32093317 0.19269530
vn 0.86160195 0.50758262 -0.00140050
vn 0.90194555 0.41487559 -0.11988523
vn -0.98675688 0.15889525 -0.03260615
vn -0.99914438 0.01808935 -0.03719249
vn 0.92983079 0.36655821 -0.03240022
vn 0.01782626 -0.36738069 0.92989981
vn 0.99527873 -0.03157403 -0.09177875
vn -0.31953540 0.32977920 0.88833710
vn 0.98381141 0.17513931 -0.03796477
vn -0.77887616 -0.61925303 -0.09938618
vn 0.98424869 0.15026296 -0.09314273
vn 0.98369807 0.09632227 -0.15185561
vn 0.40346889 0.91298092 -0.06065227
vn -0.92604029 -0.09038095 -0.36644327
vn -0.63623610 0.63839517 0.43319191
vn 0.97059215 0.23718076 -0.04118453
vn -0.43125692 0.84410378 -0.31860050
vn 0.31650167 0.86480750 0.38978800
vn 0.91747533 0.31825108 -0.23865304
vn -0.13987990 0.70437615 0.69590794
vn 0.73560821 0.67663339 -0.03237010
vn -0.98097675 0.19099932 -0.03469699
vn 0.90305781 0.38181104 -0.19674074
vn 0.95252727 -0.27159381 -0.13758124
vn 0.09342248 0.54851083 0.83090800
vn 0.96595495 -0.12420474 -0.22694541
vn -0.09892486 -0.99450745 -0.03418780
vn 0.82743136 0.45270812 -0.33228408
vn 0.72628867 0.60347004 -0.32913323
vn -0.57574553 0.33262258 0.74691319
vn -0.39739257 0.29787023 0.86795880
vn 0.37361537 0.66448024 0.64720752
vn -0.47683932 -0.87778459 -0.04602695
vn 0.69347616 0.55728482 0.45664476
vn -0.55199275 -0.83173954 -0.05927348
vn -0.84161551 -0.49745335 -0.21029383
vn 0.96340377 -0.20498108 -0.17273079
vn -0.79347098 -0.60301016 -0.08235623
vn -0.80292470 -0.51428455 0.30136908
vn 0.83401387 0.55091272 -0.03026623
vn 0.94962764 0.31000509 -0.04587153
vn -0.85811887 0.51248739 -0.03144319
vn 0.01380647 0.17615500 0.98426561
vn -0.42180031 -0.31111358 0.85164126
vn 0.82194199 -0.12747634 -0.55512264
vn 0.52428755 0.83675636 0.15799164
vn -0.81148049 -0.56641562 -0.14378028
vn -0.21302392 0.70307524 0.67845856
vn 0.95365939 0.30029177 -0.01893747
vn 0.00157783 -0.17280102 0.98495549
vn -0.88950493 0.45495119 -0.04243099
vn -0.76353087 0.04820975 0.64396927
vn 0.96563323 0.25840655 -0.02790215
vn 0.92767763 0.11585092 -0.35495463
vn -0.57847128 0.06359117 0.81322023
vn -0.45796247 0.01961991 0.88875499
vn -0.01696551 0.99985601 0.00036408
vn -0.55954169 0.11608984 0.82063161
vn 0.95891954 0.28091590 -0.03949145
vn -0.13268767 0.89335251 -0.42931954
vn -0.42683768 0.05096788 0.90289084
vn -0.07749198 0.99299458 -0.08920066
vn -0.20546146 -0.95997173 -0.19036772
vn 0.62465576 0.15782978 0.76478425
vn -0.78233341 0.62019571 -0.05754743
vn -0.81773637 0.57043156 -0.07690944
vn -0.48583501 0.86111991 -0.14978934
vn -0.38841594 0.65449555 -0.64866681
vn -0.36779332 -0.01819874 0.92972947
vn -0.33492734 0.92548287 -0.17693255
vn -0.56989749 0.80400017 -0.16970732
vn 0.17457309 0.24591204 0.95344193
vn -0.78310994 -0.57558230 0.23546517
vn -0.52079313 0.85312272 -0.03092154
vn 0.10419984 0.11054342 0.98839392
vn -0.94176275 -0.33185139 -0.05438371
vn 0.03374156 -0.99660690 -0.07507462
vn 0.84083950 0.54030191 -0.03260031
vn 0.57914906 0.81514656 0.01106587
vn -0.17405761 0.37223140 0.91167304
vn -0.40333755 0.14250090 0.90388734
vn 0.25110328 0.26519488 0.93092364
vn -0.06718363 -0.00866577 0.99770299
vn -0.39163593 0.91994815 -0.01779612
vn -0.40595148 0.21759811 0.88761166
vn 0.77999707 0.32460889 0.53500807
vn 0.18171456 0.09298921 0.97894475
vn 0.09532237 -0.99536017 0.01310602
vn -0.92444613 0.37914872 -0.04056597
vn -0.66658674 -0.73771891 0.10692486
vn -0.67942985 0.73370355 -0.00736053
vn -0.99088160 -0.12533776 -0.04943776
vn 0.01168659 -0.99726219 -0.07301739
vn 0.98263994 0.09148503 0.16139773
vn -0.99171414 0.12225841 -0.03944541
vn -0.72015775 -0.69201232 0.04991751
vn 0.81554933 0.49610454 -0.29792545
vn 0.76539285 -0.58734181 -0.26306537
vn -0.99795429 -0.01536698 -0.06205713
vn 0.95456263 0.26675371 -0.13286327
vn 0.02082758 -0.55787897 0.82966094
vn 0.15983005 0.16147428 0.97384825
vn -0.14003582 0.97932881 0.14596247
vn -0.30697383 -0.86130106 -0.40487967
vn -0.23922277 0.06674596 0.96866787
vn -0.98652775 0.15693436 -0.04620175
vn 0.22961107 0.97280429 -0.03050534
vn 0.84001627 0.54251381 0.00717162
vn -0.30088361 0.94943718 -0.08965545
vn -0.86119008 -0.49221333 -0.12679779
vn -0.57422424 0.46638329 -0.67286934
vn -0.14349191 0.04574525 0.98859367
vn -0.06600396 0.32805090 -0.94235136
vn 0.96290433 0.26625419 -0.04386288
vn 0.39608896 -0.90180423 -0.17280816
vn -0.72143295 -0.68794312 -0.07917551
vn -0.02847211 0.99850489 0.04666175
vn -0.77741870 0.62715485 -0.04792662
vn 0.88015793 0.47435048 -0.01770993
vn -0.82076066 -0.57102658 -0.01675052
vn 0.01229590 0.51050722 0.85978555
vn -0.17807193 0.02759926 0.98363035
vn -0.20324629 0.95728350 0.20566782
vn 0.07297170 0.99732656 -0.00385457
vn 0.18411841 0.98143952 0.05363648
vn -0.92167230 0.26688893 0.28158562
vn -0.87729663 0.22627133 -0.42326341
vn -0.96551685 0.03858414 -0.25746547
vn -0.30519057 0.25363293 0.91789382
vn -0.31389928 0.17416737 0.93334504
vn -0.43809672 0.12384865 0.89035542
vn -0.91755179 -0.39364281 0.05607192
vn 0.55617844 -0.82821815 0.06870405
vn -0.23953277 0.10945945 0.96469823
vn -0.44457540 0.84139844 -0.30724807
vn 0.27734990 0.95924744 -0.05404972
vn 0.77152395 0.63617827 -0.00529187
vn -0.50694227 0.07182378 0.85898247
vn 0.13292043 -0.06820434 0.98877719
vn -0.86752864 0.49704864 0.01834986
vn 0.21345777 0.89292286 0.39638940
vn -0.36437614 -0.92603493 0.09843441
vn 0.07868465 -0.32481484 0.94249883
vn -0.72898483 -0.32180071 0.60417334
vn -0.12510868 0.70563827 0.69743992
vn -0.95940377 0.27866242 -0.04349326
vn -0.65596017 -0.75144106 -0.07108158
vn -0.96954831 -0.23522424 -0.06815886
vn 0.77116413 0.06851084 -0.63293930
vn -0.86885764 0.18488161 0.45924416
vn -0.18196546 0.97188434 -0.14943028
vn 0.41514098 -0.36679562 0.83253765
vn -0.74924726 0.53043049 0.39657538
vn 0.01549654 0.00455538 0.99986954
vn -0.99120187 0.01257875 0.13175971
vn -0.52095114 -0.84585512 0.11462559
vn -0.83222574 -0.55441895 -0.00446617
vn 0.90951440 -0.26859454 0.31723893
vn 0.97986013 0.19548873 -0.04072196
vn -0.84671199 0.53015077 -0.04493288
vn -0.09551877 -0.70166851 0.70607185
vn 0.48556091 -0.23384180 0.84234709
vn 0.92724226 0.37215656 -0.04148847
vn 0.19387683 -0.94749850 0.25428008
vn 0.48456389 -0.87423956 0.03005046
vn -0.86589375 0.49551589 -0.06849825
vn -0.90075890 -0.37934536 0.21149586
vn -0.00958309 0.97963767 0.20054476
vn -0.24728322 0.95335790 -0.17308880
vn -0.48568085 -0.87222221 -0.05781458
vn -0.19201933 0.97850329 0.07523226
vn 0.63533546 0.76291991 0.11959128
vn -0.90526984 0.42250694 -0.04443427
vn 0.57578494 0.67786134 -0.45713861
vn 0.75610144 -0.65369546 -0.03150944
vn 0.87502669 -0.21396324 0.43422117
vn 0.63051174 -0.68518936 0.36465118
vn 0.59682367 0.79666411 -0.09553953
vn 0.09361195 -0.97072157 0.22121583
vn 0.36842538 -0.92770045 -0.06028777
vn -0.13509172 -0.98994159 0.04202235
vn -0.83322995 0.55130667 -0.04229418
vn -0.94792833 0.31664399 -0.03418274
vn -0.78515624 0.61875614 -0.02589445
vn -0.94235370 -0.19155570 0.27436456
vn 0.98196433 0.18874625 -0.01099580
vn 0.21560594 -0.97146279 -0.09886419
vn -0.98594729 -0.15693207 -0.05727369
vn -0.90082803 0.43254808 -0.03756351
vn 0.19706789 -0.00975197 0.98034134
vn -0.62362586 0.68025053 -0.38516231
vn -0.67732499 -0.73065523 0.08587084
vn -0.01112417 -0.13790437 0.99038308
vn -0.19818481 -0.97109076 -0.13306207
vn 0.37594973 -0.08192848 0.92301112
vn -0.08835503 -0.98278016 0.16228537
vn -0.09495963 0.93636759 0.33793253
vn 0.04452406 -0.12185816 0.99154838
vn 0.86645469 -0.00491641 -0.49923151
vn -0.14783885 0.96160030 0.23123264
vn 0.56385313 0.04107256 0.82485313
vn -0.82324813 -0.56439417 0.06100608
vn 0.14057974 0.90930582 0.39166347
vn -0.50584614 -0.28413131 0.81448700
vn -0.21185916 0.97657901 -0.03753846
vn 0.57729835 -0.52934405 0.62170853
vn -0.94164044 0.33430752 -0.03939257
vn -0.42387593 -0.40955999 0.80783031
vn -0.07174935 -0.99736520 0.01070941
vn -0.64677803 -0.74880345 -0.14481565
vn -0.95661699 0.27151864 0.10564827
vn -0.59519769 -0.50666734 -0.62372102
vn 0.83221848 -0.10845557 0.54373687
vn -0.59338029 -0.80491477 -0.00347065
vn -0.23010198 0.79848688 0.55630188
vn 0.56298673 -0.82452188 -0.05665345
vn 0.27666257 0.57183266 0.77231161
vn 0.09480424 0.98309632 -0.15663265
vn -0.75856843 -0.63075727 -0.16346008
vn 0.03104890 -0.77944949 0.62569518
vn -0.96932340 -0.22514855 -0.09859149
vn 0.46949851 -0.15386837 0.86942261
vn -0.04124679 -0.98658311 -0.15796348
vn 0.18487325 -0.56034643 0.80736222
vn -0.07882006 0.99558550 -0.05095982
vn 0.08714759 0.88146494 0.46413884
vn -0.55700327 -0.28111259 0.78148773
vn -0.65176828 0.75724787 -0.04211611
vn -0.18585600 0.63609233 0.74889525
vn 0.49085413 0.02201837 0.87096350
vn 0.98820118 0.14979944 -0.03191492
vn 0.63972139 -0.46729366 0.61024026
vn -0.72057481 -0.46274383 0.51637205
vn -0.40350894 -0.91488158 -0.01312341
vn -0.40879145 -0.76930732 0.49097433
vn -0.30689744 -0.39370974 -0.86649097
vn 0.98896028 0.14350757 -0.03692068
vn 0.89614046 0.44240844 -0.03474265
vn 0.57588473 0.09576756 0.81190231
vn -0.27764711 -0.19423201 0.94084324
vn 0.44989980 0.79204776 0.41261425
vn 0.98163242 0.18159842 -0.05847913
vn 0.92136814 0.38149778 -0.07443245
vn 0.95523111 0.22466068 -0.19251262
vn 0.25553195 0.86318590 0.43544635
vn 0.77286809 -0.38981241 0.50072068
vn 0.98972445 0.12625858 -0.06711398
vn -0.48842421 -0.86843259 -0.08524451
vn 0.89765458 0.44012606 0.02247917
vn 0.95064051 0.30534518 -0.05519919
vn 0.78204672 0.08262704 0.61771814
vn 0.74433992 0.25533165 0.61706064
vn 0.04919713 -0.99678005 -0.06331807
vn 0.94944181 0.30729828 0.06424961
vn 0.98623761 0.12430090 -0.10901680
vn 0.59944053 0.53469385 0.59562869
vn 0.93261577 -0.34618483 -0.10190140
vn -0.68798345 0.72459545 -0.04049961
vn -0.48551396 -0.74046338 -0.46474744
vn -0.10851402 -0.63182823 -0.76747495
vn -0.92359016 0.38123216 -0.04053716
vn 0.94693857 0.19153594 0.25811106
vn 0.82058587 -0.17740879 -0.54329085
vn 0.81473123 0.49618117 0.30002878
vn 0.17154734 0.77140063 0.61279081
vn -0.08094293 0.99400770 -0.07346383
vn 0.95887045 0.28375843 -0.00697258
vn 0.96265088 0.05751969 0.26456525
vn 0.98258088 0.18017908 0.04550080
vn 0.83630378 -0.18955572 -0.51445565
vn 0.81888013 0.40277405 0.40891123
vn 0.08408138 -0.99423507 -0.06653525
vn 0.85518200 0.21333479 -0.47238968
vn 0.98004661 -0.02301313 0.19743110
vn 0.83672884 0.17180855 -0.51996796
vn 0.99760545 -0.02566143 -0.06422509
vn 0.93134995 -0.29081009 -0.21912728
vn 0.40475906 0.66756011 0.62492688
vn 0.96024662 0.27563142 0.04420134
vn 0.96864592 0.24584062 0.03588143
vn 0.98186123 0.18514825 -0.04084915
vn -0.94247772 0.16224104 0.29225605
vn 0.21940040 -0.97370854 0.06127929
vn 0.72865422 0.60354550 -0.32372189
vn 0.99477170 -0.09615007 -0.03441544
vn 0.29983538 0.74473064 0.59621726
vn -0.48016967 0.87627642 -0.03970806
vn -0.98220284 0.04928162 -0.18124264
vn -0.37000080 0.92571783 -0.07839583
vn 0.98401715 0.15182615 -0.09305409
vn 0.92941316 -0.29293080 -0.22446095
vn -0.29122648 0.24762167 0.92405121
vn 0.44212489 0.57153903 0.69128049
vn 0.75208958 -0.06530218 -0.65581773
vn 0.92110758 0.36408170 -0.13785986
vn 0.29735728 0.00567444 0.95474942
vn 0.79931958 0.47082768 0.37337582
vn 0.20929815 -0.59252576 0.77788657
vn 0.97934050 0.19627811 -0.04865274
vn 0.91672006 0.25958911 0.30370682
vn 0.92601261 0.27840630 -0.25493250
vn 0.05615773 -0.99078116 0.12328421
vn 0.84411774 0.08308312 0.52968145
vn -0.95867720 0.00071925 -0.28449520
vn 0.01575968 -0.06122095 0.99799981
vn 0.24718240 0.10611959 0.96314043
vn -0.96078647 0.26110258 0.09335315
vn -0.49522891 0.48304905 0.72208860
vn -0.38905733 0.34414181 0.85451788
vn -0.80637222 0.58944615 -0.04813602
vn 0.99868113 0.02562047 -0.04449269
vn 0.98553673 0.04350624 -0.16378206
vn -0.92528719 -0.11209624 -0.36232313
vn -0.89252279 0.45094159 0.00739960
vn -0.87670501 0.27821792 0.39240682
vn -0.85282418 0.46935068 0.22891235
vn -0.99400545 0.10578337 -0.02762328
vn -0.47301848 0.28545018 0.83352967
vn -0.34219632 0.18802469 0.92062392
vn -0.81641215 -0.57446697 -0.05881249
vn -0.99024180 0.12883054 -0.05314007
vn 0.55071581 0.83468208 -0.00423422
vn 0.85177575 0.04264839 0.52216778
vn 0.32723200 -0.28268157 0.90167086
vn -0.72059321 0.10437773 0.68545658
vn 0.19940743 0.97781896 -0.06408397
vn 0.72455296 -0.67239058 0.15137343
vn -0.57297455 0.24890503 0.78086263
vn 0.99331498 0.10688097 -0.04360966
vn -0.52964820 0.43339351 0.72913843
vn -0.46512517 0.49215631 0.73582657
vn -0.33699563 0.61978031 -0.70873571
vn -0.51368200 0.49301165 0.70218966
vn 0.12608502 0.48917740 0.86302262
vn 0.57301278 -0.78424623 -0.23793738
vn 0.82538285 0.35810860 0.43646465
vn 0.93097183 0.21178340 0.29738736
vn 0.06397481 -0.99326063 0.09664644
vn -0.99222268 0.11138034 -0.05557495
vn 0.12118214 0.45431260 0.88256158
vn -0.90698899 0.38878676 0.16191303
vn 0.40027973 -0.62735789 0.66798070
vn -0.31308280 -0.90952851 -0.27338078
vn 0.99112610 0.13272358 -0.00731438
vn -0.79979251 0.59951021 -0.03032222
vn 0.43328679 0.43179535 -0.79108491
vn 0.69233671 -0.66159778 0.28802474
vn -0.98609376 -0.15644937 -0.05605978
vn -0.89433829 0.44387129 -0.05601170
vn 0.09546860 -0.99438955 0.04555409
vn 0.75709614 0.46694731 0.45690879
vn 0.15205202 0.85374454 -0.49799643
vn 0.80989918 0.32595605 0.48766379
vn -0.96026654 0.27551067 -0.04452020
vn -0.99902417 -0.01238428 -0.04239499
vn 0.98616606 0.11536464 -0.11902733
vn 0.82916118 0.43849282 0.34672147
vn 0.79847984 0.04350200 0.60044776
vn 0.13604025 -0.97703785 0.16398198
vn 0.98812735 0.06309646 -0.14008272
vn -0.81474362 0.57887558 -0.03310418
vn -0.07085334 -0.97996224 0.18615537
vn -0.01787461 -0.99490621 0.09920750
vn 0.58750651 0.43992090 0.67919489
vn 0.88683170 0.32237480 0.33106498
vn -0.08149616 0.65256922 -0.75333378
vn 0.14923097 -0.26753260 0.95192249
vn 0.42382105 -0.90072145 -0.09527117
vn -0.83512056 0.55006523 0.00137704
vn 0.36738098 -0.22038634 -0.90358236
vn 0.08166980 -0.99339815 0.08056150
vn -0.34718566 -0.03424611 0.93717091
vn -0.37584101 0.10859847 -0.92029881
vn -0.36199694 0.93168656 -0.03030474
vn -0.76554337 0.46756590 -0.44195643
vn -0.11235053 0.23317779 0.96592209
vn 0.02174126 -0.99970777 -0.01056885
vn 0.89240264 -0.43349198 -0.12530851
vn -0.10291968 -0.19380197 0.97562715
vn -0.80497445 -0.59288910 0.02233033
vn -0.49312222 0.00647774 -0.86993593
vn -0.46812095 0.00386013 -0.88365597
vn -0.52823362 0.67022179 -0.52131756
vn -0.88878481 0.43030882 0.15778428
vn 0.27879956 -0.30739939 -0.90982219
vn 0.20686235 -0.96962229 0.13053957
vn -0.29451419 -0.94777578 -0.12240287
vn 0.18268769 -0.46164711 0.86804790
vn 0.67803093 -0.68201498 0.27409785
vn 0.40498012 0.90655088 -0.11898152
vn -0.87268386 0.48711225 -0.03383095
vn 0.94471730 0.32780737 0.00718004
vn 0.19373136 -0.95833303 0.20991894
vn 0.51751725 -0.59618066 0.61379517
vn -0.88414043 0.45932818 -0.08551797
vn -0.35477302 0.64117222 0.68046623
vn 0.90759404 -0.40663691 -0.10449630
vn -0.80588663 0.43564615 0.40094784
vn -0.85166272 0.52250540 -0.04072748
vn -0.72612746 0.68752479 -0.00696985
vn 0.11373787 -0.98948569 0.08934075
vn -0.97366748 0.22790717 -0.00547372
vn -0.22063131 -0.66253165 0.71580280
vn -0.88570336 0.46346322 0.02704451
vn -0.96251390 0.21595491 -0.16410505
vn 0.69550923 0.20531127 0.68855951
vn -0.62366818 0.56508438 0.54010891
vn -0.57736634 0.50303339 0.64312170
vn -0.62582658 0.24383781 0.74086721
vn -0.93756731 0.12611065 -0.32413522
vn -0.36402141 0.93138079 0.00427155
vn -0.83921617 0.53028172 -0.12048862
vn -0.05717468 -0.99793110 -0.02940380
vn -0.51249706 0.85819700 -0.02906326
vn -0.52629582 0.84952490 -0.03633388
vn -0.44842975 0.89364470 -0.01760414
vn -0.89267312 0.40816500 -0.19114401
vn 0.95125774 0.00098034 0.30839543
vn -0.25872404 0.68908432 -0.67692294
vn -0.83304979 0.35306256 -0.42588131
vn 0.11001870 -0.55836865 0.82226537
vn -0.50813610 0.85945896 -0.05592857
vn 0.63156247 -0.77207446 0.07092158
vn -0.95655601 0.03607083 -0.28930864
vn -0.86041402 0.10353875 -0.49896637
vn -0.62221375 0.65981962 -0.42129338
vn -0.34514478 0.93834922 0.01938594
vn -0.40266887 0.49247734 0.77157232
vn 0.02491299 -0.99952666 0.01804971
vn -0.07684660 0.08052100 0.99378618
vn -0.21207491 0.97650661 -0.03819791
vn 0.00823281 -0.99717812 0.07461911
vn -0.39164245 0.91843554 -0.05560889
vn 0.49400012 -0.79306787 0.35638074
vn -0.60845947 0.79250390 -0.04140829
vn -0.31656488 0.94788946 -0.03594778
vn -0.39422849 0.39078175 0.83178935
vn -0.05464071 0.99779568 -0.03765870
vn -0.52990327 0.84764571 0.02644378
vn 0.96209086 0.27089818 0.03154913
vn 0.04849375 -0.99864621 -0.01881770
vn -0.26930461 0.96149297 -0.05482972
vn -0.09225943 0.99472046 -0.04493769
vn -0.17508137 0.98328789 -0.04991438
vn 0.43903326 0.60858620 0.66096341
vn -0.04485237 -0.99657079 -0.06953366
vn -0.39186630 0.91955110 -0.02943775
vn -0.34406422 0.66014777 0.66770108
vn 0.36222844 0.43786734 0.82283823
vn -0.63269413 0.72928465 0.26046505
vn -0.35372856 0.93511046 -0.02108413
vn 0.40301965 -0.90833033 -0.11185338
vn -0.46996467 -0.15685686 0.86863637
vn 0.86610938 -0.49919087 -0.02574905
vn -0.40757750 0.76776548 -0.49438522
vn 0.63928300 0.74221758 0.20107292
vn 0.20835925 -0.64490580 0.73531145
vn -0.60276498 -0.79682831 -0.04170155
vn 0.32354099 -0.94553016 0.03597136
vn 0.29819088 -0.51509044 0.80359445
vn -0.70692120 -0.70578460 -0.04615742
vn 0.36002377 0.80041160 -0.47929547
vn -0.14152975 0.98802709 -0.06141493
vn 0.10339912 -0.99405919 0.03398451
vn -0.18012104 0.98358323 -0.01097423
vn -0.66397347 0.16538372 0.72923759
vn -0.16001076 0.98704254 -0.01198232
vn -0.45095005 -0.88661324 -0.10276676
vn -0.41425788 0.83603735 0.35976654
vn -0.17922625 0.18082513 0.96704717
vn -0.74170473 0.46762025 -0.48083822
vn -0.47041845 0.88233608 -0.01376674
vn -0.28434958 0.74093073 -0.60841349
vn -0.35636667 0.79831073 0.48549230
vn -0.03970879 0.98933997 0.14010584
vn -0.28578839 0.95829272 -0.00023419
vn 0.74543516 0.61550143 -0.25589924
vn -0.62593762 0.77970166 -0.01635297
vn -0.33987065 -0.93909278 -0.05091852
vn -0.35528395 0.84762870 -0.39407981
vn -0.37207472 0.92555412 -0.07007125
vn -0.26645067 0.95956664 -0.09075192
vn 0.58190960 0.81105544 0.05975189
vn 0.04507399 0.91323827 -0.40492493
vn -0.19657587 0.41597411 0.88787582
vn 0.40974729 -0.68259903 0.60511629
vn 0.81084244 0.57736981 -0.09580526
vn 0.31576508 -0.40181331 0.85955714
vn 0.64448133 -0.76461717 -0.00209678
vn -0.24601887 -0.35239604 0.90293507
vn -0.84647344 0.43577069 0.30591929
vn -0.63881098 0.76892324 -0.02603048
vn -0.19604857 -0.97930339 -0.05029745
vn 0.10155747 0.97332688 -0.20572035
vn 0.49660579 -0.65670346 0.56755904
vn 0.16332783 -0.25065706 0.95419865
vn 0.09418968 0.99487351 -0.03681029
vn 0.77348367 -0.63352324 -0.01926957
vn -0.77149597 -0.00652992 -0.63620070
vn -0.27511555 0.80040387 0.53260218
vn -0.22175847 -0.04940317 0.97384932
vn -0.21151602 0.97714546 -0.02115940
vn -0.37584332 0.92667026 0.00490176
vn -0.30807680 0.92656020 -0.21581216
vn 0.46539842 -0.87908623 -0.10301313
vn -0.08835324 0.99554049 -0.03305805
vn -0.46950982 0.88256290 -0.02536261
vn -0.07249973 0.99684102 -0.03243104
vn 0.22996494 -0.97202789 -0.04772733
vn -0.72727718 0.66563047 -0.16734390
vn -0.77037198 0.63638138 -0.03931612
vn -0.48394930 -0.09278867 0.87016282
vn -0.14350292 0.98923102 -0.02879061
vn -0.08221650 0.94211526 -0.32505275
vn 0.74513136 -0.66691094 0.00301003
vn -0.49987474 -0.04336830 0.86501123
vn -0.99643410 0.08418381 0.00567190
vn -0.51543767 -0.15118234 0.84348557
vn 0.05366552 0.99777094 -0.03966319
vn -0.39503962 0.91820682 -0.02898178
vn -0.25102611 0.90847043 0.33416667
vn 0.28279487 -0.95714735 -0.06241799
vn 0.19036571 0.98124498 -0.03031823
vn -0.27881596 0.95976440 -0.03337596
vn 0.57791595 -0.80160194 0.15312568
vn -0.19783551 0.92565975 -0.32251379
vn 0.50673978 -0.60579798 0.61337069
vn -0.50658589 -0.85901734 -0.07389145
vn 0.71647366 -0.68780027 0.11660310
vn -0.55284202 0.83327237 0.00478180
vn 0.29898913 0.95414528 -0.01457041
vn -0.65471882 -0.75016427 -0.09271914
vn 0.28281305 0.95873258 -0.02913101
vn -0.36824059 0.00790735 0.92969691
vn 0.10774592 0.97664052 -0.18591425
vn 0.12392656 -0.99128300 -0.04472385
vn -0.10422970 0.70309259 0.70341807
vn -0.14366448 0.89412317 -0.42415124
vn -0.98944849 0.14231785 0.02715339
vn -0.17215573 0.60839728 -0.77473554
vn 0.49599892 -0.45186054 0.74148980
vn 0.37874223 -0.27565113 0.88349917
vn -0.75612902 0.65267998 0.04772575
vn 0.57250355 0.81955086 -0.02400160
vn -0.17000284 0.98525574 -0.01923948
vn -0.21963355 0.69058000 -0.68910113
vn -0.52112288 0.85128427 -0.06120493
vn -0.79018136 0.61286391 0.00335296
vn -0.00828017 -0.06582217 0.99779701
vn 0.44636685 0.66505842 0.59871023
vn 0.51254197 0.85769167 -0.04081334
vn -0.06017871 0.09103230 0.99402799
vn 0.62296166 -0.55075381 0.55550789
vn -0.13302936 0.81635812 -0.56201655
vn 0.11518415 0.99303099 -0.02494126
vn -0.18368572 0.95972205 -0.21258678
vn 0.19260713 -0.98068648 0.03400767
vn -0.54649106 0.17487861 0.81900244
vn -0.47683107 -0.08054183 0.87529717
vn 0.13627344 0.96031287 0.24336955
vn 0.79337906 -0.60375383 0.07765939
vn 0.07175114 -0.99049427 -0.11735788
vn 0.20891874 -0.97495221 -0.07629647
vn -0.11094069 -0.04589819 0.99276660
vn -0.29403719 -0.41594333 0.86054243
vn -0.31487946 -0.33627410 0.88756445
vn 0.48382792 -0.87264836 -0.06629762
vn -0.32120826 0.75109846 -0.57678104
vn -0.02151900 0.81581509 -0.57791233
vn 0.08899542 0.61796767 0.78115029
vn -0.43139462 0.81971265 -0.37678888
vn -0.16149201 0.81010945 -0.56359827
vn -0.02875187 0.99942264 -0.01810275
vn 0.56032873 -0.82680051 -0.04932165
vn -0.52580600 -0.04114615 0.84960876
vn -0.60449050 0.48127901 -0.63479268
vn -0.36136374 0.49808680 -0.78824222
vn 0.64009444 0.76773181 -0.02944441
vn 0.05783166 0.96178800 -0.26761789
vn -0.05222664 -0.37564758 0.92528983
vn -0.77317268 0.15727858 0.61438381
vn 0.40968701 -0.66161036 0.62803526
vn -0.73399929 0.63283549 -0.24650414
vn 0.39268240 0.74327005 -0.54161810
vn -0.56989761 0.77428786 -0.27512729
vn -0.02392921 0.10931312 0.99371929
vn -0.00724837 0.07925502 0.99682802
vn 0.78504116 0.14599068 0.60199427
vn 0.16712256 -0.15927698 0.97298556
vn 0.64626008 -0.43184621 0.62917149
vn 0.84287945 0.17858907 -0.50760237
vn 0.75730284 -0.63256273 -0.16234779
vn 0.28232238 -0.95270098 0.11249407
vn 0.38712221 -0.91465766 -0.11635191
vn 0.96303027 -0.26910715 -0.01241145
vn 0.06506484 0.83614847 -0.54463042
vn 0.43153649 0.90181414 -0.02252805
vn 0.34443495 -0.93428937 -0.09202145
vn 0.07430944 -0.72251886 0.68734605
vn 0.83947745 -0.53043786 -0.11795458
vn -0.19299704 0.22506386 -0.95503843
vn -0.04938564 0.99863491 -0.01701096
vn -0.07171574 -0.00431561 0.99741577
vn 0.68982432 -0.33312729 0.64278194
vn 0.74751703 0.66345212 -0.03239703
vn 0.22219215 0.76998450 -0.59812584
vn 0.83193775 0.55388458 -0.03303710
vn 0.41212873 0.41757458 -0.80980330
vn -0.56225987 0.82386475 0.07148923
vn 0.98613731 0.01912674 0.16482526
vn -0.63058431 0.76907995 0.10430467
vn 0.44573331 0.89508877 -0.01174352
vn 0.41298080 0.90989344 -0.03925276
vn 0.54867293 0.75859424 0.35141542
vn 0.44877231 -0.18047551 0.87523255
vn 0.83649703 -0.47883693 0.26643558
vn 0.17058146 -0.55714571 0.81270574
vn -0.49337125 0.84809804 0.19316966
vn 0.76241779 0.21103691 -0.61170462
vn 0.44211343 -0.06437998 0.89464570
vn 0.89644519 -0.44090146 0.04463097
vn -0.31334971 0.94959186 -0.00934101
vn -0.63750817 0.76808763 0.06020563
vn -0.10170152 0.99428227 -0.03255101
vn 0.58864604 0.80806010 -0.02312404
vn 0.85605248 0.48961757 0.16567672
vn -0.02291020 0.59532065 -0.80316153
vn 0.93013505 -0.33702448 0.14581937
vn 0.63034548 0.71984992 0.29065557
vn 0.99920319 0.02588174 0.03038305
vn 0.85793854 0.51240769 -0.03714584
vn 0.69972951 0.71083622 -0.07134758
vn -0.57671311 -0.05907665 0.81480792
vn -0.04376030 -0.99703253 -0.06333380
vn -0.04767085 0.97782665 -0.20391794
vn -0.06320582 -0.99670297 -0.05087439
vn 0.86833832 0.49394450 -0.04480383
vn -0.23129013 -0.34715532 0.90883885
vn 0.63601745 -0.72947543 -0.25168908
vn 0.42153654 0.90589638 0.04072713
vn -0.37037823 0.92162555 0.11587199
vn 0.84319979 0.53597906 -0.04172007
vn 0.74363967 -0.18911315 0.64127705
vn -0.69032032 0.71705647 0.09637364
vn -0.16209493 0.96903073 -0.18629190
vn 0.78990778 -0.61184567 -0.04111665
vn -0.26139033 0.95223180 0.15789142
vn -0.43046737 0.89745004 -0.09633935
vn -0.75777221 0.63653066 0.14356183
vn 0.62255224 -0.68933894 -0.37045990
vn -0.98741291 -0.15114688 0.04658722
vn 0.38955476 0.92048511 -0.03089106
vn 0.85198115 -0.52054209 -0.05624990
vn 0.20000564 -0.81931059 0.53733407
vn 0.00884104 0.21061146 0.97752987
vn -0.04870212 0.37776430 0.92462005
vn -0.50280101 0.86101614 -0.07643525
vn -0.54822759 0.80911281 -0.21161987
vn 0.79882660 0.59052544 0.11469856
vn 0.57864820 -0.81294740 -0.06544305
vn 0.52757725 0.76406000 0.37131464
vn -0.04916682 0.99658578 0.06632797
vn 0.17382510 -0.98436750 -0.02838050
vn 0.44520115 -0.67641277 -0.58673819
vn -0.27138626 0.65498103 -0.70522999
vn 0.21695870 0.97579523 0.02743359
vn -0.34202416 0.89940048 -0.27220994
vn 0.65215400 -0.61152149 -0.44803641
vn 0.23674251 0.20703255 0.94925787
vn 0.68024974 0.18057256 0.71038992
vn -0.39946401 -0.07120683 0.91397926
vn -0.16168324 -0.10612974 0.98111926
vn 0.06844716 0.22482916 0.97199117
vn 0.97070518 0.16271747 0.17678936
vn -0.93587773 -0.12177892 -0.33060970
vn -0.17632776 0.67534253 -0.71611520
vn 0.46088641 0.88516794 0.06372936
vn 0.91748834 0.38926473 -0.08178084
vn 0.91374638 0.39540345 -0.09340051
vn 0.44009559 0.89732519 -0.03351670
vn 0.22100214 -0.97400568 -0.04970899
vn 0.11416305 -0.99297013 0.03125898
vn 0.14164368 0.93622119 -0.32160060
vn 0.98866288 0.02529950 -0.14800558
vn 0.14322539 0.68011558 -0.71897794
vn 0.99676459 -0.08030385 0.00341339
vn -0.33665454 -0.06522963 0.93936618
vn 0.82363540 -0.40427989 -0.39772163
vn 0.69485152 0.34777081 -0.62947345
vn -0.62004163 -0.76903317 -0.15535878
vn 0.67901080 -0.09686557 -0.72770969
vn -0.78915107 0.55999281 0.25228683
vn -0.83016736 -0.37191230 -0.41533527
vn 0.75395386 0.01973526 0.65663086
vn 0.60398556 -0.25861442 0.75387004
vn -0.20153237 -0.03213778 0.97895448
vn 0.83216754 0.55395924 0.02502688
vn -0.81674766 -0.52946004 -0.22933672
vn 0.36242748 -0.15915958 0.91832159
vn -0.08627123 0.32344975 -0.94230438
vn 0.61080113 -0.09718521 0.78579705
vn -0.99283865 -0.01478862 0.11854412
vn 0.35634876 0.89592131 -0.26521796
vn -0.29730487 0.78516162 0.54325965
vn 0.55175349 0.83350315 -0.02899284
vn 0.76749556 -0.10289564 -0.63274248
vn 0.97557148 0.21945275 -0.01003881
vn 0.69150211 -0.71155862 -0.12453584
vn 0.27680724 0.52726804 0.80334685
vn 0.65264070 0.41550225 0.63357556
vn -0.83419597 -0.34762544 0.42810470
vn 0.87093254 -0.12521433 0.47518195
vn -0.21369634 0.09157555 -0.97259847
vn 0.20202994 -0.92803261 -0.31295266
vn -0.07312533 -0.99405646 0.08065012
vn -0.87224486 0.48852832 0.02299958
vn 0.04349463 -0.91572099 -0.39945372
vn -0.01500912 -0.99917483 0.03774106
vn 0.44287622 0.89555833 0.04284771
vn 0.96436097 -0.20866668 -0.16268415
vn 0.27107771 0.37682377 -0.88573174
vn 0.72324565 0.48280725 -0.49377413
vn 0.29773831 0.82887997 -0.47361365
vn 0.51747098 0.73630582 -0.43597881
vn -0.79580183 -0.55663219 -0.23845346
vn 0.53297335 0.84613049 0.00161380
vn -0.77004641 -0.58585584 -0.25258951
vn 0.87733032 0.47531963 0.06605121
vn 0.69106598 0.70525704 -0.15824133
vn 0.90811399 0.29480738 -0.29735096
vn 0.77369272 0.62583054 -0.09866971
vn 0.78027957 0.62399524 -0.04235245
vn 0.85501522 -0.05604591 0.51556554
vn 0.36222715 0.76321941 -0.53505852
vn -0.75456733 0.61001863 0.24187894
vn -0.64091909 -0.69795937 -0.31949246
vn 0.79322544 0.58898363 -0.15456934
vn 0.45072415 -0.89028088 -0.06517431
vn 0.70593940 0.58847408 -0.39414188
vn 0.61740290 0.78123209 0.09214163
vn -0.54911528 -0.79626076 -0.25385273
vn 0.91054345 0.41006879 -0.05248065
vn 0.78681404 0.35821603 -0.50259819
vn 0.85361819 0.47445699 -0.21500360
vn 0.99805766 -0.04419701 -0.04390368
vn -0.78064589 0.01760361 0.62472563
vn 0.23638266 0.93783672 0.25413684
vn 0.87173848 0.35913480 -0.33330799
vn 0.80680009 0.54128656 -0.23681741
vn -0.04867555 -0.99575323 -0.07814216
vn -0.01848518 0.99222085 0.12311006
f 19//19 13//13 9//9
f 4//4 46//46 8//8
f 33//33 6//6 1//1
f 1//1 6//6 2//2
f 43//43 17//17 49//49
f 17//17 19//19 49//49
f 49//49 19//19 9//9
f 46//46 4//4 13//13
f 1//1 2//2 47//47
f 20//20 21//21 43//43
f 46//46 13//13 19//19
f 1//1 47//47 50//50
f 50//50 47//47 11//11
f 35//35 5//5 43//43
f 43//43 5//5 48//48
f 51//51 16//16 24//24
f 16//16 15//15 24//24
f 24//24 40//40 23//23
f 23//23 42//42 35//35
f 24//24 23//23 35//35
f 37//37 32//32 28//28
f 28//28 32//32 51//51
f 51//51 38//38 16//16
f 24//24 3//3 40//40
f 29//29 10//10 28//28
f 28//28 10//10 37//37
f 45//45 10//10 14//14
f 10//10 29//29 14//14
f 25//25 45//45 14//14
f 44//44 26//26 30//30
f 34//34 39//39 12//12
f 34//34 12//12 26//26
f 12//12 27//27 30//30
f 26//26 12//12 30//30
f 34//34 22//22 39//39
f 34//34 36//36 31//31
f 34//34 31//31 22//22
f 22//22 31//31 41//41
f 45//45 25//25 44//44
f 26//26 44//44 25//25
f 51//51 32//32 38//38
f 3//3 24//24 15//15
f 35//35 42//42 5//5
f 48//48 7//7 43//43
f 7//7 20//20 43//43
f 18//18 50//50 11//11
f 8//8 18//18 11//11
f 8//8 46//46 18//18
f 21//21 17//17 43//43
f 54//54 55//55 53//53
f 53//53 52//52 54//54
f 54//54 52//52 55//55
f 55//55 52//52 53//53
f 59//59 56//56 58//58
f 56//56 57//57 58//58
f 58//58 57//57 59//59
f 59//59 57//57 56//56
f 63//63 60//60 62//62
f 62//62 60//60 61//61
f 63//63 62//62 61//61
f 61//61 60//60 63//63
f 67//67 64//64 66//66
f 66//66 65//65 67//67
f 65//65 66//66 64//64
f 67//67 65//65 64//64
f 70//70 68//68 71//71
f 71//71 69//69 70//70
f 68//68 69//69 71//71
f 70//70 69//69 68//68
f 848//848 405//405 674//674
f 891//891 1120//1120 877//877
f 891//891 877//877 852//852
f 891//891 848//848 1120//1120
f 951//951 1082//1082 1170//1170
f 1170//1170 891//891 1304//1304
f 405//405 848//848 912//912
f 802//802 404//404 913//913
f 693//693 91//91 686//686
f 749//749 91//91 72//72
f 99//99 74//74 98//98
f 76//76 98//98 74//74
f 76//76 74//74 749//749
f 1120//1120 848//848 1191//1191
f 848//848 674//674 1191//1191
f 788//788 852//852 1225//1225
f 1225//1225 1293//1293 788//788
f 409//409 1293//1293 1225//1225
f 790//790 1313//1313 975//975
f 1254//1254 951//951 1170//1170
f 1304//1304 1254//1254 1170//1170
f 554//554 544//544 1401//1401
f 912//912 913//913 405//405
f 931//931 802//802 913//913
f 405//405 913//913 404//404
f 1257//1257 264//264 985//985
f 985//985 722//722 707//707
f 985//985 707//707 404//404
f 762//762 693//693 404//404
f 72//72 95//95 79//79
f 97//97 79//79 95//95
f 161//161 234//234 97//97
f 72//72 79//79 78//78
f 76//76 72//72 78//78
f 89//89 76//76 78//78
f 76//76 89//89 98//98
f 750//750 749//749 697//697
f 697//697 964//964 750//750
f 877//877 1120//1120 1217//1217
f 786//786 409//409 1225//1225
f 409//409 786//786 1278//1278
f 1027//1027 1293//1293 1644//1644
f 409//409 795//795 1293//1293
f 790//790 788//788 1313//1313
f 852//852 788//788 790//790
f 1254//1254 544//544 951//951
f 1401//1401 544//544 1387//1387
f 983//983 1137//1137 1401//1401
f 951//951 1069//1069 1082//1082
f 912//912 891//891 1170//1170
f 1226//1226 931//931 1055//1055
f 1082//1082 1098//1098 1055//1055
f 1226//1226 1055//1055 1004//1004
f 1264//1264 1226//1226 1004//1004
f 1226//1226 802//802 931//931
f 1264//1264 802//802 1226//1226
f 264//264 1257//1257 1097//1097
f 1264//1264 1097//1097 1257//1257
f 1008//1008 1230//1230 1015//1015
f 1248//1248 564//564 1008//1008
f 1197//1197 1001//1001 1008//1008
f 1197//1197 1008//1008 564//564
f 564//564 1213//1213 1197//1197
f 802//802 1264//1264 1257//1257
f 985//985 802//802 1257//1257
f 264//264 1097//1097 270//270
f 791//791 945//945 985//985
f 707//707 762//762 404//404
f 762//762 96//96 693//693
f 96//96 762//762 161//161
f 95//95 91//91 96//96
f 1377//1377 616//616 631//631
f 1437//1437 1119//1119 1377//1377
f 289//289 285//285 1370//1370
f 93//93 116//116 89//89
f 89//89 116//116 119//119
f 389//389 442//442 281//281
f 442//442 208//208 281//281
f 442//442 389//389 734//734
f 130//130 670//670 407//407
f 965//965 964//964 697//697
f 964//964 778//778 866//866
f 406//406 994//994 967//967
f 967//967 994//994 408//408
f 1216//1216 778//778 786//786
f 866//866 750//750 964//964
f 866//866 1191//1191 750//750
f 1223//1223 885//885 1216//1216
f 1223//1223 1217//1217 885//885
f 1120//1120 885//885 1217//1217
f 852//852 877//877 1224//1224
f 786//786 1225//1225 1224//1224
f 866//866 1216//1216 1191//1191
f 885//885 1191//1191 1216//1216
f 1224//1224 1223//1223 1216//1216
f 1223//1223 1224//1224 1217//1217
f 1217//1217 1224//1224 877//877
f 1224//1224 1216//1216 786//786
f 1307//1307 795//795 408//408
f 409//409 1278//1278 795//795
f 1278//1278 408//408 795//795
f 967//967 408//408 1278//1278
f 967//967 1278//1278 778//778
f 786//786 778//778 1278//1278
f 1216//1216 866//866 778//778
f 1307//1307 408//408 917//917
f 1644//1644 1293//1293 1307//1307
f 1293//1293 795//795 1307//1307
f 1293//1293 1313//1313 788//788
f 411//411 1027//1027 1167//1167
f 1027//1027 411//411 1313//1313
f 1313//1313 411//411 975//975
f 1293//1293 1027//1027 1313//1313
f 1401//1401 443//443 983//983
f 1309//1309 1137//1137 1325//1325
f 635//635 1344//1344 1336//1336
f 635//635 1198//1198 1283//1283
f 1283//1283 1198//1198 1376//1376
f 1376//1376 1417//1417 653//653
f 1376//1376 653//653 1283//1283
f 661//661 1391//1391 1411//1411
f 649//649 1283//1283 653//653
f 653//653 661//661 649//649
f 1270//1270 1219//1219 554//554
f 1069//1069 1098//1098 1082//1082
f 1098//1098 1092//1092 1055//1055
f 1116//1116 1015//1015 1230//1230
f 1116//1116 1263//1263 1015//1015
f 1248//1248 1015//1015 1263//1263
f 1314//1314 564//564 1248//1248
f 1263//1263 1314//1314 1248//1248
f 1329//1329 1319//1319 1314//1314
f 1326//1326 1329//1329 1314//1314
f 584//584 598//598 797//797
f 49//49 1020//1020 1241//1241
f 9//9 1100//1100 1020//1020
f 1645//1645 467//467 19//19
f 13//13 860//860 1100//1100
f 584//584 1321//1321 598//598
f 598//598 1321//1321 974//974
f 4//4 555//555 860//860
f 8//8 555//555 4//4
f 555//555 1326//1326 1321//1321
f 1329//1329 1334//1334 1319//1319
f 1319//1319 564//564 1314//1314
f 564//564 1319//1319 1213//1213
f 1334//1334 2//2 579//579
f 1//1 1602//1602 33//33
f 1213//1213 1319//1319 579//579
f 1213//1213 579//579 33//33
f 270//270 253//253 264//264
f 247//247 241//241 264//264
f 264//264 241//241 985//985
f 783//783 791//791 985//985
f 241//241 783//783 985//985
f 985//985 945//945 722//722
f 707//707 169//169 762//762
f 178//178 956//956 919//919
f 1119//1119 1437//1437 1367//1367
f 1367//1367 1370//1370 1119//1119
f 234//234 285//285 252//252
f 252//252 79//79 234//234
f 93//93 89//89 78//78
f 125//125 688//688 1367//1367
f 769//769 798//798 734//734
f 389//389 801//801 449//449
f 748//748 407//407 442//442
f 1052//1052 915//915 1010//1010
f 1285//1285 1305//1305 1249//1249
f 1285//1285 1249//1249 193//193
f 305//305 1245//1245 1249//1249
f 360//360 1205//1205 1212//1212
f 1215//1215 1205//1205 992//992
f 992//992 959//959 193//193
f 193//193 959//959 1052//1052
f 1052//1052 959//959 915//915
f 127//127 407//407 748//748
f 130//130 685//685 670//670
f 115//115 119//119 148//148
f 792//792 785//785 881//881
f 965//965 697//697 978//978
f 940//940 408//408 994//994
f 917//917 408//408 940//940
f 1348//1348 1644//1644 839//839
f 1167//1167 1644//1644 1348//1348
f 1387//1387 883//883 427//427
f 1167//1167 1348//1348 420//420
f 420//420 883//883 1167//1167
f 1387//1387 1254//1254 883//883
f 1387//1387 427//427 1416//1416
f 1401//1401 1387//1387 443//443
f 983//983 443//443 993//993
f 983//983 1360//1360 1323//1323
f 1323//1323 1360//1360 1325//1325
f 1309//1309 1325//1325 1331//1331
f 660//660 1390//1390 1356//1356
f 1390//1390 1331//1331 1356//1356
f 1331//1331 1344//1344 1309//1309
f 1331//1331 1390//1390 1381//1381
f 1336//1336 1344//1344 1381//1381
f 1391//1391 653//653 1417//1417
f 1093//1093 1309//1309 1344//1344
f 1270//1270 1137//1137 1309//1309
f 1309//1309 1093//1093 1270//1270
f 1300//1300 1116//1116 1098//1098
f 539//539 1055//1055 1092//1092
f 539//539 1004//1004 1055//1055
f 534//534 1004//1004 539//539
f 1116//1116 1230//1230 539//539
f 534//534 539//539 1230//1230
f 534//534 1230//1230 1008//1008
f 1258//1258 974//974 1308//1308
f 612//612 608//608 610//610
f 1311//1311 612//612 620//620
f 620//620 627//627 1311//1311
f 1311//1311 608//608 612//612
f 627//627 741//741 598//598
f 627//627 620//620 741//741
f 1241//1241 980//980 1335//1335
f 49//49 1241//1241 43//43
f 9//9 1020//1020 49//49
f 860//860 584//584 1100//1100
f 1321//1321 584//584 555//555
f 1602//1602 1222//1222 33//33
f 33//33 1222//1222 1213//1213
f 1097//1097 765//765 753//753
f 247//247 253//253 256//256
f 241//241 185//185 783//783
f 722//722 170//170 707//707
f 707//707 170//170 169//169
f 919//919 1229//1229 178//178
f 956//956 178//178 945//945
f 791//791 956//956 945//945
f 791//791 1066//1066 956//956
f 1128//1128 956//956 1066//1066
f 199//199 188//188 197//197
f 1025//1025 1056//1056 199//199
f 616//616 188//188 1056//1056
f 188//188 199//199 1056//1056
f 293//293 291//291 1056//1056
f 944//944 293//293 872//872
f 293//293 458//458 291//291
f 616//616 291//291 1079//1079
f 1377//1377 1388//1388 1437//1437
f 1437//1437 125//125 1367//1367
f 289//289 283//283 285//285
f 283//283 252//252 285//285
f 283//283 289//289 266//266
f 116//116 289//289 177//177
f 289//289 116//116 93//93
f 266//266 238//238 283//283
f 238//238 252//252 283//283
f 238//238 261//261 252//252
f 252//252 261//261 79//79
f 79//79 231//231 78//78
f 93//93 231//231 237//237
f 208//208 116//116 177//177
f 231//231 93//93 78//78
f 261//261 231//231 79//79
f 238//238 231//231 261//261
f 237//237 231//231 238//238
f 266//266 237//237 238//238
f 237//237 266//266 289//289
f 93//93 237//237 289//289
f 177//177 801//801 281//281
f 177//177 289//289 1367//1367
f 1388//1388 125//125 1437//1437
f 829//829 452//452 801//801
f 801//801 688//688 829//829
f 801//801 177//177 688//688
f 734//734 492//492 769//769
f 461//461 442//442 734//734
f 748//748 442//442 461//461
f 748//748 461//461 1129//1129
f 748//748 1129//1129 1010//1010
f 1276//1276 1297//1297 1369//1369
f 1276//1276 1369//1369 1397//1397
f 1529//1529 1524//1524 1552//1552
f 1160//1160 1177//1177 1171//1171
f 1160//1160 1148//1148 363//363
f 1148//1148 835//835 1529//1529
f 561//561 1524//1524 1529//1529
f 835//835 538//538 1529//1529
f 816//816 538//538 835//835
f 1451//1451 1498//1498 215//215
f 1276//1276 1397//1397 1451//1451
f 215//215 193//193 1276//1276
f 1276//1276 1052//1052 1297//1297
f 1052//1052 1366//1366 1297//1297
f 1129//1129 1366//1366 1010//1010
f 1305//1305 1285//1285 1379//1379
f 305//305 1305//1305 317//317
f 305//305 303//303 1260//1260
f 1245//1245 305//305 1260//1260
f 1232//1232 1245//1245 1260//1260
f 1205//1205 1215//1215 1232//1232
f 524//524 516//516 351//351
f 341//341 468//468 360//360
f 516//516 494//494 438//438
f 1110//1110 1099//1099 434//434
f 1099//1099 463//463 468//468
f 915//915 1489//1489 1010//1010
f 748//748 1489//1489 127//127
f 1489//1489 959//959 130//130
f 1495//1495 130//130 959//959
f 725//725 702//702 255//255
f 407//407 670//670 148//148
f 792//792 1063//1063 785//785
f 704//704 785//785 1063//1063
f 704//704 695//695 785//785
f 978//978 695//695 701//701
f 1031//1031 978//978 701//701
f 406//406 970//970 990//990
f 406//406 990//990 994//994
f 1021//1021 417//417 413//413
f 417//417 817//817 416//416
f 939//939 416//416 817//817
f 994//994 413//413 940//940
f 825//825 917//917 940//940
f 1240//1240 825//825 940//940
f 1242//1242 917//917 825//825
f 917//917 1242//1242 1644//1644
f 1644//1644 1242//1242 839//839
f 838//838 839//839 1242//1242
f 1416//1416 1345//1345 443//443
f 993//993 1114//1114 1351//1351
f 1385//1385 1325//1325 651//651
f 1356//1356 1385//1385 642//642
f 1381//1381 1390//1390 1336//1336
f 1454//1454 1411//1411 1422//1422
f 1411//1411 1454//1454 1435//1435
f 1413//1413 1411//1411 1435//1435
f 1411//1411 1413//1413 1412//1412
f 1412//1412 1324//1324 649//649
f 638//638 649//649 1324//1324
f 1093//1093 1344//1344 1091//1091
f 1093//1093 1091//1091 1270//1270
f 609//609 1258//1258 1308//1308
f 974//974 1258//1258 608//608
f 605//605 610//610 608//608
f 612//612 613//613 617//617
f 822//822 884//884 923//923
f 923//923 884//884 1020//1020
f 980//980 617//617 638//638
f 638//638 1324//1324 980//980
f 568//568 456//456 20//20
f 456//456 17//17 21//21
f 456//456 425//425 17//17
f 1634//1634 46//46 467//467
f 19//19 467//467 46//46
f 18//18 1634//1634 1602//1602
f 1329//1329 555//555 11//11
f 8//8 11//11 555//555
f 47//47 1334//1334 1329//1329
f 47//47 1329//1329 11//11
f 1602//1602 50//50 18//18
f 1197//1197 559//559 1001//1001
f 1001//1001 559//559 779//779
f 779//779 775//775 1001//1001
f 775//775 1097//1097 1001//1001
f 270//270 271//271 253//253
f 271//271 262//262 253//253
f 241//241 804//804 185//185
f 185//185 191//191 791//791
f 1066//1066 791//791 191//191
f 425//425 456//456 1650//1650
f 535//535 456//456 568//568
f 942//942 293//293 944//944
f 535//535 466//466 454//454
f 942//942 944//944 466//466
f 466//466 458//458 942//942
f 458//458 295//295 291//291
f 295//295 631//631 1079//1079
f 492//492 480//480 615//615
f 876//876 905//905 759//759
f 876//876 759//759 615//615
f 461//461 798//798 1129//1129
f 1369//1369 1297//1297 1366//1366
f 1177//1177 1160//1160 363//363
f 1529//1529 363//363 1148//1148
f 1148//1148 782//782 835//835
f 782//782 870//870 835//835
f 1498//1498 561//561 1512//1512
f 215//215 75//75 1379//1379
f 1305//1305 1379//1379 1346//1346
f 193//193 1379//1379 1285//1285
f 223//223 1379//1379 90//90
f 223//223 90//90 230//230
f 1346//1346 1379//1379 223//223
f 230//230 1375//1375 223//223
f 223//223 1316//1316 1346//1346
f 1317//1317 317//317 1316//1316
f 1317//1317 1316//1316 223//223
f 989//989 319//319 1318//1318
f 1038//1038 981//981 991//991
f 989//989 1038//1038 991//991
f 1318//1318 319//319 1317//1317
f 319//319 318//318 1317//1317
f 303//303 305//305 317//317
f 317//317 318//318 303//303
f 1317//1317 318//318 317//317
f 318//318 319//319 311//311
f 307//307 318//318 311//311
f 312//312 307//307 311//311
f 312//312 311//311 319//319
f 1212//1212 351//351 360//360
f 341//341 351//351 516//516
f 438//438 437//437 341//341
f 437//437 434//434 341//341
f 438//438 494//494 495//495
f 437//437 495//495 1122//1122
f 1110//1110 437//437 1122//1122
f 1099//1099 468//468 434//434
f 1104//1104 1099//1099 1110//1110
f 468//468 463//463 1205//1205
f 992//992 463//463 784//784
f 137//137 784//784 1468//1468
f 725//725 1495//1495 1479//1479
f 130//130 1495//1495 725//725
f 135//135 129//129 1479//1479
f 128//128 712//712 121//121
f 712//712 702//702 121//121
f 122//122 712//712 128//128
f 675//675 255//255 702//702
f 702//702 712//712 675//675
f 725//725 255//255 227//227
f 227//227 685//685 725//725
f 713//713 717//717 714//714
f 1067//1067 714//714 717//717
f 713//713 239//239 717//717
f 416//416 939//939 413//413
f 1240//1240 1239//1239 1337//1337
f 1240//1240 1357//1357 838//838
f 1383//1383 430//430 1378//1378
f 839//839 1378//1378 862//862
f 1378//1378 838//838 1357//1357
f 432//432 420//420 430//430
f 420//420 432//432 427//427
f 1340//1340 1320//1320 1342//1342
f 1320//1320 983//983 1342//1342
f 1360//1360 1320//1320 1340//1340
f 1390//1390 660//660 656//656
f 1336//1336 1390//1390 656//656
f 1374//1374 1336//1336 656//656
f 1198//1198 1374//1374 1376//1376
f 1374//1374 1198//1198 1336//1336
f 1376//1376 1374//1374 1422//1422
f 1422//1422 1374//1374 678//678
f 1454//1454 1465//1465 1435//1435
f 1449//1449 43//43 1455//1455
f 1335//1335 980//980 1324//1324
f 1241//1241 1389//1389 1455//1455
f 1241//1241 1455//1455 43//43
f 7//7 568//568 20//20
f 48//48 568//568 7//7
f 676//676 568//568 48//48
f 1002//1002 462//462 986//986
f 436//436 466//466 569//569
f 466//466 535//535 569//569
f 466//466 436//436 458//458
f 634//634 1388//1388 1377//1377
f 1402//1402 829//829 1388//1388
f 615//615 480//480 452//452
f 615//615 452//452 876//876
f 876//876 829//829 1402//1402
f 145//145 143//143 146//146
f 145//145 140//140 143//143
f 1545//1545 143//143 905//905
f 140//140 905//905 143//143
f 759//759 905//905 140//140
f 146//146 147//147 145//145
f 1397//1397 1436//1436 1450//1450
f 1451//1451 1397//1397 1450//1450
f 1552//1552 1524//1524 1513//1513
f 1177//1177 363//363 1183//1183
f 962//962 1171//1171 720//720
f 1171//1171 962//962 950//950
f 1160//1160 1161//1161 1148//1148
f 551//551 1512//1512 561//561
f 90//90 75//75 1512//1512
f 626//626 90//90 551//551
f 230//230 90//90 626//626
f 588//588 669//669 576//576
f 576//576 591//591 588//588
f 588//588 587//587 575//575
f 588//588 575//575 669//669
f 575//575 1047//1047 669//669
f 669//669 1375//1375 230//230
f 1047//1047 1040//1040 669//669
f 669//669 1040//1040 1375//1375
f 1040//1040 1318//1318 1375//1375
f 981//981 1038//1038 1039//1039
f 989//989 312//312 319//319
f 307//307 312//312 308//308
f 309//309 1232//1232 307//307
f 1260//1260 307//307 1232//1232
f 494//494 536//536 507//507
f 475//475 495//495 507//507
f 514//514 475//475 507//507
f 495//495 494//494 507//507
f 1104//1104 1110//1110 1122//1122
f 429//429 1099//1099 1104//1104
f 1107//1107 1104//1104 1115//1115
f 429//429 1564//1564 457//457
f 460//460 1580//1580 1596//1596
f 1468//1468 1427//1427 1443//1443
f 1596//1596 1468//1468 463//463
f 133//133 137//137 1443//1443
f 118//118 712//712 122//122
f 675//675 712//712 118//118
f 675//675 118//118 114//114
f 112//112 114//114 118//118
f 180//180 670//670 227//227
f 132//132 113//113 115//115
f 102//102 101//101 1113//1113
f 101//101 102//102 104//104
f 105//105 101//101 104//104
f 713//713 1063//1063 105//105
f 107//107 239//239 713//713
f 1246//1246 107//107 109//109
f 1315//1315 1246//1246 109//109
f 1067//1067 1085//1085 1155//1155
f 701//701 713//713 1048//1048
f 1071//1071 1067//1067 1141//1141
f 1141//1141 1155//1155 1236//1236
f 421//421 1048//1048 1141//1141
f 1405//1405 1461//1461 421//421
f 421//421 1461//1461 417//417
f 1048//1048 1071//1071 1141//1141
f 701//701 1048//1048 1031//1031
f 713//713 701//701 704//704
f 417//417 1021//1021 421//421
f 817//817 423//423 1339//1339
f 817//817 1339//1339 1239//1239
f 1339//1339 1337//1337 1239//1239
f 1240//1240 1337//1337 428//428
f 1383//1383 428//428 439//439
f 435//435 1531//1531 418//418
f 1531//1531 432//432 430//430
f 1531//1531 435//435 432//432
f 435//435 427//427 432//432
f 1134//1134 1351//1351 1114//1114
f 1340//1340 1351//1351 1415//1415
f 651//651 666//666 642//642
f 642//642 666//666 660//660
f 1536//1536 1481//1481 1478//1478
f 1449//1449 1481//1481 1536//1536
f 35//35 1449//1449 1536//1536
f 569//569 639//639 515//515
f 5//5 639//639 676//676
f 676//676 569//569 568//568
f 569//569 535//535 568//568
f 639//639 569//569 676//676
f 331//331 294//294 997//997
f 736//736 471//471 287//287
f 606//606 736//736 348//348
f 1543//1543 634//634 1659//1659
f 1402//1402 634//634 1543//1543
f 1545//1545 1543//1543 1162//1162
f 143//143 1545//1545 157//157
f 152//152 1088//1088 972//972
f 1088//1088 1572//1572 1502//1502
f 1088//1088 1502//1502 1563//1563
f 1397//1397 1395//1395 1436//1436
f 1513//1513 1451//1451 1499//1499
f 1513//1513 1524//1524 1451//1451
f 1537//1537 84//84 1552//1552
f 363//363 1552//1552 84//84
f 363//363 84//84 365//365
f 962//962 774//774 709//709
f 709//709 774//774 773//773
f 949//949 987//987 658//658
f 949//949 773//773 665//665
f 773//773 910//910 709//709
f 709//709 910//910 950//950
f 711//711 1171//1171 950//950
f 782//782 522//522 870//870
f 845//845 816//816 835//835
f 538//538 816//816 551//551
f 626//626 551//551 703//703
f 603//603 626//626 703//703
f 582//582 589//589 591//591
f 575//575 1040//1040 1047//1047
f 1011//1011 1043//1043 984//984
f 1011//1011 1040//1040 1043//1043
f 1039//1039 1011//1011 981//981
f 991//991 981//981 314//314
f 308//308 313//313 991//991
f 308//308 314//314 309//309
f 307//307 308//308 309//309
f 1212//1212 309//309 351//351
f 517//517 526//526 550//550
f 540//540 550//550 558//558
f 540//540 558//558 560//560
f 566//566 574//574 560//560
f 593//593 596//596 566//566
f 592//592 562//562 595//595
f 595//595 562//562 611//611
f 595//595 611//611 593//593
f 593//593 611//611 596//596
f 596//596 611//611 566//566
f 567//567 560//560 574//574
f 560//560 542//542 540//540
f 517//517 550//550 540//540
f 524//524 526//526 516//516
f 516//516 526//526 517//517
f 528//528 537//537 523//523
f 523//523 507//507 528//528
f 476//476 520//520 552//552
f 475//475 440//440 473//473
f 473//473 1115//1115 1122//1122
f 440//440 1115//1115 473//473
f 1107//1107 446//446 429//429
f 490//490 446//446 671//671
f 683//683 618//618 622//622
f 629//629 577//577 621//621
f 618//618 621//621 599//599
f 618//618 604//604 622//622
f 599//599 604//604 618//618
f 604//604 599//599 546//546
f 490//490 671//671 604//604
f 505//505 490//490 604//604
f 604//604 546//546 505//505
f 541//541 496//496 493//493
f 483//483 490//490 505//505
f 429//429 446//446 1564//1564
f 1564//1564 1461//1461 457//457
f 428//428 423//423 1394//1394
f 1531//1531 422//422 453//453
f 1433//1433 418//418 1353//1353
f 1353//1353 1345//1345 1433//1433
f 1352//1352 1345//1345 1353//1353
f 1134//1134 1114//1114 1352//1352
f 1415//1415 1351//1351 1134//1134
f 663//663 651//651 1340//1340
f 678//678 660//660 666//666
f 678//678 1374//1374 656//656
f 689//689 1422//1422 678//678
f 1454//1454 1422//1422 699//699
f 1536//1536 1505//1505 830//830
f 24//24 1594//1594 51//51
f 24//24 830//830 1594//1594
f 1536//1536 830//830 24//24
f 1478//1478 1505//1505 1536//1536
f 732//732 639//639 42//42
f 639//639 5//5 42//42
f 639//639 565//565 515//515
f 639//639 732//732 565//565
f 515//515 565//565 573//573
f 986//986 573//573 571//571
f 573//573 986//986 515//515
f 324//324 986//986 571//571
f 331//331 324//324 1089//1089
f 1089//1089 323//323 331//331
f 1084//1084 243//243 1102//1102
f 326//326 1089//1089 1084//1084
f 331//331 326//326 294//294
f 329//329 320//320 332//332
f 380//380 287//287 329//329
f 320//320 472//472 997//997
f 462//462 1002//1002 472//472
f 471//471 1659//1659 472//472
f 1162//1162 606//606 348//348
f 606//606 1162//1162 1543//1543
f 1543//1543 1545//1545 1402//1402
f 1181//1181 1445//1445 157//157
f 162//162 152//152 1590//1590
f 1590//1590 1572//1572 162//162
f 152//152 157//157 1445//1445
f 1181//1181 157//157 1545//1545
f 1088//1088 152//152 162//162
f 1434//1434 228//228 1647//1647
f 1499//1499 1462//1462 1470//1470
f 134//134 1509//1509 1501//1501
f 1501//1501 1509//1509 1470//1470
f 1525//1525 1470//1470 1509//1509
f 1462//1462 1450//1450 1436//1436
f 1462//1462 1499//1499 1450//1450
f 1450//1450 1499//1499 1451//1451
f 85//85 1183//1183 365//365
f 1183//1183 85//85 1185//1185
f 720//720 727//727 962//962
f 774//774 962//962 727//727
f 774//774 780//780 773//773
f 773//773 780//780 665//665
f 658//658 657//657 949//949
f 657//657 625//625 910//910
f 950//950 910//910 711//711
f 789//789 551//551 816//816
f 789//789 703//703 551//551
f 592//592 583//583 591//591
f 996//996 1016//1016 589//589
f 587//587 1016//1016 996//996
f 587//587 1014//1014 575//575
f 587//587 984//984 1014//1014
f 984//984 973//973 1011//1011
f 973//973 981//981 1011//1011
f 973//973 314//314 981//981
f 309//309 973//973 527//527
f 527//527 524//524 309//309
f 566//566 560//560 558//558
f 592//592 593//593 583//583
f 582//582 583//583 548//548
f 583//583 550//550 548//548
f 548//548 996//996 582//582
f 547//547 973//973 984//984
f 996//996 984//984 587//587
f 996//996 547//547 984//984
f 526//526 524//524 525//525
f 547//547 525//525 527//527
f 558//558 550//550 583//583
f 566//566 558//558 583//583
f 550//550 525//525 548//548
f 550//550 526//526 525//525
f 996//996 548//548 525//525
f 525//525 547//547 996//996
f 527//527 525//525 524//524
f 309//309 314//314 973//973
f 593//593 566//566 583//583
f 991//991 314//314 308//308
f 973//973 547//547 527//527
f 984//984 1043//1043 1014//1014
f 1014//1014 1043//1043 575//575
f 583//583 582//582 591//591
f 595//595 593//593 592//592
f 603//603 562//562 592//592
f 567//567 566//566 611//611
f 566//566 567//567 574//574
f 542//542 560//560 567//567
f 537//537 542//542 586//586
f 552//552 537//537 586//586
f 542//542 567//567 586//586
f 451//451 600//600 590//590
f 520//520 475//475 514//514
f 440//440 475//475 520//520
f 440//440 520//520 476//476
f 476//476 445//445 441//441
f 1107//1107 441//441 445//445
f 671//671 446//446 448//448
f 632//632 621//621 618//618
f 621//621 632//632 628//628
f 570//570 621//621 577//577
f 493//493 483//483 505//505
f 483//483 1030//1030 490//490
f 1030//1030 446//446 490//490
f 1394//1394 1461//1461 455//455
f 1054//1054 424//424 455//455
f 453//453 422//422 426//426
f 1386//1386 1127//1127 1126//1126
f 1126//1126 1127//1127 1359//1359
f 1060//1060 418//418 453//453
f 1353//1353 1347//1347 1352//1352
f 691//691 666//666 663//663
f 1422//1422 689//689 699//699
f 830//830 1592//1592 1594//1594
f 1632//1632 1633//1633 51//51
f 51//51 1633//1633 28//28
f 217//217 400//400 395//395
f 16//16 369//369 15//15
f 369//369 354//354 15//15
f 354//354 345//345 15//15
f 3//3 15//15 345//345
f 3//3 344//344 40//40
f 571//571 573//573 344//344
f 298//298 412//412 414//414
f 415//415 195//195 212//212
f 212//212 410//410 415//415
f 1089//1089 324//324 260//260
f 260//260 257//257 1089//1089
f 257//257 414//414 410//410
f 332//332 257//257 410//410
f 414//414 257//257 298//298
f 260//260 298//298 257//257
f 324//324 571//571 260//260
f 212//212 1569//1569 202//202
f 108//108 380//380 202//202
f 472//472 320//320 471//471
f 287//287 471//471 320//320
f 287//287 380//380 1431//1431
f 348//348 1431//1431 1472//1472
f 1591//1591 152//152 1445//1445
f 869//869 1507//1507 1591//1591
f 228//228 1502//1502 1647//1647
f 1438//1438 1436//1436 1434//1434
f 1470//1470 1438//1438 106//106
f 106//106 1501//1501 1470//1470
f 1525//1525 1509//1509 1530//1530
f 1525//1525 1499//1499 1470//1470
f 1513//1513 1525//1525 1530//1530
f 1537//1537 1513//1513 1530//1530
f 1530//1530 1509//1509 160//160
f 1537//1537 160//160 85//85
f 1530//1530 160//160 1537//1537
f 84//84 85//85 365//365
f 774//774 727//727 735//735
f 1516//1516 987//987 888//888
f 1487//1487 930//930 1514//1514
f 930//930 815//815 658//658
f 1453//1453 657//657 658//658
f 1453//1453 658//658 815//815
f 745//745 910//910 625//625
f 910//910 614//614 711//711
f 601//601 614//614 745//745
f 625//625 887//887 745//745
f 726//726 782//782 602//602
f 726//726 755//755 782//782
f 782//782 755//755 636//636
f 782//782 757//757 522//522
f 789//789 870//870 522//522
f 816//816 845//845 789//789
f 603//603 703//703 694//694
f 603//603 580//580 562//562
f 586//586 597//597 562//562
f 562//562 590//590 586//586
f 586//586 567//567 597//597
f 681//681 451//451 590//590
f 585//585 563//563 451//451
f 445//445 476//476 451//451
f 445//445 464//464 1107//1107
f 464//464 448//448 1107//1107
f 679//679 700//700 632//632
f 683//683 679//679 632//632
f 731//731 628//628 700//700
f 632//632 700//700 628//628
f 847//847 1589//1589 1561//1561
f 828//828 813//813 1522//1522
f 624//624 644//644 1440//1440
f 1440//1440 629//629 624//624
f 1406//1406 1440//1440 1432//1432
f 1406//1406 581//581 1440//1440
f 629//629 628//628 624//624
f 1440//1440 581//581 629//629
f 577//577 553//553 570//570
f 506//506 541//541 570//570
f 486//486 496//496 530//530
f 496//496 1030//1030 483//483
f 446//446 1030//1030 1564//1564
f 1030//1030 455//455 1564//1564
f 1109//1109 424//424 486//486
f 1054//1054 486//486 424//424
f 486//486 1054//1054 1030//1030
f 1109//1109 1032//1032 424//424
f 422//422 1430//1430 424//424
f 422//422 1384//1384 426//426
f 1392//1392 1386//1386 1050//1050
f 1358//1358 1050//1050 1386//1386
f 1126//1126 1358//1358 1386//1386
f 1380//1380 1359//1359 1127//1127
f 1380//1380 426//426 1359//1359
f 1364//1364 426//426 1380//1380
f 1392//1392 1393//1393 1386//1386
f 1060//1060 1393//1393 504//504
f 1060//1060 1364//1364 1393//1393
f 1353//1353 1060//1060 1347//1347
f 1464//1464 1428//1428 1432//1432
f 1428//1428 1415//1415 1134//1134
f 691//691 663//663 1428//1428
f 663//663 1415//1415 1428//1428
f 678//678 691//691 689//689
f 666//666 691//691 678//678
f 689//689 811//811 699//699
f 1488//1488 1533//1533 1544//1544
f 830//830 1567//1567 1576//1576
f 830//830 1576//1576 1592//1592
f 1592//1592 1612//1612 1594//1594
f 1612//1612 1632//1632 1594//1594
f 51//51 1594//1594 1632//1632
f 395//395 368//368 32//32
f 1635//1635 1633//1633 1632//1632
f 37//37 217//217 395//395
f 28//28 1648//1648 29//29
f 353//353 225//225 229//229
f 1617//1617 217//217 225//225
f 1617//1617 225//225 353//353
f 1617//1617 400//400 217//217
f 414//414 412//412 415//415
f 640//640 240//240 415//415
f 195//195 415//415 240//240
f 1562//1562 211//211 213//213
f 1562//1562 1555//1555 211//211
f 1555//1555 131//131 211//211
f 212//212 131//131 1569//1569
f 1431//1431 380//380 108//108
f 287//287 1431//1431 348//348
f 1472//1472 1431//1431 108//108
f 108//108 343//343 1472//1472
f 1472//1472 1181//1181 1162//1162
f 1306//1306 1328//1328 1290//1290
f 796//796 781//781 1471//1471
f 796//796 1252//1252 781//781
f 1251//1251 853//853 1306//1306
f 1251//1251 781//781 1252//1252
f 1333//1333 1277//1277 1287//1287
f 1244//1244 1277//1277 868//868
f 1287//1287 1277//1277 1251//1251
f 1277//1277 1466//1466 1251//1251
f 869//869 868//868 893//893
f 1434//1434 359//359 106//106
f 1434//1434 106//106 1438//1438
f 160//160 1509//1509 134//134
f 1183//1183 1185//1185 720//720
f 720//720 1185//1185 727//727
f 780//780 774//774 735//735
f 987//987 665//665 1072//1072
f 888//888 987//987 1072//1072
f 889//889 1514//1514 1516//1516
f 873//873 1514//1514 889//889
f 1487//1487 1514//1514 873//873
f 815//815 930//930 1534//1534
f 813//813 1442//1442 1522//1522
f 847//847 1614//1614 1589//1589
f 1589//1589 1628//1628 1586//1586
f 827//827 1556//1556 1527//1527
f 1442//1442 1432//1432 1440//1440
f 689//689 1482//1482 811//811
f 1558//1558 1550//1550 1571//1571
f 1556//1556 1550//1550 1518//1518
f 1532//1532 1511//1511 1520//1520
f 1533//1533 1511//1511 1532//1532
f 1567//1567 1533//1533 1532//1532
f 1544//1544 1533//1533 1567//1567
f 10//10 221//221 37//37
f 1633//1633 1648//1648 28//28
f 29//29 1648//1648 14//14
f 1652//1652 903//903 25//25
f 14//14 1652//1652 25//25
f 903//903 26//26 25//25
f 662//662 44//44 30//30
f 640//640 353//353 350//350
f 478//478 350//350 353//353
f 640//640 1617//1617 353//353
f 240//240 640//640 139//139
f 240//240 139//139 136//136
f 195//195 136//136 235//235
f 213//213 235//235 373//373
f 355//355 236//236 376//376
f 160//160 376//376 85//85
f 218//218 355//355 376//376
f 218//218 1562//1562 355//355
f 1569//1569 108//108 202//202
f 1476//1476 343//343 108//108
f 1472//1472 343//343 1361//1361
f 1361//1361 796//796 1472//1472
f 1125//1125 359//359 1647//1647
f 1501//1501 144//144 134//134
f 218//218 134//134 1562//1562
f 1562//1562 144//144 1555//1555
f 134//134 144//144 1562//1562
f 144//144 138//138 131//131
f 893//893 1476//1476 1125//1125
f 1647//1647 893//893 1125//1125
f 893//893 1277//1277 343//343
f 1277//1277 1361//1361 343//343
f 1333//1333 1361//1361 1277//1277
f 893//893 343//343 1476//1476
f 1501//1501 106//106 138//138
f 138//138 106//106 131//131
f 144//144 1501//1501 138//138
f 106//106 1125//1125 131//131
f 1125//1125 106//106 359//359
f 1306//1306 1361//1361 1333//1333
f 1306//1306 1349//1349 1328//1328
f 1312//1312 1287//1287 1306//1306
f 1312//1312 1296//1296 1273//1273
f 1312//1312 1273//1273 1287//1287
f 1333//1333 1275//1275 1296//1296
f 1296//1296 1312//1312 1333//1333
f 1296//1296 1256//1256 1273//1273
f 1255//1255 1273//1273 1256//1256
f 1275//1275 1255//1255 1296//1296
f 1296//1296 1255//1255 1256//1256
f 1275//1275 1273//1273 1255//1255
f 1306//1306 1333//1333 1312//1312
f 1306//1306 1287//1287 1251//1251
f 1349//1349 1306//1306 1327//1327
f 1306//1306 853//853 1327//1327
f 859//859 1327//1327 853//853
f 1349//1349 1515//1515 1328//1328
f 1515//1515 1349//1349 886//886
f 1515//1515 1485//1485 1290//1290
f 1290//1290 1250//1250 1252//1252
f 837//837 853//853 1250//1250
f 851//851 855//855 837//837
f 853//853 855//855 859//859
f 855//855 853//853 837//837
f 886//886 1349//1349 1327//1327
f 1515//1515 886//886 1510//1510
f 1485//1485 1515//1515 1510//1510
f 1290//1290 1485//1485 1250//1250
f 1480//1480 837//837 1250//1250
f 1250//1250 1485//1485 1480//1480
f 1480//1480 1485//1485 1477//1477
f 1480//1480 1477//1477 1601//1601
f 1480//1480 1601//1601 1494//1494
f 1500//1500 850//850 1493//1493
f 1500//1500 1492//1492 1244//1244
f 1500//1500 1497//1497 850//850
f 850//850 1610//1610 840//840
f 1497//1497 1610//1610 850//850
f 851//851 850//850 856//856
f 840//840 856//856 850//850
f 855//855 857//857 859//859
f 1485//1485 1486//1486 1477//1477
f 198//198 1485//1485 1510//1510
f 1510//1510 882//882 198//198
f 198//198 1486//1486 1485//1485
f 882//882 1510//1510 886//886
f 886//886 859//859 882//882
f 871//871 882//882 859//859
f 859//859 857//857 871//871
f 871//871 1630//1630 882//882
f 1519//1519 871//871 857//857
f 1519//1519 857//857 856//856
f 856//856 857//857 855//855
f 1528//1528 1609//1609 1630//1630
f 1517//1517 1609//1609 1528//1528
f 1609//1609 198//198 1630//1630
f 198//198 190//190 1486//1486
f 1486//1486 190//190 1574//1574
f 1477//1477 1469//1469 1601//1601
f 1491//1491 1490//1490 1496//1496
f 1491//1491 1599//1599 1490//1490
f 1492//1492 1500//1500 1494//1494
f 1493//1493 1494//1494 1500//1500
f 1490//1490 1601//1601 1467//1467
f 1480//1480 1494//1494 1493//1493
f 1492//1492 1601//1601 1490//1490
f 1492//1492 1494//1494 1601//1601
f 787//787 1466//1466 1277//1277
f 1591//1591 1445//1445 1466//1466
f 1471//1471 1466//1466 1445//1445
f 1507//1507 869//869 1647//1647
f 868//868 869//869 1491//1491
f 1491//1491 1500//1500 868//868
f 1466//1466 787//787 1591//1591
f 1591//1591 787//787 1599//1599
f 1491//1491 1591//1591 1599//1599
f 1491//1491 869//869 1591//1591
f 1500//1500 1491//1491 1497//1497
f 1244//1244 1599//1599 787//787
f 1497//1497 1491//1491 1496//1496
f 1497//1497 1605//1605 1610//1610
f 1490//1490 1605//1605 1496//1496
f 840//840 1610//1610 1473//1473
f 840//840 1473//1473 1608//1608
f 1621//1621 856//856 840//840
f 1528//1528 1630//1630 871//871
f 204//204 1517//1517 1637//1637
f 198//198 1585//1585 190//190
f 198//198 1609//1609 1585//1585
f 1486//1486 1574//1574 1477//1477
f 1601//1601 1469//1469 1467//1467
f 181//181 1473//1473 1467//1467
f 181//181 194//194 1473//1473
f 1621//1621 1608//1608 1604//1604
f 1621//1621 1604//1604 1519//1519
f 1604//1604 209//209 1519//1519
f 1519//1519 209//209 1642//1642
f 871//871 1519//1519 1642//1642
f 1639//1639 871//871 1642//1642
f 1637//1637 1517//1517 1631//1631
f 1641//1641 1637//1637 1631//1631
f 1638//1638 1637//1637 1641//1641
f 743//743 203//203 863//863
f 203//203 743//743 1585//1585
f 1463//1463 175//175 1585//1585
f 182//182 175//175 164//164
f 190//190 165//165 1574//1574
f 1574//1574 165//165 150//150
f 1458//1458 1582//1582 1459//1459
f 1608//1608 1473//1473 194//194
f 214//214 209//209 216//216
f 1639//1639 214//214 216//216
f 1643//1643 1631//1631 1528//1528
f 1639//1639 1643//1643 1528//1528
f 1641//1641 1631//1631 1643//1643
f 901//901 1638//1638 1396//1396
f 901//901 204//204 1638//1638
f 204//204 203//203 1585//1585
f 863//863 203//203 205//205
f 863//863 832//832 743//743
f 832//832 715//715 743//743
f 163//163 164//164 175//175
f 172//172 164//164 159//159
f 165//165 190//190 172//172
f 1574//1574 1444//1444 1477//1477
f 1444//1444 1459//1459 1469//1469
f 186//186 194//194 181//181
f 1641//1641 219//219 226//226
f 901//901 894//894 864//864
f 901//901 902//902 894//894
f 901//901 205//205 204//204
f 901//901 864//864 205//205
f 832//832 863//863 864//864
f 1463//1463 648//648 1447//1447
f 165//165 172//172 158//158
f 1574//1574 150//150 1557//1557
f 1459//1459 1444//1444 1446//1446
f 156//156 168//168 1458//1458
f 184//184 186//186 179//179
f 179//179 186//186 181//181
f 1608//1608 186//186 1604//1604
f 186//186 1608//1608 194//194
f 1604//1604 186//186 200//200
f 219//219 216//216 220//220
f 1643//1643 1639//1639 1641//1641
f 1641//1641 1639//1639 219//219
f 1540//1540 1641//1641 226//226
f 902//902 1396//1396 1541//1541
f 1382//1382 864//864 894//894
f 902//902 1382//1382 894//894
f 922//922 988//988 927//927
f 1403//1403 1382//1382 902//902
f 832//832 771//771 728//728
f 715//715 648//648 743//743
f 648//648 715//715 728//728
f 760//760 698//698 758//758
f 667//667 327//327 1235//1235
f 834//834 327//327 667//667
f 667//667 698//698 834//834
f 758//758 698//698 728//728
f 659//659 643//643 698//698
f 1420//1420 163//163 1447//1447
f 1094//1094 163//163 1420//1420
f 163//163 1094//1094 164//164
f 159//159 158//158 172//172
f 165//165 154//154 153//153
f 1574//1574 1557//1557 1444//1444
f 174//174 184//184 176//176
f 201//201 184//184 189//189
f 200//200 201//201 209//209
f 220//220 216//216 207//207
f 1539//1539 1651//1651 1540//1540
f 941//941 927//927 988//988
f 895//895 922//922 927//927
f 941//941 895//895 927//927
f 1403//1403 922//922 895//895
f 861//861 832//832 875//875
f 1231//1231 728//728 771//771
f 760//760 1231//1231 321//321
f 327//327 340//340 1235//1235
f 979//979 1372//1372 340//340
f 655//655 652//652 667//667
f 667//667 652//652 698//698
f 643//643 648//648 698//698
f 659//659 698//698 652//652
f 1560//1560 1094//1094 1420//1420
f 1142//1142 159//159 1094//1094
f 1142//1142 171//171 1133//1133
f 174//174 176//176 1149//1149
f 1117//1117 1149//1149 176//176
f 1136//1136 1133//1133 1149//1149
f 1136//1136 159//159 1142//1142
f 159//159 1136//1136 1149//1149
f 159//159 1149//1149 1117//1117
f 1117//1117 1053//1053 159//159
f 158//158 154//154 165//165
f 155//155 150//150 153//153
f 1444//1444 1557//1557 1446//1446
f 167//167 1053//1053 1117//1117
f 154//154 1053//1053 167//167
f 154//154 156//156 153//153
f 1053//1053 154//154 158//158
f 156//156 167//167 168//168
f 153//153 156//156 155//155
f 168//168 1117//1117 176//176
f 167//167 1117//1117 168//168
f 1446//1446 155//155 156//156
f 154//154 167//167 156//156
f 1557//1557 150//150 155//155
f 159//159 1053//1053 158//158
f 174//174 187//187 184//184
f 220//220 224//224 226//226
f 81//81 73//73 1551//1551
f 83//83 77//77 81//81
f 87//87 77//77 83//83
f 77//77 73//73 81//81
f 73//73 1081//1081 1003//1003
f 988//988 1551//1551 73//73
f 922//922 1551//1551 988//988
f 955//955 995//995 1003//1003
f 1003//1003 941//941 73//73
f 988//988 73//73 941//941
f 995//995 941//941 1003//1003
f 941//941 995//995 929//929
f 896//896 895//895 941//941
f 861//861 875//875 879//879
f 321//321 1231//1231 325//325
f 880//880 892//892 865//865
f 892//892 880//880 890//890
f 880//880 896//896 890//890
f 896//896 904//904 890//890
f 339//339 334//334 337//337
f 334//334 865//865 337//337
f 865//865 333//333 325//325
f 333//333 321//321 325//325
f 961//961 909//909 899//899
f 908//908 899//899 909//909
f 899//899 340//340 900//900
f 979//979 1371//1371 1372//1372
f 342//342 1372//1372 1371//1371
f 1372//1372 342//342 328//328
f 340//340 1372//1372 328//328
f 708//708 705//705 1235//1235
f 655//655 650//650 652//652
f 652//652 646//646 659//659
f 646//646 1439//1439 643//643
f 637//637 648//648 641//641
f 1447//1447 637//637 1420//1420
f 1094//1094 1144//1144 1142//1142
f 174//174 171//171 187//187
f 174//174 1133//1133 171//171
f 187//187 192//192 206//206
f 184//184 187//187 189//189
f 207//207 1268//1268 220//220
f 224//224 220//220 1268//1268
f 1295//1295 224//224 1268//1268
f 1539//1539 224//224 1332//1332
f 1332//1332 1363//1363 1539//1539
f 1651//1651 1363//1363 1654//1654
f 1551//1551 1651//1651 1654//1654
f 83//83 1158//1158 100//100
f 1158//1158 1521//1521 100//100
f 100//100 92//92 83//83
f 92//92 87//87 83//83
f 1087//1087 87//87 92//92
f 1087//1087 1028//1028 77//77
f 77//77 1028//1028 1081//1081
f 955//955 929//929 995//995
f 895//895 879//879 875//875
f 895//895 880//880 879//879
f 971//971 908//908 904//904
f 908//908 909//909 890//890
f 1018//1018 899//899 908//908
f 908//908 971//971 1018//1018
f 899//899 979//979 340//340
f 1423//1423 1371//1371 979//979
f 1078//1078 346//346 342//342
f 246//246 1034//1034 346//346
f 366//366 374//374 1523//1523
f 370//370 366//366 1523//1523
f 100//100 1521//1521 374//374
f 100//100 374//374 372//372
f 1087//1087 971//971 1028//1028
f 976//976 1423//1423 979//979
f 976//976 1078//1078 1423//1423
f 342//342 1423//1423 1078//1078
f 372//372 1554//1554 1078//1078
f 357//357 246//246 1554//1554
f 349//349 246//246 357//357
f 346//346 1078//1078 1554//1554
f 246//246 346//346 1554//1554
f 366//366 357//357 374//374
f 372//372 92//92 100//100
f 976//976 92//92 372//372
f 374//374 357//357 1554//1554
f 372//372 374//374 1554//1554
f 1078//1078 976//976 372//372
f 976//976 979//979 1018//1018
f 1018//1018 92//92 976//976
f 92//92 1018//1018 1087//1087
f 1018//1018 971//971 1087//1087
f 1568//1568 1535//1535 1188//1188
f 1549//1549 1538//1538 1568//1568
f 1549//1549 367//367 1538//1538
f 1568//1568 1538//1538 1535//1535
f 1523//1523 374//374 1521//1521
f 1538//1538 370//370 1523//1523
f 367//367 370//370 1538//1538
f 378//378 379//379 1549//1549
f 379//379 367//367 1549//1549
f 370//370 361//361 366//366
f 361//361 358//358 1135//1135
f 361//361 1135//1135 1106//1106
f 1106//1106 248//248 349//349
f 1034//1034 342//342 346//346
f 246//246 1026//1026 1034//1034
f 1660//1660 1026//1026 246//246
f 328//328 1034//1034 1175//1175
f 708//708 1235//1235 1175//1175
f 1026//1026 1033//1033 1034//1034
f 1456//1456 650//650 655//655
f 650//650 647//647 652//652
f 652//652 647//647 646//646
f 1439//1439 1452//1452 1426//1426
f 1419//1419 1439//1439 1426//1426
f 641//641 643//643 1439//1439
f 1420//1420 637//637 1419//1419
f 1560//1560 1426//1426 1005//1005
f 999//999 982//982 1560//1560
f 1295//1295 1302//1302 224//224
f 1363//1363 1332//1332 1368//1368
f 1504//1504 1158//1158 94//94
f 1163//1163 1521//1521 1158//1158
f 1158//1158 1504//1504 1163//1163
f 1570//1570 378//378 1568//1568
f 1189//1189 1188//1188 1186//1186
f 1189//1189 1186//1186 1200//1200
f 1565//1565 1570//1570 1206//1206
f 1578//1578 1565//1565 1206//1206
f 1195//1195 377//377 378//378
f 377//377 375//375 378//378
f 379//379 361//361 367//367
f 370//370 367//367 361//361
f 244//244 248//248 254//254
f 1000//1000 1660//1660 248//248
f 1000//1000 1026//1026 1660//1660
f 1000//1000 1196//1196 1026//1026
f 705//705 708//708 664//664
f 690//690 667//667 1235//1235
f 690//690 664//664 1457//1457
f 690//690 705//705 664//664
f 1457//1457 1456//1456 690//690
f 1452//1452 647//647 650//650
f 646//646 1452//1452 1439//1439
f 999//999 166//166 982//982
f 173//173 187//187 171//171
f 192//192 187//187 173//173
f 207//207 210//210 1268//1268
f 224//224 1302//1302 1332//1332
f 1302//1302 1280//1280 1332//1332
f 1363//1363 1407//1407 1654//1654
f 94//94 1407//1407 1398//1398
f 1188//1188 1166//1166 1186//1186
f 1209//1209 1579//1579 1578//1578
f 1578//1578 383//383 1565//1565
f 383//383 1227//1227 1201//1201
f 1187//1187 1195//1195 1565//1565
f 364//364 362//362 358//358
f 362//362 377//377 1173//1173
f 362//362 1173//1173 1150//1150
f 1165//1165 1124//1124 1150//1150
f 1135//1135 1150//1150 274//274
f 258//258 254//254 248//248
f 267//267 258//258 274//274
f 274//274 258//258 1106//1106
f 254//254 258//258 267//267
f 254//254 267//267 245//245
f 1049//1049 248//248 244//244
f 244//244 1059//1059 1057//1057
f 1196//1196 1000//1000 998//998
f 708//708 1175//1175 677//677
f 1457//1457 1448//1448 1456//1456
f 1456//1456 1448//1448 1452//1452
f 650//650 1456//1456 1452//1452
f 1448//1448 1426//1426 1452//1452
f 1448//1448 1041//1041 1426//1426
f 654//654 1123//1123 1041//1041
f 196//196 1211//1211 1271//1271
f 1271//1271 1211//1211 1302//1302
f 1398//1398 1418//1418 1424//1424
f 1221//1221 1220//1220 1597//1597
f 1579//1579 1209//1209 1583//1583
f 377//377 1195//1195 1173//1173
f 1173//1173 1187//1187 1180//1180
f 1174//1174 1173//1173 1180//1180
f 1154//1154 1165//1165 1173//1173
f 1150//1150 1124//1124 274//274
f 1165//1165 1154//1154 1124//1124
f 1124//1124 1154//1154 1174//1174
f 1174//1174 1138//1138 1124//1124
f 1124//1124 1138//1138 1112//1112
f 1124//1124 267//267 274//274
f 1000//1000 1057//1057 998//998
f 677//677 1457//1457 664//664
f 708//708 677//677 664//664
f 1457//1457 654//654 1448//1448
f 1041//1041 1448//1448 654//654
f 1101//1101 1123//1123 654//654
f 1105//1105 1118//1118 1192//1192
f 1118//1118 1247//1247 1286//1286
f 1286//1286 1192//1192 1118//1118
f 1368//1368 1280//1280 1272//1272
f 1407//1407 1368//1368 1398//1398
f 1414//1414 1424//1424 1418//1418
f 1504//1504 1424//1424 1414//1414
f 1548//1548 1483//1483 1503//1503
f 1483//1483 1548//1548 1166//1166
f 1573//1573 1577//1577 381//381
f 1200//1200 1573//1573 1597//1597
f 1200//1200 1597//1597 1220//1220
f 384//384 385//385 1234//1234
f 1227//1227 1218//1218 1201//1201
f 290//290 952//952 288//288
f 1180//1180 1202//1202 290//290
f 1202//1202 1180//1180 1187//1187
f 1202//1202 1218//1218 290//290
f 290//290 288//288 279//279
f 279//279 1138//1138 1174//1174
f 1112//1112 267//267 1124//1124
f 245//245 1062//1062 244//244
f 1059//1059 244//244 1062//1062
f 481//481 1064//1064 1062//1062
f 481//481 242//242 1064//1064
f 250//250 1064//1064 242//242
f 249//249 1064//1064 250//250
f 381//381 1168//1168 1169//1169
f 1168//1168 249//249 268//268
f 347//347 1168//1168 352//352
f 1057//1057 347//347 1019//1019
f 1057//1057 1130//1130 998//998
f 998//998 1130//1130 654//654
f 1289//1289 1101//1101 654//654
f 1322//1322 1101//1101 1143//1143
f 1373//1373 1272//1272 1259//1259
f 1398//1398 1368//1368 1373//1373
f 1504//1504 1414//1414 1483//1483
f 381//381 1577//1577 1559//1559
f 403//403 1597//1597 388//388
f 403//403 1221//1221 1597//1597
f 1221//1221 403//403 1593//1593
f 386//386 1583//1583 1593//1593
f 1579//1579 386//386 384//384
f 384//384 386//386 385//385
f 288//288 952//952 279//279
f 269//269 249//249 250//250
f 249//249 269//269 268//268
f 1168//1168 1121//1121 1169//1169
f 1145//1145 300//300 382//382
f 382//382 1169//1169 1145//1145
f 1598//1598 388//388 1597//1597
f 1598//1598 1597//1597 1573//1573
f 1243//1243 385//385 387//387
f 1243//1243 1237//1237 1234//1234
f 387//387 302//302 1243//1243
f 1243//1243 302//302 1237//1237
f 302//302 1228//1228 1237//1237
f 952//952 302//302 296//296
f 952//952 290//290 1228//1228
f 302//302 952//952 1228//1228
f 267//267 1112//1112 259//259
f 259//259 251//251 242//242
f 1121//1121 268//268 273//273
f 393//393 1279//1279 394//394
f 1279//1279 393//393 382//382
f 393//393 403//403 382//382
f 403//403 392//392 382//382
f 388//388 382//382 392//392
f 388//388 1169//1169 382//382
f 381//381 388//388 1573//1573
f 1573//1573 388//388 1598//1598
f 1593//1593 394//394 386//386
f 396//396 386//386 394//394
f 296//296 302//302 297//297
f 1266//1266 1267//1267 1274//1274
f 1262//1262 1267//1267 297//297
f 1267//1267 304//304 315//315
f 315//315 297//297 1267//1267
f 316//316 292//292 297//297
f 952//952 296//296 934//934
f 279//279 812//812 474//474
f 1138//1138 474//474 278//278
f 278//278 1112//1112 1138//1138
f 276//276 1112//1112 278//278
f 276//276 259//259 1112//1112
f 251//251 259//259 263//263
f 272//272 263//263 276//276
f 272//272 276//276 278//278
f 272//272 269//269 263//263
f 272//272 273//273 269//269
f 1121//1121 273//273 1145//1145
f 299//299 1282//1282 301//301
f 300//300 299//299 301//301
f 299//299 300//300 286//286
f 394//394 1294//1294 1600//1600
f 396//396 394//394 1301//1301
f 1294//1294 394//394 1279//1279
f 393//393 394//394 1593//1593
f 1262//1262 387//387 1274//1274
f 1274//1274 1267//1267 1262//1262
f 1274//1274 402//402 1266//1266
f 1266//1266 1299//1299 1269//1269
f 1269//1269 1299//1299 1261//1261
f 330//330 1269//1269 322//322
f 1042//1042 330//330 338//338
f 330//330 1042//1042 1269//1269
f 1267//1267 1042//1042 304//304
f 304//304 306//306 315//315
f 322//322 306//306 294//294
f 322//322 294//294 330//330
f 330//330 1084//1084 338//338
f 330//330 326//326 1084//1084
f 1075//1075 1076//1076 1077//1077
f 1076//1076 1111//1111 1077//1077
f 1111//1111 1086//1086 1102//1102
f 1102//1102 338//338 1111//1111
f 1111//1111 1083//1083 1077//1077
f 338//338 1083//1083 1111//1111
f 1042//1042 243//243 332//332
f 243//243 257//257 332//332
f 332//332 1096//1096 1042//1042
f 1074//1074 1042//1042 1096//1096
f 1074//1074 332//332 320//320
f 1074//1074 320//320 304//304
f 1042//1042 1074//1074 304//304
f 1086//1086 1083//1083 1102//1102
f 1102//1102 1083//1083 1084//1084
f 1076//1076 1070//1070 1086//1086
f 1077//1077 1086//1086 1070//1070
f 1075//1075 1077//1077 1045//1045
f 1045//1045 1044//1044 1075//1075
f 1044//1044 1037//1037 1075//1075
f 1076//1076 1075//1075 1037//1037
f 1076//1076 1037//1037 1065//1065
f 1076//1076 1065//1065 1070//1070
f 1076//1076 1086//1086 1111//1111
f 1070//1070 1061//1061 1077//1077
f 1045//1045 1046//1046 1044//1044
f 1045//1045 1061//1061 1046//1046
f 545//545 1046//1046 1061//1061
f 1037//1037 1044//1044 1029//1029
f 1061//1061 1065//1065 543//543
f 1046//1046 1017//1017 1044//1044
f 1044//1044 1012//1012 1029//1029
f 1065//1065 1029//1029 543//543
f 1017//1017 545//545 543//543
f 1024//1024 1017//1017 543//543
f 1017//1017 1012//1012 1044//1044
f 1029//1029 1035//1035 1013//1013
f 1035//1035 1036//1036 1013//1013
f 1029//1029 1012//1012 1035//1035
f 1007//1007 1006//1006 1017//1017
f 1012//1012 1017//1017 1006//1006
f 1012//1012 1022//1022 1036//1036
f 1024//1024 1013//1013 1007//1007
f 1024//1024 1007//1007 1017//1017
f 1022//1022 1007//1007 1013//1013
f 1022//1022 1006//1006 1007//1007
f 1036//1036 1022//1022 1013//1013
f 1012//1012 1006//1006 1022//1022
f 1013//1013 1024//1024 1029//1029
f 1012//1012 1036//1036 1035//1035
f 543//543 1029//1029 1024//1024
f 1046//1046 545//545 1017//1017
f 1061//1061 543//543 545//545
f 1037//1037 1029//1029 1065//1065
f 1077//1077 1061//1061 1045//1045
f 1065//1065 1061//1061 1070//1070
f 1083//1083 1086//1086 1077//1077
f 323//323 1089//1089 326//326
f 294//294 326//326 330//330
f 320//320 997//997 304//304
f 997//997 306//306 304//304
f 997//997 294//294 306//306
f 332//332 1074//1074 1096//1096
f 243//243 338//338 1102//1102
f 338//338 1084//1084 1083//1083
f 1299//1299 1292//1292 1261//1261
f 402//402 1301//1301 1299//1299
f 316//316 977//977 292//292
f 292//292 296//296 297//297
f 296//296 966//966 934//934
f 934//934 844//844 952//952
f 952//952 844//844 819//819
f 952//952 819//819 812//812
f 272//272 278//278 474//474
f 273//273 272//272 469//469
f 286//286 282//282 299//299
f 310//310 1282//1282 299//299
f 1284//1284 1282//1282 310//310
f 1284//1284 977//977 316//316
f 315//315 1284//1284 316//316
f 1261//1261 1284//1284 322//322
f 322//322 1284//1284 315//315
f 1294//1294 1282//1282 1600//1600
f 1279//1279 300//300 301//301
f 1299//1299 1266//1266 402//402
f 394//394 1600//1600 1301//1301
f 401//401 1301//1301 1600//1600
f 1292//1292 1299//1299 401//401
f 401//401 1291//1291 1292//1292
f 1291//1291 1600//1600 1282//1282
f 1600//1600 1291//1291 401//401
f 1291//1291 1284//1284 1292//1292
f 1279//1279 301//301 1294//1294
f 301//301 1282//1282 1294//1294
f 1284//1284 1291//1291 1282//1282
f 299//299 977//977 310//310
f 977//977 966//966 292//292
f 969//969 966//966 977//977
f 299//299 969//969 977//977
f 282//282 969//969 299//299
f 482//482 926//926 924//924
f 854//854 273//273 619//619
f 282//282 286//286 854//854
f 926//926 282//282 479//479
f 282//282 926//926 969//969
f 819//819 844//844 470//470
f 926//926 479//479 924//924
f 479//479 477//477 924//924
f 924//924 477//477 844//844
f 470//470 844//844 477//477
f 819//819 469//469 812//812
f 469//469 819//819 619//619
f 619//619 819//819 470//470
f 854//854 479//479 282//282
f 854//854 477//477 479//479
f 854//854 470//470 477//477
f 286//286 273//273 854//854
f 812//812 469//469 474//474
f 470//470 854//854 619//619
f 619//619 273//273 469//469
f 272//272 474//474 469//469
f 924//924 844//844 934//934
f 482//482 924//924 934//934
f 969//969 926//926 482//482
f 969//969 482//482 934//934
f 310//310 977//977 1284//1284
f 969//969 934//934 966//966
f 966//966 296//296 292//292
f 1261//1261 1292//1292 1284//1284
f 1301//1301 401//401 1299//1299
f 306//306 322//322 315//315
f 1042//1042 1267//1267 1269//1269
f 1042//1042 338//338 243//243
f 322//322 1269//1269 1261//1261
f 396//396 402//402 1274//1274
f 402//402 396//396 1301//1301
f 1279//1279 382//382 300//300
f 1145//1145 286//286 300//300
f 286//286 1145//1145 273//273
f 276//276 263//263 259//259
f 474//474 1138//1138 279//279
f 952//952 812//812 279//279
f 315//315 316//316 297//297
f 1267//1267 1266//1266 1269//1269
f 297//297 302//302 1262//1262
f 1262//1262 302//302 387//387
f 1274//1274 387//387 396//396
f 403//403 393//393 1593//1593
f 280//280 1169//1169 1121//1121
f 1121//1121 1145//1145 280//280
f 268//268 269//269 273//273
f 265//265 259//259 242//242
f 259//259 265//265 267//267
f 1228//1228 384//384 1237//1237
f 1228//1228 1227//1227 384//384
f 1234//1234 385//385 1243//1243
f 396//396 387//387 386//386
f 403//403 388//388 392//392
f 371//371 352//352 381//381
f 1559//1559 1548//1548 371//371
f 1559//1559 1577//1577 1186//1186
f 371//371 381//381 1559//1559
f 1132//1132 371//371 1503//1503
f 352//352 371//371 1132//1132
f 1166//1166 1548//1548 1559//1559
f 371//371 1548//1548 1503//1503
f 1169//1169 388//388 381//381
f 1169//1169 280//280 1145//1145
f 251//251 263//263 269//269
f 251//251 250//250 242//242
f 481//481 1062//1062 245//245
f 242//242 481//481 265//265
f 265//265 245//245 267//267
f 1218//1218 1227//1227 1228//1228
f 1234//1234 1237//1237 384//384
f 385//385 386//386 387//387
f 1221//1221 1593//1593 1583//1583
f 1166//1166 1559//1559 1186//1186
f 1090//1090 1103//1103 1132//1132
f 1132//1132 1103//1103 347//347
f 335//335 1019//1019 347//347
f 1130//1130 1057//1057 1019//1019
f 1130//1130 1289//1289 654//654
f 1157//1157 1143//1143 1289//1289
f 1019//1019 335//335 1130//1130
f 1157//1157 1289//1289 335//335
f 1143//1143 1101//1101 1289//1289
f 1259//1259 1272//1272 1247//1247
f 1350//1350 1373//1373 1259//1259
f 1483//1483 1414//1414 1341//1341
f 1503//1503 1341//1341 356//356
f 1483//1483 1341//1341 1503//1503
f 1373//1373 1310//1310 1338//1338
f 1338//1338 1350//1350 1355//1355
f 1355//1355 1143//1143 1157//1157
f 1322//1322 1350//1350 1259//1259
f 1418//1418 1373//1373 1338//1338
f 1338//1338 1341//1341 1414//1414
f 1418//1418 1338//1338 1414//1414
f 1322//1322 1355//1355 1350//1350
f 1355//1355 1157//1157 335//335
f 1350//1350 1338//1338 1310//1310
f 1310//1310 1373//1373 1350//1350
f 1090//1090 356//356 1341//1341
f 1338//1338 1355//1355 1090//1090
f 1338//1338 1090//1090 1341//1341
f 1132//1132 356//356 1090//1090
f 1322//1322 1143//1143 1355//1355
f 1130//1130 335//335 1289//1289
f 1355//1355 1103//1103 1090//1090
f 1355//1355 335//335 1103//1103
f 356//356 1132//1132 1503//1503
f 1418//1418 1398//1398 1373//1373
f 1272//1272 1373//1373 1368//1368
f 1247//1247 1272//1272 1286//1286
f 1259//1259 1247//1247 1118//1118
f 1211//1211 1192//1192 1286//1286
f 1322//1322 1123//1123 1101//1101
f 677//677 654//654 1457//1457
f 1103//1103 335//335 347//347
f 1168//1168 347//347 1057//1057
f 249//249 1168//1168 1057//1057
f 1057//1057 1064//1064 249//249
f 352//352 1132//1132 347//347
f 352//352 1168//1168 381//381
f 1168//1168 268//268 1121//1121
f 251//251 269//269 250//250
f 1064//1064 1059//1059 1062//1062
f 254//254 245//245 244//244
f 265//265 481//481 245//245
f 1180//1180 279//279 1174//1174
f 1201//1201 1202//1202 1187//1187
f 279//279 1180//1180 290//290
f 290//290 1218//1218 1228//1228
f 1583//1583 1209//1209 1221//1221
f 1577//1577 1573//1573 1200//1200
f 1200//1200 1186//1186 1577//1577
f 1280//1280 1286//1286 1272//1272
f 1211//1211 1286//1286 1280//1280
f 1073//1073 1105//1105 1192//1192
f 1073//1073 1192//1192 196//196
f 1051//1051 1118//1118 1105//1105
f 1118//1118 1322//1322 1259//1259
f 1322//1322 1118//1118 1123//1123
f 998//998 654//654 677//677
f 1059//1059 1064//1064 1057//1057
f 1174//1174 1154//1154 1173//1173
f 1187//1187 1173//1173 1195//1195
f 1201//1201 1218//1218 1202//1202
f 384//384 1227//1227 383//383
f 384//384 383//383 1579//1579
f 1579//1579 1583//1583 386//386
f 1220//1220 1221//1221 1209//1209
f 1504//1504 1483//1483 1166//1166
f 1211//1211 1280//1280 1302//1302
f 1302//1302 1295//1295 1271//1271
f 1268//1268 1271//1271 1295//1295
f 1271//1271 1268//1268 210//210
f 210//210 196//196 1271//1271
f 196//196 210//210 192//192
f 196//196 1192//1192 1211//1211
f 192//192 1073//1073 196//196
f 1144//1144 982//982 166//166
f 173//173 1144//1144 166//166
f 173//173 166//166 1073//1073
f 1105//1105 1073//1073 166//166
f 166//166 999//999 1105//1105
f 1118//1118 1051//1051 1005//1005
f 1123//1123 1118//1118 1005//1005
f 646//646 647//647 1452//1452
f 1049//1049 1057//1057 1000//1000
f 1057//1057 1049//1049 244//244
f 1000//1000 248//248 1049//1049
f 258//258 248//248 1106//1106
f 362//362 364//364 377//377
f 377//377 364//364 375//375
f 1578//1578 1579//1579 383//383
f 1206//1206 1220//1220 1209//1209
f 1206//1206 1200//1200 1220//1220
f 1200//1200 1206//1206 1189//1189
f 94//94 1424//1424 1504//1504
f 94//94 1398//1398 1424//1424
f 1654//1654 1407//1407 94//94
f 1363//1363 1368//1368 1407//1407
f 207//207 206//206 210//210
f 206//206 192//192 210//210
f 1094//1094 982//982 1144//1144
f 1105//1105 999//999 1051//1051
f 1123//1123 1005//1005 1041//1041
f 1426//1426 1560//1560 1419//1419
f 1419//1419 1560//1560 1420//1420
f 1175//1175 1196//1196 677//677
f 677//677 1196//1196 998//998
f 1196//1196 1033//1033 1026//1026
f 1135//1135 274//274 1106//1106
f 1173//1173 1165//1165 1150//1150
f 358//358 362//362 1150//1150
f 379//379 364//364 358//358
f 358//358 361//361 379//379
f 375//375 364//364 379//379
f 1565//1565 1195//1195 1570//1570
f 1187//1187 1565//1565 1201//1201
f 383//383 1201//1201 1565//1565
f 1209//1209 1578//1578 1206//1206
f 1570//1570 1189//1189 1206//1206
f 1570//1570 1568//1568 1189//1189
f 1188//1188 1189//1189 1568//1568
f 1163//1163 1188//1188 1535//1535
f 1163//1163 1166//1166 1188//1188
f 1504//1504 1166//1166 1163//1163
f 83//83 81//81 94//94
f 1654//1654 94//94 81//81
f 1368//1368 1332//1332 1280//1280
f 192//192 173//173 1073//1073
f 1144//1144 173//173 171//171
f 1094//1094 1560//1560 982//982
f 1005//1005 999//999 1560//1560
f 1051//1051 999//999 1005//1005
f 1041//1041 1005//1005 1426//1426
f 641//641 1419//1419 637//637
f 1419//1419 641//641 1439//1439
f 667//667 690//690 655//655
f 1456//1456 655//655 690//690
f 705//705 690//690 1235//1235
f 1033//1033 1196//1196 1175//1175
f 1175//1175 1235//1235 328//328
f 1033//1033 1175//1175 1034//1034
f 248//248 1660//1660 246//246
f 1034//1034 328//328 342//342
f 248//248 246//246 349//349
f 1106//1106 349//349 361//361
f 358//358 1150//1150 1135//1135
f 1570//1570 1195//1195 378//378
f 378//378 1549//1549 1568//1568
f 375//375 379//379 378//378
f 1535//1535 1538//1538 1523//1523
f 1523//1523 1521//1521 1163//1163
f 1535//1535 1523//1523 1163//1163
f 366//366 361//361 357//357
f 357//357 361//361 349//349
f 1423//1423 342//342 1371//1371
f 899//899 1018//1018 979//979
f 906//906 892//892 890//890
f 907//907 906//906 890//890
f 337//337 892//892 897//897
f 900//900 337//337 897//897
f 337//337 900//900 339//339
f 334//334 339//339 340//340
f 865//865 334//334 333//333
f 897//897 961//961 900//900
f 961//961 906//906 907//907
f 897//897 892//892 906//906
f 890//890 909//909 907//907
f 955//955 904//904 929//929
f 929//929 896//896 941//941
f 904//904 955//955 971//971
f 908//908 890//890 904//904
f 896//896 929//929 904//904
f 971//971 955//955 1028//1028
f 77//77 1081//1081 73//73
f 1087//1087 77//77 87//87
f 83//83 94//94 1158//1158
f 1551//1551 1654//1654 81//81
f 1651//1651 1539//1539 1363//1363
f 226//226 224//224 1539//1539
f 201//201 189//189 206//206
f 187//187 206//206 189//189
f 1142//1142 1144//1144 171//171
f 340//340 339//339 900//900
f 961//961 907//907 909//909
f 897//897 906//906 961//961
f 961//961 899//899 900//900
f 327//327 334//334 340//340
f 327//327 333//333 334//334
f 865//865 892//892 337//337
f 880//880 895//895 896//896
f 865//865 879//879 880//880
f 879//879 865//865 325//325
f 1231//1231 879//879 325//325
f 1231//1231 771//771 861//861
f 1231//1231 861//861 879//879
f 1551//1551 1541//1541 1540//1540
f 1651//1651 1551//1551 1540//1540
f 1028//1028 955//955 1003//1003
f 1003//1003 1081//1081 1028//1028
f 226//226 219//219 220//220
f 209//209 206//206 207//207
f 209//209 201//201 206//206
f 1133//1133 174//174 1149//1149
f 1142//1142 1133//1133 1136//1136
f 648//648 643//643 641//641
f 646//646 643//643 659//659
f 834//834 321//321 333//333
f 760//760 321//321 834//834
f 327//327 834//834 333//333
f 758//758 1231//1231 760//760
f 758//758 728//728 1231//1231
f 875//875 1382//1382 1403//1403
f 1403//1403 895//895 875//875
f 1403//1403 1541//1541 922//922
f 922//922 1541//1541 1551//1551
f 1403//1403 902//902 1541//1541
f 226//226 1539//1539 1540//1540
f 200//200 186//186 201//201
f 201//201 186//186 184//184
f 179//179 168//168 176//176
f 168//168 179//179 1458//1458
f 155//155 1446//1446 1557//1557
f 165//165 153//153 150//150
f 164//164 1094//1094 159//159
f 648//648 637//637 1447//1447
f 728//728 698//698 648//648
f 340//340 328//328 1235//1235
f 834//834 698//698 760//760
f 832//832 728//728 715//715
f 861//861 771//771 832//832
f 864//864 1382//1382 875//875
f 1541//1541 1396//1396 1540//1540
f 209//209 207//207 216//216
f 184//184 179//179 176//176
f 1458//1458 179//179 181//181
f 156//156 1458//1458 1446//1446
f 1463//1463 1447//1447 175//175
f 648//648 1463//1463 743//743
f 864//864 875//875 832//832
f 863//863 205//205 864//864
f 902//902 901//901 1396//1396
f 1458//1458 1459//1459 1446//1446
f 175//175 1447//1447 163//163
f 1585//1585 175//175 182//182
f 1638//1638 1641//1641 1540//1540
f 1638//1638 1540//1540 1396//1396
f 216//216 219//219 1639//1639
f 214//214 1642//1642 209//209
f 209//209 1604//1604 200//200
f 181//181 1467//1467 1458//1458
f 1467//1467 1582//1582 1458//1458
f 1469//1469 1459//1459 1582//1582
f 1469//1469 1477//1477 1444//1444
f 190//190 182//182 172//172
f 182//182 164//164 172//172
f 190//190 1585//1585 182//182
f 743//743 1463//1463 1585//1585
f 205//205 203//203 204//204
f 204//204 1585//1585 1517//1517
f 204//204 1637//1637 1638//1638
f 871//871 1639//1639 1528//1528
f 214//214 1639//1639 1642//1642
f 1610//1610 1605//1605 1473//1473
f 1582//1582 1467//1467 1469//1469
f 1631//1631 1517//1517 1528//1528
f 1519//1519 856//856 1621//1621
f 840//840 1608//1608 1621//1621
f 1467//1467 1473//1473 1605//1605
f 1496//1496 1605//1605 1497//1497
f 1492//1492 1490//1490 1599//1599
f 1605//1605 1490//1490 1467//1467
f 1517//1517 1585//1585 1609//1609
f 882//882 1630//1630 198//198
f 859//859 886//886 1327//1327
f 856//856 855//855 851//851
f 868//868 1500//1500 1244//1244
f 1244//1244 1492//1492 1599//1599
f 850//850 851//851 1493//1493
f 837//837 1480//1480 1493//1493
f 851//851 837//837 1493//1493
f 108//108 1569//1569 1476//1476
f 1125//1125 1476//1476 1569//1569
f 131//131 1125//1125 1569//1569
f 144//144 131//131 1555//1555
f 85//85 376//376 1185//1185
f 735//735 727//727 431//431
f 1072//1072 780//780 1208//1208
f 1147//1147 888//888 914//914
f 1640//1640 1649//1649 878//878
f 1487//1487 873//873 1614//1614
f 1614//1614 842//842 1487//1487
f 842//842 1506//1506 1534//1534
f 842//842 1522//1522 1506//1506
f 1628//1628 1649//1649 1635//1635
f 1649//1649 1589//1589 1614//1614
f 1649//1649 1614//1614 878//878
f 1628//1628 1612//1612 1586//1586
f 1556//1556 827//827 1561//1561
f 1571//1571 1561//1561 1586//1586
f 1550//1550 1556//1556 1561//1561
f 1571//1571 1550//1550 1561//1561
f 1576//1576 1566//1566 1571//1571
f 1553//1553 1520//1520 1558//1558
f 1553//1553 1532//1532 1520//1520
f 1553//1553 1558//1558 1571//1571
f 1532//1532 1553//1553 1567//1567
f 1511//1511 806//806 1520//1520
f 1518//1518 1550//1550 1520//1520
f 1520//1520 1550//1550 1558//1558
f 1566//1566 1553//1553 1571//1571
f 1575//1575 1592//1592 1576//1576
f 1586//1586 1592//1592 1575//1575
f 1592//1592 1586//1586 1612//1612
f 1589//1589 1586//1586 1561//1561
f 1571//1571 1586//1586 1575//1575
f 1575//1575 1576//1576 1571//1571
f 811//811 806//806 699//699
f 1527//1527 1518//1518 806//806
f 1635//1635 1632//1632 1612//1612
f 1635//1635 1612//1612 1628//1628
f 1589//1589 1649//1649 1628//1628
f 842//842 1614//1614 847//847
f 1534//1534 1460//1460 815//815
f 1460//1460 1453//1453 815//815
f 1453//1453 1460//1460 1506//1506
f 842//842 1534//1534 1487//1487
f 873//873 878//878 1614//1614
f 1635//1635 1646//1646 1648//1648
f 1633//1633 1635//1635 1648//1648
f 903//903 928//928 937//937
f 478//478 229//229 485//485
f 946//946 88//88 478//478
f 668//668 88//88 946//946
f 478//478 151//151 142//142
f 141//141 142//142 151//151
f 222//222 640//640 350//350
f 139//139 640//640 222//222
f 235//235 211//211 195//195
f 235//235 213//213 211//211
f 80//80 236//236 373//373
f 459//459 236//236 390//390
f 1194//1194 459//459 738//738
f 236//236 459//459 1194//1194
f 727//727 1194//1194 431//431
f 1185//1185 1194//1194 727//727
f 1194//1194 376//376 236//236
f 1185//1185 376//376 1194//1194
f 1072//1072 1068//1068 800//800
f 1208//1208 1068//1068 1072//1072
f 914//914 888//888 799//799
f 556//556 607//607 1546//1546
f 898//898 911//911 1640//1640
f 1640//1640 889//889 898//898
f 878//878 889//889 1640//1640
f 873//873 889//889 878//878
f 928//928 903//903 1652//1652
f 903//903 937//937 938//938
f 1172//1172 485//485 149//149
f 149//149 662//662 27//27
f 485//485 1172//1172 946//946
f 229//229 662//662 485//485
f 1238//1238 777//777 672//672
f 391//391 672//672 777//777
f 735//735 738//738 1208//1208
f 800//800 799//799 1072//1072
f 914//914 799//799 925//925
f 556//556 572//572 607//607
f 898//898 607//607 742//742
f 898//898 1587//1587 911//911
f 805//805 928//928 1587//1587
f 928//928 911//911 1587//1587
f 911//911 928//928 1653//1653
f 149//149 12//12 1172//1172
f 1265//1265 1108//1108 1184//1184
f 1184//1184 1210//1210 1265//1265
f 682//682 668//668 1265//1265
f 233//233 151//151 668//668
f 398//398 232//232 233//233
f 672//672 398//398 673//673
f 800//800 391//391 925//925
f 391//391 1140//1140 925//925
f 1068//1068 459//459 800//800
f 459//459 1068//1068 1208//1208
f 1208//1208 738//738 459//459
f 459//459 391//391 800//800
f 738//738 735//735 431//431
f 390//390 232//232 672//672
f 390//390 672//672 391//391
f 82//82 232//232 80//80
f 82//82 80//80 419//419
f 390//390 391//391 459//459
f 390//390 80//80 232//232
f 810//810 958//958 914//914
f 914//914 925//925 810//810
f 958//958 1147//1147 914//914
f 556//556 1152//1152 1153//1153
f 756//756 763//763 1588//1588
f 1588//1588 1587//1587 898//898
f 805//805 921//921 928//928
f 803//803 805//805 1588//1588
f 668//668 1179//1179 1108//1108
f 1108//1108 1179//1179 846//846
f 1253//1253 399//399 233//233
f 399//399 1253//1253 768//768
f 764//764 398//398 767//767
f 777//777 1238//1238 1146//1146
f 810//810 925//925 1146//1146
f 1159//1159 1009//1009 572//572
f 737//737 607//607 572//572
f 803//803 1588//1588 763//763
f 937//937 933//933 935//935
f 1658//1658 938//938 1657//1657
f 34//34 1658//1658 36//36
f 1179//1179 1172//1172 22//22
f 1606//1606 776//776 1210//1210
f 932//932 841//841 776//776
f 841//841 1199//1199 1265//1265
f 1199//1199 1253//1253 682//682
f 1199//1199 841//841 1203//1203
f 1199//1199 1203//1203 1204//1204
f 764//764 761//761 397//397
f 918//918 397//397 1156//1156
f 764//764 397//397 918//918
f 916//916 764//764 918//918
f 916//916 398//398 764//764
f 920//920 916//916 918//918
f 916//916 920//920 673//673
f 1140//1140 1146//1146 925//925
f 1159//1159 1153//1153 1009//1009
f 737//737 1023//1023 1176//1176
f 756//756 742//742 1176//1176
f 1603//1603 1595//1595 766//766
f 953//953 1655//1655 1603//1603
f 1603//1603 1655//1655 943//943
f 938//938 937//937 1657//1657
f 1210//1210 1058//1058 954//954
f 1184//1184 1058//1058 1210//1210
f 22//22 41//41 1179//1179
f 31//31 846//846 41//41
f 846//846 1058//1058 1184//1184
f 1108//1108 846//846 1184//1184
f 1058//1058 846//846 31//31
f 1210//1210 954//954 1629//1629
f 1629//1629 1606//1606 1210//1210
f 1603//1603 1606//1606 1629//1629
f 766//766 1193//1193 932//932
f 932//932 1603//1603 766//766
f 932//932 1193//1193 841//841
f 849//849 843//843 1203//1203
f 1655//1655 957//957 1656//1656
f 1620//1620 953//953 948//948
f 1657//1657 943//943 1656//1656
f 1657//1657 937//937 943//943
f 1615//1615 1658//1658 1657//1657
f 36//36 1615//1615 1058//1058
f 1658//1658 1615//1615 36//36
f 1615//1615 1657//1657 963//963
f 858//858 1629//1629 963//963
f 963//963 1616//1616 858//858
f 1207//1207 858//858 1619//1619
f 953//953 957//957 1655//1655
f 957//957 953//953 1620//1620
f 948//948 1207//1207 1620//1620
f 1620//1620 1207//1207 1619//1619
f 1629//1629 858//858 1626//1626
f 1629//1629 1626//1626 948//948
f 1627//1627 1207//1207 948//948
f 858//858 1207//1207 1627//1627
f 1625//1625 1624//1624 1627//1627
f 1626//1626 1625//1625 1627//1627
f 1624//1624 1625//1625 1626//1626
f 1624//1624 1626//1626 858//858
f 858//858 1627//1627 1624//1624
f 1624//1624 1623//1623 1625//1625
f 1622//1622 1625//1625 1623//1623
f 1622//1622 1623//1623 1624//1624
f 1624//1624 1625//1625 1622//1622
f 948//948 1626//1626 1627//1627
f 1619//1619 858//858 1616//1616
f 1616//1616 1620//1620 1619//1619
f 1603//1603 948//948 953//953
f 1629//1629 948//948 1603//1603
f 932//932 1606//1606 1603//1603
f 954//954 1058//1058 1615//1615
f 1657//1657 1656//1656 963//963
f 1616//1616 963//963 1656//1656
f 1620//1620 849//849 957//957
f 1616//1616 849//849 1620//1620
f 1613//1613 957//957 849//849
f 957//957 1613//1613 1616//1616
f 1618//1618 843//843 1616//1616
f 1618//1618 1611//1611 843//843
f 843//843 1204//1204 1203//1203
f 1193//1193 1203//1203 841//841
f 1204//1204 1182//1182 1190//1190
f 1199//1199 1190//1190 1253//1253
f 1190//1190 772//772 1253//1253
f 768//768 1253//1253 836//836
f 761//761 764//764 767//767
f 767//767 826//826 761//761
f 824//824 1164//1164 397//397
f 1156//1156 397//397 1164//1164
f 1164//1164 1151//1151 1156//1156
f 1164//1164 968//968 1151//1151
f 809//809 808//808 766//766
f 803//803 809//809 818//818
f 803//803 818//818 821//821
f 803//803 763//763 809//809
f 763//763 1176//1176 809//809
f 1176//1176 763//763 756//756
f 921//921 803//803 821//821
f 766//766 808//808 1182//1182
f 1204//1204 1193//1193 1182//1182
f 1095//1095 808//808 1176//1176
f 1176//1176 1178//1178 1095//1095
f 1095//1095 1178//1178 772//772
f 772//772 1190//1190 1095//1095
f 836//836 1253//1253 772//772
f 1164//1164 823//823 968//968
f 833//833 824//824 826//826
f 824//824 833//833 823//823
f 1023//1023 1178//1178 1176//1176
f 836//836 1178//1178 1023//1023
f 831//831 823//823 833//833
f 831//831 1153//1153 823//823
f 1153//1153 831//831 1009//1009
f 831//831 1023//1023 1009//1009
f 833//833 836//836 1023//1023
f 1023//1023 831//831 833//833
f 836//836 772//772 1178//1178
f 836//836 833//833 826//826
f 1182//1182 808//808 1190//1190
f 808//808 1095//1095 1190//1190
f 766//766 1182//1182 1193//1193
f 766//766 821//821 814//814
f 814//814 818//818 766//766
f 818//818 809//809 766//766
f 818//818 814//814 821//821
f 921//921 821//821 766//766
f 766//766 1595//1595 921//921
f 809//809 1176//1176 808//808
f 737//737 1009//1009 1023//1023
f 572//572 1009//1009 737//737
f 1153//1153 968//968 823//823
f 920//920 1156//1156 1151//1151
f 1238//1238 1151//1151 810//810
f 918//918 1156//1156 920//920
f 823//823 1164//1164 824//824
f 761//761 826//826 824//824
f 836//836 826//826 767//767
f 767//767 768//768 836//836
f 1190//1190 1199//1199 1204//1204
f 843//843 1193//1193 1204//1204
f 1193//1193 843//843 1611//1611
f 849//849 1203//1203 1611//1611
f 1618//1618 1613//1613 1611//1611
f 1611//1611 1203//1203 1193//1193
f 843//843 849//849 1616//1616
f 1613//1613 1618//1618 1616//1616
f 849//849 1611//1611 1613//1613
f 1616//1616 1656//1656 957//957
f 954//954 1615//1615 963//963
f 963//963 1629//1629 954//954
f 943//943 937//937 935//935
f 1655//1655 1656//1656 943//943
f 810//810 1152//1152 958//958
f 968//968 1152//1152 810//810
f 1238//1238 810//810 1146//1146
f 1238//1238 920//920 1151//1151
f 761//761 824//824 397//397
f 932//932 776//776 1606//1606
f 1179//1179 41//41 846//846
f 36//36 1058//1058 31//31
f 938//938 1658//1658 34//34
f 943//943 935//935 1603//1603
f 1176//1176 742//742 737//737
f 1153//1153 1159//1159 556//556
f 1153//1153 1152//1152 968//968
f 968//968 810//810 1151//1151
f 1238//1238 673//673 920//920
f 916//916 673//673 398//398
f 399//399 767//767 398//398
f 768//768 767//767 399//399
f 1265//1265 1199//1199 682//682
f 776//776 841//841 1265//1265
f 776//776 1265//1265 1210//1210
f 1172//1172 39//39 22//22
f 933//933 937//937 928//928
f 1595//1595 935//935 933//933
f 935//935 1595//1595 1603//1603
f 921//921 805//805 803//803
f 1588//1588 742//742 756//756
f 737//737 742//742 607//607
f 556//556 1159//1159 572//572
f 1546//1546 1152//1152 556//556
f 958//958 1152//1152 1147//1147
f 777//777 1140//1140 391//391
f 777//777 1146//1146 1140//1140
f 672//672 673//673 1238//1238
f 232//232 398//398 672//672
f 86//86 233//233 232//232
f 398//398 233//233 399//399
f 1253//1253 233//233 682//682
f 1108//1108 1265//1265 668//668
f 921//921 933//933 928//928
f 933//933 921//921 1595//1595
f 1588//1588 805//805 1587//1587
f 898//898 742//742 1588//1588
f 925//925 799//799 800//800
f 236//236 80//80 390//390
f 86//86 82//82 141//141
f 222//222 142//142 141//141
f 139//139 222//222 141//141
f 82//82 86//86 232//232
f 86//86 151//151 233//233
f 233//233 668//668 682//682
f 478//478 485//485 946//946
f 1179//1179 668//668 946//946
f 1172//1172 1179//1179 946//946
f 662//662 30//30 27//27
f 149//149 27//27 12//12
f 485//485 662//662 149//149
f 12//12 39//39 1172//1172
f 34//34 903//903 938//938
f 1646//1646 1640//1640 1653//1653
f 1648//1648 1646//1646 1652//1652
f 1652//1652 1646//1646 1653//1653
f 1653//1653 1640//1640 911//911
f 1652//1652 1653//1653 928//928
f 1646//1646 1649//1649 1640//1640
f 1152//1152 1546//1546 1147//1147
f 888//888 1072//1072 799//799
f 780//780 735//735 1208//1208
f 431//431 1194//1194 738//738
f 82//82 419//419 139//139
f 136//136 195//195 240//240
f 419//419 136//136 139//139
f 235//235 419//419 373//373
f 373//373 419//419 80//80
f 141//141 82//82 139//139
f 86//86 141//141 151//151
f 151//151 478//478 88//88
f 88//88 668//668 151//151
f 662//662 229//229 44//44
f 903//903 34//34 26//26
f 44//44 229//229 45//45
f 1646//1646 1635//1635 1649//1649
f 889//889 1546//1546 898//898
f 898//898 1546//1546 607//607
f 1516//1516 1147//1147 1546//1546
f 160//160 218//218 376//376
f 213//213 355//355 1562//1562
f 235//235 136//136 419//419
f 415//415 1617//1617 640//640
f 412//412 400//400 1617//1617
f 412//412 336//336 400//400
f 415//415 412//412 1617//1617
f 142//142 222//222 350//350
f 142//142 350//350 478//478
f 353//353 229//229 478//478
f 221//221 45//45 229//229
f 225//225 221//221 229//229
f 1648//1648 1652//1652 14//14
f 45//45 221//221 10//10
f 1576//1576 1567//1567 1566//1566
f 1567//1567 1553//1553 1566//1566
f 1511//1511 699//699 806//806
f 1520//1520 806//806 1518//1518
f 1556//1556 1518//1518 1527//1527
f 1464//1464 1432//1432 1442//1442
f 691//691 1428//1428 1464//1464
f 689//689 691//691 1482//1482
f 557//557 629//629 508//508
f 553//553 577//577 557//557
f 541//541 506//506 531//531
f 1365//1365 531//531 506//506
f 506//506 549//549 1365//1365
f 531//531 532//532 513//513
f 513//513 541//541 531//531
f 513//513 530//530 541//541
f 513//513 1109//1109 486//486
f 1384//1384 422//422 1032//1032
f 1050//1050 426//426 1384//1384
f 503//503 1392//1392 1050//1050
f 553//553 529//529 549//549
f 1365//1365 1354//1354 531//531
f 1354//1354 509//509 531//531
f 531//531 509//509 532//532
f 533//533 532//532 519//519
f 533//533 521//521 549//549
f 549//549 529//529 533//533
f 533//533 513//513 532//532
f 508//508 518//518 529//529
f 553//553 508//508 529//529
f 533//533 518//518 513//513
f 529//529 518//518 533//533
f 491//491 1109//1109 513//513
f 1080//1080 1384//1384 1032//1032
f 1050//1050 1384//1384 503//503
f 1384//1384 1080//1080 503//503
f 1406//1406 504//504 581//581
f 1347//1347 504//504 1406//1406
f 581//581 504//504 503//503
f 491//491 500//500 503//503
f 500//500 581//581 503//503
f 491//491 503//503 1080//1080
f 1109//1109 491//491 1080//1080
f 500//500 491//491 518//518
f 532//532 509//509 519//519
f 510//510 1354//1354 512//512
f 510//510 509//509 1354//1354
f 510//510 511//511 509//509
f 509//509 511//511 497//497
f 497//497 519//519 509//509
f 510//510 512//512 501//501
f 499//499 521//521 519//519
f 501//501 512//512 488//488
f 511//511 501//501 487//487
f 511//511 498//498 497//497
f 519//519 498//498 499//499
f 1400//1400 498//498 487//487
f 502//502 1400//1400 487//487
f 1408//1408 498//498 1400//1400
f 488//488 499//499 1408//1408
f 502//502 488//488 489//489
f 502//502 489//489 1400//1400
f 489//489 1408//1408 1400//1400
f 488//488 1408//1408 489//489
f 499//499 498//498 1408//1408
f 502//502 487//487 501//501
f 487//487 498//498 511//511
f 502//502 501//501 488//488
f 512//512 499//499 488//488
f 519//519 497//497 498//498
f 511//511 510//510 501//501
f 512//512 521//521 499//499
f 521//521 533//533 519//519
f 512//512 1354//1354 1365//1365
f 1365//1365 521//521 512//512
f 549//549 521//521 1365//1365
f 557//557 508//508 553//553
f 1134//1134 1352//1352 1406//1406
f 1406//1406 1352//1352 1347//1347
f 504//504 1347//1347 1060//1060
f 503//503 504//504 1392//1392
f 1032//1032 1109//1109 1080//1080
f 491//491 513//513 518//518
f 486//486 530//530 513//513
f 691//691 1464//1464 1482//1482
f 806//806 811//811 820//820
f 820//820 1527//1527 806//806
f 1527//1527 820//820 827//827
f 827//827 820//820 828//828
f 813//813 828//828 820//820
f 827//827 828//828 847//847
f 847//847 1561//1561 827//827
f 1522//1522 1442//1442 1506//1506
f 1534//1534 1506//1506 1460//1460
f 644//644 1453//1453 1506//1506
f 1440//1440 644//644 1506//1506
f 624//624 645//645 1453//1453
f 1453//1453 644//644 624//624
f 628//628 731//731 624//624
f 624//624 731//731 645//645
f 645//645 625//625 657//657
f 731//731 729//729 740//740
f 729//729 719//719 718//718
f 733//733 729//729 718//718
f 887//887 740//740 751//751
f 733//733 724//724 726//726
f 724//724 755//755 726//726
f 636//636 757//757 782//782
f 703//703 789//789 522//522
f 522//522 630//630 703//703
f 703//703 630//630 694//694
f 603//603 694//694 580//580
f 562//562 580//580 590//590
f 687//687 681//681 580//580
f 687//687 636//636 594//594
f 681//681 594//594 585//585
f 671//671 684//684 755//755
f 580//580 694//694 687//687
f 636//636 684//684 594//594
f 687//687 630//630 636//636
f 687//687 694//694 630//630
f 757//757 630//630 522//522
f 757//757 636//636 630//630
f 710//710 716//716 719//719
f 719//719 700//700 710//710
f 700//700 706//706 710//710
f 710//710 706//706 716//716
f 706//706 696//696 716//716
f 696//696 671//671 755//755
f 671//671 578//578 684//684
f 594//594 684//684 578//578
f 563//563 594//594 578//578
f 448//448 563//563 578//578
f 578//578 671//671 448//448
f 448//448 464//464 563//563
f 706//706 700//700 696//696
f 671//671 696//696 679//679
f 719//719 716//716 718//718
f 755//755 724//724 696//696
f 716//716 696//696 724//724
f 718//718 716//716 724//724
f 718//718 724//724 733//733
f 740//740 733//733 751//751
f 751//751 733//733 745//745
f 687//687 594//594 681//681
f 755//755 684//684 636//636
f 887//887 751//751 745//745
f 731//731 719//719 729//729
f 740//740 729//729 733//733
f 700//700 719//719 731//731
f 740//740 625//625 731//731
f 645//645 731//731 625//625
f 645//645 657//657 1453//1453
f 1534//1534 930//930 1487//1487
f 889//889 1516//1516 1546//1546
f 1516//1516 888//888 1147//1147
f 160//160 134//134 218//218
f 359//359 1434//1434 1647//1647
f 869//869 893//893 1647//1647
f 1244//1244 787//787 1277//1277
f 868//868 1277//1277 893//893
f 1333//1333 1287//1287 1275//1275
f 1273//1273 1275//1275 1287//1287
f 1466//1466 781//781 1251//1251
f 1251//1251 1250//1250 853//853
f 1252//1252 1250//1250 1251//1251
f 1466//1466 1471//1471 781//781
f 796//796 1471//1471 1472//1472
f 1515//1515 1290//1290 1328//1328
f 1290//1290 796//796 1306//1306
f 1290//1290 1252//1252 796//796
f 1306//1306 796//796 1361//1361
f 373//373 355//355 213//213
f 355//355 373//373 236//236
f 131//131 195//195 211//211
f 298//298 336//336 412//412
f 571//571 354//354 336//336
f 395//395 400//400 368//368
f 336//336 298//298 571//571
f 354//354 344//344 345//345
f 571//571 344//344 354//354
f 400//400 354//354 369//369
f 400//400 369//369 368//368
f 336//336 354//354 400//400
f 225//225 217//217 221//221
f 217//217 37//37 221//221
f 1478//1478 1488//1488 1505//1505
f 1544//1544 1505//1505 1488//1488
f 1544//1544 830//830 1505//1505
f 830//830 1544//1544 1567//1567
f 1533//1533 699//699 1511//1511
f 1406//1406 1432//1432 1428//1428
f 1428//1428 1134//1134 1406//1406
f 1392//1392 504//504 1393//1393
f 1364//1364 1386//1386 1393//1393
f 1386//1386 1364//1364 1127//1127
f 1364//1364 1380//1380 1127//1127
f 1060//1060 453//453 1364//1364
f 1032//1032 422//422 424//424
f 1030//1030 1054//1054 455//455
f 486//486 1030//1030 496//496
f 506//506 570//570 553//553
f 549//549 506//506 553//553
f 577//577 629//629 557//557
f 500//500 508//508 629//629
f 500//500 518//518 508//508
f 500//500 629//629 581//581
f 1442//1442 1440//1440 1506//1506
f 1482//1482 1464//1464 813//813
f 811//811 1482//1482 820//820
f 820//820 1482//1482 813//813
f 1464//1464 1442//1442 813//813
f 828//828 1522//1522 847//847
f 847//847 1522//1522 842//842
f 696//696 700//700 679//679
f 622//622 671//671 679//679
f 585//585 594//594 563//563
f 563//563 464//464 451//451
f 681//681 585//585 451//451
f 580//580 681//681 590//590
f 600//600 586//586 590//590
f 625//625 740//740 887//887
f 745//745 614//614 910//910
f 1514//1514 987//987 1516//1516
f 930//930 987//987 1514//1514
f 665//665 780//780 1072//1072
f 1537//1537 85//85 84//84
f 1499//1499 1525//1525 1513//1513
f 1436//1436 1395//1395 1434//1434
f 1647//1647 1502//1502 1507//1507
f 1507//1507 1590//1590 1591//1591
f 1591//1591 1590//1590 152//152
f 1181//1181 1471//1471 1445//1445
f 1471//1471 1181//1181 1472//1472
f 1472//1472 1162//1162 348//348
f 329//329 287//287 320//320
f 202//202 380//380 329//329
f 202//202 329//329 410//410
f 131//131 212//212 195//195
f 202//202 410//410 212//212
f 410//410 414//414 415//415
f 260//260 571//571 298//298
f 573//573 565//565 344//344
f 345//345 344//344 3//3
f 368//368 369//369 16//16
f 38//38 368//368 16//16
f 395//395 32//32 37//37
f 32//32 368//368 38//38
f 1478//1478 1465//1465 1488//1488
f 1533//1533 1488//1488 699//699
f 666//666 651//651 663//663
f 1060//1060 1353//1353 418//418
f 453//453 426//426 1364//1364
f 1358//1358 1126//1126 1359//1359
f 1359//1359 1050//1050 1358//1358
f 426//426 1050//1050 1359//1359
f 1430//1430 450//450 424//424
f 424//424 450//450 455//455
f 455//455 1461//1461 1564//1564
f 530//530 496//496 541//541
f 493//493 496//496 483//483
f 629//629 621//621 628//628
f 618//618 683//683 632//632
f 683//683 622//622 679//679
f 448//448 446//446 1107//1107
f 464//464 445//445 451//451
f 552//552 586//586 600//600
f 611//611 562//562 597//597
f 567//567 611//611 597//597
f 592//592 484//484 603//603
f 870//870 789//789 845//845
f 745//745 733//733 601//601
f 726//726 601//601 733//733
f 602//602 614//614 601//601
f 726//726 602//602 601//601
f 1161//1161 614//614 602//602
f 1161//1161 711//711 614//614
f 987//987 949//949 665//665
f 1513//1513 1537//1537 1552//1552
f 1470//1470 1462//1462 1438//1438
f 1462//1462 1436//1436 1438//1438
f 1507//1507 1502//1502 1572//1572
f 1507//1507 1572//1572 1590//1590
f 1181//1181 1545//1545 1162//1162
f 606//606 1543//1543 1659//1659
f 462//462 472//472 1659//1659
f 326//326 331//331 323//323
f 243//243 1084//1084 257//257
f 1084//1084 1089//1089 257//257
f 329//329 332//332 410//410
f 986//986 324//324 1002//1002
f 23//23 732//732 42//42
f 35//35 1536//1536 24//24
f 565//565 732//732 23//23
f 565//565 23//23 40//40
f 344//344 565//565 40//40
f 699//699 1465//1465 1454//1454
f 1465//1465 699//699 1488//1488
f 663//663 1340//1340 1415//1415
f 1433//1433 1429//1429 435//435
f 435//435 418//418 1433//1433
f 418//418 1531//1531 453//453
f 1430//1430 422//422 430//430
f 1409//1409 1383//1383 439//439
f 1409//1409 439//439 455//455
f 450//450 1430//1430 1409//1409
f 450//450 1409//1409 455//455
f 439//439 1394//1394 455//455
f 1357//1357 428//428 1383//1383
f 423//423 428//428 1337//1337
f 423//423 1337//1337 1339//1339
f 1461//1461 1394//1394 423//423
f 493//493 505//505 546//546
f 493//493 546//546 541//541
f 541//541 546//546 570//570
f 546//546 621//621 570//570
f 621//621 546//546 599//599
f 622//622 604//604 671//671
f 441//441 1115//1115 440//440
f 1115//1115 1104//1104 1122//1122
f 473//473 1122//1122 495//495
f 475//475 473//473 495//495
f 441//441 440//440 476//476
f 520//520 514//514 523//523
f 476//476 552//552 451//451
f 600//600 451//451 552//552
f 520//520 537//537 552//552
f 520//520 523//523 537//537
f 542//542 537//537 528//528
f 528//528 536//536 542//542
f 536//536 540//540 542//542
f 536//536 517//517 540//540
f 312//312 313//313 308//308
f 313//313 312//312 989//989
f 989//989 991//991 313//313
f 1043//1043 1040//1040 575//575
f 589//589 1016//1016 587//587
f 589//589 582//582 996//996
f 591//591 589//589 588//588
f 576//576 592//592 591//591
f 576//576 484//484 592//592
f 626//626 603//603 484//484
f 1160//1160 1171//1171 1161//1161
f 1171//1171 711//711 1161//1161
f 910//910 949//949 657//657
f 949//949 910//910 773//773
f 987//987 930//930 658//658
f 363//363 365//365 1183//1183
f 1366//1366 1395//1395 1369//1369
f 1366//1366 228//228 1395//1395
f 1395//1395 228//228 1434//1434
f 1563//1563 228//228 1366//1366
f 162//162 1572//1572 1088//1088
f 1129//1129 1088//1088 1563//1563
f 1502//1502 228//228 1563//1563
f 157//157 152//152 143//143
f 1402//1402 1388//1388 634//634
f 471//471 606//606 1659//1659
f 287//287 348//348 736//736
f 736//736 606//606 471//471
f 1435//1435 1465//1465 1481//1481
f 1481//1481 1449//1449 1455//1455
f 1455//1455 1435//1435 1481//1481
f 1481//1481 1465//1465 1478//1478
f 660//660 678//678 656//656
f 642//642 1385//1385 651//651
f 1340//1340 651//651 1360//1360
f 1352//1352 1114//1114 1345//1345
f 430//430 422//422 1531//1531
f 439//439 428//428 1394//1394
f 1378//1378 1357//1357 1383//1383
f 1240//1240 428//428 1357//1357
f 1461//1461 423//423 817//817
f 1021//1021 1048//1048 421//421
f 457//457 1581//1581 429//429
f 1581//1581 460//460 429//429
f 1580//1580 1542//1542 447//447
f 1421//1421 1484//1484 746//746
f 1468//1468 447//447 1421//1421
f 1484//1484 1421//1421 447//447
f 1427//1427 1468//1468 1421//1421
f 122//122 128//128 129//129
f 124//124 129//129 133//133
f 126//126 123//123 124//124
f 123//123 120//120 118//118
f 122//122 123//123 118//118
f 112//112 118//118 120//120
f 1410//1410 1443//1443 1427//1427
f 123//123 126//126 120//120
f 1410//1410 117//117 1443//1443
f 1443//1443 120//120 126//126
f 117//117 112//112 120//120
f 1443//1443 117//117 120//120
f 1421//1421 752//752 1427//1427
f 752//752 1410//1410 1427//1427
f 117//117 1410//1410 110//110
f 110//110 1410//1410 744//744
f 744//744 752//752 746//746
f 111//111 110//110 1315//1315
f 107//107 675//675 109//109
f 109//109 675//675 114//114
f 227//227 255//255 183//183
f 183//183 180//180 227//227
f 713//713 105//105 107//107
f 111//111 1315//1315 112//112
f 109//109 112//112 1315//1315
f 1288//1288 1281//1281 1425//1425
f 1330//1330 1233//1233 1288//1288
f 1330//1330 1303//1303 1233//1233
f 1330//1330 433//433 1303//1303
f 1343//1343 1298//1298 433//433
f 433//433 1474//1474 1508//1508
f 1475//1475 1508//1508 1474//1474
f 1298//1298 1303//1303 433//433
f 1236//1236 1298//1298 1343//1343
f 1405//1405 421//421 1404//1404
f 1475//1475 1581//1581 1547//1547
f 460//460 1581//1581 1580//1580
f 1580//1580 1581//1581 1475//1475
f 1580//1580 1475//1475 1542//1542
f 1484//1484 1542//1542 1425//1425
f 433//433 1330//1330 1399//1399
f 1362//1362 1475//1475 1474//1474
f 433//433 1508//1508 1343//1343
f 1404//1404 1236//1236 1343//1343
f 1404//1404 1526//1526 1405//1405
f 457//457 1405//1405 1526//1526
f 1526//1526 1404//1404 1508//1508
f 1508//1508 1404//1404 1343//1343
f 1508//1508 1475//1475 1526//1526
f 1475//1475 1547//1547 1526//1526
f 457//457 1526//1526 1547//1547
f 1475//1475 1362//1362 1542//1542
f 1542//1542 1362//1362 1425//1425
f 1399//1399 1362//1362 1474//1474
f 1474//1474 433//433 1399//1399
f 1484//1484 1281//1281 746//746
f 744//744 746//746 739//739
f 739//739 730//730 744//744
f 1139//1139 110//110 730//730
f 1139//1139 723//723 1246//1246
f 1139//1139 1315//1315 110//110
f 1139//1139 730//730 739//739
f 739//739 1131//1131 1139//1139
f 1288//1288 1214//1214 1281//1281
f 1425//1425 1281//1281 1484//1484
f 1281//1281 1214//1214 746//746
f 1214//1214 739//739 746//746
f 1288//1288 1233//1233 1214//1214
f 1131//1131 739//739 1214//1214
f 1547//1547 1581//1581 457//457
f 1461//1461 1405//1405 457//457
f 421//421 1141//1141 1404//1404
f 1141//1141 1236//1236 1404//1404
f 1330//1330 1288//1288 1399//1399
f 1425//1425 1362//1362 1288//1288
f 1362//1362 1399//1399 1288//1288
f 1155//1155 1131//1131 1233//1233
f 1214//1214 1233//1233 1131//1131
f 1139//1139 1131//1131 721//721
f 721//721 723//723 1139//1139
f 717//717 721//721 1085//1085
f 721//721 717//717 723//723
f 1067//1067 717//717 1085//1085
f 1246//1246 1315//1315 1139//1139
f 255//255 105//105 104//104
f 183//183 113//113 132//132
f 102//102 113//113 103//103
f 183//183 103//103 113//113
f 103//103 183//183 255//255
f 104//104 103//103 255//255
f 104//104 102//102 103//103
f 102//102 1113//1113 113//113
f 183//183 132//132 180//180
f 675//675 107//107 105//105
f 112//112 109//109 114//114
f 730//730 110//110 744//744
f 744//744 1410//1410 752//752
f 752//752 1421//1421 746//746
f 111//111 117//117 110//110
f 117//117 111//111 112//112
f 133//133 126//126 124//124
f 133//133 1443//1443 126//126
f 1484//1484 447//447 1542//1542
f 1155//1155 1141//1141 1067//1067
f 1303//1303 1298//1298 1155//1155
f 1155//1155 1233//1233 1303//1303
f 1236//1236 1155//1155 1298//1298
f 1071//1071 1048//1048 714//714
f 1071//1071 714//714 1067//1067
f 1155//1155 1085//1085 1131//1131
f 1131//1131 1085//1085 721//721
f 239//239 723//723 717//717
f 239//239 1246//1246 723//723
f 107//107 1246//1246 239//239
f 105//105 1063//1063 101//101
f 670//670 180//180 132//132
f 685//685 227//227 670//670
f 675//675 105//105 255//255
f 123//123 122//122 124//124
f 124//124 122//122 129//129
f 133//133 135//135 137//137
f 1443//1443 137//137 1468//1468
f 1468//1468 1596//1596 447//447
f 463//463 1468//1468 784//784
f 1596//1596 463//463 460//460
f 1580//1580 447//447 1596//1596
f 1107//1107 429//429 1104//1104
f 1107//1107 1115//1115 441//441
f 523//523 514//514 507//507
f 536//536 528//528 507//507
f 516//516 517//517 536//536
f 1232//1232 309//309 1212//1212
f 1318//1318 1040//1040 1039//1039
f 1375//1375 1318//1318 223//223
f 223//223 1318//1318 1317//1317
f 1318//1318 1039//1039 1038//1038
f 1040//1040 1011//1011 1039//1039
f 589//589 587//587 588//588
f 230//230 484//484 576//576
f 230//230 626//626 484//484
f 551//551 90//90 1512//1512
f 1498//1498 1512//1512 75//75
f 215//215 1498//1498 75//75
f 551//551 561//561 538//538
f 870//870 845//845 835//835
f 602//602 782//782 1148//1148
f 1148//1148 1161//1161 602//602
f 950//950 962//962 709//709
f 1171//1171 1177//1177 720//720
f 720//720 1177//1177 1183//1183
f 1369//1369 1395//1395 1397//1397
f 1129//1129 798//798 1088//1088
f 798//798 972//972 1088//1088
f 972//972 147//147 146//146
f 769//769 145//145 798//798
f 769//769 759//759 145//145
f 798//798 145//145 147//147
f 152//152 972//972 146//146
f 798//798 147//147 972//972
f 936//936 759//759 140//140
f 140//140 145//145 936//936
f 145//145 759//759 936//936
f 146//146 143//143 152//152
f 829//829 876//876 452//452
f 829//829 688//688 125//125
f 444//444 295//295 436//436
f 291//291 295//295 1079//1079
f 444//444 1659//1659 634//634
f 1659//1659 444//444 462//462
f 462//462 436//436 569//569
f 331//331 997//997 472//472
f 324//324 331//331 472//472
f 324//324 472//472 1002//1002
f 462//462 515//515 986//986
f 462//462 569//569 515//515
f 1389//1389 1435//1435 1455//1455
f 1413//1413 1435//1435 1389//1389
f 1389//1389 1335//1335 1324//1324
f 1389//1389 1241//1241 1335//1335
f 1324//1324 1412//1412 1389//1389
f 1389//1389 1412//1412 1413//1413
f 5//5 676//676 48//48
f 43//43 1449//1449 35//35
f 1422//1422 1417//1417 1376//1376
f 642//642 660//660 1356//1356
f 651//651 1325//1325 1360//1360
f 1351//1351 1340//1340 1342//1342
f 1429//1429 1416//1416 427//427
f 1429//1429 1433//1433 1345//1345
f 420//420 862//862 430//430
f 1348//1348 862//862 420//420
f 1348//1348 839//839 862//862
f 839//839 838//838 1378//1378
f 1383//1383 1430//1430 430//430
f 1430//1430 1383//1383 1409//1409
f 1378//1378 430//430 862//862
f 1240//1240 838//838 825//825
f 1240//1240 940//940 1239//1239
f 1239//1239 939//939 817//817
f 940//940 939//939 1239//1239
f 817//817 417//417 1461//1461
f 1021//1021 1031//1031 1048//1048
f 994//994 990//990 413//413
f 1031//1031 1021//1021 990//990
f 1031//1031 990//990 970//970
f 704//704 701//701 695//695
f 713//713 704//704 1063//1063
f 714//714 1048//1048 713//713
f 115//115 113//113 98//98
f 1479//1479 128//128 121//121
f 129//129 128//128 1479//1479
f 133//133 129//129 135//135
f 121//121 725//725 1479//1479
f 1495//1495 784//784 1479//1479
f 784//784 1495//1495 992//992
f 959//959 1489//1489 915//915
f 429//429 460//460 1099//1099
f 438//438 495//495 437//437
f 494//494 516//516 536//536
f 309//309 524//524 351//351
f 307//307 1260//1260 318//318
f 318//318 1260//1260 303//303
f 1318//1318 1038//1038 989//989
f 576//576 669//669 230//230
f 75//75 90//90 1379//1379
f 215//215 1379//1379 193//193
f 769//769 492//492 615//615
f 759//759 769//769 615//615
f 1402//1402 1545//1545 876//876
f 905//905 876//876 1545//1545
f 480//480 449//449 452//452
f 452//452 449//449 801//801
f 1388//1388 829//829 125//125
f 634//634 1377//1377 631//631
f 634//634 631//631 444//444
f 444//444 631//631 295//295
f 458//458 436//436 295//295
f 444//444 436//436 462//462
f 942//942 458//458 293//293
f 535//535 454//454 456//456
f 466//466 944//944 454//454
f 454//454 944//944 1650//1650
f 1025//1025 293//293 1056//1056
f 872//872 1650//1650 944//944
f 456//456 454//454 1650//1650
f 467//467 1636//1636 1634//1634
f 1602//1602 1584//1584 1222//1222
f 1197//1197 1222//1222 1584//1584
f 779//779 559//559 793//793
f 775//775 770//770 765//765
f 262//262 271//271 197//197
f 271//271 747//747 197//197
f 185//185 188//188 191//191
f 185//185 804//804 188//188
f 947//947 197//197 275//275
f 1025//1025 947//947 284//284
f 1650//1650 872//872 874//874
f 1025//1025 872//872 293//293
f 425//425 1650//1650 1645//1645
f 1645//1645 1650//1650 465//465
f 1645//1645 465//465 467//467
f 467//467 465//465 1636//1636
f 1607//1607 1584//1584 1602//1602
f 793//793 559//559 1197//1197
f 775//775 779//779 770//770
f 753//753 765//765 277//277
f 277//277 747//747 753//753
f 747//747 275//275 197//197
f 1602//1602 1636//1636 1607//1607
f 1636//1636 1602//1602 1634//1634
f 794//794 779//779 793//793
f 794//794 770//770 779//779
f 807//807 1607//1607 867//867
f 794//794 807//807 867//867
f 1636//1636 874//874 1607//1607
f 465//465 874//874 1636//1636
f 872//872 284//284 874//874
f 1607//1607 807//807 1584//1584
f 793//793 807//807 794//794
f 874//874 867//867 1607//1607
f 284//284 275//275 867//867
f 794//794 867//867 275//275
f 747//747 277//277 275//275
f 794//794 277//277 770//770
f 794//794 275//275 277//277
f 793//793 1584//1584 807//807
f 867//867 874//874 284//284
f 275//275 284//284 947//947
f 271//271 270//270 747//747
f 747//747 270//270 753//753
f 793//793 1197//1197 1584//1584
f 465//465 1650//1650 874//874
f 1025//1025 284//284 872//872
f 197//197 188//188 804//804
f 804//804 256//256 197//197
f 197//197 256//256 262//262
f 765//765 770//770 277//277
f 188//188 1441//1441 191//191
f 1119//1119 1128//1128 1066//1066
f 1119//1119 1066//1066 191//191
f 1441//1441 1119//1119 191//191
f 253//253 262//262 256//256
f 456//456 21//21 20//20
f 638//638 610//610 633//633
f 623//623 617//617 754//754
f 623//623 620//620 617//617
f 741//741 620//620 623//623
f 797//797 741//741 623//623
f 923//923 797//797 623//623
f 923//923 623//623 822//822
f 754//754 980//980 884//884
f 884//884 822//822 623//623
f 884//884 623//623 754//754
f 638//638 617//617 613//613
f 617//617 980//980 754//754
f 980//980 1241//1241 884//884
f 627//627 608//608 1311//1311
f 627//627 598//598 608//608
f 620//620 612//612 617//617
f 1091//1091 609//609 1308//1308
f 609//609 1091//1091 1344//1344
f 1258//1258 605//605 608//608
f 613//613 610//610 638//638
f 1308//1308 1219//1219 1270//1270
f 1219//1219 1300//1300 1098//1098
f 1219//1219 960//960 1300//1300
f 960//960 1219//1219 974//974
f 1308//1308 974//974 1219//1219
f 609//609 605//605 1258//1258
f 1091//1091 1308//1308 1270//1270
f 609//609 610//610 605//605
f 610//610 609//609 633//633
f 649//649 638//638 633//633
f 1412//1412 649//649 661//661
f 1411//1411 1417//1417 1422//1422
f 635//635 1336//1336 1198//1198
f 1320//1320 1360//1360 983//983
f 993//993 443//443 1345//1345
f 1114//1114 993//993 1345//1345
f 1429//1429 1345//1345 1416//1416
f 1429//1429 427//427 435//435
f 838//838 1242//1242 825//825
f 413//413 417//417 416//416
f 939//939 940//940 413//413
f 413//413 990//990 1021//1021
f 406//406 965//965 970//970
f 965//965 406//406 964//964
f 1031//1031 970//970 978//978
f 978//978 970//970 965//965
f 792//792 101//101 1063//1063
f 1113//1113 101//101 881//881
f 101//101 792//792 881//881
f 670//670 132//132 115//115
f 148//148 670//670 115//115
f 725//725 685//685 130//130
f 121//121 702//702 725//725
f 137//137 135//135 784//784
f 1479//1479 784//784 135//135
f 1010//1010 1489//1489 748//748
f 1205//1205 463//463 992//992
f 460//460 463//463 1099//1099
f 341//341 516//516 438//438
f 1110//1110 434//434 437//437
f 434//434 468//468 341//341
f 351//351 341//341 360//360
f 1212//1212 1205//1205 1232//1232
f 1232//1232 1215//1215 1245//1245
f 305//305 1249//1249 1305//1305
f 317//317 1305//1305 1316//1316
f 1346//1346 1316//1316 1305//1305
f 1052//1052 1010//1010 1366//1366
f 215//215 1276//1276 1451//1451
f 561//561 1529//1529 538//538
f 561//561 1498//1498 1524//1524
f 1552//1552 363//363 1529//1529
f 1524//1524 1498//1498 1451//1451
f 1366//1366 1129//1129 1563//1563
f 389//389 480//480 492//492
f 389//389 449//449 480//480
f 1056//1056 291//291 616//616
f 199//199 197//197 947//947
f 199//199 947//947 1025//1025
f 1119//1119 956//956 1128//1128
f 722//722 945//945 178//178
f 178//178 170//170 722//722
f 170//170 178//178 1229//1229
f 170//170 1229//1229 169//169
f 185//185 791//791 783//783
f 765//765 1097//1097 775//775
f 1602//1602 1//1 50//50
f 2//2 1334//1334 47//47
f 46//46 1634//1634 18//18
f 860//860 13//13 4//4
f 17//17 1645//1645 19//19
f 425//425 1645//1645 17//17
f 1241//1241 1020//1020 884//884
f 923//923 1100//1100 797//797
f 598//598 974//974 608//608
f 613//613 612//612 610//610
f 1321//1321 960//960 974//974
f 960//960 1321//1321 1263//1263
f 960//960 1116//1116 1300//1300
f 1098//1098 1069//1069 1219//1219
f 1344//1344 635//635 609//609
f 1411//1411 1412//1412 661//661
f 1325//1325 1356//1356 1331//1331
f 1385//1385 1356//1356 1325//1325
f 1342//1342 983//983 993//993
f 1351//1351 1342//1342 993//993
f 1387//1387 1416//1416 443//443
f 544//544 1254//1254 1387//1387
f 883//883 420//420 427//427
f 697//697 692//692 978//978
f 978//978 692//692 695//695
f 692//692 697//697 99//99
f 695//695 881//881 785//785
f 881//881 99//99 1113//1113
f 1113//1113 98//98 113//113
f 1113//1113 99//99 98//98
f 89//89 115//115 98//98
f 119//119 115//115 89//89
f 130//130 127//127 1489//1489
f 992//992 1495//1495 959//959
f 468//468 1205//1205 360//360
f 193//193 1215//1215 992//992
f 193//193 1249//1249 1215//1215
f 1249//1249 1245//1245 1215//1215
f 193//193 1052//1052 1276//1276
f 461//461 734//734 798//798
f 389//389 492//492 734//734
f 688//688 177//177 1367//1367
f 281//281 208//208 177//177
f 1370//1370 1367//1367 289//289
f 631//631 616//616 1079//1079
f 188//188 616//616 1441//1441
f 919//919 956//956 1119//1119
f 285//285 1229//1229 1370//1370
f 919//919 1370//1370 1229//1229
f 234//234 1229//1229 285//285
f 1229//1229 234//234 169//169
f 234//234 161//161 169//169
f 161//161 762//762 169//169
f 256//256 241//241 247//247
f 241//241 256//256 804//804
f 253//253 247//247 264//264
f 753//753 270//270 1097//1097
f 1001//1001 1097//1097 1008//1008
f 1222//1222 1197//1197 1213//1213
f 33//33 579//579 6//6
f 579//579 2//2 6//6
f 1334//1334 579//579 1319//1319
f 1329//1329 1326//1326 555//555
f 555//555 584//584 860//860
f 1100//1100 9//9 13//13
f 1100//1100 584//584 797//797
f 923//923 1020//1020 1100//1100
f 741//741 797//797 598//598
f 1321//1321 1326//1326 1263//1263
f 1326//1326 1314//1314 1263//1263
f 1263//1263 1116//1116 960//960
f 1264//1264 534//534 1097//1097
f 534//534 1264//1264 1004//1004
f 539//539 1092//1092 1116//1116
f 1098//1098 1116//1116 1092//1092
f 1137//1137 1270//1270 554//554
f 609//609 635//635 633//633
f 649//649 633//633 1283//1283
f 661//661 653//653 1391//1391
f 1417//1417 1411//1411 1391//1391
f 635//635 1283//1283 633//633
f 1331//1331 1381//1381 1344//1344
f 1325//1325 1137//1137 1323//1323
f 983//983 1323//1323 1137//1137
f 411//411 1167//1167 883//883
f 1644//1644 1307//1307 917//917
f 967//967 778//778 406//406
f 406//406 778//778 964//964
f 692//692 881//881 695//695
f 692//692 99//99 881//881
f 148//148 119//119 208//208
f 130//130 407//407 127//127
f 442//442 407//407 148//148
f 148//148 208//208 442//442
f 281//281 801//801 389//389
f 208//208 119//119 116//116
f 1377//1377 1441//1441 616//616
f 1377//1377 1119//1119 1441//1441
f 1119//1119 1370//1370 919//919
f 95//95 96//96 97//97
f 72//72 91//91 95//95
f 1248//1248 1008//1008 1015//1015
f 1008//1008 1097//1097 534//534
f 1082//1082 1055//1055 1170//1170
f 1055//1055 931//931 1170//1170
f 1170//1170 931//931 912//912
f 931//931 913//913 912//912
f 1069//1069 951//951 544//544
f 554//554 1219//1219 1069//1069
f 1401//1401 1137//1137 554//554
f 1254//1254 1304//1304 883//883
f 1167//1167 1027//1027 1644//1644
f 1225//1225 852//852 1224//1224
f 885//885 1120//1120 1191//1191
f 674//674 750//750 1191//1191
f 99//99 697//697 74//74
f 79//79 97//97 234//234
f 161//161 97//97 96//96
f 96//96 91//91 693//693
f 985//985 404//404 802//802
f 544//544 554//554 1069//1069
f 411//411 883//883 1304//1304
f 891//891 852//852 790//790
f 749//749 750//750 680//680
f 749//749 74//74 697//697
f 749//749 72//72 76//76
f 686//686 404//404 693//693
f 404//404 686//686 405//405
f 411//411 1304//1304 790//790
f 411//411 790//790 975//975
f 891//891 790//790 1304//1304
f 912//912 848//848 891//891
f 680//680 674//674 686//686
f 674//674 680//680 750//750
f 686//686 91//91 680//680
f 749//749 680//680 91//91
f 686//686 674//674 405//405