# https://github.com/mikedh/trimesh
v -0.00622558 -0.02669168 0.03338630
v -0.00518469 -0.02669168 0.03338630
v -0.00622558 -0.02068382 0.03338630
v -0.00518469 -0.02068382 0.01812012
v -0.00622558 -0.02669168 0.01812012
v -0.00622558 -0.02068382 0.01812012
v -0.00518469 -0.02669168 0.01812012
v -0.00518469 -0.02068382 0.03338630
v 0.00447753 -0.02669168 0.03338630
v 0.00551842 -0.02669168 0.03338630
v 0.00447753 -0.02068382 0.03338630
v 0.00551842 -0.02068382 0.01812012
v 0.00447753 -0.02669168 0.01812012
v 0.00447753 -0.02068382 0.01812012
v 0.00551842 -0.02669168 0.01812012
v 0.00551842 -0.02068382 0.03338630
v -0.01676870 -0.02929037 0.01812012
v 0.01519771 -0.02929037 0.01812012
v -0.01676870 -0.01125312 0.01812012
v 0.01519771 -0.01125312 0.01219939
v -0.01676870 -0.02929037 0.01219939
v -0.01676870 -0.01125312 0.01219939
v 0.01519771 -0.02929037 0.01219939
v 0.01519771 -0.01125312 0.01812012
v -0.02094814 0.02075736 0.00932464
v -0.02143015 0.02065989 0.00835781
v -0.02128212 0.01943864 0.00880023
v -0.01336327 0.02317753 0.01260956
v -0.01251669 0.02204552 0.01260125
v -0.01523922 -0.03800718 0.00784150
v -0.01578547 -0.03794438 0.00666874
v -0.01150331 0.02228142 0.01251582
v -0.01769172 -0.03715978 0.00637733
v -0.01630119 0.02181896 0.01181003
v -0.01691865 0.02286680 0.01151734
v -0.01409210 0.02432864 0.01253869
v -0.01751634 -0.03736887 0.00525154
v -0.01730692 -0.03738559 0.00629831
v -0.01774377 0.02442619 0.01096252
v -0.01752078 0.02384512 0.01116087
v -0.01610827 0.02415993 0.01179576
v -0.01680687 -0.03753221 0.00697374
v -0.01659081 -0.03769808 0.00615386
v -0.02056242 0.02218472 0.00958428
v -0.02015853 0.02262743 0.00988064
v -0.01951756 0.02407172 0.00972706
v -0.02107664 0.02190802 0.00873750
v -0.02137757 0.02225975 0.00775177
v -0.01331097 0.02479940 0.01266719
v -0.01297884 -0.03408426 0.01282522
v -0.01180028 -0.03456236 0.01278941
v -0.01183975 0.02408337 0.01257944
v -0.01584520 0.02506785 0.01194419
v -0.01466011 0.02457813 0.01237714
v -0.01423850 0.02558085 0.01248469
v -0.01239699 -0.03289613 0.01309798
v -0.01253760 0.02491543 0.01265350
v -0.01309280 0.02642282 0.01254323
v -0.01974819 -0.02397348 0.01046934
v -0.02041366 -0.02361617 0.00950947
v -0.02057434 -0.02524182 0.00938078
v -0.01405621 -0.03375781 0.01272300
v -0.02102201 -0.02247761 0.00853803
v 0.00582114 0.04222511 0.01089775
v -0.01248376 0.02607344 0.01252425
v -0.01907628 -0.03364443 -0.01560034
v -0.01827822 -0.03422375 -0.01525750
v -0.01166296 0.02853106 0.01222812
v -0.01560031 -0.03411209 -0.01687158
v -0.01680003 0.02753136 0.01154232
v -0.01442479 0.02730547 0.01247040
v -0.01394974 0.02845893 0.01239107
v -0.02363970 -0.00636298 0.00576830
v -0.01009201 0.02767278 0.01203331
v -0.02262844 -0.00605214 0.00792960
v -0.00892256 0.02805778 0.01189862
v -0.01004200 -0.03388670 0.01298486
v -0.01859200 0.02876744 0.01015630
v -0.01464351 0.02938740 0.01225497
v -0.01389195 0.03015290 0.01238898
v -0.01289940 0.02934443 0.01235535
v -0.02419472 -0.00364917 0.00411887
v -0.00381916 0.04492119 0.01178987
v -0.01419191 0.03053521 0.01235548
v -0.00530982 0.04417508 0.01176151
v -0.02450304 -0.00502386 0.00298103
v -0.02461091 -0.00242663 0.00238436
v -0.00542281 0.04479536 0.01165036
v 0.00789427 -0.02724972 0.01436871
v 0.00870677 -0.02754748 0.01402128
v -0.01792107 0.03056593 0.01075118
v 0.01031394 -0.02679032 0.01413984
v 0.01000945 -0.02753085 0.01379343
v -0.01939055 0.02998504 0.00946517
v -0.00338079 0.04427886 0.01186112
v -0.00409305 0.04404755 0.01188385
v -0.01343242 0.03196969 0.01236741
v -0.01306073 0.03071906 0.01242075
v -0.01816901 -0.00270303 0.01126605
v -0.01980721 -0.03601472 0.00194994
v -0.01968017 -0.03618274 0.00131228
v -0.01592990 -0.00213506 0.01209564
v 0.01081784 -0.02694485 0.01377334
v -0.01482809 0.03152725 0.01209947
v -0.01563873 0.03254314 0.01179562
v -0.01408158 0.03262960 0.01221762
v -0.01466885 -0.00241023 0.01248205
v -0.01362071 -0.00189407 0.01269635
v -0.00138030 0.04361650 0.01173004
v 0.01113074 -0.02771176 0.01339524
v 0.01124007 -0.02852343 0.01323123
v -0.01376784 0.03339000 0.01227182
v -0.01898026 -0.03664015 0.00019354
v -0.01697105 0.03409542 0.01145124
v -0.01353475 -0.03226099 0.01304636
v -0.01474315 0.03326951 0.01205735
v 0.01202851 -0.02984665 0.01282400
v -0.01778604 0.03576733 0.01131973
v -0.01818673 0.03513544 0.01110053
v -0.01456795 0.03550613 0.01224622
v -0.01746779 0.03634526 0.01144837
v 0.01332628 -0.03008556 0.01179136
v -0.01879820 0.03603464 0.01098356
v -0.01512803 -0.00032972 0.01240365
v 0.00018260 0.04336220 0.01166316
v -0.01904718 0.03663029 0.01098354
v -0.01842474 0.03668370 0.01123096
v 0.01361659 -0.02880396 0.01169300
v -0.01168718 -0.03246542 0.01328922
v -0.01921726 0.03699434 0.01086797
v -0.01935897 0.03780001 0.01074875
v -0.01848443 0.03736702 0.01122075
v 0.00890359 0.04201235 0.01062028
v 0.00985571 0.04165117 0.01062294
v -0.01981918 -0.03606998 0.00005727
v -0.01806804 -0.03326629 -0.01663323
v -0.01970027 0.03645832 0.01040551
v 0.01051780 0.04013401 0.01050648
v -0.01997727 0.03808803 0.01007371
v -0.00978347 -0.00268298 0.01284843
v -0.01884042 0.03807860 0.01111172
v -0.02024041 0.03873005 0.00961766
v 0.01161883 -0.02655227 0.01347707
v -0.01954163 0.03885089 0.01068736
v -0.01720856 -0.03253260 0.01220180
v -0.01760895 -0.03184250 0.01215508
v -0.01884426 0.03945096 0.01114281
v -0.01500853 -0.03132607 0.01279069
v -0.01935036 0.04051261 0.01077623
v -0.01028722 -0.00141674 0.01279200
v -0.01905048 0.04042027 0.01097897
v 0.01202107 -0.02776638 0.01294358
v -0.01861141 0.03991829 0.01121948
v 0.01133253 0.04173284 0.01056212
v -0.01830702 0.03872921 0.01135396
v -0.01984423 0.03968878 0.01032948
v -0.00530678 0.04526632 0.01150035
v -0.00524302 0.04574317 0.01123014
v 0.01283118 -0.02811082 0.01237559
v -0.01635727 0.03996794 0.01175086
v -0.00398482 0.04534133 0.01161605
v -0.02145018 -0.00256453 0.00926013
v 0.01407560 -0.02732796 0.01168929
v -0.01639317 0.04142462 0.01165844
v -0.02259564 -0.00159400 0.00772853
v -0.01283335 -0.02186928 0.01716802
v -0.01291420 -0.01966998 0.01688198
v -0.01991155 0.04085157 0.00992814
v -0.02288527 -0.00313978 0.00731480
v -0.02016062 0.04010253 0.00967380
v -0.02030102 0.04017015 0.00875276
v -0.01305641 -0.01868105 0.01671033
v -0.01865959 0.04157196 0.01093978
v -0.00334413 0.04539170 0.01153162
v -0.02323900 -0.00252985 0.00660435
v -0.01481933 0.04168137 0.01208411
v -0.01452944 -0.01949118 0.01408401
v -0.01458921 -0.02165240 0.01426728
v -0.00204860 0.04511149 0.01150445
v -0.01535984 -0.02198573 0.01360291
v -0.02371547 -0.00320808 0.00550609
v -0.01062260 -0.03298759 0.01322752
v -0.02360275 0.00157649 0.00550985
v -0.01934882 0.04145329 0.01051939
v 0.00031893 0.04488851 0.01169678
v -0.01991650 0.04141487 0.00942363
v -0.02014118 0.04082318 0.00918226
v -0.01767645 0.04268250 0.01105465
v -0.01744895 0.04202636 0.01130913
v 0.00105427 0.04427112 0.01174771
v -0.01817411 0.04284822 0.01063354
v -0.01895736 0.04179978 0.01071122
v -0.01717022 -0.02082704 0.01199059
v -0.01924323 0.04209492 0.01032198
v -0.02414473 -0.00104129 0.00410790
v -0.00205426 0.04461304 0.01166926
v -0.01525041 0.04263492 0.01189916
v -0.00075197 0.04446921 0.01165766
v -0.00830501 -0.03431709 0.01279499
v -0.01582958 0.04217215 0.01172911
v -0.01611885 0.04261632 0.01152406
v -0.01455220 0.04301369 0.01219457
v -0.01883822 -0.02098920 0.01067671
v -0.01780401 -0.02218921 0.01174374
v -0.01959744 0.04191270 0.00974630
v -0.01945623 0.04235306 0.00905906
v -0.01957977 0.04201325 0.00837222
v -0.01997518 0.04133329 0.00870251
v -0.01981596 -0.03605227 -0.00119849
v -0.00765033 0.04215245 0.01191814
v 0.00163367 0.04318194 0.01162545
v -0.00648661 0.04139565 0.01186598
v -0.01964128 -0.02126547 0.00998860
v 0.00195299 0.04412208 0.01170760
v -0.01566630 0.04368660 0.01138561
v -0.01557458 0.04341894 0.01155040
v -0.01908888 0.04278196 0.00881784
v -0.01870268 0.04312455 0.00869708
v -0.01904460 0.04281151 0.00962900
v -0.01909374 0.04267153 0.00833995
v -0.01112917 -0.00111735 0.01281038
v -0.01894603 0.04262522 0.00785461
v -0.01918728 0.04233625 0.00780965
v -0.01657184 0.04386869 0.01064918
v -0.01779103 0.04286230 0.01089087
v -0.01909686 -0.03657394 -0.00313482
v -0.01790737 0.04357552 0.00987616
v -0.01768978 0.04327394 0.01056070
v -0.01915341 -0.03650160 -0.00159311
v -0.01888707 0.04277643 0.01003918
v -0.02063476 -0.02111626 0.00893026
v -0.00767309 -0.00233778 0.01254709
v 0.01330732 0.04160229 0.01035302
v -0.01640294 0.04306430 0.01126931
v -0.01972535 -0.02229914 0.01007486
v -0.01658865 0.04338277 0.01102795
v -0.01863978 0.04322150 0.00916762
v -0.00693636 0.04292457 0.01188630
v -0.00513606 0.04357517 0.01181810
v -0.01033071 -0.00031606 0.01277244
v -0.00311047 0.04189680 0.01167547
v -0.00464936 0.04182353 0.01178551
v -0.01780186 -0.03708083 -0.00184363
v 0.01269119 0.04231324 0.01047990
v -0.01483740 0.04455919 0.01162780
v -0.01437816 0.04476401 0.01187434
v -0.01499148 -0.03331545 -0.01806625
v -0.01686520 0.04401132 0.01006927
v -0.01566971 0.04455679 0.01054726
v -0.01820784 0.04350484 0.00948838
v -0.01621162 0.04453196 0.00893608
v -0.01676892 0.04425315 0.00937429
v -0.01571593 0.04425667 0.01098152
v -0.00744377 -0.01868501 0.01837822
v -0.01817348 0.04352903 0.00896472
v -0.00378603 0.04598370 0.01103495
v -0.00823254 -0.01858264 0.01841784
v -0.01755498 0.04385882 0.00872801
v -0.00559126 0.04264029 0.01187553
v -0.00403409 0.04263331 0.01182555
v -0.00241811 0.04587188 0.01099578
v -0.00726887 -0.02063602 0.01848106
v -0.01167460 0.00130745 0.01274963
v -0.01432576 0.04551648 0.01083546
v -0.01483792 0.04529715 0.01058087
v -0.01487569 0.04505038 0.01109140
v -0.01549494 0.04492478 0.00956510
v -0.01709590 0.04393146 0.00772029
v -0.00026389 0.04567806 0.01144410
v 0.00184812 0.04201827 0.01156158
v 0.00363683 0.04254999 0.01148238
v -0.00522372 -0.02041903 0.01785073
v -0.00966360 0.04488490 0.01170193
v -0.00786961 0.04571122 0.01142353
v -0.00936270 0.04447115 0.01190945
v -0.00819968 0.04493088 0.01171881
v -0.01903912 -0.03658105 -0.00369279
v -0.00785162 0.04425689 0.01189425
v -0.00727260 0.04530291 0.01165784
v -0.00675647 0.04467611 0.01178031
v 0.02071297 -0.03057510 0.01003067
v 0.00442783 0.04261526 0.01135194
v 0.01950195 -0.02905916 0.00954632
v 0.00300164 0.04349272 0.01157497
v 0.00399611 0.04331907 0.01147295
v -0.00833147 0.00114781 0.01245650
v -0.00790377 -0.00044997 0.01244106
v 0.00225974 0.04484575 0.01169608
v 0.02076701 -0.02950154 0.00891515
v -0.00158774 0.04556076 0.01126581
v -0.00889585 0.04582511 0.01119099
v -0.00838089 0.04623887 0.01090847
v 0.02113944 -0.03009149 0.00907961
v -0.00094632 0.04593558 0.01119560
v -0.00925245 0.04619339 0.01067033
v -0.00762160 0.04616272 0.01111709
v -0.00687085 0.04568097 0.01148442
v -0.00111749 0.04520752 0.01148417
v -0.00672666 0.04608386 0.01117072
v 0.02118833 -0.02959579 0.00835405
v 0.02158313 -0.03037594 0.00861994
v 0.02173273 -0.02994436 0.00769712
v 0.01097145 0.04313497 0.01080938
v 0.02197829 -0.03103787 0.00788336
v 0.01165262 0.04308159 0.01068972
v 0.02184601 -0.03058172 0.00816862
v -0.00845944 0.04685245 0.00942095
v -0.01023173 0.04626123 0.01003252
v -0.00869504 0.04659935 0.01013479
v 0.00458568 -0.03512072 0.01190622
v -0.00776779 0.04657713 0.01060285
v -0.00728283 0.04669651 0.01035884
v -0.00584949 0.04652384 0.01037014
v -0.00672969 0.04639056 0.01080911
v -0.00525764 0.04621793 0.01074839
v -0.00768111 0.04685566 0.00988429
v -0.02288871 -0.02931758 -0.01407564
v -0.00404215 0.04635772 0.01046240
v -0.02264828 0.00072406 0.00753749
v -0.01712505 -0.03136036 -0.01892594
v -0.01508264 -0.03235356 -0.01896956
v -0.00239562 0.04627190 0.01035967
v -0.00807090 0.04691061 0.00922973
v -0.01745602 -0.03249397 -0.01775580
v -0.00192740 0.04651009 0.00970859
v -0.00613746 0.04681192 0.00940259
v -0.01123258 0.03379168 -0.02222546
v -0.00995301 0.03646966 -0.02189573
v 0.00158913 -0.03266772 0.01212940
v -0.01848903 -0.03168150 -0.01796445
v 0.00047143 0.04648446 0.01104314
v 0.00105078 0.04670825 0.01087507
v 0.00051933 0.04671193 0.01079334
v -0.00316596 0.04643959 0.00989792
v 0.00168750 0.04627365 0.01129641
v 0.00291233 -0.03521454 0.01185452
v -0.00044865 0.04672368 0.00984607
v -0.00002277 0.04672222 0.01037056
v 0.00135218 0.04718628 0.00931401
v -0.00099719 0.04675081 0.00837156
v -0.01109494 0.03636061 -0.02166608
v -0.00915200 0.03706502 -0.02183094
v 0.00206204 0.04725745 0.00940208
v 0.00275301 0.04729154 0.00940994
v -0.00682525 -0.01869947 0.01824278
v 0.00008722 0.04610231 0.01125758
v 0.00147520 0.04742085 0.00865941
v 0.00058968 0.04734833 0.00804676
v -0.00011919 0.04702582 0.00821736
v -0.00009390 0.04651154 0.01086085
v -0.00054373 0.04776306 0.00684056
v -0.02459955 0.00049029 0.00191809
v -0.00063948 0.04723001 0.00729584
v -0.00125560 0.04697039 0.00750232
v -0.00984112 0.03718504 -0.02169356
v -0.00904884 0.03771418 -0.02154331
v 0.00144910 0.04566484 0.01158462
v -0.00771907 0.03721175 -0.02182111
v -0.00756886 0.03770512 -0.02158416
v -0.00577481 0.04746112 0.00480697
v 0.00214318 0.04754258 0.00881674
v 0.00010749 0.03515743 -0.02348249
v 0.00043789 0.03631543 -0.02313808
v 0.00205322 0.04587631 0.01149572
v 0.00192084 0.04848276 0.00750085
v 0.00219531 0.04810439 0.00804095
v 0.00286733 0.04827360 0.00795188
v 0.00265044 0.03554631 -0.02361961
v 0.00252983 0.03624630 -0.02331415
v -0.01066776 0.00134544 0.01271671
v 0.00676820 0.03638068 -0.02337963
v -0.00169012 0.04627954 0.01047422
v -0.00170851 0.04595621 0.01097465
v -0.01323849 0.00367212 0.01273103
v -0.01442341 -0.02892963 0.01335008
v -0.01470390 -0.03712535 0.01068221
v -0.01363222 -0.03699044 0.01140356
v -0.01256798 -0.03717172 0.01151832
v -0.01348947 -0.03761538 0.01062733
v -0.01490926 -0.03815526 0.00730782
v 0.02052617 -0.02855163 0.00764718
v -0.01353339 -0.03849002 0.00799402
v -0.01316710 -0.03859701 0.00737289
v 0.02103459 -0.02895187 0.00709918
v -0.01763701 -0.03473477 0.01143303
v -0.01769036 -0.03501954 0.01117557
v -0.01640783 -0.03489981 0.01188022
v -0.01735136 -0.03486420 0.01153264
v -0.00492220 -0.03615737 0.01265278
v -0.00358475 -0.03589054 0.01264785
v -0.01798217 -0.03475510 0.01109268
v -0.01854878 -0.03364977 0.01123909
v -0.01750542 -0.03370269 0.01191109
v -0.01667023 -0.03426015 0.01204905
v -0.01654244 -0.03363407 0.01221858
v -0.01915662 -0.03660178 0.00200190
v -0.01870463 -0.03688847 0.00214892
v -0.01636524 -0.03781429 0.00248053
v -0.01804373 -0.03718613 0.00224461
v -0.02180936 -0.01906523 0.00730016
v -0.01821937 -0.03702137 0.00025429
v -0.00795606 -0.03467851 0.01268513
v -0.00792257 -0.03536584 0.01249268
v -0.00683290 -0.03565267 0.01250711
v -0.00686582 -0.03492801 0.01265357
v -0.01340348 -0.01782534 0.01613865
v -0.00444032 -0.03412260 0.01276464
v -0.02179392 0.00430902 0.00880753
v -0.00436802 -0.03675342 0.01250463
v -0.00208401 -0.03633794 0.01257455
v -0.00095189 -0.03592743 0.01251900
v -0.00019046 -0.03629219 0.01225818
v 0.00245290 0.04619894 0.01125403
v 0.00246482 0.04655610 0.01091259
v -0.01275208 -0.01887932 0.01720263
v -0.01339144 -0.01883519 0.01593981
v 0.00261347 0.04684171 0.01041781
v -0.00740018 -0.03427803 0.01276596
v -0.00597785 -0.03405591 0.01279047
v -0.01369437 -0.01932589 0.01531548
v -0.01378871 -0.01783481 0.01499580
v 0.00409231 0.04565979 0.01108692
v 0.00432028 0.04599181 0.01082334
v -0.01359264 -0.01727798 0.01557125
v -0.00905810 -0.02727057 0.01826620
v 0.00434755 0.04634133 0.01046811
v -0.01463339 -0.03800048 -0.00453928
v -0.01909554 -0.02941688 0.01121755
v -0.01747461 -0.03035146 0.01224949
v -0.01680351 -0.02967905 0.01247199
v 0.00649117 0.04588216 0.01050151
v -0.01818259 -0.03034953 -0.01916489
v -0.01481318 -0.02994672 0.01303409
v -0.01332685 -0.03064019 0.01333908
v -0.01022942 -0.02627796 0.01856085
v -0.01954990 -0.03625337 -0.00412674
v 0.00667933 0.04548995 0.01070808
v -0.00866380 0.00350095 0.01253558
v -0.01748170 -0.02945639 0.01222210
v 0.00783840 0.04555714 0.01076311
v -0.01841712 -0.03027117 0.01183632
v 0.00762760 0.04468859 0.01100140
v -0.01883254 -0.02875265 0.01141014
v -0.02037188 0.00460827 0.01037769
v -0.01619195 -0.02883052 0.01275179
v -0.01948882 0.00350750 0.01108384
v 0.00975173 0.04550239 0.01100313
v 0.00882248 0.04486343 0.01107445
v -0.01210033 -0.02951933 0.01401853
v -0.01332325 -0.02939961 0.01365270
v -0.02130931 0.00528057 0.00939784
v -0.01274626 -0.03006720 0.01362644
v -0.00965071 -0.02653116 0.01851778
v -0.00715562 -0.01650746 0.01818321
v -0.02098755 0.00287599 0.00984933
v 0.00254595 -0.03310727 0.01203529
v 0.00491044 -0.03407626 0.01191847
v -0.00948106 -0.01598351 0.01834005
v 0.00470167 -0.03288219 0.01204359
v -0.00915144 -0.01716510 0.01829686
v -0.00800633 -0.01730773 0.01816521
v -0.01962030 -0.02802897 0.01072941
v -0.02217560 -0.02858163 -0.01631064
v -0.01886529 -0.02777354 0.01147149
v -0.01798649 -0.02890405 0.01195727
v -0.02254292 -0.02909728 -0.01518191
v -0.01140552 -0.02705011 0.01777175
v -0.01175904 -0.02734555 0.01726293
v -0.01120132 -0.02773279 0.01717236
v -0.01058213 -0.02693937 0.01806802
v -0.01241244 -0.02702420 0.01670810
v -0.01181970 -0.02763782 0.01671371
v -0.01223895 -0.02754113 0.01595845
v -0.01226200 -0.02801463 0.01507157
v -0.01131417 -0.02847600 0.01568689
v -0.01043359 -0.02827313 0.01682062
v -0.00784262 0.00355598 0.01251369
v -0.01261268 -0.02823562 0.01448033
v -0.00836864 -0.02724035 0.01839139
v -0.01169079 -0.02877662 0.01479114
v -0.00944521 -0.02803497 0.01757743
v -0.00823975 0.03617988 -0.02211003
v -0.00866247 -0.02775557 0.01800148
v -0.01646098 -0.03040752 -0.01997419
v -0.00815801 -0.02833802 0.01756455
v -0.00937692 0.00467587 0.01251631
v -0.01163073 0.00539123 0.01269464
v -0.00821733 -0.02904693 0.01656460
v -0.00818112 -0.02881299 0.01699935
v -0.00698469 -0.02915650 0.01702972
v -0.00844987 -0.02920214 0.01597307
v -0.00712992 -0.01591742 0.01835529
v -0.00805811 -0.02957824 0.01505470
v -0.00962020 -0.02903458 0.01572936
v -0.00801532 -0.02978487 0.01466445
v -0.00682096 -0.02973872 0.01522992
v -0.01332826 -0.02793766 0.01403814
v -0.01390400 -0.02836668 0.01365335
v -0.00841419 0.00481956 0.01243290
v -0.01248383 -0.02885206 0.01423734
v -0.01142201 -0.02925229 0.01445642
v -0.00576408 -0.01586645 0.01767525
v -0.00630986 -0.01568582 0.01804388
v -0.00613899 -0.01646270 0.01785615
v -0.01591847 -0.02628518 0.01312381
v -0.01794663 -0.02784552 0.01203803
v -0.01457775 -0.02782646 0.01341770
v -0.00663719 -0.01616298 0.01811780
v 0.00410834 0.04748700 0.00877046
v -0.01449223 -0.02607874 0.01352842
v 0.00247816 -0.03195346 0.01222290
v 0.00528859 -0.03101407 0.01251511
v -0.01124359 -0.02528192 0.01854409
v -0.01088074 -0.02567350 0.01859225
v -0.01860154 -0.02584257 0.01188707
v -0.01988663 0.00723585 0.01062476
v -0.02190080 -0.02741288 -0.01748877
v -0.01037092 -0.02602635 0.01863563
v 0.00795182 0.04619325 0.01041538
v -0.01244497 -0.02606485 0.01732042
v -0.01263419 -0.02627009 0.01687186
v -0.00931760 -0.02596702 0.01877655
v -0.01184912 -0.02614388 0.01792584
v -0.01200531 -0.02682434 0.01752327
v -0.01227543 -0.02689403 0.01714671
v -0.00904521 -0.02553320 0.01889769
v -0.02122225 0.00710519 0.00938304
v -0.01274827 -0.02694131 0.01518016
v -0.01311897 -0.02603225 0.01481827
v -0.01302552 -0.02736229 0.01439339
v -0.01242345 -0.02750717 0.01544156
v -0.00840005 -0.02649587 0.01868228
v -0.02221437 0.00772763 0.00785196
v -0.00816027 -0.02555940 0.01887766
v -0.00713777 -0.02591273 0.01875618
v -0.02091867 -0.01644010 0.00854708
v -0.02080267 -0.01722231 0.00858022
v -0.02160479 0.00703454 0.00886192
v -0.01413393 -0.02659215 0.01362633
v 0.00986879 0.04621692 0.01067869
v 0.00291146 -0.03081895 0.01262080
v -0.02106740 -0.01807000 0.00827788
v -0.00750721 -0.02508829 0.01888839
v -0.00676425 -0.02536621 0.01879416
v -0.02292356 0.00358145 0.00691841
v -0.01655071 -0.02536555 0.01304496
v 0.01033197 0.04583067 0.01089851
v 0.01060918 0.04619742 0.01063879
v -0.00743091 -0.02653750 0.01860804
v -0.02246497 -0.01696542 0.00668883
v -0.01410223 -0.02609008 0.01372901
v 0.00777894 0.04652880 0.01010979
v 0.00668516 0.04668721 0.00964798
v 0.00636176 0.04619466 0.01024525
v -0.01919578 -0.02651815 0.01131790
v -0.01988356 -0.02657667 0.01051881
v -0.01718200 -0.02807755 0.01239675
v -0.01784895 -0.02650079 0.01232571
v -0.01346930 -0.01648954 0.01571720
v -0.01274717 -0.02486334 0.01712573
v -0.01375945 -0.01679495 0.01493823
v -0.01308632 -0.02530330 0.01577227
v -0.01337251 -0.02593510 0.01443707
v -0.01403476 -0.01678951 0.01430221
v -0.00673830 0.04681543 0.00699411
v -0.00562012 0.04679778 0.00798728
v -0.00565581 0.04690964 0.00679473
v -0.01367742 -0.02644901 0.01392628
v -0.01370950 -0.01592196 0.01474467
v -0.01405235 -0.01557261 0.01404383
v 0.00806891 -0.03161688 0.01227355
v -0.00886269 0.04665513 0.00722744
v -0.00771291 0.04669541 0.00613003
v -0.00856623 0.04644834 0.00527360
v -0.00774400 0.04664347 0.00496319
v -0.01352976 -0.01507621 0.01450066
v -0.00542791 0.04723451 0.00565397
v -0.00671814 0.04700278 0.00482739
v -0.00600243 0.04712437 0.00555584
v -0.00676706 0.04685361 0.00598004
v 0.00869025 -0.02995819 0.01295763
v 0.01042134 -0.03094028 0.01289756
v -0.01143174 -0.02657494 0.01809768
v -0.00556685 -0.01693970 0.01759266
v -0.01938750 -0.02566501 0.01110657
v -0.01761411 -0.02892176 -0.02047268
v -0.01714773 -0.02448876 0.01276383
v -0.01555022 -0.02458100 0.01344347
v -0.01315957 -0.02438183 0.01620551
v -0.00594835 -0.02775796 0.01821538
v -0.00746804 -0.02770078 0.01813225
v -0.01359191 -0.02429423 0.01514374
v -0.01403648 -0.02472223 0.01424698
v -0.01096735 -0.01343371 0.01800579
v -0.01156768 -0.01424785 0.01828524
v -0.00329815 0.03511673 -0.02329442
v -0.02106599 -0.03405058 -0.01296525
v -0.02048613 -0.03424261 -0.01356991
v -0.02051377 -0.03455533 -0.01274100
v -0.01976993 -0.03515737 -0.01235524
v -0.01098808 -0.02501397 0.01871539
v -0.00967805 -0.01433682 0.01832244
v -0.00399775 0.03648676 -0.02257441
v -0.02057712 -0.03391093 -0.01402603
v -0.02066732 0.00690781 0.00997061
v -0.01966565 -0.03439113 -0.01407766
v -0.01957874 -0.03404494 -0.01469237
v -0.01617399 -0.02289879 0.01315296
v -0.01601853 -0.02426949 0.01328574
v -0.01527380 -0.02341241 0.01372542
v -0.01468184 -0.02364121 0.01413269
v -0.01418376 -0.02318672 0.01468236
v -0.01385928 -0.02414783 0.01476198
v -0.01114081 -0.01433818 0.01835276
v -0.01874408 -0.02459565 0.01164522
v -0.01149662 -0.01344477 0.01769273
v -0.01162993 -0.01390188 0.01803387
v -0.01679540 -0.02261127 0.01268295
v -0.01802125 -0.02399368 0.01211539
v -0.01510910 0.00734028 0.01225776
v -0.01329263 -0.02315736 0.01620410
v -0.00164997 0.04783900 0.00616612
v -0.01381778 -0.02341792 0.01508741
v -0.00395382 0.04753744 0.00567233
v -0.00342401 0.04784195 0.00555459
v -0.01016159 -0.02512096 0.01888899
v -0.01457135 0.00665755 0.01240700
v -0.00523367 0.04754296 0.00500408
v -0.00410635 0.04786294 0.00527686
v -0.00535582 0.04786500 0.00456798
v -0.01492139 -0.02267257 0.01401235
v -0.00520609 0.04838849 0.00423815
v -0.01643049 0.00810903 0.01189309
v -0.01909188 -0.02248811 0.01079950
v -0.01145887 -0.02436919 0.01861997
v -0.01197179 -0.02434640 0.01823510
v -0.00889874 -0.01429345 0.01850168
v -0.00415749 0.04830093 0.00492990
v -0.01338890 -0.02167631 0.01601037
v -0.01385426 -0.02199843 0.01523491
v -0.00202875 0.04742690 0.00648898
v -0.00222855 0.04786635 0.00590995
v -0.00324717 0.04825316 0.00528600
v -0.00750924 -0.01385913 0.01891408
v -0.00830716 -0.01515380 0.01849334
v -0.00308499 -0.03077502 0.01292486
v -0.00956684 -0.02358523 0.01915182
v -0.00243290 -0.03147530 0.01264532
v -0.00059172 -0.03187370 0.01252485
v 0.00052373 -0.03175370 0.01239122
v 0.00918512 -0.03483419 0.01136701
v 0.01010053 -0.03363144 0.01200545
v -0.01483217 0.00831921 0.01233627
v -0.01833882 -0.03632453 -0.00859962
v -0.00974533 -0.01512567 0.01836411
v 0.00078107 0.04840801 0.00714292
v -0.01702950 -0.03691180 -0.00897875
v -0.00663194 -0.01403444 0.01891008
v -0.00672522 -0.01533574 0.01848091
v -0.01875658 -0.03598481 -0.01078576
v -0.00396495 -0.02964483 0.01416157
v -0.00528127 -0.03020919 0.01407602
v -0.00359261 -0.03000468 0.01346580
v -0.00283567 -0.02999879 0.01323645
v -0.00330803 -0.03043733 0.01309419
v -0.00384127 -0.03039472 0.01325305
v -0.00202272 -0.02992742 0.01312432
v -0.00190169 -0.03028540 0.01289706
v 0.00137683 0.04791955 0.00788366
v -0.00641759 -0.01411178 0.01875341
v -0.00020517 -0.03088189 0.01276195
v 0.01101219 -0.03318334 0.01211908
v -0.00613563 -0.01516959 0.01800255
v 0.00932359 -0.03197044 0.01231676
v 0.01067530 -0.03203340 0.01250031
v -0.01912230 -0.03568289 -0.01159450
v -0.00576407 -0.01505500 0.01761038
v -0.01616141 -0.03662150 -0.01203405
v -0.00211833 -0.02744294 0.01751224
v -0.00202041 -0.02773349 0.01708409
v -0.00040535 -0.02748089 0.01718332
v -0.00018274 -0.02794633 0.01655248
v -0.00157251 -0.02800159 0.01653125
v -0.00242028 -0.02858401 0.01524676
v -0.00052199 -0.02822173 0.01604333
v 0.00132509 -0.02859335 0.01548904
v 0.00087549 -0.02802727 0.01639775
v 0.00059369 -0.02861096 0.01553753
v -0.00903738 -0.02468164 0.01905009
v -0.00137787 -0.02879997 0.01459755
v -0.00396411 0.04881668 0.00475266
v -0.02154994 0.00884260 0.00887983
v -0.02099275 0.00867569 0.00960572
v -0.00306896 0.04883930 0.00498590
v -0.00241492 -0.02909820 0.01418347
v -0.00492051 0.04890418 0.00411083
v -0.00160482 -0.02919461 0.01390284
v -0.01974940 0.00912186 0.01076540
v -0.00839884 -0.01266489 0.01861243
v -0.01230917 -0.02528983 0.01772794
v 0.00066282 -0.02901677 0.01464220
v 0.00151211 -0.02902700 0.01457776
v -0.02022859 0.00971516 0.01030841
v -0.02020907 0.00773034 0.01039574
v -0.00719356 -0.01293017 0.01881250
v -0.00796031 -0.01291229 0.01878075
v -0.00735762 -0.01342306 0.01889734
v 0.00063331 -0.02928052 0.01415441
v 0.00011741 -0.02956771 0.01369786
v -0.00434561 0.04973093 0.00399136
v 0.00096668 -0.02956441 0.01374726
v -0.00214281 -0.02956873 0.01347893
v -0.00142527 -0.03002546 0.01300819
v -0.00130369 -0.02962407 0.01340904
v -0.00002699 -0.03030222 0.01298414
v 0.00027438 -0.02989969 0.01337261
v -0.01021275 -0.01324402 0.01810324
v -0.01039610 -0.01283053 0.01794571
v 0.00054833 -0.03036156 0.01295830
v -0.01169004 -0.02472557 0.01841133
v -0.01936753 0.00823303 0.01101770
v -0.00207842 0.04898362 0.00511126
v -0.00976540 -0.01274032 0.01801971
v -0.00940391 -0.01336244 0.01829312
v 0.00166263 -0.02765274 0.01663663
v 0.00174507 -0.02720566 0.01711090
v -0.00598473 -0.02523821 0.01877960
v -0.00924693 -0.01264706 0.01813516
v -0.00615830 -0.02664752 0.01865732
v 0.00212026 -0.02720972 0.01697065
v 0.00231575 -0.02829696 0.01557578
v 0.00155150 -0.02837480 0.01577375
v 0.00282148 -0.02796145 0.01576254
v 0.00298167 -0.02866683 0.01482330
v -0.00157133 0.04890044 0.00537959
v 0.00215646 -0.02881968 0.01480497
v -0.01133360 -0.01284713 0.01687047
v -0.01113484 -0.01310470 0.01755413
v 0.00346825 -0.02899790 0.01436859
v 0.00219140 -0.02911706 0.01431401
v 0.00272239 -0.02973191 0.01340166
v -0.01108569 -0.02315822 0.01884269
v 0.00467973 -0.02903825 0.01380287
v 0.00416882 -0.02949604 0.01347750
v -0.00115500 0.04873404 0.00573690
v 0.00359271 -0.02970439 0.01332319
v -0.01830072 0.00945213 0.01157152
v 0.00462056 -0.02980502 0.01314461
v 0.00555549 -0.02902898 0.01353069
v -0.01564992 -0.03580060 -0.01423288
v -0.01406500 -0.03675351 -0.01325059
v -0.01355118 -0.03619667 -0.01470859
v 0.00147937 -0.02607614 0.01785053
v -0.01174468 -0.02396874 0.01846464
v 0.00204339 -0.02604713 0.01765868
v 0.00220476 -0.02696691 0.01711331
v -0.00847496 -0.01340699 0.01866399
v 0.00377878 -0.02594923 0.01652081
v 0.00257160 -0.02704866 0.01685960
v 0.00323354 -0.02757748 0.01584944
v 0.00361423 -0.02797291 0.01532458
v 0.00509521 -0.02794826 0.01456001
v -0.00838070 -0.02366172 0.01913938
v 0.00607516 -0.02754584 0.01446439
v 0.00711363 -0.02808803 0.01386323
v 0.00650708 -0.02941940 0.01318605
v 0.00949223 -0.02902301 0.01332469
v 0.00930072 -0.02955039 0.01316181
v -0.00640022 -0.01326230 0.01872533
v -0.00684242 -0.01341421 0.01885958
v -0.01390709 -0.03549764 -0.01575013
v -0.00098445 0.04903060 0.00553501
v -0.01464452 -0.03456158 -0.01676187
v -0.00689700 -0.01400109 0.01893961
v 0.00307978 -0.02498613 0.01737637
v 0.00262980 -0.02577754 0.01747254
v 0.00293561 -0.02607385 0.01711870
v 0.00406935 -0.02537614 0.01655787
v 0.00734228 -0.03042715 0.01269547
v -0.00615213 -0.01320679 0.01859760
v 0.00041662 0.04902244 0.00648977
v 0.00964987 -0.02812432 0.01362733
v 0.00255769 0.04896781 0.00695075
v 0.00305063 0.04854967 0.00751077
v 0.00829637 -0.02895790 0.01336837
v -0.01046687 -0.02398399 0.01898958
v 0.00459654 -0.02548244 0.01623397
v 0.00505154 -0.02694511 0.01531424
v -0.00602868 -0.01446385 0.01816249
v 0.00424565 -0.02592197 0.01623286
v 0.00542506 -0.02612170 0.01576495
v -0.00382462 0.05000587 0.00429633
v -0.01110610 -0.03528610 -0.01726072
v -0.01291636 -0.03538466 -0.01640833
v -0.01002826 -0.03593319 -0.01672456
v -0.01428973 0.00908163 0.01248005
v -0.00567791 -0.01435380 0.01762712
v -0.00544312 -0.01455776 0.01724282
v 0.00229872 -0.02352400 0.01754166
v 0.00240369 -0.02436090 0.01774113
v -0.01841499 0.01045050 0.01162675
v 0.00481523 -0.02355328 0.01639203
v 0.00389540 -0.02472677 0.01676706
v 0.00358986 -0.02381570 0.01691255
v 0.00340152 -0.02276729 0.01680976
v -0.01157456 -0.02328773 0.01855070
v 0.00620137 -0.02375582 0.01619602
v 0.00591190 -0.02462620 0.01613779
v 0.00618401 -0.02534429 0.01598230
v -0.02114428 -0.01426615 0.00872513
v 0.00465210 -0.02475104 0.01634219
v 0.00548665 -0.02545284 0.01601550
v 0.00885487 -0.02429113 0.01618103
v 0.00837892 -0.02496640 0.01614908
v 0.00808429 -0.02584335 0.01577554
v -0.02036041 -0.01473913 0.00939695
v 0.00946991 -0.02498666 0.01594513
v 0.00981134 -0.02459255 0.01580581
v 0.00888940 -0.02589758 0.01556785
v 0.01023637 -0.02509604 0.01561016
v 0.00623439 -0.02591406 0.01577682
v -0.01370257 -0.03358017 -0.01829889
v -0.01163417 -0.03445586 -0.01806695
v -0.02177634 -0.01600600 0.00764836
v -0.02311926 -0.01493898 0.00561010
v -0.02227322 -0.01487533 0.00711678
v -0.01173809 -0.03386666 -0.01864798
v -0.01288703 -0.03224350 -0.01984127
v -0.00266250 -0.01996860 0.01699828
v -0.00386843 -0.02053592 0.01748700
v -0.00377384 -0.01907947 0.01703906
v -0.00023277 -0.02196481 0.01752937
v 0.00018303 -0.02102804 0.01690582
v 0.00079745 -0.02193994 0.01729654
v -0.01958638 -0.02687761 -0.02071413
v 0.00122466 -0.02076974 0.01653289
v 0.00187200 -0.02131032 0.01664281
v -0.00120982 -0.01943188 0.01648429
v 0.00101306 -0.02009328 0.01631449
v 0.00257148 -0.02182693 0.01671896
v 0.00300729 -0.02094006 0.01622753
v -0.00361097 0.04958611 0.00457181
v -0.01047621 -0.03126576 -0.02130071
v -0.00396474 -0.01685259 0.01652154
v -0.00303972 -0.01766106 0.01634783
v -0.00220100 -0.01775176 0.01607962
v -0.00424561 -0.01821166 0.01701549
v -0.00674122 -0.02409451 0.01881845
v -0.00031319 -0.01806140 0.01587152
v -0.00142990 -0.01774798 0.01588684
v -0.01547086 0.00912572 0.01226169
v 0.00174898 -0.01815536 0.01601434
v 0.00117052 -0.01857903 0.01592158
v 0.00064613 -0.01883541 0.01600167
v 0.00144197 -0.01982958 0.01617239
v 0.00341462 -0.01920731 0.01582322
v 0.00264179 -0.01915650 0.01588948
v -0.00500439 0.04915423 0.00365171
v 0.00288657 -0.01995334 0.01599927
v -0.01346044 -0.03112992 -0.02054956
v -0.01166875 -0.01306039 0.01471621
v -0.01146158 -0.01302548 0.01529987
v 0.00534152 -0.03031574 0.01280002
v -0.02284601 -0.02711370 -0.01553898
v -0.01942859 0.00970700 0.01105874
v 0.00227624 -0.01600204 0.01710029
v 0.00257576 -0.01617405 0.01712537
v 0.00189952 -0.01723422 0.01638760
v 0.00431963 -0.01705630 0.01677771
v 0.00362028 -0.01626676 0.01721787
v 0.00533707 -0.01692783 0.01658386
v -0.02284042 -0.02577619 -0.01624022
v -0.02297455 -0.02418191 -0.01647853
v -0.00219753 0.04958760 0.00465348
v -0.01395752 -0.02852915 -0.02200183
v -0.01199520 -0.03025539 -0.02156636
v -0.01451931 -0.01258146 0.01303836
v -0.01471338 -0.01392650 0.01325188
v -0.01534325 -0.01272305 0.01281347
v -0.01623274 -0.01275557 0.01243903
v -0.01638630 -0.01324631 0.01234449
v -0.01723024 -0.01314485 0.01178931
v -0.00152707 0.04936161 0.00492193
v -0.01925981 -0.01358662 0.01032996
v -0.00094988 0.04955336 0.00486345
v -0.00144765 0.04969718 0.00460611
v -0.01543474 -0.01345973 0.01286770
v -0.01391335 -0.01365222 0.01355137
v -0.01364844 -0.02762209 -0.02248588
v -0.01646662 -0.02722449 -0.02183218
v -0.01216520 -0.02379110 0.01807295
v -0.01621263 -0.02603030 -0.02232164
v -0.00490236 0.00752640 0.01246155
v -0.01619590 -0.01208503 0.01244553
v -0.01705770 -0.01180624 0.01203487
v 0.00832409 0.03589855 -0.02365361
v -0.01229326 -0.01275439 0.01388205
v -0.01217614 -0.01326286 0.01443562
v -0.00680326 -0.01240264 0.01275320
v -0.00570308 -0.01300665 0.01338891
v -0.00603201 -0.01314220 0.01399213
v -0.00716627 -0.01243116 0.01312169
v -0.01260475 -0.02371233 0.01749839
v -0.00483606 -0.01357042 0.01389692
v -0.00518446 -0.01299483 0.01307074
v -0.01334770 -0.01313726 0.01358416
v -0.00605542 -0.01262397 0.01276564
v -0.00537615 -0.01266488 0.01264609
v -0.00380745 0.00774467 0.01240489
v -0.00376713 -0.01321514 0.01307344
v -0.00450263 0.04974236 0.00349146
v -0.00379263 -0.01368926 0.01361258
v -0.00385744 0.05028037 0.00370581
v -0.01704332 -0.01085126 0.01208303
v -0.00311307 0.05055455 0.00383758
v -0.00687263 -0.02469573 0.01880458
v -0.00580232 0.00900042 0.01227535
v -0.00636727 -0.01210143 0.01227628
v -0.00572818 -0.01178208 0.01191523
v -0.00546973 -0.01225267 0.01225658
v -0.00327239 0.05074804 0.00325450
v -0.00378350 0.05050234 0.00306133
v -0.00366127 -0.01258090 0.01250842
v -0.01017059 -0.01024202 0.01268566
v -0.01966875 -0.02263020 -0.02166802
v -0.00844051 -0.01232336 0.01846666
v -0.00320793 0.05023272 0.00424856
v -0.00776622 -0.01223218 0.01860332
v -0.00611701 -0.01103629 0.01162244
v -0.00715686 -0.01213351 0.01856166
v -0.00635809 -0.01055939 0.01154401
v -0.00213231 0.05035213 0.00403881
v -0.01933679 0.01041813 0.01107431
v -0.01989940 0.01053785 0.01055025
v -0.00381694 -0.01162856 0.01205126
v -0.00766999 -0.01186829 0.01842417
v -0.00411358 -0.01113989 0.01191904
v -0.00593388 -0.01030410 0.01156892
v -0.01906183 0.01098807 0.01119192
v -0.01479536 -0.02440882 0.01385154
v -0.00612958 -0.01062908 0.01153391
v -0.02112757 0.00996841 0.00928738
v -0.00422644 -0.01067165 0.01187499
v -0.00098573 0.05012331 0.00409978
v -0.00505892 -0.01017822 0.01175518
v -0.02274501 0.00858343 0.00663387
v -0.02301027 0.01114593 0.00537551
v -0.01822590 -0.02541422 -0.02180153
v -0.00538131 -0.00961578 0.01184133
v -0.00585328 -0.00847628 0.01211208
v -0.00863765 0.00913485 0.01199018
v -0.00297215 -0.00979642 0.01205761
v -0.00837458 -0.00895674 0.01214927
v -0.00837504 0.00834049 0.01199578
v -0.00211077 0.05059739 0.00367691
v -0.01527663 -0.01080388 0.01262386
v -0.00698388 -0.00751786 0.01224309
v -0.00735282 0.01064513 0.01209124
v -0.00841827 -0.00542037 0.01255841
v -0.00082625 0.05032326 0.00375250
v -0.00677471 -0.00586233 0.01245863
v -0.01457145 -0.01118127 0.01280777
v 0.01122885 -0.02975439 0.01314640
v -0.00742887 -0.00503143 0.01253003
v -0.00544111 0.04865091 0.00192978
v -0.00571333 0.04811875 0.00153625
v -0.00823900 -0.00318109 0.01262983
v -0.01162115 -0.02173200 0.01856261
v -0.01152436 -0.02261098 0.01864957
v -0.00510733 -0.00233496 0.01253533
v -0.01239071 -0.01186966 0.01343510
v -0.00480044 0.00103609 0.01256374
v -0.01096820 -0.03768286 0.01108965
v -0.00625797 -0.00201609 0.01251496
v -0.00752964 0.00022074 0.01241650
v -0.01354481 -0.01233802 0.01326741
v -0.01005048 -0.03801473 0.01073016
v -0.01221198 -0.03837266 0.00986578
v -0.01174454 -0.01225633 0.01375999
v -0.01148388 -0.01255070 0.01412789
v -0.00972598 -0.02257676 0.01915357
v -0.01050729 -0.02290398 0.01904073
v -0.00586458 0.00144874 0.01253962
v -0.02433471 0.00230939 0.00289069
v -0.01212201 -0.03795338 0.01059749
v -0.02479950 -0.00034165 0.00072559
v -0.01014849 0.01195507 0.01223305
v -0.00823290 -0.01167968 0.01818479
v -0.01092469 -0.03860603 0.00981971
v -0.00795754 -0.01148470 0.01784869
v -0.01188565 -0.02211964 0.01840426
v -0.00571972 0.00445295 0.01258649
v -0.00688069 -0.01193893 0.01838158
v -0.01240020 -0.02209354 0.01786920
v -0.01242995 -0.02309359 0.01774484
v -0.01210713 -0.02304686 0.01808602
v -0.00774755 -0.01158204 0.01818862
v -0.00694232 -0.01162832 0.01790252
v -0.00995082 0.01014139 0.01209884
v -0.00934098 0.01193382 0.01214500
v -0.01258549 -0.02223836 0.01758182
v -0.01075547 -0.03834019 0.01027688
v -0.02422547 0.00596503 0.00241998
v -0.02396162 0.00418312 0.00407715
v -0.01480952 -0.03783011 0.00919220
v -0.01542731 -0.03722608 0.00989657
v -0.02145493 -0.01148565 0.00907420
v -0.00737186 0.00483176 0.01247293
v -0.01599476 -0.03726672 0.00923427
v -0.00629817 0.00539699 0.01252770
v -0.02314616 -0.01328801 0.00590631
v -0.02207375 -0.01315175 0.00773205
v -0.00497179 0.00936552 0.01229648
v -0.00824907 0.01168580 0.01209171
v -0.00941693 0.00778447 0.01207003
v -0.00816420 0.00744639 0.01207998
v -0.01412955 -0.03816509 0.00892232
v -0.00884354 -0.02278618 0.01915633
v -0.01401329 -0.03801088 0.00949648
v -0.02341501 0.00550255 0.00550954
v -0.01416847 0.00786653 0.01242658
v -0.00827031 -0.02281534 0.01909010
v -0.00759015 0.00796807 0.01207613
v -0.02239191 0.01195786 0.00668182
v -0.01256503 0.00806788 0.01243777
v -0.01179626 0.00875398 0.01237469
v -0.01154434 0.00777762 0.01238720
v -0.01881802 0.01017540 0.01142275
v -0.01891991 0.01052876 0.01135488
v -0.01735495 -0.03631536 0.00932557
v -0.01187531 -0.01107740 0.01318688
v -0.01720001 0.01098488 0.01210734
v -0.01799361 -0.03578020 0.00924488
v -0.00111900 0.00873308 0.01207771
v -0.02098117 -0.02485718 -0.02020227
v -0.01784468 -0.03682560 0.00706393
v -0.01770229 0.01128406 0.01192258
v -0.02094704 -0.03371977 -0.01385097
v -0.02123770 -0.03359690 -0.01355726
v -0.00383219 0.00912316 0.01229176
v 0.00065784 0.00711280 0.01200493
v 0.00087859 0.00913502 0.01187450
v -0.01663852 -0.01064144 0.01223187
v -0.02069550 0.01150320 0.00947599
v -0.02020000 0.01198065 0.00991113
v -0.01922017 0.01175359 0.01086680
v -0.01853877 0.01100468 0.01153097
v -0.01835602 0.01190872 0.01145616
v -0.02186379 0.01217079 0.00763878
v -0.02175764 0.00984931 0.00841404
v -0.01540254 -0.03582694 0.01164378
v -0.01974409 0.01275058 0.01012312
v -0.01873870 -0.03433932 -0.01480608
v -0.02067451 0.01293696 0.00925518
v -0.01549961 -0.03477846 0.01214807
v -0.01366116 -0.03636151 0.01193537
v -0.02119302 -0.03303039 -0.01450487
v -0.01124389 -0.01150855 0.01341977
v -0.02388052 0.01025020 0.00235224
v -0.01312424 -0.03604027 0.01226452
v -0.00153728 0.01116662 0.01191463
v -0.00639557 0.01253957 0.01198861
v -0.00603368 0.01122562 0.01209440
v -0.01919615 0.01418995 0.01021018
v -0.01897933 0.01325633 0.01055692
v -0.02231889 0.01451986 0.00647991
v -0.02017253 -0.03373890 -0.01465819
v -0.01438567 -0.03660254 0.01148110
v -0.02356017 0.01311998 0.00295820
v -0.02371013 0.01312678 0.00187893
v -0.00420219 0.01413908 0.01176173
v -0.00377767 0.01301554 0.01179865
v -0.02327622 0.01257591 0.00421185
v -0.02129899 0.01677667 0.00835066
v -0.02082969 0.01574179 0.00883091
v -0.01240125 -0.03593464 0.01240004
v -0.01167510 -0.03625413 0.01221009
v -0.02169380 0.01459303 0.00761219
v -0.02100941 0.01459244 0.00858825
v -0.02122297 0.01523708 0.00830261
v -0.02263303 0.01553568 0.00546501
v -0.01245764 -0.03647161 0.01212452
v -0.01113573 -0.02055915 0.01861610
v -0.01109094 -0.02171711 0.01882105
v -0.02295105 0.01616606 0.00409296
v -0.01113607 -0.01063231 0.01299753
v -0.01997697 0.01660620 0.00992890
v -0.01904626 0.01522001 0.01026481
v -0.01984030 0.01523496 0.00965989
v -0.01178446 -0.01949017 0.01806274
v -0.01221069 -0.02073479 0.01796225
v -0.02043262 0.01616976 0.00932205
v -0.02028870 0.01415379 0.00936012
v -0.00617856 0.01538704 0.01185346
v -0.01039410 -0.02190285 0.01902604
v -0.02059650 0.01770616 0.00944903
v -0.02190582 0.01953329 0.00729370
v -0.02196741 0.01630272 0.00717326
v -0.02097341 0.01237036 0.00896057
v -0.01245922 -0.01025790 0.01289154
v -0.01176318 -0.00987483 0.01278234
v -0.01654774 -0.03770299 0.00491116
v -0.02158166 0.02127096 0.00773320
v -0.02215433 0.02055894 0.00601899
v -0.02242743 0.02177360 0.00355304
v -0.02237478 0.02082155 0.00478204
v -0.02317056 0.01701582 0.00235409
v -0.00329357 0.01868658 0.01179069
v -0.01861615 -0.03681436 0.00384765
v -0.01873749 -0.03667181 0.00426611
v -0.01903438 -0.03628255 0.00487774
v -0.02198869 0.02229599 0.00554536
v -0.02169549 0.02214332 0.00680221
v -0.02068992 -0.02263299 -0.02084904
v -0.02037757 -0.02330952 -0.02112607
v 0.00023527 0.02556193 0.01136816
v -0.00212749 0.02808334 0.01163351
v -0.00833607 0.01439092 0.01199007
v -0.00534116 0.02700980 0.01186428
v -0.00577091 0.02780350 0.01184675
v -0.00865479 -0.02186478 0.01899789
v -0.00621062 0.03023993 0.01168606
v -0.01737121 -0.00796304 0.01218041
v -0.00857289 0.03440064 0.01179360
v -0.00770895 -0.02096634 0.01859691
v -0.01547025 -0.00964593 0.01254239
v -0.01612911 -0.00918798 0.01242563
v -0.00869777 0.03749449 0.01179470
v -0.00694620 0.03197066 0.01164693
v -0.01857490 -0.03491809 0.00968470
v -0.00618229 -0.02254909 0.01858070
v -0.02018198 0.03683695 0.00460544
v -0.02055497 0.03571308 0.00502952
v -0.01941230 -0.03436130 0.00832215
v -0.02025523 0.03477531 0.00356567
v -0.01958698 0.03589373 0.00258939
v -0.02053477 -0.03333680 -0.01485893
v -0.00875303 0.03950248 0.01194315
v -0.01932823 -0.03526865 0.00676815
v -0.00484762 0.03954623 0.01165896
v -0.00931854 0.01662405 0.01199887
v -0.01941690 0.03957760 0.00511224
v -0.01983932 0.03738618 0.00415084
v -0.01887657 0.03702710 0.00191484
v -0.01813774 0.03780624 0.00118661
v -0.01021388 0.01855379 0.01210088
v -0.01455885 -0.00943769 0.01263406
v -0.01966187 -0.03320779 -0.01572701
v -0.01960237 0.04076821 0.00666307
v -0.01870479 0.04195855 0.00639831
v -0.01930301 0.04099237 0.00631674
v -0.01847448 -0.03595654 0.00773047
v -0.01806476 0.04018036 0.00340468
v -0.01641631 0.03947274 0.00031442
v -0.01751154 0.03858853 0.00093235
v -0.01339963 -0.00938444 0.01269070
v -0.02065233 -0.03247569 -0.01570575
v -0.00318104 0.04264378 0.01183118
v -0.00084313 0.04225372 0.01163139
v -0.01707417 0.04373616 0.00703043
v -0.01713343 0.04273342 0.00527162
v -0.01777211 0.04340060 0.00731573
v -0.01845587 0.04263914 0.00702652
v -0.01973442 -0.03221068 -0.01679195
v -0.01759032 0.04159161 0.00427448
v -0.01849344 -0.03645836 0.00630347
v -0.01574504 0.04256779 0.00333277
v -0.01804365 -0.03687787 0.00635366
v -0.01257370 -0.00904648 0.01265054
v -0.00604262 0.02058411 0.01194619
v -0.01614421 0.04077023 0.00148552
v -0.01302727 -0.00844510 0.01261833
v -0.01530116 0.04106972 0.00076782
v 0.00915505 0.03987715 0.01054133
v -0.01157072 -0.00924130 0.01262158
v -0.01133376 -0.01915360 0.01826291
v 0.00468111 0.04348660 0.01134129
v 0.00813298 0.04213642 0.01064980
v -0.01068010 -0.01916486 0.01840925
v -0.01050963 -0.02093725 0.01885259
v -0.01505966 0.04411562 0.00531752
v -0.01879394 -0.00885875 0.01157186
v -0.00956452 -0.02165461 0.01904051
v -0.00972688 -0.02008316 0.01866233
v -0.01539354 0.04339253 0.00423797
v -0.01333070 0.04495480 0.00531043
v -0.00894776 0.02215118 0.01212811
v -0.01318938 0.04439933 0.00386223
v -0.01280621 0.04330112 0.00147732
v -0.01412528 0.04221885 0.00108257
v -0.00878494 0.01898269 0.01200145
v -0.01311379 -0.03540178 0.01248791
v -0.01272560 0.03340394 -0.02200252
v -0.01521913 -0.00883597 0.01259272
v 0.00790852 0.04340154 0.01087774
v -0.01449540 -0.00855658 0.01262566
v -0.00822729 0.03352655 -0.02270028
v -0.01168231 -0.00870631 0.01256936
v 0.00898704 0.04299050 0.01082890
v -0.01218439 0.04566174 0.00619908
v -0.00985021 0.04566432 0.00350417
v -0.01136925 0.04502251 0.00346533
v -0.01006490 0.04499543 0.00197330
v -0.01126472 0.04372114 0.00066677
v -0.01080552 -0.03522549 0.01253848
v -0.01208918 0.04223680 -0.00119884
v -0.01011415 -0.00912826 0.01239683
v 0.01452623 0.04328096 0.01016271
v 0.01440558 0.04398664 0.01006114
v -0.01247124 -0.00791277 0.01260218
v 0.01612089 0.04339725 0.00953482
v 0.01574189 0.04282600 0.00991282
v 0.01538151 0.04360566 0.00979538
v 0.01767583 0.04222511 0.00943342
v 0.01721204 0.04228490 0.00965848
v 0.01638565 0.04207310 0.00995058
v -0.01880407 -0.03218024 0.01136243
v 0.01705678 0.04301140 0.00927820
v -0.01820170 -0.03131993 0.01194408
v -0.01900561 -0.03357772 0.01071666
v -0.01915451 -0.03267910 0.01086441
v -0.00520124 0.03364450 -0.02328030
v -0.01164823 -0.00754432 0.01256811
v 0.01446053 0.04448206 0.00987471
v 0.01516535 0.04464703 0.00943052
v 0.01559341 0.04409499 0.00942990
v 0.01622205 0.04377176 0.00919598
v 0.01612372 0.04420170 0.00886561
v 0.01669727 0.04388462 0.00855389
v 0.01724291 0.04350178 0.00827964
v 0.00400899 0.04686600 0.00978898
v -0.00517632 -0.02215694 0.01830565
v 0.00592421 0.04668516 0.00970450
v -0.00278179 0.03521075 -0.02332200
v -0.01818319 -0.03313330 0.01167242
v 0.01520207 0.04502505 0.00894510
v 0.01473277 0.04507934 0.00929709
v 0.01478469 0.04543143 0.00865369
v -0.01442991 -0.00614711 0.01282058
v 0.01549705 0.04510865 0.00823626
v 0.01597130 0.04482839 0.00792470
v 0.01623912 0.04447912 0.00825355
v 0.01644374 0.04441940 0.00787457
v -0.01181530 0.03877118 -0.01925653
v -0.01061225 0.03871502 -0.02012354
v -0.01220423 0.03812857 -0.02029870
v -0.00949887 0.03843645 -0.02086823
v -0.01106328 0.03800237 -0.02078769
v -0.00968928 0.03775866 -0.02141184
v -0.01804490 -0.00734562 0.01193664
v -0.02002953 0.02564591 0.00844470
v -0.01918026 0.02537150 0.00956108
v 0.00278022 0.03444833 -0.02391867
v 0.00366736 0.03484624 -0.02384837
v 0.01464249 0.04568583 0.00756952
v 0.01526451 0.04534922 0.00787457
v -0.01626065 -0.00738281 0.01252520
v -0.02016191 -0.03345785 0.00737202
v -0.00892183 0.03884559 -0.02041574
v -0.01907166 -0.03393675 0.01010338
v -0.00884049 0.03857397 -0.02079664
v -0.00857863 0.03822506 -0.02116247
v -0.02024964 0.02437113 0.00867175
v -0.02005302 -0.03464382 0.00551985
v -0.01579201 -0.00727111 0.01263379
v -0.02067494 0.02492024 0.00753337
v 0.00277977 0.04766742 0.00879253
v 0.00539881 0.04763631 0.00806845
v 0.00673085 0.04750657 0.00777209
v 0.00859940 0.04664389 0.01010311
v 0.01074104 0.04667814 0.00970825
v 0.01061235 0.04651639 0.01023114
v 0.00997526 0.04668985 0.01005960
v 0.00992183 0.04645285 0.01045482
v -0.02073880 0.02612778 0.00702645
v -0.02123136 0.02466875 0.00633928
v 0.00794706 0.04735380 0.00771817
v 0.00884021 0.04702328 0.00866767
v 0.00752352 0.04693077 0.00917768
v -0.01641711 -0.03776480 0.00080086
v -0.01607045 -0.03768705 -0.00243117
v 0.00694612 0.04716071 0.00860565
v -0.01712546 0.02548072 0.01128164
v 0.01046577 0.04690903 0.00827345
v 0.01037541 0.04698949 0.00742382
v 0.00346603 0.04866027 0.00710310
v 0.00420113 0.04860001 0.00649737
v 0.00487535 0.04817061 0.00722532
v 0.00582637 0.04786765 0.00730108
v 0.00680226 0.04764939 0.00715457
v 0.00588031 0.04801583 0.00638778
v -0.01220918 -0.01892227 0.01773660
v 0.00778178 0.04744749 0.00728030
v 0.00877447 0.04729172 0.00734671
v -0.01914691 -0.03159143 0.01112174
v 0.00777583 0.04746385 0.00638268
v -0.00544372 0.04874118 0.00268946
v -0.01244530 -0.01970738 0.01756267
v -0.00431198 0.04749009 0.00003884
v -0.00506351 0.04773960 0.00054260
v -0.00571763 0.04716137 0.00056112
v -0.01861207 -0.03079390 0.01173171
v 0.00461238 0.03511240 -0.02375382
v 0.00573828 0.03594104 -0.02353719
v 0.00810328 0.03559904 -0.02378699
v 0.00463386 0.04852831 0.00599405
v 0.00373505 0.04892026 0.00613983
v 0.00304700 0.04924392 0.00618084
v 0.00298787 0.04951708 0.00559340
v 0.00311414 0.04952672 0.00500007
v 0.00472035 0.04858066 0.00517639
v 0.00618521 0.04788718 0.00487022
v 0.00307767 0.04926297 0.00332281
v 0.00477093 0.04808627 0.00275231
v -0.01789302 0.02594547 0.01068462
v 0.00492416 0.04839225 0.00431073
v 0.00653062 0.04744094 0.00346507
v -0.01858558 0.02493871 0.01027033
v 0.00846698 0.04720927 0.00542092
v 0.00678901 0.04773447 0.00577706
v -0.01851637 0.02617674 0.01011810
v 0.01146094 0.04671380 0.00697059
v 0.00801933 0.04707921 0.00408588
v -0.00865585 -0.01986719 0.01854491
v 0.01143900 0.04624703 0.00484744
v -0.00335180 0.05069035 0.00280586
v -0.00440222 0.04977043 0.00274907
v -0.00407733 0.04982517 0.00208538
v -0.00963364 -0.01876229 0.01837946
v -0.00508572 0.04864333 0.00137317
v -0.00335101 0.04947605 0.00095163
v -0.00372218 0.04892282 0.00075518
v -0.00201563 0.04760078 -0.00032437
v -0.00234366 0.04854148 0.00034249
v -0.00222263 0.04955158 0.00091649
v -0.00080861 0.04843600 0.00029772
v -0.00005666 0.04751426 -0.00033271
v 0.00163424 0.04867315 0.00123744
v 0.00096989 0.04807189 0.00040337
v -0.00997073 -0.00761290 0.01237855
v 0.00256973 0.04728724 -0.00005961
v 0.00386417 0.03867871 -0.02166397
v 0.00234014 0.03872970 -0.02157241
v 0.00276221 0.03921316 -0.02095617
v 0.00476280 0.03907075 -0.02113832
v 0.00675681 0.03790886 -0.02232898
v 0.00598696 0.03875285 -0.02145921
v 0.00712462 0.03807217 -0.02211392
v 0.00431442 0.03778326 -0.02239307
v 0.00585168 0.03760221 -0.02258242
v -0.00340145 0.05032865 0.00206632
v -0.00255474 0.05082994 0.00256421
v -0.00331773 0.04991082 0.00131622
v -0.00282847 0.04975774 0.00103699
v -0.00092695 0.05021291 0.00216209
v 0.00107962 0.04990800 0.00277288
v -0.00151262 0.05067173 0.00280993
v -0.00036902 0.05030082 0.00270690
v -0.00216531 0.05085703 0.00280285
v -0.00181900 0.04996660 0.00145578
v -0.00824321 -0.00809839 0.01222238
v -0.00063717 0.04932956 0.00104826
v 0.00145045 0.04929536 0.00196085
v 0.00241647 0.04936627 0.00277531
v -0.00607059 -0.02062688 0.01819503
v -0.00405539 0.02610615 0.01179573
v -0.00745900 -0.00858940 0.01204881
v -0.01176008 -0.03884008 0.00639355
v -0.01529403 -0.03804358 0.00552285
v -0.01445435 -0.03826785 0.00440686
v -0.01963377 0.02692777 0.00884460
v -0.01920981 0.02637037 0.00937796
v -0.01031253 -0.03163066 0.01354999
v -0.01332250 -0.03861536 0.00071440
v -0.01948725 0.02833585 0.00910556
v -0.01930103 -0.03563784 0.00596001
v -0.02046126 0.02781632 0.00729721
v -0.01942007 -0.03615704 0.00351227
v -0.02040256 -0.03155092 -0.01704464
v -0.00943278 -0.03178081 0.01352523
v -0.01625310 -0.00648865 0.01253990
v -0.01950964 -0.03630246 0.00214305
v -0.01987789 -0.03173604 -0.01727960
v -0.01116502 -0.03151458 0.01348913
v -0.02103641 -0.03418772 0.00207687
v -0.01915802 -0.03176981 -0.01757179
v -0.02004232 -0.03537764 0.00368206
v -0.01991111 -0.03570326 0.00310850
v -0.02066954 -0.03495363 0.00136135
v -0.02016158 -0.03564507 0.00136305
v -0.01503952 -0.00625427 0.01276147
v -0.01573422 -0.00643511 0.01265680
v 0.00458008 -0.03600525 0.01180686
v -0.02055772 -0.03112308 -0.01726070
v -0.01977545 -0.03053254 0.01041967
v -0.02056831 -0.03075387 -0.01746754
v -0.01577439 -0.00573491 0.01260860
v -0.00816660 -0.03182874 0.01339176
v -0.00969459 -0.03893310 -0.00444814
v -0.01367068 -0.00673556 0.01278087
v 0.00579160 -0.03610606 0.01166729
v 0.00670006 -0.03483044 0.01156239
v -0.01925825 -0.03041893 0.01108852
v -0.02040496 -0.02984141 0.00952106
v -0.01990381 -0.03141028 -0.01756223
v -0.01309200 -0.03817199 -0.00807831
v -0.01779007 -0.00632176 0.01195481
v -0.01021896 -0.03864734 -0.00835388
v 0.00066449 -0.03286507 0.01222942
v 0.00568621 -0.03309479 0.01195296
v -0.02022137 0.02896850 0.00802897
v -0.02008958 0.03026283 0.00861121
v -0.01755210 -0.03685778 -0.00691579
v 0.00791005 -0.03465730 0.01141022
v 0.00921863 -0.03386020 0.01173559
v 0.00832849 -0.03414663 0.01154543
v -0.02052444 0.03064943 0.00767535
v 0.00793953 -0.03591814 0.01105662
v 0.00972068 -0.03582700 0.01082765
v -0.02017010 0.02772163 0.00788416
v 0.01071896 -0.03455669 0.01163239
v 0.01063631 -0.03515624 0.01123769
v 0.01179813 -0.03535241 0.01091036
v -0.01584361 -0.03739717 -0.00861716
v -0.01426191 -0.03777105 -0.00939669
v 0.00124826 -0.03171108 0.01233371
v -0.01037564 -0.02988208 0.01433385
v 0.00733514 -0.03267765 0.01191986
v 0.01172702 -0.03291670 0.01203980
v 0.01137123 -0.03434501 0.01159577
v -0.00965108 -0.03031447 0.01412463
v -0.02063016 0.02847278 0.00671559
v -0.01249468 -0.01820432 0.01771111
v 0.01232938 -0.03520286 0.01088166
v 0.01404611 -0.03490174 0.01080777
v 0.01456895 -0.03551319 0.01045171
v 0.01332238 -0.03559324 0.01047015
v 0.01252635 -0.03433983 0.01119381
v 0.01366360 -0.03344356 0.01122975
v 0.01439746 -0.03381631 0.01107436
v -0.01669513 -0.03675878 -0.01082618
v -0.01173369 -0.01807605 0.01813211
v -0.01063494 -0.03056059 0.01389586
v -0.01856570 0.03201723 0.01047243
v -0.01121639 -0.01778320 0.01833228
v -0.01437804 -0.03722520 -0.01178164
v 0.00225742 -0.03034282 0.01290021
v -0.00969096 -0.03092775 0.01382723
v -0.01092653 -0.01833607 0.01832823
v -0.01878570 0.03065647 0.01013264
v 0.00366001 -0.03043636 0.01279977
v -0.01987865 0.03319337 0.00963907
v -0.01980202 0.03092621 0.00918470
v 0.01211719 -0.03236716 0.01203643
v 0.01145637 -0.03190475 0.01241962
v -0.00834983 -0.03046701 0.01396049
v -0.01616189 -0.00428707 0.01216058
v 0.01277025 -0.03280694 0.01161877
v -0.01482841 -0.00387017 0.01254291
v -0.00820832 -0.03105453 0.01367592
v -0.00880578 -0.01760586 0.01830973
v -0.01417772 -0.00510338 0.01283912
v 0.01215470 -0.03142503 0.01235121
v 0.01092869 -0.03104031 0.01289002
v -0.00645172 -0.03225266 0.01318438
v -0.00665153 -0.03141825 0.01350164
v 0.01173679 -0.03130266 0.01257839
v -0.00645204 -0.03086394 0.01376928
v 0.01315700 -0.03176148 0.01161455
v 0.01485326 -0.03239618 0.01113136
v -0.01660792 0.03108137 0.01141681
v -0.00578722 -0.03154110 0.01329990
v 0.01337012 -0.03290963 0.01138288
v -0.00860596 -0.03802565 -0.01302360
v -0.01023602 -0.03739569 -0.01386607
v 0.01055774 -0.02965700 0.01322559
v 0.01152758 -0.02966527 0.01307745
v -0.00455556 -0.03162094 0.01297155
v 0.01723546 -0.03206626 0.01125008
v -0.02001318 -0.03558109 -0.00603982
v 0.01566744 -0.03185428 0.01107518
v -0.01104096 -0.03672546 -0.01494624
v -0.00945059 -0.03695130 -0.01519679
v 0.01041048 -0.02850662 0.01339992
v -0.01841730 0.03298695 0.01075241
v -0.02149038 -0.00360177 0.00928304
v 0.01534299 -0.03039495 0.01098150
v -0.01555336 -0.00344205 0.01225056
v 0.01685860 -0.03106596 0.01101474
v 0.00608844 -0.02649151 0.01536946
v -0.01864897 -0.00355854 0.01111861
v 0.00703162 -0.02727009 0.01443692
v -0.01893086 -0.03101637 -0.01821909
v 0.01435181 -0.03140724 0.01123185
v -0.02181474 -0.03238996 -0.01410443
v -0.02143278 -0.03201510 -0.01512305
v -0.02033338 0.03390650 0.00916790
v -0.02032846 0.03187334 0.00869513
v -0.02236111 -0.03107862 -0.01413589
v -0.02211875 -0.03061442 -0.01517498
v -0.01230197 -0.01652536 0.01843109
v -0.01953918 -0.03589822 -0.00636627
v -0.01283892 -0.01696525 0.01776322
v 0.00925425 -0.02707082 0.01425040
v 0.00801827 -0.02664220 0.01501876
v -0.01244515 -0.01677697 0.01830380
v -0.01389270 -0.00338657 0.01272138
v 0.01049354 -0.02537598 0.01531519
v 0.01052174 -0.02486515 0.01539263
v 0.01171900 -0.02589143 0.01374755
v 0.01114262 -0.02623935 0.01405922
v 0.01148474 -0.02520355 0.01419998
v -0.01272969 -0.01613476 0.01808719
v 0.01389155 -0.03021661 0.01149899
v 0.01460267 -0.02828313 0.01130207
v 0.01776357 -0.02920586 0.01026667
v 0.01699854 -0.02973012 0.01062964
v -0.01335946 -0.01694339 0.01644831
v 0.01601180 -0.03047576 0.01092055
v 0.01659734 -0.02892348 0.01055240
v -0.01315445 -0.01612506 0.01718811
v -0.00995015 -0.03410936 -0.01895818
v -0.00975459 -0.03497368 -0.01810479
v 0.00425595 -0.02151730 0.01612346
v 0.00685683 -0.02295791 0.01600732
v 0.00517893 -0.02234126 0.01611458
v 0.00797660 -0.02411520 0.01624636
v -0.01329879 -0.01715625 0.01673396
v 0.00878181 -0.02323777 0.01583856
v 0.00789230 -0.02136267 0.01535548
v 0.00980785 -0.02359683 0.01551665
v -0.02081873 0.02975420 0.00612337
v -0.02077955 0.03130469 0.00689105
v -0.00844383 -0.03329916 -0.02015301
v 0.00380120 -0.01889456 0.01587419
v 0.00457187 -0.01936599 0.01571710
v 0.00517010 -0.01962887 0.01560272
v 0.00511262 -0.02033067 0.01569369
v 0.00401537 -0.02018008 0.01586920
v 0.00679834 -0.01992129 0.01527426
v 0.00774966 -0.02024011 0.01504565
v -0.01210311 -0.01693397 0.01842208
v 0.00907640 -0.02104355 0.01476608
v 0.01018285 -0.02134129 0.01427296
v 0.01116376 -0.02187361 0.01384056
v -0.02099313 0.02903184 0.00497439
v -0.01010912 -0.01697969 0.01846258
v -0.02238188 -0.02631801 -0.01713499
v -0.01090962 -0.01698710 0.01853476
v -0.01296558 -0.00365269 0.01286906
v -0.02101432 -0.02722471 -0.01906196
v -0.02107669 0.02903379 0.00345793
v -0.02090978 0.03091042 0.00438478
v -0.02093125 -0.02803390 -0.01852239
v -0.01036655 -0.02946948 0.01466749
v -0.00974105 -0.02942867 0.01491872
v -0.01783516 0.03336390 0.01105576
v -0.01189667 -0.00326105 0.01292251
v -0.01018048 -0.01771717 0.01835109
v -0.00936605 -0.02975864 0.01454687
v -0.00800568 -0.03011224 0.01425983
v -0.00672142 -0.03030822 0.01421576
v -0.01059863 -0.00394794 0.01287759
v -0.01885375 0.03443313 0.01064796
v -0.00663752 -0.02889289 0.01741046
v -0.00647773 -0.02847720 0.01775633
v -0.00576473 -0.02865502 0.01761155
v -0.01952260 -0.02833435 -0.01974376
v -0.01999227 -0.03024062 -0.01810314
v -0.00451065 -0.02794694 0.01783963
v -0.02185375 -0.02582700 -0.01850007
v -0.00290254 -0.01635482 0.01574209
v -0.00170146 -0.01559619 0.01498016
v -0.00268771 -0.01550879 0.01516412
v -0.00374338 -0.01580374 0.01592330
v -0.00181406 -0.01610122 0.01526933
v -0.00080213 -0.01613119 0.01525885
v 0.00000468 -0.01708193 0.01562429
v 0.00028175 -0.01605264 0.01550338
v -0.00605488 -0.02926324 0.01696753
v 0.00124964 -0.01590061 0.01637677
v 0.00099040 -0.01728009 0.01587799
v -0.00519075 -0.02891718 0.01706250
v -0.00590192 -0.02944983 0.01653401
v 0.00251884 -0.01830667 0.01609789
v 0.00365056 -0.01780824 0.01641243
v 0.00696007 -0.01771118 0.01556872
v 0.00494174 -0.01790982 0.01618225
v 0.00556693 -0.01870595 0.01568614
v 0.00517073 -0.01906823 0.01565969
v 0.00452661 -0.01842176 0.01601082
v 0.00547581 -0.01759943 0.01617544
v -0.00672776 -0.02949026 0.01651315
v -0.01012832 -0.02967615 -0.02238070
v -0.01934048 0.03302455 0.01007342
v 0.00228918 -0.01480186 0.01737749
v 0.00258931 -0.01515212 0.01751332
v 0.00181882 -0.01589825 0.01685996
v 0.00157248 -0.01531320 0.01665530
v 0.00175705 -0.01474205 0.01679276
v 0.00294873 -0.01538741 0.01756195
v 0.00338060 -0.01548982 0.01759139
v 0.00343095 -0.01465573 0.01766505
v 0.00386119 -0.01559993 0.01753331
v -0.02013159 -0.02939441 -0.01846958
v -0.00452265 -0.02918095 0.01580168
v 0.00472243 -0.01623639 0.01711351
v 0.00588133 -0.01554655 0.01724261
v 0.00630205 -0.01619315 0.01684175
v -0.01958834 -0.03013280 -0.01841573
v 0.00577766 -0.01656594 0.01667550
v -0.01078839 -0.02829450 -0.02288529
v 0.00214357 -0.01382032 0.01668387
v 0.00283677 -0.01400262 0.01737034
v 0.00234568 -0.01424455 0.01723781
v 0.00163916 -0.01394491 0.01614923
v 0.00163009 -0.01419855 0.01633926
v 0.00277566 -0.01451267 0.01752245
v 0.00422816 -0.01388725 0.01766247
v 0.00417220 -0.01329557 0.01751655
v 0.00427790 -0.01472007 0.01765798
v -0.00630774 -0.03005494 0.01456991
v 0.00603906 -0.01474966 0.01742632
v 0.00694745 -0.01511855 0.01730377
v -0.00583131 -0.02974148 0.01518328
v 0.00755737 -0.01518014 0.01715164
v 0.00695157 -0.01461017 0.01735504
v 0.00761565 -0.01474948 0.01717910
v 0.00778904 -0.01543088 0.01688948
v 0.00793365 -0.01498136 0.01698409
v -0.00507114 -0.02979971 0.01457799
v -0.01189171 -0.01539770 0.01845436
v 0.00736165 -0.01549600 0.01706893
v 0.00822694 -0.01534976 0.01631247
v 0.00751088 -0.01618316 0.01644553
v -0.00362637 -0.01517367 0.01532287
v -0.00159579 -0.01496431 0.01444924
v 0.00020677 -0.01451901 0.01439084
v -0.00009009 -0.01511483 0.01476849
v -0.00072167 -0.01538393 0.01485747
v -0.01307162 -0.01634987 0.01745689
v -0.00267175 -0.01464733 0.01433918
v -0.01303333 -0.01557210 0.01730299
v -0.01277676 -0.01534758 0.01782922
v -0.02127792 -0.00005786 0.00948653
v -0.00066835 -0.01422396 0.01389287
v 0.00101303 -0.01536854 0.01596796
v -0.01953894 -0.00085683 0.01090385
v 0.00052708 -0.01501678 0.01505108
v 0.00086414 -0.01434831 0.01488140
v 0.00671961 -0.01697966 0.01606118
v -0.01326285 -0.01624973 0.01632655
v -0.02085184 0.03382809 0.00782791
v -0.01714753 -0.02457593 -0.02237109
v -0.02068286 0.03198675 0.00802397
v -0.01166466 -0.01647732 0.01854599
v -0.02022500 -0.00201903 0.01025541
v -0.01909622 -0.02246959 -0.02198388
v -0.02014080 -0.00300368 0.01031354
v -0.01849175 -0.02294986 -0.02224053
v -0.01680352 -0.02328673 -0.02268169
v 0.00447506 -0.01239191 0.01626466
v 0.00480262 -0.01237318 0.01585199
v 0.00522141 -0.01234935 0.01634452
v 0.00530827 -0.01243631 0.01567874
v 0.00413462 -0.01251290 0.01571389
v -0.00356077 -0.01071933 0.01192518
v -0.01090531 -0.01590049 0.01856166
v -0.01925696 -0.00234168 0.01080258
v -0.00412860 -0.00981634 0.01195945
v -0.01196716 0.03090840 0.01233373
v -0.02089166 -0.00297936 0.00975100
v -0.00291839 -0.01061882 0.01199583
v -0.00142781 -0.01009528 0.01208956
v -0.00106095 -0.01039043 0.01211691
v -0.00990398 0.03348009 0.01199025
v -0.00195881 -0.00949117 0.01212410
v -0.01439496 -0.00077886 0.01255191
v -0.00472679 -0.00765668 0.01234840
v -0.01417481 -0.00017499 0.01259691
v -0.00809942 0.03226285 0.01173156
v -0.00533335 -0.00471050 0.01251012
v -0.00420916 -0.00659031 0.01244396
v -0.00012229 -0.00650883 0.01217134
v -0.00720227 -0.00382126 0.01254553
v -0.01887961 -0.02868763 -0.01995838
v 0.00507172 -0.03206825 0.01220280
v -0.01946144 0.03409860 0.01021841
v 0.00045551 -0.00078804 0.01220134
v -0.02203724 -0.00087958 0.00865781
v -0.00293375 -0.00213873 0.01242956
v 0.00832227 -0.03275723 0.01191338
v -0.01994547 -0.02875565 -0.01904954
v -0.02046798 -0.00050716 0.01020640
v -0.00306216 0.00313516 0.01242350
v -0.00057481 0.00130116 0.01225587
v -0.01964225 0.03499668 0.01015518
v -0.01914699 0.03519993 0.01062089
v -0.00483864 -0.02689977 0.01861770
v -0.00441759 0.00571024 0.01252155
v -0.01263844 -0.01471987 0.01763406
v -0.01204318 -0.01437112 0.01801397
v -0.01235642 -0.01533664 0.01819419
v -0.01285081 -0.01490859 0.01730625
v -0.00962361 0.00901375 0.01203176
v -0.02004304 0.03590753 0.00988775
v -0.00479690 -0.02744359 0.01832392
v -0.01266293 -0.00118403 0.01277844
v -0.01312421 -0.01566371 0.01693425
v -0.00413847 -0.02740151 0.01827446
v -0.01999019 0.03468010 0.00971184
v -0.02045969 0.03474914 0.00901209
v -0.01303453 -0.01518383 0.01600570
v -0.00385289 -0.02835638 0.01689742
v -0.00021663 0.01200391 0.01177923
v -0.02065299 0.03433096 0.00856010
v -0.01136625 -0.01525129 0.01852520
v -0.00079583 0.01491634 0.01161980
v -0.01026167 -0.01435367 0.01832808
v -0.02098877 0.03394320 0.00703425
v -0.00134950 0.01620511 0.01162402
v -0.00330409 -0.02848310 0.01609751
v -0.00913461 -0.01520149 0.01838583
v -0.00314570 0.02144642 0.01169592
v -0.02100006 0.03388764 0.00648860
v -0.02177069 0.00036884 0.00892612
v -0.00812879 -0.01619827 0.01828782
v -0.00008626 0.02462226 0.01137312
v 0.00085007 0.02026831 0.01137483
v -0.02098614 0.02692093 0.00590179
v -0.00316432 -0.02905766 0.01469632
v -0.02163686 0.02501872 0.00452235
v -0.02086204 0.03176755 0.00615223
v -0.02028116 0.00055974 0.01043118
v -0.02094925 0.03412730 0.00598844
v -0.00399721 0.02936172 0.01167348
v -0.02064349 0.03264278 0.00408076
v -0.02080407 0.03210521 0.00500849
v -0.01077061 -0.02894215 0.01528397
v 0.00073497 0.02863848 0.01146716
v -0.00041647 0.03002943 0.01151687
v -0.01197931 -0.01379493 0.01761356
v -0.01222855 -0.01378080 0.01715512
v -0.01281588 -0.01460678 0.01625047
v -0.00374897 0.03274620 0.01154486
v -0.00230040 0.03175804 0.01150807
v -0.00223780 0.03301748 0.01146567
v -0.00497923 0.03536873 0.01160366
v -0.01206048 -0.01349749 0.01677672
v -0.01257975 -0.01416333 0.01675169
v -0.01465501 0.00217801 0.01251993
v -0.00196512 0.03413816 0.01142951
v -0.01302525 -0.01500096 0.01558710
v -0.00512952 0.03743949 0.01161438
v 0.00289747 0.03848000 0.01106588
v 0.00448147 0.03889915 0.01086580
v -0.01605076 0.00045455 0.01219120
v -0.01208924 -0.01360923 0.01556605
v -0.01438996 -0.01531538 0.01365600
v -0.01374491 -0.01467161 0.01409603
v -0.01422526 0.00146356 0.01258947
v 0.00621637 0.04008295 0.01067689
v 0.01397898 0.03868237 0.01031666
v -0.01392956 0.03226182 -0.02161700
v -0.02037934 -0.02709407 -0.01999632
v -0.01324506 0.03323465 -0.02186206
v -0.01190412 0.03180975 -0.02238635
v -0.01967833 -0.02724842 -0.02045519
v -0.00489189 0.03279617 -0.02344512
v 0.01014920 0.04417542 0.01107801
v -0.02039896 0.03691180 0.00935598
v -0.00465438 -0.02572694 0.01886776
v -0.00596367 -0.02629905 0.01871772
v -0.02165177 0.00291756 0.00908566
v 0.01295063 0.04314611 0.01040916
v -0.00419982 -0.02650576 0.01877503
v -0.00945387 0.04391918 -0.00083870
v -0.00419138 0.04667601 0.00869544
v -0.00345896 0.03382358 -0.02351186
v 0.01834440 0.04174668 0.00909276
v 0.01791829 0.04270930 0.00869317
v 0.01804054 0.04262104 0.00853388
v 0.01845513 0.04195814 0.00851562
v -0.00308895 -0.02572073 0.01865003
v -0.02081110 0.03539972 0.00807569
v 0.01739043 0.04337107 0.00782394
v -0.00425562 -0.02700317 0.01860034
v 0.01790957 0.04279842 0.00688543
v 0.01804041 0.04266585 0.00806883
v 0.01852272 0.04204140 0.00780765
v -0.01273608 0.03834628 -0.01533310
v -0.01409898 0.03777211 -0.01783736
v -0.01283771 0.03844465 -0.01705632
v -0.01256418 0.03747250 0.01248033
v -0.01150772 0.03894528 -0.01515299
v -0.00891189 0.03985675 -0.01433777
v -0.01016740 0.03941143 -0.01364421
v -0.01151766 0.03874522 -0.01314141
v -0.00999310 0.03949381 -0.01242829
v -0.01188581 0.03894629 -0.01814029
v -0.01035643 0.03945141 -0.01651417
v -0.01824591 -0.02791008 -0.02079859
v -0.01929040 0.00248910 0.01114261
v -0.00192802 -0.02653875 0.01817636
v -0.00297391 -0.02656731 0.01840465
v -0.01178431 0.03523207 0.01230308
v -0.01963065 0.00113476 0.01091917
v -0.00775712 0.03997159 -0.01633380
v -0.00788348 0.04009076 -0.01468713
v -0.01858871 0.00154596 0.01147819
v -0.00946044 0.03948369 -0.01817709
v -0.00528763 0.04041328 -0.01587126
v -0.00307639 -0.02740040 0.01783604
v 0.00312965 0.04827119 0.00143799
v 0.00527441 0.04720650 0.00136989
v -0.01166194 -0.01318484 0.01708245
v 0.00611045 0.04729303 0.00242498
v 0.00402079 0.04653783 -0.00046670
v 0.00501195 0.04684754 0.00050499
v 0.00789127 0.04648231 0.00213860
v -0.00973559 0.03658662 0.01188022
v 0.00817788 0.04571456 0.00069350
v 0.01107268 0.04565983 0.00298754
v 0.00871891 0.04427701 -0.00137960
v 0.00706147 0.03855428 -0.02153424
v -0.00219570 -0.02702828 0.01793036
v 0.00663338 0.03723851 -0.02286979
v 0.00889783 0.03709151 -0.02278113
v 0.00817267 0.03700869 -0.02295585
v -0.01210009 -0.03873882 0.00901176
v -0.01244695 -0.03877327 0.00850292
v -0.01192452 -0.03893810 0.00809735
v -0.00921320 -0.03920131 0.00771589
v -0.00327615 -0.02797111 0.01713832
v -0.01217602 -0.01362711 0.01498283
v -0.01003311 -0.03910589 0.00668429
v -0.01443202 -0.03836818 0.00195848
v -0.01433797 -0.01446581 0.01360667
v -0.00261272 -0.02809459 0.01656946
v -0.01471727 -0.03827744 -0.00004165
v -0.02129043 -0.02603753 -0.01939617
v -0.01031625 -0.03900049 -0.00192468
v -0.02082494 0.03652656 0.00786312
v -0.01304615 0.00184638 0.01270452
v -0.02087916 0.03571698 0.00688631
v -0.02078260 -0.02643306 -0.01992890
v -0.01302537 -0.03841015 -0.00389367
v -0.02000542 0.00319339 0.01070652
v -0.02073477 -0.03416733 0.00380231
v -0.02176162 -0.03246719 0.00208948
v -0.02097763 -0.03470421 -0.00033046
v -0.02047928 -0.03491235 -0.01167830
v -0.01920629 0.00332343 0.01122883
v -0.02168245 -0.03111253 0.00434125
v -0.02008336 -0.02655732 -0.02053873
v -0.02138006 -0.03257970 0.00376950
v -0.01487174 -0.03774957 -0.00805435
v -0.02125405 -0.02525982 -0.01976584
v -0.02076771 0.03593279 0.00611567
v -0.02216673 0.00213971 0.00840279
v -0.02005556 -0.02880268 0.01013851
v -0.02204401 -0.03257747 -0.00002787
v -0.01898548 -0.03542779 -0.01252269
v -0.02174529 -0.03344455 -0.00078601
v -0.02223759 -0.03261532 -0.00238318
v -0.02206331 -0.03304326 -0.00289971
v -0.02174297 -0.03366609 -0.00293905
v -0.02126212 -0.03446532 -0.00311065
v -0.02096821 -0.03483093 -0.00417613
v -0.01313122 -0.03792466 -0.01015601
v -0.01515845 -0.03737667 -0.01023453
v -0.02064092 0.03412120 0.00453876
v -0.02037746 -0.01312504 0.00970484
v 0.01495362 -0.03518586 0.01067682
v 0.01508772 -0.03474687 0.01086583
v -0.02042005 0.03317020 0.00315463
v 0.01641444 -0.03549823 0.01067948
v 0.01707676 -0.03582764 0.01043880
v -0.02059288 -0.02676652 0.00943261
v -0.02066718 -0.02870288 0.00903160
v -0.02190988 -0.03336196 -0.00531535
v -0.01251133 -0.03778383 -0.01142672
v -0.00586403 -0.02439131 0.01872212
v -0.01003271 0.03741585 0.01194830
v -0.00460691 -0.02519041 0.01886296
v -0.00399464 -0.02521029 0.01885839
v 0.01550203 -0.03317050 0.01112904
v 0.01521362 -0.03406578 0.01105127
v -0.00417186 -0.02477023 0.01881716
v 0.01670420 -0.03457158 0.01104867
v -0.00395894 -0.02570662 0.01886105
v 0.01828242 -0.03485576 0.01065007
v 0.01803059 -0.03563107 0.01025730
v 0.01744675 -0.03524671 0.01069075
v -0.02042063 -0.02580096 -0.02051990
v -0.00364294 -0.02490732 0.01878388
v 0.01927125 -0.03486227 0.01011364
v -0.02019997 -0.02573804 0.01005202
v -0.01201856 -0.03758528 -0.01239370
v -0.01111204 0.00335810 0.01273405
v -0.00164595 -0.02602798 0.01830324
v 0.01675673 -0.03346307 0.01126658
v 0.01728047 -0.03378929 0.01120676
v 0.01797434 -0.03432890 0.01096136
v 0.01815302 -0.03311084 0.01119724
v 0.01888763 -0.03411683 0.01074546
v 0.02018852 -0.03372604 0.01015977
v 0.01727501 -0.03269262 0.01131948
v 0.01888909 -0.03250126 0.01109245
v 0.01811516 -0.03159137 0.01110317
v 0.01890031 -0.03317313 0.01099990
v -0.00021948 -0.02631135 0.01802260
v 0.02011493 -0.03305832 0.01048283
v 0.01952058 -0.03279248 0.01084287
v 0.02119354 -0.03339883 0.00916599
v 0.02041665 -0.03415805 0.00959464
v -0.02204347 -0.03314571 -0.01102234
v -0.02232682 -0.03258618 -0.01129558
v -0.01988531 -0.02542606 -0.02098762
v -0.02161919 -0.03354909 -0.01257460
v -0.02202726 -0.03296388 -0.01229122
v -0.01952029 -0.01186031 0.01067173
v -0.02135732 -0.03399787 -0.01200400
v 0.01809616 -0.03881556 -0.00489269
v 0.01836596 -0.03863772 -0.00611285
v -0.02071057 0.03759497 0.00768280
v 0.01941305 -0.03186772 0.01088812
v 0.02008380 -0.03199796 0.01065188
v 0.01994710 -0.03137363 0.01064410
v 0.00086879 -0.02618631 0.01793213
v -0.02100065 -0.01291105 0.00920741
v 0.02082800 -0.03242313 0.01012934
v 0.02085290 -0.03310737 0.00989490
v -0.01430617 0.00396346 0.01259252
v 0.02164606 -0.03292156 0.00876025
v 0.02130026 -0.03274593 0.00956365
v -0.00007123 -0.02692280 0.01758880
v -0.02265595 -0.03175062 -0.01174802
v -0.02226872 -0.03239831 -0.01255925
v -0.02178906 -0.03307685 -0.01312012
v -0.02189980 -0.02480458 0.00689716
v -0.02197870 -0.02349771 0.00695686
v -0.02311668 -0.02273261 0.00409119
v -0.02319594 -0.02619433 0.00197464
v -0.02312619 -0.02847729 0.00019439
v -0.01508522 0.00489850 0.01242061
v -0.00498255 -0.03652465 -0.01734551
v 0.00158871 -0.02688732 0.01739244
v -0.02386951 -0.02446392 -0.00011839
v -0.02402253 -0.02584663 -0.00253091
v -0.02429963 -0.02452529 -0.00329347
v -0.00575163 -0.03492464 -0.01918342
v 0.01080589 -0.02339417 0.01478068
v 0.01269807 -0.02492920 0.01298924
v 0.01183380 -0.02418461 0.01381920
v -0.01665459 -0.03600915 -0.01314487
v 0.01222902 -0.02626211 0.01314946
v 0.01515837 -0.02688673 0.01102423
v 0.01593402 -0.02811769 0.01069546
v 0.01640651 -0.02671557 0.01025564
v 0.01605288 -0.02581216 0.01045377
v 0.01705033 -0.02755597 0.01006873
v 0.01802068 -0.02780540 0.00952479
v -0.00777459 -0.03235562 -0.02113927
v 0.01128950 -0.02342303 0.01431203
v 0.01204901 -0.02259680 0.01341742
v 0.01284366 -0.02357872 0.01289271
v -0.01385128 0.00499606 0.01261812
v 0.01416754 -0.02445276 0.01197515
v 0.01868312 -0.02563369 0.00786975
v 0.01768932 -0.02449985 0.00881989
v 0.01842833 -0.02617135 0.00839416
v 0.01742718 -0.02645038 0.00946064
v -0.01295436 -0.01122397 0.01309810
v -0.02061394 0.03772472 0.00861431
v 0.00661040 -0.01857821 0.01536029
v 0.00797072 -0.01806546 0.01495129
v 0.00662433 -0.01907555 0.01524887
v 0.00774994 -0.01919085 0.01490277
v -0.01272044 0.00586891 0.01266256
v 0.00917983 -0.01929467 0.01428793
v 0.00954033 -0.02015725 0.01426211
v -0.02055757 0.03863527 0.00826965
v 0.01007011 -0.01798794 0.01377209
v 0.00891759 -0.01857458 0.01437750
v 0.01110428 -0.01993772 0.01344943
v -0.02233330 -0.02478919 -0.01795499
v -0.02051706 0.03859882 0.00737262
v -0.02205937 -0.02349370 -0.01882097
v -0.01917358 -0.01047871 0.01117639
v 0.00840319 -0.01561487 0.01564447
v 0.00802185 -0.01607309 0.01594998
v 0.00832464 -0.01681240 0.01525708
v 0.00748970 -0.01654077 0.01601983
v 0.00765025 -0.01710821 0.01557278
v 0.00685310 -0.01660485 0.01629107
v -0.00431629 -0.02349507 0.01852612
v 0.00924005 -0.01639874 0.01426871
v -0.02038255 -0.01100272 0.01025659
v 0.00908675 -0.01731645 0.01433524
v 0.00964918 -0.01682333 0.01392135
v 0.01132249 -0.01860790 0.01323392
v 0.01154593 -0.01754703 0.01312631
v 0.00485925 -0.01301547 0.01750615
v 0.00286917 -0.01313975 0.01653648
v 0.00336741 -0.01355610 0.01731104
v 0.00264335 -0.01368555 0.01707832
v 0.00181017 -0.01364782 0.01591252
v 0.00424758 -0.01288988 0.01730485
v -0.00292192 -0.02440365 0.01857078
v 0.00490285 -0.01370855 0.01763022
v 0.00021892 -0.01390777 0.01382111
v 0.00096549 -0.01353984 0.01368687
v -0.00310543 -0.01304449 0.01284795
v -0.00154255 -0.01363195 0.01333693
v -0.01851368 0.00825438 0.01139024
v -0.01846439 0.00626817 0.01136216
v -0.01885570 0.00673152 0.01121321
v -0.02107593 -0.01009771 0.00977246
v -0.00276067 -0.02485967 0.01861169
v -0.01322388 -0.02642096 -0.02297131
v 0.00483960 -0.01259029 0.01718719
v 0.00510460 -0.01276400 0.01735492
v 0.00370041 -0.01263947 0.01626239
v 0.00397094 -0.01273493 0.01687075
v 0.00523328 -0.01250834 0.01705715
v -0.00225911 -0.02467595 0.01854056
v -0.00123887 -0.02474275 0.01847003
v -0.02039430 0.03770212 0.00599811
v -0.01378430 -0.01043783 0.01280593
v -0.00183989 -0.02390800 0.01840899
v 0.00330099 -0.01286340 0.01513962
v -0.00174933 -0.01289897 0.01281214
v 0.00070832 -0.01284657 0.01299146
v 0.00095772 -0.01320562 0.01331788
v 0.00258101 -0.01317330 0.01431206
v 0.00198433 -0.01342569 0.01479061
v -0.00209747 -0.02542550 0.01849989
v 0.00194967 -0.01348274 0.01560473
v 0.00138866 -0.01383900 0.01491967
v 0.00100967 -0.01378551 0.01419182
v 0.00251156 -0.01293401 0.01331062
v 0.00221691 -0.01319899 0.01381966
v 0.00355066 -0.01290057 0.01446459
v -0.00071445 -0.02465373 0.01847510
v -0.00336102 -0.01209588 0.01224434
v -0.00300920 -0.01119709 0.01204108
v -0.00100279 -0.01225456 0.01253822
v 0.00038153 -0.01237477 0.01267260
v 0.00056173 -0.02492274 0.01844138
v 0.00203382 -0.01195799 0.01244157
v 0.00047708 -0.01162198 0.01235399
v 0.00321371 -0.01297664 0.01342691
v 0.00495445 -0.01286285 0.01427320
v 0.00412679 -0.01287863 0.01419958
v 0.00424804 -0.01280249 0.01299116
v 0.00420495 -0.01289365 0.01368065
v -0.01304709 0.03927450 0.01248862
v 0.00502798 -0.01282196 0.01296862
v 0.00113658 -0.02511325 0.01828225
v 0.00242491 -0.01265301 0.01295825
v 0.00224018 -0.01228666 0.01262708
v -0.00076494 -0.02557028 0.01832415
v 0.00419214 -0.01255744 0.01272814
v -0.00073107 -0.01142289 0.01228834
v -0.01894789 0.00881544 0.01127200
v -0.01885759 0.00761117 0.01123006
v -0.02043897 -0.00900703 0.01052570
v -0.01790198 -0.02106121 -0.02232840
v -0.01980272 -0.00980877 0.01089468
v -0.00002256 -0.01044746 0.01212332
v 0.00197085 -0.01106946 0.01211917
v -0.01041086 0.03962344 0.01224463
v 0.00425476 -0.01211503 0.01240666
v -0.01923368 0.00902275 0.01113609
v 0.00122265 -0.00991002 0.01200196
v 0.00189564 -0.02539919 0.01793790
v -0.01414182 0.04028864 0.01230659
v -0.00051808 -0.00942896 0.01210894
v -0.00178364 -0.00825418 0.01222688
v -0.01169512 0.03952306 0.01248385
v 0.00122321 -0.00388044 0.01210618
v -0.02462530 0.00274164 0.00071824
v -0.01328951 0.00899728 0.01251027
v -0.02476218 0.00325988 -0.00167987
v -0.02431432 0.00798683 0.00074346
v -0.00533896 -0.02322563 0.01855374
v 0.00031208 0.00499653 0.01205589
v -0.01971391 -0.00741322 0.01110080
v -0.02448475 0.00701399 -0.00260693
v -0.02012482 -0.00808455 0.01082881
v -0.02412600 0.01094689 -0.00034612
v -0.02440461 0.00783024 -0.00073548
v -0.00295671 -0.02310631 0.01825209
v -0.02420360 0.00982062 -0.00301934
v -0.02415402 0.00894935 -0.00532953
v 0.00276495 0.01162067 0.01151697
v -0.00138753 -0.02331222 0.01829595
v -0.01379956 0.01077724 0.01266414
v 0.00368507 0.01355233 0.01131976
v -0.00116008 -0.02404288 0.01844168
v -0.01502584 -0.00741187 0.01272048
v 0.00638105 0.01322514 0.01120108
v -0.02326938 0.01692168 0.00146097
v -0.00011667 -0.02414539 0.01855083
v -0.02352665 0.01523518 -0.00197459
v -0.02368172 0.01314610 -0.00469147
v -0.00755624 0.03942185 0.01181695
v 0.00223935 0.01671310 0.01129886
v 0.00042831 -0.02411614 0.01856445
v -0.01344018 -0.00781455 0.01264838
v 0.00045874 -0.02349303 0.01847693
v 0.00113800 -0.02450487 0.01840239
v -0.02279128 0.02009097 -0.00036143
v -0.02312875 0.01811455 0.00069957
v -0.02310878 0.01772102 -0.00255107
v -0.02275954 0.01974845 -0.00224457
v -0.02294670 0.01615471 -0.00721304
v -0.02318990 0.01620273 -0.00487043
v 0.00096608 -0.02389776 0.01846588
v -0.01864630 -0.00694963 0.01165370
v 0.00185434 -0.02479982 0.01808695
v -0.02215362 0.02271560 0.00435460
v -0.02223918 0.02303232 0.00313330
v 0.00305216 0.02297842 0.01125448
v -0.02169811 0.02559539 0.00329608
v -0.02144661 0.02703428 0.00246170
v -0.02204368 0.02420000 0.00204606
v -0.02256110 0.02150384 0.00193343
v -0.02045565 -0.00624895 0.01051120
v -0.02214784 0.02324896 -0.00044223
v -0.02152890 0.02542240 -0.00183911
v -0.02265029 0.01943837 -0.00457954
v -0.02180382 0.02081841 -0.00911290
v -0.00854293 0.04078936 0.01198902
v -0.01247054 0.01075234 0.01254938
v -0.01535153 -0.03499225 -0.01577344
v -0.02121124 0.02739963 0.00467059
v -0.02004804 0.04075111 0.00794243
v 0.00380573 0.02642919 0.01132090
v -0.02093837 0.02980790 0.00257800
v -0.02081673 0.02910331 0.00033013
v -0.02118926 0.02813211 0.00178171
v -0.02078883 0.03037585 0.00212038
v -0.02085649 0.02697905 -0.00356281
v -0.01990340 0.04044465 0.00708473
v -0.02182957 0.02204416 -0.00688144
v -0.02077859 0.02449214 -0.00981336
v 0.01850032 -0.03080245 0.01080090
v -0.00012878 0.03271556 0.01135762
v -0.01294019 0.01202505 0.01264826
v -0.02016086 0.03842592 0.00582284
v 0.02047189 -0.03073505 0.01027521
v -0.02052942 0.03214152 0.00286199
v -0.01966603 -0.00623728 0.01102890
v -0.02050523 0.03132491 0.00174176
v -0.02015550 0.03219155 0.00104807
v -0.02002006 0.03406848 0.00225071
v -0.01924187 0.03087107 -0.00466867
v -0.02007592 0.03053848 -0.00128099
v -0.01936802 0.03220551 -0.00177116
v -0.02016541 0.02860331 -0.00450151
v -0.01914893 0.02989243 -0.00794541
v -0.01981138 0.03884973 0.00529479
v -0.01984793 0.02788981 -0.00856288
v -0.01926857 0.02847811 -0.01169033
v 0.02069207 -0.03102646 0.01023286
v -0.02126358 -0.00626139 0.00979392
v 0.02134441 -0.03195163 0.00971695
v -0.01839755 0.03006790 -0.01404033
v 0.00341103 0.03693914 0.01099875
v -0.01954481 0.04170344 0.00768759
v 0.00118038 0.03753406 0.01116595
v -0.01812953 0.03175591 -0.00903432
v -0.01800070 0.03149134 -0.01222287
v -0.01950058 0.03520146 0.00181626
v -0.01875120 0.03394574 -0.00146705
v -0.01795394 0.03644149 -0.00062732
v -0.02184154 -0.00674854 0.00913892
v -0.01928027 0.04174657 0.00713957
v -0.01809907 0.03309474 -0.00489192
v -0.01850269 0.03158102 -0.00686690
v 0.02182111 -0.03240267 0.00860400
v 0.02161188 -0.03243954 0.00916554
v 0.02166477 -0.03135035 0.00911071
v -0.01630139 -0.00563453 0.01243844
v -0.00115420 0.04084154 0.01149611
v -0.00257765 0.03959593 0.01147420
v 0.00615663 0.03918483 0.01069626
v -0.02274306 -0.03088867 -0.01305628
v 0.01081649 0.03512734 0.01063519
v -0.02233849 -0.03191966 -0.01320572
v -0.00077113 0.03935113 0.01131013
v -0.01563849 0.03893493 -0.00163023
v -0.01712891 0.03746277 -0.00103077
v -0.01722073 0.03605188 -0.00278017
v -0.01712528 0.03506418 -0.00465802
v -0.01655780 0.03495011 -0.00659351
v -0.01711934 0.03429707 -0.00634509
v -0.01579385 0.03764531 -0.00320953
v -0.01378879 0.04003114 -0.00265898
v -0.01413380 -0.03422285 -0.01741394
v -0.01399687 0.03878226 -0.00441852
v -0.01577345 0.03663380 -0.00495142
v -0.01408009 0.03775644 -0.00641916
v -0.01267280 -0.03467630 -0.01744105
v -0.01698823 0.03386695 -0.00861305
v -0.01705650 0.03348540 -0.01029954
v -0.01459857 -0.00491067 0.01274426
v -0.01557207 0.03566078 -0.00825621
v -0.01642952 0.03435335 -0.01140511
v -0.01574888 0.03527241 -0.00996819
v -0.01444314 0.03663530 -0.01037032
v -0.01124112 0.03202918 -0.02250595
v 0.01432530 0.04083420 0.01020557
v 0.01568737 0.04095120 0.01015267
v 0.01524449 0.03887088 0.01022975
v -0.01014761 0.01576303 0.01209181
v 0.01442832 0.04215217 0.01025721
v 0.01446157 0.04133171 0.01022480
v 0.01847812 -0.02882431 0.00982855
v 0.01742804 0.04034743 0.01006131
v 0.01688579 0.04068672 0.01016024
v 0.01864418 -0.02822183 0.00941040
v 0.01561885 0.04175650 0.01010316
v 0.01752077 0.04131207 0.00993083
v 0.02142409 -0.03121136 0.00951893
v 0.00305307 0.03990512 0.01116471
v -0.01259463 0.03992792 -0.00448571
v -0.01079827 0.04088112 -0.00507099
v -0.01081321 0.04188310 -0.00316869
v -0.01279121 0.03889225 -0.00646341
v -0.01147720 0.03984019 -0.00643384
v -0.01367445 0.03764890 -0.00805105
v -0.01108110 0.03938029 -0.00885170
v 0.00287135 0.04147454 0.01142256
v -0.00965689 0.04049007 -0.00755843
v 0.00555744 0.04072383 0.01080734
v 0.00471311 0.04134154 0.01104707
v -0.01286860 0.03792774 -0.01128702
v -0.01317947 0.03778151 -0.00979433
v -0.01356107 0.03741103 -0.01193559
v 0.02192549 -0.03167231 0.00839529
v -0.01102114 0.03912792 -0.01092364
v -0.00418503 0.03244875 -0.02355111
v -0.02310616 -0.03013113 -0.01224711
v 0.01878930 0.04150350 0.00728780
v 0.01881264 0.04144331 0.00768804
v 0.01911515 0.04014846 0.00759343
v -0.01455037 0.03730614 -0.01921512
v -0.01420470 0.03727542 -0.01996067
v -0.01479984 0.03625645 -0.02024143
v -0.01397040 0.03673670 -0.02066238
v -0.01325477 0.03643362 -0.02115631
v -0.01336841 0.03700487 -0.02085985
v 0.01856203 0.04195604 0.00733453
v -0.01313461 0.03829358 -0.01922769
v -0.01366333 0.03791539 -0.01954674
v -0.01261769 0.03831252 -0.01980596
v -0.01320202 0.03786587 -0.02014222
v -0.01357292 0.03735981 -0.02046670
v -0.01276578 0.03763742 -0.02062534
v -0.01252908 0.03713374 -0.02106983
v -0.00349120 -0.02253744 0.01811553
v -0.01108190 0.03734729 -0.02125912
v -0.00580884 0.04000855 -0.01767705
v -0.00602445 0.04453586 -0.00247803
v -0.00551638 0.04648084 -0.00042547
v -0.00760656 0.04527904 -0.00028777
v -0.01557191 0.01838477 0.01220304
v -0.00846840 0.04547791 0.00108283
v -0.00757212 0.04427215 -0.00183818
v -0.00449117 0.04625555 -0.00109408
v -0.00386534 0.04531272 -0.00227558
v -0.00229017 0.04498292 -0.00316166
v -0.00223242 -0.02180304 0.01769189
v -0.00636031 0.04341428 -0.00404184
v -0.00857409 0.04246084 -0.00425917
v -0.00670995 0.04228342 -0.00604584
v -0.00865977 0.04158695 -0.00597924
v -0.00865243 0.04042779 -0.00942276
v -0.00744537 0.04126933 -0.00802495
v -0.02060200 0.01897187 0.00978974
v -0.00733878 0.04041971 -0.01232923
v -0.00854743 0.04009807 -0.01171348
v -0.02023199 0.01862786 0.01014641
v -0.00413569 0.04409665 -0.00391253
v -0.00463545 0.04260361 -0.00658735
v -0.00236412 0.04279844 -0.00709400
v -0.00186539 0.04383958 -0.00523079
v -0.00006532 0.04324406 -0.00638903
v -0.00481232 0.04183390 -0.00842417
v -0.00609542 0.04105540 -0.01018587
v -0.00290559 0.04195121 -0.00919538
v 0.00160058 0.04278578 -0.00714359
v -0.00000873 0.04237558 -0.00841164
v -0.00115485 0.04216916 -0.00907169
v -0.00240008 0.04160010 -0.01080640
v -0.00001940 -0.02358574 0.01854161
v 0.00937240 0.04110821 -0.00668206
v 0.00833971 0.04155366 -0.00672543
v 0.00886517 0.04063765 -0.00835051
v -0.00328082 0.04114631 -0.01251546
v -0.00542592 0.04084778 -0.01207793
v -0.00059360 0.04129160 -0.01272832
v -0.00083743 -0.02260639 0.01797730
v 0.00680863 0.03500559 -0.02388915
v -0.01941043 0.01981622 0.01091687
v -0.00544996 0.03813100 -0.02129292
v -0.00508423 0.03870795 -0.02061871
v -0.00413496 0.03885938 -0.02045708
v -0.00401547 0.03822071 -0.02127766
v 0.00179944 -0.02269009 0.01740949
v -0.00248380 0.03905860 -0.02040758
v 0.00143146 -0.02403629 0.01831181
v -0.00369829 0.03742099 -0.02204497
v -0.01670639 0.02024152 0.01178238
v -0.00149355 0.03785053 -0.02213354
v 0.01279261 0.04039356 0.01038133
v -0.00185350 0.03860612 -0.02123035
v -0.00008211 0.03878603 -0.02123679
v -0.00003527 0.03783134 -0.02219770
v 0.00132369 0.03780505 -0.02233578
v -0.01498470 0.02111455 0.01228080
v -0.00217971 0.04082472 -0.01516922
v -0.00156458 0.04038289 -0.01742424
v -0.01999601 0.01991219 0.01057075
v -0.00314905 0.03985749 -0.01867320
v -0.00010462 0.04004197 -0.01886463
v 0.00261500 0.04070592 -0.01606834
v 0.00148544 0.04046161 -0.01764950
v -0.01425837 0.02025427 0.01246556
v 0.00479206 0.04033174 -0.01707326
v 0.00431183 0.04017480 -0.01852739
v 0.00255412 0.04003077 -0.01928633
v 0.00472701 0.03988281 -0.01949655
v 0.00631107 0.04002611 -0.01723581
v -0.01003190 0.01965975 0.01213311
v 0.00771218 0.03972952 -0.01668684
v 0.00534269 0.04062559 -0.01349975
v 0.00593002 0.03982945 -0.01909015
v 0.00747759 0.03959010 -0.01835366
v 0.00967134 0.03870721 -0.01927839
v 0.00729312 0.03942610 -0.01940661
v 0.00078245 0.04630256 -0.00162380
v 0.00101057 0.04709154 -0.00060718
v -0.01410823 0.04546506 0.00832989
v -0.01488693 0.04519205 0.00871221
v -0.00117288 0.04683746 -0.00108401
v -0.00132236 0.04596120 -0.00206913
v -0.00081072 0.04521116 -0.00313311
v 0.00090118 0.04514780 -0.00320716
v -0.01453503 0.04552596 0.01035927
v 0.00601758 0.04378818 -0.00386817
v 0.00570408 0.04502619 -0.00202214
v 0.00353535 0.04566542 -0.00190479
v 0.00980959 0.04220386 -0.00406554
v 0.00813856 0.04314601 -0.00367337
v 0.00211567 0.04482254 -0.00349695
v -0.01494618 0.04479581 0.00699819
v -0.00004056 0.04166976 -0.01096275
v 0.00170028 0.04198815 -0.00936015
v 0.00360794 0.04269364 -0.00688910
v 0.00533662 0.04248281 -0.00666462
v 0.00379009 0.04389516 -0.00455511
v -0.01594625 0.04456522 0.00818847
v 0.00684028 0.04211195 -0.00665229
v 0.00535725 0.04097483 -0.01108298
v 0.00527248 0.04161570 -0.00891303
v 0.00345738 0.04195771 -0.00878713
v -0.01538289 -0.00484394 0.01253860
v 0.00303838 0.04138114 -0.01109647
v 0.00870186 0.03992169 -0.01088832
v 0.00717069 0.04084137 -0.00957656
v -0.01902725 0.02188198 0.01096634
v -0.01846819 0.02124785 0.01126364
v -0.01137500 0.04529083 0.01120592
v 0.00062105 0.04103076 -0.01439414
v -0.01291955 0.04538701 0.01119147
v -0.01174735 -0.03892541 0.00860722
v -0.01129248 -0.03902661 0.00847003
v -0.01105632 -0.03903304 0.00856933
v -0.01125213 -0.03886001 0.00918144
v -0.01987256 0.02175776 0.01048130
v -0.01327618 0.04579033 0.01043916
v -0.01302512 -0.03853925 0.00555086
v -0.01056872 0.04598582 0.01037024
v -0.01069441 0.04551655 0.01096267
v -0.01667241 -0.03644676 0.00997159
v -0.01637955 -0.03575957 0.01126429
v -0.01076559 0.04499386 0.01140342
v -0.01533787 -0.03652552 0.01098991
v -0.01123724 0.04472857 0.01154113
v -0.01181728 0.04495670 0.01153006
v -0.01960442 -0.03295938 0.00959645
v -0.02050977 -0.03139270 0.00832798
v -0.01225284 0.04516300 0.01145547
v -0.01918412 -0.00471509 0.01109477
v -0.01970956 -0.00362255 0.01063611
v -0.01180021 0.04570047 0.01064633
v -0.01805297 -0.00451174 0.01149680
v -0.01927199 -0.03314356 0.01047445
v -0.02015808 -0.03294145 0.00807666
v -0.01167379 0.04605336 0.00989117
v -0.01946317 0.02256293 0.01054729
v -0.00988370 -0.03506852 0.01255450
v -0.02029247 -0.03555213 0.00049916
v -0.02036240 -0.03554177 -0.00133019
v -0.01397160 0.04564918 0.00952001
v -0.01809703 0.02305307 0.01107055
v -0.01982078 -0.03613834 -0.00286894
v -0.02126070 -0.03418080 0.00015651
v -0.02150224 -0.03394759 -0.00110017
v -0.01266917 0.04585793 0.00775314
v -0.01193856 0.04611188 0.00898075
v -0.02031401 -0.03566630 -0.00278450
v -0.02042442 -0.03027457 0.00927246
v -0.01360206 0.04529416 0.00667854
v -0.02053687 -0.03225493 0.00753811
v -0.00983232 0.02215376 0.01224128
v -0.02016388 -0.03569036 -0.00455027
v -0.00930527 0.02316867 0.01217515
v -0.02078773 -0.00481964 0.01005542
v -0.01060721 -0.03831517 -0.01049560
v -0.01868639 0.02379074 0.01047490
v -0.01365238 0.03404996 -0.02159836
v -0.02129064 -0.03419570 -0.00649964
v -0.01943039 -0.00306782 0.01071675
v -0.02085275 -0.02962861 0.00832013
v -0.02132951 -0.03009418 0.00659963
v -0.01309358 0.03377221 -0.02183714
v -0.02248458 -0.03051298 0.00127243
v -0.02239101 -0.03149584 0.00002752
v -0.02220412 -0.03278086 -0.00476367
v 0.00414479 0.04464929 0.01134343
v -0.02178475 -0.03350909 -0.00716990
v -0.02213666 -0.03293901 -0.00669367
v -0.00804021 0.02255606 0.01205366
v -0.02112725 -0.03435513 -0.00822163
v -0.02042578 -0.03513650 -0.00998141
v -0.02124262 -0.03432894 -0.01045803
v -0.02078744 -0.03481694 -0.01055453
v -0.01947812 -0.03571269 -0.00889287
v -0.01991546 -0.03541220 -0.01096527
v -0.02164807 -0.03378087 -0.01071890
v -0.00972645 0.02526411 0.01218609
v -0.01718032 -0.00171434 0.01170741
v -0.00856930 0.02534464 0.01203875
v -0.02133633 -0.02599541 0.00795914
v -0.01895646 -0.00145184 0.01109942
v 0.00593125 0.04408829 0.01117578
v -0.02207947 -0.02759752 0.00546139
v -0.02233225 -0.02906760 0.00355323
v -0.02308653 -0.02977637 -0.00184359
v -0.00685663 0.02425566 0.01195761
v 0.01859019 -0.03898020 -0.00150254
v 0.01812127 -0.03914051 -0.00192894
v 0.01794355 -0.03907875 -0.00298715
v 0.01733611 -0.03906121 -0.00480213
v 0.01898627 -0.03864469 -0.00352168
v -0.01634103 0.02710504 0.01181833
v -0.01588488 0.02651082 0.01202830
v 0.00490378 -0.03927608 -0.01228294
v -0.01503364 0.02713363 0.01233633
v -0.02341820 -0.02835630 -0.00170165
v -0.01702194 -0.00063444 0.01187552
v -0.02343431 -0.02931632 -0.00440884
v -0.02164848 -0.02220961 0.00758380
v -0.01768572 0.02761773 0.01091146
v -0.00614428 -0.03700938 -0.01626883
v -0.01877421 -0.00022819 0.01141182
v -0.00293903 -0.03687283 -0.01718923
v 0.00668787 0.04240119 0.01078789
v -0.02425081 -0.02518114 -0.00371634
v -0.02398524 -0.02682122 -0.00398307
v -0.02426289 -0.02563826 -0.00506095
v -0.00115452 -0.03635878 -0.01822663
v -0.00614216 -0.03593779 -0.01787997
v -0.00789411 -0.03429799 -0.01933670
v 0.01908332 -0.02797344 0.00878097
v -0.01894731 0.00037668 0.01135188
v 0.01988322 -0.02837853 0.00834963
v -0.01947287 0.00002673 0.01105282
v 0.01917540 -0.02751010 0.00828500
v 0.00244246 0.04541687 0.01159539
v -0.02236581 -0.01911197 0.00634495
v -0.00757616 0.02620755 0.01195038
v -0.02340277 -0.02041729 0.00373466
v -0.02296773 -0.02121815 0.00486431
v -0.01543326 0.02808698 0.01217828
v -0.00509496 -0.03427863 -0.02001957
v -0.00671310 -0.03392163 -0.02000291
v -0.00461261 -0.03350755 -0.02079009
v -0.00601103 -0.03298850 -0.02100516
v 0.01843028 -0.02724302 0.00886165
v 0.00415292 0.04520416 0.01123265
v 0.01918025 -0.02689382 0.00781711
v 0.02006450 -0.02714097 0.00666044
v -0.02282652 -0.01859641 0.00542413
v -0.02330638 -0.01824934 0.00414917
v -0.01824112 0.00037353 0.01162287
v -0.00797959 -0.03114085 -0.02199424
v -0.00715897 -0.03072678 -0.02239773
v 0.01313337 -0.02047439 0.01242577
v 0.01291520 -0.02177403 0.01271985
v 0.01447736 -0.02277271 0.01178370
v 0.00611573 0.04493587 0.01101515
v -0.01552278 0.00408905 0.01234413
v 0.01511030 -0.02318629 0.01131369
v 0.01631274 -0.02139689 0.01016841
v 0.01606944 -0.02302163 0.01045761
v 0.01680544 -0.02457285 0.00979465
v 0.01842209 -0.02410706 0.00785933
v 0.01885708 -0.02461864 0.00733755
v -0.00834667 -0.02921252 -0.02294926
v 0.00702523 0.04477684 0.01097548
v -0.02191019 -0.02479805 -0.01881458
v 0.01297903 -0.01929486 0.01244372
v 0.01375940 -0.01975201 0.01201141
v 0.01327240 -0.01837180 0.01231564
v 0.00752030 0.04407457 0.01095291
v 0.01465268 -0.02029409 0.01144704
v 0.01597657 -0.01964253 0.01044838
v 0.01559135 -0.02068962 0.01077522
v 0.01753267 -0.02110427 0.00883216
v 0.01702688 -0.01965910 0.00946233
v -0.01721065 0.03076755 0.01115238
v 0.00918402 0.04420349 0.01111959
v 0.01821066 -0.02190699 0.00794717
v 0.00599997 -0.01335972 0.01724978
v 0.00564875 -0.01370604 0.01750016
v 0.00538187 -0.01307693 0.01744451
v 0.00706650 -0.01414738 0.01724430
v 0.00724354 -0.01377518 0.01694871
v 0.00793303 -0.01440527 0.01686632
v 0.00816895 -0.01468248 0.01649095
v -0.01117147 -0.02550552 -0.02353733
v -0.01484190 -0.02490677 -0.02292718
v 0.00540831 -0.01261135 0.01711045
v 0.00616231 -0.01306866 0.01693963
v 0.00633451 -0.01278006 0.01641151
v 0.00799385 -0.01405155 0.01659516
v 0.00747942 -0.01355638 0.01650157
v 0.00799473 -0.01390596 0.01632080
v 0.00790839 -0.01373745 0.01577592
v -0.01030839 0.04637458 0.00947578
v 0.00722278 -0.01319986 0.01602110
v 0.00816367 -0.01419235 0.01594382
v 0.00852449 -0.01462544 0.01455637
v 0.00892529 -0.01464102 0.01370950
v 0.00826117 -0.01443377 0.01504580
v 0.00842758 -0.01506339 0.01535191
v -0.01024283 0.04646667 0.00833440
v -0.00967854 0.04654748 0.00757177
v 0.00793764 -0.01384095 0.01506690
v 0.00775582 -0.01371541 0.01444576
v 0.00817848 -0.01412765 0.01457611
v 0.00815017 -0.01398373 0.01409458
v 0.00103224 -0.02338601 0.01821200
v 0.00929485 -0.01561477 0.01394928
v 0.00922423 -0.01477197 0.01345999
v 0.01024828 -0.01675051 0.01358453
v 0.00971211 -0.01571171 0.01354344
v -0.01285794 0.02820947 0.01237938
v -0.01180380 0.04612081 0.00788863
v 0.00967592 -0.01478920 0.01312861
v 0.01102959 -0.01632996 0.01324520
v 0.01237753 -0.01684649 0.01281561
v 0.01263533 -0.01570608 0.01275460
v 0.00574804 -0.01246705 0.01643541
v 0.00586184 -0.01252696 0.01583525
v 0.00617160 -0.01261457 0.01619305
v 0.00136345 -0.02238964 0.01741621
v 0.00687228 -0.01310410 0.01486764
v 0.00734389 -0.01326737 0.01545029
v -0.01763408 0.00298818 0.01177722
v 0.00576159 -0.01286166 0.01454976
v 0.00589816 -0.01297798 0.01402603
v -0.00976703 0.04635449 0.00618815
v 0.00687392 -0.01323185 0.01411607
v 0.00648816 -0.01303497 0.01297355
v 0.00588602 -0.01287124 0.01298358
v 0.00587495 -0.01294855 0.01350148
v 0.00729118 -0.01329819 0.01319021
v -0.01561764 0.03009839 0.01190908
v 0.00806103 -0.01360437 0.01302815
v 0.00848336 -0.01399818 0.01324169
v 0.00795705 -0.01379775 0.01394679
v -0.01767888 -0.02235507 -0.02255848
v -0.01747373 -0.02135399 -0.02256630
v -0.02147447 -0.03104538 -0.01604279
v 0.00666030 -0.01224345 0.01220771
v 0.00537571 -0.01199417 0.01222141
v 0.00586680 -0.01253233 0.01259555
v 0.00721261 -0.01306018 0.01276368
v -0.00977616 0.02928035 0.01193354
v 0.00828665 -0.01261973 0.01204907
v -0.02079133 -0.03137773 -0.01678128
v 0.00819014 -0.01319595 0.01252580
v 0.01178964 -0.01497768 0.01268907
v 0.01097550 -0.01439062 0.01248851
v 0.01200104 -0.01420541 0.01231847
v 0.00403973 -0.01089994 0.01198742
v -0.02136111 -0.03046148 -0.01664248
v -0.01869379 0.00420020 0.01142484
v -0.01930384 -0.02026146 -0.02139027
v -0.01858619 -0.01989521 -0.02172518
v 0.00465066 -0.01027611 0.01191313
v 0.00319623 -0.00851213 0.01196571
v -0.00836139 0.03505976 -0.02236657
v 0.00676466 -0.00538565 0.01166071
v -0.01723757 0.03260199 0.01121395
v 0.01031223 0.04485180 0.01110783
v 0.01155165 0.04495933 0.01085463
v -0.01780774 0.03202768 0.01092747
v 0.00422681 -0.00198363 0.01181485
v 0.01215577 0.04380936 0.01060571
v -0.01642346 -0.01989583 0.01239381
v 0.00441308 0.00209924 0.01177827
v -0.01817119 -0.01845030 0.01089088
v 0.01115079 0.04432849 0.01098721
v -0.01598435 0.00493447 0.01220572
v -0.01413924 -0.01772555 0.01430542
v 0.01303014 0.04391169 0.01032193
v -0.01784934 0.00658235 0.01154377
v 0.00467132 0.00719704 0.01183188
v 0.00764254 0.00526088 0.01157753
v 0.00859299 0.00857843 0.01136671
v 0.00491161 0.00847248 0.01172304
v 0.00616324 0.01120222 0.01135344
v -0.02031494 -0.01833437 0.00907030
v -0.00682671 0.03438080 -0.02278278
v 0.01051570 0.01411550 0.01085236
v -0.01297362 0.03296627 0.01236401
v -0.01215632 0.03322762 0.01233953
v 0.00754529 0.01626796 0.01111220
v -0.00718662 0.03580514 -0.02241242
v 0.00601737 0.01665481 0.01121598
v -0.00540031 0.03559885 -0.02269402
v -0.00669021 0.03645285 -0.02228974
v 0.01077373 0.04544958 0.01099881
v 0.01148921 0.04575312 0.01056163
v 0.00671140 0.02318303 0.01102213
v 0.01254889 0.04553913 0.00999431
v 0.01112835 0.02091931 0.01072905
v -0.01505281 -0.03118950 -0.01997013
v 0.01225321 0.04462973 0.01055947
v 0.01346089 0.04514951 0.00977472
v 0.00828025 0.02783596 0.01096652
v 0.01309022 0.04465916 0.01013507
v 0.00522502 0.02845236 0.01120486
v -0.01943776 0.00616044 0.01094431
v 0.00231512 0.02994351 0.01135021
v -0.01364003 0.03576044 0.01244505
v 0.01446184 0.04487963 0.00963719
v 0.00129162 0.03375799 0.01120724
v -0.00902429 0.04616510 0.00437920
v -0.00790363 0.04639741 0.00299942
v 0.00455657 0.03659675 0.01092911
v -0.01313683 0.03389565 0.01237274
v 0.00700257 0.03634624 0.01083908
v -0.02092850 -0.02864050 -0.01814344
v -0.00690712 0.04702170 0.00265997
v -0.00654900 0.04722629 0.00380868
v -0.00749677 0.04671223 0.00386010
v 0.01224576 0.03696111 0.01050507
v 0.00999597 0.03895631 0.01053506
v -0.01717060 0.03316642 -0.01217360
v -0.01669985 0.03399485 -0.01380652
v -0.00847257 0.04590123 0.00218370
v -0.01705520 0.03335672 -0.01461014
v -0.01566557 0.03540092 -0.01289031
v -0.01235743 0.03438672 0.01237646
v -0.00686599 -0.01714732 0.01801875
v -0.00688851 -0.01764193 0.01804716
v -0.01275033 0.03168213 -0.02216580
v -0.01307068 0.03129549 -0.02208079
v -0.00710541 0.04644579 0.00124447
v 0.01637151 0.03836253 0.01023371
v -0.00795176 0.03211286 -0.02298441
v -0.01492610 0.03631772 -0.01357331
v -0.01436630 0.03672398 -0.01222476
v -0.01531875 0.03629384 -0.01589489
v -0.01406729 0.03714403 -0.01374786
v -0.00653965 0.03144054 -0.02326055
v -0.00628085 -0.01765874 0.01790237
v 0.01808476 0.04057059 0.00976517
v 0.01827831 0.03989407 0.00964463
v 0.01872680 0.04035668 0.00892265
v 0.01870913 0.03960310 0.00894220
v 0.01844644 0.03917950 0.00940370
v -0.00148992 0.04677827 0.00793922
v 0.01913016 0.03944834 0.00805148
v 0.01883812 0.03875527 0.00887118
v -0.00051184 0.03059472 -0.02386573
v -0.00172082 0.03107737 -0.02370553
v -0.00567848 -0.01790792 0.01770795
v 0.01860604 0.04133751 0.00903434
v 0.01814171 0.04135680 0.00951507
v -0.00267893 0.04680517 0.00790984
v -0.00211952 0.04710717 0.00709496
v -0.00469463 -0.01671364 0.01698823
v -0.01272558 0.03803064 -0.01314438
v -0.01308620 0.03577480 0.01247993
v -0.01460295 0.03705704 -0.01588443
v -0.01387805 0.03760010 -0.01541100
v -0.00420893 0.04736285 0.00581055
v -0.00322659 0.04720189 0.00642726
v -0.00423490 0.04707210 0.00648494
v -0.00101015 0.03211082 -0.02378065
v -0.01919164 -0.01601087 0.01009175
v -0.01285903 0.03566302 -0.02148448
v -0.00072817 0.03339603 -0.02373029
v -0.01727731 -0.01739481 0.01152825
v -0.00189554 0.03496122 -0.02346631
v -0.01871604 -0.01547203 0.01051354
v -0.01433873 0.03666921 0.01231123
v -0.00024805 0.03451893 -0.02360508
v -0.01606403 -0.01673743 0.01245425
v 0.00551590 0.04556545 0.01085666
v -0.00548389 0.03903046 -0.02009777
v -0.00451069 0.03774907 -0.02166317
v -0.01420993 -0.01610928 0.01393600
v 0.01121532 0.04610895 0.01046595
v -0.01513575 -0.01607058 0.01313540
v -0.01483684 -0.01690039 0.01342765
v 0.01115047 0.04636466 0.01009542
v 0.01212222 0.04608335 0.00949963
v 0.01296569 0.04630735 0.00792306
v 0.01188354 0.04662388 0.00762436
v 0.01191284 0.04644489 0.00865974
v 0.01287349 0.04615602 0.00889725
v -0.01549705 -0.01825263 0.01292623
v 0.01256483 0.04643119 0.00722906
v 0.01211116 0.04640812 0.00625146
v 0.01413688 0.04528692 0.00525360
v 0.01410423 0.04592740 0.00765722
v 0.01345459 0.04616358 0.00768872
v 0.01394898 0.04594128 0.00716441
v -0.01635878 0.01141365 0.01241021
v 0.01280440 0.04586434 0.00521207
v -0.00241853 0.03664419 -0.02282041
v -0.00147202 0.03726660 -0.02258409
v 0.00403035 0.04093736 -0.01284169
v 0.00166361 0.04138935 -0.01180963
v 0.00894792 0.03950785 -0.01389912
v 0.00711675 0.04038653 -0.01142637
v 0.00770083 0.04002358 -0.01294202
v -0.01093001 -0.03907601 0.00817825
v -0.00917125 -0.03912776 0.00857696
v -0.00890351 -0.03900549 0.00915001
v -0.01520778 0.01140521 0.01264372
v -0.01069635 -0.03897155 0.00509421
v -0.01908627 -0.01763252 0.01007603
v -0.00919178 -0.03678082 0.01173028
v 0.01343030 0.04565211 0.00930617
v -0.01041642 -0.03659159 0.01183400
v -0.01057611 -0.03910825 0.00094861
v 0.01394773 0.04573938 0.00878205
v -0.01967996 -0.03560166 -0.00785816
v -0.02063525 -0.03494348 -0.00636554
v -0.02020155 -0.03529629 -0.00711706
v -0.02031671 -0.03511670 -0.00798297
v -0.01764928 0.01183256 0.01190383
v -0.01626354 0.03842073 0.01179844
v -0.01894238 -0.03611304 -0.00745363
v -0.01941626 -0.03575594 -0.01012794
v -0.02259731 -0.03138845 -0.00161722
v -0.01649013 0.01219789 0.01236450
v -0.02238101 -0.03218077 -0.00209891
v -0.01656621 -0.01393694 0.01221995
v 0.01205925 -0.03965168 -0.00548872
v 0.01442878 0.04575203 0.00813164
v -0.01945261 -0.01458361 0.01008403
v 0.01443539 -0.03946758 -0.00541083
v -0.02280336 -0.03108915 -0.00328362
v -0.02325361 -0.03018684 -0.00581608
v 0.01818181 -0.03886882 -0.00431447
v -0.00559604 0.04825942 0.00375459
v -0.02139743 -0.03364948 -0.01310446
v -0.00570856 0.04782078 0.00422332
v -0.02148482 -0.03304402 -0.01399025
v -0.02369852 -0.02859144 -0.00604602
v -0.00342688 -0.03738122 -0.01622450
v -0.00626108 0.04761967 0.00315161
v -0.00019559 -0.03736362 -0.01676477
v 0.00100234 -0.03809919 -0.01557679
v -0.00619333 0.04776993 0.00227514
v -0.01202923 0.03764855 0.01240928
v -0.02419355 -0.02617140 -0.00742130
v -0.01547163 -0.01569038 0.01289130
v -0.02332018 -0.03008218 -0.00971773
v -0.02377457 -0.02832645 -0.00905459
v -0.02355117 -0.02891136 -0.01062614
v -0.00350225 -0.03590885 -0.01847032
v -0.00108430 -0.03530782 -0.01955823
v -0.00638463 0.04712483 0.00150475
v 0.02129386 -0.03548521 -0.00480080
v 0.02113823 -0.03569375 -0.00696956
v -0.01532733 -0.02974218 -0.02089025
v 0.00447195 0.03584564 -0.02347045
v -0.02375060 -0.02731552 -0.01162749
v -0.02417391 -0.02587515 -0.00952438
v -0.02324174 -0.02878013 -0.01315115
v -0.02447099 -0.02350584 -0.00926052
v -0.02415299 -0.02493412 -0.01107848
v -0.02356208 -0.02509173 -0.01421774
v -0.00271879 -0.03358854 -0.02097882
v -0.00576424 -0.03179992 -0.02194307
v 0.01928340 -0.02532339 0.00686621
v -0.02464800 -0.02131642 -0.00901108
v 0.00140940 0.04919840 0.00668472
v -0.02388203 -0.02342284 -0.01357867
v -0.02398436 -0.02469140 -0.01243181
v -0.00020602 0.04965292 0.00538867
v -0.00265854 -0.03115924 -0.02281795
v -0.01531733 -0.01438657 0.01297352
v -0.01858120 -0.01390154 0.01066097
v 0.01918728 -0.02268783 0.00656117
v -0.01210851 0.04041572 0.01253777
v 0.01982610 -0.02420669 0.00562167
v 0.02016817 -0.02304003 0.00480114
v -0.02458258 -0.02055692 -0.01039816
v -0.02430835 -0.02232225 -0.01168834
v 0.00097023 0.04959824 0.00611305
v -0.00773896 -0.02805525 -0.02350790
v -0.01034862 -0.02753196 -0.02324885
v -0.02254425 -0.02308929 -0.01786600
v -0.02121159 -0.02361918 -0.02022135
v -0.01161958 -0.02696001 -0.02316639
v -0.01599599 0.01286860 0.01249895
v -0.02239156 -0.02105679 -0.01824737
v -0.02183961 -0.02236510 -0.01928060
v -0.01544728 0.01303518 0.01262547
v -0.02114505 -0.02166118 -0.02015364
v -0.02095014 -0.02312628 -0.02058998
v 0.01336628 -0.01722279 0.01236034
v 0.01401337 -0.01565475 0.01241298
v 0.01427643 -0.01757000 0.01188504
v 0.01462144 -0.01612710 0.01216200
v 0.00278167 0.04942231 0.00607520
v -0.01303861 0.04126052 0.01249979
v 0.00916261 -0.01431674 0.01312447
v 0.00861727 -0.01364153 0.01276249
v -0.01557774 0.01212460 0.01262307
v 0.01047463 -0.01500495 0.01293704
v 0.00991330 -0.01364246 0.01232748
v 0.01385839 -0.01482676 0.01235760
v 0.00171072 0.04958286 0.00623898
v -0.01331793 -0.01403494 0.01414065
v -0.01305562 -0.01430990 0.01457739
v 0.01442229 -0.01390365 0.01214308
v 0.01505444 -0.01576488 0.01192487
v -0.01430258 0.01176311 0.01273415
v -0.01740554 -0.02010917 -0.02231881
v -0.01692244 0.01259159 0.01213303
v -0.01672370 -0.02052435 -0.02262748
v -0.01304033 -0.01473969 0.01510427
v 0.00631161 -0.01160820 0.01197095
v 0.00444766 -0.01165272 0.01215146
v 0.00738779 -0.01173972 0.01180371
v 0.00854024 -0.01229073 0.01179850
v 0.00852325 -0.01172199 0.01156486
v 0.00997909 -0.01240701 0.01166004
v 0.01159700 -0.01247025 0.01161337
v 0.00007376 0.04989345 0.00517753
v 0.00526323 -0.01112165 0.01195021
v -0.01500558 0.01294745 0.01270140
v 0.00628253 -0.01089334 0.01180583
v -0.01384106 0.04169950 0.01235696
v -0.00502779 -0.01452630 0.01661673
v -0.00531804 -0.01478304 0.01712240
v -0.00456072 -0.01562758 0.01659166
v 0.00095337 0.04989302 0.00561917
v 0.00118010 0.05020453 0.00486667
v 0.00588275 -0.01015010 0.01178392
v 0.00160072 0.05011063 0.00503274
v 0.00258524 0.04968131 0.00556588
v 0.00236492 0.04953386 0.00611771
v 0.00922508 -0.01140660 0.01141086
v 0.01051561 -0.01153762 0.01135360
v 0.01191788 -0.01162030 0.01140003
v -0.00549359 -0.01406869 0.01725914
v -0.00443633 -0.01487844 0.01588342
v 0.00807829 -0.00882485 0.01150218
v 0.00463763 -0.00719724 0.01186433
v 0.00029890 0.05023179 0.00413470
v 0.00044310 0.05013505 0.00468005
v -0.00024884 0.04982377 0.00485870
v 0.00049495 0.05006883 0.00499358
v 0.00891764 -0.00357334 0.01150100
v -0.01004466 0.04062280 0.01224096
v -0.01838445 -0.02660086 -0.02137263
v 0.00663066 -0.00050897 0.01161936
v -0.01645168 -0.02831046 -0.02133133
v 0.00881185 0.00137099 0.01138487
v 0.00477222 0.00588316 0.01184020
v -0.01387621 0.04253235 0.01232697
v -0.00040032 0.05009642 0.00429499
v 0.01350610 0.00589884 0.01116663
v -0.01053943 -0.01257004 0.01759343
v -0.01385205 0.01280580 0.01271433
v -0.01040919 -0.01261663 0.01779156
v -0.01233464 0.04107707 0.01251809
v 0.01559951 0.00624659 0.01111511
v 0.00121031 0.05009336 0.00375091
v 0.00202653 0.05003652 0.00489874
v 0.01685222 0.00717031 0.01079721
v -0.00956551 -0.01205055 0.01725540
v -0.00896749 -0.01196165 0.01780962
v 0.01706851 0.00568009 0.01075233
v 0.01227374 0.00924605 0.01102746
v -0.01571111 0.01426658 0.01240492
v -0.01632212 0.01357357 0.01224630
v 0.01794658 0.00660914 0.01056723
v -0.00948585 -0.01232519 0.01774108
v -0.01520561 0.01405188 0.01256349
v 0.01680215 0.00974675 0.01063439
v -0.00996339 -0.01214967 0.01631024
v -0.01074000 -0.01246222 0.01684277
v -0.00256682 0.05089481 0.00313978
v 0.01062237 0.01183315 0.01092397
v -0.01065335 0.04136925 0.01230157
v 0.00645258 0.01799374 0.01116282
v 0.00384998 0.02027882 0.01120612
v -0.00851787 -0.01193954 0.01821624
v 0.00868716 0.01884675 0.01093601
v 0.00721379 0.02010201 0.01101746
v 0.01038100 0.01936244 0.01077955
v -0.00008052 0.05031815 0.00331750
v -0.01762106 0.01381289 0.01131414
v -0.00604795 -0.01286487 0.01827745
v 0.00214772 0.04971743 0.00339041
v 0.00949442 0.03078014 0.01074931
v -0.00549652 -0.01352187 0.01656718
v -0.00548574 -0.01366013 0.01699505
v 0.00432887 0.03258436 0.01100781
v 0.00864768 0.03205381 0.01079717
v 0.00794723 0.03093030 0.01089034
v -0.01511805 0.01501410 0.01244545
v -0.01039285 -0.01241285 0.01533985
v 0.00453173 0.03381307 0.01093801
v -0.01412191 0.01508288 0.01254827
v -0.01410248 0.04375549 0.01237032
v -0.01061813 -0.01250155 0.01489300
v -0.01829087 -0.01241345 0.01122531
v -0.01287735 0.04397878 0.01230391
v 0.01351943 0.03517409 0.01058301
v 0.01615735 0.03577018 0.01040779
v -0.01294901 0.01507133 0.01248877
v 0.01451082 0.03663175 0.01040637
v -0.01709912 -0.02597157 -0.02205510
v -0.01299830 0.04280146 0.01232875
v 0.01603895 0.03731707 0.01037740
v 0.01757495 0.03679779 0.01003382
v -0.00967369 -0.01202577 0.01685594
v -0.00866098 -0.01166613 0.01767596
v -0.00974862 0.03016767 -0.02284029
v -0.00854388 -0.01160778 0.01740694
v -0.01199430 0.04350030 0.01207737
v 0.01714661 0.03832118 0.01011724
v 0.01788194 0.03842975 0.00982746
v 0.01821704 0.03741580 0.00966186
v 0.01878687 0.03747683 0.00920716
v 0.01914376 0.03790365 0.00867621
v -0.01166727 0.04319581 0.01206495
v 0.01969037 0.03670869 0.00854025
v 0.01973185 0.03714376 0.00820376
v 0.01993313 0.03738214 0.00760547
v -0.01783851 0.01487022 0.01099349
v 0.02075838 0.03593569 0.00706377
v -0.00998724 0.04200649 0.01221916
v -0.00758675 -0.01162328 0.01692079
v -0.00803454 -0.01152468 0.01726563
v 0.01788908 0.03963836 0.00987780
v 0.01838169 0.03852677 0.00948370
v -0.01219085 -0.03888282 0.00766810
v -0.01649116 0.01468752 0.01192572
v -0.00967700 0.04294079 0.01215734
v 0.01919575 0.03861678 0.00832017
v 0.01936827 0.03891806 0.00776196
v 0.02009813 0.03777445 0.00591250
v 0.02001964 0.03780267 0.00663772
v -0.00695342 -0.01166721 0.01723991
v -0.00270002 0.02953132 -0.02355462
v -0.00743333 -0.01147637 0.01776922
v -0.01588064 0.03576294 -0.01838272
v -0.01522880 0.03671924 -0.01832847
v -0.01608472 0.03522101 -0.01892011
v -0.01554072 0.03537660 -0.02000877
v -0.01434405 0.03528632 -0.02104238
v -0.01517465 0.03446573 -0.02078792
v -0.01476955 0.03411348 -0.02111386
v -0.01379679 0.03521493 -0.02131188
v -0.01127105 -0.03701443 0.01167636
v -0.01539683 0.03633444 -0.01910108
v -0.01485241 0.03712193 -0.01853468
v -0.01529424 0.01642037 0.01225802
v -0.01510532 0.03654563 -0.01945942
v -0.00712808 -0.01217529 0.01596844
v -0.01455890 0.03611809 -0.02055688
v -0.00800809 -0.01197595 0.01599741
v -0.01443076 0.01570526 0.01247486
v -0.01002160 -0.03733075 0.01135158
v -0.00635920 -0.01211747 0.01807127
v -0.00649728 -0.01190939 0.01752114
v -0.00605481 -0.01240528 0.01768523
v -0.00910649 -0.03765706 0.01112829
v 0.01792940 0.04239069 0.00581690
v 0.01830273 0.04217175 0.00651352
v 0.01919914 0.03984305 0.00558310
v 0.01888460 0.04092026 0.00650167
v 0.01927799 0.03977239 0.00637963
v 0.01865579 0.04168283 0.00687913
v -0.00652005 -0.01203060 0.01695799
v -0.00611780 -0.01233674 0.01714042
v -0.00629255 0.03736209 -0.02188857
v -0.00497641 0.03625783 -0.02250615
v -0.00581626 -0.01322045 0.01602298
v -0.00482271 0.03685331 -0.02222599
v 0.00218600 0.03959459 0.01122730
v -0.00228838 0.03742620 -0.02236248
v -0.01589611 0.01519195 0.01216979
v -0.01616722 0.01608687 0.01193173
v 0.01591079 0.04482272 0.00724509
v 0.01481191 0.04547133 0.00693346
v -0.01803562 0.04347317 0.00804683
v -0.01668262 -0.03748764 0.00748981
v 0.01647827 0.04428460 0.00693369
v 0.01766507 0.04297986 0.00631918
v 0.01530035 0.04467647 0.00541392
v 0.01626158 0.04412533 0.00575605
v -0.00888351 -0.01200062 0.01603095
v -0.00954064 -0.01219864 0.01530849
v 0.01765373 0.04152067 0.00388885
v 0.01695189 0.04195271 0.00316247
v 0.01704628 0.04323864 0.00547749
v -0.01679943 -0.03707185 0.00849090
v -0.01335500 0.04461973 0.01222564
v -0.01387037 0.04471662 0.01213192
v -0.01362404 0.04370476 0.01244343
v -0.01093051 -0.01253350 0.01447822
v -0.00144549 0.03649761 -0.02299708
v 0.00026394 0.03685795 -0.02286637
v -0.01450071 0.04391047 0.01222496
v 0.00285098 0.03806365 -0.02220120
v -0.01598758 -0.03751964 0.00859918
v 0.01302969 0.04516134 0.00374792
v -0.00946687 -0.01219467 0.01468832
v -0.00969655 -0.01210766 0.01412716
v -0.01139834 -0.03903268 0.00781650
v -0.01276169 0.04449355 0.01214799
v -0.01020155 -0.01224919 0.01438890
v -0.01304709 0.01567946 0.01248647
v 0.00371470 -0.03985084 0.00592214
v -0.00988089 -0.01176629 0.01359802
v -0.01689827 0.01582328 0.01157028
v -0.01086284 -0.01184827 0.01366848
v -0.01049351 -0.01212026 0.01400657
v 0.00489132 -0.04000110 0.00500641
v -0.01124205 0.04385398 0.01186856
v -0.01786961 -0.01151012 0.01164806
v -0.00689564 -0.03927255 -0.00469031
v -0.01084178 0.04286173 0.01208795
v -0.01052862 0.04424600 0.01177964
v 0.00790019 -0.04011158 -0.00235437
v -0.01938518 0.01587181 0.01016147
v 0.00883146 -0.04007538 -0.00275963
v 0.01805076 -0.03912023 -0.00102999
v 0.01827278 -0.03892239 -0.00031322
v -0.00922601 0.04402228 0.01202901
v 0.01717315 -0.03936734 -0.00131327
v -0.00899564 0.04314052 0.01213445
v -0.01790064 0.01674523 0.01109771
v -0.00768849 -0.01233429 0.01510101
v -0.02270007 -0.03172751 -0.00636913
v -0.02219257 -0.03292908 -0.00880355
v -0.02237208 -0.03253893 -0.00803040
v -0.02281478 -0.03153968 -0.00875673
v -0.00016316 -0.03909338 -0.01271688
v -0.00859505 -0.01219237 0.01510193
v -0.00479164 -0.03775728 -0.01514217
v -0.00698964 0.04357626 0.01188099
v -0.02249745 -0.03220927 -0.01118895
v -0.00831724 -0.01237669 0.01421978
v 0.02054286 -0.03692790 -0.00201675
v -0.00698736 -0.01258800 0.01498303
v -0.00689700 -0.01277124 0.01425760
v -0.00605631 -0.01311663 0.01527524
v -0.00529137 -0.01358798 0.01446701
v -0.00645372 -0.01264717 0.01585261
v 0.00049500 -0.03547721 -0.01953594
v -0.00195427 -0.03460676 -0.02015351
v -0.00033843 -0.03354342 -0.02131662
v -0.01438295 0.01663888 0.01245868
v -0.00253692 -0.03211578 -0.02220347
v -0.00426032 -0.01402997 0.01423169
v -0.00473396 -0.01372741 0.01411425
v -0.00444040 -0.01439047 0.01501577
v -0.01366223 -0.03849602 -0.00087809
v -0.01358052 0.01600080 0.01250524
v -0.02342409 -0.02190040 -0.01565837
v -0.00502017 -0.01405197 0.01560736
v -0.00781743 -0.02629609 -0.02398646
v -0.00623167 -0.02717873 -0.02400905
v 0.01425159 -0.01857494 0.01174648
v 0.01524092 -0.01737315 0.01129199
v 0.01508314 -0.01881044 0.01118950
v 0.01675563 -0.01723218 0.01014489
v -0.00431970 -0.01372839 0.01385167
v 0.01871805 -0.01994367 0.00740506
v -0.02453082 -0.01848478 -0.01155165
v -0.02400783 -0.02083348 -0.01375324
v -0.02293703 -0.01902598 -0.01717928
v -0.02156311 -0.02063699 -0.01956470
v -0.02260079 -0.01870081 -0.01783664
v -0.01785129 -0.03698137 -0.00412340
v -0.01394255 0.01791955 0.01252067
v -0.02123324 -0.01855774 -0.01988896
v 0.01707172 -0.01541203 0.01030588
v 0.01855219 -0.01658415 0.00844765
v 0.01829935 -0.01853209 0.00825774
v 0.01935065 -0.01779098 0.00704030
v 0.02022059 -0.01820645 0.00561016
v -0.02457372 -0.01490150 -0.01164662
v -0.01910416 -0.02568828 -0.02133870
v -0.02371753 -0.01976252 -0.01496757
v -0.01724874 -0.02198278 -0.02268593
v -0.01308131 -0.02134612 -0.02342883
v -0.01949978 0.01749777 0.01041979
v -0.01582309 -0.02070256 -0.02288497
v -0.02003588 -0.01816700 -0.02093747
v -0.01967051 -0.01940078 -0.02112492
v -0.00894100 -0.01223530 0.01420894
v -0.01325416 0.04513490 0.01175530
v 0.01706695 -0.01428047 0.01065718
v -0.01411677 0.04523870 0.01146105
v 0.00952493 -0.01027947 0.01125921
v -0.01282321 0.04491263 0.01191336
v 0.00833648 -0.01079003 0.01141689
v -0.00622221 -0.03288470 0.01300680
v -0.00546383 -0.03234296 0.01300985
v 0.01066158 -0.01103052 0.01126119
v 0.01263416 -0.01090801 0.01137146
v 0.01411333 -0.01127063 0.01157836
v -0.00727439 -0.01258962 0.01378819
v -0.00484379 -0.03302419 0.01285493
v 0.01216952 -0.00971371 0.01126674
v 0.01338464 -0.00940586 0.01140746
v 0.01840553 -0.01354478 0.00965155
v 0.01754534 -0.01303577 0.01048780
v 0.01646694 -0.01233595 0.01130000
v 0.01770786 -0.01186530 0.01061902
v -0.00901968 -0.01162896 0.01318280
v -0.00903501 -0.01208421 0.01387778
v 0.01864993 -0.01200429 0.00997735
v -0.00356883 -0.03293966 0.01277242
v -0.01181418 0.04430053 0.01184389
v -0.00849980 -0.01175482 0.01303799
v -0.00846871 -0.01203868 0.01350880
v 0.01070852 -0.00773071 0.01131708
v -0.00741212 -0.01216377 0.01277024
v 0.01196565 -0.00473757 0.01123664
v -0.00210255 -0.03432246 0.01275286
v 0.01442582 -0.00348731 0.01109873
v -0.01330749 0.01723536 0.01250686
v 0.01256726 -0.00129485 0.01108256
v 0.01293796 0.00008617 0.01104460
v -0.00108452 -0.03481779 0.01263754
v 0.00140422 -0.03461305 0.01203258
v -0.01976871 -0.02348068 -0.02151795
v 0.01430153 0.00459278 0.01112401
v 0.01559846 0.00427128 0.01100997
v 0.01488748 0.00643350 0.01121758
v -0.01918577 -0.02306087 -0.02191534
v 0.01194844 0.00667902 0.01118325
v 0.00187491 -0.03514618 0.01191275
v 0.01317078 0.00793599 0.01113194
v -0.01721066 0.01772090 0.01154005
v -0.01720211 0.01894720 0.01162525
v 0.00118087 -0.03550441 0.01203125
v 0.01196877 0.00794323 0.01112148
v -0.01049697 -0.01105454 0.01311445
v -0.00986242 -0.01126601 0.01314245
v 0.01471728 0.00801142 0.01122841
v 0.01868353 0.00780170 0.01028761
v 0.01371464 0.01102593 0.01081928
v 0.01431348 0.01022234 0.01093684
v 0.02038942 0.00803468 0.00967575
v -0.01890993 0.01856413 0.01102267
v 0.01568807 0.01192033 0.01054942
v 0.01382042 0.01208071 0.01071761
v -0.01946988 0.01896162 0.01082331
v 0.02516208 0.00080973 0.00058525
v 0.00257189 -0.03587730 0.01173578
v 0.02524070 0.00010230 -0.00088888
v -0.00938292 -0.01108984 0.01286926
v -0.00826100 -0.01150117 0.01258475
v 0.01421499 0.01280663 0.01066155
v 0.01529706 0.01274138 0.01054363
v -0.02013482 0.01769112 0.00993258
v 0.01331941 0.01352059 0.01074245
v 0.01036417 0.01671623 0.01081538
v 0.01141293 0.01521712 0.01080129
v -0.00880021 -0.01095152 0.01249467
v -0.01470977 0.01816348 0.01243384
v -0.00693092 -0.01147329 0.01192564
v 0.01655129 0.01554167 0.01049929
v -0.01271196 0.02959456 -0.02215045
v 0.01961884 0.01402376 0.00945916
v -0.01206310 0.02906524 -0.02236838
v -0.00722386 -0.01181612 0.01230841
v -0.01438336 0.03168573 -0.02130306
v 0.01867740 0.01504969 0.00972878
v 0.02489543 0.00669013 -0.00343883
v 0.02509768 0.00342047 -0.00071582
v 0.02489799 0.00845606 0.00000353
v 0.02505321 0.00468151 -0.00205715
v 0.02468412 0.00537489 -0.00614738
v 0.02478770 0.00175175 -0.00569825
v 0.02506966 0.00123135 -0.00321752
v -0.01572065 -0.03755709 -0.00684106
v 0.01133909 0.01794655 0.01076894
v 0.01644266 0.01720492 0.01077703
v 0.01866728 0.01759868 0.00997208
v 0.01257314 0.02087158 0.01076953
v -0.00304819 -0.03139595 0.01273603
v -0.01184316 0.03073177 -0.02244592
v 0.02470687 0.01109425 -0.00229947
v 0.02476856 0.01090448 -0.00083573
v 0.02446251 0.01385117 -0.00214841
v 0.02457621 0.01209219 -0.00318979
v 0.02451589 0.01005838 -0.00570190
v 0.02402498 0.01050808 -0.00894061
v 0.01727356 0.02107799 0.01037997
v 0.01621323 0.01961573 0.01075299
v 0.01628083 0.02144708 0.01059811
v -0.02221312 -0.01004904 0.00821718
v 0.01819891 0.03679903 0.00974783
v -0.02344529 -0.01147789 0.00562315
v 0.01242663 0.02584352 0.01064509
v -0.02269349 -0.00963967 0.00749294
v 0.01527194 0.02421204 0.01054143
v -0.01270315 0.01855555 0.01245440
v 0.02423830 0.01523534 -0.00374234
v -0.02368190 -0.01298217 0.00465240
v 0.02413685 0.01292973 -0.00688108
v -0.00087576 -0.03272435 0.01253127
v 0.01132766 0.02554897 0.01071060
v -0.01871022 0.01965587 0.01119988
v 0.01990076 0.03532025 0.00913194
v 0.01126734 0.03123404 0.01060724
v 0.01174688 0.02939524 0.01054949
v 0.01797378 0.02924975 0.01009224
v 0.02346766 0.02249924 -0.00237195
v 0.02366740 0.01965807 -0.00370480
v 0.02388473 0.01917002 -0.00194975
v 0.02398459 0.01890559 -0.00032636
v 0.02375992 0.02173630 -0.00056377
v 0.02373347 0.01654389 -0.00686450
v 0.02330333 0.02094095 -0.00493979
v 0.02338161 0.01523658 -0.01025338
v 0.02279666 0.01855415 -0.01081078
v 0.01911860 0.03662549 0.00920993
v 0.01068665 0.03276220 0.01067624
v 0.01952844 0.03516017 0.00953749
v -0.01139027 -0.00956936 0.01267097
v -0.01095729 -0.01013747 0.01278294
v 0.00893796 0.03351262 0.01075855
v 0.02228873 0.02640026 0.00793135
v 0.01130047 0.03334117 0.01067314
v 0.01935341 0.03148005 0.00970778
v 0.01789825 0.03072837 0.01003521
v 0.01930468 0.03061403 0.00966747
v -0.00620165 -0.03043853 0.01406909
v -0.00566567 -0.03081809 0.01362712
v 0.01959940 0.03308613 0.00985586
v -0.01372782 0.02089981 0.01254883
v 0.02032115 0.03182444 0.00933697
v 0.02314071 0.02336130 -0.00335063
v 0.02263924 0.02245016 -0.00712224
v 0.02045394 0.03506636 0.00858832
v -0.00796656 -0.01045322 0.01201863
v -0.01351755 0.01931977 0.01254469
v 0.02203451 0.02999146 -0.00103131
v 0.02273373 0.02443769 -0.00428166
v 0.02299448 0.02586042 -0.00173249
v -0.00956295 -0.00960012 0.01239610
v -0.00965739 -0.01052372 0.01265148
v 0.02230016 0.02630526 -0.00415985
v 0.02212371 0.02464847 -0.00691958
v 0.02159597 0.02411170 -0.01052792
v -0.00483004 -0.03120779 0.01316794
v 0.02287065 0.02756229 -0.00063630
v -0.00494930 -0.03053906 0.01361122
v 0.02238095 0.03110032 0.00130050
v 0.01484926 0.03394440 0.01065296
v 0.01753051 0.03504980 0.01028423
v 0.02166987 0.03191978 -0.00009638
v 0.01858577 0.03418894 0.01018795
v 0.01902360 0.03406725 0.01007399
v -0.01244262 0.01977610 0.01247274
v 0.01889551 0.03524682 0.00985268
v -0.00688585 -0.01098891 0.01176314
v 0.01956127 0.03418258 0.00980692
v 0.01626575 0.03704770 0.01036443
v 0.02149796 0.02837016 -0.00464869
v 0.02045216 0.02904514 -0.00776789
v 0.01708257 0.03627683 0.01022329
v 0.01799643 0.03621121 0.00997197
v 0.01997949 0.03432542 0.00948842
v 0.02125912 0.02669409 -0.00796223
v 0.02094156 0.02609659 -0.01074854
v -0.01340337 0.03003475 -0.02181166
v -0.01551049 0.01359101 -0.02174668
v 0.02137845 0.02287998 -0.01355574
v -0.01689450 0.01578603 -0.02110636
v -0.01650996 0.01482862 -0.02130017
v -0.01522209 0.01522347 -0.02190222
v 0.01845007 0.02098464 0.01002577
v 0.01859811 0.01982513 0.00986293
v 0.01747627 -0.00189741 0.01100537
v 0.01991597 0.02735735 -0.01444622
v 0.01934738 0.01948256 0.00948524
v -0.00713213 -0.01007137 0.01179431
v 0.02020184 0.02006238 0.00910952
v 0.01981771 0.01893237 0.00915682
v 0.02031637 -0.00387098 0.00994314
v 0.02322029 0.02871068 0.00240740
v 0.02306737 0.02762119 0.00045129
v 0.01425719 0.02207049 0.01073062
v 0.02308732 0.02868132 0.00154714
v -0.01653764 0.01562851 -0.02130464
v 0.01380810 0.02330502 0.01065035
v 0.01559677 0.02203513 0.01065670
v 0.01745737 0.02195101 0.01037307
v -0.00695823 -0.00948242 0.01187442
v -0.01647738 0.03436845 -0.01873621
v 0.01935787 0.02060374 0.00966865
v 0.02092139 0.01976333 0.00847647
v 0.02245735 0.01923630 0.00635258
v 0.02239298 0.01755157 0.00628569
v 0.02168683 0.01809144 0.00743111
v -0.01678873 0.03362737 -0.01817894
v 0.02284818 0.01811654 0.00539812
v 0.02311269 0.01631461 0.00479260
v -0.01643729 0.03375876 -0.01927036
v 0.02191233 -0.00475394 0.00942868
v 0.02121995 -0.00338696 0.00962096
v -0.00917317 -0.00886689 0.01227056
v -0.01609222 0.03319151 -0.02005989
v 0.01869661 0.02346437 0.01024702
v 0.02275012 -0.00449177 0.00902069
v 0.01680829 0.02297452 0.01046678
v 0.02112117 0.02191599 0.00921880
v 0.01939242 0.02272814 0.01013116
v -0.02053493 0.02048050 0.00997707
v 0.01672178 0.02453773 0.01044219
v 0.02510064 -0.00688221 0.00445419
v 0.02027978 0.02326336 0.00993066
v 0.02101471 0.02407601 0.00960236
v 0.02472038 -0.00861873 0.00468877
v 0.02477752 -0.00813074 0.00526965
v 0.02112665 0.02270314 0.00937075
v -0.01517769 0.03238139 -0.02085207
v 0.02293233 0.02126304 0.00585394
v 0.02311478 0.01979490 0.00488702
v 0.01516606 0.02530295 0.01058319
v 0.02072289 0.03637850 0.00429684
v 0.01806277 0.02452893 0.01032281
v 0.02499899 -0.00750014 0.00363942
v 0.02437278 -0.00969175 0.00307145
v -0.01643532 0.03475937 -0.01809886
v 0.02182730 0.03295682 0.00188867
v 0.02100428 0.03534757 0.00298187
v 0.01572212 0.02605022 0.01056157
v 0.02029340 0.03551786 0.00089224
v 0.01703819 0.02566419 0.01053804
v 0.02478123 -0.00810329 0.00111101
v 0.02141193 0.02444034 0.00930956
v 0.02159335 0.02268031 0.00901810
v -0.01602539 0.03441875 -0.01982923
v 0.02421108 -0.01036527 0.00101426
v 0.01728273 0.02691262 0.01045879
v -0.02066262 -0.00814762 0.01037037
v -0.01560969 0.03422746 -0.02044728
v 0.01814024 0.02631663 0.01039107
v 0.02177008 0.02481957 0.00892684
v 0.02136385 0.02524013 0.00923663
v 0.02322424 0.02114134 0.00480015
v 0.02359495 0.02051728 0.00273375
v -0.01517656 0.03321336 -0.02092157
v -0.02367347 -0.00376151 -0.01385659
v 0.01473187 0.02823799 0.01045961
v 0.00028310 0.02866865 -0.02395549
v -0.00125373 0.02950738 -0.02372901
v 0.01721341 0.02800438 0.01033283
v -0.02322336 -0.00763374 -0.01549942
v 0.01929846 0.02620760 0.01012864
v 0.01830607 0.02717574 0.01029727
v 0.02071594 0.02725929 0.00925714
v 0.02064102 0.02546729 0.00974111
v 0.02017568 0.02558502 0.00994630
v 0.01983243 0.02671426 0.00985014
v 0.00183588 0.03096960 -0.02425263
v -0.02315889 -0.00692025 0.00688574
v 0.02007424 0.02825466 0.00954610
v 0.01949814 0.02917722 0.00968856
v 0.01876085 0.02966054 0.00987421
v 0.01870646 -0.00192813 0.01071450
v 0.01695356 0.03590355 -0.00582463
v 0.02184539 0.02648520 0.00849308
v 0.02351325 0.02556221 0.00406910
v 0.02354580 0.02255304 0.00337302
v 0.01954108 0.03287878 -0.00454265
v 0.02338781 0.02373414 0.00490598
v -0.02398996 -0.01026011 0.00441422
v -0.01779770 -0.00727785 -0.02209838
v -0.01835741 -0.00744699 -0.02186976
v 0.01225539 0.03102793 0.01056627
v 0.01934512 0.03747108 0.00135300
v -0.01789844 -0.00866320 -0.02206127
v 0.01390570 0.02968724 0.01049779
v 0.01931695 0.03549823 -0.00144037
v 0.01419761 0.03038736 0.01052722
v 0.01788921 0.03605844 -0.00358151
v 0.01489726 0.03003844 0.01041464
v 0.02102671 0.03353415 0.00008863
v 0.02049521 0.03141416 -0.00412588
v 0.01612315 0.02974993 0.01030582
v 0.00506973 0.03206285 -0.02439337
v 0.00262369 0.03225786 -0.02424816
v 0.01740794 0.03419907 -0.00795005
v 0.01908842 0.03218374 -0.00690091
v -0.01386408 0.03795443 -0.01874300
v -0.00637307 -0.00922175 0.01189961
v 0.02026727 0.03056336 -0.00603629
v 0.02327007 0.02709534 0.00613774
v 0.01952047 0.03077150 -0.00832921
v 0.02294620 0.02702266 0.00690448
v 0.02285168 0.02832398 0.00742064
v 0.02328556 0.02852917 0.00624210
v 0.02335482 0.02539519 0.00541503
v 0.02341209 0.02733965 0.00546038
v 0.01807760 0.03228838 -0.01061452
v 0.01897477 0.03029901 -0.01244071
v 0.01896440 0.03112624 -0.00975239
v 0.01372310 0.03245820 0.01066951
v 0.01471727 0.03355837 0.01067205
v 0.01463725 0.03279495 0.01066091
v 0.02032576 0.03086378 0.00930384
v 0.01995186 0.02891709 -0.01057372
v 0.02111737 0.02972565 0.00904306
v 0.02151132 0.03019419 0.00872621
v 0.01353165 0.03351785 0.01069330
v 0.01996477 -0.00133170 0.01042276
v 0.01564854 0.03307679 0.01061170
v 0.01602008 0.03385917 0.01057739
v 0.02097939 0.03213510 0.00885878
v 0.02097453 0.03101747 0.00894974
v 0.01968340 0.02831437 -0.01377225
v 0.02338728 0.02912715 0.00492098
v 0.02007297 0.02639348 -0.01528562
v 0.02302861 0.02913779 0.00702563
v 0.02312001 0.03033014 0.00649981
v 0.00474157 0.03402139 -0.02404831
v 0.02129354 -0.00225734 0.00963185
v 0.01995704 -0.00270243 0.01017608
v 0.01940047 0.03386167 0.00994624
v 0.01990669 0.03365957 0.00968328
v 0.02025040 0.03268593 0.00944052
v 0.02046701 0.03323321 0.00924179
v 0.02154440 0.03148209 0.00847751
v 0.01924371 0.02951007 -0.01353247
v -0.01483535 0.02795760 -0.02089404
v -0.01561331 0.02888711 -0.02003853
v -0.01422743 0.02810975 -0.02130867
v -0.01361444 0.02854251 -0.02166750
v -0.01402723 0.02882558 -0.02134083
v -0.01368693 0.02793725 -0.02170712
v -0.01287663 0.02866011 -0.02207872
v -0.01309680 0.02799805 -0.02201429
v 0.01907988 0.02931382 -0.01603583
v -0.01233836 0.02814054 -0.02229169
v -0.01027289 0.03938642 -0.01783566
v 0.02142537 -0.00280895 0.00953793
v 0.02256405 -0.00285899 0.00890344
v 0.02037265 0.03427113 0.00909146
v 0.02085856 0.03330577 0.00880436
v 0.02156914 0.03255758 0.00803010
v -0.01022197 0.03898240 -0.01973174
v 0.02285954 0.03132981 0.00613900
v 0.02242738 0.03202225 0.00664117
v 0.02223710 0.03122911 0.00769579
v 0.02175127 0.03283977 0.00754344
v 0.02219522 0.03179648 0.00736679
v 0.02283386 0.03147502 0.00419909
v 0.02295169 0.03126774 0.00519494
v 0.02233210 0.03282674 0.00589488
v 0.02327790 0.03016434 0.00562867
v 0.02287316 0.03051718 0.00260655
v 0.02316377 0.03000221 0.00349150
v 0.00360872 0.03164057 -0.02437466
v -0.01336939 0.02929947 -0.02179465
v -0.00898927 0.03936448 -0.01902341
v 0.02100815 0.03418004 0.00822805
v 0.02132965 0.03428090 0.00739851
v 0.02182217 0.03356177 0.00663249
v 0.01761726 -0.00002257 0.01105680
v -0.01730519 0.03214112 -0.01704885
v 0.02078050 0.03520345 0.00787906
v 0.02187844 0.03404468 0.00486540
v 0.02144409 0.03478392 0.00590466
v 0.02176832 0.03422504 0.00552801
v -0.02422426 -0.00808040 0.00395507
v -0.00858238 0.03907724 -0.01999425
v 0.02208246 0.03356586 0.00560988
v -0.02452212 -0.00824700 0.00277670
v 0.02218296 0.03281625 0.00317352
v 0.01125400 0.03434370 -0.02411620
v 0.01722514 0.04022729 0.00099245
v -0.01331304 -0.00500574 0.01291062
v 0.01964555 0.03809868 0.00338278
v 0.01879997 0.04001865 0.00439268
v 0.01964566 0.03846482 0.00717303
v 0.01956436 0.03897507 0.00625848
v 0.01973772 0.03840965 0.00490289
v 0.01793392 0.03992521 0.00186171
v 0.01899155 0.03888041 0.00276880
v 0.00957763 0.03480206 -0.02412732
v 0.01744127 0.03289270 -0.01493596
v 0.01749455 0.03284237 -0.01654264
v 0.01778366 0.03242468 -0.01309607
v 0.01791754 0.03210832 -0.01759886
v 0.01813544 0.03156019 -0.01627897
v 0.01864111 0.03028588 -0.01685409
v 0.00670302 0.03381166 -0.02416383
v -0.01041389 -0.00538793 0.01275353
v -0.01190110 -0.00499613 0.01290130
v 0.01938910 -0.00030785 0.01067000
v 0.01542752 0.03542307 -0.01579787
v 0.01628654 0.03446144 -0.01460559
v 0.01613662 0.03481291 -0.01708687
v 0.01662772 0.03414671 -0.01655038
v 0.01768639 0.03275421 -0.01910607
v 0.00440202 0.03665106 -0.02308509
v 0.00763355 0.03870361 -0.02104193
v 0.01048685 0.03771157 -0.02135576
v 0.01036818 0.03875591 -0.01659314
v 0.00828053 0.03796843 -0.02197821
v 0.01240466 0.03772585 -0.01887510
v 0.01279129 0.03750671 -0.01719877
v 0.01349573 0.03702681 -0.01415610
v 0.01449990 0.03658094 -0.01968977
v 0.01360840 0.03696520 -0.01651695
v 0.01452458 0.03625257 -0.01570413
v 0.01596312 0.03529943 -0.01951162
v 0.00935651 0.03906956 -0.01773093
v 0.01104784 0.03829449 -0.01878175
v 0.02107666 -0.00071348 0.01006221
v -0.00762297 -0.03867764 0.01014646
v -0.00538139 -0.03752042 0.01215797
v -0.00522581 -0.03716148 0.01232690
v -0.00487663 -0.03777096 0.01205993
v -0.00655244 -0.03813090 0.01132701
v -0.00564018 -0.03784092 0.01186900
v -0.00458863 -0.03808277 0.01181889
v -0.00825082 -0.03832061 0.01054842
v -0.00810520 -0.03775645 0.01120244
v -0.00834684 -0.03881937 0.00975101
v -0.00605874 -0.03855973 0.01091894
v 0.01342596 0.04386927 0.00178299
v -0.00712803 -0.03900888 0.00956875
v 0.02223393 -0.00158260 0.00905596
v -0.00464666 -0.03761243 0.01220151
v -0.00283271 -0.03829785 0.01161081
v -0.00477322 -0.03845688 0.01140437
v 0.01354115 0.04271238 0.00020453
v -0.00295992 -0.03780002 0.01199770
v 0.02286367 -0.00167651 0.00844506
v -0.00319168 -0.03856164 0.01135887
v -0.00477215 -0.03885543 0.01079434
v -0.00383549 -0.03880401 0.01100255
v -0.00376363 -0.03905707 0.01050940
v -0.00293236 -0.03906008 0.01048895
v -0.00241997 -0.03886288 0.01081988
v -0.00472781 -0.03916746 0.01003959
v -0.00320166 -0.03924549 0.01004615
v -0.00409926 -0.03935244 0.00957197
v -0.00203037 -0.03909314 0.01029843
v 0.01511397 0.04385687 0.00359842
v 0.01452426 0.04330420 0.00202325
v 0.01607131 0.04310154 0.00362387
v -0.00631608 -0.03650853 0.01236157
v -0.00315482 -0.03963026 0.00833164
v -0.00437494 -0.03945742 0.00902735
v 0.02337514 -0.00258892 0.00805969
v -0.00217457 -0.03714936 0.01228969
v -0.00308447 -0.03944727 0.00932014
v -0.00161697 -0.03763760 0.01197699
v -0.00137276 -0.03831274 0.01134953
v 0.01621807 0.04171275 0.00171169
v -0.00130829 -0.03888319 0.01053882
v -0.00130876 -0.03918131 0.00992255
v -0.00191818 -0.03988304 0.00631321
v -0.00193282 -0.03961860 0.00855432
v 0.02499832 -0.00595153 0.00598073
v 0.00023986 -0.03996970 0.00630051
v 0.00154727 -0.03996139 0.00638590
v -0.02220531 -0.00304971 0.00833853
v 0.02512483 -0.00525385 0.00525290
v 0.02501525 -0.00495060 0.00583088
v -0.00112298 -0.03658897 0.01239238
v -0.02207968 -0.00532802 0.00877966
v -0.00122006 -0.04013114 0.00235314
v -0.00338053 -0.03995525 0.00121009
v 0.00232428 -0.04017483 -0.00056259
v 0.02522880 -0.00585819 0.00362901
v -0.00116800 -0.03990166 -0.00307071
v 0.00886080 -0.04013762 -0.00104841
v -0.00876584 -0.03924679 0.00590910
v -0.00763694 -0.03934157 0.00780753
v 0.01244536 -0.03996548 0.00239232
v 0.01288019 -0.04001663 0.00138850
v 0.01088873 0.04430651 0.00042264
v 0.01328533 -0.03994505 0.00239976
v 0.02516069 -0.00557920 -0.00053640
v -0.00133016 -0.03944812 0.00916805
v 0.01668605 0.03816910 -0.00257822
v 0.01601303 0.03974184 -0.00127190
v 0.01049567 -0.04008655 -0.00083315
v 0.01022309 -0.03983008 -0.00459041
v 0.01449688 -0.03994306 0.00019986
v 0.01474618 0.04132561 -0.00056071
v 0.01118566 -0.03988212 -0.00276591
v 0.01598143 -0.03977073 0.00008309
v 0.01521116 -0.03963184 -0.00184635
v 0.01658220 -0.03959551 -0.00035178
v -0.00304944 -0.03904047 -0.01191354
v -0.00345874 -0.03917992 -0.01090585
v 0.00099698 -0.03982715 0.00734704
v -0.00818625 -0.03749866 -0.01453398
v 0.01880309 0.03767679 0.00041476
v -0.02411518 -0.00307496 -0.01222558
v -0.02425993 0.00007503 -0.01080817
v -0.00222940 -0.03799984 -0.01520097
v 0.00239148 -0.03859965 -0.01455351
v 0.00141706 -0.03711313 0.01139022
v 0.00213456 -0.03756959 -0.01672270
v -0.01448590 0.02135238 -0.02175034
v 0.01450804 0.00075448 0.01104726
v -0.01799607 0.02189098 -0.01935642
v 0.00469462 -0.03802913 -0.01582858
v 0.00854965 -0.03822029 -0.01531101
v -0.01856755 0.02336332 -0.01831692
v 0.01616068 0.00074172 0.01108017
v 0.00372316 -0.03724564 -0.01732727
v 0.00126810 -0.03769116 0.01103445
v 0.01798028 0.03724381 -0.00174198
v -0.01699665 0.02144640 -0.02042085
v 0.00066398 -0.03480069 -0.02028514
v 0.00239722 -0.03720142 0.01121213
v 0.00214138 -0.03763497 0.01095143
v 0.00380028 -0.03474103 -0.02054817
v 0.00185092 -0.03440725 -0.02079747
v 0.01143581 0.04107618 -0.00449897
v 0.00129099 -0.03369206 -0.02143138
v 0.00471040 -0.03393070 -0.02137565
v 0.01275435 0.03910068 -0.00675391
v 0.01073578 0.04024961 -0.00692871
v 0.01651315 0.00170011 0.01093412
v 0.00157224 -0.03813483 0.01053896
v 0.00182167 -0.03320651 -0.02186215
v -0.01710227 0.01999908 -0.02052799
v 0.00334160 -0.03791188 0.01075979
v 0.01321397 0.04021955 -0.00402157
v 0.00351038 -0.03833946 0.01024888
v -0.00111523 -0.03065857 -0.02330753
v -0.00026309 -0.02981459 -0.02381927
v -0.00312093 -0.02993436 -0.02345175
v -0.00293965 -0.02923352 -0.02376454
v -0.00305223 -0.02774297 -0.02422747
v -0.01262401 0.01921520 -0.02249911
v 0.01495837 0.03884215 -0.00400303
v 0.01475911 0.03768583 -0.00641407
v -0.00612521 -0.02631614 -0.02423530
v 0.02110153 0.00002520 0.01012366
v -0.01128757 -0.02398546 -0.02365897
v 0.01102486 0.03944186 -0.00861394
v 0.01298497 0.03821427 -0.00863202
v 0.01247358 0.03807383 -0.01056416
v 0.00458878 -0.03806198 0.01066020
v -0.02072246 -0.02014212 -0.02037704
v -0.01424874 -0.02059442 -0.02321329
v 0.00957632 0.03991462 -0.00946164
v 0.00503785 -0.03831396 0.01034098
v 0.02169819 -0.00013223 0.00971645
v 0.00328076 -0.03953298 0.00788476
v 0.00317998 -0.03934750 0.00844278
v -0.01724492 0.02376691 -0.01997100
v 0.02175156 -0.00120000 0.00945760
v 0.00097625 -0.03949329 0.00851633
v 0.00116607 -0.03909341 0.00934274
v 0.02066265 -0.01748258 0.00513943
v 0.02076922 -0.02045600 0.00393460
v 0.02083057 -0.01875203 0.00426787
v -0.02436734 -0.01545927 -0.01271246
v 0.00368436 -0.03900950 0.00908124
v 0.00203849 -0.03914026 0.00905901
v -0.02401222 -0.01539219 -0.01408492
v -0.02260573 -0.01604328 -0.01747069
v -0.02326677 -0.01745886 -0.01620250
v -0.02322696 -0.01378856 -0.01610148
v -0.02047238 -0.00323231 -0.01960837
v -0.02276825 -0.01783810 -0.01745786
v 0.01470517 0.03638492 -0.01000043
v 0.01460399 0.03701444 -0.00829364
v -0.01606447 -0.01958802 -0.02278151
v -0.02197217 -0.01607370 -0.01850876
v -0.02053838 -0.01644711 -0.02009684
v -0.02139680 -0.01674107 -0.01931971
v -0.02072133 -0.01739027 -0.02020198
v 0.01676280 0.03686722 -0.00448920
v -0.02030262 -0.01752093 -0.02062403
v -0.01727425 -0.01636237 -0.02232125
v -0.01303797 0.02119404 -0.02226995
v -0.01703458 -0.01925452 -0.02239802
v -0.02152459 -0.01559365 -0.01901494
v -0.02099203 -0.01554749 -0.01954362
v 0.01535628 0.00174374 0.01100460
v 0.01654511 0.03541606 -0.00774185
v 0.01654957 0.03472588 -0.00966546
v 0.02076112 -0.01495687 0.00630321
v 0.02184825 -0.01551186 0.00379924
v 0.02113148 -0.01566453 0.00520542
v 0.02156222 -0.01795365 0.00299997
v 0.02238556 -0.01511710 0.00272637
v 0.02273732 -0.01513557 0.00153400
v -0.02373506 -0.01425551 -0.01487338
v -0.02277980 -0.01314009 -0.01696205
v 0.01421207 -0.01027830 0.01161644
v 0.01154298 0.03838755 -0.01213343
v 0.01479733 -0.00906125 0.01169121
v 0.01497689 -0.01010355 0.01172079
v 0.01257491 0.03765417 -0.01352347
v -0.01949587 -0.01627824 -0.02088659
v -0.01877649 -0.01497877 -0.02137386
v 0.01480045 0.03593578 -0.01365524
v 0.01564899 -0.00941902 0.01171029
v 0.01604308 -0.00913092 0.01160775
v -0.01645245 0.02102195 -0.02084709
v 0.01684686 -0.01140028 0.01118969
v 0.01850418 -0.01037891 0.01055035
v 0.01601152 0.03486637 -0.01203846
v 0.01990046 -0.01094305 0.00957625
v 0.02025335 -0.01174088 0.00891108
v -0.02127006 -0.01269283 -0.01925749
v -0.01752953 -0.00339127 -0.02183426
v -0.01811863 -0.01584760 -0.02191745
v -0.01886338 0.02595969 -0.01661083
v 0.01440191 0.03639218 -0.01157890
v -0.01758366 -0.01576349 -0.02216253
v -0.01970654 -0.01379745 -0.02085441
v -0.01970413 -0.01524155 -0.02070495
v -0.01850533 -0.01421352 -0.02152483
v 0.01653643 0.00262524 0.01084830
v 0.01283459 0.03755559 -0.01213037
v -0.01815901 -0.01478325 -0.02174450
v 0.01955126 -0.00946154 0.01029444
v 0.01818610 -0.00990470 0.01075739
v 0.01925135 -0.01050013 0.01013797
v 0.02165552 -0.00991412 0.00874873
v -0.01434512 -0.00366852 -0.02294230
v 0.02291693 -0.01219562 0.00478968
v 0.02212518 -0.01266128 0.00602591
v 0.02162982 -0.01343944 0.00610480
v 0.02300379 -0.01121951 0.00638484
v 0.02218211 -0.01386654 0.00452191
v 0.02093046 0.00090960 0.01017381
v 0.02295863 -0.01332551 0.00283093
v -0.02478198 -0.00899477 -0.01022964
v -0.02413828 -0.00837015 -0.01301695
v -0.02435553 -0.01211398 -0.01252814
v 0.01675982 -0.00762284 0.01115521
v -0.01920071 -0.01364406 -0.02118721
v 0.01505590 -0.00742114 0.01138445
v 0.01593763 -0.00719548 0.01124755
v 0.01538949 -0.00847595 0.01165699
v 0.01684836 0.03386502 -0.01195203
v 0.02177638 0.00052382 0.00967504
v -0.01956086 -0.01234117 -0.02083730
v -0.01848040 -0.01271558 -0.02142961
v 0.02242441 -0.00030962 0.00892009
v -0.01702811 0.02533622 -0.02005904
v 0.02143764 -0.00935507 0.00911547
v 0.00092641 -0.03679761 0.01170882
v -0.01668918 0.02398049 -0.02044626
v 0.00163623 -0.03603057 0.01180005
v 0.02290628 -0.00958346 0.00806244
v 0.01785402 -0.00680770 0.01078178
v 0.01605785 -0.00627789 0.01107839
v 0.00247503 -0.03657006 0.01150398
v 0.01903834 -0.00771152 0.01054251
v 0.02032699 -0.00848093 0.00997565
v 0.02342528 -0.01077302 0.00608414
v 0.00203784 0.03731727 -0.02272210
v 0.02400538 -0.00991859 0.00579689
v -0.01375605 0.02233559 -0.02199846
v 0.02328285 -0.01215676 0.00340979
v 0.02393110 -0.01105075 0.00230300
v -0.01824075 -0.00296769 -0.02146674
v -0.01874572 -0.00311179 -0.02115971
v 0.02338639 -0.01281484 0.00176411
v 0.02378982 -0.01200330 0.00084445
v 0.02511429 -0.00300026 0.00371414
v -0.01163215 0.02209402 -0.02262918
v 0.02525034 -0.00411200 0.00293916
v 0.02493286 -0.00266494 0.00462941
v 0.01982704 -0.00732312 0.01023117
v 0.02123365 -0.00741519 0.00960048
v 0.01901174 -0.00548399 0.01039444
v 0.02540960 -0.00269600 0.00116097
v 0.02537115 -0.00412598 0.00056680
v 0.02053077 -0.00638664 0.00991567
v 0.02348559 -0.00825322 0.00820730
v 0.02263676 -0.00886779 0.00865525
v 0.02338297 -0.00889138 0.00803641
v 0.00472164 -0.03736985 0.01120612
v 0.01752492 -0.00571491 0.01076565
v -0.01598578 0.02575941 -0.02082861
v 0.01832596 -0.00438394 0.01060275
v 0.01649046 -0.00531863 0.01097405
v -0.01550254 0.02475778 -0.02118313
v 0.00516238 -0.03759376 0.01102280
v -0.01508417 0.02365829 -0.02142350
v 0.02328590 -0.00646325 0.00870369
v -0.02389677 0.00379005 -0.01097508
v 0.02392575 -0.00727125 0.00804330
v 0.02407220 -0.00799328 0.00759425
v 0.00584918 -0.03774342 0.01081438
v 0.00565662 -0.03697172 0.01135420
v 0.02441055 -0.00797113 0.00692407
v 0.02447783 -0.00910679 0.00530054
v 0.02377160 -0.01097705 0.00380292
v 0.00688993 -0.03773893 0.01052526
v -0.01976029 0.02679888 -0.01212198
v 0.02427633 -0.01029502 -0.00075340
v -0.02356261 0.00374063 -0.01229334
v -0.01929185 0.02559480 -0.01561158
v -0.01825897 0.02957099 -0.01561425
v -0.02360740 -0.01012506 -0.01482746
v 0.00612119 -0.03830129 0.01016051
v 0.00790249 -0.03791967 0.00994693
v -0.02347022 -0.00077338 -0.01375859
v 0.01542765 -0.00398924 0.01109662
v 0.00176961 -0.03846211 0.01012765
v 0.01394156 0.04444447 0.00325524
v 0.01653084 -0.00349069 0.01105545
v 0.01223076 0.04471830 0.00213306
v 0.01735379 -0.03929011 0.00099243
v 0.01540070 0.00304710 0.01098387
v 0.01740646 -0.03931481 0.00022728
v 0.00262747 -0.03950313 -0.01113332
v -0.01886757 0.02497433 -0.01712570
v 0.00437224 -0.03955587 -0.01060323
v 0.00737355 -0.03952082 -0.00926901
v 0.01791463 -0.03834034 0.00224899
v 0.01911837 -0.03760694 0.00110483
v 0.01859705 -0.03692232 0.00322154
v -0.01809946 0.02591170 -0.01832116
v 0.01761519 -0.03901139 0.00142360
v 0.01899893 -0.03830766 -0.00000626
v -0.01769396 0.02660543 -0.01871965
v -0.01773731 0.02755735 -0.01822342
v 0.01894586 -0.03868594 -0.00093442
v 0.01790073 -0.03665460 0.00637039
v 0.01803106 -0.03657004 0.00830430
v 0.01686082 -0.03715521 0.00654358
v 0.01929871 -0.03562309 0.00588423
v 0.01865571 -0.03615510 0.00628395
v 0.01924432 -0.03585910 0.00835909
v 0.01954854 -0.03563738 0.00791259
v 0.01684977 -0.03764559 0.00477184
v 0.01020537 0.03929275 -0.01095943
v 0.01802023 -0.03674298 0.00512866
v 0.01812674 -0.03684243 0.00435884
v -0.01446205 0.02611600 -0.02159348
v 0.00224435 -0.03905622 -0.01316264
v 0.00545482 -0.03866576 0.00965274
v 0.00024483 -0.03871575 -0.01404735
v 0.01999027 -0.03473579 0.00548087
v 0.02030765 -0.03491739 0.00750996
v 0.02146298 -0.03332507 0.00802357
v 0.02081922 -0.03421572 0.00710205
v 0.02136265 -0.03340745 0.00849288
v -0.01166038 0.02573731 -0.02256722
v 0.01925408 -0.03567238 0.00473934
v 0.01889590 -0.03625400 0.00391675
v 0.02001567 -0.03485690 0.00326757
v 0.02032971 -0.03415555 0.00506037
v 0.01008797 0.03910896 -0.01274281
v 0.01924808 -0.03628840 0.00279596
v 0.02103534 -0.03259915 0.00426782
v 0.02094957 -0.03312039 0.00517767
v 0.02174478 -0.03197696 0.00685192
v 0.02132561 -0.03216943 0.00510186
v 0.02136819 -0.03330622 0.00705741
v 0.02176985 -0.03261825 0.00807574
v 0.02190492 -0.03207717 0.00811279
v 0.02191862 -0.03149482 0.00742146
v -0.01657095 0.02609103 -0.02032581
v 0.00804603 -0.03882838 0.00837080
v 0.01118535 0.03845521 -0.01405465
v 0.02101307 -0.03291915 0.00204698
v 0.02045820 -0.03422434 0.00252077
v 0.02057070 -0.03363997 0.00417773
v 0.02031795 -0.03628797 0.00005126
v 0.02096675 -0.03561630 -0.00131922
v -0.00071516 -0.04014104 0.00115320
v 0.02017099 -0.03540166 0.00168655
v 0.02086996 -0.03401080 0.00096193
v 0.02120365 -0.03496861 -0.00149808
v 0.01453885 -0.03815209 -0.01420090
v 0.01556516 -0.03774228 -0.01498788
v 0.01807297 -0.03797524 -0.01262122
v 0.02132924 -0.03129942 0.00250027
v 0.02096388 -0.03274661 0.00309048
v 0.00460807 -0.03644196 0.01168624
v 0.02124209 -0.03170746 0.00327913
v 0.02142592 -0.03135644 0.00438591
v 0.02137234 -0.03072160 0.00361136
v 0.02134854 -0.03245758 0.00062938
v 0.01769077 0.00242379 0.01070131
v 0.02147075 -0.03357039 -0.00134724
v 0.01875576 0.00288418 0.01051469
v 0.02153234 -0.03468891 -0.00383052
v -0.00767247 -0.03725139 0.01167611
v 0.02153456 -0.03417919 -0.00254340
v 0.02095632 -0.03636553 -0.00395569
v 0.00533481 -0.03652650 -0.01846933
v 0.00533340 -0.03607453 0.01175591
v -0.00776922 -0.03667279 0.01197166
v 0.00801752 -0.03596389 -0.01913769
v 0.02149493 -0.02863177 0.00268051
v 0.02173801 -0.02928993 0.00127732
v 0.02150259 -0.02993804 0.00243976
v 0.02171405 -0.03029641 0.00068840
v -0.00840222 -0.03574782 0.01230689
v 0.02197403 -0.03146087 -0.00243343
v -0.00730931 -0.03615845 0.01227681
v 0.02191578 -0.03312180 -0.00459460
v 0.00896424 -0.03471985 -0.02053333
v 0.00569494 -0.03453376 -0.02079694
v 0.00721050 -0.03480187 -0.02049455
v 0.00953178 -0.03421355 -0.02103212
v 0.00795516 -0.03379911 -0.02143852
v 0.01978274 0.00223941 0.01031632
v 0.02217481 -0.03129022 -0.00410629
v 0.00663023 -0.03706776 0.01104856
v 0.02182615 -0.03393017 -0.00652810
v 0.02215862 -0.03216350 -0.00874586
v 0.00857242 -0.03692089 0.01042538
v 0.00566729 -0.03337612 -0.02186208
v 0.00603902 -0.03271185 -0.02233394
v -0.01310093 0.02564058 -0.02219671
v 0.02251712 -0.02990542 -0.00656679
v 0.02010536 0.00282769 0.01015707
v 0.02250400 -0.02977260 -0.00854533
v 0.00384679 -0.03042277 -0.02368005
v 0.00218616 -0.02986208 -0.02388687
v 0.00480205 -0.04015574 0.00005825
v -0.00071717 -0.02930756 -0.02398437
v -0.00349695 -0.02609609 -0.02455892
v 0.02125771 0.00124012 0.00995055
v -0.00209564 -0.02555184 -0.02472070
v 0.02154849 0.00300764 0.00926867
v -0.00551306 -0.02281223 -0.02453813
v 0.02186730 0.00155501 0.00939607
v -0.00745519 -0.03947684 -0.00116233
v 0.00493017 -0.04005133 -0.00289210
v -0.01598304 0.02649716 -0.02067269
v -0.01196763 -0.01869438 -0.02364191
v -0.00973888 -0.02066688 -0.02402592
v 0.02299967 0.00088250 0.00820176
v -0.01067404 -0.01509943 -0.02375831
v -0.01494577 0.02709292 -0.02107960
v -0.01275909 -0.01478052 -0.02345585
v -0.01359640 -0.01303837 -0.02333751
v 0.01637403 0.00370689 0.01088910
v -0.01452312 -0.01100901 -0.02319979
v -0.01772979 -0.00130466 -0.02150832
v 0.00607097 -0.04012745 -0.00092002
v -0.01032322 -0.01170493 -0.02390879
v -0.01231249 -0.01182301 -0.02359711
v -0.01122726 -0.01046684 -0.02374329
v 0.00698548 -0.03602716 0.01132206
v -0.01644592 -0.00197935 -0.02214198
v -0.00858400 -0.01053319 -0.02410073
v -0.00976103 -0.00934850 -0.02390838
v -0.01010317 -0.00665722 -0.02380292
v 0.01107260 -0.04010137 0.00137005
v -0.01804145 0.02909628 -0.01673001
v -0.00831659 -0.00610493 -0.02408115
v -0.01780673 0.02922220 -0.01725690
v -0.00762270 -0.00440343 -0.02411310
v -0.01394011 0.02564923 -0.02190113
v 0.01447313 -0.03995437 0.00234865
v -0.00550674 -0.00473460 -0.02430701
v 0.01526527 -0.03989806 0.00212690
v -0.00471652 -0.00137430 -0.02429694
v 0.01499277 -0.04005173 0.00122132
v 0.01442804 -0.04009620 0.00116480
v 0.01379207 -0.04000613 0.00050256
v 0.01450219 -0.04008555 0.00177311
v -0.00798021 0.00097402 -0.02391613
v 0.01908782 0.00476326 0.01051693
v -0.00944462 0.00928188 -0.02355587
v 0.02075335 0.00272947 0.00987438
v 0.02000587 0.00375716 0.01019984
v -0.00651717 0.00918786 -0.02392488
v -0.00722180 0.02673864 -0.02318515
v -0.00831581 0.02621266 -0.02308566
v -0.00862452 0.01144968 -0.02361418
v -0.00322638 0.01235955 -0.02435465
v -0.00658198 0.01759355 -0.02372317
v -0.00748497 0.02726682 -0.02310646
v -0.00841754 0.02021452 -0.02336173
v -0.00899087 0.02808290 -0.02290829
v -0.00955472 0.02318612 -0.02299562
v 0.01665408 -0.03964737 0.00110298
v -0.00681856 0.02276154 -0.02348878
v -0.00665960 0.02549914 -0.02340253
v -0.00459989 0.02499061 -0.02369958
v 0.01348081 -0.03981706 -0.00210157
v -0.01996739 -0.00071162 -0.01976054
v 0.02516997 -0.00146961 0.00265110
v -0.00775201 0.02880133 -0.02304007
v -0.00462968 0.02601338 -0.02359787
v 0.02503892 0.00060379 0.00223345
v 0.02470770 -0.00092509 0.00474074
v 0.02494696 0.00010962 0.00330622
v -0.00329292 0.02741181 -0.02358105
v -0.00562469 0.02778395 -0.02322477
v 0.00225494 0.02648171 -0.02422981
v -0.00599127 0.02829552 -0.02315244
v 0.00120265 0.02866749 -0.02409836
v 0.00403727 0.02662911 -0.02444529
v 0.01817668 -0.03619811 0.00943362
v -0.02258392 0.00434723 -0.01473732
v -0.00544111 0.02863858 -0.02320437
v 0.00317517 0.02835059 -0.02436203
v 0.00610406 0.02846242 -0.02460890
v 0.00569756 0.03029685 -0.02457937
v 0.00748556 0.03262062 -0.02436418
v 0.00976159 0.03254898 -0.02448553
v 0.00883620 0.03396204 -0.02427294
v -0.02310403 0.00067149 -0.01441094
v 0.01097708 0.03403195 -0.02423842
v -0.02263855 0.00081477 -0.01546320
v -0.00440462 0.02827178 -0.02335613
v -0.00031198 0.03920648 -0.02064515
v 0.01133436 0.03641217 -0.02287522
v -0.02201828 0.00099445 -0.01659598
v -0.00388425 0.02887217 -0.02340582
v 0.01149117 0.03595322 -0.02322647
v -0.02070025 0.00012543 -0.01883984
v 0.00323657 0.03963470 -0.02024767
v -0.02117151 0.00241905 -0.01768420
v 0.00592074 0.03948800 -0.02010140
v 0.00789529 0.03901824 -0.02013124
v 0.00569402 0.03922501 -0.02075141
v 0.00875937 -0.03921669 -0.01154366
v -0.00114563 -0.03985028 0.00721010
v -0.00290956 -0.03997825 0.00302344
v 0.01985334 -0.03757119 -0.00060080
v -0.00200085 0.02867768 -0.02363087
v 0.00005516 0.02739874 -0.02397163
v 0.00946706 -0.03702872 0.01002941
v 0.01950908 -0.03803953 -0.00063455
v 0.00958716 -0.03749598 0.00953387
v 0.00808798 -0.03928513 0.00739149
v 0.00978697 -0.03869456 0.00772577
v 0.00923388 -0.03929031 0.00686328
v 0.00869285 -0.03971771 0.00614335
v 0.01925890 -0.03852697 -0.00132797
v 0.01021933 -0.03920281 0.00653605
v 0.00869228 -0.04002458 0.00520477
v 0.00987399 -0.03973417 0.00549967
v 0.00853543 -0.04016494 0.00451102
v 0.01975572 -0.03810885 -0.00165976
v 0.01960043 -0.03835686 -0.00255426
v 0.01891211 -0.03880204 -0.00161968
v -0.01818022 0.00163265 -0.02103892
v 0.00856296 -0.03557154 0.01104001
v 0.00919333 -0.03667441 0.01038989
v 0.01059537 -0.03611530 0.01047441
v 0.01018612 -0.03713436 0.00970779
v 0.01191206 -0.03716427 0.00902531
v 0.01160501 -0.03907258 0.00600411
v -0.01580959 0.03573202 -0.01644485
v 0.01212003 -0.03841334 0.00698593
v -0.01869121 -0.00052507 -0.02080584
v 0.01189178 -0.03949794 0.00483334
v -0.01642722 0.03472409 -0.01668137
v 0.01187072 -0.03974407 0.00409956
v 0.01359027 -0.03959532 0.00359770
v -0.01674495 0.03406388 -0.01737643
v 0.01529648 -0.03976629 0.00258034
v -0.00609039 -0.03920775 -0.00792809
v -0.00683812 -0.03893530 -0.01001022
v -0.01623926 0.03520339 -0.01769431
v -0.01692577 0.00007406 -0.02186791
v 0.01632416 -0.03944832 0.00238679
v 0.01682221 -0.03895332 0.00272524
v 0.01601381 -0.03982835 0.00128788
v 0.01621709 -0.03968644 0.00179140
v 0.01703939 -0.03932608 0.00174234
v 0.00314325 -0.03979160 -0.00653564
v 0.00493900 -0.03895992 -0.01344180
v 0.01425355 -0.03908281 -0.00936005
v 0.01980041 -0.03790601 -0.00440032
v 0.00298246 0.03011034 -0.02438246
v 0.00788763 -0.03901320 -0.01290127
v 0.01187550 -0.03908698 -0.01131105
v 0.01514645 -0.03838804 -0.01310849
v 0.01290973 -0.03858626 -0.01332654
v 0.02120261 -0.03581814 -0.00332300
v 0.02016007 -0.03722535 -0.00615618
v 0.01922489 -0.03799596 -0.00983254
v 0.02020671 -0.03754707 -0.00388748
v 0.01611448 -0.03810679 -0.01369223
v 0.01967000 -0.03757135 -0.01097311
v 0.01821747 -0.03767144 -0.01343027
v 0.01983916 -0.03683452 0.00062498
v 0.01700738 -0.03745578 -0.01495836
v 0.01649841 -0.03769874 -0.01471030
v -0.01956946 0.00132615 -0.01987840
v 0.01870173 -0.03679374 -0.01476878
v 0.01843992 -0.03732044 -0.01402564
v 0.02019440 -0.03730880 -0.00118523
v 0.02147662 -0.03460820 -0.01064297
v 0.02091389 -0.03591149 -0.01031428
v 0.01993682 -0.03656050 -0.01322789
v 0.01918568 -0.03730852 -0.01317336
v 0.01934077 -0.03669645 -0.01403707
v 0.02072231 -0.03604698 -0.01145191
v 0.02160282 -0.03457540 -0.00778868
v 0.02185148 -0.03367949 -0.00895957
v 0.01964128 -0.03615477 -0.01435140
v 0.01918208 -0.03572814 -0.01564014
v 0.02104736 -0.03506444 -0.01199829
v 0.02043402 -0.03609522 -0.01264363
v 0.02152785 -0.03494594 -0.00623837
v 0.02011108 -0.03538609 -0.01439452
v -0.02266575 0.00768474 -0.01366539
v 0.02068541 -0.03516007 -0.01319249
v 0.02138987 -0.03323512 -0.01296994
v 0.02039326 -0.03415983 -0.01500003
v 0.00278928 0.03108160 -0.02434671
v 0.01947153 -0.03449053 -0.01652393
v 0.02088805 -0.03397223 -0.01393702
v -0.02167768 0.00334207 -0.01677693
v 0.02069553 -0.03656351 -0.00561346
v 0.00801075 -0.03248816 -0.02242121
v 0.00823584 -0.03107831 -0.02331546
v 0.02032583 -0.03247570 -0.01631206
v 0.02223609 -0.02778132 -0.00182503
v 0.02179654 -0.02821137 0.00106575
v 0.02151524 -0.02748947 0.00230816
v 0.00541888 0.03101376 -0.02452296
v 0.02151648 -0.02592371 0.00166774
v 0.02161023 -0.02483694 0.00099322
v 0.02190181 -0.02597212 -0.00007887
v -0.01995506 0.00278574 -0.01926094
v 0.00176865 -0.02899921 -0.02422677
v 0.00461436 -0.02868237 -0.02451537
v -0.00117518 -0.02776093 -0.02438796
v 0.02209646 -0.02112759 -0.00038135
v 0.02166050 -0.02303339 0.00085862
v 0.02133269 -0.02411887 0.00185014
v 0.02068587 -0.02384800 0.00357083
v 0.02100909 -0.02216223 0.00294701
v 0.02214748 -0.02399063 -0.00140976
v 0.02254886 -0.02326814 -0.00396874
v 0.02243058 -0.02834467 -0.00366355
v 0.02266541 -0.02431338 -0.00537450
v 0.00166557 -0.03690417 -0.01775501
v 0.02265806 -0.02812639 -0.00650272
v 0.02236317 -0.02771688 -0.01122434
v 0.02273021 -0.02338220 -0.00821271
v 0.02262455 -0.02725008 -0.00874446
v 0.00775374 0.03150731 -0.02447203
v 0.00083670 -0.02710250 -0.02466771
v -0.01616585 0.00234993 -0.02210571
v -0.01588922 0.00018568 -0.02229813
v -0.00307270 -0.02454185 -0.02474183
v -0.01450838 0.00223407 -0.02263796
v 0.02282475 -0.01745861 -0.00191367
v 0.02170325 -0.02014551 0.00149985
v -0.01304484 0.00091772 -0.02308371
v 0.02194879 -0.01843566 0.00165154
v 0.02246706 -0.01789103 -0.00009168
v 0.00983607 0.03429262 -0.02424122
v 0.02259186 -0.02037439 -0.00298539
v 0.02283312 -0.01969177 -0.00538207
v 0.02274905 -0.01939844 -0.00982134
v 0.02228789 -0.02392175 -0.01208997
v 0.02258460 -0.02350618 -0.01032611
v 0.02245493 -0.01966903 -0.01187662
v 0.02106136 -0.02589872 -0.01624642
v 0.02186557 -0.02494094 -0.01368838
v 0.00141485 -0.03616745 -0.01875623
v -0.01918646 0.00374049 -0.01993806
v -0.00854626 -0.01681026 -0.02414527
v 0.01037522 0.03456168 -0.02411428
v -0.01755055 0.00233569 -0.02143986
v 0.02332300 -0.01473578 -0.00178678
v 0.01177432 0.03747340 -0.02108644
v 0.02302757 -0.01512211 0.00019562
v 0.01159743 0.03710191 -0.02194655
v 0.00816962 -0.03675290 -0.01807640
v 0.02311009 -0.01670160 -0.00454529
v 0.02305313 -0.01742239 -0.00634528
v 0.02336842 -0.01495852 -0.00619048
v 0.02285578 -0.01980181 -0.00740835
v -0.01686363 0.00270047 -0.02178891
v 0.02204799 -0.02077872 -0.01342514
v 0.02113227 -0.02060538 -0.01610134
v 0.02156795 -0.02232318 -0.01481043
v -0.00793460 -0.01312322 -0.02419917
v 0.01112847 0.03685199 -0.02242101
v 0.02403209 -0.01097644 -0.00424456
v 0.02382969 -0.01230276 -0.00190615
v 0.02471943 -0.00810291 -0.00133433
v 0.02311847 -0.01590705 -0.00849048
v 0.02351082 -0.01184893 -0.00866944
v 0.01876196 0.00865128 0.01017942
v 0.02286060 -0.01660081 -0.01030849
v 0.02267964 -0.01315627 -0.01248899
v 0.02236531 -0.01762322 -0.01273822
v 0.02221414 -0.01137260 -0.01444008
v 0.02176389 -0.01817048 -0.01471699
v 0.01323012 0.03687846 -0.02176906
v 0.01359961 0.03638748 -0.02246110
v 0.02035324 -0.02020685 -0.01796476
v 0.02095683 -0.01887219 -0.01665478
v 0.02103270 -0.01666348 -0.01674209
v 0.02099897 -0.01460893 -0.01703398
v -0.00717074 -0.01138720 -0.02423286
v 0.00224943 -0.03529927 -0.01988231
v -0.00351154 -0.01080948 -0.02458522
v -0.00780670 -0.00908492 -0.02421429
v 0.01417695 0.03647294 -0.02184167
v -0.00547840 -0.00985365 -0.02424397
v 0.01314839 0.03595342 -0.02307841
v -0.00659768 -0.00701315 -0.02428535
v 0.01279172 0.03665951 -0.02236100
v -0.00486749 -0.00886480 -0.02437126
v -0.01822554 0.00358698 -0.02085962
v -0.00491714 -0.00695991 -0.02435588
v 0.02453359 -0.00592058 -0.00545592
v 0.02424402 -0.00855300 -0.00550701
v 0.02352913 -0.00986610 -0.00961470
v 0.02324271 -0.00904021 -0.01130090
v 0.02443037 0.00338697 0.00453479
v -0.02282719 -0.02112892 -0.01730867
v 0.02278319 -0.00785848 -0.01332614
v -0.02355671 -0.02243275 0.00246250
v -0.00683436 -0.03929037 0.00866816
v -0.00825071 -0.03922684 0.00835432
v 0.02473743 0.00277193 0.00361253
v -0.00119757 -0.00670499 -0.02493575
v -0.00409225 -0.00452394 -0.02445353
v -0.00160880 -0.00310870 -0.02471773
v 0.02459552 -0.00337726 -0.00620716
v 0.02424761 -0.00199523 -0.00851607
v 0.02396317 -0.00326241 -0.00958852
v -0.02415618 -0.02205157 -0.00053731
v 0.02355287 0.00064400 -0.01172603
v -0.02209072 0.00941433 -0.01459611
v -0.02048679 -0.02164927 -0.02086286
v -0.00760205 0.00292455 -0.02398479
v -0.02459691 -0.02245690 -0.00625427
v -0.02437408 -0.02446121 -0.00462159
v -0.00506541 0.00203759 -0.02426502
v 0.02459358 -0.00071130 -0.00683246
v -0.02125279 0.00612296 -0.01695258
v 0.02430981 0.00133482 -0.00862079
v 0.02492986 -0.00117898 -0.00448999
v -0.00256439 -0.03975915 0.00734332
v 0.02162733 -0.00199407 -0.01670795
v 0.02169462 -0.00509850 -0.01645872
v 0.02262118 -0.00298438 -0.01419272
v 0.02226631 -0.00106529 -0.01527735
v 0.02157506 0.00472079 -0.01782565
v 0.02141231 0.00051268 -0.01747852
v -0.01999842 -0.02039934 -0.02097526
v 0.02277728 0.00118136 -0.01426601
v -0.00419639 0.00754537 -0.02435120
v -0.00045169 -0.03839345 0.01096713
v -0.00319049 0.00687124 -0.02448474
v -0.01995811 -0.02188921 -0.02137869
v -0.00036347 -0.03893115 0.01010376
v 0.02397668 0.00662054 -0.01007724
v 0.02359807 0.00596554 -0.01180678
v 0.02348355 0.01005695 -0.01193195
v 0.02298196 0.00715093 -0.01415825
v 0.02121089 0.00428501 -0.01862063
v 0.02154078 0.00647462 -0.01828313
v -0.00031515 -0.03916836 0.00960889
v -0.00162709 0.01232111 -0.02450948
v -0.02323293 -0.01988646 -0.01643051
v -0.00510716 0.01455776 -0.02410135
v 0.02225264 0.00888824 -0.01653450
v -0.01568314 0.00518831 -0.02209258
v -0.00423226 0.01772478 -0.02411307
v -0.02421029 -0.01551644 0.00141994
v 0.02017844 -0.01958558 0.00527247
v 0.01986845 -0.02118360 0.00554657
v -0.02362664 -0.01646460 0.00353037
v -0.00582532 0.02003291 -0.02373999
v 0.02088692 0.00764896 0.00942937
v 0.02153804 0.00811752 0.00880720
v 0.00089706 -0.03966298 0.00803342
v -0.00164372 0.01879395 -0.02423637
v 0.02290448 0.01352874 -0.01350595
v 0.02109975 0.00884370 0.00916934
v 0.02224029 0.01607092 -0.01523548
v -0.00110235 0.01553719 -0.02435513
v -0.02279465 -0.01677199 0.00603054
v -0.00288126 0.01975730 -0.02406621
v -0.00187911 0.02239294 -0.02404887
v -0.02379980 -0.01775636 0.00254207
v -0.02473040 -0.01510258 -0.00152431
v -0.02418545 -0.01820651 0.00055982
v 0.02135516 0.01939369 -0.01673734
v 0.02206757 0.02031175 -0.01292844
v -0.00230791 0.02552208 -0.02388003
v -0.01452542 -0.02374613 -0.02314463
v -0.02475498 -0.01993888 -0.00500589
v 0.00575880 0.02706255 -0.02462840
v -0.02477396 -0.01782248 -0.00335443
v -0.01048089 -0.03913472 0.00217432
v -0.01741787 0.00420430 -0.02135014
v 0.01569245 0.03559018 -0.02117360
v 0.01640828 0.03483657 -0.02075700
v 0.01447975 0.03599275 -0.02238361
v 0.01530086 0.03571116 -0.02190227
v 0.01651176 0.03424472 -0.02255665
v 0.00946734 0.03637626 -0.02328626
v 0.00992623 0.03554427 -0.02376171
v 0.00518755 -0.03952745 0.00759657
v 0.01900815 0.00951764 0.01010494
v 0.00440774 -0.03928248 0.00844932
v 0.01360384 0.03581462 -0.02306861
v -0.02460205 -0.02235149 -0.00813385
v -0.00449222 -0.03956216 0.00837045
v -0.00432306 -0.03964301 0.00768779
v -0.00855200 -0.03940548 0.00143391
v 0.00198487 -0.04010570 0.00403368
v 0.01319921 -0.01430441 0.01231620
v 0.00390001 -0.04023921 0.00291171
v -0.00046122 -0.04011862 0.00360603
v -0.02483369 -0.01829686 -0.00868357
v 0.02177308 0.00926762 0.00849363
v 0.00193457 -0.04025569 0.00215136
v 0.01525555 -0.01339402 0.01180803
v 0.02232023 0.00863289 0.00786114
v 0.01498040 -0.01290617 0.01177752
v 0.00708438 -0.03955051 0.00706872
v 0.00396646 -0.03969868 0.00696115
v 0.00774435 -0.03991983 0.00586188
v 0.01500326 -0.01481832 0.01206887
v 0.01591904 -0.01357668 0.01153707
v 0.00624322 -0.03983526 0.00629063
v -0.01811833 0.00580232 -0.02048903
v 0.01002844 -0.04012814 0.00289971
v 0.00977916 -0.04009893 0.00417553
v 0.01039030 -0.03999611 0.00424335
v 0.01602658 -0.01443371 0.01143225
v 0.00574452 -0.03940056 0.00787615
v -0.00296292 -0.03957768 -0.00588142
v -0.00236626 -0.03977445 -0.00394101
v 0.00613471 -0.03919493 0.00831753
v -0.00443124 -0.03929577 -0.00910598
v 0.00858731 -0.03971575 -0.00661424
v 0.02492816 0.00607345 0.00102448
v -0.02202478 -0.01716432 -0.01864575
v -0.00532710 -0.03848054 -0.01314333
v 0.01165691 -0.03931996 -0.00959885
v -0.02204246 -0.01861290 -0.01877052
v -0.00534706 -0.02511720 -0.02448713
v 0.01443364 -0.03880325 -0.01126163
v -0.02442678 -0.01156367 0.00188962
v -0.02410006 -0.01141248 0.00364031
v 0.01738640 -0.03857724 -0.01059087
v 0.01865978 -0.03820424 -0.01061933
v 0.01834974 -0.03815981 -0.01150324
v -0.02166502 0.00693678 -0.01607035
v 0.01974014 -0.03760281 -0.00845736
v 0.02059111 -0.03658366 -0.00809705
v 0.02016072 -0.03710971 -0.00992862
v -0.02488599 -0.00834526 0.00000780
v -0.02029800 0.00988311 -0.01774257
v -0.02499044 -0.01217264 -0.00293835
v -0.02499831 -0.01374301 -0.00766877
v -0.02492707 -0.01776960 -0.00698108
v 0.01961750 -0.03750482 -0.01164655
v 0.02011136 -0.03695872 -0.01176431
v 0.01910094 -0.03752970 -0.01251752
v 0.01924165 -0.03777885 -0.01169248
v 0.01963839 -0.03721860 -0.01243403
v -0.02491795 -0.01539580 -0.00850057
v 0.01954236 0.01141117 0.01003602
v 0.01093413 -0.03682513 -0.01760060
v -0.02471935 -0.01828229 -0.01020115
v 0.00536298 -0.04012921 0.00391278
v 0.01201082 -0.03584839 -0.01879477
v 0.02160637 -0.03407629 -0.01086139
v -0.02490847 -0.01181138 -0.00914574
v 0.02223391 -0.03101072 -0.00990933
v 0.00597764 -0.04013313 0.00267659
v 0.02182476 -0.03246499 -0.01154163
v 0.00625791 -0.04014361 0.00358902
v 0.02213684 -0.02991451 -0.01154166
v 0.01417310 -0.01243748 0.01169461
v 0.02192213 -0.02888875 -0.01300103
v 0.00604874 -0.02927162 -0.02433824
v -0.00771301 -0.02470067 -0.02421911
v 0.02201184 -0.02746674 -0.01294405
v 0.02163575 -0.02888980 -0.01409867
v 0.00021630 -0.02374724 -0.02498039
v 0.00273623 -0.02481765 -0.02503812
v 0.01575511 -0.01213352 0.01154615
v -0.01665737 0.00576334 -0.02146533
v -0.00355001 -0.02103815 -0.02474293
v -0.00465317 -0.01998017 -0.02460550
v -0.00596516 -0.01834892 -0.02440021
v 0.02286630 0.01044709 0.00681629
v -0.00434348 -0.01571867 -0.02465570
v -0.00684719 -0.01510068 -0.02437173
v -0.01930582 0.00673360 -0.01934865
v -0.01999213 -0.01665980 -0.02050917
v -0.00431001 -0.01197146 -0.02451894
v -0.00008593 -0.01367420 -0.02492668
v -0.00071831 -0.01132613 -0.02485233
v -0.01819834 0.00743808 -0.02020665
v -0.00182812 -0.00737125 -0.02486460
v 0.01774780 0.01176024 0.01025935
v 0.01813156 0.01331818 0.01004073
v 0.01923295 0.01226464 0.01001200
v 0.00003566 -0.00783455 -0.02504235
v 0.01909612 -0.01548216 0.00819859
v 0.02053063 0.01149740 0.00955503
v 0.00057977 -0.00489622 -0.02500475
v -0.01600970 0.00630165 -0.02178076
v 0.02031102 -0.01596502 0.00639197
v -0.00212389 0.00405046 -0.02459288
v -0.00149252 0.00108646 -0.02472830
v -0.02471459 -0.00602756 0.00196993
v -0.00651307 0.00534207 -0.02412643
v 0.01175428 -0.03651914 0.00977487
v -0.00112116 0.00581329 -0.02463791
v -0.00117730 0.00846102 -0.02471140
v 0.01471923 -0.03610907 0.00997587
v -0.02510929 -0.00676469 -0.00266784
v 0.00177197 0.01003284 -0.02477590
v -0.00206115 0.00973888 -0.02461433
v -0.00074617 0.01007197 -0.02472518
v -0.02511713 -0.00970127 -0.00495113
v -0.01898558 -0.01776754 -0.02153575
v 0.01616782 -0.03595772 0.01035016
v -0.01806808 0.01053486 -0.02006078
v 0.00148685 0.01276079 -0.02461618
v -0.02506080 -0.00786872 -0.00722758
v -0.00354977 0.01510840 -0.02422652
v -0.02460546 -0.00992032 -0.01127549
v -0.00019136 0.01400429 -0.02450786
v 0.01316046 -0.03647301 0.00960239
v -0.01768122 0.00788981 -0.02053523
v 0.00156772 0.01593467 -0.02462329
v -0.01672368 0.00794223 -0.02115186
v 0.01327919 -0.03694481 0.00897739
v 0.01319858 -0.03794799 0.00730642
v 0.01201863 -0.03807510 0.00761834
v -0.02170558 0.01424672 -0.01414937
v 0.00126684 0.01807716 -0.02453116
v 0.01373117 -0.03795443 0.00701183
v 0.01445444 -0.03742733 0.00780795
v 0.01322281 -0.03747887 0.00816024
v -0.02094321 0.01002960 -0.01673847
v 0.01462411 -0.03715152 0.00841554
v 0.01505018 -0.01203981 0.01164417
v 0.00007371 0.02038542 -0.02440047
v 0.01450819 -0.03675817 0.00916220
v -0.01620231 -0.01755467 -0.02270283
v -0.00218461 0.02362101 -0.02395559
v -0.02131959 0.01082118 -0.01592035
v 0.00273752 0.02225378 -0.02449950
v 0.01589792 -0.03697872 0.00867139
v 0.01512103 -0.03740748 0.00750928
v -0.01966017 0.00976256 -0.01856261
v 0.00217429 0.02414829 -0.02430225
v 0.01543709 -0.03786482 0.00605395
v 0.01512412 -0.03840694 0.00509086
v 0.00804815 0.03026673 -0.02454789
v 0.01721042 0.01475437 0.01022957
v 0.00839228 0.02830564 -0.02456686
v -0.00661033 -0.03879034 -0.01121461
v 0.01534026 0.01378258 0.01055774
v 0.01156429 -0.00838459 0.01126142
v 0.01028278 0.03354146 -0.02438251
v 0.01089844 0.03180879 -0.02455111
v 0.01213655 0.03141435 -0.02461161
v 0.01221279 0.03432544 -0.02392924
v 0.01265642 0.03363143 -0.02410109
v 0.01401266 0.03357161 -0.02404035
v 0.01346956 0.03442997 -0.02375318
v 0.00040759 -0.03964012 -0.00953086
v -0.00640054 -0.03865010 -0.01202497
v 0.01309193 0.03522369 -0.02351598
v 0.01424130 0.03463280 -0.02356236
v 0.01184111 0.03476361 -0.02382307
v 0.01424937 0.03569200 -0.02288812
v -0.02318293 -0.01088804 -0.01599985
v -0.00532119 -0.03882935 -0.01185982
v 0.01861931 -0.03572033 0.00977571
v 0.01921318 -0.03560644 0.00930407
v 0.00754588 -0.04016085 0.00476727
v 0.01962615 -0.03495504 0.00974944
v 0.01737679 0.01378657 0.01015717
v -0.02207630 -0.01445844 -0.01821671
v 0.00949826 -0.04017479 0.00356826
v 0.01861788 0.01422078 0.00978892
v -0.01896307 -0.01667528 -0.02142207
v 0.01880410 -0.03603048 0.00899934
v 0.00547272 -0.03979938 -0.00627502
v 0.00008314 -0.03969159 -0.00842574
v 0.02204198 0.01123456 0.00807691
v 0.00187386 -0.03968104 -0.00941498
v 0.01770759 -0.03744186 0.00379240
v -0.00130793 -0.03878726 -0.01349703
v -0.02015056 -0.01608392 -0.02031487
v 0.01592236 -0.03909456 -0.00808377
v 0.01174499 -0.03948790 -0.00746444
v 0.01470650 0.01626326 0.01085791
v 0.01464317 0.01383292 0.01067580
v 0.01918483 -0.03810567 -0.00662867
v 0.01873043 -0.03831044 -0.00811222
v 0.01807374 -0.03857461 -0.00881266
v -0.01617496 -0.01441161 -0.02250468
v 0.01814574 -0.03851095 -0.00982800
v 0.01561147 -0.01029067 0.01166121
v 0.01867490 -0.03831291 -0.00953993
v -0.00037373 -0.03940896 -0.01102585
v 0.01966974 -0.03773373 -0.00644493
v 0.01488530 -0.01120122 0.01164255
v 0.01903868 -0.03809909 -0.00877008
v 0.02356380 -0.00924006 0.00762565
v 0.00832689 -0.03736491 -0.01710250
v 0.00833043 -0.03780479 -0.01629636
v 0.01138851 -0.03770347 -0.01606830
v 0.00713038 -0.03721948 -0.01740579
v 0.02023555 -0.03494275 0.00814988
v 0.01934341 -0.03563943 0.00901348
v 0.02161549 -0.01250014 0.00703735
v 0.02027936 -0.03457378 0.00913716
v 0.02195441 -0.01038604 0.00831011
v 0.01593183 -0.03551654 -0.01847193
v -0.01717021 0.01132022 -0.02060981
v 0.01437500 -0.03565305 -0.01865440
v 0.02258470 -0.01157493 0.00666538
v -0.02086376 0.01478924 -0.01600939
v 0.01532332 -0.03406509 -0.02042638
v 0.01640897 -0.03476382 -0.01923203
v -0.00384531 -0.03826861 -0.01418665
v 0.01983902 -0.01242796 0.00885633
v 0.01632544 -0.03362458 -0.02040754
v 0.01919169 -0.01392112 0.00877118
v 0.01976648 -0.01435804 0.00792916
v 0.01613759 -0.03407906 -0.02010407
v 0.01647796 -0.03287304 -0.02090053
v 0.02088754 -0.03223887 -0.01516055
v 0.02156375 -0.03116760 -0.01361166
v 0.00983753 -0.03205694 -0.02272172
v 0.01714410 -0.03224911 -0.02072612
v -0.01877688 0.01054718 -0.01944338
v 0.00693209 -0.02990397 -0.02402626
v -0.02010100 -0.01315637 -0.02050273
v 0.01665804 -0.03012985 -0.02199070
v 0.02078350 -0.03093439 -0.01596437
v 0.02125307 -0.03056352 -0.01483957
v 0.01969379 -0.03200346 -0.01770389
v 0.01997988 -0.03066613 -0.01775271
v 0.02135743 -0.02765185 -0.01525569
v 0.02055497 -0.02844501 -0.01712625
v 0.01978570 -0.02954732 -0.01842314
v 0.01972758 -0.03024194 -0.01832642
v 0.01932521 -0.00846350 0.01044477
v 0.00403586 -0.02756490 -0.02481068
v 0.00685119 -0.02726327 -0.02501683
v 0.00210912 -0.02598579 -0.02491588
v 0.01549891 0.01635872 0.01080067
v 0.00414420 -0.02369155 -0.02512751
v 0.02062741 -0.02332430 -0.01737356
v 0.02019798 -0.02641325 -0.01817247
v 0.01981389 -0.02467263 -0.01904150
v 0.01864222 -0.02513042 -0.02100916
v 0.00099177 -0.02174872 -0.02509185
v -0.01707867 -0.01353990 -0.02202096
v 0.01431515 0.01755501 0.01093521
v -0.00194887 -0.01919223 -0.02496830
v -0.00235771 -0.01708459 -0.02493736
v 0.01533854 0.01737154 0.01090499
v -0.00079278 -0.01541077 -0.02493017
v 0.02131763 -0.01280990 -0.01655791
v 0.01998487 0.01467040 0.00916261
v -0.01766250 -0.01215395 -0.02186217
v 0.01622072 -0.01020701 0.01151997
v 0.02085942 0.01476763 0.00845962
v 0.02224582 -0.00731610 -0.01492973
v 0.01925363 -0.03828886 -0.00454917
v 0.00535972 -0.00837710 -0.02520572
v 0.00743549 -0.00847396 -0.02522991
v 0.02116244 0.01413133 0.00824863
v 0.00322894 -0.00731858 -0.02508235
v 0.02352149 -0.01001752 0.00681490
v 0.02021678 -0.03761779 -0.00270937
v 0.02062433 -0.00781497 -0.01849345
v -0.01764939 0.01243194 -0.02025982
v 0.00529143 -0.00269836 -0.02524327
v 0.00176830 -0.00155710 -0.02500347
v 0.01295933 -0.00804961 0.01129828
v 0.00003048 -0.00181728 -0.02486543
v -0.02025828 -0.01139532 -0.02021810
v 0.01894404 -0.00582046 -0.02123651
v 0.02105813 -0.00235164 -0.01784353
v 0.02030498 -0.00388343 -0.01913040
v 0.00043665 0.00180537 -0.02492078
v 0.01402379 0.01865139 0.01094150
v 0.01919089 -0.00168867 -0.02067124
v 0.01983732 -0.00215780 -0.01983388
v 0.02019635 0.00035153 -0.01951216
v 0.02059426 -0.00071965 -0.01879393
v 0.02138403 -0.02962072 0.00640893
v 0.02125722 -0.02927416 0.00600528
v 0.02171326 -0.03027405 0.00677341
v 0.02142922 -0.02995779 0.00524478
v 0.02003312 0.00204198 -0.01999803
v 0.01778852 0.00065314 -0.02204263
v 0.02153307 -0.03061932 0.00489251
v 0.01874795 0.00090842 -0.02130395
v 0.02142096 -0.03021523 0.00440216
v 0.02128947 -0.02921975 0.00407388
v 0.01927323 -0.00024213 -0.02055979
v 0.02099610 0.00228657 -0.01860618
v 0.02178441 -0.03104107 0.00661389
v 0.00131856 0.00554525 -0.02477517
v 0.02193937 -0.03065881 0.00773921
v 0.00212520 0.00814208 -0.02483801
v -0.02204585 -0.01096065 -0.01806368
v 0.00380640 0.01232411 -0.02480934
v -0.01498892 0.01041193 -0.02201154
v 0.02169612 -0.03050177 0.00640225
v -0.01406700 0.01004705 -0.02252545
v 0.02019534 0.01750489 0.00878472
v 0.02049931 0.01506906 0.00875428
v 0.00516137 0.01484815 -0.02482925
v -0.02491241 -0.00457860 0.00045013
v 0.02102788 0.01610251 0.00824557
v 0.00248338 0.02067548 -0.02456534
v 0.00441796 0.01899750 -0.02467282
v 0.01411568 -0.00814757 0.01145155
v -0.02507641 -0.00264217 -0.00243559
v -0.02502067 -0.00597529 -0.00751892
v -0.02513075 -0.00523457 -0.00519923
v -0.02506032 -0.00253170 -0.00554047
v 0.02144466 0.01467659 0.00783325
v 0.02195644 0.01541947 0.00706845
v 0.00439224 0.02222909 -0.02468011
v -0.01897158 0.01420556 -0.01911718
v -0.01950899 0.01363925 -0.01846581
v 0.00590875 0.02325472 -0.02486125
v 0.00687036 0.02401904 -0.02489147
v 0.02113207 0.02206241 -0.01544450
v 0.01608148 -0.00847239 0.01151434
v -0.01888947 0.01246440 -0.01923520
v 0.00592408 0.02405944 -0.02484606
v 0.00571795 -0.03568738 -0.01954989
v 0.01974786 0.02622279 -0.01712199
v 0.01903119 0.02509671 -0.01996151
v 0.00659062 0.02737756 -0.02465038
v 0.02243782 0.01348330 0.00698448
v -0.02484304 -0.00157420 -0.00791664
v 0.02099943 -0.02806035 0.00482940
v 0.02224953 -0.00773841 0.00908166
v 0.01104447 0.02759465 -0.02466818
v 0.02061309 -0.02762735 0.00590260
v 0.02346606 0.01173717 0.00528800
v 0.02046866 -0.02692500 0.00559707
v 0.00982752 0.02996984 -0.02456693
v 0.01765915 -0.00908388 0.01099545
v 0.01361207 0.03194375 -0.02457810
v 0.02419322 0.01365806 0.00173047
v 0.01469242 0.03198330 -0.02443976
v 0.01512827 0.03120276 -0.02444503
v -0.01824547 -0.01206141 -0.02154046
v 0.02130283 -0.01219658 0.00762322
v 0.01427954 0.03147767 -0.02458886
v 0.01743870 0.03237619 -0.02233474
v 0.01757130 0.03266178 -0.02186939
v 0.01260935 0.03296012 -0.02430256
v 0.02478377 0.00971136 0.00049449
v 0.01450544 0.03376893 -0.02392543
v 0.02092270 -0.01315012 0.00734575
v 0.01572576 0.03318870 -0.02412385
v 0.01529368 0.03336852 -0.02410641
v 0.01533176 0.03281038 -0.02427374
v -0.02067100 0.01849376 -0.01545746
v 0.01559066 0.03238873 -0.02431029
v -0.02119672 0.01526991 -0.01516305
v -0.01861204 -0.00988098 -0.02164524
v 0.01726082 0.03330789 -0.02228209
v 0.01699033 0.03296083 -0.02308121
v 0.01637682 0.03354044 -0.02350372
v 0.01654579 0.03233683 -0.02383918
v 0.01611980 0.03279888 -0.02406014
v 0.01672058 0.03297826 -0.02349769
v 0.01563516 0.03493403 -0.02270607
v 0.01590489 0.03394301 -0.02351615
v 0.01494195 0.03467447 -0.02334334
v 0.01537459 0.03376144 -0.02386522
v 0.01675455 0.03345719 -0.02321234
v -0.01352206 0.01038363 -0.02273144
v -0.01375771 0.01208184 -0.02265048
v 0.01656825 0.03455962 -0.01902772
v 0.01693709 0.03376600 -0.02250420
v 0.01713629 0.03387168 -0.02029234
v 0.02401568 -0.00866530 0.00727368
v 0.01389309 -0.00714888 0.01131472
v 0.01239633 0.03751854 -0.02011628
v 0.01072200 0.03802967 -0.02033000
v 0.01375244 0.03684901 -0.02121168
v 0.01432144 0.03667369 -0.02037529
v 0.02002173 -0.02537659 0.00565976
v -0.02073206 -0.01087671 -0.01974900
v -0.01998589 -0.00887279 -0.02052869
v 0.00808511 -0.04020090 0.00395864
v 0.02064865 -0.02619662 0.00460753
v -0.01934977 -0.01147346 -0.02095464
v 0.00120500 -0.03980300 -0.00558561
v 0.02123619 -0.02731472 0.00328875
v 0.01941676 0.01740284 0.00944356
v 0.01744156 -0.00807019 0.01100494
v -0.01643827 0.01253685 -0.02115006
v 0.00007634 -0.03222480 -0.02244186
v 0.00269800 -0.03188529 -0.02280841
v -0.01711020 0.01462602 -0.02091937
v 0.01286855 -0.00645780 0.01123397
v 0.01709298 -0.03885492 -0.00896388
v 0.01805554 -0.03866493 -0.00736725
v -0.01604472 0.01053734 -0.02131781
v -0.01504992 0.01270302 -0.02199655
v 0.01488971 -0.00628572 0.01119850
v 0.01376908 -0.03752379 -0.01595658
v -0.02266346 -0.00951140 -0.01688815
v 0.01643635 -0.03740116 -0.01544223
v 0.01463269 -0.03713774 -0.01652058
v 0.01574260 -0.03670520 -0.01696228
v 0.01387156 -0.03657906 -0.01751428
v -0.02108704 -0.00788460 -0.01928454
v 0.01599503 -0.03624207 -0.01757391
v -0.02126309 -0.01086892 -0.01914615
v 0.01856402 -0.03596056 -0.01610960
v 0.00983420 -0.03492791 -0.02023524
v -0.01426298 0.01340558 -0.02235169
v 0.01822693 -0.03543934 -0.01731763
v 0.02050664 -0.02460983 0.00429010
v 0.01074718 -0.03445041 -0.02068030
v 0.01171737 -0.03489794 -0.02003110
v 0.02279602 -0.00612901 0.00899721
v 0.01769517 -0.03487215 -0.01836960
v 0.01867515 -0.03459849 -0.01767107
v 0.01900019 -0.03478845 -0.01704110
v 0.02122923 -0.02512712 0.00233284
v 0.01557874 -0.00514372 0.01108329
v 0.01782270 -0.03406229 -0.01892041
v -0.01703560 -0.01114853 -0.02245863
v -0.01827440 -0.00926018 -0.02188362
v 0.01732593 -0.03439885 -0.01901981
v 0.01011868 -0.03326810 -0.02185725
v 0.01122201 -0.03279915 -0.02214852
v 0.01893880 -0.03361009 -0.01801522
v 0.01956901 -0.03346915 -0.01715332
v -0.01743287 -0.01003149 -0.02227015
v 0.01729953 -0.03357414 -0.01980637
v 0.01590945 -0.03316659 -0.02107890
v 0.01607994 -0.03234683 -0.02147491
v -0.01640830 -0.01084053 -0.02270578
v 0.01847256 -0.03238083 -0.01928872
v 0.01906903 -0.03223812 -0.01857366
v 0.01816978 -0.03319655 -0.01918844
v 0.01753004 -0.03291898 -0.02001367
v 0.01106434 -0.03073655 -0.02346589
v -0.01846227 0.01321914 -0.01962213
v 0.01432312 -0.03215194 -0.02228368
v 0.01524427 -0.03184875 -0.02211036
v -0.01786642 0.01550102 -0.02036176
v 0.01622227 -0.03195884 -0.02156486
v 0.01576402 -0.03070508 -0.02237137
v 0.01900812 -0.02999992 -0.01945172
v 0.01773472 -0.03188985 -0.02033057
v 0.01472302 -0.03038934 -0.02313075
v 0.02326451 0.01467137 0.00485699
v 0.01655367 -0.02861069 -0.02280598
v 0.01766376 -0.02869996 -0.02152200
v 0.01741433 -0.03052400 -0.02117722
v 0.01368785 -0.02971083 -0.02373653
v 0.02366511 0.01443524 0.00383197
v 0.00528607 -0.02676386 -0.02501241
v 0.01679671 -0.02735289 -0.02295796
v 0.01835074 -0.02911421 -0.02067108
v -0.01717149 -0.00887287 -0.02229000
v 0.01861114 -0.02930786 -0.02030068
v 0.01931510 -0.02718276 -0.01968878
v 0.00527778 -0.02498296 -0.02513795
v 0.00751255 -0.02313703 -0.02552007
v 0.01805080 -0.02677450 -0.02160556
v 0.01665560 -0.02580591 -0.02350016
v 0.02431741 0.01446613 0.00031995
v 0.02438094 0.01460747 -0.00082880
v -0.02187208 0.01517095 -0.01327970
v -0.01553425 -0.00987176 -0.02274812
v -0.02145766 0.01791837 -0.01328307
v 0.01899388 -0.02333170 -0.02045662
v 0.02395911 -0.00563867 0.00823271
v 0.01761065 -0.02490457 -0.02243046
v -0.00900334 -0.02272906 -0.02410856
v 0.00154127 -0.01978301 -0.02520592
v 0.01970174 -0.02021872 -0.01919686
v 0.01962805 -0.01778540 -0.01926491
v 0.01859300 -0.02069865 -0.02083405
v 0.02422314 -0.00666240 0.00775285
v 0.01680891 -0.02369358 -0.02315290
v 0.01776117 -0.00310401 0.01084201
v 0.02441767 -0.00726710 0.00723255
v 0.02481575 -0.00672509 0.00638170
v 0.01644669 -0.00080890 0.01117855
v 0.02036964 -0.01764348 -0.01797467
v 0.01831684 -0.01752213 -0.02104875
v 0.01746952 -0.02077966 -0.02208846
v 0.01515740 -0.01836047 -0.02378217
v 0.01559420 -0.02043780 -0.02356543
v 0.01418157 -0.02025737 -0.02433025
v 0.01456977 -0.02082766 -0.02418259
v 0.01310034 -0.01848979 -0.02485648
v 0.01617806 -0.01798919 -0.02313998
v 0.01647998 -0.02043640 -0.02292331
v 0.00099465 -0.01538271 -0.02513423
v 0.00121229 -0.01667588 -0.02524622
v 0.02082727 0.01851872 0.00834749
v 0.00194451 -0.01480843 -0.02513243
v 0.00390086 -0.01642822 -0.02518052
v -0.02054295 -0.00821347 -0.01994828
v -0.01873421 0.01626599 -0.01938066
v 0.01903466 -0.01758246 -0.02013682
v 0.01656479 -0.01736182 -0.02283106
v 0.01589867 -0.01670027 -0.02340213
v 0.01424482 -0.01649301 -0.02436443
v 0.01545921 -0.01387340 -0.02392758
v 0.00421941 -0.01261121 -0.02513783
v 0.00203795 -0.01329915 -0.02506309
v -0.01752667 0.01609000 -0.02065269
v 0.00114399 -0.01114641 -0.02498858
v -0.01390433 -0.01791592 -0.02327541
v 0.00254221 -0.00967268 -0.02509319
v 0.00526055 -0.01028135 -0.02522988
v 0.01361618 -0.01205144 -0.02506371
v 0.00807504 -0.01011875 -0.02525358
v 0.01363929 -0.00942320 -0.02523959
v 0.01322344 -0.01085295 -0.02514366
v -0.01336362 0.01336032 -0.02265643
v -0.01494452 -0.01649844 -0.02303415
v 0.00931377 -0.00783094 -0.02536800
v -0.01674092 -0.00986140 -0.02249130
v 0.02138287 0.01991474 0.00807602
v 0.00652971 -0.00442530 -0.02531142
v 0.01344606 -0.00674541 -0.02539861
v 0.01271079 -0.00784387 -0.02538091
v 0.01410529 -0.00780540 -0.02515944
v 0.01467048 -0.00818994 -0.02497756
v 0.01414908 -0.00646499 -0.02528838
v 0.01472615 -0.00659273 -0.02508601
v 0.02184413 0.01922073 0.00740509
v 0.01369048 -0.00618340 -0.02537798
v 0.02185948 0.02017975 0.00758760
v -0.01821029 0.01637164 -0.01998625
v -0.01879454 0.01769355 -0.01911584
v 0.01728226 0.00044896 0.01107334
v 0.00585488 0.00109588 -0.02519771
v 0.02028560 0.00043019 0.01043864
v 0.00184164 0.00280149 -0.02501928
v 0.00366436 0.00096919 -0.02506652
v -0.01780543 0.01763712 -0.02020546
v 0.00682063 0.00143225 -0.02518564
v 0.01465753 0.00133606 -0.02366889
v 0.01581059 -0.00103707 -0.02348199
v 0.01636871 0.00033527 -0.02298188
v 0.01549486 0.00109882 -0.02334632
v 0.01665590 0.00136814 -0.02281800
v -0.01707665 0.01661990 -0.02092587
v 0.01417856 0.00047517 -0.02397384
v 0.02357533 -0.00515345 0.00856866
v 0.02349386 -0.00387966 0.00843386
v 0.02423183 -0.00502378 0.00789564
v 0.01386369 0.00230042 0.01104928
v 0.00525970 0.00551040 -0.02512604
v 0.02067597 0.00362816 -0.01950207
v -0.01383701 -0.01448352 -0.02322961
v 0.01908572 0.00348984 -0.02195066
v 0.01832509 0.00230506 -0.02203434
v 0.01824210 0.00340809 -0.02259375
v 0.01731652 0.00245319 -0.02272644
v 0.01891815 0.00194602 -0.02139927
v 0.01950853 0.00275288 -0.02103090
v 0.01984405 0.00555398 -0.02225557
v 0.01850344 0.00482584 -0.02350485
v 0.01921385 0.00512191 -0.02299468
v 0.02468313 -0.00573053 0.00693461
v 0.01968700 0.00369202 -0.02127543
v 0.00644504 0.00598651 -0.02515573
v 0.00713077 0.00862645 -0.02508198
v 0.02368955 0.01618619 0.00320094
v 0.01509520 0.00682941 -0.02396546
v 0.01567134 0.00653007 -0.02380412
v 0.01608089 0.00770047 -0.02400959
v 0.01551143 0.00781485 -0.02414167
v 0.01844016 0.00190474 0.01064255
v 0.02386404 0.01670992 0.00224512
v 0.01759729 0.00544722 -0.02402887
v 0.01709265 0.00718361 -0.02413509
v 0.01795227 0.00648654 -0.02411423
v -0.01919036 -0.00784647 -0.02130938
v 0.01795197 0.00730928 -0.02409126
v 0.00578126 0.00976755 -0.02502262
v 0.01717401 0.00962859 -0.02399578
v 0.01647409 0.00960189 -0.02421148
v 0.01617804 0.00856347 -0.02408500
v 0.01684712 0.00856197 -0.02403960
v 0.01760278 0.00899338 -0.02389448
v 0.01846336 0.00964469 -0.02347834
v -0.02275278 -0.00434753 -0.01614527
v -0.02196342 -0.00531451 -0.01773710
v -0.01580367 -0.01365121 -0.02262527
v 0.00631861 0.01177212 -0.02498380
v -0.01527846 -0.01443674 -0.02283623
v -0.02021338 -0.00661025 -0.02026155
v 0.01734458 0.01133783 -0.02407912
v 0.01819358 0.01168362 -0.02356759
v 0.01904388 0.01147965 -0.02288020
v 0.02273981 0.01209069 -0.01465094
v 0.02171724 0.01226548 -0.01801584
v 0.02297970 0.00018413 0.00831495
v 0.01912582 0.01293160 -0.02292197
v 0.02145264 0.01504749 -0.01843212
v -0.02507681 -0.00179081 -0.00370635
v 0.00835551 0.01546140 -0.02507550
v 0.02394250 -0.00167853 0.00695063
v 0.02418871 -0.00296238 0.00696531
v 0.01999166 0.01653020 -0.02184137
v -0.02489891 0.00024504 -0.00593115
v 0.00603652 0.02105498 -0.02477089
v 0.02068456 0.01832496 -0.01946584
v 0.01865288 0.01879294 -0.02282349
v 0.02009960 0.01808670 -0.02089172
v 0.01941810 0.01833312 -0.02196898
v 0.01976776 0.02197369 0.00989556
v 0.02015249 0.02161214 0.00966506
v 0.02352006 -0.00183072 0.00762568
v 0.00880358 0.02185275 -0.02472724
v 0.01115178 0.02398216 -0.02482487
v 0.02049327 0.02069051 -0.01869095
v 0.01840187 0.02163334 -0.02209303
v 0.01965931 0.02124752 -0.02036042
v 0.02478868 -0.00330069 0.00565260
v 0.01709317 0.02077994 -0.02349619
v -0.01659396 -0.01263313 -0.02235019
v 0.01788347 0.01962192 -0.02320820
v 0.01840634 0.02038884 -0.02244792
v 0.01914516 0.02069651 -0.02146462
v -0.02454179 -0.00128551 -0.00978574
v -0.01608864 0.01840130 -0.02127095
v -0.01531511 -0.01340447 -0.02281613
v -0.02452905 -0.00603633 -0.01105011
v 0.00916436 0.02405362 -0.02481773
v 0.02425095 -0.00160982 0.00630675
v 0.01820755 0.02468668 -0.02149185
v 0.01882807 0.02403435 -0.02077915
v 0.00715937 0.02542821 -0.02484285
v 0.00984119 0.02499497 -0.02479073
v 0.01730794 0.02463346 -0.02258759
v 0.01686296 0.02495359 -0.02298278
v 0.00889737 0.02653765 -0.02470847
v 0.01758989 0.02540547 -0.02215017
v 0.01641506 0.02627164 -0.02336486
v 0.01885012 0.02933595 -0.01771288
v 0.01982721 0.02489885 -0.01793526
v 0.01950181 0.02483934 -0.01895359
v 0.01830578 0.02584506 -0.02114663
v 0.02227417 0.02036578 0.00696771
v 0.01276502 0.00425256 0.01116587
v 0.01727950 0.02639511 -0.02249038
v -0.01579124 -0.01240810 -0.02274823
v 0.01278485 0.02938718 -0.02476733
v -0.01589364 -0.00883676 -0.02257899
v 0.01734654 0.02777540 -0.02245645
v 0.01871559 0.02937760 -0.01851132
v 0.01874382 0.02824090 -0.01930504
v 0.01876945 0.02704738 -0.01979884
v 0.01833285 0.02867436 -0.02044276
v 0.01787485 0.02705145 -0.02163668
v 0.01838196 0.02705076 -0.02069281
v -0.01896427 0.01978851 -0.01849983
v 0.01792668 0.02847410 -0.02142182
v -0.01693445 -0.01152300 -0.02245561
v -0.01834209 0.01998559 -0.01929523
v 0.01581584 0.02784176 -0.02406410
v 0.01531817 0.02842356 -0.02440506
v 0.01500754 0.02883917 -0.02454137
v 0.01711173 0.03032230 -0.02297513
v 0.01479991 0.03029347 -0.02455633
v 0.01441750 0.02932507 -0.02470350
v 0.01667033 0.02910129 -0.02344397
v 0.01830382 0.03094810 -0.01809244
v 0.02448060 -0.00446571 0.00724053
v 0.01830585 0.03078208 -0.01911100
v 0.01790699 0.03220093 -0.01973563
v -0.01634307 -0.01120509 -0.02272702
v 0.01786135 0.03155898 -0.02138492
v 0.01834767 0.03016704 -0.01991372
v 0.01790077 0.03203702 -0.02067374
v 0.01766171 0.03094300 -0.02196552
v -0.01682432 0.01798770 -0.02089301
v 0.01693757 0.03146613 -0.02339352
v 0.01607733 0.03025347 -0.02398410
v 0.01557698 0.03014769 -0.02424441
v 0.01660479 0.03029319 -0.02359460
v -0.01870830 -0.00762030 -0.02166685
v 0.01221837 0.03232386 -0.02446529
v 0.01376512 0.03234392 -0.02448236
v 0.01695635 0.03229808 -0.02333272
v 0.01677206 0.03171866 -0.02363233
v 0.01623315 0.03193590 -0.02407181
v 0.01756698 0.03302728 -0.02084394
v -0.01794213 -0.00646168 -0.02199355
v -0.01502139 0.01837216 -0.02176054
v -0.00074671 -0.03969453 -0.00628967
v 0.02185338 0.02316879 0.00880538
v 0.02167755 0.02214498 0.00877290
v -0.01551606 -0.01069851 -0.02289922
v -0.01394140 -0.00820776 -0.02304517
v -0.01624572 -0.00640275 -0.02248372
v 0.02341258 0.00104870 0.00750982
v 0.01671913 -0.03907688 -0.00653599
v 0.01763717 -0.03885287 -0.00709233
v 0.01581484 -0.03900745 -0.00950547
v -0.01299860 -0.00805224 -0.02326375
v 0.00800894 -0.03872086 -0.01392326
v 0.02448122 0.00095410 0.00513577
v 0.01093260 -0.03830985 -0.01471756
v -0.01778613 0.01983838 -0.01993336
v 0.01242024 -0.03819979 -0.01472605
v 0.02408378 -0.00393751 0.00772901
v 0.02350014 0.01837311 0.00335169
v 0.01026139 -0.03569741 -0.01925487
v 0.01395550 -0.03399838 -0.02072856
v 0.01113141 -0.03376025 -0.02134059
v 0.02382835 0.01996350 0.00111486
v 0.01210613 -0.03104122 -0.02329398
v -0.01963969 -0.00501261 -0.02061714
v 0.00952121 -0.02933434 -0.02426415
v 0.01871282 -0.02884799 -0.02028628
v -0.01906763 -0.00623958 -0.02127925
v 0.01795590 -0.02994887 -0.02083436
v 0.00645315 -0.02814404 -0.02480700
v 0.00791454 -0.02859614 -0.02465588
v -0.01432960 -0.00925241 -0.02302145
v -0.02078806 0.02325885 -0.01174250
v 0.00933570 -0.02724250 -0.02505601
v 0.02038532 0.02521299 0.00989913
v 0.01008545 -0.02753270 -0.02493711
v 0.01220781 -0.02708689 -0.02478500
v 0.01488479 -0.02868744 -0.02381251
v 0.01521026 -0.02710416 -0.02430513
v 0.01909238 0.00550148 0.01048651
v 0.02056033 0.00474952 0.00995202
v -0.01846245 -0.00484765 -0.02146452
v -0.01300935 -0.00888459 -0.02329251
v 0.00889418 -0.02619587 -0.02524542
v 0.00972536 -0.02641596 -0.02520627
v 0.01566544 -0.02666677 -0.02416432
v 0.01468662 -0.02678022 -0.02463400
v 0.00884195 -0.02431410 -0.02539876
v 0.00804466 -0.02520839 -0.02532590
v 0.01622505 -0.02604590 -0.02389452
v 0.01517812 -0.02569010 -0.02458060
v 0.01605655 -0.02565622 -0.02409382
v 0.01493711 -0.02638999 -0.02465687
v 0.02087043 0.00373249 0.00965762
v -0.02315927 -0.00191715 -0.01485344
v 0.00809995 -0.02332481 -0.02553394
v -0.01648825 0.01938398 -0.02099004
v 0.01572891 -0.02502947 -0.02425680
v 0.01377074 -0.02506199 -0.02493475
v 0.01507552 -0.02473561 -0.02453078
v 0.01384793 -0.02403856 -0.02475594
v 0.00406735 -0.02076276 -0.02518115
v 0.01543821 0.00790847 0.01115369
v 0.00510157 -0.02279335 -0.02523421
v 0.01465870 -0.02300564 -0.02437082
v 0.01212166 -0.02368930 -0.02498481
v 0.01317707 -0.02255806 -0.02479575
v 0.01184832 -0.02214219 -0.02508988
v -0.01425410 -0.00580233 -0.02304649
v 0.02219745 0.02233762 0.00798030
v -0.01748286 -0.00562633 -0.02204511
v 0.00552163 -0.01985236 -0.02525227
v 0.00577348 -0.02120359 -0.02529338
v 0.01015019 -0.02317145 -0.02530853
v 0.01526600 -0.02260278 -0.02402934
v 0.01592128 -0.02220880 -0.02356016
v -0.01794710 0.00032942 -0.02125706
v 0.02263343 0.02329408 0.00726675
v -0.01155215 -0.00840025 -0.02351472
v 0.02265863 0.02159135 0.00663032
v 0.01085753 -0.02018228 -0.02524828
v -0.01938351 0.02171739 -0.01729884
v 0.00862928 -0.01970227 -0.02534303
v 0.00324287 -0.01791971 -0.02526312
v -0.02174236 -0.00158062 -0.01762121
v 0.00955078 -0.01645298 -0.02526593
v 0.01959705 0.00615769 0.01028860
v 0.01974379 0.00514293 0.01033641
v 0.01972505 0.02504072 0.01008457
v -0.02127008 -0.00320653 -0.01857249
v 0.01129908 -0.01806442 -0.02526094
v 0.00938818 -0.02019574 -0.02536089
v 0.00982646 -0.01768797 -0.02526991
v 0.01261708 -0.01729888 -0.02505383
v 0.02082782 0.00568056 0.00972654
v -0.02105550 -0.00489468 -0.01900495
v 0.01114291 -0.01591242 -0.02530440
v 0.00625821 -0.01280618 -0.02518368
v 0.02137399 0.00466984 0.00923055
v 0.00871147 -0.01455638 -0.02522172
v -0.02030366 -0.00491065 -0.01992631
v 0.02179043 0.00400647 0.00892441
v 0.02218433 0.00326087 0.00862258
v 0.00861391 -0.01199742 -0.02522245
v 0.01965331 -0.01539752 -0.01934007
v 0.01898321 -0.01421784 -0.02050101
v 0.01638112 -0.01380777 -0.02328585
v 0.01744040 -0.01749979 -0.02199561
v 0.01245421 -0.01515172 -0.02510180
v 0.01346058 -0.01581416 -0.02473043
v 0.01458421 -0.01521972 -0.02431272
v 0.02214283 0.02359777 0.00841709
v 0.01127862 -0.01376689 -0.02540440
v 0.02237686 0.02482596 0.00797833
v 0.01104851 -0.01260953 -0.02530531
v 0.01233914 -0.01309425 -0.02522970
v 0.01374952 -0.01300317 -0.02492029
v 0.01266856 -0.01390479 -0.02518347
v 0.01204368 -0.01391693 -0.02531300
v 0.01238516 -0.01132223 -0.02523587
v 0.02236979 0.00584557 0.00820603
v -0.02478787 0.00245550 -0.00508143
v 0.02014802 -0.01011242 -0.01919445
v -0.01324921 -0.00574574 -0.02328173
v 0.01698964 -0.01214131 -0.02305329
v 0.01733817 -0.01370938 -0.02251380
v 0.02278771 0.00376077 0.00783963
v 0.02273390 0.02445912 0.00717612
v 0.02328506 0.00359957 0.00719226
v 0.02375740 0.00363269 0.00628248
v 0.01785836 -0.01365274 -0.02194888
v -0.02465060 0.00243482 -0.00704880
v 0.02303430 0.02361706 0.00616503
v 0.01064104 -0.01068413 -0.02532085
v 0.01194351 -0.01029617 -0.02528939
v -0.02420567 0.00648218 -0.00730371
v 0.01896938 -0.01075469 -0.02096676
v -0.02448310 0.00160188 -0.00900123
v 0.01627768 -0.00986193 -0.02387247
v 0.01760824 -0.01158990 -0.02253704
v 0.01433502 -0.00970355 -0.02504545
v 0.00661198 -0.00651687 -0.02524997
v 0.02520295 -0.00433427 -0.00147775
v 0.01822548 -0.00813988 -0.02213490
v 0.01955542 -0.00816657 -0.02030530
v 0.01734619 -0.00694477 -0.02309772
v 0.01721106 -0.00909519 -0.02309794
v 0.02542682 -0.00267520 0.00016403
v -0.01110686 -0.00398697 -0.02365333
v 0.00899588 -0.00559495 -0.02547181
v 0.00824271 -0.00383373 -0.02540206
v 0.02361857 0.02314029 0.00188493
v 0.01305964 -0.00456810 -0.02525392
v 0.01448387 -0.00491338 -0.02498311
v 0.00682874 -0.00136949 -0.02524509
v 0.00861432 -0.00317793 -0.02536192
v -0.02066272 0.02258608 -0.01304495
v 0.01273267 -0.00298236 -0.02509154
v -0.01955394 0.02613911 -0.01414849
v 0.01339531 -0.00278401 -0.02494170
v 0.01470532 -0.00324247 -0.02457552
v -0.01931332 -0.00282161 -0.02069631
v 0.01860527 -0.00179818 -0.02134940
v -0.01983233 -0.00263657 -0.02020274
v 0.00615301 -0.00018693 -0.02520549
v 0.01425804 -0.00235760 -0.02459979
v 0.01514700 -0.00204521 -0.02404646
v 0.01148860 -0.00348964 -0.02529983
v 0.01169102 -0.00138136 -0.02494456
v 0.01294905 -0.00139491 -0.02472366
v -0.01958854 0.02380977 -0.01583653
v -0.01978947 0.02187929 -0.01629700
v -0.02067240 0.02031941 -0.01458132
v -0.01541819 0.02051925 -0.02142866
v 0.01460140 -0.00094321 -0.02398727
v 0.01559088 0.00854502 0.01110935
v -0.01323256 -0.00389578 -0.02326741
v -0.00920493 -0.00346923 -0.02388401
v 0.01836543 0.00004124 -0.02154044
v 0.01776136 -0.00198722 -0.02218088
v 0.01687742 -0.00124214 -0.02280091
v 0.01713118 -0.00374734 -0.02297089
v 0.00732032 0.00114794 -0.02513581
v 0.00545776 0.00343578 -0.02525649
v -0.01386732 -0.00127992 -0.02303824
v 0.00363563 0.00352185 -0.02516033
v -0.01139495 -0.00234144 -0.02362162
v 0.01271926 0.00284397 -0.02424784
v 0.01440347 0.00274991 -0.02373450
v 0.01502849 0.00362331 -0.02357802
v 0.01705894 0.00348951 -0.02318201
v 0.01635213 0.00251085 -0.02308076
v 0.02004383 0.00608459 0.01012208
v 0.01600985 0.00491472 -0.02366311
v 0.01533237 0.00503604 -0.02364908
v 0.01588713 0.00391421 -0.02346784
v 0.01652629 0.00417072 -0.02348246
v 0.01703589 0.00576785 -0.02402668
v 0.02214518 0.00732099 -0.01686136
v 0.02002369 0.00707025 -0.02244264
v 0.01977221 0.00737710 -0.02280433
v 0.02000137 0.00647380 -0.02234908
v 0.01490823 0.00920115 0.01112795
v 0.01904877 0.00737649 -0.02341513
v 0.01830760 0.00566068 -0.02390241
v 0.01884706 0.00596049 -0.02349170
v 0.00809228 0.01065640 -0.02507865
v 0.01408443 0.00824644 -0.02471145
v 0.01514223 0.00874780 -0.02462834
v 0.01329785 0.01168508 -0.02487530
v 0.01405856 0.01002995 -0.02492208
v 0.01182418 0.01023737 -0.02489969
v 0.01482792 0.00904462 -0.02476791
v -0.01780263 0.02418235 -0.01926203
v 0.01553289 0.00941214 -0.02465899
v -0.01038538 -0.00051452 -0.02361959
v -0.01241600 -0.00014235 -0.02329412
v -0.01580889 0.02227583 -0.02113772
v 0.02046227 0.01028802 -0.02111004
v 0.02102850 0.00882877 -0.01986446
v 0.02031372 0.00810298 -0.02166847
v -0.01234809 -0.00233311 -0.02345374
v 0.01941252 0.00982676 -0.02260645
v 0.01938578 0.00819614 -0.02300522
v 0.02003432 0.00951504 -0.02190140
v -0.01018051 0.00083156 -0.02360057
v 0.00961706 0.01035640 -0.02504444
v 0.00918394 0.01182269 -0.02512879
v 0.02150005 0.00674050 0.00897831
v 0.01099839 0.01095373 -0.02493680
v 0.01656379 0.01075206 -0.02436438
v 0.01464116 0.01041678 -0.02491549
v 0.01543787 0.01014801 -0.02477123
v 0.00806360 0.01372244 -0.02512018
v 0.01464260 0.01211367 -0.02481242
v 0.01557215 0.01127284 -0.02475017
v 0.01520463 0.01265973 -0.02474580
v 0.02063075 0.01272214 -0.02070728
v 0.01967146 0.01126300 -0.02224762
v 0.02312318 0.02536937 0.00633353
v 0.01029497 0.01364549 -0.02513259
v 0.02287584 0.00648873 0.00750315
v -0.01191654 0.00249848 -0.02328121
v 0.01367261 0.01226048 -0.02484251
v -0.01328368 0.00209365 -0.02297212
v 0.01633985 0.01248006 -0.02451884
v 0.01629454 0.01338129 -0.02459032
v 0.01825549 0.01262297 -0.02364358
v 0.01769931 0.01262891 -0.02398138
v 0.00923368 0.01508837 -0.02512200
v 0.01700099 0.01405692 -0.02453956
v 0.01720993 0.01284932 -0.02424678
v 0.01858322 0.01413175 -0.02373675
v 0.01522214 0.00949615 0.01106308
v 0.01800360 0.01398087 -0.02414635
v 0.02116955 0.01191640 -0.01955782
v 0.01994788 0.01315865 -0.02182135
v 0.02023851 0.01517682 -0.02154820
v 0.01904329 0.01454033 -0.02327948
v 0.01116098 0.01788858 -0.02492687
v 0.01223983 0.01592584 -0.02492862
v -0.02352605 0.00877795 -0.01001581
v 0.01915793 0.01612149 -0.02320188
v -0.01367767 0.00476202 -0.02294468
v 0.01869212 0.01592004 -0.02380757
v 0.01790919 0.01578584 -0.02434801
v 0.01724995 0.01579553 -0.02463805
v 0.02138738 0.01761840 -0.01771307
v 0.02049246 0.01570116 -0.02093168
v -0.02330890 0.00639286 -0.01222864
v 0.00857474 0.02034708 -0.02473644
v 0.00963234 0.01860682 -0.02487563
v 0.01712311 0.01899423 -0.02391039
v 0.02351710 0.02447132 0.00105037
v 0.01907336 0.01706817 -0.02308401
v 0.01729378 0.01682476 -0.02446829
v -0.01158020 0.00504518 -0.02337822
v 0.00709327 0.01875764 -0.02478241
v 0.01553621 0.01031567 0.01082417
v 0.01548009 0.01859172 -0.02461228
v 0.01664279 0.01882007 -0.02421122
v 0.01807960 0.01664322 -0.02417112
v 0.01855211 0.01752661 -0.02348145
v -0.01624299 0.02385176 -0.02079155
v 0.02052261 0.00903197 0.00955117
v 0.01161900 0.02083663 -0.02479706
v 0.01416233 0.02025613 -0.02473052
v -0.01386404 0.00859957 -0.02268307
v -0.01481904 0.00957055 -0.02215047
v -0.01282203 0.00505370 -0.02314950
v 0.01610937 0.01066896 0.01066927
v 0.01129428 0.02478912 -0.02478584
v -0.02078870 0.00467910 -0.01788869
v 0.01823690 0.01053667 0.01026358
v 0.01339590 0.02501942 -0.02450953
v 0.01318349 0.02405930 -0.02469157
v 0.01128477 0.02606442 -0.02468111
v 0.01416026 0.02610687 -0.02437377
v 0.01303147 0.02637083 -0.02456523
v 0.01222922 0.02699581 -0.02466193
v 0.01434869 0.02763843 -0.02461014
v -0.02021008 0.00592639 -0.01844019
v -0.01296206 0.00719056 -0.02304032
v 0.01460031 0.03295723 -0.02425878
v -0.01075881 0.00745306 -0.02346884
v 0.02123025 0.02835035 0.00888411
v 0.02073123 0.02895073 0.00918420
v 0.02308868 0.00930822 0.00672128
v 0.01762507 -0.03682160 -0.01569614
v 0.01752318 -0.03629765 -0.01679028
v 0.02127810 0.02695791 0.00890574
v 0.02408673 0.00684238 0.00478959
v 0.02343220 0.00671538 0.00649732
v 0.02213415 0.02708185 0.00816298
v 0.01671132 -0.03627580 -0.01729306
v 0.01713634 -0.03590166 -0.01765892
v 0.01772787 -0.03595669 -0.01712034
v 0.01736207 -0.03574777 -0.01771313
v -0.01196802 0.00981172 -0.02311040
v 0.01686055 -0.03541363 -0.01826139
v 0.01692387 -0.03480320 -0.01889299
v 0.01711714 -0.03396859 -0.01965981
v 0.01683849 -0.03409476 -0.01972217
v 0.01505123 -0.03371331 -0.02090859
v 0.01442966 -0.03315038 -0.02150113
v 0.01513233 -0.03338262 -0.02118825
v 0.01556093 -0.03248899 -0.02165323
v 0.01492835 -0.03254858 -0.02182155
v 0.01308408 -0.03250606 -0.02221462
v 0.01657949 0.03067503 0.01024835
v 0.01305529 -0.03154806 -0.02289935
v 0.01391871 -0.03134138 -0.02289570
v 0.01273128 -0.03038540 -0.02361440
v 0.01543998 0.03047246 0.01038439
v 0.01201784 -0.02944493 -0.02404418
v 0.01300431 -0.02989654 -0.02381422
v 0.00943661 -0.02838692 -0.02469644
v 0.02064647 0.01020830 0.00955183
v 0.01321827 -0.02865434 -0.02420037
v 0.02011845 0.01023303 0.00981929
v -0.00755577 0.01405181 -0.02372703
v 0.01058130 -0.02668363 -0.02507824
v 0.01171338 -0.02647492 -0.02495746
v -0.01934708 0.00550513 -0.01947421
v 0.01310863 -0.02620830 -0.02494139
v 0.01150680 -0.02576104 -0.02504004
v 0.01414739 -0.02643656 -0.02484359
v 0.01151056 -0.02464051 -0.02508567
v 0.01428656 -0.02591611 -0.02489563
v 0.01005256 -0.02434908 -0.02527749
v 0.01233155 -0.02440307 -0.02499527
v 0.01319651 -0.02522532 -0.02501024
v -0.02309560 0.01263454 -0.00972309
v -0.02384740 0.00885363 -0.00809010
v -0.02357639 0.01170093 -0.00742861
v 0.02121982 0.01118231 0.00907269
v 0.00863841 -0.02295718 -0.02552769
v 0.00800079 -0.02207743 -0.02553830
v 0.02257371 0.02918538 0.00781580
v 0.02204867 0.02935383 0.00832178
v -0.02275380 0.00899192 -0.01297490
v 0.00903860 -0.02163789 -0.02547861
v -0.01207415 0.01284997 -0.02299779
v 0.00698866 -0.02031638 -0.02533019
v -0.01731316 0.02605102 -0.01952388
v 0.01258068 -0.02060137 -0.02488001
v -0.01407598 0.00531171 -0.02278997
v 0.01221529 -0.01880127 -0.02508713
v 0.01364636 -0.01818152 -0.02462780
v 0.02363288 0.02261209 -0.00097447
v 0.02341572 0.02703115 0.00283216
v 0.02327158 0.02663273 0.00094815
v -0.01118137 0.01692747 -0.02294452
v 0.01030180 -0.01528689 -0.02530684
v 0.01183221 -0.01585960 -0.02522565
v 0.01708971 0.03230005 0.01040033
v 0.01096282 -0.01390508 -0.02540163
v 0.00995999 -0.01157045 -0.02528656
v 0.02382894 0.00660589 0.00560749
v 0.02427596 0.00964128 0.00327549
v 0.02470859 0.00660073 0.00221974
v 0.01393844 -0.01092283 -0.02502540
v 0.01477669 -0.01055466 -0.02478558
v 0.01466404 -0.01263132 -0.02455974
v 0.01547358 -0.01026881 -0.02441763
v 0.01557513 -0.00843412 -0.02455733
v 0.01103752 -0.00798310 -0.02542097
v 0.02224462 0.03031657 0.00802198
v -0.02304181 0.01163683 -0.01068548
v 0.02281066 0.03066430 0.00710602
v -0.01812669 0.02763560 -0.01746196
v 0.01912901 0.01338769 0.00978370
v -0.02270123 0.01129665 -0.01220954
v 0.01264556 -0.00696200 -0.02542190
v -0.01733769 0.02886414 -0.01829226
v 0.01592502 -0.00665246 -0.02435711
v 0.01515847 -0.00705513 -0.02486859
v -0.01579658 0.00765030 -0.02179258
v 0.01010089 -0.00514255 -0.02551221
v 0.01177922 -0.00541824 -0.02542892
v -0.01683091 0.02804935 -0.01923928
v -0.01506673 0.00635631 -0.02231267
v 0.01558098 -0.00569259 -0.02457540
v 0.01290839 0.01510809 0.01080530
v 0.01819049 -0.00608109 -0.02216883
v 0.01729038 -0.00597736 -0.02310922
v 0.00964796 -0.00424614 -0.02546461
v 0.01512912 -0.00491958 -0.02471846
v 0.01610472 -0.00548070 -0.02414417
v 0.01022922 -0.00215616 -0.02518023
v 0.01642574 -0.00330379 -0.02345230
v 0.01692107 0.03322526 0.01048214
v 0.00923360 -0.00170124 -0.02522729
v 0.01800866 0.01424393 0.00998452
v 0.01993845 0.01246647 0.00972057
v 0.00944472 -0.00019611 -0.02513349
v 0.01072232 -0.00063511 -0.02498863
v 0.01038148 0.00090872 -0.02486485
v 0.00915274 0.00094568 -0.02500885
v 0.02071703 0.01238403 0.00927215
v 0.01298089 -0.00049039 -0.02447968
v 0.01493932 -0.00044250 -0.02378326
v 0.00984639 0.00218967 -0.02490367
v 0.01153592 0.00180903 -0.02458716
v 0.01149733 0.00076887 -0.02466708
v 0.01381170 0.00168407 -0.02393725
v -0.01705232 0.02865353 -0.01875127
v 0.00688050 0.00356197 -0.02526070
v 0.02036878 0.01400739 0.00903217
v 0.00816116 0.00386115 -0.02520158
v 0.01173501 0.00434498 -0.02475227
v 0.01147320 0.00282475 -0.02461801
v 0.01405348 0.00479329 -0.02393481
v -0.02294896 0.01475440 -0.00872616
v 0.00998713 0.00295491 -0.02493632
v 0.01081876 0.00513200 -0.02514641
v -0.01653763 0.02684719 -0.02006223
v 0.01751404 0.00342229 -0.02304742
v 0.00988989 0.00477139 -0.02516316
v 0.02114034 0.01234009 0.00894402
v -0.02211795 0.01658276 -0.01153440
v -0.02236264 0.01713866 -0.00986367
v -0.01608730 0.02788084 -0.01995979
v 0.02147367 0.01227489 0.00861760
v 0.01463257 0.00550083 -0.02382203
v 0.00929278 0.00576510 -0.02520564
v 0.01045219 0.00524723 -0.02520824
v 0.01118945 0.00563509 -0.02505894
v 0.01056897 0.00608259 -0.02514323
v 0.02324767 0.01142720 0.00591134
v 0.01331825 0.00671497 -0.02452251
v 0.01798136 0.00498187 -0.02381229
v 0.00953082 0.00763947 -0.02510877
v 0.01224347 0.00701451 -0.02490299
v 0.01167928 0.00751929 -0.02501341
v 0.01324653 0.00766439 -0.02473090
v 0.01293368 0.00875090 -0.02489643
v -0.01311024 0.00871652 -0.02291029
v -0.02217771 0.01524880 -0.01213785
v 0.01449665 0.01142567 -0.02490974
v 0.01731195 0.03396172 0.01041717
v 0.01244312 0.01350150 -0.02497662
v 0.01355828 0.01344085 -0.02493440
v 0.01861335 0.03366954 0.01020412
v 0.01396951 0.01480498 -0.02488083
v 0.01899013 0.03372548 0.01010036
v 0.01793235 0.01504338 0.01005300
v 0.01742533 0.01702030 0.01051712
v 0.01559877 0.01426504 -0.02474119
v -0.01682249 0.02986806 -0.01867872
v 0.01828877 0.01484642 -0.02407152
v 0.01770767 0.01458813 -0.02440019
v 0.01369199 0.01813772 -0.02485069
v 0.01841367 0.01642998 0.01001164
v 0.01494377 0.01561072 -0.02489660
v 0.01597672 0.01623731 -0.02481929
v 0.01649552 0.01552314 -0.02480277
v 0.01697307 0.01530436 -0.02470467
v -0.02019791 0.01343168 -0.01749611
v -0.01634200 0.02882160 -0.01942824
v 0.01946401 0.01516620 0.00936524
v 0.01978469 0.01606536 0.00916645
v -0.01463568 0.01188269 -0.02227480
v 0.01842121 0.01623292 -0.02402042
v 0.01432024 0.01708695 -0.02491690
v -0.01158785 0.02790478 -0.02246916
v 0.01459788 0.01783562 -0.02482054
v 0.02243255 0.01569531 0.00632319
v 0.02216101 0.01417088 0.00714489
v -0.01731379 0.03005566 -0.01789329
v 0.01321466 0.01928514 -0.02485602
v 0.01431988 0.01951519 -0.02473181
v -0.01614084 0.02964637 -0.01942370
v -0.01550493 0.02991773 -0.02001425
v 0.01622465 0.01969663 -0.02425421
v 0.00892979 0.03296723 -0.02440853
v 0.01535540 0.01999443 -0.02453513
v 0.01461777 0.02153722 -0.02468274
v 0.01486275 0.01997339 0.01096330
v 0.01660668 0.02031831 -0.02394436
v -0.00601684 0.03974874 -0.01847626
v 0.01524729 0.02160592 -0.02448745
v -0.01921401 0.01626514 -0.01873088
v 0.01360138 0.02210105 -0.02472561
v 0.01261362 0.02227943 -0.02479677
v 0.01640799 0.02196544 -0.02388631
v 0.02328876 0.03006424 0.00468987
v 0.01595807 0.02152451 -0.02422033
v 0.01551648 0.02277117 -0.02423678
v 0.01238956 0.02358422 -0.02478233
v 0.02329952 0.02949358 0.00381536
v 0.01407599 0.02353083 -0.02457488
v 0.01495730 0.02302899 -0.02438657
v 0.01683537 0.02361916 -0.02324962
v 0.01473627 0.02241267 -0.02448918
v -0.01749313 0.03192870 -0.01601774
v -0.01778307 0.03151288 -0.01477472
v 0.01453297 0.02472131 -0.02427461
v 0.01542077 0.02442431 -0.02399820
v 0.01598988 0.02401806 -0.02374917
v -0.01759313 0.03109691 -0.01676548
v 0.01237446 0.02587314 -0.02459346
v 0.01148555 0.03524744 -0.02364636
v 0.01544062 0.01871453 0.01087224
v 0.01381633 0.02544426 -0.02442030
v 0.01507893 0.02546303 -0.02406359
v 0.01597336 0.02545868 -0.02365615
v 0.01491397 0.02712888 -0.02438802
v 0.01494759 0.02617055 -0.02416931
v 0.01630195 0.01835886 0.01077269
v 0.01583853 0.02623009 -0.02376148
v 0.01548835 0.02740651 -0.02420384
v 0.01363569 0.02982829 -0.02477742
v 0.01385832 0.02911236 -0.02478503
v 0.01753736 0.01795272 0.01049125
v -0.00305464 0.03948070 -0.01952189
v -0.00561840 0.03938520 -0.01937482
v -0.01021705 0.02813168 -0.02271154
v 0.01425089 0.02036440 0.01093801
v 0.00024636 0.03965189 -0.01987304
v -0.02149385 0.02015165 -0.01158122
v 0.01558619 0.02019547 0.01090992
v -0.02083892 0.01901141 -0.01475393
v -0.01710579 0.03155013 -0.01796411
v -0.01673134 0.03123064 -0.01870667
v -0.01632192 0.03070924 -0.01924180
v -0.01630638 0.03288866 -0.01965441
v 0.01498734 0.02072277 0.01092071
v 0.01493812 0.03618843 -0.02128107
v -0.02034888 0.01759417 -0.01648144
v -0.01429757 0.02991793 -0.02108972
v -0.01962820 0.01770756 -0.01783674
v -0.01676039 0.03276964 -0.01866232
v 0.01728828 0.01945875 0.01042059
v -0.01570541 0.03220463 -0.02029043
v 0.02096794 0.01750727 0.00820691
v -0.01303398 0.01582696 -0.02262965
v -0.01521647 0.03154928 -0.02062442
v -0.01406013 0.01586844 -0.02232737
v 0.02147272 0.01592231 0.00770024
v -0.01725968 0.03282196 -0.01518172
v -0.00482857 0.03074355 -0.02341815
v -0.00447494 -0.03967827 0.00635870
v -0.02091760 0.02071092 -0.01353951
v 0.02106470 0.03563373 0.00585038
v 0.02089132 0.03606952 0.00527115
v 0.00366049 -0.04026150 0.00206043
v 0.01010007 -0.04006176 0.00367593
v 0.00930489 -0.04011378 0.00166621
v 0.00855848 -0.03797612 0.00950692
v 0.00953470 -0.03793536 0.00897180
v 0.01614968 -0.03654246 0.00963145
v 0.01540966 -0.03882760 0.00408206
v 0.01459905 -0.03912268 0.00405856
v 0.01303795 -0.03981548 0.00304656
v 0.01457525 -0.03969035 0.00298031
v 0.01697692 -0.03626469 0.01002326
v 0.01757271 -0.03639224 0.00953534
v 0.01769787 -0.03609951 0.00995127
v 0.01692176 -0.03664747 0.00930219
v 0.01787725 -0.03652553 0.00895518
v 0.01637979 -0.03817868 0.00430736
v 0.01638464 -0.03770679 0.00539525
v 0.01601658 -0.03742419 0.00676466
v 0.01741724 -0.03677014 0.00855025
v 0.01675760 -0.03707531 0.00739637
vn -0.57735027 -0.57735027 0.57735027
vn 0.57735027 -0.57735027 0.57735027
vn -0.57735027 0.57735027 0.57735027
vn 0.57735027 0.57735027 -0.57735027
vn -0.57735027 -0.57735027 -0.57735027
vn -0.57735027 0.57735027 -0.57735027
vn 0.57735027 -0.57735027 -0.57735027
vn 0.57735027 0.57735027 0.57735027
vn -0.57735027 -0.57735027 0.57735027
vn 0.57735027 -0.57735027 0.57735027
vn -0.57735027 0.57735027 0.57735027
vn 0.57735027 0.57735027 -0.57735027
vn -0.57735027 -0.57735027 -0.57735027
vn -0.57735027 0.57735027 -0.57735027
vn 0.57735027 -0.57735027 -0.57735027
vn 0.57735027 0.57735027 0.57735027
vn -0.57735027 -0.57735027 0.57735027
vn 0.57735027 -0.57735027 0.57735027
vn -0.57735027 0.57735027 0.57735027
vn 0.57735027 0.57735027 -0.57735027
vn -0.57735027 -0.57735027 -0.57735027
vn -0.57735027 0.57735027 -0.57735027
vn 0.57735027 -0.57735027 -0.57735027
vn 0.57735027 0.57735027 0.57735027
vn -0.86042255 0.07996445 0.50326804
vn -0.91792270 0.08793762 0.38689132
vn -0.88081883 -0.01604797 0.47318141
vn -0.07326320 -0.02276480 0.99705279
vn 0.04177934 -0.03174541 0.99862241
vn -0.32709195 -0.93188420 0.15685245
vn -0.28979768 -0.95618348 0.04159866
vn 0.12701543 -0.03388601 0.99132175
vn -0.55393153 -0.81594484 0.16551096
vn -0.31067843 0.05118893 0.94913571
vn -0.35008908 0.09109469 0.93227646
vn -0.20779422 -0.00325841 0.97816714
vn -0.43560826 -0.89902224 0.04477114
vn -0.44216824 -0.89077783 0.10489094
vn -0.51141996 0.12136817 0.85071699
vn -0.39182685 0.13525559 0.91004266
vn -0.40791323 0.02094111 0.91278051
vn -0.41591648 -0.89766778 0.14562291
vn -0.33837146 -0.94010404 0.04134191
vn -0.80515292 0.22477423 0.54882176
vn -0.70684566 0.30981782 0.63591047
vn -0.65955137 0.32190944 0.67923951
vn -0.88758686 0.20153711 0.41421294
vn -0.91705832 0.22355783 0.33019075
vn -0.06853083 0.02800984 0.99725572
vn -0.10981264 -0.20446080 0.97269572
vn -0.02332069 -0.25820530 0.96580856
vn 0.12877855 0.00813391 0.99164002
vn -0.41115150 -0.04742248 0.91033266
vn -0.30619068 -0.00767940 0.95193923
vn -0.16667336 0.01687588 0.98586774
vn -0.11471842 -0.19580567 0.97390956
vn 0.07301176 0.05528680 0.99579750
vn 0.01716991 0.06655262 0.99763518
vn -0.76174690 0.11770863 0.63709210
vn -0.80506794 0.07588485 0.58830867
vn -0.86503776 0.02176480 0.50123445
vn -0.18201914 -0.19200686 0.96436632
vn -0.81944838 0.04088438 0.57169294
vn 0.19150301 -0.12148427 0.97394464
vn 0.10406855 0.08609675 0.99083656
vn -0.36172959 -0.73432451 -0.57438595
vn -0.31079494 -0.78092383 -0.54181590
vn 0.13186259 0.02597039 0.99092775
vn -0.30000092 -0.74568547 -0.59493918
vn -0.52783360 0.01638657 0.84918971
vn -0.12501294 0.04425017 0.99116784
vn -0.03180095 0.05844626 0.99778391
vn -0.93355223 -0.01163243 0.35825258
vn 0.12677435 0.05926471 0.99015956
vn -0.86744883 -0.00509325 0.49750034
vn 0.06609318 0.04827429 0.99664501
vn 0.02060101 -0.29005254 0.95678896
vn -0.68956159 -0.04039463 0.72309964
vn -0.22413964 0.05281933 0.97312463
vn -0.07478203 -0.00928074 0.99715672
vn 0.05674160 -0.01152362 0.99832239
vn -0.95826717 0.01069280 0.28567411
vn 0.00834994 0.26817856 0.96333304
vn -0.19550289 0.03221037 0.98017402
vn -0.01809511 0.12337687 0.99219490
vn -0.97252525 0.00146349 0.23279283
vn -0.98134348 0.01991706 0.19122838
vn -0.00133393 0.24198962 0.97027792
vn 0.11201249 -0.66020626 0.74268493
vn 0.12049270 -0.51892783 0.84628329
vn -0.54607033 -0.03815444 0.83687002
vn 0.35008912 -0.56895838 0.74412631
vn 0.22553107 -0.40203538 0.88741382
vn -0.74076025 -0.09580975 0.66490205
vn 0.05817502 0.08291575 0.99485710
vn -0.03357034 0.04498777 0.99842332
vn -0.10122154 0.04190378 0.99398102
vn 0.01610708 -0.00696575 0.99984601
vn -0.36543797 -0.02551510 0.93048593
vn -0.74745434 -0.66001878 0.07541360
vn -0.68235048 -0.73081947 0.01734144
vn -0.30886092 -0.02496603 0.95077949
vn 0.40206653 -0.41410798 0.81661318
vn -0.30443707 0.04913962 0.95126409
vn -0.31850101 -0.01008924 0.94786883
vn -0.20717562 0.03478560 0.97768514
vn -0.25420058 0.02578384 0.96680777
vn -0.15639899 0.03013778 0.98723405
vn 0.05524673 0.01590598 0.99834603
vn 0.35507610 -0.22479450 0.90740751
vn 0.29704215 -0.08781128 0.95081814
vn -0.16531966 -0.02199400 0.98599476
vn -0.50301215 -0.86372085 -0.03106553
vn -0.31720827 -0.07309476 0.94553481
vn -0.18400508 -0.14501005 0.97216985
vn -0.24806639 -0.01669973 0.96859908
vn 0.48733861 -0.14619243 0.86088841
vn -0.30536416 -0.09027235 0.94794706
vn -0.38864113 -0.12300525 0.91314171
vn -0.23854809 -0.03861095 0.97036282
vn -0.25674620 -0.04622167 0.96537296
vn 0.51885366 -0.11127358 0.84759015
vn -0.40451009 -0.16322247 0.89985000
vn -0.23211621 -0.01647748 0.97254849
vn 0.00752078 -0.04625440 0.99890138
vn -0.50398235 -0.07788732 0.86019495
vn -0.30542164 -0.06442456 0.95003531
vn 0.49484554 -0.08096187 0.86520117
vn -0.10158379 -0.21015990 0.97237521
vn -0.58600861 -0.00861999 0.81025898
vn -0.65704353 -0.01938321 0.75360340
vn -0.33600138 -0.03827679 0.94108340
vn -0.01622692 -0.12504101 0.99201887
vn -0.00299197 -0.11590288 0.99325604
vn -0.65087645 -0.75918366 -0.00013957
vn -0.33575558 -0.71162745 -0.61713416
vn -0.73646661 -0.07145369 0.67268960
vn 0.04143916 -0.02632755 0.99879410
vn -0.81879084 -0.02157751 0.57368630
vn 0.09151752 0.02473356 0.99549626
vn -0.46137856 -0.03400153 0.88655159
vn -0.91424773 0.02211360 0.40455170
vn 0.52933832 -0.32454775 0.78388118
vn -0.67642684 -0.02552990 0.73606722
vn -0.27514354 -0.11614516 0.95436174
vn -0.33672151 -0.08970724 0.93732131
vn -0.45572326 0.01389214 0.89001310
vn -0.24330888 -0.10593615 0.96414642
vn -0.65573029 0.13216599 0.74333703
vn 0.07874245 0.05155536 0.99556098
vn -0.46395072 0.11201069 0.87875101
vn 0.49443425 -0.13552498 0.85858474
vn -0.32759085 0.07453500 0.94187513
vn 0.07881662 -0.09564446 0.99229032
vn -0.29500031 -0.00762394 0.95546674
vn -0.81157464 0.05613953 0.58154532
vn -0.00909177 0.39485539 0.91869830
vn 0.03250260 0.61605751 0.78703032
vn 0.56361500 -0.10254949 0.81964732
vn -0.23753073 0.03559319 0.97072771
vn -0.01446510 0.51038221 0.85982600
vn -0.70516332 0.00195623 0.70904222
vn 0.53620186 -0.11201808 0.83662388
vn -0.26073061 0.10191452 0.96001718
vn -0.86322128 0.01251755 0.50467052
vn -0.87519631 0.01235925 0.48361005
vn -0.86710193 -0.00472574 0.49810833
vn -0.87216356 0.21688172 0.43851231
vn -0.86676927 0.02821744 0.49791044
vn -0.93598219 0.11723034 0.33195540
vn -0.98134064 0.19137754 0.01857906
vn -0.89447230 -0.10421276 0.43480916
vn -0.41429963 0.20857181 0.88591965
vn 0.09736916 0.53474291 0.83938625
vn -0.90284012 0.02358900 0.42932886
vn -0.27866092 0.03134731 0.95987782
vn -0.77128427 0.08039499 0.63139308
vn -0.72920943 0.05163637 0.68233957
vn 0.02768525 0.42358796 0.90543181
vn -0.62318680 0.10753566 0.77464463
vn -0.93430584 0.01391755 0.35620064
vn -0.02748267 -0.24134581 0.97004995
vn -0.93091440 0.02964190 0.36403260
vn -0.71673160 0.24911047 0.65133692
vn -0.05481027 0.14065903 0.98853977
vn -0.91231712 0.36364930 0.18824627
vn -0.96230090 0.24474972 0.11863622
vn -0.35904922 0.37508118 0.85463312
vn -0.29122109 0.18669086 0.93826265
vn -0.00060810 -0.01175999 0.99993066
vn -0.51454555 0.56488144 0.64509831
vn -0.53249810 0.31783625 0.78449085
vn -0.60881207 0.13970583 0.78091622
vn -0.71213631 0.44233498 0.54516203
vn -0.95936728 0.02604296 0.28095586
vn 0.06687978 0.21415167 0.97450816
vn -0.40746292 0.08870490 0.90890341
vn -0.01877456 0.10625310 0.99416185
vn 0.03208950 -0.26399292 0.96399067
vn -0.33829662 0.13650993 0.93108562
vn -0.33694901 0.23525525 0.91165801
vn -0.31715268 -0.03121198 0.94786074
vn -0.64158875 0.12572135 0.75667564
vn -0.61834717 0.18796540 0.76309618
vn -0.85336411 0.43623009 0.28543475
vn -0.83251134 0.55390862 0.01049303
vn -0.84807941 0.49825276 -0.18029282
vn -0.92227397 0.37679425 -0.08623693
vn -0.62394585 -0.78141404 0.00914722
vn 0.08847206 -0.02229869 0.99582903
vn 0.03562220 -0.07428564 0.99660057
vn 0.05134760 -0.03497468 0.99806823
vn -0.69851915 0.10620108 0.70766682
vn 0.06162057 -0.05383929 0.99664650
vn -0.51370964 0.37371834 0.77229334
vn -0.52220021 0.26276551 0.81133300
vn -0.73301189 0.67576873 -0.07765429
vn -0.62848836 0.76390543 -0.14646116
vn -0.72219589 0.66284653 0.19765519
vn -0.72245561 0.65932653 -0.20819803
vn 0.00280144 0.04283558 0.99907821
vn -0.66436203 0.67615697 -0.31848837
vn -0.74971978 0.58048058 -0.31774604
vn -0.47309290 0.67456767 0.56669354
vn -0.42328932 0.53027555 0.73459784
vn -0.43762772 -0.89901438 -0.01597266
vn -0.48088506 0.80873792 0.33866285
vn -0.43696308 0.68805610 0.57934624
vn -0.47928229 -0.87764933 0.00448811
vn -0.63091955 0.64060891 0.43767652
vn -0.75894935 0.05653297 0.64869092
vn 0.07087856 0.03943636 0.99670507
vn 0.09949225 -0.06687345 0.99278861
vn -0.33611890 0.35957033 0.87047876
vn -0.73438336 0.12403960 0.66730447
vn -0.38911812 0.50410553 0.77101537
vn -0.62567239 0.77987379 0.01819158
vn 0.06059453 -0.00056063 0.99816231
vn -0.01112355 0.04539510 0.99890718
vn 0.08008321 0.03802325 0.99606270
vn 0.05176058 -0.12672771 0.99058616
vn 0.05916797 -0.06955435 0.99582194
vn -0.36379627 -0.93079540 -0.03566782
vn 0.13411564 -0.04054935 0.99013572
vn -0.59338193 0.47089295 0.65280757
vn -0.43699318 0.56663331 0.69854395
vn -0.28631350 -0.69384751 -0.66075730
vn -0.44829644 0.83218230 0.32634787
vn -0.58522408 0.74791277 0.31327187
vn -0.53417185 0.83214612 0.14897405
vn -0.45073139 0.89017961 -0.06649424
vn -0.45742716 0.88270081 0.10770176
vn -0.57520688 0.58663304 0.57008659
vn 0.14378892 0.13409310 0.98048141
vn -0.52203113 0.85097892 -0.05760533
vn 0.04340916 0.76282765 0.64514310
vn 0.02669849 0.11156906 0.99339797
vn -0.46693876 0.88131391 -0.07248437
vn 0.02874885 0.00170781 0.99958521
vn 0.01928373 -0.07085482 0.99730022
vn 0.02775529 0.73019013 0.68268002
vn 0.17119103 0.11936805 0.97798001
vn 0.00686564 0.00379535 0.99996923
vn -0.29853042 0.89633200 0.32782394
vn -0.57424850 0.78970975 0.21586379
vn -0.56180995 0.69385672 0.45048023
vn -0.51140013 0.85794018 0.04907700
vn -0.45625624 0.86665245 -0.20185089
vn -0.10668835 0.37067979 0.92261264
vn 0.04482330 -0.08875863 0.99504411
vn 0.12821815 -0.10680155 0.98597847
vn 0.32337485 0.20270835 0.92430408
vn -0.13536667 0.45630508 0.87946662
vn -0.07792635 0.50702882 0.85839924
vn -0.06491908 0.31592717 0.94655984
vn -0.01552887 0.31843251 0.94781833
vn -0.42371185 -0.90389289 -0.05870199
vn 0.05121959 0.17171938 0.98381350
vn -0.00289878 0.33323692 0.94283867
vn 0.05604880 0.18816833 0.98053619
vn 0.59019514 0.44794363 0.67157740
vn 0.22095341 -0.11736423 0.96819690
vn 0.44422009 0.58549401 0.67813367
vn 0.07884314 -0.05247919 0.99550474
vn 0.15730904 -0.00333857 0.98754378
vn 0.06974146 -0.00855795 0.99752839
vn 0.06465087 0.04229769 0.99701112
vn 0.09266812 0.07633383 0.99276672
vn 0.60485071 0.62307575 0.49591554
vn -0.10807867 0.50411383 0.85684786
vn -0.16766755 0.64166316 0.74843569
vn -0.16279722 0.75183622 0.63893612
vn 0.71240492 0.49375180 0.49868666
vn -0.17338095 0.56713061 0.80517198
vn -0.21867938 0.80758659 0.54770724
vn -0.04102984 0.69048569 0.72218147
vn 0.04901424 0.48350277 0.87396949
vn -0.07079743 0.31159147 0.94757505
vn 0.06661439 0.68517190 0.72532888
vn 0.71814433 0.59821042 0.35554608
vn 0.82109807 0.39989389 0.40728716
vn 0.88129734 0.46037928 0.10661107
vn 0.09887727 -0.16587521 0.98117720
vn 0.99740152 0.05684870 0.04425427
vn 0.18857330 -0.10116877 0.97683417
vn 0.92570175 0.26017129 0.27456724
vn -0.17756009 0.97677427 0.11993519
vn -0.21136911 0.91121647 0.35356419
vn -0.20161491 0.91406047 0.35191601
vn 0.03650886 -0.05772586 0.99766469
vn -0.07930068 0.86113394 0.50215509
vn 0.05420610 0.92362830 0.37943703
vn 0.09773815 0.91600840 0.38907051
vn 0.07546291 0.81564889 0.57360460
vn 0.06018302 0.77726247 0.62629152
vn -0.03062358 0.97525221 0.21896421
vn -0.93318149 -0.22016580 -0.28407627
vn 0.06226388 0.91136376 0.40686522
vn -0.87791332 0.01632646 0.47854117
vn -0.34622160 -0.59674117 -0.72389957
vn -0.28585682 -0.64505341 -0.70865505
vn -0.00588061 0.90781275 0.41933450
vn -0.06413727 0.99780007 0.01677616
vn -0.33135034 -0.65892474 -0.67529634
vn -0.08886564 0.97311563 0.21248265
vn 0.07824499 0.98895029 0.12591681
vn -0.16975273 0.18389925 -0.96817616
vn -0.15874838 0.24359008 -0.95679822
vn 0.07944457 -0.12229202 0.98930947
vn -0.36376048 -0.58540784 -0.72455225
vn -0.12231211 0.65709693 0.74381676
vn -0.02331533 0.83219111 0.55399851
vn -0.14216456 0.87838552 0.45632019
vn 0.04104715 0.97528240 0.21711605
vn 0.01782978 0.59428455 0.80405720
vn 0.00601893 -0.11756325 0.99304716
vn -0.18214462 0.97516637 0.12599159
vn -0.20364004 0.94415434 0.25904308
vn -0.17920000 0.95344721 0.24254024
vn -0.18400942 0.96589819 0.18215715
vn -0.20995604 0.28917113 -0.93396923
vn -0.07827792 0.32607410 -0.94209779
vn -0.09759643 0.93383398 0.34413519
vn 0.04995633 0.88895525 0.45526138
vn 0.26803807 0.12641131 0.95507894
vn -0.12024511 0.54413071 0.83033902
vn -0.29131343 0.85940191 0.42019619
vn -0.36944974 0.78349315 0.49964524
vn -0.27388230 0.92456913 0.26487809
vn -0.21295453 0.79930429 0.56192794
vn -0.41663318 0.59836610 0.68437914
vn -0.98575256 0.04454463 0.16219641
vn -0.32758833 0.78119971 0.53142534
vn -0.15919356 0.90079122 0.40402053
vn -0.18577893 0.38689889 -0.90321395
vn -0.07686691 0.53040958 -0.84424946
vn -0.02283852 0.30025682 0.95358494
vn -0.07569178 0.39421402 -0.91589631
vn -0.04392399 0.52820385 -0.84798076
vn -0.42287961 0.83336233 0.35592143
vn -0.18994714 0.84608068 0.49806382
vn -0.06691372 0.26460171 -0.96203352
vn -0.05840345 0.37372096 -0.92570065
vn 0.09540439 0.39036678 0.91570289
vn -0.22212008 0.69417611 0.68467671
vn -0.19261876 0.78275009 0.59177724
vn 0.02199010 0.80902925 0.58735688
vn -0.04257449 0.32929815 -0.94326568
vn -0.02406988 0.43380808 -0.90068373
vn 0.06526533 0.01318324 0.99778086
vn -0.02129567 0.47213156 -0.88127083
vn -0.16463395 0.88634199 0.43277423
vn -0.14455372 0.71480794 0.68421768
vn -0.06818391 0.00851126 0.99763646
vn -0.33901645 -0.14785872 0.92908861
vn -0.36041204 -0.77322728 0.52174968
vn -0.23927454 -0.71242869 0.65969163
vn -0.12128106 -0.71342833 0.69015282
vn -0.25227640 -0.82052713 0.51292480
vn -0.26679335 -0.96215090 0.05556039
vn 0.71166099 0.60052237 0.36457034
vn -0.27877841 -0.95719946 0.07779323
vn -0.24667920 -0.96864343 -0.02965273
vn 0.82968591 0.53599184 0.15599369
vn -0.52608208 -0.41584620 0.74182854
vn -0.56252020 -0.62449747 0.54182463
vn -0.27827706 -0.44238854 0.85255748
vn -0.39931617 -0.48561546 0.77764016
vn -0.04221225 -0.18094260 0.98258735
vn 0.01143565 -0.11362367 0.99345805
vn -0.68075500 -0.52416958 0.51168240
vn -0.65885043 -0.31156707 0.68472044
vn -0.40877820 -0.23922753 0.88072162
vn -0.27473559 -0.28258184 0.91905814
vn -0.23375265 -0.17089361 0.95715990
vn -0.58428164 -0.81116677 0.02496858
vn -0.48190141 -0.87619605 0.00717702
vn -0.31026971 -0.95064357 0.00308464
vn -0.38387397 -0.92331350 -0.01153057
vn -0.82536265 -0.02819970 0.56389828
vn -0.40373679 -0.91379001 -0.04454693
vn 0.01220687 -0.25310708 0.96736126
vn -0.05348913 -0.30572541 0.95061606
vn -0.12131049 -0.24369051 0.96223630
vn -0.04800926 -0.17511950 0.98337596
vn -0.94366900 -0.08141075 0.32071969
vn 0.01862472 -0.05501067 0.99831205
vn -0.83260445 0.04055854 0.55238106
vn 0.00236305 -0.27762098 0.96068778
vn 0.05875644 -0.21454067 0.97494614
vn 0.17213993 -0.14726004 0.97400325
vn 0.25158640 -0.28133113 0.92604378
vn 0.18357246 0.55716962 0.80985379
vn 0.15197790 0.76571419 0.62496760
vn -0.80289221 -0.10623251 0.58658227
vn -0.91224079 -0.03386558 0.40825221
vn 0.13354251 0.86938343 0.47575083
vn 0.01808991 -0.19289431 0.98105277
vn 0.01087146 -0.12525522 0.99206499
vn -0.87171954 0.03919595 0.48843497
vn -0.91894712 0.03040435 0.39320702
vn 0.20883656 0.41915817 0.88356874
vn 0.19500665 0.60741071 0.77008093
vn -0.95712564 0.03620204 0.28740202
vn -0.17805391 -0.51283138 0.83982187
vn 0.16802410 0.75787663 0.63038949
vn -0.25663494 -0.96486193 -0.05639123
vn -0.65715354 0.02612920 0.75330372
vn -0.34290159 -0.00506157 0.93935770
vn -0.30653104 -0.05264775 0.95040356
vn 0.01903573 0.57096597 0.82075301
vn -0.40281917 -0.54499170 -0.73533718
vn -0.29490028 -0.15271764 0.94324501
vn -0.22355208 -0.19899744 0.95416167
vn -0.20409216 -0.42969144 0.87960881
vn -0.55340117 -0.82763681 -0.09361867
vn 0.03275032 0.41639651 0.90859307
vn 0.06104256 0.02400938 0.99784636
vn -0.39365630 0.00877228 0.91921584
vn -0.08059293 0.38804603 0.91810950
vn -0.51086067 0.04534037 0.85846702
vn -0.06030083 0.09715122 0.99344122
vn -0.60773838 -0.00156378 0.79413576
vn -0.64773581 0.03657952 0.76098637
vn -0.33747580 -0.09420834 0.93660817
vn -0.51987528 0.01146986 0.85416517
vn -0.05176272 0.28801962 0.95622451
vn -0.07272138 0.15110098 0.98583979
vn -0.27794439 -0.43619095 0.85585301
vn -0.33366425 -0.25618517 0.90721405
vn -0.76104291 0.03826683 0.64757188
vn -0.22924851 -0.29408596 0.92787853
vn -0.14523705 -0.42149414 0.89512507
vn 0.17814386 -0.20122527 0.96320982
vn -0.70851503 0.00350628 0.70568701
vn 0.03691888 -0.11121286 0.99311062
vn 0.07574577 -0.08172099 0.99377274
vn 0.09284881 -0.02016569 0.99547599
vn 0.02579471 -0.15171695 0.98808734
vn 0.10487543 0.01317587 0.99439808
vn 0.11251986 0.01118841 0.99358648
vn -0.73629568 -0.04469721 0.67518207
vn -0.86549291 -0.25330954 -0.43215310
vn -0.61690796 -0.08471810 0.78246240
vn -0.48850855 0.00787868 0.87252353
vn -0.90388128 -0.23025882 -0.36052670
vn -0.33109464 -0.60449047 0.72454648
vn -0.51907075 -0.66003160 0.54306890
vn -0.34744157 -0.74135418 0.57417623
vn -0.21608090 -0.55819060 0.80108195
vn -0.81684185 -0.49104204 0.30273273
vn -0.57740608 -0.72324972 0.37882985
vn -0.71287630 -0.64168343 0.28293068
vn -0.68234568 -0.56874355 0.45927677
vn -0.47540728 -0.77189777 0.42209212
vn -0.29273524 -0.81707770 0.49667907
vn -0.01270770 0.01216278 0.99984528
vn -0.62156051 -0.39386623 0.67714986
vn -0.04563393 -0.45756016 0.88800690
vn -0.45651575 -0.67329896 0.58160286
vn -0.22635714 -0.69881576 0.67854180
vn -0.11297047 0.26540644 -0.95749522
vn -0.12983823 -0.61334730 0.77906811
vn -0.33691322 -0.55361482 -0.76157739
vn -0.14960212 -0.68374963 0.71421681
vn 0.09517264 0.10125145 0.99029809
vn 0.05234843 0.07447874 0.99584766
vn -0.24612678 -0.87798756 0.41055993
vn -0.23035797 -0.80134372 0.55207196
vn -0.16891917 -0.81086291 0.56032817
vn -0.20655967 -0.93031511 0.30306252
vn 0.13222704 -0.30957234 0.94163739
vn -0.14311269 -0.91113061 0.38647092
vn -0.21434425 -0.88341577 0.41669307
vn -0.09611513 -0.83236207 0.54583446
vn -0.10869440 -0.95234625 0.28499498
vn -0.52283849 -0.16600863 0.83611067
vn -0.41399199 -0.17954457 0.89239811
vn 0.01693524 0.10064718 0.99477804
vn -0.42760150 -0.41499734 0.80307793
vn -0.29798639 -0.60945318 0.73469104
vn 0.54841810 0.02548199 0.83581592
vn 0.58150183 -0.14210728 0.80103754
vn 0.39050570 -0.06452337 0.91833656
vn -0.30201044 -0.10406605 0.94760749
vn -0.49015919 -0.10144308 0.86570969
vn -0.36477433 -0.07929441 0.92771336
vn 0.35843554 -0.26198281 0.89604072
vn 0.14357371 0.83866498 0.52538332
vn -0.36411162 -0.14545956 0.91992622
vn 0.01977802 -0.24737612 0.96871765
vn 0.01954724 -0.33996604 0.94023454
vn -0.44493521 -0.21637231 0.86903147
vn -0.30534065 -0.25159516 0.91840458
vn -0.61154143 -0.00001329 0.79121241
vn -0.57698567 -0.00309317 0.81674841
vn -0.83220757 -0.28319625 -0.47668694
vn -0.20322278 -0.32363509 0.92410001
vn -0.10010269 0.57392027 0.81276994
vn -0.80536622 -0.20859475 0.55486347
vn -0.91106755 -0.24610495 0.33073899
vn -0.08755610 -0.28530418 0.95442939
vn -0.62927100 -0.23010248 0.74234147
vn -0.63175459 -0.41973054 0.65169964
vn -0.75079457 -0.45416991 0.47962194
vn -0.03396384 -0.20216832 0.97876168
vn -0.76779771 0.02719083 0.64011509
vn -0.90396647 -0.28621381 0.31768897
vn -0.88440396 -0.26634043 0.38326546
vn -0.75039509 -0.22224921 0.62250501
vn -0.84139587 -0.45627830 0.28959127
vn -0.01494598 -0.30600017 0.95191413
vn -0.87651353 0.04998137 0.47877541
vn 0.04658121 -0.16965050 0.98440281
vn 0.02339619 -0.16019641 0.98680785
vn -0.70444279 -0.10228833 0.70235138
vn -0.69576559 -0.03407278 0.71746030
vn -0.82588433 0.03528302 0.56273455
vn -0.43681875 -0.07073381 0.89676424
vn -0.04152870 0.57752509 0.81531597
vn 0.02542968 -0.40541629 0.91377840
vn -0.75093314 -0.01499247 0.66020804
vn 0.10647046 -0.09226937 0.99002546
vn 0.04981004 -0.05335302 0.99733265
vn -0.89761340 0.03809200 0.43913459
vn -0.37251581 -0.07414463 0.92505921
vn 0.05835489 0.42012377 0.90558861
vn 0.19900328 0.63341805 0.74778291
vn 0.00839557 -0.30696766 0.95168291
vn -0.84825010 -0.07499691 0.52425875
vn -0.51222088 -0.21556357 0.83136161
vn -0.10733084 0.74458140 0.65884644
vn -0.03293442 0.86390660 0.50257409
vn 0.02279770 0.70475846 0.70908094
vn -0.70402600 -0.03992191 0.70905122
vn -0.79639682 -0.01330359 0.60462808
vn -0.40922565 -0.08434915 0.90852605
vn -0.48352545 -0.09175820 0.87050765
vn -0.94407458 0.18220198 0.27481927
vn -0.88671578 -0.10230013 0.45085453
vn -0.93313729 0.09042354 0.34796319
vn -0.93711026 -0.24593161 0.24767319
vn -0.77253334 -0.26401851 0.57748288
vn -0.86463546 0.08879276 0.49449102
vn -0.05666298 0.99839068 0.00231405
vn 0.03430402 0.99845368 0.04374329
vn -0.07821169 0.98383106 0.16111914
vn -0.62780292 -0.16870502 0.75986980
vn -0.87573219 0.21515759 0.43220406
vn -0.76388629 0.17832974 0.62022273
vn -0.05674035 -0.33126043 0.94183176
vn -0.15049822 0.98381916 -0.09721186
vn -0.15076207 0.98676689 -0.05968171
vn -0.22708041 0.96423492 -0.13669494
vn -0.29074781 0.95654791 -0.02195019
vn -0.78353734 0.33304442 0.52454805
vn -0.17368603 0.93295386 0.31532564
vn -0.37569007 0.91954646 0.11528782
vn -0.27188154 0.93416043 0.23113787
vn -0.20058051 0.97613942 0.08318230
vn -0.08343715 -0.35888730 0.92964410
vn -0.09229773 -0.30746286 0.94707324
vn -0.40717846 -0.40191107 0.82016656
vn 0.49069195 0.02612968 0.87094125
vn -0.74619842 0.04529526 0.66418089
vn -0.36635200 -0.50919982 -0.77878223
vn -0.49667779 0.05117953 0.86642474
vn -0.37016765 -0.13281175 0.91942207
vn -0.92820057 -0.14279126 0.34359039
vn -0.00680416 -0.47271993 0.88118645
vn -0.05981914 -0.49528830 0.86666670
vn -0.87634595 -0.23305433 0.42154888
vn -0.64479526 -0.29601145 0.70471008
vn -0.34963581 0.52428452 0.77645382
vn -0.31242877 0.35185163 0.88237673
vn -0.14507216 0.27854508 -0.94940334
vn -0.65320595 -0.71168396 -0.25851099
vn -0.49918871 -0.77539589 -0.38674520
vn -0.54732731 -0.78823562 -0.28127819
vn -0.43940062 -0.84652992 -0.30052319
vn -0.31512918 -0.16995947 0.93370626
vn -0.10907256 0.07236661 0.99139611
vn -0.16191391 0.45389422 -0.87622139
vn -0.51128651 -0.72192796 -0.46626831
vn -0.69119488 0.02466621 0.72224734
vn -0.37512401 -0.80944371 -0.45175532
vn -0.38404312 -0.76497504 -0.51703392
vn -0.54436174 0.07810914 0.83520612
vn -0.41451770 -0.02293442 0.90975221
vn -0.53969681 -0.06736701 0.83915972
vn -0.63298587 -0.16407221 0.75657729
vn -0.73282738 -0.10321492 0.67254049
vn -0.77174967 -0.26254155 0.57920150
vn -0.00372637 0.44188954 0.89706173
vn -0.66352137 0.11735295 0.73889625
vn -0.48774253 0.67131059 0.55807644
vn -0.47059985 0.53350699 0.70278451
vn -0.58507934 0.16566805 0.79387421
vn -0.59296341 0.15330743 0.79050062
vn -0.22906259 0.02977751 0.97295613
vn -0.89682591 -0.05956829 0.43835477
vn -0.31885879 0.64702505 0.69259487
vn -0.83438583 -0.15325160 0.52944711
vn -0.25605878 0.74614309 0.61457660
vn -0.24726317 0.64100594 0.72661703
vn -0.15202508 -0.18150549 0.97156787
vn -0.16854799 0.05093303 0.98437666
vn -0.28869180 0.80618506 0.51645203
vn -0.32511992 0.62367317 0.71086483
vn -0.46506203 0.65180269 0.59905806
vn -0.63011093 0.00610172 0.77648115
vn -0.59828053 0.53888490 0.59301221
vn -0.25076195 -0.04820494 0.96684783
vn -0.67086377 0.17278151 0.72117152
vn -0.45354746 -0.09494040 0.88616083
vn -0.69188175 -0.08984617 0.71639885
vn -0.24253462 -0.04928645 0.96888999
vn -0.38183832 0.49710693 0.77915608
vn -0.88210983 0.01807012 0.47069707
vn -0.83763718 -0.00517179 0.54620253
vn -0.20655809 0.80320318 0.55874718
vn -0.25856415 0.65701600 0.70814868
vn -0.24926783 0.55131974 0.79618597
vn -0.13904583 -0.07116912 0.98772527
vn -0.15424561 -0.18626239 0.97031676
vn 0.21557623 -0.29329410 0.93139973
vn -0.06794105 -0.06175762 0.99577608
vn 0.08565969 -0.11513196 0.98964996
vn 0.09494988 -0.14221682 0.98527098
vn 0.11290118 -0.23623275 0.96511523
vn -0.06234606 -0.40813548 0.91078999
vn -0.08600447 -0.32738775 0.94096785
vn -0.20324622 -0.05160271 0.97776691
vn -0.43967781 -0.89629301 -0.05781231
vn 0.04178603 0.04403830 0.99815558
vn -0.34414817 0.62174086 0.70356260
vn -0.37350742 -0.92232683 -0.09902232
vn 0.31119421 -0.11410684 0.94347114
vn 0.39304675 -0.30486793 0.86750781
vn -0.38453394 -0.91279161 -0.13764127
vn 0.29019620 -0.80434601 0.51847244
vn 0.23953289 -0.73527076 0.63403542
vn 0.26829276 -0.68926760 0.67300013
vn 0.19329378 -0.59726427 0.77840408
vn 0.20242583 -0.40526780 0.89150536
vn 0.27170104 -0.50006049 0.82226398
vn 0.10329863 -0.60453397 0.78985320
vn 0.07359053 -0.36930159 0.92639126
vn -0.31640200 0.71993600 0.61772318
vn 0.64420797 -0.18533218 0.74205665
vn 0.02275131 -0.31447886 0.94899179
vn 0.13288459 -0.32055271 0.93786334
vn 0.70815936 -0.23284419 0.66655375
vn -0.14858433 -0.31256984 0.93820189
vn 0.00369449 -0.32419265 0.94598387
vn -0.38754049 -0.89410065 -0.22449143
vn 0.72568497 -0.03342509 0.68721473
vn -0.29152260 -0.90826191 -0.30012477
vn 0.14674526 -0.74762392 0.64770696
vn 0.11043437 -0.84232337 0.52753730
vn 0.11005988 -0.71495711 0.69045141
vn 0.01998924 -0.83425263 0.55101995
vn 0.04448331 -0.90287821 0.42758879
vn 0.16107918 -0.90405927 0.39589183
vn -0.04341873 -0.89381503 0.44632892
vn 0.10256574 -0.86208183 0.49628136
vn 0.09303654 -0.78307138 0.61493367
vn -0.02031156 -0.87975610 0.47499120
vn -0.01190780 -0.13882833 0.99024487
vn -0.01900893 -0.89343925 0.44878165
vn -0.37688999 0.40203100 0.83446091
vn -0.82421834 0.05309132 0.56377783
vn -0.74531303 0.04321936 0.66531239
vn -0.17398007 0.47191647 0.86430653
vn 0.17592214 -0.84257571 0.50903593
vn -0.62704505 0.49556077 0.60102748
vn -0.00123834 -0.82286832 0.56823076
vn -0.63783306 -0.00981331 0.77011213
vn -0.33230659 0.24495915 0.91080588
vn -0.75674847 -0.14501828 0.63741780
vn -0.03839522 -0.89549217 0.44341806
vn 0.06553650 -0.89029472 0.45064430
vn -0.71362242 0.06594371 0.69741987
vn -0.64682627 -0.00547523 0.76261772
vn 0.08594748 0.23862555 0.96730082
vn -0.17137170 0.16804602 0.97076891
vn -0.02584839 0.11479620 0.99305271
vn -0.03360986 -0.84734603 0.52997649
vn -0.08104750 -0.76033768 0.64445164
vn -0.65942865 0.62766762 0.41374776
vn 0.01933510 -0.79770646 0.60273589
vn 0.11836642 -0.74187375 0.66000964
vn -0.03308567 -0.54337755 0.83883621
vn -0.06001924 -0.73076473 0.67998574
vn -0.04246012 -0.52292189 0.85132240
vn -0.04015229 -0.69489129 0.71799296
vn -0.14908396 0.25468189 0.95546382
vn -0.27806218 0.44253757 0.85255024
vn 0.01332615 -0.54255105 0.83991712
vn -0.57927951 -0.16449515 0.79835869
vn -0.51901325 -0.05029828 0.85328502
vn -0.21887291 0.59437295 0.77383167
vn -0.20188906 0.46735043 0.86071156
vn -0.29304717 0.15732936 0.94306459
vn 0.20493943 -0.74381876 0.63618667
vn 0.20266415 -0.65170347 0.73089660
vn -0.00974247 0.00572531 0.99993615
vn -0.41354311 0.42308885 0.80621208
vn -0.03809023 -0.27226008 0.96146949
vn 0.31171054 -0.64772397 0.69519076
vn 0.23446306 -0.78161480 0.57801849
vn 0.17464082 -0.80630480 0.56513109
vn 0.33801732 -0.69476893 0.63485465
vn 0.16884987 -0.76451115 0.62210322
vn -0.30048928 0.64973245 0.69825063
vn 0.14105222 -0.84884884 0.50947023
vn -0.59517191 0.78708331 0.16208102
vn -0.54112517 0.66272843 0.51766261
vn 0.16843997 -0.75403636 0.63486782
vn 0.06802059 -0.83199742 0.55059376
vn 0.06725089 -0.74270538 0.66623272
vn -0.38872958 -0.03521616 0.92067863
vn 0.26106963 -0.65281816 0.71110555
vn 0.13541460 -0.72310039 0.67733943
vn -0.39454338 0.60148169 0.69466200
vn 0.07879479 -0.70673284 0.70307899
vn -0.30169186 -0.10420838 0.94769332
vn 0.09048115 -0.57564578 0.81267773
vn 0.16686335 -0.55863089 0.81245809
vn -0.28286557 -0.84598185 -0.45199755
vn -0.24293805 -0.89134220 -0.38274036
vn -0.24047124 -0.85928577 -0.45144384
vn 0.25267719 -0.38217502 0.88887372
vn -0.58926948 -0.01222499 0.80784407
vn 0.37314744 -0.36717831 0.85202176
vn 0.37669064 -0.48283183 0.79055524
vn -0.31267915 0.03081234 0.94935892
vn 0.54505009 -0.39254831 0.74082807
vn 0.48312235 -0.52214696 0.70281957
vn 0.48339975 -0.54024765 0.68880851
vn 0.36116790 -0.60596408 0.70877732
vn 0.34541620 -0.59311342 0.72725795
vn 0.10157734 -0.03653446 0.99415657
vn 0.23046699 -0.59606755 0.76914787
vn 0.10762839 -0.51955093 0.84763374
vn 0.05560521 -0.46144460 0.88542472
vn 0.00924256 -0.28024847 0.95988300
vn -0.06145177 -0.30083094 0.95169555
vn 0.34115942 0.21464843 0.91517009
vn 0.15620826 0.17202298 0.97262895
vn -0.25833624 -0.82303893 -0.50583526
vn -0.37827544 0.70700274 0.59754064
vn -0.27426572 -0.77151863 -0.57405341
vn 0.03902161 -0.09374168 0.99483155
vn 0.54877379 -0.06993125 0.83304079
vn 0.48921249 -0.28776439 0.82332423
vn 0.55015741 -0.36865631 0.74927922
vn 0.52528389 -0.23158108 0.81880830
vn -0.00528782 -0.37678302 0.92628646
vn 0.68761650 0.16769939 0.70644212
vn -0.35671130 0.63242756 0.68759904
vn 0.10590347 -0.35864298 0.92744793
vn 0.13581354 0.83816502 0.52823677
vn 0.15669582 0.84255499 0.51531302
vn 0.02287853 -0.39965416 0.91638045
vn -0.22202841 -0.09167535 0.97072087
vn 0.35458204 -0.24420210 0.90257238
vn 0.29254134 -0.54467264 0.78597155
vn 0.79052737 -0.17635885 0.58648446
vn 0.41016670 -0.39658094 0.82127147
vn 0.18778479 -0.46974932 0.86259634
vn -0.40430049 0.62631020 0.66654081
vn -0.21207584 -0.78036609 -0.58826236
vn -0.23637495 -0.80855755 -0.53885209
vn -0.18943868 -0.82153341 -0.53776933
vn -0.10516370 -0.08363551 0.99093173
vn 0.85992873 -0.05222350 0.50773545
vn 0.81489502 0.04069260 0.57817836
vn 0.45525164 0.30751104 0.83557340
vn 0.51855502 0.13771458 0.84388114
vn -0.40259839 -0.01967078 0.91516534
vn 0.27250360 0.04242285 0.96121906
vn 0.54676192 -0.02860807 0.83679925
vn 0.46217813 0.10428782 0.88063353
vn 0.34545835 0.25561189 0.90295132
vn -0.57557575 -0.01884264 0.81753135
vn 0.06527913 0.05134124 0.99654539
vn 0.07046148 -0.14548028 0.98684886
vn 0.02637380 -0.27303747 0.96164181
vn -0.74557010 -0.14150529 0.65123074
vn 0.33531215 -0.12003277 0.93442918
vn 0.15773871 -0.28181043 0.94641501
vn 0.23400735 0.10164548 0.96690680
vn 0.08068444 -0.26716337 0.96026755
vn 0.09275089 -0.54727733 0.83179613
vn -0.63960982 -0.14786846 0.75434355
vn 0.29613098 -0.26334153 0.91812727
vn 0.45786919 0.13058465 0.87937674
vn 0.21884446 -0.60068838 0.76894770
vn 0.47390225 -0.22689388 0.85084418
vn 0.05534094 -0.46473867 0.88371678
vn -0.24374327 -0.69590689 -0.67550190
vn -0.21970034 -0.72541597 -0.65230624
vn -0.77148558 -0.07829143 0.63141148
vn -0.91473453 -0.08866945 0.39420613
vn -0.83307884 -0.07329991 0.54827618
vn -0.21774483 -0.68909841 -0.69118057
vn -0.22929712 -0.63802479 -0.73508312
vn 0.20712021 0.34097298 0.91697255
vn 0.23964010 0.29178034 0.92597886
vn 0.30468045 0.25412035 0.91792847
vn 0.14328491 0.50408673 0.85168421
vn 0.20316528 0.45428267 0.86738176
vn 0.20927881 0.52149174 0.82719329
vn -0.44686196 -0.36325569 -0.81753268
vn 0.19774271 0.39373424 0.89770328
vn 0.21552190 0.43944447 0.87203146
vn 0.17750957 0.35607960 0.91744083
vn 0.16222691 0.31534817 0.93500693
vn 0.26090791 0.39428420 0.88117367
vn 0.19116406 0.30896309 0.93166416
vn -0.21038536 0.41852723 0.88350040
vn -0.20617834 -0.57410368 -0.79239855
vn 0.50350454 0.26654486 0.82184975
vn 0.35635929 0.30879542 0.88184661
vn 0.26744723 0.35255814 0.89675790
vn 0.41985812 0.19196093 0.88705702
vn 0.15818889 0.01236279 0.98733147
vn 0.07507924 0.29434057 0.95274694
vn 0.16780755 0.36605640 0.91533783
vn -0.22276370 -0.12142749 0.96728057
vn -0.18209161 -0.19694381 0.96335652
vn -0.01976255 0.10358958 0.99442377
vn 0.06609177 0.23723857 0.96920057
vn 0.13072917 0.24349008 0.96105279
vn 0.08967466 -0.05224723 0.99459976
vn 0.06484815 -0.00112929 0.99789450
vn -0.75799478 0.60313040 0.24834983
vn 0.13472411 0.19729298 0.97104320
vn -0.24354108 -0.57211492 -0.78318086
vn -0.56206810 0.75537441 0.33688121
vn -0.59371251 0.80244113 0.05994745
vn 0.04238481 -0.43049507 0.90159721
vn -0.93065261 -0.17860967 -0.31934981
vn -0.59560831 0.00037266 0.80327493
vn -0.40510163 -0.30969950 0.86022026
vn -0.21999757 -0.41001373 0.88514960
vn -0.39200275 -0.32727319 0.85978259
vn 0.12802870 -0.45609345 0.88067441
vn -0.01079091 -0.44660492 0.89466619
vn 0.24300430 -0.47690105 0.84469776
vn -0.93204456 -0.15180478 -0.32901102
vn -0.94080254 -0.09873218 -0.32425689
vn -0.06108398 0.58483324 0.80885031
vn -0.24523983 -0.43615786 -0.86580815
vn -0.22665452 -0.51261558 -0.82816242
vn -0.27690205 0.19311065 0.94129354
vn -0.43743056 0.17589590 0.88188159
vn -0.31637672 0.12384087 0.94051540
vn -0.46236930 -0.00389360 0.88667890
vn -0.51361352 -0.02130238 0.85775717
vn -0.56365582 -0.09964167 0.81997784
vn -0.14625475 0.67953291 0.71891903
vn -0.51018827 -0.17494345 0.84208237
vn -0.22110173 0.76718300 0.60211649
vn -0.04703593 0.71583194 0.69668662
vn -0.43435437 0.06735395 0.89822031
vn -0.43077935 0.31200944 0.84680533
vn -0.23284058 -0.34663904 -0.90864000
vn -0.29405058 -0.36087112 -0.88504593
vn -0.73867915 -0.01266259 0.67393826
vn -0.26653475 -0.25967374 -0.92818574
vn -0.01222548 0.06813238 0.99760138
vn -0.37428494 0.04529543 0.92620684
vn -0.45805222 -0.05550600 0.88719065
vn 0.01677905 0.47246735 -0.88118844
vn -0.37933905 0.51295945 0.77004837
vn -0.54137838 0.63576137 0.55019718
vn 0.27690244 0.80560589 0.52375967
vn 0.27947808 0.87326145 0.39913210
vn 0.37000121 0.89314771 0.25570739
vn 0.33401533 0.87665714 0.34627448
vn -0.84257969 -0.03850365 0.53719357
vn 0.33304592 0.84527755 0.41783524
vn 0.19065975 0.82928722 0.52529189
vn -0.35415157 0.37752984 0.85559797
vn 0.20886464 0.81408412 0.54188800
vn 0.10983923 0.75017888 0.65204830
vn 0.07455828 0.05516776 0.99568950
vn 0.08880631 0.70512912 0.70349581
vn -0.71279619 0.69429292 0.09939281
vn 0.19764073 0.75633511 0.62361474
vn -0.53568218 0.78840637 0.30242353
vn -0.37877033 -0.04959512 0.92416089
vn -0.15300881 0.85868929 0.48912269
vn 0.11626543 -0.02419173 0.99292352
vn -0.08654982 0.06176607 0.99433097
vn 0.18635248 0.66307579 0.72498501
vn 0.02856876 0.48059210 0.87647878
vn 0.06357817 0.64529134 0.76128635
vn -0.30876173 0.93712956 0.16264804
vn -0.59179215 0.80437521 -0.05256031
vn -0.01181231 0.57849094 0.81560327
vn 0.18295951 0.32054279 0.92939665
vn -0.54550647 0.02331820 -0.83778216
vn -0.36006368 0.38728456 0.84874308
vn -0.09077369 0.67665705 0.73068144
vn -0.11110401 0.37703412 0.91951138
vn 0.03201313 0.28960371 0.95661113
vn 0.14409988 0.42435462 0.89395659
vn 0.15227969 0.00325930 0.98833207
vn 0.07704402 0.74907784 0.65798678
vn -0.62292638 0.09928346 0.77595459
vn -0.69409798 0.12193853 0.70947797
vn -0.10661065 0.25670172 0.96059273
vn -0.04349507 0.55489387 0.83078335
vn -0.12051103 0.13762904 0.98312529
vn -0.07249796 -0.16627195 0.98341125
vn -0.59491924 0.16301888 0.78708065
vn -0.49423821 -0.21018226 0.84353542
vn -0.02778035 0.07703329 0.99664142
vn -0.77585843 0.10719167 0.62173438
vn -0.13488994 -0.01012276 0.99080888
vn -0.00892640 0.81988132 0.57246392
vn -0.17047854 -0.15405906 0.97324348
vn -0.91437147 0.07425307 0.39800916
vn -0.93673710 0.07851769 0.34111374
vn -0.36133774 -0.23270916 -0.90292939
vn -0.11467808 -0.26885299 0.95632997
vn -0.06826438 -0.21998165 0.97311256
vn 0.00050338 -0.01550132 0.99987972
vn -0.05239874 -0.12019297 0.99136674
vn 0.14425065 -0.07038603 0.98703473
vn -0.02556197 0.03957099 0.99888974
vn 0.11728436 0.87406845 0.47143262
vn -0.22209205 0.07988198 0.97174791
vn -0.00105679 -0.15896260 0.98728404
vn -0.04303332 0.00583696 0.99905659
vn 0.06818241 -0.08685125 0.99388531
vn 0.08879219 0.92201842 0.37682620
vn 0.00622548 -0.08886290 0.99602441
vn -0.16782711 0.16308617 0.97223298
vn 0.20707338 -0.17615843 0.96233509
vn 0.03644272 -0.03999140 0.99853524
vn -0.69643859 0.67332290 -0.24821274
vn -0.71432321 0.57247872 -0.40250524
vn 0.11203108 -0.00897372 0.99366418
vn -0.52036384 0.09313863 0.84885020
vn -0.51064701 -0.02690965 0.85936925
vn 0.02086983 -0.00702169 0.99975754
vn -0.22252140 0.36600261 0.90361846
vn 0.02723761 -0.00335013 0.99962337
vn -0.02268507 -0.72457376 0.68882382
vn -0.01221326 0.01657148 0.99978809
vn -0.01030287 0.00035526 0.99994686
vn -0.27397229 0.29132325 0.91655330
vn -0.03692259 -0.72847625 0.68407535
vn -0.20005242 -0.87815013 0.43454733
vn -0.22472046 0.52803215 0.81895223
vn -0.34186243 0.70424989 0.62222357
vn -0.06072911 0.05134660 0.99683273
vn -0.23252243 -0.00945338 0.97254509
vn -0.03830322 -0.01461759 0.99915924
vn -0.97885703 0.04622643 0.19925370
vn -0.13599022 -0.81392754 0.56482618
vn -0.99421063 0.03746346 0.10070604
vn 0.12976166 -0.00613999 0.99152620
vn -0.31202861 0.72809085 0.61034569
vn -0.09514759 -0.87996589 0.46541053
vn -0.13268526 0.97857972 0.15740505
vn -0.64566212 0.00678741 0.76359306
vn -0.00449322 0.01518462 0.99987461
vn 0.36238005 0.62534508 0.69110363
vn -0.78077671 0.00166769 0.62480793
vn -0.76675072 -0.02082086 0.64160722
vn -0.70011590 -0.02158482 0.71370289
vn -0.00520530 0.82913187 0.55902884
vn 0.39576578 0.88933345 0.22903157
vn 0.11163886 -0.03978716 0.99295204
vn 0.07594390 -0.00345896 0.99710609
vn -0.84578518 -0.01012508 0.53342751
vn -0.07363347 -0.81857892 0.56965487
vn -0.98157174 0.06650051 0.17914964
vn -0.96167928 0.05456458 0.26869252
vn -0.35713219 -0.87567208 0.32504617
vn -0.40496943 -0.79880608 0.44486920
vn -0.77312487 -0.13364867 0.62001288
vn -0.07200053 0.08680188 0.99362033
vn -0.45233825 -0.81005824 0.37308946
vn -0.07182308 0.06950437 0.99499276
vn -0.88633282 -0.09308496 0.45359599
vn -0.82895633 -0.12323585 0.54556790
vn -0.00398366 0.10155440 0.99482201
vn 0.02646319 0.00813607 0.99961668
vn 0.08956851 0.09516541 0.99142374
vn -0.03491498 0.11268233 0.99301744
vn -0.30431968 -0.92324163 0.23455153
vn 0.06081318 0.06953655 0.99572407
vn -0.30055271 -0.87809273 0.37231872
vn -0.93677900 0.06131988 0.34450686
vn -0.10315851 -0.00206211 0.99466279
vn 0.17327668 0.10186244 0.97959136
vn -0.11239793 0.06401951 0.99159881
vn -0.90088277 0.07707512 0.42716469
vn 0.04059438 0.03819162 0.99844554
vn 0.11751736 -0.00154795 0.99306962
vn 0.11103397 0.08980496 0.98975074
vn -0.46780434 -0.01644574 0.88367904
vn -0.52565065 0.06917103 0.84788369
vn -0.57939047 -0.73496603 0.35232317
vn -0.06447551 0.37540619 0.92461511
vn -0.30766553 -0.07836636 0.94826190
vn -0.66390521 -0.67428646 0.32336919
vn 0.08804818 0.05566055 0.99455991
vn -0.72506013 -0.16706041 -0.66811573
vn -0.61817555 -0.74020004 0.26450499
vn -0.39340799 0.03034107 0.91886319
vn -0.61392617 -0.67379998 -0.41120341
vn -0.68693381 -0.63578305 -0.35199695
vn 0.05278191 0.10550685 0.99301681
vn 0.05426728 0.03132569 0.99803495
vn 0.07311610 0.06985331 0.99487414
vn -0.29538664 -0.00813755 0.95534314
vn -0.74471468 0.13027593 0.65454429
vn -0.68865122 0.15643934 0.70801570
vn -0.61796364 0.21359651 0.75663563
vn -0.49500552 0.11256257 0.86156787
vn -0.53895855 0.22323025 0.81221422
vn -0.85923344 0.09471266 0.50273989
vn -0.85556123 0.09870764 0.50820448
vn -0.30503247 -0.55169902 0.77626245
vn -0.62064131 0.19379004 0.75976956
vn -0.32243823 -0.80583765 -0.49664803
vn -0.73230881 0.12371364 0.66964075
vn -0.21675708 -0.33336187 0.91754358
vn -0.24077823 -0.54471492 0.80331283
vn -0.67121997 -0.56951171 -0.47446830
vn -0.03175874 0.47847976 0.87752407
vn -0.98018051 0.08030846 0.18109867
vn -0.18143475 -0.42581384 0.88643331
vn 0.05010700 0.08672912 0.99497103
vn 0.04460701 0.06977400 0.99656500
vn 0.01359243 0.08912536 0.99592767
vn -0.57258097 0.11337820 0.81197070
vn -0.56263510 0.21569409 0.79807130
vn -0.91298594 0.04809872 0.40514589
vn -0.44856628 -0.72559214 -0.52182788
vn -0.31986822 -0.64902489 0.69025431
vn -0.97626514 0.09191903 0.19610525
vn -0.98842236 0.10783495 0.10673736
vn 0.04812590 0.03103856 0.99835891
vn 0.03876770 0.07660063 0.99630789
vn -0.95662416 0.07851185 0.28054608
vn -0.82720156 -0.07600842 0.55674079
vn -0.73682444 -0.08310182 0.67095740
vn -0.02860120 -0.36249680 0.93154605
vn 0.08851774 -0.46031018 0.88333411
vn -0.85056588 0.02369995 0.52533418
vn -0.76398041 0.04604147 0.64359468
vn -0.80080783 -0.03311488 0.59800520
vn -0.95080230 0.06057544 0.30381838
vn -0.06350067 -0.55629512 0.82855501
vn -0.35313306 0.17801507 0.91848118
vn -0.34867675 0.09392240 0.93252512
vn -0.97124835 0.09544737 0.21809732
vn 0.07709545 0.38239350 0.92077766
vn -0.64661061 -0.15776080 0.74632851
vn -0.54395409 -0.04710150 0.83779197
vn -0.64344848 -0.07045656 0.76224007
vn -0.53893239 0.12085213 0.83363459
vn -0.68711328 0.10104345 0.71948979
vn -0.70936442 -0.16115827 0.68617062
vn -0.66016695 0.12399622 0.74081343
vn 0.04907776 0.00011748 0.99879495
vn -0.16777486 0.10448807 0.98027233
vn -0.74706506 -0.15698401 0.64594877
vn -0.94676146 0.05214421 0.31768493
vn -0.90342794 -0.00618324 0.42869537
vn -0.80561566 0.10510710 0.58304023
vn -0.03889971 0.23709219 0.97070804
vn 0.05648364 0.24918511 0.96680731
vn -0.29350016 -0.95592972 0.00748558
vn -0.93891963 0.14459220 0.31228677
vn -0.96590125 0.11395315 0.23248538
vn -0.98287408 0.15093034 0.10572879
vn -0.97719201 0.12391669 0.17245415
vn -0.98371251 0.12610507 0.12809063
vn 0.06982781 0.00185942 0.99755733
vn -0.57796831 -0.81184304 0.08284628
vn -0.62764423 -0.77041236 0.11192638
vn -0.71590297 -0.67878217 0.16351667
vn -0.95788041 0.18159628 0.22245880
vn -0.94569939 0.18967399 0.26396296
vn -0.70217550 0.06531622 -0.70900167
vn -0.63165566 -0.08973065 -0.77003866
vn 0.04636733 -0.02054880 0.99871308
vn 0.06416276 0.00762947 0.99791028
vn 0.06229580 0.03173024 0.99755322
vn 0.04607747 0.02766822 0.99855462
vn 0.03184008 0.05189562 0.99814481
vn 0.14349710 0.19994003 0.96924330
vn 0.03354982 0.05094600 0.99813772
vn -0.31754195 -0.03749849 0.94750249
vn 0.11026078 0.00900042 0.99386194
vn 0.15897797 0.18329304 0.97011838
vn -0.17423205 0.00109501 0.98470401
vn -0.21057034 -0.05167334 0.97621207
vn 0.08425681 -0.03626769 0.99578383
vn 0.05262584 0.01362757 0.99852131
vn -0.74497681 -0.58239991 0.32529971
vn 0.18851259 0.14947240 0.97062918
vn -0.91660723 0.23054186 -0.32662156
vn -0.95204112 0.16306597 -0.25889610
vn -0.83269728 -0.48633371 0.26475416
vn -0.93182540 0.19806653 -0.30409057
vn -0.88627015 0.27274105 -0.37434948
vn -0.52338554 -0.66130196 -0.53735211
vn 0.13359529 -0.06950686 0.98859552
vn -0.80140623 -0.54570119 0.24486378
vn 0.07090958 -0.04577200 0.99643201
vn 0.07561397 0.00333887 0.99713158
vn -0.81343346 0.39849974 -0.42370269
vn -0.87247798 0.29658496 -0.38835491
vn -0.84496068 0.34476591 -0.40887396
vn -0.79307377 0.43335374 -0.42806370
vn 0.11336524 -0.02596828 0.99321396
vn -0.07131496 0.05131733 0.99613288
vn -0.42924616 -0.68585576 -0.58766454
vn -0.83685849 0.40441547 -0.36893902
vn -0.69477674 0.57167714 -0.43642930
vn -0.77476392 0.46339469 -0.43012351
vn -0.71348260 -0.64522540 0.27317899
vn -0.73199988 0.49287729 -0.47037023
vn -0.68369702 0.56428050 -0.46275900
vn -0.73285915 0.50116594 -0.46016319
vn -0.04535177 0.12460426 0.99116951
vn -0.54513810 -0.62614588 -0.55746371
vn 0.03126472 -0.10963670 0.99347990
vn 0.03589602 -0.08125454 0.99604677
vn -0.48519429 0.81004890 -0.32925261
vn -0.57641445 0.69145396 -0.43547423
vn -0.56005800 0.75703549 -0.33650009
vn -0.63768402 0.65920316 -0.39851008
vn -0.41129993 -0.68610807 -0.60007340
vn -0.65178474 0.59203588 -0.47399384
vn -0.70608831 -0.67559775 0.21214847
vn -0.54784630 0.68834875 -0.47543709
vn -0.64918286 -0.73642204 0.19037908
vn 0.03027271 0.13437101 0.99046857
vn 0.05505937 -0.00158082 0.99848183
vn -0.62681281 0.60330823 -0.49307695
vn 0.02168307 0.02061853 0.99955226
vn -0.59991540 0.64523051 -0.47305296
vn 0.03728816 -0.00015155 0.99930454
vn 0.10621051 0.17244456 0.97927637
vn -0.35442169 0.08349510 0.93135054
vn 0.18735651 -0.02255689 0.98203296
vn 0.04191051 -0.10626288 0.99345443
vn -0.11756783 0.15268320 0.98125718
vn -0.14202492 0.19570483 0.97032394
vn -0.43888477 0.82334509 -0.35983749
vn -0.43628831 -0.06274356 0.89761671
vn 0.02115197 0.18502404 0.98250634
vn 0.02758081 0.22004846 0.97509896
vn -0.48537561 0.76219488 -0.42833338
vn -0.37002652 0.87061908 -0.32419560
vn 0.10553193 -0.02698385 0.99404974
vn -0.40535758 0.82360020 -0.39669628
vn -0.45752964 0.77294203 -0.43957621
vn -0.51398763 0.72110934 -0.46456219
vn 0.05814656 -0.02419843 0.99801474
vn -0.14464071 -0.27751538 0.94977065
vn -0.23903489 0.15625463 -0.95835631
vn -0.10097163 -0.04550210 0.99384822
vn -0.01566174 -0.16116004 0.98680401
vn -0.00385913 -0.03528262 0.99936992
vn -0.15074920 0.17902856 -0.97222603
vn 0.08390094 0.05488341 0.99496153
vn -0.01834268 -0.20538932 0.97850844
vn -0.30353646 0.91988279 -0.24835716
vn -0.36619144 0.88953899 -0.27317434
vn -0.37130742 0.85839853 -0.35395305
vn -0.42809475 0.82682589 -0.36482028
vn -0.43103237 0.79974910 -0.41786656
vn 0.06207321 -0.36746681 0.92796285
vn -0.48596575 0.75503533 -0.44018057
vn 0.12553663 0.10310543 0.98671669
vn 0.19833118 0.13013017 0.97145812
vn 0.25505341 0.24973270 0.93412062
vn 0.05017976 -0.03956140 0.99795636
vn 0.40453419 0.44421491 0.79939052
vn 0.27808317 0.24859915 0.92782984
vn 0.39442076 0.34410224 0.85207154
vn 0.54840155 0.46595390 0.69436496
vn 0.35997967 0.39930202 0.84319187
vn 0.18537961 0.23023177 0.95531551
vn -0.66409481 -0.14229664 0.73398211
vn 0.50435610 0.56534649 0.65269309
vn -0.47337836 -0.07536462 0.87762925
vn -0.79874499 -0.36645712 0.47719558
vn -0.80055110 -0.17571187 0.57292519
vn -0.17627766 0.18809523 -0.96620203
vn 0.08030470 -0.07011735 0.99430112
vn 0.31354177 0.39746358 0.86238870
vn 0.50147767 0.52804754 0.68533637
vn 0.51838614 0.45161426 0.72616828
vn 0.49049190 0.56333427 0.66488511
vn 0.58629173 0.62728775 0.51261299
vn 0.62732190 0.68637645 0.36790570
vn 0.69662492 0.69535439 0.17662386
vn 0.14647145 0.83994852 0.52252521
vn 0.19247937 0.23721973 0.95219667
vn 0.09526085 0.83155597 0.54721115
vn -0.09743339 0.29333982 -0.95103022
vn -0.53657115 -0.18998011 0.82219156
vn 0.54083339 0.71474333 0.44344246
vn 0.39944026 0.71349295 0.57565205
vn 0.44253064 0.82898618 0.34197742
vn -0.05420573 -0.03693031 0.99784663
vn 0.57154565 0.77965608 0.25587490
vn 0.62881081 0.77101244 0.10068155
vn 0.64325450 0.69484045 0.32159041
vn 0.69061432 0.71801016 0.08667909
vn -0.26550427 0.92717006 -0.26431639
vn -0.20920129 0.84185560 -0.49750776
vn -0.24601480 0.76191323 -0.59913684
vn -0.15044979 0.73180201 -0.66470346
vn -0.22212390 0.63580943 -0.73919371
vn -0.18002217 0.56418621 -0.80578281
vn -0.37732424 0.01911233 0.92588397
vn -0.81650608 0.13912641 0.56032283
vn -0.72747357 0.16995644 0.66475335
vn -0.06175183 0.20232118 -0.97737038
vn -0.00718695 0.26564041 -0.96404539
vn 0.45655000 0.88738088 -0.06416597
vn 0.53102868 0.84632009 0.04184312
vn -0.24836446 -0.03985550 0.96784639
vn -0.88859047 -0.38758855 0.24532040
vn -0.07947961 0.85687995 -0.50935228
vn -0.82669375 -0.45899816 0.32541994
vn -0.04759121 0.76365622 -0.64386665
vn -0.03577551 0.66678388 -0.74439195
vn -0.79883518 0.29254947 0.52562074
vn -0.84777037 -0.48284753 0.21941665
vn -0.17225859 -0.04348284 0.98409157
vn -0.88605316 0.19725727 0.41952279
vn -0.01053927 0.83128083 0.55575274
vn 0.18255691 0.88161566 0.43523190
vn 0.16669663 0.93734491 0.30593587
vn -0.06098923 0.84484283 0.53152696
vn 0.24756649 0.94150066 0.22866426
vn 0.22179168 0.85113390 0.47579358
vn 0.06428881 0.93302912 0.35401075
vn 0.01633670 0.77478502 0.63201367
vn -0.92517043 0.12592176 0.35805501
vn -0.93267279 0.19648462 0.30251491
vn 0.12308002 0.96787680 0.21923917
vn 0.07584714 0.97194952 0.22262376
vn -0.00894691 0.93985219 0.34146421
vn -0.33253585 -0.94239520 -0.03621037
vn -0.31956469 -0.94597485 -0.05486335
vn 0.07950503 0.92271825 0.37718694
vn -0.52616539 0.00046193 0.85038213
vn 0.19065947 0.97443105 0.11888270
vn 0.20744700 0.97824014 -0.00346052
vn 0.26974258 0.87377423 0.40466966
vn 0.36039427 0.89753389 0.25406472
vn 0.29105758 0.90756675 0.30266828
vn 0.23840481 0.93172797 0.27394548
vn 0.21902518 0.96382190 0.15190562
vn 0.32177230 0.94175764 0.09775035
vn -0.61601678 -0.08809696 0.78279132
vn 0.17687183 0.98030312 0.08787572
vn 0.16319172 0.98444007 0.06516291
vn -0.75793577 -0.10393855 0.64399546
vn 0.24009108 0.97038924 -0.02647640
vn -0.75943852 0.65050120 0.01006606
vn -0.73393264 0.05282126 0.67716526
vn -0.23728718 0.60619274 -0.75909495
vn -0.43108565 0.59518914 -0.67817037
vn -0.57209488 0.63742240 -0.51613964
vn -0.60228493 -0.02679984 0.79783121
vn -0.02013354 0.30465019 -0.95225149
vn -0.05606909 0.38300239 -0.92204416
vn -0.03450348 0.36176155 -0.93163195
vn 0.39513250 0.90401504 0.16317818
vn 0.40690093 0.85211226 0.32914484
vn 0.37027267 0.83732652 0.40222188
vn 0.41892819 0.87996895 0.22395049
vn 0.46335118 0.88607370 -0.01338251
vn 0.45693407 0.88947342 0.00694912
vn 0.37911766 0.91903545 -0.10790568
vn 0.45068635 0.85509437 -0.25631122
vn 0.43682623 0.84364619 -0.31216013
vn -0.62992209 0.03487019 0.77587514
vn 0.46360460 0.87194192 -0.15744226
vn 0.36853741 0.89673689 -0.24503700
vn -0.65088962 0.14928656 0.74434953
vn 0.24740677 0.95860776 -0.14092926
vn 0.29660148 0.95438838 -0.03421083
vn -0.69647933 0.04317832 0.71627660
vn 0.24681305 0.96388111 -0.10008261
vn 0.29924409 0.92467728 -0.23542495
vn 0.06057460 0.12012295 0.99090928
vn 0.31000999 0.90474166 -0.29212383
vn -0.37321332 0.89760490 -0.23455760
vn -0.68808523 0.70741865 -0.16154744
vn -0.58350002 0.72767955 -0.36056927
vn -0.01868500 0.12500851 0.99197971
vn -0.54552458 0.64676810 -0.53300465
vn -0.27664585 0.51341597 -0.81232452
vn -0.29492253 0.53629672 -0.79082649
vn -0.06064046 0.61637311 -0.78511587
vn -0.04809156 0.52731949 -0.84830499
vn 0.07742937 0.62363946 -0.77786793
vn 0.09843350 0.59699806 -0.79618099
vn 0.09286738 0.67078911 -0.73581086
vn 0.25610967 0.74169974 -0.61991075
vn 0.17855047 0.69351298 -0.69796811
vn 0.09587034 -0.08431426 0.99181651
vn 0.19595675 0.76600762 -0.61223630
vn 0.00475459 0.72583004 -0.68785765
vn -0.04539553 0.74115252 -0.66980011
vn -0.02858264 0.83517061 -0.54924775
vn 0.03991519 0.83039719 -0.55574030
vn 0.04986097 0.68148058 -0.73013567
vn 0.07791431 0.79715706 -0.59872363
vn 0.11050271 0.73573238 -0.66819684
vn -0.01001329 0.57859720 -0.81555197
vn -0.02673458 0.59189963 -0.80556818
vn -0.40283080 0.80449340 -0.43648336
vn -0.04066451 0.93173144 -0.36086413
vn -0.31792694 0.73919577 -0.59372728
vn -0.05082282 0.66420364 -0.74582207
vn 0.23933602 0.83898364 -0.48869696
vn 0.29339317 0.88669713 -0.35733548
vn 0.25229005 0.95480399 -0.15715940
vn 0.26499745 0.91899749 -0.29192459
vn 0.20439520 0.97074770 -0.12598213
vn 0.15428058 0.78552593 -0.59928834
vn 0.07650523 -0.12617794 0.98905312
vn 0.20862564 0.70985227 -0.67274445
vn 0.29829791 0.79608942 -0.52655484
vn 0.38102323 0.83361385 -0.39988655
vn 0.27696871 0.15587119 0.94815215
vn 0.07111472 0.00241403 0.99746522
vn 0.09183862 -0.15883646 0.98302424
vn -0.18035746 -0.98133792 -0.06668636
vn -0.23673289 -0.97156746 -0.00376985
vn -0.22163447 -0.97467197 0.02987819
vn -0.81807352 0.02346061 0.57463495
vn -0.75551196 0.03325033 0.65429053
vn -0.05478051 -0.27420226 0.96011052
vn -0.19755108 -0.98023843 -0.01030455
vn -0.80448423 -0.06177603 0.59075278
vn -0.78028387 -0.58827943 0.21233087
vn -0.92952144 0.03090071 0.36747114
vn -0.70057073 -0.70202623 0.12790553
vn -0.54978874 -0.59570807 -0.58554610
vn 0.04125606 -0.28058684 0.95894159
vn -0.28231515 0.04040397 0.95847049
vn -0.67739781 -0.73136528 0.07897491
vn -0.40068010 -0.66950267 -0.62547712
vn -0.12946154 -0.22460917 0.96581076
vn -0.87997522 -0.45490091 0.13677999
vn -0.33178398 -0.62784187 -0.70408378
vn -0.81275334 -0.55732311 0.16977324
vn -0.77702815 -0.61609860 0.12903398
vn -0.82946957 -0.55091062 0.09207449
vn -0.78272419 -0.61888775 0.06573271
vn -0.12915842 0.00758189 0.99159499
vn -0.18592497 0.01888495 0.98238244
vn 0.00333580 -0.19127499 0.98153082
vn -0.63102714 -0.43749831 -0.64062468
vn -0.83379263 -0.09593066 0.54367928
vn -0.62784685 -0.37064791 -0.68441834
vn -0.23095069 0.11511188 0.96613200
vn 0.06202753 -0.29051948 0.95485654
vn -0.14607788 -0.98742789 -0.06039380
vn 0.01985280 -0.09698245 0.99508807
vn 0.21435003 -0.21694608 0.95235942
vn 0.18488081 -0.13247147 0.97379176
vn -0.74424272 -0.02210176 0.66754347
vn -0.89240371 -0.10090396 0.43981133
vn -0.42215174 -0.52421018 -0.73958880
vn -0.19776083 -0.97704945 -0.07915189
vn -0.37331913 0.11845668 0.92010915
vn -0.15116371 -0.98473012 -0.08634882
vn 0.15381613 -0.07398603 0.98532566
vn 0.08524786 -0.16984821 0.98177614
vn -0.90084007 -0.09518241 0.42358882
vn -0.85761436 -0.13367412 0.49661739
vn -0.39338506 -0.91544749 -0.08487688
vn 0.10299468 -0.26053213 0.95995578
vn -0.15982742 -0.30713345 0.93814937
vn -0.03991614 -0.28957588 0.95632239
vn -0.94871074 -0.12933802 0.28847809
vn 0.24615633 -0.30931044 0.91855000
vn 0.07622319 -0.53588638 0.84084233
vn -0.87789124 -0.00087903 0.47885926
vn 0.06915909 -0.45561002 0.88748889
vn 0.08820303 -0.57871566 0.81074559
vn 0.15555485 -0.59185551 0.79089174
vn -0.32299932 -0.94104374 -0.10053914
vn -0.24812542 -0.95969557 -0.13197796
vn 0.06351408 -0.28613770 0.95608116
vn -0.16606129 -0.55759228 0.81333542
vn 0.02559878 -0.27075744 0.96230718
vn 0.30170417 -0.29949655 0.90513889
vn 0.23290397 -0.40386982 0.88467221
vn -0.03133766 -0.51789600 0.85486939
vn -0.96409150 0.00556181 0.26551206
vn -0.61899465 -0.23333217 0.74993448
vn 0.18035055 -0.44664896 0.87634376
vn 0.05884485 -0.38661179 0.92036330
vn -0.02634586 -0.56162657 0.82697127
vn 0.07807185 -0.61901019 0.78149292
vn 0.22927943 -0.33262303 0.91476383
vn 0.18487298 -0.15917173 0.96978675
vn 0.06790119 -0.15965555 0.98483478
vn -0.32276454 -0.92632864 -0.19426351
vn -0.34653020 -0.18394276 0.91982709
vn -0.14827461 -0.39517323 0.90656095
vn -0.55105841 -0.11834087 0.82603273
vn -0.13165442 -0.18787335 0.97332971
vn -0.25106377 -0.92590878 -0.28224086
vn 0.03710931 -0.56040023 0.82739016
vn -0.00612745 -0.37726629 0.92608455
vn -0.11798901 0.00560353 0.99299909
vn -0.63903537 -0.09511265 0.76327411
vn 0.02820073 -0.49812450 0.86664681
vn -0.73854937 -0.13532884 0.66047780
vn -0.75881017 -0.14802713 0.63426737
vn 0.40056415 -0.26112536 0.87827211
vn 0.22468971 -0.33276968 0.91584872
vn 0.00754306 -0.53577496 0.84432712
vn -0.32994429 0.17984121 0.92671134
vn 0.35957446 -0.21369989 0.90831633
vn -0.27651623 0.11535710 0.95406054
vn 0.03475566 -0.38953398 0.92035609
vn 0.06236276 0.10697142 0.99230439
vn -0.12750707 0.05208623 0.99046907
vn 0.47499433 -0.24497382 0.84520306
vn 0.10785202 -0.30238744 0.94706377
vn 0.10796732 -0.27109960 0.95647690
vn 0.07123607 -0.39555685 0.91567472
vn 0.32385358 -0.28893458 0.90090825
vn 0.08012183 -0.53660914 0.84001852
vn 0.42509861 -0.15095937 0.89246986
vn 0.08518376 -0.00791159 0.99633385
vn -0.38736021 0.02177223 0.92167133
vn 0.22367762 -0.39785011 0.88976604
vn 0.33439089 -0.09920136 0.93719893
vn -0.15917152 -0.93872863 -0.30570081
vn -0.18883522 -0.90718266 -0.37597991
vn 0.02007677 -0.19500238 0.98059726
vn 0.33705872 -0.18215901 0.92369341
vn 0.19747586 -0.21808582 0.95574152
vn -0.00116794 0.15534937 0.98785890
vn -0.64372504 -0.75709865 -0.11144368
vn -0.03802332 0.10181601 0.99407632
vn -0.20966079 -0.86950410 -0.44721916
vn -0.18084800 -0.87329205 -0.45238810
vn 0.14810111 -0.21009133 0.96639935
vn -0.49867184 -0.11762643 0.85877262
vn -0.72176508 0.06831572 0.68875840
vn 0.22405753 0.04467323 0.97355150
vn -0.32453800 0.07907476 0.94256155
vn 0.00865110 0.22319199 0.97473612
vn 0.14297317 -0.62274197 0.76925361
vn -0.38424774 0.11037632 0.91660828
vn 0.12124442 -0.64091457 0.75797646
vn -0.40531801 -0.52116861 -0.75106630
vn 0.27201422 -0.05485358 0.96072855
vn -0.82448741 -0.42964501 -0.36827392
vn -0.75563441 -0.46447151 -0.46182557
vn -0.84861984 -0.08162559 0.52266780
vn -0.84951209 -0.13741573 0.50935854
vn -0.89300875 -0.31844078 -0.31801077
vn -0.86389016 -0.31200531 -0.39540672
vn -0.41001214 -0.02523192 0.91173099
vn -0.57128045 -0.81167988 -0.12171451
vn -0.82785319 -0.16255152 0.53687624
vn 0.19073399 -0.62437962 0.75747649
vn 0.11769913 -0.71441284 0.68975446
vn -0.60601849 -0.19566405 0.77101048
vn -0.18217607 0.07226395 0.98060685
vn 0.55388323 -0.40207657 0.72907325
vn 0.66553791 0.03984639 0.74529964
vn 0.66694726 -0.28769393 0.68732347
vn 0.53961144 -0.49775004 0.67901722
vn 0.74662009 -0.10243264 0.65731727
vn -0.74816021 0.05480316 0.66125102
vn 0.39036787 -0.07550117 0.91755790
vn 0.43739780 -0.05901350 0.89732969
vn 0.28234129 0.35604978 0.89079288
vn 0.16518569 0.26029449 0.95129410
vn -0.97541047 0.05884512 0.21239505
vn 0.07469127 0.16234333 0.98390338
vn 0.27821986 0.16499068 0.94624087
vn -0.96054087 0.10167289 0.25888966
vn -0.20352212 -0.69126597 -0.69334703
vn -0.18929822 -0.75117911 -0.63237340
vn 0.22504768 0.26363124 0.93800432
vn 0.10745731 0.24762862 0.96287746
vn 0.21612347 0.20524665 0.95454935
vn 0.05468149 0.09652466 0.99382741
vn -0.94684985 -0.06942250 0.31409532
vn 0.27399394 0.33253304 0.90241293
vn 0.26127288 0.29736139 0.91832058
vn 0.46818515 0.29903281 0.83149387
vn -0.98194408 -0.04412252 0.18395387
vn -0.98599305 -0.08512069 0.14343002
vn -0.19395740 -0.65756160 -0.72800637
vn 0.06092095 -0.31495843 0.94714826
vn 0.14527427 -0.01860105 0.98921655
vn 0.21278543 0.02991815 0.97664081
vn 0.19284264 0.15733309 0.96853395
vn 0.15686523 0.16392049 0.97392165
vn 0.24563995 0.14895047 0.95784903
vn 0.33967696 0.22166261 0.91404882
vn -0.27779674 -0.23942528 0.93032495
vn 0.39717137 0.32227940 0.85929674
vn 0.47246916 0.28711130 0.83327066
vn 0.54003996 0.24538582 0.80507307
vn -0.99136415 0.05463564 0.11921436
vn 0.12989387 -0.07162034 0.98893787
vn -0.89544524 -0.20563837 -0.39482995
vn 0.00434566 -0.13165013 0.99128672
vn -0.09629709 0.05498106 0.99383296
vn -0.76312148 -0.38424648 -0.51961549
vn -0.99091655 0.13386235 0.01285555
vn -0.99349935 0.10507427 -0.04380002
vn -0.71676814 -0.41185610 -0.56268818
vn -0.21651601 -0.72014381 0.65917654
vn -0.16041170 -0.84002178 0.51829672
vn -0.39146875 -0.08809148 0.91596512
vn -0.01163117 0.02535059 0.99961096
vn 0.04885222 -0.11232486 0.99246994
vn -0.06404905 -0.70456049 0.70674765
vn -0.06089372 -0.69657659 0.71489370
vn -0.04765248 -0.70815772 0.70444438
vn 0.06859875 -0.03681972 0.99696465
vn -0.48959459 -0.13118562 0.86202521
vn -0.07678706 -0.70512361 0.70491449
vn -0.05349557 -0.57691436 0.81505095
vn 0.13620794 -0.66996883 0.72978707
vn -0.55830740 -0.50116920 -0.66115223
vn -0.46567450 -0.42428740 -0.77661281
vn 0.25794491 -0.69984049 0.66609888
vn -0.86395422 -0.22204459 -0.45197268
vn 0.36622523 0.39782633 0.84119753
vn 0.09868733 0.55809897 0.82388491
vn 0.27583296 0.58393804 0.76350019
vn 0.52688348 0.43576655 0.72972687
vn 0.17009525 0.41149428 0.89539939
vn -0.08412085 0.37515834 0.92313591
vn -0.14512650 0.19859001 0.96927824
vn -0.45410910 0.26519783 0.85056160
vn 0.10846235 -0.83405369 0.54091622
vn -0.66869914 -0.04422710 0.74221656
vn -0.37771454 -0.08261416 0.92222916
vn 0.32937414 -0.79230387 0.51358277
vn 0.18978815 -0.92372900 0.33272391
vn -0.10694099 -0.34318425 0.93316032
vn 0.01009934 -0.46174543 0.88695500
vn 0.35307395 -0.39978232 0.84587995
vn 0.21541082 -0.42343395 0.87994424
vn 0.25934919 -0.34037213 0.90381680
vn 0.20149535 -0.21413690 0.95579549
vn 0.13003752 -0.42202590 0.89720922
vn 0.27944341 -0.41586593 0.86542874
vn -0.10271245 -0.93411590 0.34187372
vn -0.19529445 -0.46380256 -0.86414540
vn -0.61954564 -0.15103185 0.77029383
vn -0.55773002 0.08728478 0.82542025
vn -0.36529158 -0.11619415 0.92361300
vn -0.58917543 -0.18898491 0.78559342
vn -0.73130964 0.04851710 0.68031779
vn -0.75676048 0.20282927 0.62142888
vn -0.18979421 -0.23497942 0.95329053
vn -0.05180826 -0.27739944 0.95935679
vn -0.10083868 0.03574557 0.99426044
vn 0.08234526 -0.32403045 0.94245611
vn -0.59097882 -0.40708252 -0.69643942
vn 0.34367885 -0.87498162 0.34101615
vn 0.15028958 -0.44221226 0.88422925
vn 0.12704021 -0.35681055 0.92549825
vn 0.19028118 -0.55592672 0.80915917
vn -0.48774540 -0.48373725 -0.72670674
vn 0.21317086 -0.55935850 0.80104697
vn -0.19507271 -0.37464413 -0.90641514
vn -0.63495001 0.57562925 0.51525669
vn -0.30294251 0.38331484 0.87252253
vn -0.56274110 0.35275556 0.74758676
vn -0.74388301 0.52623389 0.41196596
vn -0.77282314 0.35926327 0.52313888
vn -0.30072166 0.20005171 0.93249439
vn -0.06021607 0.12110611 0.99081145
vn -0.22230621 0.36705306 0.90324526
vn 0.07570586 -0.09381840 0.99270677
vn 0.03454636 -0.85493597 0.51758191
vn 0.09626358 -0.12762803 0.98713951
vn 0.14350136 -0.24829983 0.95799507
vn 0.14839569 -0.94071296 0.30502107
vn 0.35764438 -0.27181576 0.89342414
vn 0.19608441 0.02288236 0.98032000
vn 0.41984672 0.08668476 0.90344590
vn 0.58848036 -0.45989788 0.66496978
vn 0.72049345 -0.10232920 0.68587019
vn 0.25367472 -0.86012465 0.44253217
vn -0.31001008 0.15211431 0.93848547
vn 0.26564775 -0.49404222 0.82786083
vn 0.88897651 -0.22474604 0.39901125
vn 0.44779821 -0.63433794 0.63015247
vn 0.43221404 0.65237896 0.62256944
vn 0.03501744 0.65484249 0.75495370
vn -0.37725355 0.62742705 0.68118650
vn -0.26786230 0.58691491 0.76405541
vn -0.09958057 0.57770994 0.81014501
vn -0.91312611 -0.00411028 0.40765650
vn 0.18654434 0.70311347 0.68617247
vn -0.93893502 0.19536443 0.28325567
vn -0.79299994 0.24485369 0.55785103
vn -0.71129000 -0.01268669 0.70278417
vn -0.11626876 0.63532869 0.76343895
vn -0.75933518 0.25304276 0.59948264
vn -0.53560051 -0.12710392 0.83485130
vn -0.62984340 0.46869202 0.61937475
vn -0.68171864 0.59509276 0.42558702
vn 0.31899239 -0.51575392 0.79513631
vn -0.96946978 0.19949695 0.14258086
vn -0.97408777 -0.04229515 0.22218043
vn -0.28974387 -0.18882390 -0.93829314
vn -0.94695800 -0.11997310 0.29812245
vn -0.10444703 -0.04716691 0.99341135
vn -0.57367592 -0.05773245 0.81704523
vn -0.44978985 0.06972599 -0.89040854
vn -0.54931479 0.05301595 0.83393199
vn -0.35921675 -0.10182827 -0.92768224
vn -0.24346366 -0.11978742 -0.96248450
vn -0.19721078 0.97457418 0.10636295
vn -0.05019567 0.98634024 -0.15688632
vn 0.07622106 0.99459743 0.07047197
vn 0.12611565 0.96841447 -0.21510059
vn -0.24644954 0.96092160 -0.12606470
vn -0.09459500 0.01610031 0.99538564
vn 0.05839821 0.03491467 0.99768262
vn -0.46228007 -0.06536579 0.88432147
vn -0.10577749 -0.15654677 0.98198993
vn 0.12273843 -0.01139083 0.99237368
vn -0.61452746 0.10520750 0.78184869
vn -0.08321648 0.00809237 0.99649864
vn -0.03505907 -0.01779361 0.99922683
vn -0.04490064 0.07856209 0.99589755
vn 0.15180324 0.00576939 0.98839389
vn -0.00483297 -0.08836193 0.99607671
vn -0.19635471 -0.00515456 0.98051938
vn -0.02829500 -0.13576620 0.99033678
vn -0.15633078 0.00433344 0.98769525
vn 0.09881772 0.00034365 0.99510549
vn 0.02222806 -0.02260673 0.99949730
vn 0.02612691 -0.05266663 0.99827031
vn 0.06151664 -0.01815551 0.99794092
vn 0.03813036 -0.00696388 0.99924851
vn -0.45007375 -0.51030828 -0.73281585
vn 0.02437896 -0.24693552 0.96872520
vn -0.64328542 -0.12096769 0.75600971
vn 0.08409003 0.00252505 0.99645496
vn -0.80363236 0.00815820 0.59507015
vn 0.06212688 -0.00863152 0.99803094
vn -0.08247285 -0.28465600 0.95507549
vn -0.65372805 -0.39899333 -0.64299608
vn -0.64381642 -0.05176574 0.76342696
vn 0.08497959 0.01370454 0.99628844
vn 0.08110046 0.01768973 0.99654894
vn -0.70351001 -0.11701960 0.70098508
vn -0.56932886 -0.14997371 0.80831463
vn -0.03686663 -0.36648325 0.92969397
vn 0.06323614 0.02533391 0.99767699
vn -0.76819654 0.41891362 0.48413372
vn -0.59538912 0.40757170 0.69238508
vn -0.55596337 0.24362893 0.79470100
vn -0.90627694 0.35717496 0.22602691
vn 0.09803634 0.00658779 0.99516103
vn -0.81616292 -0.07969729 0.57229925
vn 0.07690978 -0.56032004 0.82469773
vn -0.06476339 0.03575669 0.99725983
vn -0.96921959 0.22188219 0.10668496
vn 0.22198792 -0.63014617 0.74406798
vn -0.78316327 -0.09388965 0.61468694
vn -0.87680257 -0.05233141 0.47799444
vn -0.95088745 0.29364620 0.09790283
vn 0.36511444 -0.80595413 0.46597144
vn 0.07740324 0.06855492 0.99464012
vn -0.93363410 -0.04310479 0.35562530
vn -0.06133118 0.12661122 0.99005459
vn 0.06085417 0.04509765 0.99712736
vn 0.02365376 0.16019589 0.98680179
vn -0.99630492 -0.01130397 0.08513950
vn 0.06939563 0.00900782 0.99754855
vn 0.31854267 -0.86326654 0.39153728
vn -0.07641032 -0.07047462 0.99458272
vn 0.08431433 0.01558552 0.99631731
vn -0.99950886 0.00081463 -0.03132705
vn -0.79233085 0.01050608 0.61000118
vn 0.00057407 -0.16621798 0.98608887
vn 0.06960872 -0.00489958 0.99756234
vn 0.07168229 0.01038441 0.99737346
vn -0.95722467 0.12624210 0.26035335
vn 0.29626687 -0.85769186 0.42022686
vn -0.96399845 0.18647860 0.18955928
vn -0.99930215 -0.02621872 0.02660441
vn -0.64240868 -0.02472311 0.76596335
vn -0.98858667 0.05895917 -0.13863697
vn 0.03847161 0.05013093 0.99800142
vn -0.98297891 0.08926510 -0.16057459
vn -0.99479792 0.05437739 -0.08614057
vn -0.32121748 -0.83134465 0.45352553
vn 0.05413427 -0.00545796 0.99851875
vn 0.05180976 0.03416119 0.99807252
vn -0.63579370 0.58564517 0.50277839
vn -0.75158732 0.60003327 0.27400104
vn -0.89813448 0.43915872 0.02222798
vn 0.03931734 0.00557921 0.99921120
vn 0.04100203 0.03830729 0.99842445
vn 0.05431995 0.02160768 0.99828976
vn 0.04927639 -0.00378660 0.99877800
vn -0.72811630 0.68266791 0.06173475
vn -0.84974132 0.52117407 0.07948136
vn -0.17491712 -0.00943227 0.98453798
vn 0.06505115 0.01657017 0.99774434
vn -0.88504656 0.41967686 0.20140487
vn 0.06185243 -0.01365961 0.99799183
vn 0.11089382 -0.04643041 0.99274709
vn 0.11689192 -0.01078670 0.99308606
vn -0.24128121 -0.02126364 0.97022226
vn -0.73587744 0.67678054 0.02127212
vn -0.65294327 0.10133267 0.75059761
vn -0.64101865 0.26977214 0.71855277
vn -0.14496943 0.00432304 0.98942669
vn 0.09081481 -0.02605959 0.99552678
vn 0.05534128 0.04805383 0.99731047
vn -0.46440728 0.00427925 -0.88561141
vn -0.63978696 -0.43770920 -0.63173040
vn -0.35038064 0.09123093 -0.93215360
vn -0.22806556 0.07435663 -0.97080234
vn -0.49084763 -0.46611531 -0.73607412
vn -0.14325639 0.08567583 -0.98597021
vn 0.06272776 -0.13641902 0.98866328
vn -0.90739883 -0.00472326 0.42024404
vn -0.03245774 -0.06084746 0.99761921
vn -0.02597077 -0.13156253 0.99096762
vn -0.78386143 0.01670736 0.62071098
vn 0.19308931 0.04456507 0.98016859
vn 0.10251353 -0.24734220 0.96348991
vn -0.42940753 0.79143503 -0.43501698
vn 0.04371289 0.99210106 0.11757832
vn -0.10371593 0.12774005 -0.98636985
vn 0.73204418 0.44761109 0.51357144
vn 0.69365334 0.61280428 0.37857095
vn 0.78480272 0.58941151 0.19151701
vn 0.86035800 0.45857953 0.22246108
vn 0.21871675 -0.13298175 0.96668445
vn -0.97990093 0.01369241 0.19901430
vn 0.73746654 0.67511215 0.01914887
vn 0.12999674 -0.46584683 0.87526429
vn 0.76851616 0.63499217 -0.07853564
vn 0.76609067 0.64206101 0.02937252
vn 0.85612156 0.51431311 0.05037755
vn -0.49906527 0.86084804 0.09937053
vn -0.60198065 0.79644304 0.05742634
vn -0.46382158 0.88418784 0.05551032
vn 0.07117794 -0.02204810 0.99721993
vn -0.40687198 0.91122794 0.06417819
vn -0.28378549 0.95857356 -0.02454620
vn -0.37605854 0.92632218 0.02252080
vn -0.47036465 0.88180155 0.03439650
vn -0.38968122 0.92042974 -0.03094578
vn -0.34183456 0.93760450 -0.06361555
vn -0.28361574 0.95887025 -0.01139966
vn -0.37453457 -0.45446332 -0.80819982
vn -0.50034296 -0.03186022 0.86524092
vn 0.17281836 -0.42806010 0.88707292
vn 0.23534285 -0.39891522 0.88627332
vn 0.17265278 -0.01026024 0.98492931
vn -0.54351593 0.00220628 0.83939595
vn -0.16679607 0.98050856 -0.10383659
vn -0.21708047 0.97330753 -0.07448842
vn -0.38926235 0.00915650 0.92108142
vn -0.15835392 0.97210959 -0.17299417
vn -0.11934604 0.98036886 -0.15695039
vn 0.23697317 -0.68590923 0.68802052
vn 0.34308232 0.79048500 -0.50737362
vn 0.36909827 0.83381462 -0.41051145
vn -0.60653960 0.73236309 0.30944144
vn 0.38197725 0.86561801 -0.32372650
vn 0.25271799 0.79350020 -0.55361634
vn 0.31887118 0.80919947 -0.49347481
vn 0.33296381 0.87671239 -0.34714621
vn 0.14314604 -0.00249549 0.98969843
vn 0.34114579 0.82965043 -0.44192728
vn 0.34464107 0.85656364 -0.38408498
vn 0.34748306 0.80906249 -0.47399727
vn 0.14978768 0.82189232 -0.54959683
vn 0.16934864 -0.59952664 0.78223324
vn 0.00027909 0.56480080 -0.82522723
vn 0.14505819 0.68503757 -0.71391992
vn 0.06654912 0.60183327 -0.79584416
vn -0.23162402 -0.92611908 0.29774783
vn -0.26662319 -0.95238853 0.14787886
vn -0.21170447 -0.97631976 0.04450786
vn -0.08176447 -0.99600381 0.03593020
vn 0.26113685 -0.82336156 0.50386833
vn -0.70786464 0.65751189 0.25808091
vn -0.11655827 -0.99267114 -0.03190890
vn -0.23436077 -0.97201266 0.01632204
vn -0.54387988 0.17823185 0.82001713
vn 0.16919110 -0.89736528 0.40756586
vn -0.26883366 -0.96249276 -0.03655330
vn -0.81720691 -0.25846907 -0.51513746
vn -0.15799554 -0.98567974 -0.05893092
vn -0.99369828 0.05831708 0.09572273
vn -0.07325042 -0.00410261 0.99730514
vn -0.99568599 0.08646695 -0.03365829
vn -0.73165675 -0.30074887 -0.61174220
vn -0.19212193 -0.97941612 -0.06191308
vn -0.61057069 -0.00767663 0.79192455
vn -0.88046237 -0.43527420 0.18794251
vn -0.92964579 -0.32790887 0.16803119
vn -0.82158611 -0.56792741 0.04954516
vn -0.59484130 -0.78459870 -0.17483911
vn -0.42610550 -0.00235256 0.90467042
vn -0.94284268 -0.24615637 0.22462129
vn -0.56284971 -0.31078485 -0.76590664
vn -0.92470492 -0.32042735 0.20554107
vn -0.26687397 -0.96073399 -0.07595057
vn -0.80020093 -0.18211115 -0.57141403
vn -0.97459210 0.14620649 -0.16968764
vn -0.84464479 0.01177067 0.53519776
vn -0.82912273 -0.03279061 0.55810418
vn -0.92694516 -0.35711825 0.11506182
vn -0.34390383 -0.86863655 -0.35665208
vn -0.89811085 -0.43227845 0.08082229
vn -0.92335774 -0.38086431 0.04850625
vn -0.90223726 -0.43053602 0.02463044
vn -0.87271063 -0.48782436 0.02008849
vn -0.82328448 -0.56759514 0.00619845
vn -0.78457191 -0.61839330 -0.04512933
vn -0.20822806 -0.96377132 -0.16669110
vn -0.28363444 -0.94103043 -0.18442677
vn -0.96634367 0.10911571 -0.23296710
vn -0.60495255 -0.17940103 0.77578843
vn -0.05622873 -0.45386447 0.88929487
vn -0.04933002 -0.31116319 0.94907535
vn -0.96613724 0.14952554 -0.21028779
vn -0.01589856 -0.46803895 0.88356481
vn 0.14336627 -0.59589588 0.79016088
vn -0.87256249 -0.02184117 0.48801401
vn -0.90967858 -0.06097772 0.41081212
vn -0.86059505 -0.50916581 -0.01124013
vn -0.19930787 -0.94839693 -0.24661638
vn 0.05292005 0.08399658 0.99505982
vn 0.17463618 -0.05407286 0.98314716
vn -0.03584339 0.08502463 0.99573393
vn 0.09088458 0.05260695 0.99447097
vn -0.08160015 -0.01853604 0.99649276
vn -0.05989029 -0.16603834 0.98429895
vn 0.04472174 0.17474776 0.98359707
vn 0.01706542 -0.29524169 0.95527018
vn 0.13193068 -0.06984779 0.98879502
vn 0.32693090 -0.44661765 0.83285585
vn 0.34637904 -0.59304639 0.72685456
vn 0.19225219 -0.44793898 0.87314934
vn -0.63855956 -0.21606935 -0.73861744
vn 0.15899920 0.11562707 0.98048439
vn 0.48108212 -0.51487216 0.70955384
vn -0.82905191 0.03403040 0.55813516
vn -0.19896248 -0.92446853 -0.32522586
vn 0.04280344 0.01844678 0.99891320
vn 0.13534952 -0.26816709 0.95381703
vn -0.04542652 -0.09549995 0.99439237
vn 0.08539185 -0.19061238 0.97794435
vn 0.20943469 -0.30409713 0.92933420
vn 0.17225694 -0.11525551 0.97828611
vn 0.37974958 -0.34242738 0.85937986
vn 0.56857028 -0.40164372 0.71792072
vn 0.01868951 0.02205882 0.99958197
vn 0.24017391 0.00732461 0.97070224
vn 0.12498251 0.20938891 0.96981218
vn 0.30224943 -0.19481080 0.93310987
vn 0.12346770 -0.43509659 0.89187818
vn 0.50798890 -0.23569638 0.82848929
vn 0.39258388 -0.14402569 0.90836914
vn 0.77711506 -0.51337430 0.36405907
vn 0.69665264 -0.53675846 0.47598892
vn -0.85983949 -0.50844860 -0.04643353
vn -0.89784301 -0.43663393 -0.05682202
vn -0.51188971 -0.21374598 -0.83203461
vn -0.79789581 -0.58128639 -0.15958823
vn -0.86456073 -0.48628954 -0.12671713
vn -0.52848173 -0.20498658 0.82382496
vn -0.74775400 -0.65199157 -0.12558245
vn 0.36235580 -0.92805947 -0.08604592
vn 0.42981357 -0.89984722 -0.07439937
vn -0.98910956 0.13792008 -0.05138416
vn 0.27028258 0.13295443 0.95355673
vn 0.45609969 -0.00453102 0.88991716
vn 0.32118352 0.20600187 0.92433997
vn 0.15252636 -0.42180594 0.89376477
vn -0.68895008 -0.16818041 0.70502705
vn 0.62019474 -0.12452872 0.77450053
vn 0.67516008 -0.34235947 0.65341324
vn -0.15907360 0.01298029 0.98718139
vn 0.89081748 -0.39510385 0.22435948
vn 0.77648971 -0.28324724 0.56288075
vn 0.12684038 -0.59216942 0.79576811
vn -0.93247759 -0.34879056 -0.09397174
vn -0.89650084 -0.41150287 -0.16416953
vn -0.83395442 -0.49363650 -0.24666378
vn -0.92714894 -0.08846068 0.36410102
vn -0.90306212 -0.04291001 0.42736113
vn -0.95256349 -0.09852981 0.28794910
vn -0.96517202 -0.15018125 0.21421617
vn -0.96660995 -0.19944106 0.16089894
vn -0.20056686 0.04773949 0.97851616
vn -0.12370026 -0.82532167 -0.55094681
vn 0.21050998 -0.53418455 0.81873831
vn -0.97774778 -0.12326721 0.16974829
vn -0.97841695 -0.16480016 0.12466424
vn -0.99012555 -0.10300139 0.09508997
vn -0.14468006 -0.74050035 -0.65629788
vn 0.60794815 0.25807639 0.75086325
vn 0.63696139 -0.06826573 0.76786716
vn 0.71204327 0.04479863 0.70070498
vn -0.30019964 -0.86636190 -0.39912059
vn 0.59387196 -0.18979483 0.78185294
vn 0.52820125 -0.02159023 0.84884468
vn 0.40572899 0.07570850 0.91085246
vn 0.53719992 0.10503163 0.83688984
vn 0.59921555 0.00301041 0.80058208
vn 0.48715716 0.23906658 0.83995540
vn 0.48372087 0.43481868 0.75957016
vn -0.17790192 -0.61417921 -0.76885292
vn 0.69834005 0.17045852 0.69517269
vn 0.59826080 0.14173466 0.78866679
vn 0.60052599 0.03305193 0.79892184
vn -0.11954415 0.05403462 0.99135738
vn 0.58372364 -0.04728324 0.81057449
vn 0.78443115 0.21169236 0.58297008
vn 0.75262043 0.09261152 0.65190920
vn 0.72722274 0.23317934 0.64558074
vn 0.64079146 0.17188824 0.74822506
vn -0.16201183 0.26075444 0.95171387
vn -0.97417960 0.06718753 0.21554570
vn 0.33836426 -0.26799347 0.90204719
vn 0.45909033 -0.23255661 0.85741093
vn 0.28960889 -0.06682556 0.95480942
vn 0.35235712 0.01718617 0.93570781
vn -0.03732845 0.07121323 0.99676239
vn 0.41485919 0.09283232 0.90513757
vn 0.41840356 0.20713271 0.88432714
vn -0.98828166 0.14507349 0.04746622
vn 0.45219786 0.05515000 0.89021097
vn 0.45410438 -0.01131439 0.89087664
vn 0.45621867 0.12790867 0.88062699
vn -0.90630500 -0.13772257 -0.39955443
vn -0.96570491 0.20704462 -0.15667337
vn -0.88074812 -0.06370585 -0.46928064
vn -0.48497737 -0.14583657 0.86228107
vn 0.89300871 -0.10149710 0.43844473
vn 0.69316484 -0.44030974 0.57065738
vn 0.65310380 -0.30884108 0.69142795
vn 0.44230637 -0.57854652 0.68530942
vn 0.43988942 -0.42934483 0.78877139
vn 0.31474951 -0.61584721 0.72226377
vn 0.09464356 0.22927406 0.96874971
vn 0.76767049 0.03738821 0.63975319
vn -0.62781024 -0.16174752 0.76137510
vn 0.59933972 -0.07369325 0.79709548
vn 0.57007293 0.10903915 0.81432630
vn 0.42113715 0.04657905 0.90580014
vn 0.36919963 0.01121644 0.92928243
vn -0.01032522 0.38499011 0.92286294
vn -0.48662423 0.79710924 0.35751043
vn -0.35025536 0.51506149 0.78232528
vn -0.48078055 0.59319207 0.64573465
vn -0.62898134 0.73056484 0.26581477
vn -0.31675601 0.64908765 0.69162913
vn 0.11060531 0.19009607 0.97551522
vn 0.10836226 0.07058484 0.99160244
vn -0.24573109 0.68206343 0.68877116
vn -0.25016705 0.79872919 0.54721854
vn 0.02175202 0.62512499 0.78022150
vn -0.04672665 0.60744540 0.79298594
vn -0.29878364 -0.05632665 0.95265715
vn -0.34480091 0.02612402 0.93831224
vn -0.38977036 -0.02251137 0.92063690
vn -0.73957494 -0.09956605 0.66566922
vn 0.14944919 0.05227410 0.98738663
vn -0.21009763 -0.23810481 -0.94824316
vn -0.13530536 0.82164326 0.55371005
vn 0.12215492 0.58419495 0.80236802
vn -0.37354096 0.91764969 0.13559571
vn -0.37218482 0.82264840 0.42980003
vn 0.12737015 0.88746354 0.44292812
vn 0.09871082 0.05729489 0.99346538
vn 0.04121567 -0.02866140 0.99873910
vn -0.94949703 0.20960616 -0.23349658
vn -0.11728459 0.15369587 0.98113297
vn 0.02228991 0.16336092 0.98631454
vn -0.33024162 0.93918195 -0.09422175
vn -0.06411953 0.52538048 0.84844802
vn -0.05875399 0.59163233 0.80406415
vn -0.10483970 0.68321677 0.72265032
vn -0.28733217 0.95683920 0.04357708
vn -0.44313584 0.89211496 0.08809948
vn 0.13511834 -0.12347277 0.98310605
vn -0.53717000 0.83644725 0.10864802
vn -0.61615485 0.75354332 0.22918477
vn -0.43858857 0.79368860 0.42154296
vn -0.06678165 0.84474699 0.53098280
vn -0.25599171 0.93684171 0.23831879
vn -0.17419097 0.97780288 -0.11644326
vn -0.02692458 -0.09081731 0.99550353
vn -0.07981935 0.39148596 0.91671567
vn -0.09745610 0.17488757 0.97975336
vn -0.06111428 0.38476955 0.92098721
vn -0.03368795 0.47291840 0.88046198
vn 0.10200946 -0.22517712 0.96896302
vn 0.03647499 0.42882336 0.90265170
vn 0.01424470 0.30173001 0.95328699
vn -0.08645121 0.97413390 0.20878058
vn 0.02408298 0.98472504 -0.17244307
vn -0.03202350 0.99947014 -0.00582598
vn 0.01080384 0.89620714 0.44350426
vn -0.03421009 0.99890765 0.03183041
vn -0.09464971 -0.00267447 0.99550705
vn 0.04436085 0.90099807 0.43154907
vn 0.23317167 -0.27017651 0.93414968
vn -0.01597899 0.71856666 0.69527449
vn 0.01776506 0.58020892 0.81427392
vn 0.08023989 -0.23480919 0.96872401
vn 0.04821500 0.66710773 0.74339935
vn -0.04262079 0.22632014 0.97312007
vn -0.40943681 -0.06522472 0.91000397
vn -0.42461977 -0.03504166 0.90469339
vn -0.64573434 -0.07587014 0.75978345
vn -0.41744343 0.17879818 -0.89093894
vn -0.54975161 -0.11313667 0.82763111
vn 0.02985555 0.11659480 0.99273073
vn 0.04996060 0.23341577 0.97109269
vn 0.18509790 -0.07687142 0.97970891
vn 0.06142724 0.52500906 0.84887701
vn -0.51884158 -0.04945134 0.85343892
vn 0.04708238 0.04108341 0.99804579
vn 0.38281330 -0.24085729 0.89187541
vn -0.21080540 0.01292092 0.97744265
vn 0.03167645 -0.01744600 0.99934591
vn 0.04428210 -0.05806220 0.99733038
vn 0.13168244 -0.03825184 0.99055365
vn 0.07884073 -0.00328193 0.99688182
vn -0.99302846 0.05670431 0.10333973
vn 0.02469686 -0.06255703 0.99773578
vn -0.99760458 0.06238949 0.02987716
vn -0.99203666 0.07666322 0.09993006
vn 0.10574817 0.15129401 0.98281608
vn 0.07425809 0.02013380 0.99703579
vn -0.52169757 0.02309500 0.85281784
vn -0.99615026 0.08564973 -0.01867571
vn -0.58246715 -0.02286848 0.81253249
vn -0.99347551 0.10975169 0.03099957
vn -0.99643367 0.07886807 0.02999621
vn 0.07616711 0.29717977 0.95177873
vn -0.99301691 0.11108139 -0.03972843
vn -0.99029090 0.11010771 -0.08485413
vn 0.07486656 0.07803838 0.99413531
vn -0.02959885 0.30074519 0.95324511
vn 0.02128951 -0.07044435 0.99728850
vn 0.05937148 0.04511934 0.99721576
vn -0.07079536 0.08532456 0.99383486
vn -0.06099166 -0.06857812 0.99577962
vn 0.06637904 0.03442957 0.99720029
vn -0.98895110 0.13400112 0.06339894
vn -0.04908129 -0.04795573 0.99764286
vn -0.98907108 0.14411773 -0.03112040
vn -0.98711849 0.13845473 -0.08017089
vn 0.07403749 -0.05389807 0.99579789
vn 0.05801536 0.02100974 0.99809459
vn 0.07831398 -0.02271699 0.99666988
vn 0.02568067 -0.07771786 0.99664459
vn 0.16009329 0.37705618 0.91224929
vn 0.27283778 -0.10638124 0.95616033
vn -0.98338719 0.17908793 -0.02961668
vn -0.98845201 0.15085628 0.01431794
vn -0.98475659 0.16532610 -0.05405312
vn -0.97956400 0.19130816 -0.06209318
vn -0.97804199 0.16524960 -0.12698993
vn -0.98296438 0.16112795 -0.08842401
vn 0.28199944 0.17531608 0.94326062
vn -0.43455613 0.06165572 0.89853188
vn 0.43580992 -0.09630937 0.89487106
vn -0.96969681 0.18295201 0.16191559
vn -0.97934248 0.18868782 0.07269954
vn 0.05016601 -0.00997132 0.99869112
vn -0.97823667 0.18911902 0.08536407
vn -0.98041881 0.19664808 -0.01041610
vn -0.97943830 0.20174071 0.00113952
vn -0.98538055 0.16903251 0.02128791
vn -0.60939915 0.07008707 0.78975976
vn -0.97558562 0.21124820 -0.06005742
vn -0.96418567 0.24420750 -0.10348277
vn -0.97630841 0.19455526 -0.09471079
vn -0.96698303 0.20658826 -0.14921498
vn 0.12147994 -0.03843892 0.99184932
vn 0.12099187 -0.04353292 0.99169847
vn -0.29004363 -0.80248824 -0.52142815
vn -0.97594875 0.14125966 0.16604143
vn -0.92506803 0.32034720 -0.20402649
vn 0.05493205 -0.01215256 0.99841614
vn -0.98391816 0.16497566 -0.06846955
vn -0.95779877 0.25017086 -0.14154875
vn -0.97627750 0.20587875 -0.06705353
vn -0.97167432 0.20188810 -0.12284223
vn -0.94748814 0.28951885 -0.13581258
vn -0.89565486 0.33219527 -0.29571721
vn -0.96510173 0.23356714 -0.11842734
vn -0.95416883 0.26504111 -0.13897861
vn 0.18367085 0.33212613 0.92517958
vn 0.06206809 0.04619488 0.99700230
vn 0.11235525 0.00344982 0.99366211
vn -0.91430951 0.27520675 -0.29715210
vn 0.39651936 0.37036344 0.84000198
vn -0.97271425 0.16974555 -0.15815639
vn -0.50972189 0.09642166 0.85491898
vn -0.95585559 0.23011404 -0.18272282
vn -0.94614293 0.23318106 -0.22458883
vn -0.92728216 0.24867721 -0.27983468
vn -0.90151825 0.39430129 -0.17830127
vn -0.93098704 0.30749611 -0.19674670
vn -0.90416370 0.34650284 -0.24984753
vn -0.92969503 0.33659072 -0.14957886
vn -0.91241609 0.39106120 -0.12069802
vn -0.86521391 0.33062418 -0.37695163
vn -0.93093736 0.34412906 -0.12219172
vn -0.93682002 0.32919151 -0.11832668
vn 0.58545459 0.16613307 0.79350030
vn -0.71119189 0.03371159 0.70218917
vn 0.77285775 -0.03047210 0.63384726
vn -0.93669500 0.32433057 -0.13195515
vn 0.07826150 0.00628075 0.99691308
vn -0.84126158 0.45307157 -0.29496627
vn 0.06747533 -0.01438238 0.99761727
vn -0.88222935 0.46285038 -0.08626064
vn -0.91015979 0.40776284 -0.07306592
vn -0.88731586 0.30703911 -0.34408944
vn -0.87079056 0.38453975 -0.30635434
vn -0.82444277 0.42178980 -0.37734267
vn -0.79720026 -0.02288941 0.60328088
vn -0.77162367 0.50494029 -0.38682323
vn -0.86928188 0.44322187 -0.21886844
vn -0.88088224 0.45056376 -0.14504751
vn 0.96558632 -0.17674870 0.19079559
vn 0.89222319 -0.15338800 0.42474686
vn 0.90860510 0.11722387 0.40086822
vn -0.32142257 0.15934483 0.93343278
vn 0.04235197 -0.10247724 0.99383335
vn 0.07648572 -0.05817370 0.99537217
vn 0.06743262 0.03454757 0.99712552
vn -0.93305258 -0.29139203 -0.21095870
vn 0.03606570 0.03527219 0.99872676
vn -0.89675029 -0.37302594 -0.23809779
vn 0.05866630 -0.06144220 0.99638503
vn -0.67588712 0.59818941 -0.43051833
vn -0.74941492 0.52050805 -0.40920489
vn -0.79555020 0.49966986 -0.34268048
vn -0.80740779 0.52120405 -0.27647603
vn -0.75681803 0.61739951 -0.21457938
vn -0.82885594 0.52450197 -0.19466771
vn -0.70384573 0.59327191 -0.39067843
vn -0.58858524 0.68499095 -0.42936561
vn -0.25868343 -0.74032483 -0.62048532
vn -0.63773073 0.67619731 -0.36885867
vn -0.71536855 0.61835643 -0.32539692
vn -0.67843522 0.68585412 -0.26330547
vn -0.23675981 -0.75185757 -0.61534949
vn -0.82541926 0.55269837 -0.11492413
vn -0.83930278 0.54127086 -0.05095788
vn -0.20437585 0.11535479 0.97207190
vn -0.74150017 0.65974008 -0.12214958
vn -0.81960555 0.57291511 -0.00387545
vn -0.76456195 0.64322199 -0.04135822
vn -0.69119788 0.72166336 -0.03804580
vn -0.17477303 0.10080716 -0.97943469
vn 0.07612661 -0.01038286 0.99704410
vn 0.02773240 0.04330758 0.99867681
vn 0.03918692 0.06953910 0.99680926
vn 0.11192538 0.01972847 0.99352076
vn 0.13278474 0.02179906 0.99090515
vn 0.08964400 -0.03802669 0.99524767
vn 0.32102906 0.45489448 0.83066922
vn 0.29465217 0.03874575 0.95481876
vn 0.12445020 0.08873005 0.98825054
vn 0.47360818 0.50770235 0.71967604
vn 0.11739913 0.10236932 0.98779450
vn 0.35682445 0.23811455 0.90331488
vn 0.80111317 0.21145909 0.55991316
vn 0.14755366 -0.11346986 0.98252354
vn -0.55862306 0.73704034 -0.38041006
vn -0.47985865 0.79325503 -0.37480946
vn -0.45609671 0.77663602 -0.43452535
vn -0.59624963 0.74861707 -0.28992907
vn -0.52277958 0.79627451 -0.30438201
vn -0.65023592 0.74017248 -0.17128323
vn -0.50454515 0.84335415 -0.18489989
vn 0.11953104 -0.13598968 0.98347300
vn -0.42374229 0.85796986 -0.29039661
vn 0.15663658 -0.08151473 0.98428671
vn 0.20248961 -0.14246008 0.96886691
vn -0.57850485 0.81556066 -0.01389041
vn -0.60435768 0.79170416 -0.08919816
vn -0.61880503 0.78501689 0.02878920
vn 0.98026613 -0.00657325 0.19757306
vn -0.47513056 0.87622819 -0.08046810
vn -0.09702782 0.02115983 -0.99505671
vn -0.95857686 -0.25004083 -0.13641843
vn 0.92638674 0.37235031 -0.05623927
vn 0.94262404 0.32339753 0.08290935
vn 0.96372986 0.21692526 0.15546124
vn -0.68007284 0.69856537 -0.22250249
vn -0.61280659 0.63584888 -0.46921668
vn -0.67045172 0.46864364 -0.57521094
vn -0.51876257 0.44722719 -0.72861049
vn -0.31952231 0.32421900 -0.89038617
vn -0.37134153 0.47529050 -0.79762423
vn 0.85249923 0.51925420 -0.06016756
vn -0.41888956 0.88832554 -0.18817352
vn -0.51997220 0.79547202 -0.31121243
vn -0.31924672 0.85511184 -0.40849146
vn -0.39849308 0.75465116 -0.52125319
vn -0.46045555 0.62115882 -0.63414699
vn -0.27887102 0.65080761 -0.70617307
vn -0.22516533 0.46761788 -0.85477137
vn 0.13885848 0.32153343 0.93666140
vn -0.22057639 0.48071960 -0.84867822
vn -0.08464011 0.96719914 -0.23950339
vn -0.29072085 0.77131962 -0.56616908
vn -0.36882024 0.69810761 -0.61369161
vn -0.46649917 0.75683706 -0.45779491
vn -0.29411728 0.00567931 0.95575246
vn -0.47694888 0.79594680 -0.37281155
vn -0.38141820 0.77752820 -0.49997006
vn -0.20217202 0.70839059 -0.67624644
vn -0.17383101 0.76573161 -0.61922361
vn -0.15006356 0.82208911 -0.54922711
vn 0.08513217 0.38293585 0.91984382
vn -0.27662095 0.83598386 -0.47393231
vn -0.37241416 0.82064957 -0.43340739
vn -0.28015300 0.87427214 -0.39643728
vn -0.37709667 0.85009104 -0.36761846
vn -0.36086962 0.91054999 -0.20167258
vn -0.30709960 0.90193587 -0.30364704
vn -0.78890609 -0.09261178 0.60749505
vn -0.24975684 0.96356334 -0.09574560
vn -0.33433029 0.93811072 -0.09039650
vn -0.68686755 -0.16774531 0.70715944
vn -0.20386788 0.83768114 -0.50668353
vn -0.20663732 0.89060502 -0.40512185
vn -0.11011365 0.91022656 -0.39920245
vn -0.11001047 0.86362347 -0.49198801
vn 0.00126460 0.88624714 -0.46321098
vn -0.20409950 0.92694402 -0.31483041
vn -0.22947704 0.95053071 -0.20936010
vn -0.14850606 0.94416997 -0.29409015
vn 0.07525076 0.90833732 -0.41141297
vn 0.01554799 0.94518468 -0.32616587
vn -0.04387321 0.95585641 -0.29054028
vn -0.10862064 0.96726456 -0.22934871
vn -0.01792880 0.26503775 0.96407134
vn 0.41301689 0.82476901 -0.38622937
vn 0.34618847 0.85509463 -0.38596206
vn 0.39108311 0.85390324 -0.34337043
vn -0.12036941 0.97914640 -0.16365675
vn -0.17690660 0.97389609 -0.14223385
vn -0.02099412 0.98355906 -0.17936225
vn 0.03712426 0.47630568 0.87849570
vn -0.05400277 0.26486976 -0.96277085
vn -0.44987804 -0.00548539 0.89307316
vn -0.02345297 0.70012223 -0.71363774
vn -0.02275298 0.80502230 -0.59280806
vn -0.06316086 0.83232644 -0.55067541
vn -0.08758424 0.72645213 -0.68161301
vn 0.36057393 0.42767333 0.82890407
vn -0.10039979 0.85579783 -0.50747409
vn 0.43368780 0.17276614 0.88434538
vn -0.15569813 0.58977113 -0.79241915
vn -0.28945606 0.02796595 0.95678268
vn -0.07752404 0.67700266 -0.73188621
vn 0.08479976 -0.01032674 0.99634450
vn -0.10386051 0.78459508 -0.61124754
vn -0.06718323 0.76253088 -0.64345402
vn -0.04251409 0.63782882 -0.76900387
vn -0.06073367 0.61403176 -0.78694118
vn -0.27941829 0.01591701 0.96003754
vn -0.06121829 0.98206230 -0.17834223
vn -0.06012578 0.96627261 -0.25040393
vn -0.63273220 -0.01177398 0.77428117
vn -0.06954417 0.93045428 -0.35974775
vn -0.06080304 0.94200754 -0.33003754
vn 0.06836177 0.98623423 -0.15056133
vn -0.00651218 0.97518738 -0.22128526
vn -0.17704402 0.00152129 0.98420176
vn 0.14742253 0.98046806 -0.13018826
vn 0.08774272 0.97455384 -0.20626688
vn -0.00923466 0.94538902 -0.32581332
vn 0.08552100 0.94039769 -0.32914791
vn 0.21401832 0.96944222 -0.11990802
vn 0.11459436 -0.04814189 0.99224518
vn 0.28690158 0.95341419 -0.09321406
vn 0.21773509 0.96951768 -0.11236950
vn 0.18191243 0.95570786 -0.23136628
vn 0.26777805 0.95075439 -0.15608011
vn 0.31331220 0.92436570 -0.21767756
vn 0.24712314 0.93316383 -0.26102761
vn 0.04918866 0.79419920 -0.60566336
vn 0.10691004 0.74341767 -0.66022754
vn -0.35577209 0.92163426 -0.15497264
vn -0.42453858 0.89655407 -0.12632419
vn -0.02402672 0.72497887 -0.68835191
vn -0.07438298 0.77795720 -0.62389884
vn -0.04826410 0.82979153 -0.55598255
vn 0.05062293 0.82777504 -0.55877169
vn -0.39403793 0.91697692 0.06234939
vn 0.24475503 0.84268711 -0.47955543
vn 0.25117171 0.81691945 -0.51918724
vn 0.19791577 0.80367826 -0.56118677
vn 0.39712360 0.80495263 -0.44084477
vn 0.32505436 0.82718815 -0.45836604
vn 0.11012963 0.83173605 -0.54413841
vn -0.41285743 0.87504692 -0.25266900
vn 0.00989757 0.97088828 -0.23932818
vn 0.08307710 0.95538925 -0.28342473
vn 0.12897787 0.90036169 -0.41558817
vn 0.19188901 0.89095856 -0.41154762
vn 0.16379072 0.85362712 -0.49446267
vn -0.43412768 0.88765553 -0.15362560
vn 0.26709586 0.87762284 -0.39804266
vn 0.22586202 0.95221733 -0.20559305
vn 0.20398607 0.92522115 -0.31993048
vn 0.13320510 0.93928956 -0.31621437
vn -0.27160322 0.18073704 0.94528610
vn 0.13500788 0.96601081 -0.22044498
vn 0.35636086 0.91844174 -0.17167323
vn 0.30954735 0.90483796 -0.29231612
vn -0.42534696 0.15442643 0.89175806
vn -0.33201188 0.07385540 0.94037944
vn 0.04663156 0.69140713 0.72095886
vn 0.00430030 0.98674578 -0.16221675
vn 0.02919947 0.87799051 0.47778662
vn -0.19570187 -0.96368325 0.18170135
vn -0.13016707 -0.98324131 0.12764425
vn -0.07484177 -0.98140919 0.17673345
vn -0.12418883 -0.93571636 0.33016970
vn -0.62843052 0.15387739 0.76249382
vn -0.11382763 0.96090163 0.25241105
vn -0.20099273 -0.97934252 -0.02213944
vn -0.17707801 0.83080465 0.52764288
vn -0.11534716 0.72954017 0.67414107
vn -0.48589201 -0.75332706 0.44317863
vn -0.38465989 -0.66942453 0.63553723
vn -0.08059248 0.53562108 0.84060390
vn -0.39400352 -0.70842785 0.58556913
vn 0.07286100 0.44608122 0.89202176
vn 0.20608309 0.53220271 0.82115165
vn -0.90644343 -0.28570917 0.31101541
vn -0.92170706 -0.22443453 0.31636252
vn 0.13143131 0.76755876 0.62735903
vn -0.43286206 0.14127665 0.89032092
vn -0.48683888 0.10911997 0.86664914
vn -0.02161290 0.86269654 0.50525989
vn -0.35389152 0.16871054 0.91994432
vn -0.88231094 -0.26655371 0.38791303
vn -0.90273555 -0.31744877 0.29033569
vn -0.12776390 0.95768090 0.25792186
vn -0.54343146 0.29257873 0.78681633
vn 0.01582327 -0.37894487 0.92528396
vn -0.76912996 -0.63795912 0.03804293
vn -0.74439233 -0.66728509 0.02471156
vn -0.28320618 0.95748701 -0.05488982
vn -0.39755907 0.20618759 0.89411043
vn -0.61116488 -0.79148336 -0.00561943
vn -0.86665821 -0.49125149 0.08703750
vn -0.86478740 -0.49942250 0.05215275
vn -0.29288839 0.94322398 -0.15666815
vn -0.19730310 0.97972788 0.03470963
vn -0.73547670 -0.67754945 0.00087090
vn -0.91120602 -0.18649064 0.36732114
vn -0.35600359 0.90081028 -0.24860064
vn -0.92475202 -0.27180780 0.26637235
vn 0.14522220 -0.03399472 0.98881488
vn -0.68743799 -0.72091907 -0.08777641
vn 0.13067651 0.00843516 0.99138918
vn -0.62290012 0.09775794 0.77616933
vn -0.15836246 -0.97186113 -0.17437681
vn -0.54754537 0.27463847 0.79042254
vn -0.34788731 0.15740886 -0.92422771
vn -0.78529304 -0.61847034 -0.02844803
vn -0.44759590 0.05233967 0.89270290
vn -0.93743615 -0.12888050 0.32342431
vn -0.94261980 -0.18971629 0.27472832
vn -0.27246706 0.17644896 -0.94584749
vn -0.95516169 -0.24342679 0.16855131
vn -0.95031834 -0.28537903 0.12431355
vn -0.90267053 -0.43024299 0.00876885
vn 0.17376512 0.12887272 0.97631834
vn -0.82289277 -0.56819549 0.00116875
vn -0.88084971 -0.47333813 0.00740351
vn 0.07338423 -0.00169722 0.99730230
vn -0.73792266 -0.67476825 0.01256802
vn -0.61080953 -0.79177695 0.00098886
vn -0.76433432 -0.64446044 -0.02153569
vn -0.67531768 -0.73572299 -0.05155294
vn -0.51956902 -0.85441409 -0.00496053
vn -0.50606601 -0.85389041 -0.12152515
vn -0.81737188 -0.57496078 -0.03637745
vn 0.13987778 0.05636322 0.98856330
vn -0.32044638 -0.10572366 0.94134830
vn 0.08621098 0.04076466 0.99544257
vn -0.90190256 -0.05105629 0.42891144
vn -0.42182516 -0.15356784 0.89357734
vn 0.13920595 0.00373109 0.99025642
vn -0.94871506 -0.13541237 0.28566277
vn -0.95607185 -0.18851222 0.22447665
vn -0.96158902 -0.25490374 0.10183633
vn 0.05965089 0.01064180 0.99816257
vn 0.41843655 -0.90800653 0.02085666
vn 0.29132609 -0.95537998 -0.04876676
vn 0.25345917 -0.96303319 -0.09124433
vn 0.21882424 -0.97314301 -0.07147476
vn 0.46773610 -0.87594746 -0.11806347
vn -0.46335802 0.00473470 0.88615852
vn -0.40071550 -0.03252819 0.91562492
vn 0.02396336 -0.97783558 -0.20799841
vn -0.27454257 0.01073368 0.96151504
vn -0.96937502 -0.21614423 0.11659224
vn -0.27164075 -0.07592341 0.95939926
vn -0.96360245 -0.25915671 0.06563622
vn -0.85740002 -0.00021681 0.51465052
vn -0.61793734 -0.01332338 0.78611445
vn -0.14604723 -0.86144544 -0.48639692
vn -0.38425266 -0.09845314 0.91796344
vn -0.08988329 -0.84196205 -0.53199709
vn 0.10845997 -0.11767540 0.98711141
vn -0.98730404 -0.14017080 0.07471868
vn -0.97717254 -0.19970401 0.07247159
vn -0.98864520 -0.14771208 0.02760107
vn -0.07657450 -0.81140878 -0.57944123
vn -0.15380811 -0.78905417 -0.59475758
vn -0.17747823 -0.70772148 -0.68383607
vn 0.59423620 0.54511289 0.59138420
vn -0.43787993 0.00612713 0.89901258
vn 0.61092357 0.61414799 0.49959447
vn -0.54984512 -0.04484602 0.83406185
vn 0.65569586 0.49844965 0.56710748
vn 0.15421675 0.24427143 0.95736548
vn -0.88873359 -0.06202762 0.45420831
vn 0.03772452 0.03728688 0.99859228
vn -0.95993100 -0.04550749 0.27651682
vn -0.93161302 -0.04862626 0.36018422
vn -0.32575112 0.06358408 0.94331504
vn -0.12847723 -0.69963225 -0.70285725
vn -0.16692156 -0.68199572 -0.71205269
vn -0.11210072 -0.64733378 -0.75391803
vn -0.14616356 -0.62972506 -0.76294335
vn 0.62921785 0.38693766 0.67406538
vn 0.18723013 0.25471351 0.94871803
vn 0.75669257 0.33586635 0.56090119
vn 0.80741723 0.39694009 0.43648136
vn -0.92552814 -0.07085166 0.37199153
vn -0.94951317 -0.04714829 0.31016412
vn -0.30011439 -0.02906402 0.95346035
vn -0.17397619 -0.54071627 -0.82301774
vn -0.14762132 -0.48658402 -0.86107139
vn 0.50451621 0.07352562 0.86026588
vn 0.53783077 0.10389244 0.83662682
vn 0.57744138 0.03608007 0.81563453
vn 0.11944754 0.27361437 0.95439376
vn -0.23093260 0.01014738 0.97291683
vn 0.62850287 0.00534105 0.77778892
vn 0.69439659 0.02354592 0.71920718
vn 0.67632568 0.01836339 0.73637380
vn 0.69199224 0.04325632 0.72060782
vn 0.79787776 0.09227842 0.59571451
vn 0.83219425 0.12327200 0.54060775
vn -0.15711665 -0.40445258 -0.90096197
vn 0.04266367 0.19473261 0.97992807
vn -0.86855753 -0.14372614 -0.47428958
vn 0.46227312 0.01586225 0.88659571
vn 0.52050299 0.00491994 0.85384567
vn 0.45551610 -0.04033301 0.88931340
vn 0.00542454 -0.08676577 0.99621397
vn 0.56663547 0.02860648 0.82347187
vn 0.64287917 -0.05399424 0.76406217
vn 0.63076623 0.03529532 0.77516979
vn 0.76216321 -0.01849364 0.64712072
vn 0.70853103 -0.06703203 0.70248878
vn -0.44643927 0.00561645 0.89479631
vn -0.02008219 -0.09693389 0.99508820
vn 0.81046981 0.00947464 0.58570378
vn 0.37920306 0.43789955 0.81513742
vn 0.21711921 0.13464787 0.96681394
vn 0.29645902 0.34788726 0.88943044
vn 0.34221349 0.31542130 0.88509848
vn 0.44652941 0.55481050 0.70199487
vn 0.69966610 0.27014711 0.66142867
vn 0.94067576 0.10891507 0.32135123
vn -0.17404329 -0.14396931 -0.97415695
vn -0.22074948 -0.17002460 -0.96039643
vn 0.38734824 0.69908081 0.60103857
vn 0.45830789 0.62325607 0.63364481
vn 0.48550931 0.78370582 0.38740921
vn 0.76592160 0.45020592 0.45899753
vn 0.53868578 0.72726535 0.42532663
vn 0.78913202 0.57904598 0.20488146
vn 0.75787811 0.65222403 0.01498590
vn -0.20711838 0.96779281 0.14310504
vn 0.55031835 0.82200512 0.14648307
vn 0.93490737 0.34619774 0.07807265
vn 0.81122167 0.50068521 0.30204920
vn 0.69958662 0.54811748 0.45841660
vn 0.89320029 0.42668511 0.14189101
vn 0.93065461 0.24013585 0.27607384
vn -0.20478500 0.97880643 -0.00103767
vn -0.18916797 0.97842477 -0.08306898
vn 0.77453127 0.63207887 -0.02403361
vn 0.59275866 0.80536950 -0.00413914
vn 0.78661175 0.60542988 0.12122956
vn 0.67392723 0.70933934 0.20654244
vn 0.35492767 0.45655138 0.81583527
vn 0.77875812 0.30253262 0.54955419
vn 0.62503624 0.45503466 0.63425007
vn 0.40481412 0.15982549 0.90032291
vn 0.55540040 0.30634686 0.77309896
vn 0.06967979 0.05730605 0.99592206
vn -0.23945951 0.96594875 -0.09799059
vn 0.42147784 0.45048444 0.78703253
vn 0.27202934 0.17779246 0.94572188
vn 0.33823306 -0.04660452 0.93990766
vn 0.21009508 0.12872366 0.96916989
vn 0.33119698 0.92562412 0.18310804
vn 0.28554336 0.94693896 -0.14755202
vn 0.42960753 0.89913469 0.08363119
vn 0.29206741 0.50199899 0.81405997
vn 0.40069539 0.90151962 -0.16341840
vn 0.55674609 0.82831523 -0.06267114
vn -0.28419806 0.01224313 0.95868742
vn 0.17883325 0.95572005 -0.23370464
vn 0.19132121 0.98033856 -0.04829594
vn -0.22528419 0.96014527 -0.16543303
vn 0.36543906 0.93036215 -0.02967443
vn 0.24006009 0.87862545 0.41278138
vn 0.15004306 0.89537153 0.41928142
vn 0.16257037 0.98297167 0.08565966
vn 0.35309189 0.89674336 0.26679104
vn -0.34081515 0.07817862 0.93687413
vn 0.40466169 0.78451612 0.46987591
vn 0.52321057 0.72448420 0.44874640
vn 0.54383244 0.82303761 0.16387606
vn -0.30906736 -0.02641149 -0.95067334
vn -0.32285986 0.13062199 -0.93738968
vn -0.78884067 -0.39662320 -0.46948954
vn 0.16918101 0.53138055 0.83006777
vn 0.08148894 0.50174359 0.86116951
vn 0.11454617 0.68310923 0.72127731
vn 0.24776988 0.75599530 0.60587226
vn 0.12331594 0.01311695 0.99228077
vn 0.20458898 0.54372963 0.81394191
vn -0.69091465 -0.48536157 -0.53578082
vn 0.26070715 0.64580135 0.71761577
vn 0.12854405 0.34893908 0.92828764
vn 0.13444848 0.45370549 0.88095115
vn 0.04903050 0.40537497 0.91283467
vn 0.04581603 0.15810940 0.98635810
vn -0.78573277 -0.32512911 -0.52622720
vn -0.35838887 0.04221505 0.93261745
vn -0.49030358 0.13087424 -0.86166950
vn -0.44882726 0.13883106 -0.88276839
vn 0.06352649 0.05190781 0.99662930
vn 0.04912676 -0.00489570 0.99878055
vn -0.14620797 0.20723804 -0.96730328
vn 0.08196678 0.00068487 0.99663483
vn -0.36446676 -0.06885520 0.92866729
vn 0.06370277 0.05161077 0.99663348
vn 0.37794887 0.17623454 0.90889826
vn -0.44954245 -0.08181836 0.88950399
vn 0.08635483 0.00785276 0.99623350
vn 0.29652431 -0.01952111 0.95482577
vn -0.61223992 0.11626529 0.78207714
vn 0.08340670 -0.00122702 0.99651484
vn -0.61605105 0.08164433 0.78346366
vn 0.21394116 -0.05785719 0.97513165
vn -0.25809284 0.04803178 0.96492540
vn -0.83862878 0.09479656 0.53639107
vn 0.25582734 0.13122565 0.95777461
vn -0.27299228 0.02586900 0.96166835
vn 0.06948629 0.04054952 0.99675844
vn 0.08730955 0.00306782 0.99617651
vn 0.08688222 0.06330610 0.99420512
vn 0.07251369 0.08441003 0.99378907
vn 0.07425504 0.08275494 0.99379968
vn -0.68645927 0.04929522 0.72549546
vn -0.17172921 0.21025693 -0.96244538
vn 0.06605916 0.01934596 0.99762815
vn -0.03414586 0.01193609 0.99934558
vn 0.09781173 -0.00176204 0.99520338
vn 0.08499574 0.01250389 0.99630285
vn -0.15373339 0.25324542 -0.95510879
vn 0.04808216 0.01321274 0.99875599
vn -0.14827156 0.29578597 -0.94367696
vn -0.11074143 0.35538587 -0.92813642
vn 0.20209491 0.27308936 0.94052105
vn 0.42935881 0.44597523 0.78533885
vn 0.06908385 -0.00620605 0.99759155
vn 0.43213809 0.57814062 0.69210556
vn 0.02768726 0.01351669 0.99952524
vn -0.28604363 -0.58870118 -0.75604891
vn 0.42064653 0.18230218 0.88871953
vn 0.31500351 0.54376835 0.77787452
vn 0.08887802 0.01328697 0.99595389
vn 0.32287275 0.31927512 0.89096385
vn 0.07310808 0.02358262 0.99704517
vn -0.48547920 0.03137056 0.87368521
vn 0.06712232 0.04066045 0.99691591
vn -0.13130381 -0.02821940 0.99094045
vn 0.32479518 0.57768813 0.74885547
vn 0.07613316 0.03382826 0.99652365
vn -0.31566150 0.93316721 -0.17192086
vn -0.45775202 0.87314088 -0.16759502
vn 0.05780913 0.02089875 0.99810889
vn -0.05342666 -0.04118000 0.99772231
vn 0.04637301 0.02983281 0.99847862
vn -0.70837858 -0.34594931 -0.61523887
vn -0.64021055 0.76158494 -0.10059241
vn -0.56587259 0.81562257 0.12061528
vn -0.41414719 0.90867737 -0.05279710
vn 0.04532983 0.05307763 0.99756101
vn 0.04777207 0.03030417 0.99839846
vn -0.87214248 0.48883103 -0.02029105
vn -0.85408524 0.51933839 0.02874082
vn -0.45401240 0.84794782 -0.27360052
vn -0.90329747 0.42896838 -0.00630947
vn -0.77496685 0.62999615 0.05031135
vn 0.09212068 -0.02677295 0.99538786
vn 0.20237361 -0.03693023 0.97861181
vn 0.18736145 0.12989391 0.97366486
vn -0.30846816 0.06578357 -0.94895728
vn -0.40200749 0.00688222 -0.91561051
vn -0.55401230 0.76924910 -0.31831777
vn 0.09369575 0.06376367 0.99355689
vn -0.15559022 0.12652889 -0.97968471
vn -0.71196095 0.69398323 0.10723283
vn -0.68915876 0.72331286 0.04334422
vn -0.75775478 0.64550065 0.09558559
vn -0.63573633 0.76436596 0.10762899
vn -0.13197693 0.01479045 -0.99114244
vn 0.29984788 0.08474886 0.95021518
vn 0.58137792 0.10129923 0.80730303
vn 0.70142168 0.00666927 0.71271534
vn 0.90625999 0.05486133 0.41914563
vn 0.87693056 0.03510876 0.47933304
vn 0.82336279 0.01730636 0.56725145
vn -0.07617442 0.96059442 0.26731221
vn 0.91698312 0.17729608 0.35736263
vn 0.83265076 0.12505245 0.53949476
vn -0.15102387 -0.01073351 -0.98847184
vn -0.10419958 -0.01965817 -0.99436211
vn 0.40709294 0.10861564 0.90690572
vn 0.86147976 0.25763933 0.43757812
vn 0.62039693 0.27966747 0.73273034
vn -0.01901131 0.97234928 0.23275622
vn -0.08309667 0.91739853 0.38919775
vn 0.56370553 0.14861353 0.81249621
vn -0.54157535 0.83794893 0.06736274
vn 0.00542025 -0.02901028 0.99956442
vn -0.68657685 0.71863025 0.11037569
vn -0.59891965 0.79128999 0.12310729
vn -0.19117011 0.86364211 0.46645075
vn -0.14565254 0.89244701 0.42699375
vn -0.08557732 0.94662258 0.31077679
vn -0.10935874 0.03206305 -0.99348509
vn -0.62513149 -0.08360052 0.77602936
vn -0.23434330 0.23999837 -0.94206369
vn -0.08649215 0.10370994 -0.99083972
vn -0.61083407 0.00151053 0.79175720
vn -0.06078243 0.21815570 -0.97401929
vn -0.59878379 -0.05502372 0.79901838
vn -0.21602218 0.00447527 0.97637820
vn -0.06647617 0.17781169 -0.98181664
vn -0.59599256 -0.00477223 0.80297578
vn 0.16193275 0.47474115 0.86510036
vn -0.00510866 0.87626516 -0.48180210
vn -0.06468331 0.62035850 -0.78164659
vn -0.77412105 0.09474692 0.62590704
vn 0.38804220 0.65204608 0.65135180
vn -0.59981974 0.03529105 0.79935651
vn -0.65564727 0.04860646 0.75350120
vn 0.40779498 0.82586407 0.38942495
vn 0.37837585 0.83334634 0.40294613
vn 0.28716319 0.95231681 0.10310183
vn 0.25186194 0.96601039 0.05821938
vn 0.27768019 0.93878457 0.20390499
vn 0.30094533 0.88990701 0.34277897
vn -0.65364445 0.07111961 0.75345268
vn 0.29450361 0.95203800 -0.08301366
vn 0.30117006 0.93092625 -0.20657423
vn 0.43171956 0.84198117 -0.32355205
vn 0.37027575 0.92891740 0.00288735
vn 0.32886073 0.94417327 0.01968404
vn 0.37419550 0.91137100 -0.17140779
vn -0.26683742 -0.07281400 0.96098695
vn 0.35890848 0.88395978 -0.29966617
vn -0.14284749 0.44256001 -0.88528822
vn -0.06314338 0.54249301 -0.83768386
vn 0.14796743 0.97932626 -0.13793372
vn 0.07610364 0.97827603 -0.19283214
vn 0.35718482 0.93102989 -0.07484886
vn 0.29931345 0.93900197 -0.16937168
vn 0.29561983 0.95029339 -0.09773120
vn -0.07465094 -0.99645438 0.03880588
vn -0.06134520 -0.98443772 0.16467891
vn -0.05800048 -0.95627445 0.28666204
vn -0.13552947 -0.08673972 0.98696909
vn -0.16633990 -0.98603306 0.00835700
vn -0.64202373 0.01870598 0.76645653
vn -0.05954500 -0.50309694 0.86217624
vn 0.35277472 0.74395992 0.56751532
vn 0.06651602 -0.48247216 0.87338207
vn -0.15863474 -0.98695864 -0.02734331
vn 0.36745610 0.84409439 0.39048774
vn -0.57777920 -0.81392743 -0.06077286
vn -0.71786650 -0.69298023 -0.06667894
vn -0.64801907 -0.75754717 -0.07869926
vn -0.63846269 -0.76928495 -0.02379194
vn -0.45471714 0.14387998 0.87893735
vn -0.23694103 0.00018250 0.97152402
vn -0.48310422 -0.87073352 -0.09183385
vn -0.46613016 -0.88332533 -0.04958871
vn -0.95176258 -0.29433831 0.08667726
vn -0.34087527 0.04914853 0.93882292
vn -0.94162995 -0.33011841 0.06599142
vn -0.56350801 -0.02655914 0.82568356
vn 0.06512551 -0.99425962 -0.08489094
vn 0.40324445 0.89912037 0.17022476
vn -0.55411859 -0.10092856 0.82629656
vn 0.10906039 -0.99081261 -0.07997631
vn -0.94805057 -0.31382200 0.05211396
vn -0.95158092 -0.30578909 0.03141322
vn 0.35498369 -0.92600119 -0.12848492
vn -0.76451684 0.57411137 0.29310431
vn -0.74120947 -0.61806398 -0.26192640
vn -0.65711058 0.65162930 0.37892604
vn -0.75801937 -0.53377991 -0.37481414
vn -0.97262354 -0.23105080 0.02487909
vn -0.09497546 -0.87755055 -0.46998372
vn -0.73022470 0.67123543 0.12733768
vn -0.07372697 -0.86410567 -0.49788123
vn -0.05212063 -0.89991463 -0.43294006
vn -0.78206464 0.61027531 -0.12624955
vn 0.17802943 -0.05340094 0.98257512
vn -0.98820431 -0.15301352 -0.00625299
vn -0.55930891 0.00057048 0.82895912
vn -0.95792779 -0.28524039 -0.03181618
vn -0.97785182 -0.20699362 -0.03097513
vn -0.97419890 -0.20991942 -0.08288746
vn -0.10756833 -0.77903010 -0.61769019
vn -0.08704001 -0.74475179 -0.66164099
vn -0.68008239 0.65205561 -0.33512896
vn 0.92557629 -0.37810544 -0.01856914
vn 0.88965884 -0.45560885 -0.03045867
vn -0.28406967 -0.51356499 -0.80966377
vn -0.02955409 0.39233314 -0.91934828
vn -0.97798338 -0.16137563 -0.13231184
vn -0.98784108 -0.14308627 -0.06079730
vn -0.96060495 -0.18518891 -0.20722742
vn -0.99374062 -0.09618015 -0.05682387
vn -0.98655154 -0.11475181 -0.11639620
vn -0.96066921 -0.12290401 -0.24901661
vn -0.09956460 -0.65005991 -0.75333194
vn -0.13514465 -0.56472877 -0.81413595
vn 0.83013831 0.20237134 0.51953463
vn -0.99630914 -0.06541525 -0.05557818
vn -0.14712824 0.72002333 0.67817379
vn -0.97182413 -0.07923912 -0.22198879
vn -0.97865282 -0.11243784 -0.17203601
vn -0.43898214 0.76950123 0.46385616
vn -0.11380814 -0.52081866 -0.84604706
vn -0.50799083 0.03598503 0.86061048
vn -0.55156321 -0.11296033 0.82644903
vn 0.84558364 0.02921017 0.53304322
vn 0.05268790 0.01468040 0.99850312
vn 0.87682135 0.10367946 0.46950494
vn 0.90010135 0.00086789 0.43567972
vn -0.99256785 -0.05837988 -0.10677475
vn -0.98678690 -0.07010772 -0.14607026
vn -0.20172561 0.78625566 0.58404522
vn -0.14662233 -0.32760390 -0.93336894
vn -0.17264538 -0.29186066 -0.94075019
vn -0.91599008 -0.05173750 -0.39785097
vn -0.79365236 -0.08789516 -0.60198868
vn -0.19143439 -0.25655240 -0.94738257
vn -0.31546599 0.08510766 0.94511264
vn -0.88210973 0.00244795 -0.47103761
vn -0.85168724 0.01018253 -0.52395148
vn -0.20414543 0.07304983 0.97621123
vn -0.76404107 0.08100528 -0.64006202
vn -0.75458711 -0.02746636 -0.65562481
vn 0.38633639 -0.14149734 0.91143991
vn 0.28343156 -0.01458243 0.95888159
vn 0.46812126 -0.19158245 0.86264631
vn 0.45175526 -0.17136741 0.87552864
vn 0.33552462 0.84840020 0.40943905
vn -0.07943505 0.04556596 0.99579808
vn 0.43050193 0.59082333 0.68234586
vn 0.30964358 0.65528085 0.68900498
vn -0.18886357 -0.01613367 0.98187079
vn 0.25667008 0.40095364 0.87940699
vn 0.22751767 0.50331315 0.83361357
vn 0.16654310 0.15180845 0.97427798
vn 0.04086143 0.85028957 0.52472658
vn -0.54637861 0.43917085 0.71316154
vn -0.65094609 0.50460971 0.56713158
vn 0.16895680 0.19846231 0.96543581
vn 0.58372410 -0.15933035 0.79616582
vn -0.01234606 -0.03604937 0.99927375
vn -0.38010027 0.14643428 -0.91328024
vn -0.45568459 0.17429795 0.87290995
vn -0.29220363 0.12699524 -0.94788673
vn -0.74566159 0.55525527 0.36834818
vn 0.12790786 0.31549504 0.94026723
vn 0.07320355 0.35062440 0.93365078
vn 0.18973562 0.32123912 0.92779622
vn 0.16129913 0.43823973 0.88426723
vn 0.15062803 0.28428692 0.94683269
vn 0.08842093 0.37685574 0.92204202
vn 0.00430819 0.31873122 0.94783535
vn -0.33569712 0.86953295 0.36224286
vn 0.08586418 0.17489723 0.98083551
vn -0.08606681 0.04569233 0.99524103
vn 0.14542624 0.16676853 0.97521252
vn -0.21314544 0.02072949 0.97680055
vn 0.83070555 0.36467026 0.42064700
vn 0.74895167 0.16483675 0.64179455
vn 0.68228518 0.28966350 0.67125404
vn -0.11376209 0.88809476 0.44536040
vn 0.04738164 0.98702277 0.15343085
vn 0.12193027 0.05320697 0.99111151
vn 0.15220478 0.95613925 0.25026273
vn 0.30259566 0.91276243 0.27440957
vn 0.21218293 0.87524860 0.43464731
vn 0.08540641 0.20254528 0.97554147
vn 0.03193785 0.23267859 0.97202914
vn -0.04746676 0.17981799 0.98255402
vn 0.88925945 0.12987706 0.43857677
vn 0.68770933 0.55600557 0.46681226
vn 0.10861077 -0.02144594 0.99385299
vn 0.08481440 0.00853836 0.99636018
vn 0.01126420 0.99294752 0.11801836
vn -0.19832484 0.94851532 0.24695333
vn -0.36796905 0.84034181 0.39802565
vn -0.19715074 0.93254094 0.30248797
vn 0.08434051 0.01201855 0.99636451
vn 0.15810094 -0.01761045 0.98726590
vn -0.36176952 -0.33687141 -0.86927583
vn 0.08377073 0.01591453 0.99635796
vn -0.30902778 -0.44796262 -0.83894656
vn 0.08444271 -0.00570929 0.99641198
vn 0.07009873 -0.00285766 0.99753597
vn -0.14225905 -0.01121083 0.98976597
vn -0.16571855 0.87135661 0.46181709
vn -0.00595578 -0.00881930 0.99994337
vn -0.48510426 0.77846446 0.39833020
vn 0.05019207 0.04023111 0.99792896
vn -0.36324785 0.68683653 0.62952885
vn 0.05176703 0.08884463 0.99469935
vn 0.18586436 -0.02607000 0.98222950
vn 0.23174921 0.96249840 -0.14102881
vn 0.31338532 0.94878202 0.04002897
vn 0.24632198 0.03246816 0.96864405
vn -0.42027047 0.85509817 0.30361135
vn -0.53575809 0.65304656 0.53525083
vn 0.17899762 0.01029778 0.98379561
vn 0.02722192 0.08163973 0.99629008
vn -0.32145571 0.14461032 0.93581733
vn -0.46329028 0.16442227 0.87081998
vn 0.19174183 0.07069377 0.97889604
vn -0.36549541 0.68971147 0.62506895
vn -0.17122123 0.11919810 0.97799545
vn 0.23366918 0.09435666 0.96772699
vn -0.31000241 0.94621443 -0.09261082
vn -0.47141573 0.87734236 0.08965256
vn -0.01457802 0.98725968 0.15844809
vn 0.07066228 0.06063671 0.99565558
vn 0.09339650 0.08168774 0.99227224
vn 0.06536804 0.03095463 0.99738099
vn 0.05164609 0.00986716 0.99861670
vn -0.47174681 0.53472752 0.70108589
vn 0.08841976 0.02722824 0.99571109
vn 0.06953526 0.02319952 0.99730970
vn 0.06026041 0.01092269 0.99812293
vn 0.17963587 0.98366423 -0.01164661
vn -0.54287781 0.19319606 0.81728757
vn 0.82237869 0.32249554 0.46871091
vn 0.36584871 0.89950710 -0.23883403
vn 0.08986860 0.01993014 0.99575420
vn 0.86284339 0.50494902 0.02297317
vn 0.92301014 0.31586737 0.21972729
vn 0.07120866 0.05791500 0.99577868
vn 0.09924046 0.00651672 0.99504214
vn 0.07746589 0.03729448 0.99629722
vn -0.20169153 0.12231937 0.97178109
vn -0.38911268 0.92114621 -0.00899858
vn 0.06144839 0.02404294 0.99782064
vn -0.02878571 0.07392248 0.99684846
vn -0.21881406 0.10255074 0.97036269
vn -0.43834791 0.88880818 0.13368297
vn -0.51282106 -0.19036346 0.83712384
vn 0.22460517 0.13279344 0.96535922
vn 0.03242381 0.08013153 0.99625681
vn 0.09413187 0.06967386 0.99311870
vn 0.09996326 0.03931432 0.99421413
vn 0.03444407 0.06211882 0.99747424
vn -0.31059162 -0.26868359 -0.91177957
vn 0.09726105 0.05317211 0.99383752
vn 0.07160386 0.05356755 0.99599368
vn 0.34830178 0.07646793 0.93425827
vn -0.36812473 0.92844075 0.04981917
vn -0.41259920 0.87377191 0.25745786
vn -0.15767313 0.00995440 -0.98744118
vn -0.26226811 0.96334931 -0.05633424
vn 0.24109622 0.15062245 0.95874162
vn 0.25882853 0.02389486 0.96562769
vn 0.46925994 0.00579343 0.88304108
vn 0.62300877 0.07420678 0.77868699
vn 0.66159776 0.16631107 0.73118331
vn 0.77221075 0.21229949 0.59884847
vn 0.12071775 0.18739579 0.97483847
vn 0.76561283 0.33301595 0.55039747
vn 0.85853241 0.25963717 0.44216585
vn 0.87847971 0.34234208 0.33327961
vn -0.53695097 0.06545762 0.84107013
vn 0.89337145 0.38438697 0.23266736
vn 0.05596982 0.04772180 0.99729134
vn 0.11492207 0.94169577 -0.31623093
vn -0.08070815 0.98020603 -0.18078255
vn 0.44578354 -0.02513001 0.89478797
vn 0.67932999 0.03152797 0.73315534
vn -0.23123614 -0.97212812 -0.03868806
vn -0.51752471 0.13199802 0.84542575
vn -0.02924092 0.10152622 0.99440303
vn 0.85225986 0.23156802 0.46907289
vn 0.91450317 0.24452701 0.32232047
vn 0.91141236 0.41097632 0.02063923
vn 0.90964251 0.38585197 0.15384658
vn 0.36978092 0.90184668 -0.22346058
vn -0.10728078 -0.02726375 -0.99385488
vn 0.14575879 0.98619755 0.07854150
vn -0.84958022 0.52190952 -0.07631450
vn -0.77038721 0.63735058 -0.01696417
vn -0.87198539 0.41733200 -0.25588177
vn -0.75853862 0.38463988 -0.52599555
vn -0.46720084 0.27613120 -0.83992555
vn -0.60289665 0.21681555 -0.76779336
vn -0.47746513 0.12496807 -0.86971836
vn -0.34624145 0.22721945 -0.91021326
vn 0.04471154 -0.60002770 0.79872876
vn -0.80481738 0.54346117 -0.23857691
vn -0.71377442 0.69920174 -0.04053388
vn -0.28309820 0.03099849 0.95858985
vn -0.74629001 0.55809801 -0.36273659
vn 0.34738214 0.86581827 -0.36011716
vn -0.57762406 0.37697515 -0.72404432
vn 0.07798344 0.94090864 -0.32955957
vn -0.11362305 0.06638976 0.99130328
vn 0.00991842 -0.60735392 0.79436946
vn 0.68139755 0.61301901 0.39988133
vn 0.62948151 0.77632757 -0.03268826
vn 0.85399558 0.50255671 0.13464143
vn -0.06825103 -0.64228713 0.76341931
vn 0.77410556 0.55030993 -0.31292102
vn 0.83186988 0.51706191 -0.20159234
vn 0.90513994 0.39882993 -0.14716104
vn 0.91401699 0.37288107 -0.15978942
vn 0.94924626 0.31417732 -0.01497152
vn 0.88402152 0.42944553 -0.18461444
vn 0.56517290 0.76649773 -0.30505872
vn 0.76641700 0.62300573 -0.15642518
vn -0.04712196 0.52508605 -0.84974358
vn -0.12382828 0.39840837 -0.90881094
vn 0.71734856 0.68599226 -0.12176063
vn -0.09165758 0.49444626 -0.86436207
vn 0.07358351 -0.09862903 0.99240001
vn -0.14798230 0.59126587 -0.79278365
vn -0.39202955 0.12787838 0.91102138
vn -0.40728378 0.04365677 0.91225764
vn 0.59501230 0.78997360 -0.14799347
vn 0.48295789 0.84827509 -0.21721198
vn -0.55463393 0.80340466 -0.21661521
vn -0.45944569 -0.85954108 0.22382760
vn 0.66697382 0.73013107 -0.14850776
vn 0.73323548 0.64577568 -0.21293074
vn 0.52117351 0.78763971 -0.32863635
vn 0.60778778 0.73524826 -0.30000668
vn -0.11139054 0.96858215 -0.22235279
vn -0.13233835 0.98896475 -0.06659788
vn 0.76248782 0.54895437 -0.34243455
vn 0.67893031 0.62063480 -0.39225768
vn 0.67592119 0.65217127 -0.34322466
vn -0.53305547 -0.78827991 0.30735427
vn 0.04234044 0.44267720 0.89568085
vn -0.18723925 0.53183872 0.82588682
vn -0.01172335 0.07594640 0.99704298
vn -0.36892664 0.85771622 0.35807265
vn -0.06252093 0.39283623 -0.91748070
vn -0.04159818 0.49321649 -0.86891143
vn -0.43610289 0.22072695 0.87240695
vn -0.01363751 0.62686364 -0.77900962
vn -0.42222639 -0.86304065 0.27728272
vn 0.39243816 0.83461054 -0.38654565
vn -0.00784871 0.99935331 0.03509076
vn 0.04888058 0.92583165 0.37476186
vn -0.13631158 -0.99019896 -0.03041661
vn 0.26897714 0.35371040 0.89584611
vn -0.21734365 0.92985861 0.29685807
vn 0.08709464 0.00916310 0.99615790
vn 0.02285819 -0.99197744 0.12433126
vn 0.06848273 0.77080475 0.63337994
vn -0.48778576 0.00001824 0.87296337
vn -0.08346688 0.62396458 0.77698229
vn -0.18203915 0.80396436 0.56612989
vn -0.02741034 -0.99108774 0.13036011
vn 0.06518061 0.26154701 0.96298736
vn -0.45286063 -0.12511779 0.88275862
vn -0.11081276 -0.99190589 -0.06199381
vn -0.01305383 0.16880573 0.98556290
vn -0.11088483 0.31712971 0.94187754
vn 0.00260448 -0.99869403 -0.05102411
vn -0.53197590 -0.17109377 0.82929402
vn 0.03556596 -0.99683808 -0.07105569
vn 0.33219185 -0.94080945 0.06727671
vn 0.50517952 -0.84694795 0.16574925
vn -0.02003512 0.19985154 0.97962133
vn 0.21380341 -0.97435657 -0.07012406
vn 0.07248646 0.05446204 0.99588132
vn -0.45636017 -0.12665311 0.88073514
vn 0.22170773 0.93789080 -0.26684552
vn -0.92509738 -0.37912198 0.02147928
vn -0.87540505 -0.48337851 0.00334954
vn -0.90534332 -0.42445140 0.01394584
vn -0.93080687 -0.36550683 -0.00182265
vn -0.05356506 -0.97006842 -0.23685026
vn 0.06728537 0.98278284 -0.17207719
vn -0.11988217 -0.90463453 -0.40898000
vn 0.07020482 0.04422704 0.99655168
vn -0.92171698 -0.38654476 -0.03195240
vn 0.25195697 0.96444935 0.07971905
vn 0.88647773 -0.44521611 0.12625310
vn 0.41582750 0.87932377 -0.23211463
vn 0.38875143 0.92048693 -0.03970073
vn 0.53372817 0.83790252 -0.11425239
vn 0.49608970 0.84309693 0.20756344
vn 0.58912301 0.75341152 -0.29207048
vn -0.06390880 -0.75989903 -0.64689190
vn -0.09698240 -0.69217188 -0.71518704
vn -0.10000594 -0.65022441 -0.75313148
vn -0.13801892 -0.00602865 0.99041124
vn -0.10621361 -0.58683718 -0.80270841
vn 0.33407117 0.77022164 0.54328176
vn 0.39461189 0.80303601 0.44655864
vn 0.57049494 0.73133907 0.37373611
vn -0.20783923 -0.97674442 -0.05266111
vn -0.00087625 0.01220906 0.99992508
vn -0.95042293 -0.05606564 -0.30586417
vn 0.74143519 0.64388009 0.18892402
vn -0.15540506 -0.19103883 -0.96920247
vn -0.12990996 -0.27208698 -0.95346320
vn 0.51508794 -0.07265533 0.85405247
vn 0.58024243 -0.18822233 0.79239578
vn 0.57219982 -0.07524644 0.81665497
vn 0.66633248 -0.15533983 0.72929457
vn 0.25064578 0.80071911 0.54408235
vn 0.81370885 -0.09670832 0.57317135
vn -0.98578287 -0.03240524 -0.16486976
vn -0.97309247 -0.04545641 -0.22588660
vn -0.91531685 0.00986986 -0.40261352
vn -0.79111315 0.03943721 -0.61039716
vn -0.87532123 0.02552334 -0.48286780
vn -0.33682698 -0.93986418 -0.05659421
vn -0.05902156 -0.00648823 0.99823562
vn -0.73845188 0.05982159 -0.67164738
vn 0.66631880 -0.20994624 0.71550111
vn 0.73958594 -0.18850426 0.64612598
vn 0.76233371 -0.12649419 0.63470193
vn 0.79897570 -0.17556732 0.57516428
vn 0.83994000 -0.18471078 0.51027710
vn -0.98691346 -0.00197653 -0.16123870
vn -0.42484853 -0.24397009 -0.87176965
vn -0.95877273 -0.01964059 -0.28349444
vn -0.24659240 0.01827288 -0.96894700
vn -0.17433010 -0.00695283 -0.98466272
vn -0.53892685 -0.18455961 0.82188540
vn -0.21450068 0.05392927 -0.97523386
vn -0.58257367 0.04943842 -0.81127293
vn -0.51273049 0.01211002 -0.85846420
vn 0.15344489 0.97518673 0.15957917
vn 0.01989919 0.80848266 0.58818348
vn 0.63202726 -0.17642135 0.75459728
vn -0.23152280 0.81409538 0.53258418
vn 0.07461420 0.01847431 0.99704133
vn 0.19456231 0.63475190 0.74782052
vn 0.14593866 0.09239976 0.98496913
vn 0.08464862 -0.19966059 0.97620196
vn 0.13731017 -0.17422970 0.97508458
vn 0.00299696 0.09868561 0.99511415
vn -0.09439627 0.07757431 0.99250772
vn -0.11855139 0.04608309 0.99187797
vn 0.31409734 0.92583820 0.21015823
vn 0.08322531 -0.09196330 0.99227834
vn -0.06282870 0.02657220 0.99767052
vn -0.15956994 0.04341435 0.98623153
vn 0.64142526 -0.25275585 0.72435359
vn 0.58426352 -0.15686815 0.79625908
vn 0.44106225 -0.06098231 0.89540228
vn 0.50331865 -0.18914570 0.84314544
vn 0.28953595 0.73266268 0.61593370
vn 0.17296873 0.87518082 0.45181893
vn 0.55515222 -0.27742909 0.78411677
vn 0.05279436 0.00078875 0.99860509
vn 0.26334495 0.31401710 0.91216374
vn 0.36846683 0.76280917 0.53137027
vn 0.31864949 0.84541471 0.42864492
vn 0.06193792 -0.02312804 0.99781200
vn 0.35877819 0.76550703 0.53411347
vn 0.07200514 0.01915516 0.99722031
vn 0.06394880 -0.01744117 0.99780076
vn 0.00847983 0.01430085 0.99986178
vn 0.05066539 -0.00427755 0.99870652
vn 0.05815344 0.02169793 0.99807183
vn 0.04006265 -0.00042153 0.99919708
vn 0.16060086 -0.03536809 0.98638555
vn 0.17453993 -0.05814554 0.98293179
vn -0.51591779 -0.15467549 -0.84255821
vn 0.04385421 -0.04321979 0.99810263
vn 0.12500556 -0.03487933 0.99154276
vn 0.05546197 -0.02690984 0.99809811
vn -0.44473562 -0.12163471 -0.88736420
vn 0.05634746 0.03469142 0.99780833
vn 0.12913832 -0.11794293 0.98458761
vn -0.03978287 0.02931943 0.99877810
vn -0.38013679 -0.08134940 0.92134592
vn -0.31485382 -0.02876291 0.94870426
vn 0.24560113 -0.12916326 0.96072730
vn 0.04325142 0.04908298 0.99785779
vn 0.12560985 0.47561170 0.87064096
vn 0.17356611 0.57634231 0.79856393
vn 0.02081299 0.03619139 0.99912812
vn 0.27086565 0.10650025 0.95670763
vn 0.04596488 0.11524550 0.99227300
vn 0.01736132 0.17348483 0.98468350
vn 0.42337078 0.10097458 0.90031179
vn -0.40298231 -0.15340643 0.90225923
vn 0.12701951 0.10927978 0.98586205
vn 0.07846404 0.05225205 0.99554664
vn -0.50580478 -0.13754617 0.85161175
vn 0.99621805 0.06462625 0.05807798
vn 0.02272183 -0.23881169 0.97080003
vn 0.99859876 0.05021169 -0.01671210
vn 0.32739986 0.53719895 0.77732015
vn 0.38598651 0.59908959 0.70150273
vn 0.09757402 0.00041237 0.99522819
vn 0.13686292 0.03036190 0.99012459
vn -0.67760287 -0.17125102 0.71521147
vn 0.04293820 -0.02321557 0.99880796
vn 0.06615556 0.01661835 0.99767092
vn 0.02283850 0.00783979 0.99970843
vn 0.35915892 0.41054032 0.83812978
vn -0.18800746 0.00659242 0.98214548
vn 0.25874542 0.44977792 0.85483954
vn 0.21193907 -0.13225089 0.96829310
vn -0.39917278 -0.02394652 -0.91656296
vn 0.40964793 0.17750284 0.89480798
vn -0.25153598 -0.00498844 -0.96783509
vn 0.31839094 0.62695174 0.71102653
vn -0.56311610 -0.09358649 -0.82106140
vn 0.40333539 -0.04114343 0.91412679
vn 0.99653145 0.04547879 -0.06969040
vn 0.99884267 0.03942554 0.02754892
vn 0.99786486 0.05082975 0.04101281
vn 0.99872769 0.03673622 -0.03454641
vn 0.99073497 0.02781367 -0.13293086
vn 0.99066743 0.00468300 -0.13622084
vn 0.99591500 0.01603834 -0.08885988
vn -0.31768459 -0.94641111 -0.05815937
vn -0.01047842 0.00791259 0.99991379
vn 0.18215515 -0.05587640 0.98168087
vn 0.49002526 -0.00907671 0.87166098
vn -0.04786130 0.05404012 0.99739108
vn 0.15061301 -0.17059396 0.97376251
vn -0.22914810 0.01058771 -0.97333399
vn 0.99630914 0.07056815 -0.04886953
vn 0.99656068 0.08087892 0.01803906
vn 0.99462450 0.09967497 -0.02805370
vn 0.99395189 0.08399388 -0.07074373
vn 0.99178685 0.06449782 -0.11044848
vn 0.98409763 0.06352782 -0.16587967
vn 0.27222716 -0.00900354 0.96219089
vn 0.24306274 0.02756660 0.96961878
vn 0.20087416 0.07920499 0.97640982
vn -0.83504635 -0.08821893 0.54306079
vn 0.49728634 0.13056314 0.85770599
vn -0.91723932 -0.07183465 0.39180584
vn 0.03897286 0.02592303 0.99890396
vn -0.87400561 -0.07185553 0.48057359
vn 0.07636882 0.00691394 0.99705567
vn 0.11541432 -0.01827912 0.99314924
vn 0.99069108 0.10974398 -0.08054472
vn -0.94700207 -0.09316981 0.30741905
vn 0.98722946 0.09334297 -0.12909327
vn 0.14743167 0.00300886 0.98906767
vn 0.06904246 0.01022603 0.99756131
vn -0.33732403 -0.03254026 0.94082603
vn 0.68671947 0.33164683 0.64685914
vn 0.05530288 -0.01883057 0.99829204
vn 0.06354635 0.00953075 0.99793338
vn 0.17315935 0.09112990 0.98066874
vn 0.97903606 0.14603995 -0.14198848
vn 0.98466878 0.13160563 -0.11448732
vn 0.99218199 0.10397534 -0.06902188
vn 0.99618013 0.08708322 0.00645415
vn 0.99505312 0.09057880 -0.04080153
vn 0.98204830 0.13320148 -0.13356085
vn 0.97426648 0.16459593 -0.15399029
vn 0.97780763 0.11508789 -0.17506288
vn 0.97037338 0.16423859 -0.17720380
vn 0.60312698 0.28403908 0.74535874
vn 0.04480099 -0.02280386 0.99873563
vn 0.54558317 0.29536180 0.78428337
vn 0.12425646 0.23879238 0.96308802
vn 0.14048301 0.32437578 0.93543833
vn 0.04933506 0.01514961 0.99866738
vn 0.83474961 -0.00175993 0.55062691
vn 0.01293126 -0.00748390 0.99988838
vn 0.31201540 -0.09128647 0.94568133
vn 0.21022150 -0.03340690 0.97708285
vn 0.30198739 -0.00259401 0.95330839
vn 0.11758691 -0.69368142 0.71061903
vn 0.21249176 -0.54688548 0.80979227
vn 0.39856562 -0.07156878 0.91434313
vn -0.08936166 -0.01252434 0.99592050
vn 0.48912228 -0.04186285 0.87121002
vn 0.96666118 0.18266276 -0.17944494
vn 0.96146257 0.21286215 -0.17400985
vn 0.78303944 0.33562562 0.52364557
vn 0.30142166 0.13876034 0.94334010
vn -0.01063149 -0.01433057 0.99984079
vn 0.91250269 0.30028860 -0.27778697
vn 0.95518834 0.21836157 -0.19983358
vn 0.96302387 0.19070128 -0.19031041
vn 0.20473933 0.15949678 0.96573422
vn 0.27998477 0.35369524 0.89247308
vn 0.93640905 0.26430389 -0.23082797
vn 0.94471444 0.26138744 -0.19796774
vn 0.94765772 0.26940641 -0.17136227
vn 0.24481258 -0.37704099 0.89325634
vn 0.94765470 0.23070729 -0.22073675
vn 0.29405225 -0.58736755 0.75401103
vn 0.92028126 0.30721439 -0.24228437
vn 0.04548009 0.06238861 0.99701516
vn 0.18406046 0.12156030 0.97536908
vn 0.89285996 0.34911722 -0.28446135
vn 0.23990239 0.11524994 0.96393169
vn 0.33287836 0.13031768 0.93392146
vn 0.11098118 -0.05054434 0.99253637
vn 0.40362926 0.25552282 0.87851665
vn 0.26893285 0.23010920 0.93526728
vn 0.48233116 0.19468657 0.85408067
vn 0.12535735 0.03447372 0.99151253
vn 0.91228301 0.32344498 -0.25124302
vn 0.90544184 0.36777500 -0.21193540
vn 0.22373729 0.07697941 0.97160475
vn 0.36317074 0.18680753 0.91280335
vn 0.63660374 0.22421264 0.73787829
vn 0.92862418 0.31280804 -0.19952010
vn 0.93661097 0.30992472 -0.16342140
vn -0.53968337 -0.06413165 -0.83942182
vn -0.46285458 -0.02453655 -0.88609457
vn 0.95313467 0.23303095 -0.19295305
vn -0.52028368 0.02871166 -0.85351071
vn -0.47930075 -0.04118151 -0.87668402
vn -0.39483905 0.03020516 -0.91825365
vn 0.26482357 -0.13356251 0.95500237
vn 0.38655447 -0.02044439 0.92203995
vn 0.18022877 -0.05454700 0.98211110
vn 0.94276146 0.30156763 -0.14232985
vn 0.48008060 -0.06351580 0.87492192
vn 0.22519029 -0.10520493 0.96861822
vn 0.51409829 -0.22121238 0.82871468
vn 0.57242061 -0.07092158 0.81688725
vn 0.32678891 -0.02321148 0.94481228
vn 0.98245691 0.13174417 -0.13199206
vn 0.97447665 0.15297877 -0.16429471
vn 0.00607122 0.09435964 0.99551966
vn 0.96450823 0.18996404 -0.18340538
vn -0.44652514 0.02779728 -0.89433920
vn 0.01989434 0.03683442 0.99912334
vn 0.11102034 0.09359452 0.98940111
vn 0.17996733 -0.04150255 0.98279667
vn 0.10246496 -0.18767504 0.97687205
vn -0.92398653 0.29201446 -0.24693408
vn 0.36234354 -0.20051335 0.91022061
vn 0.65124438 -0.21142589 0.72882086
vn 0.88709025 -0.08801650 0.45312689
vn 0.86517979 -0.00897316 0.50138150
vn 0.79098904 -0.03860380 0.61061123
vn -0.95605363 0.21702067 -0.19713826
vn 0.92589481 -0.01550193 0.37746323
vn 0.92747889 0.05884187 0.36921611
vn -0.91258570 0.14974057 -0.38048009
vn 0.38298254 0.02162836 0.92350235
vn 0.36740968 0.00214992 0.93005672
vn 0.15509957 0.02020424 0.98769222
vn -0.80395305 -0.00406350 -0.59467889
vn 0.13760888 -0.00717412 0.99046066
vn 0.48519927 0.06744732 0.87179844
vn 0.11213566 0.01745667 0.99353956
vn 0.56859314 -0.24121596 0.78645833
vn 0.21581955 -0.09130729 0.97215477
vn -0.77972558 0.04486627 0.62451184
vn 0.07147817 -0.03810945 0.99671387
vn 0.98809934 -0.13679395 0.07033567
vn 0.36695137 -0.08142531 0.92666963
vn 0.52890373 -0.02527604 0.84830535
vn 0.95490189 -0.29106022 0.05870549
vn 0.96062789 -0.22519305 0.16273336
vn 0.53683659 -0.13451870 0.83289327
vn -0.62677015 -0.11070108 -0.77130049
vn 0.93922096 -0.09595465 0.32963115
vn 0.95409085 -0.05687145 0.29406850
vn 0.04204270 -0.01031573 0.99906256
vn 0.89128309 0.44258801 -0.09864234
vn 0.12613768 -0.02347525 0.99173494
vn 0.97935159 -0.20183582 -0.01152272
vn 0.94643101 -0.32130193 0.03214681
vn -0.91787622 0.38591423 -0.09259296
vn 0.89462764 0.37980907 -0.23534326
vn 0.88048683 0.43040747 -0.19872684
vn 0.02858386 0.04336451 0.99865033
vn 0.83963890 0.45431733 -0.29766135
vn 0.08023863 -0.02427619 0.99648002
vn 0.97758602 -0.20959595 -0.01987732
vn 0.64876605 0.02689368 0.76051255
vn 0.68770343 -0.13659459 0.71302589
vn -0.84019639 0.25314899 -0.47956816
vn 0.96524632 -0.25946355 0.03127636
vn 0.07102842 0.09034530 0.99337440
vn -0.69492778 -0.02429223 0.71866910
vn -0.71732582 0.17116793 -0.67538523
vn 0.16643181 0.02776580 0.98566197
vn 0.76236405 0.06977085 0.64337632
vn 0.63971160 0.14115327 0.75554273
vn 0.97218367 -0.06217195 0.22581753
vn 0.98776250 0.00010519 0.15596550
vn -0.59371997 0.00359620 -0.80466370
vn -0.94256889 0.05568442 -0.32933742
vn 0.05002107 0.03894959 0.99798839
vn -0.14982913 0.01290891 -0.98862763
vn -0.13735662 -0.01085053 -0.99046223
vn 0.09191790 0.09816693 0.99091592
vn -0.91776965 0.04758844 -0.39425145
vn 0.27312668 0.09539780 0.95723617
vn 0.20149878 0.10424087 0.97392612
vn 0.52605692 0.11051253 0.84323846
vn 0.51511423 0.14117115 0.84541589
vn 0.34447798 0.12170600 0.93087194
vn 0.40232525 0.15540275 0.90221083
vn -0.13150375 0.02419842 -0.99102028
vn -0.90364959 -0.02773569 0.42737356
vn 0.43910581 0.08445025 0.89445751
vn 0.34648860 0.08753505 0.93396106
vn 0.26070574 0.07451730 0.96253815
vn 0.26289575 -0.10422441 0.95917834
vn 0.71979990 0.60875712 -0.33362084
vn 0.71918055 0.10758335 0.68644385
vn 0.99882412 0.01355842 0.04654620
vn 0.99421787 -0.02151075 0.10520514
vn 0.81063538 0.48643082 -0.32596831
vn 0.98111243 -0.04803795 0.18737865
vn -0.95062117 -0.05830750 0.30482722
vn -0.32222010 0.03282190 -0.94609562
vn -0.46233477 0.04309365 -0.88565766
vn 0.01548893 -0.03827883 0.99914705
vn 0.81296087 0.49144331 -0.31237494
vn -0.36165060 0.00169100 -0.93231217
vn 0.04501345 -0.02316561 0.99871775
vn 0.78936630 0.49579531 -0.36206056
vn 0.06315649 -0.07283575 0.99534226
vn 0.75254322 0.54121531 -0.37518622
vn 0.09950650 -0.03463062 0.99443410
vn 0.86075878 0.41509992 -0.29459527
vn 0.86757952 0.39786099 -0.29834949
vn 0.10545438 0.02710976 0.99405454
vn -0.03296696 0.13513920 -0.99027803
vn -0.08421271 0.11636891 -0.98962947
vn 0.79462160 0.55833174 -0.23841597
vn 0.81539648 0.50842953 -0.27681761
vn -0.55278259 0.83056734 -0.06774436
vn -0.00313397 -0.23966995 0.97084937
vn 0.87649798 0.40642675 -0.25800889
vn 0.95812228 -0.04078943 0.28343944
vn 0.85475242 0.47010416 -0.22000087
vn 0.89546709 -0.08483501 0.43696877
vn 0.86424628 -0.04243404 0.50127609
vn 0.97501358 0.01082300 0.22188148
vn 0.98261307 -0.03960808 0.18139114
vn 0.99288881 -0.00021162 0.11904523
vn 0.83591359 0.53282826 -0.13169098
vn 0.88236456 0.46035500 -0.09749903
vn 0.84848403 0.49855192 -0.17754108
vn 0.00766034 -0.04535359 0.99894163
vn 0.03786717 0.01104019 0.99922179
vn 0.04221105 -0.04094723 0.99826928
vn 0.39734692 0.00698300 0.91764190
vn 0.90724828 0.38913680 -0.15960298
vn 0.48404334 0.01856263 0.87484711
vn 0.61231840 0.09299197 0.78512334
vn 0.00648078 0.01378596 0.99988397
vn 0.32472993 -0.12320653 0.93774763
vn 0.08460979 -0.03950144 0.99563087
vn 0.09316422 0.04302614 0.99472065
vn 0.67374549 0.09368610 0.73300063
vn 0.53114634 0.08471592 0.84303427
vn 0.93195661 0.33968814 -0.12676293
vn 0.99793650 0.06181071 0.01738328
vn 0.94792965 0.26778130 -0.17240228
vn 0.91888085 0.04536543 0.39191832
vn 0.94887776 0.18800581 0.25354449
vn -0.03123729 0.20274584 -0.97873304
vn 0.48518728 -0.09523366 0.86920875
vn 0.34624503 -0.12093714 0.93031639
vn 0.41600705 0.07893580 0.90592896
vn 0.57371671 0.08009542 0.81512812
vn 0.57672037 -0.01930041 0.81671360
vn 0.68435647 0.09449101 0.72299908
vn 0.69131890 0.17442322 0.70118094
vn 0.91487531 0.39127131 -0.09954862
vn -0.59699300 0.21293327 -0.77347190
vn -0.63520618 0.16131222 -0.75530886
vn -0.56541357 0.16077671 -0.80898600
vn -0.54021174 0.08661358 -0.83705995
vn -0.60076816 0.08575860 -0.79481009
vn -0.50694784 0.13246782 -0.85173714
vn -0.42234090 0.02334544 -0.90613639
vn -0.41100336 0.07678614 -0.90839426
vn 0.93930465 0.32540503 -0.10871217
vn -0.28914177 0.02698414 -0.95690590
vn -0.21072480 0.96967488 -0.12379696
vn 0.43888767 0.00292438 0.89853718
vn 0.58211949 0.11942936 0.80428448
vn 0.74362217 0.23604301 0.62554757
vn 0.77229857 0.16793069 0.61266157
vn 0.81013312 0.23026668 0.53913039
vn -0.17036872 0.92559528 -0.33800573
vn 0.92579611 0.33494978 0.17524326
vn 0.87723375 0.35439452 0.32382938
vn 0.79848369 0.26702142 0.53955849
vn 0.87368167 0.28776447 0.39226514
vn 0.84756414 0.33269314 0.41346137
vn 0.94132636 0.32262003 -0.09910095
vn 0.94729353 0.32029683 0.00670179
vn 0.91891129 0.35675075 0.16831796
vn 0.98138999 0.17674229 0.07507234
vn 0.94207032 0.27504444 -0.19197412
vn 0.96374168 0.22527414 -0.14301587
vn -0.06081864 0.08674855 -0.99437205
vn -0.53426261 0.00230751 -0.84531541
vn -0.11330232 0.95835010 -0.26215963
vn 0.83736673 0.27816742 0.47057395
vn 0.89064269 0.33034349 0.31245604
vn 0.89703507 0.35749655 0.25985436
vn 0.16838741 0.02681556 0.98535608
vn -0.95960112 0.19572509 -0.20213209
vn 0.84968042 0.36149482 0.38388106
vn 0.91155290 0.40848875 -0.04699199
vn 0.90663612 0.40211948 0.12771402
vn 0.88753043 0.45148914 0.09190911
vn -0.95783915 -0.02679783 0.28605250
vn -0.05456091 0.91609488 -0.39723202
vn 0.91183757 0.39689883 0.10499319
vn -0.97997342 -0.04116724 0.19482649
vn 0.91506926 0.36837330 -0.16416260
vn 0.12793048 0.34761759 -0.92886802
vn 0.67427666 0.60316295 -0.42608149
vn -0.03836857 -0.01015831 0.99921202
vn 0.85453158 0.47363139 -0.21318790
vn 0.84024251 0.48008836 -0.25200732
vn 0.92943593 0.32938863 0.16628883
vn 0.92760134 0.36956241 0.05458372
vn 0.89187405 0.43644851 -0.11863128
vn 0.75417874 0.55206122 -0.35558802
vn 0.81178862 0.50897550 -0.28625719
vn 0.02894886 0.31624595 -0.94823545
vn 0.84329644 0.53744805 -0.00083926
vn 0.86580604 0.49922981 0.03390437
vn 0.84898372 0.52639476 -0.04620834
vn 0.91915297 0.39349434 0.01788945
vn 0.90535197 0.42433703 -0.01660997
vn 0.93523280 0.34314649 -0.08712114
vn -0.04423189 0.18591583 -0.98156958
vn 0.08710930 -0.10817454 0.99030815
vn 0.03881083 -0.06683131 0.99700918
vn 0.24413118 -0.02761867 0.96934884
vn 0.69857481 0.71341974 0.05500468
vn 0.76255931 0.64679360 0.01270203
vn 0.74917554 0.65809358 0.07515880
vn 0.80707834 0.58812281 0.05230779
vn 0.89837062 0.43814987 0.03090180
vn -0.02249272 0.48008192 -0.87693524
vn 0.22023524 0.87233631 -0.43649262
vn 0.24583649 0.86633368 -0.43477624
vn 0.39530699 0.91686500 -0.05559637
vn 0.19203163 0.78434329 -0.58985545
vn 0.42303461 0.90325721 -0.07188972
vn 0.51403929 0.85770529 0.01025932
vn 0.59924598 0.80054799 0.00521359
vn 0.57433728 0.81846275 0.01598159
vn 0.56326510 0.82569623 0.03095428
vn 0.63999760 0.76742539 0.03822745
vn 0.70974865 0.70307489 0.04407447
vn 0.33709894 0.93505517 -0.10970928
vn 0.36104157 0.92318475 -0.13182909
vn 0.47328201 -0.12811693 0.87154472
vn -0.11697380 -0.86697369 0.48443137
vn -0.16461203 -0.47743199 0.86311157
vn -0.11409229 -0.32897083 0.93742260
vn -0.10075179 -0.62128827 0.77707784
vn -0.21178321 -0.71369799 0.66766987
vn -0.18720967 -0.63902598 0.74605518
vn -0.04975156 -0.68255516 0.72913870
vn -0.11012999 -0.77173647 0.62633394
vn -0.17147363 -0.65535174 0.73560240
vn -0.07656485 -0.90661261 0.41495952
vn -0.17259449 -0.82731383 0.53456802
vn 0.44273498 0.75399685 -0.48525713
vn -0.10757318 -0.93567022 0.33607923
vn 0.62794091 -0.00881284 0.77821112
vn -0.02745523 -0.48575238 0.87366517
vn 0.07318389 -0.68149975 0.72814986
vn -0.10043087 -0.77523371 0.62363958
vn 0.46772668 0.73689368 -0.48807730
vn 0.05555926 -0.54293454 0.83793511
vn 0.73753776 0.05468597 0.67308803
vn 0.02992161 -0.77764576 0.62799027
vn -0.10658606 -0.88042085 0.46205902
vn -0.02574512 -0.85088341 0.52472337
vn -0.03144813 -0.91720534 0.39717173
vn 0.03058760 -0.90580631 0.42258646
vn 0.08317415 -0.84812492 0.52322670
vn -0.09765535 -0.94352935 0.31656879
vn 0.00178679 -0.94680230 0.32181084
vn -0.05981595 -0.96488851 0.25575812
vn 0.07584505 -0.91479818 0.39672637
vn 0.53672678 0.73113040 -0.42115638
vn 0.51900542 0.71361165 -0.47052289
vn 0.60176211 0.68198756 -0.41566252
vn -0.17064154 -0.30780262 0.93602298
vn -0.03283428 -0.98917089 0.14304847
vn -0.07231620 -0.97686306 0.20126830
vn 0.75619204 0.20297232 0.62207383
vn 0.07426526 -0.40237942 0.91245574
vn -0.01013682 -0.97284615 0.23123066
vn 0.16194158 -0.53866013 0.82681327
vn 0.17200237 -0.71523654 0.67738606
vn 0.59661245 0.66216107 -0.45342727
vn 0.14760230 -0.84979825 0.50602026
vn 0.10657906 -0.91944933 0.37848887
vn -0.06081329 -0.99595460 0.06615274
vn -0.00150308 -0.98072041 0.19541040
vn 0.97389526 -0.05338155 0.22063191
vn -0.01211628 -0.99573000 0.09151479
vn 0.03733519 -0.99264425 0.11516718
vn -0.81033662 0.02869533 0.58526160
vn 0.99270986 0.01673541 0.11936104
vn 0.96764851 0.08672422 0.23692885
vn 0.17949815 -0.33957775 0.92329159
vn -0.80454762 0.04161797 0.59242811
vn -0.06115597 -0.99801736 0.01487573
vn -0.08880360 -0.99587460 -0.01864694
vn -0.01437298 -0.99874489 -0.04797977
vn 0.99732951 -0.06871578 0.02473848
vn -0.05031633 -0.99697295 -0.05927224
vn 0.01680615 -0.99977344 -0.01306189
vn -0.11458643 -0.99333728 0.01228782
vn -0.08940854 -0.99360840 0.06890906
vn 0.06260259 -0.99239696 0.10596787
vn 0.00996850 -0.99902528 0.04300135
vn 0.38982756 0.78740590 -0.47752112
vn -0.00610644 -0.98843683 0.15151019
vn 0.98963242 -0.12859856 -0.06395373
vn 0.05552107 -0.95399981 0.29462140
vn 0.65196909 0.62527459 -0.42891491
vn 0.59871668 0.65567300 -0.46003397
vn 0.04325286 -0.99825259 -0.04026116
vn 0.05920820 -0.99470952 -0.08394854
vn 0.07877860 -0.98935883 -0.12232351
vn 0.54755602 0.69118360 -0.47164355
vn 0.06592530 -0.99503154 -0.07460629
vn 0.18476117 -0.97817771 -0.09503518
vn 0.13905751 -0.98554739 -0.09674378
vn 0.24665000 -0.96598634 -0.07767988
vn -0.08865519 -0.97300708 -0.21306685
vn -0.08955754 -0.98600898 -0.14059065
vn 0.03418553 -0.98105326 0.19069831
vn -0.15417253 -0.90527999 -0.39585222
vn 0.77218165 0.51737945 -0.36885500
vn -0.96589017 0.05854306 -0.25224767
vn -0.97253075 0.07103584 -0.22167059
vn -0.08283961 -0.90492162 -0.41743798
vn -0.00965395 -0.92972516 -0.36812759
vn 0.19674595 -0.47396398 0.85828269
vn -0.03236411 -0.87569172 -0.48178478
vn -0.35967667 0.04762386 -0.93186086
vn -0.00841735 0.02071660 0.99974995
vn -0.75700774 0.10206145 -0.64538574
vn 0.00309282 -0.90918031 -0.41639116
vn 0.03555717 -0.93018760 -0.36535834
vn -0.84829503 0.13487160 -0.51205976
vn 0.01646980 0.09003294 0.99580260
vn -0.01135954 -0.85922428 -0.51147297
vn 0.19232608 -0.61299992 0.76631702
vn 0.73215715 0.55164325 -0.39954428
vn -0.64000232 0.08654331 -0.76348365
vn -0.07672285 -0.70942870 -0.70058870
vn 0.02189498 -0.47073694 0.88200190
vn 0.03734423 -0.59459664 0.80315643
vn -0.02227641 -0.72144281 -0.69211562
vn -0.04959027 -0.70246441 -0.70998912
vn 0.45630486 0.77836024 -0.43120902
vn -0.07710626 -0.65508086 -0.75161406
vn -0.01555418 -0.66982118 -0.74235952
vn 0.52955916 0.77150259 -0.35263416
vn 0.45834223 0.81040775 -0.36491325
vn 0.08024991 0.12294348 0.98916371
vn 0.11381419 -0.73724302 0.66597227
vn -0.04475424 -0.60392847 -0.79578104
vn -0.60706047 0.09121818 -0.78940283
vn -0.01342277 -0.68875475 0.72487015
vn 0.52310455 0.73215917 -0.43623914
vn -0.00092552 -0.81912724 0.57361112
vn -0.08286448 -0.49042444 -0.86753521
vn -0.05877903 -0.41800425 -0.90654149
vn -0.12353943 -0.43233187 -0.89321171
vn -0.11640382 -0.34397979 -0.93173390
vn -0.10066982 -0.26177219 -0.95986505
vn -0.26597475 0.05628088 -0.96233565
vn 0.59439980 0.68552564 -0.42040870
vn 0.61594380 0.70899070 -0.34343183
vn -0.12633556 -0.18317610 -0.97492863
vn 0.45373285 -0.03196545 0.89056427
vn -0.16774367 -0.06167289 -0.98389965
vn 0.47265612 0.83995736 -0.26658549
vn 0.56715082 0.78209240 -0.25820810
vn 0.55673038 0.81305597 -0.17026826
vn 0.00888892 -0.71406052 0.70002755
vn -0.66142600 0.05828527 -0.74774225
vn -0.20055465 -0.00799177 -0.97964992
vn 0.39478230 0.88461094 -0.24821446
vn 0.05566894 -0.80863802 0.58566673
vn 0.64288311 -0.08042608 0.76173024
vn 0.05997339 -0.95969415 0.27457301
vn 0.06130130 -0.92369162 0.37820093
vn -0.71328158 0.07083933 -0.69728845
vn 0.62284327 -0.10769850 0.77489825
vn 0.08385297 -0.92796498 0.36311111
vn 0.13138429 -0.86285711 0.48807353
vn 0.86133876 -0.21440682 0.46057059
vn 0.90774392 -0.10137126 0.40709317
vn 0.88451641 -0.14404851 0.44371245
vn -0.97570973 -0.00347322 -0.21903988
vn 0.04029742 -0.88627211 0.46140857
vn 0.07607200 -0.87443746 0.47913691
vn -0.95799979 0.00622872 -0.28670126
vn -0.87794916 0.05095085 -0.47603496
vn -0.92765940 0.03152915 -0.37209400
vn -0.91180117 0.02501670 -0.40986923
vn -0.75298058 0.07248877 -0.65403794
vn -0.89503833 0.05709725 -0.44231921
vn 0.64842418 0.73977310 -0.17967148
vn 0.63113676 0.72644441 -0.27192815
vn -0.28466254 0.03158330 -0.95810737
vn -0.81288193 0.08015626 -0.57688642
vn -0.62534532 0.17843709 -0.75967324
vn -0.73707428 0.12656445 -0.66385462
vn -0.69471944 0.16336892 -0.70048233
vn 0.67165848 0.63515862 -0.38137701
vn -0.63364982 0.16993199 -0.75472579
vn -0.35842806 0.03128509 -0.93303299
vn -0.30525937 0.03254892 -0.95171282
vn -0.38410403 0.03273307 -0.92270940
vn -0.75228198 0.05691488 -0.65637833
vn -0.69050067 0.04154413 -0.72213774
vn 0.04293650 0.04754746 0.99794574
vn 0.71050358 0.64740346 -0.27577783
vn 0.74457704 0.64241306 -0.18141252
vn 0.77203841 -0.34753775 0.53214115
vn 0.88171690 -0.28112263 0.37887383
vn 0.84176162 -0.29625265 0.45130006
vn 0.90631595 -0.19845298 0.37310563
vn 0.91078657 -0.27205200 0.31057292
vn 0.93812513 -0.25311415 0.23633549
vn -0.94313055 0.02317731 -0.33161359
vn -0.87787406 0.03100704 -0.47788669
vn -0.19139490 -0.00352666 0.98150678
vn 0.50180667 0.85971446 -0.09529489
vn -0.11044646 0.07740067 0.99086362
vn -0.02992873 -0.03039665 0.99908974
vn 0.53251536 0.84581406 -0.03203053
vn -0.64411932 0.12114551 -0.75527086
vn -0.55377831 0.02946101 -0.83214280
vn 0.66629243 0.74567319 -0.00508807
vn 0.13525785 0.01133721 0.99074557
vn 0.27520034 0.05308192 0.95992035
vn -0.52130996 0.07301778 -0.85023781
vn 0.42832634 -0.09362751 0.89876050
vn 0.42083547 -0.17891933 0.88931737
vn 0.71969619 0.69067989 -0.07070141
vn 0.53754206 -0.32468230 0.77822230
vn 0.57729689 -0.40583065 0.70854060
vn -0.77017416 0.02411478 -0.63737763
vn -0.38637787 0.07392282 -0.91937346
vn -0.48267421 0.07603337 -0.87249328
vn -0.91509139 0.20973498 -0.34441107
vn 0.64161340 0.76213637 -0.08648935
vn -0.38626546 0.09281534 -0.91770600
vn -0.60377281 -0.00785233 -0.79711777
vn -0.62547923 -0.03307690 -0.77953938
vn -0.43352533 0.04428962 -0.90005234
vn 0.11674433 0.02567808 0.99282999
vn 0.58053902 0.81034666 -0.07945273
vn -0.44718907 0.10912238 -0.88775799
vn 0.44432523 -0.15782897 0.88185322
vn 0.36862910 -0.08712552 0.92548459
vn 0.48427417 -0.26345576 0.83430785
vn 0.51855166 -0.35587476 0.77746854
vn -0.29790198 0.03609326 -0.95391388
vn 0.84458320 -0.46521110 0.26506199
vn 0.77457708 -0.50574659 0.37980354
vn 0.78888936 -0.41412159 0.45404502
vn 0.76423699 -0.52155721 0.37936777
vn 0.85978346 -0.37147588 0.35039703
vn 0.40617529 0.11251841 0.90684135
vn 0.90904379 -0.33388636 0.24931763
vn -0.98923338 0.01514676 -0.14556062
vn -0.96126176 0.03420531 -0.27350652
vn -0.97016725 0.01726058 -0.24182136
vn 0.24670628 0.16196137 0.95546037
vn -0.49336081 0.00548658 -0.86980746
vn 0.01569294 0.19802937 0.98007046
vn 0.15882942 0.19379441 0.96809966
vn 0.05045345 0.17029403 0.98410080
vn 0.80019125 0.59507629 -0.07468713
vn 0.65711722 0.04878700 0.75220795
vn -0.55263111 0.05373891 -0.83169164
vn -0.41819438 0.03881366 -0.90752794
vn 0.72376290 -0.03439823 0.68919085
vn -0.70888278 0.11467575 -0.69594157
vn 0.49303542 -0.26481419 0.82872765
vn 0.26980461 -0.41664615 0.86810797
vn -0.62748638 0.06273345 -0.77609623
vn 0.19313030 -0.27729739 0.94117312
vn 0.60154692 -0.44110254 0.66601039
vn 0.23175655 0.08921839 0.96867383
vn 0.15050488 0.09652651 0.98388562
vn 0.00749422 -0.38155412 0.92431612
vn 0.30433906 0.03303723 0.95199069
vn 0.46104170 -0.09111839 0.88268794
vn 0.81421366 -0.49343750 0.30590121
vn -0.03031162 0.52986751 -0.84753857
vn 0.86893997 -0.42956044 0.24580717
vn -0.35183883 0.01714261 -0.93590361
vn 0.90237849 -0.38348053 0.19661063
vn 0.93614433 -0.33646921 0.10208948
vn -0.48377341 0.09947237 -0.86952202
vn -0.56809397 0.08788564 -0.81825751
vn 0.93361125 -0.30470776 0.18847603
vn 0.96047795 -0.26429212 0.08736007
vn 0.98869621 0.07140628 0.13183681
vn -0.22553464 0.02902373 -0.97380273
vn 0.99684458 0.02304384 0.07595959
vn 0.97648214 0.11123591 0.18468679
vn 0.37511666 0.02329805 0.92668478
vn 0.41363107 -0.04604970 0.90927925
vn 0.28722134 0.02900408 0.95742502
vn 0.99795035 0.02347499 0.05953166
vn 0.99725373 -0.07205572 -0.01711627
vn 0.35371161 0.00961496 0.93530511
vn 0.65783328 -0.22897354 0.71751410
vn 0.51541684 -0.27992330 0.80993113
vn 0.67009874 -0.33467587 0.66254037
vn 0.01585841 -0.53400240 0.84533422
vn 0.21202058 0.01991577 0.97706225
vn -0.53804615 0.11859082 -0.83453134
vn 0.29363811 -0.03071768 0.95542299
vn 0.16033501 -0.00990548 0.98701295
vn -0.47357220 0.04839292 -0.87942452
vn 0.07730868 -0.59742138 0.79819237
vn -0.42716157 0.02671680 -0.90378051
vn 0.55460916 -0.09566800 0.82659320
vn -0.97223535 0.09760867 -0.21267575
vn 0.73587053 -0.15217780 0.65980034
vn 0.81864679 -0.23930358 0.52206439
vn 0.15914077 -0.63231283 0.75819173
vn 0.15822486 -0.44769525 0.88007605
vn 0.90911450 -0.25275001 0.33110160
vn 0.91777263 -0.35807777 0.17167912
vn 0.89660296 -0.42300146 0.13104538
vn 0.25289105 -0.62808423 0.73590510
vn -0.94605161 0.28501760 -0.15411463
vn 0.97480131 -0.22307449 0.00042135
vn -0.95205899 0.09104547 -0.29205206
vn -0.93309340 0.21583473 -0.28766661
vn -0.94098270 0.25575000 -0.22168333
vn -0.94014930 0.03775896 -0.33866437
vn 0.16723287 -0.80604055 0.56774273
vn 0.28298095 -0.73110171 0.62081565
vn -0.94446483 0.07777438 -0.31927628
vn 0.01607480 -0.01702707 0.99972580
vn 0.02848370 -0.79979040 0.59960320
vn 0.45973248 0.78050205 -0.42363026
vn 0.12072296 -0.04641673 0.99160045
vn 0.38858005 0.80138319 -0.45474228
vn 0.50861256 -0.85088723 0.13154538
vn 0.08772814 -0.01789426 0.99598372
vn 0.39760602 -0.91713002 0.02796380
vn -0.01116937 -0.98733350 -0.15826499
vn -0.90110338 0.17863559 -0.39509749
vn 0.02821270 -0.99350774 -0.11021077
vn 0.04066897 -0.99520572 -0.08894727
vn 0.64226721 -0.65921658 0.39105796
vn 0.74229754 -0.57836499 0.33836121
vn 0.70551927 -0.61758018 0.34761657
vn -0.86049207 0.18075868 -0.47631891
vn 0.60317584 -0.75060649 0.26975693
vn 0.65813637 -0.69878070 0.28028923
vn -0.81904235 0.22416585 -0.52812811
vn -0.84611351 0.22627200 -0.48258979
vn 0.56902202 -0.79623892 0.20546903
vn 0.49228010 -0.86884517 0.05261533
vn 0.43034710 -0.89887997 0.08256017
vn 0.40262831 -0.90317152 0.14890146
vn 0.69085651 -0.72073253 -0.05711305
vn 0.59431800 -0.80419363 -0.00766230
vn 0.59604442 -0.79883153 0.08123572
vn 0.64138375 -0.76714273 0.01090494
vn 0.54483522 -0.77788562 0.31312705
vn 0.43106745 0.88699819 -0.16557496
vn 0.58724185 -0.79558644 0.14896050
vn 0.62794966 -0.73544774 0.25455029
vn -0.46021965 0.13220371 -0.87790663
vn -0.01503919 -0.96429196 -0.26441415
vn 0.08788554 -0.88938854 0.44862473
vn -0.05600277 -0.93685962 -0.34519232
vn 0.78403685 -0.60577885 -0.13534474
vn 0.74415054 -0.66652243 -0.04458517
vn 0.86742621 -0.49740507 -0.01264809
vn 0.80637450 -0.57882526 -0.12133214
vn 0.80333056 -0.58037943 0.13349057
vn -0.20779104 0.03123946 -0.97767427
vn 0.75039628 -0.65769664 0.06588284
vn 0.74024398 -0.63388568 0.22411560
vn 0.85164870 -0.50074810 0.15474443
vn 0.84246851 -0.53021798 -0.09547614
vn 0.43217910 0.89787074 -0.08396048
vn 0.79298430 -0.52796620 0.30401907
vn 0.93505163 -0.34313670 -0.08908230
vn 0.88672723 -0.42641228 -0.17857041
vn 0.96278548 -0.20478301 -0.17637469
vn 0.93035508 -0.31539689 -0.18698722
vn 0.89154394 -0.42124065 -0.16645035
vn 0.94857434 -0.30944748 -0.06670058
vn 0.98621628 -0.16315258 -0.02754403
vn 0.98745641 -0.07978670 -0.13624949
vn -0.65521442 0.19663144 -0.72940396
vn 0.20802750 -0.86225798 0.46177455
vn 0.48059059 0.87607981 -0.03894672
vn 0.95101694 -0.27801978 0.13517319
vn 0.91313969 -0.37636523 0.15660496
vn 0.90547667 -0.42426277 -0.01063481
vn 0.87838611 -0.39326437 0.27162654
vn 0.92023990 -0.33585908 0.20089105
vn -0.05145581 -0.99816075 -0.03205339
vn 0.87413810 -0.40540772 0.26744562
vn 0.93354221 -0.29281225 0.20678475
vn 0.95116949 -0.25385821 0.17559216
vn 0.11107015 -0.94503201 -0.30753523
vn 0.12819446 -0.91825750 -0.37465897
vn 0.28538886 -0.92345508 -0.25648374
vn 0.98239980 -0.16785629 0.08194448
vn 0.95250268 -0.30217829 0.03777459
vn 0.00902381 -0.36343958 0.93157407
vn 0.97715026 -0.20939565 -0.03648048
vn 0.97814171 -0.15769247 -0.13554293
vn 0.99852803 -0.04158673 -0.03481839
vn 0.96538011 -0.20969872 0.15513762
vn 0.14348483 0.06672948 0.98740026
vn 0.96789861 -0.18916160 0.16549978
vn 0.21266302 0.01308423 0.97703799
vn 0.96787438 -0.24572803 0.05326279
vn -0.19135287 -0.53600638 0.82224159
vn 0.97231422 -0.20332767 0.11516474
vn 0.88502769 -0.46477975 -0.02656636
vn -0.00830460 -0.81261137 -0.58274677
vn 0.12878476 -0.20702920 0.96982132
vn -0.15805524 -0.42925253 0.88924733
vn 0.03693208 -0.78103472 -0.62339457
vn 0.98167557 0.03124966 0.18798015
vn 0.98663273 -0.05984769 0.15157210
vn 0.98939802 -0.06435663 0.13019136
vn 0.98361865 -0.12515259 0.12973506
vn -0.07680353 -0.40593208 0.91067028
vn 0.98363569 -0.13536942 0.11889471
vn -0.15258038 -0.34579808 0.92582013
vn 0.98160661 -0.18133291 0.05972305
vn 0.03304153 -0.73562967 -0.67657760
vn 0.00374361 -0.70781657 -0.70638636
vn 0.01638390 -0.72072777 -0.69302457
vn 0.03701611 -0.69848246 -0.71466919
vn 0.01344561 -0.64969035 -0.76008004
vn 0.25883034 0.11201375 0.95940595
vn 0.98749401 -0.13321243 0.08432093
vn 0.26427267 -0.44357577 0.85638805
vn 0.97287168 -0.23119703 0.00828416
vn 0.98479489 -0.16809780 -0.04384238
vn 0.27618972 -0.46429974 0.84151351
vn 0.00180215 -0.62161305 -0.78332239
vn 0.00604628 -0.55567051 -0.83138062
vn -0.29593364 0.03297462 -0.95463918
vn 0.99285161 -0.11598032 0.02818250
vn 0.32857196 0.05823424 0.94268194
vn 0.99372704 -0.09564724 -0.05794969
vn -0.02768006 -0.47465519 -0.87973647
vn -0.03795521 -0.40994156 -0.91132174
vn 0.02299954 -0.99959285 -0.01688683
vn -0.08179750 -0.33073477 -0.94017215
vn -0.08774182 -0.15854268 -0.98344577
vn 0.51117099 0.15741885 0.84493996
vn -0.06052887 -0.10800606 -0.99230587
vn 0.61745153 0.16035544 0.77009073
vn -0.11074609 -0.00945910 -0.99380372
vn 0.68457850 0.16065641 0.71101462
vn -0.11797286 -0.99179116 -0.04932237
vn -0.00725888 -0.99809784 -0.06122105
vn -0.54418753 0.25988037 -0.79769802
vn -0.17149739 0.01151503 -0.98511728
vn -0.14520928 -0.00086246 -0.98940059
vn 0.80261783 0.09893439 0.58823176
vn -0.15535085 0.00294129 -0.98785498
vn -0.52831130 0.23739973 -0.81518620
vn -0.17138228 -0.01062121 -0.98514735
vn -0.22295486 -0.03242416 -0.97428938
vn 0.13227717 -0.00878294 0.99117385
vn -0.22446848 0.04013530 -0.97365449
vn -0.47761333 0.08126204 -0.87480397
vn 0.00219767 -0.99985411 -0.01693921
vn -0.13851042 0.00014499 -0.99036097
vn -0.16586756 -0.00113078 -0.98614739
vn -0.16020907 0.04967298 -0.98583246
vn 0.28496699 -0.23180077 0.93008721
vn -0.36351460 0.04591808 -0.93045616
vn -0.12042355 0.00645331 -0.99270163
vn -0.16104601 0.03067506 -0.98647008
vn -0.16680619 0.00081555 -0.98598937
vn 0.03427259 -0.99936584 0.00965981
vn -0.92215901 0.22111541 -0.31738105
vn -0.12910292 0.02047686 -0.99141976
vn -0.89341766 0.19991491 -0.40229209
vn -0.09276551 0.07045186 -0.99319238
vn -0.38982605 0.05789921 -0.91906655
vn 0.08077813 -0.95757463 0.27663284
vn -0.09286481 0.02164567 -0.99544342
vn 0.21176978 -0.95644568 0.20091099
vn -0.11715300 0.01240940 -0.99303634
vn 0.14870149 -0.98863499 -0.02210704
vn 0.02192316 -0.99778506 -0.06280402
vn 0.01637835 -0.99684992 -0.07760146
vn 0.05775081 -0.99126636 0.11855737
vn -0.12667339 -0.00343748 -0.99193852
vn 0.20869882 -0.00145011 0.97797889
vn -0.14217031 0.04083669 -0.98899948
vn 0.49218223 0.15171210 0.85716982
vn 0.38342813 -0.01608449 0.92343064
vn -0.13835526 0.03190939 -0.98986848
vn -0.12129743 0.10622571 -0.98691592
vn -0.14734784 0.05396283 -0.98761158
vn -0.15037635 0.02113782 -0.98840283
vn -0.11759211 0.02904775 -0.99263705
vn -0.16447130 0.04020421 -0.98556218
vn -0.09683609 0.06384512 -0.99325051
vn -0.16994447 0.03836840 -0.98470643
vn -0.13443568 0.01194151 -0.99085037
vn -0.17663133 0.03811559 -0.98353880
vn 0.36360311 -0.92909141 0.06768994
vn -0.15071925 0.04366292 -0.98761190
vn -0.14224435 0.07367283 -0.98708604
vn -0.10857644 0.06070497 -0.99223287
vn 0.08156390 -0.99332730 -0.08153658
vn -0.69111964 0.10577520 -0.71495822
vn 0.98827959 0.07378760 0.13363697
vn -0.08403936 -0.02096163 -0.99624194
vn -0.11419816 0.10907086 -0.98745244
vn 0.99359621 0.06212976 0.09437408
vn 0.96484576 0.08737072 0.24786894
vn 0.98292299 0.06437523 0.17238975
vn -0.11403057 0.09960712 -0.98847127
vn -0.12063837 0.09645822 -0.98799909
vn -0.10957105 0.02384017 -0.99369303
vn -0.08603892 0.02466709 -0.99598636
vn -0.13929839 -0.00768046 -0.99022067
vn -0.12216929 0.02450994 -0.99220660
vn 0.41449873 -0.80928694 0.41622765
vn -0.91161578 0.09898812 -0.39894615
vn -0.10603347 -0.01697818 -0.99421760
vn -0.11287583 -0.01387075 -0.99351228
vn -0.03134278 0.02212473 -0.99926379
vn -0.03006878 0.03433761 -0.99895786
vn -0.03811985 0.11269407 -0.99289824
vn -0.02345808 0.07940753 -0.99656619
vn -0.05222253 0.17629325 -0.98295142
vn -0.92741730 0.08927234 -0.36321838
vn 0.08678760 0.24590746 -0.96540014
vn -0.89863129 0.09001953 -0.42936964
vn -0.13001687 0.07016731 -0.98902587
vn -0.08075172 0.84761775 -0.52442665
vn 0.13137317 0.68933733 -0.71242904
vn -0.86629170 0.09735838 -0.48995921
vn -0.11387966 -0.01700569 -0.99334900
vn 0.11036957 0.56794666 -0.81563175
vn -0.78096160 0.10639603 -0.61545013
vn 0.00435053 0.89649306 -0.44303642
vn -0.82076163 0.09829104 -0.56275147
vn 0.15948071 0.91547525 -0.36941978
vn 0.25834428 0.90701067 -0.33255057
vn 0.10978770 0.87976821 -0.46255223
vn 0.04905688 -0.98791816 -0.14700724
vn -0.02668355 -0.99217484 0.12197164
vn -0.08959826 -0.99545010 0.03242299
vn 0.80022007 -0.53321423 0.27446388
vn -0.12386255 0.03375556 -0.99172508
vn -0.11497303 0.05026503 -0.99209608
vn 0.25936109 -0.61780720 0.74232479
vn 0.72812805 -0.63321636 0.26242443
vn 0.29904962 -0.72345936 0.62223459
vn 0.15798100 -0.90271397 0.40018682
vn 0.25015514 -0.83526840 0.48964181
vn 0.20531063 -0.88637889 0.41494578
vn 0.14902031 -0.92385905 0.35253000
vn 0.64200085 -0.75184822 0.15019707
vn 0.23410919 -0.87640364 0.42084385
vn 0.10394708 -0.96428538 0.24361589
vn 0.19350303 -0.92392898 0.33001789
vn 0.05165928 -0.99160962 0.11849759
vn 0.75965497 -0.63640949 0.13381810
vn 0.64826432 -0.76106521 -0.02308931
vn 0.51003023 -0.85990834 0.02065955
vn -0.60481069 0.05172714 -0.79468757
vn 0.11434971 -0.37987933 0.91794109
vn 0.22828815 -0.52503140 0.81989423
vn 0.16383838 -0.63196772 0.75747857
vn 0.23397528 -0.69851785 0.67626059
vn 0.19156757 -0.77827320 0.59799054
vn 0.24112488 -0.87763750 0.41425983
vn -0.82127156 0.56626285 0.06970943
vn 0.23924097 -0.85211929 0.46546371
vn -0.59770351 0.08900823 -0.79676097
vn 0.21362898 -0.91265098 0.34846930
vn -0.88429056 0.46533263 0.03867492
vn 0.17364688 -0.95268976 0.24945739
vn 0.16907024 -0.92014768 0.35319046
vn -0.93670882 0.34669603 -0.04876936
vn 0.24243498 -0.89513772 0.37410391
vn -0.10934967 -0.99201504 -0.06283953
vn -0.12494703 -0.98517019 -0.11759226
vn -0.87336208 0.48703716 0.00578536
vn -0.44060316 0.03617384 -0.89697286
vn 0.39917083 -0.82961791 0.39038030
vn 0.51133363 -0.72923844 0.45469684
vn 0.25461763 -0.96560846 0.05263236
vn 0.33720141 -0.91545645 0.21962399
vn 0.50520815 -0.81351629 0.28802077
vn -0.00305814 -0.99960683 -0.02787175
vn 0.01683415 -0.95150458 -0.30717364
vn 0.07389146 -0.99113079 -0.11045275
vn 0.66901505 -0.73546651 -0.10727477
vn -0.09758878 -0.00637887 -0.99520638
vn 0.04797620 -0.97238070 -0.22841640
vn 0.08036319 -0.98352258 -0.16194166
vn 0.12047648 -0.96715688 -0.22381464
vn 0.08935781 -0.96641343 -0.24095697
vn 0.93437197 -0.35084136 0.06212375
vn 0.76930363 -0.63578811 -0.06281244
vn 0.55447826 -0.83096748 -0.04524283
vn 0.78702705 -0.61262501 -0.07265686
vn 0.16525959 -0.94853696 -0.27012388
vn 0.66525625 -0.74199933 -0.08289216
vn 0.33432611 -0.88748890 -0.31715848
vn 0.81952340 -0.47653959 0.31826312
vn 0.29566908 -0.86806502 -0.39880186
vn 0.20158406 -0.91764074 -0.34248990
vn -0.68951767 0.08530508 -0.71922766
vn 0.51138214 -0.73777259 -0.44065849
vn 0.41683925 -0.81958127 -0.39310506
vn 0.85291252 -0.48079938 0.20340155
vn 0.93427773 -0.34100211 -0.10412822
vn 0.87903913 -0.47276013 -0.06154735
vn 0.74529538 -0.57928224 -0.33010132
vn 0.52725281 -0.78671350 -0.32107060
vn 0.61287257 -0.67736750 -0.40689123
vn 0.87399826 -0.46631085 -0.13667931
vn 0.93708493 -0.34764985 -0.03180288
vn 0.96919332 -0.24188107 -0.04645272
vn 0.72021289 -0.55454415 -0.41686229
vn 0.68434176 -0.57380849 -0.44991130
vn 0.91396199 -0.34894955 -0.20714171
vn 0.84902310 -0.46310411 -0.25435087
vn 0.93145039 -0.36377249 -0.00835165
vn 0.81492275 -0.43548887 -0.38242693
vn -0.92982086 0.10512179 -0.35267914
vn 0.88333599 -0.36827131 -0.28998927
vn 0.94394901 -0.22203360 -0.24425673
vn 0.86187228 -0.32808332 -0.38670079
vn -0.08926720 0.04434922 -0.99501986
vn 0.79724822 -0.40869692 -0.44425456
vn 0.90247693 -0.29335973 -0.31539731
vn -0.85559969 0.09080464 -0.50961131
vn 0.84948895 -0.52448954 -0.05726471
vn 0.01148076 -0.56773509 -0.82313125
vn 0.01039160 -0.51121475 -0.85939019
vn 0.87573786 -0.23233179 -0.42320814
vn 0.99028633 -0.02334051 0.13707005
vn 0.98524884 0.01238052 0.17067938
vn 0.97082456 0.07246104 0.22858056
vn -0.02923668 0.08580626 -0.99588277
vn 0.96477679 0.09245880 0.24628665
vn 0.96733104 0.03156318 0.25154407
vn 0.98101986 0.03413857 0.19087847
vn -0.75734218 0.10300216 -0.64484368
vn -0.04895400 -0.33928167 -0.93941016
vn -0.05607858 -0.34197803 -0.93803316
vn -0.07568467 -0.23859068 -0.96816647
vn 0.97418506 -0.08568273 0.20885867
vn 0.96256903 -0.04189526 0.26777910
vn 0.94875695 0.01148815 0.31579783
vn 0.93480383 0.03247386 0.35367674
vn 0.93287539 -0.06300509 0.35464610
vn 0.98358531 -0.02985304 0.17795710
vn 0.99230918 -0.03410206 0.11899389
vn 0.99328448 -0.06009749 0.09886468
vn 0.99796060 -0.02251528 0.05973031
vn -0.04849924 -0.83117434 -0.55389262
vn 0.99848551 -0.04844354 0.02607499
vn 0.98721813 -0.04988453 -0.15136674
vn 0.99925830 -0.02547567 -0.02887622
vn 0.99737157 -0.03695726 -0.06232273
vn -0.01370369 0.07217410 -0.99729790
vn -0.06707934 -0.17272945 -0.98268250
vn -0.36017542 0.03817977 -0.93210299
vn -0.33947149 0.03764651 -0.93986268
vn -0.08037385 -0.05296359 -0.99535667
vn -0.28479431 0.00618858 -0.95856867
vn 0.98151312 -0.15748991 0.10876084
vn 0.94716577 -0.12065311 0.29718653
vn -0.23044148 0.05118352 -0.97173915
vn 0.94111170 -0.18784073 0.28111319
vn 0.96572120 -0.17755035 0.18936324
vn 0.02298328 0.22141873 -0.97490795
vn 0.98951566 -0.08405142 0.11744836
vn 0.99639468 -0.07289274 0.04340849
vn 0.99397939 -0.04982368 -0.09758367
vn 0.97921310 -0.02413466 -0.20139322
vn 0.99317291 -0.02546790 -0.11383740
vn 0.98228911 -0.03937837 -0.18318691
vn 0.93503261 -0.02386999 -0.35375731
vn 0.96272737 -0.01871068 -0.26982574
vn -0.04647874 -0.79405959 -0.60606031
vn -0.69760029 0.11544408 -0.70712552
vn -0.13541325 0.00544215 -0.99077426
vn 0.10337116 0.34873402 -0.93150361
vn -0.52576972 0.05362320 -0.84893507
vn 0.97848228 -0.19773103 0.05894807
vn 0.25688251 0.90953637 -0.32673379
vn 0.96014385 -0.23392289 0.15298321
vn 0.16241308 0.85174614 -0.49814708
vn 0.04589002 -0.82051600 -0.56977855
vn 0.99126608 -0.12709804 0.03518028
vn 0.99510529 -0.09849154 -0.00805517
vn 0.99018779 -0.13726888 -0.02617997
vn 0.99830011 -0.05541275 -0.01806419
vn -0.43650101 0.06272091 -0.89751488
vn 0.96415329 -0.03349686 -0.26322307
vn 0.92900618 -0.01882142 -0.36958527
vn 0.94906737 -0.01901457 -0.31449893
vn -0.12337154 0.00986186 -0.99231155
vn 0.16051610 0.77886187 -0.60630749
vn 0.98669258 -0.15320967 -0.05444776
vn 0.97960063 -0.20067630 0.01056490
vn 0.98391858 -0.16957186 -0.05612135
vn 0.99206206 -0.09770469 -0.07916231
vn 0.98615250 -0.09150296 -0.13831287
vn 0.29255888 0.05779164 0.95449957
vn 0.98731647 -0.07066029 -0.14217353
vn 0.96653518 -0.05706070 -0.25010763
vn 0.97123649 -0.04855754 -0.23311337
vn 0.94460668 -0.05429297 -0.32368269
vn 0.94447457 -0.04194628 -0.32589613
vn 0.26583708 0.89565869 -0.35654756
vn 0.28635945 0.77964984 -0.55690609
vn 0.90219177 -0.00511175 -0.43130486
vn 0.91813316 -0.03002361 -0.39513299
vn 0.90619521 -0.04293198 -0.42067456
vn 0.88802355 -0.05259815 -0.45677961
vn -0.07787799 0.02453497 -0.99666095
vn -0.03738633 -0.75284199 -0.65713865
vn -0.12596780 0.00454960 -0.99202390
vn -0.09252356 0.00157748 -0.99570925
vn 0.43006993 0.83473792 -0.34387855
vn -0.09515138 0.00758955 -0.99543388
vn 0.14703276 0.62713212 -0.76490959
vn -0.07121603 0.00942309 -0.99741640
vn 0.15893058 0.80992019 -0.56459751
vn -0.13621633 -0.01915762 -0.99049386
vn -0.62536761 0.10694902 -0.77296653
vn -0.10080691 0.00763126 -0.99487674
vn 0.98604810 -0.08493224 -0.14316302
vn 0.98727817 -0.11775673 -0.10684175
vn 0.98078497 -0.07463463 -0.18025126
vn 0.97234091 -0.06135928 -0.22536234
vn 0.94976764 0.08105471 0.30227730
vn -0.92016933 -0.02839375 -0.39048970
vn 0.95571409 -0.04476259 -0.29087265
vn -0.97229280 -0.08909498 0.21612220
vn -0.09333227 -0.97470985 0.20305119
vn -0.08108997 -0.98973989 0.11764087
vn 0.97582202 0.06971608 0.20714984
vn -0.10312900 0.02236465 -0.99441653
vn -0.12331204 0.02283956 -0.99210508
vn -0.11479947 0.03464176 -0.99278448
vn 0.98564107 -0.05445406 -0.15983254
vn 0.97923678 -0.03838621 -0.19905232
vn 0.97418055 -0.04747257 -0.22072291
vn -0.98553172 -0.07322914 0.15285522
vn 0.96371723 -0.02623726 -0.26563264
vn -0.91551909 0.10343123 -0.38875027
vn -0.67990667 0.14328302 -0.71916403
vn -0.13113872 -0.00312059 -0.99135912
vn -0.99617810 -0.08652555 0.01193792
vn -0.99478266 -0.09521497 0.03662730
vn -0.11745509 -0.00230873 -0.99307551
vn 0.98643722 -0.02237421 -0.16260689
vn -0.83930797 0.09732254 -0.53487424
vn 0.98030706 -0.00774277 -0.19732743
vn 0.99158406 -0.01965880 -0.12796324
vn -0.05285383 -0.99411793 0.09453048
vn 0.90917886 -0.02973840 -0.41534254
vn 0.91370415 -0.02316919 -0.40571902
vn 0.94080173 -0.02851316 -0.33775598
vn 0.92438826 -0.03487895 -0.37985497
vn 0.92494901 -0.07775565 -0.37205294
vn 0.90224922 -0.06293301 -0.42659791
vn -0.57755866 0.13550871 -0.80502384
vn 0.94169232 -0.04108806 -0.33395711
vn -0.13662002 0.02823984 -0.99022093
vn 0.21509856 -0.74487026 0.63158602
vn -0.10541779 0.00030249 -0.99442798
vn -0.57795298 0.14601817 -0.80290039
vn 0.16495591 -0.85781455 0.48676867
vn 0.98087716 0.02190661 -0.19339102
vn 0.97140340 0.00290936 -0.23741731
vn 0.97593094 0.04614394 -0.21314207
vn 0.96205085 -0.00083543 -0.27286895
vn 0.91417330 -0.11929260 -0.38737121
vn 0.93276990 -0.06001115 -0.35544195
vn 0.11692263 -0.90678340 0.40505922
vn -0.07197514 0.05567933 -0.99585109
vn -0.93673510 -0.01693705 -0.34962908
vn -0.12930832 0.02426704 -0.99130745
vn 0.95202673 0.00986785 -0.30585575
vn -0.43967185 0.09207271 -0.89342671
vn -0.10938641 0.04958308 -0.99276187
vn -0.97812950 -0.07466856 0.19413215
vn 0.85903200 -0.11700268 0.49837175
vn 0.85763942 -0.05562608 0.51123415
vn -0.95924687 -0.08150446 0.27055954
vn -0.12953306 0.04722168 -0.99045005
vn 0.58448811 0.08829704 0.80658371
vn 0.70689810 0.06136309 0.70464860
vn 0.05616115 -0.95998703 0.27435530
vn -0.09144563 0.02971688 -0.99536657
vn 0.97283449 0.08803899 -0.21410791
vn 0.63138698 0.02173833 0.77516316
vn 0.96494370 0.11856400 -0.23415003
vn -0.07910581 0.03756828 -0.99615807
vn -0.92191673 -0.08400591 0.37817001
vn -0.10292655 0.05896070 -0.99293996
vn -0.10264620 0.05654452 -0.99310950
vn -0.97007700 -0.05820634 0.23571730
vn -0.99052959 -0.05578609 0.12545534
vn -0.98075775 -0.06059641 0.18558642
vn 0.95078924 0.17662759 -0.25456337
vn 0.96252339 0.18610583 -0.19726467
vn -0.09475276 0.06435163 -0.99341873
vn -0.18624169 -0.07475303 -0.97965607
vn -0.99692632 -0.06439112 0.04462839
vn -0.08106768 0.04782138 -0.99556072
vn -0.99525327 -0.05456926 0.08057996
vn -0.16127366 -0.98673586 0.01852418
vn -0.52166941 0.13319590 -0.84268611
vn 0.68787410 0.71679858 -0.11414477
vn 0.77305865 0.63139380 -0.06100978
vn 0.44799902 0.73381839 -0.51069310
vn 0.58980934 0.73240652 -0.34015531
vn 0.67817265 0.64075405 -0.35988345
vn 0.10763225 0.58364900 -0.80484107
vn 0.10525763 0.46933171 -0.87672606
vn 0.04314376 -0.95951960 0.27831773
vn 0.26556819 -0.01881167 0.96390853
vn 0.05213465 -0.92502506 0.37631185
vn 0.24730133 0.59832690 -0.76213317
vn -0.99623494 -0.08535427 -0.01518558
vn -0.07099216 -0.98815948 0.13601819
vn -0.06810702 -0.99523478 0.06977946
vn -0.12264060 -0.99245102 0.00051356
vn 0.00473799 -0.99644999 0.08405341
vn 0.06207803 0.29242182 0.95427239
vn 0.01543845 -0.99797009 0.06178476
vn -0.03902515 -0.99787127 0.05224905
vn -0.99745452 -0.04176142 -0.05779668
vn 0.76035834 0.03145481 0.64874170
vn -0.01902407 -0.99965689 0.01800521
vn 0.31347428 0.12142611 0.94180124
vn 0.78082725 0.08745588 0.61859540
vn 0.12092265 0.19689252 0.97293939
vn 0.09130858 -0.93824233 0.33371256
vn 0.03338231 -0.98272557 0.18203317
vn 0.05620150 -0.95987581 0.27473589
vn 0.41592743 0.00552446 0.90938103
vn 0.44577202 0.00381556 0.89513839
vn 0.01005354 -0.97383773 0.22702203
vn -0.60428266 0.13557118 -0.78515153
vn 0.06639237 -0.99760643 0.01932515
vn 0.13266084 -0.98338600 0.12390753
vn 0.15437326 -0.97159497 0.17936586
vn 0.57186134 -0.09751091 0.81453437
vn 0.07669407 -0.94072973 0.33037189
vn -0.07881309 -0.99488164 -0.06323786
vn -0.07586362 -0.99494338 -0.06582078
vn 0.11786441 -0.91227966 0.39224201
vn -0.09194453 -0.99228060 -0.08321904
vn 0.03257323 -0.99550323 -0.08895109
vn 0.99383005 0.04743277 0.10025953
vn -0.81877213 0.09182705 -0.56672745
vn -0.12073141 -0.94222171 -0.31247747
vn 0.07133083 -0.99206297 -0.10355178
vn -0.83716358 0.03941889 -0.54553028
vn -0.11195127 -0.08208340 -0.99031774
vn 0.09421244 -0.98142057 -0.16714567
vn -0.98173475 -0.07444129 0.17508679
vn -0.97032862 -0.08155837 0.22761944
vn 0.19319752 -0.96541132 -0.17508771
vn 0.39016395 -0.91161909 -0.12931636
vn 0.29075030 -0.93585879 -0.19907934
vn -0.88268791 0.09778873 -0.45967317
vn 0.68422005 -0.72900905 -0.01971616
vn 0.82455788 -0.56515173 -0.02660492
vn 0.78307413 -0.62063879 -0.04002995
vn -0.99422060 -0.03398773 0.10183438
vn -0.80984049 0.07374070 -0.58199715
vn -0.99761630 -0.03553672 0.05915122
vn -0.99889999 -0.01498827 -0.04443148
vn -0.99908998 -0.04239877 -0.00464331
vn 0.65087411 -0.73715616 -0.18155907
vn 0.78103944 -0.60229971 -0.16496198
vn 0.45556168 -0.84517971 -0.27952605
vn 0.48172617 -0.85006771 -0.21289621
vn 0.63604787 -0.72183115 -0.27276896
vn -0.99741513 -0.01951325 -0.06915411
vn 0.28684331 0.05958932 0.95612239
vn 0.08024611 -0.83139488 -0.54985736
vn -0.99390529 -0.03310938 -0.10514773
vn -0.00577069 -0.99800487 0.06287271
vn 0.09300356 -0.79232501 -0.60296884
vn 0.95942607 -0.24509481 -0.13939209
vn -0.99475665 -0.00327305 -0.10221791
vn 0.98631891 -0.12609375 -0.10618557
vn 0.02118903 -0.99977473 -0.00123237
vn 0.97419121 -0.16036817 -0.15885069
vn -0.01499453 -0.99986189 -0.00716704
vn 0.98164125 -0.09621420 -0.16469149
vn -0.01768740 0.19924628 0.97978981
vn 0.97142876 -0.07119820 -0.22640004
vn -0.02425284 -0.41854898 -0.90787034
vn -0.14286590 -0.07945223 -0.98654786
vn 0.97110557 -0.03522577 -0.23603627
vn 0.95822530 -0.06726671 -0.27799185
vn -0.05434137 -0.05019400 -0.99726003
vn -0.04391158 -0.05474173 -0.99753452
vn 0.24050810 0.01743673 0.97049050
vn -0.51254257 0.14809636 -0.84579405
vn -0.10253635 -0.01131185 -0.99466494
vn -0.13261894 0.00649117 -0.99114584
vn -0.12288881 -0.00049660 -0.99242032
vn 0.84715211 0.09256515 0.52322557
vn -0.10840205 0.01811625 -0.99394205
vn -0.11924554 0.00537009 -0.99285027
vn -0.69872496 0.08793978 -0.70996481
vn -0.63251172 0.24011728 -0.73639162
vn -0.09912506 0.03863831 -0.99432455
vn -0.08076102 0.03328040 -0.99617773
vn -0.08536367 -0.01206698 -0.99627679
vn -0.60105190 0.07851943 -0.79534352
vn -0.12953464 -0.00232157 -0.99157218
vn 0.15305383 0.09246018 0.98388294
vn 0.19449202 0.12400442 0.97303431
vn 0.23496006 0.14474080 0.96116797
vn -0.05879472 -0.00727077 -0.99824362
vn 0.73070488 -0.25954520 0.63143224
vn 0.51939254 0.09444810 0.84930027
vn -0.06555897 0.02186022 -0.99760922
vn -0.51282730 0.09469456 -0.85325325
vn 0.79658635 -0.25834441 0.54654218
vn -0.09596171 0.01788429 -0.99522435
vn -0.11418025 0.00324947 -0.99345474
vn -0.98697896 -0.01161848 0.16042924
vn -0.12695018 0.01747154 -0.99175521
vn 0.16874369 -0.70156296 0.69234022
vn -0.06203662 -0.00522331 -0.99806021
vn -0.07204108 -0.00884363 -0.99736246
vn -0.04527420 -0.71485264 0.69780796
vn -0.99912550 -0.00824767 0.04099031
vn -0.04085114 0.03796309 -0.99844378
vn -0.11782900 0.02822787 -0.99263262
vn -0.05713614 0.03985086 -0.99757073
vn -0.99987990 -0.01542756 0.00147440
vn -0.47374985 0.02401035 -0.88033209
vn -0.06096602 -0.66396630 0.74527304
vn -0.60750281 0.05861573 -0.79215184
vn -0.05542817 0.03439128 -0.99787021
vn -0.99817669 0.00166264 -0.06033689
vn -0.07686223 0.03343975 -0.99648080
vn -0.98060991 0.01356237 -0.19550005
vn -0.06730438 0.03403126 -0.99715194
vn 0.07129197 -0.74645433 0.66160667
vn -0.55347537 0.04094931 -0.83185826
vn -0.07328007 0.02093262 -0.99709170
vn -0.54083416 0.07725415 -0.83757400
vn 0.10211205 -0.81760153 0.56665763
vn 0.21597500 -0.86495567 0.45299724
vn 0.22649745 -0.83068768 0.50858321
vn -0.93612532 0.11599668 -0.33198518
vn -0.07622943 0.02183835 -0.99685112
vn 0.23942193 -0.88197932 0.40594287
vn 0.18297356 -0.90135667 0.39252620
vn 0.15704558 -0.85099147 0.50114889
vn -0.85275477 0.08609428 -0.51516704
vn 0.08306674 -0.90795110 0.41076115
vn 0.09340715 0.07231670 0.99299819
vn -0.09599591 0.04231498 -0.99448189
vn 0.00737591 -0.83818073 0.54534270
vn -0.30433651 0.01857054 -0.95238355
vn -0.08935347 0.04029844 -0.99518440
vn -0.88722106 0.09253843 -0.45196840
vn -0.09929992 0.06750744 -0.99276496
vn 0.10434893 -0.94396254 0.31312301
vn 0.18784004 -0.92948309 0.31745442
vn -0.75960498 0.07056563 -0.64654526
vn -0.10747276 0.04985642 -0.99295717
vn 0.30883046 -0.88570097 0.34663747
vn 0.34171399 -0.84543344 0.41045565
vn 0.00570446 0.03864533 -0.99923671
vn 0.24536503 -0.09234085 0.96502288
vn -0.00290284 0.04278500 -0.99908009
vn -0.13162764 -0.97635961 -0.17145285
vn 0.17366726 -0.06580655 0.98260327
vn 0.00954122 -0.01026325 0.99990181
vn 0.01778713 0.15869484 -0.98716745
vn -0.02985159 0.06459839 -0.99746475
vn -0.01585347 0.10232096 -0.99462510
vn 0.81957523 0.51366283 0.25386402
vn 0.10547991 0.30032704 -0.94798611
vn 0.05336247 0.35986344 -0.93147772
vn 0.10896800 0.34628710 -0.93177852
vn -0.04636657 -0.99468457 -0.09193877
vn -0.13966624 -0.96072348 -0.23979935
vn 0.12926750 0.43093220 -0.89307746
vn 0.19125901 0.43210740 -0.88130766
vn 0.12828382 0.38431840 -0.91424429
vn 0.36793279 0.63791125 -0.67653137
vn -0.91129631 0.03848759 -0.40994845
vn -0.10815669 -0.97161153 -0.21041190
vn 0.46604190 -0.69316373 0.54984451
vn 0.56446459 -0.71588913 0.41095313
vn -0.00588385 -0.99230976 0.12363948
vn 0.60842484 -0.59847259 0.52120031
vn 0.21227241 0.01173999 0.97714001
vn -0.83131717 0.03457571 -0.55472181
vn 0.08193770 -0.99632353 0.02501256
vn 0.30885721 0.09975566 0.94586259
vn -0.58980667 0.12016288 -0.79855430
vn 0.50551080 -0.82088629 0.26571512
vn 0.00993488 -0.99747136 -0.07037177
vn -0.05073599 -0.99773671 -0.04412845
vn 0.81490691 0.06795597 0.57559422
vn -0.00673159 -0.99735358 -0.07239144
vn 0.59750987 -0.69733851 0.39585472
vn -0.08551335 -0.94579447 -0.31330542
vn -0.63299872 0.07172605 -0.77082293
vn 0.11211045 -0.99083504 -0.07534702
vn 0.06758008 -0.99375033 -0.08884379
vn 0.04374280 -0.06684309 0.99680418
vn 0.11455392 -0.07759016 0.99038233
vn 0.55468404 -0.82934484 -0.06717702
vn 0.46371537 -0.88481147 -0.04557099
vn 0.35076651 -0.93566785 -0.03858157
vn -0.36846284 0.09464947 -0.92481166
vn 0.30593887 -0.94678678 -0.09998104
vn 0.14736409 -0.05966601 0.98728101
vn 0.43553047 -0.89960044 -0.03212883
vn -0.05995963 -0.98627778 -0.15382128
vn 0.67974805 -0.73072229 -0.06314680
vn 0.00293926 -0.02273423 0.99973722
vn 0.51923347 -0.85454223 -0.01241721
vn 0.74808275 -0.41418322 0.51848284
vn 0.04694924 -0.86080746 -0.50676058
vn 0.03213916 -0.89886343 -0.43704875
vn 0.07417890 -0.88927448 -0.45131850
vn 0.00729097 -0.85907079 -0.51180487
vn 0.74306806 -0.65803435 0.12182221
vn 0.63993780 -0.72501024 0.25463653
vn 0.69161277 -0.49074500 0.52994445
vn 0.73164525 -0.62493138 0.27231600
vn 0.55501376 -0.42310647 0.71619874
vn 0.17635688 -0.75928292 -0.62640858
vn -0.54975039 0.02087336 -0.83506815
vn 0.11567294 -0.77986103 -0.61517197
vn 0.71158240 -0.52577107 0.46606359
vn -0.89406402 0.09013274 -0.43877742
vn 0.19948666 -0.73133447 -0.65219243
vn 0.28020850 -0.72468327 -0.62953741
vn -0.10328192 -0.92532774 -0.36483067
vn 0.62052898 -0.36060136 0.69635511
vn 0.38273119 -0.60160852 -0.70113053
vn 0.66710146 -0.30989383 0.67745217
vn 0.71799409 -0.32514130 0.61544100
vn 0.29875918 -0.66431230 -0.68515116
vn 0.51972628 -0.46048001 -0.71961292
vn 0.91488214 -0.19891579 -0.35131634
vn 0.95816641 -0.12765658 -0.25616581
vn 0.02119444 -0.54221855 -0.83997014
vn 0.60719677 -0.35020107 -0.71321196
vn -0.68920482 0.05386560 -0.72256157
vn 0.00380838 -0.47771206 -0.87850822
vn -0.66311673 0.02891648 -0.74795725
vn 0.61071892 -0.30456659 -0.73093200
vn 0.91266872 -0.13138267 -0.38700697
vn 0.94002768 -0.10768835 -0.32365288
vn 0.83783975 -0.22536429 -0.49722781
vn 0.87097424 -0.15981780 -0.46460966
vn 0.94549388 -0.04790047 -0.32209761
vn 0.90873505 -0.07958244 -0.40971604
vn 0.86109134 -0.12014362 -0.49405183
vn 0.83514098 -0.16650867 -0.52422743
vn 0.36207756 -0.02219123 0.93188379
vn -0.06410165 -0.21632983 -0.97421373
vn -0.03348508 -0.17968729 -0.98315372
vn -0.05789394 -0.10989682 -0.99225550
vn 0.12393813 -0.10338596 0.98688940
vn -0.05635557 -0.02939059 -0.99797808
vn 0.91618783 -0.00527259 -0.40071443
vn 0.89590879 -0.04713038 -0.44173089
vn 0.88121557 -0.01842545 -0.47235539
vn 0.83006574 -0.03397673 -0.55662954
vn -0.04819739 -0.03576378 -0.99819736
vn -0.40695801 0.01948157 -0.91323910
vn -0.00709964 -0.02392700 0.99968850
vn -0.09823530 -0.02200738 -0.99491985
vn -0.10719247 0.03082738 -0.99376026
vn 0.07398570 -0.02992107 0.99681034
vn -0.09460667 0.06252523 -0.99354928
vn 0.91456347 -0.04532452 -0.40189469
vn 0.50594616 0.11699433 0.85459395
vn -0.48922770 -0.16636529 -0.85614184
vn 0.30860132 -0.04605359 0.95007594
vn 0.69909789 0.07306021 0.71128359
vn 0.93362162 -0.03570534 -0.35647692
vn 0.52851389 -0.84122916 -0.11404635
vn -0.03362944 0.00888086 -0.99939491
vn -0.03850717 -0.01200590 -0.99918620
vn 0.70700581 0.18485068 0.68262216
vn -0.03682014 0.00313610 -0.99931699
vn 0.80194096 -0.45615347 0.38576509
vn 0.82465338 -0.56503551 0.02610889
vn 0.88396507 -0.02772326 -0.46673031
vn -0.61285317 -0.01866050 -0.78997644
vn -0.04911524 0.02118988 -0.99856832
vn -0.06428250 0.01357484 -0.99783941
vn -0.07633376 0.04180159 0.99620569
vn -0.09804192 0.01148696 -0.99511599
vn -0.65656356 0.02754335 -0.75376764
vn 0.80441001 0.01227663 -0.59394766
vn 0.88529426 -0.02991904 -0.46406780
vn 0.85307785 -0.00708395 -0.52173556
vn -0.08876167 0.01234693 -0.99597636
vn -0.02138342 -0.00575600 0.99975478
vn 0.77647087 0.02028566 -0.62982655
vn 0.80980542 -0.00172593 -0.58669601
vn 0.79913243 -0.06977866 -0.59709153
vn 0.85267447 -0.05064036 -0.51998251
vn 0.90960843 0.41226697 -0.05146307
vn 0.95326579 0.29994869 0.03626459
vn 0.95646333 0.25584524 -0.14043186
vn 0.97320140 0.22320387 -0.05530880
vn 0.80338215 -0.15006410 -0.57624464
vn 0.58979346 -0.07972436 -0.80360917
vn 0.98970144 0.07586797 -0.12138828
vn 0.70271419 -0.13725207 -0.69810790
vn 0.98812688 0.11962973 -0.09640542
vn 0.99057310 0.11187764 0.07904635
vn 0.75486378 -0.03270644 -0.65506562
vn 0.86861191 -0.09596940 -0.48611029
vn 0.98777280 0.01779785 -0.15488103
vn -0.07771372 0.03215635 -0.99645700
vn 0.98445278 0.17557382 -0.00515306
vn -0.05690675 0.01082621 -0.99832080
vn -0.84035032 0.03482742 -0.54092365
vn -0.06783299 0.03594940 -0.99704881
vn -0.52378436 0.00242649 -0.85184744
vn 0.98174849 0.14146691 -0.12711023
vn -0.42294019 0.02209864 -0.90588810
vn 0.61713952 0.00629541 0.78682856
vn 0.61701743 0.07984364 0.78288855
vn -0.06817586 0.02822597 -0.99727396
vn -0.99501379 0.00448471 0.09963659
vn 0.70861194 0.03523183 0.70471827
vn -0.06851846 0.02709195 -0.99728193
vn -0.04796310 0.01219483 -0.99877466
vn -0.12058147 0.12028015 0.98538967
vn -0.99893777 0.02308800 0.03987836
vn -0.99610260 0.02094279 -0.08567968
vn -0.99974046 0.01001182 -0.02046425
vn -0.99824938 0.03577222 -0.04710115
vn 0.74945039 0.09920119 0.65458630
vn 0.80386057 0.11398868 0.58379342
vn -0.09901601 0.01310832 -0.99499950
vn -0.75395000 -0.00207682 -0.65692852
vn -0.79486271 0.03216483 -0.60593621
vn -0.06684796 -0.01170862 -0.99769447
vn -0.00184065 0.00211967 -0.99999606
vn 0.94974533 0.20703397 -0.23477809
vn 0.24884950 0.16034534 0.95517710
vn -0.70079530 0.02767332 -0.71282546
vn -0.09382032 0.03936182 -0.99481073
vn -0.00125178 -0.76480281 -0.64426322
vn 0.94964809 0.22496563 -0.21808019
vn 0.89629508 0.16529170 -0.41150187
vn -0.01442199 0.06226528 -0.99795543
vn 0.84554968 0.14402206 0.51410445
vn -0.99235833 0.04833432 -0.11352854
vn 0.95675735 0.23323621 0.17382820
vn 0.45940063 -0.14115650 0.87694122
vn -0.01803587 0.00934412 -0.99979368
vn 0.88218181 0.39285481 0.25965430
vn 0.93548792 0.10030892 0.33882219
vn 0.90308259 0.26117911 0.34092125
vn -0.03514684 0.02783976 -0.99899432
vn 0.33937881 0.00479131 0.94063758
vn 0.03074341 0.16838571 -0.98524164
vn 0.98036895 0.09097971 0.17492687
vn 0.11792248 0.14439877 -0.98246796
vn 0.25825055 0.02347895 -0.96579262
vn -0.48255965 -0.08362209 -0.87186211
vn 0.62872534 -0.45976166 0.62715521
vn 0.13012827 0.11326653 -0.98500626
vn 0.91213150 0.10020386 -0.39746109
vn 0.94203006 0.23602760 -0.23847504
vn 0.05848397 0.25922368 -0.96404497
vn 0.98988954 0.07912251 0.11772138
vn 0.06712651 0.43099525 -0.89985395
vn 0.69204784 -0.41349371 0.59168635
vn 0.30308414 0.36560434 -0.88004174
vn 0.07859383 0.40850537 -0.90936592
vn 0.08973571 0.21485929 -0.97251375
vn -0.92315706 0.13380091 -0.36038640
vn 0.23996883 0.08975678 -0.96662231
vn -0.91908328 0.10806858 -0.37895529
vn -0.56007299 -0.06672592 -0.82575172
vn 0.88718240 0.38391575 -0.25596109
vn 0.86258853 0.20813157 -0.46110983
vn 0.54951990 0.49354296 -0.67412405
vn 0.66142261 0.09458258 -0.74402571
vn 0.48351761 0.22066371 -0.84706449
vn 0.72082264 0.25120973 -0.64599411
vn 0.51535939 0.66166549 -0.54461315
vn 0.43113132 0.58569844 -0.68635495
vn 0.29956649 0.55747127 -0.77426462
vn 0.19604996 0.53862729 -0.81941751
vn 0.71862511 0.43993952 -0.53854542
vn -0.29215752 0.01985529 -0.95616408
vn -0.31272362 0.03857215 -0.94906065
vn 0.79545329 0.60270280 0.06327239
vn 0.79506942 0.53879739 -0.27849953
vn 0.84478876 0.53505256 -0.00712125
vn 0.84642002 -0.34728554 0.40369035
vn -0.03815303 0.10952059 0.99325203
vn 0.32427200 0.92580079 -0.19426930
vn 0.24373281 0.90421255 -0.35070497
vn 0.38560859 0.90227561 -0.19288531
vn 0.49979029 0.86340138 -0.06890367
vn 0.87270887 0.20326594 0.44391686
vn -0.72772654 0.01472397 -0.68570933
vn -0.69608998 -0.01340053 -0.71782948
vn -0.00437083 -0.99997887 0.00481256
vn 0.92662966 0.18642124 0.32650358
vn -0.57627986 -0.03078123 -0.81667254
vn -0.02287035 -0.99837622 -0.05217153
vn 0.95976351 0.12427328 0.25181373
vn 0.60406579 -0.00436247 0.79692251
vn 0.29600581 0.07967558 0.95185732
vn -0.54238201 -0.04927626 -0.83868564
vn -0.07733734 -0.56981527 -0.81812560
vn -0.03151765 -0.52908521 -0.84798318
vn -0.58296393 -0.06220721 -0.81011315
vn 0.00963840 0.03638247 0.99929146
vn 0.21042962 -0.97387025 -0.08541732
vn 0.39746838 -0.91510942 -0.06777646
vn -0.52445885 0.02904919 -0.85094011
vn -0.49107483 0.01505526 -0.87098729
vn 0.04961022 0.09917390 0.99383266
vn 0.09791852 -0.89753901 -0.42992521
vn -0.88063097 0.04610907 -0.47155386
vn 0.21585965 -0.87373603 -0.43587839
vn 0.11312414 -0.86503603 -0.48878993
vn 0.16265680 -0.84048308 -0.51684714
vn 0.09697406 -0.81657791 -0.56903124
vn -0.80105180 0.03906753 -0.59731879
vn 0.15403366 -0.79257266 -0.59000187
vn -0.78358987 0.02716112 -0.62068445
vn 0.55256028 -0.69705395 -0.45693864
vn 0.06317677 -0.75485781 -0.65283871
vn -0.37860318 0.04407233 -0.92450920
vn 0.57442871 -0.62792634 -0.52510968
vn 0.92418003 0.11683991 0.36364778
vn 0.07629458 -0.73483276 -0.67394358
vn 0.09482398 -0.76323361 -0.63912665
vn 0.44821404 -0.04756570 0.89265989
vn 0.48481489 -0.59571563 -0.64037287
vn 0.67896219 -0.47533987 -0.55951975
vn 0.72806470 -0.48342675 -0.48602507
vn 0.94833807 0.09582625 0.30244378
vn 0.08776602 0.01856276 0.99596815
vn 0.59091320 -0.50273263 -0.63093699
vn -0.44119288 -0.07382703 -0.89437040
vn -0.48031308 -0.02603917 -0.87671051
vn 0.48045351 -0.61098439 -0.62917605
vn 0.03148762 -0.62581044 -0.77933935
vn 0.05496024 -0.59882442 -0.79899229
vn 0.75294892 -0.35280341 -0.55551569
vn 0.81832714 -0.31548290 -0.48042817
vn -0.36962264 0.03218392 -0.92862441
vn 0.57944494 -0.46674783 -0.66812426
vn 0.37477545 -0.56888772 -0.73205882
vn 0.46822447 -0.40480755 -0.78542771
vn -0.28498887 0.05852040 -0.95674276
vn 0.73654823 -0.28691230 -0.61251779
vn 0.79013386 -0.25005193 -0.55960925
vn 0.67995032 -0.38747178 -0.62252163
vn 0.63181801 -0.38772433 -0.67117497
vn 0.02233788 -0.48313092 -0.87526312
vn -0.67290854 -0.02847658 -0.73917736
vn 0.21698416 -0.53980823 -0.81334184
vn 0.36289260 -0.42931230 -0.82704287
vn -0.68264937 -0.02000629 -0.73047217
vn 0.51218718 -0.34729405 -0.78552603
vn 0.49289020 -0.35854234 -0.79278411
vn 0.81015821 -0.19536864 -0.55269772
vn 0.68819553 -0.28988334 -0.66509741
vn 0.35769967 -0.40349291 -0.84216650
vn 0.91750166 0.11256034 0.38147197
vn 0.62395738 -0.29435709 -0.72389992
vn 0.71741913 -0.21182174 -0.66365755
vn 0.66181137 -0.25776532 -0.70396218
vn 0.22155426 -0.37615143 -0.89967984
vn 0.95501422 0.09434162 0.28115389
vn -0.05600572 -0.12107723 -0.99106189
vn 0.71879644 -0.19252891 -0.66803016
vn 0.74200180 -0.18523836 -0.64429813
vn -0.26372788 0.03970939 -0.96377942
vn 0.78626097 -0.19271627 -0.58707250
vn 0.85172789 -0.07965945 -0.51789378
vn -0.06907374 -0.06558173 -0.99545359
vn -0.07668147 -0.03945952 -0.99627451
vn 0.78774316 -0.12102615 -0.60399783
vn 0.72644057 -0.04698204 -0.68562146
vn 0.99064664 0.09035550 0.10225023
vn 0.99489934 0.09434244 0.03570444
vn -0.94769061 0.13243916 -0.29041760
vn -0.25018339 0.12557971 -0.96001980
vn -0.95208598 0.15315301 -0.26471955
vn 0.83709763 0.01718062 -0.54678367
vn 0.72623115 -0.03443948 0.68658738
vn 0.76990886 0.00188743 -0.63815106
vn -0.14761392 -0.02633023 -0.98869452
vn -0.03736393 -0.03332553 -0.99874589
vn 0.85738375 0.01043293 -0.51457192
vn 0.84703880 -0.00601036 -0.53149708
vn 0.78727285 0.03692033 -0.61549845
vn 0.84822894 -0.09065953 0.52181272
vn 0.67241040 0.10713838 -0.73238352
vn 0.24455691 -0.07581830 0.96666618
vn 0.89696142 -0.14134969 0.41890390
vn 0.95395799 -0.12965005 0.27047183
vn 0.03697837 0.00340738 0.99931026
vn 0.88479151 -0.01522261 -0.46573840
vn 0.76141809 -0.01867047 -0.64799222
vn 0.70087248 0.05589187 -0.71109343
vn 0.50644135 -0.00670231 -0.86224836
vn 0.54230938 0.05510203 -0.83837003
vn 0.38339740 -0.00630798 -0.92356193
vn 0.41263829 0.06064102 -0.90887420
vn 0.33682534 -0.03632484 -0.94086620
vn 0.58751880 -0.00979237 -0.80915126
vn 0.62436823 0.03853246 -0.78017918
vn -0.07710156 0.07290588 -0.99435410
vn -0.04572577 0.03436459 -0.99836277
vn 0.66186914 -0.07342078 0.74601516
vn -0.03171912 0.05126805 -0.99818109
vn 0.00201811 0.02659592 -0.99964423
vn -0.74360354 0.01478158 -0.66845739
vn -0.77820558 0.04621399 -0.62630690
vn 0.81006815 -0.01394342 -0.58616992
vn 0.65394280 -0.03002113 -0.75594811
vn 0.56070073 -0.05722034 -0.82603906
vn 0.44990862 -0.04430172 -0.89197511
vn 0.54926837 -0.07076473 -0.83264435
vn -0.03398294 0.00117562 -0.99942172
vn -0.05624218 0.03262059 -0.99788412
vn -0.62749033 0.04401720 -0.77737917
vn -0.05960864 -0.01372647 -0.99812744
vn -0.19799359 0.00913916 -0.98016071
vn -0.04227574 -0.00763447 -0.99907681
vn -0.02924925 -0.00486428 -0.99956031
vn 0.23809723 -0.06233555 -0.96923887
vn -0.02683367 -0.01566845 -0.99951711
vn 0.16130036 -0.05441541 -0.98540406
vn 0.12408127 -0.05330417 -0.99083929
vn -0.27215673 0.05801213 -0.96050263
vn -0.24753006 0.02760608 -0.96848685
vn -0.04743278 -0.03952741 -0.99809204
vn -0.26530297 0.09591220 -0.95938271
vn 0.70942573 -0.24159647 0.66207724
vn -0.05721820 -0.01067697 -0.99830460
vn 0.10899737 -0.04822071 -0.99287176
vn 0.07565781 -0.04944274 -0.99590728
vn 0.21540771 -0.06775114 -0.97417108
vn 0.34805243 -0.05775303 -0.93569445
vn 0.26734648 0.01051850 -0.96354306
vn 0.38737644 0.01469567 -0.92180450
vn 0.79715244 -0.12165936 0.59139410
vn 0.15539587 0.06362103 -0.98580145
vn 0.80507349 -0.19074835 0.56166871
vn -0.72526595 0.05673811 -0.68612688
vn -0.79198754 0.09481428 -0.60313016
vn 0.11130066 0.10065005 0.98867676
vn -0.02404049 -0.01511921 -0.99959665
vn 0.28654412 0.04125067 0.95717859
vn -0.07731214 0.02500234 -0.99669339
vn -0.04819888 -0.01119982 -0.99877497
vn -0.66239268 0.10198215 -0.74218298
vn 0.05876107 -0.02782187 -0.99788430
vn 0.35771220 0.07423001 -0.93087695
vn 0.48112104 0.13562490 -0.86609955
vn 0.50073695 0.06565816 -0.86310574
vn 0.39267597 0.04512789 -0.91856903
vn 0.45161745 -0.08940223 -0.88772120
vn -0.54136722 0.09678770 -0.83519678
vn 0.32530520 0.11492293 -0.93859962
vn 0.60315133 0.04560944 0.79632170
vn 0.66447810 0.18372932 0.72437035
vn 0.82537465 0.07581311 0.55947212
vn 0.04334054 -0.01709863 0.99891403
vn -0.05852806 0.04826624 -0.99711827
vn 0.86485837 -0.18043863 -0.46846761
vn -0.23669175 0.00042573 -0.97158470
vn 0.67789561 -0.38002170 -0.62931793
vn 0.57724752 -0.26964757 -0.77076292
vn 0.51876793 -0.44185985 -0.73187411
vn 0.42486472 -0.26924302 -0.86429056
vn 0.71319491 -0.23480724 -0.66046846
vn 0.78628186 -0.27026937 -0.55562155
vn 0.84047047 -0.23823562 -0.48667564
vn 0.51557225 -0.39534339 -0.76019002
vn 0.71612830 -0.28444433 -0.63737876
vn 0.92682830 -0.01002110 0.37535168
vn 0.79780979 -0.31959537 -0.51123219
vn -0.02526941 0.04174177 -0.99880883
vn -0.01247669 0.02195813 -0.99968104
vn 0.96122837 0.07235036 0.26609292
vn 0.23255194 -0.23321165 -0.94420968
vn -0.00064142 -0.14988928 -0.98870258
vn 0.03449452 -0.10401165 -0.99397772
vn 0.29465419 -0.25461902 -0.92105812
vn 0.18774683 0.11017952 0.97601824
vn 0.97983657 0.07021019 0.18705834
vn 0.04510844 -0.23300298 -0.97142928
vn -0.06375658 -0.00745740 -0.99793762
vn 0.25830245 -0.03052524 -0.96558172
vn -0.64614618 0.00712994 -0.76318037
vn 0.29522573 0.07208054 -0.95270466
vn -0.04597795 0.02855001 -0.99853439
vn 0.30797447 -0.06400117 -0.94923947
vn 0.37080144 -0.18108792 -0.91088608
vn 0.25509256 -0.16642140 -0.95248712
vn 0.06717524 0.03499429 -0.99712732
vn 0.26443616 0.10448200 -0.95872677
vn 0.53226685 0.07641130 -0.84312117
vn -0.89975247 0.06052382 -0.43218326
vn -0.85409791 0.05515514 -0.51717954
vn -0.38219827 -0.02109621 -0.92383951
vn -0.06236174 0.01806608 -0.99789009
vn -0.29816903 0.03741401 -0.95377955
vn -0.73093165 0.05980091 -0.67982554
vn 0.42872700 -0.04915540 -0.90209584
vn 0.58204142 -0.03658205 -0.81233585
vn 0.66931755 -0.00869712 -0.74292555
vn 0.96510579 0.05038345 -0.25696756
vn 0.94839406 0.02835120 -0.31582417
vn 0.79606633 0.04110780 0.60381169
vn 0.73659260 -0.08373921 -0.67113269
vn 0.94751610 0.07602661 -0.31053695
vn -0.99915029 0.04121235 0.00049683
vn -0.05343154 0.05417351 -0.99710095
vn 0.86468232 0.11712497 0.48847336
vn 0.87119104 0.21336142 0.44215731
vn 0.86937105 0.13631765 -0.47498576
vn -0.99642059 0.06170353 -0.05778141
vn -0.02518221 -0.01771900 -0.99952583
vn 0.92145144 0.16334977 -0.35248276
vn 0.72237744 0.26944949 -0.63684206
vn 0.87697674 0.19898734 -0.43739666
vn 0.81941883 0.22932951 -0.52531967
vn 0.30600903 -0.19250191 0.93236339
vn 0.40616811 -0.23919675 0.88193672
vn 0.81533355 0.10659240 0.56909512
vn 0.00232654 -0.01918091 -0.99981332
vn 0.01352626 0.01583772 -0.99978308
vn 0.92337532 0.19305931 -0.33182242
vn 0.72101494 0.16919094 -0.67194634
vn 0.87865452 0.19058869 -0.43776956
vn 0.94250394 0.16376989 0.29131726
vn 0.62935736 0.16799370 -0.75874069
vn -0.43249371 -0.13887551 -0.89087753
vn 0.60812067 0.25482550 -0.75183324
vn 0.69404149 0.23721399 -0.67973225
vn 0.80653486 0.20075575 -0.55605634
vn -0.98313782 0.05187103 -0.17535511
vn -0.44623560 0.07264616 -0.89196206
vn -0.30439902 -0.04259398 -0.95159182
vn -0.97914386 0.04034807 -0.19912140
vn 0.01410783 -0.01033027 -0.99984712
vn 0.91392818 0.12349638 0.38663151
vn 0.78462600 0.13447423 -0.60520965
vn 0.84774010 0.17744592 -0.49984964
vn -0.01400459 0.06302041 -0.99791397
vn 0.01602415 0.04983069 -0.99862912
vn 0.72617083 0.13164393 -0.67479315
vn 0.67040309 0.07378612 -0.73831925
vn 0.01077619 0.07153644 -0.99737977
vn 0.77172178 0.06481192 -0.63264912
vn 0.64389654 -0.05153921 -0.76337471
vn 0.94530504 0.29313833 -0.14306748
vn 0.93888731 0.20195124 -0.27875853
vn 0.92108439 0.18922349 -0.34029108
vn 0.84306370 0.10766238 -0.52692733
vn 0.85798565 -0.15477902 0.48980004
vn 0.05274649 -0.01663450 0.99846938
vn 0.76948934 -0.00315877 -0.63865184
vn -0.33699795 -0.11623827 -0.93430244
vn -0.03806536 0.01187581 -0.99920468
vn -0.22976154 0.04770596 -0.97207704
vn 0.83506508 -0.01175257 -0.55002563
vn 0.96143753 0.22867602 -0.15279122
vn 0.94966225 0.15883321 -0.27002521
vn 0.92209100 0.14487619 -0.35883015
vn 0.93668034 0.08095330 -0.34070003
vn 0.84949788 0.04365276 -0.52578302
vn 0.89625106 0.10275655 -0.43148016
vn -0.83005645 0.11537312 -0.54561464
vn 0.89504974 0.02814324 -0.44507744
vn -0.43833268 -0.16333135 -0.88384803
vn -0.76728232 0.11138180 -0.63156309
vn 0.57639961 -0.08703579 -0.81251970
vn 0.41517476 -0.05632398 -0.90799643
vn 0.34314618 -0.00897629 -0.93923912
vn 0.83902150 -0.03882922 -0.54271099
vn 0.26796313 0.03472010 -0.96280334
vn 0.20108331 0.01579640 -0.97944677
vn 0.72062978 -0.05764965 -0.69091912
vn 0.95318217 0.29762643 -0.05349999
vn 0.90587220 0.15707368 0.39334897
vn 0.96872284 0.23777819 -0.07097594
vn 0.94942487 0.31302593 -0.02464091
vn -0.30553435 -0.05142191 -0.95079154
vn 0.95712561 0.10714123 -0.26913067
vn 0.97160496 0.14671529 -0.18562981
vn 0.96504125 0.23752896 -0.11079428
vn 0.90592747 0.01933074 -0.42299142
vn -0.54457199 0.09315553 -0.83352468
vn 0.84211265 -0.04539743 -0.53738753
vn 0.53925451 -0.05859661 -0.84010179
vn 0.41339443 -0.01039834 -0.91049268
vn 0.68802475 -0.07284828 -0.72202152
vn -0.55507146 0.02695300 -0.83136587
vn 0.02911083 0.18605974 -0.98210709
vn 0.04953045 0.25058646 -0.96682633
vn 0.84703385 0.07996751 -0.52548915
vn 0.72997400 -0.02842587 -0.68288354
vn 0.48857939 -0.01757455 -0.87234243
vn 0.91327019 0.40196079 -0.06606873
vn -0.39841121 0.10226690 -0.91148779
vn -0.38883335 0.06922523 -0.91870371
vn -0.05631886 -0.99717755 -0.04964998
vn 0.78486990 -0.08496687 0.61380769
vn 0.75895096 -0.22612392 0.61062379
vn -0.25372410 0.12538927 -0.95911501
vn -0.23345044 0.01631073 -0.97223189
vn -0.27026592 0.02943792 -0.96233557
vn 0.86909610 0.08658187 0.48700672
vn 0.16867511 -0.98399538 -0.05746135
vn 0.28946040 -0.95460884 -0.07024696
vn 0.10096280 -0.98738780 -0.12195015
vn -0.19803844 -0.00001366 -0.98019425
vn 0.03903988 -0.95351109 -0.29881848
vn 0.95029639 0.07619687 0.30187880
vn 0.06159650 -0.94052204 -0.33410201
vn -0.70499633 0.10217347 -0.70181248
vn 0.08237734 -0.93467925 -0.34581595
vn 0.81290555 0.23694573 0.53201624
vn 0.96945683 0.03271811 0.24306992
vn 0.07732402 -0.78663701 -0.61255466
vn 0.09500755 -0.73506511 -0.67130682
vn 0.07571455 -0.68210852 -0.72732061
vn 0.99382346 0.05709010 0.09516117
vn 0.03045249 -0.50926930 -0.86006827
vn -0.66094029 0.08638930 -0.74544941
vn 0.03695306 -0.44450855 -0.89501208
vn 0.80929533 -0.13790592 -0.57098427
vn -0.60097098 0.09886942 -0.79313222
vn 0.71249658 -0.23170946 -0.66231363
vn -0.03148323 -0.29410695 -0.95525384
vn 0.00980968 -0.36908389 -0.92934431
vn -0.24461977 0.09693405 -0.96476161
vn -0.95566024 0.23318158 -0.17983285
vn 0.02445311 -0.23552319 -0.97156105
vn 0.38081831 0.04554342 0.92352759
vn 0.08425440 -0.27343008 -0.95819475
vn 0.09291675 -0.25285673 -0.96303165
vn 0.37631357 -0.36139602 -0.85310082
vn 0.44301917 -0.30798610 -0.84194927
vn 0.19933263 0.07142836 0.97732517
vn 0.54286599 0.00092251 0.83981883
vn -0.51878229 0.09141730 -0.85000460
vn -0.19372398 0.06708793 -0.97875954
vn -0.00546696 -0.12813008 -0.99174230
vn 0.06797304 -0.12997433 -0.98918468
vn 0.55048310 -0.22250655 -0.80464849
vn 0.26131221 -0.29623740 -0.91867259
vn 0.06129233 -0.08368023 -0.99460589
vn -0.03365208 -0.10174383 -0.99424128
vn 0.65227160 -0.15445355 -0.74208211
vn 0.40795292 0.01388711 -0.91289735
vn 0.62287690 0.02255327 -0.78199471
vn 0.37879836 -0.15467906 -0.91246161
vn 0.58197791 0.04965397 0.81168725
vn -0.91964585 0.07256318 -0.38598717
vn 0.00072156 -0.06560647 -0.99784531
vn -0.49846146 0.07552457 -0.86361578
vn 0.54005506 0.10642093 -0.83487431
vn 0.17460475 0.10655043 -0.97885657
vn 0.35628135 0.13538218 -0.92451894
vn 0.21398528 0.12248809 -0.96912691
vn -0.03592952 -0.02324065 -0.99908405
vn 0.17214490 0.01420086 0.98496927
vn -0.09688709 -0.02330851 -0.99502241
vn 0.34707610 0.13181573 -0.92852722
vn 0.14708108 0.00838654 -0.98908888
vn 0.24912023 0.04853156 -0.96725581
vn 0.18283720 -0.00568935 -0.98312674
vn -0.25452574 -0.00065049 -0.96706578
vn 0.87689330 -0.16163026 0.45269614
vn -0.35189776 0.10171611 -0.93049546
vn -0.03036891 0.01263853 -0.99945885
vn -0.07588602 0.02097230 -0.99689592
vn 0.14265316 -0.02744923 -0.98939204
vn 0.47065629 0.13670643 -0.87166164
vn 0.57483753 0.12630234 -0.80846121
vn -0.53424224 0.04243228 -0.84426579
vn 0.92657747 -0.08612642 0.36610986
vn -0.18045345 0.02823426 -0.98317820
vn 0.91476353 -0.12654272 0.38365952
vn 0.13473100 -0.01362649 -0.99078851
vn -0.88666176 0.13872149 -0.44112047
vn -0.01059907 0.05198712 -0.99859151
vn 0.00922390 0.01067236 -0.99990051
vn -0.85369810 0.08805515 -0.51326976
vn -0.01971753 0.00470349 -0.99979453
vn 0.29912351 0.12463287 0.94604005
vn 0.35083049 0.03415833 0.93581578
vn 0.21746100 0.00855496 0.97603152
vn -0.81515985 0.06918997 -0.57508884
vn 0.09740198 -0.01266554 -0.99516453
vn 0.04113801 0.04793951 -0.99800274
vn 0.01582403 0.01069079 -0.99981764
vn 0.26896458 -0.00806805 -0.96311628
vn 0.59812030 0.06030880 0.79913387
vn -0.79868665 0.05612763 -0.59912380
vn 0.05207886 -0.03384973 -0.99806913
vn -0.01574109 -0.00539396 -0.99986155
vn 0.66532855 0.03211904 0.74585943
vn -0.03237528 0.00511725 -0.99946268
vn -0.74339678 0.07096788 -0.66507502
vn 0.65857500 0.07322309 0.74894416
vn 0.73128337 0.11214598 0.67279113
vn -0.03476725 -0.00844872 -0.99935972
vn 0.85617128 -0.04712074 -0.51453899
vn 0.80647131 -0.06448363 -0.58774645
vn 0.59728783 -0.08629645 -0.79737078
vn 0.71236641 -0.02323518 -0.70142300
vn 0.27520591 -0.09161063 -0.95701055
vn 0.34965102 -0.04962581 -0.93556477
vn 0.45227467 -0.08963552 -0.88736300
vn 0.86494233 -0.04662494 0.49970079
vn 0.04737199 0.02433976 -0.99858073
vn 0.88050171 0.02754908 0.47324178
vn 0.04738550 0.04379038 -0.99791634
vn 0.14549720 0.01681249 -0.98921580
vn 0.32454431 -0.09259456 -0.94132738
vn 0.24383751 -0.04884069 -0.96858549
vn 0.16286609 -0.01980244 -0.98644944
vn 0.08976341 -0.01130070 -0.99589900
vn 0.74155843 0.06256936 0.66796420
vn -0.99616429 0.07730015 -0.04100482
vn 0.86738425 -0.05036059 -0.49508421
vn -0.20070779 -0.01007999 -0.97959929
vn 0.64168576 -0.09333914 -0.76126683
vn 0.68899899 -0.09033256 -0.71911085
vn 0.78964825 0.02772277 0.61293319
vn 0.92319236 -0.04133439 0.38210907
vn 0.84278989 0.08369938 0.53169504
vn 0.91011794 0.07840815 0.40686299
vn 0.75607397 -0.07899171 -0.64970183
vn -0.99132321 0.08725323 -0.09831155
vn 0.95115922 -0.07764536 0.29877641
vn 0.00009086 -0.02420069 -0.99970712
vn 0.05401710 -0.04686091 -0.99743983
vn -0.98631297 0.10502714 -0.12710634
vn 0.80719876 -0.06252979 -0.58695841
vn -0.98444721 0.08425870 -0.15415629
vn 0.62961115 -0.07261536 -0.77350941
vn 0.72412708 -0.07307140 -0.68578462
vn 0.32326106 -0.06761404 -0.94389122
vn -0.05372332 -0.02667998 -0.99819937
vn 0.99170426 -0.07036782 -0.10756873
vn 0.76159967 -0.03130795 -0.64729109
vn 0.83694258 -0.02449328 -0.54674235
vn 0.69582837 -0.00538909 -0.71818788
vn 0.68280614 -0.04645234 -0.72912136
vn 0.99935846 0.00479348 -0.03549212
vn -0.15275878 0.00081780 -0.98826317
vn -0.05079938 -0.02175220 -0.99847196
vn -0.03609666 0.03830949 -0.99861375
vn 0.99856308 0.04481249 0.02938747
vn 0.12367530 0.11834161 -0.98524093
vn 0.32074549 0.14407173 -0.93614404
vn -0.00742023 0.04109923 -0.99912752
vn 0.01237722 0.08226249 -0.99653384
vn -0.94987486 0.20832064 -0.23310998
vn 0.14313670 0.15738779 -0.97710847
vn -0.94376942 0.24739529 -0.21930539
vn 0.22980652 0.18023172 -0.95640237
vn 0.43411337 0.18257312 -0.88216361
vn -0.63392285 0.10138852 -0.76672171
vn 0.72748529 0.03935524 -0.68499366
vn -0.69031518 0.10244449 -0.71621930
vn -0.01627914 0.02046678 -0.99965799
vn 0.35739680 0.22257443 -0.90704363
vn 0.47833758 0.19857524 -0.85543032
vn 0.07627906 0.11876644 -0.98998790
vn 0.14775003 0.17583058 -0.97326951
vn 0.23369903 0.24054713 -0.94208378
vn -0.92960393 0.18568110 -0.31836939
vn -0.91874589 0.16156697 -0.36028059
vn -0.93769431 0.16778968 -0.30426307
vn -0.41682310 0.06910532 -0.90635697
vn 0.36234159 0.20864258 -0.90839245
vn 0.20290323 0.07027454 0.97667383
vn -0.22780069 0.01366259 -0.97361192
vn -0.11422968 0.03530105 -0.99282698
vn 0.67617605 -0.02809955 -0.73620402
vn 0.66091086 0.07516737 -0.74669050
vn 0.58369499 0.09199817 -0.80674438
vn 0.65163166 0.11087258 -0.75038886
vn 0.06958218 0.01725287 -0.99742702
vn -0.03217936 0.00863725 -0.99944479
vn -0.27778361 0.04837249 -0.95942502
vn -0.07258020 0.02611822 -0.99702054
vn -0.14210291 0.03219850 -0.98932806
vn 0.29666292 -0.04309114 -0.95400957
vn 0.30464369 -0.01687194 -0.95231694
vn 0.24950954 -0.08297413 -0.96481101
vn 0.15909207 -0.33138812 -0.92998475
vn 0.29879032 -0.15080206 -0.94232855
vn 0.42771585 0.10329357 0.89799198
vn -0.08681940 -0.19113049 -0.97771751
vn 0.08550156 -0.11366701 -0.98983296
vn 0.12401509 -0.19057648 -0.97380741
vn 0.02370504 -0.31890357 -0.94749068
vn -0.13776290 -0.13543328 -0.98116217
vn 0.94242040 -0.02856696 -0.33320822
vn 0.86417154 -0.03476238 -0.50199515
vn 0.75708186 0.03874864 -0.65216992
vn 0.85429494 -0.13578222 -0.50174031
vn 0.03283965 0.12223029 0.99195832
vn 0.59399186 0.04694593 -0.80310009
vn 0.45209806 -0.15810345 -0.87784432
vn 0.65569977 -0.09709134 -0.74875302
vn -0.01467141 -0.00881298 -0.99985353
vn 0.17257408 -0.21550637 -0.96113224
vn 0.29594384 -0.26676159 -0.91719981
vn 0.02582040 0.00837357 -0.99963153
vn 0.02231973 -0.03685291 -0.99907142
vn 0.03881343 0.01104515 -0.99918543
vn 0.16082479 -0.15806702 -0.97424340
vn -0.79745395 0.10853477 -0.59353803
vn 0.34498809 -0.17678463 -0.92180823
vn -0.13048145 0.04414175 -0.99046762
vn -0.18703982 0.07114107 -0.97977296
vn -0.45349841 0.04755983 -0.88998722
vn 0.88212869 0.03158487 -0.46994827
vn 0.93036681 -0.00632536 -0.36657549
vn 0.90269517 0.05589409 -0.42663482
vn -0.20004383 0.02675688 -0.97942153
vn 0.71897815 0.08356339 -0.68999100
vn 0.67625760 0.15342871 -0.72051044
vn 0.81687740 0.08869396 -0.56995148
vn -0.15586430 0.02181869 -0.98753747
vn 0.04559518 -0.00997369 -0.99891021
vn 0.01424631 -0.02725178 -0.99952708
vn 0.68804855 0.06897407 0.72237924
vn 0.06644537 -0.01833721 -0.99762155
vn 0.37257636 -0.07355333 -0.92508203
vn 0.09553662 -0.02649894 -0.99507314
vn 0.26456375 -0.06348163 -0.96227652
vn -0.05146989 0.01211392 -0.99860107
vn 0.06694205 0.07751027 -0.99474164
vn 0.24161374 0.00988304 -0.97032218
vn 0.12991503 -0.00358207 -0.99151866
vn 0.88517043 0.00106904 -0.46526569
vn 0.77785223 0.01731378 -0.62820867
vn 0.94002398 -0.04338180 0.33833849
vn 0.04445230 -0.00220248 -0.99900908
vn 0.81860864 0.07683458 0.56918920
vn -0.19737998 -0.00569675 -0.98031051
vn 0.06454823 -0.01052131 -0.99785912
vn -0.24404174 0.01164594 -0.96969480
vn 0.27203139 -0.05296443 -0.96082969
vn 0.15076538 -0.07212207 -0.98593519
vn 0.59522447 -0.14423720 -0.79050836
vn 0.47414558 -0.13043012 -0.87073185
vn 0.00247261 0.03960825 -0.99921223
vn 0.25061182 -0.13604316 -0.95848108
vn 0.37524784 -0.13705988 -0.91673532
vn 0.67178788 -0.12674973 -0.72981885
vn 0.13040602 0.17559145 0.97578784
vn 0.50110173 -0.16749560 -0.84902431
vn 0.92705337 0.01264078 -0.37471623
vn 0.82922074 -0.02397103 -0.55840699
vn 0.87458344 0.00729630 -0.48482014
vn 0.78670886 -0.06373793 -0.61402496
vn 0.01546913 0.03988943 -0.99908435
vn 0.03817365 0.02113277 -0.99904764
vn -0.97370122 0.11427570 -0.19709644
vn 0.80712478 0.06419102 -0.58688083
vn -0.27499300 0.02089425 -0.96121916
vn 0.71178086 0.03302604 -0.70162475
vn 0.46539198 0.02301584 -0.88480539
vn 0.30071412 0.06021217 -0.95181170
vn 0.94849486 0.13735357 -0.28546714
vn 0.92208349 0.08124020 -0.37836765
vn -0.95508086 0.11027108 -0.27506517
vn -0.01037124 0.02897120 -0.99952644
vn -0.02099088 0.06315160 -0.99778317
vn 0.50056313 0.23272518 -0.83383184
vn 0.99539906 0.08975857 -0.03352790
vn 0.77404176 0.20934853 -0.59752200
vn 0.31331002 0.18371951 -0.93171024
vn -0.16863213 0.00689056 -0.98565497
vn -0.03310017 0.03544663 -0.99882327
vn 0.14549321 0.17627480 0.97352910
vn 0.21641482 0.11233883 -0.96981679
vn 0.38299465 0.19368793 -0.90321652
vn 0.49880221 0.20415998 -0.84232717
vn 0.64705729 0.27225433 -0.71217585
vn -0.54492503 0.05336832 -0.83678464
vn 0.45055324 -0.01483698 0.89262626
vn -0.00081292 0.01955009 -0.99980855
vn 0.06203040 0.02542283 -0.99775042
vn -0.36204857 0.05304847 -0.93064853
vn -0.48614250 0.06084538 -0.87175875
vn -0.21801183 0.01278695 -0.97586236
vn 0.17794322 0.12541252 0.97601635
vn 0.05200686 0.06892428 -0.99626539
vn -0.80797133 0.09603647 -0.58134269
vn 0.18997291 0.04052920 0.98095243
vn 0.16436430 0.09361764 -0.98194710
vn 0.13866526 0.08280272 -0.98687165
vn 0.04151191 0.03537852 -0.99851145
vn 0.20568157 -0.09588434 -0.97391031
vn 0.09296792 -0.08169101 -0.99231222
vn 0.03073352 -0.04635407 -0.99845218
vn 0.17167774 -0.11352143 -0.97859064
vn -0.77628865 0.09802697 -0.62270911
vn -0.24620422 0.04573136 -0.96813848
vn 0.03060965 0.29044882 -0.95640082
vn -0.16171389 0.04073150 -0.98599674
vn 0.52797113 0.00902913 0.84921432
vn 0.42705286 -0.00067895 0.90422641
vn 0.85910449 0.09688576 0.50254614
vn 0.38973204 -0.80608539 -0.44534849
vn 0.39301274 -0.79520007 -0.46173350
vn 0.61340976 0.10144405 0.78322256
vn 0.95637029 0.07860113 0.28138539
vn 0.89246799 0.07460686 0.44489853
vn 0.72054912 -0.01931566 0.69313481
vn 0.22799067 -0.83036192 -0.50844796
vn 0.29039459 -0.75273016 -0.59082001
vn 0.48209740 -0.72259821 -0.49541289
vn 0.39846860 -0.68917896 -0.60519017
vn -0.19335682 0.04289192 -0.98019050
vn 0.28625247 -0.69618053 -0.65832529
vn 0.38579661 -0.67077565 -0.63342008
vn 0.49875074 -0.57464559 -0.64886836
vn 0.39392250 -0.63922974 -0.66046226
vn 0.17289704 -0.70801991 -0.68470024
vn 0.12461973 -0.63603551 -0.76153053
vn 0.21156651 -0.61840746 -0.75684333
vn 0.33131916 -0.47160184 -0.81720213
vn 0.24773748 -0.53297453 -0.80905148
vn 0.09127136 -0.61038897 -0.78682580
vn 0.14878351 -0.07779293 0.98580512
vn 0.09494763 -0.54188305 -0.83507347
vn 0.21084427 -0.48818272 -0.84688979
vn 0.08233057 -0.44718681 -0.89064338
vn 0.10909757 -0.06606818 0.99183301
vn 0.06419625 -0.37346379 -0.92542079
vn 0.13112319 -0.37952930 -0.91584072
vn 0.04811570 -0.35365808 -0.93413641
vn 0.54065909 -0.00176122 0.84123995
vn 0.12548561 -0.32128721 -0.93863086
vn 0.37355382 -0.02948990 0.92713963
vn -0.16395675 0.03502192 -0.98584565
vn 0.11137641 -0.15100437 -0.98223876
vn 0.09057850 -0.14145864 -0.98579155
vn -0.69916193 0.11187432 -0.70615631
vn 0.04784521 -0.14372523 -0.98846037
vn 0.06628844 -0.06100762 -0.99593369
vn 0.13580488 -0.21717238 -0.96664016
vn 0.09828689 -0.00190885 -0.99515629
vn 0.20551209 -0.02899831 -0.97822486
vn 0.12197467 -0.04486061 -0.99151889
vn 0.10497971 0.08298832 -0.99100565
vn 0.07495647 0.01969299 -0.99699233
vn -0.97444410 0.13822619 -0.17706559
vn -0.98328583 0.11153319 -0.14390734
vn -0.98288117 0.13211074 -0.12841870
vn 0.68454580 0.06435243 0.72612383
vn 0.07873963 -0.02575388 -0.99656250
vn -0.02472838 0.04106146 -0.99885057
vn 0.78523575 0.04352734 0.61766511
vn 0.65988819 0.02068482 0.75107903
vn -0.94692955 0.11621260 -0.29969829
vn 0.07936688 0.03224545 -0.99632381
vn -0.19725142 0.04167270 -0.97946683
vn -0.04818913 0.06632579 -0.99663368
vn -0.77908040 0.20457961 -0.59260519
vn 0.26739446 -0.01018755 -0.96353330
vn -0.33613973 0.04682313 -0.94064748
vn 0.21234956 -0.04780758 -0.97602362
vn 0.43008632 -0.01473287 -0.90266755
vn 0.98801152 0.11829567 -0.09919360
vn 0.99568568 0.07046265 -0.06037416
vn 0.98550287 0.12231993 -0.11756666
vn -0.19167192 0.04816064 -0.98027671
vn -0.04090211 -0.02823205 -0.99876422
vn 0.18601549 -0.04403118 -0.98155972
vn 0.16736619 -0.09941383 0.98086974
vn -0.01893854 -0.01598313 -0.99969289
vn -0.03325204 -0.00083729 -0.99944665
vn 0.93001437 0.07597406 0.35958478
vn 0.96879101 0.08413071 0.23316517
vn 0.98002115 0.06942108 0.18638472
vn 0.23659959 -0.06800237 -0.96922459
vn 0.41984530 -0.10160350 -0.90189060
vn 0.46854173 -0.11307347 -0.87617523
vn 0.54313119 -0.10385903 -0.83319975
vn 0.54107909 -0.05697061 -0.83903979
vn -0.00030134 -0.03728022 -0.99930481
vn 0.75117756 0.14304308 0.64441521
vn -0.96856309 0.12492203 -0.21512795
vn 0.87040952 0.23983725 0.42995972
vn -0.88583523 0.22278848 -0.40701503
vn 0.29109654 0.20073717 0.93539692
vn -0.95622257 0.11860834 -0.26752657
vn 0.03064111 -0.02007514 -0.99932883
vn -0.82392085 0.20647112 -0.52775383
vn 0.61662298 0.00016221 -0.78725858
vn 0.47316097 -0.02986638 -0.88046959
vn -0.51732139 0.09029643 -0.85101418
vn 0.01139801 0.02351170 -0.99965858
vn 0.06029879 0.05608690 -0.99660339
vn -0.70847024 0.26212329 -0.65525667
vn -0.43673916 0.06535232 -0.89721122
vn 0.54185902 0.09515254 -0.83506574
vn -0.01195382 -0.03031132 0.99946902
vn 0.75029700 0.02903658 -0.66046294
vn 0.69393604 0.05459501 -0.71796390
vn 0.00955525 0.07753459 -0.99694387
vn 0.46946711 0.15639496 -0.86898864
vn 0.62762917 0.10489188 -0.77141384
vn 0.07194686 0.11053601 -0.99126457
vn 0.57933287 0.14866235 -0.80141932
vn 0.13544383 -0.02707154 0.99041512
vn 0.05978154 0.06568209 -0.99604821
vn 0.30630440 -0.03532503 0.95127796
vn 0.41895771 0.18883178 0.88815370
vn 0.09979578 0.08663221 -0.99122937
vn 0.15167467 0.11259265 -0.98199679
vn 0.16495532 0.07059444 -0.98377140
vn 0.09358458 0.08494746 -0.99198077
vn 0.56818353 0.18778269 0.80118983
vn 0.26743714 0.18233686 -0.94616629
vn 0.37262890 0.11584256 -0.92072157
vn 0.13520952 -0.02431064 -0.99051874
vn 0.23734054 0.02388840 -0.97113275
vn 0.21810703 0.09648186 -0.97114395
vn 0.29377020 0.05618052 -0.95422367
vn -0.76256184 0.19397657 -0.61714871
vn 0.01775763 -0.00348083 -0.99983626
vn 0.57961264 0.18874797 0.79273160
vn 0.07137430 -0.05452343 -0.99595828
vn 0.31184377 -0.11937735 -0.94260411
vn 0.24775709 -0.07852111 -0.96563495
vn 0.31809562 -0.09641241 -0.94314359
vn -0.97604949 0.15116278 -0.15645192
vn 0.13985007 -0.09591157 -0.98551658
vn 0.20660942 -0.07505054 -0.97554086
vn -0.65827744 0.29491387 -0.69260134
vn 0.34234252 -0.42580889 -0.83754904
vn 0.04182596 -0.08798847 -0.99524299
vn 0.66121240 0.18901371 0.72599723
vn -0.96351634 0.15587851 -0.21757332
vn -0.97053926 0.16749034 -0.17320660
vn -0.60375263 0.28330369 -0.74513206
vn 0.74660555 0.16702516 0.64395866
vn 0.25662351 -0.13851938 -0.95653372
vn 0.01055716 0.02448148 -0.99964454
vn 0.08532155 -0.05273093 -0.99495713
vn 0.22751182 -0.04098439 -0.97291246
vn 0.08391991 0.03992568 -0.99567233
vn 0.90195471 0.10341628 0.41926456
vn 0.30018712 -0.18005888 -0.93673181
vn 0.23401471 -0.38091446 -0.89450617
vn 0.02334653 0.03798551 -0.99900553
vn 0.22700330 -0.08397670 -0.97026667
vn 0.09809934 0.00834013 -0.99514168
vn 0.18991729 -0.14812550 -0.97056183
vn 0.07689713 -0.04110918 -0.99619118
vn -0.25838907 0.04989425 -0.96475160
vn -0.95947632 0.14082751 -0.24407539
vn 0.06436246 0.07004213 -0.99546551
vn 0.14506127 0.04826419 0.98824481
vn 0.05554063 -0.01191406 -0.99838534
vn 0.06015988 -0.02514882 -0.99787190
vn 0.22744422 -0.03608850 0.97312216
vn 0.04586313 -0.00897972 -0.99890737
vn 0.29886874 -0.01800887 0.95412429
vn 0.34209347 -0.09337741 0.93501482
vn 0.31896062 -0.07530570 0.94477149
vn 0.09005212 -0.06495629 -0.99381653
vn -0.78043557 0.10660081 -0.61608164
vn 0.58884937 -0.07046215 -0.80516552
vn 0.40503465 -0.10579384 -0.90816000
vn 0.03984162 0.04382595 -0.99824442
vn 0.44661586 -0.08253689 0.89091073
vn 0.04112759 -0.03267687 -0.99861942
vn 0.12783930 0.07887989 -0.98865316
vn 0.13289718 -0.01110217 -0.99106765
vn 0.23211217 -0.06912070 -0.97023001
vn -0.85098197 0.07028086 -0.52047122
vn -0.66843862 0.20852088 -0.71393897
vn 0.43237697 0.03914446 0.90084286
vn 0.54821140 0.02540280 0.83595392
vn -0.47592280 0.01294468 -0.87939179
vn 0.61529514 0.11368800 -0.78005572
vn 0.04143510 0.04836585 -0.99796988
vn -0.19717449 0.03146302 -0.97986341
vn 0.10375061 0.09251385 -0.99029137
vn 0.86439872 0.08279324 0.49594367
vn 0.76662909 0.18071672 0.61613416
vn -0.84585417 0.11704767 -0.52041385
vn 0.05172360 0.04299763 -0.99773537
vn 0.12723172 0.03914171 -0.99110041
vn -0.69615395 0.08585710 -0.71273995
vn -0.68626737 -0.02116542 -0.72704135
vn 0.39695605 0.10869673 -0.91137858
vn -0.04766400 0.11051026 -0.99273140
vn 0.25781226 0.04606523 -0.96509628
vn 0.17821122 0.08832023 -0.98002056
vn 0.02763437 0.00526143 0.99960425
vn 0.54618516 0.13448858 -0.82679779
vn -0.05345260 0.94144576 -0.33290044
vn 0.31048030 0.10239631 -0.94504866
vn -0.82648581 0.06305096 -0.55941557
vn 0.10337138 0.06201142 -0.99270788
vn 0.05245852 0.01545316 -0.99850353
vn 0.57671710 0.13394946 -0.80588767
vn 0.97959691 0.19428960 -0.05139498
vn 0.44344418 0.10376746 -0.89027500
vn 0.38286811 0.13862963 -0.91334212
vn 0.07600406 0.03331032 -0.99655096
vn 0.98709420 0.12807808 -0.09613040
vn 0.20546974 0.08958349 -0.97455476
vn 0.28822416 0.10483171 -0.95180730
vn 0.63160551 0.14166511 -0.76223715
vn 0.22521535 0.11549913 -0.96743889
vn -0.95044729 0.28811061 -0.11679995
vn -0.93318367 0.34786998 -0.09030350
vn 0.27998460 0.08187617 -0.95650662
vn 0.39330065 0.10211427 -0.91372166
vn 0.52199947 0.12840992 -0.84322443
vn -0.94439505 0.22020323 -0.24418953
vn 0.09902010 0.00108745 -0.99508484
vn 0.11620755 0.45751856 -0.88157392
vn 0.09687303 -0.00384314 0.99528933
vn 0.16766285 -0.00345553 -0.98583834
vn 0.36164796 0.00013086 -0.93231472
vn 0.51778681 0.00881558 -0.85546427
vn 0.30498038 -0.16371359 -0.93818166
vn 0.33529100 -0.14326677 -0.93115765
vn 0.17600113 0.02536956 0.98406300
vn 0.50017873 -0.10087689 -0.86002622
vn 0.45425120 -0.14661807 -0.87872578
vn 0.04817121 0.05647453 -0.99724128
vn 0.07427808 -0.02542179 -0.99691349
vn 0.33906980 0.03319986 0.94017522
vn -0.08182250 0.89087370 -0.44682114
vn -0.03015150 0.90638131 -0.42138321
vn -0.17042753 0.01051485 -0.98531411
vn -0.04843863 0.06376205 0.99678889
vn -0.06505442 0.90290661 -0.42488538
vn -0.96179734 0.18437941 -0.20236131
vn 0.17644296 0.04360816 0.98334440
vn -0.93856854 0.15082890 -0.31038644
vn -0.91887772 0.10244930 -0.38100904
vn -0.85572204 0.00296342 -0.51742730
vn -0.76252704 -0.05043214 -0.64498769
vn -0.86786762 -0.04164824 -0.49504668
vn 0.04916936 0.11083473 0.99262180
vn 0.56378399 0.80982374 -0.16227483
vn -0.89731817 0.10776767 -0.42802597
vn -0.63613521 -0.06343040 -0.76896591
vn -0.86230606 0.09662367 -0.49708361
vn -0.93369854 0.06707498 -0.35172145
vn 0.33747682 0.06761988 0.93890199
vn -0.73279834 -0.14224191 -0.66541253
vn 0.66725387 0.02714624 0.74433551
vn -0.24316733 0.05805172 -0.96824565
vn -0.66656065 -0.15834027 -0.72844029
vn -0.32602325 0.05817524 -0.94357007
vn 0.80164089 0.03010260 0.59704750
vn -0.93420433 0.35299954 -0.05151307
vn -0.09853435 -0.04837773 -0.99395703
vn -0.08858797 -0.99531728 0.03867400
vn -0.94902668 0.17851413 -0.25977117
vn 0.90723350 0.41561279 0.06475636
vn 0.90441112 0.42652798 0.01069629
vn 0.02261254 -0.99972258 -0.00659130
vn 0.13202251 -0.98943314 0.05993433
vn 0.00725449 -0.99988974 -0.01295706
vn 0.30098741 -0.78307525 0.54424234
vn 0.29559436 -0.77641392 0.55660165
vn -0.00583525 -0.84966112 0.52729681
vn 0.35214453 -0.80886039 0.47089181
vn 0.25731277 -0.85897720 0.44266049
vn 0.07502616 -0.97229085 0.22140817
vn 0.15049065 -0.89940040 0.41040406
vn 0.11639030 -0.79178545 0.59960746
vn 0.26773670 -0.86473936 0.42490340
vn 0.30867517 -0.74530438 0.59096617
vn 0.14398211 -0.91820831 0.36900224
vn 0.35441795 -0.89737403 0.26288356
vn 0.47658893 -0.77121388 0.42200964
vn 0.44327818 -0.84457160 0.30033857
vn 0.28972667 -0.92063770 0.26169579
vn 0.25493553 -0.95017694 0.17936459
vn 0.26174367 -0.95189149 0.15935129
f 1//1 2//2 3//3
f 4//4 5//5 6//6
f 5//5 4//4 7//7
f 8//8 3//3 2//2
f 5//5 7//7 2//2
f 5//5 3//3 6//6
f 8//8 2//2 7//7
f 6//6 3//3 8//8
f 5//5 1//1 3//3
f 7//7 4//4 8//8
f 2//2 1//1 5//5
f 8//8 4//4 6//6
f 9//9 10//10 11//11
f 12//12 13//13 14//14
f 13//13 12//12 15//15
f 16//16 11//11 10//10
f 13//13 15//15 10//10
f 13//13 11//11 14//14
f 16//16 10//10 15//15
f 14//14 11//11 16//16
f 13//13 9//9 11//11
f 15//15 12//12 16//16
f 10//10 9//9 13//13
f 16//16 12//12 14//14
f 17//17 18//18 19//19
f 20//20 21//21 22//22
f 21//21 20//20 23//23
f 24//24 19//19 18//18
f 21//21 23//23 18//18
f 21//21 19//19 22//22
f 24//24 18//18 23//23
f 22//22 19//19 24//24
f 21//21 17//17 19//19
f 23//23 20//20 24//24
f 18//18 17//17 21//21
f 24//24 20//20 22//22
f 44//44 47//47 25//25
f 44//44 25//25 3357//3357
f 44//44 3357//3357 2384//2384
f 2384//2384 45//45 44//44
f 47//47 44//44 1266//1266
f 48//48 47//47 1266//1266
f 1276//1276 48//48 1266//1266
f 1251//1251 1266//1266 1263//1263
f 1263//1263 1252//1252 1251//1251
f 1251//1251 1252//1252 1372//1372
f 1371//1371 1251//1251 1372//1372
f 1375//1375 1371//1371 1372//1372
f 1372//1372 78//78 1375//1375
f 94//94 1375//1375 78//78
f 1450//1450 94//94 78//78
f 2615//2615 1444//1444 91//91
f 2615//2615 91//91 2527//2527
f 1471//1471 2615//2615 2527//2527
f 104//104 84//84 106//106
f 104//104 106//106 116//116
f 116//116 105//105 104//104
f 116//116 106//106 112//112
f 112//112 106//106 97//97
f 97//97 2634//2634 112//112
f 2660//2660 2634//2634 2673//2673
f 2704//2704 2660//2660 2673//2673
f 2660//2660 2704//2704 2654//2654
f 120//120 116//116 112//112
f 127//127 118//118 121//121
f 123//123 118//118 127//127
f 123//123 119//119 118//118
f 118//118 119//119 114//114
f 121//121 118//118 114//114
f 114//114 1557//1557 2612//2612
f 114//114 105//105 116//116
f 2612//2612 105//105 114//114
f 105//105 2612//2612 1471//1471
f 1444//1444 2615//2615 1485//1485
f 1452//1452 1450//1450 1595//1595
f 1420//1420 1375//1375 1411//1411
f 1377//1377 1420//1420 1411//1411
f 1411//1411 1432//1432 1377//1377
f 1432//1432 1730//1730 1377//1377
f 1730//1730 1275//1275 1377//1377
f 1420//1420 1377//1377 1275//1275
f 1371//1371 1375//1375 1420//1420
f 1266//1266 1420//1420 1275//1275
f 1266//1266 1275//1275 1276//1276
f 1112//1112 1113//1113 1276//1276
f 1732//1732 1112//1112 1276//1276
f 2123//2123 1112//1112 1732//1732
f 2123//2123 1732//1732 2126//2126
f 2123//2123 2126//2126 2124//2124
f 2123//2123 2124//2124 1105//1105
f 1105//1105 1106//1106 2123//2123
f 1106//1106 1112//1112 2123//2123
f 1112//1112 1104//1104 1113//1113
f 1104//1104 1103//1103 1113//1113
f 1103//1103 48//48 1113//1113
f 1103//1103 47//47 48//48
f 47//47 1103//1103 26//26
f 1103//1103 1097//1097 26//26
f 26//26 1097//1097 27//27
f 25//25 26//26 27//27
f 25//25 27//27 3357//3357
f 3357//3357 2327//2327 2384//2384
f 2384//2384 2327//2327 2308//2308
f 2384//2384 2308//2308 2375//2375
f 2384//2384 2375//2375 2405//2405
f 2405//2405 2425//2425 46//46
f 46//46 2425//2425 1252//1252
f 45//45 2405//2405 46//46
f 1263//1263 45//45 46//46
f 44//44 45//45 1263//1263
f 2425//2425 1318//1318 1252//1252
f 1252//1252 1318//1318 1321//1321
f 1321//1321 78//78 1372//1372
f 1321//1321 1315//1315 78//78
f 1315//1315 2469//2469 78//78
f 78//78 2469//2469 91//91
f 91//91 70//70 2527//2527
f 84//84 104//104 79//79
f 106//106 84//84 97//97
f 97//97 98//98 2634//2634
f 1794//1794 2673//2673 1806//1806
f 2081//2081 2820//2820 1794//1794
f 2820//2820 2058//2058 1794//1794
f 2654//2654 2704//2704 2058//2058
f 2704//2704 1794//1794 2058//2058
f 2717//2717 121//121 120//120
f 2078//2078 2765//2765 2717//2717
f 176//176 2870//2870 2898//2898
f 202//202 176//176 2898//2898
f 3041//3041 2898//2898 2953//2953
f 3040//3040 3045//3045 2944//2944
f 3040//3040 2944//2944 3041//3041
f 3039//3039 3040//3040 3041//3041
f 3041//3041 2947//2947 3039//3039
f 3039//3039 2947//2947 3052//3052
f 3039//3039 3052//3052 3139//3139
f 3139//3139 3135//3135 3039//3039
f 3040//3040 3039//3039 3135//3135
f 245//245 246//246 266//266
f 253//253 245//245 266//266
f 249//249 253//253 266//266
f 265//265 249//249 266//266
f 264//264 265//265 266//266
f 264//264 266//266 3137//3137
f 3137//3137 3135//3135 2379//2379
f 2379//2379 2385//2385 3137//3137
f 3137//3137 2385//2385 264//264
f 265//265 2353//2353 267//267
f 265//265 267//267 249//249
f 251//251 252//252 267//267
f 252//252 249//249 267//267
f 249//249 252//252 248//248
f 248//248 224//224 249//249
f 249//249 224//224 253//253
f 253//253 224//224 236//236
f 245//245 3045//3045 246//246
f 3045//3045 216//216 197//197
f 3045//3045 197//197 202//202
f 202//202 197//197 176//176
f 160//160 2078//2078 176//176
f 164//164 160//160 176//176
f 164//164 176//176 200//200
f 153//153 164//164 189//189
f 151//151 153//153 173//173
f 192//192 151//151 173//173
f 184//184 192//192 194//194
f 205//205 206//206 186//186
f 208//208 186//186 206//206
f 208//208 206//206 207//207
f 223//223 207//207 220//220
f 222//222 223//223 220//220
f 2180//2180 223//223 1150//1150
f 2180//2180 1149//1149 2172//2172
f 2172//2172 2146//2146 2139//2139
f 2139//2139 208//208 207//207
f 2172//2172 2139//2139 207//207
f 186//186 208//208 187//187
f 187//187 171//171 170//170
f 168//168 187//187 170//170
f 194//194 168//168 184//184
f 168//168 156//156 149//149
f 144//144 149//149 156//156
f 149//149 147//147 151//151
f 147//147 153//153 151//151
f 160//160 153//153 155//155
f 2765//2765 155//155 121//121
f 147//147 141//141 155//155
f 141//141 144//144 131//131
f 131//131 130//130 141//141
f 130//130 132//132 141//141
f 132//132 126//126 127//127
f 132//132 130//130 126//126
f 127//127 126//126 123//123
f 123//123 1564//1564 119//119
f 119//119 1557//1557 114//114
f 1698//1698 1564//1564 123//123
f 126//126 1698//1698 123//123
f 144//144 139//139 131//131
f 139//139 137//137 131//131
f 137//137 1706//1706 1697//1697
f 1697//1697 1698//1698 137//137
f 1697//1697 1688//1688 1698//1698
f 1688//1688 1595//1595 1485//1485
f 1688//1688 1485//1485 1564//1564
f 1453//1453 1450//1450 1452//1452
f 1453//1453 1498//1498 1412//1412
f 1453//1453 1412//1412 94//94
f 1412//1412 1417//1417 1411//1411
f 1411//1411 1417//1417 1432//1432
f 1552//1552 1546//1546 1553//1553
f 2141//2141 1552//1552 1553//1553
f 1553//1553 2144//2144 2141//2141
f 2141//2141 2144//2144 2143//2143
f 2143//2143 1552//1552 2141//2141
f 1546//1546 1552//1552 2138//2138
f 1546//1546 2138//2138 1432//1432
f 2138//2138 2126//2126 1732//1732
f 2138//2138 1732//1732 1730//1730
f 1732//1732 1276//1276 1730//1730
f 2138//2138 1552//1552 2126//2126
f 2126//2126 1552//1552 2127//2127
f 2126//2126 2127//2127 2128//2128
f 2126//2126 2128//2128 2124//2124
f 2128//2128 2129//2129 2124//2124
f 2129//2129 2115//2115 1105//1105
f 2115//2115 2104//2104 1105//1105
f 1105//1105 2104//2104 1106//1106
f 2104//2104 1107//1107 1106//1106
f 1106//1106 1107//1107 1085//1085
f 1104//1104 1106//1106 1085//1085
f 1097//1097 1085//1085 1081//1081
f 1081//1081 1098//1098 1097//1097
f 27//27 1098//1098 1074//1074
f 27//27 1074//1074 2283//2283
f 2286//2286 1096//1096 3201//3201
f 2327//2327 2286//2286 3193//3193
f 2327//2327 3193//3193 2308//2308
f 2376//2376 2308//2308 3250//3250
f 2376//2376 34//34 35//35
f 54//54 41//41 34//34
f 34//34 2324//2324 54//54
f 54//54 2324//2324 36//36
f 53//53 41//41 54//54
f 36//36 2324//2324 2332//2332
f 36//36 2332//2332 3278//3278
f 3278//3278 3284//3284 29//29
f 49//49 28//28 29//29
f 57//57 49//49 29//29
f 52//52 57//57 29//29
f 29//29 32//32 52//52
f 65//65 49//49 57//57
f 58//58 49//49 65//65
f 28//28 49//49 36//36
f 54//54 36//36 55//55
f 54//54 55//55 2464//2464
f 2464//2464 2462//2462 54//54
f 2469//2469 1283//1283 70//70
f 2469//2469 1315//1315 1283//1283
f 2462//2462 1283//1283 53//53
f 40//40 35//35 41//41
f 41//41 39//39 40//40
f 2376//2376 35//35 2410//2410
f 2375//2375 2376//2376 2410//2410
f 2405//2405 2375//2375 2410//2410
f 2405//2405 2410//2410 2425//2425
f 40//40 2410//2410 35//35
f 2410//2410 40//40 39//39
f 2425//2425 2410//2410 39//39
f 39//39 1318//1318 2425//2425
f 39//39 1315//1315 1318//1318
f 1321//1321 1318//1318 1315//1315
f 39//39 1283//1283 1315//1315
f 1283//1283 39//39 41//41
f 1283//1283 41//41 53//53
f 2490//2490 71//71 79//79
f 2490//2490 79//79 2585//2585
f 80//80 79//79 72//72
f 98//98 97//97 80//80
f 98//98 1671//1671 2635//2635
f 2635//2635 1671//1671 1676//1676
f 2635//2635 1676//1676 2673//2673
f 2673//2673 1676//1676 1806//1806
f 2081//2081 2789//2789 2073//2073
f 2081//2081 2073//2073 2892//2892
f 2892//2892 2820//2820 2081//2081
f 2904//2904 2820//2820 2923//2923
f 2058//2058 2842//2842 2078//2078
f 2078//2078 2842//2842 2870//2870
f 2953//2953 2898//2898 2842//2842
f 2842//2842 2904//2904 2953//2953
f 2966//2966 2953//2953 2904//2904
f 2904//2904 2923//2923 2966//2966
f 2966//2966 2923//2923 3064//3064
f 2947//2947 2960//2960 3158//3158
f 3052//3052 2947//2947 3158//3158
f 2393//2393 3158//3158 3061//3061
f 3061//3061 3065//3065 2393//2393
f 2391//2391 2377//2377 2393//2393
f 2393//2393 2377//2377 2394//2394
f 2377//2377 2397//2397 2394//2394
f 2397//2397 3139//3139 2394//2394
f 3139//3139 3052//3052 2394//2394
f 2394//2394 3052//3052 3158//3158
f 3135//3135 3139//3139 2397//2397
f 2379//2379 3135//3135 2397//2397
f 2385//2385 2379//2379 2400//2400
f 2404//2404 2385//2385 2400//2400
f 2553//2553 2546//2546 307//307
f 307//307 2554//2554 2553//2553
f 323//323 2554//2554 307//307
f 307//307 316//316 323//323
f 573//573 323//323 565//565
f 573//573 565//565 580//580
f 575//575 573//573 580//580
f 578//578 575//575 580//580
f 578//578 580//580 579//579
f 360//360 578//578 579//579
f 360//360 579//579 577//577
f 628//628 360//360 577//577
f 628//628 577//577 2707//2707
f 628//628 629//629 630//630
f 630//630 629//629 638//638
f 638//638 632//632 630//630
f 696//696 632//632 638//638
f 691//691 696//696 638//638
f 691//691 842//842 792//792
f 691//691 792//792 696//696
f 696//696 792//792 710//710
f 858//858 696//696 710//710
f 858//858 710//710 911//911
f 696//696 2779//2779 632//632
f 632//632 2779//2779 2781//2781
f 2781//2781 630//630 632//632
f 360//360 630//630 2781//2781
f 360//360 2781//2781 2664//2664
f 2664//2664 578//578 360//360
f 2665//2665 578//578 2664//2664
f 2658//2658 2665//2665 2664//2664
f 2663//2663 2658//2658 2664//2664
f 2664//2664 2785//2785 2663//2663
f 2663//2663 2785//2785 2788//2788
f 2788//2788 2797//2797 2663//2663
f 2797//2797 2678//2678 2663//2663
f 1301//1301 2678//2678 2797//2797
f 2268//2268 1301//1301 1300//1300
f 1299//1299 2268//2268 1300//1300
f 1332//1332 1299//1299 1300//1300
f 1332//1332 1300//1300 1330//1330
f 1353//1353 1332//1332 1330//1330
f 1330//1330 1328//1328 1353//1353
f 1353//1353 1328//1328 1351//1351
f 1351//1351 1352//1352 1353//1353
f 1354//1354 1353//1353 1352//1352
f 1352//1352 1360//1360 1354//1354
f 1335//1335 1354//1354 1360//1360
f 1335//1335 1360//1360 1362//1362
f 1336//1336 1335//1335 1362//1362
f 1336//1336 1339//1339 1337//1337
f 1339//1339 2346//2346 1337//1337
f 1341//1341 2345//2345 2346//2346
f 1822//1822 2358//2358 1819//1819
f 1819//1819 2358//2358 2355//2355
f 2355//2355 2358//2358 2354//2354
f 2355//2355 1818//1818 1819//1819
f 1341//1341 2356//2356 2359//2359
f 2352//2352 2345//2345 2359//2359
f 2351//2351 2345//2345 2352//2352
f 2291//2291 2351//2351 2352//2352
f 2291//2291 2352//2352 2359//2359
f 2295//2295 2291//2291 2359//2359
f 2295//2295 2359//2359 2365//2365
f 2363//2363 2295//2295 2365//2365
f 2363//2363 2365//2365 2364//2364
f 2301//2301 2300//2300 2302//2302
f 2374//2374 2301//2301 2302//2302
f 2747//2747 2368//2368 2374//2374
f 2747//2747 2374//2374 2373//2373
f 3884//3884 3901//3901 2373//2373
f 2373//2373 3901//3901 2746//2746
f 2746//2746 2748//2748 2373//2373
f 2746//2746 3901//3901 3549//3549
f 3558//3558 2746//2746 3549//3549
f 3559//3559 3558//3558 3549//3549
f 3551//3551 3559//3559 3549//3549
f 3551//3551 4741//4741 3559//3559
f 3559//3559 4741//4741 2343//2343
f 2343//2343 3558//3558 3559//3559
f 2339//2339 3558//3558 2342//2342
f 2337//2337 2342//2342 2341//2341
f 2333//2333 2337//2337 2341//2341
f 2341//2341 2334//2334 2333//2333
f 2335//2335 2334//2334 2336//2336
f 2336//2336 4067//4067 2335//2335
f 2329//2329 2331//2331 2335//2335
f 2335//2335 5595//5595 2329//2329
f 2325//2325 2331//2331 2326//2326
f 2378//2378 2331//2331 2325//2325
f 2325//2325 2305//2305 2378//2378
f 2330//2330 2331//2331 2378//2378
f 2330//2330 2333//2333 2334//2334
f 2333//2333 2744//2744 2340//2340
f 2333//2333 2340//2340 2337//2337
f 2337//2337 2340//2340 2339//2339
f 2747//2747 2748//2748 2340//2340
f 2340//2340 2748//2748 2339//2339
f 2368//2368 2747//2747 2340//2340
f 2340//2340 2744//2744 2368//2368
f 2368//2368 2744//2744 2372//2372
f 2368//2368 2372//2372 2370//2370
f 2368//2368 2370//2370 2369//2369
f 2369//2369 2370//2370 2364//2364
f 2362//2362 2295//2295 2370//2370
f 2295//2295 2363//2363 2370//2370
f 2362//2362 2296//2296 2295//2295
f 2296//2296 2291//2291 2295//2295
f 2296//2296 2289//2289 2291//2291
f 2290//2290 2291//2291 2289//2289
f 2351//2351 2275//2275 2350//2350
f 2350//2350 2273//2273 2349//2349
f 2273//2273 1333//1333 2349//2349
f 1337//1337 2349//2349 1333//1333
f 2346//2346 2349//2349 1337//1337
f 2346//2346 2345//2345 2349//2349
f 2349//2349 2345//2345 2350//2350
f 1334//1334 1336//1336 1333//1333
f 1335//1335 1336//1336 1334//1334
f 1334//1334 1354//1354 1335//1335
f 1334//1334 1332//1332 1354//1354
f 1331//1331 1354//1354 1332//1332
f 1331//1331 1353//1353 1354//1354
f 1333//1333 1332//1332 1334//1334
f 1333//1333 1299//1299 1332//1332
f 2273//2273 1299//1299 1333//1333
f 2273//2273 2274//2274 2267//2267
f 2273//2273 2267//2267 2268//2268
f 2272//2272 2269//2269 2268//2268
f 2269//2269 2271//2271 2678//2678
f 2271//2271 2670//2670 2678//2678
f 2670//2670 2658//2658 2678//2678
f 2657//2657 575//575 2665//2665
f 574//574 575//575 2657//2657
f 2657//2657 2579//2579 574//574
f 574//574 572//572 573//573
f 572//572 323//323 573//573
f 2554//2554 323//323 572//572
f 2579//2579 2554//2554 572//572
f 2565//2565 2554//2554 2579//2579
f 2554//2554 2565//2565 2553//2553
f 2565//2565 2414//2414 2409//2409
f 2353//2353 2385//2385 2409//2409
f 2415//2415 2409//2409 2385//2385
f 2415//2415 2565//2565 2409//2409
f 2409//2409 2414//2414 2347//2347
f 2347//2347 2353//2353 2409//2409
f 2347//2347 2348//2348 2353//2353
f 2348//2348 267//267 2353//2353
f 251//251 267//267 2348//2348
f 258//258 251//251 2366//2366
f 258//258 252//252 251//251
f 252//252 227//227 248//248
f 248//248 227//227 224//224
f 227//227 228//228 224//224
f 228//228 236//236 224//224
f 236//236 188//188 234//234
f 188//188 201//201 234//234
f 189//189 201//201 188//188
f 236//236 234//234 215//215
f 215//215 234//234 201//201
f 201//201 216//216 215//215
f 215//215 216//216 245//245
f 201//201 197//197 216//216
f 201//201 200//200 197//197
f 200//200 201//201 164//164
f 201//201 189//189 164//164
f 225//225 188//188 236//236
f 173//173 189//189 188//188
f 225//225 192//192 188//188
f 230//230 194//194 191//191
f 230//230 219//219 194//194
f 206//206 219//219 217//217
f 206//206 217//217 220//220
f 219//219 237//237 217//217
f 217//217 237//237 218//218
f 217//217 218//218 220//220
f 220//220 218//218 3027//3027
f 222//222 3027//3027 1162//1162
f 1162//1162 1163//1163 222//222
f 1150//1150 1163//1163 1161//1161
f 1150//1150 1161//1161 1165//1165
f 1165//1165 1153//1153 1150//1150
f 1154//1154 1153//1153 1165//1165
f 1165//1165 1171//1171 1154//1154
f 1167//1167 1173//1173 1171//1171
f 1165//1165 1167//1167 1171//1171
f 1167//1167 1165//1165 1161//1161
f 1185//1185 1167//1167 1161//1161
f 1185//1185 1161//1161 1160//1160
f 1160//1160 268//268 2360//2360
f 2366//2366 2360//2360 268//268
f 2360//2360 2347//2347 2418//2418
f 1186//1186 2360//2360 2418//2418
f 1186//1186 1188//1188 1181//1181
f 1185//1185 1181//1181 1188//1188
f 1188//1188 1189//1189 1185//1185
f 1167//1167 1185//1185 1190//1190
f 1167//1167 1190//1190 1173//1173
f 1190//1190 1185//1185 1189//1189
f 1190//1190 2201//2201 1173//1173
f 1154//1154 1173//1173 2194//2194
f 2204//2204 2205//2205 2198//2198
f 2205//2205 2210//2210 2198//2198
f 2198//2198 2210//2210 2207//2207
f 2199//2199 2198//2198 2207//2207
f 2174//2174 2208//2208 2668//2668
f 2175//2175 2174//2174 2668//2668
f 2163//2163 2174//2174 2175//2175
f 2174//2174 2182//2182 2207//2207
f 2207//2207 2182//2182 2199//2199
f 2199//2199 2182//2182 2181//2181
f 2197//2197 2199//2199 2181//2181
f 2196//2196 2197//2197 2181//2181
f 2181//2181 2177//2177 2196//2196
f 2177//2177 2178//2178 2196//2196
f 2196//2196 2204//2204 2197//2197
f 2178//2178 2195//2195 2196//2196
f 2196//2196 2195//2195 2200//2200
f 2195//2195 1154//1154 2194//2194
f 1145//1145 1144//1144 1142//1142
f 1142//1142 1151//1151 1153//1153
f 1142//1142 1153//1153 1145//1145
f 1150//1150 1153//1153 1151//1151
f 2180//2180 1150//1150 1151//1151
f 1132//1132 2029//2029 2152//2152
f 1132//1132 2152//2152 1143//1143
f 1136//1136 1143//1143 1144//1144
f 2158//2158 2157//2157 1876//1876
f 1876//1876 1872//1872 2158//2158
f 2158//2158 1872//1872 1135//1135
f 1136//1136 1135//1135 1132//1132
f 1136//1136 1132//1132 1143//1143
f 1859//1859 2029//2029 1133//1133
f 1988//1988 2152//2152 2029//2029
f 1988//1988 2146//2146 2152//2152
f 1988//1988 171//171 2139//2139
f 1988//1988 1983//1983 171//171
f 1983//1983 1975//1975 171//171
f 170//170 171//171 1975//1975
f 1975//1975 142//142 170//170
f 156//156 170//170 142//142
f 139//139 144//144 156//156
f 156//156 142//142 139//139
f 142//142 1771//1771 139//139
f 1706//1706 1712//1712 1711//1711
f 1711//1711 1688//1688 1697//1697
f 1712//1712 1497//1497 1711//1711
f 1711//1711 1497//1497 1452//1452
f 1688//1688 1711//1711 1452//1452
f 1452//1452 1497//1497 1498//1498
f 1498//1498 1655//1655 1412//1412
f 1533//1533 1417//1417 1655//1655
f 1876//1876 2154//2154 1737//1737
f 1737//1737 2154//2154 1553//1553
f 1553//1553 1738//1738 1737//1737
f 1737//1737 1738//1738 1735//1735
f 1737//1737 1735//1735 1872//1872
f 1872//1872 1859//1859 1133//1133
f 1735//1735 1859//1859 1872//1872
f 1845//1845 1859//1859 1735//1735
f 1845//1845 1735//1735 1725//1725
f 1720//1720 1845//1845 1725//1725
f 1785//1785 1720//1720 1653//1653
f 1845//1845 1926//1926 1859//1859
f 1859//1859 1926//1926 2029//2029
f 2029//2029 1926//1926 1988//1988
f 1983//1983 1988//1988 1926//1926
f 1983//1983 1926//1926 1843//1843
f 1975//1975 1983//1983 1843//1843
f 1975//1975 1771//1771 142//142
f 1497//1497 1712//1712 1716//1716
f 1655//1655 1497//1497 1716//1716
f 1716//1716 1653//1653 1655//1655
f 1720//1720 1655//1655 1653//1653
f 1720//1720 1533//1533 1655//1655
f 1771//1771 1716//1716 1712//1712
f 1785//1785 1716//1716 1771//1771
f 1975//1975 1785//1785 1771//1771
f 1975//1975 1843//1843 1785//1785
f 1843//1843 1926//1926 1845//1845
f 1843//1843 1845//1845 1785//1785
f 1716//1716 1785//1785 1653//1653
f 1733//1733 1720//1720 1725//1725
f 1785//1785 1845//1845 1720//1720
f 1738//1738 1725//1725 1735//1735
f 1553//1553 1733//1733 1738//1738
f 1733//1733 1553//1553 1546//1546
f 1733//1733 1725//1725 1738//1738
f 1533//1533 1720//1720 1733//1733
f 1532//1532 1533//1533 1733//1733
f 1417//1417 1533//1533 1532//1532
f 1655//1655 1498//1498 1497//1497
f 1771//1771 1712//1712 1706//1706
f 1133//1133 1135//1135 1872//1872
f 1135//1135 1133//1133 1132//1132
f 1737//1737 1872//1872 1876//1876
f 2157//2157 2154//2154 1876//1876
f 2157//2157 2156//2156 2154//2154
f 2154//2154 2156//2156 2144//2144
f 2144//2144 2156//2156 2142//2142
f 2142//2142 2143//2143 2144//2144
f 2142//2142 2132//2132 2143//2143
f 2128//2128 2143//2143 2131//2131
f 2114//2114 2128//2128 2131//2131
f 2117//2117 2114//2114 2131//2131
f 2133//2133 2117//2117 2131//2131
f 2133//2133 2131//2131 2132//2132
f 5619//5619 5596//5596 5212//5212
f 5226//5226 5228//5228 5619//5619
f 3849//3849 5226//5226 5619//5619
f 5212//5212 3849//3849 5619//5619
f 5212//5212 5088//5088 5214//5214
f 5446//5446 3864//3864 3760//3760
f 5226//5226 3864//3864 5227//5227
f 5137//5137 5607//5607 5605//5605
f 5227//5227 5137//5137 4719//4719
f 5598//5598 5227//5227 4719//4719
f 4719//4719 4832//4832 5598//5598
f 5598//5598 4832//4832 4834//4834
f 5228//5228 4834//4834 5619//5619
f 5619//5619 5496//5496 5596//5596
f 4834//4834 5514//5514 5496//5496
f 4832//4832 5514//5514 4834//4834
f 5448//5448 5514//5514 4832//4832
f 4832//4832 4486//4486 5448//5448
f 4721//4721 4280//4280 4486//4486
f 4280//4280 5416//5416 4486//4486
f 5444//5444 5408//5408 5496//5496
f 5514//5514 5444//5444 5496//5496
f 2118//2118 5497//5497 5489//5489
f 2118//2118 2133//2133 2134//2134
f 2133//2133 2147//2147 2134//2134
f 2118//2118 2119//2119 2133//2133
f 2119//2119 2116//2116 2133//2133
f 2133//2133 2116//2116 2117//2117
f 2107//2107 2106//2106 2116//2116
f 2106//2106 2092//2092 2115//2115
f 2092//2092 2104//2104 2115//2115
f 2114//2114 2115//2115 2129//2129
f 2116//2116 2106//2106 2114//2114
f 2115//2115 2114//2114 2106//2106
f 1107//1107 1069//1069 1085//1085
f 1085//1085 1069//1069 1073//1073
f 1081//1081 1085//1085 1073//1073
f 1066//1066 1081//1081 1073//1073
f 1066//1066 1073//1073 947//947
f 947//947 1024//1024 1066//1066
f 1098//1098 1066//1066 1078//1078
f 1098//1098 1078//1078 1074//1074
f 1074//1074 1078//1078 1080//1080
f 1074//1074 1080//1080 1075//1075
f 1074//1074 1075//1075 1096//1096
f 1092//1092 1087//1087 1096//1096
f 1096//1096 1087//1087 3201//3201
f 3201//3201 1087//1087 3130//3130
f 3193//3193 3130//3130 3190//3190
f 3250//3250 3193//3193 3190//3190
f 2317//2317 3250//3250 3180//3180
f 3284//3284 3278//3278 2332//2332
f 2332//2332 3206//3206 3284//3284
f 3118//3118 3284//3284 3206//3206
f 3101//3101 3095//3095 3003//3003
f 3101//3101 3003//3003 2943//2943
f 2950//2950 3054//3054 2943//2943
f 2950//2950 2943//2943 2902//2902
f 2950//2950 2902//2902 2151//2151
f 987//987 2950//2950 2151//2151
f 987//987 999//999 1000//1000
f 1000//1000 1014//1014 1118//1118
f 1118//1118 2218//2218 1000//1000
f 2218//2218 987//987 1000//1000
f 1141//1141 1146//1146 2218//2218
f 3244//3244 1146//1146 2338//2338
f 2338//2338 3302//3302 3244//3244
f 3302//3302 2338//2338 32//32
f 2420//2420 32//32 2338//2338
f 2438//2438 1187//1187 1191//1191
f 2422//2422 1187//1187 2438//2438
f 2438//2438 2448//2448 2422//2422
f 2448//2448 2446//2446 2422//2422
f 52//52 32//32 2422//2422
f 2420//2420 2422//2422 32//32
f 2422//2422 2420//2420 1187//1187
f 2446//2446 52//52 2422//2422
f 2487//2487 2448//2448 2455//2455
f 2448//2448 2487//2487 76//76
f 2596//2596 76//76 1129//1129
f 2596//2596 1129//1129 1681//1681
f 68//68 74//74 2596//2596
f 1681//1681 1676//1676 2596//2596
f 1821//1821 1806//1806 1676//1676
f 1128//1128 1754//1754 2108//2108
f 2108//2108 1754//1754 1140//1140
f 2108//2108 1140//1140 212//212
f 2108//2108 212//212 2135//2135
f 1138//1138 2108//2108 2135//2135
f 2892//2892 2073//2073 1138//1138
f 1884//1884 1806//1806 1821//1821
f 1138//1138 2073//2073 1884//1884
f 1138//1138 1884//1884 1128//1128
f 3065//3065 275//275 273//273
f 2391//2391 3065//3065 273//273
f 291//291 273//273 274//274
f 296//296 291//291 274//274
f 292//292 296//296 311//311
f 295//295 292//292 311//311
f 2388//2388 291//291 295//295
f 295//295 291//291 292//292
f 291//291 2388//2388 2391//2391
f 291//291 2391//2391 273//273
f 2404//2404 2387//2387 308//308
f 2546//2546 2404//2404 308//308
f 308//308 295//295 309//309
f 307//307 308//308 309//309
f 316//316 307//307 309//309
f 311//311 316//316 309//309
f 316//316 311//311 312//312
f 313//313 312//312 314//314
f 313//313 314//314 315//315
f 313//313 315//315 318//318
f 313//313 318//318 326//326
f 326//326 316//316 312//312
f 566//566 326//326 1778//1778
f 565//565 566//566 567//567
f 566//566 1778//1778 567//567
f 567//567 1778//1778 2700//2700
f 2700//2700 2709//2709 567//567
f 567//567 2709//2709 577//577
f 577//577 580//580 567//567
f 2707//2707 577//577 2709//2709
f 2707//2707 2709//2709 2708//2708
f 624//624 2707//2707 2708//2708
f 2708//2708 641//641 624//624
f 624//624 641//641 642//642
f 642//642 625//625 624//624
f 624//624 625//625 629//629
f 638//638 629//629 643//643
f 629//629 625//625 643//643
f 642//642 643//643 625//625
f 643//643 642//642 722//722
f 722//722 694//694 643//643
f 691//691 643//643 694//694
f 792//792 842//842 927//927
f 915//915 792//792 927//927
f 955//955 915//915 932//932
f 932//932 960//960 955//955
f 955//955 960//960 2921//2921
f 1359//1359 1352//1352 2921//2921
f 1326//1326 2921//2921 1352//1352
f 1326//1326 1352//1352 1351//1351
f 921//921 1326//1326 922//922
f 921//921 913//913 915//915
f 921//921 922//922 913//913
f 911//911 913//913 922//922
f 1297//1297 858//858 911//911
f 966//966 965//965 1330//1330
f 1301//1301 966//966 1330//1330
f 1300//1300 1301//1301 1330//1330
f 966//966 1301//1301 2797//2797
f 1330//1330 965//965 1328//1328
f 965//965 1327//1327 1328//1328
f 1328//1328 1327//1327 922//922
f 965//965 966//966 2788//2788
f 965//965 1297//1297 1327//1327
f 965//965 2788//2788 1297//1297
f 911//911 1327//1327 1297//1297
f 1297//1297 2779//2779 858//858
f 2785//2785 2779//2779 1297//1297
f 2781//2781 2779//2779 2785//2785
f 922//922 1327//1327 911//911
f 1351//1351 922//922 1326//1326
f 921//921 2921//2921 1326//1326
f 921//921 915//915 2921//2921
f 1355//1355 1352//1352 1359//1359
f 1359//1359 1358//1358 1355//1355
f 1358//1358 1356//1356 1355//1355
f 1355//1355 1356//1356 1363//1363
f 1355//1355 1363//1363 1362//1362
f 1360//1360 1355//1355 1362//1362
f 1362//1362 1363//1363 1338//1338
f 1362//1362 1338//1338 1339//1339
f 1338//1338 1814//1814 1341//1341
f 1363//1363 1364//1364 1814//1814
f 1814//1814 1815//1815 1819//1819
f 1814//1814 1314//1314 1815//1815
f 1815//1815 1314//1314 1817//1817
f 1817//1817 1820//1820 1815//1815
f 1815//1815 1820//1820 1822//1822
f 1822//1822 1824//1824 2358//2358
f 2358//2358 1824//1824 2357//2357
f 2367//2367 2354//2354 2358//2358
f 2301//2301 2358//2358 2357//2357
f 2357//2357 2300//2300 2301//2301
f 2357//2357 3666//3666 2300//2300
f 3666//3666 3670//3670 2300//2300
f 2302//2302 2300//2300 3670//3670
f 2302//2302 3670//3670 3689//3689
f 3695//3695 2302//2302 3689//3689
f 3884//3884 3695//3695 3689//3689
f 3884//3884 3689//3689 3691//3691
f 3884//3884 3691//3691 3742//3742
f 3742//3742 3901//3901 3884//3884
f 3551//3551 3549//3549 3913//3913
f 3552//3552 3551//3551 3913//3913
f 3913//3913 3745//3745 3552//3552
f 3552//3552 3745//3745 3553//3553
f 3552//3552 3553//3553 3555//3555
f 3554//3554 3552//3552 3555//3555
f 3554//3554 4744//4744 3551//3551
f 4743//4743 3551//3551 4744//4744
f 4253//4253 4243//4243 4743//4743
f 4218//4218 4743//4743 4243//4243
f 4220//4220 4218//4218 4243//4243
f 4220//4220 4243//4243 4257//4257
f 4220//4220 4257//4257 4231//4231
f 1827//1827 1346//1346 1829//1829
f 1829//1829 371//371 1827//1827
f 1827//1827 1350//1350 1346//1346
f 1348//1348 1828//1828 1346//1346
f 3550//3550 1348//1348 1825//1825
f 1825//1825 3547//3547 3550//3550
f 3547//3547 3548//3548 3550//3550
f 3550//3550 3548//3548 4231//4231
f 4218//4218 4220//4220 3548//3548
f 3548//3548 4742//4742 4218//4218
f 4218//4218 4741//4741 4743//4743
f 4741//4741 4218//4218 2343//2343
f 2343//2343 4218//4218 4742//4742
f 2343//2343 4742//4742 4070//4070
f 2343//2343 4070//4070 2344//2344
f 2343//2343 2344//2344 2342//2342
f 2344//2344 4070//4070 4069//4069
f 2344//2344 4069//4069 2341//2341
f 2341//2341 4069//4069 2336//2336
f 2341//2341 2336//2336 2334//2334
f 2336//2336 4069//4069 4071//4071
f 4071//4071 4067//4067 2336//2336
f 1345//1345 4067//4067 4071//4071
f 1342//1342 1344//1344 1345//1345
f 4067//4067 1345//1345 1344//1344
f 4067//4067 1344//1344 5595//5595
f 2321//2321 2320//2320 4061//4061
f 5591//5591 4061//4061 2314//2314
f 2328//2328 5556//5556 2266//2266
f 2328//2328 2266//2266 2326//2326
f 1812//1812 2325//2325 2266//2266
f 1812//1812 2303//2303 2325//2325
f 2305//2305 2325//2325 2303//2303
f 2303//2303 2298//2298 2305//2305
f 2305//2305 2298//2298 2361//2361
f 2296//2296 2362//2362 2361//2361
f 2361//2361 2362//2362 2745//2745
f 2372//2372 2745//2745 2362//2362
f 2378//2378 2305//2305 2745//2745
f 2745//2745 2330//2330 2378//2378
f 2296//2296 2361//2361 2297//2297
f 2745//2745 2305//2305 2361//2361
f 2361//2361 2298//2298 2297//2297
f 2298//2298 2294//2294 2297//2297
f 2297//2297 2294//2294 2289//2289
f 2292//2292 2289//2289 2294//2294
f 2292//2292 2294//2294 2293//2293
f 2293//2293 2304//2304 2284//2284
f 2284//2284 2285//2285 2293//2293
f 2293//2293 2285//2285 2281//2281
f 2281//2281 2282//2282 2293//2293
f 2279//2279 2288//2288 2282//2282
f 2288//2288 2292//2292 2282//2282
f 2279//2279 2287//2287 2288//2288
f 2287//2287 2290//2290 2288//2288
f 2287//2287 2275//2275 2290//2290
f 2267//2267 2287//2287 2277//2277
f 2272//2272 2267//2267 2277//2277
f 2272//2272 2277//2277 2278//2278
f 1777//1777 2272//2272 2278//2278
f 1203//1203 2271//2271 1777//1777
f 2201//2201 2203//2203 2194//2194
f 2203//2203 2201//2201 2229//2229
f 2203//2203 2229//2229 2232//2232
f 2232//2232 2205//2205 2203//2203
f 2234//2234 2205//2205 2232//2232
f 2235//2235 2234//2234 2232//2232
f 2232//2232 2233//2233 2235//2235
f 2244//2244 1799//1799 1798//1798
f 1798//1798 1799//1799 1797//1797
f 1795//1795 1798//1798 1797//1797
f 1809//1809 2304//2304 1808//1808
f 1808//1808 2304//2304 1812//1812
f 1812//1812 1811//1811 1808//1808
f 1808//1808 3485//3485 1809//1809
f 1801//1801 1809//1809 3485//3485
f 1800//1800 1801//1801 3485//3485
f 1800//1800 1795//1795 1801//1801
f 1793//1793 1795//1795 1800//1800
f 1791//1791 1795//1795 1793//1793
f 1791//1791 2706//2706 2703//2703
f 1798//1798 1791//1791 2703//2703
f 2242//2242 2240//2240 2703//2703
f 2703//2703 2240//2240 1798//1798
f 2240//2240 2241//2241 2244//2244
f 2234//2234 2241//2241 2213//2213
f 2213//2213 2210//2210 2234//2234
f 2212//2212 2210//2210 2213//2213
f 2682//2682 2212//2212 2213//2213
f 2684//2684 2681//2681 2682//2682
f 2705//2705 2681//2681 2684//2684
f 2705//2705 2988//2988 2683//2683
f 2683//2683 2988//2988 4100//4100
f 2683//2683 2672//2672 2681//2681
f 2681//2681 2672//2672 2682//2682
f 2211//2211 2212//2212 2672//2672
f 2208//2208 2212//2212 2211//2211
f 2668//2668 2211//2211 2669//2669
f 2671//2671 2668//2668 2669//2669
f 3850//3850 5571//5571 5576//5576
f 4002//4002 3850//3850 5576//5576
f 5576//5576 4004//4004 4002//4002
f 5571//5571 3850//3850 2170//2170
f 2175//2175 5572//5572 2170//2170
f 2163//2163 2170//2170 2166//2166
f 2159//2159 2182//2182 2163//2163
f 2159//2159 2163//2163 2162//2162
f 2162//2162 2160//2160 2159//2159
f 2159//2159 2160//2160 2161//2161
f 2159//2159 2161//2161 2181//2181
f 2158//2158 2177//2177 2161//2161
f 2160//2160 2157//2157 2161//2161
f 2156//2156 2157//2157 2160//2160
f 2145//2145 2142//2142 2160//2160
f 2145//2145 2132//2132 2142//2142
f 2162//2162 2165//2165 2145//2145
f 2165//2165 3846//3846 2145//2145
f 2145//2145 3846//3846 2148//2148
f 2145//2145 2148//2148 2147//2147
f 2148//2148 3846//3846 5088//5088
f 2148//2148 2134//2134 2147//2147
f 2134//2134 2148//2148 5088//5088
f 3846//3846 5214//5214 5088//5088
f 3850//3850 5214//5214 3846//3846
f 2145//2145 2160//2160 2162//2162
f 2163//2163 2165//2165 2162//2162
f 2181//2181 2182//2182 2159//2159
f 2182//2182 2174//2174 2163//2163
f 2166//2166 2165//2165 2163//2163
f 2166//2166 3846//3846 2165//2165
f 3846//3846 2166//2166 2170//2170
f 2170//2170 3850//3850 3846//3846
f 4002//4002 3849//3849 3850//3850
f 4002//4002 5446//5446 3760//3760
f 4004//4004 5446//5446 4002//4002
f 5450//5450 4004//4004 5545//5545
f 5450//5450 5545//5545 5525//5525
f 5482//5482 5450//5450 5525//5525
f 5548//5548 5482//5482 5525//5525
f 5601//5601 5549//5549 5548//5548
f 5600//5600 5601//5601 5525//5525
f 5600//5600 5525//5525 5545//5545
f 5599//5599 5600//5600 5545//5545
f 5602//5602 5601//5601 5600//5600
f 3365//3365 5610//5610 3351//3351
f 3392//3392 3213//3213 3365//3365
f 3213//3213 5613//5613 3365//3365
f 3365//3365 5613//5613 5610//5610
f 3351//3351 5610//5610 5602//5602
f 5613//5613 5601//5601 5610//5610
f 5549//5549 5601//5601 5613//5613
f 5613//5613 5606//5606 5549//5549
f 5606//5606 3479//3479 5549//5549
f 3479//3479 3476//3476 5549//5549
f 5549//5549 3476//3476 5548//5548
f 5548//5548 3476//3476 5535//5535
f 5535//5535 3476//3476 5498//5498
f 5498//5498 5456//5456 5535//5535
f 5456//5456 5482//5482 5535//5535
f 5482//5482 5548//5548 5535//5535
f 5450//5450 5482//5482 5456//5456
f 5456//5456 3873//3873 5450//5450
f 3874//3874 5450//5450 3873//3873
f 5492//5492 5420//5420 5456//5456
f 5498//5498 3981//3981 5492//5492
f 5498//5498 3476//3476 3475//3475
f 3475//3475 3986//3986 5498//5498
f 3981//3981 3986//3986 3887//3887
f 3981//3981 3887//3887 3830//3830
f 3911//3911 3981//3981 3830//3830
f 3911//3911 5492//5492 3981//3981
f 3911//3911 3830//3830 3794//3794
f 3911//3911 3794//3794 5420//5420
f 3700//3700 5269//5269 3794//3794
f 5269//5269 3655//3655 5420//5420
f 3794//3794 5269//5269 5420//5420
f 3870//3870 5420//5420 3655//3655
f 5446//5446 3874//3874 3870//3870
f 5446//5446 5450//5450 3874//3874
f 5446//5446 4004//4004 5450//5450
f 3864//3864 5446//5446 3870//3870
f 3655//3655 3864//3864 3870//3870
f 5420//5420 3870//3870 3873//3873
f 3652//3652 5023//5023 3655//3655
f 5023//5023 5137//5137 3655//3655
f 5558//5558 5607//5607 5023//5023
f 5607//5607 5137//5137 5023//5023
f 5607//5607 4573//4573 5605//5605
f 4721//4721 5605//5605 4573//4573
f 4721//4721 4573//4573 4498//4498
f 4498//4498 4280//4280 4721//4721
f 4399//4399 4049//4049 4280//4280
f 4399//4399 4162//4162 4059//4059
f 4399//4399 4059//4059 4049//4049
f 4059//4059 4057//4057 4049//4049
f 4049//4049 4057//4057 4155//4155
f 4049//4049 4155//4155 4280//4280
f 4155//4155 5325//5325 5416//5416
f 3848//3848 5325//5325 4155//4155
f 3848//3848 3837//3837 5325//5325
f 3645//3645 3837//3837 3848//3848
f 5187//5187 5177//5177 2096//2096
f 5191//5191 5187//5187 2096//2096
f 5409//5409 5191//5191 2096//2096
f 5409//5409 2096//2096 5410//5410
f 5325//5325 3837//3837 5317//5317
f 3837//3837 5193//5193 5317//5317
f 5193//5193 5191//5191 5317//5317
f 5408//5408 5317//5317 5409//5409
f 5408//5408 5409//5409 5410//5410
f 5410//5410 5489//5489 5408//5408
f 5408//5408 5444//5444 5317//5317
f 5416//5416 5317//5317 5448//5448
f 5448//5448 5317//5317 5444//5444
f 2107//2107 2118//2118 5410//5410
f 5410//5410 2096//2096 2107//2107
f 2096//2096 2095//2095 2107//2107
f 2095//2095 2092//2092 2106//2106
f 2104//2104 2092//2092 1070//1070
f 2104//2104 1070//1070 1107//1107
f 1107//1107 1070//1070 1069//1069
f 2086//2086 1070//1070 2092//2092
f 1003//1003 1059//1059 2086//2086
f 1069//1069 1070//1070 1059//1059
f 1059//1059 1073//1073 1069//1069
f 1073//1073 1059//1059 1003//1003
f 1004//1004 1073//1073 1003//1003
f 1004//1004 947//947 1073//1073
f 946//946 1050//1050 1024//1024
f 1024//1024 1050//1050 1049//1049
f 1099//1099 1044//1044 1054//1054
f 1044//1044 1045//1045 1054//1054
f 1054//1054 1093//1093 1079//1079
f 1079//1079 1093//1093 1089//1089
f 1089//1089 1075//1075 1079//1079
f 1079//1079 1075//1075 1080//1080
f 1079//1079 1080//1080 1078//1078
f 1092//1092 1075//1075 1089//1089
f 1089//1089 1064//1064 1088//1088
f 2970//2970 3057//3057 1088//1088
f 1088//1088 3057//3057 3074//3074
f 3074//3074 3067//3067 1088//1088
f 1087//1087 3067//3067 3130//3130
f 3190//3190 3179//3179 3250//3250
f 3250//3250 3179//3179 3180//3180
f 2270//2270 3206//3206 2332//2332
f 2270//2270 2332//2332 2324//2324
f 2998//2998 3003//3003 3095//3095
f 2940//2940 2943//2943 3003//3003
f 2902//2902 2868//2868 2854//2854
f 2151//2151 2136//2136 987//987
f 2136//2136 999//999 987//987
f 999//999 1705//1705 951//951
f 1014//1014 999//999 951//951
f 958//958 1014//1014 951//951
f 958//958 951//951 954//954
f 954//954 1023//1023 958//958
f 917//917 958//958 1023//1023
f 1013//1013 917//917 893//893
f 1014//1014 1063//1063 1062//1062
f 1014//1014 1062//1062 1118//1118
f 1141//1141 1118//1118 1094//1094
f 1191//1191 1094//1094 1170//1170
f 2438//2438 1170//1170 2455//2455
f 1119//1119 2455//2455 1366//1366
f 76//76 1119//1119 1120//1120
f 76//76 1122//1122 1129//1129
f 1122//1122 1746//1746 1129//1129
f 1745//1745 1129//1129 1746//1746
f 1748//1748 1745//1745 1747//1747
f 1748//1748 1747//1747 1752//1752
f 1748//1748 1752//1752 1754//1754
f 2188//2188 1140//1140 1754//1754
f 1748//1748 1128//1128 1129//1129
f 1124//1124 1129//1129 1128//1128
f 1140//1140 2188//2188 242//242
f 260//260 242//242 241//241
f 1158//1158 1159//1159 109//109
f 1158//1158 109//109 95//95
f 196//196 83//83 95//95
f 158//158 157//157 161//161
f 158//158 161//161 256//256
f 256//256 315//315 158//158
f 315//315 299//299 158//158
f 158//158 299//299 297//297
f 297//297 157//157 158//158
f 279//279 88//88 297//297
f 279//279 280//280 88//88
f 280//280 85//85 88//88
f 88//88 85//85 83//83
f 83//83 85//85 96//96
f 85//85 239//239 96//96
f 260//260 1158//1158 96//96
f 238//238 259//259 239//239
f 260//260 259//259 242//242
f 259//259 212//212 242//242
f 238//238 3083//3083 3073//3073
f 210//210 2135//2135 212//212
f 210//210 212//212 238//238
f 2972//2972 2135//2135 3073//3073
f 3073//3073 2135//2135 210//210
f 3073//3073 210//210 238//238
f 278//278 280//280 279//279
f 276//276 278//278 279//279
f 274//274 279//279 297//297
f 274//274 276//276 279//279
f 275//275 278//278 276//276
f 275//275 276//276 273//273
f 278//278 275//275 3071//3071
f 3073//3073 3083//3083 278//278
f 278//278 3083//3083 85//85
f 3083//3083 239//239 85//85
f 238//238 212//212 259//259
f 238//238 239//239 3083//3083
f 260//260 239//239 259//259
f 239//239 260//260 96//96
f 278//278 85//85 280//280
f 88//88 157//157 297//297
f 296//296 297//297 299//299
f 314//314 299//299 315//315
f 315//315 256//256 318//318
f 340//340 325//325 337//337
f 337//337 338//338 339//339
f 349//349 337//337 339//339
f 347//347 349//349 339//339
f 366//366 1267//1267 367//367
f 365//365 366//366 367//367
f 2812//2812 365//365 367//367
f 783//783 2812//2812 367//367
f 783//783 367//367 784//784
f 1286//1286 783//783 784//784
f 783//783 1286//1286 1308//1308
f 2841//2841 783//783 1308//1308
f 1309//1309 2841//2841 1308//1308
f 1308//1308 1307//1307 1309//1309
f 1309//1309 2878//2878 2841//2841
f 2878//2878 2879//2879 2841//2841
f 2841//2841 2879//2879 783//783
f 2849//2849 783//783 2879//2879
f 2879//2879 2877//2877 2849//2849
f 2815//2815 2874//2874 2866//2866
f 2866//2866 2889//2889 2815//2815
f 2815//2815 2889//2889 772//772
f 772//772 781//781 2815//2815
f 2815//2815 781//781 2825//2825
f 2849//2849 2825//2825 2812//2812
f 656//656 365//365 2812//2812
f 2812//2812 781//781 656//656
f 656//656 348//348 669//669
f 669//669 366//366 365//365
f 347//347 366//366 669//669
f 348//348 347//347 669//669
f 353//353 349//349 348//348
f 340//340 349//349 354//354
f 2692//2692 340//340 354//354
f 354//354 2701//2701 2692//2692
f 325//325 2692//2692 334//334
f 2692//2692 2700//2700 334//334
f 334//334 2700//2700 1778//1778
f 1778//1778 326//326 334//334
f 2709//2709 2700//2700 2701//2701
f 2709//2709 2701//2701 2708//2708
f 2708//2708 2701//2701 641//641
f 642//642 641//641 622//622
f 642//642 622//622 735//735
f 735//735 622//622 745//745
f 735//735 772//772 885//885
f 735//735 885//885 883//883
f 722//722 735//735 883//883
f 883//883 874//874 722//722
f 944//944 932//932 886//886
f 944//944 2899//2899 960//960
f 960//960 2899//2899 2887//2887
f 960//960 2887//2887 2930//2930
f 1358//1358 1357//1357 2930//2930
f 2930//2930 2906//2906 1358//1358
f 2921//2921 2930//2930 1357//1357
f 2887//2887 2906//2906 2930//2930
f 2887//2887 2875//2875 2906//2906
f 2875//2875 2907//2907 2906//2906
f 2933//2933 2906//2906 2907//2907
f 1310//1310 2907//2907 1309//1309
f 1313//1313 1310//1310 1316//1316
f 1364//1364 1313//1313 1314//1314
f 2933//2933 1313//1313 1364//1364
f 1356//1356 2933//2933 1364//1364
f 2906//2906 2933//2933 1356//1356
f 1313//1313 1316//1316 1314//1314
f 1316//1316 1312//1312 1314//1314
f 1314//1314 1312//1312 1317//1317
f 1314//1314 1317//1317 1817//1817
f 1317//1317 1323//1323 1820//1820
f 1323//1323 1325//1325 1820//1820
f 1325//1325 1823//1823 1820//1820
f 1823//1823 3048//3048 3859//3859
f 1822//1822 1823//1823 3859//3859
f 3625//3625 2357//2357 1824//1824
f 2357//2357 3625//3625 3666//3666
f 3666//3666 3676//3676 3669//3669
f 3676//3676 3684//3684 3669//3669
f 3669//3669 3684//3684 3685//3685
f 3669//3669 3685//3685 3690//3690
f 3690//3690 3670//3670 3669//3669
f 3685//3685 3717//3717 3690//3690
f 3690//3690 3717//3717 3716//3716
f 3691//3691 3690//3690 3716//3716
f 3716//3716 3761//3761 3691//3691
f 3691//3691 3761//3761 3767//3767
f 3742//3742 3767//3767 3745//3745
f 3745//3745 3913//3913 3742//3742
f 3913//3913 3901//3901 3742//3742
f 3555//3555 3553//3553 3556//3556
f 3557//3557 3554//3554 3556//3556
f 3556//3556 3541//3541 3557//3557
f 3543//3543 3557//3557 3541//3541
f 4736//4736 3543//3543 3544//3544
f 4346//4346 4736//4736 4738//4738
f 4348//4348 4345//4345 4349//4349
f 4729//4729 4349//4349 4733//4733
f 4725//4725 4729//4729 4733//4733
f 4725//4725 4733//4733 4728//4728
f 4725//4725 4728//4728 4727//4727
f 4716//4716 4725//4725 4727//4727
f 4717//4717 4714//4714 4732//4732
f 4714//4714 4731//4731 4732//4732
f 4716//4716 4732//4732 4730//4730
f 4730//4730 4725//4725 4716//4716
f 4730//4730 4731//4731 4729//4729
f 4524//4524 4729//4729 4731//4731
f 4355//4355 4524//4524 4731//4731
f 4355//4355 4731//4731 4522//4522
f 4524//4524 4355//4355 4244//4244
f 4244//4244 4347//4347 4524//4524
f 4524//4524 4347//4347 4729//4729
f 4347//4347 4348//4348 4729//4729
f 4729//4729 4348//4348 4349//4349
f 5604//5604 4345//4345 4348//4348
f 5604//5604 3554//3554 4345//4345
f 4744//4744 3554//3554 5604//5604
f 4743//4743 5604//5604 4253//4253
f 4348//4348 4253//4253 5604//5604
f 5604//5604 4743//4743 4744//4744
f 4347//4347 4253//4253 4348//4348
f 4253//4253 4347//4347 4244//4244
f 4257//4257 4244//4244 4255//4255
f 4521//4521 4065//4065 4255//4255
f 4065//4065 4062//4062 4255//4255
f 4062//4062 4231//4231 4255//4255
f 4350//4350 4062//4062 4065//4065
f 4350//4350 4065//4065 4351//4351
f 1829//1829 1828//1828 4350//4350
f 896//896 4350//4350 4351//4351
f 3530//3530 1305//1305 896//896
f 1305//1305 371//371 896//896
f 371//371 1829//1829 896//896
f 1827//1827 371//371 3546//3546
f 1350//1350 1827//1827 3546//3546
f 3546//3546 1349//1349 1350//1350
f 1349//1349 1342//1342 1350//1350
f 1342//1342 1347//1347 1346//1346
f 1345//1345 4071//4071 1347//1347
f 1347//1347 4071//4071 1825//1825
f 1825//1825 4071//4071 3547//3547
f 4071//4071 4069//4069 3547//3547
f 4070//4070 3548//3548 3547//3547
f 4742//4742 3548//3548 4070//4070
f 2323//2323 2322//2322 1343//1343
f 2322//2322 2321//2321 1343//1343
f 2318//2318 2321//2321 2322//2322
f 2318//2318 2322//2322 2743//2743
f 2743//2743 3022//3022 2318//2318
f 2743//2743 2742//2742 3022//3022
f 3022//3022 2316//2316 2312//2312
f 2312//2312 2318//2318 3022//3022
f 2311//2311 2320//2320 2312//2312
f 2314//2314 2320//2320 2311//2311
f 2316//2316 2722//2722 2312//2312
f 2722//2722 3017//3017 2309//2309
f 2312//2312 2722//2722 2309//2309
f 2312//2312 2309//2309 2310//2310
f 5591//5591 2311//2311 5592//5592
f 5592//5592 2311//2311 2721//2721
f 3516//3516 3505//3505 5556//5556
f 2266//2266 5556//5556 3505//3505
f 2266//2266 3505//3505 1811//1811
f 2266//2266 1811//1811 1812//1812
f 3491//3491 1811//1811 3505//3505
f 3491//3491 3505//3505 3516//3516
f 3491//3491 3516//3516 1259//1259
f 3491//3491 1259//1259 1245//1245
f 1246//1246 2262//2262 2260//2260
f 2260//2260 2259//2259 1246//1246
f 1246//1246 2259//2259 1245//1245
f 1244//1244 3491//3491 1245//1245
f 1800//1800 3485//3485 1244//1244
f 1244//1244 2257//2257 1800//1800
f 2257//2257 3435//3435 1800//1800
f 3435//3435 2257//2257 2258//2258
f 3435//3435 2258//2258 2250//2250
f 2997//2997 3435//3435 2250//2250
f 2997//2997 2988//2988 1792//1792
f 2988//2988 2705//2705 1792//1792
f 1793//1793 3435//3435 1792//1792
f 1792//1792 1791//1791 1793//1793
f 1792//1792 2705//2705 2706//2706
f 2996//2996 2988//2988 2997//2997
f 2987//2987 2996//2996 2989//2989
f 2987//2987 4111//4111 2988//2988
f 4111//4111 4100//4100 2988//2988
f 4111//4111 4104//4104 4100//4100
f 4100//4100 4104//4104 2669//2669
f 2669//2669 2672//2672 4100//4100
f 4107//4107 2671//2671 4104//4104
f 4107//4107 4104//4104 4111//4111
f 3373//3373 4107//4107 4111//4111
f 3373//3373 3338//3338 4107//4107
f 4107//4107 3338//3338 3344//3344
f 4107//4107 3344//3344 5571//5571
f 5571//5571 5616//5616 4107//4107
f 5602//5602 3347//3347 3351//3351
f 3386//3386 3351//3351 3382//3382
f 3382//3382 3338//3338 2989//2989
f 2990//2990 3382//3382 2989//2989
f 2999//2999 2990//2990 2996//2996
f 2999//2999 2252//2252 2990//2990
f 2252//2252 2251//2251 2253//2253
f 2253//2253 3001//3001 2252//2252
f 2253//2253 2261//2261 2255//2255
f 2261//2261 2262//2262 2255//2255
f 2263//2263 2255//2255 2262//2262
f 2265//2265 341//341 2263//2263
f 2265//2265 2263//2263 1248//1248
f 1249//1249 2265//2265 1248//1248
f 1247//1247 1249//1249 1248//1248
f 1247//1247 1248//1248 1246//1246
f 2265//2265 1249//1249 355//355
f 2254//2254 341//341 2712//2712
f 2254//2254 2712//2712 2994//2994
f 2254//2254 2994//2994 2991//2991
f 2254//2254 2991//2991 2253//2253
f 2253//2253 2991//2991 3001//3001
f 2252//2252 3001//3001 2990//2990
f 2992//2992 2990//2990 3001//3001
f 2992//2992 3386//3386 2990//2990
f 2992//2992 3392//3392 3386//3386
f 3392//3392 2993//2993 1764//1764
f 3213//3213 3314//3314 5606//5606
f 5613//5613 3213//3213 5606//5606
f 3213//3213 2677//2677 3314//3314
f 1764//1764 2676//2676 2677//2677
f 2676//2676 1764//1764 1766//1766
f 1766//1766 2426//2426 2431//2431
f 1193//1193 1766//1766 2431//2431
f 327//327 2214//2214 1193//1193
f 2214//2214 1767//1767 1193//1193
f 1767//1767 2676//2676 1193//1193
f 2676//2676 1767//1767 3228//3228
f 2676//2676 3228//3228 2677//2677
f 3504//3504 5606//5606 3314//3314
f 3504//3504 3479//3479 5606//5606
f 3475//3475 3479//3479 3477//3477
f 3480//3480 3477//3477 3478//3478
f 3482//3482 4006//4006 3480//3480
f 3887//3887 3986//3986 3480//3480
f 3480//3480 3986//3986 3477//3477
f 3482//3482 3484//3484 4006//4006
f 3484//3484 3965//3965 4006//4006
f 3481//3481 3504//3504 3209//3209
f 3314//3314 3209//3209 3504//3504
f 3504//3504 3478//3478 3479//3479
f 3481//3481 3478//3478 3504//3504
f 3478//3478 3481//3481 3480//3480
f 3481//3481 3482//3482 3480//3480
f 3209//3209 3484//3484 3481//3481
f 3209//3209 3211//3211 3484//3484
f 5541//5541 3896//3896 3484//3484
f 3484//3484 3896//3896 3965//3965
f 4006//4006 3965//3965 3808//3808
f 4006//4006 3808//3808 3835//3835
f 3835//3835 3833//3833 4006//4006
f 3887//3887 4006//4006 3833//3833
f 3830//3830 3833//3833 5339//5339
f 5339//5339 3797//3797 3830//3830
f 3830//3830 3797//3797 3794//3794
f 3797//3797 3700//3700 3794//3794
f 3797//3797 5339//5339 3751//3751
f 3797//3797 3751//3751 3660//3660
f 3700//3700 3797//3797 3660//3660
f 5269//5269 3652//3652 3655//3655
f 5026//5026 4897//4897 4898//4898
f 4897//4897 4865//4865 4898//4898
f 4808//4808 4681//4681 4897//4897
f 4681//4681 4865//4865 4897//4897
f 5607//5607 5558//5558 5534//5534
f 5534//5534 4573//4573 5607//5607
f 4491//4491 4498//4498 5534//5534
f 4404//4404 4491//4491 5534//5534
f 4502//4502 4404//4404 4682//4682
f 4687//4687 4682//4682 4681//4681
f 4805//4805 4687//4687 4681//4681
f 4808//4808 4805//4805 4681//4681
f 4758//4758 4808//4808 4873//4873
f 3317//3317 4758//4758 4873//4873
f 4630//4630 4758//4758 4755//4755
f 4755//4755 4570//4570 4630//4630
f 4630//4630 4473//4473 4687//4687
f 4587//4587 4442//4442 4502//4502
f 4502//4502 4442//4442 5357//5357
f 4502//4502 5357//5357 4404//4404
f 5357//5357 4287//4287 4404//4404
f 4491//4491 4404//4404 4287//4287
f 4399//4399 4491//4491 4287//4287
f 4068//4068 4162//4162 5348//5348
f 5348//5348 4162//4162 4287//4287
f 4068//4068 4063//4063 4162//4162
f 4066//4066 5140//5140 4068//4068
f 4174//4174 4066//4066 4068//4068
f 4068//4068 5348//5348 4174//4174
f 4213//4213 4137//4137 4174//4174
f 4035//4035 4066//4066 4137//4137
f 4035//4035 3714//3714 4066//4066
f 5140//5140 4066//4066 5145//5145
f 5140//5140 5145//5145 4953//4953
f 4063//4063 5140//5140 4059//4059
f 4057//4057 5110//5110 3854//3854
f 3854//3854 3848//3848 4057//4057
f 3644//3644 3645//3645 3848//3848
f 3645//3645 4991//4991 5193//5193
f 4694//4694 5193//5193 4991//4991
f 5187//5187 4694//4694 4971//4971
f 5177//5177 2085//2085 2090//2090
f 2093//2093 2090//2090 2085//2085
f 2092//2092 2093//2093 2086//2086
f 2092//2092 2090//2090 2093//2093
f 1003//1003 2083//2083 984//984
f 984//984 1004//1004 1003//1003
f 946//946 1020//1020 545//545
f 533//533 946//946 545//545
f 538//538 533//533 408//408
f 408//408 451//451 538//538
f 527//527 538//538 451//451
f 527//527 451//451 605//605
f 704//704 605//605 516//516
f 698//698 703//703 704//704
f 703//703 698//698 865//865
f 865//865 934//934 703//703
f 693//693 703//703 934//934
f 693//693 934//934 942//942
f 1099//1099 942//942 1044//1044
f 1044//1044 934//934 1045//1045
f 1052//1052 1093//1093 1045//1045
f 1054//1054 1045//1045 1093//1093
f 1064//1064 1093//1093 1052//1052
f 1064//1064 1052//1052 1065//1065
f 2931//2931 1064//1064 1065//1065
f 3057//3057 3023//3023 3024//3024
f 2998//2998 3024//3024 3023//3023
f 2998//2998 3023//3023 2940//2940
f 2943//2943 2940//2940 2917//2917
f 2868//2868 2917//2917 2834//2834
f 2834//2834 2831//2831 2845//2845
f 2845//2845 2752//2752 2868//2868
f 2868//2868 2752//2752 2854//2854
f 2854//2854 2752//2752 796//796
f 2084//2084 2099//2099 796//796
f 2084//2084 2136//2136 2099//2099
f 2151//2151 2099//2099 2136//2136
f 2084//2084 1026//1026 2136//2136
f 999//999 1026//1026 1705//1705
f 999//999 2136//2136 1026//1026
f 954//954 1705//1705 1015//1015
f 1015//1015 1016//1016 954//954
f 1016//1016 1023//1023 954//954
f 917//917 1023//1023 1010//1010
f 893//893 992//992 1700//1700
f 1700//1700 909//909 893//893
f 909//909 1700//1700 1034//1034
f 1072//1072 1063//1063 1061//1061
f 1063//1063 1013//1013 1061//1061
f 1062//1062 1063//1063 1072//1072
f 1071//1071 1062//1062 1072//1072
f 1094//1094 1071//1071 1721//1721
f 1094//1094 1721//1721 1108//1108
f 1170//1170 1108//1108 1724//1724
f 1170//1170 1724//1724 2455//2455
f 2455//2455 1724//1724 1366//1366
f 1117//1117 1116//1116 1740//1740
f 1741//1741 1117//1117 1740//1740
f 1122//1122 1120//1120 1736//1736
f 76//76 1120//1120 1122//1122
f 1120//1120 1119//1119 1736//1736
f 1736//1736 1119//1119 1117//1117
f 1746//1746 1122//1122 1736//1736
f 1745//1745 1746//1746 1747//1747
f 1747//1747 1746//1746 2150//2150
f 2150//2150 1746//1746 1741//1741
f 2150//2150 1741//1741 2653//2653
f 2150//2150 2653//2653 2656//2656
f 2656//2656 1752//1752 2150//2150
f 2656//2656 2173//2173 1752//1752
f 2173//2173 1754//1754 1752//1752
f 2173//2173 2193//2193 1754//1754
f 2187//2187 241//241 2188//2188
f 2188//2188 241//241 242//242
f 1159//1159 241//241 2187//2187
f 1159//1159 125//125 109//109
f 190//190 198//198 125//125
f 109//109 198//198 196//196
f 95//95 109//109 196//196
f 198//198 298//298 196//196
f 290//290 179//179 298//298
f 294//294 373//373 290//290
f 294//294 290//290 269//269
f 269//269 290//290 298//298
f 269//269 298//298 185//185
f 269//269 185//185 357//357
f 269//269 357//357 346//346
f 332//332 333//333 331//331
f 331//331 350//350 346//346
f 350//350 294//294 346//346
f 373//373 294//294 350//350
f 372//372 373//373 350//350
f 333//333 343//343 339//339
f 339//339 343//343 347//347
f 343//343 344//344 361//361
f 344//344 417//417 1231//1231
f 1231//1231 1267//1267 344//344
f 509//509 1267//1267 1231//1231
f 509//509 1233//1233 1268//1268
f 1233//1233 1282//1282 1268//1268
f 1268//1268 1282//1282 1269//1269
f 1268//1268 1269//1269 1289//1289
f 1268//1268 1289//1289 1288//1288
f 1286//1286 1268//1268 1288//1288
f 1287//1287 1307//1307 1286//1286
f 1306//1306 1307//1307 1287//1287
f 1306//1306 1291//1291 1311//1311
f 1311//1311 1291//1291 1312//1312
f 1311//1311 1312//1312 1316//1316
f 1291//1291 1320//1320 1312//1312
f 1319//1319 1320//1320 1296//1296
f 2735//2735 1319//1319 1322//1322
f 2735//2735 1325//1325 1323//1323
f 1325//1325 2741//2741 1823//1823
f 2741//2741 2736//2736 3048//3048
f 3572//3572 3859//3859 3857//3857
f 3625//3625 3572//3572 3578//3578
f 3859//3859 3572//3572 3625//3625
f 3676//3676 3666//3666 3578//3578
f 3578//3578 3634//3634 3676//3676
f 3676//3676 3634//3634 3684//3684
f 3634//3634 3630//3630 3684//3684
f 3684//3684 3630//3630 3629//3629
f 3684//3684 3629//3629 3723//3723
f 3629//3629 3659//3659 3723//3723
f 3659//3659 3426//3426 3723//3723
f 3723//3723 3426//3426 3411//3411
f 3717//3717 3411//3411 3731//3731
f 3716//3716 3731//3731 3732//3732
f 3732//3732 3761//3761 3716//3716
f 3754//3754 3761//3761 3732//3732
f 3732//3732 3789//3789 3754//3754
f 3754//3754 3789//3789 3542//3542
f 3748//3748 3542//3542 3541//3541
f 3556//3556 3748//3748 3541//3541
f 3767//3767 3748//3748 3553//3553
f 3541//3541 3542//3542 3543//3543
f 3543//3543 3542//3542 3544//3544
f 3542//3542 3531//3531 3544//3544
f 3544//3544 3531//3531 3532//3532
f 4736//4736 3532//3532 3545//3545
f 3545//3545 4738//4738 4736//4736
f 4723//4723 4738//4738 5054//5054
f 4711//4711 4723//4723 5054//5054
f 5054//5054 5041//5041 4711//4711
f 4711//4711 5041//5041 5039//5039
f 5039//5039 4710//4710 4711//4711
f 5051//5051 4710//4710 5044//5044
f 4724//4724 5051//5051 4728//4728
f 4733//4733 4724//4724 4728//4728
f 4733//4733 4723//4723 4724//4724
f 4723//4723 4710//4710 4724//4724
f 4737//4737 4723//4723 4733//4733
f 4733//4733 4349//4349 4737//4737
f 4737//4737 4346//4346 4723//4723
f 4349//4349 4346//4346 4737//4737
f 4728//4728 5051//5051 4726//4726
f 5051//5051 5052//5052 4726//4726
f 5052//5052 5053//5053 4726//4726
f 4720//4720 4718//4718 4716//4716
f 5359//5359 4517//4517 4714//4714
f 4517//4517 4522//4522 4714//4714
f 4355//4355 4521//4521 4255//4255
f 4065//4065 5578//5578 4351//4351
f 3530//3530 4215//4215 4203//4203
f 3530//3530 4203//4203 4056//4056
f 1305//1305 3530//3530 2307//2307
f 2307//2307 1304//1304 1305//1305
f 2307//2307 1303//1303 1304//1304
f 1304//1304 2801//2801 3546//3546
f 3466//3466 1254//1254 1303//1303
f 1253//1253 368//368 1254//1254
f 368//368 1253//1253 362//362
f 363//363 368//368 362//362
f 3044//3044 3043//3043 2743//2743
f 3044//3044 363//363 3043//3043
f 3043//3043 2742//2742 2743//2743
f 3022//3022 2742//2742 603//603
f 603//603 3020//3020 2316//2316
f 3020//3020 2722//2722 2316//2316
f 3017//3017 1262//1262 2309//2309
f 2309//2309 1262//1262 1261//1261
f 2721//2721 2310//2310 1259//1259
f 3516//3516 2721//2721 1259//1259
f 1261//1261 1247//1247 1259//1259
f 1262//1262 1247//1247 1261//1261
f 1259//1259 2310//2310 1261//1261
f 356//356 1247//1247 1262//1262
f 342//342 356//356 358//358
f 482//482 342//342 358//358
f 342//342 328//328 355//355
f 328//328 2610//2610 327//327
f 355//355 328//328 341//341
f 328//328 327//327 341//341
f 341//341 327//327 2712//2712
f 2431//2431 2426//2426 2712//2712
f 2712//2712 2426//2426 2994//2994
f 2431//2431 327//327 1193//1193
f 2680//2680 2214//2214 327//327
f 2958//2958 2214//2214 2685//2685
f 2685//2685 1769//1769 2245//2245
f 4028//4028 2958//2958 2685//2685
f 5617//5617 2685//2685 2245//2245
f 4050//4050 4037//4037 5617//5617
f 5617//5617 4064//4064 4050//4050
f 4037//4037 4050//4050 4045//4045
f 4026//4026 4037//4037 4045//4045
f 4043//4043 4026//4026 4045//4045
f 4038//4038 4021//4021 4043//4043
f 4032//4032 4021//4021 4038//4038
f 4028//4028 4026//4026 4022//4022
f 4022//4022 5593//5593 4028//4028
f 3228//3228 5593//5593 3211//3211
f 5593//5593 5541//5541 3211//3211
f 3211//3211 5541//5541 3484//3484
f 5541//5541 5593//5593 3896//3896
f 4029//4029 3816//3816 3896//3896
f 3816//3816 3965//3965 3896//3896
f 3965//3965 3816//3816 3726//3726
f 3965//3965 3726//3726 3808//3808
f 3726//3726 3650//3650 3808//3808
f 3835//3835 3808//3808 3650//3650
f 5273//5273 3835//3835 3650//3650
f 5339//5339 5273//5273 3751//3751
f 3833//3833 3835//3835 5339//5339
f 5273//5273 5339//5339 3835//3835
f 3751//3751 3674//3674 3660//3660
f 3674//3674 5071//5071 3660//3660
f 3660//3660 5071//5071 3652//3652
f 4873//4873 4897//4897 4904//4904
f 4873//4873 4904//4904 4911//4911
f 5043//5043 4992//4992 4911//4911
f 4873//4873 4911//4911 3317//3317
f 4808//4808 4897//4897 4873//4873
f 3333//3333 3317//3317 4911//4911
f 3317//3317 3333//3333 3318//3318
f 3315//3315 3318//3318 3333//3333
f 3333//3333 3319//3319 3315//3315
f 4776//4776 3315//3315 3319//3319
f 3315//3315 4776//4776 4763//4763
f 4763//4763 4755//4755 3315//3315
f 3315//3315 4755//4755 3318//3318
f 3318//3318 4755//4755 4758//4758
f 4763//4763 4762//4762 4755//4755
f 4762//4762 4763//4763 5538//5538
f 4663//4663 4762//4762 5538//5538
f 4735//4735 5374//5374 4734//4734
f 4734//4734 5374//5374 5513//5513
f 4663//4663 5344//5344 4762//4762
f 4570//4570 4480//4480 4473//4473
f 4376//4376 4213//4213 5399//5399
f 4376//4376 5399//5399 4442//4442
f 4376//4376 4442//4442 4447//4447
f 4093//4093 5132//5132 4102//4102
f 4102//4102 4137//4137 4093//4093
f 4035//4035 4137//4137 4102//4102
f 4102//4102 5217//5217 5219//5219
f 5219//5219 5080//5080 3714//3714
f 5080//5080 5156//5156 3714//3714
f 3714//3714 5151//5151 5145//5145
f 5145//5145 5151//5151 4953//4953
f 4952//4952 4953//4953 4766//4766
f 5140//5140 4952//4952 4059//4059
f 4952//4952 3398//3398 3393//3393
f 4952//4952 3393//3393 5110//5110
f 3393//3393 3854//3854 5110//5110
f 3393//3393 3782//3782 3644//3644
f 3782//3782 4994//4994 3644//3644
f 4994//4994 4991//4991 3644//3644
f 3644//3644 4991//4991 3645//3645
f 4675//4675 4475//4475 4676//4676
f 4675//4675 4676//4676 4677//4677
f 4694//4694 4675//4675 4677//4677
f 4676//4676 4966//4966 4677//4677
f 4971//4971 4677//4677 4966//4966
f 5177//5177 4966//4966 2085//2085
f 2085//2085 2086//2086 2093//2093
f 4966//4966 4674//4674 2085//2085
f 4674//4674 986//986 2085//2085
f 2085//2085 986//986 2083//2083
f 352//352 2083//2083 986//986
f 87//87 352//352 986//986
f 87//87 986//986 4669//4669
f 87//87 4669//4669 4460//4460
f 86//86 87//87 4460//4460
f 82//82 86//86 3515//3515
f 82//82 3515//3515 73//73
f 75//75 3614//3614 169//169
f 169//169 175//175 75//75
f 181//181 175//175 183//183
f 181//181 183//183 195//195
f 82//82 181//181 195//195
f 87//87 82//82 195//195
f 86//86 82//82 87//87
f 984//984 352//352 87//87
f 195//195 984//984 87//87
f 1004//1004 984//984 195//195
f 183//183 1004//1004 195//195
f 183//183 319//319 545//545
f 1860//1860 1774//1774 408//408
f 455//455 444//444 451//451
f 451//451 444//444 605//605
f 444//444 516//516 605//605
f 704//704 516//516 721//721
f 704//704 721//721 698//698
f 2066//2066 2075//2075 721//721
f 721//721 2067//2067 2066//2066
f 2066//2066 2067//2067 2016//2016
f 2769//2769 1037//1037 1032//1032
f 1032//1032 2740//2740 2769//2769
f 2769//2769 2740//2740 2831//2831
f 2856//2856 2769//2769 2831//2831
f 2914//2914 2978//2978 2931//2931
f 3023//3023 2978//2978 2914//2914
f 3023//3023 2913//2913 2940//2940
f 2913//2913 2917//2917 2940//2940
f 2913//2913 2834//2834 2917//2917
f 2834//2834 2913//2913 2831//2831
f 2914//2914 2831//2831 2913//2913
f 3023//3023 2914//2914 2913//2913
f 2970//2970 2978//2978 3057//3057
f 2856//2856 2914//2914 2931//2931
f 1065//1065 1048//1048 2931//2931
f 1048//1048 2856//2856 2931//2931
f 1047//1047 801//801 1037//1037
f 1037//1037 2764//2764 1047//1047
f 1029//1029 801//801 1047//1047
f 939//939 1029//1029 1047//1047
f 1047//1047 1048//1048 939//939
f 933//933 1029//1029 939//939
f 1029//1029 1028//1028 801//801
f 801//801 1028//1028 2066//2066
f 865//865 1029//1029 933//933
f 1028//1028 865//865 2075//2075
f 2075//2075 2066//2066 1028//1028
f 801//801 2066//2066 747//747
f 801//801 747//747 1032//1032
f 1029//1029 865//865 1028//1028
f 1046//1046 1045//1045 934//934
f 1052//1052 1046//1046 1065//1065
f 2764//2764 1048//1048 1047//1047
f 934//934 939//939 1046//1046
f 934//934 933//933 939//939
f 939//939 1048//1048 1046//1046
f 2764//2764 2856//2856 1048//1048
f 1046//1046 1048//1048 1065//1065
f 2856//2856 2831//2831 2914//2914
f 2769//2769 2856//2856 2764//2764
f 2752//2752 2845//2845 2740//2740
f 1025//1025 1027//1027 1026//1026
f 1026//1026 1027//1027 1015//1015
f 1026//1026 1015//1015 1705//1705
f 499//499 1015//1015 486//486
f 477//477 499//499 438//438
f 1016//1016 499//499 1008//1008
f 1023//1023 1016//1016 1008//1008
f 499//499 1016//1016 1015//1015
f 477//477 1010//1010 1008//1008
f 1010//1010 477//477 992//992
f 1695//1695 1696//1696 2088//2088
f 1042//1042 1034//1034 1041//1041
f 1715//1715 2097//2097 2100//2100
f 1718//1718 2100//2100 2109//2109
f 2109//2109 1721//1721 1718//1718
f 1061//1061 1715//1715 1718//1718
f 1072//1072 1061//1061 1718//1718
f 1071//1071 1718//1718 1721//1721
f 1729//1729 2109//2109 2925//2925
f 1740//1740 2140//2140 2653//2653
f 1741//1741 1740//1740 2653//2653
f 2653//2653 2937//2937 2656//2656
f 2656//2656 2937//2937 2942//2942
f 2942//2942 2659//2659 2171//2171
f 2171//2171 2173//2173 2942//2942
f 2173//2173 2171//2171 1755//1755
f 1755//1755 3021//3021 2173//2173
f 3021//3021 2228//2228 2236//2236
f 2228//2228 2238//2238 2239//2239
f 2228//2228 2239//2239 2236//2236
f 270//270 2236//2236 271//271
f 3021//3021 270//270 2187//2187
f 2193//2193 3021//3021 2187//2187
f 270//270 1159//1159 2187//2187
f 125//125 270//270 211//211
f 125//125 211//211 190//190
f 288//288 2435//2435 2485//2485
f 2485//2485 2435//2435 2496//2496
f 422//422 2485//2485 2496//2496
f 2507//2507 422//422 2496//2496
f 437//437 2507//2507 2516//2516
f 440//440 431//431 437//437
f 552//552 519//519 540//540
f 540//540 1270//1270 552//552
f 1270//1270 1273//1273 1279//1279
f 1270//1270 1279//1279 553//553
f 552//552 1270//1270 553//553
f 431//431 519//519 552//552
f 554//554 431//431 552//552
f 431//431 2720//2720 437//437
f 437//437 2720//2720 2507//2507
f 422//422 2720//2720 423//423
f 426//426 414//414 423//423
f 423//423 414//414 413//413
f 413//413 422//422 423//423
f 332//332 414//414 417//417
f 332//332 417//417 344//344
f 335//335 414//414 332//332
f 331//331 335//335 332//332
f 335//335 364//364 413//413
f 413//413 364//364 2485//2485
f 357//357 2485//2485 364//364
f 185//185 288//288 357//357
f 185//185 190//190 288//288
f 357//357 288//288 2485//2485
f 357//357 364//364 335//335
f 417//417 426//426 1231//1231
f 335//335 413//413 414//414
f 426//426 417//417 414//414
f 1231//1231 426//426 1233//1233
f 553//553 1233//1233 554//554
f 554//554 1233//1233 426//426
f 426//426 423//423 554//554
f 423//423 2720//2720 554//554
f 554//554 2720//2720 431//431
f 553//553 554//554 552//552
f 553//553 1279//1279 1282//1282
f 1282//1282 1279//1279 1278//1278
f 1282//1282 1278//1278 1277//1277
f 1269//1269 1282//1282 1277//1277
f 1269//1269 1277//1277 1290//1290
f 1293//1293 1290//1290 1277//1277
f 1277//1277 1294//1294 1293//1293
f 1293//1293 1294//1294 1296//1296
f 1296//1296 1320//1320 1293//1293
f 1285//1285 1296//1296 1294//1294
f 1285//1285 1294//1294 1284//1284
f 1285//1285 1284//1284 2730//2730
f 1285//1285 2730//2730 1322//1322
f 2730//2730 2734//2734 1322//1322
f 1322//1322 2734//2734 2735//2735
f 2735//2735 2739//2739 2741//2741
f 2741//2741 2739//2739 2736//2736
f 2736//2736 2739//2739 3026//3026
f 2736//2736 3026//3026 3031//3031
f 2736//2736 3031//3031 3857//3857
f 3048//3048 2736//2736 3857//3857
f 3857//3857 3031//3031 3591//3591
f 3857//3857 3591//3591 3592//3592
f 3857//3857 3592//3592 3572//3572
f 3592//3592 3602//3602 3634//3634
f 3634//3634 3602//3602 3630//3630
f 3036//3036 3521//3521 3602//3602
f 3521//3521 3659//3659 3629//3629
f 3659//3659 3643//3643 3424//3424
f 3659//3659 3424//3424 3426//3426
f 3411//3411 3426//3426 3415//3415
f 3415//3415 3434//3434 3411//3411
f 3411//3411 3434//3434 3433//3433
f 3731//3731 3411//3411 3433//3433
f 3731//3731 3433//3433 3732//3732
f 3732//3732 3433//3433 3445//3445
f 3445//3445 3789//3789 3732//3732
f 3533//3533 3789//3789 3445//3445
f 3531//3531 3533//3533 3535//3535
f 3535//3535 3446//3446 3474//3474
f 3534//3534 3535//3535 3536//3536
f 3536//3536 5034//5034 3534//3534
f 3534//3534 5034//5034 5037//5037
f 3545//3545 3534//3534 5037//5037
f 3545//3545 5037//5037 5054//5054
f 3545//3545 5054//5054 4738//4738
f 3534//3534 3532//3532 3535//3535
f 5041//5041 5037//5037 5036//5036
f 5040//5040 5041//5041 5036//5036
f 5040//5040 5020//5020 5039//5039
f 5020//5020 5042//5042 5039//5039
f 5039//5039 5042//5042 4710//4710
f 5042//5042 5030//5030 4710//4710
f 5046//5046 5053//5053 5045//5045
f 5047//5047 5045//5045 5053//5053
f 5046//5046 5031//5031 4706//4706
f 5053//5053 5046//5046 4706//4706
f 4706//4706 4709//4709 4705//4705
f 4709//4709 4703//4703 5050//5050
f 4709//4709 5050//5050 5359//5359
f 5359//5359 4705//4705 4709//4709
f 5359//5359 4718//4718 4705//4705
f 5359//5359 5050//5050 4517//4517
f 5050//5050 4712//4712 4517//4517
f 4517//4517 4712//4712 4516//4516
f 4517//4517 4516//4516 4518//4518
f 4516//4516 4523//4523 4518//4518
f 4523//4523 4521//4521 4518//4518
f 4516//4516 4515//4515 4523//4523
f 4523//4523 3520//3520 5578//5578
f 4514//4514 4513//4513 4512//4512
f 4055//4055 4512//4512 4513//4513
f 5049//5049 4512//4512 4058//4058
f 4055//4055 5551//5551 4512//4512
f 5551//5551 4056//4056 4512//4512
f 3530//3530 3537//3537 2307//2307
f 4054//4054 3431//3431 3537//3537
f 4506//4506 4053//4053 4192//4192
f 4701//4701 4506//4506 4192//4192
f 4508//4508 4506//4506 4701//4701
f 4052//4052 4053//4053 4506//4506
f 4053//4053 4170//4170 4192//4192
f 4192//4192 4170//4170 3431//3431
f 4192//4192 3431//3431 4054//4054
f 3537//3537 3431//3431 3466//3466
f 3431//3431 3432//3432 3466//3466
f 1253//1253 2718//2718 362//362
f 2713//2713 2715//2715 2718//2718
f 2715//2715 596//596 1234//1234
f 2715//2715 363//363 362//362
f 363//363 2715//2715 3043//3043
f 3043//3043 2715//2715 1234//1234
f 1234//1234 596//596 2742//2742
f 3018//3018 596//596 2639//2639
f 603//603 3018//3018 3020//3020
f 2639//2639 2640//2640 3018//3018
f 3018//3018 2640//2640 3017//3017
f 3018//3018 3017//3017 3020//3020
f 2640//2640 358//358 3017//3017
f 3017//3017 358//358 359//359
f 359//359 356//356 1262//1262
f 482//482 358//358 2640//2640
f 482//482 2640//2640 2637//2637
f 2610//2610 328//328 482//482
f 327//327 2610//2610 1197//1197
f 1769//1769 2680//2680 1222//1222
f 2710//2710 2696//2696 2245//2245
f 3405//3405 2710//2710 2713//2713
f 3432//3432 3405//3405 2713//2713
f 2713//2713 2718//2718 3432//3432
f 3432//3432 3503//3503 4159//4159
f 4159//4159 3405//3405 3432//3432
f 4159//4159 4122//4122 3405//3405
f 3405//3405 2695//2695 2710//2710
f 3405//3405 4046//4046 2695//2695
f 3405//3405 4051//4051 4046//4046
f 4341//4341 4051//4051 4052//4052
f 4341//4341 4692//4692 4999//4999
f 4684//4684 4688//4688 4999//4999
f 4341//4341 4999//4999 4688//4688
f 4047//4047 4341//4341 4688//4688
f 4077//4077 4046//4046 4044//4044
f 4047//4047 4044//4044 4046//4046
f 4046//4046 4077//4077 3395//3395
f 4076//4076 3396//3396 3395//3395
f 2695//2695 3395//3395 3396//3396
f 2696//2696 2695//2695 3396//3396
f 3396//3396 2985//2985 2696//2696
f 2696//2696 2985//2985 2245//2245
f 5617//5617 2245//2245 2985//2985
f 4076//4076 2985//2985 3396//3396
f 4076//4076 4064//4064 2985//2985
f 4076//4076 4060//4060 4064//4064
f 3395//3395 4077//4077 4076//4076
f 4042//4042 4077//4077 4338//4338
f 4497//4497 4503//4503 4332//4332
f 4497//4497 4033//4033 4338//4338
f 4031//4031 4033//4033 4321//4321
f 4321//4321 4027//4027 4031//4031
f 4031//4031 4029//4029 4032//4032
f 4032//4032 4029//4029 4022//4022
f 3896//3896 4022//4022 4029//4029
f 4029//4029 4027//4027 3816//3816
f 3816//3816 4027//4027 5428//5428
f 3816//3816 5428//5428 3683//3683
f 3816//3816 3683//3683 3726//3726
f 3650//3650 5056//5056 5229//5229
f 5229//5229 5273//5273 3650//3650
f 5229//5229 3751//3751 5273//5273
f 5229//5229 5112//5112 3751//3751
f 3751//3751 5112//5112 3674//3674
f 5112//5112 5043//5043 3674//3674
f 4992//4992 5043//5043 5112//5112
f 5112//5112 5229//5229 4992//4992
f 3319//3319 3333//3333 5056//5056
f 3319//3319 5614//5614 4776//4776
f 4735//4735 5538//5538 4776//4776
f 4776//4776 5538//5538 4763//4763
f 4776//4776 4882//4882 4735//4735
f 5418//5418 4735//4735 4882//4882
f 5418//5418 4882//4882 5612//5612
f 5428//5428 5396//5396 5418//5418
f 4025//4025 4316//4316 5396//5396
f 5418//5418 5396//5396 4023//4023
f 5418//5418 4023//4023 5374//5374
f 5418//5418 5374//5374 4735//4735
f 5343//5343 5457//5457 5344//5344
f 5343//5343 5344//5344 4665//4665
f 5344//5344 4482//4482 4762//4762
f 4570//4570 4762//4762 4482//4482
f 4447//4447 4435//4435 4376//4376
f 4376//4376 4435//4435 4344//4344
f 4435//4435 4315//4315 4344//4344
f 4344//4344 4216//4216 4259//4259
f 4093//4093 4216//4216 5132//5132
f 4102//4102 5132//5132 3991//3991
f 4102//4102 3812//3812 5217//5217
f 4957//4957 5151//5151 5156//5156
f 4957//4957 4771//4771 5151//5151
f 4771//4771 4953//4953 5151//5151
f 4661//4661 4771//4771 4773//4773
f 4661//4661 4766//4766 4953//4953
f 4525//4525 3398//3398 4766//4766
f 4525//4525 3851//3851 3398//3398
f 3398//3398 3851//3851 3393//3393
f 3851//3851 3782//3782 3393//3393
f 4766//4766 3740//3740 4525//4525
f 3740//3740 3713//3713 4525//4525
f 3740//3740 3711//3711 3713//3713
f 3711//3711 3712//3712 3713//3713
f 3713//3713 3712//3712 3739//3739
f 3783//3783 4477//4477 3782//3782
f 4994//4994 3781//3781 4694//4694
f 3781//3781 4675//4675 4694//4694
f 4420//4420 4675//4675 3781//3781
f 4406//4406 4420//4420 4413//4413
f 4406//4406 4413//4413 4407//4407
f 4406//4406 4407//4407 4470//4470
f 4406//4406 4470//4470 4475//4475
f 4470//4470 4676//4676 4475//4475
f 4470//4470 4466//4466 4676//4676
f 4676//4676 4466//4466 4674//4674
f 4466//4466 4669//4669 4674//4674
f 4674//4674 4669//4669 986//986
f 4403//4403 4460//4460 4669//4669
f 4466//4466 4403//4403 4669//4669
f 4470//4470 4405//4405 4466//4466
f 4335//4335 4317//4317 4334//4334
f 4334//4334 4317//4317 4394//4394
f 4334//4334 4394//4394 3518//3518
f 4334//4334 3518//3518 4403//4403
f 3518//3518 4394//4394 4395//4395
f 3518//3518 4395//4395 3417//3417
f 3515//3515 3518//3518 3417//3417
f 3406//3406 73//73 3417//3417
f 3406//3406 3242//3242 75//75
f 2168//2168 2423//2423 1486//1486
f 2179//2179 2168//2168 3614//3614
f 3610//3610 165//165 169//169
f 169//169 165//165 175//175
f 175//175 165//165 319//319
f 1860//1860 319//319 1726//1726
f 1645//1645 1734//1734 455//455
f 455//455 1734//1734 1848//1848
f 2652//2652 446//446 2605//2605
f 2017//2017 2652//2652 2605//2605
f 2625//2625 2605//2605 2622//2622
f 627//627 620//620 2622//2622
f 1021//1021 627//627 1980//1980
f 374//374 487//487 1980//1980
f 1021//1021 1980//1980 1025//1025
f 1027//1027 486//486 1015//1015
f 499//499 486//486 438//438
f 1700//1700 972//972 1695//1695
f 1695//1695 1691//1691 1696//1696
f 1696//1696 2619//2619 2088//2088
f 2894//2894 3167//3167 2896//2896
f 2896//2896 3167//3167 3168//3168
f 2897//2897 2088//2088 2619//2619
f 1042//1042 2626//2626 2629//2629
f 2097//2097 2630//2630 2100//2100
f 2100//2100 2630//2630 2103//2103
f 3191//3191 3199//3199 3192//3192
f 3200//3200 3199//3199 3191//3191
f 4510//4510 3199//3199 3200//3200
f 4510//4510 3200//3200 4531//4531
f 5469//5469 4531//4531 4534//4534
f 5447//5447 4534//4534 4450//4450
f 3210//3210 4617//4617 5536//5536
f 5536//5536 4617//4617 5537//5537
f 5529//5529 3214//3214 5536//5536
f 3214//3214 4534//4534 5536//5536
f 5469//5469 4534//4534 3214//3214
f 5522//5522 3214//3214 5529//5529
f 5523//5523 5522//5522 5529//5529
f 3236//3236 5590//5590 5609//5609
f 5609//5609 3321//3321 3235//3235
f 3320//3320 3235//3235 3321//3321
f 3339//3339 3320//3320 3321//3321
f 3339//3339 3321//3321 3324//3324
f 3326//3326 3339//3339 3324//3324
f 3326//3326 3324//3324 3327//3327
f 4978//4978 3339//3339 3326//3326
f 3355//3355 4978//4978 3326//3326
f 3339//3339 4978//4978 4977//4977
f 3339//3339 4977//4977 3320//3320
f 3320//3320 3336//3336 3235//3235
f 3235//3235 3336//3336 3237//3237
f 3235//3235 3237//3237 3236//3236
f 3236//3236 5609//5609 3235//3235
f 5590//5590 5585//5585 3224//3224
f 5523//5523 3224//3224 3208//3208
f 3208//3208 4507//4507 5523//5523
f 5523//5523 4507//4507 5522//5522
f 4507//4507 4531//4531 5469//5469
f 4510//4510 4531//4531 4507//4507
f 4507//4507 3208//3208 4510//4510
f 4546//4546 4603//4603 4614//4614
f 4547//4547 4603//4603 4546//4546
f 3202//3202 3192//3192 3199//3199
f 5459//5459 3204//3204 3202//3202
f 3202//3202 3204//3204 2633//2633
f 2927//2927 2636//2636 3203//3203
f 2927//2927 3203//3203 2929//2929
f 2928//2928 2924//2924 2927//2927
f 2643//2643 2925//2925 2928//2928
f 2125//2125 2925//2925 2643//2643
f 1729//1729 2925//2925 2125//2125
f 1728//1728 2125//2125 2140//2140
f 1116//1116 1728//1728 2140//2140
f 2649//2649 3249//3249 3253//3253
f 3253//3253 2934//2934 2649//2649
f 2934//2934 2939//2939 2649//2649
f 2939//2939 2934//2934 2938//2938
f 2937//2937 2939//2939 2942//2942
f 2939//2939 2653//2653 2651//2651
f 2653//2653 2939//2939 2937//2937
f 2942//2942 2939//2939 3269//3269
f 2659//2659 3269//3269 2661//2661
f 2661//2661 2191//2191 2667//2667
f 1174//1174 2667//2667 138//138
f 1174//1174 1762//1762 2189//2189
f 2189//2189 2667//2667 1174//1174
f 2667//2667 2189//2189 2661//2661
f 1178//1178 2473//2473 1762//1762
f 2238//2238 1762//1762 2473//2473
f 2473//2473 64//64 2238//2238
f 2228//2228 1755//1755 2238//2238
f 3021//3021 1755//1755 2228//2228
f 1755//1755 1756//1756 2238//2238
f 2238//2238 1756//1756 1762//1762
f 1756//1756 2659//2659 2189//2189
f 2171//2171 2659//2659 1756//1756
f 2171//2171 1756//1756 1755//1755
f 2239//2239 64//64 282//282
f 64//64 1177//1177 282//282
f 285//285 282//282 1177//1177
f 2516//2516 2451//2451 2521//2521
f 2521//2521 442//442 2516//2516
f 2516//2516 442//442 440//440
f 440//440 540//540 519//519
f 548//548 1274//1274 540//540
f 540//540 547//547 548//548
f 547//547 2641//2641 548//548
f 548//548 2641//2641 2724//2724
f 548//548 2724//2724 1272//1272
f 2724//2724 2727//2727 1272//1272
f 1272//1272 2727//2727 1271//1271
f 1271//1271 1273//1273 1272//1272
f 1273//1273 1274//1274 1272//1272
f 1278//1278 1279//1279 1273//1273
f 1284//1284 1278//1278 1273//1273
f 1284//1284 1277//1277 1278//1278
f 1271//1271 1284//1284 1273//1273
f 1271//1271 2731//2731 1284//1284
f 2730//2730 2731//2731 2729//2729
f 2738//2738 2729//2729 2773//2773
f 2737//2737 2738//2738 2773//2773
f 1255//1255 2737//2737 2773//2773
f 2773//2773 1256//1256 1255//1255
f 1256//1256 3026//3026 1255//1255
f 3026//3026 2739//2739 1255//1255
f 3025//3025 3026//3026 1256//1256
f 1241//1241 3025//3025 1256//1256
f 1241//1241 1240//1240 1242//1242
f 1241//1241 1242//1242 1243//1243
f 3029//3029 3025//3025 1243//1243
f 3032//3032 3025//3025 3029//3029
f 3032//3032 3029//3029 3030//3030
f 3032//3032 3030//3030 3037//3037
f 3593//3593 3032//3032 3037//3037
f 3593//3593 3037//3037 3036//3036
f 3591//3591 3593//3593 3592//3592
f 3592//3592 3593//3593 3602//3602
f 3036//3036 3037//3037 3009//3009
f 3035//3035 3009//3009 3524//3524
f 3529//3529 3035//3035 3524//3524
f 3523//3523 3529//3529 3524//3524
f 3523//3523 3524//3524 3527//3527
f 3421//3421 3529//3529 3523//3523
f 3421//3421 3523//3523 3377//3377
f 3375//3375 3428//3428 3377//3377
f 3428//3428 3415//3415 3377//3377
f 3377//3377 3415//3415 3424//3424
f 3424//3424 3421//3421 3377//3377
f 3643//3643 3421//3421 3424//3424
f 3421//3421 3643//3643 3528//3528
f 3528//3528 3529//3529 3421//3421
f 3036//3036 3035//3035 3528//3528
f 3528//3528 3521//3521 3036//3036
f 3659//3659 3521//3521 3528//3528
f 3643//3643 3659//3659 3528//3528
f 3415//3415 3429//3429 3434//3434
f 3439//3439 3434//3434 3437//3437
f 3308//3308 3439//3439 3437//3437
f 3308//3308 3437//3437 3307//3307
f 3307//3307 3312//3312 3308//3308
f 3308//3308 3312//3312 3452//3452
f 3452//3452 3474//3474 3446//3446
f 3474//3474 3483//3483 3536//3536
f 3536//3536 5006//5006 5017//5017
f 3536//3536 5017//5017 5034//5034
f 5034//5034 5017//5017 5036//5036
f 5018//5018 5040//5040 5017//5017
f 5024//5024 5042//5042 5020//5020
f 5016//5016 5042//5042 5024//5024
f 5024//5024 5021//5021 5016//5016
f 5033//5033 5016//5016 5012//5012
f 5012//5012 5005//5005 5033//5033
f 5047//5047 5030//5030 5033//5033
f 5030//5030 5016//5016 5033//5033
f 5588//5588 5032//5032 5589//5589
f 5031//5031 5588//5588 4709//4709
f 4514//4514 4703//4703 5588//5588
f 4513//4513 4514//4514 5014//5014
f 5014//5014 5588//5588 5589//5589
f 4055//4055 4513//4513 4701//4701
f 4055//4055 4192//4192 5551//5551
f 5551//5551 4192//4192 4054//4054
f 4701//4701 4697//4697 4508//4508
f 4506//4506 4508//4508 4052//4052
f 4508//4508 4692//4692 4052//4052
f 4508//4508 5003//5003 4692//4692
f 5003//5003 4508//4508 4697//4697
f 5352//5352 5003//5003 4697//4697
f 5347//5347 5352//5352 5577//5577
f 5350//5350 5347//5347 5577//5577
f 5580//5580 5350//5350 5577//5577
f 5580//5580 5577//5577 5354//5354
f 5353//5353 5580//5580 5354//5354
f 5355//5355 5354//5354 5577//5577
f 5577//5577 5352//5352 5355//5355
f 5352//5352 4697//4697 5355//5355
f 5032//5032 5356//5356 5589//5589
f 5353//5353 5354//5354 5356//5356
f 5583//5583 5353//5353 5356//5356
f 5583//5583 5584//5584 5353//5353
f 5350//5350 5580//5580 5573//5573
f 5567//5567 5351//5351 5350//5350
f 5351//5351 5347//5347 5350//5350
f 5000//5000 5352//5352 5347//5347
f 4981//4981 4995//4995 5000//5000
f 4981//4981 5347//5347 5565//5565
f 4995//4995 4684//4684 4999//4999
f 4995//4995 4999//4999 5000//5000
f 4683//4683 4688//4688 4684//4684
f 4047//4047 4688//4688 4503//4503
f 4044//4044 4338//4338 4077//4077
f 4332//4332 4503//4503 4499//4499
f 4331//4331 4321//4321 4332//4332
f 4497//4497 4332//4332 4321//4321
f 4316//4316 4321//4321 4331//4331
f 4325//4325 4316//4316 4331//4331
f 4325//4325 4494//4494 4487//4487
f 4329//4329 4476//4476 4325//4325
f 4316//4316 4325//4325 4476//4476
f 4316//4316 4025//4025 4321//4321
f 4027//4027 4321//4321 4025//4025
f 4027//4027 4029//4029 4031//4031
f 4025//4025 5428//5428 4027//4027
f 5428//5428 5418//5418 5612//5612
f 3650//3650 3683//3683 5614//5614
f 5614//5614 5612//5612 4882//4882
f 4776//4776 5614//5614 4882//4882
f 5614//5614 3683//3683 5612//5612
f 4311//4311 4476//4476 4329//4329
f 4311//4311 4329//4329 4478//4478
f 4311//4311 4024//4024 4476//4476
f 4313//4313 4476//4476 4024//4024
f 4023//4023 4024//4024 4020//4020
f 4468//4468 4020//4020 4024//4024
f 4469//4469 4464//4464 4468//4468
f 4660//4660 4464//4464 4469//4469
f 4660//4660 4463//4463 4464//4464
f 4020//4020 4299//4299 4461//4461
f 4020//4020 4017//4017 4023//4023
f 4017//4017 5374//5374 4023//4023
f 5374//5374 4017//4017 5360//5360
f 5345//5345 5358//5358 5360//5360
f 5422//5422 5345//5345 5319//5319
f 5457//5457 5422//5422 4315//4315
f 4456//4456 4315//4315 4435//4435
f 5457//5457 5453//5453 5344//5344
f 4456//4456 4482//4482 5453//5453
f 4482//4482 4456//4456 4447//4447
f 5453//5453 5457//5457 4456//4456
f 4315//4315 4456//4456 5457//5457
f 4315//4315 4226//4226 4344//4344
f 4216//4216 4226//4226 4112//4112
f 4216//4216 4112//4112 5132//5132
f 4112//4112 3991//3991 5132//5132
f 4102//4102 3991//3991 3812//3812
f 3991//3991 3811//3811 3812//3812
f 3997//3997 3991//3991 4112//4112
f 4195//4195 3997//3997 4112//4112
f 4195//4195 4112//4112 4194//4194
f 5422//5422 4194//4194 4226//4226
f 4315//4315 5422//5422 4226//4226
f 4197//4197 4194//4194 5319//5319
f 5298//5298 4200//4200 5300//5300
f 4194//4194 4197//4197 4195//4195
f 3997//3997 3758//3758 3991//3991
f 5097//5097 3812//3812 3811//3811
f 5097//5097 5080//5080 3812//3812
f 5097//5097 5083//5083 5080//5080
f 5083//5083 4957//4957 5080//5080
f 4957//4957 4864//4864 4771//4771
f 4864//4864 4747//4747 4746//4746
f 4864//4864 4746//4746 4773//4773
f 4589//4589 4635//4635 3791//3791
f 4589//4589 3763//3763 3729//3729
f 3757//3757 4589//4589 3729//3729
f 3757//3757 3729//3729 3728//3728
f 3757//3757 4773//4773 4746//4746
f 4746//4746 4589//4589 3757//3757
f 4661//4661 4773//4773 3757//3757
f 4532//4532 4661//4661 3757//3757
f 4661//4661 4532//4532 3740//3740
f 3740//3740 4532//4532 3711//3711
f 3719//3719 3711//3711 4532//4532
f 3728//3728 3719//3719 4532//4532
f 3729//3729 3721//3721 3728//3728
f 3721//3721 3719//3719 3728//3728
f 4388//4388 3711//3711 3719//3719
f 4388//4388 3715//3715 3711//3711
f 3715//3715 3114//3114 3712//3712
f 3114//3114 4312//4312 3712//3712
f 3712//3712 4312//4312 3710//3710
f 4312//4312 3127//3127 3710//3710
f 3707//3707 3125//3125 3783//3783
f 3125//3125 4477//4477 3783//3783
f 3125//3125 4416//4416 4420//4420
f 3707//3707 3112//3112 3125//3125
f 3127//3127 3707//3707 3710//3710
f 3113//3113 2824//2824 3112//3112
f 3112//3112 2824//2824 2823//2823
f 2824//2824 2805//2805 2823//2823
f 2823//2823 2805//2805 2811//2811
f 2823//2823 2811//2811 4416//4416
f 4364//4364 4413//4413 4416//4416
f 4407//4407 4340//4340 4342//4342
f 4407//4407 4342//4342 4405//4405
f 4340//4340 4283//4283 4284//4284
f 4340//4340 4284//4284 1951//1951
f 4340//4340 1951//1951 4342//4342
f 1951//1951 4278//4278 4342//4342
f 4278//4278 4334//4334 4342//4342
f 4333//4333 4320//4320 4317//4317
f 4320//4320 4395//4395 4317//4317
f 3246//3246 4395//4395 4320//4320
f 3246//3246 4320//4320 825//825
f 3246//3246 825//825 3240//3240
f 3417//3417 3246//3246 3240//3240
f 3240//3240 3242//3242 3406//3406
f 3238//3238 2019//2019 2179//2179
f 2179//2179 3385//3385 2168//2168
f 2168//2168 3385//3385 2130//2130
f 2423//2423 2130//2130 2399//2399
f 1659//1659 2423//2423 2399//2399
f 1672//1672 1659//1659 162//162
f 1645//1645 162//162 1694//1694
f 1807//1807 1810//1810 1803//1803
f 1848//1848 1807//1807 1803//1803
f 446//446 1853//1853 2605//2605
f 2605//2605 1810//1810 2576//2576
f 2605//2605 2576//2576 2622//2622
f 2508//2508 1946//1946 2622//2622
f 1968//1968 1946//1946 1934//1934
f 374//374 1968//1968 1934//1934
f 374//374 1900//1900 487//487
f 1980//1980 487//487 1025//1025
f 1900//1900 438//438 487//487
f 1900//1900 370//370 438//438
f 438//438 286//286 477//477
f 477//477 286//286 975//975
f 286//286 370//370 287//287
f 370//370 240//240 287//287
f 287//287 240//240 150//150
f 232//232 287//287 150//150
f 232//232 150//150 140//140
f 1685//1685 232//232 967//967
f 1685//1685 967//967 964//964
f 1685//1685 970//970 974//974
f 1685//1685 974//974 232//232
f 287//287 232//232 974//974
f 975//975 287//287 974//974
f 975//975 974//974 983//983
f 983//983 477//477 975//975
f 974//974 972//972 983//983
f 974//974 970//970 972//972
f 970//970 1691//1691 972//972
f 1696//1696 1691//1691 1689//1689
f 1689//1689 2616//2616 2619//2619
f 2616//2616 2891//2891 2894//2894
f 3168//3168 3167//3167 3165//3165
f 3165//3165 4848//4848 3651//3651
f 3168//3168 3165//3165 3651//3651
f 3651//3651 4916//4916 3168//3168
f 3168//3168 4916//4916 5011//5011
f 2896//2896 5011//5011 2627//2627
f 2619//2619 2896//2896 2627//2627
f 2897//2897 2619//2619 2627//2627
f 2628//2628 2630//2630 2629//2629
f 2912//2912 2922//2922 2628//2628
f 2922//2922 2630//2630 2628//2628
f 2630//2630 2922//2922 2103//2103
f 2912//2912 3187//3187 2922//2922
f 2922//2922 3187//3187 3192//3192
f 3188//3188 5309//5309 5334//5334
f 3188//3188 5334//5334 3191//3191
f 3200//3200 3191//3191 4450//4450
f 3200//3200 4450//4450 4531//4531
f 4450//4450 4451//4451 5447//5447
f 3210//3210 4451//4451 5470//5470
f 3210//3210 5470//5470 5484//5484
f 3210//3210 5484//5484 4617//4617
f 4617//4617 5484//5484 4667//4667
f 4617//4617 4667//4667 5537//5537
f 4666//4666 5537//5537 4667//4667
f 3327//3327 4753//4753 4666//4666
f 3340//3340 3355//3355 3326//3326
f 3355//3355 3340//3340 4886//4886
f 5059//5059 3355//3355 4886//4886
f 5059//5059 4886//4886 4896//4896
f 5059//5059 4896//4896 5125//5125
f 5010//5010 5135//5135 5125//5125
f 5125//5125 4896//4896 5010//5010
f 5010//5010 3341//3341 5135//5135
f 5167//5167 5133//5133 5183//5183
f 5183//5183 5169//5169 5167//5167
f 3388//3388 5167//5167 5169//5169
f 5169//5169 3270//3270 3388//3388
f 3412//3412 3388//3388 3270//3270
f 3401//3401 5366//5366 5361//5361
f 3453//3453 5362//5362 5361//5361
f 3451//3451 3453//3453 3460//3460
f 3279//3279 3451//3451 3460//3460
f 3279//3279 3460//3460 3459//3459
f 3473//3473 3460//3460 3454//3454
f 5414//5414 5445//5445 5443//5443
f 5443//5443 5445//5445 3494//3494
f 3490//3490 3459//3459 3473//3473
f 3490//3490 3489//3489 3459//3459
f 3489//3489 3472//3472 3459//3459
f 3471//3471 3459//3459 3472//3472
f 3470//3470 3471//3471 3472//3472
f 3470//3470 3472//3472 3311//3311
f 3469//3469 3470//3470 3305//3305
f 3470//3470 3311//3311 3305//3305
f 3470//3470 3469//3469 3277//3277
f 3277//3277 3471//3471 3470//3470
f 3277//3277 3272//3272 3279//3279
f 3279//3279 3272//3272 3451//3451
f 3272//3272 3274//3274 3451//3451
f 3274//3274 3453//3453 3451//3451
f 3453//3453 3274//3274 5362//5362
f 5362//5362 3408//3408 3407//3407
f 3409//3409 3408//3408 3274//3274
f 3273//3273 3409//3409 3274//3274
f 3272//3272 3273//3273 3274//3274
f 3254//3254 3409//3409 3273//3273
f 3409//3409 3400//3400 3408//3408
f 3409//3409 3254//3254 3400//3400
f 3400//3400 3399//3399 3408//3408
f 3412//3412 5366//5366 3389//3389
f 3389//3389 3388//3388 3412//3412
f 3380//3380 5058//5058 3388//3388
f 5058//5058 5167//5167 3388//3388
f 5058//5058 5125//5125 5167//5167
f 3381//3381 5059//5059 5058//5058
f 3381//3381 3355//3355 5059//5059
f 3381//3381 3364//3364 3355//3355
f 3320//3320 4977//4977 3356//3356
f 3243//3243 3335//3335 3354//3354
f 3335//3335 3243//3243 3331//3331
f 2645//2645 3226//3226 3334//3334
f 3226//3226 3331//3331 3334//3334
f 5603//5603 5597//5597 3335//3335
f 5597//5597 3237//3237 3335//3335
f 3336//3336 3335//3335 3237//3237
f 3236//3236 3237//3237 5597//5597
f 5579//5579 5597//5597 5554//5554
f 5554//5554 4640//4640 5579//5579
f 4614//4614 5585//5585 5579//5579
f 5585//5585 4614//4614 3224//3224
f 3224//3224 4614//4614 4603//4603
f 4640//4640 4611//4611 4614//4614
f 3226//3226 3223//3223 5594//5594
f 5594//5594 3223//3223 4640//4640
f 2645//2645 3223//3223 3226//3226
f 3241//3241 3249//3249 2645//2645
f 2928//2928 2929//2929 2645//2645
f 2645//2645 2643//2643 2928//2928
f 3223//3223 2929//2929 3203//3203
f 3204//3204 5459//5459 3223//3223
f 3223//3223 5459//5459 4640//4640
f 4611//4611 4640//4640 5459//5459
f 5459//5459 4546//4546 4611//4611
f 4546//4546 4614//4614 4611//4611
f 4546//4546 5459//5459 3202//3202
f 3203//3203 3204//3204 3223//3223
f 2929//2929 3223//3223 2645//2645
f 2643//2643 2645//2645 3249//3249
f 3241//3241 3394//3394 3253//3253
f 3427//3427 3394//3394 3430//3430
f 5389//5389 3427//3427 3430//3430
f 5389//5389 3430//3430 5385//5385
f 5431//5431 3457//3457 5389//5389
f 3425//3425 3457//3457 3450//3450
f 3448//3448 3425//3425 3450//3450
f 3448//3448 3450//3450 3449//3449
f 3455//3455 3448//3448 3449//3449
f 3455//3455 2191//2191 3271//3271
f 3271//3271 3265//3265 3252//3252
f 3420//3420 3271//3271 3252//3252
f 3457//3457 3425//3425 5389//5389
f 3425//3425 3427//3427 5389//5389
f 3425//3425 3423//3423 3427//3427
f 3427//3427 3423//3423 3394//3394
f 3423//3423 3253//3253 3394//3394
f 3253//3253 3420//3420 3252//3252
f 2191//2191 2666//2666 2667//2667
f 2666//2666 2951//2951 1763//1763
f 2666//2666 1763//1763 2667//2667
f 1763//1763 2319//2319 2667//2667
f 138//138 2667//2667 2319//2319
f 134//134 1199//1199 133//133
f 138//138 133//133 1174//1174
f 133//133 138//138 134//134
f 1178//1178 1174//1174 133//133
f 1762//1762 1174//1174 1178//1178
f 2521//2521 2473//2473 1195//1195
f 447//447 547//547 540//540
f 447//447 2641//2641 547//547
f 2613//2613 2621//2621 2641//2641
f 2641//2641 2621//2621 2614//2614
f 2641//2641 2614//2614 2642//2642
f 2644//2644 2642//2642 2614//2614
f 2644//2644 2614//2614 2647//2647
f 2650//2650 2644//2644 2647//2647
f 2650//2650 1224//1224 2648//2648
f 2648//2648 1224//1224 2655//2655
f 2655//2655 1225//1225 1237//1237
f 1237//1237 1225//1225 1236//1236
f 1236//1236 1238//1238 1237//1237
f 1238//1238 2759//2759 1237//1237
f 1237//1237 2759//2759 2756//2756
f 2644//2644 2648//2648 2756//2756
f 2756//2756 2728//2728 2644//2644
f 2644//2644 2728//2728 2724//2724
f 2644//2644 2724//2724 2642//2642
f 2727//2727 2724//2724 2728//2728
f 2728//2728 2731//2731 2727//2727
f 2732//2732 2728//2728 2756//2756
f 2759//2759 2732//2732 2756//2756
f 2732//2732 2759//2759 2773//2773
f 2732//2732 2731//2731 2728//2728
f 2773//2773 2759//2759 1238//1238
f 1238//1238 1236//1236 1240//1240
f 1238//1238 1240//1240 1256//1256
f 1240//1240 1236//1236 1242//1242
f 1236//1236 1228//1228 1242//1242
f 1228//1228 1227//1227 1218//1218
f 1781//1781 1228//1228 1218//1218
f 1786//1786 1230//1230 1789//1789
f 1788//1788 1786//1786 1789//1789
f 3030//3030 1788//1788 3010//3010
f 3030//3030 3010//3010 3009//3009
f 3010//3010 2256//2256 3014//3014
f 2256//2256 2247//2247 3014//3014
f 2247//2247 3012//3012 3014//3014
f 3013//3013 3012//3012 2247//2247
f 3013//3013 2247//2247 2248//2248
f 2249//2249 3013//3013 2248//2248
f 2689//2689 2693//2693 2249//2249
f 2249//2249 2693//2693 2981//2981
f 2981//2981 3525//3525 2249//2249
f 2981//2981 2980//2980 2968//2968
f 2981//2981 2968//2968 2969//2969
f 2983//2983 2969//2969 2971//2971
f 3525//3525 3526//3526 3013//3013
f 3013//3013 3526//3526 3011//3011
f 3011//3011 3526//3526 2982//2982
f 3011//3011 2982//2982 3527//3527
f 3524//3524 3011//3011 3527//3527
f 3010//3010 3011//3011 3524//3524
f 3009//3009 3010//3010 3524//3524
f 3012//3012 3010//3010 3014//3014
f 3010//3010 3012//3012 3011//3011
f 3527//3527 2982//2982 3369//3369
f 3519//3519 3374//3374 3375//3375
f 3374//3374 3519//3519 3296//3296
f 3296//3296 3299//3299 3374//3374
f 3299//3299 3428//3428 3374//3374
f 3294//3294 3287//3287 3290//3290
f 3287//3287 3286//3286 3290//3290
f 3290//3290 3286//3286 3291//3291
f 3290//3290 3291//3291 3312//3312
f 3291//3291 3281//3281 3292//3292
f 3291//3291 3292//3292 3312//3312
f 3312//3312 3292//3292 3313//3313
f 3313//3313 3292//3292 3323//3323
f 3461//3461 3313//3313 3323//3323
f 3463//3463 4690//4690 5006//5006
f 3483//3483 3323//3323 5006//5006
f 3483//3483 3461//3461 3323//3323
f 5006//5006 3323//3323 3463//3463
f 5006//5006 4690//4690 5017//5017
f 4690//4690 5007//5007 5017//5017
f 5017//5017 5007//5007 5018//5018
f 5018//5018 5007//5007 5019//5019
f 5020//5020 5019//5019 5022//5022
f 5022//5022 4691//4691 5009//5009
f 5021//5021 5022//5022 5009//5009
f 5021//5021 5009//5009 5012//5012
f 5012//5012 5004//5004 5002//5002
f 5012//5012 5002//5002 5005//5005
f 5005//5005 5586//5586 5587//5587
f 5005//5005 5587//5587 5027//5027
f 5027//5027 5028//5028 5045//5045
f 5028//5028 5356//5356 5029//5029
f 5356//5356 5028//5028 5583//5583
f 5028//5028 5587//5587 5583//5583
f 5587//5587 5584//5584 5583//5583
f 5581//5581 5353//5353 5584//5584
f 5581//5581 5573//5573 5353//5353
f 5573//5573 5580//5580 5353//5353
f 5581//5581 5574//5574 5573//5573
f 5350//5350 5573//5573 5567//5567
f 5565//5565 5351//5351 5567//5567
f 5567//5567 5560//5560 5565//5565
f 5559//5559 5342//5342 5560//5560
f 4981//4981 5560//5560 5341//5341
f 4981//4981 5341//5341 4980//4980
f 4995//4995 4980//4980 4684//4684
f 4688//4688 4683//4683 4680//4680
f 4680//4680 4499//4499 4503//4503
f 4680//4680 4503//4503 4688//4688
f 4680//4680 4671//4671 4499//4499
f 4487//4487 4494//4494 4671//4671
f 4487//4487 4671//4671 4672//4672
f 5333//5333 5326//5326 5327//5327
f 5333//5333 5327//5327 4967//4967
f 4967//4967 5289//5289 4668//4668
f 4668//4668 4481//4481 4672//4672
f 4668//4668 4474//4474 4481//4481
f 4478//4478 4474//4474 4311//4311
f 4662//4662 4474//4474 4668//4668
f 4662//4662 4955//4955 4945//4945
f 4945//4945 4467//4467 4662//4662
f 4662//4662 4467//4467 4474//4474
f 4660//4660 4467//4467 4945//4945
f 4917//4917 4658//4658 4660//4660
f 4463//4463 4458//4458 4301//4301
f 4299//4299 4301//4301 4461//4461
f 4461//4461 5360//5360 4020//4020
f 4020//4020 5360//5360 4017//4017
f 5345//5345 5360//5360 5332//5332
f 5345//5345 5300//5300 5319//5319
f 5319//5319 5300//5300 4197//4197
f 5345//5345 5298//5298 5300//5300
f 5332//5332 5298//5298 5345//5345
f 5281//5281 5298//5298 5332//5332
f 4200//4200 5281//5281 5272//5272
f 5271//5271 5272//5272 5281//5281
f 5233//5233 5271//5271 4010//4010
f 4010//4010 4634//4634 4274//4274
f 4274//4274 4273//4273 4010//4010
f 4455//4455 4274//4274 4634//4634
f 4455//4455 4634//4634 4632//4632
f 4631//4631 4455//4455 4632//4632
f 4632//4632 5220//5220 4631//4631
f 4631//4631 5220//5220 5210//5210
f 4887//4887 4631//4631 5206//5206
f 5454//5454 5206//5206 5462//5462
f 5205//5205 4887//4887 5206//5206
f 4887//4887 4455//4455 4631//4631
f 4272//4272 4455//4455 4452//4452
f 4272//4272 4448//4448 4273//4273
f 4256//4256 4005//4005 4008//4008
f 4005//4005 5233//5233 4008//4008
f 5233//5233 5242//5242 5271//5271
f 5242//5242 5272//5272 5271//5271
f 5242//5242 5277//5277 5272//5272
f 4200//4200 5272//5272 5240//5240
f 4197//4197 4200//4200 4195//4195
f 5240//5240 4195//4195 4200//4200
f 3773//3773 3997//3997 5240//5240
f 3997//3997 3773//3773 3758//3758
f 5097//5097 3758//3758 5126//5126
f 5055//5055 5083//5083 5097//5097
f 5055//5055 5097//5097 5126//5126
f 4943//4943 4957//4957 5083//5083
f 4747//4747 4957//4957 4943//4943
f 4943//4943 4750//4750 4747//4747
f 4747//4747 4750//4750 4635//4635
f 4750//4750 4943//4943 4722//4722
f 3422//3422 4823//4823 4795//4795
f 4795//4795 4789//4789 3422//3422
f 4789//4789 4722//4722 5048//5048
f 3419//3419 4789//4789 5048//5048
f 3422//3422 4789//4789 3419//3419
f 3418//3418 3422//3422 3419//3419
f 3418//3418 4823//4823 3422//3422
f 5062//5062 3418//3418 5055//5055
f 5126//5126 5062//5062 5055//5055
f 5126//5126 3758//3758 3773//3773
f 5232//5232 5124//5124 3773//3773
f 5124//5124 5232//5232 5179//5179
f 5124//5124 5061//5061 5062//5062
f 5061//5061 5015//5015 5062//5062
f 5015//5015 4823//4823 5062//5062
f 5062//5062 4823//4823 3418//3418
f 4833//4833 4799//4799 4885//4885
f 4833//4833 5060//5060 4799//4799
f 5060//5060 5038//5038 4799//4799
f 3990//3990 5038//5038 5060//5060
f 3990//3990 5060//5060 5087//5087
f 3995//3995 3990//3990 5098//5098
f 3995//3995 5098//5098 5134//5134
f 5067//5067 5124//5124 5179//5179
f 4000//4000 3999//3999 5134//5134
f 3998//3998 3999//3999 4252//4252
f 4254//4254 4256//4256 4258//4258
f 4258//4258 4256//4256 4260//4260
f 4254//4254 4252//4252 4256//4256
f 4249//4249 3998//3998 4252//4252
f 3998//3998 3993//3993 3999//3999
f 3990//3990 3988//3988 5038//5038
f 5038//5038 4788//4788 4799//4799
f 5038//5038 5025//5025 4788//4788
f 4987//4987 4618//4618 5025//5025
f 4788//4788 5025//5025 4707//4707
f 4707//4707 4750//4750 4788//4788
f 3792//3792 4750//4750 4707//4707
f 3791//3791 3792//3792 3785//3785
f 4589//4589 3791//3791 3785//3785
f 4589//4589 3785//3785 3763//3763
f 3785//3785 3765//3765 3763//3763
f 3763//3763 3765//3765 3747//3747
f 3747//3747 3764//3764 3763//3763
f 3763//3763 3764//3764 3729//3729
f 3764//3764 4543//4543 3729//3729
f 3729//3729 4543//4543 3720//3720
f 3722//3722 3721//3721 3720//3720
f 3721//3721 3722//3722 3119//3119
f 3721//3721 3119//3119 4388//4388
f 4388//4388 4391//4391 3116//3116
f 3116//3116 3715//3715 4388//4388
f 3116//3116 3114//3114 3715//3715
f 2832//2832 3116//3116 4391//4391
f 3115//3115 2832//2832 4391//4391
f 3115//3115 4391//4391 3119//3119
f 3119//3119 3132//3132 3693//3693
f 3119//3119 3693//3693 3115//3115
f 2832//2832 3114//3114 3116//3116
f 2832//2832 4266//4266 3114//3114
f 4266//4266 4312//4312 3114//3114
f 3127//3127 4312//4312 3102//3102
f 2813//2813 3113//3113 3102//3102
f 2807//2807 2813//2813 3102//3102
f 3102//3102 873//873 2807//2807
f 2813//2813 2807//2807 2814//2814
f 2824//2824 2813//2813 2814//2814
f 2813//2813 2824//2824 3113//3113
f 2824//2824 2814//2814 2806//2806
f 2806//2806 2803//2803 2805//2805
f 2805//2805 4283//4283 4356//4356
f 2811//2811 4356//4356 4407//4407
f 4364//4364 2811//2811 4407//4407
f 4283//4283 4407//4407 4356//4356
f 2790//2790 2783//2783 2476//2476
f 2476//2476 2475//2475 2474//2474
f 2475//2475 1950//1950 2474//2474
f 1951//1951 2474//2474 1950//1950
f 1950//1950 1949//1949 1951//1951
f 1949//1949 1944//1944 4268//4268
f 1949//1949 4268//4268 4278//4278
f 4268//4268 4335//4335 4278//4278
f 4335//4335 4268//4268 2488//2488
f 4333//4333 2488//2488 2500//2500
f 4330//4330 2500//2500 2499//2499
f 2486//2486 4330//4330 2499//2499
f 537//537 824//824 542//542
f 824//824 550//550 542//542
f 825//825 550//550 826//826
f 1011//1011 825//825 826//826
f 1011//1011 826//826 1012//1012
f 2068//2068 1999//1999 2070//2070
f 2068//2068 2070//2070 2091//2091
f 2091//2091 2089//2089 2130//2130
f 2130//2130 3385//3385 2091//2091
f 2068//2068 3385//3385 2019//2019
f 2155//2155 2130//2130 2089//2089
f 2121//2121 2155//2155 2089//2089
f 1407//1407 2121//2121 1250//1250
f 1381//1381 1407//1407 1250//1250
f 1381//1381 1250//1250 1123//1123
f 1381//1381 1123//1123 1257//1257
f 1257//1257 1265//1265 1381//1381
f 1265//1265 1392//1392 1381//1381
f 1397//1397 1462//1462 2209//2209
f 2371//2371 2209//2209 1459//1459
f 2371//2371 1459//1459 1457//1457
f 2186//2186 1397//1397 2371//2371
f 2401//2401 1407//1407 2186//2186
f 1457//1457 2401//2401 2186//2186
f 1407//1407 2401//2401 2398//2398
f 2398//2398 2121//2121 1407//1407
f 2155//2155 2121//2121 2398//2398
f 2155//2155 2398//2398 2399//2399
f 1491//1491 2399//2399 2398//2398
f 1491//1491 2398//2398 2401//2401
f 1488//1488 99//99 1491//1491
f 1488//1488 1459//1459 107//107
f 1507//1507 107//107 1459//1459
f 1507//1507 1459//1459 2209//2209
f 107//107 1507//1507 108//108
f 2447//2447 2450//2450 99//99
f 2447//2447 2471//2471 2450//2450
f 1810//1810 2481//2481 2501//2501
f 2508//2508 1751//1751 1934//1934
f 1751//1751 374//374 1934//1934
f 1751//1751 1844//1844 374//374
f 1761//1761 1844//1844 1751//1751
f 1844//1844 1680//1680 1708//1708
f 1761//1761 1680//1680 1844//1844
f 374//374 263//263 1900//1900
f 263//263 370//370 1900//1900
f 221//221 150//150 240//240
f 370//370 221//221 240//240
f 1708//1708 221//221 370//370
f 1708//1708 370//370 263//263
f 221//221 140//140 150//150
f 1708//1708 1558//1558 221//221
f 1558//1558 1563//1563 140//140
f 140//140 1563//1563 959//959
f 967//967 140//140 959//959
f 964//964 967//967 959//959
f 964//964 1682//1682 1685//1685
f 1682//1682 1691//1691 970//970
f 1682//1682 1683//1683 1691//1691
f 1684//1684 1691//1691 1683//1683
f 2079//2079 1684//1684 2080//2080
f 2082//2082 1691//1691 1684//1684
f 1691//1691 2082//2082 1689//1689
f 1689//1689 2082//2082 2616//2616
f 2891//2891 3161//3161 3163//3163
f 3163//3163 3161//3161 4759//4759
f 3165//3165 4759//4759 4764//4764
f 3165//3165 4764//4764 4786//4786
f 4786//4786 3855//3855 3165//3165
f 3858//3858 4786//4786 3832//3832
f 3858//3858 4848//4848 3855//3855
f 4848//4848 4899//4899 3656//3656
f 3656//3656 3651//3651 4848//4848
f 4916//4916 3651//3651 3730//3730
f 4916//4916 3730//3730 3861//3861
f 4916//4916 3861//3861 3172//3172
f 3172//3172 5011//5011 4916//4916
f 3172//3172 2900//2900 5011//5011
f 3174//3174 3172//3172 3173//3173
f 2905//2905 3174//3174 3173//3173
f 3186//3186 2908//2908 2915//2915
f 2908//2908 3186//3186 2918//2918
f 5309//5309 5231//5231 2918//2918
f 5334//5334 2918//2918 5346//5346
f 5309//5309 2918//2918 5334//5334
f 5258//5258 5231//5231 5309//5309
f 3188//3188 5258//5258 5309//5309
f 3188//3188 2912//2912 5258//5258
f 2912//2912 3182//3182 3178//3178
f 2912//2912 3178//3178 3185//3185
f 2908//2908 2918//2918 5231//5231
f 5231//5231 5118//5118 2908//2908
f 3174//3174 2905//2905 5118//5118
f 3174//3174 5118//5118 3185//3185
f 2900//2900 3174//3174 3185//3185
f 3178//3178 2900//2900 3185//3185
f 3182//3182 2900//2900 3178//3178
f 2900//2900 3172//3172 3174//3174
f 2626//2626 2627//2627 2628//2628
f 2912//2912 2628//2628 3182//3182
f 2628//2628 2627//2627 3182//3182
f 2627//2627 3176//3176 3182//3182
f 2627//2627 5011//5011 3176//3176
f 2900//2900 3182//3182 3176//3176
f 3185//3185 5118//5118 5231//5231
f 3185//3185 5231//5231 5258//5258
f 3185//3185 5258//5258 2912//2912
f 3188//3188 3187//3187 2912//2912
f 5346//5346 4449//4449 3191//3191
f 4450//4450 4449//4449 4451//4451
f 5470//5470 4451//4451 4414//4414
f 4414//4414 4454//4454 5470//5470
f 5470//5470 5475//5475 5484//5484
f 5484//5484 5495//5495 4625//4625
f 4625//4625 4620//4620 5484//5484
f 4678//4678 4620//4620 4625//4625
f 4670//4670 4678//4678 5615//5615
f 4670//4670 5615//5615 3343//3343
f 3343//3343 5611//5611 4670//4670
f 4670//4670 5611//5611 4667//4667
f 4667//4667 4620//4620 4670//4670
f 5484//5484 4620//4620 4667//4667
f 4666//4666 5611//5611 4861//4861
f 4861//4861 5611//5611 3343//3343
f 4886//4886 4894//4894 4896//4896
f 4896//4896 4894//4894 5010//5010
f 4894//4894 3341//3341 5010//5010
f 5135//5135 3366//3366 5188//5188
f 5188//5188 5133//5133 5135//5135
f 3416//3416 5188//5188 3390//3390
f 5295//5295 5188//5188 3416//3416
f 5295//5295 5183//5183 5188//5188
f 5188//5188 5183//5183 5133//5133
f 5169//5169 5183//5183 5295//5295
f 5169//5169 5295//5295 3270//3270
f 5415//5415 5369//5369 5414//5414
f 3441//3441 3464//3464 5414//5414
f 3464//3464 3441//3441 3442//3442
f 3442//3442 3465//3465 3464//3464
f 5445//5445 3464//3464 3465//3465
f 5445//5445 3496//3496 3494//3494
f 3493//3493 3496//3496 5445//5445
f 3493//3493 5445//5445 3492//3492
f 3499//3499 3493//3493 3492//3492
f 3499//3499 3492//3492 3498//3498
f 3517//3517 3499//3499 3498//3498
f 3497//3497 3517//3517 3498//3498
f 3519//3519 3497//3497 3501//3501
f 3512//3512 3497//3497 3519//3519
f 3369//3369 5621//5621 3512//3512
f 5621//5621 5620//5620 3512//3512
f 3512//3512 5620//5620 3513//3513
f 3512//3512 3513//3513 3514//3514
f 3508//3508 3499//3499 3517//3517
f 3507//3507 3495//3495 3508//3508
f 3495//3495 3496//3496 3508//3508
f 3508//3508 3496//3496 3493//3493
f 3490//3490 3496//3496 3495//3495
f 3490//3490 3495//3495 3506//3506
f 3506//3506 3489//3489 3490//3490
f 3506//3506 3488//3488 3489//3489
f 3251//3251 3488//3488 3282//3282
f 3251//3251 3282//3282 2967//2967
f 2965//2965 2967//2967 2968//2968
f 2965//2965 2968//2968 2980//2980
f 2694//2694 2965//2965 2980//2980
f 2690//2690 2694//2694 2693//2693
f 2691//2691 2694//2694 2690//2690
f 2690//2690 2689//2689 2688//2688
f 2976//2976 2975//2975 2962//2962
f 2962//2962 3239//3239 2963//2963
f 2963//2963 3239//3239 2964//2964
f 2964//2964 2976//2976 2963//2963
f 2965//2965 2976//2976 2964//2964
f 2965//2965 2964//2964 3264//3264
f 3251//3251 3264//3264 3266//3266
f 3303//3303 3266//3266 3310//3310
f 3310//3310 3264//3264 3239//3239
f 3301//3301 3305//3305 3303//3303
f 3310//3310 3300//3300 3303//3303
f 3310//3310 3309//3309 3298//3298
f 2955//2955 3309//3309 3310//3310
f 2961//2961 3306//3306 3309//3309
f 2961//2961 2954//2954 3306//3306
f 2951//2951 3306//3306 2954//2954
f 1763//1763 2951//2951 2954//2954
f 2948//2948 3297//3297 2949//2949
f 2948//2948 2949//2949 2951//2951
f 3449//3449 3457//3457 3458//3458
f 5516//5516 3458//3458 5467//5467
f 5516//5516 5467//5467 5519//5519
f 5516//5516 5519//5519 3300//3300
f 3300//3300 3298//3298 5516//5516
f 5516//5516 2949//2949 3458//3458
f 2949//2949 5516//5516 3298//3298
f 2949//2949 3298//3298 3309//3309
f 3306//3306 2949//2949 3309//3309
f 3300//3300 5519//5519 5521//5521
f 3301//3301 3300//3300 5521//5521
f 3301//3301 5521//5521 3469//3469
f 5519//5519 5431//5431 3272//3272
f 5519//5519 5467//5467 5431//5431
f 5467//5467 3457//3457 5431//5431
f 5519//5519 3272//3272 3277//3277
f 5519//5519 3277//3277 5521//5521
f 5467//5467 3458//3458 3457//3457
f 3457//3457 3449//3449 3450//3450
f 3297//3297 3449//3449 3458//3458
f 2191//2191 3297//3297 2948//2948
f 2191//2191 2948//2948 2666//2666
f 3455//3455 3297//3297 2191//2191
f 3269//3269 3271//3271 2191//2191
f 2666//2666 2948//2948 2951//2951
f 3297//3297 3458//3458 2949//2949
f 2319//2319 2215//2215 233//233
f 154//154 2319//2319 233//233
f 154//154 233//233 244//244
f 154//154 244//244 305//305
f 303//303 154//154 305//305
f 303//303 1199//1199 134//134
f 2528//2528 303//303 1770//1770
f 2621//2621 1770//1770 303//303
f 1770//1770 2621//2621 2613//2613
f 2528//2528 1770//1770 2613//2613
f 448//448 2528//2528 2613//2613
f 2621//2621 2617//2617 2614//2614
f 1209//1209 2650//2650 2624//2624
f 2624//2624 1208//1208 1209//1209
f 1209//1209 1213//1213 1224//1224
f 1224//1224 1213//1213 1225//1225
f 1226//1226 1211//1211 1227//1227
f 1227//1227 1211//1211 1218//1218
f 1782//1782 1781//1781 1780//1780
f 1782//1782 1780//1780 1783//1783
f 1790//1790 1782//1782 1783//1783
f 1788//1788 1790//1790 2256//2256
f 1788//1788 1789//1789 1790//1790
f 1789//1789 1782//1782 1790//1790
f 1790//1790 1783//1783 2248//2248
f 1790//1790 2248//2248 2247//2247
f 2699//2699 2687//2687 2698//2698
f 2226//2226 2687//2687 2699//2699
f 1214//1214 2226//2226 2699//2699
f 1215//1215 2226//2226 1214//1214
f 1215//1215 1216//1216 2226//2226
f 1212//1212 1216//1216 1215//1215
f 1211//1211 1212//1212 1215//1215
f 1211//1211 1213//1213 1212//1212
f 1208//1208 2225//2225 1212//1212
f 2225//2225 1216//1216 1212//1212
f 2223//2223 2226//2226 1216//1216
f 2223//2223 2222//2222 2226//2226
f 2226//2226 2222//2222 2687//2687
f 2975//2975 2688//2688 2687//2687
f 2222//2222 2223//2223 2961//2961
f 2961//2961 2223//2223 2679//2679
f 2975//2975 2961//2961 2962//2962
f 2962//2962 2961//2961 2955//2955
f 2955//2955 3239//3239 2962//2962
f 2679//2679 2954//2954 2961//2961
f 2217//2217 2954//2954 2679//2679
f 2217//2217 2215//2215 1763//1763
f 2216//2216 2215//2215 2217//2217
f 2217//2217 2223//2223 2216//2216
f 2216//2216 2223//2223 2225//2225
f 2220//2220 2216//2216 2225//2225
f 2219//2219 2220//2220 2225//2225
f 1208//1208 2219//2219 2225//2225
f 1208//1208 244//244 2219//2219
f 244//244 2220//2220 2219//2219
f 233//233 2215//2215 2220//2220
f 1775//1775 305//305 244//244
f 2624//2624 2617//2617 1775//1775
f 305//305 1775//1775 2617//2617
f 233//233 2220//2220 244//244
f 1775//1775 244//244 1208//1208
f 1775//1775 1208//1208 2624//2624
f 2215//2215 2216//2216 2220//2220
f 2217//2217 2679//2679 2223//2223
f 2222//2222 2961//2961 2975//2975
f 2222//2222 2975//2975 2687//2687
f 2225//2225 2223//2223 1216//1216
f 1780//1780 2699//2699 2698//2698
f 2687//2687 2688//2688 2698//2698
f 1783//1783 2698//2698 2248//2248
f 1780//1780 2698//2698 1783//1783
f 1780//1780 1214//1214 2699//2699
f 1781//1781 1214//1214 1780//1780
f 1215//1215 1214//1214 1218//1218
f 1218//1218 1211//1211 1215//1215
f 1226//1226 1213//1213 1211//1211
f 1228//1228 1225//1225 1226//1226
f 1226//1226 1225//1225 1213//1213
f 1213//1213 1209//1209 1212//1212
f 1208//1208 1212//1212 1209//1209
f 2650//2650 1209//1209 1224//1224
f 2647//2647 2617//2617 2624//2624
f 2647//2647 2624//2624 2650//2650
f 2647//2647 2614//2614 2617//2617
f 2621//2621 305//305 2617//2617
f 303//303 305//305 2621//2621
f 2215//2215 2319//2319 1763//1763
f 1763//1763 2954//2954 2217//2217
f 2951//2951 2949//2949 3306//3306
f 3309//3309 2955//2955 2961//2961
f 3239//3239 2955//2955 3310//3310
f 3298//3298 3300//3300 3310//3310
f 3300//3300 3301//3301 3303//3303
f 3305//3305 3301//3301 3469//3469
f 3264//3264 3310//3310 3266//3266
f 3239//3239 3264//3264 2964//2964
f 2688//2688 2975//2975 2976//2976
f 2962//2962 2963//2963 2976//2976
f 2691//2691 2976//2976 2694//2694
f 2691//2691 2688//2688 2976//2976
f 2698//2698 2688//2688 2689//2689
f 2690//2690 2688//2688 2691//2691
f 2693//2693 2694//2694 2980//2980
f 2976//2976 2965//2965 2694//2694
f 3264//3264 2967//2967 2965//2965
f 2969//2969 2968//2968 2967//2967
f 2967//2967 3511//3511 2969//2969
f 2967//2967 3282//3282 3511//3511
f 2971//2971 3511//3511 3507//3507
f 2971//2971 3507//3507 3508//3508
f 3513//3513 2971//2971 3508//3508
f 3514//3514 3513//3513 3508//3508
f 3513//3513 5620//5620 2983//2983
f 3511//3511 3506//3506 3507//3507
f 3495//3495 3507//3507 3506//3506
f 3511//3511 3282//3282 3506//3506
f 2969//2969 3511//3511 2971//2971
f 2967//2967 3264//3264 3251//3251
f 3311//3311 3488//3488 3251//3251
f 3472//3472 3489//3489 3488//3488
f 3488//3488 3506//3506 3282//3282
f 3494//3494 3496//3496 3490//3490
f 3514//3514 3508//3508 3517//3517
f 2982//2982 5620//5620 5621//5621
f 2982//2982 2983//2983 5620//5620
f 3512//3512 3514//3514 3517//3517
f 3332//3332 3501//3501 3502//3502
f 3502//3502 3329//3329 3332//3332
f 3329//3329 3330//3330 3332//3332
f 3330//3330 3294//3294 3332//3332
f 3332//3332 3294//3294 3501//3501
f 3330//3330 3287//3287 3294//3294
f 3287//3287 5427//5427 3255//3255
f 5425//5425 3259//3259 3255//3255
f 3259//3259 3256//3256 3255//3255
f 3261//3261 3255//3255 3256//3256
f 3261//3261 3256//3256 3260//3260
f 3263//3263 3261//3261 3260//3260
f 3263//3263 3260//3260 3262//3262
f 3262//3262 4328//4328 3263//3263
f 4328//4328 4337//4337 3263//3263
f 4690//4690 4685//4685 5007//5007
f 4691//4691 4982//4982 4984//4984
f 4691//4691 4984//4984 4998//4998
f 5009//5009 4691//4691 4998//4998
f 5019//5019 5008//5008 4691//4691
f 4998//4998 4997//4997 5009//5009
f 5004//5004 4997//4997 5001//5001
f 5001//5001 5569//5569 5002//5002
f 5574//5574 5564//5564 5568//5568
f 5574//5574 5575//5575 5564//5564
f 5581//5581 5586//5586 5582//5582
f 5582//5582 5586//5586 5005//5005
f 5005//5005 5002//5002 5582//5582
f 5002//5002 5575//5575 5582//5582
f 5002//5002 5569//5569 5575//5575
f 5582//5582 5575//5575 5574//5574
f 5582//5582 5574//5574 5581//5581
f 5563//5563 5557//5557 5564//5564
f 5557//5557 5570//5570 5564//5564
f 5570//5570 5568//5568 5564//5564
f 5570//5570 5559//5559 5567//5567
f 5553//5553 5559//5559 5570//5570
f 5553//5553 5570//5570 5557//5557
f 5326//5326 4972//4972 4980//4980
f 5333//5333 4972//4972 5326//5326
f 4972//4972 5333//5333 4672//4672
f 5327//5327 5326//5326 5341//5341
f 5547//5547 5546//5546 5342//5342
f 5552//5552 5335//5335 5547//5547
f 5335//5335 5542//5542 5547//5547
f 5547//5547 5542//5542 5528//5528
f 5547//5547 5528//5528 5546//5546
f 5327//5327 5315//5315 5305//5305
f 5305//5305 4967//4967 5327//5327
f 4967//4967 5305//5305 5289//5289
f 4668//4668 5289//5289 4955//4955
f 4955//4955 5289//5289 5262//5262
f 5283//5283 5262//5262 5289//5289
f 5282//5282 5262//5262 5283//5283
f 5283//5283 5296//5296 5282//5282
f 5285//5285 5282//5282 5296//5296
f 5296//5296 5517//5517 5285//5285
f 5267//5267 5285//5285 5265//5265
f 5265//5265 5515//5515 5266//5266
f 5287//5287 5266//5266 5515//5515
f 5265//5265 5512//5512 5267//5267
f 5267//5267 5512//5512 5508//5508
f 5508//5508 5282//5282 5267//5267
f 5267//5267 5282//5282 5285//5285
f 5282//5282 4932//4932 5262//5262
f 5262//5262 4945//4945 4955//4955
f 4917//4917 4660//4660 4945//4945
f 4917//4917 4945//4945 4932//4932
f 4931//4931 4917//4917 4932//4932
f 4932//4932 5508//5508 4931//4931
f 4658//4658 4917//4917 5241//5241
f 4658//4658 5241//5241 4902//4902
f 4658//4658 4458//4458 4463//4463
f 4285//4285 4458//4458 4459//4459
f 4461//4461 4285//4285 4282//4282
f 4282//4282 5332//5332 4461//4461
f 5281//5281 5332//5332 4282//4282
f 5281//5281 4282//4282 4015//4015
f 4010//4010 4459//4459 4634//4634
f 4634//4634 4639//4639 4632//4632
f 5220//5220 4632//4632 4903//4903
f 5210//5210 5468//5468 5211//5211
f 5465//5465 5462//5462 5211//5211
f 5223//5223 5462//5462 5465//5465
f 5223//5223 5455//5455 5454//5454
f 5223//5223 5208//5208 5455//5455
f 5449//5449 5454//5454 5455//5455
f 5455//5455 4888//4888 5449//5449
f 5449//5449 4888//4888 4889//4889
f 5190//5190 5189//5189 4889//4889
f 5189//5189 5442//5442 4889//4889
f 5442//5442 5454//5454 5449//5449
f 5454//5454 5442//5442 5205//5205
f 5205//5205 5442//5442 4884//4884
f 4884//4884 5197//5197 5205//5205
f 5205//5205 5197//5197 4887//4887
f 4623//4623 4626//4626 5197//5197
f 5197//5197 4626//4626 4455//4455
f 4455//4455 4887//4887 5197//5197
f 4626//4626 4623//4623 4876//4876
f 4452//4452 4626//4626 4876//4876
f 4251//4251 4258//4258 4448//4448
f 4448//4448 4260//4260 4273//4273
f 4260//4260 4448//4448 4258//4258
f 3993//3993 3998//3998 4230//4230
f 3987//3987 3994//3994 3993//3993
f 3994//3994 3987//3987 3988//3988
f 4230//4230 4214//4214 3985//3985
f 3985//3985 4875//4875 3987//3987
f 4875//4875 3718//3718 4883//4883
f 4993//4993 5013//5013 3988//3988
f 5038//5038 5013//5013 5025//5025
f 4618//4618 4610//4610 4707//4707
f 4610//4610 3792//3792 4707//4707
f 3792//3792 4610//4610 3765//3765
f 3765//3765 3785//3785 3792//3792
f 3759//3759 3747//3747 3768//3768
f 3768//3768 3747//3747 3765//3765
f 3764//3764 3747//3747 3746//3746
f 3720//3720 4543//4543 4443//4443
f 4443//4443 3724//3724 3720//3720
f 4535//4535 3724//3724 3746//3746
f 4535//4535 3759//3759 4471//4471
f 3133//3133 3132//3132 4471//4471
f 3759//3759 3725//3725 4471//4471
f 3725//3725 3727//3727 4471//4471
f 3727//3727 3133//3133 4471//4471
f 3133//3133 4297//4297 3693//3693
f 3693//3693 3132//3132 3133//3133
f 3724//3724 3132//3132 3119//3119
f 3722//3722 3724//3724 3119//3119
f 2835//2835 3115//3115 3693//3693
f 2835//2835 2833//2833 3115//3115
f 2833//2833 2828//2828 2832//2832
f 2828//2828 4266//4266 2832//2832
f 1987//1987 1989//1989 2517//2517
f 1987//1987 2828//2828 1989//1989
f 2828//2828 1987//1987 873//873
f 2828//2828 873//873 3102//3102
f 873//873 1987//1987 872//872
f 873//873 872//872 2807//2807
f 1548//1548 466//466 864//864
f 466//466 317//317 864//864
f 864//864 317//317 2807//2807
f 2807//2807 872//872 864//864
f 317//317 2804//2804 2807//2807
f 2804//2804 2814//2814 2807//2807
f 2804//2804 2802//2802 2814//2814
f 2814//2814 2802//2802 2806//2806
f 2802//2802 2803//2803 2806//2806
f 2790//2790 2803//2803 2793//2793
f 2793//2793 2783//2783 2790//2790
f 1950//1950 2465//2465 1945//1945
f 1949//1949 1950//1950 1945//1945
f 1949//1949 1945//1945 1944//1944
f 1944//1944 2452//2452 1943//1943
f 2488//2488 4268//4268 1943//1943
f 2489//2489 2488//2488 1943//1943
f 2499//2499 2488//2488 2489//2489
f 2486//2486 2499//2499 2489//2489
f 2486//2486 2489//2489 1942//1942
f 2486//2486 1942//1942 2468//2468
f 400//400 2468//2468 63//63
f 400//400 63//63 231//231
f 213//213 203//203 2754//2754
f 2631//2631 213//213 2754//2754
f 537//537 2631//2631 2754//2754
f 2818//2818 2771//2771 882//882
f 2818//2818 882//882 2946//2946
f 884//884 2818//2818 2946//2946
f 1999//1999 1873//1873 1922//1922
f 1999//1999 1922//1922 1990//1990
f 1123//1123 1250//1250 1182//1182
f 1250//1250 2121//2121 1182//1182
f 2070//2070 1182//1182 2091//2091
f 1182//1182 2070//2070 1990//1990
f 2121//2121 2089//2089 1182//1182
f 1123//1123 1127//1127 1257//1257
f 1127//1127 1265//1265 1257//1257
f 1194//1194 1265//1265 1127//1127
f 1126//1126 1194//1194 1127//1127
f 2030//2030 1147//1147 1126//1126
f 956//956 2030//2030 1126//1126
f 1156//1156 1100//1100 1169//1169
f 1169//1169 1100//1100 1101//1101
f 1169//1169 1101//1101 1175//1175
f 1198//1198 1169//1169 1175//1175
f 1210//1210 1198//1198 1223//1223
f 3538//3538 1223//1223 1340//1340
f 959//959 3538//3538 1340//1340
f 1361//1361 959//959 1340//1340
f 1340//1340 953//953 1361//1361
f 957//957 1361//1361 1367//1367
f 1462//1462 3522//3522 1550//1550
f 1507//1507 1462//1462 1550//1550
f 2209//2209 1462//1462 1507//1507
f 1550//1550 1708//1708 108//108
f 1550//1550 1558//1558 1708//1708
f 1708//1708 1680//1680 108//108
f 1462//1462 1239//1239 3522//3522
f 2102//2102 1239//1239 1391//1391
f 2102//2102 1391//1391 1265//1265
f 1194//1194 1196//1196 2102//2102
f 1400//1400 1239//1239 2102//2102
f 3522//3522 1239//1239 1400//1400
f 2111//2111 1210//1210 1400//1400
f 1210//1210 1223//1223 1400//1400
f 3539//3539 1400//1400 1223//1223
f 1172//1172 1169//1169 1198//1198
f 1156//1156 1169//1169 1172//1172
f 1147//1147 1172//1172 1196//1196
f 2102//2102 1196//1196 2111//2111
f 2111//2111 1196//1196 1172//1172
f 1194//1194 1147//1147 1196//1196
f 1126//1126 1147//1147 1194//1194
f 1147//1147 1156//1156 1172//1172
f 2111//2111 1172//1172 1210//1210
f 1400//1400 2102//2102 2111//2111
f 1392//1392 1391//1391 1397//1397
f 1391//1391 1239//1239 1462//1462
f 1550//1550 3522//3522 1558//1558
f 1558//1558 3522//3522 3539//3539
f 3539//3539 3538//3538 1563//1563
f 3539//3539 3522//3522 1400//1400
f 3539//3539 1223//1223 3538//3538
f 959//959 1563//1563 3538//3538
f 959//959 957//957 961//961
f 964//964 961//961 1682//1682
f 961//961 1683//1683 1682//1682
f 1679//1679 1683//1683 961//961
f 957//957 1679//1679 961//961
f 957//957 950//950 1679//1679
f 2076//2076 2609//2609 2079//2079
f 2082//2082 2609//2609 2886//2886
f 1684//1684 2609//2609 2082//2082
f 2611//2611 2886//2886 2885//2885
f 4759//4759 3161//3161 4511//4511
f 4633//4633 4759//4759 4511//4511
f 3743//3743 3744//3744 3749//3749
f 3743//3743 3749//3749 3788//3788
f 4673//4673 3149//3149 3743//3743
f 4740//4740 4633//4633 4673//4673
f 4740//4740 4759//4759 4633//4633
f 4740//4740 4764//4764 4759//4759
f 3786//3786 3801//3801 4764//4764
f 3832//3832 4786//4786 3801//3801
f 3829//3829 3832//3832 3801//3801
f 3829//3829 3821//3821 3831//3831
f 4845//4845 3328//3328 3468//3468
f 3560//3560 3456//3456 3468//3468
f 3560//3560 3468//3468 3467//3467
f 3456//3456 3560//3560 3687//3687
f 3687//3687 4901//4901 3456//3456
f 4901//4901 3540//3540 3456//3456
f 3456//3456 3410//3410 3468//3468
f 3322//3322 3410//3410 3509//3509
f 4848//4848 3322//3322 3509//3509
f 3730//3730 3651//3651 3656//3656
f 3172//3172 3861//3861 3173//3173
f 5142//5142 3186//3186 5095//5095
f 5142//5142 5095//5095 5143//5143
f 5248//5248 5142//5142 5143//5143
f 3189//3189 5248//5248 4322//4322
f 3189//3189 4237//4237 3186//3186
f 3186//3186 5142//5142 3189//3189
f 5393//5393 5395//5395 5340//5340
f 5340//5340 4327//4327 5393//5393
f 5411//5411 4327//4327 4365//4365
f 5411//5411 4454//4454 5393//5393
f 4454//4454 4414//4414 5395//5395
f 4454//4454 5395//5395 5393//5393
f 4414//4414 5349//5349 4353//4353
f 4414//4414 4451//4451 5349//5349
f 4451//4451 4449//4449 5349//5349
f 5346//5346 5349//5349 4449//4449
f 5395//5395 4414//4414 4353//4353
f 5470//5470 4454//4454 5475//5475
f 5475//5475 4454//4454 5495//5495
f 5495//5495 4454//4454 5411//5411
f 5499//5499 5495//5495 5411//5411
f 4539//4539 5499//5499 5411//5411
f 4539//4539 4439//4439 4693//4693
f 4693//4693 5544//5544 5499//5499
f 5499//5499 5544//5544 4625//4625
f 4625//4625 5544//5544 4678//4678
f 4679//4679 4678//4678 5544//5544
f 4679//4679 5544//5544 5543//5543
f 5543//5543 5615//5615 4679//4679
f 4679//4679 5615//5615 4678//4678
f 3342//3342 5615//5615 5543//5543
f 4819//4819 3346//3346 4814//4814
f 4699//4699 4819//4819 4814//4814
f 4814//4814 5505//5505 4699//4699
f 5367//5367 5435//5435 4699//4699
f 4819//4819 4699//4699 5435//5435
f 4387//4387 3217//3217 4713//4713
f 4713//4713 3230//3230 4830//4830
f 4704//4704 4713//4713 4830//4830
f 5435//5435 4713//4713 4704//4704
f 4819//4819 4704//4704 4939//4939
f 4933//4933 4819//4819 4939//4939
f 5074//5074 4933//4933 4939//4939
f 5074//5074 3367//3367 3345//3345
f 5074//5074 3345//3345 3346//3346
f 3346//3346 4933//4933 5074//5074
f 3343//3343 5615//5615 3342//3342
f 3342//3342 3341//3341 3343//3343
f 3345//3345 3342//3342 5543//5543
f 3346//3346 3345//3345 5543//5543
f 3391//3391 3367//3367 5074//5074
f 3391//3391 3390//3390 3367//3367
f 3390//3390 3391//3391 3414//3414
f 3414//3414 3416//3416 3390//3390
f 5295//5295 3443//3443 3438//3438
f 3438//3438 3440//3440 5295//5295
f 5295//5295 3440//3440 3270//3270
f 3270//3270 3440//3440 3441//3441
f 3441//3441 3440//3440 3438//3438
f 3444//3444 3413//3413 3462//3462
f 3462//3462 3442//3442 3444//3444
f 3462//3462 3500//3500 3442//3442
f 3500//3500 3465//3465 3442//3442
f 5562//5562 3500//3500 3462//3462
f 5562//5562 3462//3462 5566//5566
f 3329//3329 5566//5566 5426//5426
f 5426//5426 5427//5427 3329//3329
f 5427//5427 5329//5329 5425//5425
f 5425//5425 5329//5329 3259//3259
f 3258//3258 3257//3257 3259//3259
f 3259//3259 5078//5078 3258//3258
f 3231//3231 3258//3258 4831//4831
f 3230//3230 3231//3231 4831//4831
f 3232//3232 3231//3231 3229//3229
f 3245//3245 3231//3231 3232//3232
f 3233//3233 3245//3245 3232//3232
f 3247//3247 3245//3245 3233//3233
f 3247//3247 3262//3262 3260//3260
f 3234//3234 3262//3262 3247//3247
f 3262//3262 3234//3234 4306//4306
f 4306//4306 4326//4326 3262//3262
f 4961//4961 4965//4965 4328//4328
f 4328//4328 4326//4326 4961//4961
f 5323//5323 4336//4336 4328//4328
f 5323//5323 4982//4982 4336//4336
f 4973//4973 4982//4982 5323//5323
f 4975//4975 4984//4984 4973//4973
f 4998//4998 4984//4984 4990//4990
f 4997//4997 4990//4990 4983//4983
f 5001//5001 4997//4997 4983//4983
f 4983//4983 5561//5561 5569//5569
f 4986//4986 4988//4988 5555//5555
f 5563//5563 5555//5555 5550//5550
f 5557//5557 5563//5563 5550//5550
f 5550//5550 5552//5552 5557//5557
f 5557//5557 5552//5552 5553//5553
f 5552//5552 5547//5547 5553//5553
f 5552//5552 5550//5550 5335//5335
f 5550//5550 5336//5336 5335//5335
f 5322//5322 5531//5531 5331//5331
f 5331//5331 5531//5531 5335//5335
f 5540//5540 5542//5542 5531//5531
f 5528//5528 5542//5542 5540//5540
f 5546//5546 5528//5528 5315//5315
f 5528//5528 5316//5316 5315//5315
f 5315//5315 5316//5316 5305//5305
f 5289//5289 5305//5305 5296//5296
f 5299//5299 5518//5518 5292//5292
f 5299//5299 5265//5265 5517//5517
f 5265//5265 5285//5285 5517//5517
f 5290//5290 5265//5265 5299//5299
f 5292//5292 5291//5291 5290//5290
f 5290//5290 5291//5291 5515//5515
f 5288//5288 5287//5287 5291//5291
f 5291//5291 5301//5301 5286//5286
f 5291//5291 5286//5286 5288//5288
f 5286//5286 5270//5270 5288//5288
f 5288//5288 5268//5268 5287//5287
f 5264//5264 5268//5268 5270//5270
f 5264//5264 5263//5263 5268//5268
f 5512//5512 5268//5268 5263//5263
f 5510//5510 5512//5512 5509//5509
f 5512//5512 5511//5511 5509//5509
f 5504//5504 5503//5503 5491//5491
f 5504//5504 5491//5491 5502//5502
f 5503//5503 5504//5504 5510//5510
f 5504//5504 5502//5502 5501//5501
f 5485//5485 5483//5483 5501//5501
f 5483//5483 5239//5239 4931//4931
f 4931//4931 5239//5239 4917//4917
f 5239//5239 5241//5241 4917//4917
f 5485//5485 4905//4905 5483//5483
f 5478//5478 5474//5474 5238//5238
f 5474//5474 5473//5473 5471//5471
f 5473//5473 5479//5479 5480//5480
f 5476//5476 5472//5472 5480//5480
f 5472//5472 5468//5468 5471//5471
f 5468//5468 5238//5238 5471//5471
f 5465//5465 5211//5211 5468//5468
f 5225//5225 5224//5224 5476//5476
f 5215//5215 5213//5213 5225//5225
f 5225//5225 5213//5213 5224//5224
f 5208//5208 5213//5213 5215//5215
f 5216//5216 5463//5463 5209//5209
f 5209//5209 5215//5215 5216//5216
f 5209//5209 4895//4895 5215//5215
f 4892//4892 4895//4895 5209//5209
f 5209//5209 4893//4893 4892//4892
f 4893//4893 5452//5452 4891//4891
f 4893//4893 4891//4891 4892//4892
f 4888//4888 4895//4895 4892//4892
f 4890//4890 4889//4889 4888//4888
f 4890//4890 4892//4892 4891//4891
f 5196//5196 4891//4891 5441//5441
f 5441//5441 5438//5438 5196//5196
f 5196//5196 5438//5438 5437//5437
f 5196//5196 5437//5437 4880//4880
f 4880//4880 4881//4881 5190//5190
f 5175//5175 5189//5189 5190//5190
f 4881//4881 5175//5175 5190//5190
f 5170//5170 5433//5433 5189//5189
f 4879//4879 5159//5159 5153//5153
f 4879//4879 4624//4624 4884//4884
f 5442//5442 5189//5189 4884//4884
f 5189//5189 4879//4879 4884//4884
f 4884//4884 4624//4624 5197//5197
f 4877//4877 4876//4876 4623//4623
f 4623//4623 4879//4879 4877//4877
f 4879//4879 4623//4623 4624//4624
f 4871//4871 4877//4877 5153//5153
f 4871//4871 4874//4874 4877//4877
f 4874//4874 4876//4876 4877//4877
f 4874//4874 4452//4452 4876//4876
f 4446//4446 4251//4251 4452//4452
f 4251//4251 4448//4448 4452//4452
f 4230//4230 4249//4249 4441//4441
f 4214//4214 4230//4230 4441//4441
f 4214//4214 3983//3983 3982//3982
f 3985//3985 4214//4214 3982//3982
f 4875//4875 3985//3985 3982//3982
f 3983//3983 3694//3694 3982//3982
f 4838//4838 3129//3129 3983//3983
f 4438//4438 3977//3977 3983//3983
f 3977//3977 4438//4438 4437//4437
f 3977//3977 4437//4437 4436//4436
f 4436//4436 4612//4612 4609//4609
f 4433//4433 4609//4609 5117//5117
f 4433//4433 4432//4432 4609//4609
f 4609//4609 4196//4196 4436//4436
f 4436//4436 4196//4196 3977//3977
f 4429//4429 4838//4838 3977//3977
f 3983//3983 3977//3977 4838//4838
f 3688//3688 4339//4339 3129//3129
f 3129//3129 4339//4339 3128//3128
f 3129//3129 3128//3128 3131//3131
f 3129//3129 3131//3131 3694//3694
f 3694//3694 3131//3131 3718//3718
f 3718//3718 3727//3727 4496//4496
f 3727//3727 2607//2607 3133//3133
f 3133//3133 2607//2607 2606//2606
f 4297//4297 2606//2606 4302//4302
f 4281//4281 4297//4297 4302//4302
f 4281//4281 1114//1114 2835//2835
f 1114//1114 2836//2836 2835//2835
f 2829//2829 2833//2833 2836//2836
f 1035//1035 2829//2829 2836//2836
f 2836//2836 1115//1115 1035//1035
f 1035//1035 1858//1858 2829//2829
f 1858//1858 1841//1841 2517//2517
f 1841//1841 1571//1571 2517//2517
f 1571//1571 1987//1987 2517//2517
f 517//517 463//463 1548//1548
f 517//517 2604//2604 463//463
f 2604//2604 1500//1500 463//463
f 463//463 1500//1500 466//466
f 1548//1548 463//463 466//466
f 1500//1500 317//317 466//466
f 2246//2246 2802//2802 2804//2804
f 2246//2246 2794//2794 2802//2802
f 2793//2793 2794//2794 2792//2792
f 2792//2792 2783//2783 2793//2793
f 2792//2792 2777//2777 2783//2783
f 2777//2777 2467//2467 2783//2783
f 2465//2465 2467//2467 2454//2454
f 2465//2465 2454//2454 2432//2432
f 1945//1945 2465//2465 2432//2432
f 1945//1945 2432//2432 2453//2453
f 1944//1944 1945//1945 2453//2453
f 1854//1854 2430//2430 2453//2453
f 2430//2430 2452//2452 2453//2453
f 2453//2453 2452//2452 1944//1944
f 2452//2452 2429//2429 1941//1941
f 2452//2452 1941//1941 1943//1943
f 2489//2489 1943//1943 1941//1941
f 2489//2489 1941//1941 1942//1942
f 2468//2468 1942//1942 61//61
f 63//63 2468//2468 61//61
f 61//61 60//60 63//63
f 231//231 63//63 60//60
f 231//231 60//60 235//235
f 235//235 634//634 213//213
f 213//213 634//634 203//203
f 203//203 193//193 2620//2620
f 2620//2620 193//193 2618//2618
f 2714//2714 2754//2754 2620//2620
f 2733//2733 2714//2714 2620//2620
f 2733//2733 2719//2719 2714//2714
f 2733//2733 2725//2725 2719//2719
f 2719//2719 2725//2725 2791//2791
f 2771//2771 2714//2714 2719//2719
f 2771//2771 2719//2719 2791//2791
f 1838//1838 2791//2791 2725//2725
f 887//887 878//878 879//879
f 880//880 881//881 887//887
f 887//887 881//881 2817//2817
f 878//878 887//887 2817//2817
f 881//881 2771//2771 2817//2817
f 881//881 882//882 2771//2771
f 895//895 882//882 881//881
f 880//880 895//895 881//881
f 894//894 895//895 880//880
f 914//914 895//895 894//894
f 956//956 894//894 879//879
f 877//877 962//962 956//956
f 1974//1974 962//962 877//877
f 976//976 1974//1974 877//877
f 906//906 976//976 877//877
f 906//906 877//877 888//888
f 897//897 971//971 906//906
f 897//897 906//906 2850//2850
f 897//897 2850//2850 898//898
f 897//897 898//898 980//980
f 897//897 980//980 979//979
f 979//979 980//980 3058//3058
f 3058//3058 980//980 3059//3059
f 3184//3184 3183//3183 3058//3058
f 3058//3058 3056//3056 3184//3184
f 3154//3154 3184//3184 3056//3056
f 3154//3154 3056//3056 3155//3155
f 3155//3155 3160//3160 3154//3154
f 3154//3154 3160//3160 3159//3159
f 3154//3154 3159//3159 3198//3198
f 3197//3197 3154//3154 3198//3198
f 3197//3197 3198//3198 3205//3205
f 938//938 931//931 941//941
f 941//941 943//943 938//938
f 938//938 943//943 945//945
f 1670//1670 945//945 943//943
f 1670//1670 1679//1679 950//950
f 952//952 1679//1679 1670//1670
f 950//950 957//957 3436//3436
f 3436//3436 938//938 949//949
f 3436//3436 949//949 950//950
f 949//949 938//938 945//945
f 1670//1670 949//949 945//945
f 3436//3436 3337//3337 938//938
f 3337//3337 931//931 938//938
f 3337//3337 953//953 3325//3325
f 1367//1367 3337//3337 3436//3436
f 1367//1367 953//953 3337//3337
f 1361//1361 953//953 1367//1367
f 3325//3325 953//953 3283//3283
f 953//953 3350//3350 3283//3283
f 3283//3283 3350//3350 3288//3288
f 1207//1207 3288//3288 3350//3350
f 1223//1223 3350//3350 1340//1340
f 1223//1223 1198//1198 3350//3350
f 1198//1198 1207//1207 3350//3350
f 1207//1207 1198//1198 1175//1175
f 1175//1175 3288//3288 1207//1207
f 1175//1175 3267//3267 3288//3288
f 3288//3288 3267//3267 924//924
f 3267//3267 3268//3268 924//924
f 3288//3288 924//924 3289//3289
f 3288//3288 3289//3289 3283//3283
f 924//924 3183//3183 3289//3289
f 3289//3289 3183//3183 3184//3184
f 3289//3289 3184//3184 3197//3197
f 924//924 1086//1086 3183//3183
f 1086//1086 924//924 3268//3268
f 1101//1101 1086//1086 3268//3268
f 1101//1101 1100//1100 1086//1086
f 1086//1086 1100//1100 1031//1031
f 1058//1058 3183//3183 1086//1086
f 1031//1031 1058//1058 1086//1086
f 1974//1974 971//971 1031//1031
f 2030//2030 1974//1974 1100//1100
f 962//962 1974//1974 2030//2030
f 976//976 971//971 1974//1974
f 971//971 976//976 906//906
f 1100//1100 1156//1156 2030//2030
f 1100//1100 1974//1974 1031//1031
f 979//979 1031//1031 971//971
f 1058//1058 1031//1031 979//979
f 1101//1101 3268//3268 3267//3267
f 3350//3350 953//953 1340//1340
f 949//949 1670//1670 950//950
f 2080//2080 1679//1679 1677//1677
f 1677//1677 2079//2079 2080//2080
f 1677//1677 1674//1674 2079//2079
f 1674//1674 1675//1675 2079//2079
f 1675//1675 2071//2071 2079//2079
f 2076//2076 2608//2608 2609//2609
f 2876//2876 2886//2886 2608//2608
f 3138//3138 2885//2885 3140//3140
f 3148//3148 4633//4633 4511//4511
f 3144//3144 3148//3148 3143//3143
f 2882//2882 3144//3144 3143//3143
f 2865//2865 4426//4426 2882//2882
f 3144//3144 2882//2882 4426//4426
f 3144//3144 4426//4426 3145//3145
f 3741//3741 3145//3145 3744//3744
f 3743//3743 3149//3149 3741//3741
f 3149//3149 3145//3145 3741//3741
f 3144//3144 3149//3149 3148//3148
f 3148//3148 3149//3149 4633//4633
f 3744//3744 4553//4553 3749//3749
f 4619//4619 3749//3749 4553//4553
f 3788//3788 3750//3750 4686//4686
f 4764//4764 4740//4740 3786//3786
f 3786//3786 4740//4740 4673//4673
f 3787//3787 3784//3784 3800//3800
f 3800//3800 3821//3821 3829//3829
f 3821//3821 3800//3800 3803//3803
f 3328//3328 3821//3821 3824//3824
f 3328//3328 3824//3824 3348//3348
f 3831//3831 3821//3821 3328//3328
f 3486//3486 3468//3468 3349//3349
f 3560//3560 3701//3701 3697//3697
f 3687//3687 3560//3560 3697//3697
f 3687//3687 3697//3697 3790//3790
f 3790//3790 3779//3779 3687//3687
f 3976//3976 5157//5157 5109//5109
f 3976//3976 5158//5158 5157//5157
f 5157//5157 5176//5176 5154//5154
f 5096//5096 5154//5154 5150//5150
f 3189//3189 4322//4322 4327//4327
f 3189//3189 4327//4327 5340//5340
f 5340//5340 4237//4237 3189//3189
f 4327//4327 4322//4322 4323//4323
f 4322//4322 5284//5284 4323//4323
f 4439//4439 4365//4365 4368//4368
f 4368//4368 5363//5363 4439//4439
f 5297//5297 5363//5363 4368//4368
f 5297//5297 5184//5184 5368//5368
f 5297//5297 5368//5368 5363//5363
f 5505//5505 4439//4439 5363//5363
f 5505//5505 5363//5363 5434//5434
f 5505//5505 5434//5434 4699//4699
f 4041//4041 4039//4039 4387//4387
f 4039//4039 3216//3216 4387//4387
f 3216//3216 3217//3217 4387//4387
f 3216//3216 3218//3218 3217//3217
f 3218//3218 3221//3221 3215//3215
f 3221//3221 3219//3219 3215//3215
f 3215//3215 3219//3219 3233//3233
f 3233//3233 3229//3229 3215//3215
f 3215//3215 3229//3229 3218//3218
f 3229//3229 3230//3230 3218//3218
f 3218//3218 3230//3230 3217//3217
f 3232//3232 3229//3229 3233//3233
f 3233//3233 3219//3219 3234//3234
f 4304//4304 3234//3234 3219//3219
f 4304//4304 4305//4305 4306//4306
f 4307//4307 4306//4306 4305//4305
f 4307//4307 4298//4298 5254//5254
f 5275//5275 5254//5254 4309//4309
f 5255//5255 5275//5275 4309//4309
f 5276//5276 5275//5275 5255//5255
f 5254//5254 5275//5275 5311//5311
f 5311//5311 4314//4314 5254//5254
f 5323//5323 4965//4965 5324//5324
f 5323//5323 5324//5324 4973//4973
f 4970//4970 4973//4973 5324//5324
f 4970//4970 4975//4975 4973//4973
f 4970//4970 4976//4976 4975//4975
f 4975//4975 4976//4976 4984//4984
f 4990//4990 4989//4989 4983//4983
f 4989//4989 4986//4986 4983//4983
f 4988//4988 4989//4989 4974//4974
f 5338//5338 4988//4988 4974//4974
f 5338//5338 5328//5328 4988//4988
f 4986//4986 4989//4989 4988//4988
f 5328//5328 5550//5550 5555//5555
f 5550//5550 5328//5328 5336//5336
f 5328//5328 5338//5338 5337//5337
f 5337//5337 5322//5322 5331//5331
f 5533//5533 5532//5532 5322//5322
f 5302//5302 5524//5524 5532//5532
f 5530//5530 5532//5532 5524//5524
f 5520//5520 5540//5540 5530//5530
f 5518//5518 5517//5517 5520//5520
f 5316//5316 5517//5517 5296//5296
f 5305//5305 5316//5316 5296//5296
f 5302//5302 5301//5301 5292//5292
f 5301//5301 5291//5291 5292//5292
f 5307//5307 4958//4958 5301//5301
f 5286//5286 4947//4947 5270//5270
f 4947//4947 4948//4948 5270//5270
f 4946//4946 4948//4948 4947//4947
f 4946//4946 4949//4949 4948//4948
f 4948//4948 4949//4949 4936//4936
f 4936//4936 4937//4937 4948//4948
f 4937//4937 5264//5264 4948//4948
f 4936//4936 4935//4935 4937//4937
f 4935//4935 4934//4934 4937//4937
f 4937//4937 4934//4934 5264//5264
f 5263//5263 5264//5264 4934//4934
f 5509//5509 5511//5511 5506//5506
f 5486//5486 5509//5509 5506//5506
f 5479//5479 5478//5478 5490//5490
f 5487//5487 5479//5479 5490//5490
f 5486//5486 5488//5488 5243//5243
f 5243//5243 5479//5479 5487//5487
f 5481//5481 4912//4912 5480//5480
f 5479//5479 5481//5481 5480//5480
f 4912//4912 5481//5481 4906//4906
f 4906//4906 5477//5477 4912//4912
f 5477//5477 5476//5476 4912//4912
f 5477//5477 5230//5230 5476//5476
f 5230//5230 5221//5221 5225//5225
f 5222//5222 5216//5216 5221//5221
f 5463//5463 5458//5458 4893//4893
f 5452//5452 5458//5458 5451//5451
f 5451//5451 5441//5441 5452//5452
f 5438//5438 5439//5439 5172//5172
f 5438//5438 5172//5172 4878//4878
f 5172//5172 5171//5171 4878//4878
f 4881//4881 5437//5437 4878//4878
f 5175//5175 4881//4881 4878//4878
f 5175//5175 4878//4878 5171//5171
f 5170//5170 5175//5175 5171//5171
f 5429//5429 5432//5432 5168//5168
f 5429//5429 5168//5168 5152//5152
f 5429//5429 5141//5141 5155//5155
f 5159//5159 5432//5432 5155//5155
f 5159//5159 5155//5155 5153//5153
f 4445//4445 4446//4446 4872//4872
f 4872//4872 4446//4446 4874//4874
f 4446//4446 4444//4444 4251//4251
f 4445//4445 4444//4444 4446//4446
f 4441//4441 4249//4249 4440//4440
f 4438//4438 3983//3983 4214//4214
f 4438//4438 4214//4214 4441//4441
f 4438//4438 4441//4441 4440//4440
f 4437//4437 4613//4613 4612//4612
f 5139//5139 4839//4839 4860//4860
f 4839//4839 5139//5139 5117//5117
f 5139//5139 5127//5127 5117//5117
f 5128//5128 5117//5117 5127//5127
f 4820//4820 4602//4602 4433//4433
f 3975//3975 4433//4433 4602//4602
f 4432//4432 3975//3975 4196//4196
f 4392//4392 3977//3977 4196//4196
f 4392//4392 4429//4429 3977//3977
f 3973//3973 4392//4392 4196//4196
f 3975//3975 3973//3973 4196//4196
f 3973//3973 3975//3975 4193//4193
f 5089//5089 5397//5397 5091//5091
f 5086//5086 5085//5085 5089//5089
f 5089//5089 5091//5091 5392//5392
f 5089//5089 5392//5392 5086//5086
f 4601//4601 5089//5089 5085//5085
f 5100//5100 5089//5089 5099//5099
f 5099//5099 5089//5089 4601//4601
f 5092//5092 5397//5397 5398//5398
f 5398//5398 5400//5400 5092//5092
f 5394//5394 5091//5091 5092//5092
f 5391//5391 5390//5390 5394//5394
f 5390//5390 5392//5392 5394//5394
f 5390//5390 5081//5081 5392//5392
f 4804//4804 5081//5081 5390//5390
f 5388//5388 4804//4804 5390//5390
f 5388//5388 5390//5390 5391//5391
f 4588//4588 5086//5086 5081//5081
f 5081//5081 5086//5086 5392//5392
f 5085//5085 5086//5086 4428//4428
f 4428//4428 4176//4176 5085//5085
f 5085//5085 4176//4176 4600//4600
f 4600//4600 4177//4177 4193//4193
f 3682//3682 3105//3105 3686//3686
f 3682//3682 3686//3686 3973//3973
f 4177//4177 3973//3973 4193//4193
f 3686//3686 4392//4392 3973//3973
f 3686//3686 3104//3104 4429//4429
f 4429//4429 4392//4392 3686//3686
f 4429//4429 2537//2537 3688//3688
f 2537//2537 4339//4339 3688//3688
f 4339//4339 1661//1661 3128//3128
f 2590//2590 2857//2857 3131//3131
f 3131//3131 2857//2857 3718//3718
f 2607//2607 2069//2069 2606//2606
f 2606//2606 2069//2069 1658//1658
f 1658//1658 4302//4302 2606//2606
f 1658//1658 925//925 4302//4302
f 1658//1658 3175//3175 925//925
f 1660//1660 3175//3175 1658//1658
f 2589//2589 1660//1660 1658//1658
f 2590//2590 3128//3128 2589//2589
f 2069//2069 2590//2590 1658//1658
f 2855//2855 2590//2590 2069//2069
f 2855//2855 2857//2857 2590//2590
f 948//948 3126//3126 1660//1660
f 1660//1660 3126//3126 3175//3175
f 3171//3171 3175//3175 3126//3126
f 925//925 3175//3175 3171//3171
f 925//925 3171//3171 1115//1115
f 1114//1114 925//925 1115//1115
f 1114//1114 1115//1115 2836//2836
f 1115//1115 3171//3171 1919//1919
f 1895//1895 1035//1035 1115//1115
f 1035//1035 1895//1895 1846//1846
f 1858//1858 1846//1846 1841//1841
f 517//517 1571//1571 1841//1841
f 517//517 1548//1548 1571//1571
f 1551//1551 1554//1554 517//517
f 1554//1554 2662//2662 517//517
f 2604//2604 517//517 2662//2662
f 1605//1605 1396//1396 2662//2662
f 1405//1405 1394//1394 1396//1396
f 1405//1405 1379//1379 1394//1394
f 1394//1394 1379//1379 2598//2598
f 2598//2598 2604//2604 1394//1394
f 1394//1394 2604//2604 1396//1396
f 2604//2604 2591//2591 1500//1500
f 1500//1500 1499//1499 317//317
f 1499//1499 2190//2190 317//317
f 2804//2804 2190//2190 2246//2246
f 2246//2246 2792//2792 2794//2794
f 2777//2777 3079//3079 3076//3076
f 2777//2777 2776//2776 2467//2467
f 2768//2768 2467//2467 2776//2776
f 2770//2770 2768//2768 2776//2776
f 1865//1865 2770//2770 2776//2776
f 2776//2776 3076//3076 1865//1865
f 1865//1865 3076//3076 2434//2434
f 2434//2434 1866//1866 1865//1865
f 1866//1866 1864//1864 1865//1865
f 1864//1864 1862//1862 1865//1865
f 2770//2770 1865//1865 1862//1862
f 2433//2433 2768//2768 1862//1862
f 2768//2768 2433//2433 2454//2454
f 2454//2454 2467//2467 2768//2768
f 2432//2432 2454//2454 2433//2433
f 2432//2432 2433//2433 1850//1850
f 1850//1850 1856//1856 1854//1854
f 1854//1854 1856//1856 2419//2419
f 1854//1854 2419//2419 2430//2430
f 2430//2430 2396//2396 2417//2417
f 2430//2430 2417//2417 2429//2429
f 2430//2430 2429//2429 2452//2452
f 1880//1880 2429//2429 1404//1404
f 1879//1879 1880//1880 1861//1861
f 556//556 1879//1879 1861//1861
f 462//462 556//556 1861//1861
f 1861//1861 1395//1395 1403//1403
f 1861//1861 1403//1403 462//462
f 555//555 462//462 464//464
f 555//555 464//464 515//515
f 585//585 515//515 615//615
f 59//59 60//60 1898//1898
f 1898//1898 556//556 585//585
f 556//556 555//555 585//585
f 1898//1898 1879//1879 556//556
f 2449//2449 1879//1879 61//61
f 2449//2449 61//61 1942//1942
f 1942//1942 1941//1941 2449//2449
f 2429//2429 2449//2449 1941//1941
f 1880//1880 2449//2449 2429//2429
f 1879//1879 1898//1898 61//61
f 60//60 61//61 1898//1898
f 618//618 204//204 619//619
f 204//204 203//203 634//634
f 2733//2733 2618//2618 180//180
f 2723//2723 2726//2726 2733//2733
f 177//177 2723//2723 2733//2733
f 177//177 2623//2623 2723//2723
f 2726//2726 2723//2723 1759//1759
f 2726//2726 1759//1759 2725//2725
f 2723//2723 570//570 1759//1759
f 1759//1759 1760//1760 1838//1838
f 888//888 1838//1838 1760//1760
f 1760//1760 2850//2850 888//888
f 1760//1760 2851//2851 2850//2850
f 898//898 1835//1835 861//861
f 1835//1835 862//862 861//861
f 861//861 862//862 3042//3042
f 980//980 861//861 3042//3042
f 2945//2945 3053//3053 3042//3042
f 3059//3059 3042//3042 3053//3053
f 3050//3050 3053//3053 3049//3049
f 3134//3134 3050//3050 3049//3049
f 3134//3134 3081//3081 3085//3085
f 3155//3155 3134//3134 3085//3085
f 3085//3085 3146//3146 902//902
f 3160//3160 3085//3085 902//902
f 3160//3160 902//902 3162//3162
f 3159//3159 3160//3160 3162//3162
f 3212//3212 3198//3198 3162//3162
f 3207//3207 3212//3212 918//918
f 919//919 3207//3207 918//918
f 918//918 920//920 919//919
f 929//929 941//941 931//931
f 929//929 931//931 3304//3304
f 3207//3207 929//929 3304//3304
f 3207//3207 3198//3198 3212//3212
f 3207//3207 3304//3304 3283//3283
f 931//931 3283//3283 3304//3304
f 937//937 941//941 929//929
f 937//937 1667//1667 943//943
f 937//937 2047//2047 1667//1667
f 1667//1667 2047//2047 1673//1673
f 1667//1667 1673//1673 952//952
f 1670//1670 1667//1667 952//952
f 2076//2076 2603//2603 2608//2608
f 2603//2603 2867//2867 2608//2608
f 2876//2876 2608//2608 2867//2867
f 2876//2876 2867//2867 2869//2869
f 2876//2876 2869//2869 3140//3140
f 3140//3140 2880//2880 3138//3138
f 3143//3143 4511//4511 3138//3138
f 3148//3148 4511//4511 3143//3143
f 2880//2880 2881//2881 3143//3143
f 2864//2864 2880//2880 2863//2863
f 2864//2864 2863//2863 2862//2862
f 2865//2865 2881//2881 2864//2864
f 2881//2881 2865//2865 2882//2882
f 2882//2882 3143//3143 2881//2881
f 4426//4426 2865//2865 4361//4361
f 4361//4361 2852//2852 4426//4426
f 4369//4369 4426//4426 2852//2852
f 4369//4369 2852//2852 4367//4367
f 4374//4374 4434//4434 4367//4367
f 4434//4434 4369//4369 4367//4367
f 4493//4493 4426//4426 4369//4369
f 4434//4434 4493//4493 4369//4369
f 4619//4619 4434//4434 3152//3152
f 3152//3152 3153//3153 3752//3752
f 3769//3769 3753//3753 3771//3771
f 4599//4599 3770//3770 3769//3769
f 3769//3769 3770//3770 3753//3753
f 3770//3770 3752//3752 3753//3753
f 3153//3153 3753//3753 3752//3752
f 3752//3752 4619//4619 3152//3152
f 3770//3770 4619//4619 3752//3752
f 4619//4619 3770//3770 4702//4702
f 4702//4702 3770//3770 4599//4599
f 3750//3750 4702//4702 4754//4754
f 4754//4754 4686//4686 3750//3750
f 3784//3784 4686//4686 4754//4754
f 4686//4686 3787//3787 3788//3788
f 3784//3784 3787//3787 4686//4686
f 3784//3784 4754//4754 3800//3800
f 3803//3803 3800//3800 4754//4754
f 4781//4781 3348//3348 3820//3820
f 3348//3348 3349//3349 3328//3328
f 3348//3348 3353//3353 3349//3349
f 3349//3349 3353//3353 3486//3486
f 3486//3486 3353//3353 3487//3487
f 3574//3574 3486//3486 3487//3487
f 3580//3580 3574//3574 3487//3487
f 4969//4969 4979//4979 3597//3597
f 3597//3597 5073//5073 4969//4969
f 4969//4969 5073//5073 5035//5035
f 4969//4969 4996//4996 4968//4968
f 4963//4963 4979//4979 4968//4968
f 4963//4963 4968//4968 5063//5063
f 5063//5063 3984//3984 4963//4963
f 3793//3793 3574//3574 3580//3580
f 3793//3793 3790//3790 3697//3697
f 3974//3974 3790//3790 3978//3978
f 5182//5182 5158//5158 5184//5184
f 5069//5069 5185//5185 4996//4996
f 5185//5185 5069//5069 4265//4265
f 5185//5185 5434//5434 5368//5368
f 5185//5185 4265//4265 5434//5434
f 5367//5367 5434//5434 4265//4265
f 4265//4265 5069//5069 4271//4271
f 5069//5069 4041//4041 4271//4271
f 4041//4041 4036//4036 4039//4039
f 3196//3196 3194//3194 5203//5203
f 3216//3216 3194//3194 3196//3196
f 3218//3218 3216//3216 3196//3196
f 3220//3220 3221//3221 4289//4289
f 3220//3220 4289//4289 4286//4286
f 3220//3220 4286//4286 4288//4288
f 3220//3220 4288//4288 3219//3219
f 4304//4304 4288//4288 4305//4305
f 4288//4288 4279//4279 4305//4305
f 4305//4305 4279//4279 4307//4307
f 4267//4267 4293//4293 4279//4279
f 4279//4279 4293//4293 4298//4298
f 4298//4298 4295//4295 5254//5254
f 5254//5254 4295//4295 4309//4309
f 5257//5257 4295//4295 4308//4308
f 5257//5257 4308//4308 4926//4926
f 5257//5257 4926//4926 4928//4928
f 5256//5256 4928//4928 5261//5261
f 5276//5276 5255//5255 5256//5256
f 5275//5275 5276//5276 5274//5274
f 5274//5274 5311//5311 5275//5275
f 5293//5293 5311//5311 5274//5274
f 5278//5278 5280//5280 5279//5279
f 5256//5256 5259//5259 5279//5279
f 5279//5279 5259//5259 4951//4951
f 5259//5259 4944//4944 4951//4951
f 4944//4944 4950//4950 4951//4951
f 4951//4951 4950//4950 4946//4946
f 4946//4946 4958//4958 4951//4951
f 4958//4958 4959//4959 4951//4951
f 4951//4951 4959//4959 4960//4960
f 4960//4960 5278//5278 4951//4951
f 5294//5294 5278//5278 4960//4960
f 5294//5294 5274//5274 5280//5280
f 5293//5293 5274//5274 5312//5312
f 5318//5318 5313//5313 5312//5312
f 5320//5320 5330//5330 5318//5318
f 4974//4974 4976//4976 5330//5330
f 5338//5338 5330//5330 5539//5539
f 5337//5337 5338//5338 5539//5539
f 5330//5330 5320//5320 5539//5539
f 5337//5337 5539//5539 5321//5321
f 5321//5321 5539//5539 5526//5526
f 5526//5526 5527//5527 5321//5321
f 5321//5321 5527//5527 5322//5322
f 5322//5322 5527//5527 5533//5533
f 5533//5533 5527//5527 5306//5306
f 5301//5301 5302//5302 5306//5306
f 5307//5307 5301//5301 5306//5306
f 5303//5303 5304//5304 5310//5310
f 5303//5303 5310//5310 5308//5308
f 5320//5320 5308//5308 5526//5526
f 5320//5320 5318//5318 5314//5314
f 5314//5314 5308//5308 5320//5320
f 4964//4964 5308//5308 5314//5314
f 5312//5312 4964//4964 5314//5314
f 4958//4958 5303//5303 4959//4959
f 5304//5304 5303//5303 4958//4958
f 4964//4964 4960//4960 4959//4959
f 4964//4964 4959//4959 5303//5303
f 4964//4964 5294//5294 4960//4960
f 5526//5526 5308//5308 5310//5310
f 5526//5526 5310//5310 5527//5527
f 5527//5527 5310//5310 5307//5307
f 4964//4964 5303//5303 5308//5308
f 5304//5304 5307//5307 5310//5310
f 5527//5527 5307//5307 5306//5306
f 5539//5539 5320//5320 5526//5526
f 4970//4970 5318//5318 5330//5330
f 5318//5318 4970//4970 5313//5313
f 5313//5313 5311//5311 5293//5293
f 5313//5313 5324//5324 5311//5311
f 5324//5324 4965//4965 5311//5311
f 5318//5318 5312//5312 5314//5314
f 5312//5312 5294//5294 4964//4964
f 5312//5312 5313//5313 5293//5293
f 5274//5274 5294//5294 5312//5312
f 5286//5286 4946//4946 4947//4947
f 4944//4944 4949//4949 4950//4950
f 4935//4935 4941//4941 5253//5253
f 5249//5249 4935//4935 5253//5253
f 5252//5252 5249//5249 4940//4940
f 4940//4940 5249//5249 5253//5253
f 4934//4934 5500//5500 5506//5506
f 5245//5245 5488//5488 5500//5500
f 5245//5245 5244//5244 5243//5243
f 5500//5500 5488//5488 5506//5506
f 5488//5488 5486//5486 5506//5506
f 5243//5243 5244//5244 5481//5481
f 5479//5479 5243//5243 5481//5481
f 4906//4906 5481//5481 5244//5244
f 4909//4909 4906//4906 5244//5244
f 4909//4909 5244//5244 5247//5247
f 4910//4910 4909//4909 5247//5247
f 4910//4910 5247//5247 4923//4923
f 4921//4921 4923//4923 4922//4922
f 4920//4920 4921//4921 4922//4922
f 4920//4920 4922//4922 4927//4927
f 4927//4927 4928//4928 4920//4920
f 4930//4930 4920//4920 4928//4928
f 4918//4918 4930//4930 4926//4926
f 4925//4925 4918//4918 4649//4649
f 4649//4649 4924//4924 4925//4925
f 4925//4925 4924//4924 4920//4920
f 4924//4924 4652//4652 4921//4921
f 4652//4652 4650//4650 4921//4921
f 4921//4921 4650//4650 4923//4923
f 4652//4652 5234//5234 4650//4650
f 4650//4650 5236//5236 4908//4908
f 4908//4908 5236//5236 4907//4907
f 4909//4909 4908//4908 4907//4907
f 4909//4909 4907//4907 5477//5477
f 5477//5477 4907//4907 5230//5230
f 4907//4907 5222//5222 5230//5230
f 5222//5222 5466//5466 5216//5216
f 5463//5463 5466//5466 5464//5464
f 5466//5466 5237//5237 5464//5464
f 5451//5451 5458//5458 5464//5464
f 5461//5461 5451//5451 5464//5464
f 5461//5461 5464//5464 5237//5237
f 5235//5235 5237//5237 5236//5236
f 5234//5234 5235//5235 5236//5236
f 4641//4641 4636//4636 5460//5460
f 5461//5461 5218//5218 5460//5460
f 5461//5461 5237//5237 5218//5218
f 5460//5460 5199//5199 5201//5201
f 5199//5199 5202//5202 5201//5201
f 5180//5180 5440//5440 5194//5194
f 5195//5195 5180//5180 5194//5194
f 5195//5195 5194//5194 5202//5202
f 5199//5199 5195//5195 5202//5202
f 5192//5192 5195//5195 5199//5199
f 5195//5195 5186//5186 5181//5181
f 5195//5195 5181//5181 5180//5180
f 5440//5440 5162//5162 5439//5439
f 5162//5162 4870//4870 5439//5439
f 4868//4868 4869//4869 5166//5166
f 4868//4868 5166//5166 4870//4870
f 5162//5162 4868//4868 4870//4870
f 5163//5163 4867//4867 5181//5181
f 5181//5181 5186//5186 5163//5163
f 5163//5163 5186//5186 4850//4850
f 4867//4867 4857//4857 4868//4868
f 4852//4852 4868//4868 4857//4857
f 4857//4857 4858//4858 4853//4853
f 4852//4852 4853//4853 4855//4855
f 4855//4855 4854//4854 4852//4852
f 4852//4852 4854//4854 5424//5424
f 5424//5424 4869//4869 4852//4852
f 5165//5165 4869//4869 5424//5424
f 5165//5165 5424//5424 5149//5149
f 5430//5430 5165//5165 5149//5149
f 5152//5152 5141//5141 5429//5429
f 5153//5153 5141//5141 4863//4863
f 5146//5146 5147//5147 5148//5148
f 5147//5147 5138//5138 5148//5148
f 5138//5138 5127//5127 5141//5141
f 4862//4862 4871//4871 4863//4863
f 4862//4862 4872//4872 4871//4871
f 4872//4872 4862//4862 4445//4445
f 4862//4862 4859//4859 4445//4445
f 4445//4445 4440//4440 4444//4444
f 4863//4863 5139//5139 4860//4860
f 4863//4863 4860//4860 4862//4862
f 4860//4860 4859//4859 4862//4862
f 4615//4615 4445//4445 4859//4859
f 4613//4613 4440//4440 4615//4615
f 4859//4859 4860//4860 4615//4615
f 4860//4860 4613//4613 4615//4615
f 4612//4612 4613//4613 4860//4860
f 4615//4615 4440//4440 4445//4445
f 4871//4871 5153//5153 4863//4863
f 5127//5127 5139//5139 4863//4863
f 5419//5419 5128//5128 5127//5127
f 5413//5413 5419//5419 5138//5138
f 5413//5413 5128//5128 5419//5419
f 4604//4604 5117//5117 5119//5119
f 5128//5128 4827//4827 5119//5119
f 5413//5413 4827//4827 5128//5128
f 5412//5412 5111//5111 5413//5413
f 5412//5412 5103//5103 5111//5111
f 5103//5103 5104//5104 5111//5111
f 5111//5111 4827//4827 5413//5413
f 4826//4826 5119//5119 4827//4827
f 5119//5119 4826//4826 4604//4604
f 5104//5104 4820//4820 4826//4826
f 4820//4820 5104//5104 5099//5099
f 5099//5099 4601//4601 4820//4820
f 4820//4820 4600//4600 4602//4602
f 4601//4601 4600//4600 4820//4820
f 5099//5099 5104//5104 5103//5103
f 5100//5100 5099//5099 5103//5103
f 5100//5100 5103//5103 5405//5405
f 5405//5405 5403//5403 5100//5100
f 5100//5100 5403//5403 5397//5397
f 5401//5401 5398//5398 5397//5397
f 5401//5401 5400//5400 5398//5398
f 5094//5094 5093//5093 5102//5102
f 4815//4815 5093//5093 5094//5094
f 4815//4815 4590//4590 4810//4810
f 4810//4810 5093//5093 4815//4815
f 4810//4810 4813//4813 5093//5093
f 4813//4813 4818//4818 5093//5093
f 5093//5093 4818//4818 5102//5102
f 5394//5394 5102//5102 4818//4818
f 5092//5092 5402//5402 5394//5394
f 5400//5400 5402//5402 5092//5092
f 4818//4818 5391//5391 5394//5394
f 5391//5391 4818//4818 5387//5387
f 5386//5386 5079//5079 5388//5388
f 4165//4165 3964//3964 4588//4588
f 5081//5081 4165//4165 4588//4588
f 4804//4804 4165//4165 5081//5081
f 3970//3970 4428//4428 3969//3969
f 3969//3969 3679//3679 3970//3970
f 4428//4428 3970//3970 4175//4175
f 3972//3972 4175//4175 3679//3679
f 3682//3682 3681//3681 3105//3105
f 3681//3681 2826//2826 3105//3105
f 3105//3105 2827//2827 3104//3104
f 3104//3104 2537//2537 4429//4429
f 4339//4339 2537//2537 2538//2538
f 1661//1661 4339//4339 2538//2538
f 1661//1661 2538//2538 1654//1654
f 1654//1654 1660//1660 1661//1661
f 1661//1661 1660//1660 2589//2589
f 1654//1654 948//948 1660//1660
f 1919//1919 1855//1855 1895//1895
f 1768//1768 1765//1765 1855//1855
f 835//835 1768//1768 1855//1855
f 1768//1768 1568//1568 1765//1765
f 1765//1765 1554//1554 1551//1551
f 1551//1551 1846//1846 1765//1765
f 1841//1841 1846//1846 1551//1551
f 1693//1693 2662//2662 1554//1554
f 1568//1568 1610//1610 1605//1605
f 1568//1568 1605//1605 1693//1693
f 1396//1396 1569//1569 1405//1405
f 1164//1164 1379//1379 1383//1383
f 1383//1383 1379//1379 1405//1405
f 2591//2591 2598//2598 1496//1496
f 2591//2591 1496//1496 1495//1495
f 2591//2591 1495//1495 1500//1500
f 2190//2190 1499//1499 2192//2192
f 2190//2190 2192//2192 1938//1938
f 1938//1938 2246//2246 2190//2190
f 1938//1938 1918//1918 3084//3084
f 1921//1921 1917//1917 1918//1918
f 1939//1939 1921//1921 1918//1918
f 1921//1921 1939//1939 1940//1940
f 2782//2782 1940//1940 1495//1495
f 1495//1495 1057//1057 2782//2782
f 2598//2598 1157//1157 1057//1057
f 2598//2598 1057//1057 1496//1496
f 1038//1038 2782//2782 1057//1057
f 1038//1038 1039//1039 2782//2782
f 1039//1039 2780//2780 2782//2782
f 2780//2780 1920//1920 1940//1940
f 1923//1923 2445//2445 1920//1920
f 2445//2445 1917//1917 1920//1920
f 3077//3077 1917//1917 2445//2445
f 2436//2436 3077//3077 2445//2445
f 2436//2436 2445//2445 2441//2441
f 2441//2441 2439//2439 2436//2436
f 2439//2439 2427//2427 2436//2436
f 2427//2427 1881//1881 2436//2436
f 1881//1881 2437//2437 2436//2436
f 3077//3077 3078//3078 3079//3079
f 3079//3079 3084//3084 3077//3077
f 3084//3084 1918//1918 3077//3077
f 3077//3077 1918//1918 1917//1917
f 3078//3078 3076//3076 3079//3079
f 3077//3077 2437//2437 3078//3078
f 2437//2437 3077//3077 2436//2436
f 2437//2437 3076//3076 3078//3078
f 2437//2437 2434//2434 3076//3076
f 1881//1881 2434//2434 2437//2437
f 1864//1864 1866//1866 1867//1867
f 1867//1867 2413//2413 1864//1864
f 1850//1850 1862//1862 1385//1385
f 1385//1385 1849//1849 1850//1850
f 1849//1849 1258//1258 1856//1856
f 1258//1258 2419//2419 1856//1856
f 1258//1258 2403//2403 2419//2419
f 2396//2396 2419//2419 2403//2403
f 2396//2396 2403//2403 2395//2395
f 2395//2395 2417//2417 2396//2396
f 462//462 1403//1403 428//428
f 462//462 428//428 443//443
f 464//464 443//443 465//465
f 464//464 465//465 506//506
f 464//464 506//506 558//558
f 464//464 558//558 515//515
f 615//615 515//515 619//619
f 619//619 515//515 587//587
f 618//618 587//587 608//608
f 608//608 180//180 618//618
f 180//180 193//193 618//618
f 631//631 178//178 180//180
f 420//420 640//640 639//639
f 639//639 167//167 420//420
f 420//420 167//167 416//416
f 2623//2623 177//177 420//420
f 177//177 2733//2733 178//178
f 421//421 2623//2623 420//420
f 424//424 561//561 421//421
f 421//421 561//561 564//564
f 561//561 569//569 564//564
f 564//564 569//569 2723//2723
f 570//570 569//569 576//576
f 570//570 576//576 1760//1760
f 1753//1753 2858//2858 576//576
f 1753//1753 1713//1713 1744//1744
f 1753//1753 1744//1744 1835//1835
f 1835//1835 2858//2858 1753//1753
f 898//898 2858//2858 1835//1835
f 862//862 737//737 2920//2920
f 2945//2945 862//862 2941//2941
f 3033//3033 3081//3081 3034//3034
f 3034//3034 3081//3081 3049//3049
f 3033//3033 2919//2919 2959//2959
f 2973//2973 2984//2984 3000//3000
f 3000//3000 2984//2984 3015//3015
f 3091//3091 3000//3000 3015//3015
f 3015//3015 3016//3016 3091//3091
f 3091//3091 3016//3016 3019//3019
f 3019//3019 2935//2935 3103//3103
f 3090//3090 3019//3019 3103//3103
f 3090//3090 3103//3103 3099//3099
f 3099//3099 3098//3098 3090//3090
f 3090//3090 3098//3098 904//904
f 904//904 901//901 3090//3090
f 3090//3090 901//901 3088//3088
f 3088//3088 3089//3089 3090//3090
f 3090//3090 3089//3089 3019//3019
f 3091//3091 3089//3089 3087//3087
f 3000//3000 3091//3091 3087//3087
f 3087//3087 3075//3075 3000//3000
f 3000//3000 3075//3075 3002//3002
f 3075//3075 3081//3081 3002//3002
f 3002//3002 3081//3081 3033//3033
f 3085//3085 3081//3081 3075//3075
f 3085//3085 3075//3075 3088//3088
f 3085//3085 3088//3088 3146//3146
f 3146//3146 3088//3088 901//901
f 3146//3146 901//901 902//902
f 899//899 902//902 901//901
f 900//900 899//899 901//901
f 901//901 904//904 900//900
f 904//904 905//905 900//900
f 905//905 907//907 900//900
f 899//899 907//907 918//918
f 907//907 908//908 918//918
f 908//908 910//910 920//920
f 910//910 923//923 920//920
f 2046//2046 923//923 2033//2033
f 2046//2046 2033//2033 2048//2048
f 935//935 2046//2046 2047//2047
f 919//919 2046//2046 935//935
f 919//919 935//935 929//929
f 919//919 923//923 2046//2046
f 2047//2047 2065//2065 1675//1675
f 1675//1675 2065//2065 2071//2071
f 2071//2071 2072//2072 2076//2076
f 2869//2869 2861//2861 3140//3140
f 2861//2861 2863//2863 3140//3140
f 2863//2863 2861//2861 2862//2862
f 2597//2597 2847//2847 2862//2862
f 2847//2847 2601//2601 2864//2864
f 2601//2601 2602//2602 2864//2864
f 2602//2602 4361//4361 2865//2865
f 4361//4361 2848//2848 2852//2852
f 4373//4373 2852//2852 2838//2838
f 4374//4374 4373//4373 4380//4380
f 4374//4374 4380//4380 3152//3152
f 3152//3152 4380//4380 3151//3151
f 3151//3151 3153//3153 3152//3152
f 3151//3151 3156//3156 3153//3153
f 3151//3151 3136//3136 3150//3150
f 3150//3150 4579//4579 4577//4577
f 4577//4577 3156//3156 3150//3150
f 3156//3156 3151//3151 3150//3150
f 3755//3755 3156//3156 4577//4577
f 3755//3755 4577//4577 3756//3756
f 3772//3772 3755//3755 3756//3756
f 3826//3826 4568//4568 3799//3799
f 3826//3826 3799//3799 3827//3827
f 3825//3825 3826//3826 3827//3827
f 3839//3839 3825//3825 3827//3827
f 3839//3839 3827//3827 4559//4559
f 4739//4739 3839//3839 4559//4559
f 4739//4739 3807//3807 3843//3843
f 3842//3842 4739//4739 3843//3843
f 3842//3842 3843//3843 3363//3363
f 3359//3359 3607//3607 4847//4847
f 4929//4929 3607//3607 3612//3612
f 4929//4929 3612//3612 5035//5035
f 4915//4915 4929//4929 5035//5035
f 4915//4915 5035//5035 5073//5073
f 4914//4914 4915//4915 5073//5073
f 3842//3842 4847//4847 4846//4846
f 4847//4847 4929//4929 4846//4846
f 4929//4929 4847//4847 3607//3607
f 3839//3839 3842//3842 4846//4846
f 4739//4739 3842//3842 3839//3839
f 4846//4846 4843//4843 3839//3839
f 4843//4843 3838//3838 3839//3839
f 4836//4836 3836//3836 3838//3838
f 4836//4836 4913//4913 3836//3836
f 3838//3838 3836//3836 3825//3825
f 3825//3825 3836//3836 3826//3826
f 3826//3826 3836//3836 4696//4696
f 4913//4913 3353//3353 4781//4781
f 3353//3353 4913//4913 4914//4914
f 3353//3353 4914//4914 3487//3487
f 3487//3487 4914//4914 3597//3597
f 4781//4781 3353//3353 3348//3348
f 4781//4781 4696//4696 3836//3836
f 3826//3826 3772//3772 4568//4568
f 3826//3826 3795//3795 3772//3772
f 3819//3819 3804//3804 3820//3820
f 3804//3804 3819//3819 4599//4599
f 3769//3769 3804//3804 4599//4599
f 3156//3156 3755//3755 3771//3771
f 3755//3755 3769//3769 3771//3771
f 3769//3769 3755//3755 3795//3795
f 3820//3820 3804//3804 4696//4696
f 3795//3795 3804//3804 3769//3769
f 3804//3804 3795//3795 4696//4696
f 3795//3795 3826//3826 4696//4696
f 4913//4913 4781//4781 3836//3836
f 4913//4913 4836//4836 4915//4915
f 4836//4836 4843//4843 4915//4915
f 3838//3838 4843//4843 4836//4836
f 4929//4929 4843//4843 4846//4846
f 4843//4843 4929//4929 4915//4915
f 4913//4913 4915//4915 4914//4914
f 4914//4914 5073//5073 3597//3597
f 3612//3612 3818//3818 4985//4985
f 4969//4969 5035//5035 4985//4985
f 4985//4985 4996//4996 4969//4969
f 4996//4996 4985//4985 4040//4040
f 4040//4040 4985//4985 3818//3818
f 4040//4040 5069//5069 4996//4996
f 4036//4036 4040//4040 3818//3818
f 3818//3818 3815//3815 4036//4036
f 3815//3815 3817//3817 4036//4036
f 3817//3817 3823//3823 3822//3822
f 3822//3822 3823//3823 5203//5203
f 5198//5198 5203//5203 3823//3823
f 3823//3823 3627//3627 5198//5198
f 4261//4261 4275//4275 5198//5198
f 4289//4289 5198//5198 4275//4275
f 4289//4289 4275//4275 4286//4286
f 4286//4286 4275//4275 4276//4276
f 4276//4276 4288//4288 4286//4286
f 4277//4277 4288//4288 4276//4276
f 4279//4279 4288//4288 4277//4277
f 4267//4267 4277//4277 4264//4264
f 4239//4239 4267//4267 4264//4264
f 4241//4241 4621//4621 4267//4267
f 4267//4267 4621//4621 4293//4293
f 4298//4298 4293//4293 4294//4294
f 4291//4291 4296//4296 4294//4294
f 4296//4296 4291//4291 4637//4637
f 4296//4296 4637//4637 4644//4644
f 4296//4296 4644//4644 4656//4656
f 4295//4295 4296//4296 4656//4656
f 4295//4295 4298//4298 4296//4296
f 4296//4296 4298//4298 4294//4294
f 4308//4308 4295//4295 4656//4656
f 4308//4308 4656//4656 4918//4918
f 4918//4918 4656//4656 4649//4649
f 4649//4649 4643//4643 4652//4652
f 4643//4643 4655//4655 4652//4652
f 4652//4652 4655//4655 5234//5234
f 5218//5218 4655//4655 4641//4641
f 4655//4655 4642//4642 4641//4641
f 4642//4642 4644//4644 4638//4638
f 4642//4642 4638//4638 4636//4636
f 4638//4638 5200//5200 4636//4636
f 4636//4636 5200//5200 5199//5199
f 5200//5200 5192//5192 5199//5199
f 5200//5200 5178//5178 5192//5192
f 4629//4629 5178//5178 5200//5200
f 4638//4638 4629//4629 5200//5200
f 4638//4638 4637//4637 4629//4629
f 4292//4292 4629//4629 4637//4637
f 4291//4291 4292//4292 4637//4637
f 4644//4644 4637//4637 4638//4638
f 4291//4291 4294//4294 4292//4292
f 4616//4616 4629//4629 4292//4292
f 4621//4621 4616//4616 4292//4292
f 4292//4292 4293//4293 4621//4621
f 4241//4241 4616//4616 4621//4621
f 4616//4616 4241//4241 4242//4242
f 4242//4242 4247//4247 4616//4616
f 4616//4616 4247//4247 4248//4248
f 4629//4629 4616//4616 5178//5178
f 5160//5160 5161//5161 5192//5192
f 5161//5161 5160//5160 4866//4866
f 4850//4850 5161//5161 4866//4866
f 4850//4850 4866//4866 4842//4842
f 5163//5163 4851//4851 4867//4867
f 4867//4867 4851//4851 4858//4858
f 4851//4851 5131//5131 4858//4858
f 4858//4858 5131//5131 4853//4853
f 4853//4853 5131//5131 5130//5130
f 4855//4855 4853//4853 5130//5130
f 4856//4856 4854//4854 5421//5421
f 5149//5149 4856//4856 5423//5423
f 5152//5152 5149//5149 5146//5146
f 5430//5430 5149//5149 5152//5152
f 5423//5423 5146//5146 5149//5149
f 5136//5136 5146//5146 5423//5423
f 5136//5136 5147//5147 5146//5146
f 5147//5147 5417//5417 5138//5138
f 5417//5417 5147//5147 5136//5136
f 5123//5123 5129//5129 5417//5417
f 5129//5129 5412//5412 5417//5417
f 5405//5405 5129//5129 5121//5121
f 5405//5405 5121//5121 5403//5403
f 5406//5406 5121//5121 5116//5116
f 5407//5407 5114//5114 5404//5404
f 5401//5401 5403//5403 5407//5407
f 5400//5400 5401//5401 5407//5407
f 5404//5404 5402//5402 5400//5400
f 5106//5106 5108//5108 5404//5404
f 5115//5115 5106//5106 5404//5404
f 5404//5404 5114//5114 5115//5115
f 5115//5115 5113//5113 5106//5106
f 5113//5113 5107//5107 5106//5106
f 5106//5106 5107//5107 5108//5108
f 5108//5108 5101//5101 5094//5094
f 5101//5101 5105//5105 4815//4815
f 5105//5105 4821//4821 4815//4815
f 4828//4828 4821//4821 4829//4829
f 4828//4828 4816//4816 4821//4821
f 4816//4816 4815//4815 4821//4821
f 4822//4822 5084//5084 4816//4816
f 4822//4822 5082//5082 4824//4824
f 4822//4822 4824//4824 5084//5084
f 4816//4816 4817//4817 4590//4590
f 4807//4807 5387//5387 4813//4813
f 5383//5383 4806//4806 4807//4807
f 5383//5383 4807//4807 5382//5382
f 4806//4806 5380//5380 5384//5384
f 4806//4806 5384//5384 5386//5386
f 4806//4806 5386//5386 5387//5387
f 5384//5384 4792//4792 5386//5386
f 5079//5079 5386//5386 4792//4792
f 4585//4585 4792//4792 4791//4791
f 4164//4164 4585//4585 4791//4791
f 4165//4165 4164//4164 3964//3964
f 3963//3963 4757//4757 3964//3964
f 3963//3963 3673//3673 4757//4757
f 3673//3673 4756//4756 4757//4757
f 4757//4757 4756//4756 3678//3678
f 3678//3678 3680//3680 3679//3679
f 3680//3680 2826//2826 3681//3681
f 2826//2826 2827//2827 3105//3105
f 2827//2827 2830//2830 3104//3104
f 1654//1654 2538//2538 892//892
f 2952//2952 948//948 1654//1654
f 1654//1654 892//892 2952//2952
f 2893//2893 948//948 2952//2952
f 2893//2893 3126//3126 948//948
f 889//889 890//890 892//892
f 2021//2021 889//889 892//892
f 1612//1612 2830//2830 2827//2827
f 1612//1612 2827//2827 2826//2826
f 2515//2515 1612//1612 2826//2826
f 3680//3680 3678//3678 2816//2816
f 2816//2816 2503//2503 3680//3680
f 2503//2503 1594//1594 2515//2515
f 1612//1612 2515//2515 1594//1594
f 875//875 890//890 889//889
f 890//890 875//875 2895//2895
f 1802//1802 2893//2893 2895//2895
f 2895//2895 2893//2893 890//890
f 1802//1802 835//835 2893//2893
f 835//835 1855//1855 3126//3126
f 2893//2893 835//835 3126//3126
f 1802//1802 1686//1686 1768//1768
f 1568//1568 1768//1768 1686//1686
f 2895//2895 586//586 1802//1802
f 2800//2800 586//586 2895//2895
f 2800//2800 484//484 586//586
f 586//586 484//484 432//432
f 432//432 1493//1493 1686//1686
f 1686//1686 1493//1493 1610//1610
f 1493//1493 1569//1569 1610//1610
f 432//432 320//320 330//330
f 2646//2646 484//484 2800//2800
f 2800//2800 860//860 2646//2646
f 2646//2646 320//320 484//484
f 330//330 320//320 324//324
f 1383//1383 1386//1386 1164//1164
f 324//324 1386//1386 330//330
f 1493//1493 1386//1386 1405//1405
f 1164//1164 1386//1386 136//136
f 1164//1164 1148//1148 1137//1137
f 1148//1148 1067//1067 1137//1137
f 1137//1137 1067//1067 604//604
f 1038//1038 598//598 597//597
f 1039//1039 1038//1038 597//597
f 2780//2780 597//597 1923//1923
f 1852//1852 1923//1923 597//597
f 1923//1923 1852//1852 2442//2442
f 1923//1923 2442//2442 2441//2441
f 2441//2441 2442//2442 2439//2439
f 2439//2439 2440//2440 2763//2763
f 2763//2763 2761//2761 2439//2439
f 2761//2761 2427//2427 2439//2439
f 1869//1869 1881//1881 2427//2427
f 1881//1881 1869//1869 1868//1868
f 1851//1851 2413//2413 1868//1868
f 1851//1851 2412//2412 2413//2413
f 2412//2412 1851//1851 1389//1389
f 2412//2412 1389//1389 1385//1385
f 1387//1387 1264//1264 1849//1849
f 1387//1387 1376//1376 1264//1264
f 1139//1139 1264//1264 1376//1376
f 1111//1111 1376//1376 1387//1387
f 1387//1387 1388//1388 1111//1111
f 1378//1378 1111//1111 1388//1388
f 100//100 1382//1382 1388//1388
f 1382//1382 1378//1378 1388//1388
f 1382//1382 1109//1109 1378//1378
f 1109//1109 1110//1110 1378//1378
f 1378//1378 1110//1110 1111//1111
f 1110//1110 1168//1168 1111//1111
f 1166//1166 1111//1111 1168//1168
f 1166//1166 1152//1152 1376//1376
f 1376//1376 1111//1111 1166//1166
f 1376//1376 1152//1152 1139//1139
f 1134//1134 1139//1139 1130//1130
f 1130//1130 1260//1260 1134//1134
f 1134//1134 1260//1260 1258//1258
f 1260//1260 2395//2395 2403//2403
f 1258//1258 1264//1264 1134//1134
f 1139//1139 1134//1134 1264//1264
f 1264//1264 1258//1258 1849//1849
f 1258//1258 1260//1260 2403//2403
f 2417//2417 2395//2395 2402//2402
f 1395//1395 2417//2417 2402//2402
f 1221//1221 1395//1395 2402//2402
f 1403//1403 1295//1295 1302//1302
f 428//428 1403//1403 1302//1302
f 428//428 1302//1302 441//441
f 465//465 439//439 557//557
f 465//465 557//557 506//506
f 558//558 506//506 557//557
f 546//546 558//558 557//557
f 557//557 505//505 546//546
f 546//546 505//505 510//510
f 588//588 546//546 510//510
f 940//940 588//588 510//510
f 940//940 510//510 551//551
f 568//568 593//593 551//551
f 592//592 589//589 621//621
f 621//621 640//640 623//623
f 613//613 592//592 623//623
f 612//612 613//613 623//623
f 612//612 611//611 613//613
f 593//593 613//613 611//611
f 608//608 631//631 180//180
f 610//610 631//631 608//608
f 608//608 609//609 610//610
f 940//940 593//593 611//611
f 587//587 546//546 609//609
f 558//558 546//546 587//587
f 610//610 588//588 940//940
f 609//609 588//588 610//610
f 587//587 609//609 608//608
f 631//631 612//612 178//178
f 612//612 631//631 611//611
f 623//623 640//640 612//612
f 166//166 1001//1001 994//994
f 167//167 166//166 994//994
f 1298//1298 167//167 994//994
f 1298//1298 994//994 1091//1091
f 167//167 1298//1298 415//415
f 415//415 172//172 167//167
f 416//416 167//167 172//172
f 1513//1513 1503//1503 1506//1506
f 1513//1513 1506//1506 1501//1501
f 1644//1644 1513//1513 1703//1703
f 1644//1644 1703//1703 1701//1701
f 1701//1701 1703//1703 1702//1702
f 1701//1701 1702//1702 1742//1742
f 1742//1742 1743//1743 1701//1701
f 1743//1743 1750//1750 1701//1701
f 1704//1704 1701//1701 1750//1750
f 1704//1704 1750//1750 1744//1744
f 1643//1643 1644//1644 1704//1704
f 1644//1644 1701//1701 1704//1704
f 1644//1644 1643//1643 1641//1641
f 1521//1521 1641//1641 1643//1643
f 1528//1528 172//172 1503//1503
f 406//406 172//172 1528//1528
f 172//172 406//406 416//416
f 416//416 406//406 421//421
f 1518//1518 406//406 1528//1528
f 1709//1709 1521//1521 1643//1643
f 1709//1709 1518//1518 1521//1521
f 1518//1518 1528//1528 1521//1521
f 1652//1652 1709//1709 1713//1713
f 1713//1713 559//559 1652//1652
f 1753//1753 559//559 1713//1713
f 1753//1753 569//569 559//559
f 1744//1744 1713//1713 1709//1709
f 559//559 569//569 561//561
f 1709//1709 1652//1652 1518//1518
f 1652//1652 559//559 1518//1518
f 1518//1518 559//559 424//424
f 424//424 406//406 1518//1518
f 1641//1641 1528//1528 1503//1503
f 1528//1528 1641//1641 1521//1521
f 1643//1643 1704//1704 1709//1709
f 1709//1709 1704//1704 1744//1744
f 1743//1743 1749//1749 1750//1750
f 1743//1743 1742//1742 1816//1816
f 1816//1816 1749//1749 1743//1743
f 737//737 1749//1749 1816//1816
f 1816//1816 616//616 737//737
f 616//616 738//738 737//737
f 737//737 738//738 2901//2901
f 737//737 2901//2901 2920//2920
f 2920//2920 2901//2901 2909//2909
f 2920//2920 2909//2909 2956//2956
f 2919//2919 2920//2920 2956//2956
f 2919//2919 2956//2956 2959//2959
f 2973//2973 2974//2974 2986//2986
f 2986//2986 2984//2984 2973//2973
f 2986//2986 998//998 2984//2984
f 3006//3006 2984//2984 998//998
f 3006//3006 998//998 3005//3005
f 3006//3006 3005//3005 3007//3007
f 3016//3016 3006//3006 3007//3007
f 3016//3016 3007//3007 2935//2935
f 3007//3007 2936//2936 2935//2935
f 2936//2936 2883//2883 2871//2871
f 2935//2935 2936//2936 2871//2871
f 2883//2883 798//798 2871//2871
f 798//798 2872//2872 2871//2871
f 2871//2871 2872//2872 2873//2873
f 2871//2871 2873//2873 2884//2884
f 3103//3103 2871//2871 2884//2884
f 2873//2873 1575//1575 2884//2884
f 2884//2884 1575//1575 1636//1636
f 3099//3099 2884//2884 1636//1636
f 3097//3097 3099//3099 1636//1636
f 3097//3097 3110//3110 3098//3098
f 912//912 3110//3110 3097//3097
f 912//912 1642//1642 910//910
f 2033//2033 2014//2014 2015//2015
f 2033//2033 2015//2015 2049//2049
f 2034//2034 2049//2049 2015//2015
f 2034//2034 2035//2035 2062//2062
f 2062//2062 2051//2051 2034//2034
f 2034//2034 2051//2051 2049//2049
f 2051//2051 2052//2052 2049//2049
f 2052//2052 2048//2048 2049//2049
f 2048//2048 2033//2033 2049//2049
f 2048//2048 2065//2065 2046//2046
f 2047//2047 2046//2046 2065//2065
f 2052//2052 2065//2065 2048//2048
f 2071//2071 2065//2065 2052//2052
f 2051//2051 2072//2072 2052//2052
f 2051//2051 2860//2860 2072//2072
f 2603//2603 2072//2072 2860//2860
f 2592//2592 2593//2593 2594//2594
f 2594//2594 2595//2595 2592//2592
f 2592//2592 2861//2861 2859//2859
f 2592//2592 2862//2862 2861//2861
f 2597//2597 2862//2862 2592//2592
f 2597//2597 2592//2592 2599//2599
f 2847//2847 2599//2599 2844//2844
f 2847//2847 2844//2844 2843//2843
f 2847//2847 2843//2843 2566//2566
f 2847//2847 2566//2566 2846//2846
f 2601//2601 2847//2847 2846//2846
f 2566//2566 2563//2563 2846//2846
f 2600//2600 2846//2846 2567//2567
f 2569//2569 2600//2600 2567//2567
f 2567//2567 2568//2568 2569//2569
f 2568//2568 2838//2838 2569//2569
f 2838//2838 2848//2848 2569//2569
f 2569//2569 2848//2848 4361//4361
f 4361//4361 2600//2600 2569//2569
f 2838//2838 2568//2568 2837//2837
f 2840//2840 2838//2838 2837//2837
f 2840//2840 2853//2853 4373//4373
f 2853//2853 4380//4380 4373//4373
f 3150//3150 3120//3120 4453//4453
f 3120//3120 3121//3121 4453//4453
f 4453//4453 3121//3121 4457//4457
f 3735//3735 4457//4457 3704//3704
f 3737//3737 3734//3734 3736//3736
f 3736//3736 4201//4201 3737//3737
f 3738//3738 3737//3737 4201//4201
f 3738//3738 4201//4201 4202//4202
f 4202//4202 4219//4219 3738//3738
f 3738//3738 3780//3780 3737//3737
f 3778//3778 3737//3737 3780//3780
f 3780//3780 3774//3774 3778//3778
f 3734//3734 3778//3778 3735//3735
f 3778//3778 3776//3776 3735//3735
f 3735//3735 3776//3776 3733//3733
f 3733//3733 4457//4457 3735//3735
f 3776//3776 4715//4715 3733//3733
f 4715//4715 4580//4580 3733//3733
f 4579//4579 4580//4580 4577//4577
f 4577//4577 4580//4580 4715//4715
f 4715//4715 3756//3756 4577//4577
f 4715//4715 4708//4708 3756//3756
f 4559//4559 3799//3799 4708//4708
f 4559//4559 4708//4708 4566//4566
f 4559//4559 4566//4566 4572//4572
f 4627//4627 4559//4559 3777//3777
f 3805//3805 4627//4627 3777//3777
f 3805//3805 3774//3774 3807//3807
f 3843//3843 3807//3807 3844//3844
f 3372//3372 3844//3844 3810//3810
f 3371//3371 3359//3359 3362//3362
f 3359//3359 3363//3363 3362//3362
f 3363//3363 3843//3843 3362//3362
f 3611//3611 3618//3618 3817//3817
f 3611//3611 3815//3815 3818//3818
f 3817//3817 3618//3618 3823//3823
f 3823//3823 3371//3371 3627//3627
f 3627//3627 3379//3379 4234//4234
f 3627//3627 4262//4262 5198//5198
f 4261//4261 4236//4236 4263//4263
f 4263//4263 4275//4275 4261//4261
f 4277//4277 4275//4275 4263//4263
f 4277//4277 4263//4263 4264//4264
f 4276//4276 4275//4275 4277//4277
f 4236//4236 4238//4238 4263//4263
f 4238//4238 4240//4240 4263//4263
f 4263//4263 4240//4240 4239//4239
f 4239//4239 4240//4240 4241//4241
f 4242//4242 4241//4241 4240//4240
f 4242//4242 4228//4228 4246//4246
f 5160//5160 4247//4247 4849//4849
f 5160//5160 4849//4849 4841//4841
f 4248//4248 4247//4247 5160//5160
f 4248//4248 5160//5160 5178//5178
f 4849//4849 4247//4247 4246//4246
f 4849//4849 4840//4840 4841//4841
f 4841//4841 4840//4840 4842//4842
f 4840//4840 4835//4835 4842//4842
f 4842//4842 4835//4835 4837//4837
f 4851//4851 4837//4837 4844//4844
f 5131//5131 4844//4844 5113//5113
f 5130//5130 5131//5131 5113//5113
f 5130//5130 5113//5113 5115//5115
f 5120//5120 5130//5130 5115//5115
f 4855//4855 5120//5120 5122//5122
f 5122//5122 5121//5121 5123//5123
f 5421//5421 5122//5122 5123//5123
f 4856//4856 5421//5421 5423//5423
f 5122//5122 5421//5421 4855//4855
f 5421//5421 4854//4854 4855//4855
f 5115//5115 5116//5116 5120//5120
f 5120//5120 5116//5116 5122//5122
f 5113//5113 4829//4829 5107//5107
f 4829//4829 5105//5105 5107//5107
f 5107//5107 5105//5105 5101//5101
f 4837//4837 4829//4829 4844//4844
f 5113//5113 4844//4844 4829//4829
f 4608//4608 4828//4828 4837//4837
f 4608//4608 5082//5082 4828//4828
f 4825//4825 5082//5082 4608//4608
f 4835//4835 4607//4607 4608//4608
f 4840//4840 4607//4607 4835//4835
f 4245//4245 4607//4607 4840//4840
f 4605//4605 4607//4607 4245//4245
f 4606//4606 4825//4825 4607//4607
f 4607//4607 4825//4825 4608//4608
f 4825//4825 4606//4606 4597//4597
f 4606//4606 4596//4596 4597//4597
f 4594//4594 4598//4598 4597//4597
f 4594//4594 4597//4597 4596//4596
f 4591//4591 4594//4594 4596//4596
f 4210//4210 4595//4595 4596//4596
f 4431//4431 4592//4592 4595//4595
f 4794//4794 4166//4166 4158//4158
f 4794//4794 4783//4783 4793//4793
f 4802//4802 4793//4793 4783//4783
f 4783//4783 4787//4787 4802//4802
f 4800//4800 4812//4812 5084//5084
f 5084//5084 4812//4812 4817//4817
f 4812//4812 4586//4586 4817//4817
f 4817//4817 4586//4586 4590//4590
f 4586//4586 4809//4809 4590//4590
f 4809//4809 4807//4807 4810//4810
f 5382//5382 4807//4807 4798//4798
f 5382//5382 4797//4797 5383//5383
f 4797//4797 5381//5381 5383//5383
f 5381//5381 5380//5380 5383//5383
f 5381//5381 5379//5379 5380//5380
f 5077//5077 4792//4792 5384//5384
f 3673//3673 3668//3668 3667//3667
f 3667//3667 4756//4756 3673//3673
f 2816//2816 3678//3678 4756//4756
f 2503//2503 2816//2816 2809//2809
f 2809//2809 2502//2502 2503//2503
f 2502//2502 843//843 1594//1594
f 1594//1594 875//875 1612//1612
f 875//875 2800//2800 2895//2895
f 843//843 860//860 876//876
f 876//876 860//860 2800//2800
f 828//828 2646//2646 860//860
f 321//321 247//247 324//324
f 1164//1164 136//136 66//66
f 1067//1067 66//66 607//607
f 607//607 606//606 1067//1067
f 598//598 599//599 597//597
f 1852//1852 2444//2444 2442//2442
f 2442//2442 2444//2444 2440//2440
f 2440//2440 2443//2443 2763//2763
f 2762//2762 1480//1480 2761//2761
f 2761//2761 1869//1869 2427//2427
f 2761//2761 2421//2421 1869//1869
f 1869//1869 2416//2416 1868//1868
f 2408//2408 1851//1851 1868//1868
f 2408//2408 1868//1868 2416//2416
f 2408//2408 2407//2407 1851//1851
f 1851//1851 2407//2407 1389//1389
f 1389//1389 1390//1390 1388//1388
f 2407//2407 1390//1390 1389//1389
f 1382//1382 100//100 101//101
f 396//396 1382//1382 101//101
f 101//101 100//100 2407//2407
f 2407//2407 135//135 101//101
f 2408//2408 209//209 135//135
f 135//135 396//396 101//101
f 396//396 1109//1109 1382//1382
f 1110//1110 1109//1109 37//37
f 1110//1110 37//37 33//33
f 1168//1168 33//33 1036//1036
f 1036//1036 1030//1030 1152//1152
f 1030//1030 1033//1033 1152//1152
f 1033//1033 1130//1130 1152//1152
f 1130//1130 391//391 1260//1260
f 1260//1260 391//391 1220//1220
f 2402//2402 1260//1260 1220//1220
f 1221//1221 1220//1220 392//392
f 1217//1217 1221//1221 392//392
f 1217//1217 392//392 1235//1235
f 1295//1295 1217//1217 1302//1302
f 1302//1302 1217//1217 1219//1219
f 441//441 1302//1302 1219//1219
f 430//430 148//148 433//433
f 429//429 430//430 439//439
f 439//439 430//430 557//557
f 557//557 430//430 445//445
f 557//557 445//445 505//505
f 505//505 445//445 507//507
f 539//539 507//507 497//497
f 568//568 539//539 497//497
f 568//568 497//497 530//530
f 568//568 530//530 563//563
f 529//529 563//563 530//530
f 528//528 529//529 530//530
f 521//521 528//528 471//471
f 562//562 528//528 521//521
f 562//562 521//521 589//589
f 560//560 589//589 521//521
f 560//560 700//700 903//903
f 995//995 891//891 996//996
f 994//994 995//995 996//996
f 994//994 996//996 991//991
f 995//995 994//994 1001//1001
f 903//903 995//995 1001//1001
f 621//621 560//560 903//903
f 621//621 903//903 166//166
f 994//994 991//991 1091//1091
f 968//968 1091//1091 991//991
f 1083//1083 1090//1090 968//968
f 1083//1083 968//968 1084//1084
f 1180//1180 1083//1083 1084//1084
f 1180//1180 1084//1084 1095//1095
f 1180//1180 1095//1095 1183//1183
f 1184//1184 1179//1179 1180//1180
f 1083//1083 1180//1180 1179//1179
f 1176//1176 1083//1083 1179//1179
f 1442//1442 1176//1176 1449//1449
f 1445//1445 1442//1442 1449//1449
f 1559//1559 1445//1445 1449//1449
f 1461//1461 1559//1559 1449//1449
f 1329//1329 1461//1461 1449//1449
f 1329//1329 257//257 1461//1461
f 257//257 254//254 1461//1461
f 458//458 460//460 461//461
f 460//460 1559//1559 1461//1461
f 1549//1549 1559//1559 1547//1547
f 1656//1656 1549//1549 1668//1668
f 1656//1656 1632//1632 1501//1501
f 1703//1703 1501//1501 1632//1632
f 1703//1703 1632//1632 595//595
f 1717//1717 595//595 1632//1632
f 1719//1719 614//614 1717//1717
f 614//614 595//595 1717//1717
f 595//595 1719//1719 717//717
f 594//594 717//717 718//718
f 718//718 2903//2903 594//594
f 738//738 594//594 2903//2903
f 738//738 2903//2903 2901//2901
f 616//616 594//594 738//738
f 1742//1742 617//617 616//616
f 594//594 616//616 617//617
f 594//594 617//617 595//595
f 2903//2903 718//718 723//723
f 2903//2903 723//723 2916//2916
f 2909//2909 2903//2903 2916//2916
f 2910//2910 2909//2909 2916//2916
f 2926//2926 926//926 988//988
f 988//988 997//997 990//990
f 2957//2957 988//988 990//990
f 2959//2959 2957//2957 990//990
f 2909//2909 2957//2957 2956//2956
f 2910//2910 988//988 2957//2957
f 2986//2986 990//990 997//997
f 936//936 993//993 997//997
f 997//997 993//993 998//998
f 936//936 930//930 993//993
f 993//993 780//780 3005//3005
f 3005//3005 780//780 2932//2932
f 3007//3007 3005//3005 2932//2932
f 2936//2936 3007//3007 2932//2932
f 2932//2932 2883//2883 2936//2936
f 797//797 798//798 2883//2883
f 677//677 798//798 797//797
f 789//789 677//677 797//797
f 797//797 780//780 789//789
f 670//670 659//659 673//673
f 658//658 659//659 670//670
f 658//658 774//774 659//659
f 659//659 774//774 492//492
f 659//659 492//492 508//508
f 503//503 659//659 508//508
f 504//504 503//503 508//508
f 504//504 584//584 502//502
f 503//503 502//502 677//677
f 503//503 677//677 673//673
f 659//659 503//503 673//673
f 2872//2872 677//677 2873//2873
f 2873//2873 677//677 2702//2702
f 2702//2702 844//844 2873//2873
f 844//844 2702//2702 847//847
f 847//847 845//845 844//844
f 844//844 845//845 1572//1572
f 1572//1572 1575//1575 844//844
f 1574//1574 1575//1575 1572//1572
f 1574//1574 1572//1572 1573//1573
f 1574//1574 1573//1573 1637//1637
f 1637//1637 1642//1642 1574//1574
f 1574//1574 1642//1642 1636//1636
f 1642//1642 3097//3097 1636//1636
f 1637//1637 1640//1640 2015//2015
f 1640//1640 1646//1646 2015//2015
f 2034//2034 2015//2015 1646//1646
f 2012//2012 2013//2013 2035//2035
f 2041//2041 2043//2043 2013//2013
f 2013//2013 2043//2043 2042//2042
f 2064//2064 2062//2062 2061//2061
f 2064//2064 2061//2061 2056//2056
f 2064//2064 2056//2056 2059//2059
f 2594//2594 2064//2064 2059//2059
f 2074//2074 2064//2064 2593//2593
f 2593//2593 2064//2064 2594//2594
f 2594//2594 2059//2059 2582//2582
f 2582//2582 2581//2581 2594//2594
f 2584//2584 2595//2595 2581//2581
f 2584//2584 2586//2586 2595//2595
f 2592//2592 2595//2595 2599//2599
f 2595//2595 2586//2586 2599//2599
f 2599//2599 2586//2586 2844//2844
f 2844//2844 2586//2586 2587//2587
f 2587//2587 2843//2843 2844//2844
f 2843//2843 2550//2550 2561//2561
f 2566//2566 2843//2843 2561//2561
f 2561//2561 2563//2563 2566//2566
f 1998//1998 2563//2563 2560//2560
f 1991//1991 1998//1998 2560//2560
f 1991//1991 2560//2560 2552//2552
f 1991//1991 1992//1992 1993//1993
f 1992//1992 1995//1995 1993//1993
f 1993//1993 1995//1995 1977//1977
f 1993//1993 1977//1977 2000//2000
f 1993//1993 2000//2000 1998//1998
f 1977//1977 1985//1985 2000//2000
f 1985//1985 1984//1984 2000//2000
f 2000//2000 1984//1984 2001//2001
f 2001//2001 1998//1998 2000//2000
f 2562//2562 2001//2001 1984//1984
f 2562//2562 1984//1984 2002//2002
f 2003//2003 2562//2562 2002//2002
f 2003//2003 2002//2002 2520//2520
f 2003//2003 2520//2520 2837//2837
f 2568//2568 2003//2003 2837//2837
f 2839//2839 2837//2837 3106//3106
f 3107//3107 2839//2839 3106//3106
f 3107//3107 3106//3106 3108//3108
f 3107//3107 3108//3108 3109//3109
f 3107//3107 3109//3109 2853//2853
f 3107//3107 2853//2853 2840//2840
f 3136//3136 2853//2853 3120//3120
f 3109//3109 3121//3121 3120//3120
f 3122//3122 3123//3123 3121//3121
f 3124//3124 3123//3123 4318//4318
f 3124//3124 4318//4318 3706//3706
f 3124//3124 3706//3706 3704//3704
f 3705//3705 4201//4201 3736//3736
f 4199//4199 4201//4201 3705//3705
f 3705//3705 4182//4182 4199//4199
f 4182//4182 4179//4179 4199//4199
f 4199//4199 4179//4179 4178//4178
f 4202//4202 4199//4199 4178//4178
f 4204//4204 4202//4202 4178//4178
f 4184//4184 4205//4205 4204//4204
f 4205//4205 4222//4222 4204//4204
f 4222//4222 4198//4198 4204//4204
f 4222//4222 4217//4217 4198//4198
f 4217//4217 4219//4219 4198//4198
f 4198//4198 4219//4219 4202//4202
f 3814//3814 4219//4219 4217//4217
f 3814//3814 4217//4217 4233//4233
f 3814//3814 4233//4233 3847//3847
f 3814//3814 3813//3813 4219//4219
f 3809//3809 3780//3780 3810//3810
f 3810//3810 3844//3844 3809//3809
f 3810//3810 3780//3780 3813//3813
f 3814//3814 3810//3810 3813//3813
f 3383//3383 3810//3810 3814//3814
f 3847//3847 3383//3383 3814//3814
f 3371//3371 3372//3372 3379//3379
f 3847//3847 4233//4233 4232//4232
f 4234//4234 3847//3847 4232//4232
f 4232//4232 4262//4262 4234//4234
f 4232//4232 4224//4224 4262//4262
f 4224//4224 4235//4235 4262//4262
f 4262//4262 4235//4235 4236//4236
f 4238//4238 4235//4235 4206//4206
f 4206//4206 4209//4209 4238//4238
f 4238//4238 4209//4209 4240//4240
f 4209//4209 4227//4227 4240//4240
f 4240//4240 4227//4227 4242//4242
f 4227//4227 4229//4229 4242//4242
f 4227//4227 4211//4211 4229//4229
f 4210//4210 4228//4228 4229//4229
f 4229//4229 4211//4211 4210//4210
f 4595//4595 4211//4211 4430//4430
f 4189//4189 4430//4430 4207//4207
f 4208//4208 4189//4189 4207//4207
f 4205//4205 4225//4225 4223//4223
f 4205//4205 4223//4223 4222//4222
f 4222//4222 4223//4223 4224//4224
f 4235//4235 4223//4223 4225//4225
f 4206//4206 4225//4225 4190//4190
f 4186//4186 4190//4190 4225//4225
f 4225//4225 4205//4205 4186//4186
f 4186//4186 4188//4188 4190//4190
f 4188//4188 4191//4191 4190//4190
f 4191//4191 4208//4208 4190//4190
f 4189//4189 4425//4425 4427//4427
f 4427//4427 4425//4425 4584//4584
f 4427//4427 4584//4584 4431//4431
f 4431//4431 4430//4430 4427//4427
f 4425//4425 4423//4423 4584//4584
f 4423//4423 4157//4157 4584//4584
f 4584//4584 4157//4157 4583//4583
f 4592//4592 4584//4584 4583//4583
f 4157//4157 4161//4161 4583//4583
f 4161//4161 4158//4158 4166//4166
f 4158//4158 4160//4160 4794//4794
f 4154//4154 4160//4160 4158//4158
f 4783//4783 4777//4777 4782//4782
f 4783//4783 4782//4782 4787//4787
f 4787//4787 5377//5377 4796//4796
f 4802//4802 4787//4787 4796//4796
f 4802//4802 4796//4796 4803//4803
f 4803//4803 4796//4796 4586//4586
f 4586//4586 4582//4582 4798//4798
f 4586//4586 4798//4798 4809//4809
f 4797//4797 5382//5382 4798//4798
f 5076//5076 5077//5077 5380//5380
f 5077//5077 5076//5076 4779//4779
f 3955//3955 4779//4779 4775//4775
f 4775//4775 3952//3952 3955//3955
f 3955//3955 3956//3956 4791//4791
f 3956//3956 3955//3955 3954//3954
f 3956//3956 3954//3954 3953//3953
f 3956//3956 3953//3953 3963//3963
f 3953//3953 3664//3664 3668//3668
f 3668//3668 3664//3664 3665//3665
f 3668//3668 3665//3665 3667//3667
f 3096//3096 2808//2808 2493//2493
f 2493//2493 2494//2494 3096//3096
f 2494//2494 2809//2809 3096//3096
f 2809//2809 2494//2494 2502//2502
f 2502//2502 1964//1964 843//843
f 1534//1534 843//843 1964//1964
f 2479//2479 1522//1522 1534//1534
f 2479//2479 2492//2492 2491//2491
f 3093//3093 2808//2808 3094//3094
f 3661//3661 3093//3093 3094//3094
f 3661//3661 3094//3094 3667//3667
f 3092//3092 2796//2796 3661//3661
f 2796//2796 2795//2795 2491//2491
f 2795//2795 1952//1952 2491//2491
f 2479//2479 1952//1952 1523//1523
f 1523//1523 1522//1522 2479//2479
f 828//828 1522//1522 827//827
f 822//822 828//828 827//827
f 822//822 827//827 823//823
f 822//822 247//247 321//321
f 324//324 247//247 136//136
f 69//69 2137//2137 67//67
f 136//136 69//69 67//67
f 2137//2137 1053//1053 67//67
f 607//607 1053//1053 606//606
f 1956//1956 1863//1863 606//606
f 1956//1956 1053//1053 750//750
f 1863//1863 600//600 606//606
f 600//600 599//599 598//598
f 600//600 1852//1852 599//599
f 2444//2444 1852//1852 600//600
f 2440//2440 2444//2444 2767//2767
f 2440//2440 2767//2767 2443//2443
f 2443//2443 654//654 2766//2766
f 1502//1502 2762//2762 2760//2760
f 2762//2762 1502//1502 1480//1480
f 1480//1480 1502//1502 436//436
f 1480//1480 436//436 2421//2421
f 2421//2421 2411//2411 2416//2416
f 209//209 2408//2408 2411//2411
f 209//209 2411//2411 229//229
f 209//209 229//229 135//135
f 229//229 113//113 135//135
f 113//113 397//397 396//396
f 397//397 37//37 1109//1109
f 37//37 38//38 33//33
f 1036//1036 3028//3028 3038//3038
f 3038//3038 1030//1030 1036//1036
f 1009//1009 2389//2389 1030//1030
f 1009//1009 1030//1030 3038//3038
f 3047//3047 1009//1009 3038//3038
f 1006//1006 2389//2389 1009//1009
f 386//386 1030//1030 2389//2389
f 2389//2389 2390//2390 386//386
f 1055//1055 387//387 1051//1051
f 62//62 1055//1055 1192//1192
f 56//56 129//129 115//115
f 115//115 129//129 434//434
f 148//148 115//115 434//434
f 434//434 433//433 148//148
f 433//433 375//375 445//445
f 507//507 445//445 375//375
f 507//507 375//375 498//498
f 478//478 497//497 500//500
f 474//474 530//530 478//478
f 473//473 471//471 531//531
f 531//531 471//471 528//528
f 525//525 521//521 471//471
f 471//471 468//468 525//525
f 524//524 525//525 468//468
f 524//524 468//468 467//467
f 583//583 524//524 467//467
f 467//467 469//469 470//470
f 470//470 481//481 425//425
f 470//470 583//583 467//467
f 518//518 583//583 470//470
f 518//518 470//470 435//435
f 635//635 601//601 786//786
f 742//742 786//786 982//982
f 806//806 742//742 969//969
f 806//806 969//969 991//991
f 754//754 720//720 635//635
f 635//635 513//513 601//601
f 635//635 720//720 513//513
f 514//514 601//601 513//513
f 513//513 583//583 514//514
f 514//514 583//583 518//518
f 583//583 523//523 524//524
f 523//523 700//700 524//524
f 700//700 520//520 524//524
f 524//524 520//520 525//525
f 891//891 700//700 636//636
f 754//754 891//891 636//636
f 996//996 754//754 806//806
f 754//754 635//635 806//806
f 700//700 720//720 636//636
f 700//700 523//523 720//720
f 513//513 720//720 523//523
f 523//523 583//583 513//513
f 754//754 636//636 720//720
f 806//806 635//635 742//742
f 969//969 742//742 1084//1084
f 968//968 969//969 1084//1084
f 742//742 982//982 1084//1084
f 1084//1084 982//982 1095//1095
f 1095//1095 982//982 981//981
f 1183//1183 981//981 1018//1018
f 1183//1183 1018//1018 1121//1121
f 1131//1131 1125//1125 1121//1121
f 1022//1022 1131//1131 1121//1121
f 262//262 1125//1125 1131//1131
f 1365//1365 262//262 1131//1131
f 1131//1131 1232//1232 1365//1365
f 2697//2697 272//272 847//847
f 2697//2697 2686//2686 345//345
f 345//345 1365//1365 2697//2697
f 2675//2675 254//254 345//345
f 2686//2686 2675//2675 345//345
f 2675//2675 2674//2674 461//461
f 461//461 2674//2674 454//454
f 461//461 454//454 1727//1727
f 1723//1723 458//458 1727//1727
f 1727//1727 645//645 1723//1723
f 637//637 1723//1723 645//645
f 637//637 645//645 644//644
f 637//637 644//644 757//757
f 699//699 757//757 706//706
f 728//728 699//699 926//926
f 699//699 728//728 724//724
f 724//724 757//757 699//699
f 717//717 724//724 723//723
f 637//637 724//724 602//602
f 637//637 602//602 1723//1723
f 655//655 1723//1723 602//602
f 602//602 1719//1719 655//655
f 1668//1668 655//655 1719//1719
f 1668//1668 1547//1547 458//458
f 1547//1547 460//460 458//458
f 1549//1549 1547//1547 1668//1668
f 1668//1668 458//458 655//655
f 1719//1719 602//602 717//717
f 602//602 724//724 717//717
f 723//723 724//724 728//728
f 926//926 699//699 928//928
f 699//699 706//706 928//928
f 706//706 705//705 928//928
f 705//705 930//930 928//928
f 930//930 769//769 993//993
f 769//769 780//780 993//993
f 769//769 658//658 780//780
f 780//780 658//658 670//670
f 769//769 770//770 658//658
f 770//770 774//774 658//658
f 707//707 644//644 774//774
f 644//644 645//645 1727//1727
f 644//644 1727//1727 774//774
f 774//774 1727//1727 492//492
f 492//492 1727//1727 454//454
f 454//454 2674//2674 504//504
f 707//707 774//774 770//770
f 705//705 707//707 770//770
f 769//769 705//705 770//770
f 930//930 705//705 769//769
f 705//705 706//706 707//707
f 706//706 644//644 707//707
f 988//988 928//928 936//936
f 644//644 706//706 757//757
f 757//757 724//724 637//637
f 1723//1723 655//655 458//458
f 504//504 2674//2674 2686//2686
f 2674//2674 2675//2675 2686//2686
f 2697//2697 584//584 2686//2686
f 584//584 2697//2697 2702//2702
f 345//345 262//262 1365//1365
f 1329//1329 1179//1179 1184//1184
f 1183//1183 1121//1121 1184//1184
f 1184//1184 1324//1324 1329//1329
f 1324//1324 262//262 254//254
f 1125//1125 262//262 1324//1324
f 1324//1324 254//254 257//257
f 1329//1329 1324//1324 257//257
f 1184//1184 1125//1125 1324//1324
f 345//345 254//254 262//262
f 831//831 830//830 829//829
f 831//831 829//829 845//845
f 845//845 829//829 846//846
f 838//838 846//846 829//829
f 838//838 839//839 849//849
f 849//849 850//850 838//838
f 850//850 849//849 1576//1576
f 846//846 850//850 1576//1576
f 1572//1572 846//846 1576//1576
f 1576//1576 1577//1577 1640//1640
f 1573//1573 1576//1576 1640//1640
f 1639//1639 1646//1646 1640//1640
f 2012//2012 1646//1646 1638//1638
f 1638//1638 1646//1646 1639//1639
f 1638//1638 1639//1639 1649//1649
f 1650//1650 1638//1638 1649//1649
f 1650//1650 2040//2040 2041//2041
f 2040//2040 2037//2037 2041//2041
f 2039//2039 2037//2037 2040//2040
f 2039//2039 2040//2040 2008//2008
f 2005//2005 2039//2039 2008//2008
f 2005//2005 2025//2025 2024//2024
f 2024//2024 2025//2025 1662//1662
f 1666//1666 2024//2024 1662//1662
f 1663//1663 1666//1666 1662//1662
f 1662//1662 1664//1664 1663//1663
f 1663//1663 1664//1664 1665//1665
f 2571//2571 2577//2577 1665//1665
f 1665//1665 2577//2577 2054//2054
f 1663//1663 1665//1665 2054//2054
f 2054//2054 2044//2044 1663//1663
f 1666//1666 2044//2044 2032//2032
f 2032//2032 2037//2037 2024//2024
f 2039//2039 2024//2024 2037//2037
f 2036//2036 2044//2044 2053//2053
f 2053//2053 2044//2044 2057//2057
f 2056//2056 2053//2053 2057//2057
f 2056//2056 2057//2057 2059//2059
f 2057//2057 2583//2583 2059//2059
f 2578//2578 2580//2580 2583//2583
f 2580//2580 2584//2584 2583//2583
f 2580//2580 2574//2574 2556//2556
f 2588//2588 2580//2580 2556//2556
f 2588//2588 2556//2556 2558//2558
f 2588//2588 2558//2558 2587//2587
f 2586//2586 2588//2588 2587//2587
f 2587//2587 2558//2558 2550//2550
f 2558//2558 2549//2549 2550//2550
f 2549//2549 2560//2560 2550//2550
f 2551//2551 2552//2552 2549//2549
f 2552//2552 2551//2551 2548//2548
f 2536//2536 2552//2552 2548//2548
f 2548//2548 2542//2542 2536//2536
f 1634//1634 1991//1991 2536//2536
f 1991//1991 1634//1634 1992//1992
f 1634//1634 1629//1629 1992//1992
f 1992//1992 1629//1629 1635//1635
f 1633//1633 1609//1609 1635//1635
f 1609//1609 1996//1996 1635//1635
f 1651//1651 1996//1996 1609//1609
f 1609//1609 1611//1611 1651//1651
f 1611//1611 871//871 1651//1651
f 871//871 1592//1592 1587//1587
f 1589//1589 1587//1587 1592//1592
f 1589//1589 1590//1590 1978//1978
f 1589//1589 1978//1978 1976//1976
f 1976//1976 1978//1978 1977//1977
f 1976//1976 1977//1977 1587//1587
f 1977//1977 1978//1978 1979//1979
f 1978//1978 1540//1540 1979//1979
f 1979//1979 1540//1540 1541//1541
f 1981//1981 1979//1979 1541//1541
f 1981//1981 1541//1541 1982//1982
f 1981//1981 1982//1982 1986//1986
f 1981//1981 1986//1986 2002//2002
f 2002//2002 1986//1986 2518//2518
f 1986//1986 2504//2504 2518//2518
f 2504//2504 2519//2519 2518//2518
f 2518//2518 2519//2519 2520//2520
f 3106//3106 2520//2520 2519//2519
f 3108//3108 3106//3106 2519//2519
f 3108//3108 2519//2519 2522//2522
f 2523//2523 3108//3108 2522//2522
f 2526//2526 3109//3109 2523//2523
f 3122//3122 3109//3109 2526//2526
f 2525//2525 3111//3111 3122//3122
f 2525//2525 2529//2529 3111//3111
f 2529//2529 4319//4319 3111//3111
f 3111//3111 4319//4319 4318//4318
f 3705//3705 4318//4318 4319//4319
f 3705//3705 4319//4319 2822//2822
f 2822//2822 4182//4182 3705//3705
f 4180//4180 4181//4181 4785//4785
f 4172//4172 4180//4180 4785//4785
f 4172//4172 4785//4785 4171//4171
f 4171//4171 4173//4173 4172//4172
f 4172//4172 4173//4173 4183//4183
f 4183//4183 4179//4179 4172//4172
f 4179//4179 4180//4180 4172//4172
f 4179//4179 4182//4182 4180//4180
f 4178//4178 4179//4179 4183//4183
f 4173//4173 4184//4184 4183//4183
f 3968//3968 4191//4191 4188//4188
f 3968//3968 4188//4188 3966//3966
f 4189//4189 4191//4191 3968//3968
f 3968//3968 4425//4425 4189//4189
f 4421//4421 4423//4423 4425//4425
f 4423//4423 4419//4419 4157//4157
f 4161//4161 4157//4157 4151//4151
f 4151//4151 4156//4156 4161//4161
f 4151//4151 4152//4152 4156//4156
f 4152//4152 4146//4146 4409//4409
f 4409//4409 4143//4143 4152//4152
f 4152//4152 4143//4143 4154//4154
f 4156//4156 4152//4152 4154//4154
f 4154//4154 4143//4143 4149//4149
f 4149//4149 4150//4150 4154//4154
f 4154//4154 4150//4150 4160//4160
f 4777//4777 5372//5372 5373//5373
f 4777//4777 5373//5373 4782//4782
f 4782//4782 4790//4790 4787//4787
f 4790//4790 5376//5376 5377//5377
f 5378//5378 4575//4575 4581//4581
f 4581//4581 4575//4575 4574//4574
f 5379//5379 4574//4574 5076//5076
f 4780//4780 4779//4779 5076//5076
f 4779//4779 4780//4780 5075//5075
f 4779//4779 5075//5075 4775//4775
f 4775//4775 3943//3943 3952//3952
f 3954//3954 4689//4689 3953//3953
f 3953//3953 4689//4689 3664//3664
f 3664//3664 4689//4689 4250//4250
f 4250//4250 3665//3665 3664//3664
f 4250//4250 3661//3661 3665//3665
f 3092//3092 3661//3661 4250//4250
f 2796//2796 3092//3092 2477//2477
f 2477//2477 2795//2795 2796//2796
f 2472//2472 2795//2795 2477//2477
f 795//795 1523//1523 2478//2478
f 2795//2795 1947//1947 2478//2478
f 2795//2795 2478//2478 1952//1952
f 1523//1523 1952//1952 2478//2478
f 823//823 1523//1523 793//793
f 2206//2206 823//823 793//793
f 2206//2206 2202//2202 822//822
f 2202//2202 773//773 69//69
f 247//247 2202//2202 69//69
f 247//247 822//822 2202//2202
f 794//794 773//773 2202//2202
f 793//793 794//794 2206//2206
f 793//793 1523//1523 795//795
f 795//795 2470//2470 1483//1483
f 1482//1482 794//794 795//795
f 795//795 794//794 793//793
f 771//771 773//773 794//794
f 771//771 750//750 2137//2137
f 750//750 771//771 752//752
f 752//752 1482//1482 751//751
f 751//751 750//750 752//752
f 751//751 1956//1956 750//750
f 600//600 1863//1863 676//676
f 676//676 660//660 2444//2444
f 654//654 657//657 1413//1413
f 2766//2766 654//654 1413//1413
f 1502//1502 2766//2766 436//436
f 436//436 2411//2411 2421//2421
f 436//436 277//277 2411//2411
f 2411//2411 277//277 226//226
f 2411//2411 226//226 229//229
f 1280//1280 243//243 1281//1281
f 1281//1281 1840//1840 1280//1280
f 427//427 3100//3100 1840//1840
f 427//427 1857//1857 1406//1406
f 1842//1842 3100//3100 1847//1847
f 1374//1374 1840//1840 3100//3100
f 398//398 1840//1840 1837//1837
f 1840//1840 398//398 1280//1280
f 1280//1280 401//401 243//243
f 399//399 397//397 401//401
f 401//401 113//113 229//229
f 113//113 401//401 397//397
f 397//397 399//399 37//37
f 1837//1837 1102//1102 398//398
f 4343//4343 1837//1837 1374//1374
f 3979//3979 2758//2758 1842//1842
f 4359//4359 2758//2758 3979//3979
f 4343//4343 1374//1374 2758//2758
f 2758//2758 4359//4359 4343//4343
f 3621//3621 2753//2753 4343//4343
f 1370//1370 1837//1837 4343//4343
f 2753//2753 1370//1370 4343//4343
f 2386//2386 1369//1369 1370//1370
f 1370//1370 1369//1369 1102//1102
f 1370//1370 1102//1102 1837//1837
f 1102//1102 1369//1369 31//31
f 1102//1102 31//31 43//43
f 1102//1102 43//43 37//37
f 37//37 43//43 38//38
f 31//31 42//42 43//43
f 30//30 42//42 31//31
f 1017//1017 1019//1019 1005//1005
f 1009//1009 3047//3047 1005//1005
f 30//30 1005//1005 3047//3047
f 3028//3028 30//30 3047//3047
f 3028//3028 42//42 30//30
f 1019//1019 379//379 376//376
f 1006//1006 1019//1019 376//376
f 1068//1068 376//376 377//377
f 985//985 1002//1002 378//378
f 1002//1002 973//973 378//378
f 2995//2995 378//378 973//973
f 2995//2995 973//973 3004//3004
f 3004//3004 2757//2757 2995//2995
f 2995//2995 1077//1077 1082//1082
f 1082//1082 1060//1060 1056//1056
f 378//378 1082//1082 1056//1056
f 1076//1076 51//51 1192//1192
f 51//51 50//50 1192//1192
f 1373//1373 129//129 182//182
f 1384//1384 1373//1373 1443//1443
f 449//449 1443//1443 1427//1427
f 500//500 449//449 501//501
f 480//480 500//500 501//501
f 480//480 1739//1739 475//475
f 475//475 1739//1739 476//476
f 474//474 475//475 473//473
f 473//473 475//475 472//472
f 473//473 472//472 471//471
f 469//469 468//468 472//472
f 481//481 469//469 476//476
f 476//476 494//494 488//488
f 488//488 494//494 491//491
f 488//488 491//491 1593//1593
f 1625//1625 1593//1593 496//496
f 712//712 697//697 695//695
f 712//712 664//664 667//667
f 668//668 667//667 664//664
f 668//668 664//664 665//665
f 716//716 714//714 715//715
f 713//713 715//715 714//714
f 714//714 712//712 713//713
f 697//697 712//712 714//714
f 690//690 695//695 697//697
f 690//690 684//684 695//695
f 1731//1731 684//684 1722//1722
f 1606//1606 1631//1631 1731//1731
f 1625//1625 1606//1606 1584//1584
f 1584//1584 1580//1580 1593//1593
f 1580//1580 490//490 1593//1593
f 590//590 591//591 1566//1566
f 729//729 590//590 1699//1699
f 729//729 1699//1699 1773//1773
f 1997//1997 1883//1883 1889//1889
f 1889//1889 1883//1883 727//727
f 1889//1889 727//727 1885//1885
f 727//727 1772//1772 1885//1885
f 727//727 1773//1773 1772//1772
f 727//727 544//544 1773//1773
f 729//729 535//535 549//549
f 535//535 532//532 549//549
f 591//591 590//590 729//729
f 549//549 591//591 729//729
f 522//522 526//526 626//626
f 601//601 518//518 626//626
f 626//626 689//689 647//647
f 982//982 647//647 981//981
f 601//601 626//626 786//786
f 786//786 647//647 982//982
f 763//763 1022//1022 1018//1018
f 1022//1022 763//763 848//848
f 1022//1022 848//848 1131//1131
f 1131//1131 848//848 2087//2087
f 1997//1997 2087//2087 1883//1883
f 1131//1131 2087//2087 1232//1232
f 1232//1232 1997//1997 2264//2264
f 2264//2264 2276//2276 829//829
f 829//829 830//830 2264//2264
f 2276//2276 832//832 829//829
f 829//829 832//832 833//833
f 829//829 833//833 838//838
f 838//838 833//833 836//836
f 838//838 836//836 839//839
f 855//855 839//839 841//841
f 859//859 855//855 841//841
f 1539//1539 859//859 841//841
f 1539//1539 841//841 1524//1524
f 1539//1539 1524//1524 1538//1538
f 1536//1536 1539//1539 1538//1538
f 1537//1537 1536//1536 1538//1538
f 1538//1538 1526//1526 1540//1540
f 1526//1526 1530//1530 1540//1540
f 1541//1541 1530//1530 1543//1543
f 1982//1982 1543//1543 1544//1544
f 2505//2505 1545//1545 1966//1966
f 2505//2505 1966//1966 1967//1967
f 2505//2505 1967//1967 2506//2506
f 2505//2505 2506//2506 2504//2504
f 2504//2504 1986//1986 2505//2505
f 2505//2505 1986//1986 1545//1545
f 2504//2504 2506//2506 2522//2522
f 2519//2519 2504//2504 2522//2522
f 2523//2523 2522//2522 2524//2524
f 2526//2526 2523//2523 2524//2524
f 2510//2510 2526//2526 2524//2524
f 2529//2529 2513//2513 2819//2819
f 2819//2819 2821//2821 2822//2822
f 2822//2822 2821//2821 4778//4778
f 2822//2822 4778//4778 4181//4181
f 4778//4778 4749//4749 4785//4785
f 4749//4749 4752//4752 4785//4785
f 4785//4785 4752//4752 4171//4171
f 4169//4169 4173//4173 4171//4171
f 4168//4168 4173//4173 4169//4169
f 3944//3944 4168//4168 4169//4169
f 4752//4752 3944//3944 4169//4169
f 4695//4695 3944//3944 4752//4752
f 4695//4695 4752//4752 4749//4749
f 4700//4700 4695//4695 4749//4749
f 4745//4745 4700//4700 4749//4749
f 4745//4745 2821//2821 2810//2810
f 2497//2497 4745//4745 2810//2810
f 1970//1970 2497//2497 2810//2810
f 2810//2810 2514//2514 1970//1970
f 2513//2513 1970//1970 2514//2514
f 2513//2513 1971//1971 1970//1970
f 1970//1970 1971//1971 1972//1972
f 1970//1970 1972//1972 2497//2497
f 2498//2498 2497//2497 2484//2484
f 4698//4698 4700//4700 2498//2498
f 4695//4695 4698//4698 384//384
f 4695//4695 384//384 4646//4646
f 4695//4695 4646//4646 4648//4648
f 4648//4648 4654//4654 4695//4695
f 4653//4653 4654//4654 4648//4648
f 4645//4645 4648//4648 4646//4646
f 4648//4648 4664//4664 4651//4651
f 4664//4664 4657//4657 4651//4651
f 4651//4651 4657//4657 3930//3930
f 4651//4651 3930//3930 3931//3931
f 4653//4653 4651//4651 3931//3931
f 4654//4654 3931//3931 3946//3946
f 4654//4654 3946//3946 3944//3944
f 3944//3944 3946//3946 3945//3945
f 4173//4173 4168//4168 4167//4167
f 4185//4185 3966//3966 4188//4188
f 4185//4185 3958//3958 3966//3966
f 4423//4423 3961//3961 4419//4419
f 4419//4419 4148//4148 4141//4141
f 4141//4141 4148//4148 4147//4147
f 4141//4141 4147//4147 4142//4142
f 4401//4401 4402//4402 4142//4142
f 4409//4409 4142//4142 4402//4402
f 4132//4132 4408//4408 4409//4409
f 4409//4409 4408//4408 4412//4412
f 4409//4409 4412//4412 4143//4143
f 4143//4143 4412//4412 4144//4144
f 4144//4144 4145//4145 4143//4143
f 4143//4143 4145//4145 4149//4149
f 4149//4149 4145//4145 4150//4150
f 5372//5372 4777//4777 4774//4774
f 5365//5365 5372//5372 4774//4774
f 5372//5372 5371//5371 5373//5373
f 4782//4782 5375//5375 5376//5376
f 4782//4782 5376//5376 4790//4790
f 4575//4575 4569//4569 4574//4574
f 4574//4574 4569//4569 4571//4571
f 4780//4780 4571//4571 4418//4418
f 4780//4780 4418//4418 5075//5075
f 4187//4187 3649//3649 2786//2786
f 2786//2786 2784//2784 2472//2472
f 1947//1947 2784//2784 2470//2470
f 1947//1947 2470//2470 2478//2478
f 2470//2470 795//795 2478//2478
f 2470//2470 3642//3642 1483//1483
f 1475//1475 1482//1482 1483//1483
f 1474//1474 1475//1475 3642//3642
f 3642//3642 3082//3082 4389//4389
f 3642//3642 4389//4389 1474//1474
f 4526//4526 4520//4520 4389//4389
f 4526//4526 4509//4509 4520//4520
f 2424//2424 1870//1870 1882//1882
f 4520//4520 4509//4509 2424//2424
f 4520//4520 2424//2424 1474//1474
f 2424//2424 1882//1882 1474//1474
f 678//678 1446//1446 1441//1441
f 660//660 676//676 1441//1441
f 1441//1441 1871//1871 1424//1424
f 1871//1871 1425//1425 1424//1424
f 1424//1424 1413//1413 657//657
f 436//436 1413//1413 277//277
f 3117//3117 3222//3222 1281//1281
f 3117//3117 1281//1281 243//243
f 243//243 226//226 3117//3117
f 226//226 277//277 3117//3117
f 1281//1281 427//427 1840//1840
f 427//427 3222//3222 1857//1857
f 1870//1870 1406//1406 1425//1425
f 1406//1406 1408//1408 1847//1847
f 1399//1399 1847//1847 1408//1408
f 1847//1847 1399//1399 1842//1842
f 1399//1399 3063//3063 3979//3979
f 4359//4359 3621//3621 4343//4343
f 2753//2753 2386//2386 1370//1370
f 383//383 380//380 31//31
f 2977//2977 383//383 1368//1368
f 3051//3051 2977//2977 1368//1368
f 3621//3621 3622//3622 1833//1833
f 3621//3621 1833//1833 1836//1836
f 2750//2750 2749//2749 1833//1833
f 3051//3051 1833//1833 2749//2749
f 2749//2749 2381//2381 3051//3051
f 2381//2381 1832//1832 3051//3051
f 1832//1832 2977//2977 3051//3051
f 382//382 2977//2977 1831//1831
f 382//382 30//30 380//380
f 380//380 383//383 382//382
f 2380//2380 1831//1831 1832//1832
f 2383//2383 1830//1830 2380//2380
f 2380//2380 2381//2381 2383//2383
f 2382//2382 2383//2383 2381//2381
f 2750//2750 2751//2751 2382//2382
f 4269//4269 2750//2750 4270//4270
f 3573//3573 3561//3561 3570//3570
f 3570//3570 2751//2751 3573//3573
f 2750//2750 3573//3573 2751//2751
f 1002//1002 3570//3570 3561//3561
f 3568//3568 1002//1002 3561//3561
f 977//977 3568//3568 3008//3008
f 977//977 3008//3008 3004//3004
f 973//973 977//977 3004//3004
f 2755//2755 3004//3004 3008//3008
f 3008//3008 3569//3569 2755//2755
f 3569//3569 3937//3937 2755//2755
f 2755//2755 3937//3937 3942//3942
f 3948//3948 2755//2755 3942//3942
f 3942//3942 3950//3950 3948//3948
f 3948//3948 3950//3950 403//403
f 3948//3948 403//403 2406//2406
f 77//77 1205//1205 2406//2406
f 2757//2757 2406//2406 1205//1205
f 2757//2757 2755//2755 2406//2406
f 3004//3004 2755//2755 2757//2757
f 1076//1076 1077//1077 1205//1205
f 51//51 1076//1076 1205//1205
f 1077//1077 2757//2757 1205//1205
f 51//51 1205//1205 77//77
f 1373//1373 182//182 1380//1380
f 182//182 77//77 1380//1380
f 51//51 77//77 182//182
f 1448//1448 1380//1380 1398//1398
f 1460//1460 1448//1448 1398//1398
f 1460//1460 1398//1398 1465//1465
f 1466//1466 1460//1460 1465//1465
f 1468//1468 3275//3275 1562//1562
f 1456//1456 1468//1468 1562//1562
f 1456//1456 1562//1562 1561//1561
f 1431//1431 1448//1448 1456//1456
f 1443//1443 1431//1431 1427//1427
f 1427//1427 1431//1431 1560//1560
f 1555//1555 1427//1427 1560//1560
f 495//495 1560//1560 1561//1561
f 495//495 493//493 1556//1556
f 1556//1556 1560//1560 495//495
f 480//480 1555//1555 1739//1739
f 1556//1556 1739//1739 1555//1555
f 1556//1556 494//494 1739//1739
f 494//494 1556//1556 493//493
f 501//501 1555//1555 480//480
f 1555//1555 501//501 1427//1427
f 493//493 491//491 494//494
f 1622//1622 493//493 495//495
f 1561//1561 1622//1622 495//495
f 1622//1622 1561//1561 1562//1562
f 496//496 493//493 1622//1622
f 496//496 491//491 493//493
f 491//491 496//496 1593//1593
f 1456//1456 1560//1560 1431//1431
f 1555//1555 1560//1560 1556//1556
f 1443//1443 1448//1448 1431//1431
f 1443//1443 1373//1373 1448//1448
f 1560//1560 1456//1456 1561//1561
f 1468//1468 1456//1456 1460//1460
f 1562//1562 3275//3275 1622//1622
f 662//662 1622//1622 3275//3275
f 662//662 3275//3275 3276//3276
f 3295//3295 662//662 3276//3276
f 3295//3295 3276//3276 3293//3293
f 666//666 3295//3295 3293//3293
f 665//665 666//666 3293//3293
f 665//665 3293//3293 1478//1478
f 1478//1478 3227//3227 665//665
f 665//665 3227//3227 646//646
f 646//646 3227//3227 668//668
f 668//668 3227//3227 648//648
f 649//649 648//648 3248//3248
f 650//650 649//649 1409//1409
f 1409//1409 329//329 650//650
f 329//329 1426//1426 650//650
f 649//649 650//650 671//671
f 715//715 671//671 650//650
f 650//650 1426//1426 715//715
f 719//719 715//715 1426//1426
f 719//719 1426//1426 541//541
f 719//719 541//541 1447//1447
f 741//741 719//719 1447//1447
f 739//739 746//746 744//744
f 739//739 744//744 743//743
f 764//764 743//743 749//749
f 1492//1492 1490//1490 764//764
f 1490//1490 788//788 764//764
f 764//764 788//788 762//762
f 764//764 762//762 743//743
f 762//762 761//761 743//743
f 761//761 760//760 733//733
f 761//761 733//733 734//734
f 734//734 739//739 761//761
f 740//740 739//739 734//734
f 734//734 736//736 740//740
f 702//702 740//740 736//736
f 701//701 702//702 688//688
f 688//688 690//690 701//701
f 690//690 708//708 701//701
f 711//711 716//716 741//741
f 740//740 711//711 741//741
f 708//708 711//711 740//740
f 702//702 708//708 740//740
f 716//716 719//719 741//741
f 719//719 716//716 715//715
f 713//713 671//671 715//715
f 697//697 709//709 708//708
f 709//709 697//697 714//714
f 711//711 709//709 716//716
f 711//711 708//708 709//709
f 685//685 683//683 690//690
f 690//690 683//683 684//684
f 683//683 1839//1839 684//684
f 1839//1839 1834//1834 1722//1722
f 1722//1722 1834//1834 1714//1714
f 1714//1714 1606//1606 1722//1722
f 1714//1714 1583//1583 1606//1606
f 1606//1606 1583//1583 1584//1584
f 1583//1583 1580//1580 1584//1584
f 1583//1583 1567//1567 1580//1580
f 1567//1567 1565//1565 1580//1580
f 1710//1710 1707//1707 1570//1570
f 1567//1567 1570//1570 1707//1707
f 1567//1567 1707//1707 590//590
f 1707//1707 1787//1787 1699//1699
f 1699//1699 1787//1787 1776//1776
f 1772//1772 1776//1776 1891//1891
f 1891//1891 1886//1886 1772//1772
f 2063//2063 2038//2038 1901//1901
f 2063//2063 1901//1901 1912//1912
f 1930//1930 1912//1912 1948//1948
f 726//726 730//730 756//756
f 1948//1948 726//726 756//756
f 756//756 755//755 1948//1948
f 755//755 753//753 1948//1948
f 759//759 776//776 755//755
f 2077//2077 755//755 776//776
f 2077//2077 776//776 775//775
f 775//775 2122//2122 2077//2077
f 2122//2122 2060//2060 2077//2077
f 2077//2077 2060//2060 753//753
f 755//755 2077//2077 753//753
f 2060//2060 2050//2050 753//753
f 2050//2050 1930//1930 753//753
f 2050//2050 2063//2063 1912//1912
f 2045//2045 2063//2063 2050//2050
f 2045//2045 2028//2028 2063//2063
f 2045//2045 2101//2101 2028//2028
f 2094//2094 1997//1997 1889//1889
f 2094//2094 1889//1889 2010//2010
f 2027//2027 2031//2031 2010//2010
f 2010//2010 2020//2020 2027//2027
f 2027//2027 2028//2028 2031//2031
f 2020//2020 1784//1784 2027//2027
f 2010//2010 1896//1896 2020//2020
f 1896//1896 1784//1784 2020//2020
f 1889//1889 1896//1896 2010//2010
f 1896//1896 1889//1889 1886//1886
f 832//832 2276//2276 2306//2306
f 832//832 834//834 833//833
f 833//833 834//834 837//837
f 841//841 837//837 840//840
f 1524//1524 840//840 805//805
f 805//805 1526//1526 1524//1524
f 807//807 1525//1525 1526//1526
f 802//802 807//807 1526//1526
f 807//807 802//802 808//808
f 807//807 808//808 1527//1527
f 807//807 1527//1527 1525//1525
f 813//813 1529//1529 1527//1527
f 1527//1527 1529//1529 1530//1530
f 1531//1531 1529//1529 813//813
f 813//813 818//818 1531//1531
f 818//818 1509//1509 1531//1531
f 1531//1531 1509//1509 1953//1953
f 1543//1543 1529//1529 1531//1531
f 1543//1543 1531//1531 1544//1544
f 1531//1531 1953//1953 1544//1544
f 1544//1544 1953//1953 1545//1545
f 1545//1545 1953//1953 1965//1965
f 1966//1966 1545//1545 1965//1965
f 1966//1966 1965//1965 1955//1955
f 1969//1969 1967//1967 1954//1954
f 2506//2506 1967//1967 1969//1969
f 2509//2509 2506//2506 1969//1969
f 1969//1969 1961//1961 2509//2509
f 2509//2509 2511//2511 2510//2510
f 2524//2524 2509//2509 2510//2510
f 2522//2522 2506//2506 2524//2524
f 2506//2506 2509//2509 2524//2524
f 2509//2509 2512//2512 2511//2511
f 2510//2510 2511//2511 2512//2512
f 1971//1971 2512//2512 1973//1973
f 1972//1972 1973//1973 2495//2495
f 2495//2495 2480//2480 2484//2484
f 2480//2480 2482//2482 2484//2484
f 2482//2482 381//381 2498//2498
f 2482//2482 289//289 381//381
f 289//289 300//300 381//381
f 381//381 300//300 302//302
f 384//384 381//381 302//302
f 302//302 4645//4645 384//384
f 4645//4645 302//302 4647//4647
f 4659//4659 306//306 304//304
f 306//306 2243//2243 304//304
f 2243//2243 3909//3909 304//304
f 3909//3909 3910//3910 304//304
f 3905//3905 4657//4657 3910//3910
f 4657//4657 4659//4659 3910//3910
f 3930//3930 3905//3905 3906//3906
f 3930//3930 3906//3906 3903//3903
f 3903//3903 3929//3929 3930//3930
f 3931//3931 3929//3929 3946//3946
f 3929//3929 3926//3926 3946//3946
f 3946//3946 3926//3926 3947//3947
f 3926//3926 3932//3932 3947//3947
f 4185//4185 3949//3949 3958//3958
f 4167//4167 3945//3945 4185//4185
f 4185//4185 3945//3945 3947//3947
f 3947//3947 3949//3949 4185//4185
f 3958//3958 3951//3951 3966//3966
f 3951//3951 3960//3960 3966//3966
f 3960//3960 4148//4148 3961//3961
f 4147//4147 3960//3960 4153//4153
f 2799//2799 4147//4147 4153//4153
f 4132//4132 4129//4129 4411//4411
f 4411//4411 4129//4129 4397//4397
f 4411//4411 4397//4397 4398//4398
f 4411//4411 4398//4398 3925//3925
f 4145//4145 4144//4144 4139//4139
f 4138//4138 4145//4145 4139//4139
f 4150//4150 4138//4138 4774//4774
f 5371//5371 5365//5365 5370//5370
f 5371//5371 5370//5370 4772//4772
f 5371//5371 4772//4772 4569//4569
f 4569//4569 4772//4772 4571//4571
f 4772//4772 4770//4770 4571//4571
f 4770//4770 4418//4418 4571//4571
f 4418//4418 4415//4415 5075//5075
f 3943//3943 5075//5075 4221//4221
f 4221//4221 3940//3940 3943//3943
f 3943//3943 3940//3940 4689//4689
f 4187//4187 4212//4212 3940//3940
f 4187//4187 3940//3940 3657//3657
f 2786//2786 2787//2787 3646//3646
f 3646//3646 2784//2784 2786//2786
f 3646//3646 3082//3082 2784//2784
f 3646//3646 4576//4576 3082//3082
f 2787//2787 3890//3890 3646//3646
f 3646//3646 3890//3890 4542//4542
f 4576//4576 3646//3646 4542//4542
f 3082//3082 4576//4576 4389//4389
f 3080//3080 3639//3639 4542//4542
f 2463//2463 3888//3888 4119//4119
f 2463//2463 3863//3863 3888//3888
f 4555//4555 3080//3080 3863//3863
f 4555//4555 3639//3639 3080//3080
f 3640//3640 4526//4526 3639//3639
f 3640//3640 4509//4509 4526//4526
f 4110//4110 1408//1408 2424//2424
f 2424//2424 1408//1408 1870//1870
f 1408//1408 1406//1406 1870//1870
f 4109//4109 4110//4110 4385//4385
f 4555//4555 4519//4519 3640//3640
f 3640//3640 4519//4519 4385//4385
f 3063//3063 1399//1399 4109//4109
f 1408//1408 4109//4109 1399//1399
f 3616//3616 3979//3979 4383//4383
f 3979//3979 3616//3616 4359//4359
f 3615//3615 3616//3616 3919//3919
f 3619//3619 3617//3617 3919//3919
f 3617//3617 4366//4366 3919//3919
f 3992//3992 3617//3617 3980//3980
f 4537//4537 3066//3066 3980//3980
f 3865//3865 3866//3866 4537//4537
f 4537//4537 3866//3866 4386//4386
f 3068//3068 3066//3066 4386//4386
f 3971//3971 3617//3617 3992//3992
f 3617//3617 3971//3971 5622//5622
f 5622//5622 4366//4366 3617//3617
f 4363//4363 3605//3605 4074//4074
f 3615//3615 4363//4363 4074//4074
f 3616//3616 3615//3615 4074//4074
f 4074//4074 4359//4359 3616//3616
f 5618//5618 3621//3621 4359//4359
f 4358//4358 3622//3622 5618//5618
f 1833//1833 3622//3622 4270//4270
f 4270//4270 3622//3622 4269//4269
f 4357//4357 4269//4269 3622//3622
f 4357//4357 3622//3622 4358//4358
f 4073//4073 3606//3606 4290//4290
f 3606//3606 3595//3595 4290//4290
f 3595//3595 4357//4357 4358//4358
f 3587//3587 3582//3582 3573//3573
f 3582//3582 3571//3571 3561//3561
f 3571//3571 3565//3565 3561//3561
f 3568//3568 3561//3561 3565//3565
f 3565//3565 3569//3569 3568//3568
f 3937//3937 3565//3565 3566//3566
f 3937//3937 3566//3566 3562//3562
f 3594//3594 3562//3562 3563//3563
f 389//389 404//404 3594//3594
f 404//404 3950//3950 3594//3594
f 3942//3942 3594//3594 3950//3950
f 404//404 403//403 3950//3950
f 403//403 404//404 405//405
f 402//402 403//403 405//405
f 402//402 405//405 418//418
f 199//199 402//402 418//418
f 199//199 418//418 3141//3141
f 199//199 3141//3141 1465//1465
f 199//199 1465//1465 1398//1398
f 3293//3293 1465//1465 3142//3142
f 1478//1478 3293//3293 3142//3142
f 1478//1478 3142//3142 3147//3147
f 1478//1478 3147//3147 3227//3227
f 407//407 3157//3157 3147//3147
f 3227//3227 3157//3157 648//648
f 3164//3164 648//648 3157//3157
f 3164//3164 3169//3169 3248//3248
f 648//648 3164//3164 3248//3248
f 1409//1409 3248//3248 3170//3170
f 329//329 1409//1409 3170//3170
f 3170//3170 456//456 329//329
f 3177//3177 336//336 456//456
f 329//329 511//511 1426//1426
f 541//541 512//512 1451//1451
f 1447//1447 541//541 1451//1451
f 1447//1447 1451//1451 746//746
f 746//746 1451//1451 748//748
f 744//744 746//746 748//748
f 744//744 748//748 743//743
f 765//765 749//749 766//766
f 89//89 1492//1492 765//765
f 89//89 765//765 90//90
f 1504//1504 89//89 90//90
f 90//90 93//93 1504//1504
f 1504//1504 93//93 92//92
f 1505//1505 1504//1504 819//819
f 89//89 1505//1505 1492//1492
f 1505//1505 1490//1490 1492//1492
f 821//821 791//791 1490//1490
f 791//791 788//788 1490//1490
f 790//790 788//788 791//791
f 787//787 790//790 791//791
f 812//812 787//787 791//791
f 811//811 787//787 812//812
f 811//811 812//812 808//808
f 808//808 812//812 809//809
f 809//809 812//812 821//821
f 821//821 815//815 814//814
f 815//815 817//817 814//814
f 814//814 817//817 813//813
f 815//815 819//819 817//817
f 817//817 819//819 820//820
f 817//817 820//820 818//818
f 1953//1953 1509//1509 1965//1965
f 1509//1509 1512//1512 1955//1955
f 1509//1509 1508//1508 1512//1512
f 1508//1508 1510//1510 1512//1512
f 1954//1954 1512//1512 1510//1510
f 1510//1510 1957//1957 1954//1954
f 1957//1957 143//143 152//152
f 1957//1957 152//152 163//163
f 152//152 159//159 163//163
f 163//163 1954//1954 1957//1957
f 1969//1969 163//163 1958//1958
f 1969//1969 1958//1958 1961//1961
f 1960//1960 1961//1961 1958//1958
f 1958//1958 1959//1959 1960//1960
f 1959//1959 1962//1962 1960//1960
f 1960//1960 1962//1962 1973//1973
f 1961//1961 1960//1960 1973//1973
f 1963//1963 2221//2221 2224//2224
f 283//283 2224//2224 2221//2221
f 289//289 283//283 281//281
f 289//289 281//281 293//293
f 300//300 289//289 293//293
f 293//293 301//301 300//300
f 300//300 301//301 302//302
f 302//302 301//301 306//306
f 301//301 293//293 2227//2227
f 2227//2227 2185//2185 301//301
f 301//301 2185//2185 306//306
f 2227//2227 2169//2169 2185//2185
f 2185//2185 2169//2169 2184//2184
f 2243//2243 2185//2185 2184//2184
f 2184//2184 2183//2183 2243//2243
f 2183//2183 3909//3909 2243//2243
f 3908//3908 3909//3909 2183//2183
f 1935//1935 3908//3908 2183//2183
f 2184//2184 1935//1935 2183//2183
f 1935//1935 2184//2184 1936//1936
f 1935//1935 1936//1936 1915//1915
f 1915//1915 3895//3895 1935//1935
f 1935//1935 3895//3895 3893//3893
f 3907//3907 3893//3893 3894//3894
f 3907//3907 3904//3904 3906//3906
f 3904//3904 3907//3907 3900//3900
f 3916//3916 3904//3904 3900//3900
f 3927//3927 3903//3903 3916//3916
f 3927//3927 3916//3916 3915//3915
f 3914//3914 3927//3927 3915//3915
f 3914//3914 3915//3915 3921//3921
f 3932//3932 3914//3914 3921//3921
f 3932//3932 3926//3926 3914//3914
f 3914//3914 3926//3926 3927//3927
f 3934//3934 3938//3938 3949//3949
f 3958//3958 3938//3938 3951//3951
f 4153//4153 3960//3960 3936//3936
f 4153//4153 3936//3936 2798//2798
f 4153//4153 2798//2798 4163//4163
f 2799//2799 4153//4153 4163//4163
f 4130//4130 4128//4128 4163//4163
f 4163//4163 4128//4128 4401//4401
f 4400//4400 4401//4401 4128//4128
f 4400//4400 4128//4128 4556//4556
f 4402//4402 4400//4400 4132//4132
f 4132//4132 4400//4400 4129//4129
f 4554//4554 4552//4552 4397//4397
f 4398//4398 4396//4396 3925//3925
f 4138//4138 4139//4139 5364//5364
f 5364//5364 4139//4139 4135//4135
f 4767//4767 5364//5364 4135//4135
f 4769//4769 5370//5370 5365//5365
f 5365//5365 4767//4767 4769//4769
f 4768//4768 4415//4415 4770//4770
f 4562//4562 4560//4560 4415//4415
f 4560//4560 4221//4221 4415//4415
f 4560//4560 4563//4563 4221//4221
f 4221//4221 4563//4563 3940//3940
f 4563//4563 3653//3653 3657//3657
f 4561//4561 3653//3653 4563//4563
f 3649//3649 3653//3653 3647//3647
f 3649//3649 3647//3647 2787//2787
f 3647//3647 3890//3890 2787//2787
f 3080//3080 4542//4542 3890//3890
f 3890//3890 3888//3888 3080//3080
f 4119//4119 3888//3888 3647//3647
f 5068//5068 4119//4119 3654//3654
f 3654//3654 5070//5070 5068//5068
f 5072//5072 4126//4126 5070//5070
f 4131//4131 3923//3923 3924//3924
f 4136//4136 4131//4131 3924//3924
f 4767//4767 4136//4136 3924//3924
f 4767//4767 4768//4768 4769//4769
f 4561//4561 4560//4560 4562//4562
f 4562//4562 3654//3654 4561//4561
f 4765//4765 3924//3924 5072//5072
f 3647//3647 3653//3653 4119//4119
f 3653//3653 3654//3654 4119//4119
f 3654//3654 3653//3653 4561//4561
f 5072//5072 4562//4562 4765//4765
f 5072//5072 5070//5070 4562//4562
f 4562//4562 5070//5070 3654//3654
f 4765//4765 4768//4768 3924//3924
f 4767//4767 3924//3924 4768//4768
f 4135//4135 4136//4136 4767//4767
f 4136//4136 3925//3925 4131//4131
f 4123//4123 5068//5068 4126//4126
f 4126//4126 5068//5068 5070//5070
f 4123//4123 4119//4119 5068//5068
f 4072//4072 3865//3865 2463//2463
f 4390//4390 3866//3866 4072//4072
f 4124//4124 4390//4390 4072//4072
f 4390//4390 4545//4545 4386//4386
f 3866//3866 4390//4390 4386//4386
f 2772//2772 3632//3632 4386//4386
f 2772//2772 3635//3635 3632//3632
f 2772//2772 4545//4545 2775//2775
f 2775//2775 4034//4034 2772//2772
f 4013//4013 4034//4034 3633//3633
f 3620//3620 3068//3068 3631//3631
f 3631//3631 5624//5624 3620//3620
f 3992//3992 4422//4422 3971//3971
f 3971//3971 4422//4422 5622//5622
f 4366//4366 5622//5622 4362//4362
f 4360//4360 4363//4363 4366//4366
f 4366//4366 4362//4362 4360//4360
f 4363//4363 4360//4360 3608//3608
f 4074//4074 3605//3605 5618//5618
f 3605//3605 4290//4290 5618//5618
f 3608//3608 4073//4073 3605//3605
f 4371//4371 3641//3641 3609//3609
f 4371//4371 4352//4352 3698//3698
f 3698//3698 4352//4352 4354//4354
f 4354//4354 3699//3699 3698//3698
f 3698//3698 3699//3699 4324//4324
f 4324//4324 3641//3641 3698//3698
f 3702//3702 3628//3628 4324//4324
f 3606//3606 4324//4324 3628//3628
f 3606//3606 4073//4073 3641//3641
f 3608//3608 3641//3641 4073//4073
f 3599//3599 3606//3606 3628//3628
f 3599//3599 3628//3628 3588//3588
f 3599//3599 3588//3588 3589//3589
f 3596//3596 3599//3599 3589//3589
f 3596//3596 3595//3595 3599//3599
f 3595//3595 3606//3606 3599//3599
f 3585//3585 3584//3584 3588//3588
f 3590//3590 3585//3585 3588//3588
f 3585//3585 3590//3590 3586//3586
f 3585//3585 3586//3586 3583//3583
f 3583//3583 3586//3586 3581//3581
f 3583//3583 3582//3582 3584//3584
f 3584//3584 3582//3582 3587//3587
f 3588//3588 3584//3584 3587//3587
f 3577//3577 3582//3582 3583//3583
f 3581//3581 3577//3577 3583//3583
f 3577//3577 3581//3581 3567//3567
f 3577//3577 3567//3567 3566//3566
f 3565//3565 3577//3577 3566//3566
f 3564//3564 3562//3562 3566//3566
f 3562//3562 3564//3564 3575//3575
f 3562//3562 3575//3575 3563//3563
f 409//409 3575//3575 3598//3598
f 410//410 409//409 3598//3598
f 3601//3601 3658//3658 3600//3600
f 3601//3601 3576//3576 3581//3581
f 3601//3601 3581//3581 3586//3586
f 3601//3601 3586//3586 3603//3603
f 4300//4300 3603//3603 4303//4303
f 4300//4300 4303//4303 3703//3703
f 3703//3703 3856//3856 3672//3672
f 3658//3658 3672//3672 3663//3663
f 3648//3648 3658//3658 3663//3663
f 3662//3662 3648//3648 3663//3663
f 3662//3662 3663//3663 3828//3828
f 3662//3662 3828//3828 3928//3928
f 3928//3928 3802//3802 3662//3662
f 1393//1393 3928//3928 3941//3941
f 3928//3928 1393//1393 3195//3195
f 3928//3928 3195//3195 3802//3802
f 3195//3195 3798//3798 3802//3802
f 3802//3802 3798//3798 3662//3662
f 3798//3798 3796//3796 3648//3648
f 3796//3796 412//412 3613//3613
f 412//412 411//411 3613//3613
f 410//410 3598//3598 3613//3613
f 410//410 3613//3613 411//411
f 410//410 411//411 3169//3169
f 410//410 3169//3169 3164//3164
f 407//407 3164//3164 3157//3157
f 3147//3147 419//419 407//407
f 407//407 419//419 389//389
f 407//407 389//389 390//390
f 390//390 3164//3164 407//407
f 410//410 390//390 409//409
f 390//390 389//389 409//409
f 3575//3575 409//409 3563//3563
f 409//409 389//389 3563//3563
f 419//419 405//405 389//389
f 418//418 405//405 419//419
f 3141//3141 3147//3147 3142//3142
f 3141//3141 419//419 3147//3147
f 390//390 410//410 3164//3164
f 3248//3248 3169//3169 3170//3170
f 336//336 3177//3177 3195//3195
f 3798//3798 3177//3177 3181//3181
f 3181//3181 412//412 3798//3798
f 411//411 412//412 3181//3181
f 3181//3181 3169//3169 411//411
f 3169//3169 3181//3181 3170//3170
f 3181//3181 3177//3177 3170//3170
f 3613//3613 3600//3600 3796//3796
f 3796//3796 3600//3600 3648//3648
f 3798//3798 412//412 3796//3796
f 3798//3798 3195//3195 3177//3177
f 457//457 456//456 336//336
f 1418//1418 1402//1402 3996//3996
f 1419//1419 4094//4094 4095//4095
f 4095//4095 4078//4078 1419//1419
f 1419//1419 4078//4078 4096//4096
f 1422//1422 1419//1419 4096//4096
f 4096//4096 1423//1423 1422//1422
f 1422//1422 1423//1423 1421//1421
f 1422//1422 1421//1421 1419//1419
f 1421//1421 651//651 1419//1419
f 1419//1419 651//651 4094//4094
f 1421//1421 652//652 651//651
f 672//672 652//652 1421//1421
f 1430//1430 1438//1438 1429//1429
f 1438//1438 1430//1430 1434//1434
f 1438//1438 1439//1439 1458//1458
f 1439//1439 1473//1473 1458//1458
f 1429//1429 1458//1458 1454//1454
f 1463//1463 1469//1469 122//122
f 117//117 1463//1463 122//122
f 117//117 122//122 128//128
f 159//159 117//117 128//128
f 128//128 1515//1515 163//163
f 163//163 159//159 128//128
f 163//163 1515//1515 1958//1958
f 1520//1520 1517//1517 1516//1516
f 1520//1520 1516//1516 1962//1962
f 1516//1516 2221//2221 1963//1963
f 1516//1516 2153//2153 2221//2221
f 283//283 2153//2153 281//281
f 281//281 2153//2153 2167//2167
f 281//281 2167//2167 2227//2227
f 2169//2169 2167//2167 1932//1932
f 1928//1928 1932//1932 2167//2167
f 1929//1929 1928//1928 2167//2167
f 1929//1929 2167//2167 2153//2153
f 1927//1927 1928//1928 1929//1929
f 1910//1910 1929//1929 2149//2149
f 1517//1517 1519//1519 1489//1489
f 1489//1489 1910//1910 1517//1517
f 1910//1910 1479//1479 1908//1908
f 1481//1481 1908//1908 1479//1479
f 1481//1481 1479//1479 1489//1489
f 1519//1519 1481//1481 1489//1489
f 1487//1487 1519//1519 1520//1520
f 1487//1487 1520//1520 1959//1959
f 1959//1959 1514//1514 1487//1487
f 1514//1514 1494//1494 1487//1487
f 1487//1487 1494//1494 1470//1470
f 1470//1470 1481//1481 1519//1519
f 1887//1887 1902//1902 1908//1908
f 1905//1905 1908//1908 1903//1903
f 1905//1905 1903//1903 1904//1904
f 1911//1911 1905//1905 1904//1904
f 1911//1911 1904//1904 1906//1906
f 1914//1914 1911//1911 1906//1906
f 1914//1914 1906//1906 1913//1913
f 1932//1932 1933//1933 1936//1936
f 1932//1932 1936//1936 2169//2169
f 2184//2184 2169//2169 1936//1936
f 1933//1933 1916//1916 1915//1915
f 1915//1915 4567//4567 3895//3895
f 4564//4564 3895//3895 4567//4567
f 3894//3894 3892//3892 3879//3879
f 3894//3894 3879//3879 3891//3891
f 3900//3900 3894//3894 3891//3891
f 3897//3897 3891//3891 3879//3879
f 3897//3897 3898//3898 3899//3899
f 3899//3899 3900//3900 3897//3897
f 3898//3898 3902//3902 3899//3899
f 3899//3899 3902//3902 3920//3920
f 3899//3899 3920//3920 3915//3915
f 3915//3915 3920//3920 3921//3921
f 3921//3921 3922//3922 3934//3934
f 3921//3921 3918//3918 3922//3922
f 3922//3922 3918//3918 4127//4127
f 3938//3938 3922//3922 4127//4127
f 3938//3938 4127//4127 3936//3936
f 4163//4163 2798//2798 3939//3939
f 4130//4130 3939//3939 4628//4628
f 4121//4121 4128//4128 4130//4130
f 4128//4128 4121//4121 4556//4556
f 4556//4556 4121//4121 4548//4548
f 4400//4400 4548//4548 4558//4558
f 4400//4400 4558//4558 4129//4129
f 4558//4558 4549//4549 4550//4550
f 4552//4552 4554//4554 4550//4550
f 4396//4396 4760//4760 5066//5066
f 4126//4126 4125//4125 4393//4393
f 4126//4126 4393//4393 4124//4124
f 4125//4125 5066//5066 4393//4393
f 4396//4396 5066//5066 4125//4125
f 4131//4131 4396//4396 4125//4125
f 4124//4124 4072//4072 4123//4123
f 4124//4124 4393//4393 4120//4120
f 4120//4120 4545//4545 4390//4390
f 4120//4120 2775//2775 4545//4545
f 4544//4544 2775//2775 4120//4120
f 4120//4120 5066//5066 4544//4544
f 5066//5066 4120//4120 4393//4393
f 5066//5066 4760//4760 4544//4544
f 4544//4544 4760//4760 5064//5064
f 2775//2775 4544//4544 5064//5064
f 3637//3637 4034//4034 2775//2775
f 2459//2459 3637//3637 2775//2775
f 2458//2458 3637//3637 2459//2459
f 2458//2458 2457//2457 3072//3072
f 3072//3072 3637//3637 2458//2458
f 3637//3637 3638//3638 3636//3636
f 3637//3637 3636//3636 3633//3633
f 3637//3637 3633//3633 4034//4034
f 4013//4013 3633//3633 4012//4012
f 3624//3624 4001//4001 4013//4013
f 4013//4013 4001//4001 3631//3631
f 4422//4422 5624//5624 4424//4424
f 3060//3060 3055//3055 4362//4362
f 3055//3055 3609//3609 4360//4360
f 3060//3060 4375//4375 3055//3055
f 4375//4375 4371//4371 3055//3055
f 4375//4375 4352//4352 4371//4371
f 4381//4381 4354//4354 4352//4352
f 4381//4381 4352//4352 4370//4370
f 4384//4384 4381//4381 4370//4370
f 4372//4372 4084//4084 4370//4370
f 4370//4370 4084//4084 4081//4081
f 4370//4370 4081//4081 4384//4384
f 3912//3912 3852//3852 4384//4384
f 3912//3912 4384//4384 4081//4081
f 4084//4084 4083//4083 4081//4081
f 4099//4099 5629//5629 4488//4488
f 4101//4101 4099//4099 4488//4488
f 4484//4484 4101//4101 4488//4488
f 4484//4484 4488//4488 4489//4489
f 4484//4484 4489//4489 4490//4490
f 4484//4484 4490//4490 4485//4485
f 4098//4098 4485//4485 4490//4490
f 4490//4490 4483//4483 4098//4098
f 4098//4098 5626//5626 4082//4082
f 4098//4098 4082//4082 4485//4485
f 4082//4082 4101//4101 4485//4485
f 4082//4082 4099//4099 4101//4101
f 3853//3853 3845//3845 3852//3852
f 3852//3852 3845//3845 3840//3840
f 3696//3696 3852//3852 3840//3840
f 3696//3696 3840//3840 3692//3692
f 4354//4354 4384//4384 3889//3889
f 4354//4354 3708//3708 3699//3699
f 3708//3708 3709//3709 3699//3699
f 3709//3709 3702//3702 3699//3699
f 3709//3709 3703//3703 3702//3702
f 3703//3703 4310//4310 3702//3702
f 3628//3628 3702//3702 4310//4310
f 4310//4310 3604//3604 3628//3628
f 3604//3604 3588//3588 3628//3628
f 3604//3604 3590//3590 3588//3588
f 3603//3603 3590//3590 3604//3604
f 4303//4303 3604//3604 4310//4310
f 4303//4303 4310//4310 3703//3703
f 3856//3856 3677//3677 3675//3675
f 3672//3672 3856//3856 3675//3675
f 3675//3675 3663//3663 3672//3672
f 3834//3834 3828//3828 3692//3692
f 3834//3834 3840//3840 3841//3841
f 3828//3828 3834//3834 3841//3841
f 3928//3928 3828//3828 3841//3841
f 3941//3941 3928//3928 3841//3841
f 3941//3941 3841//3841 1401//1401
f 1402//1402 1401//1401 3996//3996
f 457//457 3941//3941 1401//1401
f 1402//1402 457//457 1401//1401
f 3996//3996 1401//1401 3959//3959
f 3996//3996 3959//3959 1418//1418
f 1418//1418 3959//3959 3962//3962
f 1418//1418 3962//3962 4094//4094
f 4094//4094 3962//3962 4095//4095
f 4095//4095 3962//3962 4078//4078
f 4078//4078 3962//3962 3845//3845
f 4078//4078 3845//3845 3853//3853
f 3853//3853 4080//4080 4078//4078
f 4078//4078 4080//4080 4097//4097
f 4462//4462 4096//4096 4097//4097
f 1423//1423 4096//4096 4462//4462
f 4462//4462 4097//4097 4098//4098
f 4098//4098 4479//4479 4462//4462
f 4462//4462 4479//4479 1423//1423
f 1437//1437 1434//1434 1423//1423
f 1435//1435 1434//1434 1437//1437
f 1436//1436 1435//1435 1437//1437
f 1436//1436 1437//1437 4465//4465
f 1874//1874 1435//1435 1436//1436
f 1875//1875 1435//1435 1874//1874
f 1877//1877 1875//1875 1874//1874
f 1890//1890 1877//1877 1894//1894
f 1904//1904 1890//1890 1894//1894
f 1892//1892 1904//1904 1894//1894
f 1906//1906 1892//1892 1897//1897
f 1907//1907 1906//1906 1897//1897
f 1933//1933 1907//1907 1916//1916
f 1913//1913 1907//1907 1933//1933
f 1907//1907 4530//4530 1916//1916
f 4567//4567 1916//1916 4530//4530
f 4567//4567 4530//4530 4565//4565
f 4564//4564 4567//4567 4565//4565
f 4564//4564 4565//4565 3882//3882
f 3892//3892 3882//3882 3879//3879
f 3882//3882 3880//3880 3879//3879
f 3876//3876 3885//3885 3880//3880
f 3885//3885 3886//3886 3898//3898
f 3898//3898 3897//3897 3885//3885
f 3886//3886 3869//3869 3898//3898
f 3869//3869 3902//3902 3898//3898
f 3868//3868 3902//3902 3869//3869
f 3868//3868 3869//3869 3867//3867
f 4134//4134 4075//4075 4140//4140
f 4134//4134 4140//4140 3917//3917
f 3917//3917 3920//3920 4134//4134
f 3920//3920 3902//3902 4134//4134
f 4134//4134 3902//3902 3868//3868
f 3917//3917 3918//3918 3920//3920
f 3918//3918 3086//3086 4127//4127
f 4628//4628 4127//4127 3086//3086
f 4628//4628 4091//4091 4130//4130
f 4091//4091 4121//4121 4130//4130
f 4761//4761 4550//4550 4549//4549
f 4550//4550 4761//4761 4760//4760
f 4550//4550 4760//4760 4552//4552
f 5065//5065 4760//4760 4761//4761
f 5065//5065 2459//2459 5064//5064
f 2778//2778 2458//2458 2459//2459
f 2778//2778 4622//4622 2460//2460
f 1924//1924 2778//2778 2459//2459
f 4761//4761 1925//1925 5065//5065
f 4548//4548 1925//1925 4761//4761
f 1925//1925 1924//1924 5065//5065
f 4622//4622 1924//1924 1925//1925
f 1924//1924 4622//4622 2778//2778
f 4121//4121 4091//4091 2460//2460
f 4091//4091 4092//4092 2460//2460
f 2460//2460 4092//4092 2457//2457
f 3637//3637 3072//3072 3638//3638
f 4011//4011 4014//4014 4012//4012
f 4012//4012 4014//4014 3624//3624
f 4377//4377 4533//4533 5624//5624
f 4748//4748 5624//5624 4533//4533
f 4417//4417 4424//4424 4529//4529
f 4424//4424 4417//4417 4422//4422
f 4417//4417 4529//4529 3060//3060
f 4529//4529 4372//4372 4375//4375
f 4087//4087 4084//4084 4372//4372
f 4378//4378 4087//4087 4089//4089
f 4533//4533 4089//4089 4748//4748
f 4378//4378 4089//4089 4533//4533
f 4379//4379 3623//3623 4105//4105
f 4088//4088 4379//4379 4105//4105
f 4103//4103 4088//4088 4105//4105
f 4103//4103 4105//4105 4106//4106
f 4106//4106 4099//4099 4103//4103
f 5629//5629 4505//4505 4488//4488
f 4488//4488 4505//4505 4504//4504
f 5639//5639 5641//5641 4500//4500
f 4500//4500 4501//4501 5639//5639
f 4501//4501 4492//4492 4489//4489
f 4483//4483 4492//4492 4495//4495
f 5627//5627 4465//4465 4495//4495
f 4472//4472 4465//4465 5627//5627
f 5632//5632 4472//4472 5627//5627
f 4500//4500 5627//5627 4492//4492
f 5635//5635 5627//5627 4500//4500
f 5640//5640 5635//5635 4500//4500
f 5636//5636 5635//5635 5640//5640
f 4048//4048 5633//5633 5636//5636
f 4048//4048 5634//5634 5633//5633
f 5633//5633 5634//5634 5632//5632
f 5633//5633 5632//5632 5635//5635
f 5632//5632 5627//5627 5635//5635
f 1878//1878 5632//5632 5634//5634
f 1893//1893 1878//1878 5634//5634
f 1892//1892 1878//1878 1893//1893
f 1893//1893 5634//5634 4527//4527
f 4530//4530 1897//1897 4527//4527
f 4530//4530 4527//4527 4528//4528
f 4530//4530 4528//4528 4565//4565
f 4536//4536 3881//3881 4565//4565
f 4536//4536 5636//5636 3877//3877
f 3881//3881 4536//4536 3877//3877
f 3876//3876 3881//3881 3877//3877
f 3878//3878 3885//3885 3876//3876
f 5638//5638 3885//3885 3878//3878
f 3883//3883 3885//3885 5638//5638
f 3883//3883 5637//5637 4541//4541
f 3869//3869 4541//4541 3867//3867
f 3868//3868 3867//3867 3872//3872
f 4075//4075 4079//4079 4090//4090
f 4075//4075 4090//4090 4140//4140
f 4140//4140 4628//4628 3086//3086
f 4140//4140 4090//4090 4628//4628
f 4628//4628 4090//4090 4091//4091
f 4090//4090 4085//4085 4091//4091
f 4092//4092 4091//4091 4085//4085
f 3072//3072 2457//2457 3069//3069
f 3072//3072 3069//3069 3638//3638
f 3636//3636 3638//3638 4030//4030
f 4030//4030 4115//4115 3636//3636
f 3636//3636 4115//4115 4011//4011
f 4115//4115 4009//4009 4011//4011
f 4009//4009 4014//4014 4011//4011
f 4014//4014 3626//3626 3624//3624
f 5630//5630 3623//3623 3626//3626
f 5630//5630 4106//4106 4105//4105
f 4105//4105 3623//3623 5630//5630
f 5631//5631 4108//4108 5629//5629
f 5637//5637 4505//4505 5628//5628
f 5637//5637 5638//5638 4505//4505
f 4113//4113 4114//4114 5637//5637
f 3867//3867 4114//4114 4117//4117
f 3867//3867 4117//4117 3871//3871
f 3867//3867 3871//3871 3872//3872
f 3871//3871 3070//3070 3872//3872
f 4092//4092 3875//3875 2456//2456
f 2456//2456 3070//3070 3069//3069
f 2456//2456 3069//3069 2457//2457
f 3069//3069 3862//3862 3638//3638
f 3862//3862 3070//3070 3860//3860
f 3860//3860 4117//4117 4030//4030
f 3638//3638 3862//3862 4030//4030
f 4116//4116 4030//4030 4117//4117
f 4113//4113 4116//4116 4117//4117
f 4114//4114 4113//4113 4117//4117
f 4009//4009 4115//4115 4116//4116
f 5628//5628 4108//4108 4113//4113
f 5628//5628 5629//5629 4108//4108
f 4108//4108 4116//4116 4113//4113
f 4009//4009 4108//4108 4007//4007
f 4009//4009 4007//4007 4014//4014
f 3626//3626 4007//4007 5630//5630
f 4108//4108 5631//5631 4007//4007
f 4108//4108 4009//4009 4116//4116
f 4116//4116 4115//4115 4030//4030
f 4030//4030 3862//3862 3860//3860
f 3070//3070 3871//3871 3860//3860
f 3862//3862 3069//3069 3070//3070
f 3875//3875 3070//3070 2456//2456
f 3872//3872 3070//3070 3875//3875
f 4117//4117 3860//3860 3871//3871
f 4541//4541 4114//4114 3867//3867
f 4541//4541 5637//5637 4114//4114
f 4504//4504 4505//4505 5638//5638
f 4113//4113 5637//5637 5628//5628
f 4505//4505 5629//5629 5628//5628
f 4106//4106 4007//4007 5631//5631
f 4007//4007 4106//4106 5630//5630
f 3626//3626 4014//4014 4007//4007
f 2457//2457 4092//4092 2456//2456
f 4085//4085 3875//3875 4092//4092
f 4079//4079 3875//3875 4085//4085
f 3917//3917 4140//4140 3918//3918
f 4075//4075 3868//3868 4079//4079
f 4079//4079 4085//4085 4090//4090
f 4079//4079 3872//3872 3875//3875
f 4079//4079 3868//3868 3872//3872
f 4541//4541 3886//3886 3883//3883
f 3886//3886 3885//3885 3883//3883
f 5637//5637 3883//3883 5638//5638
f 5639//5639 5638//5638 3878//3878
f 3878//3878 5641//5641 5639//5639
f 3877//3877 5641//5641 3878//3878
f 5640//5640 5641//5641 3877//3877
f 3876//3876 3877//3877 3878//3878
f 3880//3880 3881//3881 3876//3876
f 3880//3880 3882//3882 3881//3881
f 3882//3882 4565//4565 3881//3881
f 4528//4528 4536//4536 4565//4565
f 4527//4527 4536//4536 4528//4528
f 4527//4527 4048//4048 4536//4536
f 4527//4527 1897//1897 1893//1893
f 1892//1892 1893//1893 1897//1897
f 4527//4527 5634//5634 4048//4048
f 4536//4536 4048//4048 5636//5636
f 5640//5640 3877//3877 5636//5636
f 5633//5633 5635//5635 5636//5636
f 4495//4495 4492//4492 5627//5627
f 1878//1878 4472//4472 5632//5632
f 4472//4472 1878//1878 1877//1877
f 4472//4472 1436//1436 4465//4465
f 1436//1436 4472//4472 1874//1874
f 4465//4465 4479//4479 4495//4495
f 4495//4495 4479//4479 4483//4483
f 4490//4490 4492//4492 4483//4483
f 4500//4500 4492//4492 4501//4501
f 4500//4500 5641//5641 5640//5640
f 4504//4504 5638//5638 5639//5639
f 4501//4501 4504//4504 5639//5639
f 4488//4488 4504//4504 4501//4501
f 4106//4106 5631//5631 5629//5629
f 4086//4086 4088//4088 4103//4103
f 4088//4088 4087//4087 4379//4379
f 4088//4088 4084//4084 4087//4087
f 4084//4084 4088//4088 4083//4083
f 4379//4379 5623//5623 3623//3623
f 5623//5623 4377//4377 3623//3623
f 4377//4377 5623//5623 4533//4533
f 4378//4378 5623//5623 4379//4379
f 4087//4087 4378//4378 4379//4379
f 5623//5623 4378//4378 4533//4533
f 4748//4748 4089//4089 4529//4529
f 4529//4529 4424//4424 4748//4748
f 4089//4089 4087//4087 4529//4529
f 4087//4087 4372//4372 4529//4529
f 4375//4375 4372//4372 4370//4370
f 4001//4001 3623//3623 4377//4377
f 4001//4001 3624//3624 3623//3623
f 3623//3623 3624//3624 3626//3626
f 2457//2457 2458//2458 2460//2460
f 4121//4121 2460//2460 4622//4622
f 2778//2778 2460//2460 2458//2458
f 1924//1924 2459//2459 5065//5065
f 4548//4548 4761//4761 4549//4549
f 1925//1925 4548//4548 4622//4622
f 3086//3086 3918//3918 4140//4140
f 4134//4134 3868//3868 4075//4075
f 4541//4541 3869//3869 3886//3886
f 3897//3897 3880//3880 3885//3885
f 1897//1897 4530//4530 1907//1907
f 1892//1892 1894//1894 1878//1878
f 1890//1890 1904//1904 1903//1903
f 1888//1888 1890//1890 1902//1902
f 1888//1888 1887//1887 1470//1470
f 1440//1440 1888//1888 1470//1470
f 1440//1440 1875//1875 1888//1888
f 1440//1440 1435//1435 1875//1875
f 1438//1438 1435//1435 1440//1440
f 1438//1438 1434//1434 1435//1435
f 1473//1473 1439//1439 1494//1494
f 1469//1469 1473//1473 1494//1494
f 1458//1458 1473//1473 1469//1469
f 1494//1494 1514//1514 1469//1469
f 1469//1469 1514//1514 122//122
f 122//122 1514//1514 1515//1515
f 122//122 1515//1515 128//128
f 1494//1494 1439//1439 1470//1470
f 1439//1439 1440//1440 1470//1470
f 1890//1890 1888//1888 1875//1875
f 1877//1877 1890//1890 1875//1875
f 1894//1894 1877//1877 1878//1878
f 4472//4472 1877//1877 1874//1874
f 1437//1437 4479//4479 4465//4465
f 4479//4479 1437//1437 1423//1423
f 4080//4080 5626//5626 4097//4097
f 5626//5626 5625//5625 4082//4082
f 4082//4082 5625//5625 3912//3912
f 3912//3912 5625//5625 3853//3853
f 3845//3845 3959//3959 3840//3840
f 3840//3840 3959//3959 3841//3841
f 5625//5625 5626//5626 4080//4080
f 3853//3853 5625//5625 4080//4080
f 3959//3959 3845//3845 3962//3962
f 1401//1401 3841//3841 3959//3959
f 3828//3828 3675//3675 3692//3692
f 3692//3692 3675//3675 3677//3677
f 3692//3692 3677//3677 3696//3696
f 3677//3677 3709//3709 3708//3708
f 3856//3856 3709//3709 3677//3677
f 3677//3677 3708//3708 3696//3696
f 3696//3696 3708//3708 3889//3889
f 3889//3889 3708//3708 4354//4354
f 4384//4384 4354//4354 4381//4381
f 3840//3840 3834//3834 3692//3692
f 3696//3696 3889//3889 3852//3852
f 3853//3853 3852//3852 3912//3912
f 4082//4082 3912//3912 4086//4086
f 4097//4097 5626//5626 4098//4098
f 4483//4483 4479//4479 4098//4098
f 4489//4489 4492//4492 4490//4490
f 4501//4501 4489//4489 4488//4488
f 4485//4485 4101//4101 4484//4484
f 4106//4106 5629//5629 4099//4099
f 4099//4099 4086//4086 4103//4103
f 4086//4086 4099//4099 4082//4082
f 4083//4083 4086//4086 3912//3912
f 4086//4086 4083//4083 4088//4088
f 4081//4081 4083//4083 3912//3912
f 4384//4384 3852//3852 3889//3889
f 4370//4370 4352//4352 4375//4375
f 4375//4375 3060//3060 4529//4529
f 4417//4417 3060//3060 4362//4362
f 4362//4362 4422//4422 4417//4417
f 4422//4422 4362//4362 5622//5622
f 4748//4748 4424//4424 5624//5624
f 5624//5624 4422//4422 3992//3992
f 4001//4001 4377//4377 5624//5624
f 4012//4012 3624//3624 4013//4013
f 3633//3633 4011//4011 4012//4012
f 3636//3636 4011//4011 3633//3633
f 5064//5064 2459//2459 2775//2775
f 4760//4760 5065//5065 5064//5064
f 4554//4554 4558//4558 4550//4550
f 4129//4129 4558//4558 4554//4554
f 4548//4548 4549//4549 4558//4558
f 4622//4622 4548//4548 4121//4121
f 4628//4628 3939//3939 4127//4127
f 3939//3939 2798//2798 4127//4127
f 4127//4127 2798//2798 3936//3936
f 3920//3920 3918//3918 3921//3921
f 3897//3897 3879//3879 3880//3880
f 3900//3900 3891//3891 3897//3897
f 3892//3892 4564//4564 3882//3882
f 3892//3892 3893//3893 4564//4564
f 4564//4564 3893//3893 3895//3895
f 1916//1916 4567//4567 1915//1915
f 1932//1932 1928//1928 1913//1913
f 1928//1928 1914//1914 1913//1913
f 1928//1928 1909//1909 1914//1914
f 1914//1914 1909//1909 1911//1911
f 1909//1909 1905//1905 1911//1911
f 1909//1909 1908//1908 1905//1905
f 1910//1910 1908//1908 1909//1909
f 1910//1910 1909//1909 1927//1927
f 1910//1910 1927//1927 1929//1929
f 1927//1927 1909//1909 1928//1928
f 1913//1913 1933//1933 1932//1932
f 1913//1913 1906//1906 1907//1907
f 1904//1904 1892//1892 1906//1906
f 1890//1890 1903//1903 1902//1902
f 1908//1908 1902//1902 1903//1903
f 1887//1887 1888//1888 1902//1902
f 1470//1470 1887//1887 1481//1481
f 1519//1519 1517//1517 1520//1520
f 1470//1470 1519//1519 1487//1487
f 1910//1910 1489//1489 1479//1479
f 1481//1481 1887//1887 1908//1908
f 1910//1910 2149//2149 1517//1517
f 1517//1517 2149//2149 1516//1516
f 2153//2153 1516//1516 2149//2149
f 2153//2153 2149//2149 1929//1929
f 2227//2227 2167//2167 2169//2169
f 1959//1959 1515//1515 1514//1514
f 159//159 152//152 117//117
f 1477//1477 117//117 152//152
f 152//152 111//111 1477//1477
f 1477//1477 111//111 963//963
f 1477//1477 963//963 117//117
f 1454//1454 1463//1463 1467//1467
f 1454//1454 1467//1467 1455//1455
f 1454//1454 1455//1455 1429//1429
f 1455//1455 672//672 1429//1429
f 675//675 672//672 1455//1455
f 1464//1464 675//675 1455//1455
f 767//767 768//768 1476//1476
f 963//963 1484//1484 1476//1476
f 110//110 1484//1484 111//111
f 110//110 111//111 152//152
f 143//143 1511//1511 103//103
f 103//103 1511//1511 92//92
f 93//93 782//782 1484//1484
f 93//93 1484//1484 110//110
f 93//93 90//90 782//782
f 782//782 785//785 767//767
f 782//782 767//767 1484//1484
f 785//785 768//768 767//767
f 768//768 581//581 582//582
f 581//581 674//674 582//582
f 582//582 674//674 675//675
f 675//675 1464//1464 582//582
f 652//652 675//675 674//674
f 652//652 674//674 1415//1415
f 1415//1415 651//651 652//652
f 1692//1692 1416//1416 1415//1415
f 1692//1692 1415//1415 674//674
f 1692//1692 1428//1428 1416//1416
f 1416//1416 1428//1428 1414//1414
f 651//651 1416//1416 4094//4094
f 1416//1416 1414//1414 4094//4094
f 1414//1414 1428//1428 1410//1410
f 1414//1414 1410//1410 1402//1402
f 1687//1687 511//511 459//459
f 1687//1687 459//459 1410//1410
f 1428//1428 1687//1687 1410//1410
f 863//863 766//766 748//748
f 863//863 748//748 1451//1451
f 863//863 779//779 766//766
f 779//779 863//863 512//512
f 581//581 779//779 571//571
f 785//785 779//779 581//581
f 785//785 766//766 779//779
f 571//571 674//674 581//581
f 1692//1692 674//674 571//571
f 779//779 1428//1428 571//571
f 571//571 1428//1428 1692//1692
f 512//512 1428//1428 779//779
f 512//512 511//511 1687//1687
f 1428//1428 512//512 1687//1687
f 329//329 456//456 511//511
f 456//456 459//459 511//511
f 459//459 456//456 457//457
f 457//457 1410//1410 459//459
f 1415//1415 1416//1416 651//651
f 652//652 672//672 675//675
f 581//581 768//768 785//785
f 765//765 785//785 782//782
f 103//103 92//92 93//93
f 1508//1508 819//819 92//92
f 819//819 1504//1504 92//92
f 92//92 1511//1511 1508//1508
f 1510//1510 1511//1511 143//143
f 1510//1510 143//143 1957//1957
f 143//143 103//103 110//110
f 110//110 103//103 93//93
f 1467//1467 963//963 1464//1464
f 117//117 963//963 1467//1467
f 1467//1467 1464//1464 1455//1455
f 1464//1464 963//963 1476//1476
f 1464//1464 1476//1476 582//582
f 1484//1484 767//767 1476//1476
f 768//768 582//582 1476//1476
f 1463//1463 117//117 1467//1467
f 111//111 1484//1484 963//963
f 1454//1454 1458//1458 1469//1469
f 1469//1469 1463//1463 1454//1454
f 1440//1440 1439//1439 1438//1438
f 1430//1430 1423//1423 1434//1434
f 1430//1430 1421//1421 1423//1423
f 672//672 1421//1421 1430//1430
f 1458//1458 1429//1429 1438//1438
f 1429//1429 672//672 1430//1430
f 4078//4078 4097//4097 4096//4096
f 1414//1414 1418//1418 4094//4094
f 1402//1402 1418//1418 1414//1414
f 1410//1410 457//457 1402//1402
f 457//457 310//310 3941//3941
f 336//336 310//310 457//457
f 1393//1393 310//310 336//336
f 1393//1393 336//336 3195//3195
f 310//310 1393//1393 3941//3941
f 3828//3828 3663//3663 3675//3675
f 3662//3662 3798//3798 3648//3648
f 3672//3672 3658//3658 4300//4300
f 3709//3709 3856//3856 3703//3703
f 3672//3672 4300//4300 3703//3703
f 4303//4303 3603//3603 3604//3604
f 3590//3590 3603//3603 3586//3586
f 3576//3576 3567//3567 3581//3581
f 3576//3576 3575//3575 3567//3567
f 3575//3575 3564//3564 3567//3567
f 3579//3579 3575//3575 3576//3576
f 3579//3579 3600//3600 3598//3598
f 3600//3600 3579//3579 3576//3576
f 3600//3600 3576//3576 3601//3601
f 4300//4300 3601//3601 3603//3603
f 3658//3658 3601//3601 4300//4300
f 3648//3648 3600//3600 3658//3658
f 3613//3613 3598//3598 3600//3600
f 3598//3598 3575//3575 3579//3579
f 3577//3577 3565//3565 3571//3571
f 3566//3566 3567//3567 3564//3564
f 3584//3584 3585//3585 3583//3583
f 3606//3606 3641//3641 4324//4324
f 3699//3699 3702//3702 4324//4324
f 3641//3641 4371//4371 3698//3698
f 3055//3055 4371//4371 3609//3609
f 3608//3608 3609//3609 3641//3641
f 3608//3608 4360//4360 3609//3609
f 4360//4360 4362//4362 3055//3055
f 5624//5624 3992//3992 3620//3620
f 3066//3066 3620//3620 3992//3992
f 5624//5624 3631//3631 4001//4001
f 3066//3066 3068//3068 3620//3620
f 3631//3631 3635//3635 4034//4034
f 4034//4034 3635//3635 2772//2772
f 4013//4013 3631//3631 4034//4034
f 3632//3632 3635//3635 3631//3631
f 3632//3632 3631//3631 3068//3068
f 3068//3068 4386//4386 3632//3632
f 2772//2772 4386//4386 4545//4545
f 4124//4124 4120//4120 4390//4390
f 2463//2463 3865//3865 3863//3863
f 4555//4555 3863//3863 4519//4519
f 4385//4385 4519//4519 4538//4538
f 4385//4385 4382//4382 4109//4109
f 4382//4382 3063//3063 4109//4109
f 3619//3619 4383//4383 5057//5057
f 4537//4537 3980//3980 4751//4751
f 3980//3980 3617//3617 4751//4751
f 3619//3619 4751//4751 3617//3617
f 4751//4751 3619//3619 5057//5057
f 4537//4537 4118//4118 4540//4540
f 4118//4118 4751//4751 4540//4540
f 4540//4540 4538//4538 4519//4519
f 4385//4385 4538//4538 5057//5057
f 4382//4382 4385//4385 5057//5057
f 4751//4751 5057//5057 4538//4538
f 4538//4538 4540//4540 4751//4751
f 3619//3619 3919//3919 4383//4383
f 4382//4382 5057//5057 4383//4383
f 3063//3063 4382//4382 4383//4383
f 4072//4072 2463//2463 4123//4123
f 4124//4124 4123//4123 4126//4126
f 4126//4126 3923//3923 4125//4125
f 3923//3923 4131//4131 4125//4125
f 3923//3923 4126//4126 5072//5072
f 4131//4131 3925//3925 4396//4396
f 4133//4133 3925//3925 4136//4136
f 4135//4135 4133//4133 4136//4136
f 3923//3923 5072//5072 3924//3924
f 3890//3890 3647//3647 3888//3888
f 4560//4560 4561//4561 4563//4563
f 4562//4562 4768//4768 4765//4765
f 4415//4415 4768//4768 4562//4562
f 4415//4415 4221//4221 5075//5075
f 4769//4769 4768//4768 4770//4770
f 4772//4772 4769//4769 4770//4770
f 4769//4769 4772//4772 5370//5370
f 4767//4767 5365//5365 5364//5364
f 4139//4139 4133//4133 4135//4135
f 3925//3925 4133//4133 4144//4144
f 4396//4396 4398//4398 4552//4552
f 4398//4398 4397//4397 4552//4552
f 4552//4552 4760//4760 4396//4396
f 4400//4400 4556//4556 4548//4548
f 3939//3939 4130//4130 4163//4163
f 3951//3951 3938//3938 3936//3936
f 3922//3922 3938//3938 3934//3934
f 3932//3932 3934//3934 3947//3947
f 3934//3934 3932//3932 3921//3921
f 3915//3915 3916//3916 3899//3899
f 3916//3916 3900//3900 3899//3899
f 3903//3903 3904//3904 3916//3916
f 3907//3907 3894//3894 3900//3900
f 3907//3907 3908//3908 3893//3893
f 3907//3907 3905//3905 3908//3908
f 3894//3894 3893//3893 3892//3892
f 1936//1936 1933//1933 1915//1915
f 3893//3893 3908//3908 1935//1935
f 3908//3908 3905//3905 3909//3909
f 293//293 281//281 2227//2227
f 283//283 289//289 2482//2482
f 283//283 2482//2482 2480//2480
f 283//283 2480//2480 2224//2224
f 283//283 2221//2221 2153//2153
f 1962//1962 1516//1516 1963//1963
f 1520//1520 1962//1962 1959//1959
f 1515//1515 1959//1959 1958//1958
f 1954//1954 163//163 1969//1969
f 143//143 110//110 152//152
f 1508//1508 1511//1511 1510//1510
f 820//820 1508//1508 1509//1509
f 819//819 1508//1508 820//820
f 809//809 821//821 814//814
f 809//809 814//814 808//808
f 802//802 804//804 811//811
f 804//804 803//803 811//811
f 811//811 803//803 778//778
f 778//778 803//803 775//775
f 778//778 758//758 790//790
f 778//778 790//790 787//787
f 758//758 760//760 790//790
f 790//790 760//760 761//761
f 733//733 759//759 730//730
f 731//731 732//732 736//736
f 686//686 736//736 732//732
f 732//732 687//687 686//686
f 686//686 687//687 688//688
f 690//690 688//688 685//685
f 682//682 685//685 688//688
f 682//682 683//683 685//685
f 680//680 683//683 682//682
f 679//679 680//680 682//682
f 681//681 679//679 682//682
f 687//687 726//726 681//681
f 725//725 726//726 687//687
f 731//731 733//733 725//725
f 731//731 725//725 732//732
f 725//725 687//687 732//732
f 1937//1937 1912//1912 1826//1826
f 681//681 1937//1937 1826//1826
f 1826//1826 679//679 681//681
f 1839//1839 683//683 680//680
f 1839//1839 680//680 1834//1834
f 1834//1834 680//680 679//679
f 679//679 1813//1813 1834//1834
f 1834//1834 1813//1813 1570//1570
f 1813//1813 1710//1710 1570//1570
f 1787//1787 1710//1710 1813//1813
f 1805//1805 1787//1787 1813//1813
f 1776//1776 1787//1787 1805//1805
f 1826//1826 1805//1805 1813//1813
f 1826//1826 1804//1804 1805//1805
f 1805//1805 1804//1804 1901//1901
f 1804//1804 1826//1826 1912//1912
f 1784//1784 1805//1805 2038//2038
f 1784//1784 1776//1776 1805//1805
f 1891//1891 1776//1776 1784//1784
f 679//679 1826//1826 1813//1813
f 1948//1948 1937//1937 681//681
f 682//682 687//687 681//681
f 687//687 682//682 688//688
f 730//730 725//725 733//733
f 730//730 726//726 725//725
f 759//759 733//733 760//760
f 778//778 776//776 777//777
f 778//778 775//775 776//776
f 803//803 804//804 775//775
f 804//804 800//800 775//775
f 800//800 804//804 799//799
f 800//800 799//799 2315//2315
f 800//800 2315//2315 2122//2122
f 2315//2315 2113//2113 2122//2122
f 2113//2113 2050//2050 2060//2060
f 2113//2113 2110//2110 2050//2050
f 2045//2045 2050//2050 2105//2105
f 2105//2105 2050//2050 2110//2110
f 2105//2105 2110//2110 2299//2299
f 2098//2098 2101//2101 2299//2299
f 2299//2299 2306//2306 2098//2098
f 2112//2112 2306//2306 2299//2299
f 832//832 2306//2306 2112//2112
f 2559//2559 2573//2573 2112//2112
f 2112//2112 2573//2573 834//834
f 837//837 2573//2573 2313//2313
f 2315//2315 2313//2313 2559//2559
f 2315//2315 2559//2559 2120//2120
f 2573//2573 2559//2559 2313//2313
f 2120//2120 2559//2559 2112//2112
f 2120//2120 2112//2112 2110//2110
f 2101//2101 2105//2105 2299//2299
f 2299//2299 2110//2110 2112//2112
f 2120//2120 2110//2110 2113//2113
f 2315//2315 2120//2120 2113//2113
f 799//799 2313//2313 2315//2315
f 775//775 800//800 2122//2122
f 2313//2313 799//799 805//805
f 799//799 804//804 805//805
f 777//777 759//759 758//758
f 758//758 759//759 760//760
f 761//761 788//788 790//790
f 778//778 777//777 758//758
f 805//805 804//804 802//802
f 811//811 778//778 787//787
f 812//812 791//791 821//821
f 815//815 821//821 1490//1490
f 1505//1505 815//815 1490//1490
f 1505//1505 819//819 815//815
f 1504//1504 1505//1505 89//89
f 765//765 1492//1492 764//764
f 782//782 90//90 765//765
f 766//766 785//785 765//765
f 749//749 748//748 766//766
f 1451//1451 512//512 863//863
f 541//541 511//511 512//512
f 1426//1426 511//511 541//541
f 456//456 3170//3170 3177//3177
f 3227//3227 3147//3147 3157//3157
f 1465//1465 3293//3293 1472//1472
f 3276//3276 1472//1472 3293//3293
f 1468//1468 1472//1472 3276//3276
f 1465//1465 1472//1472 1466//1466
f 1465//1465 3141//3141 3142//3142
f 418//418 419//419 3141//3141
f 199//199 403//403 402//402
f 2406//2406 403//403 199//199
f 389//389 405//405 404//404
f 389//389 3594//3594 3563//3563
f 3942//3942 3562//3562 3594//3594
f 3942//3942 3937//3937 3562//3562
f 3569//3569 3565//3565 3937//3937
f 3577//3577 3571//3571 3582//3582
f 3588//3588 3587//3587 3589//3589
f 3587//3587 3596//3596 3589//3589
f 4269//4269 3596//3596 3587//3587
f 4357//4357 3595//3595 3596//3596
f 4073//4073 4290//4290 3605//3605
f 4290//4290 3595//3595 4358//4358
f 4290//4290 4358//4358 5618//5618
f 4357//4357 3596//3596 4269//4269
f 3622//3622 3621//3621 5618//5618
f 4074//4074 5618//5618 4359//4359
f 4363//4363 3608//3608 3605//3605
f 3615//3615 4366//4366 4363//4363
f 3919//3919 4366//4366 3615//3615
f 4072//4072 3866//3866 3865//3865
f 3863//3863 4540//4540 4519//4519
f 3865//3865 4540//4540 3863//3863
f 4540//4540 3865//3865 4537//4537
f 4751//4751 4118//4118 4537//4537
f 4386//4386 3066//3066 4537//4537
f 3980//3980 3066//3066 3992//3992
f 3616//3616 4383//4383 3919//3919
f 3063//3063 4383//4383 3979//3979
f 4110//4110 3640//3640 4385//4385
f 4110//4110 4109//4109 1408//1408
f 3640//3640 4110//4110 4509//4509
f 3639//3639 4389//4389 4542//4542
f 3640//3640 3639//3639 4555//4555
f 4119//4119 4123//4123 2463//2463
f 3863//3863 3080//3080 3888//3888
f 4542//4542 4389//4389 4576//4576
f 3657//3657 3653//3653 3649//3649
f 3657//3657 3940//3940 4563//4563
f 4418//4418 4770//4770 4415//4415
f 5375//5375 5371//5371 4569//4569
f 4138//4138 5364//5364 4774//4774
f 4144//4144 4133//4133 4139//4139
f 4411//4411 4412//4412 4408//4408
f 4408//4408 4132//4132 4411//4411
f 4411//4411 4410//4410 4412//4412
f 4412//4412 4410//4410 4144//4144
f 4144//4144 4410//4410 3925//3925
f 4410//4410 4411//4411 3925//3925
f 4129//4129 4554//4554 4397//4397
f 4401//4401 4400//4400 4402//4402
f 4401//4401 2799//2799 4163//4163
f 4142//4142 2799//2799 4401//4401
f 3951//3951 3936//3936 3960//3960
f 3938//3938 3958//3958 3949//3949
f 3947//3947 3934//3934 3949//3949
f 3926//3926 3929//3929 3927//3927
f 3927//3927 3929//3929 3903//3903
f 3906//3906 3904//3904 3903//3903
f 3905//3905 3907//3907 3906//3906
f 3909//3909 3905//3905 3910//3910
f 2185//2185 2243//2243 306//306
f 302//302 306//306 4659//4659
f 3910//3910 4659//4659 304//304
f 4659//4659 4647//4647 302//302
f 4657//4657 4647//4647 4659//4659
f 2495//2495 2224//2224 2480//2480
f 1963//1963 2224//2224 2495//2495
f 1962//1962 1963//1963 2495//2495
f 1962//1962 2495//2495 1973//1973
f 2512//2512 1961//1961 1973//1973
f 2509//2509 1961//1961 2512//2512
f 1967//1967 1955//1955 1954//1954
f 1954//1954 1955//1955 1512//1512
f 1965//1965 1509//1509 1955//1955
f 818//818 820//820 1509//1509
f 813//813 817//817 818//818
f 1527//1527 814//814 813//813
f 1530//1530 1525//1525 1527//1527
f 808//808 814//814 1527//1527
f 802//802 811//811 808//808
f 805//805 802//802 1526//1526
f 840//840 2313//2313 805//805
f 841//841 836//836 837//837
f 840//840 837//837 2313//2313
f 834//834 2573//2573 837//837
f 834//834 832//832 2112//2112
f 2306//2306 2276//2276 2098//2098
f 2098//2098 2276//2276 2094//2094
f 2010//2010 2031//2031 2094//2094
f 2094//2094 2031//2031 2098//2098
f 2031//2031 2101//2101 2098//2098
f 2101//2101 2045//2045 2105//2105
f 2101//2101 2031//2031 2028//2028
f 2028//2028 2027//2027 2038//2038
f 2113//2113 2060//2060 2122//2122
f 777//777 776//776 759//759
f 759//759 755//755 756//756
f 756//756 730//730 759//759
f 1948//1948 681//681 726//726
f 753//753 1930//1930 1948//1948
f 1912//1912 1937//1937 1948//1948
f 2050//2050 1912//1912 1930//1930
f 1912//1912 1901//1901 1804//1804
f 2028//2028 2038//2038 2063//2063
f 1805//1805 1901//1901 2038//2038
f 2027//2027 1784//1784 2038//2038
f 1784//1784 1896//1896 1891//1891
f 1896//1896 1886//1886 1891//1891
f 1787//1787 1707//1707 1710//1710
f 1714//1714 1570//1570 1583//1583
f 1570//1570 1567//1567 1583//1583
f 1567//1567 590//590 1566//1566
f 1714//1714 1834//1834 1570//1570
f 686//686 688//688 702//702
f 702//702 701//701 708//708
f 686//686 702//702 736//736
f 731//731 736//736 734//734
f 733//733 731//731 734//734
f 762//762 788//788 761//761
f 764//764 749//749 765//765
f 749//749 743//743 748//748
f 761//761 739//739 743//743
f 739//739 740//740 746//746
f 746//746 740//740 741//741
f 1447//1447 746//746 741//741
f 1409//1409 649//649 3248//3248
f 668//668 649//649 671//671
f 648//648 649//649 668//668
f 695//695 661//661 663//663
f 695//695 663//663 712//712
f 663//663 664//664 712//712
f 661//661 662//662 663//663
f 662//662 3295//3295 663//663
f 661//661 1631//1631 662//662
f 663//663 666//666 664//664
f 666//666 663//663 3295//3295
f 1631//1631 1622//1622 662//662
f 1622//1622 1631//1631 1625//1625
f 3276//3276 3275//3275 1468//1468
f 1466//1466 1472//1472 1468//1468
f 1468//1468 1460//1460 1466//1466
f 1448//1448 1460//1460 1456//1456
f 1380//1380 77//77 199//199
f 199//199 1398//1398 1380//1380
f 2406//2406 199//199 77//77
f 2406//2406 2755//2755 3948//3948
f 3568//3568 977//977 1002//1002
f 977//977 973//973 1002//1002
f 989//989 1002//1002 985//985
f 978//978 989//989 985//985
f 978//978 1830//1830 2383//2383
f 1830//1830 1017//1017 1831//1831
f 1019//1019 1017//1017 1830//1830
f 978//978 379//379 1019//1019
f 978//978 1019//1019 1830//1830
f 985//985 379//379 978//978
f 985//985 378//378 379//379
f 978//978 2383//2383 989//989
f 2383//2383 2751//2751 3570//3570
f 989//989 2383//2383 3570//3570
f 2382//2382 2751//2751 2383//2383
f 3569//3569 3008//3008 3568//3568
f 1002//1002 989//989 3570//3570
f 3582//3582 3561//3561 3573//3573
f 3573//3573 4269//4269 3587//3587
f 2750//2750 4269//4269 3573//3573
f 1831//1831 2380//2380 1830//1830
f 1017//1017 382//382 1831//1831
f 30//30 382//382 1017//1017
f 1832//1832 1831//1831 2977//2977
f 383//383 2977//2977 382//382
f 2380//2380 1832//1832 2381//2381
f 2382//2382 2381//2381 2749//2749
f 1833//1833 3051//3051 1836//1836
f 2750//2750 2382//2382 2749//2749
f 2750//2750 1833//1833 4270//4270
f 2753//2753 1836//1836 1368//1368
f 2753//2753 1368//1368 2386//2386
f 383//383 2386//2386 1368//1368
f 1836//1836 3051//3051 1368//1368
f 383//383 31//31 2386//2386
f 1369//1369 2386//2386 31//31
f 1836//1836 2753//2753 3621//3621
f 1870//1870 1871//1871 1446//1446
f 1425//1425 1871//1871 1870//1870
f 1425//1425 1857//1857 1424//1424
f 1406//1406 1857//1857 1425//1425
f 1857//1857 3222//3222 1424//1424
f 3222//3222 1413//1413 1424//1424
f 3117//3117 1413//1413 3222//3222
f 3222//3222 427//427 1281//1281
f 3117//3117 277//277 1413//1413
f 1882//1882 1446//1446 1899//1899
f 1899//1899 1474//1474 1882//1882
f 1475//1475 1474//1474 1899//1899
f 751//751 1475//1475 1899//1899
f 1899//1899 1446//1446 751//751
f 751//751 1446//1446 678//678
f 1441//1441 1446//1446 1871//1871
f 1870//1870 1446//1446 1882//1882
f 4509//4509 4110//4110 2424//2424
f 4389//4389 3639//3639 4526//4526
f 4520//4520 1474//1474 4389//4389
f 1483//1483 3642//3642 1475//1475
f 3082//3082 3642//3642 2470//2470
f 3082//3082 2470//2470 2784//2784
f 1947//1947 2472//2472 2784//2784
f 3649//3649 2787//2787 2786//2786
f 3657//3657 3649//3649 4187//4187
f 2477//2477 4187//4187 2786//2786
f 4212//4212 4187//4187 2477//2477
f 4250//4250 3940//3940 4212//4212
f 4250//4250 4689//4689 3940//3940
f 5375//5375 4569//4569 4575//4575
f 5376//5376 5375//5375 4575//4575
f 5376//5376 4575//4575 5378//5378
f 5373//5373 5375//5375 4782//4782
f 5373//5373 5371//5371 5375//5375
f 5372//5372 5365//5365 5371//5371
f 5365//5365 4774//4774 5364//5364
f 4145//4145 4138//4138 4150//4150
f 4402//4402 4132//4132 4409//4409
f 4142//4142 4409//4409 4146//4146
f 4141//4141 4142//4142 4146//4146
f 4157//4157 4419//4419 4151//4151
f 4151//4151 4419//4419 4141//4141
f 4141//4141 4146//4146 4151//4151
f 4146//4146 4152//4152 4151//4151
f 4147//4147 2799//2799 4142//4142
f 4148//4148 3960//3960 4147//4147
f 3961//3961 4148//4148 4419//4419
f 3961//3961 3966//3966 3960//3960
f 4184//4184 4167//4167 4185//4185
f 3945//3945 4167//4167 4168//4168
f 3946//3946 3947//3947 3945//3945
f 3930//3930 3929//3929 3931//3931
f 3930//3930 4657//4657 3905//3905
f 4664//4664 4647//4647 4657//4657
f 4647//4647 4664//4664 4648//4648
f 4647//4647 4648//4648 4645//4645
f 4651//4651 4653//4653 4648//4648
f 4653//4653 3931//3931 4654//4654
f 384//384 4645//4645 4646//4646
f 381//381 384//384 4698//4698
f 381//381 4698//4698 2498//2498
f 2484//2484 2482//2482 2498//2498
f 2497//2497 2495//2495 2484//2484
f 1972//1972 2495//2495 2497//2497
f 1971//1971 1973//1973 1972//1972
f 2497//2497 2498//2498 4745//4745
f 2821//2821 2514//2514 2810//2810
f 2514//2514 2821//2821 2819//2819
f 4778//4778 4745//4745 4749//4749
f 2498//2498 4700//4700 4745//4745
f 4695//4695 4700//4700 4698//4698
f 4695//4695 4654//4654 3944//3944
f 3945//3945 4168//4168 3944//3944
f 4752//4752 4169//4169 4171//4171
f 2821//2821 4745//4745 4778//4778
f 2514//2514 2819//2819 2513//2513
f 1971//1971 2513//2513 2529//2529
f 2529//2529 2525//2525 1971//1971
f 2525//2525 2512//2512 1971//1971
f 2510//2510 2512//2512 2525//2525
f 2525//2525 2526//2526 2510//2510
f 1966//1966 1955//1955 1967//1967
f 1986//1986 1544//1544 1545//1545
f 1530//1530 1529//1529 1543//1543
f 1530//1530 1526//1526 1525//1525
f 1537//1537 1538//1538 1978//1978
f 1590//1590 1536//1536 1537//1537
f 1536//1536 1590//1590 1535//1535
f 1535//1535 856//856 1536//1536
f 853//853 854//854 855//855
f 853//853 849//849 854//854
f 849//849 839//839 854//854
f 1578//1578 849//849 853//853
f 1578//1578 853//853 1582//1582
f 1579//1579 1578//1578 1582//1582
f 1579//1579 1582//1582 1581//1581
f 1599//1599 1581//1581 1598//1598
f 1596//1596 1599//1599 1598//1598
f 1596//1596 1598//1598 866//866
f 866//866 1597//1597 1596//1596
f 1600//1600 1596//1596 1615//1615
f 1600//1600 1615//1615 1617//1617
f 1649//1649 1647//1647 1617//1617
f 1599//1599 1647//1647 1581//1581
f 1600//1600 1647//1647 1599//1599
f 1616//1616 2008//2008 1650//1650
f 1650//1650 1617//1617 1616//1616
f 1647//1647 1600//1600 1617//1617
f 1616//1616 1617//1617 1613//1613
f 1616//1616 1613//1613 2008//2008
f 1613//1613 2007//2007 2005//2005
f 2007//2007 2006//2006 2025//2025
f 2025//2025 2006//2006 2009//2009
f 2009//2009 1620//1620 2004//2004
f 2009//2009 2004//2004 2022//2022
f 2004//2004 2023//2023 2022//2022
f 2022//2022 2023//2023 2026//2026
f 2541//2541 2539//2539 2540//2540
f 2541//2541 2540//2540 2543//2543
f 2541//2541 2543//2543 2547//2547
f 2572//2572 2541//2541 2547//2547
f 2575//2575 2572//2572 2547//2547
f 2571//2571 2572//2572 2574//2574
f 2574//2574 2572//2572 2575//2575
f 2575//2575 2555//2555 2556//2556
f 2555//2555 2557//2557 2556//2556
f 2556//2556 2557//2557 2558//2558
f 2555//2555 2551//2551 2557//2557
f 2557//2557 2551//2551 2549//2549
f 2557//2557 2549//2549 2558//2558
f 2548//2548 2551//2551 2555//2555
f 2545//2545 2548//2548 2555//2555
f 2535//2535 2536//2536 2542//2542
f 1630//1630 2536//2536 2535//2535
f 1628//1628 1630//1630 2535//2535
f 1628//1628 1626//1626 1630//1630
f 1626//1626 1629//1629 1630//1630
f 1626//1626 1633//1633 1629//1629
f 1633//1633 1626//1626 1624//1624
f 1624//1624 1608//1608 1633//1633
f 1633//1633 1608//1608 1609//1609
f 1607//1607 1611//1611 1609//1609
f 1608//1608 1607//1607 1609//1609
f 1604//1604 1608//1608 1623//1623
f 1604//1604 1623//1623 1621//1621
f 1604//1604 1621//1621 1602//1602
f 1601//1601 1602//1602 1603//1603
f 1618//1618 1603//1603 1619//1619
f 1618//1618 1619//1619 1620//1620
f 2006//2006 1618//1618 1620//1620
f 1614//1614 1618//1618 2006//2006
f 2007//2007 1615//1615 1614//1614
f 1615//1615 1596//1596 1614//1614
f 1596//1596 1618//1618 1614//1614
f 1620//1620 1619//1619 2004//2004
f 2023//2023 2004//2004 2532//2532
f 2023//2023 2532//2532 2539//2539
f 2530//2530 2539//2539 2532//2532
f 2530//2530 2532//2532 2531//2531
f 2531//2531 2533//2533 2530//2530
f 2530//2530 2533//2533 2534//2534
f 2540//2540 2530//2530 2534//2534
f 2543//2543 2540//2540 2534//2534
f 2534//2534 2542//2542 2543//2543
f 2533//2533 2535//2535 2534//2534
f 2533//2533 1628//1628 2535//2535
f 1627//1627 1628//1628 2533//2533
f 1627//1627 1623//1623 1624//1624
f 1624//1624 1623//1623 1608//1608
f 1619//1619 1621//1621 2011//2011
f 2004//2004 2011//2011 2531//2531
f 2011//2011 1621//1621 2531//2531
f 1621//1621 1619//1619 1603//1603
f 2531//2531 1621//1621 1623//1623
f 1623//1623 1627//1627 2531//2531
f 1627//1627 2533//2533 2531//2531
f 2004//2004 2531//2531 2532//2532
f 2004//2004 1619//1619 2011//2011
f 1618//1618 1597//1597 1603//1603
f 1597//1597 1601//1601 1603//1603
f 1603//1603 1602//1602 1621//1621
f 1601//1601 867//867 1602//1602
f 870//870 1602//1602 867//867
f 1585//1585 870//870 867//867
f 1585//1585 867//867 868//868
f 852//852 1585//1585 868//868
f 1582//1582 852//852 868//868
f 1585//1585 852//852 857//857
f 1535//1535 1586//1586 1585//1585
f 1535//1535 1585//1585 856//856
f 1535//1535 1591//1591 1586//1586
f 1586//1586 1591//1591 869//869
f 869//869 870//870 1586//1586
f 869//869 1607//1607 870//870
f 1604//1604 870//870 1607//1607
f 1602//1602 870//870 1604//1604
f 869//869 871//871 1607//1607
f 869//869 1592//1592 871//871
f 1588//1588 1592//1592 869//869
f 1591//1591 1588//1588 869//869
f 1589//1589 1588//1588 1591//1591
f 868//868 867//867 866//866
f 1598//1598 868//868 866//866
f 1586//1586 870//870 1585//1585
f 866//866 867//867 1601//1601
f 1604//1604 1607//1607 1608//1608
f 1607//1607 871//871 1611//1611
f 1624//1624 1626//1626 1627//1627
f 1628//1628 1627//1627 1626//1626
f 2534//2534 2535//2535 2542//2542
f 2544//2544 2543//2543 2542//2542
f 2547//2547 2543//2543 2544//2544
f 2575//2575 2547//2547 2545//2545
f 2545//2545 2547//2547 2544//2544
f 2544//2544 2548//2548 2545//2545
f 2575//2575 2545//2545 2555//2555
f 2570//2570 2572//2572 2571//2571
f 2571//2571 1664//1664 2570//2570
f 2570//2570 1664//1664 2026//2026
f 1664//1664 1662//1662 2026//2026
f 2026//2026 1662//1662 2022//2022
f 2025//2025 2009//2009 2022//2022
f 2570//2570 2541//2541 2572//2572
f 2541//2541 2570//2570 2539//2539
f 2539//2539 2530//2530 2540//2540
f 2570//2570 2026//2026 2539//2539
f 2026//2026 2023//2023 2539//2539
f 1620//1620 2009//2009 2006//2006
f 2007//2007 1614//1614 2006//2006
f 1613//1613 1615//1615 2007//2007
f 1617//1617 1615//1615 1613//1613
f 1596//1596 1600//1600 1599//1599
f 1596//1596 1597//1597 1618//1618
f 1597//1597 866//866 1601//1601
f 1598//1598 1581//1581 868//868
f 1581//1581 1647//1647 1579//1579
f 1579//1579 1647//1647 1649//1649
f 1582//1582 868//868 1581//1581
f 1577//1577 1578//1578 1579//1579
f 1582//1582 853//853 852//852
f 849//849 1578//1578 1577//1577
f 853//853 855//855 857//857
f 852//852 853//853 857//857
f 856//856 857//857 859//859
f 857//857 856//856 1585//1585
f 1590//1590 1591//1591 1535//1535
f 1536//1536 856//856 1539//1539
f 1538//1538 1524//1524 1526//1526
f 1524//1524 841//841 840//840
f 856//856 859//859 1539//1539
f 855//855 859//859 857//857
f 854//854 839//839 855//855
f 841//841 839//839 836//836
f 837//837 836//836 833//833
f 2094//2094 2276//2276 2264//2264
f 272//272 1232//1232 830//830
f 1997//1997 2094//2094 2264//2264
f 830//830 1232//1232 2264//2264
f 2087//2087 1997//1997 1232//1232
f 727//727 916//916 544//544
f 543//543 535//535 544//544
f 689//689 543//543 763//763
f 526//526 534//534 689//689
f 534//534 526//526 532//532
f 689//689 534//534 543//543
f 848//848 763//763 916//916
f 848//848 916//916 1883//1883
f 916//916 763//763 543//543
f 543//543 544//544 916//916
f 534//534 535//535 543//543
f 727//727 1883//1883 916//916
f 2087//2087 848//848 1883//1883
f 689//689 763//763 647//647
f 1018//1018 647//647 763//763
f 647//647 786//786 626//626
f 626//626 526//526 689//689
f 518//518 522//522 626//626
f 435//435 522//522 518//518
f 522//522 435//435 453//453
f 425//425 479//479 453//453
f 453//453 479//479 532//532
f 483//483 479//479 425//425
f 483//483 425//425 481//481
f 591//591 483//483 485//485
f 490//490 485//485 489//489
f 490//490 489//489 488//488
f 485//485 481//481 489//489
f 481//481 476//476 489//489
f 481//481 485//485 483//483
f 1566//1566 485//485 1565//1565
f 453//453 470//470 425//425
f 470//470 453//453 435//435
f 532//532 522//522 453//453
f 522//522 532//532 526//526
f 483//483 591//591 479//479
f 549//549 479//479 591//591
f 532//532 479//479 549//549
f 534//534 532//532 535//535
f 1773//1773 535//535 729//729
f 544//544 535//535 1773//1773
f 1886//1886 1889//1889 1885//1885
f 1885//1885 1772//1772 1886//1886
f 1773//1773 1776//1776 1772//1772
f 1699//1699 1776//1776 1773//1773
f 590//590 1707//1707 1699//1699
f 1566//1566 591//591 485//485
f 1567//1567 1566//1566 1565//1565
f 1565//1565 485//485 490//490
f 1580//1580 1565//1565 490//490
f 1722//1722 1606//1606 1731//1731
f 1839//1839 1722//1722 684//684
f 697//697 708//708 690//690
f 709//709 714//714 716//716
f 713//713 668//668 671//671
f 668//668 665//665 646//646
f 664//664 666//666 665//665
f 667//667 668//668 713//713
f 667//667 713//713 712//712
f 1731//1731 695//695 684//684
f 1731//1731 661//661 695//695
f 1731//1731 1631//1631 661//661
f 1625//1625 1631//1631 1606//1606
f 1622//1622 1625//1625 496//496
f 1584//1584 1593//1593 1625//1625
f 1593//1593 490//490 488//488
f 1739//1739 494//494 476//476
f 489//489 476//476 488//488
f 476//476 469//469 475//475
f 469//469 467//467 468//468
f 469//469 472//472 475//475
f 475//475 474//474 480//480
f 478//478 500//500 480//480
f 500//500 450//450 449//449
f 449//449 450//450 452//452
f 452//452 434//434 1384//1384
f 434//434 129//129 1384//1384
f 1384//1384 129//129 1373//1373
f 452//452 450//450 434//434
f 450//450 498//498 375//375
f 498//498 500//500 497//497
f 498//498 450//450 500//500
f 1443//1443 449//449 452//452
f 449//449 1427//1427 501//501
f 1384//1384 1443//1443 452//452
f 1448//1448 1373//1373 1380//1380
f 56//56 51//51 182//182
f 1060//1060 1076//1076 1192//1192
f 1051//1051 1068//1068 1056//1056
f 1051//1051 2392//2392 1068//1068
f 1068//1068 2392//2392 376//376
f 1006//1006 2392//2392 2390//2390
f 1051//1051 387//387 2390//2390
f 1055//1055 1056//1056 1060//1060
f 1068//1068 377//377 1056//1056
f 1060//1060 1082//1082 1076//1076
f 1082//1082 1077//1077 1076//1076
f 1077//1077 2995//2995 2757//2757
f 378//378 2995//2995 1082//1082
f 379//379 378//378 377//377
f 1056//1056 377//377 378//378
f 377//377 376//376 379//379
f 1019//1019 1006//1006 1005//1005
f 1005//1005 30//30 1017//1017
f 380//380 30//30 31//31
f 1399//1399 3979//3979 1842//1842
f 2758//2758 3100//3100 1842//1842
f 2758//2758 1374//1374 3100//3100
f 1102//1102 37//37 398//398
f 398//398 399//399 1280//1280
f 399//399 398//398 37//37
f 399//399 401//401 1280//1280
f 1374//1374 1837//1837 1840//1840
f 427//427 1847//1847 3100//3100
f 1847//1847 427//427 1406//1406
f 226//226 243//243 229//229
f 229//229 243//243 401//401
f 2766//2766 1413//1413 436//436
f 2767//2767 660//660 657//657
f 2767//2767 657//657 654//654
f 2767//2767 2444//2444 660//660
f 1441//1441 1424//1424 657//657
f 1441//1441 657//657 660//660
f 678//678 676//676 1863//1863
f 678//678 1441//1441 676//676
f 678//678 1863//1863 1956//1956
f 678//678 1956//1956 751//751
f 1475//1475 751//751 1482//1482
f 1482//1482 752//752 794//794
f 794//794 752//752 771//771
f 795//795 1483//1483 1482//1482
f 794//794 2202//2202 2206//2206
f 823//823 1522//1522 1523//1523
f 2477//2477 2786//2786 2472//2472
f 2472//2472 1947//1947 2795//2795
f 4212//4212 2477//2477 3092//3092
f 3092//3092 4250//4250 4212//4212
f 3954//3954 3955//3955 3952//3952
f 4689//4689 3954//3954 3952//3952
f 3943//3943 4689//4689 3952//3952
f 5075//5075 3943//3943 4775//4775
f 4780//4780 5076//5076 4571//4571
f 5076//5076 4574//4574 4571//4571
f 4574//4574 4578//4578 4581//4581
f 4581//4581 4578//4578 5378//5378
f 4578//4578 5377//5377 5378//5378
f 4796//4796 5377//5377 4582//4582
f 4582//4582 5377//5377 4578//4578
f 4582//4582 4578//4578 4797//4797
f 4578//4578 4574//4574 4797//4797
f 4574//4574 5379//5379 4797//4797
f 5378//5378 5377//5377 5376//5376
f 4777//4777 4150//4150 4774//4774
f 4150//4150 4777//4777 4784//4784
f 4156//4156 4154//4154 4158//4158
f 3961//3961 4423//4423 4421//4421
f 3968//3968 4421//4421 4425//4425
f 3968//3968 3961//3961 4421//4421
f 3961//3961 3968//3968 3966//3966
f 4186//4186 4185//4185 4188//4188
f 4184//4184 4185//4185 4186//4186
f 4173//4173 4167//4167 4184//4184
f 4785//4785 4181//4181 4778//4778
f 4180//4180 4182//4182 4181//4181
f 4181//4181 4182//4182 2822//2822
f 2822//2822 4319//4319 2819//2819
f 2529//2529 2819//2819 4319//4319
f 2526//2526 2525//2525 3122//3122
f 1982//1982 1544//1544 1986//1986
f 1541//1541 1543//1543 1982//1982
f 1985//1985 1979//1979 1981//1981
f 1540//1540 1530//1530 1541//1541
f 1978//1978 1538//1538 1540//1540
f 1590//1590 1537//1537 1978//1978
f 1589//1589 1591//1591 1590//1590
f 1592//1592 1588//1588 1589//1589
f 1976//1976 1587//1587 1589//1589
f 1587//1587 1651//1651 871//871
f 1995//1995 1651//1651 1587//1587
f 1995//1995 1994//1994 1651//1651
f 1651//1651 1994//1994 1996//1996
f 1996//1996 1994//1994 1635//1635
f 1635//1635 1994//1994 1992//1992
f 1629//1629 1633//1633 1635//1635
f 1634//1634 1630//1630 1629//1629
f 1630//1630 1634//1634 2536//2536
f 2544//2544 2542//2542 2548//2548
f 1991//1991 2552//2552 2536//2536
f 2580//2580 2588//2588 2584//2584
f 2574//2574 2575//2575 2556//2556
f 2580//2580 2577//2577 2574//2574
f 2574//2574 2577//2577 2571//2571
f 2580//2580 2578//2578 2577//2577
f 2581//2581 2582//2582 2583//2583
f 2054//2054 2577//2577 2578//2578
f 2583//2583 2054//2054 2578//2578
f 2582//2582 2059//2059 2583//2583
f 2057//2057 2054//2054 2583//2583
f 2055//2055 2054//2054 2057//2057
f 2042//2042 2053//2053 2056//2056
f 2057//2057 2044//2044 2055//2055
f 2032//2032 2044//2044 2036//2036
f 2043//2043 2036//2036 2053//2053
f 2043//2043 2037//2037 2036//2036
f 2036//2036 2037//2037 2032//2032
f 1666//1666 1663//1663 2044//2044
f 2055//2055 2044//2044 2054//2054
f 2571//2571 1665//1665 1664//1664
f 1666//1666 2032//2032 2024//2024
f 1662//1662 2025//2025 2022//2022
f 2005//2005 2007//2007 2025//2025
f 2005//2005 2008//2008 1613//1613
f 2039//2039 2005//2005 2024//2024
f 2008//2008 2040//2040 1650//1650
f 1649//1649 1617//1617 1650//1650
f 1638//1638 1650//1650 2041//2041
f 1638//1638 2041//2041 2012//2012
f 1649//1649 1639//1639 1579//1579
f 1639//1639 1640//1640 1579//1579
f 1640//1640 1577//1577 1579//1579
f 1576//1576 849//849 1577//1577
f 850//850 846//846 838//838
f 272//272 830//830 831//831
f 272//272 831//831 847//847
f 1365//1365 272//272 2697//2697
f 1365//1365 1232//1232 272//272
f 1184//1184 1121//1121 1125//1125
f 1121//1121 1018//1018 1022//1022
f 1018//1018 981//981 647//647
f 786//786 742//742 635//635
f 601//601 514//514 518//518
f 470//470 469//469 481//481
f 472//472 468//468 471//471
f 521//521 525//525 520//520
f 474//474 473//473 531//531
f 531//531 528//528 530//530
f 531//531 530//530 474//474
f 480//480 474//474 478//478
f 433//433 450//450 375//375
f 434//434 450//450 433//433
f 62//62 56//56 115//115
f 62//62 50//50 56//56
f 395//395 62//62 115//115
f 148//148 395//395 115//115
f 62//62 395//395 1055//1055
f 394//394 1055//1055 395//395
f 395//395 393//393 394//394
f 1235//1235 393//393 146//146
f 1235//1235 146//146 1219//1219
f 145//145 146//146 393//393
f 145//145 393//393 395//395
f 1235//1235 392//392 393//393
f 392//392 385//385 393//393
f 393//393 385//385 388//388
f 392//392 391//391 385//385
f 391//391 386//386 385//385
f 386//386 388//388 385//385
f 1030//1030 386//386 1033//1033
f 1130//1130 1033//1033 386//386
f 393//393 388//388 394//394
f 387//387 1055//1055 394//394
f 56//56 182//182 129//129
f 51//51 56//56 50//50
f 62//62 1192//1192 50//50
f 1055//1055 1060//1060 1192//1192
f 1051//1051 1056//1056 1055//1055
f 394//394 388//388 387//387
f 388//388 2390//2390 387//387
f 2390//2390 2392//2392 1051//1051
f 2390//2390 388//388 386//386
f 1006//1006 2390//2390 2389//2389
f 2392//2392 1006//1006 376//376
f 1005//1005 1006//1006 1009//1009
f 3038//3038 3028//3028 3047//3047
f 33//33 3028//3028 1036//1036
f 3028//3028 33//33 42//42
f 38//38 43//43 42//42
f 42//42 33//33 38//38
f 2760//2760 2766//2766 1502//1502
f 2443//2443 2766//2766 2760//2760
f 2443//2443 2767//2767 654//654
f 676//676 2444//2444 600//600
f 1956//1956 606//606 1053//1053
f 750//750 1053//1053 2137//2137
f 2137//2137 773//773 771//771
f 2137//2137 69//69 773//773
f 1053//1053 66//66 67//67
f 67//67 66//66 136//136
f 69//69 136//136 247//247
f 822//822 823//823 2206//2206
f 827//827 1522//1522 823//823
f 2808//2808 2491//2491 2493//2493
f 2491//2491 2494//2494 2493//2493
f 1964//1964 2494//2494 1534//1534
f 2492//2492 1534//1534 2494//2494
f 2491//2491 2492//2492 2494//2494
f 2808//2808 3093//3093 2491//2491
f 3093//3093 3661//3661 2796//2796
f 2796//2796 2491//2491 3093//3093
f 2479//2479 2491//2491 1952//1952
f 2492//2492 2479//2479 1534//1534
f 1522//1522 828//828 1534//1534
f 1534//1534 828//828 843//843
f 843//843 828//828 860//860
f 2494//2494 1964//1964 2502//2502
f 3096//3096 3094//3094 2808//2808
f 3661//3661 3667//3667 3665//3665
f 4779//4779 3955//3955 5077//5077
f 5379//5379 5381//5381 4797//4797
f 4797//4797 4798//4798 4582//4582
f 4586//4586 4812//4812 4803//4803
f 4802//4802 4803//4803 4812//4812
f 4796//4796 4582//4582 4586//4586
f 5377//5377 4787//4787 4790//4790
f 4784//4784 4777//4777 4783//4783
f 4784//4784 4160//4160 4150//4150
f 4160//4160 4784//4784 4794//4794
f 4156//4156 4158//4158 4161//4161
f 4190//4190 4208//4208 4206//4206
f 4208//4208 4207//4207 4209//4209
f 4207//4207 4227//4227 4209//4209
f 4191//4191 4189//4189 4208//4208
f 4189//4189 4427//4427 4430//4430
f 4430//4430 4211//4211 4207//4207
f 4207//4207 4211//4211 4227//4227
f 4208//4208 4209//4209 4206//4206
f 4225//4225 4206//4206 4235//4235
f 4235//4235 4224//4224 4223//4223
f 4232//4232 4233//4233 4224//4224
f 4224//4224 4233//4233 4217//4217
f 3383//3383 3847//3847 3379//3379
f 3618//3618 3359//3359 3371//3371
f 3810//3810 3383//3383 3372//3372
f 3372//3372 3383//3383 3379//3379
f 4224//4224 4217//4217 4222//4222
f 4184//4184 4186//4186 4205//4205
f 4184//4184 4204//4204 4183//4183
f 4204//4204 4178//4178 4183//4183
f 4198//4198 4202//4202 4204//4204
f 4202//4202 4201//4201 4199//4199
f 3706//3706 3705//3705 3736//3736
f 3736//3736 3704//3704 3706//3706
f 3736//3736 3734//3734 3704//3704
f 3735//3735 3704//3704 3734//3734
f 4318//4318 3705//3705 3706//3706
f 4318//4318 3123//3123 3111//3111
f 3123//3123 3124//3124 4457//4457
f 3122//3122 3111//3111 3123//3123
f 3109//3109 3122//3122 3121//3121
f 2853//2853 3109//3109 3120//3120
f 3109//3109 3108//3108 2523//2523
f 2837//2837 2520//2520 3106//3106
f 2002//2002 2518//2518 2520//2520
f 2562//2562 2003//2003 2567//2567
f 2002//2002 1984//1984 1981//1981
f 2562//2562 2563//2563 2001//2001
f 1985//1985 1981//1981 1984//1984
f 1985//1985 1977//1977 1979//1979
f 1977//1977 1995//1995 1587//1587
f 1992//1992 1994//1994 1995//1995
f 2549//2549 2552//2552 2560//2560
f 1991//1991 1993//1993 1998//1998
f 2001//2001 2563//2563 1998//1998
f 2846//2846 2563//2563 2562//2562
f 2560//2560 2563//2563 2561//2561
f 2561//2561 2550//2550 2560//2560
f 2843//2843 2587//2587 2550//2550
f 2584//2584 2588//2588 2586//2586
f 2583//2583 2584//2584 2581//2581
f 2056//2056 2061//2061 2042//2042
f 2064//2064 2074//2074 2062//2062
f 2074//2074 2051//2051 2062//2062
f 2061//2061 2013//2013 2042//2042
f 2035//2035 2013//2013 2061//2061
f 2043//2043 2053//2053 2042//2042
f 2041//2041 2037//2037 2043//2043
f 2012//2012 2041//2041 2013//2013
f 2034//2034 1646//1646 2012//2012
f 2014//2014 1637//1637 2015//2015
f 2014//2014 1642//1642 1637//1637
f 1642//1642 2014//2014 910//910
f 1640//1640 1637//1637 1573//1573
f 1576//1576 1573//1573 1572//1572
f 845//845 846//846 1572//1572
f 831//831 845//845 847//847
f 2702//2702 2697//2697 847//847
f 502//502 584//584 2702//2702
f 502//502 2702//2702 677//677
f 2686//2686 584//584 504//504
f 508//508 454//454 504//504
f 502//502 503//503 504//504
f 508//508 492//492 454//454
f 670//670 673//673 789//789
f 780//780 670//670 789//789
f 2883//2883 780//780 797//797
f 677//677 789//789 673//673
f 2932//2932 780//780 2883//2883
f 930//930 936//936 928//928
f 988//988 936//936 997//997
f 926//926 928//928 988//988
f 728//728 926//926 2926//2926
f 2926//2926 2910//2910 728//728
f 2910//2910 2926//2926 988//988
f 2910//2910 2916//2916 728//728
f 2909//2909 2910//2910 2957//2957
f 2916//2916 723//723 728//728
f 718//718 717//717 723//723
f 594//594 595//595 717//717
f 595//595 614//614 1719//1719
f 1702//1702 595//595 617//617
f 1717//1717 1668//1668 1719//1719
f 1542//1542 1656//1656 1501//1501
f 1506//1506 1542//1542 1501//1501
f 1506//1506 1433//1433 1542//1542
f 1542//1542 1433//1433 1442//1442
f 1542//1542 1442//1442 1445//1445
f 1292//1292 1176//1176 1433//1433
f 1292//1292 1090//1090 1176//1176
f 1298//1298 1090//1090 1292//1292
f 1298//1298 1091//1091 1090//1090
f 1503//1503 1433//1433 1506//1506
f 1445//1445 1549//1549 1542//1542
f 1549//1549 1445//1445 1559//1559
f 1542//1542 1549//1549 1656//1656
f 1717//1717 1632//1632 1656//1656
f 1656//1656 1668//1668 1717//1717
f 1559//1559 460//460 1547//1547
f 1727//1727 458//458 461//461
f 460//460 1461//1461 461//461
f 2675//2675 461//461 1461//1461
f 1461//1461 254//254 2675//2675
f 1329//1329 1449//1449 1179//1179
f 1449//1449 1176//1176 1179//1179
f 1433//1433 1176//1176 1442//1442
f 1180//1180 1183//1183 1184//1184
f 1095//1095 981//981 1183//1183
f 1090//1090 1083//1083 1176//1176
f 1091//1091 968//968 1090//1090
f 991//991 969//969 968//968
f 991//991 996//996 806//806
f 891//891 754//754 996//996
f 903//903 700//700 891//891
f 903//903 891//891 995//995
f 520//520 700//700 560//560
f 521//521 520//520 560//560
f 562//562 589//589 592//592
f 529//529 562//562 592//592
f 529//529 528//528 562//562
f 613//613 563//563 529//529
f 568//568 563//563 593//593
f 530//530 497//497 478//478
f 551//551 539//539 568//568
f 539//539 510//510 507//507
f 551//551 510//510 539//539
f 510//510 505//505 507//507
f 507//507 498//498 497//497
f 433//433 445//445 430//430
f 146//146 148//148 430//430
f 145//145 395//395 148//148
f 146//146 145//145 148//148
f 1219//1219 146//146 429//429
f 146//146 430//430 429//429
f 441//441 429//429 439//439
f 429//429 441//441 1219//1219
f 1217//1217 1235//1235 1219//1219
f 1295//1295 1221//1221 1217//1217
f 2402//2402 2395//2395 1260//1260
f 1220//1220 391//391 392//392
f 391//391 1130//1130 386//386
f 397//397 1109//1109 396//396
f 135//135 113//113 396//396
f 100//100 1390//1390 2407//2407
f 2407//2407 2408//2408 135//135
f 2411//2411 2408//2408 2416//2416
f 2421//2421 2416//2416 1869//1869
f 2761//2761 1480//1480 2421//2421
f 2760//2760 2762//2762 2763//2763
f 2443//2443 2760//2760 2763//2763
f 599//599 1852//1852 597//597
f 606//606 604//604 1067//1067
f 598//598 606//606 600//600
f 598//598 604//604 606//606
f 1053//1053 607//607 66//66
f 822//822 321//321 828//828
f 828//828 321//321 2646//2646
f 876//876 2800//2800 875//875
f 1594//1594 876//876 875//875
f 1594//1594 2503//2503 2502//2502
f 843//843 876//876 1594//1594
f 3096//3096 2809//2809 2816//2816
f 4756//4756 3096//3096 2816//2816
f 3096//3096 4756//4756 3094//3094
f 3667//3667 3094//3094 4756//4756
f 3963//3963 4164//4164 3956//3956
f 4791//4791 3956//3956 4164//4164
f 3953//3953 3668//3668 3963//3963
f 5077//5077 3955//3955 4791//4791
f 5077//5077 4791//4791 4792//4792
f 5077//5077 5384//5384 5380//5380
f 5379//5379 5076//5076 5380//5380
f 4798//4798 4807//4807 4809//4809
f 4811//4811 4800//4800 4824//4824
f 4824//4824 5082//5082 4811//4811
f 5082//5082 4597//4597 4811//4811
f 4598//4598 4801//4801 4811//4811
f 4801//4801 4800//4800 4811//4811
f 4598//4598 4593//4593 4801//4801
f 4794//4794 4793//4793 4801//4801
f 4801//4801 4793//4793 4800//4800
f 4166//4166 4794//4794 4593//4593
f 4591//4591 4166//4166 4594//4594
f 4594//4594 4166//4166 4593//4593
f 4794//4794 4801//4801 4593//4593
f 4598//4598 4594//4594 4593//4593
f 4598//4598 4811//4811 4597//4597
f 4800//4800 4802//4802 4812//4812
f 4793//4793 4802//4802 4800//4800
f 4784//4784 4783//4783 4794//4794
f 4166//4166 4583//4583 4161//4161
f 4166//4166 4591//4591 4583//4583
f 4592//4592 4583//4583 4591//4591
f 4431//4431 4584//4584 4592//4592
f 4592//4592 4591//4591 4595//4595
f 4595//4595 4430//4430 4431//4431
f 4210//4210 4211//4211 4595//4595
f 4595//4595 4591//4591 4596//4596
f 4597//4597 5082//5082 4825//4825
f 4605//4605 4210//4210 4606//4606
f 4606//4606 4210//4210 4596//4596
f 4605//4605 4228//4228 4210//4210
f 4228//4228 4605//4605 4245//4245
f 4607//4607 4605//4605 4606//4606
f 4837//4837 4851//4851 4842//4842
f 4835//4835 4608//4608 4837//4837
f 4840//4840 4849//4849 4245//4245
f 4849//4849 4246//4246 4245//4245
f 4246//4246 4228//4228 4245//4245
f 4229//4229 4228//4228 4242//4242
f 4235//4235 4238//4238 4236//4236
f 4262//4262 4236//4236 4261//4261
f 4234//4234 4262//4262 3627//3627
f 3379//3379 3847//3847 4234//4234
f 3379//3379 3627//3627 3371//3371
f 3823//3823 3618//3618 3371//3371
f 3618//3618 3611//3611 3359//3359
f 3359//3359 3611//3611 3607//3607
f 3362//3362 3372//3372 3371//3371
f 3843//3843 3372//3372 3362//3362
f 3372//3372 3843//3843 3844//3844
f 3844//3844 3774//3774 3809//3809
f 3774//3774 3777//3777 3775//3775
f 3774//3774 3775//3775 3776//3776
f 3775//3775 4566//4566 3776//3776
f 4566//4566 4715//4715 3776//3776
f 4566//4566 4708//4708 4715//4715
f 3775//3775 4572//4572 4566//4566
f 3777//3777 4572//4572 3775//3775
f 3777//3777 3774//3774 3805//3805
f 3807//3807 3774//3774 3844//3844
f 3807//3807 4627//4627 3805//3805
f 4739//4739 4627//4627 3807//3807
f 4627//4627 4739//4739 4559//4559
f 4559//4559 4572//4572 3777//3777
f 3827//3827 3799//3799 4559//4559
f 4568//4568 3756//3756 4708//4708
f 3799//3799 4568//4568 4708//4708
f 4453//4453 4580//4580 4579//4579
f 4580//4580 4457//4457 3733//3733
f 3774//3774 3776//3776 3778//3778
f 3774//3774 3780//3780 3809//3809
f 3734//3734 3737//3737 3778//3778
f 3780//3780 3738//3738 3813//3813
f 3738//3738 4219//4219 3813//3813
f 3124//3124 3704//3704 4457//4457
f 4457//4457 4580//4580 4453//4453
f 4457//4457 3121//3121 3123//3123
f 4380//4380 2853//2853 3136//3136
f 2839//2839 3107//3107 2840//2840
f 2840//2840 2837//2837 2839//2839
f 2003//2003 2568//2568 2567//2567
f 2600//2600 2602//2602 2601//2601
f 2846//2846 2600//2600 2601//2601
f 2846//2846 2562//2562 2567//2567
f 2859//2859 2867//2867 2860//2860
f 2581//2581 2595//2595 2594//2594
f 2592//2592 2859//2859 2593//2593
f 2859//2859 2860//2860 2593//2593
f 2860//2860 2074//2074 2593//2593
f 2074//2074 2860//2860 2051//2051
f 2062//2062 2035//2035 2061//2061
f 2012//2012 2035//2035 2034//2034
f 905//905 3110//3110 912//912
f 905//905 912//912 910//910
f 905//905 910//910 908//908
f 3097//3097 1642//1642 912//912
f 904//904 3110//3110 905//905
f 1636//1636 1575//1575 1574//1574
f 2873//2873 844//844 1575//1575
f 677//677 2872//2872 798//798
f 3016//3016 3015//3015 3006//3006
f 998//998 993//993 3005//3005
f 3015//3015 2984//2984 3006//3006
f 998//998 2986//2986 997//997
f 990//990 2986//2986 2974//2974
f 2974//2974 2973//2973 3033//3033
f 2974//2974 2959//2959 990//990
f 2956//2956 2957//2957 2959//2959
f 2901//2901 2903//2903 2909//2909
f 737//737 862//862 1749//1749
f 1742//1742 616//616 1816//1816
f 1750//1750 1749//1749 1758//1758
f 1744//1744 1750//1750 1758//1758
f 1702//1702 617//617 1742//1742
f 1703//1703 595//595 1702//1702
f 1644//1644 1641//1641 1513//1513
f 1501//1501 1703//1703 1513//1513
f 1513//1513 1641//1641 1503//1503
f 1503//1503 415//415 1433//1433
f 415//415 1292//1292 1433//1433
f 1503//1503 172//172 415//415
f 415//415 1298//1298 1292//1292
f 1001//1001 166//166 903//903
f 639//639 621//621 166//166
f 610//610 611//611 631//631
f 610//610 940//940 611//611
f 639//639 640//640 621//621
f 560//560 621//621 589//589
f 623//623 592//592 621//621
f 592//592 613//613 529//529
f 613//613 593//593 563//563
f 593//593 940//940 551//551
f 609//609 546//546 588//588
f 465//465 441//441 439//439
f 465//465 443//443 441//441
f 443//443 428//428 441//441
f 1403//1403 1395//1395 1295//1295
f 2402//2402 1220//1220 1221//1221
f 1295//1295 1395//1395 1221//1221
f 1404//1404 2417//2417 1395//1395
f 1152//1152 1130//1130 1139//1139
f 1036//1036 1152//1152 1166//1166
f 1166//1166 1168//1168 1036//1036
f 33//33 1168//1168 1110//1110
f 1388//1388 1390//1390 100//100
f 1389//1389 1388//1388 1387//1387
f 1387//1387 1849//1849 1385//1385
f 1389//1389 1387//1387 1385//1385
f 2763//2763 2762//2762 2761//2761
f 2439//2439 2442//2442 2440//2440
f 1038//1038 604//604 598//598
f 66//66 1067//1067 1148//1148
f 66//66 1148//1148 1164//1164
f 324//324 136//136 1386//1386
f 320//320 321//321 324//324
f 321//321 320//320 2646//2646
f 432//432 330//330 1493//1493
f 330//330 1386//1386 1493//1493
f 320//320 432//432 484//484
f 586//586 1686//1686 1802//1802
f 1686//1686 586//586 432//432
f 1612//1612 875//875 889//889
f 2503//2503 2515//2515 3680//3680
f 1612//1612 889//889 2830//2830
f 889//889 2021//2021 2830//2830
f 892//892 890//890 2952//2952
f 890//890 2893//2893 2952//2952
f 2021//2021 892//892 2538//2538
f 2021//2021 2538//2538 2537//2537
f 2830//2830 2021//2021 2537//2537
f 3680//3680 2515//2515 2826//2826
f 3680//3680 3681//3681 3972//3972
f 3680//3680 3972//3972 3679//3679
f 4757//4757 3678//3678 3679//3679
f 3668//3668 3673//3673 3963//3963
f 3679//3679 3969//3969 4757//4757
f 4428//4428 4588//4588 3969//3969
f 4757//4757 3969//3969 4588//4588
f 3964//3964 4757//4757 4588//4588
f 4164//4164 3963//3963 3964//3964
f 4165//4165 4585//4585 4164//4164
f 4792//4792 4585//4585 4804//4804
f 5383//5383 5380//5380 4806//4806
f 4807//4807 4806//4806 5387//5387
f 4810//4810 4807//4807 4813//4813
f 4809//4809 4810//4810 4590//4590
f 4824//4824 4800//4800 5084//5084
f 4828//4828 5082//5082 4822//4822
f 4822//4822 4816//4816 4828//4828
f 4816//4816 5084//5084 4817//4817
f 4837//4837 4828//4828 4829//4829
f 4829//4829 4821//4821 5105//5105
f 5107//5107 5101//5101 5108//5108
f 5115//5115 5114//5114 5116//5116
f 5402//5402 5404//5404 5108//5108
f 5404//5404 5400//5400 5407//5407
f 5403//5403 5406//5406 5407//5407
f 5406//5406 5114//5114 5407//5407
f 5116//5116 5114//5114 5406//5406
f 5116//5116 5121//5121 5122//5122
f 5123//5123 5121//5121 5129//5129
f 5403//5403 5121//5121 5406//5406
f 5405//5405 5103//5103 5412//5412
f 5412//5412 5129//5129 5405//5405
f 5136//5136 5421//5421 5123//5123
f 5123//5123 5417//5417 5136//5136
f 5423//5423 5421//5421 5136//5136
f 5130//5130 5120//5120 4855//4855
f 5131//5131 4851//4851 4844//4844
f 4850//4850 4851//4851 5163//5163
f 4850//4850 4842//4842 4851//4851
f 4866//4866 4841//4841 4842//4842
f 4866//4866 5160//5160 4841//4841
f 5160//5160 5192//5192 5178//5178
f 5178//5178 4616//4616 4248//4248
f 4246//4246 4247//4247 4242//4242
f 4643//4643 4644//4644 4642//4642
f 4644//4644 4643//4643 4656//4656
f 4656//4656 4643//4643 4649//4649
f 4655//4655 4643//4643 4642//4642
f 4294//4294 4293//4293 4292//4292
f 4239//4239 4241//4241 4267//4267
f 4263//4263 4239//4239 4264//4264
f 5198//5198 4262//4262 4261//4261
f 4289//4289 5203//5203 5198//5198
f 3196//3196 5203//5203 3221//3221
f 3221//3221 5203//5203 4289//4289
f 3815//3815 3611//3611 3817//3817
f 3612//3612 3611//3611 3818//3818
f 4985//4985 5035//5035 3612//3612
f 3607//3607 3611//3611 3612//3612
f 4847//4847 3363//3363 3359//3359
f 3842//3842 3363//3363 4847//4847
f 3825//3825 3839//3839 3838//3838
f 3795//3795 3755//3755 3772//3772
f 3772//3772 3756//3756 4568//4568
f 3150//3150 4453//4453 4579//4579
f 3136//3136 3120//3120 3150//3150
f 4380//4380 3136//3136 3151//3151
f 4373//4373 2838//2838 2840//2840
f 2852//2852 2848//2848 2838//2838
f 2602//2602 2600//2600 4361//4361
f 2847//2847 2597//2597 2599//2599
f 2859//2859 2861//2861 2869//2869
f 2867//2867 2859//2859 2869//2869
f 2867//2867 2603//2603 2860//2860
f 2071//2071 2052//2052 2072//2072
f 2033//2033 923//923 2014//2014
f 2014//2014 923//923 910//910
f 907//907 905//905 908//908
f 907//907 899//899 900//900
f 3162//3162 902//902 899//899
f 3088//3088 3075//3075 3087//3087
f 3087//3087 3089//3089 3088//3088
f 3098//3098 3110//3110 904//904
f 3097//3097 3098//3098 3099//3099
f 3103//3103 2884//2884 3099//3099
f 3103//3103 2935//2935 2871//2871
f 3016//3016 2935//2935 3019//3019
f 3019//3019 3089//3089 3091//3091
f 3000//3000 3002//3002 2973//2973
f 2973//2973 3002//3002 3033//3033
f 2959//2959 2974//2974 3033//3033
f 2919//2919 3033//3033 3034//3034
f 3034//3034 2941//2941 2919//2919
f 3053//3053 2941//2941 3034//3034
f 2941//2941 2920//2920 2919//2919
f 862//862 2920//2920 2941//2941
f 862//862 1758//1758 1749//1749
f 898//898 2851//2851 2858//2858
f 1744//1744 1758//1758 1835//1835
f 2858//2858 2851//2851 576//576
f 576//576 569//569 1753//1753
f 559//559 561//561 424//424
f 421//421 406//406 424//424
f 2623//2623 421//421 564//564
f 416//416 421//421 420//420
f 639//639 166//166 167//167
f 420//420 177//177 640//640
f 178//178 612//612 640//640
f 177//177 178//178 640//640
f 515//515 558//558 587//587
f 462//462 443//443 464//464
f 1862//1862 1864//1864 1385//1385
f 2412//2412 1385//1385 1864//1864
f 1864//1864 2413//2413 2412//2412
f 1867//1867 1868//1868 2413//2413
f 1868//1868 1867//1867 1881//1881
f 1867//1867 1866//1866 1881//1881
f 1923//1923 2441//2441 2445//2445
f 1920//1920 2780//2780 1923//1923
f 597//597 2780//2780 1039//1039
f 1038//1038 1057//1057 604//604
f 604//604 1057//1057 1137//1137
f 1157//1157 1164//1164 1137//1137
f 1379//1379 1164//1164 1157//1157
f 1137//1137 1057//1057 1157//1157
f 1496//1496 1057//1057 1495//1495
f 1499//1499 1495//1495 2192//2192
f 1495//1495 1940//1940 2192//2192
f 2782//2782 2780//2780 1940//1940
f 1921//1921 1940//1940 1920//1920
f 1940//1940 1939//1939 2192//2192
f 1920//1920 1917//1917 1921//1921
f 1939//1939 1918//1918 1938//1938
f 1938//1938 3084//3084 3079//3079
f 1938//1938 2192//2192 1939//1939
f 1499//1499 1500//1500 1495//1495
f 1157//1157 2598//2598 1379//1379
f 1405//1405 1386//1386 1383//1383
f 1569//1569 1493//1493 1405//1405
f 1610//1610 1568//1568 1686//1686
f 1610//1610 1569//1569 1605//1605
f 1693//1693 1554//1554 1568//1568
f 1568//1568 1554//1554 1765//1765
f 1802//1802 1768//1768 835//835
f 1855//1855 1765//1765 1846//1846
f 1855//1855 1919//1919 3126//3126
f 2830//2830 2537//2537 3104//3104
f 3105//3105 3104//3104 3686//3686
f 3972//3972 3681//3681 3682//3682
f 3682//3682 4177//4177 3972//3972
f 4600//4600 3972//3972 4177//4177
f 4175//4175 3972//3972 4600//4600
f 3970//3970 3679//3679 4175//4175
f 5086//5086 4588//4588 4428//4428
f 4585//4585 4165//4165 4804//4804
f 4804//4804 5079//5079 4792//4792
f 5387//5387 5386//5386 5388//5388
f 5387//5387 5388//5388 5391//5391
f 5387//5387 4818//4818 4813//4813
f 4590//4590 4815//4815 4816//4816
f 5094//5094 5101//5101 4815//4815
f 5094//5094 5102//5102 5108//5108
f 5394//5394 5402//5402 5102//5102
f 5402//5402 5108//5108 5102//5102
f 5401//5401 5397//5397 5403//5403
f 4827//4827 5104//5104 4826//4826
f 4827//4827 5111//5111 5104//5104
f 5412//5412 5413//5413 5417//5417
f 5128//5128 5119//5119 5117//5117
f 5417//5417 5413//5413 5138//5138
f 5127//5127 5138//5138 5419//5419
f 5146//5146 5148//5148 5152//5152
f 5141//5141 5148//5148 5138//5138
f 5141//5141 5127//5127 4863//4863
f 5153//5153 5155//5155 5141//5141
f 5148//5148 5141//5141 5152//5152
f 5164//5164 5165//5165 5430//5430
f 5173//5173 5165//5165 5164//5164
f 5173//5173 5164//5164 5174//5174
f 5171//5171 5173//5173 5174//5174
f 5174//5174 5168//5168 5171//5171
f 5165//5165 5173//5173 5172//5172
f 5172//5172 5166//5166 5165//5165
f 5430//5430 5168//5168 5174//5174
f 5174//5174 5164//5164 5430//5430
f 5149//5149 5424//5424 4856//4856
f 5424//5424 4854//4854 4856//4856
f 4857//4857 4867//4867 4858//4858
f 4853//4853 4852//4852 4857//4857
f 4852//4852 4869//4869 4868//4868
f 5186//5186 5161//5161 4850//4850
f 4867//4867 5162//5162 5181//5181
f 4868//4868 5162//5162 4867//4867
f 4870//4870 5166//5166 5439//5439
f 4869//4869 5165//5165 5166//5166
f 5162//5162 5180//5180 5181//5181
f 5192//5192 5161//5161 5186//5186
f 5195//5195 5192//5192 5186//5186
f 5180//5180 5162//5162 5440//5440
f 5202//5202 5194//5194 5441//5441
f 5451//5451 5201//5201 5441//5441
f 5201//5201 5202//5202 5441//5441
f 5460//5460 5201//5201 5461//5461
f 4636//4636 5199//5199 5460//5460
f 4641//4641 4642//4642 4636//4636
f 5218//5218 4641//4641 5460//5460
f 4655//4655 5218//5218 5234//5234
f 5234//5234 5218//5218 5235//5235
f 5466//5466 4907//4907 5236//5236
f 5466//5466 5236//5236 5237//5237
f 5235//5235 5218//5218 5237//5237
f 5461//5461 5201//5201 5451//5451
f 5222//5222 4907//4907 5466//5466
f 4910//4910 4650//4650 4908//4908
f 4650//4650 5234//5234 5236//5236
f 4924//4924 4649//4649 4652//4652
f 4930//4930 4918//4918 4925//4925
f 4930//4930 4928//4928 4926//4926
f 4920//4920 4930//4930 4925//4925
f 4928//4928 4927//4927 5260//5260
f 5260//5260 4927//4927 5507//5507
f 5493//5493 5246//5246 5507//5507
f 4922//4922 5493//5493 4927//4927
f 5246//5246 5493//5493 5247//5247
f 5251//5251 5246//5246 5247//5247
f 5251//5251 5252//5252 5246//5246
f 5245//5245 5251//5251 5247//5247
f 5250//5250 5251//5251 5245//5245
f 5500//5500 5250//5250 5245//5245
f 4935//4935 5249//5249 5250//5250
f 5250//5250 5249//5249 5251//5251
f 5493//5493 5507//5507 4927//4927
f 4924//4924 4921//4921 4920//4920
f 4922//4922 4923//4923 5493//5493
f 4910//4910 4923//4923 4650//4650
f 4923//4923 5247//5247 5493//5493
f 4909//4909 4910//4910 4908//4908
f 5247//5247 5244//5244 5245//5245
f 5245//5245 5243//5243 5488//5488
f 5500//5500 4935//4935 5250//5250
f 4935//4935 5500//5500 4934//4934
f 5251//5251 5249//5249 5252//5252
f 5246//5246 5252//5252 4940//4940
f 5246//5246 4940//4940 5507//5507
f 5260//5260 5507//5507 4940//4940
f 4942//4942 5260//5260 4940//4940
f 4940//4940 4941//4941 4942//4942
f 4942//4942 5259//5259 5260//5260
f 5259//5259 5261//5261 5260//5260
f 4944//4944 5259//5259 4942//4942
f 5253//5253 4941//4941 4940//4940
f 4949//4949 4944//4944 4941//4941
f 4942//4942 4941//4941 4944//4944
f 4951//4951 5278//5278 5279//5279
f 5279//5279 5280//5280 5256//5256
f 5278//5278 5294//5294 5280//5280
f 5274//5274 5276//5276 5280//5280
f 5256//5256 5280//5280 5276//5276
f 5255//5255 5257//5257 5256//5256
f 5255//5255 4295//4295 5257//5257
f 5256//5256 5261//5261 5259//5259
f 4928//4928 5260//5260 5261//5261
f 5256//5256 5257//5257 4928//4928
f 4926//4926 4308//4308 4918//4918
f 4279//4279 4277//4277 4267//4267
f 4039//4039 3194//3194 3216//3216
f 3822//3822 5203//5203 3194//3194
f 4036//4036 3822//3822 3194//3194
f 3822//3822 4036//4036 3817//3817
f 4036//4036 3194//3194 4039//4039
f 4041//4041 4040//4040 4036//4036
f 4041//4041 5069//5069 4040//4040
f 3984//3984 5063//5063 5184//5184
f 5063//5063 4996//4996 5185//5185
f 5184//5184 5185//5185 5368//5368
f 5063//5063 5185//5185 5184//5184
f 3790//3790 3793//3793 4963//4963
f 3790//3790 4963//4963 3984//3984
f 5182//5182 5184//5184 5297//5297
f 5176//5176 5182//5182 5297//5297
f 5150//5150 5154//5154 5284//5284
f 5176//5176 4323//4323 5284//5284
f 4368//4368 4323//4323 5176//5176
f 5297//5297 4368//4368 5176//5176
f 5158//5158 5182//5182 5176//5176
f 5184//5184 5158//5158 3984//3984
f 3978//3978 3984//3984 5158//5158
f 3976//3976 3978//3978 5158//5158
f 3974//3974 3978//3978 3976//3976
f 3790//3790 3984//3984 3978//3978
f 3793//3793 3697//3697 3701//3701
f 3793//3793 3580//3580 4963//4963
f 4996//4996 5063//5063 4968//4968
f 3580//3580 4979//4979 4963//4963
f 4968//4968 4979//4979 4969//4969
f 3597//3597 4979//4979 3580//3580
f 3597//3597 3580//3580 3487//3487
f 3820//3820 4696//4696 4781//4781
f 3819//3819 3820//3820 3824//3824
f 3348//3348 3824//3824 3820//3820
f 3821//3821 3819//3819 3824//3824
f 3803//3803 4599//4599 3819//3819
f 4599//4599 3803//3803 4754//4754
f 4754//4754 4702//4702 4599//4599
f 3771//3771 3753//3753 3153//3153
f 3771//3771 3153//3153 3156//3156
f 4619//4619 4553//4553 4434//4434
f 4434//4434 4553//4553 4557//4557
f 4493//4493 4434//4434 4557//4557
f 4557//4557 4553//4553 3744//3744
f 4426//4426 4493//4493 4557//4557
f 3152//3152 4434//4434 4374//4374
f 4367//4367 4373//4373 4374//4374
f 2852//2852 4373//4373 4367//4367
f 2602//2602 2865//2865 2864//2864
f 2864//2864 2862//2862 2847//2847
f 2881//2881 2880//2880 2864//2864
f 2880//2880 3143//3143 3138//3138
f 3140//3140 2863//2863 2880//2880
f 2076//2076 2072//2072 2603//2603
f 1673//1673 2047//2047 1675//1675
f 1673//1673 1675//1675 1674//1674
f 952//952 1673//1673 1677//1677
f 935//935 2047//2047 937//937
f 943//943 1667//1667 1670//1670
f 935//935 937//937 929//929
f 919//919 920//920 923//923
f 908//908 920//920 918//918
f 919//919 929//929 3207//3207
f 918//918 3212//3212 899//899
f 3212//3212 3162//3162 899//899
f 3159//3159 3162//3162 3198//3198
f 3155//3155 3085//3085 3160//3160
f 3050//3050 3134//3134 3155//3155
f 3134//3134 3049//3049 3081//3081
f 3053//3053 3034//3034 3049//3049
f 3050//3050 3056//3056 3053//3053
f 3059//3059 3053//3053 3056//3056
f 2945//2945 2941//2941 3053//3053
f 3042//3042 862//862 2945//2945
f 1758//1758 862//862 1835//1835
f 2850//2850 2851//2851 898//898
f 576//576 2851//2851 1760//1760
f 1759//1759 570//570 1760//1760
f 2723//2723 569//569 570//570
f 2623//2623 564//564 2723//2723
f 180//180 178//178 2733//2733
f 2618//2618 193//193 180//180
f 634//634 619//619 204//204
f 204//204 618//618 193//193
f 587//587 618//618 619//619
f 615//615 619//619 634//634
f 59//59 615//615 634//634
f 634//634 235//235 59//59
f 235//235 60//60 59//59
f 59//59 1898//1898 585//585
f 59//59 585//585 615//615
f 515//515 585//585 555//555
f 555//555 556//556 462//462
f 1861//1861 1404//1404 1395//1395
f 1879//1879 2449//2449 1880//1880
f 1880//1880 1404//1404 1861//1861
f 2429//2429 2417//2417 1404//1404
f 2419//2419 2396//2396 2430//2430
f 1849//1849 1856//1856 1850//1850
f 1850//1850 1854//1854 2432//2432
f 2433//2433 1862//1862 1850//1850
f 2770//2770 1862//1862 2768//2768
f 2434//2434 1881//1881 1866//1866
f 2777//2777 3076//3076 2776//2776
f 2792//2792 3079//3079 2777//2777
f 1938//1938 3079//3079 2792//2792
f 1938//1938 2792//2792 2246//2246
f 317//317 2190//2190 2804//2804
f 2598//2598 2591//2591 2604//2604
f 1569//1569 1396//1396 1605//1605
f 1693//1693 1605//1605 2662//2662
f 1396//1396 2604//2604 2662//2662
f 1551//1551 517//517 1841//1841
f 1855//1855 1846//1846 1895//1895
f 1895//1895 1115//1115 1919//1919
f 4302//4302 925//925 1114//1114
f 3126//3126 1919//1919 3171//3171
f 3128//3128 1661//1661 2589//2589
f 2590//2590 2589//2589 1658//1658
f 2855//2855 2069//2069 2607//2607
f 3727//3727 3718//3718 2855//2855
f 2857//2857 2855//2855 3718//3718
f 3128//3128 2590//2590 3131//3131
f 4177//4177 3682//3682 3973//3973
f 4600//4600 4176//4176 4175//4175
f 4428//4428 4175//4175 4176//4176
f 5388//5388 5079//5079 4804//4804
f 5089//5089 5100//5100 5397//5397
f 5092//5092 5091//5091 5397//5397
f 5091//5091 5394//5394 5392//5392
f 5085//5085 4600//4600 4601//4601
f 4193//4193 4602//4602 4600//4600
f 4193//4193 3975//3975 4602//4602
f 4433//4433 3975//3975 4432//4432
f 4433//4433 4826//4826 4820//4820
f 4826//4826 4433//4433 4604//4604
f 4612//4612 4860//4860 4839//4839
f 4612//4612 4436//4436 4437//4437
f 4437//4437 4438//4438 4613//4613
f 4613//4613 4438//4438 4440//4440
f 4249//4249 4444//4444 4440//4440
f 4871//4871 4872//4872 4874//4874
f 5430//5430 5152//5152 5168//5168
f 5429//5429 5155//5155 5432//5432
f 5170//5170 5432//5432 5433//5433
f 5175//5175 5170//5170 5189//5189
f 5432//5432 5170//5170 5168//5168
f 5170//5170 5171//5171 5168//5168
f 5171//5171 5172//5172 5173//5173
f 5172//5172 5439//5439 5166//5166
f 5438//5438 5440//5440 5439//5439
f 5441//5441 5440//5440 5438//5438
f 5194//5194 5440//5440 5441//5441
f 5463//5463 5464//5464 5458//5458
f 5216//5216 5466//5466 5463//5463
f 5230//5230 5222//5222 5221//5221
f 5477//5477 4906//4906 4909//4909
f 5476//5476 5480//5480 4912//4912
f 5486//5486 5487//5487 5491//5491
f 5486//5486 5243//5243 5487//5487
f 5473//5473 5474//5474 5478//5478
f 5485//5485 5494//5494 5490//5490
f 5490//5490 5494//5494 5491//5491
f 5490//5490 5491//5491 5487//5487
f 5491//5491 5503//5503 5486//5486
f 5486//5486 5503//5503 5509//5509
f 5506//5506 5511//5511 5263//5263
f 5506//5506 5263//5263 4934//4934
f 4936//4936 4941//4941 4935//4935
f 4936//4936 4949//4949 4941//4941
f 4950//4950 4949//4949 4946//4946
f 4958//4958 4946//4946 5286//5286
f 5307//5307 5304//5304 4958//4958
f 5524//5524 5302//5302 5292//5292
f 5524//5524 5518//5518 5520//5520
f 5524//5524 5292//5292 5518//5518
f 5520//5520 5517//5517 5316//5316
f 5520//5520 5316//5316 5540//5540
f 5528//5528 5540//5540 5316//5316
f 5531//5531 5532//5532 5530//5530
f 5530//5530 5524//5524 5520//5520
f 5532//5532 5306//5306 5302//5302
f 5533//5533 5306//5306 5532//5532
f 5337//5337 5321//5321 5322//5322
f 5331//5331 5328//5328 5337//5337
f 4974//4974 5330//5330 5338//5338
f 4974//4974 4989//4989 4990//4990
f 4990//4990 4976//4976 4974//4974
f 5330//5330 4976//4976 4970//4970
f 5324//5324 5313//5313 4970//4970
f 4965//4965 4962//4962 5311//5311
f 4314//4314 4962//4962 4961//4961
f 4314//4314 4961//4961 4307//4307
f 5311//5311 4962//4962 4314//4314
f 4309//4309 4295//4295 5255//5255
f 4279//4279 4298//4298 4307//4307
f 5254//5254 4314//4314 4307//4307
f 4307//4307 4961//4961 4306//4306
f 3219//3219 4288//4288 4304//4304
f 4306//4306 3234//3234 4304//4304
f 3221//3221 3220//3220 3219//3219
f 3218//3218 3196//3196 3221//3221
f 5367//5367 5436//5436 5435//5435
f 5436//5436 4387//4387 4713//4713
f 4271//4271 4387//4387 5436//5436
f 4387//4387 4271//4271 4041//4041
f 5367//5367 4271//4271 5436//5436
f 5367//5367 4265//4265 4271//4271
f 5434//5434 5363//5363 5368//5368
f 4365//4365 4323//4323 4368//4368
f 4322//4322 5150//5150 5284//5284
f 5143//5143 5096//5096 5150//5150
f 5096//5096 5143//5143 4019//4019
f 5109//5109 5096//5096 4019//4019
f 3967//3967 4018//4018 4019//4019
f 3957//3957 3974//3974 3967//3967
f 3967//3967 3974//3974 4018//4018
f 3957//3957 3779//3779 3974//3974
f 3540//3540 3410//3410 3456//3456
f 4899//4899 3509//3509 4901//4901
f 4899//4899 4901//4901 4938//4938
f 3933//3933 4899//4899 4938//4938
f 3933//3933 3671//3671 4899//4899
f 3766//3766 3933//3933 3989//3989
f 2911//2911 3989//3989 4016//4016
f 5143//5143 5095//5095 4016//4016
f 4016//4016 3935//3935 4019//4019
f 3935//3935 3957//3957 3967//3967
f 4938//4938 3957//3957 3935//3935
f 3933//3933 4938//4938 3935//3935
f 3933//3933 3935//3935 4016//4016
f 3989//3989 3933//3933 4016//4016
f 3861//3861 3766//3766 3989//3989
f 3766//3766 3671//3671 3933//3933
f 4938//4938 4901//4901 3957//3957
f 4901//4901 3509//3509 3540//3540
f 3779//3779 3957//3957 4901//4901
f 3935//3935 3967//3967 4019//4019
f 4016//4016 4019//4019 5143//5143
f 5154//5154 5096//5096 5109//5109
f 5154//5154 5176//5176 5284//5284
f 5157//5157 5158//5158 5176//5176
f 5157//5157 5154//5154 5109//5109
f 4019//4019 4018//4018 5109//5109
f 3976//3976 5109//5109 4018//4018
f 4018//4018 3974//3974 3976//3976
f 3779//3779 4901//4901 3687//3687
f 3974//3974 3779//3779 3790//3790
f 3701//3701 3560//3560 3467//3467
f 3701//3701 3574//3574 3793//3793
f 3574//3574 3701//3701 3467//3467
f 3574//3574 3467//3467 3486//3486
f 3468//3468 3328//3328 3349//3349
f 3803//3803 3819//3819 3821//3821
f 3800//3800 3801//3801 3787//3787
f 3786//3786 3787//3787 3801//3801
f 3787//3787 3786//3786 3788//3788
f 3749//3749 3750//3750 3788//3788
f 3750//3750 3749//3749 4619//4619
f 3750//3750 4619//4619 4702//4702
f 3744//3744 3145//3145 4557//4557
f 4557//4557 3145//3145 4426//4426
f 3144//3144 3145//3145 3149//3149
f 2885//2885 2876//2876 3140//3140
f 2079//2079 2071//2071 2076//2076
f 1673//1673 1674//1674 1677//1677
f 1679//1679 952//952 1677//1677
f 937//937 943//943 941//941
f 3337//3337 3325//3325 931//931
f 3283//3283 931//931 3325//3325
f 3205//3205 3283//3283 3289//3289
f 3283//3283 3205//3205 3207//3207
f 3205//3205 3198//3198 3207//3207
f 3289//3289 3197//3197 3205//3205
f 3155//3155 3056//3056 3050//3050
f 3197//3197 3184//3184 3154//3154
f 3059//3059 3056//3056 3058//3058
f 3183//3183 1058//1058 3058//3058
f 980//980 3042//3042 3059//3059
f 3058//3058 1058//1058 979//979
f 898//898 861//861 980//980
f 888//888 2850//2850 906//906
f 979//979 971//971 897//897
f 878//878 888//888 877//877
f 879//879 877//877 956//956
f 1043//1043 956//956 1126//1126
f 1043//1043 914//914 894//894
f 1182//1182 914//914 1123//1123
f 895//895 3062//3062 882//882
f 2946//2946 882//882 3062//3062
f 3062//3062 1990//1990 2946//2946
f 2946//2946 1922//1922 884//884
f 1922//1922 1873//1873 884//884
f 1990//1990 1922//1922 2946//2946
f 1182//1182 1990//1990 3062//3062
f 914//914 1182//1182 3062//3062
f 914//914 1043//1043 1123//1123
f 3062//3062 895//895 914//914
f 1127//1127 1043//1043 1126//1126
f 879//879 894//894 887//887
f 894//894 956//956 1043//1043
f 894//894 880//880 887//887
f 879//879 878//878 877//877
f 888//888 878//878 1838//1838
f 2817//2817 1838//1838 878//878
f 2725//2725 1759//1759 1838//1838
f 1838//1838 2817//2817 2791//2791
f 2817//2817 2771//2771 2791//2791
f 2771//2771 2716//2716 2714//2714
f 2711//2711 2714//2714 2716//2716
f 2726//2726 2725//2725 2733//2733
f 2620//2620 2618//2618 2733//2733
f 193//193 203//203 204//204
f 2432//2432 1854//1854 2453//2453
f 2475//2475 2467//2467 2465//2465
f 2794//2794 2793//2793 2802//2802
f 1987//1987 1571//1571 1548//1548
f 1035//1035 1846//1846 1858//1858
f 4302//4302 1114//1114 4281//4281
f 3727//3727 2855//2855 2607//2607
f 4883//4883 3725//3725 4956//4956
f 4954//4954 4956//4956 4551//4551
f 4610//4610 3768//3768 3765//3765
f 3768//3768 3762//3762 3759//3759
f 3747//3747 3759//3759 4535//4535
f 3747//3747 4535//4535 3746//3746
f 3724//3724 4443//4443 3746//3746
f 4551//4551 4956//4956 3762//3762
f 4956//4956 3725//3725 3762//3762
f 3768//3768 4551//4551 3762//3762
f 4610//4610 4551//4551 3768//3768
f 4954//4954 5013//5013 4993//4993
f 4919//4919 4956//4956 4993//4993
f 4956//4956 4954//4954 4993//4993
f 4954//4954 4551//4551 4610//4610
f 4883//4883 4496//4496 3725//3725
f 4496//4496 4883//4883 3718//3718
f 4496//4496 3727//3727 3725//3725
f 3688//3688 4838//4838 4429//4429
f 4432//4432 4196//4196 4609//4609
f 5117//5117 4604//4604 4433//4433
f 5117//5117 4609//4609 4839//4839
f 4612//4612 4839//4839 4609//4609
f 3129//3129 4838//4838 3688//3688
f 3694//3694 4875//4875 3982//3982
f 3129//3129 3694//3694 3983//3983
f 3987//3987 3993//3993 4230//4230
f 3987//3987 4230//4230 3985//3985
f 4249//4249 4254//4254 4444//4444
f 4452//4452 4874//4874 4446//4446
f 5159//5159 4879//4879 5433//5433
f 5153//5153 4877//4877 4879//4879
f 5432//5432 5159//5159 5433//5433
f 5189//5189 5433//5433 4879//4879
f 4881//4881 4880//4880 5437//5437
f 5437//5437 5438//5438 4878//4878
f 4891//4891 5196//5196 4890//4890
f 5441//5441 4891//4891 5452//5452
f 4892//4892 4890//4890 4888//4888
f 5458//5458 5452//5452 4893//4893
f 5209//5209 5463//5463 4893//4893
f 5225//5225 5221//5221 5215//5215
f 5216//5216 5215//5215 5221//5221
f 5215//5215 4895//4895 5208//5208
f 5223//5223 5213//5213 5208//5208
f 5476//5476 5230//5230 5225//5225
f 5476//5476 5224//5224 5472//5472
f 5223//5223 5224//5224 5213//5213
f 5472//5472 5224//5224 5465//5465
f 5465//5465 5468//5468 5472//5472
f 5471//5471 5480//5480 5472//5472
f 5473//5473 5478//5478 5479//5479
f 5471//5471 5473//5473 5480//5480
f 5471//5471 5238//5238 5474//5474
f 5238//5238 5220//5220 4905//4905
f 4903//4903 5241//5241 5239//5239
f 4900//4900 4903//4903 5239//5239
f 4902//4902 4639//4639 4458//4458
f 4639//4639 4459//4459 4458//4458
f 4902//4902 4903//4903 4632//4632
f 4634//4634 4459//4459 4639//4639
f 4903//4903 4902//4902 5241//5241
f 4900//4900 5483//5483 4905//4905
f 5238//5238 4905//4905 5478//5478
f 5220//5220 4900//4900 4905//4905
f 5478//5478 5485//5485 5490//5490
f 5478//5478 4905//4905 5485//5485
f 4900//4900 5239//5239 5483//5483
f 5494//5494 5485//5485 5501//5501
f 5491//5491 5494//5494 5502//5502
f 5494//5494 5501//5501 5502//5502
f 5509//5509 5503//5503 5510//5510
f 5512//5512 5263//5263 5511//5511
f 5287//5287 5268//5268 5266//5266
f 5268//5268 5512//5512 5266//5266
f 4948//4948 5264//5264 5270//5270
f 5270//5270 5268//5268 5288//5288
f 5301//5301 4958//4958 5286//5286
f 5299//5299 5292//5292 5290//5290
f 5515//5515 5265//5265 5290//5290
f 5299//5299 5517//5517 5518//5518
f 5531//5531 5530//5530 5540//5540
f 5531//5531 5542//5542 5335//5335
f 5322//5322 5532//5532 5531//5531
f 5336//5336 5328//5328 5331//5331
f 5331//5331 5335//5335 5336//5336
f 5561//5561 5555//5555 5563//5563
f 5561//5561 5563//5563 5564//5564
f 5561//5561 5564//5564 5575//5575
f 5555//5555 4988//4988 5328//5328
f 5561//5561 4986//4986 5555//5555
f 4983//4983 4986//4986 5561//5561
f 4984//4984 4976//4976 4990//4990
f 4337//4337 4336//4336 4685//4685
f 4328//4328 4965//4965 5323//5323
f 4965//4965 4961//4961 4962//4962
f 4961//4961 4326//4326 4306//4306
f 3260//3260 3245//3245 3247//3247
f 3245//3245 3260//3260 3256//3256
f 3256//3256 3257//3257 3245//3245
f 3257//3257 3258//3258 3245//3245
f 3247//3247 3233//3233 3234//3234
f 3245//3245 3258//3258 3231//3231
f 3230//3230 3229//3229 3231//3231
f 4830//4830 4831//4831 3258//3258
f 4939//4939 4830//4830 5078//5078
f 5207//5207 3413//3413 3414//3414
f 3413//3413 5207//5207 5329//5329
f 3413//3413 5329//5329 5426//5426
f 5426//5426 3462//3462 3413//3413
f 5207//5207 3414//3414 3391//3391
f 5078//5078 3391//3391 5074//5074
f 5078//5078 5207//5207 3391//3391
f 4830//4830 3258//3258 5078//5078
f 5207//5207 5078//5078 3259//3259
f 3259//3259 5329//5329 5207//5207
f 5427//5427 5426//5426 5329//5329
f 3462//3462 5426//5426 5566//5566
f 5562//5562 5566//5566 3502//3502
f 5562//5562 3502//3502 3497//3497
f 3498//3498 3500//3500 5562//5562
f 3492//3492 3465//3465 3500//3500
f 3444//3444 3443//3443 3413//3413
f 3442//3442 3438//3438 3444//3444
f 3443//3443 3444//3444 3438//3438
f 3416//3416 3413//3413 3443//3443
f 3416//3416 3414//3414 3413//3413
f 5078//5078 5074//5074 4939//4939
f 4830//4830 4939//4939 4704//4704
f 4830//4830 3230//3230 4831//4831
f 3230//3230 4713//4713 3217//3217
f 5435//5435 5436//5436 4713//4713
f 4819//4819 5435//5435 4704//4704
f 5434//5434 5367//5367 4699//4699
f 4693//4693 5505//5505 4814//4814
f 3346//3346 4819//4819 4933//4933
f 5543//5543 4693//4693 4814//4814
f 3346//3346 5543//5543 4814//4814
f 5543//5543 5544//5544 4693//4693
f 4539//4539 4693//4693 5499//5499
f 5505//5505 4693//4693 4439//4439
f 4439//4439 4539//4539 4365//4365
f 4539//4539 5411//5411 4365//4365
f 4327//4327 4323//4323 4365//4365
f 5393//5393 4327//4327 5411//5411
f 5395//5395 4353//4353 5340//5340
f 4353//4353 4237//4237 5340//5340
f 4322//4322 5248//5248 5150//5150
f 3189//3189 5142//5142 5248//5248
f 5143//5143 5150//5150 5248//5248
f 2915//2915 2911//2911 5095//5095
f 5095//5095 2911//2911 4016//4016
f 3173//3173 3989//3989 2911//2911
f 3861//3861 3989//3989 3173//3173
f 3861//3861 3730//3730 3766//3766
f 3730//3730 3671//3671 3766//3766
f 3730//3730 3656//3656 3671//3671
f 3671//3671 3656//3656 4899//4899
f 3832//3832 4845//4845 3858//3858
f 3858//3858 4845//4845 3322//3322
f 3540//3540 3509//3509 3410//3410
f 3322//3322 4845//4845 3410//3410
f 3467//3467 3468//3468 3486//3486
f 3468//3468 3410//3410 4845//4845
f 4845//4845 3831//3831 3328//3328
f 3831//3831 4845//4845 3829//3829
f 3801//3801 3800//3800 3829//3829
f 4786//4786 4764//4764 3801//3801
f 3788//3788 4673//4673 3743//3743
f 4673//4673 3788//3788 3786//3786
f 3744//3744 3743//3743 3741//3741
f 4633//4633 3149//3149 4673//4673
f 3138//3138 4511//4511 3161//3161
f 3161//3161 2885//2885 3138//3138
f 2611//2611 2885//2885 3161//3161
f 3161//3161 2891//2891 2611//2611
f 2885//2885 2886//2886 2876//2876
f 2886//2886 2609//2609 2608//2608
f 2609//2609 1684//1684 2079//2079
f 1683//1683 1679//1679 2080//2080
f 957//957 959//959 1361//1361
f 3436//3436 957//957 1367//1367
f 1172//1172 1198//1198 1210//1210
f 1175//1175 1101//1101 3267//3267
f 1147//1147 2030//2030 1156//1156
f 956//956 962//962 2030//2030
f 1194//1194 2102//2102 1265//1265
f 1127//1127 1123//1123 1043//1043
f 1931//1931 1873//1873 1999//1999
f 1007//1007 1931//1931 1999//1999
f 2019//2019 1007//1007 1999//1999
f 1931//1931 816//816 1873//1873
f 816//816 2774//2774 1873//1873
f 1873//1873 2774//2774 884//884
f 2774//2774 2716//2716 2818//2818
f 2711//2711 2716//2716 2774//2774
f 536//536 537//537 2754//2754
f 810//810 536//536 816//816
f 810//810 824//824 536//536
f 810//810 826//826 824//824
f 826//826 810//810 1012//1012
f 1007//1007 810//810 1931//1931
f 536//536 2711//2711 816//816
f 816//816 2711//2711 2774//2774
f 1931//1931 810//810 816//816
f 884//884 2774//2774 2818//2818
f 2716//2716 2771//2771 2818//2818
f 2711//2711 2754//2754 2714//2714
f 2711//2711 536//536 2754//2754
f 542//542 2631//2631 537//537
f 2631//2631 542//542 231//231
f 2754//2754 203//203 2620//2620
f 231//231 235//235 213//213
f 2631//2631 231//231 213//213
f 2500//2500 2488//2488 2499//2499
f 2475//2475 2783//2783 2467//2467
f 2793//2793 2803//2803 2802//2802
f 864//864 872//872 1548//1548
f 1987//1987 1548//1548 872//872
f 2829//2829 1858//1858 2517//2517
f 2829//2829 1989//1989 2833//2833
f 1989//1989 2829//2829 2517//2517
f 3102//3102 4266//4266 2828//2828
f 4312//4312 4266//4266 3102//3102
f 2833//2833 1989//1989 2828//2828
f 2836//2836 2833//2833 2835//2835
f 3693//3693 4281//4281 2835//2835
f 3693//3693 4297//4297 4281//4281
f 3133//3133 2606//2606 4297//4297
f 3759//3759 3762//3762 3725//3725
f 4471//4471 3132//3132 4535//4535
f 3132//3132 3724//3724 4535//4535
f 4543//4543 3746//3746 4443//4443
f 3764//3764 3746//3746 4543//4543
f 4954//4954 4610//4610 4987//4987
f 4987//4987 4610//4610 4618//4618
f 4987//4987 5013//5013 4954//4954
f 5038//5038 3988//3988 5013//5013
f 3987//3987 4919//4919 3988//3988
f 4919//4919 4993//4993 3988//3988
f 4956//4956 4919//4919 4883//4883
f 3694//3694 3718//3718 4875//4875
f 4883//4883 4919//4919 4875//4875
f 3987//3987 4875//4875 4919//4919
f 4230//4230 3998//3998 4249//4249
f 4444//4444 4254//4254 4251//4251
f 4258//4258 4251//4251 4254//4254
f 4448//4448 4272//4272 4452//4452
f 4626//4626 4452//4452 4455//4455
f 4624//4624 4623//4623 5197//5197
f 4880//4880 5190//5190 4889//4889
f 5442//5442 5449//5449 4889//4889
f 5196//5196 4880//4880 4890//4890
f 4880//4880 4889//4889 4890//4890
f 4888//4888 5455//5455 4895//4895
f 5455//5455 5208//5208 4895//4895
f 5223//5223 5465//5465 5224//5224
f 5468//5468 5210//5210 5238//5238
f 5210//5210 5211//5211 5206//5206
f 5210//5210 5220//5220 5238//5238
f 4900//4900 5220//5220 4903//4903
f 4902//4902 4632//4632 4639//4639
f 4010//4010 4015//4015 4285//4285
f 4010//4010 5271//5271 4015//4015
f 4461//4461 4458//4458 4285//4285
f 4282//4282 4285//4285 4015//4015
f 4010//4010 4285//4285 4459//4459
f 4658//4658 4902//4902 4458//4458
f 5483//5483 4931//4931 5501//5501
f 5501//5501 5508//5508 5504//5504
f 5501//5501 4931//4931 5508//5508
f 4945//4945 5262//5262 4932//4932
f 5508//5508 4932//4932 5282//5282
f 5510//5510 5504//5504 5508//5508
f 5512//5512 5510//5510 5508//5508
f 5291//5291 5287//5287 5515//5515
f 5266//5266 5512//5512 5265//5265
f 5283//5283 5289//5289 5296//5296
f 4955//4955 4662//4662 4668//4668
f 5315//5315 5341//5341 5546//5546
f 5315//5315 5327//5327 5341//5341
f 5342//5342 5546//5546 5341//5341
f 5553//5553 5547//5547 5342//5342
f 5560//5560 5567//5567 5559//5559
f 5568//5568 5570//5570 5567//5567
f 5569//5569 5561//5561 5575//5575
f 5001//5001 4983//4983 5569//5569
f 5009//5009 4997//4997 5004//5004
f 4998//4998 4990//4990 4997//4997
f 5008//5008 4982//4982 4691//4691
f 4982//4982 4973//4973 4984//4984
f 4336//4336 4982//4982 5007//5007
f 5007//5007 4685//4685 4336//4336
f 5008//5008 5007//5007 4982//4982
f 4685//4685 4690//4690 3316//3316
f 3316//3316 3463//3463 3292//3292
f 3281//3281 4337//4337 3316//3316
f 3281//3281 3263//3263 4337//4337
f 3316//3316 4337//4337 4685//4685
f 4336//4336 4337//4337 4328//4328
f 4326//4326 4328//4328 3262//3262
f 3261//3261 3263//3263 3281//3281
f 3286//3286 3280//3280 3281//3281
f 3281//3281 3280//3280 3261//3261
f 3261//3261 3280//3280 3255//3255
f 3255//3255 3280//3280 3287//3287
f 3287//3287 3280//3280 3286//3286
f 3259//3259 3257//3257 3256//3256
f 3255//3255 5427//5427 5425//5425
f 3287//3287 3330//3330 5427//5427
f 3330//3330 3329//3329 5427//5427
f 3502//3502 5566//5566 3329//3329
f 3501//3501 3294//3294 3296//3296
f 3502//3502 3501//3501 3497//3497
f 3497//3497 3498//3498 5562//5562
f 3517//3517 3497//3497 3512//3512
f 3492//3492 3500//3500 3498//3498
f 3508//3508 3493//3493 3499//3499
f 3492//3492 5445//5445 3465//3465
f 3441//3441 3438//3438 3442//3442
f 5443//5443 5415//5415 5414//5414
f 3454//3454 5415//5415 5443//5443
f 5366//5366 5369//5369 5415//5415
f 5414//5414 5369//5369 3441//3441
f 3441//3441 5369//5369 3270//3270
f 3412//3412 3270//3270 5369//5369
f 5295//5295 3416//3416 3443//3443
f 3390//3390 5188//5188 3366//3366
f 3366//3366 3367//3367 3390//3390
f 3366//3366 3341//3341 3367//3367
f 5135//5135 3341//3341 3366//3366
f 3367//3367 3341//3341 3345//3345
f 3345//3345 3341//3341 3342//3342
f 3343//3343 3341//3341 4894//4894
f 3340//3340 4861//4861 4894//4894
f 4861//4861 3343//3343 4894//4894
f 4620//4620 4678//4678 4670//4670
f 4625//4625 5495//5495 5499//5499
f 5484//5484 5475//5475 5495//5495
f 5346//5346 2918//2918 5349//5349
f 4237//4237 4353//4353 5349//5349
f 4237//4237 2918//2918 3186//3186
f 5349//5349 2918//2918 4237//4237
f 3186//3186 2915//2915 5095//5095
f 2915//2915 2908//2908 2911//2911
f 2905//2905 2911//2911 2908//2908
f 5118//5118 2905//2905 2908//2908
f 2905//2905 3173//3173 2911//2911
f 3176//3176 5011//5011 2900//2900
f 3509//3509 4899//4899 4848//4848
f 3858//3858 3322//3322 4848//4848
f 3832//3832 3829//3829 4845//4845
f 3855//3855 4786//4786 3858//3858
f 4759//4759 3165//3165 3167//3167
f 2616//2616 2886//2886 2611//2611
f 2082//2082 2886//2886 2616//2616
f 1684//1684 1683//1683 2080//2080
f 964//964 959//959 961//961
f 1563//1563 1558//1558 3539//3539
f 1558//1558 140//140 221//221
f 1708//1708 263//263 1844//1844
f 1680//1680 1678//1678 108//108
f 108//108 1678//1678 107//107
f 107//107 1678//1678 124//124
f 1757//1757 124//124 1761//1761
f 1761//1761 1751//1751 1757//1757
f 2508//2508 1757//1757 1751//1751
f 124//124 1680//1680 1761//1761
f 2466//2466 124//124 1757//1757
f 2466//2466 102//102 124//124
f 124//124 102//102 107//107
f 2466//2466 2447//2447 102//102
f 124//124 1678//1678 1680//1680
f 2508//2508 2501//2501 1757//1757
f 2501//2501 2508//2508 2576//2576
f 2501//2501 2466//2466 1757//1757
f 1803//1803 1810//1810 1853//1853
f 2501//2501 2481//2481 2471//2471
f 1694//1694 1648//1648 2483//2483
f 1694//1694 1657//1657 1648//1648
f 1648//1648 1657//1657 2450//2450
f 2471//2471 1648//1648 2450//2450
f 2450//2450 1669//1669 99//99
f 1657//1657 1659//1659 1669//1669
f 1659//1659 2428//2428 1669//1669
f 99//99 2428//2428 1491//1491
f 1669//1669 2428//2428 99//99
f 2483//2483 1648//1648 2471//2471
f 1657//1657 1669//1669 2450//2450
f 2483//2483 2481//2481 1807//1807
f 2481//2481 2483//2483 2471//2471
f 2471//2471 2466//2466 2501//2501
f 2471//2471 2447//2447 2466//2466
f 99//99 102//102 2447//2447
f 108//108 1507//1507 1550//1550
f 1457//1457 1459//1459 1488//1488
f 1488//1488 1491//1491 1457//1457
f 1488//1488 107//107 102//102
f 102//102 99//99 1488//1488
f 2401//2401 1457//1457 1491//1491
f 1491//1491 2428//2428 2399//2399
f 1407//1407 1381//1381 2186//2186
f 2371//2371 1457//1457 2186//2186
f 1391//1391 1462//1462 1397//1397
f 2209//2209 2371//2371 1397//1397
f 2186//2186 1381//1381 1397//1397
f 1392//1392 1397//1397 1381//1381
f 1391//1391 1392//1392 1265//1265
f 2091//2091 1182//1182 2089//2089
f 2091//2091 3385//3385 2068//2068
f 2019//2019 1999//1999 2068//2068
f 2070//2070 1999//1999 1990//1990
f 1012//1012 810//810 1007//1007
f 3238//3238 1012//1012 1007//1007
f 1012//1012 3242//3242 1011//1011
f 3242//3242 3240//3240 1011//1011
f 825//825 4330//4330 550//550
f 550//550 824//824 826//826
f 536//536 824//824 537//537
f 542//542 550//550 400//400
f 400//400 231//231 542//542
f 2486//2486 2468//2468 400//400
f 550//550 2486//2486 400//400
f 550//550 4330//4330 2486//2486
f 4330//4330 4320//4320 2500//2500
f 1944//1944 1943//1943 4268//4268
f 1951//1951 1949//1949 4278//4278
f 2475//2475 2465//2465 1950//1950
f 4284//4284 2476//2476 2474//2474
f 2783//2783 2475//2475 2476//2476
f 2803//2803 2790//2790 2805//2805
f 2790//2790 2476//2476 2805//2805
f 2476//2476 4283//4283 2805//2805
f 2805//2805 4356//4356 2811//2811
f 2833//2833 2832//2832 3115//3115
f 3119//3119 4391//4391 4388//4388
f 3720//3720 3724//3724 3722//3722
f 3792//3792 3791//3791 4750//4750
f 4618//4618 4707//4707 5025//5025
f 5013//5013 4987//4987 5025//5025
f 3994//3994 3988//3988 3990//3990
f 3993//3993 3994//3994 3995//3995
f 3990//3990 3995//3995 3994//3994
f 3993//3993 3995//3995 3999//3999
f 4254//4254 4249//4249 4252//4252
f 4260//4260 4008//4008 4273//4273
f 4260//4260 4256//4256 4008//4008
f 4256//4256 4252//4252 4003//4003
f 4256//4256 4003//4003 4005//4005
f 5233//5233 5204//5204 5242//5242
f 5272//5272 5277//5277 5240//5240
f 5277//5277 5232//5232 5240//5240
f 5232//5232 5204//5204 5179//5179
f 4252//4252 4000//4000 4003//4003
f 5204//5204 4003//4003 4000//4000
f 5233//5233 4003//4003 5204//5204
f 4000//4000 5179//5179 5204//5204
f 5204//5204 5232//5232 5242//5242
f 5232//5232 5277//5277 5242//5242
f 4005//4005 4003//4003 5233//5233
f 4000//4000 4252//4252 3999//3999
f 4000//4000 5134//5134 5179//5179
f 5067//5067 5061//5061 5124//5124
f 5098//5098 5061//5061 5067//5067
f 5087//5087 5015//5015 5061//5061
f 5098//5098 5087//5087 5061//5061
f 5067//5067 5134//5134 5098//5098
f 5134//5134 5067//5067 5179//5179
f 3999//3999 3995//3995 5134//5134
f 5087//5087 5098//5098 3990//3990
f 5087//5087 4833//4833 5015//5015
f 5087//5087 5060//5060 4833//4833
f 4833//4833 4885//4885 5015//5015
f 5015//5015 4885//4885 4823//4823
f 3773//3773 5124//5124 5062//5062
f 5240//5240 5232//5232 3773//3773
f 3773//3773 5062//5062 5126//5126
f 5055//5055 3418//3418 3419//3419
f 5048//5048 4722//4722 4943//4943
f 4795//4795 4788//4788 4789//4789
f 4795//4795 4885//4885 4799//4799
f 4823//4823 4885//4885 4795//4795
f 4799//4799 4788//4788 4795//4795
f 4722//4722 4789//4789 4788//4788
f 4750//4750 4722//4722 4788//4788
f 5048//5048 4943//4943 5083//5083
f 5083//5083 3419//3419 5048//5048
f 5083//5083 5055//5055 3419//3419
f 3811//3811 3758//3758 5097//5097
f 4272//4272 4274//4274 4455//4455
f 5454//5454 5462//5462 5223//5223
f 5206//5206 5454//5454 5205//5205
f 5462//5462 5206//5206 5211//5211
f 4631//4631 5210//5210 5206//5206
f 4272//4272 4273//4273 4274//4274
f 4010//4010 4273//4273 4008//4008
f 4010//4010 4008//4008 5233//5233
f 5271//5271 5281//5281 4015//4015
f 4461//4461 5332//5332 5360//5360
f 4458//4458 4461//4461 4301//4301
f 4474//4474 4467//4467 4469//4469
f 4474//4474 4469//4469 4311//4311
f 4481//4481 4474//4474 4478//4478
f 4967//4967 4668//4668 5333//5333
f 4672//4672 5333//5333 4668//4668
f 4672//4672 4671//4671 4680//4680
f 4494//4494 4332//4332 4499//4499
f 4494//4494 4325//4325 4331//4331
f 4499//4499 4671//4671 4494//4494
f 4972//4972 4680//4680 4683//4683
f 4972//4972 4672//4672 4680//4680
f 4683//4683 4684//4684 4972//4972
f 4980//4980 4972//4972 4684//4684
f 4980//4980 5341//5341 5326//5326
f 5342//5342 5341//5341 5560//5560
f 5559//5559 5553//5553 5342//5342
f 5573//5573 5568//5568 5567//5567
f 5574//5574 5568//5568 5573//5573
f 5584//5584 5586//5586 5581//5581
f 5586//5586 5584//5584 5587//5587
f 5029//5029 5031//5031 5028//5028
f 5028//5028 5031//5031 5046//5046
f 5028//5028 5027//5027 5587//5587
f 5004//5004 5001//5001 5002//5002
f 5012//5012 5009//5009 5004//5004
f 5022//5022 5021//5021 5024//5024
f 5019//5019 4691//4691 5022//5022
f 5007//5007 5008//5008 5019//5019
f 3316//3316 4690//4690 3463//3463
f 3452//3452 3313//3313 3461//3461
f 3292//3292 3463//3463 3323//3323
f 3292//3292 3281//3281 3316//3316
f 3291//3291 3286//3286 3281//3281
f 3290//3290 3285//3285 3294//3294
f 3307//3307 3285//3285 3290//3290
f 3429//3429 3285//3285 3307//3307
f 3437//3437 3429//3429 3307//3307
f 3428//3428 3299//3299 3429//3429
f 3299//3299 3285//3285 3429//3429
f 3294//3294 3285//3285 3296//3296
f 3296//3296 3285//3285 3299//3299
f 3519//3519 3501//3501 3296//3296
f 3375//3375 3512//3512 3519//3519
f 3523//3523 3369//3369 3375//3375
f 3369//3369 3512//3512 3375//3375
f 2982//2982 5621//5621 3369//3369
f 3526//3526 2983//2983 2982//2982
f 3526//3526 3525//3525 2983//2983
f 2971//2971 3513//3513 2983//2983
f 2983//2983 3525//3525 2969//2969
f 2969//2969 3525//3525 2981//2981
f 2693//2693 2980//2980 2981//2981
f 2689//2689 2690//2690 2693//2693
f 2698//2698 2689//2689 2249//2249
f 2698//2698 2249//2249 2248//2248
f 2249//2249 3525//3525 3013//3013
f 3011//3011 3012//3012 3013//3013
f 1790//1790 2247//2247 2256//2256
f 1788//1788 2256//2256 3010//3010
f 1243//1243 1788//1788 3029//3029
f 1788//1788 1243//1243 1786//1786
f 1789//1789 1230//1230 1782//1782
f 1230//1230 1786//1786 1243//1243
f 1243//1243 1229//1229 1230//1230
f 1230//1230 1781//1781 1782//1782
f 1230//1230 1229//1229 1781//1781
f 1228//1228 1781//1781 1229//1229
f 1242//1242 1228//1228 1229//1229
f 1218//1218 1214//1214 1781//1781
f 1226//1226 1227//1227 1228//1228
f 1236//1236 1225//1225 1228//1228
f 2655//2655 1224//1224 1225//1225
f 2756//2756 2655//2655 1237//1237
f 2756//2756 2648//2648 2655//2655
f 2648//2648 2644//2644 2650//2650
f 447//447 2613//2613 2641//2641
f 440//440 448//448 447//447
f 448//448 2613//2613 447//447
f 442//442 2528//2528 448//448
f 2521//2521 2528//2528 442//442
f 2521//2521 1195//1195 2528//2528
f 2528//2528 1199//1199 303//303
f 2528//2528 1195//1195 1199//1199
f 1199//1199 1195//1195 133//133
f 1195//1195 2473//2473 1178//1178
f 2473//2473 2451//2451 64//64
f 133//133 1195//1195 1178//1178
f 303//303 134//134 154//154
f 138//138 2319//2319 154//154
f 154//154 134//134 138//138
f 2661//2661 3269//3269 2191//2191
f 3269//3269 2938//2938 3265//3265
f 3252//3252 2938//2938 2934//2934
f 2934//2934 3253//3253 3252//3252
f 3265//3265 3271//3271 3269//3269
f 2938//2938 3252//3252 3265//3265
f 3253//3253 3423//3423 3420//3420
f 3420//3420 3423//3423 3425//3425
f 3448//3448 3271//3271 3420//3420
f 3455//3455 3449//3449 3297//3297
f 3455//3455 3271//3271 3448//3448
f 3420//3420 3425//3425 3448//3448
f 5389//5389 5385//5385 5431//5431
f 5385//5385 3273//3273 5431//5431
f 5385//5385 3430//3430 3273//3273
f 3430//3430 3394//3394 3397//3397
f 3397//3397 3376//3376 3384//3384
f 3378//3378 3387//3387 3384//3384
f 3384//3384 3387//3387 3400//3400
f 3358//3358 3370//3370 3378//3378
f 3370//3370 3387//3387 3378//3378
f 3370//3370 5144//5144 3387//3387
f 3403//3403 3404//3404 3399//3399
f 5090//5090 3361//3361 3402//3402
f 3381//3381 3380//3380 3361//3361
f 3381//3381 3361//3361 3364//3364
f 3360//3360 3364//3364 3361//3361
f 3355//3355 3364//3364 3360//3360
f 5144//5144 3360//3360 5090//5090
f 3360//3360 5144//5144 3356//3356
f 3352//3352 3370//3370 3354//3354
f 3354//3354 3370//3370 3358//3358
f 3354//3354 3358//3358 3243//3243
f 3368//3368 3243//3243 3358//3358
f 3370//3370 3352//3352 5144//5144
f 3403//3403 3399//3399 5144//5144
f 3368//3368 3241//3241 3334//3334
f 3241//3241 2645//2645 3334//3334
f 3368//3368 3376//3376 3241//3241
f 3241//3241 3376//3376 3394//3394
f 3394//3394 3376//3376 3397//3397
f 3368//3368 3378//3378 3376//3376
f 3368//3368 3334//3334 3243//3243
f 5144//5144 3352//3352 3356//3356
f 3360//3360 4978//4978 3355//3355
f 3402//3402 3380//3380 3389//3389
f 3402//3402 3404//3404 3403//3403
f 3402//3402 3361//3361 3380//3380
f 3360//3360 3361//3361 5090//5090
f 5090//5090 3403//3403 5144//5144
f 3402//3402 3403//3403 5090//5090
f 5144//5144 3399//3399 3387//3387
f 3387//3387 3399//3399 3400//3400
f 3358//3358 3378//3378 3368//3368
f 3378//3378 3384//3384 3376//3376
f 3254//3254 3430//3430 3397//3397
f 4640//4640 4614//4614 5579//5579
f 5597//5597 5579//5579 3236//3236
f 5554//5554 5597//5597 5603//5603
f 5594//5594 4640//4640 5554//5554
f 5594//5594 5554//5554 5603//5603
f 5603//5603 3331//3331 5594//5594
f 3226//3226 5594//5594 3331//3331
f 3331//3331 3243//3243 3334//3334
f 3335//3335 3331//3331 5603//5603
f 3352//3352 3354//3354 3336//3336
f 3354//3354 3335//3335 3336//3336
f 3336//3336 3356//3356 3352//3352
f 3360//3360 3356//3356 4977//4977
f 3360//3360 4977//4977 4978//4978
f 3380//3380 3381//3381 5058//5058
f 3389//3389 3380//3380 3388//3388
f 5366//5366 3402//3402 3389//3389
f 3401//3401 3402//3402 5366//5366
f 3401//3401 3404//3404 3402//3402
f 3400//3400 3397//3397 3384//3384
f 3254//3254 3397//3397 3400//3400
f 3254//3254 3273//3273 3430//3430
f 3272//3272 5431//5431 3273//3273
f 3407//3407 3408//3408 3399//3399
f 3399//3399 3404//3404 3407//3407
f 3407//3407 3404//3404 3401//3401
f 3274//3274 3408//3408 5362//5362
f 3277//3277 3279//3279 3471//3471
f 3469//3469 5521//5521 3277//3277
f 3303//3303 3305//3305 3266//3266
f 3311//3311 3251//3251 3266//3266
f 3305//3305 3311//3311 3266//3266
f 3488//3488 3311//3311 3472//3472
f 3473//3473 3494//3494 3490//3490
f 5414//5414 3464//3464 5445//5445
f 5443//5443 3494//3494 3473//3473
f 3473//3473 3454//3454 5443//5443
f 3459//3459 3471//3471 3279//3279
f 3459//3459 3460//3460 3473//3473
f 3460//3460 3453//3453 3454//3454
f 3453//3453 5415//5415 3454//3454
f 5361//5361 5415//5415 3453//3453
f 3407//3407 5361//5361 5362//5362
f 3407//3407 3401//3401 5361//5361
f 5361//5361 5366//5366 5415//5415
f 3412//3412 5369//5369 5366//5366
f 5133//5133 5167//5167 5125//5125
f 5125//5125 5135//5135 5133//5133
f 5125//5125 5058//5058 5059//5059
f 3340//3340 4894//4894 4886//4886
f 3340//3340 3326//3326 4861//4861
f 3326//3326 3327//3327 4861//4861
f 3327//3327 4666//4666 4861//4861
f 3324//3324 3225//3225 3327//3327
f 3225//3225 4753//4753 3327//3327
f 3225//3225 5529//5529 5537//5537
f 3225//3225 5523//5523 5529//5529
f 3225//3225 5537//5537 4753//4753
f 4753//4753 5537//5537 4666//4666
f 5609//5609 5590//5590 3321//3321
f 5590//5590 3225//3225 3321//3321
f 3321//3321 3225//3225 3324//3324
f 5611//5611 4666//4666 4667//4667
f 5447//5447 4451//4451 3210//3210
f 3191//3191 4449//4449 4450//4450
f 3192//3192 3187//3187 3191//3191
f 5346//5346 3191//3191 5334//5334
f 3187//3187 3188//3188 3191//3191
f 2097//2097 2629//2629 2630//2630
f 2628//2628 2629//2629 2626//2626
f 2897//2897 2627//2627 2626//2626
f 3168//3168 5011//5011 2896//2896
f 3165//3165 3855//3855 4848//4848
f 3167//3167 2891//2891 3163//3163
f 2894//2894 2891//2891 3167//3167
f 4759//4759 3167//3167 3163//3163
f 2611//2611 2891//2891 2616//2616
f 286//286 287//287 975//975
f 1685//1685 1682//1682 970//970
f 967//967 232//232 140//140
f 438//438 370//370 286//286
f 1844//1844 263//263 374//374
f 627//627 1946//1946 1968//1968
f 1934//1934 1946//1946 2508//2508
f 2508//2508 2622//2622 2576//2576
f 2576//2576 1810//1810 2501//2501
f 2605//2605 1853//1853 1810//1810
f 446//446 1803//1803 1853//1853
f 1807//1807 2481//2481 1810//1810
f 1734//1734 2483//2483 1807//1807
f 1694//1694 2483//2483 1734//1734
f 1694//1694 162//162 1657//1657
f 1690//1690 162//162 1645//1645
f 1645//1645 1726//1726 1690//1690
f 319//319 1690//1690 1726//1726
f 162//162 1690//1690 3610//3610
f 1726//1726 1645//1645 455//455
f 162//162 1486//1486 1672//1672
f 1659//1659 1657//1657 162//162
f 1672//1672 2423//2423 1659//1659
f 2399//2399 2428//2428 1659//1659
f 2399//2399 2130//2130 2155//2155
f 2168//2168 2130//2130 2423//2423
f 3385//3385 2179//2179 2019//2019
f 1007//1007 2019//2019 3238//3238
f 3238//3238 3242//3242 1012//1012
f 3417//3417 4395//4395 3246//3246
f 1011//1011 3240//3240 825//825
f 825//825 4320//4320 4330//4330
f 4395//4395 4394//4394 4317//4317
f 2500//2500 4320//4320 4333//4333
f 4335//4335 2488//2488 4333//4333
f 1951//1951 4284//4284 2474//2474
f 4283//4283 2476//2476 4284//4284
f 4407//4407 4283//4283 4340//4340
f 4416//4416 2811//2811 4364//4364
f 2824//2824 2806//2806 2805//2805
f 3127//3127 3102//3102 3113//3113
f 3127//3127 3113//3113 3707//3707
f 3113//3113 3112//3112 3707//3707
f 2823//2823 4416//4416 3112//3112
f 3112//3112 4416//4416 3125//3125
f 4420//4420 4477//4477 3125//3125
f 3710//3710 3707//3707 3783//3783
f 3710//3710 3783//3783 3739//3739
f 4388//4388 3719//3719 3721//3721
f 3720//3720 3721//3721 3729//3729
f 3757//3757 3728//3728 4532//4532
f 3791//3791 4635//4635 4750//4750
f 4746//4746 4635//4635 4589//4589
f 4635//4635 4746//4746 4747//4747
f 4747//4747 4864//4864 4957//4957
f 5240//5240 3997//3997 4195//4195
f 4200//4200 4197//4197 5300//5300
f 5281//5281 4200//4200 5298//5298
f 5319//5319 4194//4194 5422//5422
f 4194//4194 4112//4112 4226//4226
f 3758//3758 3811//3811 3991//3991
f 5422//5422 5457//5457 5343//5343
f 5345//5345 5422//5422 5358//5358
f 5360//5360 5358//5358 5374//5374
f 4299//4299 4020//4020 4468//4468
f 4301//4301 4299//4299 4468//4468
f 4463//4463 4301//4301 4464//4464
f 4660//4660 4658//4658 4463//4463
f 4467//4467 4660//4660 4469//4469
f 4464//4464 4301//4301 4468//4468
f 4311//4311 4469//4469 4468//4468
f 4024//4024 4311//4311 4468//4468
f 4023//4023 4313//4313 4024//4024
f 4476//4476 4313//4313 4316//4316
f 4329//4329 4481//4481 4478//4478
f 4481//4481 4329//4329 4487//4487
f 4481//4481 4487//4487 4672//4672
f 4487//4487 4329//4329 4325//4325
f 4494//4494 4331//4331 4332//4332
f 4044//4044 4047//4047 4503//4503
f 4980//4980 4995//4995 4981//4981
f 5560//5560 4981//4981 5565//5565
f 4999//4999 5003//5003 5000//5000
f 5003//5003 5352//5352 5000//5000
f 5003//5003 4999//4999 4692//4692
f 5347//5347 4981//4981 5000//5000
f 5347//5347 5351//5351 5565//5565
f 5589//5589 5356//5356 5355//5355
f 5356//5356 5354//5354 5355//5355
f 5029//5029 5356//5356 5032//5032
f 4697//4697 5014//5014 5355//5355
f 4697//4697 4701//4701 5014//5014
f 5014//5014 5589//5589 5355//5355
f 5014//5014 4701//4701 4513//4513
f 5014//5014 4514//4514 5588//5588
f 4703//4703 4709//4709 5588//5588
f 5050//5050 4703//4703 4712//4712
f 4703//4703 5049//5049 4712//4712
f 4514//4514 5049//5049 4703//4703
f 5032//5032 5588//5588 5031//5031
f 4709//4709 4706//4706 5031//5031
f 5032//5032 5031//5031 5029//5029
f 5028//5028 5046//5046 5045//5045
f 5047//5047 5027//5027 5045//5045
f 5047//5047 5033//5033 5027//5027
f 5033//5033 5005//5005 5027//5027
f 5016//5016 5021//5021 5012//5012
f 5016//5016 5030//5030 5042//5042
f 5022//5022 5024//5024 5020//5020
f 5018//5018 5019//5019 5020//5020
f 5018//5018 5020//5020 5040//5040
f 3483//3483 5006//5006 3536//3536
f 3461//3461 3483//3483 3474//3474
f 3461//3461 3474//3474 3452//3452
f 3447//3447 3452//3452 3446//3446
f 3447//3447 3446//3446 3445//3445
f 3439//3439 3447//3447 3433//3433
f 3439//3439 3452//3452 3447//3447
f 3312//3312 3313//3313 3452//3452
f 3290//3290 3312//3312 3307//3307
f 3439//3439 3308//3308 3452//3452
f 3437//3437 3434//3434 3429//3429
f 3429//3429 3415//3415 3428//3428
f 3374//3374 3428//3428 3375//3375
f 3523//3523 3375//3375 3377//3377
f 3527//3527 3369//3369 3523//3523
f 3528//3528 3035//3035 3529//3529
f 3036//3036 3009//3009 3035//3035
f 3591//3591 3032//3032 3593//3593
f 3030//3030 3009//3009 3037//3037
f 3029//3029 1788//1788 3030//3030
f 3031//3031 3025//3025 3032//3032
f 1242//1242 1229//1229 1243//1243
f 1256//1256 1240//1240 1241//1241
f 1243//1243 3025//3025 1241//1241
f 1238//1238 1256//1256 2773//2773
f 1255//1255 2739//2739 2737//2737
f 2737//2737 2739//2739 2738//2738
f 2738//2738 2739//2739 2734//2734
f 2732//2732 2773//2773 2729//2729
f 2729//2729 2738//2738 2734//2734
f 2729//2729 2731//2731 2732//2732
f 1271//1271 2727//2727 2731//2731
f 2641//2641 2642//2642 2724//2724
f 1272//1272 1274//1274 548//548
f 440//440 447//447 540//540
f 442//442 448//448 440//440
f 2451//2451 2516//2516 2507//2507
f 2435//2435 1177//1177 2451//2451
f 2496//2496 2435//2435 2451//2451
f 271//271 285//285 284//284
f 214//214 284//284 288//288
f 211//211 284//284 214//214
f 271//271 284//284 211//211
f 211//211 270//270 271//271
f 288//288 284//284 285//285
f 285//285 1177//1177 2435//2435
f 2507//2507 2496//2496 2451//2451
f 2451//2451 2473//2473 2521//2521
f 1177//1177 64//64 2451//2451
f 285//285 271//271 282//282
f 282//282 271//271 2239//2239
f 64//64 2239//2239 2238//2238
f 1756//1756 2189//2189 1762//1762
f 2659//2659 2661//2661 2189//2189
f 2659//2659 2942//2942 3269//3269
f 2939//2939 2938//2938 3269//3269
f 2651//2651 2649//2649 2939//2939
f 3241//3241 3253//3253 3249//3249
f 2649//2649 2643//2643 3249//3249
f 2643//2643 2649//2649 2140//2140
f 2643//2643 2140//2140 2125//2125
f 2651//2651 2140//2140 2649//2649
f 2928//2928 2925//2925 2924//2924
f 2636//2636 2924//2924 2638//2638
f 2103//2103 2636//2636 2638//2638
f 2103//2103 2633//2633 2636//2636
f 2633//2633 3203//3203 2636//2636
f 2633//2633 2103//2103 2922//2922
f 2100//2100 2103//2103 2638//2638
f 2638//2638 2924//2924 2925//2925
f 2927//2927 2929//2929 2928//2928
f 2924//2924 2636//2636 2927//2927
f 3204//3204 3203//3203 2633//2633
f 2633//2633 3192//3192 3202//3202
f 4547//4547 4546//4546 3202//3202
f 3199//3199 4547//4547 3202//3202
f 4547//4547 4510//4510 4603//4603
f 3208//3208 4603//4603 4510//4510
f 5469//5469 5522//5522 4507//4507
f 3224//3224 4603//4603 3208//3208
f 3236//3236 5579//5579 5585//5585
f 3336//3336 3320//3320 3356//3356
f 5585//5585 5590//5590 3236//3236
f 3224//3224 5523//5523 5590//5590
f 5590//5590 5523//5523 3225//3225
f 3214//3214 5522//5522 5469//5469
f 3210//3210 4534//4534 5447//5447
f 5529//5529 5536//5536 5537//5537
f 4534//4534 3210//3210 5536//5536
f 4531//4531 4450//4450 4534//4534
f 3199//3199 4510//4510 4547//4547
f 2922//2922 3192//3192 2633//2633
f 1042//1042 2629//2629 2097//2097
f 2626//2626 1042//1042 1041//1041
f 2619//2619 2894//2894 2896//2896
f 2619//2619 2616//2616 2894//2894
f 1696//1696 1689//1689 2619//2619
f 972//972 1691//1691 1695//1695
f 983//983 972//972 992//992
f 992//992 477//477 983//983
f 487//487 438//438 486//486
f 486//486 1027//1027 487//487
f 1025//1025 487//487 1027//1027
f 1021//1021 653//653 620//620
f 2017//2017 2605//2605 2625//2625
f 2018//2018 2652//2652 2017//2017
f 2067//2067 2652//2652 2018//2018
f 2067//2067 721//721 516//516
f 2067//2067 2018//2018 2017//2017
f 2016//2016 2067//2067 2017//2017
f 516//516 2652//2652 2067//2067
f 2016//2016 2017//2017 2625//2625
f 633//633 2016//2016 2625//2625
f 2740//2740 851//851 2752//2752
f 2740//2740 1032//1032 851//851
f 796//796 851//851 653//653
f 851//851 633//633 653//653
f 747//747 633//633 851//851
f 620//620 633//633 2625//2625
f 633//633 620//620 653//653
f 796//796 653//653 1021//1021
f 2084//2084 1021//1021 1025//1025
f 1968//1968 374//374 1980//1980
f 627//627 1968//1968 1980//1980
f 1021//1021 620//620 627//627
f 627//627 2622//2622 1946//1946
f 620//620 2625//2625 2622//2622
f 444//444 446//446 2652//2652
f 1848//1848 446//446 444//444
f 1848//1848 1803//1803 446//446
f 1848//1848 1734//1734 1807//1807
f 1645//1645 1694//1694 1734//1734
f 1726//1726 455//455 1774//1774
f 1774//1774 1860//1860 1726//1726
f 1690//1690 319//319 165//165
f 1690//1690 165//165 3610//3610
f 162//162 3610//3610 1486//1486
f 1486//1486 3610//3610 3614//3614
f 1486//1486 2423//2423 1672//1672
f 3614//3614 2168//2168 1486//1486
f 3242//3242 3238//3238 2179//2179
f 75//75 3242//3242 2179//2179
f 3417//3417 3240//3240 3406//3406
f 73//73 3515//3515 3417//3417
f 4460//4460 4403//4403 3518//3518
f 4333//4333 4317//4317 4335//4335
f 4334//4334 4278//4278 4335//4335
f 4403//4403 4405//4405 4334//4334
f 4342//4342 4334//4334 4405//4405
f 4407//4407 4405//4405 4470//4470
f 4466//4466 4405//4405 4403//4403
f 4407//4407 4413//4413 4364//4364
f 4420//4420 4406//4406 4475//4475
f 4416//4416 4413//4413 4420//4420
f 3781//3781 4477//4477 4420//4420
f 4475//4475 4675//4675 4420//4420
f 4994//4994 4477//4477 3781//3781
f 3739//3739 3783//3783 3782//3782
f 3712//3712 3710//3710 3739//3739
f 3715//3715 3712//3712 3711//3711
f 3713//3713 3739//3739 4525//4525
f 4525//4525 3739//3739 3851//3851
f 3739//3739 3782//3782 3851//3851
f 4661//4661 3740//3740 4766//4766
f 4771//4771 4661//4661 4953//4953
f 4771//4771 4864//4864 4773//4773
f 5156//5156 5080//5080 4957//4957
f 5080//5080 5219//5219 5217//5217
f 5217//5217 3812//3812 5080//5080
f 4344//4344 4226//4226 4216//4216
f 4447//4447 4456//4456 4435//4435
f 4482//4482 4447//4447 4480//4480
f 5344//5344 5453//5453 4482//4482
f 5343//5343 5358//5358 5422//5422
f 5513//5513 5358//5358 5343//5343
f 5374//5374 5358//5358 5513//5513
f 4023//4023 5396//5396 4313//4313
f 4313//4313 5396//5396 4316//4316
f 5396//5396 5428//5428 4025//4025
f 5614//5614 3319//3319 5056//5056
f 3333//3333 4992//4992 5056//5056
f 5056//5056 4992//4992 5229//5229
f 5056//5056 3650//3650 5614//5614
f 3683//3683 3650//3650 3726//3726
f 5612//5612 3683//3683 5428//5428
f 4032//4032 4033//4033 4031//4031
f 4497//4497 4321//4321 4033//4033
f 4044//4044 4503//4503 4497//4497
f 4497//4497 4338//4338 4044//4044
f 4042//4042 4060//4060 4076//4076
f 4060//4060 4038//4038 4043//4043
f 4042//4042 4038//4038 4060//4060
f 4076//4076 4077//4077 4042//4042
f 2710//2710 2695//2695 2696//2696
f 4341//4341 4047//4047 4051//4051
f 4341//4341 4052//4052 4692//4692
f 3503//3503 4170//4170 4053//4053
f 3431//3431 4170//4170 3503//3503
f 3431//3431 3503//3503 3432//3432
f 3503//3503 4053//4053 4159//4159
f 4053//4053 4122//4122 4159//4159
f 3405//3405 4122//4122 4051//4051
f 4053//4053 4051//4051 4122//4122
f 4052//4052 4051//4051 4053//4053
f 4051//4051 4047//4047 4046//4046
f 4046//4046 3395//3395 2695//2695
f 2713//2713 1779//1779 2715//2715
f 2715//2715 1779//1779 596//596
f 1769//1769 1779//1779 2245//2245
f 1222//1222 1779//1779 1769//1769
f 1222//1222 2680//2680 2632//2632
f 1197//1197 2610//2610 2632//2632
f 2632//2632 2610//2610 2637//2637
f 2639//2639 2637//2637 2640//2640
f 2632//2632 2637//2637 2639//2639
f 1222//1222 2632//2632 2639//2639
f 2680//2680 1197//1197 2632//2632
f 1222//1222 2639//2639 596//596
f 1779//1779 1222//1222 596//596
f 2245//2245 1779//1779 2713//2713
f 2245//2245 2713//2713 2710//2710
f 2685//2685 2680//2680 1769//1769
f 2214//2214 2680//2680 2685//2685
f 482//482 328//328 342//342
f 482//482 2637//2637 2610//2610
f 596//596 3018//3018 603//603
f 2715//2715 362//362 2718//2718
f 2718//2718 1253//1253 3432//3432
f 4701//4701 4192//4192 4055//4055
f 5551//5551 4054//4054 3537//3537
f 3466//3466 1303//1303 2307//2307
f 3466//3466 2307//2307 3537//3537
f 3537//3537 4056//4056 5551//5551
f 4512//4512 5049//5049 4514//4514
f 4712//4712 5049//5049 4058//4058
f 4516//4516 4712//4712 4058//4058
f 3520//3520 4516//4516 4058//4058
f 4516//4516 3520//3520 4515//4515
f 4215//4215 3520//3520 4058//4058
f 5578//5578 3520//3520 4215//4215
f 5578//5578 4215//4215 4351//4351
f 4515//4515 3520//3520 4523//4523
f 5047//5047 5044//5044 5030//5030
f 5044//5044 5047//5047 5052//5052
f 5030//5030 5044//5044 4710//4710
f 5040//5040 5036//5036 5017//5017
f 5034//5034 5036//5036 5037//5037
f 3474//3474 3536//3536 3535//3535
f 3533//3533 3446//3446 3535//3535
f 3533//3533 3531//3531 3542//3542
f 3542//3542 3789//3789 3533//3533
f 3445//3445 3446//3446 3533//3533
f 3433//3433 3447//3447 3445//3445
f 3434//3434 3439//3439 3433//3433
f 3426//3426 3424//3424 3415//3415
f 3036//3036 3602//3602 3593//3593
f 3521//3521 3630//3630 3602//3602
f 3031//3031 3032//3032 3591//3591
f 3026//3026 3025//3025 3031//3031
f 2734//2734 2739//2739 2735//2735
f 2730//2730 2729//2729 2734//2734
f 1284//1284 2731//2731 2730//2730
f 1284//1284 1294//1294 1277//1277
f 1320//1320 1290//1290 1293//1293
f 1290//1290 1320//1320 1291//1291
f 1289//1289 1290//1290 1291//1291
f 1288//1288 1289//1289 1291//1291
f 1288//1288 1291//1291 1306//1306
f 1274//1274 1273//1273 1270//1270
f 1274//1274 1270//1270 540//540
f 2516//2516 440//440 437//437
f 431//431 440//440 519//519
f 2507//2507 2720//2720 422//422
f 422//422 413//413 2485//2485
f 285//285 2435//2435 288//288
f 190//190 214//214 288//288
f 211//211 214//214 190//190
f 271//271 2236//2236 2239//2239
f 270//270 3021//3021 2236//2236
f 2651//2651 2653//2653 2140//2140
f 1116//1116 2140//2140 1740//1740
f 1728//1728 1117//1117 1724//1724
f 1117//1117 1366//1366 1724//1724
f 1108//1108 1721//1721 1729//1729
f 1724//1724 1729//1729 1728//1728
f 1729//1729 1724//1724 1108//1108
f 1116//1116 1117//1117 1728//1728
f 2125//2125 1728//1728 1729//1729
f 2638//2638 2925//2925 2109//2109
f 2100//2100 2638//2638 2109//2109
f 1721//1721 2109//2109 1729//1729
f 1034//1034 1715//1715 1061//1061
f 1034//1034 1042//1042 1715//1715
f 1718//1718 1715//1715 2100//2100
f 1715//1715 1042//1042 2097//2097
f 2088//2088 1034//1034 1695//1695
f 1041//1041 1034//1034 2088//2088
f 2626//2626 1041//1041 2897//2897
f 2088//2088 2897//2897 1041//1041
f 992//992 972//972 1700//1700
f 499//499 477//477 1008//1008
f 1025//1025 1026//1026 2084//2084
f 796//796 1021//1021 2084//2084
f 796//796 2752//2752 851//851
f 2769//2769 2764//2764 1037//1037
f 1037//1037 801//801 1032//1032
f 851//851 1032//1032 747//747
f 633//633 747//747 2016//2016
f 747//747 2066//2066 2016//2016
f 2075//2075 698//698 721//721
f 516//516 444//444 2652//2652
f 455//455 1848//1848 444//444
f 455//455 451//451 1774//1774
f 408//408 1774//1774 451//451
f 545//545 408//408 533//533
f 545//545 1860//1860 408//408
f 319//319 1860//1860 545//545
f 1020//1020 183//183 545//545
f 181//181 73//73 175//175
f 183//183 175//175 319//319
f 3614//3614 3610//3610 169//169
f 75//75 2179//2179 3614//3614
f 175//175 3406//3406 75//75
f 73//73 3406//3406 175//175
f 181//181 82//82 73//73
f 3518//3518 3515//3515 86//86
f 4460//4460 3518//3518 86//86
f 4676//4676 4674//4674 4966//4966
f 4694//4694 4991//4991 4994//4994
f 3782//3782 4477//4477 4994//4994
f 4766//4766 3398//3398 4952//4952
f 4953//4953 4952//4952 5140//5140
f 5156//5156 5151//5151 3714//3714
f 4102//4102 5219//5219 4035//4035
f 4259//4259 4216//4216 4093//4093
f 4376//4376 4344//4344 4259//4259
f 4376//4376 4259//4259 4213//4213
f 5399//5399 4174//4174 5357//5357
f 5357//5357 4442//4442 5399//5399
f 4480//4480 4447//4447 4473//4473
f 4447//4447 4442//4442 4473//4473
f 4587//4587 4473//4473 4442//4442
f 4482//4482 4480//4480 4570//4570
f 4665//4665 5344//5344 4663//4663
f 4734//4734 5343//5343 4665//4665
f 4734//4734 5513//5513 5343//5343
f 4734//4734 4665//4665 4735//4735
f 4665//4665 5538//5538 4735//4735
f 4665//4665 4663//4663 5538//5538
f 3333//3333 4911//4911 4992//4992
f 3674//3674 5043//5043 4904//4904
f 5071//5071 3674//3674 4904//4904
f 5043//5043 4911//4911 4904//4904
f 4897//4897 5026//5026 4904//4904
f 5593//5593 3228//3228 2958//2958
f 1767//1767 2214//2214 3228//3228
f 2958//2958 4028//4028 5593//5593
f 3896//3896 5593//5593 4022//4022
f 4026//4026 4028//4028 4037//4037
f 4021//4021 4022//4022 4026//4026
f 4032//4032 4022//4022 4021//4021
f 4033//4033 4038//4038 4338//4338
f 4042//4042 4338//4338 4038//4038
f 4038//4038 4033//4033 4032//4032
f 4043//4043 4021//4021 4026//4026
f 4043//4043 4045//4045 4050//4050
f 4043//4043 4050//4050 4060//4060
f 4050//4050 4064//4064 4060//4060
f 5617//5617 2985//2985 4064//4064
f 4037//4037 2685//2685 5617//5617
f 4037//4037 4028//4028 2685//2685
f 2958//2958 3228//3228 2214//2214
f 1197//1197 2680//2680 327//327
f 2993//2993 2994//2994 2426//2426
f 2991//2991 2994//2994 2993//2993
f 327//327 2431//2431 2712//2712
f 342//342 355//355 356//356
f 358//358 356//356 359//359
f 1249//1249 356//356 355//355
f 3516//3516 5556//5556 5592//5592
f 3516//3516 5592//5592 2721//2721
f 2310//2310 2309//2309 1261//1261
f 359//359 1262//1262 3017//3017
f 2742//2742 596//596 603//603
f 1234//1234 2742//2742 3043//3043
f 2322//2322 2323//2323 3044//3044
f 2323//2323 3806//3806 3044//3044
f 3806//3806 2323//2323 3046//3046
f 3806//3806 1349//1349 3546//3546
f 369//369 3806//3806 3546//3546
f 369//369 3546//3546 2801//2801
f 368//368 2801//2801 1303//1303
f 369//369 3044//3044 3806//3806
f 368//368 363//363 369//369
f 368//368 369//369 2801//2801
f 3046//3046 1349//1349 3806//3806
f 1349//1349 3046//3046 1342//1342
f 1343//1343 3046//3046 2323//2323
f 369//369 363//363 3044//3044
f 3432//3432 1253//1253 3466//3466
f 1253//1253 1254//1254 3466//3466
f 368//368 1303//1303 1254//1254
f 2801//2801 1304//1304 1303//1303
f 4056//4056 3537//3537 3530//3530
f 4512//4512 4056//4056 4203//4203
f 4058//4058 4512//4512 4203//4203
f 4215//4215 4058//4058 4203//4203
f 3530//3530 4351//4351 4215//4215
f 5578//5578 4521//4521 4523//4523
f 4518//4518 4521//4521 4522//4522
f 4731//4731 4714//4714 4522//4522
f 4522//4522 4517//4517 4518//4518
f 4718//4718 5359//5359 4717//4717
f 4705//4705 4718//4718 4720//4720
f 4706//4706 4705//4705 4720//4720
f 4720//4720 5053//5053 4706//4706
f 4720//4720 4727//4727 5053//5053
f 5053//5053 4727//4727 4726//4726
f 5047//5047 5053//5053 5052//5052
f 5044//5044 5052//5052 5051//5051
f 4724//4724 4710//4710 5051//5051
f 4723//4723 4711//4711 4710//4710
f 5041//5041 5040//5040 5039//5039
f 5037//5037 5041//5041 5054//5054
f 4723//4723 4346//4346 4738//4738
f 3532//3532 3534//3534 3545//3545
f 3532//3532 3531//3531 3535//3535
f 3542//3542 3748//3748 3754//3754
f 3748//3748 3761//3761 3754//3754
f 3685//3685 3723//3723 3411//3411
f 3629//3629 3630//3630 3521//3521
f 3578//3578 3592//3592 3634//3634
f 3625//3625 3578//3578 3666//3666
f 3572//3572 3592//3592 3578//3578
f 1325//1325 2735//2735 2741//2741
f 1319//1319 2735//2735 1323//1323
f 1322//1322 1319//1319 1285//1285
f 1285//1285 1319//1319 1296//1296
f 1320//1320 1319//1319 1323//1323
f 1320//1320 1323//1323 1312//1312
f 1309//1309 1306//1306 1311//1311
f 1310//1310 1309//1309 1311//1311
f 1306//1306 1287//1287 1288//1288
f 1286//1286 1288//1288 1287//1287
f 784//784 509//509 1268//1268
f 1289//1289 1269//1269 1290//1290
f 1233//1233 553//553 1282//1282
f 509//509 1231//1231 1233//1233
f 367//367 509//509 784//784
f 1267//1267 509//509 367//367
f 332//332 344//344 343//343
f 332//332 343//343 333//333
f 333//333 339//339 338//338
f 325//325 338//338 337//337
f 325//325 350//350 338//338
f 350//350 325//325 372//372
f 322//322 372//372 325//325
f 256//256 261//261 322//322
f 174//174 179//179 261//261
f 179//179 174//174 196//196
f 256//256 174//174 261//261
f 161//161 174//174 256//256
f 261//261 373//373 322//322
f 322//322 373//373 372//372
f 338//338 350//350 333//333
f 331//331 333//333 350//350
f 331//331 346//346 335//335
f 294//294 269//269 346//346
f 346//346 357//357 335//335
f 185//185 298//298 198//198
f 261//261 290//290 373//373
f 261//261 179//179 290//290
f 298//298 179//179 196//196
f 198//198 190//190 185//185
f 109//109 125//125 198//198
f 270//270 125//125 1159//1159
f 2187//2187 2188//2188 2193//2193
f 3021//3021 2193//2193 2173//2173
f 1754//1754 2193//2193 2188//2188
f 2173//2173 2656//2656 2942//2942
f 1747//1747 2150//2150 1752//1752
f 1741//1741 1746//1746 1736//1736
f 1736//1736 1117//1117 1741//1741
f 1094//1094 1191//1191 1141//1141
f 1094//1094 1118//1118 1071//1071
f 1718//1718 1071//1071 1072//1072
f 1040//1040 1034//1034 1061//1061
f 1034//1034 1040//1040 909//909
f 1700//1700 1695//1695 1034//1034
f 1010//1010 992//992 893//893
f 917//917 1010//1010 893//893
f 1008//1008 1010//1010 1023//1023
f 951//951 1705//1705 954//954
f 2099//2099 2854//2854 796//796
f 2845//2845 2831//2831 2740//2740
f 2834//2834 2845//2845 2868//2868
f 2998//2998 3179//3179 3024//3024
f 3179//3179 3057//3057 3024//3024
f 3074//3074 3057//3057 3179//3179
f 2998//2998 3180//3180 3179//3179
f 2270//2270 3180//3180 2998//2998
f 3057//3057 2978//2978 3023//3023
f 2931//2931 2978//2978 2970//2970
f 1064//1064 2931//2931 2970//2970
f 1045//1045 1046//1046 1052//1052
f 1050//1050 942//942 1099//1099
f 942//942 692//692 693//693
f 605//605 704//704 693//693
f 692//692 538//538 527//527
f 533//533 538//538 692//692
f 692//692 1050//1050 533//533
f 533//533 1050//1050 946//946
f 692//692 527//527 693//693
f 1050//1050 692//692 942//942
f 1099//1099 1049//1049 1050//1050
f 1044//1044 942//942 934//934
f 933//933 934//934 865//865
f 865//865 698//698 2075//2075
f 703//703 693//693 704//704
f 527//527 605//605 693//693
f 1020//1020 1004//1004 183//183
f 984//984 2083//2083 352//352
f 2083//2083 2086//2086 2085//2085
f 4971//4971 4966//4966 5177//5177
f 4694//4694 4677//4677 4971//4971
f 3854//3854 3393//3393 3644//3644
f 3854//3854 3644//3644 3848//3848
f 4952//4952 5110//5110 4059//4059
f 5140//5140 4063//4063 4068//4068
f 5145//5145 4066//4066 3714//3714
f 5219//5219 3714//3714 4035//4035
f 4093//4093 4137//4137 4259//4259
f 4213//4213 4259//4259 4137//4137
f 4213//4213 4174//4174 5399//5399
f 4137//4137 4066//4066 4174//4174
f 4174//4174 5348//5348 5357//5357
f 5357//5357 5348//5348 4287//4287
f 4498//4498 4491//4491 4399//4399
f 4687//4687 4587//4587 4502//4502
f 4473//4473 4587//4587 4687//4687
f 4805//4805 4630//4630 4687//4687
f 4630//4630 4570//4570 4473//4473
f 4755//4755 4762//4762 4570//4570
f 4758//4758 4630//4630 4805//4805
f 4758//4758 4805//4805 4808//4808
f 3318//3318 4758//4758 3317//3317
f 4865//4865 4681//4681 4682//4682
f 4687//4687 4502//4502 4682//4682
f 5534//5534 4682//4682 4404//4404
f 5558//5558 4682//4682 5534//5534
f 4865//4865 4682//4682 5558//5558
f 4904//4904 5026//5026 5071//5071
f 5071//5071 5026//5026 3652//3652
f 3700//3700 3660//3660 3652//3652
f 3211//3211 2677//2677 3228//3228
f 3481//3481 3484//3484 3482//3482
f 3480//3480 4006//4006 3887//3887
f 3475//3475 3476//3476 3479//3479
f 3478//3478 3477//3477 3479//3479
f 3211//3211 3209//3209 2677//2677
f 2426//2426 1766//1766 2993//2993
f 1766//1766 1764//1764 2993//2993
f 1193//1193 2676//2676 1766//1766
f 3209//3209 3314//3314 2677//2677
f 2677//2677 3213//3213 1764//1764
f 2992//2992 2993//2993 3392//3392
f 2993//2993 2992//2992 2991//2991
f 2991//2991 2992//2992 3001//3001
f 2263//2263 341//341 2254//2254
f 2265//2265 355//355 341//341
f 1247//1247 356//356 1249//1249
f 2263//2263 2262//2262 1248//1248
f 2255//2255 2263//2263 2254//2254
f 2251//2251 2260//2260 2261//2261
f 2258//2258 2259//2259 2260//2260
f 2257//2257 2259//2259 2258//2258
f 2260//2260 2251//2251 2258//2258
f 2255//2255 2254//2254 2253//2253
f 2251//2251 2261//2261 2253//2253
f 2251//2251 2999//2999 2250//2250
f 2251//2251 2252//2252 2999//2999
f 3338//3338 3373//3373 2989//2989
f 3347//3347 3338//3338 3382//3382
f 3386//3386 3382//3382 2990//2990
f 3382//3382 3351//3351 3347//3347
f 3386//3386 3392//3392 3351//3351
f 3347//3347 5602//5602 5608//5608
f 5608//5608 3510//3510 3344//3344
f 3510//3510 5608//5608 5599//5599
f 3344//3344 3347//3347 5608//5608
f 3338//3338 3347//3347 3344//3344
f 3510//3510 5599//5599 5576//5576
f 3344//3344 3510//3510 5571//5571
f 3373//3373 4111//4111 2987//2987
f 2671//2671 2669//2669 4104//4104
f 2989//2989 3373//3373 2987//2987
f 2996//2996 2990//2990 2989//2989
f 2999//2999 2996//2996 2250//2250
f 2988//2988 2996//2996 2987//2987
f 2996//2996 2997//2997 2250//2250
f 2997//2997 1792//1792 3435//3435
f 2250//2250 2258//2258 2251//2251
f 1811//1811 1244//1244 3485//3485
f 2259//2259 2257//2257 1244//1244
f 2259//2259 1244//1244 1245//1245
f 2260//2260 2262//2262 2261//2261
f 1248//1248 2262//2262 1246//1246
f 1245//1245 1247//1247 1246//1246
f 1245//1245 1259//1259 1247//1247
f 3491//3491 1244//1244 1811//1811
f 2310//2310 2721//2721 2311//2311
f 3020//3020 3017//3017 2722//2722
f 2310//2310 2311//2311 2312//2312
f 2318//2318 2320//2320 2321//2321
f 2320//2320 2318//2318 2312//2312
f 3022//3022 603//603 2316//2316
f 3044//3044 2743//2743 2322//2322
f 1343//1343 2321//2321 1344//1344
f 1343//1343 1342//1342 3046//3046
f 3546//3546 371//371 1304//1304
f 1304//1304 371//371 1305//1305
f 4351//4351 3530//3530 896//896
f 1829//1829 4350//4350 896//896
f 4350//4350 1828//1828 4062//4062
f 4062//4062 1828//1828 4231//4231
f 4521//4521 5578//5578 4065//4065
f 4231//4231 4257//4257 4255//4255
f 4255//4255 4244//4244 4355//4355
f 4244//4244 4257//4257 4243//4243
f 4253//4253 4244//4244 4243//4243
f 4522//4522 4521//4521 4355//4355
f 4732//4732 4731//4731 4730//4730
f 4717//4717 5359//5359 4714//4714
f 4716//4716 4718//4718 4717//4717
f 4732//4732 4716//4716 4717//4717
f 4720//4720 4716//4716 4727//4727
f 4727//4727 4728//4728 4726//4726
f 4725//4725 4730//4730 4729//4729
f 4346//4346 4349//4349 4345//4345
f 4346//4346 4345//4345 3557//3557
f 3557//3557 4736//4736 4346//4346
f 3544//3544 3532//3532 4736//4736
f 3543//3543 4736//4736 3557//3557
f 3557//3557 4345//4345 3554//3554
f 3553//3553 3748//3748 3556//3556
f 3745//3745 3767//3767 3553//3553
f 3761//3761 3748//3748 3767//3767
f 3717//3717 3731//3731 3716//3716
f 3685//3685 3411//3411 3717//3717
f 3684//3684 3723//3723 3685//3685
f 3625//3625 1822//1822 3859//3859
f 3857//3857 3859//3859 3048//3048
f 1823//1823 2741//2741 3048//3048
f 1312//1312 1323//1323 1317//1317
f 1310//1310 1311//1311 1316//1316
f 1313//1313 2907//2907 1310//1310
f 2907//2907 2877//2877 2878//2878
f 2907//2907 2875//2875 2877//2877
f 2877//2877 2875//2875 2874//2874
f 2875//2875 2890//2890 2874//2874
f 2890//2890 2888//2888 2866//2866
f 2888//2888 2890//2890 2875//2875
f 2887//2887 2888//2888 2875//2875
f 1313//1313 2933//2933 2907//2907
f 2899//2899 2888//2888 2887//2887
f 2899//2899 2889//2889 2888//2888
f 885//885 2899//2899 944//944
f 885//885 2889//2889 2899//2899
f 772//772 2889//2889 885//885
f 886//886 885//885 944//944
f 885//885 886//886 883//883
f 874//874 886//886 932//932
f 874//874 932//932 927//927
f 886//886 874//874 883//883
f 772//772 735//735 745//745
f 745//745 351//351 781//781
f 781//781 351//351 656//656
f 351//351 348//348 656//656
f 348//348 351//351 353//353
f 353//353 351//351 622//622
f 641//641 353//353 622//622
f 354//354 353//353 641//641
f 745//745 622//622 351//351
f 772//772 745//745 781//781
f 2701//2701 2700//2700 2692//2692
f 641//641 2701//2701 354//354
f 354//354 349//349 353//353
f 669//669 365//365 656//656
f 781//781 2812//2812 2825//2825
f 2888//2888 2889//2889 2866//2866
f 2874//2874 2815//2815 2825//2825
f 2890//2890 2866//2866 2874//2874
f 2874//2874 2825//2825 2849//2849
f 2877//2877 2874//2874 2849//2849
f 2877//2877 2879//2879 2878//2878
f 2907//2907 2878//2878 1309//1309
f 1309//1309 1307//1307 1306//1306
f 1286//1286 1307//1307 1308//1308
f 784//784 1268//1268 1286//1286
f 783//783 2849//2849 2812//2812
f 1267//1267 366//366 361//361
f 1267//1267 361//361 344//344
f 361//361 366//366 347//347
f 343//343 361//361 347//347
f 347//347 348//348 349//349
f 340//340 337//337 349//349
f 325//325 340//340 2692//2692
f 322//322 325//325 334//334
f 334//334 318//318 322//322
f 318//318 256//256 322//322
f 88//88 161//161 157//157
f 88//88 83//83 161//161
f 174//174 161//161 83//83
f 83//83 96//96 95//95
f 174//174 83//83 196//196
f 95//95 96//96 1158//1158
f 1158//1158 241//241 1159//1159
f 1158//1158 260//260 241//241
f 1748//1748 1129//1129 1745//1745
f 1117//1117 1119//1119 1366//1366
f 1108//1108 1170//1170 1094//1094
f 1146//1146 1141//1141 1191//1191
f 1118//1118 1062//1062 1071//1071
f 1014//1014 958//958 1063//1063
f 1063//1063 958//958 1013//1013
f 1013//1013 1040//1040 1061//1061
f 1040//1040 1013//1013 893//893
f 1040//1040 893//893 909//909
f 1013//1013 958//958 917//917
f 999//999 1014//1014 1000//1000
f 2151//2151 2854//2854 2099//2099
f 2902//2902 2854//2854 2151//2151
f 2868//2868 2902//2902 2943//2943
f 2917//2917 2868//2868 2943//2943
f 3003//3003 2998//2998 2940//2940
f 2270//2270 2998//2998 3206//3206
f 3190//3190 3074//3074 3179//3179
f 3067//3067 3074//3074 3130//3130
f 1087//1087 1089//1089 3067//3067
f 1088//1088 1064//1064 2970//2970
f 3067//3067 1089//1089 1088//1088
f 1087//1087 1092//1092 1089//1089
f 1093//1093 1064//1064 1089//1089
f 1079//1079 1099//1099 1054//1054
f 1078//1078 1049//1049 1099//1099
f 1078//1078 1099//1099 1079//1079
f 1020//1020 946//946 947//947
f 1004//1004 1020//1020 947//947
f 2086//2086 2083//2083 1003//1003
f 2086//2086 1059//1059 1070//1070
f 2095//2095 2090//2090 2092//2092
f 5177//5177 2090//2090 2095//2095
f 5317//5317 5191//5191 5409//5409
f 2096//2096 5177//5177 2095//2095
f 5187//5187 4971//4971 5177//5177
f 5187//5187 5191//5191 5193//5193
f 5187//5187 5193//5193 4694//4694
f 3837//3837 3645//3645 5193//5193
f 4057//4057 3848//3848 4155//4155
f 4057//4057 4059//4059 5110//5110
f 4063//4063 4059//4059 4162//4162
f 4399//4399 4287//4287 4162//4162
f 4399//4399 4280//4280 4498//4498
f 4498//4498 4573//4573 5534//5534
f 4721//4721 4719//4719 5605//5605
f 5558//5558 4898//4898 4865//4865
f 5026//5026 4898//4898 5023//5023
f 4898//4898 5558//5558 5023//5023
f 5026//5026 5023//5023 3652//3652
f 5269//5269 3700//3700 3652//3652
f 3830//3830 3887//3887 3833//3833
f 3475//3475 3477//3477 3986//3986
f 3986//3986 3981//3981 5498//5498
f 5498//5498 5492//5492 5456//5456
f 5492//5492 3911//3911 5420//5420
f 3873//3873 3870//3870 3874//3874
f 5420//5420 3873//3873 5456//5456
f 1764//1764 3213//3213 3392//3392
f 3392//3392 3365//3365 3351//3351
f 5602//5602 5600//5600 5608//5608
f 5610//5610 5601//5601 5602//5602
f 5600//5600 5599//5599 5608//5608
f 4004//4004 5599//5599 5545//5545
f 5601//5601 5548//5548 5525//5525
f 5599//5599 4004//4004 5576//5576
f 5576//5576 5571//5571 3510//3510
f 5572//5572 5571//5571 2170//2170
f 2175//2175 5616//5616 5572//5572
f 2671//2671 5616//5616 2175//2175
f 5616//5616 5571//5571 5572//5572
f 5616//5616 2671//2671 4107//4107
f 2669//2669 2211//2211 2672//2672
f 2672//2672 2683//2683 4100//4100
f 2705//2705 2684//2684 2706//2706
f 2683//2683 2681//2681 2705//2705
f 2684//2684 2682//2682 2242//2242
f 2684//2684 2242//2242 2703//2703
f 2213//2213 2242//2242 2682//2682
f 2213//2213 2240//2240 2242//2242
f 2672//2672 2212//2212 2682//2682
f 2241//2241 2240//2240 2213//2213
f 2703//2703 2706//2706 2684//2684
f 1792//1792 2706//2706 1791//1791
f 1798//1798 1795//1795 1791//1791
f 1793//1793 1800//1800 3435//3435
f 1801//1801 1797//1797 1796//1796
f 1809//1809 1801//1801 1796//1796
f 1811//1811 3485//3485 1808//1808
f 1812//1812 2304//2304 2303//2303
f 2284//2284 2304//2304 1809//1809
f 1796//1796 2284//2284 1809//1809
f 1796//1796 2285//2285 2284//2284
f 1799//1799 2285//2285 1796//1796
f 1799//1799 1796//1796 1797//1797
f 1795//1795 1797//1797 1801//1801
f 2285//2285 1799//1799 2244//2244
f 2281//2281 2285//2285 2244//2244
f 1798//1798 2240//2240 2244//2244
f 2244//2244 2235//2235 2281//2281
f 2237//2237 2281//2281 2235//2235
f 2280//2280 2237//2237 2230//2230
f 2278//2278 2280//2280 2230//2230
f 2278//2278 2230//2230 2231//2231
f 2230//2230 2229//2229 2231//2231
f 2229//2229 2230//2230 2233//2233
f 2233//2233 2230//2230 2237//2237
f 2280//2280 2282//2282 2237//2237
f 2279//2279 2280//2280 2278//2278
f 2237//2237 2282//2282 2281//2281
f 2244//2244 2241//2241 2235//2235
f 2237//2237 2235//2235 2233//2233
f 2235//2235 2241//2241 2234//2234
f 2229//2229 2233//2233 2232//2232
f 2201//2201 1206//1206 2229//2229
f 2229//2229 1206//1206 2231//2231
f 1206//1206 1777//1777 2231//2231
f 1206//1206 1189//1189 1204//1204
f 1188//1188 1202//1202 1204//1204
f 1202//1202 1201//1201 1203//1203
f 2670//2670 1203//1203 1201//1201
f 1201//1201 2658//2658 2670//2670
f 1201//1201 2657//2657 2658//2658
f 1202//1202 1200//1200 1201//1201
f 1201//1201 1200//1200 2657//2657
f 1200//1200 2579//2579 2657//2657
f 2418//2418 1200//1200 1186//1186
f 2418//2418 2414//2414 1200//1200
f 1186//1186 1200//1200 1202//1202
f 2414//2414 2579//2579 1200//1200
f 1202//1202 1188//1188 1186//1186
f 1204//1204 1202//1202 1203//1203
f 2271//2271 2269//2269 1777//1777
f 1203//1203 1777//1777 1204//1204
f 1777//1777 1206//1206 1204//1204
f 2231//2231 1777//1777 2278//2278
f 2278//2278 2277//2277 2279//2279
f 2275//2275 2287//2287 2274//2274
f 2277//2277 2287//2287 2279//2279
f 2280//2280 2279//2279 2282//2282
f 2303//2303 2304//2304 2293//2293
f 2298//2298 2303//2303 2293//2293
f 2282//2282 2292//2292 2293//2293
f 2293//2293 2294//2294 2298//2298
f 2288//2288 2289//2289 2292//2292
f 2328//2328 5592//5592 5556//5556
f 5591//5591 5592//5592 2328//2328
f 2328//2328 5595//5595 5591//5591
f 5595//5595 4061//4061 5591//5591
f 5591//5591 2314//2314 2311//2311
f 2320//2320 2314//2314 4061//4061
f 1344//1344 2321//2321 4061//4061
f 4061//4061 5595//5595 1344//1344
f 1343//1343 1344//1344 1342//1342
f 1342//1342 1345//1345 1347//1347
f 3547//3547 4069//4069 4070//4070
f 1347//1347 1825//1825 1348//1348
f 1346//1346 1347//1347 1348//1348
f 1350//1350 1342//1342 1346//1346
f 1346//1346 1828//1828 1829//1829
f 1348//1348 3550//3550 1828//1828
f 3550//3550 4231//4231 1828//1828
f 4231//4231 3548//3548 4220//4220
f 4741//4741 3551//3551 4743//4743
f 3555//3555 3556//3556 3554//3554
f 3551//3551 3552//3552 3554//3554
f 3691//3691 3767//3767 3742//3742
f 3689//3689 3690//3690 3691//3691
f 3690//3690 3689//3689 3670//3670
f 3666//3666 3669//3669 3670//3670
f 1822//1822 3625//3625 1824//1824
f 1820//1820 1823//1823 1822//1822
f 1317//1317 1820//1820 1817//1817
f 1815//1815 1822//1822 1819//1819
f 1814//1814 1364//1364 1314//1314
f 1363//1363 1356//1356 1364//1364
f 1814//1814 1338//1338 1363//1363
f 1356//1356 1358//1358 2906//2906
f 1357//1357 1358//1358 1359//1359
f 1355//1355 1360//1360 1352//1352
f 1357//1357 1359//1359 2921//2921
f 960//960 2930//2930 2921//2921
f 944//944 960//960 932//932
f 932//932 915//915 927//927
f 915//915 955//955 2921//2921
f 915//915 913//913 792//792
f 710//710 792//792 913//913
f 842//842 874//874 927//927
f 842//842 694//694 874//874
f 694//694 722//722 874//874
f 722//722 642//642 735//735
f 323//323 326//326 566//566
f 334//334 326//326 318//318
f 299//299 314//314 311//311
f 326//326 312//312 313//313
f 311//311 314//314 312//312
f 308//308 2387//2387 295//295
f 2400//2400 2388//2388 2387//2387
f 2377//2377 2388//2388 2400//2400
f 2387//2387 2388//2388 295//295
f 311//311 309//309 295//295
f 296//296 299//299 311//311
f 274//274 297//297 296//296
f 296//296 292//292 291//291
f 273//273 276//276 274//274
f 3065//3065 3071//3071 275//275
f 3065//3065 3064//3064 3071//3071
f 3061//3061 3064//3064 3065//3065
f 3071//3071 3064//3064 2979//2979
f 3064//3064 2923//2923 2972//2972
f 2892//2892 2923//2923 2820//2820
f 2966//2966 3064//3064 3061//3061
f 3073//3073 3071//3071 2979//2979
f 278//278 3071//3071 3073//3073
f 2979//2979 2972//2972 3073//3073
f 3064//3064 2972//2972 2979//2979
f 2972//2972 2923//2923 2892//2892
f 2892//2892 2135//2135 2972//2972
f 2135//2135 2892//2892 1138//1138
f 2108//2108 1138//1138 1128//1128
f 212//212 1140//1140 242//242
f 1754//1754 1128//1128 1748//1748
f 1128//1128 1821//1821 1124//1124
f 1124//1124 1821//1821 1676//1676
f 1884//1884 1821//1821 1128//1128
f 1671//1671 68//68 2596//2596
f 1671//1671 2596//2596 1676//1676
f 72//72 81//81 80//80
f 81//81 72//72 2564//2564
f 72//72 79//79 71//71
f 72//72 58//58 2564//2564
f 68//68 58//58 65//65
f 2448//2448 76//76 74//74
f 2448//2448 74//74 2446//2446
f 2446//2446 74//74 65//65
f 2446//2446 65//65 57//57
f 68//68 65//65 74//74
f 2564//2564 58//58 68//68
f 71//71 58//58 72//72
f 55//55 58//58 71//71
f 49//49 55//55 36//36
f 71//71 2464//2464 55//55
f 81//81 68//68 1671//1671
f 81//81 2564//2564 68//68
f 2596//2596 74//74 76//76
f 1124//1124 1676//1676 1681//1681
f 1124//1124 1681//1681 1129//1129
f 1119//1119 76//76 2487//2487
f 2487//2487 2455//2455 1119//1119
f 2448//2448 2438//2438 2455//2455
f 1170//1170 2438//2438 1191//1191
f 1191//1191 1187//1187 2338//2338
f 1146//1146 1191//1191 2338//2338
f 1187//1187 2420//2420 2338//2338
f 29//29 3302//3302 32//32
f 3302//3302 29//29 3284//3284
f 3302//3302 3284//3284 3244//3244
f 2218//2218 3244//3244 3054//3054
f 2950//2950 2218//2218 3054//3054
f 3101//3101 3054//3054 3166//3166
f 3101//3101 3166//3166 3118//3118
f 3095//3095 3101//3101 3118//3118
f 3166//3166 3054//3054 3244//3244
f 3166//3166 3244//3244 3284//3284
f 1146//1146 3244//3244 2218//2218
f 1141//1141 2218//2218 1118//1118
f 2218//2218 2950//2950 987//987
f 3054//3054 3101//3101 2943//2943
f 3206//3206 2998//2998 3095//3095
f 3118//3118 3206//3206 3095//3095
f 3284//3284 3118//3118 3166//3166
f 2317//2317 2270//2270 2324//2324
f 2376//2376 2317//2317 34//34
f 2317//2317 2376//2376 3250//3250
f 3180//3180 2270//2270 2317//2317
f 3250//3250 2308//2308 3193//3193
f 3190//3190 3130//3130 3074//3074
f 2286//2286 3130//3130 3193//3193
f 1075//1075 1092//1092 1096//1096
f 1066//1066 1049//1049 1078//1078
f 1024//1024 1049//1049 1066//1066
f 947//947 946//946 1024//1024
f 2107//2107 2095//2095 2106//2106
f 2119//2119 2107//2107 2116//2116
f 2107//2107 2119//2119 2118//2118
f 2118//2118 5489//5489 5410//5410
f 2134//2134 5497//5497 2118//2118
f 5408//5408 5489//5489 5497//5497
f 5496//5496 5408//5408 5497//5497
f 5317//5317 5416//5416 5325//5325
f 4280//4280 4155//4155 5416//5416
f 4486//4486 4719//4719 4721//4721
f 5416//5416 5448//5448 4486//4486
f 5448//5448 5444//5444 5514//5514
f 5496//5496 5497//5497 5596//5596
f 4834//4834 5496//5496 5619//5619
f 4486//4486 4832//4832 4719//4719
f 5598//5598 4834//4834 5228//5228
f 5598//5598 5228//5228 5227//5227
f 5605//5605 4719//4719 5137//5137
f 3655//3655 5137//5137 3864//3864
f 3760//3760 3864//3864 5226//5226
f 5137//5137 5227//5227 3864//3864
f 3760//3760 3849//3849 4002//4002
f 3849//3849 3760//3760 5226//5226
f 5214//5214 3850//3850 3849//3849
f 5214//5214 3849//3849 5212//5212
f 5227//5227 5228//5228 5226//5226
f 5212//5212 5596//5596 5088//5088
f 5088//5088 5596//5596 2134//2134
f 2134//2134 5596//5596 5497//5497
f 2147//2147 2133//2133 2132//2132
f 2147//2147 2132//2132 2145//2145
f 2117//2117 2116//2116 2114//2114
f 2128//2128 2127//2127 2143//2143
f 2131//2131 2143//2143 2132//2132
f 2142//2142 2156//2156 2160//2160
f 2161//2161 2157//2157 2158//2158
f 2158//2158 1135//1135 2176//2176
f 2176//2176 2177//2177 2158//2158
f 2177//2177 2176//2176 2178//2178
f 2178//2178 2176//2176 1144//1144
f 1144//1144 2176//2176 1136//1136
f 1135//1135 1136//1136 2176//2176
f 1143//1143 2152//2152 2164//2164
f 1142//1142 1143//1143 2164//2164
f 1142//1142 2164//2164 1149//1149
f 1149//1149 2164//2164 2146//2146
f 1132//1132 1133//1133 2029//2029
f 2152//2152 2146//2146 2164//2164
f 1149//1149 1151//1151 1142//1142
f 1142//1142 1144//1144 1143//1143
f 1145//1145 2178//2178 1144//1144
f 1145//1145 2195//2195 2178//2178
f 1153//1153 1155//1155 1145//1145
f 1155//1155 2195//2195 1145//1145
f 1154//1154 2195//2195 1155//1155
f 2161//2161 2177//2177 2181//2181
f 2170//2170 2163//2163 2175//2175
f 2671//2671 2175//2175 2668//2668
f 2668//2668 2208//2208 2211//2211
f 2208//2208 2174//2174 2207//2207
f 2207//2207 2212//2212 2208//2208
f 2198//2198 2199//2199 2197//2197
f 2210//2210 2212//2212 2207//2207
f 2205//2205 2234//2234 2210//2210
f 2203//2203 2205//2205 2204//2204
f 2197//2197 2204//2204 2198//2198
f 2196//2196 2200//2200 2204//2204
f 2204//2204 2200//2200 2203//2203
f 2200//2200 2195//2195 2194//2194
f 2203//2203 2200//2200 2194//2194
f 2194//2194 1173//1173 2201//2201
f 1206//1206 2201//2201 1190//1190
f 1189//1189 1206//1206 1190//1190
f 1189//1189 1188//1188 1204//1204
f 2360//2360 1186//1186 1181//1181
f 2347//2347 2360//2360 2348//2348
f 255//255 258//258 3027//3027
f 255//255 250//250 258//258
f 250//250 252//252 258//258
f 250//250 255//255 237//237
f 227//227 230//230 228//228
f 230//230 191//191 228//228
f 230//230 227//227 250//250
f 219//219 230//230 250//250
f 237//237 219//219 250//250
f 237//237 255//255 218//218
f 3027//3027 268//268 1160//1160
f 1162//1162 3027//3027 1160//1160
f 1161//1161 1162//1162 1160//1160
f 3027//3027 258//258 268//268
f 1160//1160 2360//2360 1181//1181
f 1185//1185 1160//1160 1181//1181
f 1173//1173 1154//1154 1171//1171
f 1153//1153 1154//1154 1155//1155
f 1163//1163 1162//1162 1161//1161
f 218//218 255//255 3027//3027
f 228//228 191//191 225//225
f 194//194 192//192 191//191
f 225//225 191//191 192//192
f 192//192 173//173 188//188
f 173//173 153//153 189//189
f 228//228 225//225 236//236
f 250//250 227//227 252//252
f 258//258 2366//2366 268//268
f 2360//2360 2366//2366 2348//2348
f 2366//2366 251//251 2348//2348
f 2418//2418 2347//2347 2414//2414
f 2414//2414 2565//2565 2579//2579
f 2579//2579 572//572 574//574
f 2657//2657 2665//2665 2658//2658
f 2271//2271 1203//1203 2670//2670
f 1777//1777 2269//2269 2272//2272
f 2267//2267 2272//2272 2268//2268
f 2274//2274 2287//2287 2267//2267
f 2273//2273 2350//2350 2274//2274
f 2350//2350 2275//2275 2274//2274
f 2351//2351 2290//2290 2275//2275
f 2288//2288 2290//2290 2289//2289
f 2296//2296 2297//2297 2289//2289
f 2372//2372 2362//2362 2370//2370
f 2744//2744 2745//2745 2372//2372
f 2744//2744 2330//2330 2745//2745
f 2330//2330 2744//2744 2333//2333
f 2331//2331 2330//2330 2334//2334
f 2266//2266 2325//2325 2326//2326
f 2329//2329 2328//2328 2326//2326
f 2329//2329 5595//5595 2328//2328
f 4067//4067 5595//5595 2335//2335
f 2326//2326 2331//2331 2329//2329
f 2331//2331 2334//2334 2335//2335
f 2341//2341 2342//2342 2344//2344
f 2337//2337 2339//2339 2342//2342
f 2342//2342 3558//3558 2343//2343
f 2339//2339 2746//2746 3558//3558
f 3901//3901 3913//3913 3549//3549
f 2339//2339 2748//2748 2746//2746
f 2373//2373 3695//3695 3884//3884
f 2373//2373 2748//2748 2747//2747
f 2373//2373 2374//2374 3695//3695
f 2368//2368 2369//2369 2374//2374
f 2369//2369 2367//2367 2374//2374
f 2374//2374 2302//2302 3695//3695
f 2367//2367 2358//2358 2301//2301
f 2374//2374 2367//2367 2301//2301
f 2367//2367 2364//2364 2354//2354
f 2369//2369 2364//2364 2367//2367
f 2370//2370 2363//2363 2364//2364
f 2364//2364 2365//2365 2354//2354
f 2351//2351 2291//2291 2290//2290
f 2350//2350 2345//2345 2351//2351
f 2359//2359 2356//2356 2365//2365
f 2356//2356 2355//2355 2365//2365
f 2356//2356 1818//1818 2355//2355
f 2365//2365 2355//2355 2354//2354
f 1814//1814 1819//1819 1818//1818
f 1818//1818 1341//1341 1814//1814
f 1818//1818 2356//2356 1341//1341
f 1338//1338 1341//1341 1339//1339
f 2359//2359 2345//2345 1341//1341
f 1341//1341 2346//2346 1339//1339
f 1337//1337 1333//1333 1336//1336
f 1362//1362 1339//1339 1336//1336
f 1328//1328 922//922 1351//1351
f 1353//1353 1331//1331 1332//1332
f 1299//1299 2273//2273 2268//2268
f 2268//2268 2269//2269 1301//1301
f 1301//1301 2269//2269 2678//2678
f 966//966 2797//2797 2788//2788
f 2785//2785 1297//1297 2788//2788
f 2678//2678 2658//2658 2663//2663
f 2781//2781 2785//2785 2664//2664
f 710//710 913//913 911//911
f 2779//2779 696//696 858//858
f 691//691 694//694 842//842
f 638//638 643//643 691//691
f 628//628 624//624 629//629
f 628//628 2707//2707 624//624
f 360//360 628//628 630//630
f 577//577 579//579 580//580
f 2665//2665 575//575 578//578
f 574//574 573//573 575//575
f 580//580 565//565 567//567
f 565//565 323//323 566//566
f 323//323 316//316 326//326
f 2546//2546 308//308 307//307
f 2553//2553 2415//2415 2546//2546
f 2553//2553 2565//2565 2415//2415
f 2415//2415 2404//2404 2546//2546
f 2385//2385 2404//2404 2415//2415
f 2400//2400 2387//2387 2404//2404
f 2400//2400 2379//2379 2377//2377
f 2397//2397 2377//2377 2379//2379
f 2391//2391 2388//2388 2377//2377
f 2393//2393 3065//3065 2391//2391
f 3061//3061 3158//3158 2966//2966
f 2394//2394 3158//3158 2393//2393
f 2960//2960 2947//2947 2953//2953
f 2953//2953 2947//2947 3041//3041
f 2960//2960 2966//2966 3158//3158
f 2966//2966 2960//2960 2953//2953
f 2898//2898 2870//2870 2842//2842
f 2904//2904 2842//2842 2820//2820
f 2789//2789 1884//1884 2073//2073
f 2789//2789 1806//1806 1884//1884
f 81//81 1671//1671 98//98
f 98//98 80//80 81//81
f 84//84 79//79 80//80
f 2490//2490 2464//2464 71//71
f 2464//2464 2490//2490 2462//2462
f 2490//2490 2461//2461 2462//2462
f 2490//2490 1471//1471 2461//2461
f 1471//1471 70//70 2461//2461
f 2527//2527 70//70 1471//1471
f 70//70 1283//1283 2461//2461
f 2462//2462 2461//2461 1283//1283
f 2462//2462 53//53 54//54
f 58//58 55//55 49//49
f 2446//2446 57//57 52//52
f 29//29 28//28 3278//3278
f 28//28 36//36 3278//3278
f 41//41 35//35 34//34
f 34//34 2317//2317 2324//2324
f 2327//2327 2283//2283 2286//2286
f 2286//2286 3201//3201 3130//3130
f 2286//2286 2283//2283 1096//1096
f 2283//2283 1074//1074 1096//1096
f 1098//1098 1081//1081 1066//1066
f 1097//1097 1104//1104 1085//1085
f 2129//2129 2128//2128 2114//2114
f 2127//2127 1552//1552 2143//2143
f 1553//1553 2154//2154 2144//2144
f 1532//1532 1546//1546 1432//1432
f 1546//1546 1532//1532 1733//1733
f 1432//1432 1417//1417 1532//1532
f 1655//1655 1417//1417 1412//1412
f 1452//1452 1498//1498 1453//1453
f 1706//1706 1711//1711 1697//1697
f 1771//1771 1706//1706 137//137
f 126//126 130//130 137//137
f 139//139 1771//1771 137//137
f 137//137 130//130 131//131
f 126//126 137//137 1698//1698
f 1698//1698 1688//1688 1564//1564
f 119//119 1564//1564 1557//1557
f 1485//1485 2615//2615 1557//1557
f 1557//1557 1564//1564 1485//1485
f 147//147 144//144 141//141
f 141//141 132//132 155//155
f 121//121 132//132 127//127
f 155//155 132//132 121//121
f 160//160 155//155 2765//2765
f 160//160 164//164 153//153
f 153//153 147//147 155//155
f 147//147 149//149 144//144
f 168//168 149//149 184//184
f 205//205 186//186 168//168
f 156//156 168//168 170//170
f 187//187 168//168 186//186
f 187//187 208//208 171//171
f 2139//2139 171//171 208//208
f 2146//2146 1988//1988 2139//2139
f 2172//2172 1149//1149 2146//2146
f 2180//2180 1151//1151 1149//1149
f 2172//2172 223//223 2180//2180
f 1163//1163 1150//1150 223//223
f 223//223 222//222 1163//1163
f 220//220 3027//3027 222//222
f 220//220 207//207 206//206
f 207//207 223//223 2172//2172
f 219//219 206//206 205//205
f 205//205 194//194 219//219
f 194//194 205//205 168//168
f 184//184 149//149 192//192
f 149//149 151//151 192//192
f 200//200 176//176 197//197
f 216//216 3045//3045 245//245
f 253//253 215//215 245//245
f 253//253 236//236 215//215
f 2353//2353 264//264 2385//2385
f 266//266 246//246 3137//3137
f 265//265 264//264 2353//2353
f 3137//3137 246//246 3040//3040
f 3040//3040 3135//3135 3137//3137
f 3040//3040 246//246 3045//3045
f 3045//3045 202//202 2944//2944
f 2944//2944 2898//2898 3041//3041
f 202//202 2898//2898 2944//2944
f 176//176 2078//2078 2870//2870
f 2058//2058 2078//2078 2717//2717
f 2765//2765 2078//2078 160//160
f 2765//2765 121//121 2717//2717
f 120//120 2654//2654 2717//2717
f 2717//2717 2654//2654 2058//2058
f 2820//2820 2842//2842 2058//2058
f 1794//1794 2789//2789 2081//2081
f 1794//1794 1806//1806 2789//2789
f 98//98 2635//2635 2634//2634
f 84//84 80//80 97//97
f 2585//2585 79//79 104//104
f 2585//2585 104//104 1471//1471
f 2585//2585 1471//1471 2490//2490
f 2469//2469 70//70 91//91
f 2375//2375 2308//2308 2376//2376
f 3357//3357 2283//2283 2327//2327
f 27//27 2283//2283 3357//3357
f 27//27 1097//1097 1098//1098
f 1103//1103 1104//1104 1097//1097
f 1106//1106 1104//1104 1112//1112
f 2124//2124 2129//2129 1105//1105
f 1276//1276 1275//1275 1730//1730
f 1266//1266 1251//1251 1420//1420
f 2138//2138 1730//1730 1432//1432
f 1411//1411 1375//1375 1412//1412
f 1412//1412 1375//1375 94//94
f 1453//1453 94//94 1450//1450
f 1595//1595 1688//1688 1452//1452
f 1595//1595 1450//1450 1444//1444
f 1450//1450 91//91 1444//1444
f 1485//1485 1595//1595 1444//1444
f 2612//2612 1557//1557 2615//2615
f 120//120 114//114 116//116
f 120//120 121//121 114//114
f 120//120 112//112 2654//2654
f 2660//2660 2654//2654 112//112
f 2704//2704 2673//2673 1794//1794
f 2634//2634 2635//2635 2673//2673
f 2660//2660 112//112 2634//2634
f 104//104 105//105 1471//1471
f 2612//2612 2615//2615 1471//1471
f 1450//1450 78//78 91//91
f 1371//1371 1420//1420 1251//1251
f 1252//1252 1321//1321 1372//1372
f 46//46 1252//1252 1263//1263
f 1113//1113 48//48 1276//1276
f 1266//1266 44//44 1263//1263
f 2405//2405 45//45 2384//2384
f 47//47 26//26 25//25