# https://github.com/mikedh/trimesh
v 0.08391200 0.10960800 0.03277200
v 0.08391200 0.10956000 0.03267600
v 0.04240400 0.11052400 0.03716600
v 0.08391200 0.11144400 0.04151000
v 0.08391200 0.11144400 0.04165400
v 0.04240400 0.11144400 0.04165400
v 0.00089600 0.11144400 0.04165400
v 0.04240400 0.11120000 0.04623800
v 0.08391200 0.11144400 0.04170200
v 0.08391200 0.11096000 0.05082400
v 0.04240400 0.11096000 0.05082400
v 0.00089600 0.11096000 0.05082400
v 0.00089600 0.10806400 0.05960800
v 0.04240400 0.10951200 0.05521600
v 0.04240400 0.10806400 0.05960800
v 0.08391200 0.10806400 0.05960800
v 0.08391200 0.04314800 0.02678800
v 0.08391200 0.04237600 0.02794600
v 0.08391200 0.04285800 0.02751200
v 0.08391200 0.10927200 0.03204800
v 0.08391200 0.11018800 0.03402800
v 0.08391200 0.04213400 0.05159600
v 0.08391200 0.04116800 0.04696200
v 0.08391200 0.04121600 0.04609400
v 0.08391200 0.10811200 0.05960800
v 0.08391200 0.10811200 0.05951200
v 0.08391200 0.10309200 0.06723400
v 0.08391200 0.10758000 0.06091200
v 0.08391200 0.11168400 0.04310200
v 0.08391200 0.11332400 0.05130600
v 0.08391200 0.11346800 0.04932600
v 0.08391200 0.11327600 0.05101800
v 0.08391200 0.08851600 0.07988000
v 0.08391200 0.08837200 0.07997600
v 0.08391200 0.08856600 0.07988000
v 0.08391200 0.04493200 0.05965600
v 0.08391200 0.04305200 0.05594000
v 0.08391200 0.04290800 0.05521600
v 0.08391200 0.10497600 0.02032000
v 0.08391200 0.10198400 0.01694200
v 0.08391200 0.10212800 0.01679600
v 0.08391200 0.05034000 0.02065800
v 0.08391200 0.05256000 0.01868000
v 0.08391200 0.05058000 0.02027200
v 0.08391200 0.10796800 0.02413200
v 0.08391200 0.10835200 0.02437600
v 0.08391200 0.10816000 0.02452000
v 0.08391200 0.09956800 0.01786000
v 0.08391200 0.10454000 0.02340800
v 0.08391200 0.10048600 0.01853600
v 0.08391200 0.10540800 0.02442400
v 0.08391200 0.10555400 0.02466400
v 0.08391200 0.04285800 0.03412400
v 0.08391200 0.04454800 0.02900800
v 0.08391200 0.04508000 0.02818800
v 0.08391200 0.06554200 0.01086000
v 0.08391200 0.06945200 0.01004000
v 0.08391200 0.06607400 0.01062000
v 0.08391200 0.09749400 0.01641200
v 0.08391200 0.09928000 0.01756800
v 0.08391200 0.07369800 0.00917200
v 0.08391200 0.07447000 0.00922000
v 0.08391200 0.11028400 0.06062200
v 0.08391200 0.11081600 0.05893200
v 0.08391200 0.11018800 0.06062200
v 0.08391200 0.09619000 0.07341200
v 0.08391200 0.08798600 0.07756400
v 0.08391200 0.09512800 0.07428000
v 0.08391200 0.04662400 0.02582200
v 0.08391200 0.04961600 0.02133400
v 0.08391200 0.10965600 0.06202200
v 0.08391200 0.10946400 0.06192400
v 0.08391200 0.11009200 0.06091200
v 0.08391200 0.11014000 0.06076600
v 0.08391200 0.04266400 0.05468600
v 0.08391200 0.11404800 0.04305400
v 0.08391200 0.11380800 0.04305400
v 0.08391200 0.11385600 0.04252200
v 0.08391200 0.11380800 0.04146200
v 0.08391200 0.11385600 0.04189400
v 0.08391200 0.11390400 0.04146200
v 0.08391200 0.11342000 0.03909600
v 0.08391200 0.11376000 0.04117000
v 0.08391200 0.10145200 0.01631600
v 0.08391200 0.10087200 0.01573600
v 0.08391200 0.10077600 0.01588000
v 0.08391200 0.08349800 0.00989600
v 0.08391200 0.08880600 0.01163200
v 0.08391200 0.08436600 0.00994400
v 0.08391200 0.07920200 0.00946000
v 0.08391200 0.08287000 0.00965400
v 0.08391200 0.09720400 0.01332200
v 0.08391200 0.09401800 0.01124800
v 0.08391200 0.09411600 0.01110200
v 0.08391200 0.09204000 0.01284000
v 0.08391200 0.09300600 0.01317600
v 0.08391200 0.09160600 0.01255000
v 0.08391200 0.07833400 0.00936400
v 0.08391200 0.07519400 0.00907600
v 0.08391200 0.06955000 0.07886400
v 0.08391200 0.06288800 0.07664400
v 0.08391200 0.06848600 0.07876800
v 0.08391200 0.07099800 0.07901200
v 0.08391200 0.06979000 0.07891400
v 0.08391200 0.04691200 0.06361400
v 0.08391200 0.04647800 0.06308400
v 0.08391200 0.05560000 0.07249600
v 0.08391200 0.05333200 0.07100000
v 0.08391200 0.05299400 0.07066000
v 0.08391200 0.04517600 0.06554400
v 0.08391200 0.04903600 0.06988800
v 0.08391200 0.04585200 0.06598000
v 0.08391200 0.06071600 0.07587200
v 0.08391200 0.05984800 0.07553600
v 0.08391200 0.06100600 0.07606800
v 0.08391200 0.09899000 0.07413600
v 0.08391200 0.10314000 0.07046800
v 0.08391200 0.10396000 0.07003200
v 0.08391200 0.04141000 0.04291000
v 0.08391200 0.04170000 0.03774400
v 0.08391200 0.04198800 0.03687600
v 0.08391200 0.04203800 0.03644200
v 0.08391200 0.04112000 0.04561000
v 0.08391200 0.10898000 0.06264800
v 0.08391200 0.04952000 0.06675200
v 0.08391200 0.05231800 0.07017800
v 0.08391200 0.10304400 0.06728200
v 0.08391200 0.09629000 0.07332400
v 0.08391200 0.10222400 0.06844000
v 0.08391200 0.11052400 0.02915200
v 0.08391200 0.04522400 0.02780200
v 0.08391200 0.05241600 0.07312200
v 0.08391200 0.05188400 0.07273600
v 0.08391200 0.05174000 0.07288000
v 0.08391200 0.09083400 0.07881600
v 0.08391200 0.09551600 0.07645200
v 0.08391200 0.09638400 0.07630800
v 0.08391200 0.10584400 0.06738000
v 0.08391200 0.04720200 0.06414400
v 0.08391200 0.07896000 0.07944400
v 0.08391200 0.07886200 0.07944400
v 0.08391200 0.07953800 0.07934800
v 0.08391200 0.08673000 0.07814000
v 0.08391200 0.05902800 0.07766000
v 0.08391200 0.05873800 0.07761200
v 0.08391200 0.05878600 0.07751600
v 0.08391200 0.10743600 0.02307200
v 0.08391200 0.10700200 0.02278200
v 0.08391200 0.07765800 0.07963800
v 0.08391200 0.08875800 0.07988000
v 0.08391200 0.08875800 0.07978400
v 0.08391200 0.10376800 0.06988800
v 0.08391200 0.10488000 0.06887600
v 0.08391200 0.10483000 0.06882800
v 0.08391200 0.10463600 0.06906800
v 0.08391200 0.10777600 0.02365200
v 0.08391200 0.10734000 0.02316800
v 0.08391200 0.10029200 0.01554400
v 0.08391200 0.10174000 0.01665200
v 0.08391200 0.04879600 0.01877600
v 0.08391200 0.04773200 0.01974000
v 0.08391200 0.04836000 0.01940400
v 0.08391200 0.04469200 0.06458000
v 0.08391200 0.04536800 0.06540000
v 0.08391200 0.04073600 0.05676000
v 0.08391200 0.04368000 0.06255200
v 0.08391200 0.04136200 0.05743600
v 0.08391200 0.04450000 0.06433800
v 0.08391200 0.04459600 0.06443400
v 0.08391200 0.04454800 0.06429000
v 0.08391200 0.03957600 0.03735800
v 0.08391200 0.03962400 0.03673000
v 0.08391200 0.03928800 0.03731000
v 0.08391200 0.03972000 0.03600600
v 0.08391200 0.03885200 0.04479000
v 0.08391200 0.03875600 0.04565800
v 0.08391200 0.03880400 0.04575600
v 0.08391200 0.03880400 0.04585400
v 0.08391200 0.03875600 0.04710600
v 0.08391200 0.04015600 0.05401000
v 0.08391200 0.03919000 0.04802600
v 0.08391200 0.03890000 0.04653000
v 0.08391200 0.03880400 0.04565800
v 0.08391200 0.03880400 0.04556200
v 0.08391200 0.04039600 0.05536200
v 0.08391200 0.04044400 0.05536200
v 0.08391200 0.04049200 0.05545800
v 0.08391200 0.04097600 0.05666400
v 0.08391200 0.04049200 0.05560200
v 0.08391200 0.09725200 0.07558400
v 0.08391200 0.09754200 0.07544000
v 0.08391200 0.09739800 0.07548800
v 0.08391200 0.09624000 0.07611600
v 0.08391200 0.05598600 0.07563200
v 0.08391200 0.08195400 0.08128000
v 0.08391200 0.08610200 0.08041000
v 0.08391200 0.08745400 0.08036200
v 0.08391200 0.07915400 0.08185800
v 0.08391200 0.07862200 0.08185800
v 0.08391200 0.06935600 0.08118200
v 0.08391200 0.06930600 0.08132800
v 0.08391200 0.06979000 0.08123200
v 0.08391200 0.08663400 0.08031200
v 0.08391200 0.08735800 0.08016800
v 0.08391200 0.06868000 0.08113400
v 0.08391200 0.07283000 0.08152000
v 0.08391200 0.07775400 0.08200400
v 0.08391200 0.05931600 0.07785200
v 0.08391200 0.07012800 0.08128000
v 0.08391200 0.06843800 0.08103600
v 0.08391200 0.06795600 0.08103600
v 0.08391200 0.06829400 0.08098800
v 0.08391200 0.06800400 0.08089200
v 0.08391200 0.06404600 0.07958800
v 0.08391200 0.05072400 0.07191600
v 0.08391200 0.05096800 0.07201200
v 0.08391200 0.05111200 0.07220400
v 0.08391200 0.05082200 0.07182000
v 0.08391200 0.05994400 0.07823800
v 0.08391200 0.06004000 0.07809200
v 0.08391200 0.06057200 0.07828800
v 0.08391200 0.06481800 0.00859200
v 0.08391200 0.06385400 0.00873600
v 0.08391200 0.06467400 0.00868800
v 0.08391200 0.09266800 0.01033000
v 0.08391200 0.08769600 0.00868800
v 0.08391200 0.09194400 0.01028000
v 0.08391200 0.09257000 0.01052400
v 0.08391200 0.08460600 0.00767600
v 0.08391200 0.08455800 0.00767600
v 0.08391200 0.08436600 0.00762800
v 0.08391200 0.08330400 0.00728800
v 0.08391200 0.08325600 0.00748200
v 0.08391200 0.07818800 0.00700000
v 0.08391200 0.08190400 0.00738600
v 0.08391200 0.08287000 0.00748200
v 0.08391200 0.08248200 0.00743400
v 0.08391200 0.07838200 0.00700000
v 0.08391200 0.07736600 0.00695200
v 0.08391200 0.07471400 0.00680600
v 0.08391200 0.07509800 0.00671000
v 0.08391200 0.06515600 0.00844800
v 0.08391200 0.06539800 0.00835200
v 0.08391200 0.06544600 0.00840000
v 0.08391200 0.09377800 0.01105400
v 0.08391200 0.06699000 0.00806000
v 0.08391200 0.06578400 0.00830400
v 0.08391200 0.07350600 0.00671000
v 0.08391200 0.08484800 0.00777200
v 0.08391200 0.08489800 0.00767600
v 0.08391200 0.06448000 0.00873600
v 0.08391200 0.06395000 0.00897800
v 0.08391200 0.05743400 0.01197200
v 0.08391200 0.06563800 0.00835200
v 0.08391200 0.05646800 0.01240400
v 0.08391200 0.05646800 0.01245200
v 0.08391200 0.05632400 0.01255000
v 0.08391200 0.05661400 0.01240400
v 0.08391200 0.06033000 0.01322400
v 0.08391200 0.06467400 0.01105400
v 0.08391200 0.05506800 0.01317600
v 0.08391200 0.04942200 0.01819600
v 0.08391200 0.05526200 0.01342000
v 0.08391200 0.05574400 0.01303200
v 0.08391200 0.05646800 0.01520400
v 0.08391200 0.05729000 0.01477000
v 0.08391200 0.09344000 0.01086000
v 0.08391200 0.09749400 0.07539200
v 0.08391200 0.03899600 0.04710600
v 0.08391200 0.03972000 0.03586200
v 0.08391200 0.03976800 0.03591000
v 0.08391200 0.03996200 0.03528200
v 0.08391200 0.03976800 0.03581400
v 0.08391200 0.04348400 0.02620800
v 0.08391200 0.04797400 0.01993400
v 0.08391200 0.04261600 0.02809200
v 0.08391200 0.04314800 0.02669200
v 0.08391200 0.04319600 0.02669200
v 0.08391200 0.04324400 0.02664400
v 0.08391200 0.04898800 0.01863200
v 0.08391200 0.04889200 0.01868000
v 0.08391200 0.05772400 0.01443200
v 0.08391200 0.11187600 0.03185600
v 0.08391200 0.11158800 0.03151800
v 0.08391200 0.11178000 0.03190400
v 0.08391200 0.11197200 0.03238600
v 0.08391200 0.11245600 0.03335200
v 0.08391200 0.11211800 0.03291800
v 0.08391200 0.10473400 0.06897200
v 0.08391200 0.09624000 0.07336400
v 0.08391200 0.11221600 0.03340000
v 0.08391200 0.11327600 0.05130600
v 0.08391200 0.11327600 0.05145000
v 0.08391200 0.11322800 0.05164400
v 0.08391200 0.11313200 0.05285000
v 0.08391200 0.11284200 0.05275400
v 0.08391200 0.11303600 0.05227200
v 0.08391200 0.11260000 0.05362200
v 0.08391200 0.07828600 0.00941200
v 0.08391200 0.11096000 0.05087200
v 0.08391200 0.10637600 0.02563000
v 0.08391200 0.11081600 0.05232000
v 0.08415200 0.11081600 0.05232000
v 0.08429800 0.11187600 0.04310200
v 0.08444200 0.11115200 0.05236800
v 0.08415200 0.10758000 0.06091200
v 0.08444200 0.10787200 0.06110400
v 0.08463400 0.11154000 0.05246600
v 0.08463400 0.11245600 0.04310200
v 0.08468400 0.11197200 0.05256200
v 0.08463400 0.10825600 0.06129800
v 0.08463400 0.10883600 0.06158600
v 0.08463400 0.11240800 0.05265800
v 0.08463400 0.11308400 0.04305400
v 0.08453800 0.11351800 0.04305400
v 0.08463400 0.11154000 0.03364200
v 0.08463400 0.10753200 0.02490600
v 0.08463400 0.10719600 0.02514800
v 0.08463400 0.10294800 0.06906800
v 0.08463400 0.08465400 0.00859200
v 0.08463400 0.07514600 0.00767600
v 0.08463400 0.07514600 0.00835200
v 0.08463400 0.08455800 0.00902800
v 0.08463400 0.04440400 0.02732000
v 0.08463400 0.04956800 0.01930800
v 0.08463400 0.04401600 0.02712600
v 0.08463400 0.11110400 0.03373800
v 0.08463400 0.05941200 0.07635600
v 0.08463400 0.05169200 0.07090200
v 0.08463400 0.05140000 0.07119200
v 0.08463400 0.09599800 0.07568000
v 0.08463400 0.10328600 0.06940600
v 0.08463400 0.09566000 0.07510000
v 0.08463400 0.06568800 0.00926800
v 0.08463400 0.06583200 0.00970200
v 0.08463400 0.04044400 0.03605400
v 0.08463400 0.10145200 0.01752000
v 0.08453800 0.11067000 0.03388200
v 0.08444200 0.10666400 0.02548400
v 0.08453800 0.10087200 0.01814800
v 0.08429800 0.10058400 0.01843800
v 0.08415200 0.09300600 0.01317600
v 0.08415200 0.10637600 0.02563000
v 0.08415200 0.11018800 0.03402800
v 0.04240400 0.10748400 0.02852600
v 0.04240400 0.10956000 0.03267600
v 0.00089600 0.10956000 0.03267600
v 0.00089600 0.08287000 0.00965400
v 0.00089600 0.09160600 0.01255000
v 0.00089600 0.07461800 0.05328600
v 0.00089600 0.07881400 0.04044600
v 0.00089600 0.04508000 0.04768600
v 0.00089600 0.07369800 0.00917200
v 0.00089600 0.07828600 0.00941200
v 0.00089600 0.09928000 0.01756800
v 0.00089600 0.09233000 0.03002200
v 0.00089600 0.08224200 0.03740600
v 0.00089600 0.06467400 0.01105400
v 0.00089600 0.05646800 0.01520400
v 0.00089600 0.04508000 0.03779200
v 0.00089600 0.04961600 0.02133400
v 0.00089600 0.04420800 0.03774400
v 0.00089600 0.04508000 0.04628600
v 0.00089600 0.04300400 0.03769600
v 0.00089600 0.04290800 0.03769600
v 0.00089600 0.07210600 0.05709800
v 0.00089600 0.04508000 0.04821800
v 0.00089600 0.04508000 0.04845800
v 0.00089600 0.09619000 0.07341200
v 0.00089600 0.06868000 0.06018800
v 0.00089600 0.10304400 0.06728200
v 0.00089600 0.06979000 0.07891400
v 0.00089600 0.05333200 0.07100000
v 0.00089600 0.06100600 0.07606800
v 0.00089600 0.04720200 0.06414400
v 0.00089600 0.04508000 0.04884600
v 0.00089600 0.04237600 0.03769600
v 0.00089600 0.04454800 0.02900800
v 0.00089600 0.04170000 0.03769600
v 0.00089600 0.04305200 0.05594000
v 0.00089600 0.04271200 0.05130600
v 0.00089600 0.04237600 0.05135400
v 0.00089600 0.04208600 0.05130600
v 0.00089600 0.04508000 0.05125800
v 0.00089600 0.04300400 0.05130600
v 0.00089600 0.08798600 0.07756400
v 0.00089600 0.07896000 0.07944400
v 0.00089600 0.08639400 0.03533000
v 0.00089600 0.08779200 0.03093800
v 0.00089600 0.10540800 0.02442400
v 0.04240400 0.10236800 0.02099600
v 0.04240400 0.10540800 0.02442400
v 0.04240400 0.09928000 0.01756800
v 0.04240400 0.09546600 0.01506000
v 0.04240400 0.09160600 0.01255000
v 0.04240400 0.08721400 0.01110200
v 0.04240400 0.08287000 0.00965400
v 0.04240400 0.08055400 0.00955600
v 0.04240400 0.07596800 0.00926800
v 0.04240400 0.07828600 0.00941200
v 0.08415200 0.06607400 0.01062000
v 0.04240400 0.06916200 0.01008800
v 0.08429800 0.05762800 0.01428800
v 0.08415200 0.05058000 0.02027200
v 0.04240400 0.06057200 0.01312800
v 0.04240400 0.06467400 0.01105400
v 0.04240400 0.05646800 0.01520400
v 0.04240400 0.05304200 0.01824400
v 0.00104000 0.04512800 0.03779200
v 0.00104000 0.04512800 0.05121000
v 0.04240400 0.09961800 0.07037200
v 0.04240400 0.10304400 0.06728200
v 0.08415200 0.10222400 0.06844000
v 0.04240400 0.10555400 0.06342000
v 0.04240400 0.07369800 0.00917200
v 0.08415200 0.09512800 0.07428000
v 0.08444200 0.10246400 0.06868200
v 0.08444200 0.09532200 0.07457000
v 0.08444200 0.10936800 0.06187600
v 0.08429800 0.10386400 0.06993600
v 0.08415200 0.10965600 0.06202200
v 0.08429800 0.11298800 0.05280200
v 0.05461400 0.10854800 0.07206000
v 0.05461400 0.11462800 0.06274600
v 0.08429800 0.11390400 0.04305400
v 0.05461400 0.11810400 0.05222200
v 0.08415200 0.11245600 0.03335200
v 0.05461400 0.11873000 0.04112200
v 0.08444200 0.10806400 0.02456800
v 0.08444200 0.11211800 0.03344800
v 0.08444200 0.10188600 0.01704000
v 0.08453800 0.09382600 0.01158400
v 0.08468400 0.09353600 0.01216400
v 0.08453800 0.08446200 0.00946000
v 0.08463400 0.09334400 0.01255000
v 0.08444200 0.09315000 0.01288800
v 0.08415200 0.08436600 0.00994400
v 0.08444200 0.07519400 0.00873600
v 0.08415200 0.07519400 0.00907600
v 0.08444200 0.06597800 0.01028000
v 0.08463400 0.05733800 0.01380400
v 0.08453800 0.05019400 0.01993400
v 0.08453800 0.04363200 0.02693200
v 0.08429800 0.03986600 0.03591000
v 0.08444200 0.03909400 0.04565800
v 0.08415200 0.03875600 0.04565800
v 0.08429800 0.04054000 0.05531200
v 0.08463400 0.04112000 0.05516800
v 0.08453800 0.04488400 0.06400000
v 0.08463400 0.04522400 0.06371000
v 0.08463400 0.04816800 0.06762000
v 0.08468400 0.04850400 0.06738000
v 0.08453800 0.05897800 0.07712800
v 0.08463400 0.06824600 0.07968600
v 0.08444200 0.06839000 0.07910800
v 0.08463400 0.07765800 0.08036200
v 0.08429800 0.07765800 0.07978400
v 0.08463400 0.08697200 0.07881600
v 0.08468400 0.08706800 0.07925200
v 0.08463400 0.08745400 0.07954000
v 0.08444200 0.08764800 0.07992800
v 0.08429800 0.09628800 0.07616400
v 0.05461400 0.10029200 0.07944400
v 0.04597600 0.10965600 0.07297600
v 0.04597600 0.11593200 0.06337200
v 0.04597600 0.11950200 0.05246600
v 0.04597600 0.12017800 0.04102600
v 0.05461400 0.11646200 0.03026400
v 0.08415200 0.10212800 0.01679600
v 0.05461400 0.11144400 0.02032000
v 0.08415200 0.09411600 0.01110200
v 0.08429800 0.08484800 0.00782000
v 0.08453800 0.08475200 0.00815800
v 0.08444200 0.07509800 0.00704800
v 0.08453800 0.06554200 0.00883400
v 0.08429800 0.06544600 0.00849600
v 0.08444200 0.05666200 0.01269600
v 0.08415200 0.05646800 0.01240400
v 0.08415200 0.04889200 0.01868000
v 0.05461400 0.05236600 0.00917200
v 0.04597600 0.05154600 0.00796400
v 0.04597600 0.06177800 0.00280000
v 0.03709600 0.06163400 0.00236600
v 0.03709600 0.07297400 0.00000000
v 0.02826200 0.06177800 0.00280000
v 0.02826200 0.05154600 0.00796400
v 0.01962200 0.05236600 0.00917200
v 0.01962200 0.04406400 0.01655600
v 0.01132200 0.04585200 0.01810000
v 0.01962200 0.03798400 0.02587200
v 0.02826200 0.03668000 0.02524400
v 0.02826200 0.03310800 0.03615200
v 0.03709600 0.03262600 0.03605400
v 0.03709600 0.03199800 0.04763800
v 0.04597600 0.03248200 0.04759000
v 0.04597600 0.03479800 0.05883600
v 0.05461400 0.03615000 0.05835400
v 0.05461400 0.04116800 0.06824800
v 0.05461400 0.03388000 0.04749400
v 0.06793400 0.03692200 0.05121000
v 0.06745400 0.03677600 0.05101800
v 0.06721000 0.03672800 0.05092000
v 0.06677800 0.03658400 0.05058200
v 0.06658400 0.03653600 0.05043800
v 0.06619800 0.03634200 0.04995400
v 0.06605400 0.03629400 0.04976200
v 0.06595800 0.03624600 0.04957000
v 0.06591000 0.03619800 0.04947400
v 0.06561800 0.03605200 0.04894200
v 0.06557000 0.03600400 0.04870000
v 0.06552200 0.03595600 0.04865200
v 0.06533000 0.03581200 0.04802600
v 0.06537800 0.03566600 0.04735000
v 0.06537800 0.03576400 0.04556200
v 0.06528200 0.03600400 0.04102600
v 0.05461400 0.03450800 0.03639400
v 0.06537800 0.03605200 0.04078600
v 0.06537800 0.03605200 0.04068800
v 0.06552200 0.03610000 0.04039800
v 0.06561800 0.03610000 0.04006200
v 0.06571400 0.03615000 0.03986800
v 0.06576400 0.03615000 0.03982000
v 0.06605400 0.03624600 0.03929000
v 0.06624600 0.03629400 0.03904600
v 0.06663400 0.03639200 0.03861400
v 0.06687400 0.03644000 0.03842000
v 0.06730800 0.03648800 0.03813000
v 0.06755000 0.03653600 0.03798600
v 0.06803200 0.03663200 0.03779200
v 0.06832200 0.03668000 0.03774400
v 0.06880600 0.03677600 0.03769600
v 0.05461400 0.03798400 0.02587200
v 0.05461400 0.04406400 0.01655600
v 0.08415200 0.04314800 0.02669200
v 0.04597600 0.04300400 0.01564000
v 0.03709600 0.05125600 0.00758000
v 0.03709600 0.04261600 0.01530000
v 0.04597600 0.03668000 0.02524400
v 0.03709600 0.03624600 0.02500200
v 0.04597600 0.03310800 0.03615200
v 0.02826200 0.04300400 0.01564000
v 0.07281000 0.03711600 0.04305400
v 0.07285800 0.03711600 0.04334200
v 0.07290600 0.03711600 0.04392200
v 0.07290600 0.03706600 0.04421000
v 0.07290600 0.03706600 0.04445400
v 0.07291200 0.03705000 0.04469600
v 0.07290600 0.03701800 0.04513000
v 0.07291200 0.03705000 0.04469400
v 0.07290600 0.03701800 0.04537000
v 0.07290600 0.03701800 0.04570800
v 0.07285800 0.03697000 0.04599800
v 0.07281000 0.03697000 0.04628600
v 0.07281000 0.03692200 0.04657800
v 0.07276200 0.03692200 0.04686600
v 0.07271400 0.03687400 0.04715400
v 0.07266600 0.03687400 0.04725200
v 0.07261800 0.03692200 0.04744600
v 0.07247400 0.03701800 0.04802600
v 0.07203800 0.03711600 0.04894200
v 0.07184600 0.03716400 0.04927800
v 0.07155400 0.03721200 0.04976200
v 0.07092800 0.03726000 0.05043800
v 0.07054200 0.03726000 0.05067800
v 0.07020400 0.03721200 0.05092000
v 0.06977000 0.03721200 0.05111400
v 0.06948000 0.03716400 0.05121000
v 0.06900200 0.03710400 0.05130600
v 0.06870800 0.03706600 0.05135400
v 0.08429800 0.04459600 0.06424200
v 0.08415200 0.05072400 0.07191600
v 0.08429800 0.04773200 0.06800600
v 0.08444200 0.05096800 0.07167400
v 0.08415200 0.05873800 0.07761200
v 0.08444200 0.06800400 0.08074800
v 0.08463400 0.06815000 0.08012000
v 0.08463400 0.07770600 0.08128000
v 0.08468400 0.07770600 0.08079600
v 0.08463400 0.08711800 0.07968600
v 0.08444200 0.07770600 0.08166400
v 0.08444200 0.08731000 0.08007200
v 0.08415200 0.08779200 0.08021600
v 0.08415200 0.08745400 0.08036200
v 0.05461400 0.09035000 0.08446400
v 0.04597600 0.07958600 0.08813200
v 0.04597600 0.09083400 0.08581600
v 0.04597600 0.10106600 0.08060400
v 0.03709600 0.09097800 0.08625000
v 0.03709600 0.07963600 0.08861600
v 0.02826200 0.09083400 0.08581600
v 0.02826200 0.10106600 0.08060400
v 0.01962200 0.10029200 0.07944400
v 0.01962200 0.10854800 0.07206000
v 0.01132200 0.10676000 0.07051600
v 0.01962200 0.11462800 0.06274600
v 0.02826200 0.11593200 0.06337200
v 0.02826200 0.11950200 0.05246600
v 0.03709600 0.11998600 0.05256200
v 0.03709600 0.12061200 0.04097800
v 0.04597600 0.11781400 0.02978000
v 0.03709600 0.11824800 0.02963600
v 0.04597600 0.11264800 0.01954800
v 0.05461400 0.10405800 0.01206800
v 0.04597600 0.10497600 0.01095600
v 0.04597600 0.09537000 0.00468200
v 0.03709600 0.09561200 0.00424800
v 0.03709600 0.08455800 0.00062800
v 0.02826200 0.09537000 0.00468200
v 0.02826200 0.10497600 0.01095600
v 0.01962200 0.10405800 0.01206800
v 0.01962200 0.11144400 0.02032000
v 0.01132200 0.10951200 0.02167200
v 0.01132200 0.11424200 0.03103600
v 0.00355000 0.11120000 0.03209800
v 0.00355000 0.11318000 0.04151000
v 0.00000200 0.11015600 0.03700800
v 0.00000200 0.11113800 0.04168000
v 0.00000200 0.11089400 0.04600600
v 0.00355000 0.10685600 0.02345800
v 0.00000200 0.10712600 0.02846600
v 0.00000200 0.10518000 0.02460000
v 0.00355000 0.10043800 0.01626600
v 0.00000200 0.10199400 0.02103000
v 0.01132200 0.10251200 0.01385200
v 0.01132200 0.09373000 0.00811000
v 0.01962200 0.09474200 0.00598600
v 0.01962200 0.08422200 0.00251000
v 0.02826200 0.08446200 0.00111200
v 0.02826200 0.07876600 0.00077400
v 0.03709600 0.07876600 0.00029000
v 0.04597600 0.08446200 0.00111200
v 0.04597600 0.07876600 0.00077400
v 0.05461400 0.08422200 0.00251000
v 0.05461400 0.09474200 0.00598600
v 0.08415200 0.07509800 0.00671000
v 0.05461400 0.06226000 0.00415200
v 0.04597600 0.07302400 0.00043600
v 0.05461400 0.07312000 0.00188400
v 0.02826200 0.07302400 0.00043600
v 0.01962200 0.07312000 0.00188400
v 0.01962200 0.06226000 0.00415200
v 0.01132200 0.06303200 0.00637200
v 0.01132200 0.05366800 0.01110200
v 0.00355000 0.05550400 0.01375600
v 0.00355000 0.04831200 0.02017600
v 0.00000200 0.04984400 0.02151400
v 0.00000200 0.05341200 0.01832800
v 0.00355000 0.04300400 0.02828400
v 0.00000200 0.04720800 0.02553800
v 0.01132200 0.04010800 0.02688400
v 0.01132200 0.03682400 0.03682600
v 0.01962200 0.03450800 0.03639400
v 0.01962200 0.03388000 0.04749400
v 0.02826200 0.03248200 0.04759000
v 0.02826200 0.03479800 0.05883600
v 0.03709600 0.03436400 0.05898000
v 0.03709600 0.03957600 0.06935800
v 0.04597600 0.04001200 0.06906800
v 0.04597600 0.04763600 0.07761200
v 0.05461400 0.04855200 0.07654800
v 0.04597600 0.05724000 0.08393200
v 0.03709600 0.05704800 0.08436800
v 0.03709600 0.06805200 0.08798800
v 0.02826200 0.05724000 0.08393200
v 0.02826200 0.04763600 0.07761200
v 0.01962200 0.04855200 0.07654800
v 0.01962200 0.04116800 0.06824800
v 0.01132200 0.04310000 0.06694400
v 0.01132200 0.03837000 0.05758200
v 0.00355000 0.04146000 0.05651800
v 0.00495000 0.03928800 0.04889400
v 0.00490200 0.03928800 0.04894200
v 0.00456400 0.03952800 0.04942400
v 0.00432201 0.03972000 0.04976200
v 0.00398600 0.03991400 0.05005000
v 0.00364600 0.04015600 0.05043800
v 0.00355000 0.04015600 0.05048600
v 0.00490200 0.03460400 0.05043800
v 0.00321400 0.04044400 0.05067800
v 0.00427400 0.03431600 0.05092000
v 0.00881001 0.02601400 0.05043800
v 0.00929401 0.02635200 0.04976200
v 0.01474800 0.01906200 0.04976200
v 0.00972800 0.02664200 0.04894200
v 0.00586600 0.03504000 0.04894200
v 0.00620600 0.03518400 0.04802600
v 0.00504601 0.03914200 0.04860200
v 0.00533601 0.03890000 0.04802600
v 0.00538600 0.03870800 0.04710600
v 0.00538600 0.03880400 0.04565800
v 0.01132200 0.03624600 0.04730200
v 0.00528800 0.03909400 0.04102600
v 0.00514201 0.03919000 0.04064000
v 0.00490200 0.03928800 0.04006200
v 0.00355000 0.04001200 0.03745400
v 0.00466200 0.03943200 0.03977000
v 0.00586600 0.03504000 0.04006200
v 0.00543401 0.03484600 0.03929000
v 0.00437000 0.03957600 0.03929000
v 0.00408200 0.03972000 0.03895000
v 0.00490200 0.03460400 0.03861400
v 0.00369400 0.03986600 0.03861400
v 0.00355000 0.03996200 0.03851600
v 0.00331001 0.04010800 0.03837200
v 0.00427400 0.03431600 0.03813000
v 0.00292200 0.04034800 0.03813000
v 0.00239201 0.04063800 0.03793800
v 0.00359800 0.03402600 0.03779200
v 0.00205400 0.04083200 0.03779200
v 0.00142600 0.04121600 0.03774400
v 0.00292200 0.03368800 0.03769600
v 0.00113800 0.04136200 0.03769600
v 0.00107000 0.04140400 0.03770600
v 0.00100000 0.04144400 0.03771600
v 0.00051000 0.04174800 0.03779200
v 0.00102000 0.04143400 0.03771400
v 0.00103800 0.04142400 0.03771000
v 0.00219801 0.03335000 0.03779200
v 0.00186200 0.04170000 0.03779200
v 0.00038800 0.04180200 0.03779200
v 0.00027600 0.04185200 0.03779200
v 0.00000200 0.04070200 0.03799200
v 0.00026200 0.04186400 0.03779600
v 0.00000200 0.04201800 0.03788000
v 0.00016800 0.04193800 0.03782600
v 0.00022200 0.04191400 0.03780800
v 0.00026800 0.04189200 0.03779200
v 0.00019600 0.04191600 0.03781600
v 0.00152200 0.03306000 0.03813000
v 0.00000200 0.04011400 0.03805600
v 0.00000200 0.03970200 0.03813000
v 0.00000200 0.03830800 0.03834000
v 0.00089600 0.03277000 0.03861400
v 0.00000000 0.03686600 0.03857200
v 0.00000200 0.03671200 0.03861400
v 0.00000200 0.03594800 0.03879200
v 0.00036601 0.03253000 0.03929000
v 0.00000200 0.03414800 0.03927400
v 0.00523800 0.02326200 0.03861400
v 0.00581800 0.02369800 0.03813000
v 0.01180200 0.01563800 0.03813000
v 0.01233400 0.01621600 0.03779200
v 0.01967000 0.00994200 0.03779200
v 0.02005800 0.01071400 0.03769600
v 0.02831000 0.00646600 0.03769600
v 0.02855200 0.00728600 0.03779200
v 0.03733600 0.00525999 0.03779200
v 0.03743200 0.00608000 0.03813000
v 0.04631200 0.00540400 0.03779200
v 0.04640800 0.00458400 0.03769600
v 0.05533800 0.00699800 0.03769600
v 0.05558000 0.00617800 0.03779200
v 0.06412200 0.01081000 0.03779200
v 0.06451000 0.01013400 0.03813000
v 0.06624600 0.01153400 0.03813000
v 0.06668200 0.01095400 0.03861400
v 0.06837000 0.01274200 0.03861400
v 0.06875600 0.01230600 0.03929000
v 0.07030200 0.01433400 0.03929000
v 0.06909400 0.01192200 0.04006200
v 0.06730800 0.01003800 0.04006200
v 0.06750200 0.00975000 0.04102600
v 0.06547400 0.00815600 0.04102600
v 0.06557000 0.00800999 0.04155800
v 0.05649600 0.00313600 0.04155800
v 0.05654600 0.00299200 0.04213600
v 0.04679600 0.00038600 0.04213600
v 0.04679600 0.00028799 0.04271400
v 0.03680400 0.00019200 0.04213600
v 0.03680400 0.00033600 0.04155800
v 0.02710400 0.00255800 0.04155800
v 0.02715200 0.00270200 0.04102600
v 0.01822200 0.00728600 0.04102600
v 0.01836800 0.00762600 0.04006200
v 0.01064600 0.01423800 0.04006200
v 0.01093400 0.01457400 0.03929000
v 0.00475800 0.02287600 0.03929000
v 0.01137000 0.01505800 0.03861400
v 0.01894600 0.00859000 0.03861400
v 0.01928400 0.00926600 0.03813000
v 0.02782800 0.00492200 0.03813000
v 0.02806800 0.00569400 0.03779200
v 0.03714400 0.00357000 0.03779200
v 0.03724000 0.00443999 0.03769600
v 0.04645800 0.00376400 0.03779200
v 0.04655400 0.00294400 0.03813000
v 0.05582200 0.00540400 0.03813000
v 0.05601400 0.00473000 0.03861400
v 0.06479800 0.00945800 0.03861400
v 0.06508800 0.00892800 0.03929000
v 0.06701800 0.01047400 0.03929000
v 0.06533000 0.00849400 0.04006200
v 0.05635200 0.00361800 0.04006200
v 0.05644800 0.00328200 0.04102600
v 0.04674800 0.00067400 0.04102600
v 0.04674800 0.00053000 0.04155800
v 0.03685200 0.00048200 0.04102600
v 0.04670000 0.00101200 0.04006200
v 0.03685200 0.00086800 0.04006200
v 0.02724800 0.00308800 0.04006200
v 0.02744200 0.00357000 0.03929000
v 0.01861000 0.00805800 0.03929000
v 0.02763400 0.00419800 0.03861400
v 0.03699800 0.00202600 0.03861400
v 0.03704600 0.00275000 0.03813000
v 0.04660200 0.00217000 0.03861400
v 0.04665200 0.00154400 0.03929000
v 0.05620800 0.00410200 0.03929000
v 0.03690000 0.00135000 0.03929000
v 0.00437000 0.02258600 0.04006200
v 0.01040400 0.01394600 0.04102600
v 0.00408200 0.02239400 0.04102600
v 0.01030600 0.01385000 0.04155800
v 0.00398600 0.02229800 0.04155800
v 0.01812600 0.00714200 0.04155800
v 0.01807800 0.00704600 0.04213600
v 0.02705600 0.00246000 0.04213600
v 0.02705600 0.00236400 0.04271400
v 0.03680400 0.00009600 0.04271400
v 0.03680400 0.00004800 0.04334200
v 0.04679600 0.00019200 0.04334200
v 0.05654600 0.00289400 0.04271400
v 0.05659400 0.00284600 0.04334200
v 0.06566600 0.00781800 0.04271400
v 0.06571400 0.00777000 0.04334200
v 0.06561800 0.00791400 0.04213600
v 0.06764600 0.00955400 0.04213600
v 0.06759800 0.00965200 0.04155800
v 0.06943200 0.01158200 0.04155800
v 0.06933400 0.01167800 0.04102600
v 0.07092800 0.01380200 0.04102600
v 0.07068600 0.01404400 0.04006200
v 0.07199000 0.01636200 0.04006200
v 0.07160200 0.01660200 0.03929000
v 0.07257000 0.01901400 0.03929000
v 0.07107400 0.01689000 0.03861400
v 0.06981800 0.01472000 0.03861400
v 0.06928600 0.01515400 0.03813000
v 0.06788600 0.01322200 0.03813000
v 0.06735800 0.01375400 0.03779200
v 0.06581200 0.01216200 0.03779200
v 0.06533000 0.01279000 0.03769600
v 0.06378600 0.01153400 0.03769600
v 0.06339800 0.01225800 0.03779200
v 0.05509800 0.00777000 0.03779200
v 0.05490400 0.00854200 0.03813000
v 0.04626400 0.00622600 0.03813000
v 0.04616800 0.00699800 0.03861400
v 0.03748000 0.00680400 0.03861400
v 0.03757600 0.00748000 0.03929000
v 0.02903400 0.00878200 0.03861400
v 0.02879200 0.00805800 0.03813000
v 0.02083000 0.01211400 0.03813000
v 0.02044200 0.01143800 0.03779200
v 0.01339600 0.01747000 0.03779200
v 0.01286600 0.01684200 0.03769600
v 0.00702600 0.02461400 0.03769600
v 0.00639800 0.02413000 0.03779200
v 0.00765400 0.02509600 0.03779200
v 0.01387800 0.01805000 0.03813000
v 0.00828201 0.02557800 0.03813000
v 0.01436200 0.01858200 0.03861400
v 0.02116600 0.01279000 0.03861400
v 0.02150400 0.01332000 0.03929000
v 0.02922800 0.00941000 0.03929000
v 0.02174600 0.01380200 0.04006200
v 0.01508600 0.01945000 0.04006200
v 0.01532600 0.01973800 0.04102600
v 0.00997000 0.02688200 0.04102600
v 0.00997000 0.02688200 0.04802600
v 0.01532600 0.01973800 0.04802600
v 0.00620600 0.03518400 0.04102600
v 0.00972800 0.02664200 0.04006200
v 0.01508600 0.01945000 0.04894200
v 0.02174600 0.01380200 0.04894200
v 0.02150400 0.01332000 0.04976200
v 0.02922800 0.00941000 0.04976200
v 0.02116600 0.01279000 0.05043800
v 0.01436200 0.01858200 0.05043800
v 0.01387800 0.01805000 0.05092000
v 0.00828201 0.02557800 0.05092000
v 0.00765400 0.02509600 0.05121000
v 0.00359800 0.03402600 0.05121000
v 0.00292200 0.03368800 0.05135400
v 0.00133000 0.04165200 0.05130600
v 0.00195800 0.04126400 0.05121000
v 0.00230000 0.04104000 0.05111400
v 0.00230600 0.04103800 0.05111200
v 0.00282600 0.04068600 0.05092000
v 0.00104000 0.04184400 0.05135400
v 0.00036601 0.04223200 0.05125800
v 0.00012400 0.04232800 0.05121000
v 0.00000200 0.04245400 0.05158400
v 0.00000200 0.04238200 0.05116600
v 0.00000200 0.04335400 0.05584000
v 0.00355000 0.04580400 0.06511000
v 0.00000200 0.04551000 0.06010200
v 0.00000200 0.04748000 0.06396800
v 0.00355000 0.05222000 0.07230200
v 0.00000200 0.05066600 0.06753800
v 0.01132200 0.05009800 0.07476400
v 0.01132200 0.05888200 0.08050800
v 0.01962200 0.05786800 0.08263000
v 0.01962200 0.06839000 0.08610400
v 0.02826200 0.06815000 0.08750400
v 0.02826200 0.07958600 0.08813200
v 0.04597600 0.06815000 0.08750400
v 0.05461400 0.06839000 0.08610400
v 0.05461400 0.05786800 0.08263000
v 0.08415200 0.06795600 0.08103600
v 0.08415200 0.07775400 0.08200400
v 0.05461400 0.07949000 0.08673200
v 0.01962200 0.07949000 0.08673200
v 0.01962200 0.09035000 0.08446400
v 0.01132200 0.08957800 0.08224400
v 0.01132200 0.09894200 0.07751600
v 0.00355000 0.09715600 0.07481200
v 0.00355000 0.10434800 0.06839200
v 0.00000200 0.10279200 0.06708000
v 0.00000200 0.09922200 0.07026600
v 0.00355000 0.10960800 0.06033200
v 0.00000200 0.10540200 0.06307800
v 0.01132200 0.11250400 0.06173200
v 0.01132200 0.11578600 0.05174200
v 0.01962200 0.11810400 0.05222200
v 0.01962200 0.11873000 0.04112200
v 0.02826200 0.12017800 0.04102600
v 0.02826200 0.11781400 0.02978000
v 0.03709600 0.11303600 0.01926000
v 0.02826200 0.11264800 0.01954800
v 0.03709600 0.10531200 0.01062000
v 0.01962200 0.11646200 0.03026400
v 0.01132200 0.11636400 0.04126600
v 0.00355000 0.11264800 0.05116200
v 0.00000200 0.10929400 0.05490600
v 0.00000200 0.10778600 0.05945800
v 0.00000200 0.11063200 0.05079800
v 0.00355000 0.07910600 0.08113400
v 0.00000200 0.07893600 0.07911600
v 0.00000200 0.08319000 0.07824000
v 0.00000200 0.07460600 0.07887400
v 0.00355000 0.08315800 0.00796400
v 0.00000200 0.08690200 0.01132000
v 0.00000200 0.08279400 0.00998200
v 0.00355000 0.07838200 0.00772400
v 0.00000200 0.08042200 0.00986400
v 0.01132200 0.07852600 0.00453800
v 0.01132200 0.08378600 0.00482800
v 0.00355000 0.09233000 0.01100400
v 0.01962200 0.07867000 0.00217200
v 0.01132200 0.07331400 0.00424800
v 0.00355000 0.07355400 0.00743400
v 0.00355000 0.06409400 0.00941200
v 0.00000200 0.06477600 0.01133400
v 0.00000200 0.06947000 0.01035200
v 0.00000200 0.06091000 0.01327800
v 0.00000200 0.04200400 0.03782000
v 0.00047000 0.04174200 0.03777200
v 0.00000200 0.04336400 0.03371000
v 0.00093600 0.04148000 0.03772200
v 0.00098800 0.04145200 0.03771600
v 0.00000200 0.07513600 0.06552400
v 0.00000200 0.07644200 0.06352400
v 0.00000200 0.07664800 0.05977800
v 0.00000200 0.07751200 0.02305600
v 0.00000200 0.07619400 0.02506800
v 0.00000200 0.07716800 0.02700000
v 0.00000200 0.07545600 0.06159200
v 0.00000200 0.07598800 0.02881200
v 0.00000200 0.04485000 0.02916000
v 0.00000200 0.07632400 0.05537200
v 0.00000200 0.07676000 0.03536000
v 0.00000200 0.10928200 0.03275400
v 0.00000200 0.07557000 0.05764800
v 0.00000200 0.07706600 0.03095600
v 0.00000200 0.04204000 0.03782000
v 0.00000200 0.07608000 0.03741400
v 0.00000200 0.07657000 0.03974800
v 0.00000200 0.07632400 0.03323200
v 0.00000200 0.07583800 0.05303600
v 0.00000200 0.07587400 0.05324600
v 0.00000200 0.07657800 0.03974800
v 0.00000200 0.04079200 0.05101800
v 0.00000200 0.07470000 0.05293200
v 0.00000200 0.07504400 0.05296200
v 0.00000200 0.07520800 0.05297600
v 0.00000200 0.03103400 0.04155800
v 0.00000200 0.07095000 0.04186800
v 0.00000200 0.03076400 0.04205400
v 0.00000200 0.04417600 0.03794000
v 0.00000200 0.04112400 0.05104600
v 0.00000200 0.04010400 0.05095600
v 0.00000200 0.07659000 0.03975000
v 0.00000200 0.07657800 0.03978000
v 0.00000200 0.07450400 0.05291200
v 0.00000200 0.07592000 0.03983600
v 0.00000200 0.07562600 0.03986800
v 0.00000200 0.07659000 0.03974800
v 0.00000200 0.04204000 0.03782200
v 0.00000200 0.07517000 0.05086000
v 0.00000200 0.03971200 0.05092000
v 0.00000200 0.08786000 0.07725800
v 0.00000200 0.06115800 0.07576200
v 0.00000200 0.09172600 0.07529000
v 0.00000200 0.07542000 0.03990600
v 0.00000200 0.03831200 0.05069200
v 0.00000200 0.07447000 0.05074400
v 0.00000200 0.07472400 0.04001000
v 0.00000200 0.07400200 0.04012600
v 0.00000200 0.07372800 0.05062600
v 0.00000200 0.03682400 0.05045600
v 0.00000200 0.07365400 0.05061600
v 0.00000200 0.07392400 0.04014600
v 0.00000200 0.03596800 0.05024600
v 0.00000200 0.07239200 0.05028200
v 0.00000200 0.07330000 0.05052200
v 0.00000200 0.03412600 0.04976200
v 0.00000200 0.07236400 0.05027600
v 0.00000200 0.07238000 0.05028000
v 0.00000200 0.03667800 0.05043800
v 0.00000200 0.07354200 0.04023600
v 0.00000200 0.07264400 0.04047600
v 0.00000200 0.03415200 0.04976800
v 0.00000200 0.07263000 0.04048400
v 0.00000200 0.03218200 0.04894200
v 0.00000200 0.07140000 0.04986200
v 0.00000200 0.07140600 0.04986800
v 0.00000200 0.03409600 0.04975600
v 0.00000200 0.07150000 0.04993600
v 0.00000200 0.03412400 0.03929000
v 0.00000200 0.07256800 0.04050600
v 0.00000200 0.03399800 0.03933400
v 0.00000200 0.07250200 0.04053000
v 0.00000200 0.03386600 0.03938400
v 0.00000200 0.07175200 0.04080800
v 0.00000200 0.03236800 0.04907400
v 0.00000200 0.03236800 0.03993600
v 0.00000200 0.07166800 0.04086400
v 0.00000200 0.03127200 0.04797000
v 0.00000200 0.07083400 0.04912000
v 0.00000200 0.07095000 0.04938400
v 0.00000200 0.03103400 0.04744600
v 0.00000200 0.07081600 0.04908800
v 0.00000200 0.03216800 0.04892600
v 0.00000200 0.07096600 0.04941200
v 0.00000200 0.03219800 0.04005000
v 0.00000200 0.07166000 0.04087000
v 0.00000200 0.03218200 0.04006200
v 0.00000200 0.07125400 0.04131200
v 0.00000200 0.03130000 0.04802600
v 0.00000200 0.03137000 0.04094400
v 0.00000200 0.07122000 0.04135200
v 0.00000200 0.03100000 0.04737800
v 0.00000200 0.07070000 0.04883200
v 0.00000200 0.03130000 0.04102600
v 0.00000200 0.07110400 0.04158800
v 0.00000200 0.03077000 0.04686600
v 0.00000200 0.07068200 0.04879200
v 0.00000200 0.03107000 0.04150000
v 0.00000200 0.07108600 0.04161800
v 0.00000200 0.03050800 0.04628600
v 0.00000200 0.07055800 0.04849600
v 0.00000200 0.07057000 0.04854200
v 0.00000200 0.03073400 0.04678600
v 0.00000200 0.07080600 0.04407200
v 0.00000200 0.07082800 0.04403000
v 0.00000200 0.03072000 0.04213600
v 0.00000200 0.07074200 0.04431600
v 0.00000200 0.07069000 0.04610000
v 0.00000200 0.03059000 0.04262800
v 0.00000200 0.07072200 0.04436000
v 0.00000200 0.03048400 0.04619600
v 0.00000200 0.07062400 0.04585600
v 0.00000200 0.03054800 0.04271400
v 0.00000200 0.07063600 0.04462400
v 0.00000200 0.03035400 0.04570800
v 0.00000200 0.07062400 0.04580800
v 0.00000200 0.03035400 0.04561000
v 0.00000200 0.07062000 0.04556800
v 0.00000200 0.03038000 0.04324000
v 0.00000200 0.07062400 0.04467600
v 0.00000200 0.03034600 0.04513000
v 0.00000200 0.07061000 0.04549800
v 0.00000200 0.03035400 0.04334200
v 0.00000200 0.07056000 0.04491200
v 0.00000200 0.07055200 0.04524200
v 0.00000200 0.07056000 0.04520400
v 0.00000200 0.03032600 0.04499200
v 0.00000200 0.03022600 0.04440000
v 0.00000200 0.07056000 0.04496400
v 0.00000200 0.03022600 0.04392200
v 0.00000200 0.03022600 0.04382000
v 0.00000200 0.03020800 0.04447600
v 0.00000200 0.07370000 0.00947600
v 0.00000200 0.07609600 0.00961800
v 0.00000200 0.07826000 0.00974000
v 0.00000200 0.09145400 0.01283000
v 0.00000200 0.09507800 0.01521200
v 0.00000200 0.05664600 0.01543400
v 0.00000200 0.09910200 0.01782200
v 0.00000200 0.05753400 0.07340600
v 0.00000200 0.06570800 0.07724800
v 0.00000200 0.06981600 0.07861000
v 0.00000200 0.09601200 0.07313400
v 0.00000200 0.04203000 0.03784200
v 0.00000200 0.05353400 0.07077000
v 0.00000401 0.04203800 0.03782000
v 0.00388800 0.02220200 0.04213600
v 0.01021000 0.01375400 0.04213600
v 0.01016200 0.01365800 0.04271400
v 0.01803000 0.00695000 0.04271400
v 0.01798200 0.00690200 0.04334200
v 0.01011400 0.01361000 0.04334200
v 0.02700800 0.00231600 0.04334200
v 0.02700800 0.00226800 0.04392200
v 0.01798200 0.00685400 0.04392200
v 0.02700800 0.00222000 0.04450200
v 0.03675600 0.00000000 0.04392200
v 0.03675600 0.00000000 0.04513000
v 0.03675600 0.00000000 0.04450200
v 0.02700800 0.00226800 0.04513000
v 0.04679600 0.00019200 0.04392200
v 0.04679600 0.00019200 0.04513000
v 0.04679600 0.00014400 0.04450200
v 0.05659400 0.00279800 0.04392200
v 0.06571400 0.00772200 0.04392200
v 0.06774200 0.00941000 0.04334200
v 0.06774200 0.00945800 0.04271400
v 0.06957800 0.01143800 0.04271400
v 0.06953000 0.01148600 0.04213600
v 0.07112200 0.01365800 0.04213600
v 0.07102600 0.01375400 0.04155800
v 0.07237600 0.01611800 0.04155800
v 0.07227800 0.01616600 0.04102600
v 0.07334200 0.01872600 0.04102600
v 0.07300200 0.01882200 0.04006200
v 0.07377400 0.02143000 0.04006200
v 0.07329400 0.02157400 0.03929000
v 0.07372600 0.02418000 0.03929000
v 0.07276200 0.02171800 0.03861400
v 0.07203800 0.01925800 0.03861400
v 0.07145800 0.01949800 0.03813000
v 0.07049400 0.01723000 0.03813000
v 0.06986600 0.01761400 0.03779200
v 0.06870800 0.01563800 0.03779200
v 0.06813000 0.01611800 0.03769600
v 0.06682600 0.01433400 0.03769600
v 0.06629400 0.01491400 0.03779200
v 0.06489400 0.01346600 0.03779200
v 0.06441200 0.01409400 0.03813000
v 0.06301200 0.01293400 0.03813000
v 0.06272200 0.01361000 0.03861400
v 0.05466200 0.00926600 0.03861400
v 0.05451800 0.00984600 0.03929000
v 0.04612000 0.00762600 0.03929000
v 0.05437400 0.01032800 0.04006200
v 0.06219200 0.01457400 0.04006200
v 0.06204600 0.01491400 0.04102600
v 0.06315800 0.01583000 0.04102600
v 0.06315800 0.01583000 0.04802600
v 0.06204600 0.01491400 0.04802600
v 0.05422800 0.01071400 0.04102600
v 0.05422800 0.01071400 0.04802600
v 0.04602400 0.00849400 0.04102600
v 0.04602400 0.00849400 0.04802600
v 0.03767200 0.00835000 0.04102600
v 0.03767200 0.00835000 0.04802600
v 0.02946800 0.01023000 0.04102600
v 0.02946800 0.01023000 0.04802600
v 0.02189000 0.01409400 0.04102600
v 0.02189000 0.01409400 0.04802600
v 0.02937200 0.00989400 0.04006200
v 0.03762400 0.00796200 0.04006200
v 0.04607200 0.00815600 0.04006200
v 0.02937200 0.00989400 0.04894200
v 0.03762400 0.00796200 0.04894200
v 0.03757600 0.00748000 0.04976200
v 0.04607200 0.00815600 0.04894200
v 0.04612000 0.00762600 0.04976200
v 0.04616800 0.00699800 0.05043800
v 0.05466200 0.00926600 0.05043800
v 0.05490400 0.00854200 0.05092000
v 0.06301200 0.01293400 0.05092000
v 0.06339800 0.01225800 0.05121000
v 0.06489400 0.01346600 0.05121000
v 0.06533000 0.01279000 0.05135400
v 0.06682600 0.01433400 0.05135400
v 0.06735800 0.01375400 0.05121000
v 0.06870800 0.01563800 0.05121000
v 0.06928600 0.01515400 0.05092000
v 0.07049400 0.01723000 0.05092000
v 0.07107400 0.01689000 0.05043800
v 0.07203800 0.01925800 0.05043800
v 0.07257000 0.01901400 0.04976200
v 0.07329400 0.02157400 0.04976200
v 0.07377400 0.02143000 0.04894200
v 0.07421000 0.02413000 0.04894200
v 0.07454600 0.02408200 0.04802600
v 0.07464400 0.02688200 0.04802600
v 0.07469400 0.02408200 0.04744600
v 0.07479000 0.02688200 0.04744600
v 0.07479000 0.02408200 0.04686600
v 0.07493400 0.02688200 0.04686600
v 0.07488600 0.02408200 0.04628600
v 0.07498200 0.02688200 0.04628600
v 0.07493400 0.02403400 0.04570800
v 0.07507800 0.02688200 0.04570800
v 0.07498200 0.02403400 0.04513000
v 0.07507800 0.02688200 0.04513000
v 0.07498200 0.02403400 0.04435800
v 0.07454600 0.02123400 0.04435800
v 0.07449800 0.02123400 0.04513000
v 0.07372600 0.01848600 0.04450200
v 0.07372600 0.01853400 0.04513000
v 0.07449800 0.02128400 0.04570800
v 0.07367800 0.01853400 0.04570800
v 0.07440200 0.02128400 0.04628600
v 0.07363000 0.01858200 0.04628600
v 0.07435400 0.02128400 0.04686600
v 0.07353400 0.01858200 0.04686600
v 0.07421000 0.02133200 0.04744600
v 0.07343800 0.01863000 0.04744600
v 0.07411400 0.02138000 0.04802600
v 0.07334200 0.01872600 0.04802600
v 0.07300200 0.01882200 0.04894200
v 0.07199000 0.01636200 0.04894200
v 0.07160200 0.01660200 0.04976200
v 0.07030200 0.01433400 0.04976200
v 0.06981800 0.01472000 0.05043800
v 0.06837000 0.01274200 0.05043800
v 0.06788600 0.01322200 0.05092000
v 0.06624600 0.01153400 0.05092000
v 0.06581200 0.01216200 0.05121000
v 0.06412200 0.01081000 0.05121000
v 0.06378600 0.01153400 0.05135400
v 0.05533800 0.00699800 0.05135400
v 0.05509800 0.00777000 0.05121000
v 0.04631200 0.00540400 0.05121000
v 0.04626400 0.00622600 0.05092000
v 0.03743200 0.00608000 0.05092000
v 0.03748000 0.00680400 0.05043800
v 0.02879200 0.00805800 0.05092000
v 0.02855200 0.00728600 0.05121000
v 0.02044200 0.01143800 0.05121000
v 0.02005800 0.01071400 0.05135400
v 0.01286600 0.01684200 0.05135400
v 0.01233400 0.01621600 0.05121000
v 0.00639800 0.02413000 0.05121000
v 0.00581800 0.02369800 0.05092000
v 0.00152200 0.03306000 0.05092000
v 0.00089600 0.03277000 0.05043800
v 0.00219801 0.03335000 0.05121000
v 0.00369400 0.02210400 0.04435800
v 0.00374200 0.02210400 0.04392200
v 0.01006600 0.01356200 0.04435800
v 0.00374200 0.02210400 0.04513000
v 0.01006600 0.01356200 0.04513000
v 0.00374200 0.02210400 0.04570800
v 0.01006600 0.01356200 0.04392200
v 0.00374200 0.02210400 0.04334200
v 0.00379200 0.02215200 0.04271400
v 0.01798200 0.00685400 0.04450200
v 0.01798200 0.00685400 0.04513000
v 0.01011400 0.01361000 0.04570800
v 0.00379200 0.02215200 0.04628600
v 0.01016200 0.01365800 0.04628600
v 0.00388800 0.02220200 0.04686600
v 0.01021000 0.01375400 0.04686600
v 0.01803000 0.00695000 0.04628600
v 0.01807800 0.00704600 0.04686600
v 0.01798200 0.00690200 0.04570800
v 0.02700800 0.00231600 0.04570800
v 0.02705600 0.00236400 0.04628600
v 0.03680400 0.00004800 0.04570800
v 0.04679600 0.00019200 0.04570800
v 0.05659400 0.00284600 0.04570800
v 0.05654600 0.00289400 0.04628600
v 0.06566600 0.00781800 0.04628600
v 0.06571400 0.00777000 0.04570800
v 0.06561800 0.00791400 0.04686600
v 0.06759800 0.00965200 0.04744600
v 0.06764600 0.00955400 0.04686600
v 0.06557000 0.00800999 0.04744600
v 0.06953000 0.01148600 0.04686600
v 0.06957800 0.01143800 0.04628600
v 0.06962600 0.01139000 0.04570800
v 0.07126600 0.01356200 0.04570800
v 0.07121800 0.01361000 0.04628600
v 0.07261800 0.01597400 0.04570800
v 0.07257000 0.01602200 0.04628600
v 0.07266600 0.01597400 0.04513000
v 0.07126600 0.01356200 0.04513000
v 0.06967400 0.01134200 0.04513000
v 0.06774200 0.00941000 0.04570800
v 0.06774200 0.00945800 0.04628600
v 0.06571400 0.00772200 0.04513000
v 0.05659400 0.00279800 0.04513000
v 0.05659400 0.00279800 0.04450200
v 0.06571400 0.00772200 0.04450200
v 0.06779000 0.00941000 0.04513000
v 0.06779000 0.00941000 0.04435800
v 0.06779000 0.00941000 0.04392200
v 0.06967400 0.01134200 0.04435800
v 0.06967400 0.01134200 0.04392200
v 0.06962600 0.01139000 0.04334200
v 0.07126600 0.01356200 0.04334200
v 0.07121800 0.01361000 0.04271400
v 0.07257000 0.01602200 0.04271400
v 0.07261800 0.01597400 0.04334200
v 0.07247400 0.01607000 0.04213600
v 0.07353400 0.01858200 0.04213600
v 0.07343800 0.01863000 0.04155800
v 0.07435400 0.02128400 0.04213600
v 0.07421000 0.02133200 0.04155800
v 0.07411400 0.02138000 0.04102600
v 0.07469400 0.02408200 0.04155800
v 0.07454600 0.02408200 0.04102600
v 0.07421000 0.02413000 0.04006200
v 0.07430600 0.02683400 0.04006200
v 0.07387200 0.02683400 0.03929000
v 0.07367800 0.02944000 0.03929000
v 0.07310000 0.02934400 0.03861400
v 0.07261800 0.03185400 0.03861400
v 0.07199000 0.03161200 0.03813000
v 0.07136200 0.03359200 0.03813000
v 0.07199000 0.03383200 0.03861400
v 0.07068600 0.03330200 0.03779200
v 0.06953000 0.03687400 0.03779200
v 0.06909400 0.03682400 0.03774400
v 0.07001000 0.03301200 0.03769600
v 0.07131400 0.03137200 0.03779200
v 0.07059000 0.03113000 0.03769600
v 0.07175000 0.02910200 0.03779200
v 0.07247400 0.02924800 0.03813000
v 0.07261800 0.02678600 0.03813000
v 0.07329400 0.02678600 0.03861400
v 0.07319800 0.02422800 0.03861400
v 0.07252200 0.02432400 0.03813000
v 0.07213400 0.02186200 0.03813000
v 0.07141000 0.02205600 0.03779200
v 0.07078200 0.01978600 0.03779200
v 0.07005800 0.02007800 0.03769600
v 0.06923800 0.01800200 0.03769600
v 0.06856200 0.01843600 0.03779200
v 0.06750200 0.01660200 0.03779200
v 0.06692200 0.01703800 0.03813000
v 0.06576400 0.01549200 0.03813000
v 0.06528200 0.01597400 0.03861400
v 0.06402600 0.01467000 0.03861400
v 0.06364000 0.01515400 0.03929000
v 0.06243400 0.01414200 0.03929000
v 0.06335000 0.01554200 0.04006200
v 0.06455800 0.01679400 0.04006200
v 0.06431600 0.01703800 0.04102600
v 0.06533000 0.01838800 0.04102600
v 0.06533000 0.01838800 0.04802600
v 0.06431600 0.01703800 0.04802600
v 0.06455800 0.01679400 0.04894200
v 0.06557000 0.01814600 0.04894200
v 0.06595800 0.01785800 0.04976200
v 0.06682600 0.01945000 0.04976200
v 0.06735800 0.01916000 0.05043800
v 0.06808200 0.02089800 0.05043800
v 0.06870800 0.02065600 0.05092000
v 0.06928600 0.02258600 0.05092000
v 0.06996200 0.02244200 0.05121000
v 0.07030200 0.02451800 0.05121000
v 0.07107400 0.02447000 0.05135400
v 0.07039800 0.02669000 0.05121000
v 0.06967400 0.02664200 0.05092000
v 0.06953000 0.02866800 0.05092000
v 0.06890200 0.02852400 0.05043800
v 0.06851400 0.03040600 0.05043800
v 0.06798400 0.03021200 0.04976200
v 0.06745400 0.03190200 0.04976200
v 0.07319800 0.03204600 0.04976200
v 0.07252200 0.03407400 0.04976200
v 0.06798400 0.03214400 0.05043800
v 0.06914200 0.03064800 0.05092000
v 0.06861000 0.03238400 0.05092000
v 0.06986600 0.03088800 0.05121000
v 0.07025400 0.02881400 0.05121000
v 0.07097600 0.02895800 0.05135400
v 0.07117000 0.02669000 0.05135400
v 0.07189400 0.02673800 0.05121000
v 0.07179800 0.02437400 0.05121000
v 0.07252200 0.02432400 0.05092000
v 0.07141000 0.02205600 0.05121000
v 0.07068600 0.02225000 0.05135400
v 0.07005800 0.02007800 0.05135400
v 0.06938200 0.02036600 0.05121000
v 0.06856200 0.01843600 0.05121000
v 0.06793400 0.01877400 0.05092000
v 0.06692200 0.01703800 0.05092000
v 0.06639000 0.01747000 0.05043800
v 0.06528200 0.01597400 0.05043800
v 0.06489400 0.01641000 0.04976200
v 0.06364000 0.01515400 0.04976200
v 0.06335000 0.01554200 0.04894200
v 0.06243400 0.01414200 0.04976200
v 0.06402600 0.01467000 0.05043800
v 0.06272200 0.01361000 0.05043800
v 0.05451800 0.00984600 0.04976200
v 0.06219200 0.01457400 0.04894200
v 0.05437400 0.01032800 0.04894200
v 0.06441200 0.01409400 0.05092000
v 0.06576400 0.01549200 0.05092000
v 0.06629400 0.01491400 0.05121000
v 0.06750200 0.01660200 0.05121000
v 0.06813000 0.01611800 0.05135400
v 0.06923800 0.01800200 0.05135400
v 0.06986600 0.01761400 0.05121000
v 0.07078200 0.01978600 0.05121000
v 0.07145800 0.01949800 0.05092000
v 0.07213400 0.02186200 0.05092000
v 0.07276200 0.02171800 0.05043800
v 0.07319800 0.02422800 0.05043800
v 0.07372600 0.02418000 0.04976200
v 0.07329400 0.02678600 0.05043800
v 0.07261800 0.02678600 0.05092000
v 0.07247400 0.02924800 0.05092000
v 0.07175000 0.02910200 0.05121000
v 0.07131400 0.03137200 0.05121000
v 0.07059000 0.03113000 0.05135400
v 0.07001000 0.03301200 0.05135400
v 0.06928600 0.03267400 0.05121000
v 0.06822600 0.03697000 0.05125800
v 0.07068600 0.03330200 0.05121000
v 0.07136200 0.03359200 0.05092000
v 0.07199000 0.03161200 0.05092000
v 0.07261800 0.03185400 0.05043800
v 0.07199000 0.03383200 0.05043800
v 0.07310000 0.02934400 0.05043800
v 0.07367800 0.02944000 0.04976200
v 0.07387200 0.02683400 0.04976200
v 0.07416200 0.02953800 0.04894200
v 0.07363000 0.03219200 0.04894200
v 0.07397000 0.03228800 0.04802600
v 0.07227800 0.03706600 0.04841000
v 0.07257000 0.03697000 0.04773400
v 0.07406600 0.03233600 0.04744600
v 0.07459600 0.02963400 0.04744600
v 0.07445000 0.02963400 0.04802600
v 0.07469400 0.02963400 0.04686600
v 0.07421000 0.03238400 0.04686600
v 0.07479000 0.02968200 0.04628600
v 0.07430600 0.03238400 0.04628600
v 0.07488600 0.02968200 0.04570800
v 0.07435400 0.03238400 0.04570800
v 0.07488600 0.02968200 0.04513000
v 0.07440200 0.03243200 0.04513000
v 0.07493400 0.02968200 0.04435800
v 0.07440200 0.03243200 0.04450200
v 0.07488600 0.02968200 0.04392200
v 0.07440200 0.03243200 0.04392200
v 0.07488600 0.02968200 0.04334200
v 0.07435400 0.03238400 0.04334200
v 0.07479000 0.02968200 0.04271400
v 0.07430600 0.03238400 0.04271400
v 0.07469400 0.02963400 0.04213600
v 0.07421000 0.03238400 0.04213600
v 0.07459600 0.02963400 0.04155800
v 0.07411400 0.03233600 0.04155800
v 0.07445000 0.02963400 0.04102600
v 0.07397000 0.03228800 0.04102600
v 0.07363000 0.03219200 0.04006200
v 0.07295400 0.03426800 0.04006200
v 0.07203800 0.03716400 0.04006200
v 0.06701800 0.03170800 0.04006200
v 0.06755000 0.03006800 0.04006200
v 0.07218200 0.03716400 0.04044600
v 0.07175000 0.03716400 0.03957800
v 0.07155400 0.03716400 0.03929000
v 0.07126600 0.03711600 0.03895000
v 0.07252200 0.03407400 0.03929000
v 0.07097600 0.03706600 0.03861400
v 0.07063800 0.03701800 0.03837200
v 0.07030200 0.03701800 0.03813000
v 0.06986600 0.03692200 0.03793800
v 0.07319800 0.03204600 0.03929000
v 0.07416200 0.02953800 0.04006200
v 0.07237600 0.03716400 0.04102600
v 0.07257000 0.03716400 0.04155800
v 0.07261800 0.03716400 0.04184600
v 0.07266600 0.03716400 0.04213600
v 0.07271400 0.03716400 0.04242600
v 0.07276200 0.03716400 0.04271400
v 0.07281000 0.03711600 0.04300600
v 0.07247400 0.03716400 0.04126600
v 0.07464400 0.02688200 0.04102600
v 0.07479000 0.02688200 0.04155800
v 0.07493400 0.02688200 0.04213600
v 0.07479000 0.02408200 0.04213600
v 0.07498200 0.02688200 0.04271400
v 0.07488600 0.02408200 0.04271400
v 0.07507800 0.02688200 0.04334200
v 0.07493400 0.02403400 0.04334200
v 0.07507800 0.02688200 0.04392200
v 0.07498200 0.02403400 0.04392200
v 0.07512600 0.02688200 0.04435800
v 0.07449800 0.02123400 0.04392200
v 0.07449800 0.02128400 0.04334200
v 0.07367800 0.01853400 0.04334200
v 0.07372600 0.01853400 0.04392200
v 0.07266600 0.01597400 0.04392200
v 0.07266600 0.01592600 0.04435800
v 0.07131400 0.01356200 0.04435800
v 0.07126600 0.01356200 0.04392200
v 0.07363000 0.01858200 0.04271400
v 0.07440200 0.02128400 0.04271400
v 0.07285800 0.03711600 0.04358400
v 0.07295400 0.03426800 0.04894200
v 0.06701800 0.03170800 0.04894200
v 0.06755000 0.03006800 0.04894200
v 0.07430600 0.02683400 0.04894200
v 0.07121800 0.03721200 0.05010000
v 0.06832200 0.02842600 0.04976200
v 0.06783800 0.02833000 0.04894200
v 0.06798400 0.02654400 0.04894200
v 0.06764600 0.02654400 0.04802600
v 0.06788600 0.02480600 0.04894200
v 0.06755000 0.02480600 0.04802600
v 0.06755000 0.02480600 0.04102600
v 0.06764600 0.02654400 0.04102600
v 0.06755000 0.02828200 0.04102600
v 0.06755000 0.02828200 0.04802600
v 0.06721000 0.02997200 0.04102600
v 0.06721000 0.02997200 0.04802600
v 0.06668200 0.03161200 0.04102600
v 0.06668200 0.03161200 0.04802600
v 0.06783800 0.02833000 0.04006200
v 0.06798400 0.02654400 0.04006200
v 0.06846600 0.02659400 0.03929000
v 0.06837000 0.02475800 0.03929000
v 0.06895000 0.02466200 0.03861400
v 0.06808200 0.02292600 0.03929000
v 0.06788600 0.02480600 0.04006200
v 0.06759800 0.02302200 0.04006200
v 0.06755000 0.02113800 0.03929000
v 0.06861000 0.02278000 0.03861400
v 0.06808200 0.02089800 0.03861400
v 0.06928600 0.02258600 0.03813000
v 0.06957800 0.02461400 0.03813000
v 0.07030200 0.02451800 0.03779200
v 0.06967400 0.02664200 0.03813000
v 0.06904600 0.02659400 0.03861400
v 0.06890200 0.02852400 0.03861400
v 0.06832200 0.02842600 0.03929000
v 0.06798400 0.03021200 0.03929000
v 0.06851400 0.03040600 0.03861400
v 0.06745400 0.03190200 0.03929000
v 0.06798400 0.03214400 0.03861400
v 0.06914200 0.03064800 0.03813000
v 0.06953000 0.02866800 0.03813000
v 0.07025400 0.02881400 0.03779200
v 0.07039800 0.02669000 0.03779200
v 0.07117000 0.02669000 0.03769600
v 0.07107400 0.02447000 0.03769600
v 0.07179800 0.02437400 0.03779200
v 0.07068600 0.02225000 0.03769600
v 0.06996200 0.02244200 0.03779200
v 0.06938200 0.02036600 0.03779200
v 0.06870800 0.02065600 0.03813000
v 0.06793400 0.01877400 0.03813000
v 0.06735800 0.01916000 0.03861400
v 0.06639000 0.01747000 0.03861400
v 0.06595800 0.01785800 0.03929000
v 0.06489400 0.01641000 0.03929000
v 0.06557000 0.01814600 0.04006200
v 0.06643800 0.01969000 0.04006200
v 0.06615000 0.01983600 0.04102600
v 0.06682600 0.02143000 0.04102600
v 0.06682600 0.02143000 0.04802600
v 0.06615000 0.01983600 0.04802600
v 0.06711400 0.02133200 0.04894200
v 0.06759800 0.02302200 0.04894200
v 0.06808200 0.02292600 0.04976200
v 0.06837000 0.02475800 0.04976200
v 0.06895000 0.02466200 0.05043800
v 0.06846600 0.02659400 0.04976200
v 0.06904600 0.02659400 0.05043800
v 0.06957800 0.02461400 0.05092000
v 0.06861000 0.02278000 0.05043800
v 0.06755000 0.02113800 0.04976200
v 0.06730800 0.02311800 0.04802600
v 0.06730800 0.02311800 0.04102600
v 0.06711400 0.02133200 0.04006200
v 0.06643800 0.01969000 0.04894200
v 0.06682600 0.01945000 0.03929000
v 0.07189400 0.02673800 0.03779200
v 0.07097600 0.02895800 0.03769600
v 0.06986600 0.03088800 0.03779200
v 0.06928600 0.03267400 0.03779200
v 0.06861000 0.03238400 0.03813000
v 0.07112200 0.01365800 0.04686600
v 0.07247400 0.01607000 0.04686600
v 0.07102600 0.01375400 0.04744600
v 0.06943200 0.01158200 0.04744600
v 0.06933400 0.01167800 0.04802600
v 0.06750200 0.00975000 0.04802600
v 0.06730800 0.01003800 0.04894200
v 0.06547400 0.00815600 0.04802600
v 0.05649600 0.00313600 0.04744600
v 0.05654600 0.00299200 0.04686600
v 0.04679600 0.00038600 0.04686600
v 0.04679600 0.00028799 0.04628600
v 0.03680400 0.00009600 0.04628600
v 0.02705600 0.00246000 0.04686600
v 0.03680400 0.00019200 0.04686600
v 0.01812600 0.00714200 0.04744600
v 0.01030600 0.01385000 0.04744600
v 0.01040400 0.01394600 0.04802600
v 0.00398600 0.02229800 0.04744600
v 0.00408200 0.02239400 0.04802600
v 0.00437000 0.02258600 0.04894200
v 0.00036601 0.03253000 0.04976200
v 0.00475800 0.02287600 0.04976200
v 0.01064600 0.01423800 0.04894200
v 0.01093400 0.01457400 0.04976200
v 0.01836800 0.00762600 0.04894200
v 0.01822200 0.00728600 0.04802600
v 0.02715200 0.00270200 0.04802600
v 0.02710400 0.00255800 0.04744600
v 0.03680400 0.00033600 0.04744600
v 0.04674800 0.00067400 0.04802600
v 0.04674800 0.00053000 0.04744600
v 0.05644800 0.00328200 0.04802600
v 0.05635200 0.00361800 0.04894200
v 0.06533000 0.00849400 0.04894200
v 0.06508800 0.00892800 0.04976200
v 0.06701800 0.01047400 0.04976200
v 0.06479800 0.00945800 0.05043800
v 0.05601400 0.00473000 0.05043800
v 0.05582200 0.00540400 0.05092000
v 0.04655400 0.00294400 0.05092000
v 0.04645800 0.00376400 0.05121000
v 0.03714400 0.00357000 0.05121000
v 0.03724000 0.00443999 0.05135400
v 0.02806800 0.00569400 0.05121000
v 0.02782800 0.00492200 0.05092000
v 0.01928400 0.00926600 0.05092000
v 0.01894600 0.00859000 0.05043800
v 0.01137000 0.01505800 0.05043800
v 0.01861000 0.00805800 0.04976200
v 0.02763400 0.00419800 0.05043800
v 0.02744200 0.00357000 0.04976200
v 0.02724800 0.00308800 0.04894200
v 0.03685200 0.00086800 0.04894200
v 0.03685200 0.00048200 0.04802600
v 0.04670000 0.00101200 0.04894200
v 0.03690000 0.00135000 0.04976200
v 0.04665200 0.00154400 0.04976200
v 0.05620800 0.00410200 0.04976200
v 0.04660200 0.00217000 0.05043800
v 0.03699800 0.00202600 0.05043800
v 0.03704600 0.00275000 0.05092000
v 0.01180200 0.01563800 0.05092000
v 0.01967000 0.00994200 0.05121000
v 0.00523800 0.02326200 0.05043800
v 0.02831000 0.00646600 0.05135400
v 0.03733600 0.00525999 0.05121000
v 0.04640800 0.00458400 0.05135400
v 0.05558000 0.00617800 0.05121000
v 0.06451000 0.01013400 0.05092000
v 0.06668200 0.01095400 0.05043800
v 0.06875600 0.01230600 0.04976200
v 0.06909400 0.01192200 0.04894200
v 0.07068600 0.01404400 0.04894200
v 0.07092800 0.01380200 0.04802600
v 0.07227800 0.01616600 0.04802600
v 0.07237600 0.01611800 0.04744600
v 0.00702600 0.02461400 0.05135400
v 0.01339600 0.01747000 0.05121000
v 0.02083000 0.01211400 0.05092000
v 0.02903400 0.00878200 0.05043800
v 0.00355000 0.06028200 0.07761200
v 0.00355000 0.06945200 0.08060400
v 0.01132200 0.06887400 0.08378800
v 0.01132200 0.07934600 0.08436800
v 0.00355000 0.08851600 0.07915600
v 0.01474800 0.01906200 0.03929000
v 0.00929401 0.02635200 0.03929000
v 0.00881001 0.02601400 0.03861400
v 0.00543401 0.03484600 0.04976200
v 0.01962200 0.03615000 0.05835400
v 0.02826200 0.04001200 0.06906800
v 0.03709600 0.04734800 0.07799600
v 0.03709600 0.11636400 0.06356600
v 0.02826200 0.10965600 0.07297600
v 0.03709600 0.10999600 0.07326800
v 0.03709600 0.10135600 0.08103600
v 0.08444200 0.04913200 0.01892000
v 0.08463400 0.05685600 0.01303200
v 0.08468400 0.05709600 0.01342000
v 0.08429800 0.08687600 0.07823800
v 0.08415200 0.08644200 0.07823800
v 0.04240400 0.07437400 0.07920400
v 0.04240400 0.06979000 0.07891400
v 0.04240400 0.09208800 0.07548800
v 0.04240400 0.08798600 0.07756400
v 0.04240400 0.09619000 0.07341200
v 0.04240400 0.08345000 0.07848000
v 0.04240400 0.07896000 0.07944400
v 0.04240400 0.05024400 0.06757200
v 0.04240400 0.04720200 0.06414400
v 0.08444200 0.04618800 0.06322800
v 0.08415200 0.05984800 0.07553600
v 0.08429800 0.05222000 0.07027600
v 0.08453800 0.05198000 0.07056400
v 0.08434600 0.05101600 0.06887600
v 0.08434600 0.04976000 0.06742800
v 0.08453800 0.04898800 0.06694400
v 0.08434600 0.04952000 0.06713800
v 0.08434600 0.04922800 0.06680000
v 0.08438600 0.04823400 0.06563400
v 0.08437800 0.04839800 0.06582200
v 0.08440200 0.04780800 0.06512800
v 0.08439400 0.04773200 0.06501400
v 0.08463400 0.04570600 0.06327600
v 0.08463400 0.04194000 0.05487800
v 0.08468400 0.04150800 0.05502200
v 0.08463400 0.04015600 0.04561000
v 0.08463400 0.03952800 0.04565800
v 0.08468400 0.04088000 0.03615200
v 0.08463400 0.04131400 0.03624800
v 0.08453800 0.04478800 0.02751200
v 0.08429800 0.04184400 0.03639400
v 0.08429800 0.04512800 0.02770400
v 0.04240400 0.04705600 0.02514800
v 0.04240400 0.04961600 0.02133400
v 0.00128201 0.04170000 0.03774400
v 0.00205400 0.04170000 0.03789000
v 0.00208801 0.04170000 0.03788800
v 0.00209000 0.04170000 0.03789000
v 0.00210001 0.04170000 0.03789400
v 0.00258601 0.04165200 0.03813000
v 0.00176400 0.04536800 0.03813000
v 0.00282600 0.04165200 0.03827400
v 0.00331001 0.04165200 0.03861400
v 0.00239201 0.04556000 0.03861400
v 0.00350200 0.04160400 0.03885400
v 0.00388800 0.04160400 0.03929000
v 0.00297000 0.04575400 0.03929000
v 0.00408200 0.04160400 0.03957800
v 0.00437000 0.04155600 0.04006200
v 0.00340601 0.04590000 0.04006200
v 0.00451600 0.04155600 0.04044600
v 0.00475800 0.04150800 0.04102600
v 0.04240400 0.04141000 0.04233000
v 0.00480600 0.04131400 0.04401800
v 0.00374200 0.04599600 0.04102600
v 0.00480600 0.04121600 0.04653000
v 0.00480600 0.04116800 0.04696200
v 0.04240400 0.04116800 0.04696200
v 0.04240400 0.04208600 0.05145000
v 0.00480600 0.04126400 0.04735000
v 0.00475800 0.04141000 0.04802600
v 0.00374200 0.04599600 0.04802600
v 0.00460600 0.04149000 0.04840800
v 0.00437000 0.04160400 0.04894200
v 0.00340601 0.04590000 0.04894200
v 0.00417800 0.04165200 0.04927800
v 0.00384000 0.04174800 0.04976200
v 0.00345400 0.04184400 0.05019600
v 0.00297000 0.04575400 0.04976200
v 0.00239201 0.04556000 0.05043800
v 0.00321400 0.04189200 0.05043800
v 0.00176400 0.04536800 0.05092000
v 0.00273000 0.04198800 0.05077400
v 0.00253800 0.04198800 0.05092000
v 0.00195800 0.04203800 0.05116200
v 0.00176400 0.04208600 0.05121000
v 0.04240400 0.04512800 0.06004200
v 0.04240400 0.04305200 0.05594000
v 0.08415200 0.04266400 0.05468600
v 0.08415200 0.04609200 0.06260000
v 0.08415200 0.04628400 0.06284200
v 0.08420200 0.04623600 0.06286600
v 0.08424800 0.04618800 0.06289000
v 0.08420000 0.04623600 0.06286600
v 0.08425000 0.04618800 0.06289000
v 0.08425200 0.04618600 0.06288800
v 0.08415200 0.04623600 0.06289000
v 0.08420000 0.04618800 0.06289000
v 0.08429800 0.04614000 0.06293800
v 0.08444200 0.04232800 0.05478200
v 0.08444200 0.04078400 0.04561000
v 0.08415200 0.04112000 0.04561000
v 0.04240400 0.04310000 0.03340000
v 0.04240400 0.04454800 0.02900800
v 0.00123400 0.04170000 0.03769600
v 0.00109000 0.04170000 0.03769600
v 0.00147400 0.04170000 0.03774400
v 0.04240400 0.04170000 0.03774400
v 0.00099200 0.04208600 0.05135400
v 0.00118600 0.04208600 0.05130600
v 0.08453800 0.05960600 0.07601800
v 0.08429800 0.04927600 0.06670400
v 0.08415200 0.06848600 0.07876800
v 0.04240400 0.05719200 0.07355600
v 0.04240400 0.05333200 0.07100000
v 0.04240400 0.06100600 0.07606800
v 0.04240400 0.06539800 0.07751600
vn -0.04296174 0.92426539 -0.37932543
vn -0.70852513 0.63869227 -0.30010718
vn -0.00004715 0.97868487 -0.20536776
vn -0.23593770 0.96433838 -0.11993705
vn -0.41443294 0.91007548 -0.00282014
vn 0.00000000 0.99722573 -0.07443689
vn -0.67918253 0.73180151 -0.05637054
vn -0.00000213 0.99860999 0.05270761
vn -0.41871067 0.90810069 0.00587466
vn -0.73815570 0.66302999 0.12456882
vn 0.00000000 0.98286685 0.18431698
vn -0.67846077 0.72202188 0.13555585
vn -0.67891874 0.66144427 0.31868609
vn 0.00000000 0.94971613 0.31311224
vn 0.00000000 0.90028202 0.43530711
vn -0.73763449 0.60827999 0.29307136
vn 0.59593264 0.70973477 0.37568717
vn -0.73661414 0.60840046 0.29537855
vn -0.91284973 0.37898064 0.15191789
vn -0.04961660 0.90545642 -0.42152920
vn -0.68023823 0.69849059 -0.22223150
vn 0.02549407 -0.98188076 0.18777705
vn 0.67911004 -0.73196675 0.05508380
vn -0.03243140 -0.99791819 0.05574487
vn -0.20995061 0.97649196 0.04882822
vn -0.70037289 0.67258591 0.23896865
vn -0.69272243 0.58448382 0.42250953
vn -0.68206179 0.64076375 0.35243941
vn -0.82944013 0.55829215 -0.01841061
vn -0.74057106 -0.66119411 -0.11990352
vn -0.37757413 -0.92261192 -0.07889881
vn -0.27209107 -0.96226623 -0.00318553
vn -0.22891253 -0.08060739 -0.97010386
vn -0.39706327 -0.33647512 -0.85388831
vn -0.79740516 -0.25365191 -0.54754517
vn -0.04958155 -0.90150726 0.42991432
vn 0.67811313 -0.69460635 0.24017617
vn -0.00175769 -0.95060249 0.31040588
vn 0.00031488 -0.75987518 0.65006892
vn 0.64219889 -0.58138165 0.49957578
vn 0.67765679 -0.50355459 0.53592355
vn -0.06892998 -0.74842374 -0.65962911
vn -0.07139080 -0.64939271 -0.75709475
vn -0.67120336 -0.55487608 -0.49152679
vn 0.63146205 -0.71032704 0.31095205
vn 0.44966006 -0.76112777 0.46742951
vn 0.64533086 -0.68294139 0.34225595
vn 0.22071477 0.65008073 -0.72710387
vn 0.01635011 0.76089668 -0.64866703
vn -0.79454343 0.41338851 -0.44475912
vn 0.68770907 0.58888642 -0.42458100
vn -0.08325909 0.82550840 -0.55821483
vn -0.00347420 -0.94718291 -0.32067502
vn 0.67940042 -0.66158240 -0.31737014
vn -0.15697424 -0.88047929 -0.44734250
vn -0.16441277 -0.30647618 -0.93757175
vn 0.05662663 -0.18192069 -0.98168136
vn -0.68117049 -0.20939768 -0.70154072
vn -0.16666783 0.55095683 -0.81772147
vn 0.68272208 0.46240191 -0.56575175
vn 0.67891193 -0.05138072 -0.73241970
vn -0.40566174 -0.04100945 -0.91310283
vn -0.73528373 -0.61204704 -0.29112927
vn -0.20865383 -0.92352259 -0.32182233
vn -0.53423865 -0.80180497 -0.26776455
vn 0.02422853 0.59750276 0.80150074
vn -0.22438663 0.36420823 0.90388219
vn -0.68099324 0.39373087 0.61743357
vn 0.05235998 -0.82462929 -0.56324503
vn 0.68172904 -0.55740987 -0.47385625
vn 0.67785334 -0.65112045 -0.34140447
vn 0.65288739 -0.63805057 -0.40820279
vn -0.38156152 -0.81884041 -0.42884868
vn -0.50392613 -0.82052069 -0.26982263
vn -0.67875600 -0.70156693 0.21701184
vn 0.54215082 -0.83990317 0.02520221
vn 0.64095738 -0.76539817 -0.05778652
vn 0.66095995 -0.74993330 -0.02705517
vn -0.96993456 -0.24184964 0.02712390
vn -0.07262470 -0.99613581 0.04938726
vn -0.73455785 -0.67764630 0.03493218
vn -0.12546976 -0.97538556 0.18132940
vn -0.73391654 -0.67024483 0.11017432
vn -0.14185623 -0.63514108 0.75925794
vn -0.73977100 -0.42796789 0.51921320
vn -0.67929707 -0.41754392 0.60350026
vn -0.46700155 0.21121159 -0.85866129
vn -0.05735925 0.33006642 -0.94221339
vn -0.67815537 0.16647564 -0.71581503
vn 0.04667662 0.07674001 -0.99595796
vn 0.67421840 0.15289161 -0.72253284
vn 0.02951360 -0.56561241 0.82414292
vn 0.63680023 -0.45156106 0.62496246
vn 0.67761366 -0.34016113 0.65202004
vn -0.35687283 0.42982155 -0.82939449
vn -0.67837479 0.34651457 -0.64786981
vn 0.67806798 0.32139134 -0.66100788
vn -0.61707532 0.08613949 -0.78217519
vn -0.67915644 -0.02814775 -0.73345363
vn -0.24607408 -0.17289617 0.95370565
vn -0.23565219 -0.30968243 0.92117579
vn -0.67986430 -0.17161629 0.71297432
vn -0.11988483 -0.08420964 0.98920997
vn 0.69114036 -0.10525645 0.71501474
vn -0.26939793 -0.80556522 0.52772097
vn -0.85477392 -0.43994778 0.27533161
vn -0.07944438 -0.56156920 0.82360708
vn 0.68387020 -0.46302317 0.56385379
vn 0.00842283 -0.65704887 0.75380093
vn -0.73693973 0.55926544 -0.37966038
vn -0.13383825 0.75105742 -0.64652925
vn -0.61144740 0.60759969 -0.50690699
vn 0.20669175 -0.45517348 0.86608061
vn -0.67873588 -0.34541252 0.64808009
vn 0.67587165 -0.31793102 0.66491908
vn -0.27246606 -0.62715691 -0.72968244
vn 0.65086742 -0.51001416 -0.56236745
vn 0.54872677 -0.60865101 -0.57309937
vn -0.29471107 -0.95250733 -0.07664969
vn 0.67891251 -0.72125874 -0.13734495
vn -0.22433706 -0.95256872 -0.20563490
vn -0.83630142 -0.53287580 -0.12900898
vn -0.67761806 -0.73416352 0.04286830
vn 0.64620893 -0.63515398 -0.42307617
vn -0.28873439 -0.72743444 0.62247215
vn -0.79625311 -0.40586325 0.44861566
vn -0.42150769 0.67207297 0.60880965
vn 0.20664405 0.63129743 0.74750370
vn -0.67844183 0.53796153 0.50031398
vn -0.37140928 -0.83705658 0.40173552
vn -0.78916865 -0.54387476 -0.28532979
vn -0.72656401 0.39549349 -0.56186265
vn -0.68084627 0.42936006 -0.59337871
vn -0.73750174 0.43574305 -0.51596432
vn -0.04712599 -0.43214926 -0.90056991
vn 0.64118631 -0.33256373 -0.69157898
vn 0.51445093 -0.46073361 -0.72323217
vn 0.01724500 -0.82800444 -0.56045629
vn 0.68199758 -0.59842006 0.42044350
vn 0.68721854 0.05957841 0.72400352
vn -0.04197064 0.06682557 0.99688154
vn 0.23473191 0.15924761 0.95892707
vn -0.78342972 0.15282084 0.60239826
vn 0.64104484 0.40864403 -0.64967036
vn 0.68276028 0.35398894 -0.63916369
vn 0.65402792 0.40546733 -0.63862644
vn -0.73999308 -0.54631875 0.39235962
vn -0.34979516 -0.70509266 0.61683684
vn -0.80097756 0.02232545 0.59827796
vn -0.73809185 -0.23425310 -0.63272893
vn -0.74586027 -0.28237521 -0.60328824
vn 0.65129821 -0.51856965 -0.55398210
vn -0.73335649 -0.50599193 -0.45404893
vn -0.38250469 -0.76862375 -0.51274525
vn 0.03145629 -0.73697190 -0.67519103
vn -0.33338931 -0.79698232 0.50365737
vn -0.27105534 -0.71533526 0.64406868
vn -0.62144010 -0.45721785 0.63621068
vn 0.64580885 -0.58153343 0.49472194
vn -0.71448530 0.48256883 0.50659459
vn -0.73730789 0.51282175 0.43976235
vn -0.51867637 0.70219951 0.48774038
vn -0.38607944 0.76939668 -0.50889234
vn -0.68902217 0.55918763 -0.46103974
vn -0.73659988 0.63798767 -0.22448239
vn -0.25071389 0.87318500 -0.41795993
vn -0.56362986 0.73906830 -0.36891656
vn 0.55266592 0.70590981 -0.44300307
vn 0.68116426 0.65045645 -0.33603817
vn 0.62075860 0.72811762 -0.29069485
vn -0.44122340 0.89477093 0.06860685
vn -0.94700918 0.31845219 0.04197394
vn -0.73710211 0.66374015 0.12700189
vn 0.56572853 0.78628048 0.24842350
vn -0.05883931 0.99512241 0.07917909
vn 0.67573109 0.73664350 -0.02727346
vn 0.65179862 0.75839209 0.00000000
vn 0.39296421 0.91714096 -0.06657016
vn -0.73886540 0.67170105 -0.05381101
vn -0.28444373 0.94240144 -0.17598661
vn -0.53515703 0.82672745 -0.17357614
vn -0.92460792 0.37711105 -0.05373500
vn 0.65179862 0.75839209 0.00000000
vn 0.65708904 0.75354267 0.02018518
vn 0.53383601 0.80749361 -0.25094457
vn 0.69706772 0.67060107 -0.25375342
vn 0.59494524 0.78933582 -0.15162163
vn -0.82617847 0.51254424 -0.23393916
vn -0.53517665 0.82546788 -0.17941218
vn -0.14185888 -0.50220248 -0.85303501
vn -0.73624473 -0.38082254 -0.55939065
vn -0.90138232 -0.29880878 -0.31340586
vn 0.65302311 -0.33885600 -0.67730158
vn 0.03203465 0.56680947 -0.82322586
vn -0.03419658 -0.18413308 -0.98230627
vn 0.64271607 -0.14654598 -0.75195766
vn 0.68213344 -0.20407681 -0.70217279
vn -0.74266209 -0.06807403 -0.66619738
vn -0.08210505 -0.07104563 -0.99408816
vn -0.68437350 0.08173984 -0.72453538
vn -0.73848328 0.11890822 -0.66370421
vn -0.60951432 0.11058308 -0.78502463
vn 0.64721071 -0.14432054 -0.74852513
vn 0.64439891 -0.14507536 -0.75080170
vn -0.16425888 0.20685996 -0.96448327
vn -0.09197302 0.07671936 -0.99280164
vn 0.67853252 -0.02503463 -0.73414364
vn -0.17096383 0.42844485 -0.88724651
vn -0.77700425 0.05686502 -0.62692166
vn 0.64031556 0.26490907 -0.72098486
vn 0.68309631 0.17720895 -0.70850294
vn 0.64686270 0.24038094 -0.72373037
vn 0.64690020 0.23911279 -0.72411685
vn -0.10165839 0.32848900 -0.93902106
vn 0.68132544 0.50299560 -0.53178105
vn 0.63702402 0.61542229 -0.46417217
vn -0.10432333 0.66766806 -0.73711329
vn 0.63132508 0.59846738 -0.49321946
vn -0.73971340 0.28329923 -0.61038154
vn -0.70751332 0.24312032 -0.66356417
vn -0.69276152 0.25261603 -0.67547510
vn -0.88837816 0.23932168 0.39180273
vn -0.73757120 0.22581659 0.63639264
vn -0.70515166 0.20439922 0.67895662
vn -0.73447807 -0.30160691 0.60792700
vn -0.25017296 -0.31462203 0.91565631
vn -0.71807338 -0.24451587 0.65160004
vn -0.67266114 -0.26862498 0.68946908
vn 0.69369666 -0.13914156 0.70669977
vn 0.61587142 -0.09432665 0.78217957
vn -0.24939932 -0.19280690 0.94901290
vn -0.73798599 -0.12346757 0.66342477
vn -0.91099288 -0.00531177 0.41238787
vn -0.93393175 -0.02127905 0.35681743
vn -0.81043958 -0.06000608 0.58274090
vn -0.78519354 -0.07130970 0.61513090
vn -0.84841963 -0.04500751 0.52740730
vn -0.76117324 -0.03424202 0.64764402
vn -0.17074619 -0.07708184 0.98229534
vn -0.01598485 0.05414553 0.99840510
vn 0.66910326 0.04893843 0.74155637
vn -0.26769407 0.27724679 0.92275354
vn 0.53993223 0.23135899 0.80928747
vn 0.63678141 0.15098912 0.75611621
vn 0.66805095 -0.42260165 0.61246695
vn -0.33194472 0.18002494 0.92596097
vn 0.66893972 0.19789534 0.71648942
vn -0.73525384 0.04297573 0.67642803
vn 0.64027044 -0.25815280 0.72347142
vn 0.53408278 -0.18566857 0.82479256
vn -0.84615607 0.20959234 0.48999077
vn -0.84714328 0.22175659 0.48287916
vn -0.20021834 0.42539749 0.88258121
vn 0.64651967 0.20681244 0.73433026
vn 0.66678653 0.42175070 0.61442825
vn 0.68364753 0.33604828 0.64784073
vn -0.05052051 0.58097575 0.81235144
vn 0.62110366 0.29786836 0.72491702
vn -0.18249227 -0.42520526 -0.88650835
vn 0.68053760 -0.24537074 -0.69040697
vn -0.73671419 0.37921279 0.55986593
vn -0.57923943 0.55874466 0.59353693
vn -0.67252782 0.46829915 0.57306391
vn -0.65374620 0.47522897 0.58887463
vn 0.68069995 -0.41708457 -0.60223587
vn 0.35875275 -0.49310669 -0.79255426
vn -0.05726977 -0.44525654 0.89356969
vn -0.84563941 -0.34651593 -0.40598117
vn -0.83989348 0.53530503 -0.08959615
vn 0.52908182 0.82163384 0.21210909
vn 0.60155181 0.76874634 0.21717386
vn -0.24526175 0.91111577 0.33123213
vn 0.71186399 0.69546774 0.09784828
vn -0.08031236 0.83516316 0.54410700
vn -0.80847401 0.47576181 0.34643971
vn -0.94192749 0.31004703 0.12900945
vn 0.67893095 0.65452194 0.33264666
vn 0.68638580 0.60239669 0.40742210
vn 0.60510982 0.62464933 0.49361454
vn 0.59685108 0.45215985 0.66281239
vn -0.08229156 0.66937041 0.73835720
vn -0.81879463 -0.30706466 -0.48506355
vn -0.73604193 -0.64164165 0.21572731
vn -0.74581099 -0.59669759 0.29617219
vn -0.95186384 -0.28443107 0.11425491
vn -0.08706012 -0.93925904 0.33198341
vn 0.67523533 -0.70131495 0.22850514
vn 0.65981111 -0.72973428 0.17926845
vn -0.99694693 -0.05529909 -0.05512557
vn 0.19139143 0.67805345 0.70965685
vn 0.64628876 -0.74731070 0.15439414
vn -0.27208669 -0.96227274 0.00000000
vn -0.99108212 -0.12976543 -0.03028483
vn -0.08276809 -0.97998983 -0.18102313
vn 0.53288809 -0.82364015 -0.19402884
vn 0.63199075 -0.73127372 -0.25656665
vn 0.65647485 -0.71332861 -0.24536311
vn 0.65649842 -0.72205982 -0.21826459
vn -0.70733215 0.03653994 -0.70593630
vn -0.69366854 0.71716601 0.06705868
vn -0.67711664 0.62129449 -0.39434275
vn -0.67894863 0.71490968 0.16713140
vn -0.43105452 0.87826853 0.20696953
vn -0.69670074 0.71699408 -0.02296888
vn -0.84263157 0.52494629 0.12001432
vn -0.43389526 0.79369950 0.42635198
vn -0.85365395 0.45899460 0.24616841
vn -0.96470145 0.25646553 0.05980420
vn -0.97106492 0.23873788 -0.00609487
vn -0.99995376 -0.00936725 -0.00217616
vn -0.98133300 0.17073007 0.08852558
vn -0.98630996 -0.14425949 -0.07988656
vn -0.94715396 -0.31285941 -0.07084044
vn -0.99307183 -0.11730415 0.00693335
vn -0.92071388 -0.38999009 0.01391716
vn -0.98646710 -0.15658667 0.04861354
vn -0.98724388 -0.13507672 0.08428402
vn -0.99095602 0.11392598 -0.07090162
vn -0.99059131 0.10150483 0.09179120
vn -0.99328494 -0.02521888 0.11291163
vn -0.98739146 0.00501857 0.15821798
vn -0.97721156 -0.00623959 -0.21217597
vn -0.99527930 0.02324919 -0.09422622
vn -0.99500009 -0.08886835 -0.04557681
vn -0.99246636 0.09056855 0.08250980
vn -0.99304165 0.10325576 0.05662615
vn -0.99556343 0.09021956 -0.02671858
vn -0.99853234 -0.02767800 0.04655204
vn -0.99506409 -0.06957266 0.07076090
vn -0.98716829 0.11130332 -0.11450036
vn -0.95830541 -0.15375580 -0.24085243
vn -0.97664734 -0.15767037 -0.14594531
vn -0.99081285 0.06931469 0.11612654
vn -0.99354593 0.03341761 0.10839623
vn -0.98980652 -0.04392869 -0.13547446
vn -0.94731961 0.31165110 0.07388600
vn -0.99432792 -0.07381689 0.07657063
vn -0.91544081 0.38550593 -0.11555644
vn -0.87738726 0.40701904 -0.25402184
vn -0.95302133 0.20761201 -0.22056199
vn -0.65459842 0.51716823 -0.55139634
vn -0.42155667 0.42571899 -0.80065806
vn -0.42180753 0.76482419 -0.48695212
vn -0.45575719 0.84958833 -0.26549020
vn -0.00003820 0.89329366 -0.44947351
vn 0.00000000 0.94353093 -0.33128444
vn -0.67926160 0.69271574 -0.24238106
vn -0.67816787 0.13611850 -0.72219118
vn -0.67917930 0.31889439 -0.66107628
vn -1.00000000 0.00000000 0.00000000
vn -1.00000000 0.00000000 0.00000000
vn -0.58471028 -0.81124219 0.00000000
vn -0.67949675 -0.05616107 -0.73152587
vn -0.70704641 0.03736536 -0.70617930
vn -0.67894460 0.47868756 -0.55667984
vn -1.00000000 0.00000000 0.00000000
vn -1.00000000 0.00000000 0.00000000
vn -0.67891317 -0.24286790 -0.69288678
vn -0.67897110 -0.41386826 -0.60639205
vn -0.86735854 -0.30985604 0.38945911
vn -0.67955591 -0.55518940 -0.47955030
vn -0.77106379 -0.03384991 0.63585755
vn -0.58471028 -0.81124219 0.00000000
vn -0.75947736 -0.01970323 0.65023529
vn -0.74946605 0.00000000 0.66204277
vn -1.00000000 0.00000000 0.00000000
vn -0.58471028 -0.81124219 0.00000000
vn -0.58471028 -0.81124219 0.00000000
vn -0.67901707 0.41388378 0.60632997
vn -1.00000000 0.00000000 0.00000000
vn -0.67889641 0.55684157 0.47856779
vn -0.67971449 -0.13530884 0.72088815
vn -0.67940226 -0.47960846 0.55532720
vn -0.67811772 -0.31877300 0.66222363
vn -0.67899950 -0.60640956 0.41379599
vn -0.58471028 -0.81124219 0.00000000
vn -0.74898632 -0.00364459 0.66257544
vn -0.67852335 -0.66144645 -0.31952253
vn -0.56249644 -0.66952882 0.48510712
vn -0.67876179 -0.69308338 0.24273003
vn -0.70635644 -0.01387836 -0.70772027
vn -0.80670802 -0.05909951 -0.58798760
vn -0.42210932 -0.56257431 -0.71086839
vn -0.90617001 -0.24893653 -0.34188671
vn -0.75249602 -0.01652306 -0.65838949
vn -0.67861865 0.24266791 0.69324528
vn -0.67872914 0.05445296 0.73236714
vn -1.00000000 0.00000000 0.00000000
vn -1.00000000 0.00000000 0.00000000
vn -0.67884557 0.60697116 -0.41322475
vn -0.00003864 0.74559150 -0.66640327
vn 0.00000000 0.82702759 -0.56216133
vn 0.00000000 0.65153557 -0.75861808
vn 0.00001124 0.54728802 -0.83694434
vn 0.00000000 0.43272460 -0.90152616
vn 0.00002600 0.31466961 -0.94920126
vn 0.00000000 0.18101640 -0.98348008
vn -0.00000015 0.05282343 -0.99860387
vn 0.00000322 0.05213051 -0.99864028
vn 0.00000000 0.06268375 -0.99803344
vn -0.43835473 -0.25997859 -0.86038146
vn -0.00001883 -0.20418683 -0.97893194
vn -0.67730520 -0.39252267 -0.62224081
vn -0.47175698 -0.64920378 -0.59664043
vn -0.00002473 -0.45129746 -0.89237358
vn 0.00000000 -0.33354805 -0.94273310
vn 0.00000000 -0.56219993 -0.82700135
vn -0.00001901 -0.66673901 -0.74529128
vn 0.04908950 -0.67425062 0.73686927
vn -0.00937643 -0.73048254 -0.68286700
vn -0.00000090 0.66663145 0.74538749
vn 0.00000000 0.76056122 0.64926623
vn -0.43373324 0.65984698 0.61357757
vn 0.00000000 0.83684303 0.54744291
vn 0.00000000 -0.07841677 -0.99692066
vn -0.43576043 0.48070728 0.76094241
vn -0.88255669 0.34366919 0.32091304
vn -0.88619668 0.24443150 0.39358441
vn -0.86047279 -0.44883161 -0.24111567
vn -0.66584246 -0.54496040 -0.50958020
vn -0.39291006 -0.81361736 -0.42854227
vn -0.64167086 -0.74758603 -0.17138742
vn -0.00221509 -0.65960847 0.75160612
vn -0.16416134 -0.88882236 -0.42783859
vn -0.62195812 -0.78268246 0.02400536
vn -0.16313955 -0.96930877 -0.18391847
vn -0.40834659 -0.86989195 0.27666055
vn -0.16405499 -0.98371375 0.07343857
vn -0.78741053 -0.52534034 0.32249370
vn -0.87183439 -0.46789320 0.14484734
vn -0.87199257 -0.33210872 0.35962863
vn -0.91073080 -0.19293058 0.36516735
vn -0.99787633 -0.03186928 0.05680833
vn -0.91208626 0.09175796 -0.39959870
vn -0.96345340 0.12456505 -0.23715204
vn -0.83240712 0.25749555 -0.49070808
vn -0.45313031 0.20231714 -0.86818241
vn -0.83932471 -0.01420699 -0.54344475
vn -0.43220269 -0.03468180 -0.90110932
vn -0.88372678 -0.13931647 -0.44678619
vn -0.95408920 -0.15678563 -0.25520985
vn -0.93682411 -0.25527566 -0.23915461
vn -0.90682534 0.37141593 0.19929380
vn -0.64093383 0.74600101 0.18079356
vn -0.84011986 0.54205524 -0.01935820
vn -0.40061459 0.91566607 -0.03261305
vn -0.64388401 0.73154139 -0.22418869
vn -0.94596918 0.30944924 -0.09686839
vn -0.91721110 0.33934768 -0.20872696
vn -0.99319407 0.10081097 -0.05833257
vn -0.94831398 0.24009055 -0.20750212
vn -0.99890523 -0.03764390 0.02777196
vn -0.92729665 0.17674705 -0.32997182
vn -0.99005810 -0.02616805 0.13820347
vn -0.88339897 -0.10252031 0.45727000
vn -0.95427533 0.00981811 0.29876781
vn -0.65998222 0.02640394 0.75081709
vn -0.95514179 0.08501598 0.28368370
vn -0.99993903 -0.00478518 -0.00995190
vn -0.96419231 -0.10753156 -0.24242555
vn -0.83808708 -0.22006363 -0.49918137
vn -0.65273448 -0.40470094 -0.64043333
vn -0.14240312 -0.11253124 -0.98339111
vn -0.10782400 -0.75355097 -0.64848664
vn -0.10823840 -0.89588635 -0.43089686
vn -0.10860656 -0.97667260 -0.18524374
vn -0.10755590 -0.99143904 0.07402949
vn -0.16392655 -0.93105416 0.32598504
vn -0.40807916 -0.62270610 0.66761405
vn -0.16347590 -0.81482002 0.55618699
vn -0.44842013 -0.41778006 0.79017670
vn -0.61225981 -0.17608969 0.77079851
vn -0.91286257 -0.09197261 0.39777251
vn -0.86840317 0.01854825 0.49551175
vn -0.91462921 0.12037506 0.38595758
vn -0.61668215 0.22655926 0.75390585
vn -0.83546270 0.28887310 0.46749803
vn -0.39950022 0.49386809 0.77233017
vn -0.40610165 0.66774603 0.62385631
vn -0.16503957 0.55208435 0.81729114
vn -0.10878754 0.56004818 0.82128637
vn -0.10727728 0.32911148 0.93817761
vn 0.00013346 0.32980066 0.94405058
vn 0.00012804 0.07833086 0.99692741
vn 0.10753510 0.32914877 0.93813501
vn 0.10921497 0.56012306 0.82117857
vn 0.21785532 0.54971522 0.80644419
vn 0.21746359 0.73964876 0.63689033
vn 0.32673563 0.71670269 0.61610152
vn 0.21809889 0.87948161 0.42301888
vn 0.10977208 0.89557428 0.43115750
vn 0.10886281 0.97696213 0.18355894
vn 0.00020339 0.98284804 0.18441717
vn 0.00055796 0.99715794 -0.07533742
vn -0.10754926 0.99143405 -0.07410593
vn -0.10742415 0.93816477 -0.32910015
vn -0.16323886 0.93104357 -0.32636016
vn -0.16276549 0.81517258 -0.55587864
vn -0.16225071 0.98396956 -0.07401771
vn 0.03621130 0.70962163 -0.70365182
vn 0.17074370 0.54209708 -0.82278633
vn 0.12273413 0.86625672 -0.48428878
vn 0.25791002 0.72526528 -0.63833588
vn 0.25765055 0.81296111 -0.52221684
vn 0.36903197 0.74725589 -0.55265182
vn 0.37387484 0.82172273 -0.43010390
vn 0.40426432 0.79091727 -0.45936938
vn 0.43865948 0.72089584 -0.53655106
vn 0.41670175 0.83678566 -0.35517519
vn 0.44222857 0.74726101 -0.49601902
vn 0.34490581 0.65243643 -0.67480863
vn 0.44501917 0.85969413 -0.25076671
vn 0.55946916 0.82746125 -0.04798060
vn 0.53160755 0.84588216 0.04332184
vn 0.44654100 0.87450833 0.18930481
vn -0.16346456 0.96925400 0.18391852
vn 0.52938631 0.82696618 0.18941244
vn 0.44182249 0.88310549 0.15785304
vn 0.49740312 0.82677760 0.26273358
vn 0.46828737 0.83590202 0.28631235
vn 0.35926398 0.86561215 0.34877644
vn 0.44850045 0.76975713 0.45422605
vn 0.38437074 0.82849029 0.40726279
vn 0.35887564 0.80545612 0.47164469
vn 0.30295664 0.80850966 0.50450907
vn 0.27226897 0.81491591 0.51164604
vn 0.23290445 0.77325029 0.58977921
vn 0.16305248 0.76236650 0.62626768
vn 0.05602412 0.75644129 0.65165779
vn -0.02872801 0.65685192 0.75347214
vn -0.12912543 0.70503457 0.69731835
vn -0.16389857 0.88861760 0.42836436
vn -0.16213789 0.74867753 0.64280111
vn -0.44143944 0.79583956 0.41445218
vn -0.10888893 0.75361045 0.64823953
vn 0.00014039 0.56335297 0.82621632
vn 0.00033039 0.75737861 0.65297590
vn -0.11001061 0.89524043 0.43178957
vn 0.00031685 0.90078770 0.43425963
vn -0.10821464 0.97703480 0.18355543
vn 0.10830287 0.75342001 0.64855900
vn -0.86520656 0.48663411 0.12085055
vn -0.83346428 0.54728041 0.07629845
vn -0.82176337 0.56209438 0.09356752
vn -0.87533306 0.48087335 0.05052590
vn -0.84717914 0.53076067 0.02409598
vn -0.84458382 0.53530300 0.01135184
vn -0.86342862 0.50424708 0.01502971
vn -0.85890805 0.51116155 0.03147755
vn -0.85120452 0.52482530 -0.00304293
vn -0.82091376 0.57072890 -0.01921259
vn -0.86183836 0.49677676 -0.10221293
vn -0.84733833 0.53035374 -0.02725184
vn -0.86028607 0.50877962 -0.03242186
vn -0.82827309 0.55376726 -0.08547228
vn -0.81354690 0.53253528 -0.23355432
vn -0.82789301 0.43291140 -0.35662429
vn -0.82499362 0.49594004 -0.27097787
vn -0.75780475 0.52606182 -0.38599342
vn -0.73961605 0.49641048 -0.45447194
vn -0.71637657 0.50719734 -0.47911947
vn -0.62822695 0.53794116 -0.56209449
vn -0.51717327 0.53526645 -0.66784851
vn -0.48861922 0.63586032 -0.59743862
vn -0.42030884 0.41058256 -0.80917392
vn -0.31226318 0.90636792 -0.28458548
vn -0.26406144 0.60195628 -0.75360480
vn -0.21348002 0.59808710 -0.77247531
vn 0.13946376 -0.22165568 -0.96510032
vn -0.60552212 0.67614221 -0.41973167
vn -0.41242881 0.62215887 -0.66544783
vn -0.84213136 0.41105725 -0.34906548
vn -0.87341052 0.33349969 -0.35486902
vn -0.44650463 0.42594578 -0.78689504
vn -0.84993405 0.12022211 -0.51299001
vn -0.98810592 0.03903178 -0.14873872
vn -0.95611476 -0.01063602 -0.29279932
vn -0.99999353 0.00133305 -0.00334208
vn -0.96051764 -0.07494849 -0.26793394
vn -0.82932403 -0.01664830 -0.55851991
vn -0.82988433 -0.15477083 -0.53603917
vn -0.09842578 -0.39860048 -0.91182785
vn -0.39541560 -0.26240537 -0.88022152
vn -0.16383522 -0.32385112 -0.93181461
vn -0.10854826 -0.07364665 -0.99135939
vn -0.10742554 -0.32907210 -0.93817445
vn -0.10953409 -0.55956797 -0.82151444
vn 0.00013413 -0.33080093 -0.94370055
vn 0.00014119 -0.07485025 -0.99719478
vn 0.10736583 -0.32881414 -0.93827173
vn 0.10847080 -0.55987736 -0.82144472
vn 0.21595462 -0.55088422 -0.80615766
vn 0.21786742 -0.73982762 -0.63654448
vn 0.32683683 -0.71674988 -0.61599293
vn 0.21807694 -0.87947907 -0.42303547
vn 0.10914023 -0.89600988 -0.43041226
vn 0.10826201 -0.97675667 -0.18500202
vn 0.00060262 -0.98265543 -0.18543988
vn 0.00057650 -0.99715798 0.07533676
vn -0.10712034 -0.93826585 0.32891098
vn -0.00037614 -0.94409092 0.32968498
vn -0.10833910 -0.82171008 0.55951335
vn -0.16081715 -0.77379442 0.61268265
vn -0.10876088 -0.64829181 0.75358397
vn -0.10931276 -0.43009596 0.89614072
vn 0.00014382 -0.43349000 0.90115836
vn 0.00014353 -0.18627472 0.98249769
vn 0.11030098 -0.42989182 0.89611758
vn 0.10894716 -0.64807917 0.75373994
vn 0.21844948 -0.63591439 0.74019776
vn 0.21772244 -0.80613697 0.55021825
vn 0.32631714 -0.78098401 0.53252334
vn 0.32650854 -0.89220501 0.31202949
vn 0.43860020 -0.84835269 0.29652584
vn 0.43930178 -0.89577044 0.06789152
vn 0.86523449 -0.49074464 0.10265947
vn 0.84793684 -0.52860413 0.03975905
vn 0.86533950 -0.50042105 -0.02768258
vn 0.43710970 -0.74350978 0.50609122
vn 0.86388324 -0.44998960 0.22630756
vn 0.84680166 -0.43976795 0.29921746
vn 0.43839361 -0.58508938 0.68226201
vn 0.86396751 -0.37530972 0.33571232
vn 0.32543074 -0.61627932 0.71714339
vn 0.32621418 -0.41001037 0.85174867
vn 0.21804360 -0.42306112 0.87947500
vn 0.21683102 -0.18424026 0.95866565
vn 0.10882742 -0.18573512 0.97655469
vn 0.10834402 -0.05817197 0.99240999
vn 0.00013899 -0.05590802 0.99843591
vn -0.10884250 -0.18536053 0.97662418
vn -0.10874414 -0.05833124 0.99235688
vn -0.15961129 0.00794244 0.98714799
vn -0.09831023 -0.97849405 0.18134081
vn -0.39247547 0.04071751 0.91886076
vn -0.15847146 0.08222264 0.98393406
vn -0.10769451 0.07411789 0.99141738
vn -0.16433696 0.07164553 0.98379890
vn 0.10800718 0.07419927 0.99137728
vn 0.21859636 0.07426928 0.97298495
vn 0.21747932 0.32330141 0.92096631
vn 0.32699784 0.31171326 0.89213634
vn 0.32588539 0.53322727 0.78068392
vn 0.43891434 0.50616780 0.74239367
vn 0.43888026 0.68091528 0.58629216
vn 0.84715739 0.40271835 0.34661547
vn 0.86436190 0.33502909 0.37501202
vn 0.43967056 0.80963550 0.38881893
vn 0.86411614 0.42122863 0.27544462
vn 0.32670735 0.85135605 0.41043292
vn 0.32819656 0.92814358 0.17560325
vn 0.21675242 0.95910077 0.18205522
vn 0.21709431 0.97343506 -0.07276153
vn 0.10711012 0.99150807 -0.07375069
vn 0.10785546 0.93831281 -0.32853655
vn -0.00031286 0.94409808 -0.32966455
vn -0.00008687 0.82576355 -0.56401645
vn -0.10906776 0.82098554 -0.56043462
vn -0.10727854 0.64923371 -0.75298533
vn -0.16253976 0.64454391 -0.74709034
vn -0.10851241 0.43144346 -0.89559008
vn 0.00013872 0.43460065 -0.90062326
vn 0.00014340 0.18458100 -0.98281729
vn 0.10879148 0.43148881 -0.89553438
vn 0.10703292 0.64987122 -0.75247017
vn 0.21644207 0.63732109 -0.73957735
vn 0.21548059 0.80701245 -0.54981726
vn 0.32832980 0.78038150 -0.53216940
vn 0.32886853 0.89156997 -0.31136551
vn 0.43899268 0.84798910 -0.29698470
vn -0.35689807 0.72487329 -0.58922193
vn -0.69300557 0.40962188 -0.59325644
vn -0.43086623 0.64582616 -0.63028792
vn -0.24519869 0.65983745 -0.71027610
vn -0.35314288 0.61282308 -0.70692148
vn -0.16125274 0.70373778 -0.69191812
vn -0.34138383 0.49489166 -0.79908656
vn -0.63210873 -0.21452738 -0.74459154
vn -0.02255961 0.59082582 -0.80648368
vn -0.44441001 -0.15010872 -0.88315747
vn -0.57489075 -0.33885270 -0.74476807
vn -0.68815028 -0.40757475 -0.60027661
vn -0.58142237 -0.54386290 -0.60511253
vn -0.76997210 -0.45816690 -0.44410140
vn -0.85122499 -0.28856050 -0.43834787
vn -0.92930850 -0.31525968 -0.19234617
vn -0.81334775 0.33359074 -0.47663682
vn -0.53652879 0.71959759 -0.44081307
vn -0.67813798 0.73142105 -0.07177837
vn -0.64230252 0.76439007 0.05617193
vn 0.32920472 0.94160863 -0.07069263
vn -0.59855251 0.75451111 0.26916145
vn -0.51735895 0.78583236 0.33883214
vn -0.44128018 0.73087909 0.52066069
vn 0.44215918 0.88197657 0.16313364
vn -0.34366733 0.76780090 0.54071670
vn -0.84905408 -0.28773778 0.44307352
vn -0.76545731 -0.25712765 0.58988175
vn -0.41258051 0.71565014 0.56357981
vn -0.27114968 0.71770603 0.64138592
vn -0.63277301 -0.21116121 0.74498944
vn -0.25649674 0.65215837 0.71337149
vn -0.04237693 0.65619526 0.75340027
vn -0.06750459 0.65074690 0.75628804
vn -0.46848429 -0.15892347 0.86906030
vn 0.06429433 0.66526668 0.74383229
vn -0.05248619 0.52537501 0.84925044
vn -0.25201346 -0.08662008 0.96383929
vn 0.23618973 0.58968105 0.77232808
vn 0.25498018 0.68132671 0.68613339
vn 0.00525433 -0.00084515 0.99998584
vn -0.14221094 -0.37904166 0.91438694
vn 0.53021359 0.80593726 0.26332238
vn 0.42841182 0.45422258 0.78111789
vn 0.42025784 0.82486728 0.37812341
vn 0.02356942 -0.33162749 0.94311595
vn 0.44750260 0.73462288 0.50997123
vn 0.26614203 0.08961969 0.95975868
vn -0.19499620 -0.77360029 0.60292543
vn 0.37683915 0.84447803 0.38059048
vn 0.62283038 0.78080419 0.04926599
vn 0.82141771 0.04946497 0.56817794
vn -0.52399937 -0.77403426 0.35538097
vn 0.93682492 0.22273250 0.26972078
vn 0.55834314 0.16670767 0.81268782
vn -0.26095676 0.13894590 -0.95529870
vn -0.86834401 0.42970137 0.24765986
vn 0.66519191 0.72494428 0.17881697
vn 0.47748939 0.16251409 0.86347730
vn 0.84030925 0.06142582 0.53861603
vn 0.89763541 0.07680385 0.43399521
vn 0.87750768 0.07121576 0.47424528
vn 0.64094971 0.21857055 0.73580594
vn 0.89325766 0.07972896 0.44241841
vn 0.94206839 0.09194426 0.32257309
vn 0.92386125 0.08837173 0.37238533
vn 0.76726605 0.26035477 0.58610426
vn 0.93357792 0.10508654 0.34262090
vn 0.56872570 0.33492691 0.75124899
vn 0.42749560 0.25231541 0.86809242
vn 0.35712961 0.33088052 0.87348528
vn 0.19697272 0.18306236 0.96316661
vn 0.14951103 0.22312370 0.96325608
vn 0.00409328 0.00413337 0.99998308
vn 0.00430782 0.01134494 0.99992636
vn -0.08233593 -0.22646230 0.97053368
vn -0.02514687 -0.23822348 0.97088476
vn -0.04767526 -0.46095340 0.88614278
vn 0.03269359 -0.23814019 0.97068037
vn -0.00166259 0.00939127 0.99995452
vn -0.00282760 0.00471223 0.99998490
vn -0.09762388 0.24271443 0.96517319
vn -0.14980267 0.22474806 0.96283304
vn -0.26903542 0.40124119 0.87557150
vn -0.32957787 0.35920938 0.87312488
vn -0.45208816 0.49097806 0.74468573
vn -0.51668912 0.43546362 0.73715927
vn -0.61029453 0.51886912 0.59859454
vn -0.66822680 0.43887694 0.60071622
vn -0.68433925 0.58041171 0.44136384
vn -0.60127034 0.66170290 0.44790986
vn -0.64486065 0.70520931 0.29467706
vn -0.51550364 0.79049185 0.33072442
vn -0.53580022 0.80808753 0.24477062
vn -0.35523411 0.89611637 0.26605295
vn -0.36330576 0.90907838 0.20392503
vn -0.13935054 0.96827886 0.20740654
vn -0.13688246 0.97810363 0.15676890
vn 0.10133497 0.97437152 0.20082668
vn 0.10228706 0.96127896 0.25589084
vn 0.33273410 0.91462509 0.22967144
vn 0.32253713 0.88867455 0.32592537
vn 0.52319049 0.78535324 0.33089575
vn 0.49922393 0.74357521 0.44482736
vn 0.65904303 0.61787159 0.42883211
vn 0.58793498 0.54874038 0.59432016
vn 0.68873631 0.40874107 0.59880968
vn 0.47349040 0.44453163 0.76039363
vn 0.35738158 0.53972948 0.76221420
vn 0.26602432 0.39603633 0.87885510
vn 0.16296730 0.44297887 0.88159593
vn 0.09103203 0.24813013 0.96444005
vn 0.02676880 0.25536056 0.96647525
vn 0.00053880 0.00545463 0.99998498
vn -0.03618537 0.25697090 0.96574146
vn -0.06671616 0.45734823 0.88678157
vn -0.18032902 0.45169466 0.87375819
vn -0.24150397 0.60473452 0.75892819
vn -0.36422531 0.55207353 0.75003649
vn -0.44107388 0.66500938 0.60267433
vn -0.53816812 0.58859345 0.60326846
vn -0.49216029 0.74695502 0.44703070
vn -0.33294798 0.83292570 0.44201857
vn -0.35162615 0.88410188 0.30777088
vn -0.13591877 0.94552677 0.29581280
vn -0.13253314 0.95792508 0.25458695
vn 0.09502907 0.94280084 0.31952472
vn -0.12467159 0.88389720 0.45075796
vn 0.09674395 0.88771327 0.45011749
vn 0.30410310 0.83006536 0.46745352
vn 0.26503924 0.73313586 0.62631143
vn 0.44002734 0.65931885 0.60965121
vn 0.21896617 0.60171753 0.76810795
vn 0.06583211 0.63401346 0.77051481
vn 0.05128206 0.47211645 0.88004330
vn -0.08998121 0.63727881 0.76536207
vn -0.10885949 0.77410447 0.62362799
vn -0.29214688 0.72810052 0.62009664
vn 0.08433298 0.77904782 0.62126681
vn 0.77421486 0.46092489 0.43375062
vn 0.69347212 0.65216869 0.30622282
vn 0.82440170 0.48734238 0.28785279
vn 0.70876573 0.66392092 0.23845368
vn 0.83664675 0.49607363 0.23223516
vn 0.54009058 0.80542372 0.24412045
vn 0.54660542 0.81752559 0.18131306
vn 0.34107287 0.92471799 0.16901461
vn 0.33615507 0.93336837 0.12579049
vn 0.10343051 0.98748029 0.11909996
vn 0.10077528 0.99142468 0.08319526
vn -0.13706892 0.98778533 0.07410976
vn -0.36379906 0.92265286 0.12791381
vn -0.37077539 0.92463789 0.08700796
vn -0.54472286 0.82602255 0.14478865
vn -0.55192369 0.82954088 0.08510095
vn -0.54571965 0.81819225 0.18097376
vn -0.65867644 0.72431470 0.20374877
vn -0.66371166 0.71687297 0.21349470
vn -0.74222640 0.62716712 0.23613848
vn -0.73049073 0.61779654 0.29105108
vn -0.80648693 0.52787277 0.26632532
vn -0.75667326 0.49421256 0.42801813
vn -0.81578332 0.39510995 0.42235732
vn -0.72892368 0.35153867 0.58744433
vn -0.76551593 0.26348334 0.58699394
vn -0.60473602 0.29595546 0.73939483
vn -0.55780621 0.36256025 0.74659380
vn -0.41966101 0.27206264 0.86594835
vn -0.38374526 0.32303662 0.86509359
vn -0.21237789 0.17739532 0.96095085
vn -0.18438769 0.20140311 0.96199686
vn -0.00383295 0.00326567 0.99998732
vn -0.00559521 0.00728333 0.99995782
vn 0.14000909 -0.21043927 0.96752921
vn 0.09080285 -0.23129845 0.96863609
vn 0.17197195 -0.42857842 0.88698714
vn 0.06450248 -0.44694286 0.89223400
vn 0.08744453 -0.62330442 0.77707468
vn -0.06654889 -0.62346916 0.77901056
vn -0.08066259 -0.77322483 0.62898085
vn -0.21402842 -0.58733453 0.78053186
vn -0.15726184 -0.42994066 0.88905554
vn -0.25917266 -0.38908296 0.88399320
vn -0.13889119 -0.20810322 0.96819538
vn -0.18692716 -0.17681764 0.96633005
vn 0.00665266 0.00500237 0.99996536
vn 0.00778765 0.00348354 0.99996361
vn 0.24686378 0.14548938 0.95806634
vn -0.21653483 -0.12870022 0.96775458
vn -0.35228511 -0.32941485 0.87600289
vn -0.41783236 -0.24782142 0.87407132
vn -0.47432231 -0.44568544 0.75919881
vn -0.35522793 -0.52895695 0.77072541
vn -0.42874243 -0.64797507 0.62953017
vn -0.26658072 -0.73073349 0.62846104
vn -0.49613510 -0.74096567 0.45257027
vn -0.64661541 -0.60697329 0.46203023
vn -0.71784146 -0.67133891 0.18441177
vn -0.84949349 -0.50034861 0.16736808
vn -0.84916016 -0.49848237 -0.17447734
vn -0.71665012 -0.67013281 -0.19322171
vn -0.93157823 -0.31388887 0.18340062
vn -0.76800411 -0.45696600 0.44872237
vn -0.64847469 -0.60884909 -0.45692818
vn -0.49774211 -0.74362208 -0.44640676
vn -0.43339349 -0.65491804 -0.61907387
vn -0.26938899 -0.73836969 -0.61825543
vn -0.35479507 -0.52831560 -0.77136443
vn -0.47375665 -0.44515881 -0.75986069
vn -0.33289248 -0.31143441 -0.89005124
vn -0.39577610 -0.23501736 -0.88776580
vn -0.22279076 -0.13197206 -0.96589215
vn -0.25911811 -0.08705096 -0.96191472
vn 0.00634601 0.00083745 -0.99997951
vn 0.21908914 0.54525224 -0.80913531
vn 0.21066338 0.56806782 -0.79556263
vn 0.02578328 0.57608501 -0.81698303
vn 0.05825429 0.63097037 -0.77361672
vn 0.01961881 0.59291215 -0.80502813
vn 0.38905240 0.57155624 -0.72246916
vn 0.39760090 0.61751650 -0.67866553
vn 0.46373478 0.60035203 -0.65155774
vn 0.85179712 0.51569756 -0.09218295
vn 0.94847172 0.22006259 -0.22797776
vn 0.84599954 0.50299316 -0.17686908
vn 0.44027219 0.74157656 -0.50618634
vn 0.86325155 0.45029492 -0.22810357
vn 0.84714149 0.43854847 -0.30004422
vn 0.43883015 0.58718432 -0.68017841
vn 0.86410878 0.37576581 -0.33483738
vn 0.32882719 0.61559401 -0.71618202
vn 0.32716911 0.41008217 -0.85134775
vn 0.21794467 0.42302979 -0.87951459
vn 0.21706495 0.18200563 -0.95903950
vn 0.10891307 0.18357130 -0.97695421
vn 0.10792093 -0.07366030 -0.99142687
vn -0.10897487 0.18364518 -0.97693343
vn -0.16271924 0.18571929 -0.96903601
vn -0.16450647 0.42504187 -0.89009945
vn -0.37858855 0.21367088 -0.90056397
vn -0.40723601 -0.03364498 -0.91270304
vn -0.12240994 0.59546811 -0.79399845
vn 0.21639326 -0.07274196 -0.97359261
vn 0.21719161 -0.32204897 -0.92147288
vn 0.32891338 -0.31141252 -0.89153701
vn 0.32768932 -0.53218545 -0.78063971
vn 0.43983568 -0.50552440 -0.74228677
vn 0.43894739 -0.68162583 -0.58541558
vn 0.84709006 -0.40288794 -0.34658296
vn 0.86431250 -0.33493780 -0.37520738
vn 0.43762365 -0.80998715 -0.39039258
vn 0.86465241 -0.42046136 -0.27493353
vn 0.32678018 -0.85163976 -0.40978584
vn 0.32655909 -0.92878285 -0.17527572
vn 0.21765195 -0.95879979 -0.18256670
vn 0.21913942 -0.97294633 0.07316661
vn 0.10702276 -0.99153019 0.07358000
vn 0.10794126 -0.93824807 0.32869324
vn -0.00005676 -0.82652792 0.56289572
vn 0.10853545 -0.82157958 0.55966691
vn 0.00021830 -0.65310448 0.75726778
vn 0.21771340 -0.92130404 0.32217968
vn 0.32622712 -0.94262505 0.07094982
vn 0.43824422 -0.88320665 -0.16699706
vn 0.86367016 -0.47864965 -0.15801379
vn 0.84635985 -0.47928512 -0.23229459
vn 0.84813458 -0.52073942 -0.09745867
vn 0.43891044 -0.06802018 -0.89595250
vn 0.84685459 -0.03888183 -0.53040127
vn 0.86293561 -0.10350598 -0.49459948
vn 0.86398338 0.02773901 -0.50275567
vn 0.43915854 -0.16494620 0.88313788
vn 0.86378421 -0.15797614 0.47845624
vn 0.84791418 -0.09619241 0.52133345
vn 0.43893063 -0.04966775 0.89714716
vn 0.86553227 -0.02628243 0.50016309
vn 0.32684206 -0.05223490 0.94363435
vn 0.32669968 -0.17647600 0.92850608
vn 0.43823980 -0.38958828 0.81004127
vn 0.21680325 -0.05478537 0.97467682
vn 0.32721968 0.07047604 0.94231651
vn 0.43896632 0.06573193 0.89609591
vn 0.43886717 0.29677529 0.84812737
vn 0.84763240 0.17484952 0.50094607
vn 0.86448165 0.10270045 0.49206107
vn 0.86412867 0.22685894 0.44924009
vn 0.76146620 0.60230756 -0.23957216
vn 0.16430666 0.11017159 0.98023749
vn 0.86484536 0.47712066 0.15619981
vn -0.56207940 -0.82706214 -0.00591376
vn 0.31645391 0.38729920 0.86594241
vn 1.00000000 0.00000000 0.00000000
vn 1.00000000 0.00000000 0.00000000
vn 1.00000000 0.00000000 0.00000000
vn 1.00000000 0.00000000 0.00000000
vn 1.00000000 0.00000000 0.00000000
vn 1.00000000 0.00000000 0.00000000
vn 1.00000000 0.00000000 0.00000000
vn 1.00000000 0.00000000 0.00000000
vn 0.84774857 0.47839359 0.22904570
vn 1.00000000 0.00000000 0.00000000
vn 1.00000000 0.00000000 0.00000000
vn 0.84667504 -0.50262367 0.17467346
vn 1.00000000 0.00000000 0.00000000
vn 1.00000000 0.00000000 0.00000000
vn 0.85910060 -0.25583311 -0.44327822
vn 1.00000000 0.00000000 0.00000000
vn 1.00000000 0.00000000 0.00000000
vn 1.00000000 0.00000000 0.00000000
vn 1.00000000 0.00000000 0.00000000
vn 1.00000000 0.00000000 0.00000000
vn 1.00000000 0.00000000 0.00000000
vn 0.82114073 0.04826998 -0.56868086
vn 1.00000000 0.00000000 0.00000000
vn 1.00000000 0.00000000 0.00000000
vn 1.00000000 0.00000000 0.00000000
vn 0.96949275 0.21084361 0.12501516
vn 1.00000000 0.00000000 0.00000000
vn 0.97141338 0.20875880 0.11303009
vn 1.00000000 0.00000014 0.00000001
vn 0.83061497 0.05230068 -0.55438561
vn 0.82620522 0.05063350 -0.56108929
vn 1.00000000 0.00000000 0.00000000
vn 1.00000000 0.00000000 0.00000000
vn 1.00000000 0.00000000 0.00000000
vn 1.00000000 0.00000000 0.00000000
vn 1.00000000 0.00000000 0.00000000
vn 1.00000000 0.00000000 0.00000000
vn 0.96365148 -0.13721639 0.22923240
vn 1.00000000 0.00000000 0.00000000
vn 0.82803609 0.05428851 -0.55804031
vn 0.84553190 -0.17770887 -0.50348324
vn 0.84800229 0.22872828 -0.47809569
vn 0.86409972 -0.22667907 -0.44938656
vn 1.00000000 0.00000000 0.00000000
vn 0.88752213 0.07384690 -0.45480887
vn 1.00000000 0.00000000 0.00000000
vn 1.00000000 0.00000000 0.00000000
vn 1.00000000 -0.00000259 0.00000014
vn 1.00000000 0.00000000 0.00000000
vn 0.88554173 0.07143353 -0.45903495
vn 1.00000000 0.00000000 0.00000000
vn 1.00000000 -0.00002063 -0.00009043
vn 0.93598563 0.09159240 -0.33991431
vn 1.00000000 0.00000000 0.00000000
vn 1.00000000 0.00000000 0.00000000
vn 0.92256160 0.08564631 -0.37622440
vn 1.00000000 0.00000000 0.00000000
vn 1.00000000 0.00000000 0.00000000
vn 0.85768787 0.06881787 -0.50954452
vn 1.00000000 0.00000000 0.00000000
vn 1.00000000 0.00000000 0.00000000
vn 0.93423988 0.08966091 -0.34519091
vn 1.00000000 0.00000000 0.00000000
vn 0.94382748 0.20620610 -0.25820289
vn 1.00000000 0.00000000 0.00000000
vn 1.00000000 0.00000000 0.00000000
vn 0.90870108 0.08899070 -0.40785168
vn 1.00000000 0.00000000 0.00000000
vn 0.98148086 0.09843669 0.16433364
vn 1.00000000 0.00000000 0.00000000
vn 0.95443331 0.09940928 0.28138026
vn 1.00000000 0.00000000 0.00000000
vn 0.95891138 0.10011288 0.26545505
vn 1.00000000 0.00000000 0.00000000
vn 0.94373909 0.17332636 -0.28162832
vn 0.94018528 0.17003629 0.29519365
vn 1.00000000 0.00000000 0.00000000
vn 0.97193085 0.21179402 -0.10243884
vn 1.00000000 0.00000000 0.00000000
vn 1.00000000 0.00000000 0.00000000
vn 0.97351178 0.20677675 -0.09756123
vn 1.00000000 0.00000000 0.00000000
vn 0.96366098 0.19876461 -0.17846609
vn 1.00000000 0.00000000 0.00000000
vn 0.94160685 0.19137626 0.27704092
vn 1.00000000 0.00000000 0.00000000
vn 0.94606561 0.20553672 0.25042866
vn 1.00000000 0.00000000 0.00000000
vn 0.95834220 0.22277618 -0.17874843
vn 0.96156404 0.20423620 0.18352705
vn 1.00000000 0.00000000 0.00000000
vn 0.97214880 0.21113145 -0.10173603
vn 1.00000000 0.00000000 0.00000000
vn 0.96186836 0.22165364 0.16024646
vn 1.00000000 0.00000000 0.00000000
vn 0.97351157 0.20853581 -0.09374456
vn 1.00000000 0.00000000 0.00000000
vn 0.97334793 0.20225774 0.10809999
vn 1.00000000 0.00000000 0.00000000
vn 0.97206082 0.21967537 -0.08270726
vn 1.00000000 0.00000000 0.00000000
vn 1.00000000 0.00000000 0.00000000
vn 0.97350813 0.20845674 -0.09395584
vn 1.00000000 0.00000000 0.00000000
vn 1.00000000 0.00000000 0.00000000
vn 0.96972119 0.22460953 0.09587161
vn 1.00000000 0.00000000 0.00000000
vn 1.00000000 0.00000000 0.00000000
vn 0.97786531 0.19720234 0.06993338
vn 1.00000000 0.00000000 0.00000000
vn 0.97603773 0.21025985 -0.05604588
vn 1.00000000 0.00000000 0.00000000
vn 0.97191943 0.21691021 0.09122819
vn 1.00000000 0.00000000 0.00000000
vn 0.97324347 0.22749007 -0.03233290
vn 1.00000000 0.00000000 0.00000000
vn 0.97765220 0.21022209 -0.00168470
vn 1.00000000 0.00000000 0.00000000
vn 0.97499228 0.21338787 0.06209400
vn 1.00000000 0.00000000 0.00000000
vn 0.97901908 0.20316036 -0.01573250
vn 1.00000000 0.00000000 0.00000000
vn 0.97628753 0.20949570 0.05453624
vn 1.00000000 0.00000000 0.00000000
vn 1.00000000 0.00000000 0.00000000
vn 1.00000000 0.00000000 0.00000000
vn 0.97776430 0.20637693 -0.03722280
vn 0.98003393 0.19756749 0.02237364
vn 1.00000000 0.00000000 0.00000000
vn 0.97681258 0.21409620 0.00000000
vn 0.97289683 0.22907497 0.03156613
vn 0.97047060 0.24121883 0.00053853
vn 0.84779178 0.03831952 0.52894301
vn 0.86491491 -0.02919746 0.50106856
vn 0.86442824 -0.02854318 0.50194533
vn 0.84671108 -0.23192586 0.47884313
vn 0.86532690 -0.27339455 0.42007710
vn 0.84693373 0.29984438 0.43908610
vn 0.84816447 -0.34374224 0.40306115
vn 0.86341512 0.27694084 -0.42168483
vn 0.86505765 0.15616551 -0.47674688
vn 0.84653941 0.09944394 -0.52295500
vn 0.84689320 -0.29916493 -0.43962740
vn 0.45095295 -0.34880570 -0.82156924
vn 0.84622462 0.34894870 -0.40266450
vn 0.60009692 0.69777188 0.39114971
vn 0.84147784 0.50057711 0.20331653
vn 0.71594282 0.66900160 0.19965655
vn 0.72050680 0.67925669 0.13957187
vn 0.54768638 0.82437159 0.14300737
vn 0.55471659 0.82749083 0.08688168
vn 0.72380913 0.68094986 0.11138957
vn 0.34334297 0.93511017 0.08766175
vn 0.34025415 0.93719099 0.07681250
vn 0.55317119 0.83231055 0.03550743
vn 0.33819282 0.94107223 0.00294481
vn 0.10698670 0.99323287 0.04519200
vn 0.10699533 0.99322482 -0.04534814
vn 0.10454780 0.99451986 0.00000029
vn 0.34024717 0.93742107 -0.07398377
vn -0.13823032 0.98952029 0.04173695
vn -0.13821758 0.98964912 -0.03860725
vn -0.13597361 0.99070762 0.00309536
vn -0.36831211 0.92888245 0.03903308
vn -0.55351904 0.83214415 0.03395264
vn -0.67757609 0.73313445 0.05834828
vn -0.67091277 0.72821277 0.13993647
vn -0.76199141 0.63786197 0.11180873
vn -0.75442758 0.63210530 0.17686697
vn -0.82086421 0.53525107 0.19921905
vn -0.82037450 0.53111899 0.21189220
vn -0.88037669 0.43219561 0.19530448
vn -0.86436087 0.42465465 0.26934869
vn -0.90556720 0.31742625 0.28140473
vn -0.84974613 0.29931701 0.43398254
vn -0.87510501 0.20019567 0.44058248
vn -0.78911762 0.17990264 0.58730608
vn -0.81141057 0.08698993 0.57796682
vn -0.67887857 0.15571113 0.71754995
vn -0.65089831 0.22727080 0.72434755
vn -0.49076803 0.17449631 0.85363796
vn -0.45514890 0.22591580 0.86127901
vn -0.25284201 0.12648324 0.95920431
vn -0.23233273 0.15018800 0.96097090
vn -0.00622561 0.00385940 0.99997317
vn -0.00494785 0.00292408 0.99998348
vn 0.19652855 -0.16500539 0.96651423
vn 0.17279466 -0.18788580 0.96687172
vn 0.32812671 -0.35657170 0.87475110
vn 0.26317913 -0.39453911 0.88038380
vn 0.36557816 -0.54185205 0.75680180
vn 0.23645129 -0.59939329 0.76473425
vn 0.29430283 -0.73893116 0.60610773
vn 0.10859883 -0.77114781 0.62732555
vn 0.32511826 -0.81881498 0.47311747
vn 0.50070039 -0.73951291 0.44991086
vn 0.55043090 -0.81482865 0.18187932
vn 0.67145046 -0.72095631 0.17139509
vn 0.67003490 -0.72016241 -0.18005370
vn 0.54958999 -0.81342488 -0.19050143
vn 0.36044165 -0.91052358 0.20255524
vn 0.35970951 -0.90865219 -0.21203838
vn 0.13948937 -0.97508546 0.17248494
vn 0.13928185 -0.97361312 -0.18077075
vn -0.10157392 -0.97567891 0.19425087
vn -0.10136993 -0.97383458 -0.20339703
vn -0.33797464 -0.92462447 0.17562098
vn -0.33748797 -0.92316453 -0.18403567
vn -0.55134229 -0.81819945 0.16300720
vn -0.55065497 -0.81704483 -0.17092939
vn -0.30725338 -0.83887915 0.44930738
vn -0.09365877 -0.88422036 0.45758321
vn 0.12609821 -0.87921242 0.45943961
vn -0.30812617 -0.84146555 -0.44384005
vn -0.09268673 -0.88705784 -0.45225828
vn -0.08038657 -0.78080047 -0.61958746
vn 0.12531430 -0.88268871 -0.45294256
vn 0.10864452 -0.77902010 -0.61751442
vn 0.08733494 -0.62254346 -0.77769676
vn 0.23616775 -0.59868566 -0.76537591
vn 0.16219616 -0.40459519 -0.89999730
vn 0.24883955 -0.37326712 -0.89372845
vn 0.14310598 -0.21457307 -0.96616721
vn 0.17638534 -0.19160067 -0.96549334
vn -0.00569402 0.00484921 -0.99997203
vn -0.00735187 0.00434192 -0.99996355
vn -0.21238288 0.17763841 -0.96090484
vn -0.23400916 0.15165772 -0.96033309
vn -0.39955207 0.25894898 -0.87937681
vn -0.43374046 0.21508917 -0.87498906
vn -0.60410794 0.29564578 -0.74003187
vn -0.65023479 0.22703381 -0.72501750
vn -0.77112706 0.26622596 -0.57834833
vn -0.79708480 0.17880343 -0.57678865
vn -0.87855956 0.19891395 -0.43424226
vn -0.89870927 0.08849235 -0.42952387
vn -0.95079564 0.09677824 -0.29431552
vn -0.95514813 -0.01770060 -0.29559894
vn -0.97347764 0.09747757 -0.20697685
vn -0.97068316 -0.01386618 -0.23996234
vn -0.98147730 0.10146345 -0.16250376
vn -0.98665866 -0.01784103 -0.16182207
vn -0.98696734 0.10057403 -0.12561980
vn -0.99215583 -0.01742750 -0.12378645
vn -0.99074657 0.10442756 -0.08669551
vn -0.99633760 -0.01260702 -0.08457219
vn -0.99391958 0.10216793 -0.04105583
vn -0.99949853 -0.01389158 -0.02845556
vn -0.99472410 0.10258642 0.00002129
vn -0.97522881 0.21983787 0.02449644
vn -0.97387619 0.22342145 -0.04059593
vn -0.94236633 0.33458138 -0.00100334
vn -0.94283954 0.32951836 -0.04971174
vn -0.97168499 0.21903470 -0.08861199
vn -0.93861599 0.33208461 -0.09338011
vn -0.96782837 0.22051963 -0.12115830
vn -0.93548420 0.32939537 -0.12793748
vn -0.96106556 0.22088246 -0.16602387
vn -0.92743737 0.33326525 -0.16968851
vn -0.95162800 0.21962342 -0.21487138
vn -0.92517160 0.32739805 -0.19201047
vn -0.94116616 0.20968678 -0.26502400
vn -0.90577297 0.31596113 -0.28238961
vn -0.85307816 0.29932853 -0.42738751
vn -0.81589757 0.39761187 -0.41978085
vn -0.73438652 0.35758725 -0.57689496
vn -0.67608018 0.44392893 -0.58808391
vn -0.55721181 0.36217225 -0.74722571
vn -0.51615753 0.43501530 -0.73779611
vn -0.36565395 0.30773676 -0.87840496
vn -0.31364248 0.34154023 -0.88599022
vn -0.18467491 0.20188764 -0.96184020
vn -0.14949577 0.22499544 -0.96282297
vn -0.00829999 0.01080644 -0.99990716
vn -0.00422121 0.00704320 -0.99996629
vn 0.09355790 -0.23732726 -0.96691400
vn 0.03382614 -0.24492216 -0.96895249
vn 0.06082632 -0.42181219 -0.90464061
vn -0.04505555 -0.43597487 -0.89883030
vn -0.06646539 -0.62268083 -0.77964796
vn -0.14842348 -0.40589656 -0.90178626
vn -0.08454303 -0.23170978 -0.96910425
vn -0.14255045 -0.21297691 -0.96660240
vn 0.00610846 0.00617516 -0.99996228
vn 0.00989175 0.00743852 -0.99992341
vn 0.19572839 0.18243795 -0.96353868
vn 0.24503204 0.14479415 -0.95864172
vn 0.40703964 0.24000516 -0.88131507
vn 0.45587503 0.15321416 -0.87675731
vn 0.64109013 0.21664854 -0.73625190
vn 0.26582854 0.08961571 -0.95984593
vn 0.86234045 0.50591571 0.02045108
vn 0.85889882 0.51008990 0.04583777
vn 0.72990150 0.68355234 0.00000069
vn 0.86073617 0.50837492 -0.02623322
vn 0.72763653 0.68357796 -0.05715115
vn 0.85926147 0.50814065 -0.05884559
vn 0.72764513 0.68358531 0.05695343
vn 0.85876490 0.50938088 0.05526278
vn 0.85217809 0.50268637 0.14525468
vn 0.55523705 0.83169214 0.00000000
vn 0.55316150 0.83231194 -0.03562571
vn 0.72340646 0.68058433 -0.11613811
vn 0.85144932 0.50274416 -0.14927279
vn 0.72006853 0.67882041 -0.14388937
vn 0.84136381 0.50092463 -0.20293217
vn 0.71603574 0.66909824 -0.19899839
vn 0.54728871 0.82389365 -0.14722205
vn 0.54666701 0.81761821 -0.18070874
vn 0.55454709 0.82710914 -0.09147672
vn 0.34334847 0.93469599 -0.09195233
vn 0.33584505 0.93294357 -0.12970890
vn 0.10070555 0.99114138 -0.08658608
vn -0.13693724 0.98731104 -0.08040590
vn -0.37075209 0.92422804 -0.09135329
vn -0.36349041 0.92221493 -0.13188760
vn -0.54433735 0.82552992 -0.14898724
vn -0.55172091 0.82919156 -0.08969608
vn -0.54578109 0.81828474 -0.18036929
vn -0.66271904 0.72009525 -0.20558770
vn -0.66157024 0.72339228 -0.19755614
vn -0.53745508 0.81056161 -0.23266268
vn -0.75127084 0.63696633 -0.17281786
vn -0.75764306 0.64155290 -0.11994526
vn -0.76308176 0.63681180 -0.11034927
vn -0.83355532 0.54923183 -0.05941314
vn -0.83035494 0.53796623 -0.14526875
vn -0.89523943 0.43590968 -0.09235322
vn -0.89035156 0.43123115 -0.14599241
vn -0.89745254 0.43840155 -0.04881614
vn -0.83689120 0.54659997 -0.02901030
vn -0.76482105 0.64160002 -0.05829392
vn -0.67359659 0.73659780 -0.06075617
vn -0.67191192 0.72570264 -0.14795288
vn -0.55351279 0.83214347 -0.03407108
vn -0.36830351 0.92888032 -0.03916464
vn -0.37072980 0.92874077 0.00000000
vn -0.55542357 0.83156759 0.00000000
vn -0.67508808 0.73720503 -0.02801473
vn -0.67452982 0.73824760 0.00000000
vn -0.67707464 0.73530144 0.03002850
vn -0.76396272 0.64525651 0.00223626
vn -0.76182731 0.64551882 0.05407962
vn -0.75619138 0.64510147 0.10962976
vn -0.83844075 0.54206436 0.05642113
vn -0.82898997 0.54062612 0.14317482
vn -0.89036922 0.43287270 0.14093929
vn -0.89434611 0.43914820 0.08540427
vn -0.88284283 0.43215511 0.18393072
vn -0.92850522 0.33185737 0.16657956
vn -0.92123743 0.33028202 0.20551250
vn -0.96097495 0.22071914 0.16676393
vn -0.95111487 0.21597804 0.22075777
vn -0.94008245 0.21351687 0.26581109
vn -0.97129041 0.10193617 0.21495104
vn -0.94973757 0.09290038 0.29894493
vn -0.89756325 0.09067839 0.43145990
vn -0.91027763 -0.01101708 0.41385173
vn -0.81928707 -0.01246568 0.57324804
vn -0.79748557 -0.09975243 0.59503463
vn -0.68019744 -0.09183880 0.72725311
vn -0.65081202 -0.16417532 0.74127605
vn -0.49597135 -0.12747933 0.85893041
vn -0.48004225 -0.15172883 0.86402419
vn -0.64361375 -0.20469735 0.73746887
vn -0.26476612 -0.08521481 0.96054013
vn -0.25666355 0.62978720 0.73313840
vn -0.18845470 0.89065102 0.41379414
vn -0.00458274 -0.00182106 0.99998784
vn -0.27598606 -0.07136727 0.95850843
vn -0.00488776 -0.00081694 0.99998772
vn -0.27662974 -0.03377919 0.96038271
vn -0.51366756 -0.06892052 0.85521670
vn -0.50646923 -0.00569383 0.86223924
vn -0.68085759 -0.00743377 0.73237810
vn -0.69052757 0.07151377 0.71976208
vn -0.50224743 0.04944427 0.86330920
vn -0.49907902 0.11188585 0.85930303
vn -0.27082132 0.05912146 0.96081240
vn -0.26400236 0.09156608 0.96016582
vn -0.00109546 -0.00088522 0.99999901
vn -0.00945333 0.00485828 0.99994351
vn 0.24363736 -0.12102781 0.96228536
vn 0.22511193 -0.14763303 0.96308313
vn 0.41791475 -0.27630655 0.86544899
vn 0.37486182 -0.31620177 0.87149014
vn 0.50956974 -0.43560119 0.74201771
vn 0.44874220 -0.48447735 0.75094083
vn 0.54135817 -0.58324928 0.60560020
vn 0.44544077 -0.65775836 0.60740139
vn 0.61377185 -0.65803733 0.43620063
vn 0.68121008 -0.58204612 0.44404407
vn 0.75096016 -0.63796167 0.17048091
vn 0.82577256 -0.53873571 0.16692368
vn 0.82490344 -0.53773981 -0.17427054
vn 0.75035450 -0.63637833 -0.17885958
vn 0.68603790 -0.58009956 -0.43913152
vn 0.75850390 -0.49284095 -0.42635624
vn 0.68341723 -0.43859548 -0.58358794
vn 0.73157688 -0.35613174 -0.58134796
vn 0.59723000 -0.28929214 -0.74808181
vn 0.63256718 -0.22375500 -0.74147992
vn 0.45019673 -0.15823093 -0.87879797
vn 0.46434613 -0.10293462 -0.87965171
vn 0.27778945 -0.06291780 -0.95857935
vn 0.27395796 -0.02760465 -0.96134542
vn -0.01261261 0.00173417 -0.99991895
vn 0.27535518 0.00384880 -0.96133486
vn 0.49026961 0.00660659 -0.87154579
vn 0.47878366 0.06482236 -0.87553656
vn 0.67450276 0.09105964 -0.73263508
vn 0.65960313 0.16781877 -0.73263945
vn 0.79660332 0.19912842 -0.57076355
vn 0.40068750 0.12587621 -0.90752670
vn -0.79116627 -0.19960394 -0.57811262
vn -0.39828299 -0.12949611 -0.90807567
vn 0.64559466 0.20207365 -0.73646030
vn 0.45787222 0.11431851 -0.88163729
vn 0.45671411 0.14437935 -0.87781936
vn 0.26187029 0.06538052 -0.96288594
vn 0.27393446 0.03629623 -0.96106321
vn -0.00044113 0.00162258 -0.99999859
vn -0.01300542 -0.00084677 -0.99991507
vn -0.28637392 -0.00376570 -0.95811054
vn -0.28526821 0.03026046 -0.95796991
vn -0.47812770 0.04700138 -0.87703180
vn -0.27257519 0.05982787 -0.96027256
vn -0.00630445 0.00124771 -0.99997935
vn -0.00168114 -0.00130676 -0.99999773
vn 0.26299499 -0.09193747 -0.96040675
vn 0.24701614 -0.12212099 -0.96128533
vn 0.42502795 -0.21127179 -0.88017923
vn 0.39618108 -0.26199941 -0.87999822
vn 0.56240353 -0.36846340 -0.74022766
vn 0.50899751 -0.43511719 -0.74269413
vn 0.61452080 -0.52447654 -0.58931193
vn 0.54578579 -0.59148583 -0.59351696
vn 0.61241801 -0.66136949 -0.43305263
vn 0.44988385 -0.66424024 -0.59698360
vn 0.44823011 -0.48392207 -0.75160442
vn 0.36514972 -0.54122145 -0.75745959
vn 0.29722308 -0.74620489 -0.59568171
vn 0.50199993 -0.74163517 -0.44494195
vn 0.32595028 -0.82103790 -0.46867173
vn 0.31125689 -0.33845441 -0.88801338
vn 0.35549612 -0.30012132 -0.88518343
vn 0.20108199 -0.16857112 -0.96496104
vn 0.22813991 -0.14931283 -0.96211115
vn -0.00920573 0.00570827 -0.99994133
vn -0.01397598 0.00719260 -0.99987646
vn -0.25428769 0.12739023 -0.95870199
vn -0.26446885 0.09147784 -0.96004585
vn -0.46828850 0.16652101 -0.86774226
vn -0.47591894 0.10682001 -0.87297803
vn -0.67820225 0.15555521 -0.71822301
vn -0.68984927 0.07144570 -0.72041898
vn -0.82123091 0.08533279 -0.56417915
vn -0.68015794 -0.00742452 -0.73302801
vn -0.48206352 -0.00540347 -0.87611961
vn -0.49011610 -0.06589555 -0.86916281
vn -0.27675117 -0.03380228 -0.96034691
vn -0.27660977 -0.07135865 -0.95832926
vn -0.00726034 -0.00121349 -0.99997291
vn -0.00674470 -0.00286626 -0.99997315
vn 0.26207189 0.08401006 -0.96138475
vn 0.09084354 0.40299174 -0.91068387
vn -0.26842578 -0.08535863 -0.95951108
vn -0.45744422 -0.14494085 -0.87734653
vn -0.47233722 -0.12120463 -0.87304467
vn -0.65012706 -0.16399997 -0.74191564
vn -0.64203776 -0.20638882 -0.73837061
vn -0.67950057 -0.09174241 -0.72791641
vn -0.80410489 -0.10721882 -0.58473878
vn -0.82653986 -0.00511385 -0.56285496
vn -0.90386592 -0.11316521 -0.41257730
vn -0.87647413 -0.22664807 -0.42476316
vn -0.93319763 -0.23708886 -0.27005750
vn -0.54437737 0.76734725 -0.33886792
vn -0.60126640 -0.79871995 -0.02291649
vn -0.94814174 -0.23678708 -0.21203566
vn -0.97042441 -0.12929534 -0.20386070
vn -0.95337805 -0.11798061 -0.27776045
vn -0.97747333 -0.12712570 -0.16847830
vn -0.95001372 -0.23521727 -0.20529677
vn -0.97848048 -0.12152947 -0.16675295
vn -0.96246112 -0.24260681 -0.12169855
vn -0.98881763 -0.12667282 -0.07870003
vn -0.96618548 -0.24273461 -0.08697999
vn -0.99151731 -0.12544294 -0.03402184
vn -0.96818362 -0.24470335 -0.05235214
vn -0.99155065 -0.12689315 0.02693405
vn -0.96937517 -0.24557008 0.00266853
vn -0.99072266 -0.12600522 0.05090477
vn -0.96824216 -0.24557987 0.04687910
vn -0.98896730 -0.12589275 0.07806847
vn -0.96564122 -0.24391445 0.08968148
vn -0.97920377 -0.12979922 0.15592352
vn -0.96386103 -0.23921493 0.11725242
vn -0.97731586 -0.12428272 0.17148619
vn -0.95629029 -0.23928844 0.16807713
vn -0.96934442 -0.11959284 0.21463680
vn -0.94544632 -0.23518393 0.22543241
vn -0.95137858 -0.12375799 0.28206870
vn -0.92255366 -0.23108439 0.30902226
vn -0.87645123 -0.22701749 0.42461311
vn -0.78381592 -0.25089401 -0.56805352
vn -0.75075881 0.54879233 0.36767946
vn 0.55026006 0.17812821 0.81577215
vn 0.87609488 0.21463131 0.43173043
vn -0.79931572 0.52807576 0.28675839
vn -0.70702138 0.54083700 0.45564910
vn -0.67038589 0.58175761 0.46058749
vn -0.66481135 0.56755728 0.48570011
vn -0.76524147 -0.24384547 0.59577250
vn -0.57857875 0.60433084 0.54775073
vn -0.50406633 0.53020479 0.68176243
vn -0.45854326 0.67630983 0.57649206
vn -0.39216363 0.61295513 0.68592543
vn -0.78172702 -0.20221545 0.58992523
vn -0.90106562 -0.11398347 0.41843579
vn -0.80517846 0.51485833 0.29429330
vn -0.81831921 0.53679459 0.20543915
vn -0.84415212 0.51725359 0.14091104
vn -0.84481789 0.51645886 0.13983193
vn -0.84479598 0.51636417 0.14031319
vn -0.81643685 0.54816846 0.18149989
vn -0.86069676 -0.50816005 0.03121620
vn -0.56680849 -0.79693978 0.20884233
vn -0.95524488 -0.01447136 0.29546201
vn -0.96783623 -0.02089369 0.25071194
vn -0.98656563 -0.01698916 0.16247962
vn -0.98129428 0.10184871 0.16336580
vn -0.99271044 -0.01330801 0.11978679
vn -0.98729005 0.10016418 0.12339160
vn -0.99725185 -0.01235313 0.07304894
vn -0.99111924 0.10408970 0.08275260
vn -0.99824922 -0.01372016 0.05753481
vn -0.99383580 0.10280329 0.04149568
vn -0.99969737 -0.01271511 0.02105925
vn -0.97274806 0.22321990 0.06272224
vn -0.97204003 0.21931493 0.08389954
vn -0.93929585 0.33221832 0.08575722
vn -0.94255553 0.32950182 0.05493295
vn -0.89652112 0.43863872 0.06201581
vn -0.89567469 0.44460295 0.00974996
vn -0.83911836 0.54354644 0.02091977
vn -0.83831053 0.54324892 0.04600081
vn -0.93627995 0.32719736 0.12775658
vn -0.96823551 0.22221131 0.11463915
vn -0.81682952 0.57398341 0.05772851
vn -0.48940729 -0.15591118 -0.85800479
vn 0.83167651 0.26971238 0.48535494
vn 0.88098206 0.21637672 -0.42077515
vn -0.91311256 -0.00727524 -0.40764265
vn -0.72095699 0.16868339 -0.67213610
vn 0.80135898 0.10699567 -0.58853692
vn 0.90367582 0.11063176 -0.41367938
vn 0.90274225 0.01008242 -0.43006368
vn 0.98486222 0.00441948 -0.17328267
vn 0.89940631 -0.09389296 -0.42691029
vn 0.97969190 -0.09774192 -0.17507224
vn 0.98124954 -0.10068531 0.16435269
vn 0.98567702 -0.00018611 0.16864393
vn 0.98003321 0.12920991 0.15112814
vn 0.98003381 0.11897050 -0.15931024
vn 0.95500374 0.24177403 0.17179400
vn 0.95124643 0.24692937 -0.18481372
vn 0.67390711 0.21542390 0.70671193
vn 0.93753783 0.30177550 -0.17307332
vn 0.89880952 0.11562787 0.42281396
vn 0.90170821 0.00701882 0.43228815
vn 0.80409204 0.01231083 0.59437735
vn 0.79803118 -0.08338538 0.59681917
vn 0.68139786 -0.07636279 0.72791874
vn 0.78839185 -0.18180956 0.58769344
vn 0.89522589 -0.09592957 0.43516448
vn 0.88306104 -0.19673742 0.42602534
vn 0.75974217 -0.27066280 0.59121357
vn 0.66133393 -0.14983982 0.73497310
vn 0.63327214 -0.22400376 0.74080275
vn 0.49053600 -0.10891604 0.86458761
vn 0.51033417 -0.05237127 0.85838003
vn 0.26967420 -0.02697855 0.96257362
vn 0.51601674 0.00690124 0.85655070
vn 0.68550029 0.00854231 0.72802224
vn 0.67524876 0.09116229 0.73193480
vn 0.79558169 0.10247149 0.59711755
vn 0.78971392 0.20144295 0.57945894
vn 0.66032001 0.16799776 0.73195234
vn 0.76635065 0.24124968 0.59540345
vn 0.64582384 0.20258001 0.73612017
vn 0.48235419 0.12031153 0.86767481
vn 0.50422610 0.06811848 0.86088089
vn 0.26796154 0.03550850 0.96277503
vn 0.27105653 0.00384146 0.96255576
vn -0.00879825 -0.00056669 0.99996113
vn -0.00852870 0.00116935 0.99996295
vn -0.28354643 0.02996935 0.95849009
vn -0.00424532 0.00083983 0.99999064
vn 0.27354142 -0.06205566 0.95985634
vn 0.25726848 -0.08983132 0.96215553
vn 0.47459587 -0.16663272 0.86428716
vn 0.44860535 -0.22301991 0.86545674
vn 0.59790681 -0.28962238 0.74741308
vn 0.56302546 -0.36887067 0.73955173
vn 0.67796046 -0.43577809 0.59200259
vn 0.60552997 -0.52151228 0.60113093
vn 0.75518176 -0.49169973 0.43351112
vn 0.81882126 -0.39556561 0.41600431
vn 0.88522650 -0.43594474 0.16225357
vn 0.93210196 -0.32753887 0.15460990
vn 0.93055467 -0.32898875 -0.16073088
vn 0.88489009 -0.43437239 -0.16819680
vn 0.85866913 -0.30142523 -0.41452400
vn 0.88629653 -0.19771078 -0.41879459
vn 0.79674013 -0.18165695 -0.57637307
vn 0.80519484 -0.08414526 -0.58701008
vn 0.68065071 -0.07627657 -0.72862644
vn 0.81178081 0.01138714 -0.58385122
vn 0.68474917 0.00853300 -0.72872886
vn 0.48490971 -0.04996924 -0.87313553
vn 0.66061543 -0.14968475 -0.73565055
vn 0.76888709 -0.27317431 -0.57809033
vn 0.96440162 -0.20820721 -0.16303153
vn 0.96660311 -0.20570370 0.15285422
vn 0.85843428 -0.30006116 0.41599746
vn 0.81852774 -0.39910808 -0.41318891
vn 0.72661112 -0.34929151 0.59163479
vn -0.28421540 -0.00338220 0.95875449
vn -0.00025708 0.00109116 0.99999937
vn 0.25618297 0.06406495 0.96450297
vn 0.26055387 0.08340854 0.96184962
vn 0.48048041 0.15144129 0.86383107
vn -0.82289020 0.53108974 -0.20197874
vn -0.88286847 0.43224339 -0.18359988
vn -0.82150112 0.53253703 -0.20381420
vn -0.74672942 0.62431359 -0.22940731
vn -0.73294594 0.61663708 -0.28731336
vn -0.64510876 0.70585635 -0.29257735
vn -0.60265672 0.66336757 -0.44356323
vn -0.51620230 0.79167041 -0.32679221
vn -0.35635507 0.89883957 -0.25514405
vn -0.36335072 0.90921041 -0.20325524
vn -0.13929527 0.96843576 -0.20670994
vn -0.13676708 0.97711621 -0.16290698
vn 0.10337484 0.98711679 -0.12212325
vn 0.34109696 0.92481220 -0.16844959
vn 0.10127991 0.97451670 -0.20014892
vn 0.54171682 0.80786336 -0.23216306
vn 0.71052633 0.66555056 -0.22846176
vn 0.69379101 0.65255502 -0.30467358
vn 0.83853441 0.49743633 -0.22229967
vn 0.82461597 0.48759705 -0.28680590
vn 0.77633365 0.46139466 -0.42944269
vn 0.77486262 0.26236171 -0.57511239
vn 0.69580050 0.41294174 -0.58765703
vn 0.66015647 0.61875005 -0.42584246
vn 0.59356504 0.55409260 -0.58366252
vn 0.50035071 0.74505493 -0.44106951
vn 0.52387970 0.78653751 -0.32696911
vn 0.32273203 0.88941371 -0.32370864
vn 0.33360415 0.91695048 -0.21888374
vn 0.10242561 0.96406522 -0.24512700
vn -0.13594455 0.94629549 -0.29333243
vn -0.13300492 0.96054579 -0.24425699
vn -0.35190210 0.88504690 -0.30472430
vn -0.33377860 0.83476192 -0.43790911
vn -0.49332077 0.74854932 -0.44306719
vn -0.44564867 0.67195447 -0.59150187
vn -0.54390828 0.59482565 -0.59190052
vn -0.36385005 0.55150015 -0.75064021
vn -0.24125214 0.60409081 -0.75952071
vn -0.17229083 0.43122804 -0.88564002
vn -0.06368070 0.43560376 -0.89788314
vn -0.03584571 0.25633099 -0.96592417
vn 0.02652850 0.25297194 -0.96710984
vn 0.00080621 0.00815485 -0.99996642
vn 0.09050052 0.24746717 -0.96466038
vn 0.15541820 0.42212603 -0.89311522
vn 0.25349596 0.37704285 -0.89083022
vn 0.35701021 0.53916721 -0.76278597
vn 0.47299087 0.44405692 -0.76098166
vn 0.44468862 0.66639060 -0.59847774
vn 0.21873543 0.60107756 -0.76867456
vn 0.26810493 0.74151392 -0.61504216
vn 0.30475396 0.83172780 -0.46406237
vn 0.09698620 0.88934253 -0.44683726
vn 0.09525163 0.94353785 -0.31727504
vn -0.12500070 0.88609738 -0.44632528
vn 0.08524709 0.78757353 -0.61029572
vn -0.11009000 0.78300146 -0.61220005
vn -0.29532843 0.73618933 -0.60893874
vn -0.08988864 0.63661926 -0.76592163
vn 0.06575968 0.63332762 -0.77108481
vn 0.04897935 0.45051757 -0.89142299
vn 0.34068730 0.31540134 -0.88569417
vn 0.14774266 0.22085860 -0.96405061
vn 0.56814168 0.33457861 -0.75184586
vn 0.00639219 0.01684220 -0.99983773
vn -0.02577562 -0.24505105 -0.96916748
vn -0.00246947 0.01396299 -0.99989946
vn -0.09667851 0.24100381 -0.96569686
vn -0.25632280 0.38204113 -0.88788693
vn -0.45162313 0.49047177 -0.74530128
vn -0.61795962 0.52365328 -0.58644109
vn -0.68654344 0.58054359 -0.43775249
vn -0.75666092 0.49562376 -0.42640513
vn -0.80520547 0.53115140 -0.26367090
vn -0.86415957 0.42543479 -0.26876286
vn -0.88093396 0.43566693 -0.18479634
vn 0.01157263 0.00517739 -0.99991963
vn -0.19096538 -0.18000371 -0.96495124
vn -0.24457424 -0.36745757 -0.89730618
vn -0.21376010 -0.58660357 -0.78115483
vn 0.43943680 0.38942938 -0.80946900
vn 0.43953062 0.16591061 -0.88277206
vn 0.32824705 0.17457220 -0.92832022
vn 0.32901633 -0.07094926 -0.94165517
vn 0.43902489 -0.29686195 -0.84801540
vn -0.57553109 -0.53837934 0.61555799
vn -0.68131754 -0.40261455 0.61131656
vn -0.57555383 -0.33924268 0.74407808
vn -0.77053837 -0.26100152 -0.58150565
vn 0.21755732 0.92093970 -0.32332472
vn 0.10988415 0.82010636 -0.56156125
vn 0.00069403 0.65181201 -0.75838026
vn -0.00035691 -0.90098547 -0.43384912
vn 0.10816118 -0.75327965 -0.64874566
vn -0.00014268 -0.75877108 -0.65135737
vn 0.00015017 -0.56226756 -0.82695536
vn -0.86393385 0.36935536 0.34233743
vn -0.95555003 0.15422465 0.25127455
vn -0.99996770 0.00514845 0.00617234
vn -0.65973196 0.22536869 0.71691192
vn -0.32822886 0.14768078 0.93298242
vn -0.00002760 -0.05769988 0.99833397
vn 0.00000000 -0.18460746 0.98281234
vn -0.00000000 0.45155858 0.89224147
vn 0.00000000 0.32771673 0.94477603
vn 0.00000000 0.56216133 0.82702759
vn -0.00002019 0.20393444 0.97898455
vn 0.00000000 0.07951760 0.99683346
vn -0.00002151 -0.74548321 0.66652440
vn 0.00000000 -0.82704494 0.56213580
vn -0.75951833 -0.54759033 0.35110787
vn -0.47338040 -0.41466748 0.77714984
vn -0.63444162 -0.52683494 0.56562247
vn -0.92973541 -0.25276869 0.26776867
vn -0.61525442 -0.59970167 0.51168340
vn -0.98727558 -0.12871474 0.09337799
vn -0.91651801 -0.31110731 0.25140999
vn -0.67845904 0.57049632 -0.46284693
vn -0.96933892 -0.19622026 0.14791780
vn -0.98062568 0.13352067 -0.14333706
vn -0.83722782 -0.48936966 0.24406333
vn -0.94948103 0.22839636 -0.21522286
vn 0.01772125 -0.64062856 -0.76764641
vn -0.98193444 -0.16359440 0.09508749
vn -0.96470393 -0.25118140 0.07908374
vn -0.99989012 0.01423539 -0.00413476
vn -0.99069781 -0.13605254 0.00274909
vn -0.97439917 0.22466163 -0.00856800
vn -0.99995420 0.00856715 0.00426713
vn -0.95187943 -0.29848357 -0.06952058
vn -0.93050037 -0.32426875 -0.17034918
vn -0.69104306 -0.70395438 -0.16403573
vn -0.63996967 -0.67669021 -0.36404559
vn -0.00002049 -0.83444695 -0.55108828
vn 0.00000000 -0.75572876 -0.65488475
vn -0.08593217 -0.70759203 0.70137663
vn -0.11860278 -0.65918614 0.74256785
vn -0.23050071 -0.83863406 0.49352034
vn -0.36616991 -0.71283634 0.59815044
vn -0.28133177 -0.75019352 0.59838292
vn -0.33157246 -0.81847939 0.46920272
vn -0.15072939 -0.75241499 0.64121161
vn -0.36189062 -0.75247774 0.55028396
vn -0.43981959 -0.79064005 0.42596600
vn -0.28531574 -0.78402195 0.55127535
vn -0.10086672 -0.99489729 0.00229994
vn -0.50637484 -0.79251784 0.33985290
vn -0.37045541 -0.81440550 0.44666148
vn -0.82777708 0.18362061 0.53015901
vn -0.55398795 -0.79964975 0.23164118
vn -0.44318189 -0.83629606 0.32279825
vn -0.60264745 -0.76807967 0.21649405
vn -0.56930681 -0.82068796 0.04859047
vn -0.00003888 -0.99833516 -0.05767940
vn -0.61792782 -0.78537234 -0.03681712
vn -0.54165084 -0.83045507 0.13022572
vn -0.62307059 -0.77959119 -0.06340831
vn -0.60659384 -0.79251759 0.06292681
vn -0.00010852 -0.99719995 0.07478139
vn -0.00011846 -0.97869918 0.20529954
vn -0.62071501 -0.77047734 0.14518106
vn -0.58899909 -0.80622788 0.05546776
vn -0.54366147 -0.82810483 -0.13665504
vn -0.60668815 -0.79029925 -0.08577048
vn -0.58649515 -0.80013832 -0.12570641
vn -0.44002555 -0.83947550 -0.31883915
vn -0.27465154 -0.95965250 -0.06027951
vn -0.51535673 -0.82526209 -0.23097602
vn -0.52081695 -0.79461611 -0.31198549
vn -0.38055165 -0.81404940 -0.43875280
vn -0.28388814 -0.78278203 -0.55376875
vn -0.45129620 -0.82236290 -0.34648375
vn -0.14001689 -0.74339998 -0.65402732
vn -0.44516609 -0.77476807 -0.44895610
vn -0.25194110 -0.87248580 -0.41868151
vn -0.28958723 -0.81245563 -0.50601886
vn -0.24561762 -0.75333340 -0.61004981
vn -0.00000881 -0.89232938 0.45138485
vn 0.00000000 -0.94268363 0.33368785
vn -0.43935521 -0.85842230 0.26472279
vn -0.52165647 -0.77405689 0.35876239
vn 0.28743141 -0.95737643 0.02852299
vn -0.48844195 -0.06878687 0.86988093
vn -0.17400877 -0.66925384 0.72237126
vn -0.48913581 -0.05386441 0.87054281
vn -0.50545392 -0.59080116 0.62886431
vn 0.76319874 -0.61895861 -0.18552068
vn -0.51300397 -0.85716175 -0.04583290
vn -0.21692401 -0.97361569 -0.07082694
vn 0.39884415 -0.77545683 -0.48947937
vn -0.84696190 -0.50723134 0.15928561
vn -0.88218334 -0.47068349 0.01447781
vn -0.43098067 -0.90132725 0.04318381
vn -0.00000180 -0.95075889 -0.30993151
vn 0.00000000 -0.90160495 -0.43256041
vn 0.00436633 -0.98764005 -0.15667822
vn -0.11186751 -0.84309189 0.52600544
vn 0.00000000 -0.98787428 -0.15525594
vn -0.00005904 -0.98248728 -0.18632968
vn 0.00204723 -0.86221183 -0.50654374
vn -0.11699180 -0.78946428 -0.60254383
vn -0.91474463 -0.19028644 0.35641736
vn 0.54736306 -0.63243110 0.54811001
vn -0.44027360 -0.20361550 0.87447120
vn 0.00000345 -0.55107443 0.83445609
vn 0.00000000 -0.65274996 0.75757342
vn 0.00000000 -0.43536335 0.90025483
vn 0.00000895 -0.30821721 0.95131601
f 1//1 2//2 3//3
f 4//4 1//1 3//3
f 5//5 4//4 3//3
f 3//3 6//6 5//5
f 6//6 3//3 7//7
f 6//6 8//8 5//5
f 8//8 6//6 7//7
f 9//9 5//5 8//8
f 10//10 9//9 8//8
f 8//8 11//11 10//10
f 11//11 8//8 12//12
f 12//12 13//13 14//14
f 14//14 11//11 12//12
f 14//14 15//15 16//16
f 16//16 10//10 14//14
f 15//15 14//14 13//13
f 11//11 14//14 10//10
f 17//17 18//18 19//19
f 1//1 20//20 2//2
f 1//1 4//4 21//21
f 22//22 23//23 24//24
f 25//25 26//26 16//16
f 16//16 27//27 28//28
f 9//9 10//10 29//29
f 30//30 31//31 32//32
f 33//33 34//34 35//35
f 36//36 37//37 38//38
f 39//39 40//40 41//41
f 42//42 43//43 44//44
f 45//45 46//46 47//47
f 48//48 49//49 50//50
f 49//49 51//51 52//52
f 53//53 54//54 55//55
f 56//56 57//57 58//58
f 59//59 60//60 48//48
f 61//61 62//62 57//57
f 63//63 64//64 65//65
f 66//66 67//67 68//68
f 69//69 70//70 42//42
f 71//71 72//72 73//73
f 65//65 74//74 63//63
f 38//38 22//22 75//75
f 76//76 77//77 78//78
f 79//79 80//80 81//81
f 76//76 78//78 80//80
f 81//81 82//82 83//83
f 81//81 83//83 79//79
f 84//84 85//85 86//86
f 87//87 88//88 89//89
f 90//90 91//91 87//87
f 92//92 93//93 94//94
f 95//95 59//59 96//96
f 88//88 97//97 95//95
f 98//98 99//99 62//62
f 100//100 101//101 102//102
f 103//103 104//104 100//100
f 105//105 36//36 106//106
f 107//107 108//108 109//109
f 110//110 111//111 112//112
f 113//113 107//107 114//114
f 101//101 115//115 113//113
f 116//116 117//117 118//118
f 119//119 120//120 121//121
f 121//121 53//53 122//122
f 24//24 119//119 123//123
f 72//72 71//71 124//124
f 109//109 125//125 126//126
f 127//127 128//128 129//129
f 16//16 28//28 25//25
f 130//130 47//47 46//46
f 55//55 69//69 131//131
f 132//132 133//133 134//134
f 135//135 136//136 137//137
f 138//138 124//124 71//71
f 125//125 139//139 105//105
f 140//140 141//141 142//142
f 67//67 142//142 143//143
f 144//144 145//145 146//146
f 147//147 39//39 148//148
f 103//103 149//149 141//141
f 150//150 135//135 151//151
f 152//152 118//118 117//117
f 153//153 138//138 154//154
f 118//118 152//152 155//155
f 46//46 45//45 156//156
f 148//148 157//157 147//147
f 158//158 86//86 85//85
f 41//41 159//159 84//84
f 85//85 92//92 158//158
f 160//160 161//161 162//162
f 163//163 110//110 164//164
f 165//165 166//166 167//167
f 168//168 169//169 163//163
f 166//166 170//170 168//168
f 169//169 168//168 170//170
f 171//171 172//172 173//173
f 174//174 173//173 172//172
f 173//173 175//175 171//171
f 176//176 177//177 178//178
f 179//179 180//180 181//181
f 178//178 179//179 182//182
f 183//183 176//176 184//184
f 185//185 186//186 187//187
f 186//186 185//185 180//180
f 176//176 183//183 177//177
f 167//167 188//188 165//165
f 185//185 187//187 189//189
f 189//189 165//165 188//188
f 190//190 191//191 192//192
f 193//193 137//137 136//136
f 194//194 146//146 145//145
f 195//195 196//196 197//197
f 198//198 195//195 199//199
f 150//150 151//151 35//35
f 200//200 201//201 202//202
f 197//197 203//203 204//204
f 203//203 197//197 196//196
f 197//197 204//204 34//34
f 205//205 201//201 200//200
f 206//206 199//199 207//207
f 35//35 34//34 150//150
f 145//145 144//144 208//208
f 206//206 209//209 201//201
f 202//202 201//201 209//209
f 210//210 211//211 212//212
f 211//211 210//210 205//205
f 213//213 212//212 211//211
f 214//214 213//213 211//211
f 215//215 216//216 217//217
f 111//111 218//218 215//215
f 216//216 215//215 218//218
f 112//112 164//164 110//110
f 217//217 134//134 133//133
f 134//134 194//194 132//132
f 208//208 219//219 220//220
f 221//221 220//220 219//219
f 219//219 214//214 221//221
f 222//222 223//223 224//224
f 225//225 226//226 227//227
f 227//227 228//228 225//225
f 229//229 230//230 231//231
f 231//231 232//232 233//233
f 234//234 235//235 232//232
f 233//233 232//232 236//236
f 236//236 232//232 237//237
f 237//237 232//232 235//235
f 234//234 232//232 238//238
f 238//238 239//239 234//234
f 239//239 240//240 241//241
f 242//242 223//223 222//222
f 243//243 244//244 242//242
f 245//245 94//94 93//93
f 246//246 247//247 243//243
f 248//248 246//246 240//240
f 226//226 249//249 250//250
f 251//251 224//224 223//223
f 223//223 252//252 251//251
f 223//223 253//253 252//252
f 254//254 243//243 247//247
f 243//243 254//254 244//244
f 255//255 256//256 257//257
f 255//255 258//258 256//256
f 259//259 260//260 56//56
f 261//261 262//262 263//263
f 263//263 264//264 261//261
f 43//43 265//265 266//266
f 257//257 261//261 264//264
f 258//258 255//255 253//253
f 229//229 250//250 249//249
f 267//267 225//225 228//228
f 250//250 229//229 231//231
f 94//94 245//245 267//267
f 268//268 192//192 191//191
f 191//191 116//116 268//268
f 137//137 193//193 190//190
f 179//179 181//181 269//269
f 269//269 182//182 179//179
f 175//175 184//184 176//176
f 270//270 271//271 174//174
f 272//272 273//273 270//270
f 271//271 270//270 273//273
f 161//161 274//274 275//275
f 18//18 272//272 276//276
f 275//275 162//162 161//161
f 277//277 278//278 17//17
f 276//276 19//19 18//18
f 274//274 279//279 277//277
f 278//278 277//277 279//279
f 262//262 280//280 281//281
f 266//266 259//259 282//282
f 159//159 41//41 40//40
f 156//156 147//147 157//157
f 283//283 130//130 284//284
f 284//284 285//285 283//283
f 286//286 283//283 285//285
f 287//287 288//288 286//286
f 154//154 289//289 153//153
f 155//155 153//153 289//289
f 66//66 290//290 128//128
f 288//288 287//287 291//291
f 82//82 291//291 287//287
f 77//77 76//76 31//31
f 30//30 32//32 292//292
f 292//292 293//293 30//30
f 294//294 30//30 293//293
f 295//295 296//296 297//297
f 296//296 295//295 298//298
f 295//295 297//297 294//294
f 64//64 298//298 295//295
f 73//73 63//63 74//74
f 16//16 127//127 27//27
f 62//62 299//299 98//98
f 90//90 98//98 299//299
f 300//300 29//29 10//10
f 52//52 20//20 301//301
f 10//10 302//302 300//300
f 10//10 26//26 302//302
f 10//10 16//16 26//26
f 29//29 300//300 303//303
f 29//29 303//303 304//304
f 9//9 29//29 304//304
f 305//305 304//304 303//303
f 306//306 305//305 303//303
f 306//306 303//303 302//302
f 305//305 306//306 307//307
f 307//307 308//308 305//305
f 308//308 309//309 305//305
f 310//310 309//309 308//308
f 311//311 310//310 308//308
f 310//310 311//311 312//312
f 312//312 313//313 310//310
f 313//313 314//314 310//310
f 314//314 313//313 315//315
f 315//315 316//316 314//314
f 316//316 317//317 318//318
f 311//311 319//319 312//312
f 320//320 321//321 322//322
f 322//322 323//323 320//320
f 324//324 325//325 326//326
f 318//318 327//327 316//316
f 328//328 329//329 330//330
f 331//331 332//332 333//333
f 321//321 334//334 322//322
f 314//314 316//316 327//327
f 335//335 322//322 334//334
f 326//326 336//336 324//324
f 327//327 309//309 314//314
f 332//332 312//312 319//319
f 337//337 318//318 317//317
f 319//319 333//333 332//332
f 338//338 309//309 327//327
f 327//327 318//318 338//338
f 339//339 338//338 318//318
f 318//318 340//340 339//339
f 341//341 339//339 340//340
f 340//340 342//342 341//341
f 341//341 342//342 50//50
f 50//50 343//343 341//341
f 50//50 49//49 343//343
f 49//49 52//52 343//343
f 52//52 301//301 343//343
f 344//344 343//343 301//301
f 301//301 20//20 344//344
f 20//20 1//1 344//344
f 1//1 21//21 344//344
f 304//304 344//344 21//21
f 21//21 4//4 304//304
f 344//344 304//304 338//338
f 338//338 343//343 344//344
f 20//20 52//52 345//345
f 2//2 20//20 345//345
f 345//345 346//346 2//2
f 346//346 345//345 347//347
f 346//346 3//3 2//2
f 3//3 346//346 347//347
f 347//347 7//7 3//3
f 348//348 7//7 349//349
f 350//350 351//351 352//352
f 353//353 7//7 354//354
f 349//349 7//7 355//355
f 7//7 353//353 356//356
f 357//357 358//358 359//359
f 360//360 361//361 362//362
f 359//359 351//351 357//357
f 360//360 363//363 351//351
f 364//364 361//361 365//365
f 13//13 357//357 351//351
f 366//366 367//367 368//368
f 350//350 352//352 367//367
f 352//352 351//351 363//363
f 369//369 366//366 370//370
f 371//371 350//350 366//366
f 350//350 371//371 13//13
f 372//372 373//373 374//374
f 362//362 361//361 364//364
f 369//369 370//370 375//375
f 366//366 368//368 376//376
f 369//369 375//375 373//373
f 377//377 378//378 379//379
f 376//376 370//370 366//366
f 380//380 381//381 382//382
f 381//381 375//375 370//370
f 383//383 380//380 382//382
f 370//370 384//384 385//385
f 375//375 381//381 380//380
f 381//381 370//370 385//385
f 365//365 378//378 377//377
f 370//370 376//376 384//384
f 365//365 361//361 378//378
f 373//373 372//372 369//369
f 369//369 372//372 386//386
f 387//387 386//386 372//372
f 356//356 12//12 7//7
f 13//13 351//351 350//350
f 13//13 388//388 357//357
f 12//12 389//389 388//388
f 12//12 356//356 389//389
f 389//389 353//353 358//358
f 358//358 357//357 388//388
f 353//353 389//389 356//356
f 358//358 388//388 389//389
f 388//388 13//13 12//12
f 366//366 369//369 371//371
f 367//367 366//366 350//350
f 351//351 359//359 361//361
f 351//351 361//361 360//360
f 354//354 7//7 348//348
f 355//355 7//7 390//390
f 390//390 7//7 347//347
f 391//391 355//355 390//390
f 391//391 392//392 51//51
f 392//392 391//391 390//390
f 392//392 345//345 51//51
f 345//345 392//392 390//390
f 51//51 49//49 391//391
f 49//49 48//48 391//391
f 48//48 60//60 391//391
f 393//393 391//391 60//60
f 391//391 393//393 355//355
f 393//393 394//394 355//355
f 60//60 394//394 393//393
f 394//394 349//349 355//355
f 349//349 394//394 395//395
f 395//395 394//394 97//97
f 97//97 396//396 395//395
f 395//395 396//396 349//349
f 348//348 349//349 396//396
f 348//348 396//396 397//397
f 397//397 396//396 91//91
f 91//91 398//398 397//397
f 397//397 398//398 348//348
f 398//398 354//354 348//348
f 399//399 353//353 354//354
f 299//299 399//399 400//400
f 400//400 399//399 354//354
f 354//354 398//398 400//400
f 400//400 398//398 299//299
f 299//299 398//398 90//90
f 99//99 401//401 62//62
f 62//62 401//401 57//57
f 402//402 61//61 57//57
f 57//57 56//56 402//402
f 260//260 402//402 56//56
f 56//56 403//403 259//259
f 259//259 403//403 282//282
f 282//282 404//404 266//266
f 266//266 404//404 43//43
f 265//265 405//405 266//266
f 260//260 405//405 406//406
f 359//359 405//405 407//407
f 406//406 405//405 358//358
f 359//359 358//358 405//405
f 407//407 405//405 265//265
f 407//407 408//408 359//359
f 265//265 408//408 407//407
f 408//408 361//361 359//359
f 360//360 409//409 363//363
f 352//352 409//409 367//367
f 367//367 409//409 368//368
f 410//410 368//368 409//409
f 368//368 410//410 376//376
f 376//376 410//410 384//384
f 363//363 409//409 352//352
f 369//369 411//411 371//371
f 412//412 371//371 411//411
f 127//127 412//412 411//411
f 127//127 411//411 128//128
f 66//66 128//128 411//411
f 127//127 129//129 413//413
f 27//27 127//127 413//413
f 28//28 27//27 413//413
f 413//413 306//306 28//28
f 25//25 28//28 306//306
f 26//26 25//25 306//306
f 414//414 127//127 16//16
f 15//15 414//414 16//16
f 414//414 15//15 13//13
f 414//414 13//13 371//371
f 358//358 353//353 402//402
f 358//358 402//402 406//406
f 406//406 402//402 260//260
f 61//61 402//402 415//415
f 415//415 402//402 353//353
f 7//7 12//12 8//8
f 413//413 129//129 128//128
f 413//413 128//128 290//290
f 413//413 290//290 66//66
f 413//413 66//66 68//68
f 68//68 416//416 413//413
f 416//416 417//417 413//413
f 307//307 413//413 417//417
f 417//417 311//311 307//307
f 311//311 417//417 319//319
f 418//418 319//319 417//417
f 319//319 418//418 333//333
f 332//332 419//419 312//312
f 419//419 332//332 420//420
f 420//420 421//421 419//419
f 422//422 419//419 421//421
f 71//71 422//422 421//421
f 71//71 421//421 138//138
f 124//124 423//423 72//72
f 72//72 423//423 73//73
f 73//73 423//423 63//63
f 74//74 422//422 73//73
f 65//65 422//422 74//74
f 64//64 422//422 65//65
f 63//63 424//424 64//64
f 64//64 424//424 298//298
f 294//294 425//425 295//295
f 295//295 425//425 422//422
f 422//422 425//425 313//313
f 293//293 425//425 294//294
f 293//293 292//292 425//425
f 292//292 32//32 425//425
f 31//31 425//425 32//32
f 76//76 425//425 31//31
f 77//77 426//426 78//78
f 78//78 426//426 80//80
f 80//80 426//426 81//81
f 79//79 427//427 80//80
f 80//80 427//427 76//76
f 83//83 427//427 79//79
f 82//82 427//427 83//83
f 81//81 428//428 82//82
f 82//82 428//428 291//291
f 286//286 429//429 287//287
f 287//287 429//429 427//427
f 427//427 429//429 430//430
f 430//430 425//425 427//427
f 425//425 430//430 315//315
f 317//317 430//430 429//429
f 429//429 337//337 317//317
f 337//337 429//429 431//431
f 431//431 432//432 337//337
f 433//433 337//337 432//432
f 432//432 320//320 433//433
f 323//323 433//433 320//320
f 323//323 322//322 434//434
f 434//434 435//435 323//323
f 435//435 434//434 436//436
f 436//436 340//340 435//435
f 337//337 435//435 340//340
f 437//437 436//436 434//434
f 434//434 438//438 437//437
f 439//439 437//437 438//438
f 401//401 439//439 438//438
f 438//438 440//440 401//401
f 403//403 401//401 440//440
f 440//440 441//441 403//403
f 442//442 403//403 441//441
f 441//441 325//325 442//442
f 324//324 442//442 325//325
f 336//336 326//326 443//443
f 443//443 444//444 336//336
f 445//445 336//336 444//444
f 444//444 446//446 445//445
f 446//446 447//447 445//445
f 448//448 445//445 447//447
f 447//447 449//449 448//448
f 450//450 448//448 449//449
f 450//450 449//449 451//451
f 452//452 450//450 451//451
f 452//452 451//451 330//330
f 329//329 452//452 330//330
f 328//328 330//330 453//453
f 453//453 454//454 328//328
f 455//455 328//328 454//454
f 454//454 456//456 455//455
f 457//457 455//455 456//456
f 458//458 457//457 456//456
f 456//456 459//459 458//458
f 333//333 458//458 459//459
f 459//459 331//331 333//333
f 331//331 459//459 460//460
f 331//331 460//460 461//461
f 461//461 462//462 331//331
f 420//420 331//331 462//462
f 462//462 118//118 420//420
f 118//118 462//462 116//116
f 463//463 152//152 117//117
f 463//463 155//155 152//152
f 463//463 153//153 155//155
f 289//289 421//421 155//155
f 155//155 421//421 118//118
f 154//154 421//421 289//289
f 153//153 423//423 138//138
f 153//153 464//464 423//423
f 464//464 424//424 423//423
f 424//424 464//464 465//465
f 465//465 426//426 424//424
f 424//424 426//426 30//30
f 30//30 426//426 31//31
f 426//426 465//465 466//466
f 466//466 428//428 426//426
f 428//428 466//466 467//467
f 467//467 468//468 428//428
f 428//428 468//468 283//283
f 286//286 428//428 283//283
f 130//130 429//429 284//284
f 46//46 429//429 130//130
f 47//47 468//468 45//45
f 45//45 468//468 156//156
f 156//156 468//468 147//147
f 157//157 469//469 156//156
f 156//156 469//469 46//46
f 148//148 469//469 157//157
f 39//39 469//469 148//148
f 147//147 470//470 39//39
f 39//39 470//470 40//40
f 469//469 41//41 84//84
f 469//469 84//84 86//86
f 469//469 86//86 158//158
f 469//469 158//158 92//92
f 469//469 92//92 94//94
f 94//94 471//471 469//469
f 432//432 469//469 471//471
f 471//471 472//472 432//432
f 473//473 432//432 472//472
f 472//472 474//474 473//473
f 321//321 473//473 474//474
f 475//475 321//321 474//474
f 474//474 476//476 475//475
f 477//477 475//475 476//476
f 476//476 478//478 477//477
f 479//479 477//477 478//478
f 281//281 479//479 478//478
f 478//478 262//262 281//281
f 281//281 280//280 480//480
f 160//160 281//281 480//480
f 161//161 160//160 480//480
f 481//481 161//161 480//480
f 480//480 482//482 481//481
f 483//483 481//481 482//482
f 482//482 484//484 483//483
f 484//484 485//485 483//483
f 486//486 483//483 485//485
f 485//485 487//487 486//486
f 488//488 486//486 487//487
f 487//487 489//489 488//488
f 489//489 490//490 488//488
f 491//491 488//488 490//490
f 490//490 492//492 491//491
f 493//493 491//491 492//492
f 492//492 494//494 493//493
f 495//495 493//493 494//494
f 494//494 496//496 495//495
f 497//497 495//495 496//496
f 496//496 498//498 497//497
f 497//497 498//498 110//110
f 110//110 163//163 497//497
f 163//163 169//169 497//497
f 169//169 170//170 497//497
f 170//170 166//166 497//497
f 166//166 165//165 497//497
f 499//499 497//497 165//165
f 165//165 500//500 499//499
f 500//500 501//501 499//499
f 501//501 502//502 499//499
f 502//502 503//503 499//499
f 503//503 504//504 499//499
f 504//504 505//505 499//499
f 505//505 506//506 499//499
f 506//506 507//507 499//499
f 507//507 508//508 499//499
f 508//508 509//509 499//499
f 509//509 510//510 499//499
f 510//510 511//511 499//499
f 511//511 512//512 499//499
f 499//499 512//512 513//513
f 513//513 514//514 499//499
f 514//514 515//515 499//499
f 516//516 499//499 515//515
f 516//516 515//515 517//517
f 516//516 517//517 518//518
f 516//516 518//518 519//519
f 516//516 519//519 520//520
f 516//516 520//520 521//521
f 516//516 521//521 522//522
f 516//516 522//522 523//523
f 516//516 523//523 524//524
f 516//516 524//524 525//525
f 516//516 525//525 526//526
f 516//516 526//526 527//527
f 516//516 527//527 528//528
f 516//516 528//528 529//529
f 516//516 529//529 530//530
f 516//516 530//530 531//531
f 516//516 531//531 173//173
f 532//532 516//516 173//173
f 173//173 174//174 532//532
f 174//174 271//271 532//532
f 271//271 273//273 532//532
f 273//273 272//272 532//532
f 272//272 18//18 532//532
f 533//533 532//532 18//18
f 18//18 17//17 533//533
f 17//17 278//278 533//533
f 278//278 279//279 533//533
f 279//279 274//274 533//533
f 274//274 161//161 533//533
f 162//162 275//275 534//534
f 160//160 162//162 534//534
f 275//275 274//274 534//534
f 274//274 277//277 534//534
f 277//277 444//444 534//534
f 277//277 17//17 444//444
f 17//17 19//19 444//444
f 19//19 276//276 444//444
f 276//276 272//272 444//444
f 272//272 270//270 444//444
f 535//535 532//532 533//533
f 533//533 481//481 535//535
f 536//536 535//535 481//481
f 535//535 536//536 537//537
f 537//537 538//538 535//535
f 538//538 537//537 539//539
f 539//539 540//540 538//538
f 516//516 538//538 540//540
f 540//540 539//539 493//493
f 541//541 539//539 537//537
f 539//539 541//541 491//491
f 536//536 541//541 537//537
f 541//541 536//536 486//486
f 532//532 535//535 538//538
f 270//270 174//174 446//446
f 174//174 172//172 446//446
f 172//172 171//171 446//446
f 171//171 175//175 446//446
f 175//175 176//176 446//446
f 178//178 177//177 542//542
f 183//183 184//184 542//542
f 177//177 183//183 542//542
f 179//179 178//178 542//542
f 542//542 543//543 179//179
f 543//543 544//544 179//179
f 544//544 545//545 179//179
f 545//545 546//546 179//179
f 179//179 547//547 548//548
f 549//549 547//547 179//179
f 546//546 549//549 179//179
f 548//548 550//550 179//179
f 550//550 551//551 179//179
f 179//179 551//551 552//552
f 179//179 552//552 553//553
f 179//179 553//553 554//554
f 179//179 554//554 555//555
f 179//179 555//555 556//556
f 179//179 556//556 557//557
f 179//179 557//557 558//558
f 179//179 558//558 559//559
f 179//179 559//559 560//560
f 179//179 560//560 561//561
f 179//179 561//561 562//562
f 179//179 562//562 563//563
f 179//179 563//563 564//564
f 179//179 564//564 565//565
f 179//179 565//565 566//566
f 179//179 566//566 567//567
f 180//180 179//179 567//567
f 180//180 567//567 568//568
f 180//180 568//568 569//569
f 180//180 569//569 500//500
f 186//186 180//180 500//500
f 187//187 186//186 500//500
f 189//189 187//187 500//500
f 185//185 189//189 570//570
f 185//185 570//570 447//447
f 180//180 185//185 447//447
f 181//181 180//180 447//447
f 269//269 181//181 447//447
f 182//182 269//269 447//447
f 178//178 182//182 447//447
f 176//176 178//178 447//447
f 189//189 188//188 570//570
f 188//188 167//167 570//570
f 167//167 166//166 570//570
f 166//166 168//168 570//570
f 168//168 571//571 570//570
f 570//570 571//571 572//572
f 449//449 570//570 572//572
f 573//573 572//572 571//571
f 571//571 453//453 573//573
f 453//453 571//571 574//574
f 574//574 575//575 453//453
f 576//576 453//453 575//575
f 575//575 577//577 576//576
f 578//578 576//576 577//577
f 459//459 578//578 577//577
f 577//577 579//579 459//459
f 579//579 577//577 580//580
f 580//580 581//581 579//579
f 461//461 579//579 581//581
f 581//581 582//582 461//461
f 582//582 581//581 583//583
f 583//583 137//137 582//582
f 582//582 137//137 462//462
f 190//190 462//462 137//137
f 584//584 190//190 193//193
f 584//584 193//193 136//136
f 584//584 136//136 135//135
f 135//135 150//150 584//584
f 150//150 585//585 584//584
f 584//584 585//585 586//586
f 191//191 584//584 586//586
f 191//191 586//586 587//587
f 191//191 587//587 463//463
f 191//191 463//463 116//116
f 268//268 462//462 192//192
f 588//588 587//587 586//586
f 586//586 589//589 588//588
f 589//589 590//590 588//588
f 591//591 588//588 590//590
f 590//590 592//592 591//591
f 593//593 591//591 592//592
f 592//592 594//594 593//593
f 594//594 595//595 593//593
f 596//596 593//593 595//595
f 595//595 597//597 596//596
f 598//598 596//596 597//597
f 597//597 599//599 598//598
f 467//467 598//598 599//599
f 599//599 600//600 467//467
f 600//600 599//599 601//601
f 601//601 602//602 600//600
f 470//470 600//600 602//602
f 602//602 603//603 470//470
f 470//470 603//603 85//85
f 84//84 470//470 85//85
f 604//604 85//85 603//603
f 605//605 85//85 604//604
f 604//604 606//606 605//605
f 607//607 605//605 606//606
f 608//608 607//607 606//606
f 606//606 609//609 608//608
f 610//610 608//608 609//609
f 609//609 611//611 610//610
f 612//612 610//610 611//611
f 611//611 613//613 612//612
f 614//614 612//612 613//613
f 613//613 615//615 614//614
f 614//614 615//615 616//616
f 615//615 617//617 616//616
f 615//615 618//618 617//617
f 619//619 620//620 621//621
f 622//622 619//619 623//623
f 619//619 621//621 623//623
f 624//624 619//619 622//622
f 622//622 625//625 624//624
f 626//626 624//624 625//625
f 625//625 627//627 626//626
f 628//628 626//626 627//627
f 627//627 629//629 628//628
f 629//629 630//630 628//628
f 628//628 630//630 607//607
f 630//630 631//631 607//607
f 630//630 632//632 631//631
f 632//632 232//232 631//631
f 631//631 232//232 633//633
f 633//633 225//225 631//631
f 631//631 225//225 605//605
f 605//605 225//225 634//634
f 225//225 267//267 634//634
f 267//267 245//245 634//634
f 245//245 93//93 634//634
f 92//92 634//634 93//93
f 634//634 92//92 85//85
f 471//471 267//267 228//228
f 471//471 228//228 227//227
f 471//471 227//227 226//226
f 471//471 226//226 250//250
f 231//231 472//472 250//250
f 472//472 231//231 233//233
f 472//472 233//233 236//236
f 472//472 236//236 237//237
f 472//472 237//237 235//235
f 472//472 235//235 234//234
f 472//472 234//234 239//239
f 472//472 239//239 241//241
f 472//472 241//241 635//635
f 635//635 241//241 240//240
f 635//635 240//240 246//246
f 635//635 246//246 243//243
f 635//635 243//243 476//476
f 476//476 243//243 242//242
f 476//476 242//242 222//222
f 476//476 222//222 224//224
f 476//476 224//224 251//251
f 476//476 251//251 252//252
f 476//476 252//252 253//253
f 476//476 253//253 255//255
f 256//256 258//258 482//482
f 257//257 256//256 482//482
f 261//261 257//257 482//482
f 478//478 257//257 264//264
f 478//478 264//264 263//263
f 478//478 255//255 257//257
f 261//261 480//480 262//262
f 258//258 253//253 482//482
f 223//223 482//482 253//253
f 482//482 223//223 636//636
f 636//636 637//637 482//482
f 637//637 636//636 223//223
f 637//637 223//223 638//638
f 638//638 632//632 637//637
f 632//632 638//638 248//248
f 248//248 240//240 632//632
f 240//240 239//239 632//632
f 239//239 238//238 632//632
f 248//248 638//638 246//246
f 247//247 246//246 638//638
f 254//254 247//247 638//638
f 244//244 254//254 638//638
f 242//242 244//244 638//638
f 223//223 242//242 638//638
f 633//633 230//230 229//229
f 633//633 231//231 230//230
f 633//633 229//229 249//249
f 633//633 249//249 226//226
f 633//633 226//226 225//225
f 231//231 633//633 232//232
f 232//232 632//632 238//238
f 630//630 637//637 632//632
f 637//637 630//630 484//484
f 630//630 639//639 484//484
f 639//639 630//630 629//629
f 629//629 640//640 639//639
f 641//641 639//639 640//640
f 640//640 642//642 641//641
f 643//643 641//641 642//642
f 642//642 644//644 643//643
f 645//645 643//643 644//644
f 645//645 644//644 646//646
f 644//644 647//647 646//646
f 648//648 645//645 649//649
f 645//645 646//646 649//649
f 650//650 645//645 648//648
f 648//648 651//651 650//650
f 652//652 650//650 651//651
f 651//651 653//653 652//652
f 654//654 652//652 653//653
f 653//653 655//655 654//654
f 656//656 654//654 655//655
f 655//655 657//657 656//656
f 658//658 656//656 657//657
f 657//657 659//659 658//658
f 660//660 658//658 659//659
f 661//661 660//660 659//659
f 659//659 662//662 661//661
f 663//663 661//661 662//662
f 664//664 663//663 662//662
f 662//662 665//665 664//664
f 666//666 664//664 665//665
f 665//665 667//667 666//666
f 668//668 666//666 667//667
f 667//667 669//669 668//668
f 670//670 668//668 669//669
f 669//669 671//671 670//670
f 671//671 672//672 670//670
f 672//672 673//673 670//670
f 673//673 674//674 670//670
f 674//674 675//675 670//670
f 675//675 676//676 670//670
f 677//677 670//670 676//676
f 678//678 677//677 676//676
f 678//678 679//679 677//677
f 680//680 679//679 678//678
f 681//681 680//680 678//678
f 678//678 682//682 681//681
f 683//683 681//681 682//682
f 684//684 683//683 682//682
f 682//682 685//685 684//684
f 686//686 684//684 685//685
f 686//686 685//685 687//687
f 686//686 687//687 688//688
f 688//688 689//689 686//686
f 690//690 686//686 689//689
f 690//690 689//689 691//691
f 692//692 690//690 691//691
f 693//693 692//692 691//691
f 694//694 693//693 691//691
f 695//695 694//694 691//691
f 695//695 691//691 651//651
f 695//695 696//696 694//694
f 694//694 696//696 697//697
f 698//698 697//697 696//696
f 698//698 696//696 699//699
f 699//699 700//700 698//698
f 701//701 698//698 700//700
f 701//701 700//700 702//702
f 701//701 702//702 703//703
f 701//701 703//703 704//704
f 705//705 701//701 704//704
f 705//705 704//704 706//706
f 705//705 706//706 707//707
f 708//708 705//705 707//707
f 708//708 707//707 709//709
f 708//708 709//709 710//710
f 711//711 708//708 710//710
f 711//711 710//710 712//712
f 713//713 714//714 711//711
f 711//711 714//714 715//715
f 714//714 716//716 715//715
f 712//712 714//714 717//717
f 718//718 711//711 715//715
f 409//409 360//360 719//719
f 718//718 715//715 720//720
f 718//718 720//720 721//721
f 721//721 722//722 718//718
f 722//722 721//721 723//723
f 724//724 725//725 726//726
f 724//724 726//726 727//727
f 722//722 723//723 728//728
f 722//722 728//728 725//725
f 722//722 725//725 724//724
f 729//729 718//718 730//730
f 718//718 722//722 730//730
f 729//729 730//730 731//731
f 729//729 731//731 732//732
f 733//733 729//729 734//734
f 729//729 732//732 734//734
f 733//733 734//734 735//735
f 733//733 735//735 736//736
f 737//737 733//733 738//738
f 733//733 736//736 738//738
f 737//737 739//739 733//733
f 740//740 733//733 739//739
f 739//739 741//741 740//740
f 742//742 740//740 741//741
f 741//741 743//743 742//742
f 744//744 742//742 743//743
f 743//743 745//745 744//744
f 746//746 744//744 745//745
f 745//745 747//747 746//746
f 748//748 746//746 747//747
f 749//749 748//748 747//747
f 747//747 750//750 749//749
f 751//751 749//749 750//750
f 750//750 752//752 751//751
f 753//753 751//751 752//752
f 752//752 754//754 753//753
f 755//755 753//753 754//754
f 754//754 756//756 755//755
f 757//757 755//755 756//756
f 756//756 758//758 757//757
f 759//759 757//757 758//758
f 760//760 759//759 758//758
f 758//758 761//761 760//760
f 762//762 760//760 761//761
f 761//761 763//763 762//762
f 764//764 762//762 763//763
f 763//763 765//765 764//764
f 766//766 764//764 765//765
f 765//765 767//767 766//766
f 768//768 766//766 767//767
f 769//769 768//768 767//767
f 767//767 770//770 769//769
f 771//771 769//769 770//770
f 770//770 772//772 771//771
f 773//773 771//771 772//772
f 772//772 774//774 773//773
f 775//775 773//773 774//774
f 774//774 776//776 775//775
f 777//777 775//775 776//776
f 778//778 777//777 776//776
f 776//776 779//779 778//778
f 780//780 778//778 779//779
f 779//779 781//781 780//780
f 782//782 780//780 781//781
f 781//781 783//783 782//782
f 784//784 782//782 783//783
f 785//785 784//784 783//783
f 783//783 786//786 785//785
f 787//787 785//785 786//786
f 786//786 788//788 787//787
f 789//789 787//787 788//788
f 788//788 790//790 789//789
f 791//791 789//789 790//790
f 792//792 791//791 790//790
f 790//790 793//793 792//792
f 794//794 792//792 793//793
f 793//793 795//795 794//794
f 796//796 794//794 795//795
f 797//797 796//796 795//795
f 798//798 797//797 795//795
f 797//797 798//798 799//799
f 800//800 797//797 799//799
f 799//799 801//801 800//800
f 802//802 800//800 801//801
f 803//803 802//802 801//801
f 801//801 804//804 803//803
f 805//805 803//803 804//804
f 806//806 805//805 804//804
f 804//804 807//807 806//806
f 808//808 806//806 807//807
f 798//798 808//808 807//807
f 809//809 798//798 807//807
f 808//808 798//798 793//793
f 806//806 808//808 788//788
f 807//807 804//804 809//809
f 805//805 806//806 786//786
f 803//803 805//805 781//781
f 804//804 801//801 809//809
f 802//802 803//803 779//779
f 800//800 802//802 774//774
f 801//801 799//799 809//809
f 797//797 800//800 772//772
f 798//798 809//809 799//799
f 796//796 797//797 770//770
f 794//794 796//796 765//765
f 795//795 793//793 798//798
f 792//792 794//794 763//763
f 793//793 790//790 808//808
f 791//791 792//792 761//761
f 789//789 791//791 756//756
f 790//790 788//788 808//808
f 787//787 789//789 754//754
f 788//788 786//786 806//806
f 785//785 787//787 752//752
f 786//786 783//783 805//805
f 784//784 785//785 750//750
f 782//782 784//784 745//745
f 783//783 781//781 805//805
f 780//780 782//782 743//743
f 781//781 779//779 803//803
f 778//778 780//780 741//741
f 779//779 776//776 802//802
f 777//777 778//778 739//739
f 775//775 777//777 810//810
f 810//810 811//811 775//775
f 811//811 810//810 812//812
f 811//811 812//812 813//813
f 814//814 813//813 812//812
f 815//815 811//811 813//813
f 813//813 816//816 815//815
f 817//817 815//815 816//816
f 816//816 818//818 817//817
f 819//819 769//769 817//817
f 817//817 818//818 819//819
f 818//818 820//820 819//819
f 820//820 768//768 819//819
f 768//768 820//820 821//821
f 821//821 822//822 768//768
f 822//822 821//821 823//823
f 822//822 823//823 824//824
f 825//825 824//824 823//823
f 826//826 822//822 824//824
f 824//824 827//827 826//826
f 764//764 826//826 828//828
f 827//827 828//828 826//826
f 827//827 829//829 828//828
f 830//830 828//828 829//829
f 829//829 831//831 830//830
f 832//832 830//830 831//831
f 831//831 833//833 832//832
f 834//834 832//832 833//833
f 833//833 835//835 834//834
f 835//835 836//836 834//834
f 837//837 834//834 836//836
f 836//836 838//838 837//837
f 839//839 837//837 838//838
f 838//838 840//840 839//839
f 841//841 839//839 840//840
f 840//840 842//842 841//841
f 843//843 841//841 842//842
f 842//842 844//844 843//843
f 845//845 843//843 844//844
f 844//844 846//846 845//845
f 847//847 845//845 846//846
f 846//846 848//848 847//847
f 849//849 847//847 848//848
f 848//848 850//850 849//849
f 850//850 851//851 849//849
f 852//852 849//849 851//851
f 851//851 853//853 852//852
f 854//854 852//852 853//853
f 853//853 855//855 854//854
f 856//856 854//854 855//855
f 855//855 857//857 856//856
f 858//858 856//856 857//857
f 857//857 718//718 858//858
f 856//856 858//858 742//742
f 857//857 855//855 859//859
f 859//859 711//711 857//857
f 860//860 859//859 855//855
f 859//859 860//860 861//861
f 861//861 708//708 859//859
f 862//862 861//861 860//860
f 860//860 863//863 862//862
f 864//864 862//862 863//863
f 863//863 865//865 864//864
f 865//865 866//866 864//864
f 867//867 864//864 866//866
f 866//866 868//868 867//867
f 869//869 867//867 868//868
f 870//870 868//868 871//871
f 868//868 870//870 869//869
f 686//686 872//872 870//870
f 869//869 870//870 872//872
f 697//697 869//869 872//872
f 697//697 872//872 693//693
f 869//869 697//697 873//873
f 874//874 870//870 871//871
f 871//871 875//875 874//874
f 876//876 874//874 875//875
f 875//875 877//877 876//876
f 877//877 878//878 876//876
f 879//879 876//876 878//878
f 878//878 880//880 879//879
f 881//881 879//879 880//880
f 880//880 882//882 881//881
f 883//883 881//881 882//882
f 882//882 884//884 883//883
f 884//884 885//885 883//883
f 883//883 885//885 886//886
f 883//883 886//886 887//887
f 883//883 888//888 680//680
f 883//883 887//887 888//888
f 680//680 888//888 889//889
f 670//670 889//889 888//888
f 670//670 888//888 887//887
f 670//670 887//887 886//886
f 670//670 679//679 889//889
f 670//670 886//886 885//885
f 670//670 885//885 890//890
f 670//670 890//890 891//891
f 670//670 891//891 892//892
f 670//670 892//892 893//893
f 892//892 894//894 893//893
f 670//670 893//893 895//895
f 896//896 670//670 897//897
f 670//670 895//895 897//897
f 896//896 897//897 898//898
f 899//899 896//896 900//900
f 896//896 898//898 900//900
f 901//901 896//896 899//899
f 899//899 902//902 901//901
f 903//903 901//901 902//902
f 902//902 904//904 903//903
f 905//905 903//903 904//904
f 904//904 906//906 905//905
f 589//589 905//905 906//906
f 905//905 589//589 663//663
f 589//589 907//907 663//663
f 907//907 589//589 585//585
f 585//585 908//908 907//907
f 219//219 907//907 908//908
f 219//219 908//908 214//214
f 220//220 574//574 208//208
f 145//145 208//208 574//574
f 909//909 208//208 144//144
f 909//909 144//144 146//146
f 146//146 194//194 909//909
f 134//134 909//909 194//194
f 133//133 571//571 217//217
f 215//215 217//217 571//571
f 111//111 215//215 571//571
f 112//112 111//111 571//571
f 164//164 112//112 571//571
f 163//163 164//164 571//571
f 216//216 218//218 498//498
f 217//217 216//216 498//498
f 218//218 111//111 498//498
f 134//134 217//217 498//498
f 498//498 660//660 134//134
f 132//132 571//571 133//133
f 194//194 571//571 132//132
f 145//145 571//571 194//194
f 134//134 661//661 909//909
f 907//907 909//909 661//661
f 909//909 219//219 208//208
f 221//221 574//574 220//220
f 214//214 574//574 221//221
f 211//211 574//574 214//214
f 908//908 205//205 210//210
f 908//908 201//201 205//205
f 200//200 910//910 205//205
f 202//202 910//910 200//200
f 209//209 910//910 202//202
f 201//201 585//585 206//206
f 206//206 585//585 199//199
f 207//207 910//910 206//206
f 911//911 910//910 207//207
f 580//580 910//910 911//911
f 583//583 580//580 911//911
f 583//583 911//911 197//197
f 197//197 34//34 583//583
f 33//33 583//583 34//34
f 912//912 150//150 34//34
f 912//912 34//34 204//204
f 912//912 204//204 203//203
f 912//912 203//203 196//196
f 912//912 196//196 195//195
f 195//195 198//198 912//912
f 198//198 585//585 912//912
f 195//195 911//911 199//199
f 151//151 583//583 35//35
f 135//135 583//583 151//151
f 35//35 583//583 33//33
f 197//197 911//911 195//195
f 910//910 580//580 575//575
f 207//207 199//199 911//911
f 199//199 585//585 198//198
f 206//206 910//910 209//209
f 211//211 205//205 910//910
f 210//210 212//212 908//908
f 213//213 908//908 212//212
f 910//910 574//574 211//211
f 214//214 908//908 213//213
f 909//909 907//907 219//219
f 908//908 585//585 201//201
f 906//906 904//904 913//913
f 914//914 906//906 913//913
f 913//913 915//915 914//914
f 916//916 914//914 915//915
f 915//915 917//917 916//916
f 918//918 916//916 917//917
f 918//918 917//917 919//919
f 917//917 920//920 919//919
f 921//921 918//918 922//922
f 918//918 919//919 922//922
f 923//923 918//918 921//921
f 921//921 924//924 923//923
f 925//925 923//923 924//924
f 924//924 926//926 925//925
f 927//927 925//925 926//926
f 926//926 928//928 927//927
f 601//601 927//927 928//928
f 928//928 929//929 601//601
f 929//929 928//928 930//930
f 930//930 931//931 929//929
f 604//604 929//929 931//931
f 929//929 604//604 602//602
f 931//931 930//930 609//609
f 932//932 930//930 928//928
f 930//930 932//932 611//611
f 928//928 926//926 932//932
f 933//933 932//932 926//926
f 932//932 933//933 613//613
f 925//925 927//927 597//597
f 926//926 924//924 933//933
f 934//934 933//933 924//924
f 933//933 934//934 615//615
f 923//923 925//925 595//595
f 924//924 921//921 934//934
f 934//934 921//921 935//935
f 921//921 936//936 935//935
f 934//934 935//935 937//937
f 918//918 923//923 594//594
f 921//921 922//922 936//936
f 938//938 939//939 940//940
f 938//938 941//941 939//939
f 942//942 943//943 944//944
f 945//945 942//942 946//946
f 942//942 944//944 946//946
f 945//945 947//947 942//942
f 942//942 947//947 948//948
f 948//948 949//949 942//942
f 949//949 948//948 625//625
f 947//947 950//950 948//948
f 948//948 950//950 627//627
f 951//951 950//950 947//947
f 947//947 952//952 951//951
f 953//953 951//951 952//952
f 953//953 952//952 954//954
f 952//952 955//955 954//954
f 953//953 954//954 956//956
f 957//957 958//958 959//959
f 960//960 961//961 959//959
f 959//959 717//717 695//695
f 695//695 717//717 714//714
f 714//714 957//957 960//960
f 716//716 714//714 960//960
f 695//695 714//714 712//712
f 714//714 713//713 957//957
f 962//962 919//919 900//900
f 717//717 961//961 712//712
f 898//898 962//962 900//900
f 919//919 962//962 963//963
f 922//922 964//964 936//936
f 646//646 965//965 966//966
f 621//621 965//965 623//623
f 965//965 621//621 966//966
f 962//962 898//898 963//963
f 965//965 646//646 623//623
f 967//967 966//966 621//621
f 968//968 922//922 963//963
f 620//620 967//967 621//621
f 967//967 649//649 966//966
f 897//897 968//968 898//898
f 968//968 963//963 898//898
f 649//649 969//969 970//970
f 922//922 968//968 964//964
f 936//936 971//971 935//935
f 967//967 620//620 969//969
f 649//649 967//967 969//969
f 968//968 897//897 964//964
f 616//616 972//972 973//973
f 974//974 936//936 964//964
f 973//973 975//975 620//620
f 975//975 970//970 969//969
f 976//976 957//957 977//977
f 978//978 976//976 977//977
f 970//970 979//979 959//959
f 975//975 969//969 620//620
f 975//975 973//973 979//979
f 970//970 975//975 979//979
f 974//974 964//964 897//897
f 895//895 974//974 897//897
f 936//936 974//974 971//971
f 939//939 941//941 940//940
f 972//972 959//959 979//979
f 893//893 980//980 981//981
f 974//974 895//895 971//971
f 959//959 977//977 957//957
f 981//981 935//935 971//971
f 972//972 979//979 973//973
f 972//972 616//616 977//977
f 959//959 972//972 977//977
f 981//981 971//971 895//895
f 978//978 977//977 616//616
f 982//982 978//978 616//616
f 893//893 981//981 895//895
f 983//983 984//984 985//985
f 935//935 981//981 980//980
f 935//935 980//980 986//986
f 980//980 893//893 894//894
f 987//987 988//988 989//989
f 978//978 990//990 976//976
f 991//991 985//985 986//986
f 984//984 983//983 992//992
f 894//894 986//986 980//980
f 986//986 894//894 991//991
f 935//935 986//986 985//985
f 990//990 978//978 993//993
f 990//990 993//993 994//994
f 985//985 991//991 983//983
f 935//935 985//985 984//984
f 992//992 995//995 984//984
f 724//724 994//994 996//996
f 617//617 994//994 993//993
f 617//617 996//996 994//994
f 978//978 982//982 993//993
f 722//722 996//996 997//997
f 998//998 993//993 982//982
f 990//990 724//724 999//999
f 935//935 984//984 995//995
f 935//935 995//995 1000//1000
f 995//995 992//992 1001//1001
f 1002//1002 1003//1003 1004//1004
f 730//730 997//997 1005//1005
f 617//617 997//997 996//996
f 1006//1006 1007//1007 1001//1001
f 1007//1007 937//937 1000//1000
f 995//995 1001//1001 1000//1000
f 731//731 1005//1005 1008//1008
f 996//996 722//722 724//724
f 617//617 1005//1005 997//997
f 1007//1007 1000//1000 1001//1001
f 732//732 1008//1008 1009//1009
f 997//997 730//730 722//722
f 617//617 1008//1008 1005//1005
f 937//937 1007//1007 1010//1010
f 1011//1011 1012//1012 1010//1010
f 1011//1011 1010//1010 1006//1006
f 1007//1007 1006//1006 1010//1010
f 734//734 1009//1009 1013//1013
f 1005//1005 731//731 730//730
f 617//617 1009//1009 1008//1008
f 1014//1014 1015//1015 1016//1016
f 937//937 1010//1010 1012//1012
f 1017//1017 1018//1018 1019//1019
f 1012//1012 1011//1011 1020//1020
f 937//937 1012//1012 1016//1016
f 1020//1020 1016//1016 1012//1012
f 735//735 1013//1013 1021//1021
f 1008//1008 732//732 731//731
f 617//617 1013//1013 1009//1009
f 736//736 1021//1021 1022//1022
f 1009//1009 734//734 732//732
f 617//617 1021//1021 1013//1013
f 1016//1016 1020//1020 1014//1014
f 937//937 1016//1016 1015//1015
f 1023//1023 1019//1019 1015//1015
f 738//738 1022//1022 1024//1024
f 1013//1013 735//735 734//734
f 617//617 1022//1022 1021//1021
f 1015//1015 1014//1014 1023//1023
f 937//937 1015//1015 1019//1019
f 1025//1025 1026//1026 1027//1027
f 1019//1019 1023//1023 1017//1017
f 937//937 1019//1019 1018//1018
f 1018//1018 1017//1017 1028//1028
f 937//937 1018//1018 1029//1029
f 1030//1030 1024//1024 1031//1031
f 1021//1021 736//736 735//735
f 617//617 1024//1024 1022//1022
f 1032//1032 1031//1031 1033//1033
f 1022//1022 738//738 736//736
f 617//617 1031//1031 1024//1024
f 1028//1028 1029//1029 1018//1018
f 1034//1034 1033//1033 1035//1035
f 1024//1024 1030//1030 738//738
f 617//617 1033//1033 1031//1031
f 1036//1036 1027//1027 1029//1029
f 1037//1037 1035//1035 1038//1038
f 1031//1031 1032//1032 1030//1030
f 617//617 1035//1035 1033//1033
f 1029//1029 1028//1028 1036//1036
f 937//937 1029//1029 1027//1027
f 1039//1039 1040//1040 1041//1041
f 1027//1027 1036//1036 1025//1025
f 937//937 1027//1027 1026//1026
f 1042//1042 1043//1043 1040//1040
f 1026//1026 1025//1025 1044//1044
f 937//937 1026//1026 1045//1045
f 1046//1046 1038//1038 1047//1047
f 1033//1033 1034//1034 1032//1032
f 617//617 1038//1038 1035//1035
f 1044//1044 1045//1045 1026//1026
f 1048//1048 1047//1047 1049//1049
f 1035//1035 1037//1037 1034//1034
f 617//617 1047//1047 1038//1038
f 1050//1050 1041//1041 1045//1045
f 1051//1051 1049//1049 1052//1052
f 1038//1038 1046//1046 1037//1037
f 617//617 1049//1049 1047//1047
f 1045//1045 1044//1044 1050//1050
f 937//937 1045//1045 1041//1041
f 1041//1041 1050//1050 1039//1039
f 937//937 1041//1041 1040//1040
f 1040//1040 1039//1039 1042//1042
f 937//937 1040//1040 1043//1043
f 1043//1043 1042//1042 1053//1053
f 937//937 1043//1043 1054//1054
f 1053//1053 1054//1054 1043//1043
f 1055//1055 1052//1052 1056//1056
f 1047//1047 1048//1048 1046//1046
f 617//617 1052//1052 1049//1049
f 1057//1057 1058//1058 1054//1054
f 1059//1059 1056//1056 1060//1060
f 1049//1049 1051//1051 1048//1048
f 617//617 1056//1056 1052//1052
f 1061//1061 1062//1062 1063//1063
f 1054//1054 1053//1053 1057//1057
f 937//937 1054//1054 1058//1058
f 1058//1058 1057//1057 1064//1064
f 937//937 1058//1058 1063//1063
f 618//618 1065//1065 1066//1066
f 987//987 1060//1060 988//988
f 1052//1052 1055//1055 1051//1051
f 617//617 1060//1060 1056//1056
f 1066//1066 989//989 988//988
f 1056//1056 1059//1059 1055//1055
f 1060//1060 617//617 988//988
f 989//989 1066//1066 1065//1065
f 1067//1067 1065//1065 1068//1068
f 618//618 1066//1066 988//988
f 1064//1064 1063//1063 1058//1058
f 937//937 1069//1069 618//618
f 1063//1063 1064//1064 1061//1061
f 937//937 1063//1063 1062//1062
f 1070//1070 1068//1068 1071//1071
f 618//618 1068//1068 1065//1065
f 937//937 1062//1062 1069//1069
f 1062//1062 1061//1061 1072//1072
f 1073//1073 1069//1069 1072//1072
f 1060//1060 987//987 1059//1059
f 935//935 1000//1000 937//937
f 1074//1074 1071//1071 1075//1075
f 1065//1065 1067//1067 989//989
f 618//618 1071//1071 1068//1068
f 1073//1073 618//618 1069//1069
f 1062//1062 1072//1072 1069//1069
f 1076//1076 1077//1077 1073//1073
f 1077//1077 1078//1078 1079//1079
f 1080//1080 1075//1075 1081//1081
f 1068//1068 1070//1070 1067//1067
f 618//618 1075//1075 1071//1071
f 1076//1076 1073//1073 1072//1072
f 618//618 1073//1073 1077//1077
f 618//618 1077//1077 1079//1079
f 1077//1077 1076//1076 1078//1078
f 1082//1082 1079//1079 1078//1078
f 1082//1082 1083//1083 1079//1079
f 618//618 1079//1079 1083//1083
f 1084//1084 1081//1081 1085//1085
f 1071//1071 1074//1074 1070//1070
f 618//618 1081//1081 1075//1075
f 618//618 1086//1086 1087//1087
f 1083//1083 1082//1082 1088//1088
f 618//618 1083//1083 1086//1086
f 1089//1089 1087//1087 1086//1086
f 618//618 1090//1090 1085//1085
f 1075//1075 1080//1080 1074//1074
f 618//618 1085//1085 1081//1081
f 998//998 982//982 616//616
f 617//617 998//998 616//616
f 618//618 1087//1087 1090//1090
f 1089//1089 1090//1090 1087//1087
f 1091//1091 1085//1085 1090//1090
f 1090//1090 1089//1089 1091//1091
f 1081//1081 1084//1084 1080//1080
f 1085//1085 1091//1091 1092//1092
f 1086//1086 1093//1093 1089//1089
f 961//961 717//717 959//959
f 1088//1088 1086//1086 1083//1083
f 1085//1085 1092//1092 1084//1084
f 1086//1086 1088//1088 1093//1093
f 1094//1094 1095//1095 955//955
f 1095//1095 1096//1096 955//955
f 1096//1096 946//946 955//955
f 946//946 944//944 955//955
f 955//955 943//943 954//954
f 943//943 955//955 944//944
f 954//954 1097//1097 956//956
f 1097//1097 954//954 943//943
f 956//956 1098//1098 1099//1099
f 1098//1098 956//956 1097//1097
f 1099//1099 1100//1100 647//647
f 1100//1100 1099//1099 1098//1098
f 647//647 623//623 646//646
f 623//623 647//647 1100//1100
f 646//646 966//966 649//649
f 618//618 988//988 617//617
f 1101//1101 1004//1004 1003//1003
f 1102//1102 1002//1002 1103//1103
f 1004//1004 1101//1101 1104//1104
f 957//957 999//999 1105//1105
f 1104//1104 1106//1106 920//920
f 1106//1106 1104//1104 1101//1101
f 920//920 900//900 919//919
f 1107//1107 976//976 990//990
f 900//900 920//920 1106//1106
f 919//919 963//963 922//922
f 1002//1002 940//940 1103//1103
f 941//941 1103//1103 940//940
f 724//724 990//990 994//994
f 1002//1002 1102//1102 1003//1003
f 617//617 993//993 998//998
f 957//957 976//976 999//999
f 695//695 648//648 959//959
f 648//648 970//970 959//959
f 737//737 1030//1030 1032//1032
f 737//737 1032//1032 1034//1034
f 737//737 1034//1034 1037//1037
f 777//777 737//737 1046//1046
f 737//737 1037//1037 1046//1046
f 810//810 1048//1048 1051//1051
f 812//812 1055//1055 1059//1059
f 814//814 812//812 987//987
f 812//812 1059//1059 987//987
f 814//814 987//987 989//989
f 1108//1108 814//814 1067//1067
f 814//814 989//989 1067//1067
f 1109//1109 814//814 1108//1108
f 1108//1108 1110//1110 1109//1109
f 1109//1109 1111//1111 816//816
f 1111//1111 1109//1109 1110//1110
f 1110//1110 1112//1112 1111//1111
f 1112//1112 1110//1110 1113//1113
f 1111//1111 1114//1114 818//818
f 1114//1114 1111//1111 1112//1112
f 1115//1115 1114//1114 1112//1112
f 1112//1112 1116//1116 1115//1115
f 1117//1117 1115//1115 1116//1116
f 1118//1118 1114//1114 1115//1115
f 1119//1119 1120//1120 1121//1121
f 1120//1120 1118//1118 1115//1115
f 1118//1118 1120//1120 1122//1122
f 1120//1120 1119//1119 1123//1123
f 1122//1122 820//820 1118//1118
f 1122//1122 1120//1120 1124//1124
f 1125//1125 823//823 1122//1122
f 1122//1122 1124//1124 1125//1125
f 823//823 1125//1125 825//825
f 1126//1126 825//825 1125//1125
f 1126//1126 1127//1127 825//825
f 1128//1128 825//825 1127//1127
f 1127//1127 1129//1129 1128//1128
f 1130//1130 1128//1128 1129//1129
f 1129//1129 1131//1131 1130//1130
f 1132//1132 1130//1130 1131//1131
f 1131//1131 1133//1133 1132//1132
f 1134//1134 1132//1132 1133//1133
f 1133//1133 1135//1135 1134//1134
f 1136//1136 1134//1134 1135//1135
f 1135//1135 1137//1137 1136//1136
f 1138//1138 1136//1136 1137//1137
f 1137//1137 1139//1139 1138//1138
f 1139//1139 1140//1140 1138//1138
f 1141//1141 1138//1138 1140//1140
f 1140//1140 1142//1142 1141//1141
f 1143//1143 1141//1141 1142//1142
f 1142//1142 1144//1144 1143//1143
f 1145//1145 1143//1143 1144//1144
f 1144//1144 1146//1146 1145//1145
f 1147//1147 1145//1145 1146//1146
f 1146//1146 1148//1148 1147//1147
f 1149//1149 1147//1147 1148//1148
f 1148//1148 1150//1150 1149//1149
f 1151//1151 1149//1149 1150//1150
f 1150//1150 1152//1152 1151//1151
f 1153//1153 1151//1151 1152//1152
f 1152//1152 1154//1154 1153//1153
f 1155//1155 1153//1153 1154//1154
f 1156//1156 1155//1155 1154//1154
f 1154//1154 1157//1157 1156//1156
f 1158//1158 1156//1156 1157//1157
f 1157//1157 1159//1159 1158//1158
f 1160//1160 1161//1161 1159//1159
f 1158//1158 1159//1159 1161//1161
f 1162//1162 1158//1158 1163//1163
f 1161//1161 1163//1163 1158//1158
f 1164//1164 1162//1162 1165//1165
f 1163//1163 1165//1165 1162//1162
f 1166//1166 1164//1164 1167//1167
f 1165//1165 1167//1167 1164//1164
f 1168//1168 1166//1166 1169//1169
f 1167//1167 1169//1169 1166//1166
f 1170//1170 1168//1168 1171//1171
f 1169//1169 1171//1171 1168//1168
f 868//868 1170//1170 871//871
f 1171//1171 871//871 1170//1170
f 1170//1170 1172//1172 1168//1168
f 1173//1173 1168//1168 1172//1172
f 1172//1172 850//850 1173//1173
f 1155//1155 1173//1173 850//850
f 1173//1173 1155//1155 1174//1174
f 1164//1164 1173//1173 1174//1174
f 850//850 1172//1172 865//865
f 1172//1172 1170//1170 866//866
f 1175//1175 1171//1171 1169//1169
f 1169//1169 1176//1176 1175//1175
f 1177//1177 1175//1175 1176//1176
f 1178//1178 1177//1177 1176//1176
f 1176//1176 1165//1165 1178//1178
f 1177//1177 1178//1178 1179//1179
f 1180//1180 1177//1177 1179//1179
f 1179//1179 1181//1181 1180//1180
f 1182//1182 1180//1180 1181//1181
f 1181//1181 1183//1183 1182//1182
f 1184//1184 1182//1182 1183//1183
f 1183//1183 1185//1185 1184//1184
f 1186//1186 1184//1184 1185//1185
f 1185//1185 1187//1187 1186//1186
f 1188//1188 1186//1186 1187//1187
f 1187//1187 1189//1189 1188//1188
f 1190//1190 1188//1188 1189//1189
f 1189//1189 1191//1191 1190//1190
f 1192//1192 1190//1190 1191//1191
f 1191//1191 1193//1193 1192//1192
f 1194//1194 1192//1192 1193//1193
f 1193//1193 1195//1195 1194//1194
f 1196//1196 1194//1194 1195//1195
f 1195//1195 1197//1197 1196//1196
f 1198//1198 1196//1196 1197//1197
f 1197//1197 1199//1199 1198//1198
f 1200//1200 1198//1198 1199//1199
f 1199//1199 1201//1201 1200//1200
f 1202//1202 1200//1200 1201//1201
f 1201//1201 1203//1203 1202//1202
f 1204//1204 1202//1202 1203//1203
f 1203//1203 1205//1205 1204//1204
f 1206//1206 1204//1204 1205//1205
f 1205//1205 1207//1207 1206//1206
f 1208//1208 1206//1206 1207//1207
f 1209//1209 1210//1210 1208//1208
f 1208//1208 1207//1207 1209//1209
f 1208//1208 1210//1210 1211//1211
f 1211//1211 1212//1212 1208//1208
f 1212//1212 1211//1211 1213//1213
f 1213//1213 1214//1214 1212//1212
f 1215//1215 1212//1212 1214//1214
f 1214//1214 1216//1216 1215//1215
f 1217//1217 1215//1215 1216//1216
f 1216//1216 1218//1218 1217//1217
f 1219//1219 1217//1217 1218//1218
f 1218//1218 1220//1220 1219//1219
f 1221//1221 1219//1219 1220//1220
f 1222//1222 1223//1223 1221//1221
f 1221//1221 1220//1220 1222//1222
f 1222//1222 1224//1224 1223//1223
f 1225//1225 1223//1223 1224//1224
f 1224//1224 1226//1226 1225//1225
f 1227//1227 1225//1225 1226//1226
f 1226//1226 1228//1228 1227//1227
f 1229//1229 1227//1227 1228//1228
f 1228//1228 1230//1230 1229//1229
f 1231//1231 1229//1229 1230//1230
f 1230//1230 1232//1232 1231//1231
f 1233//1233 1231//1231 1232//1232
f 1232//1232 1234//1234 1233//1233
f 1235//1235 1233//1233 1234//1234
f 1234//1234 1236//1236 1235//1235
f 1237//1237 1235//1235 1236//1236
f 1236//1236 1238//1238 1237//1237
f 1239//1239 1237//1237 1238//1238
f 1238//1238 1240//1240 1239//1239
f 1241//1241 1239//1239 1240//1240
f 1242//1242 1241//1241 1240//1240
f 1240//1240 1243//1243 1242//1242
f 1244//1244 1242//1242 1243//1243
f 1243//1243 1245//1245 1244//1244
f 1246//1246 1244//1244 1245//1245
f 1245//1245 1247//1247 1246//1246
f 1248//1248 1246//1246 1247//1247
f 1247//1247 1249//1249 1248//1248
f 1250//1250 1248//1248 1249//1249
f 1249//1249 1251//1251 1250//1250
f 1250//1250 1251//1251 1006//1006
f 1251//1251 1011//1011 1006//1006
f 1250//1250 1006//1006 1001//1001
f 1250//1250 1001//1001 992//992
f 1252//1252 1250//1250 983//983
f 1250//1250 992//992 983//983
f 1252//1252 983//983 991//991
f 1253//1253 1093//1093 1088//1088
f 1253//1253 1254//1254 1093//1093
f 1254//1254 1089//1089 1093//1093
f 1253//1253 1255//1255 1254//1254
f 1256//1256 1257//1257 1255//1255
f 1257//1257 1256//1256 1258//1258
f 1254//1254 1259//1259 1260//1260
f 1259//1259 1254//1254 1255//1255
f 1260//1260 1092//1092 1091//1091
f 1254//1254 1091//1091 1089//1089
f 1091//1091 1254//1254 1260//1260
f 1260//1260 1084//1084 1092//1092
f 1260//1260 1261//1261 1084//1084
f 1261//1261 1080//1080 1084//1084
f 1110//1110 1261//1261 1113//1113
f 1260//1260 1113//1113 1261//1261
f 1261//1261 1074//1074 1080//1080
f 1261//1261 1108//1108 1074//1074
f 1108//1108 1070//1070 1074//1074
f 1260//1260 1259//1259 1113//1113
f 1116//1116 1113//1113 1259//1259
f 1259//1259 1255//1255 1262//1262
f 1262//1262 1116//1116 1259//1259
f 1255//1255 1257//1257 1262//1262
f 1263//1263 1262//1262 1257//1257
f 1262//1262 1263//1263 1117//1117
f 1116//1116 1262//1262 1117//1117
f 1264//1264 1263//1263 1257//1257
f 1257//1257 1258//1258 1264//1264
f 1265//1265 1266//1266 1264//1264
f 1264//1264 1258//1258 1265//1265
f 1265//1265 1258//1258 1061//1061
f 1258//1258 1072//1072 1061//1061
f 1265//1265 1061//1061 1064//1064
f 1267//1267 1265//1265 1057//1057
f 1265//1265 1064//1064 1057//1057
f 1267//1267 1266//1266 1265//1265
f 1266//1266 1267//1267 1268//1268
f 1266//1266 1268//1268 1269//1269
f 1270//1270 1269//1269 1268//1268
f 1264//1264 1266//1266 1271//1271
f 1269//1269 1271//1271 1266//1266
f 1271//1271 1269//1269 1272//1272
f 1273//1273 1272//1272 1269//1269
f 1263//1263 1271//1271 1121//1121
f 1272//1272 1121//1121 1271//1271
f 1272//1272 1119//1119 1121//1121
f 1274//1274 1123//1123 1119//1119
f 1275//1275 1123//1123 1274//1274
f 1122//1122 821//821 820//820
f 1123//1123 1275//1275 1276//1276
f 821//821 1122//1122 823//823
f 1275//1275 1277//1277 1276//1276
f 1276//1276 1278//1278 1279//1279
f 1278//1278 1276//1276 1277//1277
f 1277//1277 1280//1280 1278//1278
f 1280//1280 1281//1281 1282//1282
f 1281//1281 1280//1280 1283//1283
f 1282//1282 1278//1278 1280//1280
f 1281//1281 1284//1284 1282//1282
f 1285//1285 1282//1282 1284//1284
f 1286//1286 1285//1285 1287//1287
f 1285//1285 1284//1284 1288//1288
f 1288//1288 1287//1287 1285//1285
f 1287//1287 1288//1288 1289//1289
f 1290//1290 1289//1289 1288//1288
f 1291//1291 1287//1287 1289//1289
f 1291//1291 1289//1289 1214//1214
f 1216//1216 1214//1214 1289//1289
f 1287//1287 1291//1291 1292//1292
f 1292//1292 1286//1286 1287//1287
f 1286//1286 1292//1292 1293//1293
f 1293//1293 1294//1294 1286//1286
f 1295//1295 1286//1286 1294//1294
f 1279//1279 1295//1295 1294//1294
f 1294//1294 1296//1296 1279//1279
f 1279//1279 1296//1296 1297//1297
f 1297//1297 1276//1276 1279//1279
f 1125//1125 1298//1298 1126//1126
f 1299//1299 1126//1126 1298//1298
f 1296//1296 1299//1299 1298//1298
f 1298//1298 1297//1297 1296//1296
f 1298//1298 1125//1125 1124//1124
f 1297//1297 1298//1298 1124//1124
f 1297//1297 1124//1124 1123//1123
f 1300//1300 1301//1301 1299//1299
f 1126//1126 1299//1299 1302//1302
f 1299//1299 1296//1296 1300//1300
f 1301//1301 1302//1302 1299//1299
f 1303//1303 1304//1304 1301//1301
f 1302//1302 1301//1301 1304//1304
f 1301//1301 1300//1300 1303//1303
f 1293//1293 1303//1303 1300//1300
f 1305//1305 1302//1302 1304//1304
f 1304//1304 1306//1306 1305//1305
f 1129//1129 1305//1305 1307//1307
f 1306//1306 1307//1307 1305//1305
f 1307//1307 1306//1306 1308//1308
f 1309//1309 1308//1308 1306//1306
f 1131//1131 1307//1307 1310//1310
f 1308//1308 1310//1310 1307//1307
f 1308//1308 1311//1311 1310//1310
f 1312//1312 1310//1310 1311//1311
f 1312//1312 1311//1311 1313//1313
f 1313//1313 1314//1314 1312//1312
f 1135//1135 1312//1312 1314//1314
f 1314//1314 1315//1315 1135//1135
f 1315//1315 1314//1314 1316//1316
f 1316//1316 1317//1317 1315//1315
f 1318//1318 1315//1315 1317//1317
f 1317//1317 1319//1319 1318//1318
f 1320//1320 1318//1318 1319//1319
f 1319//1319 1321//1321 1320//1320
f 1322//1322 1320//1320 1321//1321
f 1321//1321 1323//1323 1322//1322
f 1324//1324 1322//1322 1323//1323
f 1324//1324 1323//1323 1325//1325
f 1326//1326 1325//1325 1323//1323
f 1327//1327 1324//1324 1325//1325
f 1327//1327 1325//1325 1328//1328
f 1328//1328 1329//1329 1327//1327
f 1329//1329 531//531 1327//1327
f 1330//1330 1327//1327 531//531
f 1330//1330 1331//1331 1327//1327
f 1331//1331 1330//1330 1332//1332
f 1332//1332 1333//1333 1331//1331
f 1334//1334 1331//1331 1333//1333
f 1333//1333 1335//1335 1334//1334
f 1336//1336 1334//1334 1335//1335
f 1335//1335 1337//1337 1336//1336
f 1139//1139 1336//1336 1337//1337
f 1336//1336 1139//1139 1320//1320
f 1337//1337 1335//1335 1338//1338
f 1339//1339 1337//1337 1338//1338
f 1338//1338 1340//1340 1339//1339
f 1341//1341 1339//1339 1340//1340
f 1340//1340 1342//1342 1341//1341
f 1343//1343 1341//1341 1342//1342
f 1342//1342 1344//1344 1343//1343
f 1345//1345 1343//1343 1344//1344
f 1344//1344 1346//1346 1345//1345
f 1347//1347 1345//1345 1346//1346
f 1346//1346 1348//1348 1347//1347
f 1349//1349 1347//1347 1348//1348
f 1348//1348 1350//1350 1349//1349
f 1351//1351 1349//1349 1350//1350
f 1352//1352 1351//1351 1350//1350
f 1350//1350 1353//1353 1352//1352
f 1354//1354 1352//1352 1353//1353
f 1353//1353 1355//1355 1354//1354
f 1354//1354 1355//1355 1356//1356
f 1356//1356 1357//1357 1354//1354
f 1159//1159 1354//1354 1357//1357
f 1357//1357 1160//1160 1159//1159
f 1358//1358 1160//1160 1357//1357
f 1357//1357 1359//1359 1358//1358
f 1360//1360 1358//1358 1359//1359
f 1359//1359 1361//1361 1360//1360
f 1362//1362 1360//1360 1361//1361
f 1361//1361 1363//1363 1362//1362
f 1364//1364 1362//1362 1363//1363
f 1363//1363 1365//1365 1364//1364
f 1366//1366 1364//1364 1365//1365
f 1365//1365 1367//1367 1366//1366
f 1368//1368 1366//1366 1367//1367
f 1369//1369 1368//1368 1367//1367
f 1367//1367 1370//1370 1369//1369
f 1371//1371 1369//1369 1370//1370
f 1370//1370 1372//1372 1371//1371
f 1373//1373 1371//1371 1372//1372
f 1372//1372 1374//1374 1373//1373
f 1375//1375 1373//1373 1374//1374
f 562//562 1376//1376 1377//1377
f 1374//1374 506//506 1375//1375
f 1373//1373 1375//1375 1378//1378
f 1378//1378 1379//1379 1373//1373
f 1379//1379 1378//1378 1380//1380
f 1380//1380 1381//1381 1379//1379
f 1382//1382 1379//1379 1381//1381
f 1381//1381 1383//1383 1382//1382
f 1384//1384 1382//1382 1383//1383
f 1383//1383 1385//1385 1384//1384
f 1386//1386 1384//1384 1385//1385
f 1385//1385 1387//1387 1386//1386
f 1387//1387 1388//1388 1386//1386
f 1389//1389 1386//1386 1388//1388
f 1388//1388 1390//1390 1389//1389
f 1391//1391 1389//1389 1390//1390
f 1390//1390 1392//1392 1391//1391
f 1393//1393 1391//1391 1392//1392
f 1392//1392 1394//1394 1393//1393
f 1395//1395 1393//1393 1394//1394
f 1394//1394 1396//1396 1395//1395
f 1397//1397 1395//1395 1396//1396
f 1396//1396 1398//1398 1397//1397
f 1399//1399 1397//1397 1398//1398
f 1400//1400 1399//1399 1398//1398
f 1401//1401 1400//1400 1398//1398
f 1400//1400 1401//1401 1402//1402
f 1402//1402 1403//1403 1400//1400
f 1403//1403 1404//1404 1400//1400
f 1404//1404 1403//1403 1405//1405
f 1405//1405 1161//1161 1404//1404
f 1160//1160 1404//1404 1161//1161
f 1404//1404 1160//1160 1399//1399
f 1179//1179 1405//1405 1403//1403
f 1403//1403 1402//1402 1181//1181
f 1406//1406 1402//1402 1401//1401
f 1401//1401 1407//1407 1406//1406
f 1408//1408 1406//1406 1407//1407
f 1407//1407 1409//1409 1408//1408
f 1410//1410 1408//1408 1409//1409
f 1409//1409 1411//1411 1410//1410
f 1412//1412 1410//1410 1411//1411
f 1411//1411 1413//1413 1412//1412
f 1414//1414 1412//1412 1413//1413
f 1413//1413 1415//1415 1414//1414
f 1416//1416 1414//1414 1415//1415
f 1415//1415 1417//1417 1416//1416
f 1418//1418 1416//1416 1417//1417
f 1419//1419 1418//1418 1417//1417
f 1417//1417 1420//1420 1419//1419
f 1421//1421 1419//1419 1420//1420
f 1420//1420 1422//1422 1421//1421
f 1423//1423 1421//1421 1422//1422
f 1422//1422 1424//1424 1423//1423
f 1425//1425 1423//1423 1424//1424
f 1424//1424 1426//1426 1425//1425
f 1426//1426 500//500 1425//1425
f 1427//1427 1425//1425 500//500
f 569//569 1425//1425 1427//1427
f 1425//1425 569//569 1428//1428
f 568//568 1428//1428 569//569
f 567//567 1428//1428 568//568
f 1428//1428 567//567 1429//1429
f 1430//1430 1428//1428 1429//1429
f 1430//1430 1429//1429 1431//1431
f 1432//1432 1431//1431 1429//1429
f 1433//1433 1430//1430 1431//1431
f 1431//1431 1434//1434 1433//1433
f 1435//1435 1433//1433 1434//1434
f 1436//1436 1435//1435 1434//1434
f 1434//1434 1437//1437 1436//1436
f 1438//1438 1436//1436 1437//1437
f 1438//1438 1437//1437 1439//1439
f 1438//1438 1439//1439 559//559
f 559//559 1440//1440 1438//1438
f 1441//1441 1438//1438 1440//1440
f 1441//1441 1440//1440 558//558
f 1438//1438 1441//1441 1442//1442
f 1442//1442 1443//1443 1438//1438
f 1443//1443 1442//1442 1201//1201
f 1444//1444 1442//1442 1441//1441
f 1441//1441 1445//1445 1444//1444
f 1446//1446 1444//1444 1445//1445
f 1446//1446 1445//1445 1447//1447
f 1447//1447 1448//1448 1446//1446
f 1447//1447 1449//1449 1448//1448
f 1450//1450 1448//1448 1449//1449
f 1449//1449 1451//1451 1450//1450
f 1452//1452 1450//1450 1451//1451
f 1451//1451 1453//1453 1452//1452
f 1454//1454 1452//1452 1453//1453
f 1454//1454 1453//1453 1455//1455
f 1455//1455 1456//1456 1454//1454
f 1455//1455 1457//1457 1456//1456
f 1458//1458 1456//1456 1457//1457
f 1457//1457 1459//1459 1458//1458
f 1460//1460 1458//1458 1459//1459
f 1459//1459 1461//1461 1460//1460
f 1462//1462 1460//1460 1461//1461
f 1461//1461 1463//1463 1462//1462
f 1464//1464 1462//1462 1463//1463
f 1463//1463 1465//1465 1464//1464
f 1466//1466 1464//1464 1465//1465
f 1465//1465 1467//1467 1466//1466
f 1468//1468 1466//1466 1467//1467
f 520//520 1469//1469 1470//1470
f 1467//1467 1471//1471 1468//1468
f 1468//1468 1471//1471 173//173
f 1472//1472 1468//1468 173//173
f 1473//1473 1472//1472 173//173
f 1473//1473 173//173 1474//1474
f 1473//1473 1474//1474 1475//1475
f 1326//1326 1475//1475 1474//1474
f 1326//1326 1474//1474 1476//1476
f 1476//1476 1477//1477 1326//1326
f 1477//1477 1478//1478 1326//1326
f 1325//1325 1326//1326 1478//1478
f 1478//1478 1479//1479 1325//1325
f 1479//1479 1478//1478 173//173
f 1328//1328 1479//1479 173//173
f 1478//1478 1477//1477 173//173
f 1477//1477 1476//1476 173//173
f 1326//1326 1480//1480 1475//1475
f 1466//1466 1475//1475 1480//1480
f 1480//1480 1481//1481 1466//1466
f 1481//1481 1480//1480 1321//1321
f 1475//1475 1466//1466 1472//1472
f 1480//1480 1326//1326 1323//1323
f 1476//1476 1474//1474 173//173
f 1475//1475 1472//1472 1473//1473
f 1471//1471 1482//1482 173//173
f 1482//1482 1483//1483 173//173
f 1483//1483 1484//1484 173//173
f 1484//1484 1485//1485 173//173
f 1485//1485 1486//1486 173//173
f 1487//1487 173//173 1486//1486
f 1487//1487 1486//1486 1459//1459
f 1459//1459 1488//1488 1487//1487
f 1487//1487 1488//1488 542//542
f 1488//1488 1457//1457 542//542
f 1487//1487 542//542 173//173
f 175//175 173//173 542//542
f 1461//1461 1486//1486 1485//1485
f 1485//1485 1484//1484 1461//1461
f 1463//1463 1484//1484 1483//1483
f 1483//1483 1489//1489 1463//1463
f 1482//1482 1489//1489 1483//1483
f 1465//1465 1489//1489 1482//1482
f 1482//1482 1471//1471 1465//1465
f 1468//1468 1472//1472 1466//1466
f 1467//1467 1465//1465 1471//1471
f 1464//1464 1466//1466 1481//1481
f 1481//1481 1490//1490 1464//1464
f 1490//1490 1481//1481 1319//1319
f 1465//1465 1463//1463 1489//1489
f 1462//1462 1464//1464 1490//1490
f 1490//1490 1491//1491 1462//1462
f 1491//1491 1490//1490 1317//1317
f 1463//1463 1461//1461 1484//1484
f 1460//1460 1462//1462 1491//1491
f 1491//1491 1492//1492 1460//1460
f 1492//1492 1491//1491 1316//1316
f 1316//1316 1493//1493 1492//1492
f 1494//1494 1492//1492 1493//1493
f 1493//1493 1495//1495 1494//1494
f 1496//1496 1494//1494 1495//1495
f 1495//1495 1497//1497 1496//1496
f 1498//1498 1496//1496 1497//1497
f 1497//1497 1499//1499 1498//1498
f 1499//1499 1500//1500 1498//1498
f 1452//1452 1498//1498 1500//1500
f 1498//1498 1452//1452 1454//1454
f 1500//1500 1499//1499 1210//1210
f 1210//1210 1499//1499 1501//1501
f 1502//1502 1501//1501 1499//1499
f 1501//1501 1502//1502 1503//1503
f 1503//1503 1504//1504 1501//1501
f 1211//1211 1501//1501 1504//1504
f 1309//1309 1505//1505 1503//1503
f 1504//1504 1503//1503 1505//1505
f 1506//1506 1504//1504 1505//1505
f 1505//1505 1507//1507 1506//1506
f 1292//1292 1506//1506 1507//1507
f 1507//1507 1505//1505 1508//1508
f 1508//1508 1303//1303 1507//1507
f 1293//1293 1507//1507 1303//1303
f 1304//1304 1303//1303 1508//1508
f 1508//1508 1306//1306 1304//1304
f 1309//1309 1508//1508 1505//1505
f 1508//1508 1309//1309 1306//1306
f 1504//1504 1506//1506 1213//1213
f 1291//1291 1213//1213 1506//1506
f 1308//1308 1309//1309 1509//1509
f 1503//1503 1509//1509 1309//1309
f 1509//1509 1503//1503 1502//1502
f 1502//1502 1510//1510 1509//1509
f 1311//1311 1509//1509 1510//1510
f 1510//1510 1502//1502 1497//1497
f 1499//1499 1497//1497 1502//1502
f 1448//1448 1209//1209 1207//1207
f 1209//1209 1448//1448 1450//1450
f 1454//1454 1496//1496 1498//1498
f 1496//1496 1454//1454 1456//1456
f 1497//1497 1495//1495 1510//1510
f 1313//1313 1510//1510 1495//1495
f 1456//1456 1494//1494 1496//1496
f 1494//1494 1456//1456 1458//1458
f 1495//1495 1493//1493 1313//1313
f 1492//1492 1494//1494 1458//1458
f 1461//1461 1459//1459 1486//1486
f 1458//1458 1460//1460 1492//1492
f 1459//1459 1457//1457 1488//1488
f 1457//1457 1455//1455 1511//1511
f 1457//1457 1511//1511 543//543
f 544//544 1511//1511 1455//1455
f 1455//1455 1453//1453 545//545
f 545//545 1453//1453 546//546
f 1453//1453 547//547 549//549
f 1453//1453 1451//1451 547//547
f 549//549 546//546 1453//1453
f 548//548 547//547 1451//1451
f 1450//1450 1500//1500 1209//1209
f 1500//1500 1450//1450 1452//1452
f 1451//1451 1449//1449 550//550
f 1449//1449 1447//1447 552//552
f 1446//1446 1207//1207 1205//1205
f 1207//1207 1446//1446 1448//1448
f 1447//1447 1445//1445 554//554
f 1444//1444 1446//1446 1205//1205
f 1445//1445 1441//1441 556//556
f 1442//1442 1444//1444 1203//1203
f 560//560 1439//1439 1437//1437
f 560//560 1437//1437 1512//1512
f 509//509 1513//1513 1514//1514
f 1376//1376 1512//1512 1437//1437
f 1512//1512 1376//1376 561//561
f 1436//1436 1438//1438 1443//1443
f 1443//1443 1515//1515 1436//1436
f 1515//1515 1443//1443 1199//1199
f 1437//1437 1434//1434 1376//1376
f 1435//1435 1436//1436 1515//1515
f 1515//1515 1418//1418 1435//1435
f 1418//1418 1515//1515 1197//1197
f 1433//1433 1435//1435 1419//1419
f 1434//1434 1431//1431 1376//1376
f 1432//1432 1376//1376 1431//1431
f 1376//1376 1432//1432 1377//1377
f 1377//1377 1516//1516 562//562
f 1377//1377 1432//1432 1516//1516
f 563//563 1516//1516 1432//1432
f 1430//1430 1433//1433 1421//1421
f 1429//1429 565//565 1432//1432
f 1428//1428 1430//1430 1423//1423
f 1426//1426 1424//1424 1381//1381
f 1423//1423 1425//1425 1428//1428
f 1424//1424 1422//1422 1383//1383
f 1421//1421 1423//1423 1430//1430
f 1422//1422 1420//1420 1385//1385
f 1419//1419 1421//1421 1433//1433
f 1420//1420 1417//1417 1387//1387
f 1418//1418 1419//1419 1435//1435
f 1416//1416 1418//1418 1195//1195
f 1417//1417 1415//1415 1387//1387
f 1414//1414 1416//1416 1193//1193
f 1415//1415 1413//1413 1388//1388
f 1412//1412 1414//1414 1191//1191
f 1413//1413 1411//1411 1390//1390
f 1410//1410 1412//1412 1189//1189
f 1411//1411 1409//1409 1392//1392
f 1408//1408 1410//1410 1187//1187
f 1409//1409 1407//1407 1394//1394
f 1406//1406 1408//1408 1185//1185
f 1407//1407 1401//1401 1396//1396
f 1402//1402 1406//1406 1183//1183
f 1399//1399 1400//1400 1404//1404
f 1397//1397 1399//1399 1358//1358
f 1398//1398 1396//1396 1401//1401
f 1395//1395 1397//1397 1360//1360
f 1396//1396 1394//1394 1407//1407
f 1393//1393 1395//1395 1362//1362
f 1394//1394 1392//1392 1409//1409
f 1391//1391 1393//1393 1364//1364
f 1392//1392 1390//1390 1411//1411
f 1389//1389 1391//1391 1366//1366
f 1390//1390 1388//1388 1413//1413
f 1386//1386 1389//1389 1368//1368
f 1388//1388 1387//1387 1415//1415
f 1387//1387 1385//1385 1420//1420
f 1384//1384 1386//1386 1368//1368
f 1385//1385 1383//1383 1422//1422
f 1382//1382 1384//1384 1369//1369
f 1383//1383 1381//1381 1424//1424
f 1379//1379 1382//1382 1371//1371
f 1381//1381 1380//1380 1426//1426
f 1380//1380 502//502 1426//1426
f 1378//1378 504//504 1380//1380
f 1375//1375 505//505 1378//1378
f 1374//1374 1372//1372 1517//1517
f 1518//1518 1374//1374 1517//1517
f 1517//1517 1519//1519 1518//1518
f 1520//1520 1518//1518 1519//1519
f 1519//1519 1521//1521 1522//1522
f 1522//1522 1520//1520 1519//1519
f 1523//1523 1524//1524 1520//1520
f 1520//1520 1522//1522 1523//1523
f 1524//1524 1525//1525 1526//1526
f 1526//1526 1520//1520 1524//1524
f 1525//1525 1527//1527 1528//1528
f 1528//1528 1526//1526 1525//1525
f 1527//1527 1529//1529 1530//1530
f 1530//1530 1528//1528 1527//1527
f 1529//1529 513//513 1530//1530
f 515//515 1529//1529 1527//1527
f 1528//1528 1530//1530 511//511
f 1531//1531 1527//1527 1525//1525
f 1525//1525 1532//1532 1531//1531
f 1533//1533 1531//1531 1532//1532
f 1532//1532 1534//1534 1533//1533
f 1535//1535 1533//1533 1534//1534
f 1536//1536 1535//1535 1534//1534
f 1537//1537 1536//1536 1534//1534
f 1536//1536 1537//1537 1538//1538
f 1538//1538 1539//1539 1536//1536
f 1539//1539 1540//1540 1536//1536
f 1540//1540 1539//1539 1541//1541
f 1541//1541 1542//1542 1540//1540
f 1543//1543 1540//1540 1542//1542
f 1542//1542 1544//1544 1543//1543
f 1544//1544 1545//1545 1543//1543
f 1546//1546 1543//1543 1545//1545
f 1545//1545 1547//1547 1546//1546
f 1548//1548 1546//1546 1547//1547
f 1547//1547 1549//1549 1548//1548
f 1470//1470 1548//1548 1549//1549
f 1549//1549 521//521 1470//1470
f 1548//1548 1470//1470 1531//1531
f 1549//1549 1547//1547 1550//1550
f 1550//1550 1551//1551 1549//1549
f 1549//1549 1551//1551 522//522
f 1551//1551 1550//1550 1552//1552
f 1552//1552 524//524 1551//1551
f 1553//1553 1552//1552 1550//1550
f 1550//1550 1554//1554 1553//1553
f 1555//1555 1553//1553 1554//1554
f 1554//1554 1556//1556 1555//1555
f 1557//1557 1555//1555 1556//1556
f 1556//1556 1558//1558 1557//1557
f 1559//1559 1557//1557 1558//1558
f 1560//1560 1559//1559 1558//1558
f 1558//1558 1561//1561 1560//1560
f 1562//1562 1560//1560 1561//1561
f 1561//1561 1563//1563 1562//1562
f 1564//1564 1562//1562 1563//1563
f 1563//1563 1565//1565 1564//1564
f 1566//1566 1564//1564 1565//1565
f 1565//1565 1567//1567 1566//1566
f 1568//1568 1566//1566 1567//1567
f 1569//1569 1568//1568 1567//1567
f 1567//1567 1570//1570 1569//1569
f 1571//1571 1569//1569 1570//1570
f 1570//1570 1572//1572 1571//1571
f 1571//1571 1572//1572 1573//1573
f 1573//1573 1574//1574 1571//1571
f 1355//1355 1571//1571 1574//1574
f 1574//1574 1356//1356 1355//1355
f 1575//1575 1574//1574 1573//1573
f 1573//1573 1576//1576 1575//1575
f 1577//1577 1575//1575 1576//1576
f 1576//1576 1578//1578 1577//1577
f 1579//1579 1577//1577 1578//1578
f 1580//1580 1579//1579 1578//1578
f 1521//1521 1580//1580 1578//1578
f 1580//1580 1521//1521 1519//1519
f 1579//1579 1580//1580 1581//1581
f 1581//1581 1582//1582 1579//1579
f 1582//1582 1583//1583 1579//1579
f 1583//1583 1582//1582 1365//1365
f 1582//1582 1581//1581 1370//1370
f 1517//1517 1581//1581 1580//1580
f 1577//1577 1579//1579 1583//1583
f 1583//1583 1584//1584 1577//1577
f 1584//1584 1583//1583 1363//1363
f 1578//1578 1576//1576 1521//1521
f 1585//1585 1521//1521 1576//1576
f 1521//1521 1585//1585 1522//1522
f 1586//1586 1523//1523 1522//1522
f 1522//1522 1585//1585 1586//1586
f 1572//1572 1586//1586 1585//1585
f 1585//1585 1573//1573 1572//1572
f 1587//1587 1586//1586 1572//1572
f 1586//1586 1587//1587 1538//1538
f 1538//1538 1523//1523 1586//1586
f 1575//1575 1577//1577 1584//1584
f 1584//1584 1588//1588 1575//1575
f 1588//1588 1584//1584 1361//1361
f 1576//1576 1573//1573 1585//1585
f 1574//1574 1575//1575 1588//1588
f 1588//1588 1356//1356 1574//1574
f 1356//1356 1588//1588 1359//1359
f 1572//1572 1570//1570 1587//1587
f 1589//1589 1587//1587 1570//1570
f 1587//1587 1589//1589 1539//1539
f 1569//1569 1571//1571 1355//1355
f 1570//1570 1567//1567 1589//1589
f 1568//1568 1569//1569 1353//1353
f 1566//1566 1568//1568 1348//1348
f 1567//1567 1565//1565 1589//1589
f 1541//1541 1589//1589 1565//1565
f 1564//1564 1566//1566 1346//1346
f 1565//1565 1563//1563 1541//1541
f 1562//1562 1564//1564 1344//1344
f 1563//1563 1561//1561 1542//1542
f 1560//1560 1562//1562 1342//1342
f 1561//1561 1558//1558 1544//1544
f 1559//1559 1560//1560 1340//1340
f 1557//1557 1559//1559 1590//1590
f 1590//1590 1591//1591 1557//1557
f 1591//1591 1590//1590 1333//1333
f 1338//1338 1590//1590 1559//1559
f 1558//1558 1556//1556 1544//1544
f 1555//1555 1557//1557 1591//1591
f 1591//1591 1592//1592 1555//1555
f 1592//1592 1591//1591 1332//1332
f 1332//1332 1593//1593 1592//1592
f 1594//1594 1592//1592 1593//1593
f 1594//1594 1593//1593 527//527
f 1592//1592 1594//1594 1553//1553
f 1556//1556 1554//1554 1545//1545
f 1553//1553 1555//1555 1592//1592
f 1552//1552 1553//1553 1594//1594
f 1552//1552 1594//1594 525//525
f 1554//1554 1550//1550 1547//1547
f 1546//1546 1548//1548 1533//1533
f 1547//1547 1545//1545 1554//1554
f 1543//1543 1546//1546 1535//1535
f 1545//1545 1544//1544 1556//1556
f 1544//1544 1542//1542 1561//1561
f 1540//1540 1543//1543 1535//1535
f 1542//1542 1541//1541 1563//1563
f 1589//1589 1541//1541 1539//1539
f 1539//1539 1538//1538 1587//1587
f 1523//1523 1538//1538 1537//1537
f 1535//1535 1536//1536 1540//1540
f 1533//1533 1535//1535 1546//1546
f 1534//1534 1532//1532 1537//1537
f 1524//1524 1523//1523 1537//1537
f 1537//1537 1532//1532 1524//1524
f 1531//1531 1533//1533 1548//1548
f 1527//1527 1531//1531 1470//1470
f 1470//1470 517//517 1527//1527
f 1514//1514 1526//1526 1528//1528
f 1528//1528 510//510 1514//1514
f 1526//1526 1514//1514 1518//1518
f 1532//1532 1525//1525 1524//1524
f 1518//1518 1520//1520 1526//1526
f 1519//1519 1517//1517 1580//1580
f 1374//1374 1518//1518 1514//1514
f 1514//1514 507//507 1374//1374
f 1581//1581 1517//1517 1372//1372
f 1371//1371 1373//1373 1379//1379
f 1372//1372 1370//1370 1581//1581
f 1369//1369 1371//1371 1382//1382
f 1370//1370 1367//1367 1582//1582
f 1368//1368 1369//1369 1384//1384
f 1366//1366 1368//1368 1389//1389
f 1367//1367 1365//1365 1582//1582
f 1364//1364 1366//1366 1391//1391
f 1365//1365 1363//1363 1583//1583
f 1362//1362 1364//1364 1393//1393
f 1363//1363 1361//1361 1584//1584
f 1360//1360 1362//1362 1395//1395
f 1361//1361 1359//1359 1588//1588
f 1358//1358 1360//1360 1397//1397
f 1160//1160 1358//1358 1399//1399
f 1359//1359 1357//1357 1356//1356
f 1355//1355 1353//1353 1569//1569
f 1352//1352 1354//1354 1159//1159
f 1353//1353 1350//1350 1568//1568
f 1351//1351 1352//1352 1157//1157
f 1349//1349 1351//1351 1152//1152
f 1350//1350 1348//1348 1568//1568
f 1347//1347 1349//1349 1150//1150
f 1348//1348 1346//1346 1566//1566
f 1345//1345 1347//1347 1148//1148
f 1346//1346 1344//1344 1564//1564
f 1343//1343 1345//1345 1146//1146
f 1344//1344 1342//1342 1562//1562
f 1341//1341 1343//1343 1144//1144
f 1342//1342 1340//1340 1560//1560
f 1339//1339 1341//1341 1142//1142
f 1340//1340 1338//1338 1559//1559
f 1337//1337 1339//1339 1140//1140
f 1590//1590 1338//1338 1335//1335
f 1334//1334 1336//1336 1322//1322
f 1335//1335 1333//1333 1590//1590
f 1331//1331 1334//1334 1324//1324
f 1333//1333 1332//1332 1591//1591
f 1593//1593 1332//1332 1330//1330
f 1593//1593 1330//1330 529//529
f 531//531 1329//1329 1328//1328
f 1479//1479 1328//1328 1325//1325
f 1324//1324 1327//1327 1331//1331
f 1322//1322 1324//1324 1334//1334
f 1323//1323 1321//1321 1480//1480
f 1320//1320 1322//1322 1336//1336
f 1321//1321 1319//1319 1481//1481
f 1318//1318 1320//1320 1139//1139
f 1319//1319 1317//1317 1490//1490
f 1315//1315 1318//1318 1137//1137
f 1317//1317 1316//1316 1491//1491
f 1493//1493 1316//1316 1314//1314
f 1314//1314 1313//1313 1493//1493
f 1510//1510 1313//1313 1311//1311
f 1310//1310 1312//1312 1133//1133
f 1311//1311 1308//1308 1509//1509
f 1302//1302 1305//1305 1127//1127
f 1296//1296 1294//1294 1300//1300
f 1295//1295 1279//1279 1278//1278
f 1286//1286 1295//1295 1285//1285
f 1294//1294 1293//1293 1300//1300
f 1507//1507 1293//1293 1292//1292
f 1506//1506 1292//1292 1291//1291
f 1289//1289 1290//1290 1216//1216
f 1218//1218 1216//1216 1290//1290
f 1288//1288 1595//1595 1290//1290
f 1596//1596 1290//1290 1595//1595
f 1596//1596 1218//1218 1290//1290
f 1597//1597 1596//1596 1595//1595
f 1598//1598 1599//1599 1597//1597
f 1597//1597 1595//1595 1598//1598
f 1598//1598 1600//1600 1599//1599
f 1601//1601 1599//1599 1600//1600
f 1602//1602 1601//1601 1600//1600
f 1600//1600 1283//1283 1602//1602
f 1603//1603 1602//1602 1283//1283
f 1283//1283 1604//1604 1603//1603
f 1605//1605 1603//1603 1604//1604
f 1604//1604 1606//1606 1605//1605
f 1607//1607 1605//1605 1606//1606
f 1606//1606 1274//1274 1607//1607
f 1274//1274 1273//1273 1607//1607
f 1273//1273 1608//1608 1607//1607
f 1609//1609 1607//1607 1608//1608
f 1273//1273 1270//1270 1608//1608
f 1610//1610 1608//1608 1270//1270
f 1270//1270 1611//1611 1610//1610
f 1612//1612 1610//1610 1611//1611
f 1613//1613 1611//1611 1268//1268
f 1611//1611 1613//1613 1614//1614
f 1614//1614 1612//1612 1611//1611
f 1615//1615 1612//1612 1614//1614
f 1615//1615 1614//1614 1025//1025
f 1614//1614 1044//1044 1025//1025
f 1616//1616 1615//1615 1036//1036
f 1615//1615 1025//1025 1036//1036
f 1616//1616 1036//1036 1028//1028
f 1615//1615 1616//1616 1617//1617
f 1617//1617 1618//1618 1615//1615
f 1618//1618 1617//1617 1619//1619
f 1619//1619 1620//1620 1618//1618
f 1621//1621 1618//1618 1620//1620
f 1620//1620 1622//1622 1621//1621
f 1623//1623 1621//1621 1622//1622
f 1622//1622 1624//1624 1623//1623
f 1609//1609 1623//1623 1624//1624
f 1625//1625 1626//1626 1624//1624
f 1609//1609 1624//1624 1626//1626
f 1627//1627 1626//1626 1625//1625
f 1625//1625 1628//1628 1627//1627
f 1629//1629 1627//1627 1628//1628
f 1628//1628 1630//1630 1629//1629
f 1631//1631 1629//1629 1630//1630
f 1632//1632 1631//1631 1630//1630
f 1630//1630 1633//1633 1632//1632
f 1634//1634 1632//1632 1633//1633
f 1633//1633 1635//1635 1634//1634
f 1636//1636 1634//1634 1635//1635
f 1635//1635 1637//1637 1636//1636
f 1638//1638 1636//1636 1637//1637
f 1639//1639 1638//1638 1637//1637
f 1637//1637 1640//1640 1639//1639
f 1641//1641 1639//1639 1640//1640
f 1640//1640 1642//1642 1641//1641
f 1643//1643 1641//1641 1642//1642
f 1642//1642 1619//1619 1643//1643
f 1619//1619 1642//1642 1644//1644
f 1645//1645 1644//1644 1642//1642
f 1644//1644 1645//1645 1646//1646
f 1647//1647 1644//1644 1646//1646
f 1646//1646 1648//1648 1647//1647
f 1649//1649 1647//1647 1648//1648
f 1650//1650 1649//1649 1648//1648
f 1651//1651 1650//1650 1648//1648
f 1650//1650 1651//1651 1652//1652
f 1653//1653 1650//1650 1652//1652
f 1654//1654 1653//1653 1652//1652
f 1652//1652 1655//1655 1654//1654
f 1656//1656 1654//1654 1655//1655
f 1645//1645 1656//1656 1655//1655
f 1656//1656 1645//1645 1640//1640
f 1654//1654 1656//1656 1635//1635
f 1653//1653 1654//1654 1633//1633
f 1650//1650 1653//1653 1628//1628
f 1655//1655 1652//1652 1651//1651
f 1646//1646 1655//1655 1651//1651
f 1649//1649 1650//1650 1625//1625
f 1647//1647 1649//1649 1622//1622
f 1648//1648 1646//1646 1651//1651
f 1644//1644 1647//1647 1620//1620
f 1655//1655 1646//1646 1645//1645
f 1641//1641 1643//1643 1657//1657
f 1657//1657 1658//1658 1641//1641
f 1658//1658 1657//1657 1247//1247
f 1659//1659 1657//1657 1643//1643
f 1643//1643 1617//1617 1659//1659
f 1657//1657 1659//1659 1249//1249
f 1642//1642 1640//1640 1645//1645
f 1639//1639 1641//1641 1658//1658
f 1658//1658 1660//1660 1639//1639
f 1660//1660 1658//1658 1245//1245
f 1640//1640 1637//1637 1656//1656
f 1638//1638 1639//1639 1660//1660
f 1660//1660 1661//1661 1638//1638
f 1661//1661 1662//1662 1638//1638
f 1662//1662 1661//1661 1238//1238
f 1661//1661 1660//1660 1243//1243
f 1636//1636 1638//1638 1662//1662
f 1662//1662 1663//1663 1636//1636
f 1663//1663 1662//1662 1236//1236
f 1637//1637 1635//1635 1656//1656
f 1634//1634 1636//1636 1663//1663
f 1663//1663 1664//1664 1634//1634
f 1664//1664 1663//1663 1234//1234
f 1635//1635 1633//1633 1654//1654
f 1632//1632 1634//1634 1664//1664
f 1664//1664 1665//1665 1632//1632
f 1665//1665 1664//1664 1232//1232
f 1633//1633 1630//1630 1653//1653
f 1631//1631 1632//1632 1665//1665
f 1665//1665 1666//1666 1631//1631
f 1667//1667 1631//1631 1666//1666
f 1666//1666 1668//1668 1667//1667
f 1669//1669 1667//1667 1668//1668
f 1668//1668 1670//1670 1669//1669
f 1671//1671 1669//1669 1670//1670
f 1671//1671 1670//1670 1222//1222
f 1222//1222 1220//1220 1671//1671
f 1597//1597 1669//1669 1671//1671
f 1671//1671 1596//1596 1597//1597
f 1670//1670 1668//1668 1226//1226
f 1667//1667 1669//1669 1599//1599
f 1668//1668 1666//1666 1228//1228
f 1631//1631 1667//1667 1601//1601
f 1666//1666 1665//1665 1230//1230
f 1629//1629 1631//1631 1601//1601
f 1630//1630 1628//1628 1653//1653
f 1627//1627 1629//1629 1602//1602
f 1628//1628 1625//1625 1650//1650
f 1626//1626 1627//1627 1603//1603
f 1625//1625 1624//1624 1649//1649
f 1609//1609 1626//1626 1605//1605
f 1623//1623 1609//1609 1608//1608
f 1624//1624 1622//1622 1649//1649
f 1621//1621 1623//1623 1610//1610
f 1622//1622 1620//1620 1647//1647
f 1618//1618 1621//1621 1612//1612
f 1620//1620 1619//1619 1644//1644
f 1617//1617 1643//1643 1619//1619
f 1616//1616 1659//1659 1617//1617
f 1659//1659 1616//1616 1251//1251
f 1251//1251 1616//1616 1014//1014
f 1616//1616 1023//1023 1014//1014
f 1614//1614 1050//1050 1044//1044
f 1614//1614 1613//1613 1050//1050
f 1613//1613 1039//1039 1050//1050
f 1613//1613 1042//1042 1039//1039
f 1613//1613 1267//1267 1042//1042
f 1267//1267 1053//1053 1042//1042
f 1612//1612 1615//1615 1618//1618
f 1610//1610 1612//1612 1621//1621
f 1611//1611 1270//1270 1268//1268
f 1608//1608 1610//1610 1623//1623
f 1270//1270 1273//1273 1269//1269
f 1273//1273 1274//1274 1272//1272
f 1605//1605 1607//1607 1609//1609
f 1275//1275 1606//1606 1277//1277
f 1604//1604 1277//1277 1606//1606
f 1603//1603 1605//1605 1626//1626
f 1604//1604 1283//1283 1280//1280
f 1602//1602 1603//1603 1627//1627
f 1283//1283 1600//1600 1281//1281
f 1601//1601 1602//1602 1629//1629
f 1599//1599 1601//1601 1667//1667
f 1600//1600 1598//1598 1281//1281
f 1597//1597 1599//1599 1669//1669
f 1598//1598 1595//1595 1284//1284
f 1671//1671 1220//1220 1596//1596
f 1288//1288 1284//1284 1595//1595
f 1282//1282 1285//1285 1295//1295
f 1284//1284 1281//1281 1598//1598
f 1278//1278 1282//1282 1295//1295
f 1280//1280 1277//1277 1604//1604
f 1123//1123 1276//1276 1297//1297
f 1274//1274 1606//1606 1275//1275
f 1121//1121 1120//1120 1117//1117
f 1119//1119 1272//1272 1274//1274
f 1613//1613 1268//1268 1267//1267
f 1267//1267 1057//1057 1053//1053
f 1258//1258 1076//1076 1072//1072
f 1256//1256 1078//1078 1076//1076
f 1076//1076 1258//1258 1256//1256
f 1256//1256 1082//1082 1078//1078
f 1263//1263 1264//1264 1271//1271
f 1117//1117 1263//1263 1121//1121
f 1113//1113 1116//1116 1112//1112
f 1256//1256 1255//1255 1253//1253
f 1256//1256 1253//1253 1082//1082
f 1253//1253 1088//1088 1082//1082
f 1096//1096 945//945 946//946
f 945//945 1096//1096 1095//1095
f 952//952 945//945 1094//1094
f 945//945 1095//1095 1094//1094
f 1616//1616 1028//1028 1017//1017
f 1616//1616 1017//1017 1023//1023
f 1251//1251 1014//1014 1020//1020
f 1251//1251 1020//1020 1011//1011
f 1251//1251 1249//1249 1659//1659
f 1248//1248 1250//1250 1252//1252
f 1252//1252 1672//1672 1248//1248
f 1672//1672 1252//1252 884//884
f 1252//1252 891//891 884//884
f 1249//1249 1247//1247 1657//1657
f 1246//1246 1248//1248 1672//1672
f 1672//1672 1673//1673 1246//1246
f 1673//1673 1672//1672 882//882
f 1247//1247 1245//1245 1658//1658
f 1244//1244 1246//1246 1673//1673
f 1673//1673 1674//1674 1244//1244
f 1674//1674 1673//1673 880//880
f 1245//1245 1243//1243 1660//1660
f 1242//1242 1244//1244 1674//1674
f 1674//1674 1675//1675 1242//1242
f 1675//1675 1674//1674 878//878
f 1243//1243 1240//1240 1661//1661
f 1241//1241 1242//1242 1675//1675
f 1675//1675 1177//1177 1241//1241
f 1177//1177 1675//1675 877//877
f 1239//1239 1241//1241 1180//1180
f 1240//1240 1238//1238 1661//1661
f 1237//1237 1239//1239 1182//1182
f 1238//1238 1236//1236 1662//1662
f 1235//1235 1237//1237 1184//1184
f 1236//1236 1234//1234 1663//1663
f 1233//1233 1235//1235 1186//1186
f 1234//1234 1232//1232 1664//1664
f 1231//1231 1233//1233 1188//1188
f 1232//1232 1230//1230 1665//1665
f 1229//1229 1231//1231 1190//1190
f 1230//1230 1228//1228 1666//1666
f 1227//1227 1229//1229 1192//1192
f 1228//1228 1226//1226 1668//1668
f 1225//1225 1227//1227 1194//1194
f 1226//1226 1224//1224 1670//1670
f 1223//1223 1225//1225 1196//1196
f 1222//1222 1670//1670 1224//1224
f 1221//1221 1223//1223 1198//1198
f 1219//1219 1221//1221 1200//1200
f 1218//1218 1596//1596 1220//1220
f 1217//1217 1219//1219 1202//1202
f 1217//1217 1202//1202 1204//1204
f 1204//1204 1215//1215 1217//1217
f 1212//1212 1215//1215 1206//1206
f 1213//1213 1291//1291 1214//1214
f 1504//1504 1213//1213 1211//1211
f 1501//1501 1211//1211 1210//1210
f 1210//1210 1209//1209 1500//1500
f 1206//1206 1208//1208 1212//1212
f 1204//1204 1206//1206 1215//1215
f 1205//1205 1203//1203 1444//1444
f 1203//1203 1201//1201 1442//1442
f 1200//1200 1202//1202 1219//1219
f 1201//1201 1199//1199 1443//1443
f 1198//1198 1200//1200 1221//1221
f 1199//1199 1197//1197 1515//1515
f 1196//1196 1198//1198 1223//1223
f 1197//1197 1195//1195 1418//1418
f 1194//1194 1196//1196 1225//1225
f 1195//1195 1193//1193 1416//1416
f 1192//1192 1194//1194 1227//1227
f 1193//1193 1191//1191 1414//1414
f 1190//1190 1192//1192 1229//1229
f 1191//1191 1189//1189 1412//1412
f 1188//1188 1190//1190 1231//1231
f 1189//1189 1187//1187 1410//1410
f 1186//1186 1188//1188 1233//1233
f 1187//1187 1185//1185 1408//1408
f 1184//1184 1186//1186 1235//1235
f 1185//1185 1183//1183 1406//1406
f 1182//1182 1184//1184 1237//1237
f 1183//1183 1181//1181 1402//1402
f 1180//1180 1182//1182 1239//1239
f 1181//1181 1179//1179 1403//1403
f 1177//1177 1180//1180 1241//1241
f 1405//1405 1179//1179 1178//1178
f 1178//1178 1163//1163 1405//1405
f 1175//1175 1177//1177 877//877
f 1171//1171 1175//1175 875//875
f 1168//1168 1173//1173 1166//1166
f 1176//1176 1169//1169 1167//1167
f 1173//1173 1164//1164 1166//1166
f 1165//1165 1176//1176 1167//1167
f 1174//1174 1162//1162 1164//1164
f 1162//1162 1174//1174 1156//1156
f 1163//1163 1178//1178 1165//1165
f 1161//1161 1405//1405 1163//1163
f 1159//1159 1157//1157 1352//1352
f 1156//1156 1158//1158 1162//1162
f 1157//1157 1154//1154 1351//1351
f 1155//1155 1156//1156 1174//1174
f 1153//1153 1155//1155 848//848
f 1154//1154 1152//1152 1351//1351
f 1151//1151 1153//1153 846//846
f 1152//1152 1150//1150 1349//1349
f 1149//1149 1151//1151 844//844
f 1150//1150 1148//1148 1347//1347
f 1147//1147 1149//1149 842//842
f 1148//1148 1146//1146 1345//1345
f 1145//1145 1147//1147 840//840
f 1146//1146 1144//1144 1343//1343
f 1143//1143 1145//1145 838//838
f 1144//1144 1142//1142 1341//1341
f 1141//1141 1143//1143 836//836
f 1142//1142 1140//1140 1339//1339
f 1138//1138 1141//1141 835//835
f 1140//1140 1139//1139 1337//1337
f 1139//1139 1137//1137 1318//1318
f 1136//1136 1138//1138 835//835
f 1137//1137 1135//1135 1315//1315
f 1134//1134 1136//1136 833//833
f 1135//1135 1133//1133 1312//1312
f 1132//1132 1134//1134 831//831
f 1133//1133 1131//1131 1310//1310
f 1130//1130 1132//1132 829//829
f 1131//1131 1129//1129 1307//1307
f 1128//1128 1130//1130 827//827
f 1129//1129 1127//1127 1305//1305
f 825//825 1128//1128 824//824
f 1127//1127 1126//1126 1302//1302
f 1120//1120 1123//1123 1124//1124
f 1117//1117 1120//1120 1115//1115
f 1114//1114 1118//1118 820//820
f 1110//1110 1108//1108 1261//1261
f 814//814 1109//1109 813//813
f 1108//1108 1067//1067 1070//1070
f 644//644 953//953 1099//1099
f 953//953 956//956 1099//1099
f 952//952 1094//1094 955//955
f 951//951 953//953 642//642
f 950//950 951//951 640//640
f 952//952 947//947 945//945
f 942//942 949//949 943//943
f 949//949 1097//1097 943//943
f 949//949 1098//1098 1097//1097
f 949//949 622//622 1098//1098
f 622//622 1100//1100 1098//1098
f 1676//1676 1101//1101 1003//1003
f 1677//1677 1676//1676 1102//1102
f 1676//1676 1003//1003 1102//1102
f 1678//1678 1676//1676 1677//1677
f 1677//1677 1679//1679 1678//1678
f 913//913 1678//1678 1679//1679
f 1679//1679 1677//1677 938//938
f 1680//1680 1679//1679 938//938
f 1679//1679 1680//1680 915//915
f 1676//1676 1678//1678 902//902
f 1676//1676 899//899 1101//1101
f 899//899 1106//1106 1101//1101
f 1677//1677 1102//1102 1103//1103
f 938//938 1677//1677 941//941
f 1677//1677 1103//1103 941//941
f 1680//1680 938//938 1002//1002
f 938//938 940//940 1002//1002
f 1680//1680 1002//1002 1004//1004
f 917//917 1680//1680 1104//1104
f 1680//1680 1004//1004 1104//1104
f 917//917 1104//1104 920//920
f 916//916 918//918 594//594
f 917//917 915//915 1680//1680
f 914//914 916//916 592//592
f 915//915 913//913 1679//1679
f 906//906 914//914 590//590
f 1678//1678 913//913 904//904
f 903//903 905//905 664//664
f 904//904 902//902 1678//1678
f 901//901 903//903 666//666
f 902//902 899//899 1676//1676
f 896//896 901//901 668//668
f 899//899 900//900 1106//1106
f 892//892 1252//1252 894//894
f 1252//1252 991//991 894//894
f 1252//1252 892//892 891//891
f 884//884 891//891 890//890
f 884//884 890//890 885//885
f 884//884 882//882 1672//1672
f 881//881 883//883 680//680
f 882//882 880//880 1673//1673
f 879//879 881//881 681//681
f 880//880 878//878 1674//1674
f 876//876 879//879 683//683
f 878//878 877//877 1675//1675
f 877//877 875//875 1175//1175
f 874//874 876//876 683//683
f 875//875 871//871 1171//1171
f 870//870 874//874 684//684
f 867//867 869//869 873//873
f 873//873 1681//1681 867//867
f 1681//1681 873//873 1682//1682
f 1683//1683 1681//1681 1682//1682
f 1682//1682 701//701 1683//1683
f 1681//1681 1683//1683 862//862
f 873//873 698//698 1682//1682
f 868//868 866//866 1170//1170
f 864//864 867//867 1681//1681
f 866//866 865//865 1172//1172
f 865//865 863//863 851//851
f 862//862 864//864 1681//1681
f 863//863 860//860 853//853
f 861//861 862//862 1683//1683
f 1683//1683 705//705 861//861
f 854//854 856//856 744//744
f 855//855 853//853 860//860
f 852//852 854//854 746//746
f 853//853 851//851 863//863
f 849//849 852//852 748//748
f 851//851 850//850 865//865
f 850//850 848//848 1155//1155
f 847//847 849//849 748//748
f 848//848 846//846 1153//1153
f 845//845 847//847 749//749
f 846//846 844//844 1151//1151
f 843//843 845//845 751//751
f 844//844 842//842 1149//1149
f 841//841 843//843 753//753
f 842//842 840//840 1147//1147
f 839//839 841//841 755//755
f 840//840 838//838 1145//1145
f 837//837 839//839 757//757
f 838//838 836//836 1143//1143
f 834//834 837//837 759//759
f 836//836 835//835 1141//1141
f 835//835 833//833 1136//1136
f 832//832 834//834 759//759
f 833//833 831//831 1134//1134
f 830//830 832//832 760//760
f 831//831 829//829 1132//1132
f 828//828 830//830 762//762
f 829//829 827//827 1130//1130
f 827//827 824//824 1128//1128
f 822//822 826//826 766//766
f 820//820 818//818 1114//1114
f 818//818 816//816 1111//1111
f 815//815 817//817 771//771
f 816//816 813//813 1109//1109
f 811//811 815//815 773//773
f 812//812 810//810 1055//1055
f 810//810 1051//1051 1055//1055
f 810//810 777//777 1048//1048
f 777//777 1046//1046 1048//1048
f 776//776 774//774 802//802
f 773//773 775//775 811//811
f 774//774 772//772 800//800
f 771//771 773//773 815//815
f 772//772 770//770 797//797
f 769//769 771//771 817//817
f 770//770 767//767 796//796
f 768//768 769//769 819//819
f 766//766 768//768 822//822
f 767//767 765//765 796//796
f 764//764 766//766 826//826
f 765//765 763//763 794//794
f 762//762 764//764 828//828
f 763//763 761//761 792//792
f 760//760 762//762 830//830
f 761//761 758//758 791//791
f 759//759 760//760 832//832
f 757//757 759//759 837//837
f 758//758 756//756 791//791
f 755//755 757//757 839//839
f 756//756 754//754 789//789
f 753//753 755//755 841//841
f 754//754 752//752 787//787
f 751//751 753//753 843//843
f 752//752 750//750 785//785
f 749//749 751//751 845//845
f 750//750 747//747 784//784
f 748//748 749//749 847//847
f 746//746 748//748 852//852
f 747//747 745//745 784//784
f 744//744 746//746 854//854
f 745//745 743//743 782//782
f 742//742 744//744 856//856
f 743//743 741//741 780//780
f 740//740 742//742 858//858
f 858//858 729//729 740//740
f 741//741 739//739 778//778
f 739//739 737//737 777//777
f 737//737 738//738 1030//1030
f 733//733 740//740 729//729
f 729//729 858//858 718//718
f 999//999 724//724 727//727
f 976//976 1107//1107 727//727
f 976//976 727//727 726//726
f 999//999 725//725 1105//1105
f 976//976 725//725 999//999
f 976//976 726//726 725//725
f 718//718 857//857 711//711
f 715//715 717//717 960//960
f 960//960 720//720 715//715
f 728//728 1105//1105 725//725
f 961//961 960//960 712//712
f 960//960 721//721 720//720
f 721//721 728//728 723//723
f 721//721 957//957 728//728
f 960//960 957//957 721//721
f 1105//1105 728//728 957//957
f 958//958 957//957 712//712
f 712//712 710//710 695//695
f 711//711 859//859 708//708
f 710//710 709//709 695//695
f 709//709 706//706 695//695
f 708//708 861//861 705//705
f 709//709 707//707 706//706
f 706//706 704//704 695//695
f 705//705 1683//1683 701//701
f 703//703 695//695 704//704
f 695//695 703//703 702//702
f 695//695 702//702 700//700
f 701//701 1682//1682 698//698
f 695//695 700//700 699//699
f 698//698 873//873 697//697
f 695//695 699//699 696//696
f 697//697 693//693 694//694
f 692//692 693//693 872//872
f 872//872 690//690 692//692
f 872//872 686//686 690//690
f 691//691 689//689 688//688
f 691//691 688//688 671//671
f 688//688 687//687 671//671
f 687//687 685//685 671//671
f 684//684 686//686 870//870
f 685//685 682//682 1684//1684
f 685//685 1684//1684 673//673
f 683//683 684//684 874//874
f 681//681 683//683 879//879
f 682//682 678//678 1684//1684
f 1684//1684 678//678 675//675
f 680//680 681//681 881//881
f 680//680 889//889 679//679
f 670//670 677//677 679//679
f 676//676 675//675 678//678
f 1684//1684 675//675 674//674
f 674//674 673//673 1684//1684
f 685//685 673//673 672//672
f 672//672 671//671 685//685
f 669//669 691//691 671//671
f 1685//1685 691//691 669//669
f 691//691 1685//1685 653//653
f 668//668 670//670 896//896
f 669//669 667//667 1685//1685
f 1686//1686 1685//1685 667//667
f 1685//1685 1686//1686 655//655
f 666//666 668//668 901//901
f 667//667 665//665 1686//1686
f 1687//1687 1686//1686 665//665
f 1686//1686 1687//1687 657//657
f 664//664 666//666 903//903
f 665//665 662//662 1687//1687
f 663//663 664//664 905//905
f 661//661 663//663 907//907
f 662//662 659//659 1687//1687
f 660//660 661//661 134//134
f 658//658 660//660 498//498
f 659//659 657//657 1687//1687
f 656//656 658//658 496//496
f 657//657 655//655 1686//1686
f 654//654 656//656 494//494
f 655//655 653//653 1685//1685
f 652//652 654//654 492//492
f 653//653 651//651 691//691
f 650//650 652//652 490//490
f 651//651 648//648 695//695
f 645//645 650//650 489//489
f 648//648 649//649 970//970
f 644//644 1099//1099 647//647
f 643//643 645//645 489//489
f 644//644 642//642 953//953
f 641//641 643//643 487//487
f 642//642 640//640 951//951
f 639//639 641//641 485//485
f 640//640 629//629 950//950
f 950//950 629//629 627//627
f 626//626 628//628 608//608
f 627//627 625//625 948//948
f 624//624 626//626 610//610
f 625//625 622//622 949//949
f 619//619 624//624 612//612
f 622//622 623//623 1100//1100
f 619//619 614//614 620//620
f 614//614 973//973 620//620
f 615//615 934//934 618//618
f 934//934 937//937 618//618
f 614//614 616//616 973//973
f 615//615 613//613 933//933
f 612//612 614//614 619//619
f 613//613 611//611 932//932
f 610//610 612//612 624//624
f 611//611 609//609 930//930
f 608//608 610//610 626//626
f 609//609 606//606 931//931
f 607//607 608//608 628//628
f 605//605 607//607 631//631
f 606//606 604//604 931//931
f 634//634 85//85 605//605
f 603//603 602//602 604//604
f 600//600 470//470 468//468
f 602//602 601//601 929//929
f 927//927 601//601 599//599
f 599//599 597//597 927//927
f 596//596 598//598 1688//1688
f 1688//1688 1689//1689 596//596
f 1689//1689 1688//1688 1690//1690
f 1691//1691 1689//1689 1690//1690
f 464//464 1691//1691 1690//1690
f 1691//1691 464//464 587//587
f 1689//1689 1691//1691 591//591
f 465//465 1690//1690 1688//1688
f 466//466 1688//1688 598//598
f 597//597 595//595 925//925
f 593//593 596//596 1689//1689
f 595//595 594//594 923//923
f 594//594 592//592 916//916
f 591//591 593//593 1689//1689
f 592//592 590//590 914//914
f 588//588 591//591 1691//1691
f 590//590 589//589 906//906
f 587//587 588//588 1691//1691
f 589//589 586//586 585//585
f 150//150 912//912 585//585
f 584//584 191//191 190//190
f 192//192 462//462 190//190
f 137//137 583//583 135//135
f 580//580 583//583 581//581
f 576//576 578//578 454//454
f 577//577 575//575 580//580
f 575//575 574//574 910//910
f 574//574 571//571 145//145
f 330//330 572//572 573//573
f 168//168 163//163 571//571
f 569//569 1427//1427 500//500
f 566//566 1429//1429 567//567
f 565//565 1429//1429 566//566
f 564//564 1432//1432 565//565
f 563//563 1432//1432 564//564
f 562//562 1516//1516 563//563
f 562//562 561//561 1376//1376
f 1512//1512 561//561 560//560
f 559//559 1439//1439 560//560
f 558//558 1440//1440 559//559
f 558//558 557//557 1441//1441
f 556//556 1441//1441 557//557
f 1445//1445 556//556 555//555
f 555//555 554//554 1445//1445
f 1447//1447 554//554 553//553
f 553//553 552//552 1447//1447
f 1449//1449 552//552 551//551
f 551//551 550//550 1449//1449
f 1451//1451 550//550 548//548
f 1455//1455 545//545 544//544
f 543//543 1511//1511 544//544
f 543//543 542//542 1457//1457
f 184//184 175//175 542//542
f 538//538 516//516 532//532
f 531//531 1328//1328 173//173
f 531//531 530//530 1330//1330
f 530//530 529//529 1330//1330
f 529//529 528//528 1593//1593
f 528//528 527//527 1593//1593
f 527//527 526//526 1594//1594
f 526//526 525//525 1594//1594
f 1552//1552 525//525 524//524
f 523//523 1551//1551 524//524
f 1551//1551 523//523 522//522
f 1549//1549 522//522 521//521
f 520//520 1470//1470 521//521
f 1470//1470 1469//1469 518//518
f 1469//1469 520//520 519//519
f 1469//1469 519//519 518//518
f 1470//1470 518//518 517//517
f 515//515 1527//1527 517//517
f 540//540 499//499 516//516
f 499//499 540//540 495//495
f 1529//1529 515//515 514//514
f 1529//1529 514//514 513//513
f 512//512 1530//1530 513//513
f 1530//1530 512//512 511//511
f 1528//1528 511//511 510//510
f 509//509 1514//1514 510//510
f 1514//1514 1513//1513 508//508
f 1513//1513 509//509 508//508
f 1514//1514 508//508 507//507
f 506//506 1374//1374 507//507
f 1375//1375 506//506 505//505
f 504//504 1378//1378 505//505
f 503//503 1380//1380 504//504
f 502//502 1380//1380 503//503
f 501//501 1426//1426 502//502
f 500//500 1426//1426 501//501
f 165//165 189//189 500//500
f 111//111 110//110 498//498
f 498//498 496//496 658//658
f 495//495 497//497 499//499
f 496//496 494//494 656//656
f 493//493 495//495 540//540
f 494//494 492//492 654//654
f 491//491 493//493 539//539
f 492//492 490//490 652//652
f 488//488 491//491 541//541
f 490//490 489//489 650//650
f 489//489 487//487 643//643
f 486//486 488//488 541//541
f 487//487 485//485 641//641
f 483//483 486//486 536//536
f 485//485 484//484 639//639
f 484//484 482//482 637//637
f 481//481 483//483 536//536
f 482//482 480//480 261//261
f 481//481 533//533 161//161
f 281//281 160//160 534//534
f 280//280 262//262 480//480
f 478//478 263//263 262//262
f 534//534 479//479 281//281
f 534//534 1692//1692 479//479
f 1692//1692 534//534 443//443
f 443//443 325//325 1692//1692
f 1693//1693 1692//1692 325//325
f 325//325 1694//1694 1693//1693
f 334//334 1693//1693 1694//1694
f 1694//1694 335//335 334//334
f 335//335 438//438 322//322
f 335//335 1694//1694 441//441
f 334//334 477//477 1693//1693
f 1692//1692 1693//1693 477//477
f 477//477 479//479 1692//1692
f 476//476 255//255 478//478
f 477//477 334//334 475//475
f 476//476 474//474 635//635
f 321//321 475//475 334//334
f 473//473 321//321 320//320
f 474//474 472//472 635//635
f 471//471 250//250 472//472
f 471//471 94//94 267//267
f 159//159 470//470 84//84
f 40//40 470//470 159//159
f 41//41 469//469 39//39
f 468//468 470//470 147//147
f 130//130 468//468 47//47
f 46//46 469//469 429//429
f 284//284 429//429 285//285
f 283//283 468//468 130//130
f 468//468 467//467 600//600
f 598//598 467//467 466//466
f 1688//1688 466//466 465//465
f 1690//1690 465//465 464//464
f 153//153 587//587 464//464
f 153//153 463//463 587//587
f 117//117 116//116 463//463
f 116//116 462//462 268//268
f 462//462 461//461 582//582
f 579//579 461//461 460//460
f 460//460 459//459 579//579
f 459//459 456//456 578//578
f 457//457 458//458 1695//1695
f 149//149 457//457 1695//1695
f 1695//1695 1696//1696 149//149
f 1696//1696 141//141 149//149
f 141//141 1697//1697 103//103
f 104//104 103//103 1697//1697
f 1698//1698 104//104 1697//1697
f 372//372 1698//1698 1697//1697
f 1697//1697 387//387 372//372
f 1699//1699 369//369 386//386
f 386//386 1700//1700 1699//1699
f 1700//1700 67//67 1699//1699
f 1699//1699 67//67 66//66
f 1701//1701 369//369 1699//1699
f 66//66 1701//1701 1699//1699
f 1700//1700 386//386 1702//1702
f 67//67 1700//1700 1702//1702
f 67//67 1702//1702 142//142
f 143//143 1695//1695 67//67
f 68//68 67//67 1695//1695
f 142//142 1696//1696 143//143
f 140//140 142//142 1702//1702
f 1703//1703 140//140 1702//1702
f 387//387 1703//1703 1702//1702
f 1703//1703 387//387 1697//1697
f 140//140 1703//1703 1697//1697
f 1704//1704 373//373 375//375
f 1704//1704 375//375 1705//1705
f 1705//1705 139//139 1704//1704
f 125//125 1704//1704 139//139
f 105//105 1706//1706 125//125
f 125//125 1706//1706 126//126
f 1707//1707 109//109 126//126
f 1707//1707 126//126 1708//1708
f 1709//1709 1707//1707 1708//1708
f 1708//1708 1710//1710 1709//1709
f 1710//1710 1711//1711 1709//1709
f 1712//1712 1709//1709 1711//1711
f 1711//1711 1713//1713 1712//1712
f 1713//1713 1714//1714 1712//1712
f 1715//1715 1714//1714 1716//1716
f 1715//1715 1712//1712 1714//1714
f 1717//1717 1712//1712 1715//1715
f 1714//1714 1718//1718 1716//1716
f 1706//1706 1712//1712 1717//1717
f 1719//1719 1712//1712 1706//1706
f 1706//1706 1720//1720 1719//1719
f 1721//1721 1719//1719 1720//1720
f 1720//1720 1722//1722 1721//1721
f 1723//1723 1721//1721 1722//1722
f 1724//1724 1723//1723 1722//1722
f 1722//1722 1725//1725 1724//1724
f 324//324 1724//1724 1725//1725
f 1725//1725 1726//1726 324//324
f 1726//1726 1725//1725 1727//1727
f 1727//1727 1728//1728 1726//1726
f 404//404 1726//1726 1728//1728
f 1728//1728 131//131 404//404
f 69//69 404//404 131//131
f 55//55 1729//1729 69//69
f 69//69 1729//1729 70//70
f 70//70 408//408 42//42
f 42//42 408//408 43//43
f 44//44 404//404 42//42
f 361//361 408//408 1730//1730
f 1730//1730 408//408 70//70
f 1729//1729 361//361 1730//1730
f 1730//1730 70//70 1729//1729
f 1729//1729 378//378 361//361
f 365//365 377//377 1731//1731
f 364//364 365//365 1731//1731
f 364//364 1731//1731 719//719
f 362//362 364//364 719//719
f 360//360 362//362 719//719
f 409//409 719//719 1732//1732
f 1732//1732 1733//1733 409//409
f 409//409 1734//1734 1735//1735
f 409//409 1735//1735 1736//1736
f 1733//1733 1734//1734 409//409
f 1737//1737 409//409 1736//1736
f 1737//1737 1736//1736 1738//1738
f 1737//1737 1738//1738 1739//1739
f 1740//1740 1737//1737 1739//1739
f 1739//1739 1741//1741 1740//1740
f 1742//1742 1740//1740 1741//1741
f 1743//1743 1740//1740 1742//1742
f 1742//1742 1744//1744 1743//1743
f 1745//1745 1743//1743 1744//1744
f 1746//1746 1743//1743 1745//1745
f 1745//1745 1747//1747 1746//1746
f 1748//1748 1746//1746 1747//1747
f 1747//1747 1749//1749 1748//1748
f 1748//1748 1749//1749 1750//1750
f 1748//1748 1750//1750 1751//1751
f 1752//1752 1751//1751 1750//1750
f 1753//1753 1751//1751 1752//1752
f 1752//1752 1749//1749 1753//1753
f 1754//1754 1753//1753 1749//1749
f 1749//1749 23//23 1754//1754
f 1754//1754 23//23 1755//1755
f 1755//1755 1756//1756 1754//1754
f 1755//1755 1757//1757 1756//1756
f 1757//1757 1751//1751 1756//1756
f 1758//1758 1751//1751 1757//1757
f 1757//1757 1759//1759 1758//1758
f 1760//1760 1758//1758 1759//1759
f 1761//1761 1758//1758 1760//1760
f 1760//1760 1762//1762 1761//1761
f 1763//1763 1761//1761 1762//1762
f 1762//1762 380//380 1763//1763
f 1763//1763 380//380 1764//1764
f 1763//1763 1764//1764 1765//1765
f 1766//1766 1765//1765 1764//1764
f 1766//1766 1764//1764 1767//1767
f 1766//1766 1767//1767 1768//1768
f 1737//1737 1740//1740 1768//1768
f 1766//1766 1768//1768 1740//1740
f 1768//1768 1767//1767 1769//1769
f 1768//1768 1769//1769 1770//1770
f 1768//1768 1770//1770 410//410
f 409//409 1737//1737 410//410
f 1768//1768 410//410 1737//1737
f 410//410 1770//1770 1771//1771
f 410//410 1771//1771 1772//1772
f 410//410 1772//1772 384//384
f 1773//1773 375//375 380//380
f 1773//1773 380//380 1774//1774
f 1774//1774 37//37 1773//1773
f 36//36 1773//1773 37//37
f 38//38 1775//1775 36//36
f 36//36 1775//1775 106//106
f 1776//1776 106//106 1775//1775
f 1775//1775 1706//1706 1776//1776
f 1777//1777 1778//1778 1706//1706
f 1779//1779 1780//1780 1776//1776
f 960//960 958//958 712//712
f 1776//1776 1781//1781 1779//1779
f 1776//1776 1706//1706 1781//1781
f 717//717 716//716 960//960
f 1782//1782 1779//1779 1777//1777
f 1776//1776 1777//1777 1783//1783
f 1777//1777 1784//1784 1783//1783
f 1784//1784 106//106 1783//1783
f 958//958 960//960 959//959
f 716//716 717//717 715//715
f 1784//1784 1779//1779 106//106
f 1779//1779 1782//1782 106//106
f 1785//1785 106//106 1781//1781
f 713//713 712//712 957//957
f 1785//1785 1781//1781 1777//1777
f 712//712 713//713 711//711
f 1706//1706 106//106 1785//1785
f 1780//1780 1779//1779 1778//1778
f 1784//1784 1777//1777 1779//1779
f 1706//1706 1785//1785 1777//1777
f 1786//1786 1706//1706 1775//1775
f 1775//1775 1787//1787 1786//1786
f 1722//1722 1786//1786 1787//1787
f 1787//1787 1775//1775 1788//1788
f 1727//1727 1787//1787 1788//1788
f 123//123 1727//1727 1788//1788
f 123//123 1788//1788 24//24
f 24//24 1749//1749 119//119
f 119//119 1749//1749 120//120
f 121//121 1727//1727 119//119
f 122//122 1727//1727 121//121
f 53//53 1728//1728 122//122
f 55//55 1728//1728 53//53
f 53//53 1789//1789 54//54
f 1789//1789 378//378 1790//1790
f 1790//1790 54//54 1789//1789
f 378//378 1789//1789 1791//1791
f 378//378 1791//1791 1792//1792
f 378//378 1792//1792 379//379
f 379//379 1792//1792 377//377
f 719//719 1731//1731 1793//1793
f 1793//1793 1794//1794 719//719
f 719//719 1733//1733 1732//1732
f 1733//1733 1794//1794 1734//1734
f 719//719 1794//1794 1733//1733
f 1731//1731 1792//1792 1791//1791
f 1791//1791 1789//1789 1731//1731
f 1794//1794 1793//1793 1789//1789
f 1789//1789 120//120 1794//1794
f 1731//1731 1789//1789 1793//1793
f 1790//1790 378//378 1729//1729
f 1729//1729 54//54 1790//1790
f 121//121 1789//1789 53//53
f 120//120 1789//1789 121//121
f 1794//1794 120//120 1749//1749
f 1734//1734 1794//1794 1735//1735
f 1749//1749 1735//1735 1794//1794
f 1735//1735 1749//1749 1736//1736
f 24//24 1788//1788 22//22
f 22//22 1788//1788 75//75
f 38//38 1755//1755 22//22
f 119//119 1727//1727 123//123
f 1775//1775 75//75 1788//1788
f 1783//1783 106//106 1776//1776
f 75//75 1775//1775 38//38
f 37//37 1755//1755 38//38
f 105//105 1773//1773 36//36
f 1774//1774 380//380 1755//1755
f 1755//1755 37//37 1774//1774
f 1755//1755 380//380 1760//1760
f 383//383 382//382 1795//1795
f 382//382 1796//1796 1795//1795
f 1796//1796 380//380 1795//1795
f 1772//1772 380//380 1796//1796
f 385//385 1772//1772 1796//1796
f 383//383 1795//1795 380//380
f 381//381 1796//1796 382//382
f 385//385 1796//1796 381//381
f 384//384 1772//1772 385//385
f 1771//1771 380//380 1772//1772
f 1770//1770 380//380 1771//1771
f 1769//1769 380//380 1770//1770
f 1767//1767 380//380 1769//1769
f 1740//1740 1743//1743 1766//1766
f 1765//1765 1766//1766 1743//1743
f 1764//1764 380//380 1767//1767
f 1765//1765 1761//1761 1763//1763
f 1743//1743 1746//1746 1765//1765
f 1761//1761 1765//1765 1746//1746
f 1758//1758 1761//1761 1751//1751
f 1746//1746 1751//1751 1761//1761
f 1760//1760 380//380 1762//1762
f 1755//1755 1759//1759 1757//1757
f 1755//1755 1760//1760 1759//1759
f 22//22 1755//1755 23//23
f 23//23 1749//1749 24//24
f 1754//1754 1756//1756 1753//1753
f 1756//1756 1751//1751 1753//1753
f 1750//1750 1749//1749 1752//1752
f 1751//1751 1746//1746 1748//1748
f 1745//1745 1749//1749 1747//1747
f 1742//1742 1749//1749 1745//1745
f 1739//1739 1749//1749 1742//1742
f 1742//1742 1745//1745 1744//1744
f 1739//1739 1742//1742 1741//1741
f 1738//1738 1749//1749 1739//1739
f 1736//1736 1749//1749 1738//1738
f 377//377 1792//1792 1731//1731
f 54//54 1729//1729 55//55
f 42//42 404//404 69//69
f 131//131 1728//1728 55//55
f 1726//1726 404//404 442//442
f 1727//1727 122//122 1728//1728
f 1787//1787 1727//1727 1725//1725
f 1725//1725 1722//1722 1787//1787
f 1723//1723 1724//1724 336//336
f 1721//1721 1723//1723 448//448
f 1786//1786 1722//1722 1720//1720
f 1719//1719 1721//1721 450//450
f 1720//1720 1706//1706 1786//1786
f 1712//1712 1719//1719 452//452
f 1713//1713 1716//1716 1718//1718
f 1718//1718 1714//1714 1713//1713
f 1713//1713 1711//1711 1716//1716
f 1715//1715 1716//1716 1711//1711
f 1709//1709 1712//1712 329//329
f 329//329 1797//1797 1709//1709
f 1717//1717 1715//1715 1710//1710
f 1706//1706 1717//1717 1710//1710
f 1711//1711 1710//1710 1715//1715
f 1710//1710 1708//1708 1706//1706
f 1708//1708 1798//1798 1706//1706
f 1706//1706 1798//1798 1714//1714
f 1711//1711 1714//1714 1798//1798
f 126//126 1714//1714 1711//1711
f 1708//1708 1711//1711 1798//1798
f 1707//1707 1709//1709 1797//1797
f 1797//1797 1799//1799 1707//1707
f 114//114 1707//1707 1799//1799
f 1799//1799 113//113 114//114
f 113//113 1800//1800 107//107
f 108//108 107//107 1800//1800
f 1801//1801 108//108 1800//1800
f 373//373 1801//1801 1800//1800
f 373//373 1800//1800 374//374
f 1802//1802 374//374 1800//1800
f 115//115 1802//1802 1800//1800
f 1802//1802 115//115 1803//1803
f 374//374 1802//1802 1803//1803
f 115//115 101//101 1803//1803
f 100//100 1803//1803 101//101
f 457//457 100//100 102//102
f 102//102 1799//1799 457//457
f 457//457 103//103 100//100
f 1799//1799 102//102 101//101
f 1803//1803 100//100 104//104
f 374//374 1803//1803 372//372
f 1801//1801 373//373 1704//1704
f 1704//1704 108//108 1801//1801
f 108//108 1704//1704 109//109
f 1800//1800 113//113 115//115
f 1799//1799 101//101 113//113
f 1707//1707 114//114 107//107
f 1799//1799 1797//1797 455//455
f 126//126 1711//1711 1708//1708
f 1707//1707 107//107 109//109
f 126//126 1706//1706 1714//1714
f 106//106 1706//1706 105//105
f 139//139 1773//1773 105//105
f 109//109 1704//1704 125//125
f 1705//1705 375//375 1773//1773
f 1773//1773 139//139 1705//1705
f 1702//1702 386//386 387//387
f 1698//1698 372//372 1803//1803
f 104//104 1698//1698 1803//1803
f 1697//1697 141//141 140//140
f 1696//1696 142//142 141//141
f 1695//1695 143//143 1696//1696
f 457//457 149//149 103//103
f 418//418 1695//1695 458//458
f 1695//1695 418//418 416//416
f 455//455 457//457 1799//1799
f 456//456 454//454 578//578
f 328//328 455//455 1797//1797
f 454//454 453//453 576//576
f 573//573 453//453 330//330
f 1797//1797 329//329 328//328
f 1712//1712 452//452 329//329
f 451//451 572//572 330//330
f 1719//1719 450//450 452//452
f 451//451 449//449 572//572
f 448//448 450//450 1721//1721
f 449//449 447//447 570//570
f 445//445 448//448 1723//1723
f 176//176 447//447 446//446
f 270//270 446//446 444//444
f 336//336 445//445 1723//1723
f 444//444 443//443 534//534
f 324//324 336//336 1724//1724
f 325//325 443//443 326//326
f 442//442 324//324 1726//1726
f 325//325 441//441 1694//1694
f 403//403 442//442 404//404
f 441//441 440//440 335//335
f 401//401 403//403 58//58
f 438//438 335//335 440//440
f 437//437 439//439 89//89
f 89//89 88//88 437//437
f 95//95 437//437 88//88
f 97//97 394//394 95//95
f 59//59 95//95 394//394
f 96//96 59//59 342//342
f 342//342 437//437 96//96
f 48//48 342//342 59//59
f 396//396 97//97 88//88
f 88//88 87//87 396//396
f 91//91 396//396 87//87
f 87//87 439//439 90//90
f 96//96 437//437 95//95
f 89//89 439//439 87//87
f 436//436 437//437 342//342
f 438//438 434//434 322//322
f 433//433 323//323 435//435
f 320//320 432//432 473//473
f 435//435 337//337 433//433
f 469//469 432//432 431//431
f 431//431 429//429 469//469
f 430//430 317//317 316//316
f 285//285 429//429 286//286
f 288//288 428//428 286//286
f 291//291 428//428 288//288
f 287//287 427//427 82//82
f 426//426 428//428 81//81
f 31//31 426//426 77//77
f 76//76 427//427 425//425
f 294//294 424//424 30//30
f 297//297 424//424 294//294
f 296//296 424//424 297//297
f 298//298 424//424 296//296
f 295//295 422//422 64//64
f 423//423 424//424 63//63
f 138//138 423//423 124//124
f 138//138 421//421 154//154
f 73//73 422//422 71//71
f 419//419 422//422 313//313
f 118//118 421//421 420//420
f 331//331 420//420 332//332
f 458//458 333//333 418//418
f 417//417 416//416 418//418
f 416//416 68//68 1695//1695
f 1701//1701 66//66 411//411
f 369//369 1701//1701 411//411
f 414//414 412//412 127//127
f 412//412 414//414 371//371
f 265//265 43//43 408//408
f 44//44 43//43 404//404
f 266//266 405//405 259//259
f 404//404 282//282 403//403
f 58//58 403//403 56//56
f 260//260 259//259 405//405
f 353//353 399//399 415//415
f 415//415 399//399 61//61
f 61//61 399//399 62//62
f 58//58 57//57 401//401
f 439//439 401//401 99//99
f 99//99 98//98 439//439
f 90//90 439//439 98//98
f 91//91 90//90 398//398
f 299//299 62//62 399//399
f 394//394 60//60 59//59
f 345//345 390//390 347//347
f 52//52 51//51 345//345
f 50//50 342//342 48//48
f 342//342 340//340 436//436
f 339//339 341//341 343//343
f 340//340 318//318 337//337
f 343//343 338//338 339//339
f 309//309 338//338 304//304
f 316//316 315//315 430//430
f 315//315 313//313 425//425
f 313//313 312//312 419//419
f 309//309 310//310 314//314
f 308//308 307//307 311//311
f 413//413 307//307 306//306
f 304//304 305//305 309//309
f 300//300 302//302 303//303
f 302//302 26//26 306//306
f 304//304 5//5 9//9
f 304//304 4//4 5//5
f 999//999 1107//1107 990//990
f 1107//1107 999//999 727//727
f 1778//1778 1781//1781 1706//1706
f 1781//1781 1778//1778 1779//1779
f 1780//1780 1777//1777 1776//1776
f 1777//1777 1780//1780 1778//1778
f 1781//1781 1782//1782 1777//1777
f 1782//1782 1781//1781 106//106