# https://github.com/mikedh/trimesh
v 0.17916300 0.02122140 0.01211630
v 0.17629600 0.01835370 0.01369360
v 0.17916300 0.01849710 0.01390860
v 0.17916300 0.02416090 0.01068240
v 0.17629600 0.02401750 0.01039560
v 0.17629600 0.02107800 0.01190120
v 0.17027300 0.02050450 0.01089750
v 0.17027300 0.01763670 0.01283320
v 0.17027300 0.01505570 0.01505570
v 0.17629600 0.01584440 0.01584440
v 0.17916300 0.01605950 0.01605950
v 0.17629600 0.01369360 0.01835370
v 0.17916300 0.01390860 0.01849710
v 0.17916300 0.01211630 0.02122140
v 0.17629600 0.01190120 0.02107800
v 0.17629600 0.01039560 0.02401750
v 0.17916300 0.01068240 0.02416090
v 0.17916300 0.00967870 0.02724370
v 0.17629600 0.00939191 0.02717200
v 0.17629600 0.00874667 0.03032660
v 0.17916300 0.00903345 0.03039830
v 0.17916300 0.00881836 0.03362450
v 0.17629600 0.00853159 0.03362450
v 0.17629600 0.00874667 0.03692240
v 0.17916300 0.00903345 0.03685070
v 0.17916300 0.00967870 0.04007700
v 0.17629600 0.00939191 0.04014870
v 0.17629600 0.01039560 0.04323150
v 0.17916300 0.01068240 0.04315980
v 0.17916300 0.01211630 0.04602760
v 0.17629600 0.01190120 0.04624260
v 0.17629600 0.01369360 0.04896700
v 0.17916300 0.01390860 0.04875190
v 0.17916300 0.01605950 0.05118950
v 0.17629600 0.01584440 0.05140460
v 0.17629600 0.01835370 0.05355540
v 0.17027300 0.01505570 0.05219320
v 0.17027300 0.01763670 0.05448750
v 0.17027300 0.02050450 0.05635150
v 0.15801400 0.01598780 0.05663830
v 0.15801400 0.01914230 0.05871740
v 0.15801400 0.02258360 0.06036640
v 0.14496500 0.01778010 0.06115500
v 0.14496500 0.02150820 0.06294730
v 0.14496500 0.02545140 0.06430950
v 0.13679200 0.02100630 0.06423780
v 0.13679200 0.02509290 0.06560000
v 0.13679200 0.02932290 0.06646040
v 0.13055500 0.02494950 0.06603020
v 0.13055500 0.02925120 0.06689050
v 0.13055500 0.03362450 0.06717730
v 0.12331400 0.02925120 0.06703390
v 0.12331400 0.03362450 0.06732070
v 0.11657400 0.03362450 0.06703390
v 0.12331400 0.03806950 0.06703390
v 0.11657400 0.03799780 0.06674710
v 0.11657400 0.04229950 0.06595850
v 0.11177100 0.03792610 0.06603020
v 0.11177100 0.04208440 0.06524150
v 0.11177100 0.04617090 0.06380770
v 0.10797100 0.04172590 0.06387940
v 0.10797100 0.04559740 0.06258890
v 0.10797100 0.04932550 0.06072480
v 0.10438600 0.04480880 0.06065310
v 0.10438600 0.04825010 0.05893250
v 0.10438600 0.05140460 0.05678170
v 0.10116000 0.04674450 0.05692500
v 0.10116000 0.04968390 0.05506100
v 0.10116000 0.05233660 0.05276680
v 0.10438600 0.05427240 0.05427240
v 0.10797100 0.05577790 0.05577790
v 0.10438600 0.05678170 0.05140460
v 0.10797100 0.05850230 0.05269510
v 0.10797100 0.06072480 0.04932550
v 0.10438600 0.05893250 0.04825010
v 0.10438600 0.06065310 0.04480880
v 0.10797100 0.06258890 0.04559740
v 0.10797100 0.06387940 0.04172590
v 0.10438600 0.06187190 0.04122410
v 0.10438600 0.06258890 0.03742430
v 0.10797100 0.06466800 0.03771100
v 0.10797100 0.06495480 0.03362450
v 0.10438600 0.06287560 0.03362450
v 0.10438600 0.06258890 0.02982470
v 0.10797100 0.06466800 0.02953790
v 0.11177100 0.06603020 0.02939450
v 0.10797100 0.06387940 0.02552310
v 0.11177100 0.06516980 0.02516460
v 0.11177100 0.06380770 0.02114970
v 0.10797100 0.06258890 0.02165160
v 0.10797100 0.06072480 0.01799520
v 0.11177100 0.06194360 0.01727830
v 0.11177100 0.05957770 0.01376530
v 0.10797100 0.05850230 0.01455390
v 0.10797100 0.05577790 0.01147100
v 0.11177100 0.05678170 0.01053900
v 0.11177100 0.05355540 0.00774295
v 0.11657400 0.05728350 0.01003720
v 0.11657400 0.05398560 0.00709770
v 0.12331400 0.05412900 0.00695432
v 0.12331400 0.05742690 0.00982208
v 0.13055500 0.05735520 0.00996547
v 0.12331400 0.06036640 0.01312000
v 0.13055500 0.06022300 0.01326340
v 0.13055500 0.06266060 0.01684810
v 0.12331400 0.06280400 0.01677640
v 0.11657400 0.06258890 0.01691980
v 0.11657400 0.06015130 0.01326340
v 0.12331400 0.06473970 0.02071960
v 0.11657400 0.06452460 0.02086300
v 0.11657400 0.06595850 0.02502120
v 0.12331400 0.06617360 0.02494950
v 0.12331400 0.06703390 0.02925120
v 0.11657400 0.06674710 0.02925120
v 0.11657400 0.06703390 0.03362450
v 0.11177100 0.06631700 0.03362450
v 0.11177100 0.06603020 0.03792610
v 0.11657400 0.06674710 0.03799780
v 0.11657400 0.06595850 0.04229950
v 0.11177100 0.06516980 0.04208440
v 0.11177100 0.06380770 0.04617090
v 0.11657400 0.06452460 0.04645770
v 0.11657400 0.06258890 0.05032920
v 0.11177100 0.06194360 0.04997070
v 0.11177100 0.05957770 0.05355540
v 0.11657400 0.06015130 0.05398560
v 0.11657400 0.05728350 0.05728350
v 0.11177100 0.05678170 0.05678170
v 0.11177100 0.05355540 0.05957770
v 0.10797100 0.05269510 0.05850230
v 0.11177100 0.04997070 0.06194360
v 0.11657400 0.05032920 0.06258890
v 0.11657400 0.04645770 0.06452460
v 0.12331400 0.04652940 0.06473970
v 0.12331400 0.04237120 0.06617360
v 0.13055500 0.04229950 0.06603020
v 0.13055500 0.03799780 0.06689050
v 0.13679200 0.03792610 0.06646040
v 0.13679200 0.03362450 0.06674710
v 0.14496500 0.03362450 0.06538490
v 0.14496500 0.02946620 0.06509820
v 0.15801400 0.02982470 0.06237380
v 0.15801400 0.02616830 0.06158520
v 0.17027300 0.02681360 0.05900420
v 0.17027300 0.02358730 0.05785710
v 0.17629600 0.02401750 0.05685330
v 0.17629600 0.02107800 0.05541950
v 0.17916300 0.02122140 0.05513270
v 0.17916300 0.01849710 0.05334030
v 0.17916300 0.02416090 0.05656660
v 0.17916300 0.02724370 0.05764200
v 0.17629600 0.02710030 0.05792880
v 0.17629600 0.03032660 0.05857400
v 0.17027300 0.03018320 0.05964940
v 0.17027300 0.03362450 0.05986450
v 0.15801400 0.03362450 0.06258890
v 0.15801400 0.03742430 0.06237380
v 0.14496500 0.03778270 0.06509820
v 0.14496500 0.04186930 0.06430950
v 0.13679200 0.04222780 0.06560000
v 0.13679200 0.04631430 0.06423780
v 0.13055500 0.04645770 0.06459630
v 0.13055500 0.05040090 0.06266060
v 0.12331400 0.05047260 0.06280400
v 0.12331400 0.05412900 0.06036640
v 0.11657400 0.05398560 0.06015130
v 0.12331400 0.05742690 0.05742690
v 0.12331400 0.06036640 0.05412900
v 0.13055500 0.05735520 0.05735520
v 0.13055500 0.06022300 0.05405730
v 0.13055500 0.06266060 0.05040090
v 0.12331400 0.06280400 0.05047260
v 0.12331400 0.06473970 0.04652940
v 0.13055500 0.06459630 0.04645770
v 0.13055500 0.06603020 0.04229950
v 0.12331400 0.06617360 0.04237120
v 0.12331400 0.06703390 0.03806950
v 0.13055500 0.06689050 0.03799780
v 0.13055500 0.06717730 0.03362450
v 0.12331400 0.06732070 0.03362450
v 0.13055500 0.06689050 0.02925120
v 0.13055500 0.06603020 0.02494950
v 0.13679200 0.06646030 0.02932290
v 0.13679200 0.06560000 0.02509290
v 0.13679200 0.06423780 0.02100630
v 0.14496500 0.06430950 0.02545140
v 0.14496500 0.06294730 0.02150820
v 0.14496500 0.06115500 0.01778010
v 0.15801400 0.06036640 0.02258360
v 0.15801400 0.05871740 0.01914230
v 0.15801400 0.05663830 0.01598780
v 0.14496500 0.05886080 0.01433880
v 0.14496500 0.05606470 0.01118430
v 0.15801400 0.05412900 0.01319170
v 0.15801400 0.05126120 0.01068240
v 0.17027300 0.05219320 0.01505570
v 0.17027300 0.04961230 0.01283320
v 0.17629600 0.04896700 0.01369360
v 0.17629600 0.05140460 0.01584440
v 0.17629600 0.05355540 0.01835370
v 0.17027300 0.05448740 0.01763670
v 0.17027300 0.05635150 0.02050450
v 0.17629600 0.05541950 0.02107800
v 0.17629600 0.05685330 0.02401750
v 0.17027300 0.05785710 0.02358730
v 0.17027300 0.05900420 0.02688530
v 0.15801400 0.06158520 0.02616830
v 0.15801400 0.06237380 0.02989640
v 0.14496500 0.06509820 0.02946620
v 0.14496500 0.06538490 0.03362450
v 0.13679200 0.06674710 0.03362450
v 0.13679200 0.06646030 0.03792610
v 0.14496500 0.06509820 0.03778270
v 0.14496500 0.06430950 0.04186930
v 0.13679200 0.06560000 0.04222780
v 0.13679200 0.06423780 0.04631430
v 0.14496500 0.06294730 0.04581250
v 0.14496500 0.06115500 0.04954060
v 0.13679200 0.06230210 0.05018580
v 0.13679200 0.05986450 0.05377050
v 0.14496500 0.05886080 0.05298190
v 0.15801400 0.05663830 0.05126120
v 0.15801400 0.05871740 0.04810670
v 0.15801400 0.06036640 0.04473710
v 0.17027300 0.05635150 0.04674450
v 0.17027300 0.05785710 0.04366170
v 0.17027300 0.05900420 0.04043540
v 0.15801400 0.06158520 0.04115240
v 0.15801400 0.06237380 0.03742430
v 0.17027300 0.05964940 0.03706580
v 0.17027300 0.05986450 0.03362450
v 0.15801400 0.06258890 0.03362450
v 0.17027300 0.05964940 0.03018320
v 0.17629600 0.05857400 0.03032660
v 0.17629600 0.05792880 0.02717200
v 0.17916300 0.05764200 0.02724370
v 0.17916300 0.05656660 0.02416090
v 0.17916300 0.05513270 0.02122140
v 0.17916300 0.05367270 0.02349430
v 0.17916300 0.05417870 0.02455540
v 0.17916300 0.05420890 0.02462820
v 0.17916300 0.05462860 0.02564140
v 0.17916300 0.03039830 0.00903345
v 0.17916300 0.05502100 0.02674950
v 0.11429600 0.05502100 0.02674950
v 0.17916300 0.05525960 0.02755510
v 0.17916300 0.05535490 0.02787660
v 0.17916300 0.02724370 0.00967870
v 0.17027300 0.02358730 0.00939191
v 0.17916300 0.05562930 0.02901970
v 0.15801400 0.01598780 0.01068240
v 0.17916300 0.05584350 0.03017560
v 0.17916300 0.05599700 0.03134100
v 0.17916300 0.05608920 0.03251290
v 0.17916300 0.05611990 0.03368810
v 0.17916300 0.05608920 0.03486320
v 0.17027300 0.01089750 0.02050450
v 0.17916300 0.05599700 0.03603510
v 0.17916300 0.05591000 0.03669570
v 0.17916300 0.05828720 0.03685070
v 0.17916300 0.05584350 0.03720060
v 0.17916300 0.01247480 0.02628950
v 0.17916300 0.05562930 0.03835640
v 0.17027300 0.00831651 0.02688530
v 0.17916300 0.05535490 0.03949950
v 0.17916300 0.05502100 0.04062660
v 0.17916300 0.05462860 0.04173470
v 0.17027300 0.00738448 0.03362450
v 0.17916300 0.05417870 0.04282080
v 0.17916300 0.05367270 0.04388180
v 0.17916300 0.05311170 0.04491490
v 0.17916300 0.01140810 0.03658410
v 0.17916300 0.05281090 0.04540580
v 0.17916300 0.05513270 0.04602760
v 0.17916300 0.05249750 0.04591720
v 0.17916300 0.05183170 0.04688600
v 0.11429600 0.05249750 0.04591720
v 0.11429600 0.05183170 0.04688600
v 0.11429600 0.05584350 0.03017560
v 0.11429600 0.05562930 0.02901970
v 0.11429600 0.05111610 0.04781860
v 0.11429600 0.05535490 0.02787660
v 0.11429600 0.05035270 0.04871250
v 0.11429600 0.04954350 0.04956520
v 0.11429600 0.05462860 0.02564140
v 0.11429600 0.04869080 0.05037440
v 0.11429600 0.05417870 0.02455540
v 0.11429600 0.04779690 0.05113780
v 0.11429600 0.05367270 0.02349430
v 0.17916300 0.05311170 0.02246130
v 0.17027300 0.00831651 0.04043540
v 0.11429600 0.05311170 0.02246130
v 0.11429600 0.04686430 0.05185340
v 0.11429600 0.04589550 0.05251930
v 0.11429600 0.05249750 0.02145900
v 0.17916300 0.05249750 0.02145900
v 0.17027300 0.01089750 0.04674450
v 0.17916300 0.05183170 0.02049020
v 0.17916300 0.05334030 0.01849710
v 0.17916300 0.05111610 0.01955750
v 0.17916300 0.05091440 0.01932130
v 0.11429600 0.05035270 0.01866370
v 0.17916300 0.05035270 0.01866370
v 0.17916300 0.04954350 0.01781100
v 0.17916300 0.05118950 0.01605950
v 0.17916300 0.04875940 0.01706690
v 0.11429600 0.04954350 0.01781100
v 0.17916300 0.04869080 0.01700180
v 0.17916300 0.04845130 0.01679720
v 0.11429600 0.04869080 0.01700180
v 0.17916300 0.04779690 0.01623840
v 0.11429600 0.04779690 0.01623840
v 0.11429600 0.03947780 0.05537660
v 0.11429600 0.04060490 0.05504270
v 0.11429600 0.04171300 0.05465030
v 0.11429600 0.04279910 0.05420050
v 0.11429600 0.05111610 0.01955750
v 0.11429600 0.04386010 0.05369440
v 0.11429600 0.05183170 0.02049020
v 0.11429600 0.04489320 0.05313340
v 0.17916300 0.04386010 0.05369440
v 0.17916300 0.04489320 0.05313340
v 0.17916300 0.04589550 0.05251930
v 0.17916300 0.04875190 0.05334030
v 0.17916300 0.04639440 0.05217640
v 0.17916300 0.04686430 0.05185340
v 0.17916300 0.04779690 0.05113780
v 0.17916300 0.04869080 0.05037440
v 0.17916300 0.05118950 0.05118950
v 0.17916300 0.04885260 0.05022080
v 0.17916300 0.04954350 0.04956520
v 0.17916300 0.05035270 0.04871250
v 0.17916300 0.05334030 0.04875190
v 0.17916300 0.05099850 0.04795620
v 0.17916300 0.05111610 0.04781860
v 0.11657400 0.02925120 0.06674710
v 0.17629600 0.05355540 0.04896700
v 0.17629600 0.05541950 0.04624260
v 0.17629600 0.05685330 0.04323150
v 0.17916300 0.05656660 0.04315980
v 0.17916300 0.05764200 0.04007700
v 0.17629600 0.05792880 0.04014870
v 0.17629600 0.05857400 0.03692240
v 0.17916300 0.05850230 0.03362450
v 0.17629600 0.05878910 0.03362450
v 0.17916300 0.05828720 0.03039830
v 0.17027300 0.05448740 0.04961230
v 0.17027300 0.05219320 0.05219320
v 0.15801400 0.05412900 0.05412900
v 0.14496500 0.05606470 0.05606470
v 0.15801400 0.05126120 0.05663830
v 0.14496500 0.05298190 0.05886080
v 0.13679200 0.05377050 0.05986450
v 0.13679200 0.05699670 0.05706840
v 0.13055500 0.05405730 0.06022300
v 0.13679200 0.05018580 0.06230210
v 0.14496500 0.04954060 0.06115500
v 0.14496500 0.04581250 0.06294730
v 0.15801400 0.04473710 0.06036640
v 0.15801400 0.04115240 0.06158520
v 0.17027300 0.04043540 0.05900420
v 0.17027300 0.03706580 0.05964940
v 0.17629600 0.03692240 0.05857400
v 0.17629600 0.03362450 0.05878910
v 0.17916300 0.03362450 0.05850230
v 0.17916300 0.03039830 0.05828720
v 0.17916300 0.03112210 0.05599270
v 0.17916300 0.03015390 0.05586520
v 0.11429600 0.03015390 0.05586520
v 0.11429600 0.02899800 0.05565100
v 0.17916300 0.02899800 0.05565100
v 0.11429600 0.02785500 0.05537660
v 0.17916300 0.02785500 0.05537660
v 0.17916300 0.02785020 0.05537520
v 0.17916300 0.02734760 0.05522630
v 0.17916300 0.02672780 0.05504270
v 0.11429600 0.02672780 0.05504270
v 0.11429600 0.02561970 0.05465030
v 0.11429600 0.03601340 0.01135750
v 0.11429600 0.03484150 0.01126530
v 0.17916300 0.03601340 0.01135750
v 0.17916300 0.03484150 0.01126530
v 0.17916300 0.03366640 0.01123440
v 0.17916300 0.04315980 0.01068240
v 0.17916300 0.03685070 0.00903345
v 0.17916300 0.03249130 0.01126530
v 0.09829250 0.04574080 0.05427240
v 0.17916300 0.03131940 0.01135750
v 0.09829250 0.04832180 0.05248000
v 0.17916300 0.03116860 0.01137730
v 0.11429600 0.03015390 0.01151090
v 0.17916300 0.03015390 0.01151090
v 0.17916300 0.02899810 0.01172520
v 0.17916300 0.03362450 0.00881837
v 0.17916300 0.02785500 0.01199960
v 0.11429600 0.02785500 0.01199960
v 0.17916300 0.02672780 0.01233340
v 0.10037200 0.05613640 0.04695960
v 0.17916300 0.02578190 0.01266840
v 0.11429600 0.02672780 0.01233340
v 0.17916300 0.02561970 0.01272580
v 0.17916300 0.02453370 0.01317570
v 0.10037200 0.05886080 0.04022030
v 0.17916300 0.02347270 0.01368170
v 0.11429600 0.02347260 0.01368170
v 0.17916300 0.02243960 0.01424270
v 0.11429600 0.02243960 0.01424270
v 0.11429600 0.01550120 0.04688600
v 0.11429600 0.01621700 0.04781860
v 0.11429600 0.02453370 0.01317570
v 0.11429600 0.01698040 0.04871250
v 0.11429600 0.02561970 0.01272580
v 0.11429600 0.01778940 0.04956520
v 0.11429600 0.01864220 0.05037440
v 0.11429600 0.01953610 0.05113780
v 0.11429600 0.02899800 0.01172520
v 0.11429600 0.02046870 0.05185340
v 0.11429600 0.02143730 0.05251930
v 0.11429600 0.03131940 0.01135750
v 0.11429600 0.02243960 0.05313340
v 0.11429600 0.03249130 0.01126530
v 0.11429600 0.02347260 0.05369440
v 0.11429600 0.03366640 0.01123440
v 0.11429600 0.02453370 0.05420050
v 0.17916300 0.02453370 0.05420050
v 0.17916300 0.02561970 0.05465030
v 0.10065800 0.05993620 0.03326600
v 0.17916300 0.02347270 0.05369440
v 0.17916300 0.02243960 0.05313340
v 0.17916300 0.02143730 0.05251930
v 0.17916300 0.02062940 0.05196390
v 0.17916300 0.02046870 0.05185340
v 0.17916300 0.01953610 0.05113780
v 0.17916300 0.01864220 0.05037440
v 0.10438600 0.06065310 0.02244020
v 0.17916300 0.01778940 0.04956520
v 0.17916300 0.01698040 0.04871250
v 0.17916300 0.01621700 0.04781860
v 0.10438600 0.05678170 0.01584440
v 0.17916300 0.01550120 0.04688600
v 0.17916300 0.01483550 0.04591720
v 0.17916300 0.01422130 0.04491490
v 0.11429600 0.01483550 0.04591720
v 0.11429600 0.01422070 0.04491490
v 0.11429600 0.02143730 0.01485690
v 0.11429600 0.02046870 0.01552270
v 0.17916300 0.02143730 0.01485690
v 0.17916300 0.02046870 0.01552270
v 0.17916300 0.01953610 0.01623840
v 0.10797100 0.05269510 0.00881837
v 0.17916300 0.01864220 0.01700180
v 0.11657400 0.05032920 0.00466011
v 0.17916300 0.01830380 0.01732290
v 0.11429600 0.01778940 0.01781100
v 0.11429600 0.01864220 0.01700180
v 0.11429600 0.01270420 0.04173470
v 0.11429600 0.01315380 0.04282080
v 0.11429600 0.01953610 0.01623840
v 0.11429600 0.01365990 0.04388180
v 0.17916300 0.01365990 0.04388180
v 0.13055500 0.05405730 0.00702602
v 0.13679200 0.05986450 0.01347850
v 0.17916300 0.01315380 0.04282080
v 0.17916300 0.01270420 0.04173470
v 0.17916300 0.01263860 0.04154940
v 0.17916300 0.01231190 0.04062660
v 0.11429600 0.01231190 0.04062660
v 0.17916300 0.01210700 0.03993460
v 0.17916300 0.01197810 0.03949950
v 0.11429600 0.01197810 0.03949950
v 0.17916300 0.01170350 0.03835640
v 0.17916300 0.01148930 0.03720060
v 0.11429600 0.01133560 0.03603510
v 0.17916300 0.01135300 0.03616640
v 0.17916300 0.01133560 0.03603510
v 0.17916300 0.01131910 0.03582460
v 0.17916300 0.01129580 0.03552810
v 0.17916300 0.01127530 0.03526590
v 0.17916300 0.01124370 0.03486320
v 0.17916300 0.01124260 0.03482140
v 0.17916300 0.01123750 0.03462730
v 0.17916300 0.01123270 0.03444480
v 0.11429600 0.01121280 0.03368810
v 0.17916300 0.01122810 0.03426980
v 0.17916300 0.01121520 0.03378080
v 0.17916300 0.01121280 0.03368810
v 0.17916300 0.01122270 0.03331030
v 0.17916300 0.01122700 0.03314710
v 0.17916300 0.01123140 0.03297830
v 0.17916300 0.01123610 0.03280300
v 0.11429600 0.01124370 0.03251290
v 0.17916300 0.01124090 0.03262020
v 0.17916300 0.01124370 0.03251290
v 0.17916300 0.01133560 0.03134100
v 0.17916300 0.01148930 0.03017560
v 0.17916300 0.01170350 0.02901970
v 0.17916300 0.01197810 0.02787660
v 0.11429600 0.01170350 0.02901970
v 0.11429600 0.01197810 0.02787660
v 0.11429600 0.01148930 0.03017560
v 0.11429600 0.01231190 0.02674950
v 0.17916300 0.01231190 0.02674950
v 0.17916300 0.01239610 0.02651160
v 0.11429600 0.01270420 0.02564140
v 0.17916300 0.01270420 0.02564140
v 0.17916300 0.01315380 0.02455540
v 0.17916300 0.01365990 0.02349430
v 0.17916300 0.01374600 0.02333580
v 0.17916300 0.01405930 0.02275940
v 0.17916300 0.01422130 0.02246130
v 0.11429600 0.01365990 0.02349430
v 0.11429600 0.01422070 0.02246130
v 0.11429600 0.01124370 0.03486320
v 0.11429600 0.01483550 0.02145900
v 0.17916300 0.01483550 0.02145900
v 0.17916300 0.01550120 0.02049020
v 0.11429600 0.01550120 0.02049020
v 0.11429600 0.01148930 0.03720060
v 0.11429600 0.01170350 0.03835640
v 0.11429600 0.01621700 0.01955750
v 0.17916300 0.01621700 0.01955750
v 0.17916300 0.01698040 0.01866370
v 0.17916300 0.01778940 0.01781100
v 0.11429600 0.01698040 0.01866370
v 0.11429600 0.01315380 0.02455540
v 0.11429600 0.01133560 0.03134100
v 0.13055500 0.06459630 0.02079130
v 0.13679200 0.06230210 0.01713490
v 0.17916300 0.01971260 0.01610290
v 0.17916300 0.02189450 0.01457670
v 0.14496500 0.05298190 0.00845989
v 0.17027300 0.04674450 0.01089750
v 0.17629600 0.03032660 0.00874667
v 0.17629600 0.02710030 0.00939191
v 0.17027300 0.02681360 0.00831651
v 0.15801400 0.02258360 0.00688263
v 0.15801400 0.01914230 0.00853159
v 0.14496500 0.01778010 0.00616569
v 0.14496500 0.01433880 0.00845989
v 0.14496500 0.01118430 0.01118430
v 0.15801400 0.01319170 0.01319170
v 0.15801400 0.01068240 0.01598780
v 0.17027300 0.01283320 0.01763670
v 0.15801400 0.00853159 0.01914230
v 0.15801400 0.00688263 0.02258360
v 0.17027300 0.00939191 0.02358730
v 0.15801400 0.00566383 0.02616830
v 0.15801400 0.00494688 0.02989640
v 0.17027300 0.00759956 0.03018320
v 0.15801400 0.00466011 0.03362450
v 0.15801400 0.00494688 0.03742430
v 0.17027300 0.00759956 0.03706580
v 0.15801400 0.00566383 0.04115240
v 0.15801400 0.00688263 0.04473710
v 0.17027300 0.00939191 0.04366170
v 0.15801400 0.00853159 0.04810670
v 0.15801400 0.01068240 0.05126120
v 0.17027300 0.01283320 0.04961230
v 0.15801400 0.01319170 0.05412900
v 0.14496500 0.01118430 0.05606470
v 0.14496500 0.01433880 0.05886080
v 0.13679200 0.01347850 0.05986450
v 0.13679200 0.01713490 0.06230210
v 0.13055500 0.01684810 0.06266060
v 0.13055500 0.02079130 0.06459630
v 0.12331400 0.02071960 0.06473970
v 0.12331400 0.02494950 0.06617360
v 0.11657400 0.02502120 0.06595850
v 0.11177100 0.02939450 0.06603020
v 0.11177100 0.02516460 0.06524150
v 0.10797100 0.02552310 0.06387940
v 0.10797100 0.02953790 0.06466800
v 0.10438600 0.02982470 0.06258890
v 0.10438600 0.02609660 0.06187190
v 0.10116000 0.02702860 0.05957770
v 0.10116000 0.03047000 0.06015130
v 0.09829250 0.03032660 0.05728350
v 0.09886600 0.03362450 0.05814380
v 0.09628500 0.03362450 0.05527610
v 0.09829250 0.03699410 0.05728350
v 0.10116000 0.03685070 0.06015130
v 0.10173400 0.03362450 0.06079650
v 0.10438600 0.03742430 0.06258890
v 0.10116000 0.04029200 0.05957770
v 0.10438600 0.04122410 0.06187190
v 0.10116000 0.04359000 0.05843060
v 0.09829250 0.04294470 0.05563460
v 0.09571150 0.04186930 0.05298190
v 0.09571150 0.04430690 0.05176310
v 0.09571150 0.04660110 0.05018580
v 0.09829250 0.05068770 0.05040090
v 0.10116000 0.05463080 0.05018580
v 0.09771890 0.05190650 0.04803500
v 0.09571150 0.05068770 0.04595590
v 0.09657180 0.05255170 0.04509550
v 0.09585490 0.05219320 0.04409180
v 0.10058700 0.05764200 0.04380500
v 0.09628500 0.05384220 0.04143910
v 0.09657180 0.05491760 0.03936000
v 0.09571150 0.05441580 0.03699410
v 0.09771890 0.05671000 0.03634890
v 0.10116000 0.06015130 0.03685070
v 0.09771890 0.05692500 0.03398300
v 0.09571150 0.05455910 0.03147370
v 0.09771890 0.05663830 0.03025490
v 0.10116000 0.06007960 0.02982470
v 0.10037200 0.05878910 0.02659850
v 0.10438600 0.06187190 0.02609660
v 0.10116000 0.05821550 0.02315720
v 0.10065800 0.05620810 0.02014600
v 0.10438600 0.05893250 0.01907060
v 0.10116000 0.05463080 0.01713490
v 0.10116000 0.05233660 0.01448220
v 0.10438600 0.05427240 0.01297660
v 0.10438600 0.05140460 0.01046730
v 0.10797100 0.04932550 0.00652415
v 0.11177100 0.04997070 0.00537705
v 0.11177100 0.04617090 0.00344131
v 0.11657400 0.04645770 0.00279607
v 0.12331400 0.04652940 0.00250929
v 0.12331400 0.05047260 0.00444503
v 0.13055500 0.05040090 0.00458842
v 0.13679200 0.05377050 0.00738448
v 0.13679200 0.05699670 0.01025220
v 0.14496500 0.04954060 0.00616569
v 0.15801400 0.04810670 0.00853159
v 0.15801400 0.04473710 0.00688263
v 0.17027300 0.04366170 0.00939191
v 0.17629600 0.04323150 0.01039560
v 0.17629600 0.04624260 0.01190120
v 0.17916300 0.04602760 0.01211630
v 0.17916300 0.04875190 0.01390860
v 0.17916300 0.04686430 0.01552270
v 0.11429600 0.04686430 0.01552270
v 0.17916300 0.04589550 0.01485690
v 0.17916300 0.04569250 0.01473250
v 0.11429600 0.04589550 0.01485690
v 0.17916300 0.04489320 0.01424270
v 0.17916300 0.04386010 0.01368170
v 0.17916300 0.04279910 0.01317570
v 0.17916300 0.04171300 0.01272580
v 0.17916300 0.04060490 0.01233340
v 0.17916300 0.03977430 0.01208740
v 0.11429600 0.03947780 0.01199960
v 0.11429600 0.04060490 0.01233340
v 0.11429600 0.03131940 0.05601860
v 0.11429600 0.04171300 0.01272580
v 0.11429600 0.03249130 0.05611090
v 0.11429600 0.04279910 0.01317570
v 0.11429600 0.03366640 0.05614170
v 0.11429600 0.04386010 0.01368170
v 0.11429600 0.03484150 0.05611090
v 0.11429600 0.04489320 0.01424270
v 0.11429600 0.03601340 0.05601870
v 0.11429600 0.03717890 0.05586520
v 0.11429600 0.03833480 0.05565100
v 0.17916300 0.03717890 0.05586520
v 0.17916300 0.03833480 0.05565100
v 0.17916300 0.03765070 0.05577780
v 0.17916300 0.04007700 0.05764200
v 0.17916300 0.03601340 0.05601870
v 0.17916300 0.03484150 0.05611090
v 0.17916300 0.03439050 0.05612270
v 0.17916300 0.03685070 0.05828720
v 0.17916300 0.03366640 0.05614170
v 0.17916300 0.03249130 0.05611090
v 0.17916300 0.03131940 0.05601860
v 0.17629600 0.04014870 0.05792880
v 0.17629600 0.04323150 0.05685330
v 0.17027300 0.04366170 0.05785710
v 0.17027300 0.04674450 0.05635150
v 0.15801400 0.04810670 0.05871740
v 0.17027300 0.04961230 0.05448750
v 0.17629600 0.04896700 0.05355540
v 0.17629600 0.04624260 0.05541950
v 0.17916300 0.04602760 0.05513270
v 0.17916300 0.04315980 0.05656660
v 0.17916300 0.04078390 0.05497930
v 0.17916300 0.04060490 0.05504270
v 0.17916300 0.03947780 0.05537660
v 0.11429600 0.05599690 0.03134100
v 0.17916300 0.04171300 0.05465030
v 0.11429600 0.05611990 0.03368810
v 0.17916300 0.04279910 0.05420050
v 0.11429600 0.05599690 0.03603510
v 0.11429600 0.05562930 0.03835640
v 0.17629600 0.05140460 0.05140460
v 0.11429600 0.05535490 0.03949950
v 0.11429600 0.05502100 0.04062660
v 0.11429600 0.05417870 0.04282080
v 0.17916300 0.03947780 0.01199960
v 0.17916300 0.03833480 0.01172520
v 0.11429600 0.05367270 0.04388180
v 0.11429600 0.03833480 0.01172520
v 0.17916300 0.03717890 0.01151090
v 0.11429600 0.03717890 0.01151090
v 0.11429600 0.05311170 0.04491490
v 0.17916300 0.03882030 0.01184170
v 0.11429600 0.05462860 0.04173470
v 0.11429600 0.05584350 0.03720060
v 0.17916300 0.04592130 0.01487470
v 0.17916300 0.04007700 0.00967870
v 0.17629600 0.04014870 0.00939191
v 0.17629600 0.03692240 0.00874667
v 0.17629600 0.03362450 0.00853159
v 0.17027300 0.03362450 0.00738448
v 0.17027300 0.03018320 0.00759956
v 0.15801400 0.02982470 0.00494689
v 0.15801400 0.02616830 0.00566383
v 0.14496500 0.02545140 0.00293945
v 0.14496500 0.02150820 0.00430164
v 0.13679200 0.02100630 0.00308285
v 0.13679200 0.01713490 0.00501858
v 0.13679200 0.01347850 0.00738448
v 0.13055500 0.01684810 0.00458842
v 0.13055500 0.01326340 0.00702602
v 0.13055500 0.00996547 0.00996547
v 0.13679200 0.01025220 0.01025220
v 0.13679200 0.00738448 0.01347850
v 0.14496500 0.00845989 0.01433880
v 0.14496500 0.00616568 0.01778010
v 0.13679200 0.00501859 0.01713490
v 0.13679200 0.00308284 0.02100630
v 0.14496500 0.00430164 0.02150820
v 0.14496500 0.00293945 0.02545140
v 0.13679200 0.00172066 0.02509290
v 0.13679200 0.00086033 0.02932290
v 0.14496500 0.00215082 0.02946620
v 0.14496500 0.00186404 0.03362450
v 0.13679200 0.00057355 0.03362450
v 0.13679200 0.00086033 0.03792610
v 0.14496500 0.00215082 0.03778270
v 0.14496500 0.00293945 0.04186930
v 0.13679200 0.00172066 0.04222780
v 0.13679200 0.00308284 0.04631430
v 0.14496500 0.00430164 0.04581250
v 0.14496500 0.00616568 0.04954060
v 0.13679200 0.00501859 0.05018580
v 0.13679200 0.00738448 0.05377050
v 0.14496500 0.00845989 0.05298190
v 0.13679200 0.01025220 0.05706840
v 0.13055500 0.00996547 0.05735520
v 0.13055500 0.01326340 0.06022300
v 0.12331400 0.01312000 0.06036640
v 0.12331400 0.01677640 0.06280400
v 0.11657400 0.01691980 0.06258890
v 0.11657400 0.02086300 0.06452460
v 0.11177100 0.02114970 0.06380770
v 0.11177100 0.01727830 0.06194360
v 0.10797100 0.01799520 0.06072480
v 0.10797100 0.02165160 0.06258890
v 0.10438600 0.02244020 0.06065310
v 0.10438600 0.01899890 0.05893250
v 0.10116000 0.02050450 0.05692500
v 0.10116000 0.02373070 0.05843060
v 0.09829250 0.02430430 0.05563460
v 0.09829250 0.02731540 0.05671000
v 0.09571150 0.02803240 0.05391390
v 0.09571150 0.03075670 0.05448750
v 0.09313050 0.03104350 0.05161970
v 0.09370410 0.03362450 0.05240830
v 0.09571150 0.03656390 0.05448750
v 0.09313050 0.03620550 0.05161970
v 0.09571150 0.03921660 0.05391390
v 0.09829250 0.04000530 0.05671000
v 0.09313050 0.03849970 0.05111780
v 0.09313050 0.04079390 0.05032920
v 0.09054950 0.03785440 0.04825010
v 0.09054950 0.03971850 0.04760480
v 0.09313050 0.04287300 0.04932550
v 0.09054950 0.04151080 0.04667280
v 0.09313050 0.04488040 0.04789160
v 0.09571150 0.04839340 0.04868020
v 0.09370410 0.04717470 0.04667280
v 0.09054950 0.04315980 0.04552570
v 0.09097970 0.04509550 0.04437860
v 0.09370410 0.04911040 0.04437860
v 0.09054950 0.04588420 0.04265790
v 0.09370410 0.04975560 0.04344660
v 0.09119480 0.04767650 0.04129570
v 0.09370410 0.05133290 0.04000530
v 0.09054950 0.04781990 0.03914490
v 0.09255700 0.05061600 0.03821290
v 0.09442100 0.05262340 0.03871480
v 0.09370410 0.05212160 0.03699410
v 0.09054950 0.04868020 0.03591870
v 0.09097970 0.04932550 0.03412630
v 0.09370410 0.05240830 0.03398300
v 0.09054950 0.04875190 0.03197550
v 0.09370410 0.05240830 0.03211890
v 0.09571150 0.05463080 0.03398300
v 0.09119480 0.04918210 0.02989640
v 0.09485120 0.05326860 0.02917950
v 0.09556810 0.05391390 0.02817570
v 0.09771890 0.05642320 0.02831910
v 0.09513790 0.05269510 0.02631170
v 0.09771890 0.05498930 0.02444770
v 0.09370410 0.05011410 0.02451930
v 0.09571150 0.05204990 0.02344390
v 0.09771890 0.05398560 0.02229680
v 0.09370410 0.04911040 0.02294210
v 0.09571150 0.05068770 0.02129310
v 0.09771890 0.05190650 0.01921400
v 0.09370410 0.04717470 0.02057620
v 0.09571150 0.04839340 0.01864040
v 0.09829250 0.05068770 0.01684810
v 0.09571150 0.04660110 0.01706320
v 0.09829250 0.04832180 0.01484070
v 0.10116000 0.04968390 0.01225970
v 0.10116000 0.04674450 0.01032390
v 0.10438600 0.04825010 0.00831651
v 0.10438600 0.04480880 0.00666754
v 0.10797100 0.04559740 0.00473180
v 0.10797100 0.04172590 0.00336962
v 0.11177100 0.04208440 0.00207912
v 0.11657400 0.04229950 0.00136219
v 0.11177100 0.03792610 0.00121880
v 0.11657400 0.03799780 0.00050185
v 0.12331400 0.03806950 0.00028677
v 0.12331400 0.04237120 0.00114710
v 0.13055500 0.04229950 0.00129049
v 0.13055500 0.04645770 0.00265268
v 0.13679200 0.04631430 0.00308285
v 0.13679200 0.05018580 0.00501858
v 0.14496500 0.04581250 0.00430164
v 0.14496500 0.04186930 0.00293945
v 0.15801400 0.04115240 0.00566383
v 0.17027300 0.04043540 0.00831651
v 0.15801400 0.03742430 0.00494689
v 0.17027300 0.03706580 0.00759956
v 0.15801400 0.03362450 0.00466011
v 0.14496500 0.03362450 0.00186404
v 0.14496500 0.02946620 0.00215082
v 0.13679200 0.02932290 0.00086033
v 0.13679200 0.02509290 0.00172066
v 0.13055500 0.02494950 0.00129049
v 0.13055500 0.02079130 0.00265268
v 0.12331400 0.02071960 0.00250929
v 0.12331400 0.01677640 0.00444503
v 0.12331400 0.01312000 0.00695432
v 0.11657400 0.01691980 0.00466011
v 0.11657400 0.01326340 0.00709770
v 0.11657400 0.01003720 0.01003720
v 0.12331400 0.00982207 0.00982208
v 0.12331400 0.00695432 0.01312000
v 0.13055500 0.00702602 0.01326340
v 0.13055500 0.00458842 0.01684810
v 0.12331400 0.00444502 0.01677640
v 0.12331400 0.00250929 0.02071960
v 0.13055500 0.00265268 0.02079130
v 0.13055500 0.00129049 0.02494950
v 0.12331400 0.00107541 0.02494950
v 0.12331400 0.00028677 0.02925120
v 0.13055500 0.00043016 0.02925120
v 0.13055500 0.00014339 0.03362450
v 0.12331400 0.00000000 0.03362450
v 0.12331400 0.00028677 0.03806950
v 0.13055500 0.00043016 0.03799780
v 0.13055500 0.00129049 0.04229950
v 0.12331400 0.00107541 0.04237120
v 0.12331400 0.00250929 0.04652940
v 0.13055500 0.00265268 0.04645770
v 0.13055500 0.00458842 0.05040090
v 0.12331400 0.00444502 0.05047260
v 0.12331400 0.00695432 0.05412900
v 0.13055500 0.00702602 0.05405730
v 0.12331400 0.00982207 0.05742690
v 0.11657400 0.01003720 0.05728350
v 0.11657400 0.01326340 0.06015130
v 0.11177100 0.01376520 0.05957770
v 0.11177100 0.01053900 0.05678170
v 0.10797100 0.01147100 0.05577790
v 0.10797100 0.01455390 0.05850230
v 0.10438600 0.01584440 0.05678170
v 0.10438600 0.01297660 0.05427240
v 0.10116000 0.01491240 0.05276680
v 0.10116000 0.01763670 0.05506100
v 0.09829250 0.02150820 0.05427240
v 0.09829250 0.01892720 0.05248000
v 0.09571150 0.02294210 0.05176310
v 0.09571150 0.02545140 0.05298190
v 0.09313050 0.02652680 0.05032920
v 0.09313050 0.02874930 0.05111780
v 0.09054950 0.02939450 0.04825010
v 0.09054950 0.03133030 0.04868020
v 0.09076460 0.03362450 0.04911040
v 0.08839870 0.03204720 0.04595590
v 0.08839870 0.03362450 0.04602760
v 0.08839870 0.03527350 0.04595590
v 0.09054950 0.03591870 0.04868020
v 0.08839870 0.03685070 0.04566910
v 0.08839870 0.03842800 0.04509550
v 0.08610450 0.03620550 0.04315980
v 0.08610450 0.03742430 0.04272960
v 0.08610450 0.03857140 0.04215610
v 0.08839870 0.03986190 0.04437860
v 0.08839870 0.04122410 0.04351830
v 0.08610450 0.03964680 0.04143910
v 0.08610450 0.04057880 0.04057880
v 0.08839870 0.04244290 0.04244290
v 0.08839870 0.04351830 0.04122410
v 0.08610450 0.04143910 0.03964680
v 0.08610450 0.04215610 0.03857140
v 0.08839870 0.04437860 0.03986190
v 0.08839870 0.04509550 0.03842800
v 0.08610450 0.04272960 0.03742430
v 0.08610450 0.04315980 0.03620550
v 0.08839870 0.04566910 0.03685070
v 0.09019110 0.04781990 0.03742430
v 0.08839870 0.04595590 0.03527350
v 0.08610450 0.04337490 0.03491500
v 0.08610450 0.04351830 0.03362450
v 0.08839870 0.04602760 0.03362450
v 0.08839870 0.04595590 0.03204720
v 0.08610450 0.04337490 0.03233400
v 0.08610450 0.04315980 0.03111520
v 0.08839870 0.04566910 0.03039830
v 0.08839870 0.04509550 0.02889270
v 0.09112310 0.04839340 0.02796070
v 0.09083630 0.04724640 0.02624000
v 0.08839870 0.04437860 0.02745880
v 0.08839870 0.04351830 0.02609660
v 0.09054950 0.04588420 0.02466270
v 0.09097970 0.04509550 0.02287040
v 0.08839870 0.04244290 0.02487780
v 0.08839870 0.04122410 0.02380240
v 0.09054950 0.04315980 0.02179500
v 0.09313050 0.04488040 0.01935740
v 0.09054950 0.04151080 0.02064790
v 0.09313050 0.04287300 0.01799520
v 0.09571150 0.04430690 0.01548590
v 0.09313050 0.04079390 0.01691980
v 0.09571150 0.04186930 0.01426710
v 0.09829250 0.04574080 0.01304830
v 0.09829250 0.04294470 0.01168610
v 0.10116000 0.04359000 0.00881837
v 0.09829250 0.04000530 0.01061070
v 0.10116000 0.04029200 0.00774295
v 0.10438600 0.04122410 0.00544875
v 0.10438600 0.03742430 0.00466011
v 0.10797100 0.03771100 0.00258099
v 0.10797100 0.03362450 0.00236591
v 0.11177100 0.03362450 0.00093202
v 0.11657400 0.03362450 0.00021508
v 0.11177100 0.02939450 0.00121880
v 0.11657400 0.02925120 0.00050185
v 0.12331400 0.02925120 0.00028677
v 0.12331400 0.03362450 0.00000000
v 0.13055500 0.03362450 0.00014339
v 0.13055500 0.02925120 0.00043016
v 0.13679200 0.03362450 0.00057356
v 0.13679200 0.03792610 0.00086033
v 0.14496500 0.03778270 0.00215082
v 0.13679200 0.04222780 0.00172066
v 0.13055500 0.03799780 0.00043016
v 0.12331400 0.02494950 0.00114710
v 0.11657400 0.02502120 0.00136219
v 0.11657400 0.02086300 0.00279607
v 0.11177100 0.02114970 0.00344131
v 0.11177100 0.01727830 0.00537705
v 0.11177100 0.01376520 0.00774295
v 0.10797100 0.01799520 0.00652415
v 0.10797100 0.01455390 0.00881837
v 0.10797100 0.01147100 0.01147100
v 0.11177100 0.01053900 0.01053900
v 0.11177100 0.00774295 0.01376530
v 0.11657400 0.00709771 0.01326340
v 0.11657400 0.00466011 0.01691980
v 0.11177100 0.00537705 0.01727830
v 0.11177100 0.00344131 0.02114970
v 0.11657400 0.00272437 0.02086300
v 0.11657400 0.00136218 0.02502120
v 0.11177100 0.00207912 0.02516460
v 0.11177100 0.00121880 0.02939450
v 0.11657400 0.00050185 0.02925120
v 0.11657400 0.00021509 0.03362450
v 0.11177100 0.00093202 0.03362450
v 0.11177100 0.00121880 0.03792610
v 0.11657400 0.00050185 0.03799780
v 0.11657400 0.00136218 0.04229950
v 0.11177100 0.00207912 0.04208440
v 0.11177100 0.00344131 0.04617090
v 0.11657400 0.00272437 0.04645770
v 0.11657400 0.00466011 0.05032920
v 0.11177100 0.00537705 0.04997070
v 0.11177100 0.00774295 0.05355540
v 0.11657400 0.00709771 0.05398560
v 0.10797100 0.00652415 0.04932550
v 0.10797100 0.00881836 0.05269510
v 0.10438600 0.01046730 0.05140460
v 0.10438600 0.00831651 0.04825010
v 0.10037200 0.01118430 0.04695960
v 0.10116000 0.01261810 0.05018580
v 0.09829250 0.01663300 0.05040090
v 0.09571150 0.02071960 0.05018580
v 0.09571150 0.01892720 0.04868020
v 0.09313050 0.02244020 0.04789160
v 0.09313050 0.02444770 0.04932550
v 0.09054950 0.02573820 0.04667280
v 0.09054950 0.02753050 0.04760480
v 0.08839870 0.02889270 0.04509550
v 0.08839870 0.03039830 0.04566910
v 0.08610450 0.03111520 0.04315980
v 0.08610450 0.03233400 0.04337490
v 0.08610450 0.03362450 0.04351830
v 0.08359520 0.03262080 0.04143910
v 0.08359520 0.03362450 0.04151080
v 0.08108590 0.03362450 0.04000530
v 0.08108590 0.03283590 0.03993360
v 0.07900680 0.03297920 0.03885820
v 0.07900680 0.03362450 0.03885820
v 0.07033180 0.03362450 0.03821290
v 0.07033180 0.03305090 0.03814120
v 0.04817840 0.03305090 0.03792610
v 0.04817840 0.03362450 0.03799780
v 0.02573810 0.03362450 0.03835630
v 0.02573810 0.03305090 0.03835630
v 0.01634620 0.03283590 0.03957510
v 0.01634620 0.03362450 0.03964680
v 0.01634620 0.03441310 0.03957510
v 0.01369350 0.03362450 0.04158250
v 0.01369350 0.03469990 0.04151080
v 0.01154270 0.03498670 0.04409180
v 0.01154270 0.03362450 0.04416350
v 0.01154270 0.03226230 0.04409180
v 0.00975037 0.03362450 0.04767650
v 0.00989376 0.03154540 0.04717470
v 0.00860327 0.03090010 0.05161970
v 0.00860327 0.02867760 0.05111780
v 0.00767126 0.02745880 0.05570620
v 0.00767126 0.02459100 0.05470250
v 0.00673922 0.02272700 0.05907590
v 0.00673922 0.01950080 0.05749860
v 0.00523365 0.01821030 0.06101160
v 0.00523365 0.01476900 0.05878910
v 0.00286774 0.01383690 0.05943430
v 0.00286774 0.01742160 0.06180020
v 0.00286774 0.02122140 0.06366430
v 0.00121879 0.01928570 0.05857400
v 0.00071693 0.02279870 0.05979280
v 0.00121879 0.02616830 0.06144180
v 0.00286774 0.02523630 0.06502650
v 0.00286774 0.02939450 0.06581510
v 0.00071693 0.02996810 0.06165680
v 0.00121879 0.03362450 0.06237380
v 0.00286774 0.03362450 0.06610190
v 0.00286774 0.03785440 0.06581510
v 0.00487518 0.03362450 0.06531320
v 0.00523365 0.03742430 0.06481140
v 0.00652414 0.03362450 0.06237380
v 0.00523365 0.02989640 0.06481140
v 0.00523365 0.02580980 0.06409450
v 0.00673922 0.02968130 0.06108330
v 0.00673922 0.02616830 0.06036640
v 0.00523365 0.02193840 0.06280400
v 0.00767126 0.03039830 0.05635150
v 0.00745617 0.03362450 0.05764200
v 0.00845988 0.03362450 0.05283850
v 0.00767126 0.03692240 0.05635150
v 0.00860327 0.03634890 0.05161970
v 0.00989376 0.03577530 0.04717470
v 0.00989376 0.03749600 0.04681620
v 0.01154270 0.03634890 0.04380500
v 0.01369350 0.03570360 0.04129570
v 0.01154270 0.03763940 0.04337490
v 0.01369350 0.03670730 0.04100900
v 0.01634620 0.03591870 0.03914490
v 0.01634620 0.03520180 0.03943170
v 0.02573810 0.03484330 0.03821290
v 0.02573810 0.03426970 0.03835630
v 0.04817840 0.03419800 0.03792610
v 0.04817840 0.03477160 0.03785440
v 0.07033180 0.03484330 0.03806950
v 0.04817840 0.03527350 0.03763940
v 0.07033180 0.03541680 0.03785440
v 0.07033180 0.03591870 0.03756770
v 0.04817840 0.03577530 0.03742430
v 0.04817840 0.03627720 0.03706580
v 0.02573810 0.03599040 0.03778270
v 0.02573810 0.03656390 0.03742430
v 0.01634620 0.03728090 0.03842800
v 0.01634620 0.03663560 0.03885820
v 0.01369350 0.03763940 0.04050710
v 0.01369350 0.03849970 0.03993360
v 0.01154270 0.04000530 0.04201270
v 0.01154270 0.03892990 0.04272960
v 0.00989376 0.04079390 0.04538230
v 0.00989376 0.03921660 0.04617090
v 0.00860327 0.04093730 0.05025750
v 0.00860327 0.03864310 0.05111780
v 0.00767126 0.04265790 0.05470250
v 0.00767126 0.03986190 0.05570620
v 0.00673922 0.04459370 0.05907590
v 0.00673922 0.04108070 0.06036640
v 0.00673922 0.03763940 0.06108330
v 0.00523365 0.04143910 0.06409450
v 0.00523365 0.04538230 0.06280400
v 0.00286774 0.04609920 0.06366430
v 0.00286774 0.04208440 0.06502650
v 0.00121879 0.04108070 0.06144180
v 0.00071693 0.04445030 0.05979280
v 0.00121879 0.04803500 0.05857400
v 0.00286774 0.04989900 0.06180020
v 0.00523365 0.04911040 0.06101160
v 0.00286774 0.05341200 0.05943430
v 0.00523365 0.05248000 0.05878910
v 0.00673922 0.04774820 0.05749860
v 0.00673922 0.05075940 0.05541950
v 0.00767126 0.04538230 0.05341200
v 0.00767126 0.04781990 0.05169140
v 0.00860327 0.04294470 0.04925380
v 0.00860327 0.04495210 0.04781990
v 0.00989376 0.04222780 0.04430690
v 0.00989376 0.04359000 0.04308810
v 0.01154270 0.04108070 0.04108070
v 0.01369350 0.03928830 0.03928830
v 0.01154270 0.04201270 0.04000530
v 0.01369350 0.03993360 0.03849970
v 0.01634620 0.03842800 0.03728090
v 0.01369350 0.04050710 0.03763940
v 0.01634620 0.03885820 0.03663560
v 0.01634620 0.03914490 0.03591870
v 0.01369350 0.04100900 0.03670730
v 0.01369350 0.04129570 0.03570360
v 0.01634620 0.03943170 0.03520180
v 0.01634620 0.03957510 0.03441310
v 0.01369350 0.04151080 0.03469990
v 0.01369350 0.04158250 0.03362450
v 0.01634620 0.03964680 0.03362450
v 0.01634620 0.03957510 0.03283590
v 0.01369350 0.04151080 0.03262080
v 0.01369350 0.04129570 0.03161710
v 0.01634620 0.03943170 0.03211890
v 0.01634620 0.03914490 0.03133030
v 0.01369350 0.04100900 0.03061330
v 0.01369350 0.04050710 0.02968130
v 0.01634620 0.03885820 0.03061330
v 0.01634620 0.03842800 0.02996810
v 0.02573810 0.03778270 0.03125860
v 0.02573810 0.03742430 0.03075670
v 0.04817840 0.03706580 0.03097180
v 0.02573810 0.03699410 0.03025490
v 0.04817840 0.03670730 0.03054160
v 0.04817840 0.03627720 0.03018320
v 0.07033180 0.03685070 0.03039830
v 0.07033180 0.03642060 0.03003980
v 0.07900680 0.03685070 0.02946620
v 0.07900680 0.03735260 0.02989640
v 0.08108590 0.03814120 0.02917950
v 0.08108590 0.03749600 0.02860590
v 0.08359520 0.03842800 0.02738710
v 0.08108590 0.03685070 0.02810410
v 0.08359520 0.03756770 0.02681360
v 0.08610450 0.03857140 0.02509290
v 0.08359520 0.03663560 0.02638340
v 0.08610450 0.03742430 0.02451930
v 0.08839870 0.03842800 0.02215350
v 0.08839870 0.03986190 0.02287040
v 0.08610450 0.03964680 0.02580980
v 0.08610450 0.04057880 0.02667020
v 0.08359520 0.03921660 0.02810410
v 0.08359520 0.03986190 0.02889270
v 0.08610450 0.04143910 0.02767390
v 0.08610450 0.04215610 0.02874930
v 0.08359520 0.04043540 0.02968130
v 0.08108590 0.03914490 0.03047000
v 0.08108590 0.03871480 0.02975300
v 0.07900680 0.03778270 0.03047000
v 0.07900680 0.03821290 0.03104350
v 0.07033180 0.03756770 0.03133030
v 0.07033180 0.03728090 0.03090010
v 0.04817840 0.03742430 0.03147370
v 0.04817840 0.03763940 0.03197550
v 0.02573810 0.03799780 0.03183210
v 0.02573810 0.03821290 0.03240570
v 0.04817840 0.03785440 0.03254910
v 0.04817840 0.03792610 0.03305090
v 0.02573810 0.03835630 0.03305090
v 0.02573810 0.03835630 0.03362450
v 0.04817840 0.03799780 0.03362450
v 0.04817840 0.03792610 0.03419800
v 0.02573810 0.03835630 0.03426970
v 0.02573810 0.03821290 0.03484330
v 0.04817840 0.03785440 0.03477160
v 0.04817840 0.03763940 0.03527350
v 0.02573810 0.03799780 0.03548850
v 0.02573810 0.03778270 0.03599040
v 0.04817840 0.03742430 0.03577530
v 0.04817840 0.03706580 0.03627720
v 0.02573810 0.03742430 0.03656390
v 0.02573810 0.03699410 0.03699410
v 0.01634620 0.03785440 0.03785440
v 0.04817840 0.03670730 0.03670730
v 0.07033180 0.03685070 0.03685070
v 0.07033180 0.03642060 0.03728090
v 0.07900680 0.03685070 0.03778270
v 0.07900680 0.03627720 0.03821290
v 0.07900680 0.03563190 0.03849970
v 0.08108590 0.03685070 0.03914490
v 0.08108590 0.03606210 0.03950340
v 0.08108590 0.03527350 0.03979020
v 0.07900680 0.03498670 0.03871480
v 0.07900680 0.03434140 0.03885820
v 0.07033180 0.03426970 0.03814120
v 0.08108590 0.03448480 0.03993360
v 0.08359520 0.03469990 0.04143910
v 0.08359520 0.03570360 0.04122410
v 0.08359520 0.03663560 0.04093730
v 0.08610450 0.03491500 0.04337490
v 0.08359520 0.03756770 0.04043540
v 0.08359520 0.03842800 0.03986190
v 0.08108590 0.03749600 0.03871480
v 0.08108590 0.03814120 0.03814120
v 0.08359520 0.03921660 0.03921660
v 0.08359520 0.03986190 0.03842800
v 0.08108590 0.03871480 0.03749600
v 0.08108590 0.03914490 0.03685070
v 0.08359520 0.04043540 0.03756770
v 0.08359520 0.04086560 0.03663560
v 0.08108590 0.03950340 0.03606210
v 0.08108590 0.03979020 0.03527350
v 0.08359520 0.04122410 0.03570360
v 0.08359520 0.04143910 0.03469990
v 0.08108590 0.03993360 0.03448480
v 0.08108590 0.04000530 0.03362450
v 0.08359520 0.04151080 0.03362450
v 0.08359520 0.04143910 0.03262080
v 0.08108590 0.03993360 0.03283590
v 0.08108590 0.03979020 0.03197550
v 0.08359520 0.04122410 0.03161710
v 0.08359520 0.04086560 0.03061330
v 0.08108590 0.03950340 0.03118690
v 0.07900680 0.03849970 0.03161710
v 0.07900680 0.03871480 0.03226230
v 0.07033180 0.03806950 0.03247740
v 0.07033180 0.03785440 0.03190380
v 0.07900680 0.03885820 0.03297920
v 0.07033180 0.03814120 0.03305090
v 0.07033180 0.03821290 0.03362450
v 0.07900680 0.03885820 0.03362450
v 0.07900680 0.03885820 0.03434140
v 0.07033180 0.03814120 0.03426970
v 0.07033180 0.03806950 0.03484330
v 0.07900680 0.03871480 0.03498670
v 0.07900680 0.03849970 0.03563190
v 0.07033180 0.03785440 0.03541680
v 0.07033180 0.03756770 0.03591870
v 0.07900680 0.03821290 0.03627720
v 0.07900680 0.03778270 0.03685070
v 0.07033180 0.03728090 0.03642060
v 0.07900680 0.03735260 0.03735260
v 0.08610450 0.04272960 0.02989640
v 0.09054950 0.03971850 0.01971590
v 0.09054950 0.03785440 0.01899890
v 0.09313050 0.03849970 0.01613110
v 0.09054950 0.03591870 0.01864040
v 0.09313050 0.03620550 0.01570100
v 0.09571150 0.03921660 0.01333510
v 0.09571150 0.03656390 0.01283320
v 0.09829250 0.03699410 0.00996547
v 0.09628500 0.03362450 0.01197290
v 0.09886600 0.03362450 0.00910514
v 0.10116000 0.03685070 0.00709770
v 0.10173400 0.03362450 0.00645246
v 0.10438600 0.03362450 0.00444503
v 0.10438600 0.02982470 0.00466011
v 0.10797100 0.02953790 0.00258099
v 0.10797100 0.02552310 0.00336962
v 0.11177100 0.02516460 0.00207912
v 0.10797100 0.02165160 0.00473180
v 0.10438600 0.02244020 0.00666754
v 0.10438600 0.01899890 0.00831651
v 0.10438600 0.01584440 0.01046730
v 0.10116000 0.02050450 0.01032390
v 0.10116000 0.01763670 0.01225970
v 0.10116000 0.01491240 0.01448220
v 0.09829250 0.01892720 0.01484070
v 0.09829250 0.02150820 0.01304830
v 0.09571150 0.02294210 0.01548590
v 0.09571150 0.02545140 0.01426710
v 0.09313050 0.02652680 0.01691980
v 0.09313050 0.02874930 0.01613110
v 0.09054950 0.02939450 0.01899890
v 0.09054950 0.03133030 0.01864040
v 0.08839870 0.03204720 0.02129310
v 0.09076460 0.03362450 0.01813860
v 0.08839870 0.03362450 0.02122140
v 0.08610450 0.03362450 0.02380240
v 0.08839870 0.03527350 0.02129310
v 0.08610450 0.03491500 0.02387410
v 0.08610450 0.03620550 0.02416090
v 0.08839870 0.03685070 0.02165160
v 0.08359520 0.03469990 0.02588150
v 0.08359520 0.03570360 0.02602490
v 0.08108590 0.03527350 0.02753050
v 0.08108590 0.03448480 0.02731540
v 0.08108590 0.03362450 0.02731540
v 0.08359520 0.03362450 0.02580980
v 0.08359520 0.03262080 0.02588150
v 0.08610450 0.03233400 0.02387410
v 0.08610450 0.03111520 0.02416090
v 0.08839870 0.03039830 0.02165160
v 0.08839870 0.02889270 0.02215350
v 0.09054950 0.02753050 0.01971590
v 0.09054950 0.02573820 0.02064790
v 0.09313050 0.02444770 0.01799520
v 0.09313050 0.02244020 0.01935740
v 0.09571150 0.02071960 0.01706320
v 0.09571150 0.01892720 0.01864040
v 0.09829250 0.01663300 0.01684810
v 0.09771890 0.01541420 0.01921400
v 0.09370410 0.02014600 0.02057620
v 0.09571150 0.01663300 0.02129310
v 0.09097970 0.02215350 0.02287040
v 0.09054950 0.02416090 0.02179500
v 0.08839870 0.02609660 0.02380240
v 0.08839870 0.02745880 0.02287040
v 0.08610450 0.02874930 0.02509290
v 0.08610450 0.02989640 0.02451930
v 0.08359520 0.03061330 0.02638340
v 0.08359520 0.03161710 0.02602490
v 0.08108590 0.03197550 0.02753050
v 0.08108590 0.03283590 0.02731540
v 0.07900680 0.03297920 0.02846250
v 0.07900680 0.03362450 0.02839080
v 0.07033180 0.03362450 0.02910780
v 0.07033180 0.03305090 0.02910780
v 0.07033180 0.03247740 0.02925120
v 0.07900680 0.03226230 0.02860590
v 0.07900680 0.03161710 0.02882100
v 0.08108590 0.03118690 0.02774560
v 0.08108590 0.03047000 0.02810410
v 0.08359520 0.02968130 0.02681360
v 0.08359520 0.02889270 0.02738710
v 0.08610450 0.02767390 0.02580980
v 0.08610450 0.02667020 0.02667020
v 0.08839870 0.02487780 0.02487780
v 0.08839870 0.02380240 0.02609660
v 0.09054950 0.02136480 0.02466270
v 0.09370410 0.01821030 0.02294210
v 0.09370410 0.01720660 0.02451930
v 0.09571150 0.01527080 0.02344390
v 0.09771890 0.01333510 0.02229680
v 0.10065800 0.01104090 0.02014600
v 0.10116000 0.00903345 0.02315720
v 0.09771890 0.01225970 0.02444770
v 0.10065800 0.00831651 0.02645510
v 0.09571150 0.01398030 0.02616830
v 0.09771890 0.01104090 0.02796070
v 0.09370410 0.01591610 0.02731540
v 0.09571150 0.01326340 0.02853420
v 0.09370410 0.01541420 0.02910780
v 0.09054950 0.01950080 0.02810410
v 0.09083630 0.01856870 0.02996810
v 0.08839870 0.02215350 0.02889270
v 0.08839870 0.02165160 0.03039830
v 0.08610450 0.02416090 0.03111520
v 0.08610450 0.02451930 0.02989640
v 0.08359520 0.02638340 0.03061330
v 0.08359520 0.02602490 0.03161710
v 0.08359520 0.02588150 0.03262080
v 0.08610450 0.02387410 0.03233400
v 0.08610450 0.02380240 0.03362450
v 0.08359520 0.02580980 0.03362450
v 0.08359520 0.02588150 0.03469990
v 0.08610450 0.02387410 0.03491500
v 0.08610450 0.02416090 0.03620550
v 0.08359520 0.02602490 0.03570360
v 0.08359520 0.02638340 0.03663560
v 0.08610450 0.02451930 0.03742430
v 0.08610450 0.02509290 0.03857140
v 0.08359520 0.02681360 0.03756770
v 0.08359520 0.02738710 0.03842800
v 0.08610450 0.02580980 0.03964680
v 0.08610450 0.02667020 0.04057880
v 0.08359520 0.02810400 0.03921660
v 0.08359520 0.02889270 0.03986190
v 0.08610450 0.02767390 0.04143910
v 0.08610450 0.02874930 0.04215610
v 0.08839870 0.02609660 0.04351830
v 0.08839870 0.02745880 0.04437860
v 0.08610450 0.02989640 0.04272960
v 0.08359520 0.03061330 0.04093730
v 0.08359520 0.03161710 0.04122410
v 0.08108590 0.03197550 0.03979020
v 0.08108590 0.03118690 0.03950340
v 0.07900680 0.03161710 0.03849970
v 0.07900680 0.03226230 0.03871480
v 0.07033180 0.03247740 0.03806950
v 0.07033180 0.03190380 0.03785440
v 0.04817840 0.03197550 0.03763940
v 0.04817840 0.03254910 0.03785440
v 0.02573810 0.03240570 0.03821290
v 0.02573810 0.03183210 0.03799780
v 0.01634620 0.03133030 0.03914490
v 0.01634620 0.03211890 0.03943170
v 0.01369350 0.03161710 0.04129570
v 0.01369350 0.03262080 0.04151080
v 0.01154270 0.03090010 0.04380500
v 0.00989376 0.02975300 0.04681620
v 0.01154270 0.02960960 0.04337490
v 0.00989376 0.02810400 0.04617090
v 0.00860327 0.02638340 0.05025750
v 0.00860327 0.02430430 0.04925380
v 0.00767126 0.02193840 0.05341200
v 0.00767126 0.01942910 0.05169140
v 0.00673922 0.01648960 0.05541950
v 0.00673922 0.01383690 0.05305360
v 0.00523365 0.01161440 0.05613640
v 0.00523365 0.00889006 0.05305360
v 0.00286774 0.00788634 0.05341200
v 0.00286774 0.01068240 0.05663830
v 0.00121879 0.01333510 0.05398560
v 0.00071693 0.01641790 0.05606470
v 0.00000000 0.03362450 0.03362450
v 0.00071693 0.01118430 0.05083110
v 0.00121879 0.00874667 0.04803500
v 0.00071693 0.00752787 0.04445030
v 0.00121879 0.00587891 0.04108070
v 0.00071693 0.00559213 0.03735260
v 0.00121879 0.00487519 0.03362450
v 0.00071693 0.00559213 0.02996810
v 0.00121879 0.00587891 0.02616830
v 0.00071693 0.00752787 0.02279870
v 0.00121879 0.00874667 0.01928570
v 0.00071693 0.01118430 0.01641790
v 0.00121879 0.01333510 0.01333510
v 0.00071693 0.01641790 0.01118430
v 0.00121879 0.01928570 0.00874667
v 0.00071693 0.02279870 0.00752787
v 0.00121879 0.02616830 0.00587891
v 0.00071693 0.02996810 0.00559213
v 0.00121879 0.03362450 0.00487519
v 0.00071693 0.03735260 0.00559213
v 0.00121879 0.04108070 0.00587891
v 0.00071693 0.04445030 0.00752787
v 0.00121879 0.04803500 0.00874667
v 0.00071693 0.05083110 0.01118430
v 0.00121879 0.05398560 0.01333510
v 0.00071693 0.05606470 0.01641790
v 0.00121879 0.05857400 0.01928570
v 0.00071693 0.05979280 0.02279870
v 0.00121879 0.06144180 0.02616830
v 0.00071693 0.06165680 0.02996810
v 0.00121879 0.06237380 0.03362450
v 0.00071693 0.06165680 0.03735260
v 0.00286774 0.06581510 0.03785440
v 0.00286774 0.06610190 0.03362450
v 0.00573552 0.06445290 0.03333770
v 0.00286774 0.06581510 0.02939450
v 0.00523365 0.06473970 0.02917950
v 0.00695431 0.06000790 0.02996810
v 0.00788634 0.05541950 0.03161710
v 0.00774294 0.05649490 0.03369620
v 0.00967868 0.04839340 0.03219060
v 0.00953530 0.04846510 0.03398300
v 0.01154270 0.04409180 0.03226230
v 0.01154270 0.04416350 0.03362450
v 0.01154270 0.04409180 0.03498670
v 0.00967868 0.04825010 0.03606210
v 0.00975037 0.04746140 0.03735260
v 0.01154270 0.04380500 0.03634890
v 0.01154270 0.04337490 0.03763940
v 0.00989376 0.04645770 0.03857140
v 0.00960699 0.04638600 0.04036370
v 0.01154270 0.04272960 0.03892990
v 0.00989376 0.04473710 0.04172590
v 0.00860327 0.04825010 0.04445030
v 0.00860327 0.04667280 0.04631430
v 0.00767126 0.05197810 0.04738970
v 0.00767126 0.05004240 0.04968390
v 0.00673922 0.05584960 0.05025750
v 0.00673922 0.05348370 0.05305360
v 0.00523365 0.05835890 0.05305360
v 0.00523365 0.06072480 0.04968390
v 0.00673922 0.05778540 0.04724640
v 0.00523365 0.06251720 0.04595590
v 0.00695431 0.05821550 0.04402010
v 0.00767126 0.05348370 0.04516720
v 0.00845988 0.05054430 0.04272960
v 0.00767126 0.05520440 0.04151080
v 0.00845988 0.05183480 0.03993360
v 0.00738448 0.05735520 0.04043540
v 0.00781464 0.05527610 0.03936000
v 0.00845988 0.05219320 0.03900150
v 0.00580721 0.06352090 0.04165420
v 0.00788634 0.05520440 0.03735260
v 0.00695431 0.06007960 0.03692240
v 0.00795802 0.05506100 0.03455650
v 0.00695431 0.06036640 0.03455650
v 0.00523365 0.06481140 0.03742430
v 0.00286774 0.06502650 0.04208440
v 0.00121879 0.06144180 0.04108070
v 0.00286774 0.06366430 0.04609920
v 0.00071693 0.05979280 0.04445030
v 0.00121879 0.05857400 0.04803500
v 0.00071693 0.05606470 0.05083110
v 0.00286774 0.05943430 0.05341200
v 0.00286774 0.06180020 0.04989900
v 0.00121879 0.05398560 0.05398560
v 0.00286774 0.05663830 0.05663830
v 0.00523365 0.05563460 0.05613640
v 0.00071693 0.05083110 0.05606470
v 0.00975037 0.04753310 0.03039830
v 0.01154270 0.04380500 0.03090010
v 0.01154270 0.04337490 0.02960960
v 0.00989376 0.04645770 0.02867760
v 0.00960699 0.04638600 0.02695690
v 0.01154270 0.04272960 0.02839080
v 0.01154270 0.04201270 0.02724370
v 0.01369350 0.03993360 0.02882100
v 0.01369350 0.03928830 0.02803240
v 0.01634620 0.03785440 0.02939450
v 0.01634620 0.03728090 0.02889270
v 0.02573810 0.03656390 0.02989640
v 0.02573810 0.03599040 0.02953790
v 0.04817840 0.03577530 0.02989640
v 0.07033180 0.03591870 0.02968130
v 0.04817840 0.03527350 0.02960960
v 0.07033180 0.03541680 0.02939450
v 0.07900680 0.03563190 0.02882100
v 0.07900680 0.03627720 0.02910780
v 0.08108590 0.03606210 0.02774560
v 0.07900680 0.03498670 0.02860590
v 0.07900680 0.03434140 0.02846250
v 0.07033180 0.03484330 0.02925120
v 0.07033180 0.03426970 0.02910780
v 0.04817840 0.03419800 0.02932290
v 0.04817840 0.03362450 0.02932290
v 0.04817840 0.03305090 0.02932290
v 0.02573810 0.03362450 0.02889270
v 0.02573810 0.03305090 0.02896440
v 0.02573810 0.03240570 0.02903610
v 0.04817840 0.03254910 0.02946620
v 0.04817840 0.03197550 0.02960960
v 0.07033180 0.03190380 0.02939450
v 0.07033180 0.03133030 0.02968130
v 0.07900680 0.03104350 0.02910780
v 0.07900680 0.03047000 0.02946620
v 0.08108590 0.02975300 0.02860590
v 0.08108590 0.02917950 0.02917950
v 0.08359520 0.02810400 0.02810410
v 0.08359520 0.02738710 0.02889270
v 0.08108590 0.02860590 0.02975300
v 0.08108590 0.02810400 0.03047000
v 0.08359520 0.02681360 0.02968130
v 0.08108590 0.02774560 0.03118690
v 0.08108590 0.02753050 0.03197550
v 0.07900680 0.02882100 0.03161710
v 0.07900680 0.02860590 0.03226230
v 0.07900680 0.02846250 0.03297920
v 0.08108590 0.02731540 0.03283590
v 0.08108590 0.02731540 0.03362450
v 0.07900680 0.02839080 0.03362450
v 0.07900680 0.02846250 0.03434140
v 0.08108590 0.02731540 0.03448480
v 0.08108590 0.02753050 0.03527350
v 0.07900680 0.02860590 0.03498670
v 0.07900680 0.02882100 0.03563190
v 0.08108590 0.02774560 0.03606210
v 0.08108590 0.02810400 0.03685070
v 0.07900680 0.02910780 0.03627720
v 0.07900680 0.02946620 0.03685070
v 0.08108590 0.02860590 0.03749600
v 0.08108590 0.02917950 0.03814120
v 0.07900680 0.02989640 0.03735260
v 0.07900680 0.03047000 0.03778270
v 0.07033180 0.03039830 0.03685070
v 0.07033180 0.03082840 0.03728090
v 0.04817840 0.03097180 0.03706580
v 0.04817840 0.03054160 0.03670730
v 0.02573810 0.03025490 0.03699410
v 0.02573810 0.03075670 0.03742430
v 0.02573810 0.03125860 0.03778270
v 0.01634620 0.02996810 0.03842800
v 0.01634620 0.03061330 0.03885820
v 0.01369350 0.02968130 0.04050710
v 0.01369350 0.03061330 0.04100900
v 0.01154270 0.02839080 0.04272960
v 0.00989376 0.02652680 0.04538230
v 0.01154270 0.02724370 0.04201270
v 0.00989376 0.02502120 0.04430690
v 0.00860327 0.02229680 0.04781990
v 0.00860327 0.02057620 0.04631430
v 0.00767126 0.01720660 0.04968390
v 0.00767126 0.01527080 0.04738970
v 0.00673922 0.01147100 0.05025750
v 0.00673922 0.00946361 0.04724640
v 0.00523365 0.00659585 0.04968390
v 0.00523365 0.00473180 0.04595590
v 0.00286774 0.00365639 0.04609920
v 0.00286774 0.00552044 0.04989900
v 0.00573552 0.00394318 0.04186930
v 0.00695431 0.00910514 0.04402010
v 0.00767126 0.01211630 0.04151080
v 0.00738448 0.00989378 0.04043540
v 0.00759956 0.01104090 0.03936000
v 0.00544873 0.00358470 0.03778270
v 0.00286774 0.00143388 0.03785440
v 0.00286774 0.00229420 0.04208440
v 0.00580721 0.00293945 0.03348110
v 0.00745617 0.00975038 0.03591870
v 0.00738448 0.00896175 0.03405470
v 0.00781464 0.01125600 0.03355280
v 0.00788634 0.01182950 0.03161710
v 0.00695431 0.00724110 0.02996810
v 0.00523365 0.00250929 0.02917950
v 0.00286774 0.00143388 0.02939450
v 0.00286774 0.00114710 0.03362450
v 0.00552043 0.00379978 0.02523630
v 0.00695431 0.00774295 0.02724370
v 0.00767126 0.01211630 0.02573820
v 0.00695431 0.00910514 0.02330060
v 0.00523365 0.00473180 0.02129310
v 0.00286774 0.00365639 0.02122140
v 0.00286774 0.00229420 0.02523630
v 0.00523365 0.00659585 0.01763670
v 0.00673922 0.00946361 0.02000260
v 0.00673922 0.01147100 0.01706320
v 0.00523365 0.00889006 0.01426710
v 0.00286774 0.00788634 0.01383690
v 0.00286774 0.00552044 0.01742160
v 0.00523365 0.01161440 0.01118430
v 0.00286774 0.01068240 0.01068240
v 0.00286774 0.01383690 0.00788634
v 0.00523365 0.01476900 0.00853159
v 0.00673922 0.01648960 0.01190120
v 0.00673922 0.01383690 0.01419540
v 0.00767126 0.01942910 0.01562930
v 0.00767126 0.01720660 0.01763670
v 0.00767126 0.01527080 0.01993090
v 0.00860327 0.02057620 0.02100630
v 0.00860327 0.01899890 0.02287040
v 0.00767126 0.01383690 0.02208180
v 0.00845988 0.01670470 0.02451930
v 0.00989376 0.02258360 0.02552310
v 0.00960699 0.02086300 0.02695690
v 0.00845988 0.01541420 0.02738710
v 0.00989376 0.02086300 0.02867760
v 0.00845988 0.01491240 0.02917950
v 0.00767126 0.01132770 0.02831910
v 0.00975037 0.01978760 0.03039830
v 0.00967868 0.01892720 0.03219060
v 0.01154270 0.02322890 0.03226230
v 0.00975037 0.01935740 0.03362450
v 0.00845988 0.01433880 0.03405470
v 0.00845988 0.01441050 0.03498670
v 0.00989376 0.02000260 0.03513010
v 0.00953530 0.01921400 0.03706580
v 0.00845988 0.01505570 0.03900150
v 0.00989376 0.02086300 0.03857140
v 0.01154270 0.02394580 0.03763940
v 0.01154270 0.02351560 0.03634890
v 0.01154270 0.02322890 0.03498670
v 0.01369350 0.02595320 0.03570360
v 0.01369350 0.02573820 0.03469990
v 0.01369350 0.02566650 0.03362450
v 0.01154270 0.02315720 0.03362450
v 0.01369350 0.02573820 0.03262080
v 0.01369350 0.02595320 0.03161710
v 0.01154270 0.02351560 0.03090010
v 0.01154270 0.02394580 0.02960960
v 0.01369350 0.02631170 0.03061330
v 0.01369350 0.02674190 0.02968130
v 0.01154270 0.02451930 0.02839080
v 0.01154270 0.02530800 0.02724370
v 0.01369350 0.02731540 0.02882100
v 0.01369350 0.02803240 0.02803240
v 0.01154270 0.02624000 0.02624000
v 0.00989376 0.02373070 0.02416090
v 0.01154270 0.02724370 0.02530800
v 0.00989376 0.02502120 0.02294210
v 0.00860327 0.02229680 0.01942910
v 0.00989376 0.02652680 0.02193840
v 0.00860327 0.02430430 0.01806690
v 0.00767126 0.02193840 0.01390860
v 0.00860327 0.02638340 0.01699150
v 0.00767126 0.02459100 0.01254640
v 0.00673922 0.01950080 0.00975038
v 0.00673922 0.02272700 0.00817312
v 0.00523365 0.01821030 0.00623738
v 0.00523365 0.02193840 0.00451672
v 0.00286774 0.02122140 0.00365639
v 0.00286774 0.01742160 0.00552044
v 0.00523365 0.02580980 0.00315454
v 0.00673922 0.02616830 0.00695432
v 0.00673922 0.02968130 0.00623738
v 0.00523365 0.02989640 0.00243760
v 0.00286774 0.02939450 0.00143388
v 0.00286774 0.02523630 0.00229421
v 0.00487518 0.03362450 0.00193574
v 0.00652414 0.03362450 0.00487519
v 0.00523365 0.03742430 0.00243760
v 0.00286774 0.03785440 0.00143388
v 0.00523365 0.04143910 0.00315454
v 0.00673922 0.03763940 0.00623738
v 0.00673922 0.04108070 0.00695432
v 0.00767126 0.03692240 0.01096920
v 0.00745617 0.03362450 0.00967870
v 0.00845988 0.03362450 0.01441050
v 0.00767126 0.03039830 0.01096920
v 0.00860327 0.03090010 0.01570100
v 0.00767126 0.02745880 0.01154270
v 0.00860327 0.02867760 0.01613110
v 0.00989376 0.03154540 0.02007430
v 0.00989376 0.02975300 0.02050450
v 0.00989376 0.02810400 0.02107800
v 0.01154270 0.02960960 0.02394580
v 0.01154270 0.02839080 0.02451930
v 0.01369350 0.02968130 0.02674190
v 0.01369350 0.02882100 0.02731540
v 0.01634620 0.02996810 0.02889270
v 0.01634620 0.02939450 0.02939450
v 0.02573810 0.03025490 0.03025490
v 0.01634620 0.02889270 0.02996810
v 0.02573810 0.02989640 0.03075670
v 0.02573810 0.02953790 0.03125860
v 0.01634620 0.02846250 0.03061330
v 0.01634620 0.02810400 0.03133030
v 0.02573810 0.02925120 0.03183210
v 0.02573810 0.02903610 0.03240570
v 0.01634620 0.02788900 0.03211890
v 0.01634620 0.02767390 0.03283590
v 0.02573810 0.02896440 0.03305090
v 0.02573810 0.02889270 0.03362450
v 0.01634620 0.02767390 0.03362450
v 0.01634620 0.02767390 0.03441310
v 0.02573810 0.02896440 0.03426970
v 0.02573810 0.02903610 0.03484330
v 0.01634620 0.02788900 0.03520180
v 0.01634620 0.02810400 0.03591870
v 0.02573810 0.02925120 0.03548850
v 0.02573810 0.02953790 0.03599040
v 0.01634620 0.02846250 0.03663560
v 0.01634620 0.02889270 0.03728090
v 0.02573810 0.02989640 0.03656390
v 0.01634620 0.02939450 0.03785440
v 0.01369350 0.02803240 0.03928830
v 0.01369350 0.02882100 0.03993360
v 0.01154270 0.02624000 0.04108070
v 0.00989376 0.02373070 0.04308810
v 0.01154270 0.02530800 0.04000530
v 0.00989376 0.02258360 0.04172590
v 0.00860327 0.01899890 0.04445030
v 0.00845988 0.01670470 0.04272960
v 0.00767126 0.01383690 0.04516720
v 0.00960699 0.02086300 0.04036370
v 0.00845988 0.01541420 0.03993360
v 0.01154270 0.02451930 0.03892990
v 0.01369350 0.02674190 0.03763940
v 0.01369350 0.02631170 0.03670730
v 0.01369350 0.02731540 0.03849970
v 0.04817840 0.03018320 0.03627720
v 0.04817840 0.02989640 0.03577530
v 0.04817840 0.02960960 0.03527350
v 0.07033180 0.02968130 0.03591870
v 0.07033180 0.02939450 0.03541680
v 0.07033180 0.02925120 0.03484330
v 0.04817840 0.02946620 0.03477160
v 0.04817840 0.02932290 0.03419800
v 0.07033180 0.02910780 0.03426970
v 0.07033180 0.02910780 0.03362450
v 0.04817840 0.02932290 0.03362450
v 0.04817840 0.02932290 0.03305090
v 0.07033180 0.02910780 0.03305090
v 0.07033180 0.02925120 0.03247740
v 0.04817840 0.02946620 0.03254910
v 0.04817840 0.02960960 0.03197550
v 0.07033180 0.02939450 0.03190380
v 0.07033180 0.02968130 0.03133030
v 0.04817840 0.02989640 0.03147370
v 0.04817840 0.03018320 0.03097180
v 0.07033180 0.03003980 0.03090010
v 0.07033180 0.03039830 0.03039830
v 0.04817840 0.03054160 0.03054160
v 0.04817840 0.03097180 0.03018320
v 0.02573810 0.03075670 0.02989640
v 0.02573810 0.03125860 0.02953790
v 0.04817840 0.03147370 0.02989640
v 0.07033180 0.03082840 0.03003980
v 0.07900680 0.02989640 0.02989640
v 0.07900680 0.02946620 0.03047000
v 0.02573810 0.03183210 0.02925120
v 0.01634620 0.03133030 0.02810410
v 0.01634620 0.03061330 0.02846250
v 0.01369350 0.03061330 0.02631170
v 0.01369350 0.03161710 0.02595320
v 0.01154270 0.03090010 0.02351560
v 0.01154270 0.03226230 0.02322890
v 0.01369350 0.03262080 0.02573820
v 0.01369350 0.03362450 0.02566650
v 0.01154270 0.03362450 0.02315720
v 0.00975037 0.03362450 0.01964420
v 0.01154270 0.03498670 0.02322890
v 0.00989376 0.03577530 0.02007430
v 0.00860327 0.03634890 0.01570100
v 0.00860327 0.03864310 0.01613110
v 0.00767126 0.03986190 0.01154270
v 0.00767126 0.04265790 0.01254640
v 0.00673922 0.04459370 0.00817312
v 0.00523365 0.04538230 0.00451672
v 0.00523365 0.04911040 0.00623738
v 0.00286774 0.04609920 0.00365639
v 0.00286774 0.04208440 0.00229421
v 0.00286774 0.04989900 0.00552044
v 0.00286774 0.05341200 0.00788634
v 0.00523365 0.05248000 0.00853159
v 0.00523365 0.05563460 0.01118430
v 0.00673922 0.05075940 0.01190120
v 0.00673922 0.04774820 0.00975038
v 0.00767126 0.04538230 0.01390860
v 0.00860327 0.04093730 0.01699150
v 0.00860327 0.04294470 0.01806690
v 0.00989376 0.03921660 0.02107800
v 0.00989376 0.03749600 0.02050450
v 0.01154270 0.03763940 0.02394580
v 0.01154270 0.03634890 0.02351560
v 0.01369350 0.03570360 0.02595320
v 0.01369350 0.03469990 0.02573820
v 0.01634620 0.03441310 0.02767390
v 0.01634620 0.03520180 0.02788900
v 0.01634620 0.03591870 0.02810410
v 0.02573810 0.03484330 0.02903610
v 0.02573810 0.03548850 0.02925120
v 0.01634620 0.03663560 0.02846250
v 0.01369350 0.03763940 0.02674190
v 0.01369350 0.03849970 0.02731540
v 0.01154270 0.04000530 0.02530800
v 0.01154270 0.03892990 0.02451930
v 0.01369350 0.03670730 0.02631170
v 0.00989376 0.04079390 0.02193840
v 0.00989376 0.04222780 0.02294210
v 0.00860327 0.04495210 0.01942910
v 0.00767126 0.04781990 0.01562930
v 0.00767126 0.05004240 0.01763670
v 0.00673922 0.05348370 0.01419540
v 0.00673922 0.05584960 0.01706320
v 0.00523365 0.05835890 0.01426710
v 0.00286774 0.05943430 0.01383690
v 0.00286774 0.05663830 0.01068240
v 0.00523365 0.06072480 0.01763670
v 0.00286774 0.06180020 0.01742160
v 0.00286774 0.06366430 0.02122140
v 0.00523365 0.06251720 0.02129310
v 0.00552043 0.06344920 0.02523630
v 0.00695431 0.05821550 0.02330060
v 0.00767126 0.05520440 0.02573820
v 0.00845988 0.05054430 0.02451930
v 0.00989376 0.04473710 0.02552310
v 0.00989376 0.04359000 0.02416090
v 0.01154270 0.04108070 0.02624000
v 0.00860327 0.04825010 0.02287040
v 0.00860327 0.04667280 0.02100630
v 0.00767126 0.05197810 0.01993090
v 0.00767126 0.05348370 0.02208180
v 0.00673922 0.05778540 0.02000260
v 0.00845988 0.05183480 0.02738710
v 0.00695431 0.05957770 0.02724370
v 0.00767126 0.05592130 0.02831910
v 0.00845988 0.05233660 0.02917950
v 0.00286774 0.06502650 0.02523630
v 0.04817840 0.03477160 0.02946620
v 0.02573810 0.03426970 0.02896440
v 0.01634620 0.03362450 0.02767390
v 0.01634620 0.03283590 0.02767390
v 0.01634620 0.03211890 0.02788900
v 0.07900680 0.02910780 0.03104350
v 0.07033180 0.03003980 0.03642060
v 0.00286774 0.03362450 0.00114710
v 0.04817840 0.03147370 0.03742430
v 0.07033180 0.03133030 0.03756770
v 0.07900680 0.03104350 0.03821290
v 0.08108590 0.03047000 0.03914490
v 0.08108590 0.02975300 0.03871480
v 0.08359520 0.02968130 0.04043540
v 0.08610450 0.02509290 0.02874930
v 0.08610450 0.02580980 0.02767390
v 0.08839870 0.02287040 0.02745880
v 0.09097970 0.01978760 0.02624000
v 0.09054950 0.02416090 0.04552570
v 0.09097970 0.02215350 0.04437860
v 0.08839870 0.02487780 0.04244290
v 0.08839870 0.02380240 0.04122410
v 0.09054950 0.02136480 0.04265790
v 0.09119480 0.01957250 0.04129570
v 0.08839870 0.02287040 0.03986190
v 0.08839870 0.02215350 0.03842800
v 0.09054950 0.01950080 0.03914490
v 0.09097970 0.01835370 0.03720920
v 0.08839870 0.02165160 0.03685070
v 0.08839870 0.02129310 0.03527350
v 0.09054950 0.01849710 0.03534520
v 0.09083630 0.01806690 0.03362450
v 0.08839870 0.02122140 0.03362450
v 0.08839870 0.02129310 0.03204720
v 0.09112310 0.01785180 0.03197550
v 0.09513790 0.01333510 0.03147370
v 0.09528130 0.01290490 0.03355280
v 0.10022800 0.00759956 0.03362450
v 0.09657180 0.01154270 0.03405470
v 0.09370410 0.01491240 0.03520180
v 0.09370410 0.01476900 0.03405470
v 0.09571150 0.01268980 0.03577530
v 0.09370410 0.01541420 0.03821290
v 0.09771890 0.01061070 0.03699410
v 0.10116000 0.00716940 0.03742430
v 0.09771890 0.01104090 0.03936000
v 0.09571150 0.01326340 0.03871480
v 0.09370410 0.01591610 0.04000530
v 0.09628500 0.01340680 0.04143910
v 0.09585490 0.01505570 0.04409180
v 0.09370410 0.01749330 0.04344660
v 0.09370410 0.01821030 0.04437860
v 0.09657180 0.01469730 0.04509550
v 0.09571150 0.01663300 0.04595590
v 0.09370410 0.02014600 0.04667280
v 0.09771890 0.01541420 0.04803500
v 0.10058700 0.00960699 0.04380500
v 0.10438600 0.00666754 0.04480880
v 0.10087300 0.00817311 0.04072220
v 0.10438600 0.00544875 0.04122410
v 0.10438600 0.00466011 0.03742430
v 0.10797100 0.00336961 0.04172590
v 0.10797100 0.00258098 0.03771100
v 0.10797100 0.00236590 0.03362450
v 0.10438600 0.00444502 0.03362450
v 0.10438600 0.00466011 0.02982470
v 0.10116000 0.00716940 0.02982470
v 0.09771890 0.01061070 0.03025490
v 0.10438600 0.00544875 0.02609660
v 0.10438600 0.00666754 0.02244020
v 0.10797100 0.00336961 0.02552310
v 0.10797100 0.00473180 0.02165160
v 0.10797100 0.00652415 0.01799520
v 0.10438600 0.00831651 0.01907060
v 0.10438600 0.01046730 0.01584440
v 0.10116000 0.01261810 0.01713490
v 0.10438600 0.01297660 0.01297660
v 0.10797100 0.00881836 0.01455390
v 0.10797100 0.00258098 0.02953790
v 0.10797100 0.00473180 0.04559740
v 0.09313050 0.03104350 0.01570100
v 0.09370410 0.03362450 0.01484070
v 0.09571150 0.03075670 0.01283320
v 0.09829250 0.03032660 0.00996547
v 0.09829250 0.02731540 0.01061070
v 0.10116000 0.02702860 0.00774295
v 0.10116000 0.03047000 0.00709770
v 0.10438600 0.02609660 0.00544875
v 0.10116000 0.02373070 0.00881837
v 0.09829250 0.02430430 0.01168610
v 0.09571150 0.02803240 0.01333510
v 0.00071693 0.03735260 0.06165680
v 0.02573810 0.03548850 0.03799780
v 0.10797100 0.03771100 0.06466800
v 0.10797100 0.03362450 0.06495480
v 0.10438600 0.03362450 0.06287560
v 0.11177100 0.03362450 0.06631700
v 0.11429600 0.05608910 0.03486320
v 0.11429600 0.05608910 0.03251290
v 0.17916300 0.05274400 0.02186110
vn -0.72636779 0.34328258 0.59543842
vn -0.13926655 0.59776571 0.78948146
vn -0.72329054 0.41939644 0.54859586
vn -0.73083494 0.25564828 0.63286985
vn -0.14485425 0.37670901 0.91493583
vn -0.13947535 0.49868100 0.85549044
vn -0.19963933 0.49065535 0.84817537
vn -0.19941297 0.59494412 0.77863725
vn -0.19914277 0.69294378 0.69294378
vn -0.14417917 0.69971865 0.69971865
vn -0.72795936 0.48480675 0.48480675
vn -0.13926655 0.78948146 0.59776571
vn -0.72329054 0.54859586 0.41939644
vn -0.72636779 0.59543842 0.34328258
vn -0.13947535 0.85549044 0.49868100
vn -0.14402576 0.91596515 0.37451893
vn -0.73083494 0.63286985 0.25564828
vn -0.73125568 0.65979278 0.17302781
vn -0.14243824 0.95782966 0.24954699
vn -0.14405747 0.98060643 0.13288522
vn -0.72817392 0.67927792 0.09134686
vn -0.72780515 0.68578398 -0.00000000
vn -0.14371121 0.98961967 -0.00000000
vn -0.14403027 0.98089828 -0.13074344
vn -0.72861288 0.67901253 -0.08980674
vn -0.73021922 0.66092734 -0.17307494
vn -0.14245805 0.95753492 -0.25066429
vn -0.14182834 0.91608710 -0.37505885
vn -0.72662459 0.63546937 -0.26114246
vn -0.72989564 0.59261107 -0.34068237
vn -0.14273376 0.85720487 -0.49479985
vn -0.14271950 0.78626291 -0.60118365
vn -0.72847508 0.54462041 -0.41558713
vn -0.72921400 0.48195656 -0.48576210
vn -0.14414457 0.69467315 -0.70473510
vn -0.14135779 0.60167418 -0.78613367
vn -0.19952328 0.69668325 -0.68907395
vn -0.20387687 0.59365459 -0.77846545
vn -0.19953399 0.48448702 -0.85173852
vn -0.21239069 0.59652768 -0.77397992
vn -0.21327353 0.48107948 -0.85033931
vn -0.21224735 0.37010440 -0.90441904
vn -0.18512346 0.48742733 -0.85331348
vn -0.18815648 0.37381049 -0.90821961
vn -0.18648484 0.25588469 -0.94854965
vn -0.11608359 0.37979905 -0.91775666
vn -0.11696501 0.25642218 -0.95946175
vn -0.11683126 0.13142635 -0.98441738
vn -0.04480587 0.26047957 -0.96443913
vn -0.04463247 0.13103027 -0.99037317
vn -0.04460445 0.00009274 -0.99900472
vn 0.00993249 0.12971822 -0.99150115
vn 0.01134764 0.00052598 -0.99993548
vn 0.09548741 0.00022249 -0.99543061
vn 0.00962928 -0.12951291 -0.99153098
vn 0.09584874 -0.12235746 -0.98784699
vn 0.09521627 -0.25548010 -0.96211422
vn 0.24591177 -0.12333249 -0.96141380
vn 0.25084612 -0.25100376 -0.93491889
vn 0.24759123 -0.37407904 -0.89373567
vn 0.42271689 -0.23199477 -0.87606441
vn 0.41896865 -0.34710709 -0.83903631
vn 0.42328299 -0.45364838 -0.78424146
vn 0.55713171 -0.31956023 -0.76647604
vn 0.55756384 -0.42126601 -0.71530239
vn 0.55658141 -0.50599848 -0.65892539
vn 0.65381636 -0.36893475 -0.66061435
vn 0.65080629 -0.45252652 -0.60964820
vn 0.65251515 -0.53138937 -0.54023080
vn 0.55626058 -0.58845739 -0.58676407
vn 0.42944196 -0.63858422 -0.63858422
vn 0.55739557 -0.65721596 -0.50732372
vn 0.42787967 -0.71780899 -0.54924425
vn 0.42328299 -0.78424146 -0.45364838
vn 0.55513885 -0.71774777 -0.42030822
vn 0.56406072 -0.76287798 -0.31599476
vn 0.41896865 -0.83903631 -0.34710709
vn 0.41886679 -0.87779103 -0.23245111
vn 0.55964964 -0.80128476 -0.21150654
vn 0.55971733 -0.82164382 -0.10778654
vn 0.42351571 -0.89802296 -0.11911844
vn 0.42139102 -0.90687904 0.00014681
vn 0.56035241 -0.82825324 -0.00132527
vn 0.55847606 -0.82229419 0.10925548
vn 0.42250829 -0.89844424 0.11951854
vn 0.24534172 -0.96112591 0.12666661
vn 0.41871465 -0.87777774 0.23277519
vn 0.24832614 -0.93506294 0.25296526
vn 0.24622934 -0.89585260 0.36989085
vn 0.41591484 -0.83883084 0.35125156
vn 0.42340128 -0.78452960 0.45303936
vn 0.25049019 -0.83974204 0.48175509
vn 0.24522696 -0.77011266 0.58888898
vn 0.42310923 -0.72204180 0.54738854
vn 0.42411954 -0.63803553 0.64267665
vn 0.24268217 -0.68615581 0.68578099
vn 0.24691358 -0.58850598 0.76986648
vn 0.09381219 -0.70357039 0.70440612
vn 0.09435519 -0.60854888 0.78788664
vn 0.00806711 -0.61191373 0.79088337
vn 0.00828872 -0.70253473 0.71160119
vn -0.04595889 -0.70855504 0.70415733
vn 0.00720331 -0.79142556 0.61122312
vn -0.04707435 -0.79140740 0.60947382
vn -0.04647352 -0.86387224 0.50156253
vn 0.00806688 -0.86669789 0.49876818
vn 0.09642923 -0.86291552 0.49606270
vn 0.09725780 -0.78771192 0.60831804
vn 0.00773645 -0.92384988 0.38267683
vn 0.09810315 -0.91892193 0.38204483
vn 0.09813687 -0.96175651 0.25572165
vn 0.00721299 -0.96583684 0.25905051
vn 0.00993249 -0.99150115 0.12971822
vn 0.09608640 -0.98758148 0.12429894
vn 0.09548741 -0.99543061 0.00022249
vn 0.24272391 -0.97009526 0.00054302
vn 0.24584038 -0.96089424 -0.12745493
vn 0.09584874 -0.98784699 -0.12235746
vn 0.09841051 -0.96181680 -0.25538954
vn 0.25023065 -0.93491445 -0.25163384
vn 0.24751935 -0.89524830 -0.37049245
vn 0.09605175 -0.91763348 -0.38564603
vn 0.09459990 -0.86210697 -0.49781767
vn 0.24667757 -0.84121653 -0.48114959
vn 0.24585916 -0.77117365 -0.58723459
vn 0.09287930 -0.79149394 -0.60407845
vn 0.09096256 -0.70417534 -0.70417534
vn 0.24829825 -0.68496276 -0.68496276
vn 0.24585916 -0.58723459 -0.77117365
vn 0.42787967 -0.54924425 -0.71780899
vn 0.24667757 -0.48114959 -0.84121653
vn 0.09459990 -0.49781767 -0.86210697
vn 0.09605175 -0.38564603 -0.91763348
vn 0.00646367 -0.38465740 -0.92303678
vn 0.00592840 -0.26177116 -0.96511176
vn -0.04444413 -0.26021227 -0.96452802
vn -0.04528000 -0.13082168 -0.99037135
vn -0.11648124 -0.13013971 -0.98462977
vn -0.11650717 -0.00000000 -0.99318985
vn -0.18585240 -0.00000061 -0.98257767
vn -0.18553459 0.12883971 -0.97415463
vn -0.21263278 0.13004089 -0.96844033
vn -0.21150832 0.26073045 -0.94195746
vn -0.19799160 0.25775651 -0.94570657
vn -0.19699743 0.38002678 -0.90375420
vn -0.14541365 0.38106458 -0.91304143
vn -0.14513447 0.49734390 -0.85532744
vn -0.73042280 0.34120805 -0.59165835
vn -0.72330507 0.41938838 -0.54858287
vn -0.73298513 0.26141933 -0.62800696
vn -0.73036411 0.17993247 -0.65893291
vn -0.14570554 0.26104464 -0.95426704
vn -0.14081761 0.12968713 -0.98150479
vn -0.19820735 0.12298578 -0.97241367
vn -0.19774144 0.00000000 -0.98025421
vn -0.21320189 -0.00000000 -0.97700817
vn -0.21282177 -0.12828998 -0.96863232
vn -0.18554235 -0.12721877 -0.97436616
vn -0.18651275 -0.25430510 -0.94896887
vn -0.11549214 -0.25512131 -0.95998682
vn -0.11389866 -0.38010802 -0.91790249
vn -0.04190837 -0.38369125 -0.92251001
vn -0.04465625 -0.49967548 -0.86506082
vn 0.00806688 -0.49876818 -0.86669789
vn 0.00819960 -0.60967502 -0.79260907
vn 0.09287930 -0.60407845 -0.79149394
vn 0.00803202 -0.70708397 -0.70708397
vn 0.00819960 -0.79260907 -0.60967502
vn -0.04605456 -0.70637242 -0.70634055
vn -0.04753438 -0.79397529 -0.60608887
vn -0.04465625 -0.86506082 -0.49967548
vn 0.00806688 -0.86669789 -0.49876818
vn 0.00646367 -0.92303678 -0.38465740
vn -0.04190837 -0.92251001 -0.38369125
vn -0.04444654 -0.96452848 -0.26021015
vn 0.00592840 -0.96511176 -0.26177116
vn 0.00962928 -0.99153098 -0.12951291
vn -0.04528788 -0.99037100 -0.13082159
vn -0.04460934 -0.99900450 0.00009274
vn 0.01134764 -0.99993548 0.00052598
vn -0.04464034 -0.99037282 0.13103018
vn -0.04480825 -0.96443959 0.26047746
vn -0.11683243 -0.98441721 0.13142657
vn -0.11696494 -0.95946467 0.25641130
vn -0.11608359 -0.91775666 0.37979905
vn -0.18669023 -0.94855269 0.25572361
vn -0.18815648 -0.90821961 0.37381049
vn -0.18512346 -0.85331348 0.48742733
vn -0.21261159 -0.90444949 0.36982081
vn -0.21327353 -0.85033931 0.48107948
vn -0.21239120 -0.77397983 0.59652761
vn -0.18330777 -0.77879737 0.59989409
vn -0.18428766 -0.69418142 0.69580904
vn -0.21149936 -0.68685858 0.69533683
vn -0.21209793 -0.59747732 0.77332743
vn -0.19952269 -0.68907969 0.69667774
vn -0.19600687 -0.59523542 0.77927922
vn -0.14271950 -0.60118365 0.78626291
vn -0.14414457 -0.70473510 0.69467315
vn -0.14135574 -0.78613392 0.60167435
vn -0.20387372 -0.77846491 0.59365638
vn -0.19953332 -0.85173418 0.48449494
vn -0.14513447 -0.85532744 0.49734390
vn -0.14453898 -0.91413698 0.37876387
vn -0.19700857 -0.90505284 0.37691775
vn -0.19779450 -0.94615853 0.25624476
vn -0.21223189 -0.94229541 0.25891500
vn -0.21281825 -0.96856403 0.12881040
vn -0.18586514 -0.97407935 0.12893243
vn -0.18591847 -0.98256517 0.00005384
vn -0.11650709 -0.99318986 -0.00000000
vn -0.11648244 -0.98462958 -0.13014006
vn -0.18553652 -0.97436726 -0.12721889
vn -0.18651074 -0.94896969 -0.25430351
vn -0.11549213 -0.95998965 -0.25511063
vn -0.11389866 -0.91790249 -0.38010802
vn -0.18815425 -0.90821993 -0.37381084
vn -0.18511359 -0.85274235 -0.48842957
vn -0.11281900 -0.85713111 -0.50259141
vn -0.11538596 -0.78689200 -0.60620711
vn -0.18227004 -0.77536686 -0.60463532
vn -0.21318837 -0.77662203 -0.59279756
vn -0.21455784 -0.84814974 -0.48436242
vn -0.21333666 -0.90290557 -0.37316083
vn -0.19807936 -0.85225513 -0.48417535
vn -0.19806487 -0.90359231 -0.37985686
vn -0.19850321 -0.94568513 -0.25744146
vn -0.21223189 -0.94229541 -0.25891500
vn -0.21282177 -0.96863232 -0.12828998
vn -0.19820735 -0.97241367 -0.12298578
vn -0.19767256 -0.98026810 0.00005462
vn -0.21320158 -0.97700809 0.00053012
vn -0.19786281 -0.97221878 0.12506379
vn -0.14029282 -0.98137081 0.13126028
vn -0.14246956 -0.95521175 0.25937028
vn -0.72913700 -0.66014483 0.18046613
vn -0.73298513 -0.62800696 0.26141933
vn -0.73042280 -0.59165835 0.34120805
vn -0.71306769 0.62467981 -0.31829168
vn -0.71297537 0.64050544 -0.28533998
vn -0.70716481 0.65315399 -0.27075413
vn -0.71304824 0.65454505 -0.25126277
vn -0.72817360 0.09134584 0.67927840
vn -0.71305041 0.66680142 -0.21664483
vn -0.70126541 0.67800496 -0.22030908
vn -0.70708078 0.67799672 -0.20089104
vn -0.71307117 0.67718778 -0.18151093
vn -0.73242526 0.17254994 0.65861958
vn -0.19701486 0.37103498 0.90747903
vn -0.71304641 0.68579984 -0.14575116
vn -0.21129100 0.60119500 0.77066250
vn -0.71303654 0.69249308 -0.10969148
vn -0.71305689 0.69726416 -0.07329775
vn -0.71305091 0.70015301 -0.03666272
vn -0.71303236 0.70113113 0.00000078
vn -0.71305066 0.70015323 0.03666351
vn -0.19963933 0.84817537 0.49065535
vn -0.71305536 0.69726616 0.07329370
vn -1.00000000 0.00000000 0.00000000
vn -0.72861706 -0.67900865 -0.08980221
vn -0.71303932 0.69249000 0.10969289
vn -0.70706742 -0.66657816 -0.23607039
vn -0.71304464 0.68580047 0.14575685
vn -0.19863851 0.94647854 0.25440346
vn -0.71305317 0.67721997 0.18146151
vn -0.71304302 0.66680157 0.21666868
vn -0.71304836 0.65454475 0.25126324
vn -0.20102398 0.97958632 0.00005565
vn -0.71303816 0.64051500 0.28516155
vn -0.71305886 0.62468845 0.31829451
vn -0.71303939 0.60718298 0.35057618
vn -0.70708375 -0.70106578 0.09240854
vn -1.00000000 0.00000000 0.00000000
vn -0.73395498 -0.58881773 -0.33853179
vn -0.71304425 0.58801437 0.38184682
vn -0.71304876 0.56722024 0.41209547
vn -0.70126422 0.59789605 0.38826382
vn -0.70125986 0.57675971 0.41902606
vn -0.70126261 0.70412889 -0.11150451
vn -0.70126214 0.69732901 -0.14820142
vn -0.70126592 0.55403768 0.44862942
vn -0.70125559 0.68861789 -0.18451559
vn -0.70125640 0.52980179 0.47702152
vn -0.70126456 0.50409722 0.50409722
vn -0.70125665 0.66555125 -0.25550079
vn -0.70125640 0.47702152 0.52980179
vn -0.70127778 0.65126162 -0.28994443
vn -0.70126592 0.44862942 0.55403768
vn -0.70124153 0.63521916 -0.32366177
vn -0.71303475 0.60717995 -0.35059086
vn -0.19933215 0.94609566 -0.25528355
vn -0.70127343 0.61736737 -0.35647317
vn -0.70126762 0.41904179 0.57673884
vn -0.70124843 0.38827155 0.59790955
vn -0.70126422 0.59789605 -0.38826382
vn -0.71304425 0.58801437 -0.38184682
vn -0.19818990 0.84870386 -0.49032899
vn -0.71304284 0.56723578 -0.41208432
vn -0.72330507 -0.54858287 0.41938838
vn -0.71304389 0.54490293 -0.44119067
vn -0.70712202 0.53768450 -0.45921000
vn -0.70126252 0.52978414 -0.47703212
vn -0.71304201 0.52102042 -0.46915756
vn -0.71304388 0.49576636 -0.49576622
vn -0.72921400 -0.48576210 0.48195656
vn -0.70710718 0.48674484 -0.51291218
vn -0.70126456 0.50409722 -0.50409722
vn -0.71303419 0.46917910 -0.52101172
vn -0.70713090 0.45921799 -0.53766600
vn -0.70125640 0.47702151 -0.52980179
vn -0.71302845 0.44122892 -0.54489216
vn -0.70127339 0.44864349 -0.55401683
vn -0.70125779 0.18452187 0.68861397
vn -0.70126542 0.22030908 0.67800496
vn -0.70126895 0.25545946 0.66555415
vn -0.70125292 0.28995511 0.65128363
vn -0.70125407 0.55404596 -0.44863772
vn -0.70125858 0.32367728 0.63519243
vn -0.70126560 0.57676600 -0.41900782
vn -0.70127696 0.35643650 0.61738452
vn -0.71305009 0.31832255 0.62468418
vn -0.71303110 0.35055838 0.60720299
vn -0.71306056 0.38183707 0.58800092
vn -0.72848949 -0.41557917 -0.54460721
vn -1.00000000 0.00000000 0.00000000
vn -0.71304074 0.41212014 0.56721238
vn -0.71304250 0.44121689 0.54488352
vn -0.71305234 0.46912701 0.52103379
vn -0.73046688 -0.48291725 -0.48291725
vn 1.00000000 0.00000000 0.00000000
vn -0.71304391 0.49576627 0.49576627
vn -0.71305234 0.52103379 0.46912701
vn -0.72848949 -0.54460721 -0.41557917
vn -1.00000000 0.00000000 0.00000000
vn -0.71304250 0.54488352 0.44121689
vn 0.09608640 0.12429894 -0.98758148
vn -0.14480464 -0.78291223 -0.60504550
vn -0.14833212 -0.85687894 -0.49371658
vn -0.14226226 -0.91415670 -0.37957736
vn -0.72869655 -0.63069889 -0.26687123
vn -0.72806798 -0.66128496 -0.18060791
vn -0.14248808 -0.95485547 -0.26066870
vn -0.14024922 -0.98166038 -0.12912421
vn -0.72780756 -0.68578142 -0.00000000
vn -0.13797371 -0.99043589 -0.00000000
vn -0.72817813 -0.67927404 0.09134220
vn -0.20049645 -0.77914309 -0.59391684
vn -0.19988893 -0.69284199 -0.69283071
vn -0.21157993 -0.69109838 -0.69109838
vn -0.18332974 -0.69512992 -0.69511481
vn -0.21318786 -0.59279763 -0.77662211
vn -0.18227004 -0.60463532 -0.77536686
vn -0.11535495 -0.60578259 -0.78722341
vn -0.11894935 -0.70128325 -0.70288893
vn -0.04753438 -0.60608887 -0.79397529
vn -0.11281900 -0.50259141 -0.85713111
vn -0.18511359 -0.48842957 -0.85274235
vn -0.18815425 -0.37381084 -0.90821993
vn -0.21333666 -0.37316083 -0.90290557
vn -0.21223189 -0.25891500 -0.94229541
vn -0.19850321 -0.25744146 -0.94568513
vn -0.19820735 -0.12298578 -0.97241367
vn -0.14024922 -0.12912421 -0.98166038
vn -0.13797371 -0.00000000 -0.99043589
vn -0.72780756 -0.00000000 -0.68578142
vn -0.72817813 0.09134220 -0.67927404
vn -0.70715385 -0.09216952 0.70102655
vn -0.71303929 -0.10968227 0.69249171
vn -0.70126138 -0.11150079 0.70413070
vn -0.70125994 -0.14820879 0.69732966
vn -0.71304868 -0.14575748 0.68579613
vn -0.70126046 -0.18451287 0.68861366
vn -0.71258235 -0.18017952 0.67805732
vn -0.70759637 -0.19926967 0.67793730
vn -0.70710312 -0.20084806 0.67798616
vn -0.71304538 -0.21666106 0.66680152
vn -0.70126274 -0.22030170 0.67801012
vn -0.70126535 -0.25547156 0.66555330
vn -0.70126307 0.07449718 -0.70899949
vn -0.70127712 0.03733953 -0.71191022
vn -0.71304544 0.07326569 -0.69727924
vn -0.71303094 0.03672376 -0.70017015
vn -0.71307150 -0.00000000 -0.70109131
vn -0.72662459 -0.26114246 0.63546937
vn -0.72861256 -0.08980573 0.67901301
vn -0.71303094 -0.03672376 -0.70017015
vn 0.72394822 -0.34781448 -0.59575504
vn -0.71301073 -0.07316178 -0.69732564
vn 0.72587769 -0.42430142 -0.54135929
vn -0.70714815 -0.09217189 -0.70103198
vn -0.70125207 -0.11153173 -0.70413507
vn -0.71305322 -0.10970650 -0.69247353
vn -0.71303507 -0.14578755 -0.68580389
vn -0.72780643 -0.00000000 0.68578262
vn -0.71304109 -0.18142889 -0.67724144
vn -0.70126943 -0.18448242 -0.68861268
vn -0.71305921 -0.21664031 -0.66679347
vn 0.67591137 -0.64012296 -0.36522105
vn -0.70707851 -0.23598857 -0.66659537
vn -0.70125371 -0.22027679 -0.67802756
vn -0.71307536 -0.25119633 -0.65454101
vn -0.71303433 -0.28517343 -0.64051399
vn 0.67740354 -0.70953208 -0.19413570
vn -0.71305862 -0.31829461 -0.62468868
vn -0.70124153 -0.32366177 -0.63521916
vn -0.71303926 -0.35057639 -0.60718301
vn -0.70127343 -0.35647317 -0.61736737
vn -0.70123716 -0.57676419 0.41905789
vn -0.70128086 -0.55399598 0.44865756
vn -0.70127778 -0.28994443 -0.65126162
vn -0.70127006 -0.52982124 0.47697983
vn -0.70125665 -0.25550079 -0.66555125
vn -0.70124442 -0.50412758 0.50409488
vn -0.70126288 -0.47700174 0.52981102
vn -0.70126592 -0.44862942 0.55403768
vn -0.70126908 -0.14823610 -0.69731466
vn -0.70127829 -0.41906341 0.57671016
vn -0.70123777 -0.38830608 0.59789964
vn -0.70126307 -0.07449718 -0.70899949
vn -0.70128133 -0.35644674 0.61737365
vn -0.70127712 -0.03733953 -0.71191022
vn -0.70124990 -0.32368257 0.63519932
vn -0.70123784 0.00000000 -0.71292741
vn -0.70126058 -0.28995072 0.65127734
vn -0.71305209 -0.28516550 0.64049774
vn -0.71304309 -0.25125009 0.65455553
vn 0.67012209 -0.74219101 0.00942776
vn -0.71304997 -0.31832274 0.62468422
vn -0.71303110 -0.35055838 0.60720299
vn -0.71307158 -0.38185930 0.58797312
vn -1.00000000 0.00000000 0.00000000
vn -0.71302972 -0.41215406 0.56720159
vn -0.71304250 -0.44121689 0.54488352
vn -0.71304564 -0.46911631 0.52105259
vn 0.55885423 -0.76439333 0.32153504
vn -0.71306471 -0.49576739 0.49573523
vn -0.71303823 -0.52107341 0.46910446
vn -0.71302707 -0.54486594 0.44126353
vn 0.55993723 -0.65896415 0.50223157
vn -0.71307221 -0.56718758 0.41209984
vn -0.71303624 -0.58803459 0.38183065
vn -0.71300518 -0.60716069 0.35068434
vn -0.70131877 -0.59778117 0.38834219
vn -0.70120136 -0.61738510 0.35658418
vn -0.70125356 -0.38829835 -0.59788614
vn -0.70126306 -0.41907147 -0.57672283
vn -0.71305527 -0.38186905 -0.58798657
vn -0.71304545 -0.41214391 -0.56718919
vn -0.71303479 -0.44124021 -0.54487473
vn 0.42299126 -0.55133035 0.71910586
vn -0.71304580 -0.46911658 -0.52105213
vn 0.09746126 -0.49631745 0.86265305
vn -0.70710650 -0.48671615 -0.51294033
vn -0.70124442 -0.50412758 -0.50409488
vn -0.70126288 -0.47700174 -0.52981102
vn -0.70127748 -0.66557663 0.25537746
vn -0.70123552 -0.65132206 0.28991088
vn -0.70127339 -0.44864349 -0.55401683
vn -0.70127370 -0.63520254 0.32362468
vn -0.71308427 -0.62460562 0.31840014
vn -0.04360385 -0.61094236 0.79047337
vn -0.11485009 -0.78635401 0.60700645
vn -0.71307390 -0.64050447 0.28509585
vn -0.71303145 -0.65460147 0.25116342
vn -0.70710569 -0.66656868 0.23598251
vn -0.71304967 -0.66681846 0.21659479
vn -0.70126526 -0.67802292 0.22025429
vn -0.70709041 -0.67801045 0.20081080
vn -0.71303469 -0.67722265 0.18152414
vn -0.70128293 -0.68858417 0.18453750
vn -0.71306355 -0.68576960 0.14580957
vn -0.71303790 -0.69249088 0.10969653
vn -0.70120690 -0.70905449 0.07450245
vn -0.70703931 -0.70107299 0.09269341
vn -0.71317995 -0.69712118 0.07346034
vn -0.70708485 -0.70496090 0.05532758
vn -0.70715150 -0.70489983 0.05525381
vn -0.70707451 -0.70497980 0.05521888
vn -0.71300537 -0.70019950 0.03666065
vn -0.70711136 -0.70685786 0.01858731
vn -0.70710377 -0.70686559 0.01858217
vn -0.70710852 -0.70686074 0.01858591
vn -0.70123809 -0.71292717 0.00000080
vn -0.70709623 -0.70687229 0.01861391
vn -0.70716206 -0.70681014 0.01847276
vn -0.71301501 -0.70114876 -0.00011050
vn -0.70712320 -0.70684640 -0.01857283
vn -0.70707553 -0.70689530 -0.01852636
vn -0.70719053 -0.70677607 -0.01868508
vn -0.70704407 -0.70692065 -0.01875848
vn -0.70130504 -0.71188758 -0.03724673
vn -0.70708839 -0.70688303 -0.01850388
vn -0.71302477 -0.70018476 -0.03656485
vn -0.71310473 -0.69721891 -0.07326277
vn -0.71301700 -0.69250341 -0.10975333
vn -0.71306532 -0.68576896 -0.14580388
vn -0.71302494 -0.67724010 -0.18149734
vn -0.70124382 -0.69733437 -0.14826284
vn -0.70128293 -0.68858417 -0.18453750
vn -0.70129062 -0.70408756 -0.11158928
vn -0.70126526 -0.67802292 -0.22025429
vn -0.71303338 -0.66683786 -0.21658872
vn -0.70714790 -0.66650585 -0.23603349
vn -0.70127387 -0.66557579 -0.25538956
vn -0.71304157 -0.65459479 -0.25115209
vn -0.71306599 -0.64051240 -0.28509781
vn -0.71307121 -0.62464729 -0.31834762
vn -0.70713545 -0.62128120 -0.33759314
vn -0.70709778 -0.62128527 -0.33766454
vn -0.71300259 -0.60715905 -0.35069247
vn -0.70126515 -0.63520939 -0.32362976
vn -0.70120586 -0.61737404 -0.35659450
vn -0.70130529 -0.71188729 0.03724751
vn -0.70131877 -0.59778117 -0.38834219
vn -0.71303624 -0.58803459 -0.38183065
vn -0.71306628 -0.56720312 -0.41208870
vn -0.70124289 -0.57677048 -0.41903964
vn -0.70128767 -0.70409018 0.11159127
vn -0.70124554 -0.69733157 0.14826790
vn -0.70126901 -0.55400426 -0.44866585
vn -0.71303931 -0.54485550 -0.44125664
vn -0.71303191 -0.52106522 -0.46912315
vn -0.71306482 -0.49576707 -0.49573539
vn -0.70127618 -0.52980359 -0.47699044
vn -0.70124318 -0.65131577 -0.28990649
vn -0.70120567 -0.70905528 -0.07450652
vn -0.04409816 -0.92234328 0.38384661
vn -0.11569542 -0.85923158 0.49833288
vn -1.00000000 0.00000000 0.00000000
vn -1.00000000 0.00000000 0.00000000
vn -0.18564291 -0.59933185 0.77867711
vn -0.19818990 -0.49032899 0.84870386
vn -0.14459870 0.13130560 0.98073954
vn -0.14555438 0.25097726 0.95698711
vn -0.19884320 0.25558110 0.94611822
vn -0.21237231 0.37003667 0.90441742
vn -0.21101637 0.48792321 0.84699648
vn -0.18451280 0.49218168 0.85071277
vn -0.18667108 0.59459290 0.78205702
vn -0.18616674 0.69474526 0.69474526
vn -0.21141446 0.69112370 0.69112370
vn -0.21129112 0.77066242 0.60119506
vn -0.19941297 0.77863725 0.59494412
vn -0.21101668 0.84699641 0.48792319
vn -0.21273239 0.90444818 0.36975455
vn -0.19701937 0.90868531 0.36806843
vn -0.21483920 0.94410085 0.25003539
vn -0.21354303 0.96825470 0.12993154
vn -0.20065741 0.97030204 0.13509460
vn -0.21319343 0.97700976 0.00070502
vn -0.21355610 0.96834443 -0.12923954
vn -0.20103877 0.97053947 -0.13280264
vn -0.21483920 0.94410085 -0.25003539
vn -0.21345526 0.90290517 -0.37309397
vn -0.19805801 0.90732654 -0.37085251
vn -0.21232266 0.84478322 -0.49118266
vn -0.21209805 0.77332735 -0.59747738
vn -0.19600687 0.77927922 -0.59523542
vn -0.21149936 0.69533683 -0.68685858
vn -0.18520031 0.69569525 -0.69405256
vn -0.18330777 0.59989409 -0.77879737
vn -0.11462144 0.60376981 -0.78887511
vn -0.11569542 0.49833288 -0.85923158
vn -0.04647352 0.50156253 -0.86387224
vn -0.04409816 0.38384661 -0.92234328
vn 0.00773645 0.38267683 -0.92384988
vn 0.00721299 0.25905051 -0.96583684
vn 0.09493827 0.25580013 -0.96205666
vn 0.24542461 0.12262786 -0.96162840
vn 0.24892558 0.25262245 -0.93499623
vn 0.42256867 0.23234435 -0.87604327
vn 0.42250829 0.11951854 -0.89844424
vn 0.55694706 0.10761493 -0.82354660
vn 0.55434949 0.21163948 -0.80492569
vn 0.65626814 0.18591381 -0.73126479
vn 0.65637595 0.08274750 -0.74988230
vn 0.72342351 0.08996299 -0.68451814
vn 0.71454346 0.00057325 -0.69959082
vn 0.74146754 0.00044066 -0.67098860
vn 0.72341010 -0.08944610 -0.68460004
vn 0.65580619 -0.08263533 -0.75039299
vn 0.64098825 0.00027695 -0.76755064
vn 0.55630412 -0.10655418 -0.82411888
vn 0.65558267 -0.18629863 -0.73178151
vn 0.55268703 -0.21332048 -0.80562487
vn 0.65807016 -0.28518875 -0.69685798
vn 0.72318326 -0.27010062 -0.63565055
vn 0.74348647 -0.25981927 -0.61621573
vn 0.74270418 -0.34004534 -0.57685325
vn 0.74127461 -0.40867930 -0.53244078
vn 0.72247884 -0.49312612 -0.48461424
vn 0.65099970 -0.59218533 -0.47488517
vn 0.73084391 -0.53761997 -0.42051391
vn 0.74142984 -0.52572917 -0.41700196
vn 0.73244281 -0.57242641 -0.36858586
vn 0.74290113 -0.59809515 -0.30063283
vn 0.67855130 -0.68040689 -0.27679344
vn 0.73153052 -0.63284465 -0.25371392
vn 0.73353188 -0.65597420 -0.17784495
vn 0.74233363 -0.66330348 -0.09470621
vn 0.72794112 -0.68025320 -0.08577476
vn 0.65315570 -0.75201272 -0.08868206
vn 0.72941942 -0.68405284 -0.00436172
vn 0.73928198 -0.66972973 0.07017292
vn 0.72865496 -0.68176332 0.06527424
vn 0.65124302 -0.75183063 0.10311758
vn 0.67233154 -0.71223123 0.20173493
vn 0.55775837 -0.80326307 0.20898336
vn 0.65555234 -0.69070890 0.30524146
vn 0.66829562 -0.63814724 0.38229446
vn 0.55864806 -0.71629992 0.41812291
vn 0.65470130 -0.59653139 0.46423756
vn 0.65460923 -0.52925024 0.53979712
vn 0.55626677 -0.58845469 0.58676091
vn 0.55619497 -0.50600668 0.65924533
vn 0.41999952 -0.45435848 0.78559454
vn 0.24592103 -0.48781527 0.83759126
vn 0.24632595 -0.37233424 0.89481324
vn 0.09432048 -0.37903186 0.92056423
vn 0.00826914 -0.37749279 0.92597560
vn 0.00807776 -0.50458367 0.86332501
vn -0.04678243 -0.49941102 0.86510117
vn -0.11678300 -0.60547457 0.78724982
vn -0.11600965 -0.70222491 0.70243999
vn -0.18451537 -0.49317805 0.85013498
vn -0.21232234 -0.49118268 0.84478328
vn -0.21345513 -0.37309408 0.90290516
vn -0.19805801 -0.37085251 0.90732654
vn -0.14182834 -0.37505885 0.91608710
vn -0.14273376 -0.49479985 0.85720487
vn -0.72989564 -0.34068237 0.59261107
vn -0.72847508 -0.41558713 0.54462041
vn -0.71305647 0.41210999 -0.56719998
vn -0.70125239 0.41904984 -0.57675151
vn -0.71304282 0.38185131 -0.58801319
vn -0.70710857 0.36945969 -0.60290713
vn -0.70126423 0.38826382 -0.59789605
vn -0.71303904 0.35057540 -0.60718384
vn -0.71305886 0.31829451 -0.62468845
vn -0.71303816 0.28516155 -0.64051500
vn -0.71304836 0.25126324 -0.65454475
vn -0.71305100 0.21664296 -0.66680139
vn -0.70711200 0.20078594 -0.67799530
vn -0.70126682 0.18449148 -0.68861291
vn -0.70125639 0.22028417 -0.67802239
vn -0.70127246 -0.07452628 0.70898714
vn -0.70126025 0.25548868 -0.66555210
vn -0.70125831 -0.03734041 0.71192870
vn -0.70127012 0.28994882 -0.65126792
vn -0.70125667 0.00000000 0.71290889
vn -0.70125008 0.32365669 -0.63521231
vn -0.70126770 0.03730974 0.71192106
vn -0.70126893 0.35646285 -0.61737843
vn -0.70125374 0.07452804 0.70900548
vn -0.70127072 0.11152905 0.70411693
vn -0.70125994 0.14820879 0.69732966
vn -0.71303755 0.10968781 0.69249263
vn -0.71304868 0.14575748 0.68579613
vn -1.00000000 0.00000000 0.00000000
vn -0.72806798 -0.18060791 -0.66128496
vn -0.71305508 0.07329407 0.69726639
vn -0.71304582 0.03667713 0.70015744
vn -0.70709815 0.01852113 0.70687281
vn -0.72861706 -0.08980221 -0.67900865
vn -0.71305536 0.00001014 0.70110773
vn -0.71305036 -0.03672265 0.70015044
vn -0.71299802 -0.07318336 0.69733637
vn -0.14248808 -0.26066870 -0.95485547
vn -0.14226226 -0.37957736 -0.91415670
vn -0.19806487 -0.37985686 -0.90359231
vn -0.19808005 -0.48416745 -0.85225945
vn -0.21455784 -0.48436242 -0.84814974
vn -0.20049964 -0.59391501 -0.77914367
vn -0.14480670 -0.60504535 -0.78291197
vn -0.14833212 -0.49371658 -0.85687894
vn -0.73395498 -0.33853179 -0.58881773
vn -0.72869655 -0.26687123 -0.63069889
vn -0.70709836 0.23605731 0.66654996
vn -0.71305016 0.21668725 0.66678790
vn -0.71305090 0.18146883 0.67722040
vn -0.70126212 0.70899997 -0.07450156
vn -0.71304071 0.25123641 0.65456337
vn -0.70125746 0.71290811 0.00000079
vn -0.71305593 0.28515362 0.64049876
vn -0.70126362 0.70899895 0.07449713
vn -0.70126385 0.69732622 0.14820647
vn -0.14411737 -0.69972501 -0.69972501
vn -0.70125559 0.68861789 0.18451559
vn -0.70126542 0.67800496 0.22030908
vn -0.70127012 0.65126792 0.28994882
vn -0.71303770 0.18143321 -0.67724384
vn -0.71303912 0.14578819 -0.68579955
vn -0.70125008 0.63521231 0.32365669
vn -0.70126920 0.14823606 -0.69731455
vn -0.71305675 0.10968451 -0.69247337
vn -0.70125212 0.11153166 -0.70413504
vn -0.70126893 0.61737843 0.35646285
vn -1.00000000 0.00000000 0.00000000
vn -0.70126025 0.66555210 0.25548868
vn -0.70125993 0.70413119 0.11150681
vn -1.00000000 0.00000000 0.00000000
vn -0.73021922 -0.17307494 0.66092734
vn -0.14245805 -0.25066429 0.95753492
vn -0.14403066 -0.13074303 0.98089828
vn -0.14371291 -0.00000000 0.98961942
vn -0.20109720 -0.00000000 0.97957129
vn -0.20103839 0.13280265 0.97053955
vn -0.21337806 0.13084277 0.96816836
vn -0.21414624 0.25167926 0.94382145
vn -0.18343966 0.25522212 0.94932163
vn -0.18423192 0.38107180 0.90600380
vn -0.11711037 0.37952514 0.91773952
vn -0.12062374 0.49226867 0.86204493
vn -0.11600744 0.60351665 0.78886623
vn -0.04859079 0.50129210 0.86391271
vn -0.04315248 0.61429303 0.78789716
vn -0.04428085 0.70641319 0.70641320
vn -0.11198205 0.70265924 0.70265924
vn -0.11600731 0.78886654 0.60351627
vn -0.18667108 0.78205642 0.59459369
vn -0.18451275 0.85071274 0.49218176
vn -0.12062342 0.86204440 0.49226968
vn -0.11711012 0.91773938 0.37952556
vn -0.18423247 0.90600411 0.38107080
vn -0.18364306 0.94932483 0.25506390
vn -0.11288223 0.95990977 0.25657519
vn -0.11265030 0.98489286 0.13151413
vn -0.18421796 0.97439142 0.12893838
vn -0.18379967 0.98296372 0.00005450
vn -0.11228624 0.99367590 -0.00000000
vn -0.11229850 0.98510422 -0.13022567
vn -0.18389107 0.97467822 -0.12722595
vn -0.18346122 0.94974100 -0.25364151
vn -0.11140763 0.96042910 -0.25527298
vn -0.11495350 0.91788115 -0.37984193
vn -0.18423018 0.90600441 -0.38107118
vn -0.18451532 0.85013495 -0.49317813
vn -0.11777611 0.86001490 -0.49649084
vn -0.11656932 0.78942509 -0.60267704
vn -0.18564291 0.77867651 -0.59933263
vn -0.11492470 0.70174755 -0.70309507
vn -0.04440647 0.70421619 -0.70859553
vn -0.04707435 0.60947382 -0.79140740
vn 0.00720331 0.61122273 -0.79142586
vn 0.00806688 0.49876818 -0.86669789
vn 0.09642772 0.49606151 -0.86291638
vn 0.09810315 0.38204483 -0.91892193
vn 0.24629556 0.37354788 -0.89431565
vn 0.25049029 0.48174956 -0.83974519
vn 0.42179779 0.45337073 -0.78520163
vn 0.41591484 0.35125156 -0.83883084
vn 0.55783584 0.31852204 -0.76639604
vn 0.55433967 0.42261180 -0.71701241
vn 0.65451412 0.36953981 -0.65958442
vn 0.65892797 0.28116871 -0.69768050
vn 0.72296446 0.26839249 -0.63662222
vn 0.72377325 0.18352097 -0.66518594
vn 0.74519607 0.18255722 -0.64137016
vn 0.74265621 0.08562594 -0.66417615
vn 0.74801168 0.09074956 -0.65745193
vn 0.74530928 0.00016055 -0.66671887
vn 0.74340749 -0.08678902 -0.66318397
vn 0.74828265 -0.09072813 -0.65714647
vn 0.74572892 -0.18206059 -0.64089181
vn 0.72502421 -0.18568301 -0.66322072
vn 0.74764420 -0.17960621 -0.63935105
vn 0.74557560 -0.25456327 -0.61588519
vn 0.77126870 -0.17377080 -0.61233022
vn 0.77336775 -0.24991336 -0.58261963
vn 0.74654055 -0.33864947 -0.57270738
vn 0.77313931 -0.32804131 -0.54281167
vn 0.74849234 -0.41474104 -0.51744477
vn 0.74292402 -0.46828368 -0.47830357
vn 0.74985352 -0.48131996 -0.45392818
vn 0.77250221 -0.40456207 -0.48945875
vn 0.76460631 -0.46914348 -0.44190676
vn 0.74703258 -0.52591057 -0.40664530
vn 0.77533078 -0.50853494 -0.37450553
vn 0.74990531 -0.56109798 -0.35044412
vn 0.76595374 -0.56598120 -0.30492646
vn 0.74465465 -0.61973027 -0.24783836
vn 0.77757634 -0.58813536 -0.22242264
vn 0.75342129 -0.63556375 -0.16856773
vn 0.74250207 -0.64831991 -0.16843981
vn 0.74700316 -0.65798312 -0.09510250
vn 0.77537860 -0.62415745 -0.09599744
vn 0.76470590 -0.64418288 -0.01591529
vn 0.74762657 -0.66365842 -0.02473879
vn 0.77661586 -0.62697397 0.06141214
vn 0.74833479 -0.66101345 0.05528347
vn 0.74718136 -0.66381024 -0.03280211
vn 0.76636351 -0.62229586 0.15948299
vn 0.74785936 -0.65587943 0.10260873
vn 0.74347012 -0.64470865 0.17777214
vn 0.73189158 -0.66443421 0.15120151
vn 0.74512007 -0.61681793 0.25363700
vn 0.72803459 -0.63171853 0.26626553
vn 0.75110315 -0.58181883 0.31197901
vn 0.74365850 -0.58732840 0.31940162
vn 0.72714439 -0.59572926 0.34112708
vn 0.74924668 -0.53947646 0.38418037
vn 0.74250407 -0.54133835 0.39451299
vn 0.72862329 -0.54566710 0.41395110
vn 0.74823232 -0.48013758 0.45783872
vn 0.74294227 -0.46852821 0.47803567
vn 0.72252217 -0.49130530 0.48639575
vn 0.74106296 -0.41122372 0.53077372
vn 0.72278465 -0.42157599 0.54759112
vn 0.65677504 -0.44970236 0.60532168
vn 0.65738294 -0.36968123 0.65664561
vn 0.55720518 -0.41546409 0.71896591
vn 0.55598043 -0.31513848 0.76913815
vn 0.42639072 -0.34641791 0.83557500
vn 0.42364129 -0.23716367 0.87423192
vn 0.24338989 -0.25201707 0.93661559
vn 0.09328715 -0.25875886 0.96142673
vn 0.24591226 -0.12735260 0.96088942
vn 0.09058027 -0.13029144 0.98732941
vn 0.00603486 -0.13100393 0.99136348
vn 0.00593852 -0.25428289 0.96711165
vn -0.04607521 -0.25417015 0.96606139
vn -0.04717696 -0.37636113 0.92527111
vn -0.11495376 -0.37984150 0.91788129
vn -0.11777643 -0.49648985 0.86001543
vn -0.18422964 -0.38107218 0.90600410
vn -0.18346117 -0.25364157 0.94974099
vn -0.21483920 -0.25003417 0.94410118
vn -0.19933200 -0.25528344 0.94609572
vn -0.21355605 -0.12923956 0.96834444
vn -0.20103839 -0.13280265 0.97053955
vn -0.21319384 -0.00000000 0.97700992
vn -0.18372565 -0.00000061 0.98297756
vn -0.18388278 0.12884592 0.97446696
vn -0.11265034 0.13151338 0.98489295
vn -0.11288223 0.25657625 0.95990949
vn -0.04643752 0.25441738 0.96597896
vn -0.04931908 0.37653837 0.92508728
vn 0.00951634 0.37557880 0.92674161
vn 0.00807776 0.50458367 0.86332501
vn 0.00705920 0.61344569 0.78970536
vn 0.09928611 0.49460030 0.86343084
vn 0.09872317 0.61276579 0.78407386
vn 0.09664901 0.70379807 0.70379489
vn 0.00854064 0.70708110 0.70708088
vn 0.00705942 0.78970504 0.61344610
vn -0.04315248 0.78789716 0.61429303
vn -0.04859104 0.86391260 0.50129226
vn 0.00807781 0.86332507 0.50458357
vn 0.00778050 0.92489800 0.38013570
vn -0.04931835 0.92508731 0.37653840
vn -0.04810651 0.96590024 0.25440615
vn 0.00752888 0.96791458 0.25116664
vn 0.00637303 0.99200000 0.12607687
vn -0.04463729 0.99037297 0.13103016
vn -0.04460593 0.99900466 0.00009273
vn 0.00604437 0.99998159 0.00052606
vn 0.00610047 0.99202976 -0.12585605
vn -0.04528483 0.99037115 -0.13082155
vn -0.04773260 0.96598603 -0.25415073
vn 0.00628482 0.96720701 -0.25391162
vn 0.00653347 0.92409164 -0.38211511
vn -0.04717622 0.92527114 -0.37636116
vn -0.04678268 0.86510106 -0.49941119
vn 0.00807781 0.86332507 -0.50458357
vn 0.00806734 0.79088335 -0.61191376
vn -0.04360385 0.79047337 -0.61094236
vn 0.00828875 0.71160130 -0.70253462
vn 0.09381056 0.70440780 -0.70356892
vn 0.09725166 0.60831813 -0.78771261
vn 0.24522753 0.58888989 -0.77011178
vn 0.24268224 0.68578624 -0.68615054
vn 0.42412119 0.64267718 -0.63803390
vn 0.42311575 0.54738633 -0.72203966
vn 0.55726178 0.50480046 -0.65926914
vn 0.55626677 0.58845423 -0.58676137
vn 0.65480417 0.52883943 -0.53996330
vn 0.65231487 0.45067900 -0.60940442
vn 0.72367671 0.34829449 -0.59580447
vn 0.72670009 0.42698933 -0.53813297
vn 0.74508649 0.33943362 -0.57413495
vn 0.74447037 0.25921836 -0.61528019
vn 0.74501061 0.25650688 -0.61576247
vn 0.74763795 0.18266718 -0.63849056
vn 0.77157710 0.17449138 -0.61173650
vn 0.77343420 0.09373200 -0.62690817
vn 0.76888228 0.00008280 -0.63939036
vn 0.76912452 0.07388973 -0.63481319
vn 0.76697737 0.00063342 -0.64167384
vn 0.76903747 -0.07535827 -0.63474601
vn 0.77285896 -0.09360363 -0.62763635
vn 0.76946496 -0.16522865 -0.61694665
vn 0.77061175 -0.25085659 -0.58585706
vn 0.68813347 -0.18256578 -0.70224075
vn 0.68511003 -0.28476200 -0.67047360
vn 0.68801016 -0.36418831 -0.62770128
vn 0.77102386 -0.31209578 -0.55508417
vn 0.77125225 -0.38625997 -0.50593794
vn 0.69145979 -0.44686759 -0.56762023
vn 0.68881467 -0.51260821 -0.51260821
vn 0.76895196 -0.45090729 -0.45320581
vn 0.76988992 -0.50945957 -0.38434419
vn 0.69145979 -0.56762023 -0.44686759
vn 0.69021751 -0.62702173 -0.36116967
vn 0.76778704 -0.55762400 -0.31552896
vn 0.76787993 -0.58958002 -0.25051111
vn 0.69082122 -0.66554055 -0.28252754
vn 0.69047165 -0.69949388 -0.18427484
vn 0.76459602 -0.62214980 -0.16829309
vn 0.78424956 -0.59930452 -0.16058246
vn 0.76732278 -0.63672953 -0.07610030
vn 0.68566307 -0.72102290 -0.09996064
vn 0.68901573 -0.72474621 0.00050095
vn 0.76374948 -0.64551043 0.00173614
vn 0.76755499 -0.63691205 0.07212744
vn 0.68596639 -0.72021276 0.10365176
vn 0.68981884 -0.69963912 0.18615875
vn 0.76789978 -0.61708472 0.17186150
vn 0.76580395 -0.59009695 0.25559714
vn 0.76698782 -0.59494121 0.24036355
vn 0.77085199 -0.56395127 0.29621979
vn 0.76666833 -0.55875561 0.31624649
vn 0.76942307 -0.51169221 0.38230777
vn 0.77479009 -0.51631264 0.36485830
vn 0.76608476 -0.46757501 0.44100767
vn 0.76848071 -0.45156848 0.45334679
vn 0.76827021 -0.39450404 0.50411055
vn 0.77445598 -0.39846682 0.49136761
vn 0.75005415 -0.40952733 0.51933239
vn 0.77225482 -0.32860084 0.54373154
vn 0.75015386 -0.33829836 0.56817551
vn 0.74127797 -0.34188214 0.57760158
vn 0.74908370 -0.26102256 0.60888491
vn 0.73947561 -0.26144280 0.62034142
vn 0.72301083 -0.34994071 0.59564825
vn 0.72333975 -0.27014443 0.63545385
vn 0.65586184 -0.27979687 0.70111266
vn 0.72454769 -0.18863167 0.66290930
vn 0.65431468 -0.18948290 0.73209872
vn 0.55910296 -0.21939249 0.79954413
vn 0.55654235 -0.10648863 0.82396650
vn 0.42327064 -0.11127824 0.89914355
vn 0.42531563 0.00012252 0.90504508
vn 0.25066187 0.00054171 0.96807455
vn 0.09019371 0.00022254 0.99592422
vn 0.24549804 0.12653000 0.96110399
vn 0.09083188 0.13241724 0.98702343
vn 0.00632202 0.13120634 0.99133492
vn 0.00604363 0.00052606 0.99998160
vn -0.04460623 0.00009273 0.99900464
vn -0.04463729 0.13103016 0.99037297
vn -0.11228646 -0.00000000 0.99367588
vn -0.11229854 -0.13022492 0.98510431
vn -0.18389143 -0.12722594 0.97467815
vn -0.11140762 -0.25527404 0.96042881
vn -0.04528483 -0.13082155 0.99037115
vn 0.00718654 0.25168014 0.96778379
vn 0.09300260 0.25916734 0.96134427
vn 0.09632818 0.37550922 0.92179917
vn 0.24502320 0.37171255 0.89542918
vn 0.24985453 0.48832584 0.83612833
vn 0.24627313 0.59015751 0.76880664
vn 0.41859320 0.45395135 0.78657988
vn 0.41821307 0.54936682 0.72339057
vn 0.41876286 0.64212167 0.64211948
vn 0.23700069 0.68696619 0.68695569
vn 0.24627174 0.76880770 0.59015672
vn 0.09872912 0.78407307 0.61276585
vn 0.09951539 0.86125965 0.49832570
vn 0.24985443 0.83612512 0.48833139
vn 0.24810587 0.89469652 0.37143185
vn 0.09805300 0.92185839 0.37491695
vn 0.09512355 0.96231263 0.25476638
vn 0.24147547 0.93675340 0.25334297
vn 0.24549692 0.96110434 0.12652951
vn 0.09083188 0.98702373 0.13241500
vn 0.09019351 0.99592423 0.00022253
vn 0.25065978 0.96807509 0.00054171
vn 0.24591116 0.96088977 -0.12735211
vn 0.09058027 0.98732970 -0.13028921
vn 0.09540826 0.96239605 -0.25434445
vn 0.24338977 0.93661561 -0.25201710
vn 0.24938979 0.89407753 -0.37206195
vn 0.09604198 0.92058454 -0.37854992
vn 0.09768206 0.86044276 -0.50009646
vn 0.24592103 0.83759126 -0.48781527
vn 0.24691277 0.76986665 -0.58850610
vn 0.09435498 0.78788656 -0.60854901
vn 0.41999950 0.78559477 -0.45435809
vn 0.42299110 0.71910599 -0.55133030
vn 0.55625864 0.65862371 -0.50674564
vn 0.55904077 0.71910063 -0.41275623
vn 0.67625525 0.63900159 -0.36654577
vn 0.65392146 0.59368051 -0.46896714
vn 0.72628868 0.49263140 -0.47939448
vn 0.74373768 0.41104458 -0.52715900
vn 0.74292287 0.46828774 -0.47830136
vn 0.74765286 0.41610107 -0.51756651
vn 0.74600243 0.33942915 -0.57294697
vn 0.77317494 0.33252279 -0.54002694
vn 0.77331284 0.25038821 -0.58248862
vn 0.77202436 0.25327893 -0.58294783
vn 0.77072958 0.16726534 -0.61481560
vn 0.68749810 0.18443425 -0.70237481
vn 0.68596639 0.10365176 -0.72021276
vn 0.68901573 0.00050095 -0.72474621
vn 0.56997570 0.11473691 -0.81361118
vn 0.57226207 0.00194910 -0.82006849
vn 0.49358280 0.00324024 -0.86969277
vn 0.49101363 0.11107163 -0.86404208
vn 0.28587425 0.09724443 -0.95332022
vn 0.28519474 0.00000000 -0.95846959
vn 0.04654087 0.00677633 -0.99889340
vn 0.04622474 0.12391279 -0.99121587
vn -0.00324230 0.13254100 -0.99117222
vn -0.00313573 -0.00001074 -0.99999508
vn -0.07421340 -0.00000000 -0.99724238
vn -0.07511786 0.10845532 -0.99125917
vn -0.37567358 0.13253702 -0.91722587
vn -0.37911967 0.00000000 -0.92534765
vn -0.37546848 -0.12477650 -0.91839765
vn -0.68916518 0.00138378 -0.72460295
vn -0.68969519 -0.10064388 -0.71707138
vn -0.83660979 -0.07221365 -0.54301864
vn -0.83638886 -0.00000000 -0.54813654
vn -0.83688195 0.07258401 -0.54254969
vn -0.93646395 0.00023919 -0.35076377
vn -0.92746944 0.05102259 -0.37040131
vn -0.97290371 0.04535789 -0.22671798
vn -0.97232180 0.06604478 -0.22411693
vn -0.98149685 0.05275214 -0.18406834
vn -0.98138036 0.07410613 -0.17720288
vn -0.95810807 0.11367552 -0.26288174
vn -0.95727744 0.14592109 -0.24965362
vn -0.71329788 0.34245226 -0.61150027
vn -0.71320851 0.41446532 -0.56528941
vn 0.33639639 0.57052281 -0.74922706
vn 0.34623889 0.46847309 -0.81280477
vn 0.33479106 0.36052090 -0.87059728
vn 0.96247907 0.13662541 -0.23445157
vn 0.97190610 0.09104752 -0.21704581
vn 0.96199448 0.06853080 -0.26432962
vn 0.34900540 0.24173895 -0.90540461
vn 0.34091797 0.12408469 -0.93186798
vn 0.97232050 0.02778520 -0.23199316
vn 0.96238048 -0.00055686 -0.27170481
vn 0.37009275 -0.00000072 -0.92899481
vn 0.34178360 -0.12327510 -0.93165832
vn -0.63754015 0.00008581 -0.77041713
vn -0.70880892 -0.08927957 -0.69972786
vn -0.94027379 0.00036735 -0.34041896
vn -0.71016928 0.08812996 -0.69849317
vn -0.70866954 0.17330081 -0.68392566
vn -0.95888692 0.04671022 -0.27991791
vn -0.95762140 0.07941561 -0.27686532
vn -0.71277179 0.26136613 -0.65087950
vn -0.98099262 0.02890964 -0.19187940
vn -0.98041084 0.00012776 -0.19696336
vn -0.97715169 0.00011343 -0.21254307
vn -0.98102171 -0.02888398 -0.19173450
vn -0.97287283 -0.04454557 -0.22701133
vn -0.92799187 -0.05180655 -0.36898125
vn -0.93042317 -0.10206487 -0.35198792
vn -0.83607841 -0.14260229 -0.52975228
vn -0.68769694 -0.17944204 -0.70347244
vn -0.83594857 -0.20973319 -0.50715084
vn -0.69281045 -0.27193786 -0.66787984
vn -0.37181270 -0.34478447 -0.86190428
vn -0.37802950 -0.25633424 -0.88959904
vn -0.07421423 -0.27854304 -0.95755210
vn -0.07492411 -0.12189884 -0.98971059
vn -0.00313472 -0.12391882 -0.99228741
vn -0.00302166 -0.26148523 -0.96520275
vn 0.04589841 -0.23992618 -0.96970550
vn -0.00391530 -0.39375322 -0.91920785
vn 0.04468291 -0.42478196 -0.90419231
vn 0.04387289 -0.49588079 -0.86728162
vn -0.00490576 -0.49035559 -0.87150865
vn -0.00460700 -0.61123441 -0.79143621
vn -0.07507221 -0.46215016 -0.88361835
vn -0.07566069 -0.62094204 -0.78019641
vn -0.38217475 -0.58221838 -0.71761007
vn -0.37690600 -0.43042439 -0.82016871
vn -0.68663782 -0.37061933 -0.62543570
vn -0.68486279 -0.43365226 -0.58558405
vn -0.83434721 -0.33454563 -0.43811409
vn -0.83603814 -0.27473819 -0.47493068
vn -0.93100646 -0.19118943 -0.31092376
vn -0.92981310 -0.14776357 -0.33706605
vn -0.97219995 -0.09331204 -0.21475594
vn -0.97236939 -0.06568917 -0.22401497
vn -0.98133461 -0.07418849 -0.17742166
vn -0.98150126 -0.05315843 -0.18392786
vn -0.95819988 -0.11380888 -0.26248909
vn -0.95762706 -0.07886620 -0.27700279
vn -0.95881074 -0.04707300 -0.28011800
vn -0.71018734 -0.17149605 -0.68280527
vn -0.71242147 -0.25950825 -0.65200546
vn 0.33508426 -0.35931883 -0.87098135
vn 0.34660208 -0.24159431 -0.90636592
vn 0.96210390 -0.06899887 -0.26380912
vn 0.97228353 -0.08846778 -0.21642130
vn 0.96234663 -0.13649955 -0.23506772
vn 0.34537242 -0.47251007 -0.81083421
vn -0.71362551 -0.34542709 -0.60944135
vn 0.33618044 -0.57140500 -0.74865148
vn -0.71427535 -0.41642728 -0.56249359
vn -0.95755475 -0.14657195 -0.24820467
vn -0.95768536 -0.17681129 -0.22710463
vn -0.98140926 -0.09680819 -0.16572275
vn -0.98157818 -0.11899461 -0.14948094
vn -0.97251643 -0.11988261 -0.19959949
vn -0.97221813 -0.14583105 -0.18309889
vn -0.92959915 -0.23390238 -0.28484222
vn -0.93060695 -0.26284142 -0.25472551
vn -0.83319638 -0.39020897 -0.39181725
vn -0.68875501 -0.51264829 -0.51264829
vn -0.83548062 -0.43701912 -0.33314625
vn -0.68486279 -0.58558405 -0.43365226
vn -0.38217475 -0.71761007 -0.58221838
vn -0.68663782 -0.62543570 -0.37061933
vn -0.37690600 -0.82016871 -0.43042439
vn -0.37181270 -0.86190428 -0.34478447
vn -0.69281045 -0.66787984 -0.27193786
vn -0.68769694 -0.70347244 -0.17944204
vn -0.37802950 -0.88959904 -0.25633424
vn -0.37546848 -0.91839765 -0.12477650
vn -0.68969519 -0.71707138 -0.10064388
vn -0.68916518 -0.72460295 0.00138378
vn -0.37911967 -0.92534765 -0.00000000
vn -0.37567358 -0.91722587 0.13253702
vn -0.68944636 -0.71716405 0.10168302
vn -0.68764575 -0.70360692 0.17911064
vn -0.37574858 -0.89237744 0.24995102
vn -0.37070334 -0.86707467 0.33280709
vn -0.69255519 -0.66847793 0.27111727
vn -0.68546911 -0.62660459 0.37080829
vn -0.37294042 -0.82131624 0.43168863
vn -0.37703289 -0.71899101 0.58386482
vn -0.07664774 -0.88008132 0.46859577
vn -0.07683388 -0.78496839 0.61475295
vn -0.00460580 -0.79147056 0.61118993
vn -0.07569279 -0.69962878 0.71048587
vn -0.00446275 -0.70709152 0.70710796
vn -0.00399105 -0.57075756 0.82110893
vn 0.04452484 -0.70224941 0.71053734
vn 0.04578791 -0.61056128 0.79064429
vn 0.28255429 -0.57319573 0.76916170
vn 0.27769749 -0.70086766 0.65701493
vn 0.49053000 -0.60541781 0.62677715
vn 0.49079153 -0.55716141 0.66984688
vn 0.57052690 -0.50739914 0.64579035
vn 0.49711618 -0.44284612 0.74616541
vn 0.56736616 -0.40190517 0.71872656
vn 0.68866406 -0.36351133 0.62737653
vn 0.56815160 -0.31449217 0.76045935
vn 0.69139510 -0.26443221 0.67234546
vn 0.77029896 -0.24216728 0.58991060
vn 0.76797957 -0.32368694 0.55266097
vn 0.68739077 -0.44907826 0.57080876
vn 0.68844726 -0.52103692 0.50454029
vn 0.57073670 -0.59581137 0.56503843
vn 0.56583864 -0.65311549 0.50325619
vn 0.69096671 -0.57616033 0.43658250
vn 0.68850411 -0.62787639 0.36295087
vn 0.56820045 -0.70933708 0.41712007
vn 0.49001145 -0.76094462 0.42526705
vn 0.49425608 -0.68505075 0.53517885
vn 0.27882009 -0.76710577 0.57776128
vn 0.28186775 -0.81628893 0.50420528
vn 0.04432209 -0.86364389 0.50215016
vn 0.04283797 -0.79643256 0.60320816
vn -0.00490576 -0.87150865 0.49035559
vn -0.00422092 -0.92796249 0.37264971
vn -0.07470010 -0.93370310 0.35016912
vn -0.07509365 -0.95603248 0.28348340
vn -0.00342842 -0.96886486 0.24756640
vn -0.00324230 -0.99117222 0.13254100
vn -0.07511786 -0.99125917 0.10845532
vn -0.07421340 -0.99724238 -0.00000000
vn -0.00313573 -0.99999508 -0.00001074
vn -0.00313472 -0.99228741 -0.12391882
vn -0.07492411 -0.98971059 -0.12189884
vn -0.07421423 -0.95755210 -0.27854304
vn -0.00302166 -0.96520275 -0.26148523
vn -0.00391530 -0.91920785 -0.39375322
vn -0.07406225 -0.93212821 -0.35447395
vn -0.07507221 -0.88361835 -0.46215016
vn -0.00490576 -0.87150865 -0.49035559
vn -0.00460700 -0.79143621 -0.61123441
vn -0.07566069 -0.78019641 -0.62094204
vn -0.07449293 -0.70514211 -0.70514211
vn -0.38087982 -0.65380829 -0.65380829
vn -0.00446273 -0.70709974 -0.70709974
vn 0.04373568 -0.70643018 -0.70643018
vn 0.04388573 -0.60628482 -0.79403575
vn 0.28330345 -0.59872826 -0.74917530
vn 0.28470707 -0.48500974 -0.82686603
vn 0.28082872 -0.34987898 -0.89371132
vn 0.49358973 -0.42747302 -0.75738761
vn 0.49518341 -0.32860656 -0.80424569
vn 0.49404487 -0.22640264 -0.83944119
vn 0.28176364 -0.25614436 -0.92466173
vn 0.28615051 -0.10700012 -0.95219161
vn 0.04643161 -0.11712555 -0.99203110
vn 0.49112292 -0.11415360 -0.86357816
vn 0.57055292 -0.11338720 -0.81339579
vn 0.56984089 -0.20732128 -0.79517246
vn 0.57103324 -0.31629169 -0.75754908
vn 0.68566307 -0.09996064 -0.72102290
vn 0.56664784 -0.42420645 -0.70637038
vn 0.56575090 -0.49409995 -0.66014480
vn 0.49320887 -0.53094175 -0.68909061
vn 0.49339962 -0.61504342 -0.61504342
vn 0.56611470 -0.58288685 -0.58288685
vn 0.56575090 -0.66014480 -0.49409995
vn 0.49320887 -0.68909061 -0.53094175
vn 0.49025172 -0.76056101 -0.42567617
vn 0.56736616 -0.71872656 -0.40190517
vn 0.56749892 -0.75873682 -0.31978652
vn 0.48661875 -0.80875182 -0.33033724
vn 0.49059216 -0.84048036 -0.23002628
vn 0.57051146 -0.78706467 -0.23461857
vn 0.57055292 -0.81339579 -0.11338720
vn 0.49112292 -0.86357816 -0.11415360
vn 0.49358280 -0.86969277 0.00324024
vn 0.57226207 -0.82006849 0.00194910
vn 0.56997570 -0.81361118 0.11473691
vn 0.49101363 -0.86404208 0.11107163
vn 0.49036859 -0.84226797 0.22388235
vn 0.56800596 -0.79165292 0.22506640
vn 0.56662253 -0.76170398 0.31423870
vn 0.48677678 -0.80240504 0.34524559
vn 0.28215877 -0.88566693 0.36875537
vn 0.28318161 -0.92690577 0.24628005
vn 0.04625849 -0.96983272 0.23934213
vn 0.04574114 -0.91570250 0.39924513
vn 0.28587425 -0.95332022 0.09724443
vn 0.04622474 -0.99121587 0.12391279
vn 0.04654087 -0.99889340 0.00677633
vn 0.28519474 -0.95846959 0.00000000
vn 0.28615051 -0.95219161 -0.10700012
vn 0.04643161 -0.99203110 -0.11712555
vn 0.04589841 -0.96970550 -0.23992618
vn 0.28176364 -0.92466173 -0.25614436
vn 0.28082872 -0.89371132 -0.34987898
vn 0.04468291 -0.90419231 -0.42478196
vn 0.04387289 -0.86728162 -0.49588079
vn 0.28470707 -0.82686603 -0.48500974
vn 0.28330345 -0.74917530 -0.59872826
vn 0.04388573 -0.79403575 -0.60628482
vn 0.28581514 -0.67760966 -0.67760966
vn 0.68842122 -0.66776175 0.28314391
vn 0.77243635 -0.26174349 0.57864707
vn 0.77137557 -0.17170222 0.61277898
vn 0.74798681 -0.16958100 0.64168373
vn 0.76886749 -0.09278516 0.63264025
vn 0.74791745 -0.09046898 0.65759779
vn 0.74177566 -0.17453085 0.64753984
vn 0.74459543 -0.08925285 0.66152216
vn 0.72623083 -0.09837822 0.68037527
vn 0.74452090 0.00058033 0.66759890
vn 0.71454430 0.00057332 0.69958996
vn 0.65554561 -0.08980003 0.74979724
vn 0.63736384 0.00027709 0.77056295
vn 0.55263702 -0.00000000 0.83342205
vn 0.55724664 0.10764244 0.82334032
vn 0.42232976 0.11172085 0.89953100
vn 0.42349117 0.23750184 0.87421285
vn 0.24147559 0.25334294 0.93675338
vn 0.42337600 0.35040629 0.83544491
vn 0.55669076 0.31407829 0.76905801
vn 0.55402030 0.41681585 0.72064280
vn 0.55682188 0.50481763 0.65962759
vn 0.65807605 0.37027466 0.65561619
vn 0.65821972 0.44796630 0.60503966
vn 0.65689442 0.52670775 0.53950780
vn 0.72371212 0.42426952 0.54427580
vn 0.72272702 0.35042111 0.59571025
vn 0.74360953 0.34120688 0.57499803
vn 0.74051865 0.26084204 0.61934930
vn 0.74848442 0.26294185 0.60879607
vn 0.74800511 0.17264797 0.64084400
vn 0.77165573 0.17256483 0.61218364
vn 0.76946589 0.09278880 0.63191177
vn 0.77178648 0.08280893 0.63046674
vn 0.76725835 0.00011763 0.64133814
vn 0.77135980 0.00062824 0.63639899
vn 0.69189418 0.00026078 0.72199888
vn 0.77166167 -0.08470600 0.63036748
vn 0.69339675 -0.09810997 0.71384549
vn 0.68824266 -0.18259645 0.70212575
vn 0.77303228 -0.16590794 0.61228722
vn 0.56936976 -0.09106956 0.81702167
vn 0.57184284 -0.20676141 0.79388002
vn 0.49418273 -0.22797494 0.83893436
vn 0.49341620 -0.11499168 0.86215855
vn 0.48958488 0.00003978 0.87195564
vn 0.57226357 0.00194910 0.82006744
vn 0.56894029 0.09253197 0.81715652
vn 0.69364136 0.10335295 0.71286733
vn 0.68761745 0.18532667 0.70202299
vn 0.77430385 0.16680657 0.61043355
vn 0.77176122 0.24418426 0.58716153
vn 0.77243385 0.26210905 0.57848491
vn 0.77239209 0.33297888 0.54086554
vn 0.74961264 0.33913950 0.56838832
vn 0.74924187 0.41082980 0.51947618
vn 0.74357409 0.41360141 0.52538695
vn 0.74294135 0.46853241 0.47803297
vn 0.72634218 0.49079264 0.48119603
vn 0.73100896 0.54134299 0.41541988
vn 0.74589175 0.47902507 0.46279637
vn 0.74268334 0.54114823 0.39443637
vn 0.76476453 0.46433152 0.44668943
vn 0.77374409 0.39909573 0.49197834
vn 0.76877763 0.39315762 0.50438877
vn 0.77005341 0.32222149 0.55062788
vn 0.68694556 0.36529034 0.62822669
vn 0.68916570 0.26482117 0.67447786
vn 0.56730797 0.30888254 0.76338276
vn 0.56959410 0.19689228 0.79799498
vn 0.49418746 0.21904598 0.84130709
vn 0.49334917 0.10581913 0.86337067
vn 0.28172547 0.14403139 0.94862306
vn 0.27980571 0.00533461 0.96004182
vn 0.04217112 0.00000056 0.99911040
vn 0.04226246 0.12208329 0.99161966
vn 0.04154251 0.24269714 0.96921221
vn 0.28318161 0.24628005 0.92690577
vn 0.28748270 0.36346308 0.88614236
vn 0.49732161 0.30938652 0.81052526
vn 0.49664914 0.44164702 0.74718642
vn 0.56820045 0.41712007 0.70933708
vn 0.57053703 0.51628324 0.63870111
vn 0.68686805 0.43879363 0.57937245
vn 0.68808333 0.51309908 0.51309909
vn 0.76784424 0.45188952 0.45410471
vn 0.76839818 0.50736721 0.39005480
vn 0.77657611 0.51439636 0.36376631
vn 0.74700249 0.54449402 0.38146237
vn 0.74686168 0.58344467 0.31904536
vn 0.74369472 0.58280145 0.32750670
vn 0.72986611 0.59117116 0.34323771
vn 0.67091386 0.63696496 0.37967121
vn 0.65263858 0.69535429 0.30090746
vn 0.72894225 0.63180090 0.26357319
vn 0.66806001 0.71603051 0.20247503
vn 0.74218161 0.62405261 0.24438656
vn 0.73014411 0.65994431 0.17709625
vn 0.74923458 0.62154785 0.22874836
vn 0.74774462 0.64716532 0.14850935
vn 0.74955974 0.64445410 0.15112610
vn 0.77385985 0.59204325 0.22500163
vn 0.76760798 0.62227123 0.15348130
vn 0.76855741 0.59201973 0.24255337
vn 0.76855185 0.61663227 0.17056581
vn 0.68761745 0.70202299 0.18532667
vn 0.68916570 0.67447786 0.26482117
vn 0.56730346 0.76338714 0.30888001
vn 0.56959410 0.79799498 0.19689228
vn 0.56894029 0.81715652 0.09253197
vn 0.69364136 0.71286733 0.10335295
vn 0.69189418 0.72199888 0.00026078
vn 0.57226357 0.82006744 0.00194910
vn 0.56936976 0.81702167 -0.09106956
vn 0.69339675 0.71384549 -0.09810997
vn 0.68824266 0.70212575 -0.18259645
vn 0.57184284 0.79388002 -0.20676141
vn 0.56814713 0.76046375 -0.31448963
vn 0.69139510 0.67234546 -0.26443221
vn 0.68866406 0.62737653 -0.36351133
vn 0.56735579 0.71873263 -0.40190895
vn 0.57052166 0.64580489 -0.50738652
vn 0.68739077 0.57080876 -0.44907826
vn 0.68844605 0.50454110 -0.52103773
vn 0.57073886 0.56503993 -0.59580788
vn 0.56583741 0.50324073 -0.65312847
vn 0.69096671 0.43658250 -0.57616033
vn 0.68619894 0.36604621 -0.62860256
vn 0.77177591 0.38487920 -0.50619161
vn 0.77296052 0.31079811 -0.55311533
vn 0.68262427 0.28538946 -0.67273841
vn 0.57015369 0.31228291 -0.75987115
vn 0.56746537 0.19940170 -0.79888799
vn 0.49388578 0.22023247 -0.84117447
vn 0.49532359 0.34348454 -0.79791786
vn 0.28215877 0.36875537 -0.88566693
vn 0.28318161 0.24628005 -0.92690577
vn 0.04625849 0.23934213 -0.96983272
vn 0.04574114 0.39924513 -0.91570250
vn -0.00422092 0.37264971 -0.92796249
vn -0.00342842 0.24756640 -0.96886486
vn -0.07509365 0.28348340 -0.95603248
vn -0.07470010 0.35016912 -0.93370310
vn -0.37070334 0.33280709 -0.86707467
vn -0.37574858 0.24995102 -0.89237744
vn -0.68764575 0.17911064 -0.70360692
vn -0.68944636 0.10168302 -0.71716405
vn -0.83702159 0.14244056 -0.52830440
vn -0.93031882 0.10298759 -0.35199495
vn -0.83713266 0.21429592 -0.50327543
vn -0.92915995 0.15035264 -0.33772158
vn -0.97210987 0.09253546 -0.21549845
vn -0.97264075 0.11830264 -0.19993613
vn -0.98143877 0.09639034 -0.16579158
vn -0.98148110 0.11863313 -0.15040286
vn -0.95782114 0.17740446 -0.22606708
vn -0.95801045 0.20558428 -0.19987765
vn -0.70714285 0.49625302 -0.50366846
vn -0.70662536 0.55692550 -0.43647977
vn 0.34401852 0.74537426 -0.57102405
vn 0.35691422 0.66632851 -0.65468966
vn 0.96279985 0.19230449 -0.18983003
vn 0.97263085 0.14293762 -0.18318859
vn 1.00000000 0.00002558 0.00002558
vn 0.97193059 0.18748597 -0.14212650
vn 0.96228785 0.23609603 -0.13513238
vn 0.97227597 0.21643329 -0.08852157
vn 0.96238384 0.26218654 -0.07124291
vn 0.97184823 0.23335127 -0.03253006
vn 0.96238049 0.27170476 -0.00055689
vn 0.97203051 0.23295657 0.02979806
vn 0.96227063 0.26273570 0.07074728
vn 0.97189852 0.21705713 0.09110141
vn 0.96242486 0.23545015 0.13528349
vn 0.97156643 0.18763712 0.14439867
vn 0.96299033 0.19059070 0.19059070
vn 0.97156643 0.14439867 0.18763712
vn 0.96242486 0.13528349 0.23545015
vn 0.97189852 0.09110141 0.21705713
vn 0.96227056 0.07074734 0.26273594
vn 0.97203051 0.02979806 0.23295657
vn 0.96238049 -0.00055689 0.27170476
vn 0.97184823 -0.03253006 0.23335127
vn 0.96238378 -0.07124298 0.26218678
vn 0.97227597 -0.08852157 0.21643329
vn 0.96228785 -0.13513238 0.23609603
vn 0.97193059 -0.14212650 0.18748597
vn 0.96279985 -0.18983003 0.19230449
vn 0.97263085 -0.18318859 0.14293762
vn 0.96247907 -0.23445157 0.13662541
vn 0.97190610 -0.21704581 0.09104752
vn 0.96199448 -0.26432962 0.06853080
vn 0.97232050 -0.23199316 0.02778520
vn 0.96238048 -0.27170481 -0.00055686
vn 0.97215765 -0.23234045 -0.03045369
vn 0.32183429 -0.93978650 -0.11499573
vn 0.30181502 -0.95336358 -0.00236058
vn -0.79003599 -0.61305742 0.00193339
vn 0.31957412 -0.94019910 0.11788995
vn -0.69572511 -0.70919388 0.11406404
vn -0.96714050 -0.25395724 0.01204070
vn -0.97395970 -0.22390037 0.03565283
vn -0.97640490 -0.21585759 0.00624221
vn -0.95152197 -0.30659549 0.02459992
vn -0.94773194 -0.31846590 -0.01958671
vn -0.84867160 -0.52416410 0.07077078
vn -0.84615256 -0.53294044 0.00057880
vn -0.84906328 -0.52368064 -0.06964286
vn -0.95082489 -0.30674846 -0.04286492
vn -0.94350380 -0.30522863 -0.12898084
vn -0.84545927 -0.51548762 -0.13953900
vn -0.84105321 -0.49892019 -0.20906492
vn -0.92382868 -0.34344187 -0.16908060
vn -0.94710549 -0.28539677 -0.14676470
vn -0.83865474 -0.47041828 -0.27452663
vn -0.92954606 -0.29637198 -0.21933483
vn -0.97062111 -0.18232770 -0.15700724
vn -0.97237397 -0.16645984 -0.16364589
vn -0.98144510 -0.15309565 -0.11544370
vn -0.98165534 -0.13689989 -0.13270722
vn -0.95788782 -0.23041706 -0.17134440
vn -0.95744972 -0.20592107 -0.20220423
vn -0.71258725 -0.54912913 -0.43666532
vn -0.70996710 -0.60709546 -0.35690590
vn -0.95741418 -0.25637516 -0.13277752
vn -0.71536249 -0.64365378 -0.27196749
vn -0.96846637 -0.23545098 -0.08145997
vn -0.98029472 -0.16587229 -0.10727834
vn -0.97456061 -0.18536196 -0.12598635
vn -0.97822822 -0.19042708 -0.08250495
vn -0.97480227 -0.21198780 -0.06943852
vn -0.97111171 -0.23835869 -0.01127784
vn -0.97623834 -0.21460429 -0.03006182
vn -0.96703448 -0.19379535 -0.16518981
vn -0.78494863 -0.59895141 -0.15847038
vn -0.97459815 -0.22261800 -0.02448822
vn -0.96735623 -0.24910025 -0.04659386
vn -0.97533197 -0.21134874 -0.06371236
vn -0.96603121 -0.25390991 0.04809836
vn -0.69360879 -0.71762058 -0.06267017
vn 0.31630516 -0.91768287 -0.24043543
vn 0.96210390 -0.26380912 -0.06899887
vn 0.32359302 -0.87886556 -0.35054655
vn 0.97228353 -0.21642130 -0.08846778
vn 0.96234663 -0.23506772 -0.13649955
vn 0.97298693 -0.18305165 -0.14067170
vn 0.33800413 -0.74544075 -0.57451832
vn 0.35156415 -0.81224505 -0.46546817
vn 0.96262248 -0.19151758 -0.19151758
vn 0.34803735 -0.66567252 -0.66011370
vn -0.71116888 -0.49112505 -0.50302586
vn 0.97298693 -0.14067170 -0.18305165
vn -0.94019910 -0.32152622 0.11245682
vn -0.84454492 -0.51655119 0.14113382
vn -0.84117094 -0.49708877 0.21291830
vn -0.92582841 -0.34469527 0.15500624
vn -0.94661177 -0.28652359 0.14775110
vn -0.83785520 -0.47261891 0.27318498
vn -0.83842792 -0.43286592 0.33115815
vn -0.68409812 -0.58639431 0.43376430
vn -0.68614987 -0.52282823 0.50581518
vn -0.37676360 -0.63263707 0.67662363
vn -0.38080340 -0.56219562 0.73411502
vn -0.07432724 -0.58492380 0.80767544
vn -0.07375571 -0.51129078 0.85623702
vn -0.00349153 -0.49617319 0.86821655
vn 0.04331987 -0.53679290 0.84260119
vn -0.00404213 -0.38816945 0.92157916
vn 0.04103977 -0.37262614 0.92707362
vn 0.28613870 -0.34451041 0.89411253
vn 0.29093528 -0.44873927 0.84497913
vn 0.49701668 -0.29442035 0.81626655
vn 0.28176364 -0.25614436 0.92466173
vn 0.28235191 -0.14864180 0.94772518
vn 0.04139601 -0.24300589 0.96914112
vn 0.04245994 -0.12218538 0.99159865
vn -0.00466940 -0.12199153 0.99252016
vn -0.00472961 0.00000000 0.99998882
vn -0.00487746 0.13839362 0.99036529
vn -0.07751262 0.00661110 0.99696945
vn -0.07696265 0.11691470 0.99015539
vn -0.07651684 0.23302204 0.96945650
vn -0.00497554 0.25860686 0.96596984
vn -0.00426302 0.37288296 0.92786859
vn 0.04186054 0.34632271 0.93718103
vn 0.04280346 0.51468024 0.85631309
vn 0.28829176 0.46827574 0.83522793
vn 0.27790652 0.55166765 0.78640369
vn 0.49252003 0.56017920 0.66605051
vn 0.48751429 0.61738554 0.61738555
vn 0.57569699 0.57817737 0.57817290
vn 0.57053283 0.63870243 0.51628626
vn 0.49251896 0.66602508 0.56021038
vn 0.49665382 0.74718784 0.44163935
vn 0.56819042 0.70934284 0.41712395
vn 0.49732090 0.81054288 0.30934150
vn 0.49418746 0.84130709 0.21904598
vn 0.28748917 0.88614263 0.36345732
vn 0.28318161 0.92690577 0.24628005
vn 0.28172547 0.94862306 0.14403139
vn 0.49334917 0.86337067 0.10581913
vn 0.48958488 0.87195564 0.00003978
vn 0.27980571 0.96004182 0.00533461
vn 0.28235191 0.94772518 -0.14864180
vn 0.49341620 0.86215855 -0.11499168
vn 0.49418273 0.83893436 -0.22797494
vn 0.28176364 0.92466173 -0.25614436
vn 0.28614503 0.89411272 -0.34450467
vn 0.49701565 0.81628253 -0.29437778
vn 0.49712084 0.74616501 -0.44284156
vn 0.29095116 0.84497467 -0.44873738
vn 0.28256029 0.76915722 -0.57319879
vn 0.49079024 0.66982051 -0.55719424
vn 0.49053192 0.62677636 -0.60541706
vn 0.27769749 0.65701493 -0.70086766
vn 0.27871681 0.57777891 -0.76713002
vn 0.04344145 0.73614617 -0.67542702
vn 0.04137788 0.60657214 -0.79395095
vn -0.00458913 0.61118997 -0.79147063
vn -0.00446275 0.70710796 -0.70709152
vn -0.07569279 0.71048587 -0.69962878
vn -0.07683388 0.61475295 -0.78496839
vn -0.07664774 0.46859577 -0.88008132
vn -0.37703289 0.58386482 -0.71899101
vn -0.37294042 0.43168863 -0.82131624
vn -0.68546911 0.37080829 -0.62660459
vn -0.69255519 0.27111727 -0.66847793
vn -0.83515379 0.27424160 -0.47677005
vn -0.93056357 0.18873855 -0.31373429
vn -0.83659495 0.33326886 -0.43478818
vn -0.93040954 0.23287501 -0.28303237
vn -0.97232937 0.14526486 -0.18295826
vn -0.97258843 0.16613610 -0.16269770
vn -0.98145445 0.13767298 -0.13339156
vn -0.98138168 0.15416400 -0.11455765
vn -0.95802579 0.22948896 -0.17181796
vn -0.95703354 0.25722467 -0.13387408
vn -0.70818046 0.60800666 -0.35889877
vn -0.70505408 0.65822663 -0.26388718
vn 0.32693062 0.87990051 -0.34480640
vn 0.35156283 0.81224808 -0.46546388
vn -0.79682027 0.59145764 -0.12351247
vn -0.96844062 0.23898618 -0.07076983
vn -0.97745690 0.19261238 -0.08647825
vn -0.96868581 0.24587318 -0.03455694
vn -0.97330611 0.22913065 -0.01320476
vn -0.83474782 0.54577302 -0.07299233
vn 0.23964472 0.96251763 -0.12700483
vn 0.30230805 0.92063674 -0.24705836
vn -0.80357787 0.59437298 -0.03135859
vn -0.96809870 0.24334986 -0.05971397
vn -0.96968346 0.23347754 0.07212651
vn -0.97585503 0.21655564 0.02847131
vn -0.97476129 0.22183922 0.02505557
vn -0.96700393 0.25402048 0.01941641
vn -0.69434235 0.71149517 0.10799684
vn 0.31709816 0.94108918 0.11747303
vn 0.28989337 0.95705828 -0.00113367
vn -0.77042202 0.61381527 0.17228095
vn -0.96251778 0.24701182 0.11200304
vn -0.97716982 0.19866328 0.07531297
vn -0.96730389 0.24750794 0.05534448
vn -0.70617192 0.65663129 0.26487084
vn 0.33163069 0.87695247 0.34781526
vn 0.31105576 0.91794880 0.24619975
vn -0.70830298 0.60789837 0.35884044
vn -0.95673026 0.25744122 0.13561429
vn -0.95808945 0.22952910 0.17140888
vn -0.71180114 0.55349209 0.43241837
vn 0.33801347 0.74649221 0.57314595
vn 0.35198212 0.81410133 0.46189567
vn -0.70692697 0.49472366 0.50547280
vn 0.35799628 0.66227302 0.65820446
vn 0.33654412 0.57266907 0.74752136
vn -0.71420060 0.41843444 0.56109725
vn -0.95789501 0.17752865 0.22565623
vn -0.95749932 0.20625148 0.20163178
vn -0.98141901 0.11835908 0.15102268
vn -0.98152238 0.13784276 0.13271472
vn -0.98136775 0.15341183 0.11568125
vn -0.97228009 0.16874455 0.16185396
vn -0.97048232 0.18140536 0.15892186
vn -0.98024450 0.16634794 0.10700043
vn -0.97458554 0.18549871 0.12559161
vn -0.92967679 0.29485996 0.22081364
vn -0.94775847 0.28365660 0.14592059
vn -0.97488986 0.21408295 0.06130456
vn -0.92615256 0.34709952 0.14752407
vn -0.97283366 0.22305695 0.06196983
vn -0.97996409 0.19502557 0.04044015
vn -0.94075551 0.32021514 0.11154074
vn -0.95370838 0.29899971 0.03224139
vn -0.84486621 0.53022525 0.07114961
vn -0.94358398 0.32815844 -0.04428672
vn -0.96884342 0.22899184 -0.09436721
vn -0.97495293 0.22223573 -0.00883540
vn -0.92397893 0.37991715 -0.04388512
vn -0.95313109 0.29562753 -0.06438544
vn -0.97344519 0.20875584 -0.09394393
vn -0.92276595 0.35051175 -0.16013903
vn -0.83906684 0.50556826 -0.20091686
vn -0.84424863 0.51711325 -0.14084796
vn -0.84216680 0.53486168 -0.06839644
vn -0.68532977 0.70070412 -0.19833519
vn -0.68455608 0.72189513 -0.10124426
vn -0.68491756 0.72861925 0.00138927
vn -0.84140583 0.54040377 0.00000000
vn -0.68433507 0.72195826 0.10228284
vn -0.68529057 0.70090635 0.19775522
vn -0.84108691 0.52176006 0.14261571
vn -0.83877621 0.50490024 0.20378965
vn -0.68446929 0.67497861 0.27550983
vn -0.68684812 0.63350846 0.35623966
vn -0.83936444 0.47054549 0.27212914
vn -0.83627571 0.42840524 0.34221614
vn -0.68606868 0.57368817 0.44742782
vn -0.68359118 0.51609258 0.51609258
vn -0.83389777 0.38993203 0.39059892
vn -0.93099161 0.26477937 0.25128968
vn -0.83527693 0.34225902 0.43031524
vn -0.93168376 0.22669575 0.28385633
vn -0.97236737 0.14464115 0.18325018
vn -0.93024013 0.18954721 0.31420558
vn -0.97231561 0.11985871 0.20058976
vn -0.98159096 0.09818791 0.16382409
vn -0.97239445 0.09440527 0.21339325
vn -0.98146813 0.07540501 0.17616582
vn -0.95730439 0.14820947 0.24819801
vn -0.95731687 0.11186003 0.26651781
vn -0.70583920 0.34593332 0.61815949
vn -0.71394999 0.26059427 0.64989695
vn 0.33863307 0.35960517 0.86948937
vn 0.35630756 0.46692246 0.80933821
vn -0.70431144 0.17990937 0.68671538
vn -0.95794100 0.07800010 0.27616122
vn -0.95997805 0.04754334 0.27601045
vn -0.71183800 0.08876805 0.69671148
vn 0.34178364 0.12845288 0.93095854
vn 0.36109802 0.24769820 0.89902938
vn -0.63753531 0.00008587 0.77042113
vn -0.94098848 0.00040279 0.33843835
vn -0.71048610 -0.08990888 0.69794405
vn 0.34263731 -0.12758793 0.93076366
vn -0.70592540 -0.17802598 0.68554801
vn -0.95990252 -0.04787873 0.27621509
vn -0.95794994 -0.07746903 0.27627968
vn -0.98081173 -0.02795846 0.19294213
vn -0.98033514 0.00013387 0.19733979
vn -0.97735723 0.00013242 0.21159591
vn -0.98078065 0.02801338 0.19309213
vn -0.97257589 0.04370183 0.22844317
vn -0.98133222 0.05030817 0.18562369
vn -0.97256646 0.06325819 0.22385906
vn -0.92978818 0.04922280 0.36478905
vn -0.93079353 0.10305204 0.35071880
vn -0.93149330 0.14757628 0.33247778
vn -0.83414055 0.20714465 0.51117575
vn -0.83430761 0.27341001 0.47872516
vn -0.68685149 0.35623527 0.63350728
vn -0.68606868 0.44742782 0.57368817
vn -0.37581119 0.56369376 0.73553742
vn -0.37313269 0.65603811 0.65603811
vn -0.07670580 0.70502348 0.70502348
vn -0.37581119 0.73553742 0.56369376
vn -0.07538462 0.81139075 0.57962247
vn -0.07546585 0.85458984 0.51379091
vn -0.37813212 0.80050450 0.46498241
vn -0.38115614 0.86257552 0.33269127
vn -0.07494025 0.91407904 0.39855172
vn -0.07651919 0.96945669 0.23302045
vn -0.37529643 0.89111966 0.25506536
vn -0.38752204 0.91212306 0.13363452
vn -0.07696265 0.99015539 0.11691470
vn -0.07751262 0.99696945 0.00661110
vn -0.37873119 0.92550672 0.00000000
vn -0.38699669 0.91391777 -0.12242496
vn -0.07675270 0.99017304 -0.11690330
vn -0.07577580 0.97207181 -0.22211355
vn -0.37769057 0.89015848 -0.25488764
vn -0.38257969 0.85839630 -0.34174343
vn -0.07417149 0.91028127 -0.40729179
vn -0.07375787 0.85623614 -0.51129195
vn -0.38227220 0.79919966 -0.46384034
vn -0.38080340 0.73411502 -0.56219562
vn -0.07432724 0.80767544 -0.58492380
vn -0.37676360 0.67662363 -0.63263707
vn -0.68614987 0.50581518 -0.52282823
vn -0.68409812 0.43376430 -0.58639431
vn -0.83283920 0.39745627 -0.38523678
vn -0.93087829 0.26567713 -0.25076137
vn -0.83323981 0.43240975 -0.34457688
vn -0.92951909 0.29334545 -0.22347865
vn -0.97094988 0.18161528 -0.15579544
vn -0.97443795 0.18644709 -0.12533225
vn -0.98024474 0.16667702 -0.10648489
vn -0.94820550 0.28250816 -0.14524280
vn -0.97446389 0.21262901 -0.07217367
vn -0.84012032 0.46799433 -0.27418816
vn -0.68793690 0.63229175 -0.35630040
vn -0.68490560 0.67444359 -0.27573568
vn -0.68660210 0.57292238 -0.44759077
vn -0.00399105 0.82110893 -0.57075756
vn -0.00349153 0.86821655 -0.49617319
vn -0.00404213 0.92157916 -0.38816945
vn 0.04331987 0.84260119 -0.53679290
vn 0.04103977 0.92707362 -0.37262614
vn 0.04139601 0.96914112 -0.24300589
vn -0.00456409 0.96597671 -0.25858878
vn -0.00466940 0.99252016 -0.12199153
vn 0.04245994 0.99159865 -0.12218538
vn 0.04217112 0.99911040 0.00000056
vn -0.00472961 0.99998882 0.00000000
vn -0.00487746 0.99036529 0.13839362
vn 0.04226246 0.99161966 0.12208329
vn 0.04154251 0.96921221 0.24269714
vn -0.00497554 0.96596984 0.25860686
vn -0.00426302 0.92786859 0.37288296
vn 0.04186054 0.93718103 0.34632271
vn 0.04363341 0.83710970 0.54529209
vn -0.00349153 0.86821655 0.49617319
vn -0.00399147 0.82114099 0.57071143
vn 0.04472028 0.79070391 0.61056321
vn 0.04446663 0.73143001 0.68046518
vn -0.00446277 0.70709974 0.70709974
vn -0.00397475 0.57071147 0.82114105
vn -0.07538462 0.57962247 0.81139075
vn -0.07546362 0.51378971 0.85459077
vn -0.00349153 0.49617319 0.86821655
vn 0.04327532 0.61069109 0.79068555
vn 0.26883775 0.68107498 0.68107498
vn 0.27801560 0.78637489 0.55165375
vn -0.07493545 0.39855179 0.91407940
vn -0.38114774 0.33269521 0.86257770
vn -0.37813560 0.46493694 0.80052927
vn -0.68447746 0.27550681 0.67497155
vn -0.68529398 0.19775761 0.70090233
vn -0.83348778 0.14390653 0.53346886
vn -0.83406070 0.07309784 0.54680843
vn -0.68433507 0.10228284 0.72195826
vn -0.68491756 0.00138927 0.72861925
vn -0.83266120 -0.00000000 0.55378274
vn -0.93593859 0.00011190 0.35216324
vn -0.83376634 -0.07271039 0.54730877
vn -0.93032684 -0.05050534 0.36323709
vn -0.97255323 -0.04298518 0.22867551
vn -0.97261398 -0.06297851 0.22373145
vn -0.98133752 -0.05073108 0.18548052
vn -0.98141866 -0.07547633 0.17641073
vn -0.95741223 -0.11200493 0.26611409
vn -0.71356729 -0.25868209 0.65108010
vn -0.70619774 -0.34893252 0.61606075
vn 0.33890322 -0.35837912 0.86989023
vn 0.35856562 -0.24737820 0.90013039
vn 0.35539723 -0.47098364 0.80738294
vn 0.33633948 -0.57354401 0.74694245
vn -0.71527490 -0.42038432 0.55826413
vn -0.71089181 -0.48966123 0.50484127
vn -0.95776061 -0.17693900 0.22668747
vn -0.95758597 -0.14884647 0.24672623
vn -0.98156101 -0.09859747 0.16375750
vn -0.97248316 -0.09522070 0.21262533
vn -0.97218778 -0.12151481 0.20021259
vn -0.93208292 -0.14536292 0.33179973
vn -0.93092197 -0.10250164 0.35053916
vn -0.83294599 -0.20287198 0.51482418
vn -0.83250298 -0.14407247 0.53495973
vn -0.68533320 -0.19833756 0.70070009
vn -0.68455608 -0.10124426 0.72189513
vn -0.38699669 -0.12242496 0.91391777
vn -0.37769396 -0.25494462 0.89014073
vn -0.38257067 -0.34175178 0.85839699
vn -0.07577345 -0.22211515 0.97207163
vn -0.07416668 -0.40729181 0.91028165
vn -0.38227534 -0.46379474 0.79922463
vn -0.68794014 -0.35629610 0.63229064
vn -0.68660210 -0.44759077 0.57292238
vn -0.83296379 -0.34393152 0.43345407
vn -0.83517523 -0.27448762 0.47659091
vn -0.68491369 -0.27573268 0.67443660
vn -0.93067492 -0.19188522 0.31148716
vn -0.93090011 -0.22764578 0.28566131
vn -0.97226206 -0.14517224 0.18338897
vn -0.98151602 -0.11872687 0.15010072
vn -0.98172095 -0.13707222 0.13204232
vn -0.95691153 -0.20662572 0.20402485
vn -0.95794949 -0.23047543 0.17092058
vn -0.71765470 -0.54571378 0.43262941
vn 0.33203093 -0.74655789 0.57654729
vn 0.34915193 -0.66156165 0.66364834
vn -0.71013485 -0.60699665 0.35674019
vn 0.35198344 -0.81409832 0.46189997
vn 0.32252405 -0.88084119 0.34655020
vn -0.71548918 -0.64938133 0.25764146
vn -0.77449794 -0.60951115 0.16926046
vn -0.96668324 -0.24959604 0.05679207
vn -0.97748555 -0.19747360 0.07433832
vn -0.97471277 -0.18441285 0.12620185
vn -0.92968109 -0.29781763 0.21678961
vn -0.93069935 -0.26195774 0.25529758
vn -0.83424034 -0.38265398 0.39701258
vn -0.97014052 -0.18214244 0.16016088
vn -0.97205839 -0.16908466 0.16282772
vn -0.98142884 -0.15232527 0.11659520
vn -0.98028975 -0.16553145 0.10784872
vn -0.95713198 -0.25659546 0.13437686
vn -0.97500044 -0.21447807 0.05808014
vn -0.96228420 -0.24852522 0.11065408
vn -0.98027417 -0.19417760 0.03684583
vn -0.97237636 -0.22464158 0.06340644
vn 0.30025268 -0.92340224 0.23911634
vn -0.00456409 -0.25858878 0.96597671
vn -0.07675270 -0.11690330 0.99017304
vn -0.37873119 0.00000000 0.92550672
vn -0.38752204 0.13363452 0.91212306
vn -0.37529933 0.25511769 0.89110346
vn 0.28830733 0.83522370 0.46827370
vn 0.04578791 0.79064429 -0.61056128
vn 0.37010482 -0.00000072 0.92899000
vn -0.00490576 0.49035559 -0.87150865
vn 0.04350022 0.47307215 -0.87994913
vn 0.28186775 0.50420528 -0.81628893
vn 0.49336350 0.42695937 -0.75782462
vn 0.49425608 0.53517885 -0.68505075
vn 0.56733765 0.43889962 -0.69677480
vn 0.68694556 0.62822669 0.36529034
vn 0.68686805 0.57937245 0.43879363
vn 0.76658038 0.55257586 0.32713061
vn 0.76620205 0.56626455 0.30377438
vn 0.77180393 0.40524379 -0.48999609
vn 0.76328982 0.46584750 -0.44763240
vn 0.76843061 0.45113211 -0.45386586
vn 0.76886976 0.50508257 -0.39208531
vn 0.77795930 0.50605872 -0.37240287
vn 0.76769466 0.56698165 -0.29862472
vn 0.76760819 0.55171562 -0.32617105
vn 0.76830382 0.59378134 -0.23902502
vn 0.77439137 0.59406488 -0.21772672
vn 0.76381367 0.62582234 -0.15790845
vn 0.76769675 0.61804842 -0.16928630
vn 0.77127070 0.63065518 -0.08611360
vn 0.77382590 0.62825701 -0.08053954
vn 0.77287850 0.63449815 0.00842228
vn 0.77027920 0.63770648 0.00062954
vn 0.76982029 0.63264663 0.08446867
vn 0.76508170 0.63819414 0.08578016
vn 0.74398041 0.66074790 0.09952570
vn 0.74286796 0.66943573 -0.00173179
vn 0.67614811 0.73676572 0.00009364
vn 0.73184584 0.67855417 -0.06297542
vn 0.74850975 0.65678766 -0.09145014
vn 0.75282726 0.65523174 -0.06262975
vn 0.74499816 0.66107139 -0.08923204
vn 0.74823251 0.64590663 -0.15150160
vn 0.72994249 0.67636202 -0.09858187
vn 0.65139799 0.74887416 -0.12193504
vn 0.72533337 0.66408326 -0.18134202
vn 0.74759505 0.64805829 -0.14533445
vn 0.74944457 0.62341207 -0.22291302
vn 0.73093773 0.63514994 -0.24962890
vn 0.74350703 0.59520801 -0.30483555
vn 0.74691956 0.55489121 -0.36634263
vn 0.74339079 0.52254072 -0.41751806
vn 0.72894532 0.57093212 -0.37772375
vn 0.74068756 0.52084182 -0.42438866
vn 0.74751201 0.48023799 -0.45890878
vn 0.73259961 0.53646827 -0.41892673
vn 0.67542362 0.68340204 -0.27706422
vn 0.56432812 0.76381472 -0.31324247
vn 0.66334835 0.71744112 -0.21271392
vn 0.56504527 0.79613036 -0.21656474
vn 0.55848767 0.82238501 -0.10850998
vn 0.42364115 0.87423185 -0.23716416
vn 0.42327049 0.89914362 -0.11127824
vn 0.42531506 0.90504535 0.00012252
vn 0.55308186 0.83312692 -0.00000000
vn 0.55778664 0.82285593 0.10854573
vn 0.65191030 0.74924368 0.11681979
vn 0.73027871 0.67600230 0.09855905
vn 0.56223256 0.79840258 0.21551768
vn 0.55780297 0.76676075 0.31770081
vn 0.42349102 0.87421279 0.23750233
vn 0.42337601 0.83544450 0.35040724
vn 0.42016940 0.78591935 0.45363911
vn 0.55871592 0.71988658 0.41182499
vn 0.55745937 0.66032013 0.50320610
vn 0.65770525 0.59416150 0.46302907
vn 0.55627296 0.58845153 0.58675821
vn 0.41820639 0.72339286 0.54936890
vn 0.42232961 0.89953107 0.11172085
vn 0.42639075 0.83557459 -0.34641887
vn 0.74762707 0.09045461 0.65792988
vn 0.74566177 0.00024208 0.66632459
vn 0.74388519 0.08845991 0.66242711
vn 0.72622595 0.09890836 0.68030361
vn 0.72328603 0.18643803 0.66490464
vn 0.65501997 0.18914767 0.73155451
vn 0.65616587 0.08985338 0.74924810
vn 0.56078954 0.21786843 0.79877935
vn 0.65674135 0.27575346 0.70189089
vn 0.72320290 0.26844293 0.63633007
vn 0.74129074 0.17519637 0.64791533
vn 0.97215765 -0.03045369 -0.23234045
vn -0.07406225 -0.35447395 -0.93212821
vn 0.42351571 -0.11911844 -0.89802296
vn 0.42139102 0.00014681 -0.90687904
vn 0.55915424 -0.00000000 -0.82906365
vn 0.24272391 0.00054302 -0.97009526
vn -0.70126825 0.71192052 0.03730971
vn -0.70126800 0.71192080 -0.03730893
vn -1.00000000 0.00000000 0.00000000
f 1//1 2//2 3//3
f 3//3 4//4 1//1
f 4//4 5//5 1//1
f 5//5 6//6 1//1
f 5//5 7//7 6//6
f 6//6 7//7 2//2
f 7//7 8//8 2//2
f 2//2 8//8 9//9
f 2//2 9//9 10//10
f 2//2 10//10 11//11
f 11//11 10//10 12//12
f 13//13 11//11 12//12
f 14//14 13//13 12//12
f 14//14 12//12 15//15
f 14//14 15//15 16//16
f 17//17 14//14 16//16
f 18//18 17//17 16//16
f 18//18 16//16 19//19
f 18//18 19//19 20//20
f 21//21 18//18 20//20
f 22//22 21//21 20//20
f 22//22 20//20 23//23
f 22//22 23//23 24//24
f 25//25 22//22 24//24
f 26//26 25//25 24//24
f 26//26 24//24 27//27
f 26//26 27//27 28//28
f 29//29 26//26 28//28
f 30//30 29//29 28//28
f 30//30 28//28 31//31
f 30//30 31//31 32//32
f 33//33 30//30 32//32
f 34//34 33//33 32//32
f 34//34 32//32 35//35
f 36//36 34//34 35//35
f 36//36 35//35 37//37
f 36//36 37//37 38//38
f 39//39 36//36 38//38
f 39//39 38//38 40//40
f 39//39 40//40 41//41
f 42//42 39//39 41//41
f 42//42 41//41 43//43
f 42//42 43//43 44//44
f 45//45 42//42 44//44
f 45//45 44//44 46//46
f 45//45 46//46 47//47
f 48//48 45//45 47//47
f 48//48 47//47 49//49
f 48//48 49//49 50//50
f 51//51 48//48 50//50
f 51//51 50//50 52//52
f 53//53 51//51 52//52
f 53//53 52//52 54//54
f 55//55 53//53 54//54
f 55//55 54//54 56//56
f 57//57 55//55 56//56
f 57//57 56//56 58//58
f 57//57 58//58 59//59
f 60//60 57//57 59//59
f 60//60 59//59 61//61
f 60//60 61//61 62//62
f 63//63 60//60 62//62
f 63//63 62//62 64//64
f 63//63 64//64 65//65
f 66//66 63//63 65//65
f 66//66 65//65 67//67
f 66//66 67//67 68//68
f 66//66 68//68 69//69
f 66//66 69//69 70//70
f 71//71 66//66 70//70
f 71//71 70//70 72//72
f 73//73 71//71 72//72
f 74//74 73//73 72//72
f 74//74 72//72 75//75
f 74//74 75//75 76//76
f 77//77 74//74 76//76
f 78//78 77//77 76//76
f 78//78 76//76 79//79
f 78//78 79//79 80//80
f 81//81 78//78 80//80
f 82//82 81//81 80//80
f 82//82 80//80 83//83
f 82//82 83//83 84//84
f 82//82 84//84 85//85
f 86//86 82//82 85//85
f 86//86 85//85 87//87
f 88//88 86//86 87//87
f 89//89 88//88 87//87
f 89//89 87//87 90//90
f 89//89 90//90 91//91
f 92//92 89//89 91//91
f 93//93 92//92 91//91
f 93//93 91//91 94//94
f 93//93 94//94 95//95
f 96//96 93//93 95//95
f 96//96 95//95 97//97
f 98//98 96//96 97//97
f 98//98 97//97 99//99
f 98//98 99//99 100//100
f 101//101 98//98 100//100
f 101//101 100//100 102//102
f 102//102 103//103 101//101
f 102//102 104//104 103//103
f 104//104 105//105 103//103
f 105//105 106//106 103//103
f 106//106 107//107 103//103
f 103//103 107//107 108//108
f 103//103 108//108 98//98
f 98//98 108//108 93//93
f 108//108 107//107 93//93
f 106//106 109//109 107//107
f 109//109 110//110 107//107
f 107//107 110//110 89//89
f 110//110 111//111 89//89
f 109//109 111//111 110//110
f 109//109 112//112 111//111
f 112//112 113//113 111//111
f 113//113 114//114 111//111
f 111//111 114//114 86//86
f 114//114 115//115 86//86
f 115//115 116//116 86//86
f 115//115 117//117 116//116
f 116//116 117//117 82//82
f 115//115 118//118 117//117
f 118//118 119//119 117//117
f 119//119 120//120 117//117
f 117//117 120//120 78//78
f 120//120 121//121 78//78
f 119//119 121//121 120//120
f 119//119 122//122 121//121
f 122//122 123//123 121//121
f 123//123 124//124 121//121
f 121//121 124//124 74//74
f 124//124 125//125 74//74
f 123//123 125//125 124//124
f 123//123 126//126 125//125
f 126//126 127//127 125//125
f 127//127 128//128 125//125
f 125//125 128//128 71//71
f 128//128 129//129 71//71
f 71//71 129//129 130//130
f 129//129 63//63 130//130
f 129//129 131//131 63//63
f 129//129 132//132 131//131
f 132//132 60//60 131//131
f 132//132 133//133 60//60
f 132//132 134//134 133//133
f 134//134 57//57 133//133
f 134//134 135//135 57//57
f 134//134 136//136 135//135
f 135//135 136//136 55//55
f 136//136 137//137 55//55
f 55//55 137//137 51//51
f 137//137 138//138 51//51
f 138//138 139//139 51//51
f 138//138 140//140 139//139
f 139//139 140//140 48//48
f 140//140 141//141 48//48
f 140//140 142//142 141//141
f 142//142 45//45 141//141
f 142//142 143//143 45//45
f 142//142 144//144 143//143
f 144//144 42//42 143//143
f 144//144 145//145 42//42
f 144//144 146//146 145//145
f 146//146 39//39 145//145
f 146//146 147//147 39//39
f 146//146 148//148 147//147
f 148//148 36//36 147//147
f 148//148 149//149 36//36
f 148//148 30//30 149//149
f 150//150 148//148 146//146
f 151//151 150//150 146//146
f 151//151 146//146 152//152
f 153//153 151//151 152//152
f 153//153 152//152 144//144
f 153//153 144//144 154//154
f 155//155 153//153 154//154
f 155//155 154//154 142//142
f 156//156 155//155 142//142
f 157//157 155//155 156//156
f 157//157 156//156 140//140
f 158//158 157//157 140//140
f 159//159 157//157 158//158
f 159//159 158//158 138//138
f 160//160 159//159 138//138
f 136//136 160//160 138//138
f 161//161 160//160 136//136
f 162//162 161//161 136//136
f 163//163 161//161 162//162
f 163//163 162//162 134//134
f 164//164 163//163 134//134
f 165//165 163//163 164//164
f 165//165 164//164 132//132
f 165//165 132//132 166//166
f 127//127 165//165 166//166
f 127//127 166//166 129//129
f 167//167 165//165 127//127
f 167//167 127//127 168//168
f 169//169 167//167 168//168
f 170//170 169//169 168//168
f 171//171 170//170 168//168
f 171//171 168//168 172//172
f 171//171 172//172 173//173
f 174//174 171//171 173//173
f 175//175 174//174 173//173
f 175//175 173//173 176//176
f 175//175 176//176 177//177
f 178//178 175//175 177//177
f 179//179 178//178 177//177
f 179//179 177//177 180//180
f 179//179 180//180 113//113
f 181//181 179//179 113//113
f 182//182 181//181 113//113
f 183//183 181//181 182//182
f 184//184 183//183 182//182
f 184//184 182//182 185//185
f 186//186 184//184 185//185
f 187//187 186//186 185//185
f 187//187 185//185 188//188
f 189//189 187//187 188//188
f 190//190 189//189 188//188
f 191//191 190//190 188//188
f 191//191 188//188 192//192
f 191//191 192//192 193//193
f 194//194 191//191 193//193
f 193//193 195//195 194//194
f 194//194 195//195 196//196
f 196//196 195//195 197//197
f 196//196 197//197 198//198
f 196//196 198//198 199//199
f 199//199 200//200 196//196
f 200//200 201//201 196//196
f 196//196 201//201 191//191
f 201//201 202//202 191//191
f 200//200 202//202 201//201
f 200//200 203//203 202//202
f 203//203 204//204 202//202
f 204//204 205//205 202//202
f 202//202 205//205 189//189
f 205//205 206//206 189//189
f 206//206 207//207 189//189
f 189//189 207//207 186//186
f 207//207 208//208 186//186
f 208//208 209//209 186//186
f 186//186 209//209 183//183
f 209//209 210//210 183//183
f 210//210 211//211 183//183
f 183//183 211//211 179//179
f 211//211 212//212 179//179
f 210//210 212//212 211//211
f 210//210 213//213 212//212
f 213//213 214//214 212//212
f 214//214 215//215 212//212
f 215//215 175//175 212//212
f 215//215 216//216 175//175
f 214//214 216//216 215//215
f 214//214 217//217 216//216
f 217//217 218//218 216//216
f 218//218 219//219 216//216
f 216//216 219//219 171//171
f 219//219 220//220 171//171
f 218//218 220//220 219//219
f 221//221 220//220 218//218
f 222//222 221//221 218//218
f 223//223 222//222 218//218
f 224//224 223//223 218//218
f 225//225 223//223 224//224
f 226//226 225//225 224//224
f 227//227 226//226 224//224
f 227//227 224//224 228//228
f 227//227 228//228 229//229
f 230//230 227//227 229//229
f 231//231 230//230 229//229
f 231//231 229//229 232//232
f 231//231 232//232 208//208
f 233//233 231//231 208//208
f 206//206 233//233 208//208
f 234//234 233//233 206//206
f 235//235 234//234 206//206
f 204//204 235//235 206//206
f 236//236 235//235 204//204
f 237//237 236//236 204//204
f 238//238 237//237 204//204
f 237//237 238//238 239//239
f 1//1 6//6 2//2
f 239//239 240//240 237//237
f 240//240 241//241 237//237
f 237//237 241//241 242//242
f 3//3 2//2 11//11
f 3//3 243//243 4//4
f 242//242 244//244 237//237
f 244//244 242//242 245//245
f 246//246 244//244 245//245
f 246//246 245//245 247//247
f 236//236 246//246 247//247
f 248//248 5//5 4//4
f 5//5 249//249 7//7
f 247//247 250//250 236//236
f 7//7 251//251 8//8
f 250//250 252//252 236//236
f 8//8 251//251 9//9
f 252//252 253//253 236//236
f 236//236 253//253 254//254
f 12//12 10//10 9//9
f 13//13 3//3 11//11
f 254//254 255//255 236//236
f 236//236 255//255 256//256
f 17//17 13//13 14//14
f 15//15 12//12 257//257
f 256//256 258//258 236//236
f 16//16 15//15 257//257
f 258//258 259//259 236//236
f 260//260 236//236 259//259
f 261//261 260//260 259//259
f 17//17 18//18 262//262
f 261//261 263//263 260//260
f 19//19 16//16 264//264
f 263//263 265//265 260//260
f 20//20 19//19 264//264
f 265//265 266//266 260//260
f 260//260 266//266 267//267
f 22//22 18//18 21//21
f 23//23 20//20 268//268
f 267//267 269//269 260//260
f 24//24 23//23 268//268
f 269//269 270//270 260//260
f 260//260 270//270 271//271
f 25//25 272//272 22//22
f 29//29 25//25 26//26
f 271//271 273//273 260//260
f 274//274 260//260 273//273
f 275//275 274//274 273//273
f 276//276 274//274 275//275
f 277//277 276//276 275//275
f 277//277 275//275 271//271
f 278//278 276//276 277//277
f 278//278 277//277 279//279
f 280//280 278//278 279//279
f 280//280 279//279 250//250
f 281//281 278//278 280//280
f 282//282 281//281 280//280
f 282//282 280//280 247//247
f 283//283 281//281 282//282
f 245//245 283//283 282//282
f 284//284 283//283 245//245
f 285//285 284//284 245//245
f 285//285 245//245 242//242
f 286//286 284//284 285//285
f 287//287 286//286 285//285
f 287//287 285//285 242//242
f 288//288 286//286 287//287
f 289//289 288//288 287//287
f 289//289 287//287 239//239
f 289//289 239//239 290//290
f 27//27 24//24 291//291
f 289//289 290//290 292//292
f 292//292 293//293 289//289
f 294//294 293//293 292//292
f 295//295 294//294 292//292
f 292//292 296//296 295//295
f 28//28 27//27 291//291
f 148//148 29//29 30//30
f 31//31 28//28 297//297
f 298//298 296//296 238//238
f 32//32 31//31 297//297
f 238//238 299//299 298//298
f 300//300 298//298 299//299
f 149//149 30//30 33//33
f 299//299 301//301 300//300
f 301//301 302//302 300//300
f 301//301 303//303 302//302
f 303//303 304//304 302//302
f 149//149 33//33 34//34
f 35//35 32//32 37//37
f 299//299 305//305 304//304
f 305//305 306//306 304//304
f 307//307 304//304 306//306
f 307//307 306//306 308//308
f 149//149 34//34 36//36
f 38//38 37//37 40//40
f 305//305 309//309 308//308
f 310//310 308//308 309//309
f 310//310 309//309 311//311
f 310//310 311//311 312//312
f 312//312 313//313 310//310
f 313//313 314//314 310//310
f 310//310 314//314 307//307
f 314//314 315//315 307//307
f 307//307 315//315 302//302
f 315//315 316//316 302//302
f 302//302 316//316 317//317
f 317//317 300//300 302//302
f 316//316 318//318 317//317
f 317//317 318//318 319//319
f 319//319 298//298 317//317
f 318//318 320//320 319//319
f 319//319 320//320 295//295
f 320//320 318//318 321//321
f 321//321 322//322 320//320
f 322//322 323//323 320//320
f 147//147 36//36 39//39
f 41//41 40//40 43//43
f 145//145 39//39 42//42
f 324//324 325//325 323//323
f 325//325 326//326 323//323
f 323//323 326//326 293//293
f 293//293 326//326 327//327
f 44//44 43//43 46//46
f 143//143 42//42 45//45
f 328//328 327//327 329//329
f 47//47 46//46 49//49
f 141//141 45//45 48//48
f 329//329 330//330 328//328
f 330//330 331//331 328//328
f 328//328 331//331 284//284
f 331//331 332//332 284//284
f 50//50 49//49 52//52
f 51//51 139//139 48//48
f 332//332 333//333 334//334
f 335//335 332//332 334//334
f 335//335 334//334 274//274
f 55//55 51//51 53//53
f 276//276 335//335 274//274
f 54//54 52//52 336//336
f 56//56 54//54 58//58
f 335//335 276//276 281//281
f 135//135 55//55 57//57
f 283//283 332//332 335//335
f 333//333 274//274 334//334
f 274//274 333//333 337//337
f 274//274 337//337 338//338
f 274//274 338//338 339//339
f 340//340 274//274 339//339
f 341//341 340//340 339//339
f 341//341 339//339 342//342
f 341//341 342//342 343//343
f 260//260 341//341 343//343
f 344//344 260//260 343//343
f 344//344 343//343 345//345
f 344//344 345//345 234//234
f 346//346 344//344 234//234
f 236//236 346//346 234//234
f 234//234 345//345 231//231
f 345//345 343//343 231//231
f 346//346 260//260 344//344
f 343//343 342//342 227//227
f 342//342 339//339 227//227
f 341//341 274//274 340//340
f 339//339 338//338 225//225
f 338//338 337//337 225//225
f 337//337 347//347 225//225
f 225//225 347//347 222//222
f 347//347 348//348 222//222
f 348//348 349//349 222//222
f 222//222 349//349 350//350
f 350//350 349//349 351//351
f 350//350 351//351 352//352
f 350//350 352//352 353//353
f 354//354 350//350 353//353
f 169//169 354//354 353//353
f 169//169 353//353 355//355
f 169//169 355//355 165//165
f 355//355 353//353 163//163
f 353//353 356//356 163//163
f 353//353 357//357 356//356
f 356//356 357//357 161//161
f 357//357 358//358 161//161
f 161//161 358//358 159//159
f 358//358 359//359 159//159
f 359//359 360//360 159//159
f 359//359 361//361 360//360
f 360//360 361//361 157//157
f 361//361 362//362 157//157
f 361//361 363//363 362//362
f 362//362 363//363 155//155
f 363//363 364//364 155//155
f 363//363 365//365 364//364
f 365//365 153//153 364//364
f 365//365 366//366 153//153
f 366//366 365//365 367//367
f 368//368 366//366 367//367
f 367//367 369//369 368//368
f 369//369 370//370 368//368
f 59//59 58//58 61//61
f 371//371 368//368 370//370
f 370//370 372//372 371//371
f 133//133 57//57 60//60
f 62//62 61//61 64//64
f 371//371 373//373 366//366
f 131//131 60//60 63//63
f 373//373 374//374 366//366
f 374//374 375//375 366//366
f 375//375 150//150 366//366
f 376//376 150//150 375//375
f 377//377 376//376 375//375
f 378//378 376//376 377//377
f 378//378 377//377 379//379
f 380//380 378//378 379//379
f 379//379 381//381 380//380
f 380//380 381//381 382//382
f 380//380 382//382 383//383
f 65//65 64//64 67//67
f 130//130 63//63 66//66
f 384//384 385//385 383//383
f 386//386 383//383 385//385
f 67//67 387//387 68//68
f 388//388 386//386 385//385
f 68//68 389//389 69//69
f 70//70 69//69 72//72
f 385//385 390//390 388//388
f 391//391 388//388 390//390
f 390//390 392//392 391//391
f 392//392 393//393 391//391
f 71//71 130//130 66//66
f 125//125 71//71 73//73
f 125//125 73//73 74//74
f 393//393 394//394 395//395
f 396//396 393//393 395//395
f 396//396 395//395 397//397
f 75//75 72//72 398//398
f 76//76 75//75 398//398
f 394//394 399//399 397//397
f 400//400 397//397 399//399
f 400//400 399//399 401//401
f 121//121 74//74 77//77
f 121//121 77//77 78//78
f 402//402 401//401 243//243
f 79//79 76//76 403//403
f 80//80 79//79 403//403
f 402//402 243//243 404//404
f 405//405 402//402 404//404
f 404//404 406//406 405//405
f 117//117 78//78 81//81
f 405//405 406//406 407//407
f 407//407 408//408 405//405
f 408//408 409//409 405//405
f 405//405 409//409 410//410
f 409//409 411//411 410//410
f 410//410 411//411 412//412
f 410//410 412//412 402//402
f 411//411 413//413 412//412
f 412//412 413//413 400//400
f 413//413 414//414 400//400
f 400//400 414//414 396//396
f 414//414 415//415 396//396
f 396//396 415//415 416//416
f 415//415 417//417 416//416
f 416//416 417//417 391//391
f 417//417 418//418 391//391
f 391//391 418//418 419//419
f 418//418 420//420 419//419
f 419//419 420//420 421//421
f 419//419 421//421 388//388
f 420//420 422//422 421//421
f 421//421 422//422 423//423
f 421//421 423//423 386//386
f 422//422 424//424 423//423
f 423//423 424//424 380//380
f 424//424 422//422 425//425
f 425//425 426//426 424//424
f 117//117 81//81 82//82
f 424//424 426//426 378//378
f 378//378 426//426 376//376
f 376//376 426//426 150//150
f 83//83 80//80 427//427
f 426//426 425//425 150//150
f 84//84 83//83 427//427
f 425//425 428//428 150//150
f 87//87 85//85 84//84
f 428//428 429//429 150//150
f 86//86 116//116 82//82
f 429//429 430//430 150//150
f 431//431 150//150 430//430
f 431//431 430//430 432//432
f 430//430 418//418 432//432
f 432//432 150//150 431//431
f 111//111 86//86 88//88
f 111//111 88//88 89//89
f 432//432 433//433 150//150
f 434//434 150//150 433//433
f 415//415 434//434 433//433
f 29//29 150//150 434//434
f 90//90 87//87 435//435
f 91//91 90//90 435//435
f 434//434 436//436 29//29
f 107//107 89//89 92//92
f 436//436 437//437 29//29
f 438//438 29//29 437//437
f 411//411 438//438 437//437
f 107//107 92//92 93//93
f 91//91 439//439 94//94
f 438//438 440//440 29//29
f 95//95 94//94 439//439
f 440//440 441//441 29//29
f 442//442 29//29 441//441
f 443//443 442//442 441//441
f 444//444 442//442 443//443
f 444//444 443//443 445//445
f 446//446 444//444 445//445
f 445//445 447//447 446//446
f 446//446 447//447 448//448
f 446//446 448//448 449//449
f 98//98 93//93 96//96
f 95//95 450//450 97//97
f 451//451 449//449 13//13
f 99//99 97//97 452//452
f 100//100 99//99 452//452
f 451//451 13//13 453//453
f 453//453 454//454 451//451
f 455//455 451//451 454//454
f 454//454 456//456 455//455
f 456//456 457//457 455//455
f 455//455 457//457 458//458
f 455//455 458//458 451//451
f 457//457 459//459 458//458
f 458//458 459//459 446//446
f 457//457 460//460 459//459
f 101//101 103//103 98//98
f 459//459 460//460 442//442
f 102//102 100//100 461//461
f 462//462 104//104 102//102
f 444//444 459//459 442//442
f 442//442 460//460 29//29
f 462//462 105//105 104//104
f 460//460 463//463 29//29
f 25//25 29//29 463//463
f 105//105 109//109 106//106
f 463//463 464//464 25//25
f 182//182 112//112 109//109
f 464//464 465//465 25//25
f 466//466 25//25 465//465
f 465//465 467//467 466//466
f 466//466 467//467 468//468
f 469//469 468//468 467//467
f 467//467 470//470 469//469
f 182//182 113//113 112//112
f 113//113 115//115 114//114
f 177//177 118//118 115//115
f 469//469 471//471 25//25
f 177//177 119//119 118//118
f 471//471 472//472 25//25
f 173//173 122//122 119//119
f 472//472 272//272 25//25
f 473//473 272//272 472//472
f 474//474 272//272 473//473
f 474//474 473//473 475//475
f 22//22 474//474 475//475
f 173//173 123//123 122//122
f 475//475 476//476 22//22
f 22//22 476//476 477//477
f 22//22 477//477 478//478
f 22//22 478//478 479//479
f 168//168 126//126 123//123
f 479//479 480//480 22//22
f 480//480 481//481 22//22
f 482//482 22//22 481//481
f 482//482 481//481 483//483
f 484//484 482//482 483//483
f 485//485 484//484 483//483
f 485//485 483//483 486//486
f 485//485 486//486 22//22
f 168//168 127//127 126//126
f 486//486 487//487 22//22
f 487//487 488//488 22//22
f 22//22 488//488 489//489
f 490//490 22//22 489//489
f 490//490 489//489 491//491
f 492//492 490//490 491//491
f 492//492 491//491 493//493
f 493//493 18//18 492//492
f 18//18 22//22 492//492
f 127//127 129//129 128//128
f 493//493 494//494 18//18
f 166//166 132//132 129//129
f 494//494 495//495 18//18
f 164//164 134//134 132//132
f 495//495 496//496 18//18
f 497//497 18//18 496//496
f 497//497 496//496 498//498
f 499//499 497//497 498//498
f 498//498 500//500 499//499
f 499//499 500//500 501//501
f 499//499 501//501 497//497
f 134//134 162//162 136//136
f 136//136 138//138 137//137
f 497//497 502//502 18//18
f 138//138 158//158 140//140
f 502//502 503//503 18//18
f 18//18 503//503 262//262
f 262//262 503//503 504//504
f 504//504 505//505 262//262
f 505//505 17//17 262//262
f 140//140 156//156 142//142
f 505//505 506//506 17//17
f 154//154 144//144 142//142
f 506//506 507//507 17//17
f 17//17 507//507 508//508
f 17//17 508//508 509//509
f 13//13 17//17 509//509
f 510//510 13//13 509//509
f 510//510 509//509 511//511
f 512//512 510//510 511//511
f 511//511 513//513 512//512
f 513//513 473//473 512//512
f 512//512 473//473 514//514
f 512//512 514//514 510//510
f 152//152 146//146 144//144
f 150//150 29//29 148//148
f 510//510 515//515 13//13
f 516//516 13//13 515//515
f 514//514 516//516 515//515
f 517//517 516//516 514//514
f 514//514 518//518 517//517
f 518//518 519//519 517//517
f 517//517 519//519 520//520
f 517//517 520//520 516//516
f 366//366 150//150 151//151
f 366//366 151//151 153//153
f 516//516 521//521 13//13
f 155//155 364//364 153//153
f 521//521 522//522 13//13
f 157//157 362//362 155//155
f 522//522 523//523 13//13
f 523//523 522//522 454//454
f 454//454 522//522 524//524
f 524//524 467//467 454//454
f 159//159 360//360 157//157
f 524//524 522//522 521//521
f 161//161 159//159 160//160
f 524//524 521//521 520//520
f 520//520 470//470 524//524
f 521//521 516//516 520//520
f 519//519 470//470 520//520
f 519//519 518//518 471//471
f 163//163 356//356 161//161
f 165//165 355//355 163//163
f 514//514 515//515 510//510
f 473//473 518//518 514//514
f 518//518 473//473 472//472
f 483//483 513//513 511//511
f 525//525 483//483 511//511
f 511//511 506//506 525//525
f 491//491 483//483 525//525
f 504//504 491//491 525//525
f 526//526 491//491 504//504
f 501//501 526//526 504//504
f 501//501 504//504 502//502
f 513//513 483//483 479//479
f 167//167 169//169 165//165
f 220//220 169//169 170//170
f 509//509 508//508 511//511
f 507//507 511//511 508//508
f 511//511 507//507 506//506
f 220//220 170//170 171//171
f 525//525 506//506 505//505
f 172//172 168//168 123//123
f 504//504 525//525 505//505
f 504//504 503//503 502//502
f 172//172 123//123 173//173
f 502//502 497//497 501//501
f 500//500 526//526 501//501
f 500//500 494//494 526//526
f 500//500 498//498 495//495
f 216//216 171//171 174//174
f 216//216 174//174 175//175
f 496//496 495//495 498//498
f 176//176 173//173 119//119
f 495//495 494//494 500//500
f 177//177 176//176 119//119
f 526//526 494//494 493//493
f 212//212 175//175 178//178
f 491//491 526//526 493//493
f 22//22 490//490 492//492
f 489//489 488//488 491//491
f 488//488 487//487 491//491
f 491//491 487//487 486//486
f 212//212 178//178 179//179
f 483//483 491//491 486//486
f 485//485 22//22 484//484
f 22//22 482//482 484//484
f 481//481 480//480 483//483
f 483//483 480//480 479//479
f 180//180 177//177 115//115
f 513//513 479//479 478//478
f 478//478 477//477 513//513
f 477//477 476//476 513//513
f 513//513 476//476 475//475
f 180//180 115//115 113//113
f 473//473 513//513 475//475
f 474//474 22//22 272//272
f 183//183 179//179 181//181
f 518//518 472//472 471//471
f 186//186 183//183 184//184
f 471//471 469//469 519//519
f 185//185 182//182 527//527
f 470//470 519//519 469//469
f 470//470 467//467 524//524
f 25//25 468//468 469//469
f 468//468 25//25 466//466
f 464//464 467//467 465//465
f 189//189 186//186 187//187
f 467//467 464//464 456//456
f 456//456 464//464 463//463
f 188//188 185//185 528//528
f 457//457 463//463 460//460
f 457//457 456//456 463//463
f 467//467 456//456 454//454
f 453//453 523//523 454//454
f 13//13 523//523 453//453
f 202//202 189//189 190//190
f 202//202 190//190 191//191
f 449//449 451//451 458//458
f 449//449 529//529 13//13
f 448//448 13//13 529//529
f 458//458 446//446 449//449
f 449//449 448//448 529//529
f 13//13 448//448 447//447
f 527//527 182//182 109//109
f 105//105 527//527 109//109
f 447//447 530//530 13//13
f 243//243 13//13 530//530
f 406//406 243//243 530//530
f 13//13 243//243 3//3
f 447//447 406//406 530//530
f 185//185 527//527 105//105
f 445//445 407//407 447//447
f 528//528 185//185 105//105
f 459//459 444//444 446//446
f 445//445 443//443 407//407
f 462//462 528//528 105//105
f 188//188 528//528 462//462
f 441//441 440//440 443//443
f 192//192 188//188 462//462
f 443//443 440//440 408//408
f 408//408 440//440 438//438
f 193//193 192//192 462//462
f 196//196 191//191 194//194
f 411//411 437//437 436//436
f 193//193 531//531 195//195
f 436//436 434//434 413//413
f 195//195 532//532 197//197
f 197//197 532//532 198//198
f 433//433 432//432 415//415
f 199//199 198//198 305//305
f 305//305 200//200 199//199
f 418//418 430//430 429//429
f 238//238 203//203 200//200
f 429//429 428//428 420//420
f 238//238 204//204 203//203
f 422//422 428//428 425//425
f 204//204 206//206 205//205
f 422//422 420//420 428//428
f 420//420 418//418 429//429
f 417//417 432//432 418//418
f 417//417 415//415 432//432
f 414//414 434//434 415//415
f 414//414 413//413 434//434
f 413//413 411//411 436//436
f 409//409 438//438 411//411
f 408//408 438//438 409//409
f 443//443 408//408 407//407
f 407//407 406//406 447//447
f 206//206 208//208 207//207
f 410//410 402//402 405//405
f 406//406 404//404 243//243
f 208//208 210//210 209//209
f 229//229 213//213 210//210
f 412//412 401//401 402//402
f 412//412 400//400 401//401
f 401//401 399//399 243//243
f 394//394 243//243 399//399
f 394//394 533//533 243//243
f 243//243 533//533 248//248
f 4//4 243//243 248//248
f 533//533 534//534 248//248
f 248//248 534//534 5//5
f 534//534 535//535 5//5
f 535//535 249//249 5//5
f 535//535 536//536 249//249
f 249//249 536//536 7//7
f 536//536 537//537 7//7
f 7//7 537//537 251//251
f 537//537 538//538 251//251
f 538//538 539//539 251//251
f 251//251 539//539 540//540
f 251//251 540//540 541//541
f 251//251 541//541 9//9
f 9//9 541//541 542//542
f 543//543 9//9 542//542
f 257//257 543//543 542//542
f 257//257 542//542 544//544
f 257//257 544//544 545//545
f 546//546 257//257 545//545
f 264//264 546//546 545//545
f 264//264 545//545 547//547
f 264//264 547//547 548//548
f 549//549 264//264 548//548
f 268//268 549//549 548//548
f 268//268 548//548 550//550
f 268//268 550//550 551//551
f 552//552 268//268 551//551
f 291//291 552//552 551//551
f 291//291 551//551 553//553
f 291//291 553//553 554//554
f 555//555 291//291 554//554
f 297//297 555//555 554//554
f 297//297 554//554 556//556
f 297//297 556//556 557//557
f 558//558 297//297 557//557
f 37//37 558//558 557//557
f 37//37 557//557 559//559
f 40//40 37//37 559//559
f 40//40 559//559 560//560
f 40//40 560//560 561//561
f 43//43 40//40 561//561
f 43//43 561//561 562//562
f 43//43 562//562 563//563
f 46//46 43//43 563//563
f 46//46 563//563 564//564
f 46//46 564//564 565//565
f 49//49 46//46 565//565
f 49//49 565//565 566//566
f 49//49 566//566 567//567
f 52//52 49//49 567//567
f 52//52 567//567 568//568
f 336//336 52//52 568//568
f 569//569 336//336 568//568
f 569//569 568//568 570//570
f 569//569 570//570 571//571
f 572//572 569//569 571//571
f 573//573 572//572 571//571
f 573//573 571//571 574//574
f 573//573 574//574 575//575
f 576//576 573//573 575//575
f 576//576 575//575 577//577
f 578//578 576//576 577//577
f 578//578 577//577 579//579
f 578//578 579//579 580//580
f 580//580 581//581 578//578
f 581//581 582//582 578//578
f 583//583 582//582 581//581
f 584//584 583//583 581//581
f 585//585 583//583 584//584
f 64//64 585//585 584//584
f 64//64 584//584 586//586
f 67//67 64//64 586//586
f 586//586 587//587 67//67
f 67//67 587//587 387//387
f 587//587 588//588 387//387
f 387//387 588//588 589//589
f 387//387 589//589 389//389
f 68//68 387//387 389//389
f 389//389 589//589 590//590
f 389//389 590//590 591//591
f 69//69 389//389 591//591
f 69//69 591//591 592//592
f 69//69 592//592 72//72
f 72//72 592//592 398//398
f 592//592 593//593 398//398
f 593//593 594//594 398//398
f 398//398 594//594 595//595
f 398//398 595//595 596//596
f 398//398 596//596 597//597
f 76//76 398//398 597//597
f 76//76 597//597 403//403
f 597//597 598//598 403//403
f 598//598 599//599 403//403
f 403//403 599//599 600//600
f 403//403 600//600 601//601
f 403//403 601//601 602//602
f 80//80 403//403 602//602
f 80//80 602//602 427//427
f 602//602 603//603 427//427
f 603//603 604//604 427//427
f 427//427 604//604 605//605
f 427//427 605//605 606//606
f 84//84 427//427 606//606
f 84//84 606//606 607//607
f 608//608 84//84 607//607
f 435//435 608//608 607//607
f 435//435 607//607 609//609
f 435//435 609//609 610//610
f 611//611 435//435 610//610
f 439//439 611//611 610//610
f 439//439 610//610 612//612
f 612//612 613//613 439//439
f 439//439 613//613 614//614
f 95//95 439//439 614//614
f 95//95 614//614 615//615
f 95//95 615//615 450//450
f 450//450 615//615 616//616
f 97//97 450//450 616//616
f 97//97 616//616 617//617
f 97//97 617//617 452//452
f 452//452 617//617 618//618
f 452//452 618//618 619//619
f 452//452 619//619 620//620
f 621//621 452//452 620//620
f 621//621 620//620 622//622
f 100//100 621//621 622//622
f 100//100 622//622 461//461
f 461//461 622//622 623//623
f 102//102 461//461 623//623
f 102//102 623//623 624//624
f 624//624 462//462 102//102
f 193//193 462//462 624//624
f 624//624 623//623 193//193
f 193//193 623//623 531//531
f 623//623 625//625 531//531
f 531//531 625//625 195//195
f 195//195 625//625 626//626
f 195//195 626//626 532//532
f 626//626 627//627 532//532
f 532//532 627//627 628//628
f 532//532 628//628 629//629
f 532//532 629//629 630//630
f 198//198 532//532 630//630
f 198//198 630//630 631//631
f 198//198 631//631 632//632
f 305//305 198//198 632//632
f 305//305 632//632 633//633
f 229//229 214//214 213//213
f 633//633 311//311 305//305
f 224//224 217//217 214//214
f 311//311 633//633 312//312
f 224//224 218//218 217//217
f 634//634 312//312 633//633
f 634//634 633//633 635//635
f 221//221 350//350 220//220
f 222//222 350//350 221//221
f 632//632 636//636 635//635
f 637//637 635//635 636//636
f 637//637 636//636 638//638
f 225//225 222//222 223//223
f 339//339 225//225 226//226
f 639//639 638//638 632//632
f 339//339 226//226 227//227
f 632//632 384//384 639//639
f 640//640 639//639 384//384
f 228//228 224//224 214//214
f 641//641 640//640 384//384
f 229//229 228//228 214//214
f 642//642 641//641 384//384
f 343//343 227//227 230//230
f 343//343 230//230 231//231
f 384//384 643//643 642//642
f 643//643 644//644 642//642
f 644//644 645//645 642//642
f 644//644 369//369 645//645
f 369//369 646//646 645//645
f 645//645 646//646 647//647
f 647//647 642//642 645//645
f 646//646 648//648 647//647
f 647//647 648//648 649//649
f 647//647 649//649 641//641
f 648//648 650//650 649//649
f 649//649 650//650 651//651
f 649//649 651//651 640//640
f 650//650 652//652 651//651
f 651//651 652//652 653//653
f 651//651 653//653 639//639
f 652//652 654//654 653//653
f 653//653 654//654 637//637
f 654//654 655//655 637//637
f 637//637 655//655 634//634
f 655//655 656//656 634//634
f 655//655 657//657 656//656
f 658//658 656//656 657//657
f 659//659 658//658 657//657
f 660//660 659//659 657//657
f 232//232 229//229 210//210
f 208//208 232//232 210//210
f 657//657 661//661 660//660
f 234//234 231//231 233//233
f 661//661 662//662 660//660
f 236//236 234//234 235//235
f 662//662 663//663 660//660
f 664//664 660//660 663//663
f 665//665 664//664 663//663
f 663//663 650//650 665//665
f 650//650 666//666 665//665
f 236//236 237//237 244//244
f 290//290 239//239 238//238
f 287//287 240//240 239//239
f 666//666 667//667 664//664
f 241//241 240//240 287//287
f 667//667 367//367 664//664
f 287//287 242//242 241//241
f 667//667 666//666 646//646
f 246//246 236//236 244//244
f 665//665 666//666 664//664
f 660//660 664//664 363//363
f 668//668 660//660 363//363
f 669//669 660//660 668//668
f 669//669 668//668 361//361
f 670//670 669//669 361//361
f 671//671 669//669 670//670
f 671//671 670//670 359//359
f 672//672 671//671 359//359
f 357//357 672//672 359//359
f 351//351 672//672 357//357
f 351//351 671//671 672//672
f 351//351 673//673 671//671
f 673//673 674//674 671//671
f 674//674 675//675 671//671
f 674//674 676//676 675//675
f 675//675 676//676 669//669
f 676//676 677//677 669//669
f 324//324 677//677 676//676
f 677//677 324//324 678//678
f 677//677 678//678 679//679
f 677//677 679//679 680//680
f 245//245 282//282 247//247
f 250//250 247//247 280//280
f 680//680 658//658 677//677
f 252//252 250//250 279//279
f 313//313 656//656 680//680
f 253//253 252//252 681//681
f 680//680 679//679 314//314
f 314//314 679//679 678//678
f 682//682 314//314 678//678
f 682//682 678//678 324//324
f 681//681 254//254 253//253
f 255//255 254//254 683//683
f 324//324 684//684 682//682
f 316//316 682//682 684//684
f 684//684 321//321 316//316
f 321//321 684//684 324//324
f 683//683 256//256 255//255
f 258//258 256//256 685//685
f 258//258 261//261 259//259
f 236//236 260//260 346//346
f 263//263 261//261 686//686
f 674//674 324//324 676//676
f 329//329 324//324 674//674
f 687//687 329//329 674//674
f 348//348 687//687 674//674
f 337//337 687//687 348//348
f 329//329 687//687 337//337
f 348//348 674//674 673//673
f 348//348 673//673 351//351
f 671//671 675//675 669//669
f 669//669 677//677 660//660
f 662//662 650//650 663//663
f 688//688 265//265 263//263
f 662//662 661//661 652//652
f 266//266 265//265 689//689
f 661//661 657//657 654//654
f 689//689 267//267 266//266
f 660//660 677//677 659//659
f 677//677 658//658 659//659
f 658//658 680//680 656//656
f 690//690 269//269 267//267
f 655//655 654//654 657//657
f 654//654 652//652 661//661
f 652//652 650//650 662//662
f 648//648 666//666 650//650
f 648//648 646//646 666//666
f 646//646 369//369 667//667
f 643//643 691//691 644//644
f 644//644 691//691 692//692
f 693//693 270//270 269//269
f 644//644 692//692 694//694
f 694//694 370//370 644//644
f 694//694 692//692 695//695
f 271//271 270//270 693//693
f 694//694 695//695 696//696
f 696//696 372//372 694//694
f 377//377 372//372 696//696
f 372//372 377//377 373//373
f 696//696 695//695 381//381
f 696//696 381//381 379//379
f 271//271 275//275 273//273
f 260//260 274//274 341//341
f 697//697 277//277 271//271
f 381//381 695//695 384//384
f 697//697 271//271 693//693
f 695//695 692//692 384//384
f 693//693 269//269 690//690
f 692//692 698//698 384//384
f 384//384 698//698 691//691
f 692//692 691//691 698//698
f 643//643 384//384 691//691
f 699//699 690//690 267//267
f 699//699 267//267 689//689
f 647//647 641//641 642//642
f 688//688 689//689 265//265
f 640//640 641//641 649//649
f 688//688 263//263 686//686
f 639//639 640//640 651//651
f 700//700 261//261 258//258
f 638//638 639//639 653//653
f 653//653 637//637 638//638
f 638//638 636//636 632//632
f 635//635 701//701 632//632
f 637//637 634//634 635//635
f 635//635 633//633 701//701
f 634//634 656//656 312//312
f 632//632 701//701 633//633
f 384//384 632//632 631//631
f 631//631 629//629 384//384
f 629//629 702//702 384//384
f 629//629 703//703 702//702
f 703//703 704//704 702//702
f 702//702 704//704 385//385
f 704//704 394//394 385//385
f 704//704 705//705 394//394
f 704//704 706//706 705//705
f 706//706 533//533 705//705
f 706//706 707//707 533//533
f 533//533 707//707 535//535
f 707//707 708//708 535//535
f 708//708 709//709 535//535
f 708//708 710//710 709//709
f 709//709 710//710 536//536
f 710//710 711//711 536//536
f 536//536 711//711 538//538
f 711//711 712//712 538//538
f 712//712 713//713 538//538
f 538//538 713//713 714//714
f 713//713 715//715 714//714
f 715//715 716//716 714//714
f 714//714 716//716 717//717
f 714//714 717//717 718//718
f 714//714 718//718 540//540
f 540//540 718//718 719//719
f 720//720 540//540 719//719
f 721//721 720//720 719//719
f 721//721 719//719 722//722
f 721//721 722//722 723//723
f 721//721 723//723 724//724
f 545//545 721//721 724//724
f 545//545 724//724 725//725
f 725//725 724//724 723//723
f 725//725 723//723 726//726
f 725//725 726//726 727//727
f 728//728 725//725 727//727
f 729//729 728//728 727//727
f 729//729 727//727 730//730
f 729//729 730//730 731//731
f 732//732 729//729 731//731
f 732//732 731//731 733//733
f 551//551 732//732 733//733
f 733//733 731//731 734//734
f 733//733 734//734 735//735
f 736//736 733//733 735//735
f 737//737 736//736 735//735
f 737//737 735//735 738//738
f 737//737 738//738 739//739
f 740//740 737//737 739//739
f 560//560 740//740 739//739
f 560//560 739//739 741//741
f 562//562 560//560 741//741
f 562//562 741//741 742//742
f 562//562 742//742 743//743
f 564//564 562//562 743//743
f 564//564 743//743 744//744
f 564//564 744//744 745//745
f 566//566 564//564 745//745
f 566//566 745//745 746//746
f 747//747 566//566 746//746
f 748//748 747//747 746//746
f 748//748 746//746 749//749
f 748//748 749//749 750//750
f 751//751 748//748 750//750
f 752//752 751//751 750//750
f 752//752 750//750 753//753
f 752//752 753//753 754//754
f 755//755 752//752 754//754
f 755//755 754//754 756//756
f 755//755 756//756 757//757
f 575//575 755//755 757//757
f 757//757 756//756 758//758
f 757//757 758//758 759//759
f 577//577 757//757 759//759
f 759//759 758//758 760//760
f 759//759 760//760 761//761
f 579//579 759//759 761//761
f 579//579 761//761 762//762
f 762//762 761//761 763//763
f 762//762 763//763 764//764
f 765//765 762//762 764//764
f 765//765 764//764 587//587
f 580//580 762//762 765//765
f 584//584 580//580 765//765
f 764//764 763//763 766//766
f 764//764 766//766 588//588
f 588//588 766//766 767//767
f 766//766 768//768 767//767
f 767//767 768//768 769//769
f 767//767 769//769 770//770
f 589//589 767//767 770//770
f 770//770 769//769 771//771
f 770//770 771//771 772//772
f 590//590 770//770 772//772
f 590//590 772//772 773//773
f 773//773 772//772 774//774
f 773//773 774//774 593//593
f 591//591 773//773 593//593
f 772//772 775//775 774//774
f 774//774 775//775 776//776
f 774//774 776//776 594//594
f 594//594 776//776 777//777
f 776//776 778//778 777//777
f 777//777 778//778 779//779
f 777//777 779//779 596//596
f 596//596 779//779 780//780
f 596//596 780//780 598//598
f 598//598 780//780 781//781
f 780//780 782//782 781//781
f 781//781 782//782 783//783
f 781//781 783//783 784//784
f 781//781 784//784 599//599
f 599//599 784//784 785//785
f 784//784 783//783 785//785
f 783//783 786//786 785//785
f 785//785 786//786 787//787
f 785//785 787//787 600//600
f 600//600 787//787 788//788
f 787//787 789//789 788//788
f 788//788 789//789 790//790
f 791//791 788//788 790//790
f 791//791 790//790 603//603
f 601//601 791//791 603//603
f 601//601 788//788 791//791
f 790//790 789//789 792//792
f 790//790 792//792 604//604
f 604//604 792//792 793//793
f 792//792 794//794 793//793
f 605//605 793//793 794//794
f 605//605 794//794 795//795
f 795//795 794//794 607//607
f 794//794 796//796 607//607
f 607//607 796//796 797//797
f 796//796 798//798 797//797
f 798//798 799//799 797//797
f 797//797 799//799 800//800
f 797//797 800//800 609//609
f 799//799 801//801 800//800
f 801//801 802//802 800//800
f 800//800 802//802 610//610
f 802//802 803//803 610//610
f 802//802 804//804 803//803
f 804//804 805//805 803//803
f 803//803 805//805 806//806
f 803//803 806//806 612//612
f 805//805 807//807 806//806
f 807//807 808//808 806//806
f 806//806 808//808 613//613
f 808//808 809//809 613//613
f 613//613 809//809 615//615
f 615//615 809//809 810//810
f 615//615 810//810 811//811
f 811//811 810//810 812//812
f 616//616 811//811 812//812
f 616//616 812//812 813//813
f 616//616 813//813 618//618
f 618//618 813//813 814//814
f 618//618 814//814 815//815
f 618//618 815//815 816//816
f 816//816 815//815 817//817
f 816//816 817//817 818//818
f 816//816 818//818 819//819
f 820//820 816//816 819//819
f 820//820 819//819 821//821
f 620//620 820//820 821//821
f 620//620 821//821 822//822
f 822//822 821//821 823//823
f 622//622 822//822 823//823
f 622//622 823//823 824//824
f 824//824 823//823 625//625
f 625//625 823//823 825//825
f 625//625 825//825 627//627
f 825//825 826//826 627//627
f 627//627 826//826 827//827
f 627//627 827//827 828//828
f 827//827 829//829 828//828
f 828//828 829//829 830//830
f 828//828 830//830 704//704
f 829//829 706//706 830//830
f 829//829 831//831 706//706
f 706//706 831//831 708//708
f 831//831 832//832 708//708
f 832//832 833//833 708//708
f 832//832 834//834 833//833
f 833//833 834//834 710//710
f 834//834 835//835 710//710
f 710//710 835//835 712//712
f 835//835 836//836 712//712
f 836//836 837//837 712//712
f 712//712 837//837 715//715
f 837//837 838//838 715//715
f 838//838 839//839 715//715
f 715//715 839//839 840//840
f 841//841 840//840 839//839
f 841//841 842//842 840//840
f 842//842 843//843 840//840
f 840//840 843//843 844//844
f 840//840 844//844 717//717
f 717//717 844//844 845//845
f 846//846 717//717 845//845
f 847//847 846//846 845//845
f 847//847 845//845 848//848
f 847//847 848//848 849//849
f 850//850 847//847 849//849
f 851//851 850//850 849//849
f 851//851 849//849 852//852
f 851//851 852//852 853//853
f 854//854 851//851 853//853
f 855//855 854//854 853//853
f 855//855 853//853 856//856
f 855//855 856//856 857//857
f 858//858 855//855 857//857
f 859//859 858//858 857//857
f 859//859 857//857 860//860
f 859//859 860//860 861//861
f 862//862 859//859 861//861
f 863//863 862//862 861//861
f 863//863 861//861 864//864
f 863//863 864//864 865//865
f 866//866 863//863 865//865
f 742//742 866//866 865//865
f 742//742 865//865 867//867
f 744//744 742//742 867//867
f 744//744 867//867 868//868
f 869//869 744//744 868//868
f 870//870 869//869 868//868
f 870//870 868//868 871//871
f 870//870 871//871 872//872
f 873//873 870//870 872//872
f 874//874 873//873 872//872
f 874//874 872//872 875//875
f 874//874 875//875 876//876
f 874//874 876//876 877//877
f 754//754 874//874 877//877
f 754//754 877//877 878//878
f 877//877 879//879 878//878
f 878//878 879//879 880//880
f 878//878 880//880 881//881
f 756//756 878//878 881//881
f 881//881 880//880 882//882
f 881//881 882//882 883//883
f 758//758 881//881 883//883
f 883//883 882//882 884//884
f 883//883 884//884 885//885
f 760//760 883//883 885//885
f 760//760 885//885 886//886
f 886//886 885//885 887//887
f 886//886 887//887 888//888
f 886//886 888//888 889//889
f 886//886 889//889 890//890
f 763//763 886//886 890//890
f 890//890 889//889 768//768
f 768//768 889//889 891//891
f 768//768 891//891 892//892
f 891//891 893//893 892//892
f 892//892 893//893 894//894
f 892//892 894//894 895//895
f 892//892 895//895 896//896
f 771//771 892//892 896//896
f 771//771 896//896 897//897
f 771//771 897//897 775//775
f 896//896 895//895 897//897
f 897//897 895//895 898//898
f 897//897 898//898 899//899
f 897//897 899//899 900//900
f 776//776 897//897 900//900
f 776//776 900//900 901//901
f 900//900 899//899 901//901
f 901//901 899//899 902//902
f 901//901 902//902 903//903
f 901//901 903//903 904//904
f 780//780 901//901 904//904
f 780//780 904//904 905//905
f 778//778 901//901 780//780
f 904//904 903//903 905//905
f 903//903 906//906 905//905
f 905//905 906//906 907//907
f 905//905 907//907 908//908
f 905//905 908//908 909//909
f 782//782 905//905 909//909
f 909//909 908//908 910//910
f 909//909 910//910 786//786
f 908//908 907//907 910//910
f 907//907 911//911 910//910
f 910//910 911//911 912//912
f 910//910 912//912 913//913
f 910//910 913//913 787//787
f 787//787 913//913 914//914
f 913//913 912//912 914//914
f 912//912 915//915 914//914
f 915//915 916//916 914//914
f 914//914 916//916 917//917
f 914//914 917//917 792//792
f 917//917 918//918 792//792
f 792//792 918//918 919//919
f 918//918 920//920 919//919
f 919//919 920//920 796//796
f 918//918 921//921 920//920
f 921//921 922//922 920//920
f 920//920 922//922 923//923
f 920//920 923//923 798//798
f 923//923 801//801 798//798
f 923//923 924//924 801//801
f 922//922 924//924 923//923
f 922//922 925//925 924//924
f 925//925 926//926 924//924
f 926//926 927//927 924//924
f 924//924 927//927 804//804
f 927//927 928//928 804//804
f 927//927 929//929 928//928
f 929//929 930//930 928//928
f 928//928 930//930 807//807
f 930//930 931//931 807//807
f 930//930 932//932 931//931
f 932//932 933//933 931//931
f 931//931 933//933 934//934
f 931//931 934//934 808//808
f 933//933 935//935 934//934
f 934//934 935//935 810//810
f 935//935 936//936 810//810
f 935//935 937//937 936//936
f 937//937 938//938 936//936
f 812//812 936//936 938//938
f 812//812 938//938 939//939
f 812//812 939//939 814//814
f 814//814 939//939 940//940
f 814//814 940//940 941//941
f 814//814 941//941 817//817
f 817//817 941//941 942//942
f 817//817 942//942 943//943
f 817//817 943//943 944//944
f 944//944 943//943 945//945
f 944//944 945//945 946//946
f 944//944 946//946 947//947
f 948//948 944//944 947//947
f 949//949 948//948 947//947
f 949//949 947//947 950//950
f 949//949 950//950 834//834
f 949//949 834//834 951//951
f 952//952 949//949 951//951
f 952//952 951//951 832//832
f 952//952 832//832 953//953
f 826//826 952//952 953//953
f 826//826 953//953 829//829
f 954//954 952//952 826//826
f 823//823 954//954 826//826
f 821//821 952//952 954//954
f 821//821 955//955 952//952
f 953//953 832//832 829//829
f 955//955 949//949 952//952
f 819//819 949//949 955//955
f 834//834 950//950 836//836
f 950//950 947//947 836//836
f 947//947 956//956 836//836
f 836//836 956//956 838//838
f 957//957 838//838 956//956
f 957//957 958//958 838//838
f 958//958 841//841 838//838
f 959//959 841//841 958//958
f 959//959 960//960 841//841
f 960//960 961//961 841//841
f 962//962 961//961 960//960
f 962//962 963//963 961//961
f 963//963 964//964 961//961
f 961//961 964//964 965//965
f 961//961 965//965 843//843
f 843//843 965//965 966//966
f 967//967 843//843 966//966
f 968//968 967//967 966//966
f 968//968 966//966 969//969
f 968//968 969//969 970//970
f 971//971 968//968 970//970
f 972//972 971//971 970//970
f 972//972 970//970 973//973
f 972//972 973//973 974//974
f 975//975 972//972 974//974
f 976//976 975//975 974//974
f 976//976 974//974 977//977
f 976//976 977//977 978//978
f 979//979 976//976 978//978
f 980//980 979//979 978//978
f 980//980 978//978 981//981
f 980//980 981//981 982//982
f 983//983 980//980 982//982
f 984//984 983//983 982//982
f 984//984 982//982 985//985
f 984//984 985//985 986//986
f 987//987 984//984 986//986
f 868//868 987//987 986//986
f 865//865 987//987 868//868
f 865//865 984//984 987//987
f 986//986 985//985 988//988
f 986//986 988//988 989//989
f 986//986 989//989 872//872
f 872//872 989//989 990//990
f 988//988 990//990 989//989
f 988//988 991//991 990//990
f 990//990 991//991 992//992
f 990//990 992//992 993//993
f 876//876 990//990 993//993
f 876//876 993//993 994//994
f 876//876 994//994 879//879
f 879//879 994//994 995//995
f 994//994 996//996 995//995
f 995//995 996//996 997//997
f 995//995 997//997 998//998
f 880//880 995//995 998//998
f 998//998 997//997 999//999
f 998//998 999//999 1000//1000
f 882//882 998//998 1000//1000
f 1000//1000 999//999 1001//1001
f 884//884 1000//1000 1001//1001
f 884//884 1001//1001 1002//1002
f 884//884 1002//1002 887//887
f 887//887 1002//1002 1003//1003
f 887//887 1003//1003 1004//1004
f 887//887 1004//1004 1005//1005
f 1005//1005 1004//1004 1006//1006
f 1007//1007 1005//1005 1006//1006
f 1008//1008 1007//1007 1006//1006
f 1008//1008 1006//1006 1009//1009
f 1008//1008 1009//1009 1010//1010
f 1011//1011 1008//1008 1010//1010
f 1012//1012 1011//1011 1010//1010
f 1012//1012 1010//1010 1013//1013
f 1012//1012 1013//1013 1014//1014
f 1015//1015 1012//1012 1014//1014
f 1016//1016 1015//1015 1014//1014
f 1016//1016 1014//1014 1017//1017
f 1016//1016 1017//1017 1018//1018
f 1016//1016 1018//1018 1019//1019
f 1020//1020 1016//1016 1019//1019
f 1020//1020 1019//1019 1021//1021
f 1022//1022 1020//1020 1021//1021
f 1023//1023 1022//1022 1021//1021
f 1024//1024 1023//1023 1021//1021
f 1024//1024 1021//1021 1025//1025
f 1026//1026 1024//1024 1025//1025
f 1026//1026 1025//1025 1027//1027
f 1028//1028 1026//1026 1027//1027
f 1028//1028 1027//1027 1029//1029
f 1030//1030 1028//1028 1029//1029
f 1030//1030 1029//1029 1031//1031
f 1032//1032 1030//1030 1031//1031
f 1032//1032 1031//1031 1033//1033
f 1034//1034 1032//1032 1033//1033
f 1034//1034 1033//1033 1035//1035
f 1034//1034 1035//1035 1036//1036
f 1034//1034 1036//1036 1037//1037
f 1038//1038 1034//1034 1037//1037
f 1038//1038 1037//1037 1039//1039
f 1038//1038 1039//1039 1040//1040
f 1038//1038 1040//1040 1041//1041
f 1042//1042 1038//1038 1041//1041
f 1043//1043 1042//1042 1041//1041
f 1043//1043 1041//1041 1044//1044
f 1043//1043 1044//1044 1045//1045
f 1046//1046 1043//1043 1045//1045
f 1046//1046 1045//1045 1047//1047
f 1047//1047 1048//1048 1046//1046
f 1047//1047 1049//1049 1048//1048
f 1048//1048 1049//1049 1050//1050
f 1048//1048 1050//1050 1051//1051
f 1048//1048 1051//1051 1043//1043
f 1051//1051 1052//1052 1043//1043
f 1051//1051 1053//1053 1052//1052
f 1052//1052 1053//1053 1054//1054
f 1052//1052 1054//1054 1055//1055
f 1052//1052 1055//1055 1038//1038
f 1055//1055 1054//1054 1032//1032
f 1053//1053 1056//1056 1054//1054
f 1054//1054 1056//1056 1030//1030
f 1053//1053 1057//1057 1056//1056
f 1057//1057 1058//1058 1056//1056
f 1056//1056 1058//1058 1028//1028
f 1057//1057 1059//1059 1058//1058
f 1059//1059 1060//1060 1058//1058
f 1058//1058 1060//1060 1026//1026
f 1060//1060 1061//1061 1026//1026
f 1026//1026 1061//1061 1023//1023
f 1061//1061 1062//1062 1023//1023
f 1062//1062 1063//1063 1023//1023
f 1023//1023 1063//1063 1064//1064
f 1063//1063 1065//1065 1064//1064
f 1065//1065 1066//1066 1064//1064
f 1066//1066 1067//1067 1064//1064
f 1067//1067 1068//1068 1064//1064
f 1064//1064 1068//1068 1020//1020
f 1068//1068 1069//1069 1020//1020
f 1069//1069 1070//1070 1020//1020
f 1069//1069 1071//1071 1070//1070
f 1070//1070 1071//1071 1016//1016
f 1069//1069 1072//1072 1071//1071
f 1073//1073 1071//1071 1072//1072
f 1074//1074 1073//1073 1072//1072
f 1075//1075 1073//1073 1074//1074
f 1076//1076 1075//1075 1074//1074
f 1076//1076 1074//1074 1077//1077
f 1078//1078 1076//1076 1077//1077
f 1078//1078 1077//1077 1079//1079
f 1080//1080 1078//1078 1079//1079
f 1081//1081 1080//1080 1079//1079
f 1081//1081 1079//1079 1082//1082
f 1083//1083 1081//1081 1082//1082
f 1083//1083 1082//1082 1067//1067
f 1084//1084 1081//1081 1083//1083
f 1085//1085 1084//1084 1083//1083
f 1086//1086 1085//1085 1083//1083
f 1065//1065 1086//1086 1083//1083
f 1087//1087 1086//1086 1065//1065
f 1088//1088 1087//1087 1065//1065
f 1062//1062 1088//1088 1065//1065
f 1089//1089 1088//1088 1062//1062
f 1090//1090 1089//1089 1062//1062
f 1091//1091 1089//1089 1090//1090
f 1092//1092 1091//1091 1090//1090
f 1092//1092 1090//1090 1060//1060
f 1093//1093 1091//1091 1092//1092
f 1094//1094 1093//1093 1092//1092
f 1094//1094 1092//1092 1059//1059
f 1095//1095 1094//1094 1059//1059
f 1096//1096 1094//1094 1095//1095
f 1049//1049 1096//1096 1095//1095
f 1096//1096 1097//1097 1094//1094
f 1098//1098 1097//1097 1096//1096
f 1098//1098 1096//1096 1099//1099
f 1099//1099 1100//1100 1098//1098
f 1098//1098 1100//1100 1101//1101
f 1098//1098 1101//1101 1102//1102
f 1098//1098 1102//1102 1103//1103
f 1103//1103 1104//1104 1098//1098
f 1105//1105 1104//1104 1103//1103
f 1105//1105 1106//1106 1104//1104
f 1104//1104 1106//1106 1107//1107
f 1104//1104 1107//1107 1093//1093
f 1097//1097 1104//1104 1093//1093
f 1106//1106 1108//1108 1107//1107
f 1107//1107 1108//1108 1109//1109
f 1107//1107 1109//1109 1091//1091
f 1108//1108 1110//1110 1109//1109
f 1109//1109 1110//1110 1111//1111
f 1109//1109 1111//1111 1089//1089
f 1110//1110 1112//1112 1111//1111
f 1111//1111 1112//1112 1087//1087
f 1112//1112 1113//1113 1087//1087
f 1087//1087 1113//1113 1085//1085
f 1113//1113 1114//1114 1085//1085
f 1114//1114 1115//1115 1085//1085
f 1085//1085 1115//1115 1116//1116
f 1115//1115 1117//1117 1116//1116
f 1117//1117 1118//1118 1116//1116
f 1119//1119 1116//1116 1118//1118
f 1119//1119 1118//1118 1120//1120
f 1121//1121 1119//1119 1120//1120
f 1122//1122 1121//1121 1120//1120
f 1122//1122 1120//1120 1123//1123
f 1122//1122 1123//1123 1124//1124
f 1125//1125 1122//1122 1124//1124
f 1126//1126 1125//1125 1124//1124
f 1126//1126 1124//1124 1127//1127
f 1126//1126 1127//1127 1128//1128
f 1129//1129 1126//1126 1128//1128
f 1130//1130 1129//1129 1128//1128
f 1130//1130 1128//1128 1131//1131
f 1130//1130 1131//1131 1132//1132
f 1133//1133 1130//1130 1132//1132
f 1134//1134 1133//1133 1132//1132
f 1134//1134 1132//1132 1135//1135
f 1134//1134 1135//1135 1136//1136
f 1137//1137 1134//1134 1136//1136
f 1137//1137 1136//1136 1138//1138
f 1138//1138 1139//1139 1137//1137
f 1139//1139 1138//1138 1140//1140
f 1141//1141 1139//1139 1140//1140
f 1141//1141 1140//1140 1142//1142
f 1143//1143 1141//1141 1142//1142
f 1142//1142 1144//1144 1143//1143
f 1145//1145 1143//1143 1144//1144
f 1145//1145 1144//1144 1146//1146
f 1145//1145 1146//1146 1147//1147
f 1148//1148 1145//1145 1147//1147
f 1149//1149 1148//1148 1147//1147
f 1149//1149 1147//1147 1150//1150
f 1151//1151 1149//1149 1150//1150
f 1151//1151 1150//1150 1152//1152
f 1151//1151 1152//1152 1153//1153
f 1154//1154 1151//1151 1153//1153
f 1154//1154 1153//1153 1155//1155
f 1154//1154 1155//1155 1156//1156
f 1154//1154 1156//1156 1157//1157
f 1154//1154 1157//1157 1158//1158
f 1154//1154 1158//1158 926//926
f 1159//1159 1154//1154 926//926
f 1160//1160 1159//1159 926//926
f 1151//1151 1159//1159 1160//1160
f 1161//1161 1151//1151 1160//1160
f 1162//1162 1161//1161 1160//1160
f 1162//1162 1160//1160 1163//1163
f 1163//1163 1164//1164 1162//1162
f 1164//1164 1165//1165 1162//1162
f 1162//1162 1165//1165 1166//1166
f 1162//1162 1166//1166 1167//1167
f 1162//1162 1167//1167 1149//1149
f 1167//1167 1168//1168 1149//1149
f 1167//1167 1166//1166 1168//1168
f 1166//1166 1169//1169 1168//1168
f 1168//1168 1169//1169 1170//1170
f 1168//1168 1170//1170 1171//1171
f 1168//1168 1171//1171 1145//1145
f 1145//1145 1171//1171 1141//1141
f 1171//1171 1170//1170 1141//1141
f 1170//1170 1172//1172 1141//1141
f 1170//1170 1173//1173 1172//1172
f 1172//1172 1173//1173 1139//1139
f 1173//1173 1174//1174 1139//1139
f 1139//1139 1174//1174 1134//1134
f 1174//1174 1175//1175 1134//1134
f 1173//1173 1175//1175 1174//1174
f 1173//1173 1176//1176 1175//1175
f 1176//1176 1177//1177 1175//1175
f 1177//1177 1178//1178 1175//1175
f 1175//1175 1178//1178 1130//1130
f 1178//1178 1179//1179 1130//1130
f 1177//1177 1179//1179 1178//1178
f 1177//1177 1180//1180 1179//1179
f 1180//1180 1181//1181 1179//1179
f 1181//1181 1182//1182 1179//1179
f 1179//1179 1182//1182 1126//1126
f 1182//1182 1183//1183 1126//1126
f 1181//1181 1183//1183 1182//1182
f 1181//1181 1184//1184 1183//1183
f 1184//1184 1185//1185 1183//1183
f 1185//1185 1186//1186 1183//1183
f 1183//1183 1186//1186 1122//1122
f 1186//1186 1187//1187 1122//1122
f 1185//1185 1187//1187 1186//1186
f 1185//1185 1188//1188 1187//1187
f 1188//1188 1189//1189 1187//1187
f 1189//1189 1190//1190 1187//1187
f 1190//1190 1119//1119 1187//1187
f 1190//1190 1191//1191 1119//1119
f 1191//1191 1192//1192 1119//1119
f 1192//1192 1191//1191 1081//1081
f 1116//1116 1192//1192 1081//1081
f 1189//1189 1191//1191 1190//1190
f 1189//1189 1193//1193 1191//1191
f 1191//1191 1193//1193 1078//1078
f 1194//1194 1078//1078 1193//1193
f 1194//1194 1195//1195 1078//1078
f 1194//1194 1196//1196 1195//1195
f 1196//1196 1076//1076 1195//1195
f 1196//1196 1197//1197 1076//1076
f 1197//1197 1198//1198 1076//1076
f 1199//1199 1198//1198 1197//1197
f 1199//1199 1200//1200 1198//1198
f 1200//1200 1201//1201 1198//1198
f 1198//1198 1201//1201 1202//1202
f 1198//1198 1202//1202 1073//1073
f 1202//1202 1203//1203 1073//1073
f 1073//1073 1203//1203 1204//1204
f 1203//1203 1012//1012 1204//1204
f 1204//1204 1012//1012 1071//1071
f 1201//1201 1203//1203 1202//1202
f 1201//1201 1205//1205 1203//1203
f 1205//1205 1008//1008 1203//1203
f 1206//1206 1008//1008 1205//1205
f 1201//1201 1206//1206 1205//1205
f 1207//1207 1206//1206 1201//1201
f 1208//1208 1207//1207 1201//1201
f 1208//1208 893//893 1207//1207
f 893//893 1206//1206 1207//1207
f 893//893 1209//1209 1206//1206
f 1209//1209 1005//1005 1206//1206
f 889//889 1005//1005 1209//1209
f 889//889 1209//1209 893//893
f 1208//1208 1201//1201 1200//1200
f 1199//1199 1208//1208 1200//1200
f 1210//1210 1208//1208 1199//1199
f 1211//1211 1210//1210 1199//1199
f 1211//1211 1199//1199 1212//1212
f 1211//1211 1212//1212 1213//1213
f 1214//1214 1211//1211 1213//1213
f 1215//1215 1214//1214 1213//1213
f 1215//1215 1213//1213 1216//1216
f 1215//1215 1216//1216 1217//1217
f 1218//1218 1215//1215 1217//1217
f 1219//1219 1218//1218 1217//1217
f 1219//1219 1217//1217 1220//1220
f 1219//1219 1220//1220 1221//1221
f 1222//1222 1219//1219 1221//1221
f 1223//1223 1222//1222 1221//1221
f 1223//1223 1221//1221 1224//1224
f 1223//1223 1224//1224 1225//1225
f 1226//1226 1223//1223 1225//1225
f 1227//1227 1226//1226 1225//1225
f 1227//1227 1225//1225 1228//1228
f 1227//1227 1228//1228 1229//1229
f 1230//1230 1227//1227 1229//1229
f 1231//1231 1230//1230 1229//1229
f 1231//1231 1229//1229 1232//1232
f 1231//1231 1232//1232 1166//1166
f 1166//1166 1232//1232 1233//1233
f 1232//1232 1229//1229 1233//1233
f 1229//1229 1234//1234 1233//1233
f 1233//1233 1234//1234 1235//1235
f 1233//1233 1235//1235 1236//1236
f 1233//1233 1236//1236 1170//1170
f 1236//1236 1235//1235 1173//1173
f 1234//1234 1237//1237 1235//1235
f 1237//1237 1238//1238 1235//1235
f 1235//1235 1238//1238 1177//1177
f 1238//1238 1239//1239 1177//1177
f 1237//1237 1239//1239 1238//1238
f 1237//1237 1240//1240 1239//1239
f 1240//1240 1241//1241 1239//1239
f 1241//1241 1242//1242 1239//1239
f 1239//1239 1242//1242 1181//1181
f 1242//1242 1243//1243 1181//1181
f 1241//1241 1243//1243 1242//1242
f 1241//1241 1244//1244 1243//1243
f 1244//1244 1245//1245 1243//1243
f 1245//1245 1246//1246 1243//1243
f 1243//1243 1246//1246 1185//1185
f 1246//1246 1247//1247 1185//1185
f 1245//1245 1247//1247 1246//1246
f 1245//1245 1248//1248 1247//1247
f 1248//1248 1249//1249 1247//1247
f 1249//1249 1250//1250 1247//1247
f 1247//1247 1250//1250 1189//1189
f 1250//1250 1194//1194 1189//1189
f 1249//1249 1194//1194 1250//1250
f 1249//1249 1251//1251 1194//1194
f 1213//1213 1251//1251 1249//1249
f 1213//1213 1196//1196 1251//1251
f 1217//1217 1249//1249 1248//1248
f 1217//1217 1248//1248 1245//1245
f 1221//1221 1245//1245 1244//1244
f 1221//1221 1244//1244 1241//1241
f 1225//1225 1241//1241 1240//1240
f 1225//1225 1240//1240 1237//1237
f 1229//1229 1237//1237 1234//1234
f 916//916 1230//1230 1231//1231
f 1252//1252 916//916 1231//1231
f 1164//1164 1252//1252 1231//1231
f 1252//1252 1164//1164 918//918
f 916//916 1252//1252 918//918
f 916//916 1227//1227 1230//1230
f 1229//1229 1228//1228 1237//1237
f 1228//1228 1225//1225 1237//1237
f 912//912 1226//1226 1227//1227
f 912//912 1223//1223 1226//1226
f 1225//1225 1224//1224 1241//1241
f 1224//1224 1221//1221 1241//1241
f 907//907 1222//1222 1223//1223
f 907//907 1219//1219 1222//1222
f 1220//1220 1245//1245 1221//1221
f 1220//1220 1217//1217 1245//1245
f 903//903 1218//1218 1219//1219
f 903//903 1215//1215 1218//1218
f 1217//1217 1216//1216 1249//1249
f 1216//1216 1213//1213 1249//1249
f 899//899 1214//1214 1215//1215
f 899//899 1211//1211 1214//1214
f 1213//1213 1212//1212 1196//1196
f 1212//1212 1199//1199 1196//1196
f 895//895 1210//1210 1211//1211
f 895//895 1208//1208 1210//1210
f 1196//1196 1199//1199 1197//1197
f 1251//1251 1196//1196 1194//1194
f 1194//1194 1193//1193 1189//1189
f 1247//1247 1189//1189 1188//1188
f 1247//1247 1188//1188 1185//1185
f 1243//1243 1185//1185 1184//1184
f 1243//1243 1184//1184 1181//1181
f 1239//1239 1181//1181 1180//1180
f 1239//1239 1180//1180 1177//1177
f 1235//1235 1177//1177 1176//1176
f 1235//1235 1176//1176 1173//1173
f 1170//1170 1236//1236 1173//1173
f 1169//1169 1233//1233 1170//1170
f 1166//1166 1233//1233 1169//1169
f 1165//1165 1231//1231 1166//1166
f 1164//1164 1231//1231 1165//1165
f 1164//1164 1163//1163 922//922
f 1163//1163 1160//1160 922//922
f 1161//1161 1162//1162 1149//1149
f 926//926 1158//1158 929//929
f 1158//1158 1157//1157 929//929
f 1157//1157 1253//1253 929//929
f 1157//1157 1254//1254 1253//1253
f 1253//1253 1254//1254 932//932
f 1254//1254 1255//1255 932//932
f 1254//1254 1256//1256 1255//1255
f 1256//1256 1257//1257 1255//1255
f 1255//1255 1257//1257 1258//1258
f 1255//1255 1258//1258 933//933
f 1257//1257 1259//1259 1258//1258
f 1258//1258 1259//1259 937//937
f 1259//1259 1260//1260 937//937
f 1259//1259 1261//1261 1260//1260
f 1261//1261 1262//1262 1260//1260
f 1260//1260 1262//1262 1263//1263
f 938//938 1260//1260 1263//1263
f 938//938 1263//1263 940//940
f 940//940 1263//1263 1264//1264
f 940//940 1264//1264 1265//1265
f 940//940 1265//1265 942//942
f 1265//1265 1266//1266 942//942
f 942//942 1266//1266 1267//1267
f 942//942 1267//1267 945//945
f 1267//1267 1268//1268 945//945
f 945//945 1268//1268 1269//1269
f 945//945 1269//1269 957//957
f 1269//1269 959//959 957//957
f 1268//1268 959//959 1269//1269
f 1268//1268 1270//1270 959//959
f 1270//1270 962//962 959//959
f 1271//1271 962//962 1270//1270
f 1271//1271 1272//1272 962//962
f 1272//1272 1273//1273 962//962
f 1274//1274 1273//1273 1272//1272
f 1274//1274 1275//1275 1273//1273
f 1276//1276 1273//1273 1275//1275
f 1277//1277 1276//1276 1275//1275
f 1277//1277 1275//1275 1278//1278
f 1279//1279 1277//1277 1278//1278
f 1279//1279 1278//1278 1280//1280
f 1281//1281 1279//1279 1280//1280
f 1281//1281 1280//1280 1282//1282
f 1283//1283 1281//1281 1282//1282
f 1283//1283 1282//1282 1284//1284
f 1285//1285 1283//1283 1284//1284
f 1285//1285 1284//1284 1286//1286
f 1285//1285 1286//1286 1287//1287
f 1288//1288 1285//1285 1287//1287
f 1288//1288 1287//1287 1289//1289
f 1290//1290 1288//1288 1289//1289
f 1291//1291 1290//1290 1289//1289
f 1291//1291 1289//1289 1292//1292
f 1291//1291 1292//1292 1157//1157
f 1292//1292 1289//1289 1254//1254
f 1291//1291 1293//1293 1290//1290
f 1291//1291 1294//1294 1293//1293
f 1294//1294 1295//1295 1293//1293
f 1295//1295 1296//1296 1293//1293
f 1293//1293 1296//1296 1297//1297
f 1293//1293 1297//1297 1298//1298
f 1293//1293 1298//1298 1288//1288
f 1298//1298 1299//1299 1288//1288
f 1288//1288 1299//1299 1300//1300
f 1299//1299 1301//1301 1300//1300
f 1301//1301 1285//1285 1300//1300
f 1301//1301 1302//1302 1285//1285
f 1301//1301 1303//1303 1302//1302
f 1303//1303 1283//1283 1302//1302
f 1303//1303 1304//1304 1283//1283
f 1303//1303 1305//1305 1304//1304
f 1305//1305 1306//1306 1304//1304
f 1304//1304 1306//1306 1281//1281
f 1305//1305 1307//1307 1306//1306
f 1307//1307 1308//1308 1306//1306
f 1306//1306 1308//1308 1279//1279
f 1307//1307 1309//1309 1308//1308
f 1309//1309 1310//1310 1308//1308
f 1308//1308 1310//1310 1277//1277
f 1311//1311 1310//1310 1309//1309
f 1312//1312 1311//1311 1309//1309
f 1313//1313 1311//1311 1312//1312
f 1314//1314 1313//1313 1312//1312
f 1314//1314 1312//1312 1315//1315
f 1316//1316 1314//1314 1315//1315
f 1316//1316 1315//1315 1305//1305
f 1316//1316 1305//1305 1317//1317
f 1318//1318 1316//1316 1317//1317
f 1318//1318 1317//1317 1303//1303
f 1318//1318 1303//1303 1319//1319
f 1320//1320 1318//1318 1319//1319
f 1301//1301 1320//1320 1319//1319
f 1321//1321 1320//1320 1301//1301
f 1322//1322 1320//1320 1321//1321
f 1299//1299 1322//1322 1321//1321
f 1323//1323 1322//1322 1299//1299
f 1297//1297 1323//1323 1299//1299
f 1297//1297 1324//1324 1323//1323
f 1297//1297 1325//1325 1324//1324
f 1325//1325 1326//1326 1324//1324
f 1326//1326 1327//1327 1324//1324
f 1327//1327 1328//1328 1324//1324
f 1324//1324 1328//1328 1329//1329
f 1324//1324 1329//1329 1322//1322
f 1329//1329 1330//1330 1322//1322
f 1322//1322 1330//1330 1331//1331
f 1330//1330 1332//1332 1331//1331
f 1331//1331 1332//1332 1320//1320
f 1320//1320 1332//1332 1333//1333
f 1332//1332 1334//1334 1333//1333
f 1333//1333 1334//1334 1318//1318
f 1334//1334 1335//1335 1318//1318
f 1334//1334 1336//1336 1335//1335
f 1336//1336 1316//1316 1335//1335
f 1336//1336 1337//1337 1316//1316
f 1336//1336 1338//1338 1337//1337
f 1338//1338 1314//1314 1337//1337
f 1338//1338 1339//1339 1314//1314
f 1339//1339 1340//1340 1314//1314
f 1339//1339 1341//1341 1340//1340
f 1341//1341 1342//1342 1340//1340
f 1342//1342 1343//1343 1340//1340
f 1340//1340 1343//1343 1313//1313
f 1343//1343 1344//1344 1313//1313
f 1345//1345 1344//1344 1343//1343
f 1346//1346 1345//1345 1343//1343
f 1347//1347 1345//1345 1346//1346
f 1347//1347 1346//1346 1348//1348
f 1349//1349 1347//1347 1348//1348
f 1349//1349 1348//1348 1350//1350
f 1351//1351 1349//1349 1350//1350
f 1352//1352 1351//1351 1350//1350
f 1352//1352 1350//1350 1353//1353
f 1354//1354 1352//1352 1353//1353
f 1354//1354 1353//1353 1355//1355
f 1356//1356 1354//1354 1355//1355
f 1357//1357 1356//1356 1355//1355
f 1357//1357 1355//1355 1358//1358
f 1357//1357 1358//1358 1359//1359
f 1357//1357 1359//1359 1360//1360
f 1357//1357 1360//1360 1361//1361
f 1362//1362 1357//1357 1361//1361
f 1363//1363 1362//1362 1361//1361
f 1363//1363 1361//1361 1364//1364
f 1363//1363 1364//1364 1365//1365
f 1366//1366 1363//1363 1365//1365
f 1367//1367 1366//1366 1365//1365
f 1367//1367 1365//1365 1368//1368
f 1367//1367 1368//1368 1369//1369
f 1370//1370 1367//1367 1369//1369
f 1371//1371 1370//1370 1369//1369
f 1371//1371 1369//1369 1372//1372
f 1371//1371 1372//1372 1373//1373
f 1374//1374 1371//1371 1373//1373
f 1375//1375 1374//1374 1373//1373
f 1375//1375 1373//1373 1376//1376
f 1375//1375 1376//1376 1377//1377
f 1378//1378 1375//1375 1377//1377
f 1377//1377 1379//1379 1378//1378
f 1380//1380 1378//1378 1379//1379
f 1381//1381 1380//1380 1379//1379
f 1001//1001 1381//1381 1379//1379
f 1001//1001 1379//1379 1382//1382
f 1001//1001 1382//1382 1003//1003
f 1003//1003 1382//1382 1383//1383
f 1384//1384 1003//1003 1383//1383
f 1385//1385 1384//1384 1383//1383
f 1385//1385 1383//1383 1386//1386
f 1385//1385 1386//1386 1387//1387
f 1388//1388 1385//1385 1387//1387
f 1389//1389 1388//1388 1387//1387
f 1389//1389 1387//1387 1390//1390
f 1389//1389 1390//1390 1391//1391
f 1392//1392 1389//1389 1391//1391
f 1392//1392 1391//1391 1393//1393
f 1014//1014 1392//1392 1393//1393
f 1393//1393 1391//1391 1394//1394
f 1393//1393 1394//1394 1395//1395
f 1393//1393 1395//1395 1396//1396
f 1018//1018 1393//1393 1396//1396
f 1018//1018 1396//1396 1397//1397
f 1018//1018 1397//1397 1398//1398
f 1021//1021 1018//1018 1398//1398
f 1025//1025 1398//1398 1397//1397
f 1025//1025 1397//1397 1399//1399
f 1400//1400 1025//1025 1399//1399
f 1400//1400 1399//1399 1401//1401
f 1400//1400 1401//1401 1402//1402
f 1403//1403 1400//1400 1402//1402
f 1403//1403 1402//1402 1404//1404
f 1405//1405 1403//1403 1404//1404
f 1405//1405 1404//1404 1406//1406
f 1407//1407 1405//1405 1406//1406
f 1407//1407 1406//1406 1408//1408
f 1409//1409 1407//1407 1408//1408
f 1409//1409 1408//1408 1410//1410
f 1409//1409 1410//1410 1411//1411
f 1409//1409 1411//1411 1412//1412
f 1036//1036 1409//1409 1412//1412
f 1036//1036 1412//1412 1413//1413
f 1036//1036 1413//1413 1414//1414
f 1036//1036 1414//1414 1039//1039
f 1039//1039 1414//1414 1415//1415
f 1414//1414 1413//1413 1415//1415
f 1413//1413 1416//1416 1415//1415
f 1416//1416 1417//1417 1415//1415
f 1417//1417 1418//1418 1415//1415
f 1418//1418 1419//1419 1415//1415
f 1419//1419 1420//1420 1415//1415
f 1420//1420 1421//1421 1415//1415
f 1421//1421 1422//1422 1415//1415
f 1415//1415 1422//1422 1423//1423
f 1415//1415 1423//1423 1424//1424
f 1415//1415 1424//1424 1425//1425
f 1415//1415 1425//1425 1426//1426
f 1415//1415 1426//1426 1427//1427
f 1415//1415 1427//1427 1428//1428
f 1415//1415 1428//1428 1429//1429
f 1415//1415 1429//1429 1430//1430
f 1415//1415 1430//1430 1431//1431
f 1415//1415 1431//1431 1432//1432
f 1415//1415 1432//1432 1433//1433
f 1415//1415 1433//1433 1434//1434
f 1415//1415 1434//1434 1435//1435
f 1415//1415 1435//1435 1436//1436
f 1415//1415 1436//1436 1437//1437
f 1415//1415 1437//1437 1438//1438
f 1415//1415 1438//1438 1439//1439
f 1415//1415 1439//1439 1440//1440
f 1415//1415 1440//1440 1441//1441
f 1415//1415 1441//1441 1442//1442
f 1415//1415 1442//1442 1443//1443
f 1415//1415 1443//1443 1444//1444
f 1415//1415 1444//1444 1445//1445
f 1446//1446 1415//1415 1445//1445
f 1447//1447 1446//1446 1445//1445
f 1447//1447 1445//1445 1448//1448
f 1449//1449 1447//1447 1448//1448
f 1449//1449 1448//1448 1450//1450
f 1449//1449 1450//1450 1451//1451
f 1449//1449 1451//1451 1452//1452
f 1449//1449 1452//1452 1453//1453
f 1454//1454 1449//1449 1453//1453
f 1454//1454 1453//1453 1455//1455
f 1456//1456 1454//1454 1455//1455
f 1456//1456 1455//1455 1457//1457
f 1456//1456 1457//1457 1458//1458
f 1459//1459 1456//1456 1458//1458
f 1459//1459 1458//1458 1128//1128
f 1460//1460 1456//1456 1459//1459
f 1461//1461 1460//1460 1459//1459
f 1461//1461 1459//1459 1462//1462
f 1463//1463 1461//1461 1462//1462
f 1463//1463 1462//1462 1124//1124
f 1464//1464 1461//1461 1463//1463
f 1465//1465 1464//1464 1463//1463
f 1465//1465 1463//1463 1466//1466
f 1465//1465 1466//1466 1117//1117
f 1467//1467 1465//1465 1117//1117
f 1114//1114 1467//1467 1117//1117
f 1468//1468 1467//1467 1114//1114
f 1469//1469 1468//1468 1114//1114
f 1470//1470 1468//1468 1469//1469
f 1471//1471 1470//1470 1469//1469
f 1471//1471 1469//1469 1112//1112
f 1472//1472 1470//1470 1471//1471
f 1473//1473 1472//1472 1471//1471
f 1473//1473 1471//1471 1110//1110
f 1473//1473 1474//1474 1472//1472
f 1474//1474 1475//1475 1472//1472
f 1472//1472 1475//1475 1476//1476
f 1475//1475 1477//1477 1476//1476
f 1476//1476 1477//1477 1478//1478
f 1476//1476 1478//1478 1479//1479
f 1470//1470 1476//1476 1479//1479
f 1479//1479 1478//1478 1480//1480
f 1479//1479 1480//1480 1468//1468
f 1478//1478 1481//1481 1480//1480
f 1480//1480 1481//1481 1465//1465
f 1481//1481 1482//1482 1465//1465
f 1481//1481 1483//1483 1482//1482
f 1483//1483 1484//1484 1482//1482
f 1482//1482 1484//1484 1485//1485
f 1482//1482 1485//1485 1464//1464
f 1484//1484 1461//1461 1485//1485
f 1486//1486 1484//1484 1483//1483
f 1486//1486 1487//1487 1484//1484
f 1484//1484 1487//1487 1460//1460
f 1486//1486 1488//1488 1487//1487
f 1487//1487 1488//1488 1489//1489
f 1487//1487 1489//1489 1456//1456
f 1488//1488 1454//1454 1489//1489
f 1488//1488 1490//1490 1454//1454
f 1491//1491 1490//1490 1488//1488
f 1491//1491 1449//1449 1490//1490
f 1486//1486 1491//1491 1488//1488
f 1486//1486 1447//1447 1491//1491
f 1486//1486 1492//1492 1447//1447
f 1492//1492 1493//1493 1447//1447
f 1494//1494 1493//1493 1492//1492
f 1494//1494 1495//1495 1493//1493
f 1495//1495 1415//1415 1493//1493
f 1496//1496 1415//1415 1495//1495
f 1497//1497 1415//1415 1496//1496
f 1498//1498 1497//1497 1496//1496
f 1498//1498 1496//1496 1499//1499
f 1475//1475 1498//1498 1499//1499
f 1475//1475 1499//1499 1494//1494
f 1499//1499 1496//1496 1494//1494
f 1500//1500 1497//1497 1498//1498
f 1501//1501 1500//1500 1498//1498
f 1502//1502 1501//1501 1498//1498
f 1474//1474 1502//1502 1498//1498
f 1501//1501 1502//1502 1105//1105
f 1105//1105 1500//1500 1501//1501
f 1105//1105 1503//1503 1500//1500
f 1503//1503 1415//1415 1500//1500
f 1102//1102 1415//1415 1503//1503
f 1105//1105 1102//1102 1503//1503
f 1500//1500 1415//1415 1497//1497
f 1496//1496 1495//1495 1494//1494
f 1486//1486 1494//1494 1492//1492
f 1486//1486 1477//1477 1494//1494
f 1486//1486 1483//1483 1481//1481
f 1478//1478 1486//1486 1481//1481
f 1477//1477 1486//1486 1478//1478
f 1477//1477 1475//1475 1494//1494
f 1475//1475 1474//1474 1498//1498
f 1502//1502 1474//1474 1473//1473
f 1502//1502 1473//1473 1108//1108
f 1472//1472 1476//1476 1470//1470
f 1470//1470 1479//1479 1468//1468
f 1468//1468 1480//1480 1467//1467
f 1480//1480 1465//1465 1467//1467
f 1117//1117 1466//1466 1120//1120
f 1466//1466 1463//1463 1120//1120
f 1465//1465 1482//1482 1464//1464
f 1485//1485 1461//1461 1464//1464
f 1462//1462 1459//1459 1124//1124
f 1484//1484 1460//1460 1461//1461
f 1487//1487 1456//1456 1460//1460
f 1128//1128 1458//1458 1457//1457
f 1457//1457 1455//1455 1504//1504
f 1457//1457 1504//1504 1505//1505
f 1457//1457 1505//1505 1132//1132
f 1132//1132 1505//1505 1506//1506
f 1505//1505 1504//1504 1506//1506
f 1504//1504 1507//1507 1506//1506
f 1506//1506 1507//1507 1508//1508
f 1506//1506 1508//1508 1509//1509
f 1136//1136 1506//1506 1509//1509
f 1136//1136 1509//1509 1510//1510
f 1136//1136 1510//1510 1511//1511
f 1511//1511 1510//1510 1512//1512
f 1138//1138 1511//1511 1512//1512
f 1513//1513 1138//1138 1512//1512
f 1512//1512 1514//1514 1513//1513
f 1513//1513 1514//1514 1142//1142
f 1514//1514 1515//1515 1142//1142
f 1514//1514 1516//1516 1515//1515
f 1515//1515 1516//1516 1144//1144
f 1144//1144 1516//1516 1517//1517
f 1144//1144 1517//1517 1518//1518
f 1518//1518 1517//1517 1519//1519
f 1518//1518 1519//1519 1520//1520
f 1518//1518 1520//1520 1521//1521
f 1522//1522 1518//1518 1521//1521
f 1152//1152 1522//1522 1521//1521
f 1152//1152 1521//1521 1523//1523
f 1152//1152 1523//1523 1155//1155
f 1155//1155 1523//1523 1295//1295
f 1523//1523 1521//1521 1295//1295
f 1521//1521 1524//1524 1295//1295
f 1295//1295 1524//1524 1525//1525
f 1524//1524 1526//1526 1525//1525
f 1526//1526 1527//1527 1525//1525
f 1525//1525 1527//1527 1326//1326
f 1527//1527 1528//1528 1326//1326
f 1528//1528 1529//1529 1326//1326
f 1326//1326 1529//1529 1530//1530
f 1529//1529 1531//1531 1530//1530
f 1531//1531 1532//1532 1530//1530
f 1530//1530 1532//1532 1533//1533
f 1530//1530 1533//1533 1534//1534
f 1530//1530 1534//1534 1328//1328
f 1534//1534 1535//1535 1328//1328
f 1328//1328 1535//1535 1536//1536
f 1328//1328 1536//1536 1330//1330
f 1536//1536 1537//1537 1330//1330
f 1330//1330 1537//1537 1538//1538
f 1537//1537 1539//1539 1538//1538
f 1538//1538 1539//1539 1332//1332
f 1332//1332 1539//1539 1540//1540
f 1539//1539 1541//1541 1540//1540
f 1540//1540 1541//1541 1334//1334
f 1541//1541 1542//1542 1334//1334
f 1543//1543 1542//1542 1541//1541
f 1543//1543 1541//1541 1544//1544
f 1543//1543 1544//1544 1545//1545
f 1546//1546 1543//1543 1545//1545
f 1359//1359 1546//1546 1545//1545
f 1359//1359 1545//1545 1547//1547
f 1359//1359 1547//1547 1548//1548
f 1548//1548 1547//1547 1549//1549
f 1548//1548 1549//1549 1550//1550
f 1548//1548 1550//1550 1551//1551
f 1552//1552 1548//1548 1551//1551
f 1552//1552 1551//1551 1553//1553
f 1361//1361 1552//1552 1553//1553
f 1553//1553 1551//1551 1554//1554
f 1553//1553 1554//1554 1555//1555
f 1556//1556 1553//1553 1555//1555
f 1556//1556 1555//1555 1557//1557
f 1365//1365 1556//1556 1557//1557
f 1557//1557 1555//1555 1558//1558
f 1557//1557 1558//1558 1559//1559
f 1560//1560 1557//1557 1559//1559
f 1561//1561 1560//1560 1559//1559
f 1561//1561 1559//1559 1562//1562
f 1561//1561 1562//1562 1563//1563
f 1564//1564 1561//1561 1563//1563
f 1564//1564 1563//1563 1565//1565
f 1373//1373 1564//1564 1565//1565
f 1565//1565 1563//1563 1566//1566
f 1567//1567 1565//1565 1566//1566
f 1567//1567 1566//1566 1568//1568
f 1569//1569 1567//1567 1568//1568
f 1570//1570 1569//1569 1568//1568
f 1570//1570 1568//1568 1571//1571
f 1570//1570 1571//1571 1572//1572
f 1570//1570 1572//1572 1573//1573
f 1574//1574 1570//1570 1573//1573
f 1574//1574 1573//1573 1575//1575
f 1574//1574 1575//1575 1576//1576
f 1395//1395 1574//1574 1576//1576
f 1395//1395 1576//1576 1577//1577
f 1395//1395 1577//1577 1578//1578
f 1397//1397 1395//1395 1578//1578
f 1401//1401 1397//1397 1578//1578
f 1401//1401 1578//1578 1577//1577
f 1401//1401 1577//1577 1579//1579
f 1580//1580 1401//1401 1579//1579
f 1580//1580 1579//1579 1581//1581
f 1580//1580 1581//1581 1582//1582
f 1583//1583 1580//1580 1582//1582
f 1583//1583 1582//1582 1584//1584
f 1585//1585 1583//1583 1584//1584
f 1585//1585 1584//1584 1586//1586
f 1587//1587 1585//1585 1586//1586
f 1587//1587 1586//1586 1588//1588
f 1587//1587 1588//1588 1589//1589
f 1410//1410 1587//1587 1589//1589
f 1589//1589 1588//1588 1590//1590
f 1589//1589 1590//1590 1591//1591
f 1589//1589 1591//1591 1592//1592
f 1589//1589 1592//1592 1411//1411
f 1411//1411 1592//1592 1417//1417
f 1592//1592 1591//1591 1417//1417
f 1593//1593 1591//1591 1590//1590
f 1590//1590 1594//1594 1593//1593
f 1594//1594 1595//1595 1593//1593
f 1593//1593 1595//1595 1596//1596
f 1593//1593 1596//1596 1597//1597
f 1593//1593 1597//1597 1598//1598
f 1593//1593 1598//1598 1599//1599
f 1593//1593 1599//1599 1600//1600
f 1600//1600 1599//1599 1419//1419
f 1591//1591 1600//1600 1419//1419
f 1601//1601 1599//1599 1598//1598
f 1598//1598 1602//1602 1601//1601
f 1602//1602 1603//1603 1601//1601
f 1603//1603 1604//1604 1601//1601
f 1604//1604 1605//1605 1601//1601
f 1601//1601 1605//1605 1606//1606
f 1601//1601 1606//1606 1607//1607
f 1601//1601 1607//1607 1608//1608
f 1601//1601 1608//1608 1609//1609
f 1421//1421 1609//1609 1608//1608
f 1599//1599 1609//1609 1421//1421
f 1610//1610 1608//1608 1607//1607
f 1607//1607 1611//1611 1610//1610
f 1611//1611 1612//1612 1610//1610
f 1612//1612 1613//1613 1610//1610
f 1610//1610 1613//1613 1614//1614
f 1610//1610 1614//1614 1615//1615
f 1610//1610 1615//1615 1616//1616
f 1423//1423 1616//1616 1615//1615
f 1608//1608 1616//1616 1423//1423
f 1617//1617 1615//1615 1614//1614
f 1614//1614 1618//1618 1617//1617
f 1618//1618 1619//1619 1617//1617
f 1617//1617 1619//1619 1620//1620
f 1617//1617 1620//1620 1621//1621
f 1617//1617 1621//1621 1622//1622
f 1425//1425 1622//1622 1621//1621
f 1615//1615 1622//1622 1425//1425
f 1620//1620 1623//1623 1621//1621
f 1623//1623 1624//1624 1621//1621
f 1621//1621 1624//1624 1427//1427
f 1427//1427 1624//1624 1625//1625
f 1625//1625 1624//1624 1623//1623
f 1626//1626 1625//1625 1623//1623
f 1627//1627 1626//1626 1623//1623
f 1628//1628 1627//1627 1623//1623
f 1629//1629 1627//1627 1628//1628
f 1630//1630 1629//1629 1628//1628
f 1630//1630 1628//1628 1619//1619
f 1631//1631 1630//1630 1619//1619
f 1632//1632 1630//1630 1631//1631
f 1633//1633 1632//1632 1631//1631
f 1633//1633 1631//1631 1634//1634
f 1635//1635 1633//1633 1634//1634
f 1635//1635 1634//1634 1613//1613
f 1613//1613 1634//1634 1618//1618
f 1636//1636 1633//1633 1635//1635
f 1637//1637 1636//1636 1635//1635
f 1637//1637 1635//1635 1612//1612
f 1638//1638 1637//1637 1612//1612
f 1639//1639 1637//1637 1638//1638
f 1640//1640 1639//1639 1638//1638
f 1640//1640 1638//1638 1641//1641
f 1606//1606 1640//1640 1641//1641
f 1606//1606 1641//1641 1611//1611
f 1641//1641 1638//1638 1611//1611
f 1642//1642 1639//1639 1640//1640
f 1605//1605 1642//1642 1640//1640
f 1643//1643 1642//1642 1605//1605
f 1644//1644 1642//1642 1643//1643
f 1645//1645 1644//1644 1643//1643
f 1645//1645 1643//1643 1604//1604
f 1646//1646 1645//1645 1604//1604
f 1647//1647 1646//1646 1604//1604
f 1648//1648 1646//1646 1647//1647
f 1649//1649 1648//1648 1647//1647
f 1649//1649 1647//1647 1602//1602
f 1597//1597 1649//1649 1602//1602
f 1597//1597 1650//1650 1649//1649
f 1650//1650 1651//1651 1649//1649
f 1651//1651 1652//1652 1649//1649
f 1652//1652 1653//1653 1649//1649
f 1649//1649 1653//1653 1654//1654
f 1653//1653 1655//1655 1654//1654
f 1655//1655 1656//1656 1654//1654
f 1654//1654 1656//1656 1657//1657
f 1654//1654 1657//1657 1658//1658
f 1654//1654 1658//1658 1645//1645
f 1648//1648 1654//1654 1645//1645
f 1658//1658 1657//1657 1644//1644
f 1657//1657 1659//1659 1644//1644
f 1659//1659 1660//1660 1644//1644
f 1644//1644 1660//1660 1661//1661
f 1660//1660 1662//1662 1661//1661
f 1661//1661 1662//1662 1642//1642
f 1660//1660 1663//1663 1662//1662
f 1663//1663 1664//1664 1662//1662
f 1664//1664 1665//1665 1662//1662
f 1662//1662 1665//1665 1637//1637
f 1665//1665 1666//1666 1637//1637
f 1664//1664 1666//1666 1665//1665
f 1664//1664 1667//1667 1666//1666
f 1667//1667 1668//1668 1666//1666
f 1668//1668 1669//1669 1666//1666
f 1666//1666 1669//1669 1670//1670
f 1666//1666 1670//1670 1636//1636
f 1669//1669 1671//1671 1670//1670
f 1671//1671 1672//1672 1670//1670
f 1670//1670 1672//1672 1632//1632
f 1672//1672 1673//1673 1632//1632
f 1672//1672 1674//1674 1673//1673
f 1674//1674 1675//1675 1673//1673
f 1673//1673 1675//1675 1629//1629
f 1675//1675 1676//1676 1629//1629
f 1675//1675 1677//1677 1676//1676
f 1677//1677 1678//1678 1676//1676
f 1676//1676 1678//1678 1679//1679
f 1676//1676 1679//1679 1627//1627
f 1678//1678 1680//1680 1679//1679
f 1679//1679 1680//1680 1681//1681
f 1679//1679 1681//1681 1626//1626
f 1680//1680 1682//1682 1681//1681
f 1682//1682 1683//1683 1681//1681
f 1683//1683 1684//1684 1681//1681
f 1681//1681 1684//1684 1625//1625
f 1429//1429 1625//1625 1684//1684
f 1429//1429 1684//1684 1683//1683
f 1685//1685 1683//1683 1682//1682
f 1686//1686 1685//1685 1682//1682
f 1686//1686 1687//1687 1685//1685
f 1687//1687 1688//1688 1685//1685
f 1688//1688 1689//1689 1685//1685
f 1689//1689 1690//1690 1685//1685
f 1431//1431 1690//1690 1689//1689
f 1431//1431 1683//1683 1690//1690
f 1691//1691 1689//1689 1688//1688
f 1692//1692 1691//1691 1688//1688
f 1692//1692 1693//1693 1691//1691
f 1694//1694 1691//1691 1693//1693
f 1695//1695 1694//1694 1693//1693
f 1696//1696 1695//1695 1693//1693
f 1697//1697 1695//1695 1696//1696
f 1698//1698 1697//1697 1696//1696
f 1698//1698 1696//1696 1699//1699
f 1700//1700 1698//1698 1699//1699
f 1700//1700 1699//1699 1701//1701
f 1702//1702 1700//1700 1701//1701
f 1702//1702 1701//1701 1703//1703
f 1704//1704 1702//1702 1703//1703
f 1704//1704 1703//1703 1678//1678
f 1705//1705 1702//1702 1704//1704
f 1706//1706 1705//1705 1704//1704
f 1706//1706 1704//1704 1677//1677
f 1707//1707 1706//1706 1677//1677
f 1708//1708 1706//1706 1707//1707
f 1708//1708 1707//1707 1674//1674
f 1709//1709 1708//1708 1674//1674
f 1671//1671 1709//1709 1674//1674
f 1710//1710 1709//1709 1671//1671
f 1711//1711 1710//1710 1671//1671
f 1668//1668 1711//1711 1671//1671
f 1712//1712 1711//1711 1668//1668
f 1712//1712 1668//1668 1713//1713
f 1714//1714 1712//1712 1713//1713
f 1714//1714 1713//1713 1715//1715
f 1716//1716 1714//1714 1715//1715
f 1717//1717 1716//1716 1715//1715
f 1717//1717 1715//1715 1718//1718
f 1717//1717 1718//1718 1719//1719
f 1720//1720 1717//1717 1719//1719
f 1721//1721 1720//1720 1719//1719
f 1721//1721 1719//1719 1722//1722
f 1721//1721 1722//1722 1723//1723
f 1724//1724 1721//1721 1723//1723
f 1725//1725 1724//1724 1723//1723
f 1725//1725 1723//1723 1726//1726
f 1725//1725 1726//1726 1727//1727
f 1728//1728 1725//1725 1727//1727
f 1729//1729 1728//1728 1727//1727
f 1729//1729 1727//1727 1730//1730
f 1729//1729 1730//1730 1731//1731
f 1732//1732 1729//1729 1731//1731
f 1733//1733 1732//1732 1731//1731
f 1733//1733 1731//1731 1734//1734
f 1733//1733 1734//1734 1735//1735
f 1736//1736 1733//1733 1735//1735
f 1572//1572 1736//1736 1735//1735
f 1572//1572 1735//1735 1737//1737
f 1572//1572 1737//1737 1575//1575
f 1575//1575 1737//1737 1738//1738
f 1575//1575 1738//1738 1739//1739
f 1575//1575 1739//1739 1577//1577
f 1581//1581 1577//1577 1739//1739
f 1581//1581 1739//1739 1738//1738
f 1581//1581 1738//1738 1740//1740
f 1741//1741 1581//1581 1740//1740
f 1741//1741 1740//1740 1742//1742
f 1741//1741 1742//1742 1743//1743
f 1744//1744 1741//1741 1743//1743
f 1744//1744 1743//1743 1745//1745
f 1746//1746 1744//1744 1745//1745
f 1746//1746 1745//1745 1594//1594
f 1588//1588 1746//1746 1594//1594
f 1586//1586 1744//1744 1746//1746
f 1745//1745 1743//1743 1747//1747
f 1745//1745 1747//1747 1595//1595
f 1595//1595 1747//1747 1748//1748
f 1747//1747 1651//1651 1748//1748
f 1584//1584 1741//1741 1744//1744
f 1743//1743 1742//1742 1747//1747
f 1747//1747 1742//1742 1749//1749
f 1747//1747 1749//1749 1652//1652
f 1749//1749 1750//1750 1652//1652
f 1652//1652 1750//1750 1751//1751
f 1652//1652 1751//1751 1655//1655
f 1731//1731 1655//1655 1751//1751
f 1731//1731 1751//1751 1750//1750
f 1742//1742 1750//1750 1749//1749
f 1742//1742 1752//1752 1750//1750
f 1735//1735 1750//1750 1752//1752
f 1735//1735 1752//1752 1738//1738
f 1742//1742 1738//1738 1752//1752
f 1740//1740 1738//1738 1742//1742
f 1737//1737 1735//1735 1738//1738
f 1753//1753 1736//1736 1572//1572
f 1753//1753 1733//1733 1736//1736
f 1753//1753 1754//1754 1733//1733
f 1754//1754 1755//1755 1733//1733
f 1756//1756 1755//1755 1754//1754
f 1756//1756 1757//1757 1755//1755
f 1757//1757 1758//1758 1755//1755
f 1758//1758 1759//1759 1755//1755
f 1755//1755 1759//1759 1729//1729
f 1759//1759 1760//1760 1729//1729
f 1758//1758 1760//1760 1759//1759
f 1758//1758 1761//1761 1760//1760
f 1761//1761 1762//1762 1760//1760
f 1762//1762 1763//1763 1760//1760
f 1760//1760 1763//1763 1725//1725
f 1763//1763 1764//1764 1725//1725
f 1762//1762 1764//1764 1763//1763
f 1762//1762 1765//1765 1764//1764
f 1765//1765 1766//1766 1764//1764
f 1766//1766 1767//1767 1764//1764
f 1764//1764 1767//1767 1721//1721
f 1767//1767 1768//1768 1721//1721
f 1766//1766 1768//1768 1767//1767
f 1766//1766 1769//1769 1768//1768
f 1769//1769 1770//1770 1768//1768
f 1770//1770 1771//1771 1768//1768
f 1768//1768 1771//1771 1717//1717
f 1771//1771 1772//1772 1717//1717
f 1770//1770 1772//1772 1771//1771
f 1770//1770 1773//1773 1772//1772
f 1773//1773 1774//1774 1772//1772
f 1774//1774 1775//1775 1772//1772
f 1772//1772 1775//1775 1714//1714
f 1776//1776 1714//1714 1775//1775
f 1776//1776 1777//1777 1714//1714
f 1778//1778 1777//1777 1776//1776
f 1779//1779 1778//1778 1776//1776
f 1779//1779 1776//1776 1537//1537
f 1535//1535 1779//1779 1537//1537
f 1537//1537 1776//1776 1780//1780
f 1776//1776 1774//1774 1780//1780
f 1780//1780 1774//1774 1539//1539
f 1539//1539 1774//1774 1781//1781
f 1782//1782 1781//1781 1774//1774
f 1541//1541 1781//1781 1782//1782
f 1535//1535 1778//1778 1779//1779
f 1535//1535 1783//1783 1778//1778
f 1783//1783 1784//1784 1778//1778
f 1784//1784 1785//1785 1778//1778
f 1778//1778 1785//1785 1712//1712
f 1785//1785 1710//1710 1712//1712
f 1784//1784 1710//1710 1785//1785
f 1784//1784 1786//1786 1710//1710
f 1710//1710 1786//1786 1708//1708
f 1786//1786 1787//1787 1708//1708
f 1787//1787 1788//1788 1708//1708
f 1787//1787 1789//1789 1788//1788
f 1788//1788 1789//1789 1706//1706
f 1787//1787 1790//1790 1789//1789
f 1790//1790 1791//1791 1789//1789
f 1791//1791 1792//1792 1789//1789
f 1789//1789 1792//1792 1793//1793
f 1789//1789 1793//1793 1705//1705
f 1794//1794 1793//1793 1792//1792
f 1794//1794 1795//1795 1793//1793
f 1795//1795 1796//1796 1793//1793
f 1793//1793 1796//1796 1700//1700
f 1795//1795 1797//1797 1796//1796
f 1797//1797 1798//1798 1796//1796
f 1796//1796 1798//1798 1698//1698
f 1797//1797 1799//1799 1798//1798
f 1799//1799 1800//1800 1798//1798
f 1798//1798 1800//1800 1697//1697
f 1800//1800 1801//1801 1697//1697
f 1800//1800 1802//1802 1801//1801
f 1802//1802 1803//1803 1801//1801
f 1803//1803 1695//1695 1801//1801
f 1803//1803 1804//1804 1695//1695
f 1435//1435 1804//1804 1803//1803
f 1435//1435 1694//1694 1804//1804
f 1805//1805 1803//1803 1802//1802
f 1806//1806 1805//1805 1802//1802
f 1806//1806 1802//1802 1807//1807
f 1808//1808 1806//1806 1807//1807
f 1809//1809 1808//1808 1807//1807
f 1809//1809 1807//1807 1810//1810
f 1811//1811 1809//1809 1810//1810
f 1811//1811 1810//1810 1799//1799
f 1812//1812 1811//1811 1799//1799
f 1813//1813 1811//1811 1812//1812
f 1814//1814 1813//1813 1812//1812
f 1814//1814 1812//1812 1815//1815
f 1816//1816 1814//1814 1815//1815
f 1816//1816 1815//1815 1817//1817
f 1818//1818 1816//1816 1817//1817
f 1818//1818 1817//1817 1794//1794
f 1818//1818 1794//1794 1819//1819
f 1818//1818 1819//1819 1820//1820
f 1818//1818 1820//1820 1821//1821
f 1822//1822 1818//1818 1821//1821
f 1822//1822 1821//1821 1823//1823
f 1822//1822 1823//1823 1824//1824
f 1516//1516 1822//1822 1824//1824
f 1516//1516 1824//1824 1519//1519
f 1825//1825 1822//1822 1516//1516
f 1826//1826 1822//1822 1825//1825
f 1826//1826 1825//1825 1514//1514
f 1827//1827 1826//1826 1514//1514
f 1827//1827 1828//1828 1826//1826
f 1826//1826 1828//1828 1829//1829
f 1826//1826 1829//1829 1816//1816
f 1826//1826 1816//1816 1830//1830
f 1829//1829 1831//1831 1816//1816
f 1828//1828 1831//1831 1829//1829
f 1828//1828 1832//1832 1831//1831
f 1832//1832 1833//1833 1831//1831
f 1831//1831 1833//1833 1813//1813
f 1833//1833 1834//1834 1813//1813
f 1833//1833 1835//1835 1834//1834
f 1835//1835 1836//1836 1834//1834
f 1834//1834 1836//1836 1809//1809
f 1835//1835 1837//1837 1836//1836
f 1837//1837 1838//1838 1836//1836
f 1838//1838 1808//1808 1836//1836
f 1808//1808 1838//1838 1839//1839
f 1808//1808 1839//1839 1840//1840
f 1839//1839 1439//1439 1840//1840
f 1439//1439 1806//1806 1840//1840
f 1838//1838 1841//1841 1839//1839
f 1841//1841 1842//1842 1839//1839
f 1441//1441 1839//1839 1842//1842
f 1843//1843 1441//1441 1842//1842
f 1841//1841 1843//1843 1842//1842
f 1841//1841 1844//1844 1843//1843
f 1845//1845 1843//1843 1844//1844
f 1845//1845 1844//1844 1846//1846
f 1847//1847 1845//1845 1846//1846
f 1847//1847 1846//1846 1848//1848
f 1508//1508 1847//1847 1848//1848
f 1508//1508 1848//1848 1849//1849
f 1510//1510 1508//1508 1849//1849
f 1510//1510 1849//1849 1850//1850
f 1510//1510 1850//1850 1851//1851
f 1851//1851 1850//1850 1828//1828
f 1512//1512 1851//1851 1828//1828
f 1849//1849 1852//1852 1850//1850
f 1850//1850 1852//1852 1853//1853
f 1850//1850 1853//1853 1832//1832
f 1852//1852 1854//1854 1853//1853
f 1853//1853 1854//1854 1835//1835
f 1852//1852 1855//1855 1854//1854
f 1855//1855 1856//1856 1854//1854
f 1856//1856 1837//1837 1854//1854
f 1856//1856 1841//1841 1837//1837
f 1846//1846 1856//1856 1855//1855
f 1848//1848 1855//1855 1852//1852
f 1849//1849 1848//1848 1852//1852
f 1857//1857 1847//1847 1508//1508
f 1857//1857 1858//1858 1847//1847
f 1859//1859 1858//1858 1857//1857
f 1860//1860 1859//1859 1857//1857
f 1860//1860 1857//1857 1507//1507
f 1452//1452 1859//1859 1860//1860
f 1452//1452 1858//1858 1859//1859
f 1848//1848 1846//1846 1855//1855
f 1858//1858 1845//1845 1847//1847
f 1451//1451 1845//1845 1858//1858
f 1846//1846 1844//1844 1856//1856
f 1845//1845 1861//1861 1843//1843
f 1443//1443 1843//1843 1861//1861
f 1450//1450 1443//1443 1861//1861
f 1845//1845 1450//1450 1861//1861
f 1844//1844 1841//1841 1856//1856
f 1841//1841 1838//1838 1837//1837
f 1854//1854 1837//1837 1835//1835
f 1853//1853 1835//1835 1833//1833
f 1832//1832 1853//1853 1833//1833
f 1828//1828 1850//1850 1832//1832
f 1512//1512 1828//1828 1827//1827
f 1826//1826 1830//1830 1822//1822
f 1824//1824 1823//1823 1519//1519
f 1519//1519 1823//1823 1862//1862
f 1519//1519 1862//1862 1526//1526
f 1526//1526 1862//1862 1528//1528
f 1823//1823 1528//1528 1862//1862
f 1823//1823 1863//1863 1528//1528
f 1863//1863 1531//1531 1528//1528
f 1820//1820 1531//1531 1863//1863
f 1820//1820 1864//1864 1531//1531
f 1531//1531 1864//1864 1865//1865
f 1864//1864 1791//1791 1865//1865
f 1820//1820 1791//1791 1864//1864
f 1823//1823 1820//1820 1863//1863
f 1830//1830 1818//1818 1822//1822
f 1821//1821 1820//1820 1823//1823
f 1819//1819 1791//1791 1820//1820
f 1819//1819 1794//1794 1791//1791
f 1830//1830 1816//1816 1818//1818
f 1817//1817 1815//1815 1794//1794
f 1816//1816 1831//1831 1814//1814
f 1815//1815 1812//1812 1797//1797
f 1831//1831 1813//1813 1814//1814
f 1813//1813 1834//1834 1811//1811
f 1834//1834 1809//1809 1811//1811
f 1836//1836 1808//1808 1809//1809
f 1840//1840 1806//1806 1808//1808
f 1810//1810 1807//1807 1802//1802
f 1437//1437 1805//1805 1806//1806
f 1437//1437 1803//1803 1805//1805
f 1810//1810 1802//1802 1800//1800
f 1799//1799 1810//1810 1800//1800
f 1812//1812 1799//1799 1797//1797
f 1815//1815 1797//1797 1795//1795
f 1794//1794 1815//1815 1795//1795
f 1791//1791 1794//1794 1792//1792
f 1791//1791 1790//1790 1865//1865
f 1865//1865 1790//1790 1787//1787
f 1865//1865 1787//1787 1866//1866
f 1865//1865 1866//1866 1533//1533
f 1533//1533 1866//1866 1784//1784
f 1866//1866 1787//1787 1784//1784
f 1787//1787 1786//1786 1784//1784
f 1533//1533 1784//1784 1783//1783
f 1533//1533 1783//1783 1535//1535
f 1778//1778 1712//1712 1777//1777
f 1776//1776 1775//1775 1774//1774
f 1782//1782 1774//1774 1773//1773
f 1782//1782 1773//1773 1770//1770
f 1867//1867 1782//1782 1770//1770
f 1549//1549 1867//1867 1770//1770
f 1545//1545 1867//1867 1549//1549
f 1545//1545 1782//1782 1867//1867
f 1549//1549 1770//1770 1769//1769
f 1549//1549 1769//1769 1766//1766
f 1551//1551 1766//1766 1765//1765
f 1551//1551 1765//1765 1762//1762
f 1555//1555 1762//1762 1761//1761
f 1555//1555 1761//1761 1758//1758
f 1559//1559 1758//1758 1757//1757
f 1559//1559 1757//1757 1756//1756
f 1756//1756 1754//1754 1753//1753
f 1868//1868 1756//1756 1753//1753
f 1568//1568 1868//1868 1753//1753
f 1563//1563 1868//1868 1568//1568
f 1563//1563 1756//1756 1868//1868
f 1735//1735 1734//1734 1750//1750
f 1734//1734 1731//1731 1750//1750
f 1755//1755 1732//1732 1733//1733
f 1755//1755 1729//1729 1732//1732
f 1731//1731 1730//1730 1655//1655
f 1730//1730 1727//1727 1655//1655
f 1760//1760 1728//1728 1729//1729
f 1760//1760 1725//1725 1728//1728
f 1727//1727 1726//1726 1657//1657
f 1726//1726 1723//1723 1657//1657
f 1764//1764 1724//1724 1725//1725
f 1764//1764 1721//1721 1724//1724
f 1723//1723 1722//1722 1660//1660
f 1722//1722 1719//1719 1660//1660
f 1768//1768 1720//1720 1721//1721
f 1768//1768 1717//1717 1720//1720
f 1719//1719 1718//1718 1664//1664
f 1718//1718 1715//1715 1664//1664
f 1772//1772 1716//1716 1717//1717
f 1772//1772 1714//1714 1716//1716
f 1777//1777 1712//1712 1714//1714
f 1715//1715 1713//1713 1668//1668
f 1712//1712 1710//1710 1711//1711
f 1710//1710 1708//1708 1709//1709
f 1708//1708 1788//1788 1706//1706
f 1789//1789 1705//1705 1706//1706
f 1705//1705 1793//1793 1702//1702
f 1703//1703 1701//1701 1686//1686
f 1703//1703 1686//1686 1680//1680
f 1793//1793 1700//1700 1702//1702
f 1701//1701 1699//1699 1687//1687
f 1699//1699 1692//1692 1687//1687
f 1796//1796 1698//1698 1700//1700
f 1699//1699 1696//1696 1692//1692
f 1798//1798 1697//1697 1698//1698
f 1697//1697 1801//1801 1695//1695
f 1804//1804 1694//1694 1695//1695
f 1694//1694 1869//1869 1691//1691
f 1433//1433 1869//1869 1694//1694
f 1433//1433 1689//1689 1869//1869
f 1696//1696 1693//1693 1692//1692
f 1869//1869 1689//1689 1691//1691
f 1687//1687 1692//1692 1688//1688
f 1701//1701 1687//1687 1686//1686
f 1685//1685 1690//1690 1683//1683
f 1680//1680 1686//1686 1682//1682
f 1678//1678 1703//1703 1680//1680
f 1677//1677 1704//1704 1678//1678
f 1707//1707 1677//1677 1675//1675
f 1674//1674 1707//1707 1675//1675
f 1671//1671 1674//1674 1672//1672
f 1668//1668 1671//1671 1669//1669
f 1715//1715 1668//1668 1667//1667
f 1715//1715 1667//1667 1664//1664
f 1719//1719 1664//1664 1663//1663
f 1719//1719 1663//1663 1660//1660
f 1723//1723 1660//1660 1659//1659
f 1723//1723 1659//1659 1657//1657
f 1727//1727 1657//1657 1656//1656
f 1727//1727 1656//1656 1655//1655
f 1652//1652 1655//1655 1653//1653
f 1747//1747 1652//1652 1651//1651
f 1748//1748 1651//1651 1650//1650
f 1748//1748 1650//1650 1597//1597
f 1649//1649 1654//1654 1648//1648
f 1648//1648 1645//1645 1646//1646
f 1645//1645 1658//1658 1644//1644
f 1644//1644 1661//1661 1642//1642
f 1642//1642 1662//1662 1639//1639
f 1662//1662 1637//1637 1639//1639
f 1666//1666 1636//1636 1637//1637
f 1636//1636 1670//1670 1633//1633
f 1634//1634 1631//1631 1618//1618
f 1670//1670 1632//1632 1633//1633
f 1632//1632 1673//1673 1630//1630
f 1673//1673 1629//1629 1630//1630
f 1629//1629 1676//1676 1627//1627
f 1627//1627 1679//1679 1626//1626
f 1681//1681 1625//1625 1626//1626
f 1620//1620 1628//1628 1623//1623
f 1619//1619 1628//1628 1620//1620
f 1618//1618 1631//1631 1619//1619
f 1617//1617 1622//1622 1615//1615
f 1613//1613 1618//1618 1614//1614
f 1612//1612 1635//1635 1613//1613
f 1638//1638 1612//1612 1611//1611
f 1610//1610 1616//1616 1608//1608
f 1606//1606 1611//1611 1607//1607
f 1605//1605 1640//1640 1606//1606
f 1604//1604 1643//1643 1605//1605
f 1647//1647 1604//1604 1603//1603
f 1602//1602 1647//1647 1603//1603
f 1601//1601 1609//1609 1599//1599
f 1597//1597 1602//1602 1598//1598
f 1596//1596 1748//1748 1597//1597
f 1595//1595 1748//1748 1596//1596
f 1594//1594 1745//1745 1595//1595
f 1593//1593 1600//1600 1591//1591
f 1588//1588 1594//1594 1590//1590
f 1586//1586 1746//1746 1588//1588
f 1408//1408 1585//1585 1587//1587
f 1586//1586 1584//1584 1744//1744
f 1406//1406 1583//1583 1585//1585
f 1584//1584 1582//1582 1741//1741
f 1404//1404 1580//1580 1583//1583
f 1582//1582 1581//1581 1741//1741
f 1579//1579 1577//1577 1581//1581
f 1576//1576 1575//1575 1577//1577
f 1870//1870 1570//1570 1574//1574
f 1391//1391 1870//1870 1574//1574
f 1391//1391 1871//1871 1870//1870
f 1870//1870 1871//1871 1570//1570
f 1573//1573 1572//1572 1575//1575
f 1571//1571 1753//1753 1572//1572
f 1568//1568 1753//1753 1571//1571
f 1871//1871 1569//1569 1570//1570
f 1871//1871 1567//1567 1569//1569
f 1871//1871 1872//1872 1567//1567
f 1872//1872 1873//1873 1567//1567
f 1873//1873 1874//1874 1567//1567
f 1873//1873 1377//1377 1874//1874
f 1874//1874 1377//1377 1565//1565
f 1873//1873 1875//1875 1377//1377
f 1383//1383 1875//1875 1873//1873
f 1383//1383 1379//1379 1875//1875
f 1387//1387 1873//1873 1872//1872
f 1387//1387 1872//1872 1871//1871
f 1567//1567 1874//1874 1565//1565
f 1566//1566 1563//1563 1568//1568
f 1373//1373 1561//1561 1564//1564
f 1563//1563 1562//1562 1756//1756
f 1562//1562 1559//1559 1756//1756
f 1369//1369 1560//1560 1561//1561
f 1369//1369 1557//1557 1560//1560
f 1559//1559 1558//1558 1758//1758
f 1558//1558 1555//1555 1758//1758
f 1365//1365 1553//1553 1556//1556
f 1555//1555 1554//1554 1762//1762
f 1554//1554 1551//1551 1762//1762
f 1361//1361 1548//1548 1552//1552
f 1551//1551 1550//1550 1766//1766
f 1550//1550 1549//1549 1766//1766
f 1547//1547 1545//1545 1549//1549
f 1876//1876 1546//1546 1359//1359
f 1876//1876 1543//1543 1546//1546
f 1876//1876 1877//1877 1543//1543
f 1543//1543 1877//1877 1336//1336
f 1338//1338 1877//1877 1876//1876
f 1876//1876 1878//1878 1338//1338
f 1878//1878 1879//1879 1338//1338
f 1355//1355 1879//1879 1878//1878
f 1355//1355 1878//1878 1876//1876
f 1545//1545 1544//1544 1782//1782
f 1544//1544 1541//1541 1782//1782
f 1543//1543 1336//1336 1542//1542
f 1539//1539 1781//1781 1541//1541
f 1537//1537 1780//1780 1539//1539
f 1535//1535 1537//1537 1536//1536
f 1534//1534 1533//1533 1535//1535
f 1532//1532 1865//1865 1533//1533
f 1531//1531 1865//1865 1532//1532
f 1528//1528 1531//1531 1529//1529
f 1526//1526 1528//1528 1527//1527
f 1521//1521 1526//1526 1524//1524
f 1147//1147 1522//1522 1152//1152
f 1147//1147 1518//1518 1522//1522
f 1521//1521 1520//1520 1526//1526
f 1520//1520 1519//1519 1526//1526
f 1516//1516 1519//1519 1517//1517
f 1514//1514 1825//1825 1516//1516
f 1512//1512 1827//1827 1514//1514
f 1142//1142 1138//1138 1513//1513
f 1512//1512 1510//1510 1851//1851
f 1509//1509 1508//1508 1510//1510
f 1507//1507 1857//1857 1508//1508
f 1504//1504 1860//1860 1507//1507
f 1453//1453 1860//1860 1504//1504
f 1489//1489 1454//1454 1456//1456
f 1455//1455 1453//1453 1504//1504
f 1490//1490 1449//1449 1454//1454
f 1453//1453 1452//1452 1860//1860
f 1452//1452 1451//1451 1858//1858
f 1845//1845 1451//1451 1450//1450
f 1449//1449 1491//1491 1447//1447
f 1448//1448 1445//1445 1450//1450
f 1493//1493 1446//1446 1447//1447
f 1493//1493 1415//1415 1446//1446
f 1445//1445 1444//1444 1450//1450
f 1444//1444 1443//1443 1450//1450
f 1443//1443 1442//1442 1843//1843
f 1442//1442 1441//1441 1843//1843
f 1441//1441 1440//1440 1839//1839
f 1440//1440 1439//1439 1839//1839
f 1439//1439 1438//1438 1806//1806
f 1438//1438 1437//1437 1806//1806
f 1437//1437 1436//1436 1803//1803
f 1436//1436 1435//1435 1803//1803
f 1435//1435 1434//1434 1694//1694
f 1434//1434 1433//1433 1694//1694
f 1432//1432 1689//1689 1433//1433
f 1431//1431 1689//1689 1432//1432
f 1430//1430 1683//1683 1431//1431
f 1429//1429 1683//1683 1430//1430
f 1428//1428 1625//1625 1429//1429
f 1427//1427 1625//1625 1428//1428
f 1426//1426 1621//1621 1427//1427
f 1425//1425 1621//1621 1426//1426
f 1424//1424 1615//1615 1425//1425
f 1423//1423 1615//1615 1424//1424
f 1422//1422 1608//1608 1423//1423
f 1421//1421 1608//1608 1422//1422
f 1599//1599 1421//1421 1420//1420
f 1419//1419 1599//1599 1420//1420
f 1591//1591 1419//1419 1418//1418
f 1417//1417 1591//1591 1418//1418
f 1411//1411 1417//1417 1416//1416
f 1413//1413 1411//1411 1416//1416
f 1412//1412 1411//1411 1413//1413
f 1589//1589 1411//1411 1410//1410
f 1408//1408 1587//1587 1410//1410
f 1035//1035 1407//1407 1409//1409
f 1408//1408 1406//1406 1585//1585
f 1033//1033 1405//1405 1407//1407
f 1406//1406 1404//1404 1583//1583
f 1031//1031 1403//1403 1405//1405
f 1404//1404 1402//1402 1580//1580
f 1029//1029 1400//1400 1403//1403
f 1402//1402 1401//1401 1580//1580
f 1399//1399 1397//1397 1401//1401
f 1396//1396 1395//1395 1397//1397
f 1394//1394 1574//1574 1395//1395
f 1391//1391 1574//1574 1394//1394
f 1014//1014 1389//1389 1392//1392
f 1391//1391 1390//1390 1871//1871
f 1390//1390 1387//1387 1871//1871
f 1010//1010 1388//1388 1389//1389
f 1010//1010 1385//1385 1388//1388
f 1387//1387 1386//1386 1873//1873
f 1386//1386 1383//1383 1873//1873
f 1006//1006 1384//1384 1385//1385
f 1006//1006 1003//1003 1384//1384
f 1383//1383 1382//1382 1379//1379
f 999//999 1380//1380 1381//1381
f 999//999 1880//1880 1380//1380
f 1880//1880 1881//1881 1380//1380
f 1881//1881 1882//1882 1380//1380
f 1380//1380 1882//1882 1375//1375
f 1882//1882 1883//1883 1375//1375
f 1881//1881 1883//1883 1882//1882
f 1881//1881 1884//1884 1883//1883
f 1884//1884 1885//1885 1883//1883
f 1885//1885 1886//1886 1883//1883
f 1883//1883 1886//1886 1371//1371
f 1886//1886 1887//1887 1371//1371
f 1885//1885 1887//1887 1886//1886
f 1885//1885 1888//1888 1887//1887
f 1888//1888 1889//1889 1887//1887
f 1887//1887 1889//1889 1890//1890
f 1887//1887 1890//1890 1367//1367
f 1890//1890 1891//1891 1367//1367
f 1889//1889 1891//1891 1890//1890
f 1889//1889 1892//1892 1891//1891
f 1892//1892 1893//1893 1891//1891
f 1891//1891 1893//1893 1894//1894
f 1891//1891 1894//1894 1363//1363
f 1894//1894 1895//1895 1363//1363
f 1894//1894 1893//1893 1895//1895
f 1893//1893 1896//1896 1895//1895
f 1895//1895 1896//1896 1354//1354
f 1896//1896 1897//1897 1354//1354
f 1898//1898 1897//1897 1896//1896
f 1899//1899 1897//1897 1898//1898
f 1900//1900 1899//1899 1898//1898
f 1901//1901 1900//1900 1898//1898
f 1901//1901 1898//1898 1902//1902
f 1892//1892 1901//1901 1902//1902
f 1902//1902 1898//1898 1893//1893
f 1903//1903 1900//1900 1901//1901
f 1889//1889 1903//1903 1901//1901
f 1904//1904 1903//1903 1889//1889
f 1904//1904 1905//1905 1903//1903
f 1905//1905 1899//1899 1903//1903
f 1906//1906 1899//1899 1905//1905
f 1907//1907 1906//1906 1905//1905
f 1907//1907 1905//1905 1908//1908
f 1909//1909 1907//1907 1908//1908
f 1909//1909 1908//1908 1904//1904
f 1909//1909 1904//1904 1888//1888
f 1910//1910 1907//1907 1909//1909
f 1910//1910 1909//1909 1885//1885
f 1911//1911 1910//1910 1885//1885
f 1911//1911 1885//1885 1912//1912
f 1913//1913 1911//1911 1912//1912
f 1913//1913 1912//1912 1884//1884
f 1914//1914 1911//1911 1913//1913
f 1915//1915 1914//1914 1913//1913
f 1915//1915 1913//1913 1881//1881
f 1916//1916 1915//1915 1881//1881
f 1917//1917 1915//1915 1916//1916
f 996//996 1917//1917 1916//1916
f 1917//1917 992//992 1915//1915
f 992//992 1914//1914 1915//1915
f 992//992 1911//1911 1914//1914
f 992//992 1918//1918 1911//1911
f 1919//1919 1918//1918 992//992
f 1919//1919 1920//1920 1918//1918
f 1918//1918 1920//1920 1910//1910
f 1919//1919 1921//1921 1920//1920
f 1921//1921 1922//1922 1920//1920
f 1922//1922 1906//1906 1920//1920
f 1923//1923 1922//1922 1921//1921
f 1923//1923 1924//1924 1922//1922
f 1925//1925 1922//1922 1924//1924
f 978//978 1925//1925 1924//1924
f 1925//1925 1926//1926 1922//1922
f 1922//1922 1926//1926 1899//1899
f 1926//1926 1927//1927 1899//1899
f 1927//1927 1928//1928 1899//1899
f 1899//1899 1928//1928 1929//1929
f 1929//1929 1928//1928 1349//1349
f 1927//1927 1347//1347 1928//1928
f 1927//1927 1930//1930 1347//1347
f 1930//1930 1931//1931 1347//1347
f 1932//1932 1931//1931 1930//1930
f 1932//1932 1933//1933 1931//1931
f 1933//1933 1934//1934 1931//1931
f 1934//1934 1935//1935 1931//1931
f 1931//1931 1935//1935 1344//1344
f 1935//1935 1936//1936 1344//1344
f 1936//1936 1937//1937 1344//1344
f 1344//1344 1937//1937 1311//1311
f 1937//1937 1936//1936 1276//1276
f 1937//1937 1276//1276 1310//1310
f 1936//1936 1938//1938 1276//1276
f 964//964 1938//1938 1936//1936
f 964//964 1936//1936 1939//1939
f 966//966 964//964 1939//1939
f 966//966 1939//1939 1934//1934
f 1934//1934 1939//1939 1936//1936
f 1273//1273 1938//1938 964//964
f 1934//1934 1936//1936 1935//1935
f 970//970 1934//1934 1933//1933
f 970//970 1933//1933 1932//1932
f 1932//1932 1930//1930 1927//1927
f 1940//1940 1932//1932 1927//1927
f 1925//1925 1940//1940 1927//1927
f 974//974 1940//1940 1925//1925
f 974//974 1932//1932 1940//1940
f 1925//1925 1927//1927 1926//1926
f 978//978 1924//1924 1923//1923
f 1923//1923 1921//1921 1919//1919
f 1941//1941 1923//1923 1919//1919
f 988//988 1941//1941 1919//1919
f 982//982 1941//1941 988//988
f 982//982 1923//1923 1941//1941
f 1911//1911 1918//1918 1910//1910
f 1910//1910 1920//1920 1907//1907
f 1920//1920 1906//1906 1907//1907
f 1922//1922 1899//1899 1906//1906
f 1908//1908 1905//1905 1904//1904
f 1903//1903 1899//1899 1900//1900
f 1899//1899 1929//1929 1897//1897
f 1897//1897 1929//1929 1352//1352
f 1893//1893 1898//1898 1896//1896
f 1892//1892 1902//1902 1893//1893
f 1889//1889 1901//1901 1892//1892
f 1888//1888 1904//1904 1889//1889
f 1885//1885 1909//1909 1888//1888
f 1912//1912 1885//1885 1884//1884
f 1881//1881 1913//1913 1884//1884
f 1916//1916 1881//1881 1880//1880
f 997//997 1916//1916 1880//1880
f 1875//1875 1379//1379 1377//1377
f 1380//1380 1375//1375 1378//1378
f 1565//1565 1377//1377 1376//1376
f 1376//1376 1373//1373 1565//1565
f 1883//1883 1374//1374 1375//1375
f 1883//1883 1371//1371 1374//1374
f 1373//1373 1372//1372 1561//1561
f 1372//1372 1369//1369 1561//1561
f 1371//1371 1887//1887 1370//1370
f 1887//1887 1367//1367 1370//1370
f 1369//1369 1368//1368 1557//1557
f 1368//1368 1365//1365 1557//1557
f 1367//1367 1891//1891 1366//1366
f 1891//1891 1363//1363 1366//1366
f 1365//1365 1364//1364 1553//1553
f 1364//1364 1361//1361 1553//1553
f 1363//1363 1895//1895 1362//1362
f 1362//1362 1895//1895 1357//1357
f 1361//1361 1360//1360 1548//1548
f 1360//1360 1359//1359 1548//1548
f 1358//1358 1876//1876 1359//1359
f 1358//1358 1355//1355 1876//1876
f 1895//1895 1356//1356 1357//1357
f 1895//1895 1354//1354 1356//1356
f 1355//1355 1353//1353 1879//1879
f 1897//1897 1352//1352 1354//1354
f 1353//1353 1350//1350 1879//1879
f 1929//1929 1351//1351 1352//1352
f 1929//1929 1349//1349 1351//1351
f 1350//1350 1348//1348 1879//1879
f 1879//1879 1348//1348 1341//1341
f 1928//1928 1347//1347 1349//1349
f 1348//1348 1346//1346 1341//1341
f 1931//1931 1345//1345 1347//1347
f 1931//1931 1344//1344 1345//1345
f 1346//1346 1343//1343 1342//1342
f 1341//1341 1346//1346 1342//1342
f 1879//1879 1341//1341 1339//1339
f 1879//1879 1339//1339 1338//1338
f 1877//1877 1338//1338 1336//1336
f 1542//1542 1336//1336 1334//1334
f 1332//1332 1540//1540 1334//1334
f 1330//1330 1538//1538 1332//1332
f 1328//1328 1330//1330 1329//1329
f 1530//1530 1328//1328 1327//1327
f 1326//1326 1530//1530 1327//1327
f 1525//1525 1326//1326 1325//1325
f 1525//1525 1325//1325 1297//1297
f 1324//1324 1322//1322 1323//1323
f 1322//1322 1331//1331 1320//1320
f 1320//1320 1333//1333 1318//1318
f 1335//1335 1316//1316 1318//1318
f 1337//1337 1314//1314 1316//1316
f 1315//1315 1312//1312 1307//1307
f 1340//1340 1313//1313 1314//1314
f 1313//1313 1344//1344 1311//1311
f 1311//1311 1937//1937 1310//1310
f 1312//1312 1309//1309 1307//1307
f 1315//1315 1307//1307 1305//1305
f 1317//1317 1305//1305 1303//1303
f 1319//1319 1303//1303 1301//1301
f 1299//1299 1321//1321 1301//1301
f 1298//1298 1297//1297 1299//1299
f 1296//1296 1525//1525 1297//1297
f 1295//1295 1525//1525 1296//1296
f 1155//1155 1295//1295 1294//1294
f 1155//1155 1294//1294 1291//1291
f 1290//1290 1293//1293 1288//1288
f 1300//1300 1285//1285 1288//1288
f 1289//1289 1287//1287 1286//1286
f 1289//1289 1286//1286 1256//1256
f 1284//1284 1942//1942 1286//1286
f 1286//1286 1942//1942 1943//1943
f 1286//1286 1943//1943 1257//1257
f 1942//1942 1944//1944 1943//1943
f 1943//1943 1944//1944 1261//1261
f 1944//1944 1945//1945 1261//1261
f 1944//1944 1946//1946 1945//1945
f 1946//1946 1947//1947 1945//1945
f 1948//1948 1945//1945 1947//1947
f 1948//1948 1947//1947 1266//1266
f 1264//1264 1948//1948 1266//1266
f 1264//1264 1262//1262 1948//1948
f 1266//1266 1947//1947 1949//1949
f 1266//1266 1949//1949 1268//1268
f 1949//1949 1271//1271 1268//1268
f 1947//1947 1271//1271 1949//1949
f 1947//1947 1950//1950 1271//1271
f 1950//1950 1274//1274 1271//1271
f 1951//1951 1274//1274 1950//1950
f 1951//1951 1950//1950 1946//1946
f 1952//1952 1951//1951 1946//1946
f 1280//1280 1951//1951 1952//1952
f 1278//1278 1274//1274 1951//1951
f 1262//1262 1945//1945 1948//1948
f 1946//1946 1950//1950 1947//1947
f 1952//1952 1946//1946 1944//1944
f 1942//1942 1952//1952 1944//1944
f 1282//1282 1952//1952 1942//1942
f 1302//1302 1283//1283 1285//1285
f 1284//1284 1282//1282 1942//1942
f 1304//1304 1281//1281 1283//1283
f 1282//1282 1280//1280 1952//1952
f 1306//1306 1279//1279 1281//1281
f 1280//1280 1278//1278 1951//1951
f 1308//1308 1277//1277 1279//1279
f 1310//1310 1276//1276 1277//1277
f 1276//1276 1938//1938 1273//1273
f 1278//1278 1275//1275 1274//1274
f 1271//1271 1274//1274 1272//1272
f 1268//1268 1271//1271 1270//1270
f 1266//1266 1268//1268 1267//1267
f 1264//1264 1266//1266 1265//1265
f 1263//1263 1262//1262 1264//1264
f 1261//1261 1945//1945 1262//1262
f 1943//1943 1261//1261 1259//1259
f 1257//1257 1943//1943 1259//1259
f 1256//1256 1286//1286 1257//1257
f 1289//1289 1256//1256 1254//1254
f 1157//1157 1292//1292 1254//1254
f 1156//1156 1291//1291 1157//1157
f 1156//1156 1155//1155 1291//1291
f 1159//1159 1151//1151 1154//1154
f 1153//1153 1152//1152 1155//1155
f 1161//1161 1149//1149 1151//1151
f 1150//1150 1147//1147 1152//1152
f 1149//1149 1168//1168 1148//1148
f 1148//1148 1168//1168 1145//1145
f 1147//1147 1146//1146 1518//1518
f 1146//1146 1144//1144 1518//1518
f 1142//1142 1515//1515 1144//1144
f 1145//1145 1141//1141 1143//1143
f 1141//1141 1172//1172 1139//1139
f 1142//1142 1140//1140 1138//1138
f 1511//1511 1138//1138 1136//1136
f 1139//1139 1134//1134 1137//1137
f 1135//1135 1506//1506 1136//1136
f 1132//1132 1506//1506 1135//1135
f 1175//1175 1133//1133 1134//1134
f 1175//1175 1130//1130 1133//1133
f 1131//1131 1457//1457 1132//1132
f 1128//1128 1457//1457 1131//1131
f 1179//1179 1129//1129 1130//1130
f 1179//1179 1126//1126 1129//1129
f 1459//1459 1128//1128 1127//1127
f 1124//1124 1459//1459 1127//1127
f 1183//1183 1125//1125 1126//1126
f 1183//1183 1122//1122 1125//1125
f 1463//1463 1124//1124 1123//1123
f 1463//1463 1123//1123 1120//1120
f 1187//1187 1121//1121 1122//1122
f 1121//1121 1187//1187 1119//1119
f 1119//1119 1192//1192 1116//1116
f 1117//1117 1120//1120 1118//1118
f 1114//1114 1117//1117 1115//1115
f 1469//1469 1114//1114 1113//1113
f 1112//1112 1469//1469 1113//1113
f 1110//1110 1471//1471 1112//1112
f 1108//1108 1473//1473 1110//1110
f 1106//1106 1502//1502 1108//1108
f 1502//1502 1106//1106 1105//1105
f 1103//1103 1102//1102 1105//1105
f 1101//1101 1415//1415 1102//1102
f 1100//1100 1415//1415 1101//1101
f 1953//1953 1415//1415 1100//1100
f 1047//1047 1953//1953 1100//1100
f 1045//1045 1415//1415 1953//1953
f 1047//1047 1100//1100 1099//1099
f 1099//1099 1096//1096 1047//1047
f 1104//1104 1097//1097 1098//1098
f 1097//1097 1093//1093 1094//1094
f 1093//1093 1107//1107 1091//1091
f 1091//1091 1109//1109 1089//1089
f 1089//1089 1111//1111 1088//1088
f 1111//1111 1087//1087 1088//1088
f 1087//1087 1085//1085 1086//1086
f 1085//1085 1116//1116 1084//1084
f 1116//1116 1081//1081 1084//1084
f 1082//1082 1079//1079 1067//1067
f 1079//1079 1954//1954 1067//1067
f 1067//1067 1954//1954 1069//1069
f 1954//1954 1074//1074 1069//1069
f 1079//1079 1074//1074 1954//1954
f 1081//1081 1191//1191 1080//1080
f 1191//1191 1078//1078 1080//1080
f 1195//1195 1076//1076 1078//1078
f 1079//1079 1077//1077 1074//1074
f 1076//1076 1198//1198 1075//1075
f 1198//1198 1073//1073 1075//1075
f 1073//1073 1204//1204 1071//1071
f 1074//1074 1072//1072 1069//1069
f 1067//1067 1069//1069 1068//1068
f 1083//1083 1067//1067 1066//1066
f 1065//1065 1083//1083 1066//1066
f 1062//1062 1065//1065 1063//1063
f 1090//1090 1062//1062 1061//1061
f 1060//1060 1090//1090 1061//1061
f 1059//1059 1092//1092 1060//1060
f 1095//1095 1059//1059 1057//1057
f 1050//1050 1095//1095 1057//1057
f 1050//1050 1057//1057 1053//1053
f 1051//1051 1050//1050 1053//1053
f 1049//1049 1095//1095 1050//1050
f 1096//1096 1049//1049 1047//1047
f 1047//1047 1045//1045 1953//1953
f 1046//1046 1048//1048 1043//1043
f 1045//1045 1044//1044 1415//1415
f 1044//1044 1041//1041 1415//1415
f 1043//1043 1052//1052 1042//1042
f 1052//1052 1038//1038 1042//1042
f 1041//1041 1040//1040 1415//1415
f 1040//1040 1039//1039 1415//1415
f 1055//1055 1034//1034 1038//1038
f 1037//1037 1036//1036 1039//1039
f 1035//1035 1409//1409 1036//1036
f 1035//1035 1033//1033 1407//1407
f 1055//1055 1032//1032 1034//1034
f 1033//1033 1031//1031 1405//1405
f 1054//1054 1030//1030 1032//1032
f 1031//1031 1029//1029 1403//1403
f 1056//1056 1028//1028 1030//1030
f 1029//1029 1027//1027 1400//1400
f 1058//1058 1026//1026 1028//1028
f 1027//1027 1025//1025 1400//1400
f 1025//1025 1021//1021 1398//1398
f 1026//1026 1023//1023 1024//1024
f 1023//1023 1064//1064 1022//1022
f 1064//1064 1020//1020 1022//1022
f 1020//1020 1070//1070 1016//1016
f 1021//1021 1019//1019 1018//1018
f 1017//1017 1393//1393 1018//1018
f 1014//1014 1393//1393 1017//1017
f 1071//1071 1015//1015 1016//1016
f 1071//1071 1012//1012 1015//1015
f 1014//1014 1013//1013 1389//1389
f 1013//1013 1010//1010 1389//1389
f 1203//1203 1011//1011 1012//1012
f 1203//1203 1008//1008 1011//1011
f 1010//1010 1009//1009 1385//1385
f 1009//1009 1006//1006 1385//1385
f 1206//1206 1007//1007 1008//1008
f 1206//1206 1005//1005 1007//1007
f 1006//1006 1004//1004 1003//1003
f 1002//1002 1001//1001 1003//1003
f 999//999 1381//1381 1001//1001
f 997//997 1880//1880 999//999
f 996//996 1916//1916 997//997
f 994//994 1917//1917 996//996
f 994//994 993//993 1917//1917
f 993//993 992//992 1917//1917
f 991//991 1919//1919 992//992
f 988//988 1919//1919 991//991
f 985//985 982//982 988//988
f 861//861 983//983 984//984
f 861//861 980//980 983//983
f 982//982 981//981 1923//1923
f 981//981 978//978 1923//1923
f 857//857 979//979 980//980
f 857//857 976//976 979//979
f 978//978 977//977 1925//1925
f 977//977 974//974 1925//1925
f 853//853 975//975 976//976
f 853//853 972//972 975//975
f 974//974 973//973 1932//1932
f 973//973 970//970 1932//1932
f 849//849 971//971 972//972
f 849//849 968//968 971//971
f 970//970 969//969 1934//1934
f 969//969 966//966 1934//1934
f 845//845 967//967 968//968
f 845//845 843//843 967//967
f 966//966 965//965 964//964
f 1273//1273 964//964 963//963
f 962//962 1273//1273 963//963
f 959//959 962//962 960//960
f 957//957 959//959 958//958
f 947//947 957//957 956//956
f 819//819 948//948 949//949
f 819//819 944//944 948//948
f 946//946 957//957 947//947
f 945//945 957//957 946//946
f 943//943 942//942 945//945
f 941//941 940//940 942//942
f 939//939 938//938 940//940
f 937//937 1260//1260 938//938
f 1258//1258 937//937 935//935
f 933//933 1258//1258 935//935
f 932//932 1255//1255 933//933
f 1253//1253 932//932 930//930
f 929//929 1253//1253 930//930
f 926//926 929//929 927//927
f 1160//1160 926//926 925//925
f 1160//1160 925//925 922//922
f 1164//1164 922//922 921//921
f 918//918 1164//1164 921//921
f 916//916 918//918 917//917
f 916//916 915//915 1227//1227
f 915//915 912//912 1227//1227
f 912//912 911//911 1223//1223
f 911//911 907//907 1223//1223
f 907//907 906//906 1219//1219
f 906//906 903//903 1219//1219
f 903//903 902//902 1215//1215
f 899//899 1215//1215 902//902
f 898//898 1211//1211 899//899
f 898//898 895//895 1211//1211
f 895//895 894//894 1208//1208
f 894//894 893//893 1208//1208
f 889//889 893//893 891//891
f 888//888 1005//1005 889//889
f 888//888 887//887 1005//1005
f 885//885 884//884 887//887
f 882//882 1000//1000 884//884
f 880//880 998//998 882//882
f 879//879 995//995 880//880
f 877//877 876//876 879//879
f 875//875 990//990 876//876
f 872//872 990//990 875//875
f 750//750 873//873 874//874
f 750//750 870//870 873//873
f 871//871 986//986 872//872
f 868//868 986//986 871//871
f 746//746 869//869 870//870
f 746//746 744//744 869//869
f 867//867 865//865 868//868
f 739//739 866//866 742//742
f 739//739 863//863 866//866
f 865//865 864//864 984//984
f 864//864 861//861 984//984
f 735//735 862//862 863//863
f 735//735 859//859 862//862
f 861//861 860//860 980//980
f 860//860 857//857 980//980
f 731//731 858//858 859//859
f 731//731 855//855 858//858
f 856//856 976//976 857//857
f 856//856 853//853 976//976
f 727//727 854//854 855//855
f 727//727 851//851 854//854
f 853//853 852//852 972//972
f 852//852 849//849 972//972
f 723//723 850//850 851//851
f 723//723 847//847 850//850
f 849//849 848//848 968//968
f 848//848 845//845 968//968
f 719//719 846//846 847//847
f 719//719 717//717 846//846
f 844//844 843//843 845//845
f 961//961 843//843 842//842
f 841//841 961//961 842//842
f 838//838 841//841 839//839
f 836//836 838//838 837//837
f 834//834 836//836 835//835
f 951//951 834//834 832//832
f 829//829 832//832 831//831
f 826//826 829//829 827//827
f 823//823 826//826 825//825
f 823//823 821//821 954//954
f 821//821 819//819 955//955
f 620//620 816//816 820//820
f 819//819 818//818 944//944
f 818//818 817//817 944//944
f 815//815 814//814 817//817
f 813//813 812//812 814//814
f 810//810 936//936 812//812
f 934//934 810//810 809//809
f 808//808 934//934 809//809
f 807//807 931//931 808//808
f 928//928 807//807 805//805
f 804//804 928//928 805//805
f 924//924 804//804 802//802
f 801//801 924//924 802//802
f 798//798 801//801 799//799
f 796//796 920//920 798//798
f 794//794 919//919 796//796
f 792//792 919//919 794//794
f 914//914 792//792 789//789
f 787//787 914//914 789//789
f 786//786 910//910 787//787
f 783//783 909//909 786//786
f 782//782 909//909 783//783
f 780//780 905//905 782//782
f 779//779 778//778 780//780
f 776//776 901//901 778//778
f 775//775 897//897 776//776
f 772//772 771//771 775//775
f 769//769 892//892 771//771
f 768//768 892//892 769//769
f 766//766 890//890 768//768
f 763//763 890//890 766//766
f 761//761 886//886 763//763
f 761//761 760//760 886//886
f 758//758 883//883 760//760
f 756//756 881//881 758//758
f 754//754 878//878 756//756
f 575//575 752//752 755//755
f 754//754 753//753 874//874
f 753//753 750//750 874//874
f 571//571 751//751 752//752
f 571//571 748//748 751//751
f 750//750 749//749 870//870
f 749//749 746//746 870//870
f 568//568 747//747 748//748
f 568//568 566//566 747//747
f 746//746 745//745 744//744
f 743//743 742//742 744//744
f 741//741 739//739 742//742
f 557//557 740//740 560//560
f 557//557 737//737 740//740
f 738//738 863//863 739//739
f 738//738 735//735 863//863
f 554//554 736//736 737//737
f 554//554 733//733 736//736
f 735//735 734//734 859//859
f 734//734 731//731 859//859
f 551//551 729//729 732//732
f 730//730 855//855 731//731
f 730//730 727//727 855//855
f 548//548 728//728 729//729
f 548//548 725//725 728//728
f 727//727 726//726 851//851
f 726//726 723//723 851//851
f 723//723 722//722 847//847
f 722//722 719//719 847//847
f 542//542 720//720 721//721
f 542//542 540//540 720//720
f 718//718 717//717 719//719
f 716//716 840//840 717//717
f 715//715 840//840 716//716
f 712//712 715//715 713//713
f 710//710 712//712 711//711
f 708//708 833//833 710//710
f 706//706 708//708 707//707
f 830//830 706//706 704//704
f 828//828 704//704 703//703
f 629//629 828//828 703//703
f 630//630 629//629 631//631
f 628//628 828//828 629//629
f 627//627 828//828 628//628
f 625//625 627//627 626//626
f 623//623 824//824 625//625
f 623//623 622//622 824//824
f 622//622 620//620 822//822
f 100//100 452//452 621//621
f 620//620 619//619 816//816
f 619//619 618//618 816//816
f 617//617 616//616 618//618
f 615//615 811//811 616//616
f 613//613 615//615 614//614
f 612//612 806//806 613//613
f 610//610 803//803 612//612
f 91//91 611//611 439//439
f 91//91 435//435 611//611
f 609//609 800//800 610//610
f 607//607 797//797 609//609
f 87//87 608//608 435//435
f 87//87 84//84 608//608
f 606//606 795//795 607//607
f 605//605 795//795 606//606
f 604//604 793//793 605//605
f 603//603 790//790 604//604
f 602//602 601//601 603//603
f 600//600 788//788 601//601
f 599//599 785//785 600//600
f 598//598 781//781 599//599
f 596//596 598//598 597//597
f 595//595 777//777 596//596
f 594//594 777//777 595//595
f 593//593 774//774 594//594
f 591//591 593//593 592//592
f 591//591 590//590 773//773
f 589//589 770//770 590//590
f 588//588 767//767 589//589
f 587//587 764//764 588//588
f 586//586 765//765 587//587
f 584//584 765//765 586//586
f 64//64 61//61 585//585
f 61//61 583//583 585//585
f 61//61 1955//1955 583//583
f 1955//1955 1956//1956 583//583
f 583//583 1956//1956 1957//1957
f 1957//1957 1956//1956 573//573
f 1957//1957 573//573 582//582
f 58//58 1956//1956 1955//1955
f 58//58 1958//1958 1956//1956
f 1956//1956 1958//1958 569//569
f 1958//1958 54//54 569//569
f 58//58 54//54 1958//1958
f 61//61 58//58 1955//1955
f 583//583 1957//1957 582//582
f 584//584 581//581 580//580
f 580//580 579//579 762//762
f 577//577 759//759 579//579
f 578//578 582//582 576//576
f 575//575 757//757 577//577
f 582//582 573//573 576//576
f 575//575 574//574 752//752
f 574//574 571//571 752//752
f 1956//1956 572//572 573//573
f 1956//1956 569//569 572//572
f 571//571 570//570 748//748
f 570//570 568//568 748//748
f 54//54 336//336 569//569
f 568//568 567//567 566//566
f 565//565 564//564 566//566
f 563//563 562//562 564//564
f 561//561 560//560 562//562
f 559//559 557//557 560//560
f 32//32 558//558 37//37
f 32//32 297//297 558//558
f 557//557 556//556 737//737
f 556//556 554//554 737//737
f 28//28 555//555 297//297
f 28//28 291//291 555//555
f 554//554 553//553 733//733
f 553//553 551//551 733//733
f 24//24 552//552 291//291
f 24//24 268//268 552//552
f 551//551 550//550 729//729
f 550//550 548//548 729//729
f 20//20 549//549 268//268
f 20//20 264//264 549//549
f 548//548 547//547 725//725
f 547//547 545//545 725//725
f 16//16 546//546 264//264
f 16//16 257//257 546//546
f 545//545 544//544 721//721
f 544//544 542//542 721//721
f 12//12 543//543 257//257
f 12//12 9//9 543//543
f 542//542 541//541 540//540
f 539//539 714//714 540//540
f 538//538 714//714 539//539
f 536//536 538//538 537//537
f 535//535 709//709 536//536
f 533//533 535//535 534//534
f 394//394 705//705 533//533
f 400//400 396//396 397//397
f 416//416 393//393 396//396
f 397//397 395//395 394//394
f 700//700 686//686 261//261
f 416//416 391//391 393//393
f 393//393 392//392 394//394
f 390//390 394//394 392//392
f 419//419 388//388 391//391
f 385//385 394//394 390//390
f 700//700 688//688 686//686
f 689//689 688//688 700//700
f 421//421 386//386 388//388
f 700//700 258//258 685//685
f 383//383 386//386 423//423
f 385//385 384//384 702//702
f 423//423 380//380 383//383
f 383//383 382//382 384//384
f 384//384 382//382 381//381
f 685//685 689//689 700//700
f 424//424 378//378 380//380
f 379//379 377//377 696//696
f 699//699 689//689 685//685
f 1959//1959 685//685 256//256
f 375//375 374//374 377//377
f 377//377 374//374 373//373
f 1959//1959 699//699 685//685
f 372//372 373//373 371//371
f 372//372 370//370 694//694
f 368//368 371//371 366//366
f 370//370 369//369 644//644
f 667//667 369//369 367//367
f 690//690 699//699 1959//1959
f 664//664 367//367 365//365
f 363//363 664//664 365//365
f 361//361 668//668 363//363
f 359//359 670//670 361//361
f 357//357 359//359 358//358
f 354//354 169//169 220//220
f 350//350 354//354 220//220
f 353//353 352//352 357//357
f 352//352 351//351 357//357
f 349//349 348//348 351//351
f 337//337 348//348 347//347
f 333//333 329//329 337//337
f 332//332 331//331 333//333
f 333//333 331//331 330//330
f 329//329 333//333 330//330
f 1959//1959 256//256 683//683
f 683//683 690//690 1959//1959
f 288//288 327//327 328//328
f 288//288 293//293 327//327
f 327//327 326//326 329//329
f 329//329 326//326 325//325
f 324//324 329//329 325//325
f 693//693 690//690 683//683
f 294//294 320//320 323//323
f 323//323 322//322 324//324
f 321//321 324//324 322//322
f 1960//1960 683//683 254//254
f 316//316 321//321 318//318
f 315//315 682//682 316//316
f 314//314 682//682 315//315
f 314//314 313//313 680//680
f 656//656 313//313 312//312
f 1960//1960 693//693 683//683
f 311//311 309//309 305//305
f 310//310 307//307 308//308
f 308//308 306//306 305//305
f 305//305 299//299 200//200
f 307//307 302//302 304//304
f 304//304 303//303 299//299
f 303//303 301//301 299//299
f 697//697 693//693 1960//1960
f 298//298 300//300 317//317
f 299//299 238//238 200//200
f 1960//1960 254//254 681//681
f 296//296 298//298 319//319
f 319//319 295//295 296//296
f 681//681 697//697 1960//1960
f 296//296 1961//1961 238//238
f 238//238 1961//1961 290//290
f 296//296 290//290 1961//1961
f 320//320 294//294 295//295
f 293//293 294//294 323//323
f 292//292 290//290 296//296
f 277//277 697//697 681//681
f 293//293 288//288 289//289
f 286//286 288//288 328//328
f 286//286 328//328 284//284
f 283//283 284//284 332//332
f 281//281 283//283 335//335
f 278//278 281//281 276//276
f 279//279 277//277 681//681
f 279//279 681//681 252//252