# https://github.com/mikedh/trimesh
v -0.00927282 -0.00589066 0.01842228
v -0.00677839 -0.00589118 0.00424590
v 0.01174320 -0.00330656 0.00110879
v 0.00447608 0.00837157 0.00340853
v 0.01641147 -0.00339198 0.00110757
v -0.00477698 -0.00590673 0.01267327
v -0.00838061 0.00457586 0.00110162
v -0.01942768 0.00574781 0.01842270
v -0.01762651 0.00836544 0.01375216
v 0.00728806 -0.00605423 0.01838344
v 0.00715089 0.00836051 0.01188799
v -0.00728536 0.00589728 0.00110858
v -0.00701836 0.00773080 0.00109368
v 0.01170395 0.00836890 0.00202627
v -0.00941247 -0.00589072 0.00259136
v -0.01047783 -0.00319667 0.01842818
v 0.01466367 0.00836785 0.00153002
v -0.01016852 -0.00171614 0.00110792
v -0.00976463 -0.00347593 0.00110820
v 0.00527224 -0.00589677 0.01637684
v 0.00684826 -0.00593660 0.00458130
v 0.00845859 -0.00494189 0.00110752
v 0.00409663 -0.00589137 0.01346677
v 0.01651674 0.00554421 0.00112439
v -0.00435512 0.00838928 0.00417785
v 0.00118754 0.00836646 0.00346989
v -0.01066632 -0.00589157 0.00111014
v 0.00846634 0.00836713 0.00213709
v 0.01355818 0.00837189 0.01474227
v 0.01557451 0.00550435 0.01842453
v 0.00799991 -0.00588151 0.00111181
v -0.01219754 0.00096565 0.00110976
v -0.00724863 0.00836674 0.00110976
v 0.01569251 0.00836674 0.00110976
v -0.02069521 0.00836665 0.01842383
v 0.00413765 -0.00589126 0.01162098
v -0.00463329 -0.00589037 0.00731907
v -0.01381422 0.00136121 0.00094669
v 0.00523980 -0.00589963 0.00734743
v -0.01398095 0.00836818 0.01166602
v 0.01002582 0.00837229 0.01279023
v -0.00681270 0.00836971 0.00262114
v -0.01109657 0.00337641 0.00110956
v -0.00482473 0.00836723 0.01109407
v -0.01015117 0.00837512 0.01105287
v 0.00715359 -0.00396566 0.01842437
v 0.01004413 0.00022289 0.01842476
v 0.01723676 0.00836634 0.01842364
v -0.01596541 0.00185963 0.01842406
v -0.01926164 0.01427488 0.03869569
v -0.02645700 0.03448718 0.02032529
v -0.01756075 0.00686542 0.04381045
v -0.01924756 -0.00547312 0.03261315
v -0.01980796 -0.00387328 0.03536562
v -0.01956435 0.00652084 0.04232345
v -0.01491953 -0.00899473 0.02719901
v -0.01765522 0.00372848 0.04642968
v -0.01482542 0.00654842 0.04494963
v -0.02184661 -0.05488129 -0.01447481
v -0.02327664 0.01870325 0.03127259
v -0.02141059 -0.05471347 -0.01224872
v -0.00910760 0.00124605 0.04017024
v -0.02109472 0.01407554 0.03704947
v -0.02004929 -0.00273551 0.03719429
v -0.02400088 -0.05147219 -0.02434825
v -0.01995222 -0.00263263 0.03211983
v -0.02109961 0.00719027 0.03911479
v -0.01237122 -0.00721236 0.03184651
v -0.02348282 -0.01376766 0.02447493
v -0.02026654 -0.05619831 -0.00929535
v -0.02082470 -0.05736187 -0.01786788
v -0.01713039 -0.05637865 -0.01426996
v -0.01082016 -0.00608753 0.03173982
v -0.02080088 -0.01460151 0.02763792
v -0.01854356 -0.01174121 0.02798764
v -0.02351115 -0.05592487 -0.02583442
v -0.02009834 -0.05357898 -0.02859193
v -0.01035229 0.00192766 0.04248094
v -0.01278057 -0.01108778 0.02653501
v -0.02039271 -0.02242670 0.02830469
v -0.02237345 -0.02653115 0.02583257
v 0.00946296 -0.01843514 0.03052515
v -0.01775746 -0.05866492 -0.02454237
v -0.02310546 -0.03979594 0.01527281
v -0.01624308 -0.05808908 -0.01840488
v -0.02150848 -0.03556703 0.02682733
v -0.00512245 -0.03120145 0.03386501
v -0.02241419 -0.03752624 0.02477240
v -0.02119987 0.00610194 0.03695854
v -0.01138030 -0.05658405 -0.01378789
v -0.02425648 -0.02109486 0.01879348
v -0.01941835 -0.03504488 0.02958988
v -0.02341454 -0.04209043 0.01756416
v 0.00808819 -0.00765474 0.00039561
v 0.00889300 -0.00640617 -0.00042985
v -0.02280588 -0.04232757 0.01469604
v -0.02495052 -0.01369888 0.01855993
v -0.02369465 -0.02534854 0.02169474
v 0.01088585 -0.00951534 0.00326726
v 0.00860053 -0.00906460 0.00995714
v -0.02236179 -0.01197186 0.02516376
v -0.01865109 -0.02986438 0.02984503
v -0.02661655 -0.04727760 0.00965716
v -0.02646186 -0.04552898 0.01046392
v -0.01975848 0.00214433 0.04471479
v 0.01256340 -0.00857705 0.01333465
v -0.02172543 -0.04055752 0.02848673
v -0.01930747 -0.03848645 0.03083673
v 0.00998351 -0.00829727 -0.00007831
v -0.02560460 -0.04746771 0.01044824
v -0.02621054 -0.04674706 0.00861054
v -0.01890319 -0.04323698 0.03040364
v -0.01508798 -0.03133061 0.03204795
v 0.02067128 -0.00842344 0.02563373
v 0.02195258 -0.01109246 0.02637973
v 0.02295895 -0.00991996 0.02408704
v -0.02347584 -0.04711891 0.00730866
v 0.02212825 -0.00795719 0.02223698
v -0.00866510 -0.01206828 0.02652651
v -0.02373475 -0.04553271 0.00910223
v -0.01145074 -0.00835030 0.02009497
v 0.02405718 -0.01534200 0.01704458
v -0.00319478 0.00087317 0.04278058
v -0.02468546 -0.04796218 0.00785520
v -0.00427642 0.00104660 0.04160044
v -0.01673624 -0.04040554 0.03193140
v -0.02368854 -0.04689990 0.01394483
v -0.02049107 0.00177644 0.04248225
v -0.02310051 -0.04823504 0.00886766
v 0.02443660 -0.02227210 0.02248391
v 0.02508427 -0.03157679 0.02322672
v -0.00363147 -0.00167802 0.03549469
v -0.02469930 -0.02374965 0.01047768
v 0.02374316 -0.01877761 0.02465570
v -0.00383951 0.00027366 0.03792091
v 0.02501672 -0.03590485 0.02056581
v 0.02483894 -0.03489197 0.02584902
v -0.01857802 -0.04869433 0.01792671
v -0.02066266 0.00079183 0.03807411
v 0.02584079 -0.04017450 0.02209095
v -0.00227871 -0.00447462 0.03371001
v -0.01681429 -0.04717720 0.02254712
v -0.02049610 -0.05064599 0.00975471
v -0.00366845 0.00214052 0.04324749
v -0.01221734 -0.04231251 0.03270956
v -0.01322983 -0.04516862 0.03123296
v -0.01265880 -0.04708524 0.02312344
v 0.02861722 -0.04808496 -0.01178967
v 0.03053125 -0.05113011 -0.01621470
v -0.02558695 0.04103482 0.01887080
v -0.02590253 0.03004852 0.02049185
v -0.01504741 -0.04996810 0.01488498
v -0.00682244 -0.05081244 0.01122436
v -0.01295964 -0.01041243 0.01042992
v -0.00551193 -0.04385704 0.03257526
v -0.01771724 0.02647926 0.03059232
v -0.01668749 0.03447850 0.02354081
v -0.01499491 0.03377806 0.02420889
v -0.00529674 -0.04141691 0.03368903
v -0.01828887 0.00257112 0.04584136
v -0.01441275 0.02639600 0.02939736
v 0.00207858 -0.04381855 0.03235715
v -0.01437458 0.02752187 0.02836097
v -0.00885138 -0.00539750 0.03126005
v -0.02039756 -0.00027437 0.04001232
v -0.00006861 -0.04703334 0.02360502
v 0.00466834 -0.04850532 0.02395672
v -0.01273154 0.02318174 0.03190816
v 0.00791051 -0.04852063 0.02461884
v -0.01909036 0.00077024 0.04317055
v -0.02342124 -0.03200583 0.02169609
v -0.01947334 -0.00008808 0.02553217
v -0.01922275 0.00389218 0.02003839
v -0.01114087 -0.00943627 0.02703663
v -0.01878321 -0.00546370 0.03378040
v 0.00777511 -0.04853423 0.02397389
v 0.01549356 -0.04225767 0.03281905
v 0.01197260 -0.04847411 0.02371186
v 0.01333274 -0.04620249 0.02277443
v -0.02013900 -0.00243111 0.03832854
v -0.00580849 -0.00170351 0.03523692
v 0.00486211 -0.05159161 0.01049113
v 0.00886417 -0.04474631 0.03134975
v 0.01624247 -0.04611851 0.02275478
v -0.02558497 -0.01601111 0.00826561
v -0.02504018 -0.02816941 0.00030935
v -0.02119853 -0.01161086 0.00436388
v 0.02004504 -0.04576497 0.02217021
v 0.02111255 -0.04600413 0.01990710
v -0.02391101 -0.03850934 -0.00564374
v 0.02416381 -0.04379488 0.02889090
v -0.02639421 -0.04049145 -0.01833035
v -0.01933704 -0.00188027 0.03929291
v 0.02519138 -0.04165770 0.02844185
v -0.01576451 0.00374346 0.04697818
v -0.00928318 -0.00628250 0.01853537
v -0.02429255 -0.04270440 -0.01506767
v -0.02260906 -0.04112967 0.02042327
v 0.02579401 -0.04544834 0.02499197
v 0.02394335 -0.04514953 0.02189548
v 0.02526939 -0.04381636 0.02247903
v 0.02564359 -0.04263600 0.02391091
v -0.02276090 -0.05117518 -0.01139562
v 0.02664299 -0.04240614 0.02016281
v 0.02709401 -0.04098402 0.02010023
v 0.02164332 -0.05251454 0.00238457
v -0.02298401 -0.04842012 0.00699207
v -0.02282147 -0.03481908 0.01830493
v -0.02297106 -0.04620130 -0.01648800
v 0.02567789 -0.05011734 0.00565004
v -0.02454845 -0.05213778 -0.01981884
v -0.02389077 -0.05455226 -0.01785455
v 0.02745063 -0.04978099 0.00339830
v 0.03108305 -0.04367497 0.00914265
v -0.02278161 -0.05099237 0.00050418
v 0.02739323 -0.05156842 -0.00011764
v 0.02708173 -0.05331737 -0.00918745
v -0.02335657 -0.05604445 -0.02202135
v -0.02488478 -0.05438692 -0.02432993
v -0.02352408 -0.04974146 -0.02635257
v -0.02271036 -0.05728086 -0.02473000
v -0.02433280 -0.05507891 -0.02539335
v -0.02640631 0.03898768 0.01904643
v -0.02391837 0.03256373 0.02489783
v -0.02240628 -0.05073347 -0.02781591
v -0.02385184 -0.04678726 -0.02779948
v -0.02412966 0.03687261 0.02245704
v -0.01229685 -0.01114052 0.00272429
v 0.00873337 0.00360192 0.03998014
v -0.02211535 0.02838477 0.02851290
v 0.00804046 -0.00210834 0.03359132
v -0.01278475 0.00402494 0.04666396
v -0.02389967 0.01986073 0.02864273
v -0.02431732 0.02225346 0.02476756
v 0.01683267 0.01125599 0.04681780
v 0.01669246 0.01315217 0.04499824
v 0.01733120 0.01053642 0.04694880
v -0.02320389 0.02338482 0.03026581
v 0.01908452 0.01063059 0.04662503
v 0.01310776 0.00568301 0.04110212
v 0.01142483 0.00138482 0.03504288
v -0.02318959 0.01797362 0.02758261
v -0.02342517 -0.04508415 -0.00676920
v 0.01752577 0.00555821 0.04287722
v -0.02096141 0.02095520 0.03350706
v -0.01889683 0.01882543 0.03582591
v -0.01728130 0.02120976 0.03424893
v -0.02261206 0.01207183 0.03241981
v -0.01481564 0.00458932 0.04679182
v -0.02174773 -0.05004823 0.00890122
v -0.02220996 -0.05314227 -0.00023974
v 0.02219398 -0.00779322 0.01554712
v -0.01997493 0.00101230 0.02937388
v 0.02523695 -0.02581764 0.01372338
v 0.00616508 -0.04799499 -0.03381556
v 0.02402930 -0.00908853 0.01611443
v 0.02626630 -0.03796695 0.01381353
v -0.00692562 -0.00751023 0.01546409
v -0.01664846 -0.00036157 0.04217205
v 0.02429589 -0.01116969 0.01810617
v 0.01883776 -0.04949959 -0.03149207
v 0.02541169 -0.05531052 -0.01795942
v -0.00921721 -0.00705171 0.00322358
v 0.02836147 -0.04593106 -0.02045141
v 0.02662098 -0.05299856 -0.02659078
v 0.02429924 -0.02579522 0.01931251
v 0.03119753 -0.05076423 -0.02263300
v -0.00762157 -0.01033062 0.00613358
v 0.02615689 -0.03861491 0.01921314
v -0.02572082 0.02873070 0.00919359
v -0.02456785 0.02445441 0.01326286
v -0.02402714 0.02019027 0.01359685
v -0.01353184 0.00178359 0.04406382
v 0.02909521 -0.04548482 -0.01722376
v -0.02369957 0.02075238 0.01066794
v 0.03051557 -0.04843338 -0.01717871
v 0.02718001 -0.05515798 -0.02446528
v -0.02820377 0.04076125 0.01288769
v -0.01449464 0.04296767 0.00253547
v -0.01423878 -0.00112129 0.04268773
v -0.01360072 0.05064779 0.01432834
v -0.02360579 0.02691267 0.01746491
v -0.02272630 -0.04017090 0.00886586
v -0.01105498 0.04416199 0.01961056
v -0.02231637 -0.05303706 -0.00996971
v -0.02359646 0.02640140 0.01588344
v -0.01047139 0.03997197 0.02285068
v -0.00967522 0.00478520 0.04570434
v -0.00672862 0.04348214 0.01857682
v -0.00525786 -0.00823261 0.00681972
v -0.00825343 0.02880754 0.03081726
v -0.01663261 0.03931545 0.02012344
v -0.01571430 0.03768707 0.02181540
v -0.00851982 0.03395002 0.02663098
v -0.01184177 0.01608189 0.03681781
v -0.01326886 0.04099900 0.02146850
v -0.01110599 0.01017947 0.04095843
v -0.02254977 -0.00134446 -0.00532958
v -0.02056669 -0.05491858 0.00016840
v -0.02751680 -0.01429869 -0.00933903
v -0.02622951 -0.01550367 -0.00526506
v -0.02165577 -0.05486821 -0.00884956
v -0.01435035 -0.01835031 0.02959505
v -0.00463447 -0.00844642 0.01085972
v -0.02508574 -0.01370126 -0.00391001
v -0.01169387 0.03559037 0.02535748
v -0.02110365 0.01166518 0.01546125
v -0.00965204 0.02229221 0.03458058
v -0.01055710 0.02788460 0.03101611
v -0.01506444 -0.00150967 0.03910127
v -0.02334360 0.00102189 -0.02633763
v -0.02495928 -0.01336287 0.00319577
v -0.02799438 -0.02545179 -0.01092250
v 0.00099946 0.00343688 0.04084066
v -0.02577456 -0.01652508 -0.00353366
v -0.02157641 -0.05429912 -0.00029225
v -0.02526397 -0.02476377 -0.00507545
v -0.02820858 -0.01722420 -0.00882315
v -0.02745947 -0.03174378 -0.01380074
v -0.01769828 -0.00647375 -0.00095040
v -0.02237826 -0.01050786 -0.02512201
v -0.02688544 -0.03496558 -0.01428235
v -0.02699786 -0.03556238 -0.01227471
v -0.02699838 -0.03066845 -0.00926860
v -0.02513615 -0.03192377 -0.01568815
v -0.02498189 -0.02996161 -0.01893801
v -0.02490597 -0.03182654 -0.00612990
v -0.00559766 -0.00572601 0.03029490
v -0.02485281 -0.02655711 -0.00358865
v -0.01777690 -0.05684357 -0.00976247
v -0.02413437 -0.02942156 -0.02140132
v -0.02478286 -0.03833626 -0.00902722
v -0.02470437 -0.02721742 -0.02358066
v -0.02415220 -0.03128952 -0.02889334
v -0.02642467 -0.03822498 -0.01799329
v -0.00966313 0.00408887 0.04586141
v -0.00740201 -0.00880472 0.02734372
v -0.02332942 -0.03468846 -0.02744318
v -0.02494871 -0.03671318 -0.01983254
v -0.02495464 -0.03785821 -0.03326654
v -0.02465758 -0.03870158 -0.02218630
v -0.02441778 -0.03645322 -0.02403111
v -0.02610358 -0.04121371 -0.02197543
v -0.01688188 -0.05508639 0.00073376
v 0.00757985 0.00810083 0.04710880
v -0.02506722 -0.03361766 -0.03828147
v -0.01257669 -0.05583860 -0.00544713
v -0.02522389 -0.04033257 -0.02680804
v -0.02662783 -0.04247160 -0.02450144
v -0.02624195 -0.04338946 -0.02672769
v -0.02158878 -0.03595583 -0.03901444
v -0.02226839 -0.03135384 -0.04119217
v -0.02309222 -0.04671584 -0.02181057
v 0.00978393 0.01095580 0.04325642
v 0.01015145 0.00814188 0.04643832
v 0.00869568 0.00880474 0.04677065
v 0.01098425 0.01100340 0.04358351
v 0.01059515 0.01502572 0.04080196
v -0.02473837 -0.04408445 -0.02096177
v 0.01416670 0.01221241 0.04521996
v -0.02464789 -0.04202383 -0.02924930
v -0.02334916 -0.04677518 -0.01908616
v -0.01899708 -0.03207341 -0.04097535
v -0.01122331 -0.03549873 -0.03828952
v 0.01524142 0.02094089 0.03962136
v 0.01390107 0.02024790 0.04010662
v 0.01688834 0.01570055 0.04288245
v -0.02413137 -0.04706292 -0.02500942
v -0.02348872 -0.04940360 -0.01879870
v -0.02260689 -0.04958078 -0.01594981
v 0.01829438 0.00969827 0.04626488
v 0.00533174 -0.00818444 0.01025962
v -0.02218057 -0.04983065 -0.02138932
v 0.01705807 0.00752430 0.04422390
v 0.00459522 -0.01252073 0.02692737
v 0.00458079 -0.00777873 0.01494612
v 0.01214282 0.00426292 0.03846613
v 0.00644850 0.00199092 0.03732766
v 0.02075682 0.01004965 0.04495761
v 0.01981785 0.00762201 0.04320393
v 0.00791512 0.00254313 0.04321554
v 0.02025408 0.00574067 0.03960631
v 0.00868781 0.00566726 0.04303549
v 0.01556238 0.00175884 0.03473643
v 0.01766407 0.00381887 0.03697592
v 0.01894310 -0.00027434 0.03411096
v 0.01894295 0.00271331 0.03580621
v -0.02647394 -0.04401650 0.01629800
v 0.02227791 0.00754527 0.04189858
v -0.01005248 -0.05466033 -0.00108521
v -0.02180908 -0.04226131 -0.03333530
v 0.00764179 0.00140445 0.03644278
v -0.01007063 -0.05448609 -0.02998063
v 0.01088411 0.00910236 0.04641723
v 0.00553596 -0.00398246 0.02963173
v -0.00252866 -0.05565912 -0.00577837
v -0.00498070 -0.05532613 -0.00836863
v -0.00686481 -0.05757905 -0.02732259
v 0.01213336 0.00964312 0.04635403
v 0.01516005 0.01038560 0.04746199
v 0.01422333 -0.00925604 0.00238227
v -0.02377741 -0.03759368 -0.03681079
v 0.01222937 0.00840753 0.04630957
v 0.00280163 -0.05559630 -0.00195158
v 0.00744968 -0.00590737 0.02687037
v 0.00447258 -0.05475094 0.00022910
v -0.02713604 -0.04458226 0.01262892
v -0.01965657 -0.04710135 -0.03140912
v 0.00453902 -0.05538608 -0.00985987
v -0.00654301 -0.00998780 0.01026374
v -0.01606488 -0.04203842 -0.03537018
v -0.02691267 -0.04644899 0.01009674
v -0.01493852 -0.05629066 -0.00954194
v 0.00387425 -0.05677217 -0.02761845
v -0.01919201 -0.05570638 -0.00127870
v 0.00549980 -0.05611779 -0.00713899
v 0.00542237 -0.05539886 -0.00272282
v 0.00839407 -0.05407194 -0.00141194
v 0.01388918 0.00210047 0.03510500
v -0.01079844 -0.02413622 0.03154486
v 0.01035157 -0.00555903 0.02311971
v 0.00730279 -0.05500231 -0.00895673
v -0.00253155 -0.00543064 0.03011592
v 0.02046774 -0.00867891 0.00189372
v -0.01439215 -0.04894060 -0.03237583
v 0.01054525 -0.05533079 -0.01239656
v 0.01198267 -0.00394502 0.02396685
v 0.02541862 -0.01221336 0.01193880
v -0.02753558 -0.04503404 0.01407059
v 0.02591816 -0.03324426 0.01092838
v 0.02722967 -0.03451172 0.00519313
v 0.02765910 -0.03182922 -0.00377380
v -0.01823909 -0.05743689 -0.02677057
v 0.02456503 -0.05402400 -0.01338766
v -0.00611380 -0.04661737 -0.03426265
v 0.01901513 -0.05695730 -0.02370700
v 0.02915756 -0.03868377 -0.01229782
v 0.02144079 -0.05636919 -0.02499091
v 0.02817468 -0.04356629 -0.01493411
v -0.02630737 -0.04603385 0.01461806
v -0.02688448 -0.04655600 0.01175936
v 0.02932457 -0.04870769 -0.02576426
v 0.03068097 -0.04569565 -0.02404540
v -0.02675356 0.04740784 0.01397715
v -0.02669818 0.04644991 0.01515070
v 0.00679479 -0.00917560 0.00760623
v -0.02669921 0.03945207 0.00941665
v 0.02159757 -0.00864544 0.00571081
v -0.02485977 0.03235962 0.01237738
v 0.01745714 -0.00863372 0.00185497
v 0.00258557 -0.00628351 0.02770502
v -0.00846380 -0.00927501 0.01499669
v 0.02397672 -0.00896560 0.00833834
v 0.02377840 -0.00921943 0.00221031
v -0.01816474 0.04836435 0.01129473
v -0.01178336 0.05005421 0.01547498
v -0.00054115 -0.00099514 0.03529206
v -0.00874578 0.05059920 0.01307464
v -0.00783609 0.04949238 0.01488683
v -0.00715410 0.05113278 0.01322958
v -0.02613036 -0.04385904 0.01818649
v 0.02543251 -0.02060544 0.01560979
v 0.00815594 -0.00795603 0.00385671
v -0.02405473 0.04157139 0.01948104
v -0.02182655 0.00049703 -0.00315830
v -0.02890633 -0.01708071 -0.01124423
v -0.02692356 0.03518144 0.00454436
v -0.01933402 0.03598924 0.02357068
v 0.00081696 -0.00296772 0.03218357
v -0.00245850 -0.00921083 0.02643612
v 0.00878107 -0.00471515 0.02769765
v -0.02838189 -0.01745173 -0.01630435
v -0.02336883 -0.04511301 0.01887328
v -0.02836062 -0.01568704 -0.01610842
v -0.02049209 -0.00056570 -0.00121884
v -0.02837308 -0.02248109 -0.01392814
v -0.02840347 -0.02022490 -0.01400820
v 0.00876886 -0.00314151 0.03021693
v -0.01436605 0.04930744 0.01585014
v -0.02158723 -0.01183512 0.00067553
v 0.00038610 -0.05443775 0.00197572
v -0.03107638 0.01753250 -0.01562384
v -0.02317995 0.00050459 -0.03206006
v -0.02293436 0.00164940 -0.03509656
v -0.02435001 -0.04425287 0.01314624
v -0.02350795 -0.01465909 -0.01723914
v -0.03059533 0.01860621 -0.01938407
v -0.02632040 -0.02228320 -0.01543020
v 0.00928774 -0.00674544 0.02561021
v -0.02673547 -0.01808548 -0.01721067
v -0.02993838 0.01135050 -0.01268952
v -0.02166107 -0.04551541 0.02690040
v -0.02908666 0.01470011 -0.01238904
v -0.02343329 -0.01347325 -0.01272342
v -0.03021144 0.00972142 -0.01982223
v -0.02771324 -0.02695073 -0.01291897
v -0.03029547 0.01046956 -0.01459409
v -0.02531608 -0.01401801 -0.01576413
v -0.02234891 -0.04518714 0.02468353
v -0.02424919 -0.00518661 -0.02301159
v -0.02248715 -0.00703307 -0.02744809
v -0.02349326 0.02208376 -0.00555787
v -0.02342049 0.01292813 -0.00638529
v -0.02536376 -0.02832587 -0.01491187
v -0.02045417 0.01478775 0.01045949
v -0.01981155 0.01815727 0.00619548
v -0.02306427 -0.04311857 0.01959140
v -0.00133423 -0.00680687 0.02753473
v -0.02564308 -0.02383623 -0.01913121
v -0.01912174 0.00964758 0.01399200
v -0.01644354 0.01557154 0.00764483
v -0.01040434 0.00665749 0.04293288
v -0.02461534 -0.02435238 -0.02127977
v 0.00377208 -0.00174546 0.03291926
v -0.01131371 -0.00365357 0.00025715
v 0.03086730 -0.03373212 -0.01230502
v -0.02148978 -0.04592496 0.02229766
v -0.02062290 -0.00545744 -0.00249331
v -0.02243602 -0.04499618 0.02104586
v 0.03025016 -0.04721733 -0.02295742
v -0.00813931 -0.04730795 0.02932066
v -0.02866711 0.04567914 0.01274737
v -0.02199850 -0.00778760 -0.00478188
v 0.01006336 -0.00811716 0.02552683
v 0.00508032 -0.00768398 0.02644132
v -0.02427932 -0.04497077 0.01801995
v 0.00336033 -0.00985371 0.02620384
v -0.02210304 -0.01129533 -0.00354260
v 0.01938058 -0.01006735 0.02795246
v -0.01736017 0.04741491 0.01510721
v -0.02955902 0.02149601 -0.01288552
v -0.03065228 0.01744827 -0.01333180
v 0.00564182 -0.00900592 0.01389318
v -0.03092383 0.02304782 -0.02403987
v -0.03054659 0.01778589 -0.02264826
v -0.02598297 -0.01901626 -0.01846313
v -0.01684840 -0.05138215 0.01004083
v 0.01798145 -0.00899080 0.02765533
v -0.01154477 -0.05502741 0.00159636
v -0.03025915 0.01303755 -0.02071356
v -0.03001508 0.01095899 -0.02157086
v -0.03028094 0.01290774 -0.02331082
v -0.02637535 0.01844240 -0.01347000
v -0.02983597 0.00759864 -0.01912474
v 0.01081791 -0.00542194 0.02569258
v -0.00327082 -0.01244944 0.02644993
v 0.01666037 -0.00746667 0.02579162
v -0.02163013 -0.04637482 0.02347856
v -0.02954461 0.01001389 -0.02187324
v -0.02909213 0.01056843 -0.01292957
v -0.02709579 0.01024096 -0.01390517
v -0.02362395 0.01181943 -0.00973980
v -0.02054199 -0.04586470 0.02816033
v -0.01965048 -0.04750698 0.02728571
v 0.01494665 -0.02950051 0.03333111
v 0.01201524 -0.00849859 0.02588256
v -0.02249512 -0.00198787 -0.01479503
v -0.02079399 -0.04886322 0.02333129
v -0.01487495 0.01067080 0.01050709
v -0.02130737 -0.04725092 0.01957896
v -0.01625780 0.01796423 0.00468114
v -0.02209564 -0.01063696 -0.00973951
v 0.01073284 -0.00712519 0.02428938
v -0.02421190 -0.00815492 -0.02159676
v -0.02294184 -0.01201995 -0.00640549
v -0.02387856 -0.00891941 -0.02307426
v 0.00834232 -0.00824372 0.01645021
v -0.01683437 -0.01091570 0.00136536
v 0.00397211 -0.05219866 0.00664004
v -0.02071513 -0.00818950 -0.00249890
v -0.00912882 -0.04711384 0.02366828
v -0.01918085 -0.01061331 0.00049525
v -0.02206114 -0.01226246 -0.01523036
v 0.01048636 -0.00735456 0.02173437
v -0.00608330 -0.04726920 0.02326276
v 0.02960008 -0.02683630 -0.00731183
v -0.02266659 -0.01149907 -0.02000241
v -0.02593178 -0.01818830 -0.02726368
v -0.01871663 -0.04592139 0.02912288
v -0.00440408 -0.04747018 0.02191741
v -0.02161362 -0.01196271 -0.02259260
v -0.02705224 -0.01908462 -0.03540693
v 0.01534994 -0.00349623 0.02732186
v 0.03050299 -0.05236512 -0.02337107
v -0.02863564 0.04372517 0.00837933
v -0.00013789 0.00648659 0.04618245
v -0.00219202 0.00223097 0.04177295
v -0.02606553 -0.01923503 -0.03713590
v -0.02376930 0.04773370 0.01573907
v -0.02184935 0.04173329 0.01980834
v 0.01275364 -0.00408951 0.02753106
v -0.00094802 0.00552729 0.04578507
v -0.02441741 -0.02054135 -0.03145122
v -0.02461441 -0.02266437 -0.03453308
v 0.02043673 0.01711005 0.02160733
v 0.00876257 0.01187326 -0.00123991
v 0.02169241 0.00969253 -0.01416355
v -0.02624290 -0.02224908 -0.03685053
v 0.00662025 -0.05769489 -0.02307887
v 0.00860450 -0.05488109 -0.00540580
v 0.01106274 -0.05711705 -0.02134665
v 0.02709517 0.02237655 -0.01265136
v -0.03117543 0.02096043 -0.01441882
v 0.02655698 0.01954305 -0.01118253
v 0.02638357 -0.01235495 -0.00244105
v 0.02204499 0.00680962 -0.01938204
v -0.02002965 -0.04861429 0.02287043
v 0.02252541 -0.00787367 -0.01122719
v -0.02209314 0.03076482 -0.00108417
v -0.02590760 0.03287633 0.00316691
v 0.02778902 -0.02702877 -0.00470002
v 0.02753309 0.02185506 -0.01477678
v -0.02596191 -0.02614194 -0.03965522
v 0.02218357 0.00916480 -0.01777229
v -0.02427382 0.03182269 -0.00702721
v 0.02232288 -0.02179427 0.02781165
v 0.02854255 -0.03355014 -0.00663212
v 0.01180475 -0.00902805 -0.03789409
v 0.01154664 -0.00264269 -0.03762558
v 0.01192769 0.01849567 -0.04178206
v 0.02349239 -0.00943310 -0.01170807
v 0.03036984 -0.02882253 -0.00879537
v 0.02754611 0.02028441 -0.01184477
v 0.02284027 0.00570359 -0.02155852
v -0.01031262 -0.03436552 0.03366723
v 0.00569554 0.00836441 0.04737763
v -0.00477203 -0.04902050 0.02434018
v -0.02452543 0.02806605 0.00453545
v 0.03065185 -0.03600648 -0.02090021
v 0.02681979 0.01524348 -0.01213161
v 0.00210846 0.00652969 0.04611611
v 0.00350276 0.00448256 0.04267763
v 0.00670826 0.00599384 0.04429494
v 0.03079969 -0.03838066 -0.01770369
v 0.02787687 0.01514416 -0.01348213
v 0.02805937 0.01257526 -0.01790905
v 0.02620972 0.01059880 -0.01698838
v 0.03105959 -0.03749444 -0.01918283
v -0.00126306 0.00096349 -0.03856142
v 0.00387368 0.01137794 0.04420480
v -0.02491454 0.03198929 -0.00906140
v 0.01957914 0.02075992 -0.00517723
v 0.00707470 0.02268007 0.03547117
v -0.02252184 0.03185231 -0.00524555
v 0.02062975 0.01235811 -0.00599561
v 0.02758474 0.01218780 -0.01548148
v 0.03073976 -0.04164005 -0.02421329
v 0.03180501 -0.03881563 -0.02433421
v 0.02700718 -0.05556985 -0.02367846
v -0.02951312 0.01599263 -0.02523017
v 0.02893103 -0.04474915 -0.02793022
v 0.02319616 -0.00135714 -0.01955050
v -0.02902870 0.04397970 0.01067896
v 0.00916159 0.01842767 0.03853731
v 0.02284014 0.00089578 -0.02789342
v 0.00893960 0.02201618 0.03576290
v 0.02116869 -0.00190246 -0.03210634
v -0.00426761 -0.03678830 0.03441607
v 0.01751171 0.00028882 -0.03581918
v 0.02093829 0.01213223 -0.00991180
v 0.00835441 -0.05710012 -0.01815321
v 0.02156917 0.00089097 -0.03156862
v 0.01189563 0.02048715 0.03906450
v 0.02464688 0.00566996 -0.02737889
v 0.01666777 -0.01270123 -0.03828319
v -0.00977037 0.01126248 -0.00051733
v -0.01009391 0.00708241 -0.00302352
v -0.02051476 0.03210654 -0.00364200
v -0.02184016 0.03018157 -0.00305269
v -0.02187994 0.03369220 -0.00226154
v -0.02090268 0.03276205 -0.00265068
v 0.00848311 0.05522986 0.01469296
v -0.00804081 0.00690238 -0.00266168
v -0.02004463 0.03495315 -0.00264887
v 0.02675837 0.02879509 -0.01261669
v 0.02367281 -0.01019331 -0.02219717
v 0.02351798 -0.00507962 -0.02637356
v 0.01092220 0.05441166 0.01505465
v -0.00736263 0.00853524 -0.00164257
v 0.02711472 0.02618210 -0.01282276
v 0.01194128 0.05481066 0.01270686
v -0.00783752 0.00594312 -0.00070369
v 0.02438572 -0.01083781 -0.01449708
v 0.02511461 0.02221044 -0.01194055
v 0.02009999 -0.00569584 -0.03472086
v 0.02683932 -0.01916441 -0.00255054
v 0.01241761 0.05275666 0.00895638
v 0.02350999 -0.00676409 -0.03202805
v 0.02169899 -0.00889435 -0.03564412
v -0.02136235 0.02296114 -0.00117235
v 0.01345581 0.05450401 0.01109028
v 0.01160370 0.05475650 0.01202830
v 0.00602503 0.03490890 -0.00406454
v 0.00395954 0.01379195 0.00531900
v 0.01871106 -0.05478611 -0.01340348
v 0.01382432 0.05387594 0.00980067
v 0.00486636 0.03580291 -0.00341863
v 0.02005518 -0.02077552 -0.04068925
v 0.00698363 0.01870990 0.01049119
v 0.00598891 0.01830486 0.00818080
v 0.02738802 0.02368943 -0.01443215
v 0.00544134 0.03573975 -0.00769038
v 0.00479318 0.03333871 -0.00093473
v -0.00148366 -0.04871815 0.02538865
v 0.02960968 -0.02513588 -0.01697158
v 0.00724043 0.01852921 0.00645098
v 0.02868113 -0.02227996 -0.01945097
v 0.03023368 -0.03138030 -0.02014750
v 0.01355030 0.04897327 0.00517681
v 0.02119804 0.00570657 -0.03670042
v 0.01107005 -0.05773832 -0.02538037
v 0.01397568 0.00699586 -0.03898589
v 0.00623371 0.02259403 0.00193538
v 0.03098663 -0.03404354 -0.02502867
v 0.00586855 0.03122655 -0.00375605
v 0.00707160 0.03014186 -0.00350486
v -0.02561954 0.01157267 -0.01322935
v 0.02803648 0.01748261 -0.01543202
v -0.02859892 0.00721548 -0.01827502
v 0.00637582 0.02947239 -0.00164901
v 0.00783446 0.01924993 0.00376777
v 0.01243792 0.04459290 -0.00196583
v 0.02333442 0.00752303 -0.02181497
v 0.02529861 0.00998137 -0.02029009
v 0.00708816 0.03663338 -0.00891537
v 0.02696199 0.01854880 -0.01809229
v -0.03014159 0.01014626 -0.02607225
v -0.02583986 0.04250451 0.00521414
v -0.02323233 0.04861531 0.01420290
v -0.01860092 0.04842921 0.01329465
v 0.00745658 0.02087318 0.00483970
v -0.02952329 0.00840583 -0.02434808
v 0.01022000 0.03549714 -0.00184696
v 0.01078334 0.03477298 -0.00368695
v 0.01520073 0.04813521 0.00143437
v 0.00896091 0.02347320 -0.00135721
v -0.02634869 0.03624897 -0.00110262
v 0.00751184 0.02394958 0.00200894
v -0.02020495 -0.04648811 0.02270689
v 0.01487817 0.04518703 -0.00127396
v 0.02737648 0.01406694 -0.02458049
v 0.00825560 0.01982286 -0.00141594
v -0.03213457 0.03026152 -0.02231299
v 0.01520757 0.04669300 -0.00073305
v -0.03119464 0.02329002 -0.01338432
v 0.01761230 0.03054984 0.02822712
v 0.00869085 0.03380188 -0.00371422
v 0.01151149 0.03522850 -0.00223245
v -0.03117309 0.02644885 -0.01387783
v 0.00882710 0.03367008 -0.00821946
v 0.01079090 0.03586250 -0.00707891
v 0.01507863 0.04173869 0.00095985
v -0.02972625 0.02678140 -0.01357452
v 0.02391771 -0.00991294 0.02097570
v 0.02731961 0.01233783 -0.01984578
v 0.00759557 0.02247576 -0.00183498
v -0.03037912 0.02399939 -0.01280792
v 0.00890210 0.01612497 -0.00064564
v 0.01262932 0.03546190 -0.00505869
v -0.02734246 0.00868343 -0.02127163
v 0.01021930 0.02399055 0.00088326
v -0.02667986 0.03214579 -0.01509507
v -0.02401391 0.01104558 -0.01147710
v -0.02100696 0.01599629 -0.00192136
v 0.02736501 0.01495742 -0.02088008
v 0.00740118 0.01416400 0.00409227
v -0.01916899 -0.04927568 0.02383969
v 0.00967164 0.01710673 -0.00201305
v 0.02963505 -0.02476511 -0.01373326
v -0.02534511 0.03377821 -0.01424609
v 0.01808200 0.02182095 0.02703275
v 0.00959422 0.01895844 -0.00232790
v 0.00932449 0.02175115 -0.00264644
v 0.02782913 0.01134966 -0.01742341
v 0.03053680 -0.02697399 -0.01041937
v -0.02444494 0.03732070 -0.01653980
v 0.01426245 0.03481854 -0.00378139
v 0.01507985 0.03669423 -0.00605771
v 0.01624385 0.03812584 -0.00829542
v -0.00308919 -0.04873038 0.02436854
v -0.02561851 0.03489662 -0.02180336
v -0.00371326 -0.04739292 0.02369049
v 0.01773699 0.03062498 0.02506723
v -0.02637459 0.03547568 -0.02554378
v 0.01035733 0.01416360 -0.00220784
v -0.02987192 0.02215845 -0.02641582
v 0.01767664 0.03689513 -0.00681898
v 0.01617674 0.03348702 -0.00342039
v 0.02246942 -0.00736644 -0.01411110
v -0.03015991 0.02129453 -0.03009526
v -0.00670075 0.05003396 0.01032517
v 0.02304098 -0.00957171 -0.00651776
v 0.01744082 0.03834750 -0.01182109
v 0.01106818 0.01854908 -0.00237688
v 0.02340372 -0.01059333 -0.01626139
v 0.02301432 -0.04046237 -0.03411642
v -0.02942866 0.01781331 -0.03192717
v 0.01889118 0.03787276 -0.01285187
v 0.02362499 -0.00935393 -0.00352115
v -0.02973183 0.01432391 -0.02945871
v 0.01951480 0.02947406 -0.00740585
v 0.02327585 -0.00917732 -0.01901814
v 0.01965367 0.03636535 -0.01314622
v 0.01997112 0.01921667 0.03478051
v -0.01029357 0.03591735 -0.00294247
v 0.01976046 0.01934980 0.03252855
v 0.01981366 0.03160160 -0.01103059
v -0.00741435 0.03613616 -0.00429633
v 0.02057738 0.02838100 -0.01231312
v 0.02117294 0.01309029 0.03842471
v 0.02043808 0.02151806 -0.01034316
v 0.02122115 0.02844422 -0.01298415
v 0.02056602 0.03406803 -0.01352020
v -0.02278589 0.01791458 -0.04409116
v 0.02731620 -0.03885853 -0.03280220
v 0.02333167 -0.03718178 -0.03597368
v 0.02117985 0.02330285 -0.01210506
v -0.01137995 0.01865167 -0.00045960
v -0.01337427 0.01978182 0.00226993
v -0.00415115 0.04224006 -0.00117815
v 0.02230796 0.02936312 -0.01338282
v 0.01512276 0.01295975 0.01361827
v 0.02131143 0.01540721 -0.01102597
v 0.02681947 0.03296841 -0.01416932
v -0.00483823 0.03668583 -0.01180419
v -0.00552637 0.03698512 -0.00246677
v -0.00048377 -0.04890261 0.02402165
v -0.02423401 -0.00110945 -0.02133114
v 0.01372946 -0.00807224 0.02187282
v 0.01567702 -0.00104616 0.03121974
v 0.02522628 -0.04332917 -0.03151368
v 0.02695970 0.03442313 -0.02115626
v -0.01076331 0.01409441 -0.00025009
v 0.02987157 -0.01392908 -0.00849280
v 0.02673556 0.03129116 -0.01822110
v 0.03019519 -0.01573121 -0.01114840
v -0.00679102 0.03637443 -0.00974779
v 0.02620989 0.02907533 -0.02582998
v 0.02624294 0.03008223 -0.02416382
v 0.02001824 0.01174315 0.03280393
v 0.02186239 0.00897448 0.02979994
v -0.00665058 0.04088955 -0.00168270
v 0.03091477 -0.03276241 -0.03527653
v -0.00507869 0.03645876 -0.00326353
v -0.01294390 0.03941148 -0.01961749
v 0.02336601 0.00362940 0.03367394
v -0.01158430 0.03669144 -0.01348973
v 0.02624613 0.02113782 -0.03100811
v -0.00127864 0.03784640 -0.00256587
v 0.02664690 0.02096309 -0.02670894
v 0.03061972 -0.03832711 -0.02872983
v 0.02643612 0.01503799 -0.02765639
v -0.00106634 0.03715867 -0.00402683
v 0.01857780 0.03273189 -0.00585351
v 0.01042448 -0.00700161 -0.00055601
v 0.03173893 -0.03399316 -0.03095336
v 0.02916101 -0.02965467 -0.02255773
v 0.02952287 -0.02674158 -0.02369481
v -0.00810706 0.00853728 -0.00284795
v 0.00166056 0.03683165 -0.00927981
v 0.02655800 0.01388396 -0.03313874
v 0.02780049 0.01140917 -0.02698482
v 0.02782175 0.01190395 -0.02938098
v -0.01367427 0.03897087 -0.03334085
v 0.02680362 0.00911080 -0.03695372
v 0.01954124 -0.00147047 0.02981507
v 0.02785428 -0.01009989 -0.00772241
v 0.02446538 0.00544920 0.03756170
v 0.00557808 0.03734490 -0.00187982
v 0.02793342 0.00873688 -0.03293125
v 0.02024859 0.00329661 0.02423913
v -0.01896181 0.04755618 0.01452422
v 0.00361582 0.03762046 -0.01296588
v -0.01980330 0.03897193 -0.03351269
v 0.00483537 0.04452009 -0.00070810
v -0.02525206 0.02770915 0.00683196
v -0.02905543 0.01215017 -0.02801115
v -0.03070493 0.02128785 -0.01333681
v -0.02883775 0.01077528 -0.03451053
v -0.00225975 0.04019854 -0.01733443
v -0.03060076 0.00827873 -0.03659669
v 0.02415884 -0.00088967 0.02862786
v 0.01915665 -0.00230868 0.02568103
v -0.02482276 0.03375600 -0.00931136
v 0.00151740 0.04335191 -0.00142431
v -0.02335591 0.03277965 -0.00076097
v 0.02855932 0.01166141 -0.03751799
v -0.02373146 0.03494209 -0.00901216
v 0.02877272 0.01186050 -0.03522389
v -0.03024066 0.00867069 -0.04022192
v 0.00726333 0.04023794 -0.01542817
v -0.00940853 0.04012648 -0.03038790
v -0.03003724 0.00590794 -0.03182076
v -0.03050236 0.00680798 -0.03650748
v 0.01312699 -0.05518977 -0.01545517
v -0.01460221 -0.04896769 0.02351349
v -0.02295614 0.03657539 -0.00340973
v -0.02236001 0.03413954 -0.00723265
v -0.01824949 -0.04751530 0.02266401
v 0.02438988 0.00032100 0.02801127
v 0.01783724 -0.00510339 0.00103136
v -0.02458848 0.02439798 -0.01119761
v -0.02527172 0.03171200 -0.01248339
v 0.01044223 0.03766453 -0.00918286
v -0.00125689 0.04198123 -0.00200251
v 0.01073761 0.03853322 -0.01282393
v -0.02658257 0.02552534 -0.01422229
v -0.02319237 0.00605921 -0.01190131
v 0.02527345 -0.00744598 -0.02704118
v -0.00777300 -0.05792654 -0.01827946
v -0.02575715 0.00725975 -0.01887360
v -0.02140491 0.03245870 -0.00540919
v -0.00960564 0.03895090 -0.01585473
v 0.01950118 -0.00423379 -0.00007698
v -0.00801253 0.03940566 -0.03208914
v -0.01442137 0.03421285 -0.03749798
v -0.00396036 0.05164521 0.01584289
v -0.02418011 -0.02763516 -0.02790599
v -0.00670831 0.03981722 -0.02938994
v 0.01163123 0.04064306 -0.02280437
v 0.01317191 0.04219450 -0.01815602
v -0.02174249 -0.00294567 -0.03074886
v -0.01837092 -0.00160089 -0.03516366
v 0.01432495 0.04189983 -0.01568834
v 0.00278197 0.05270275 0.01163063
v -0.01815267 0.03250184 -0.00598547
v -0.01679453 0.03427139 -0.00830657
v -0.02486011 -0.02357564 -0.02981115
v 0.01732909 0.03897412 -0.01324523
v 0.01713420 0.04132416 -0.01558610
v 0.01887492 0.03719188 -0.00893044
v -0.01314167 0.01890946 -0.00084476
v -0.01069967 -0.01044482 0.00080862
v -0.01180791 -0.00768956 -0.00011450
v -0.01789414 0.03248464 -0.00342803
v -0.02525080 0.01613907 -0.01281797
v -0.00381450 0.03270534 0.02664890
v 0.01861967 0.04041427 -0.01614322
v -0.02548368 -0.03111251 -0.03882246
v 0.02455048 -0.03718228 0.02918706
v -0.00270235 0.04114173 0.02292727
v -0.00863770 0.03881430 -0.02683891
v -0.01493278 0.01343601 -0.00124093
v -0.01297680 0.01124604 -0.00273210
v -0.00352167 0.02752953 0.03033988
v -0.01569770 0.03565608 -0.00993994
v 0.02014116 0.03654203 -0.01483214
v -0.00119931 0.03533154 0.02699081
v 0.00031254 0.03017313 0.03122279
v 0.02172705 0.03440491 -0.01370222
v -0.01673965 0.00453174 0.00041106
v -0.02361625 -0.03228846 -0.03349601
v 0.02959753 -0.01143049 -0.00991036
v 0.02898603 -0.01307371 -0.01597985
v -0.01710988 -0.04810007 0.02757620
v 0.00879384 -0.02674906 0.03351351
v 0.00306886 0.04522139 0.01918445
v 0.02913320 -0.01541462 -0.01704422
v 0.02895950 -0.01331005 -0.02293317
v -0.00362317 0.05240188 0.01320116
v -0.02495309 -0.03734843 -0.03192457
v -0.02753008 0.00932950 -0.04295752
v -0.02394787 0.01364778 -0.04419538
v -0.02521160 -0.03378202 -0.03621889
v 0.02918491 -0.02018977 -0.02772170
v -0.00131017 0.04048241 -0.03009918
v -0.00519178 0.03324633 0.02602166
v 0.02754338 -0.02336550 -0.04252183
v 0.02944981 -0.02097641 -0.03990375
v -0.00713781 -0.00896715 0.00407286
v -0.01040498 -0.00731740 0.00079330
v 0.02616452 -0.01867504 -0.04069970
v -0.02423247 -0.02822099 -0.04220451
v 0.00716384 0.04097067 -0.01785616
v 0.02806825 -0.02530876 -0.04287710
v 0.02901195 -0.02246086 -0.04171108
v 0.02953831 -0.03018518 -0.02961812
v 0.01030857 0.02658254 -0.04081028
v 0.03142022 -0.02874282 -0.03500679
v 0.02771364 -0.03047558 -0.03954333
v 0.00311807 0.03970361 -0.02664401
v 0.02934268 -0.02786112 -0.04188648
v -0.00726640 0.03629981 -0.03572019
v -0.00852338 -0.01055180 0.00306424
v -0.00867356 -0.00896263 -0.00042568
v 0.01670684 -0.05324787 -0.00136804
v 0.00461305 0.04357857 0.02050185
v -0.01265966 0.01874690 0.00575851
v 0.00838433 0.04335370 0.02338744
v -0.02738124 0.04686811 0.01202318
v -0.02446235 0.04809671 0.01273957
v -0.02781983 0.04435647 0.00835790
v 0.00601285 0.03751781 0.02496382
v -0.01924599 -0.00713916 -0.03320372
v -0.01802551 -0.01208146 -0.03571426
v -0.02795951 0.03851413 0.00164835
v 0.02064420 0.01750620 -0.00943778
v -0.01171346 -0.00363396 -0.03716355
v -0.00754785 0.00441926 0.04581088
v -0.00683540 0.00819948 0.04472959
v -0.03175218 0.03238232 -0.02261588
v -0.01113199 0.01835357 0.00582867
v -0.00538018 0.00625347 0.04714264
v -0.00688656 0.00562144 0.04693735
v -0.03051466 0.03442800 -0.02509001
v -0.00082741 0.03336268 -0.03744070
v 0.00602973 0.00312052 0.04188175
v 0.01091276 0.05026516 0.01833256
v -0.00549525 0.01783563 0.03836636
v 0.00225029 0.00145046 0.03723730
v 0.01100530 0.04346762 0.02357490
v -0.01064001 0.01529831 0.00884730
v 0.00776109 0.04427697 -0.00180365
v 0.01280778 0.04411080 0.02231963
v -0.01452006 -0.04689644 0.02378841
v -0.01273162 0.00283709 -0.03834956
v -0.01347472 0.00945542 -0.04018759
v -0.01120951 0.01829415 -0.04102714
v -0.03077839 0.02749263 -0.02974135
v -0.00524937 0.02860376 -0.03926565
v -0.03055976 0.02896876 -0.02752509
v -0.02245292 -0.02889379 -0.04287249
v -0.02242841 -0.02717444 -0.04298960
v 0.01370494 0.04771515 0.01791146
v -0.00352003 0.00434636 0.04471359
v -0.00386861 0.00853447 0.04496487
v 0.00255118 -0.04969653 0.01356387
v -0.02997249 0.03004722 -0.02839434
v -0.00197560 0.01472579 0.03941056
v -0.03064538 0.02907592 -0.03522983
v 0.01427115 0.03253429 -0.03897342
v 0.00881107 0.04296773 -0.00243468
v -0.00150557 0.01900184 0.03634316
v -0.02902404 0.03053510 -0.03547814
v 0.00905506 -0.03876375 0.03438809
v -0.02405951 0.03537879 -0.01364896
v -0.01911253 0.03950680 -0.00090240
v 0.00880843 -0.04725920 0.01990623
v -0.01652645 -0.04956493 0.02353029
v 0.02233912 -0.00824742 -0.00365741
v -0.01133536 -0.04791247 0.02367827
v -0.01835649 0.03724135 -0.00207116
v -0.01069930 -0.04913157 0.02370279
v 0.03177063 -0.03225845 -0.03175488
v 0.03155374 -0.02948476 -0.03631376
v -0.00552547 0.00567849 0.04718450
v -0.01922706 0.03938212 -0.01626577
v -0.02859071 0.04595176 0.01162101
v 0.00098152 0.02400829 0.03503131
v -0.01732295 0.03633647 -0.01298752
v -0.03175746 0.02465151 -0.01722350
v -0.03134780 0.02984390 -0.01504266
v 0.00254202 0.03088365 0.03081047
v -0.02179525 -0.01073535 -0.01588804
v -0.03235722 0.02946456 -0.01924303
v 0.00435578 0.04085835 -0.02999994
v -0.01698785 -0.02091179 -0.04020305
v -0.01142265 0.03579737 -0.01075998
v -0.01645098 0.03820059 -0.01519413
v -0.02598324 -0.01879164 -0.02312273
v -0.01364845 0.03937538 -0.01752961
v -0.03042229 0.03175439 -0.01687932
v -0.01107538 0.03989855 -0.00200008
v 0.02551678 0.02911802 -0.01205097
v -0.03194269 0.03306470 -0.02504978
v -0.01223274 -0.04927889 0.02498700
v -0.03098824 0.02987103 -0.02575329
v 0.00941730 0.04060001 -0.02522051
v -0.02685213 0.03399415 -0.02136468
v -0.02451339 -0.01662110 -0.01887088
v -0.01087824 0.03479765 -0.00405512
v 0.02602190 0.03194581 -0.01271311
v 0.00248671 0.01968874 0.03875195
v 0.01078221 0.04190533 -0.03036958
v -0.02962752 0.02442932 -0.03524779
v -0.02990578 0.01914321 -0.03591124
v -0.00469848 0.01339600 0.01155636
v -0.01940147 0.02739130 -0.04096339
v -0.00608518 0.01535494 0.00935125
v -0.00292777 0.01518559 0.01112011
v 0.00510193 0.04040019 -0.03242422
v -0.03099204 0.01872064 -0.04433351
v 0.00661162 0.03336791 -0.00000305
v 0.00239484 -0.04732927 0.02150623
v -0.02263836 -0.00762861 -0.01819099
v -0.03095864 0.01548203 -0.04385174
v -0.02270276 -0.01463558 -0.01938703
v -0.01064105 0.03480604 -0.00792501
v -0.03126253 0.01392856 -0.04196639
v 0.01490463 0.02868303 0.03349850
v 0.00920416 0.03448285 -0.00191578
v -0.00352015 0.00581884 0.04688522
v 0.01007238 0.03863728 -0.03488659
v -0.02946172 0.01288036 -0.03854341
v -0.02586276 0.00377007 -0.02800541
v -0.03079600 0.00920855 -0.03920566
v -0.03083264 0.01089739 -0.03986094
v 0.00816794 0.03101681 -0.00155410
v 0.00473910 -0.04709517 0.02330001
v -0.02474232 -0.01506969 -0.02521258
v 0.01795019 0.04076323 -0.02664709
v 0.02961079 -0.03992837 0.01907580
v 0.02580655 -0.01069669 -0.00286616
v -0.00657248 0.00958925 0.00351341
v -0.01445240 -0.01052931 0.00046910
v 0.02270844 0.01843087 -0.01249717
v -0.00611245 -0.04883127 0.02368003
v -0.02398513 0.00875201 -0.01436924
v 0.02724755 -0.02504599 0.00170300
v 0.01609297 0.04222289 -0.01764168
v -0.02858400 0.00583980 -0.02693089
v 0.01685489 0.02175711 0.03816014
v -0.02682732 -0.01621648 -0.03002574
v 0.01964897 -0.05387834 -0.00752070
v -0.02306128 0.00465811 -0.02170910
v -0.02491041 0.00767852 -0.02235285
v 0.01431390 -0.05711961 -0.02545222
v -0.00264687 0.05278103 0.01469509
v -0.01751954 0.01536258 -0.00001000
v -0.02388498 0.00601428 -0.01900268
v -0.00306711 0.00657548 0.04692252
v -0.02396345 0.00583088 -0.02468974
v -0.02854794 0.00409467 -0.03324874
v -0.00876114 0.00699260 -0.03931101
v 0.01541655 0.04159229 -0.02945006
v -0.00092279 0.01626176 0.01201930
v -0.01702202 0.00930147 -0.00026417
v -0.02709464 -0.01809762 -0.03251971
v -0.00381406 0.00956080 0.00395757
v -0.00000177 0.04062022 0.02393913
v -0.02695706 0.04105889 0.00577476
v 0.02276606 0.01368916 -0.01289982
v 0.00539989 0.01912507 0.03925502
v -0.00078950 0.04621923 0.01986817
v 0.01809263 0.04137277 -0.01838389
v 0.00498697 0.00977049 0.00234658
v -0.01516564 0.00753129 -0.00049356
v 0.00191225 0.04693523 0.00359962
v -0.01541696 -0.02736085 -0.04084106
v 0.00671404 -0.04710332 0.02289505
v -0.01211398 0.00462111 0.00013597
v -0.00426440 -0.05202083 0.00879747
v 0.00633701 0.05369098 0.01598907
v 0.01750162 0.04087727 -0.02310493
v 0.01964540 0.03961567 -0.02301156
v 0.00763898 0.04699479 0.02070606
v 0.00856094 -0.04666133 0.02285629
v 0.00879848 0.05413511 0.01610940
v 0.01645727 0.04063470 -0.03174967
v 0.02704440 0.03124583 -0.01368311
v 0.00847078 0.02531554 0.03350722
v -0.02730753 0.03086296 -0.01441143
v 0.01239321 0.05408168 0.01380564
v -0.03095410 0.02705282 -0.02143440
v 0.01871863 0.01988039 0.03771915
v -0.00064738 0.01306681 0.01328775
v 0.01206892 0.04961715 0.00470218
v -0.00299427 0.01104183 0.00414936
v -0.01486470 -0.01124103 0.00118521
v -0.02464244 -0.02056054 -0.02660058
v 0.01018683 -0.03422410 0.03470224
v -0.00072449 0.01546956 0.01291431
v 0.01353588 0.05228519 0.00773652
v -0.02601196 0.03122807 -0.01399662
v 0.01321633 0.04989044 0.00586302
v 0.01987489 0.04146391 -0.02946939
v 0.01339206 0.04826630 0.00233024
v 0.01538937 0.04390342 0.00530549
v 0.01990374 0.01248871 0.04339980
v 0.01546810 0.04411186 0.00266523
v -0.02574435 0.02602310 -0.01362050
v 0.02553060 0.03029631 -0.02033866
v 0.01226577 0.03254751 0.03147459
v 0.02703482 0.02728706 -0.01634082
v 0.02755542 -0.04100457 0.01235516
v -0.01670171 -0.00789168 -0.00044426
v 0.02705624 0.03169881 -0.01720602
v -0.00866154 0.01228476 0.01061198
v 0.00413768 -0.05373441 0.00342302
v -0.02161355 -0.01348328 -0.02388609
v 0.01869930 0.04153824 -0.03055266
v 0.00234788 0.01770441 0.01257827
v 0.00116179 0.01721945 0.01120225
v -0.02477883 0.01984473 -0.01244174
v 0.00193363 0.01033264 0.01270770
v 0.01956848 -0.02036115 0.02995434
v 0.01736815 0.03484785 0.00901809
v 0.01961203 0.04027169 -0.02664022
v 0.01609617 0.03646160 0.00361216
v -0.02257501 -0.01105907 -0.02932736
v 0.00012247 0.00938919 0.00289988
v -0.02223588 0.02470765 0.00295146
v 0.00867628 0.01265630 -0.00131767
v -0.00671646 -0.02601080 -0.03902999
v -0.02988370 0.00764893 -0.02855487
v -0.00082688 0.00958868 0.04282103
v 0.02109363 0.03906469 -0.02818234
v 0.02192613 0.02429608 -0.01283832
v 0.02473906 0.03513314 -0.01429965
v 0.02129949 0.03578131 -0.03342412
v 0.01773474 0.03675675 -0.03510191
v -0.02996111 0.00777932 -0.03067638
v 0.01879343 -0.03178172 0.03215267
v 0.00372716 0.01875656 0.01172400
v 0.02615308 0.03567712 -0.01780767
v 0.00237835 0.01834883 0.01100594
v 0.02135991 0.03855393 -0.02553010
v -0.01441329 0.03270637 -0.00267529
v 0.01240338 0.04298442 -0.00206704
v 0.01450630 0.03757262 0.02630275
v 0.02607059 0.03251340 -0.02392495
v 0.02598343 0.03310798 -0.02523337
v 0.01731093 0.00455346 0.03849807
v 0.01899131 0.03779993 -0.03255512
v -0.02637106 -0.01631060 -0.03390180
v 0.02013976 0.04075886 -0.03092588
v -0.02438817 -0.01603686 -0.03588623
v 0.02140212 0.03577653 -0.01530804
v 0.02258443 0.00909927 0.04368335
v -0.01762408 0.01800137 0.00391920
v -0.01973652 0.01948848 0.00286994
v -0.01699058 0.01785021 0.00191630
v -0.01904842 0.01730616 0.00051586
v 0.01599328 0.03770450 0.02372168
v 0.01084963 0.01148527 -0.04030287
v 0.02612565 0.02752457 -0.02031297
v 0.01113129 0.03896542 -0.00148906
v 0.02242831 0.03844149 -0.02392308
v -0.01862423 0.01169675 -0.00042616
v 0.02644080 0.02501858 -0.03213573
v 0.02595954 0.02737316 -0.03485898
v 0.00076409 0.00886973 0.04367957
v 0.02660566 0.02515180 -0.02210317
v 0.02079709 0.03535018 -0.02965580
v 0.02161356 0.01006219 0.04315897
v 0.02278021 0.00881607 0.04279186
v 0.02574196 0.02668893 -0.02611597
v 0.02418367 0.01498174 -0.04343062
v 0.02669382 0.02330633 -0.01822252
v -0.02028577 0.00423812 -0.00115187
v -0.02548255 -0.02930557 -0.03917828
v -0.02550354 -0.02887441 -0.03830184
v 0.02703022 0.01996417 -0.02126418
v 0.02628202 0.01862826 -0.02451180
v 0.02797474 0.01966124 -0.04349744
v 0.02832550 0.01154395 -0.03264666
v -0.00340777 0.04515537 0.01992172
v 0.02846530 0.01063393 -0.03121796
v -0.02528509 -0.02407145 -0.04041228
v -0.00568251 0.03932151 0.02185559
v 0.02187070 0.01970868 -0.04439621
v 0.02879092 -0.01081720 -0.00779230
v 0.01005476 -0.05373547 0.00233963
v 0.02554471 0.03505542 -0.02577992
v 0.02683234 0.01715126 -0.03145020
v -0.00796003 0.01618262 0.03937243
v 0.02557759 0.03800928 -0.02375489
v 0.02839626 0.01579571 -0.04196685
v -0.00720062 0.02321575 0.03452434
v 0.02847926 -0.01493097 -0.00597785
v 0.01686559 -0.05147558 0.00602736
v 0.00159088 0.00708143 0.04627763
v -0.02397280 -0.02702951 -0.03545288
v 0.02789598 -0.01304881 -0.01810600
v 0.02692254 0.01192312 -0.02196668
v 0.02625509 0.01287305 -0.04172027
v 0.02490717 0.03465488 -0.02761543
v 0.02954455 -0.01188205 -0.01430052
v 0.02221623 -0.03224048 0.02941849
v -0.00601972 0.00969072 0.01124737
v 0.02244988 0.03081582 -0.04095296
v 0.02834754 -0.01723205 -0.02359962
v 0.01905394 -0.03750508 0.03327958
v 0.02264487 0.00407192 0.03589202
v 0.00871371 0.01502536 0.01193144
v 0.02263376 0.00816628 0.04182592
v 0.02865920 -0.01730128 -0.02971396
v 0.02407703 -0.04494534 0.02084581
v -0.00292328 0.02329986 0.03307746
v 0.02502884 -0.01013012 -0.01128716
v 0.02280821 0.00690783 0.03799379
v -0.01014549 0.01610870 0.00661457
v 0.02710499 0.03642710 -0.02395991
v 0.02749976 0.00890562 -0.02810821
v -0.00999018 0.01417710 0.00551595
v 0.02821663 -0.04272173 0.01051778
v 0.02368205 0.00478122 -0.03178049
v 0.00679711 0.01138630 0.04437099
v 0.01691600 0.02831887 0.02208408
v 0.03095345 -0.01825417 -0.03641738
v 0.02940648 -0.02308887 -0.03361109
v -0.02297547 -0.01945978 -0.03921132
v 0.02646405 0.03138668 -0.02981482
v 0.02288028 0.00579665 0.03722973
v 0.02199545 -0.04892264 0.01059153
v 0.01362476 0.03843007 -0.00006359
v 0.00660927 -0.04163247 0.03360994
v 0.02549812 0.03409363 -0.03212250
v 0.03085188 -0.04836256 -0.02028144
v 0.02672327 -0.04629109 0.01267796
v 0.02782788 -0.03986015 0.01652456
v -0.00902614 0.01419058 0.00758498
v -0.00851124 0.01196291 0.00499579
v -0.02694643 0.03931493 0.00130049
v -0.00283914 -0.03556070 -0.03737303
v -0.02547304 0.03741632 -0.00190208
v -0.00822334 0.01396997 0.00943145
v 0.02637264 0.03266441 -0.03113775
v -0.00763472 0.01405932 0.00790852
v 0.02605593 -0.04785212 0.01008533
v 0.02686881 0.03259289 -0.03522548
v -0.00860472 0.01085871 0.00295180
v 0.02454497 0.03395714 -0.03656719
v 0.02206690 -0.03731380 0.03204332
v 0.02888189 -0.04338650 0.01448359
v 0.02740300 -0.04601429 0.01014351
v -0.02365595 0.03879931 -0.01788976
v 0.01783716 0.02318621 0.02404561
v 0.02374832 -0.03279053 0.02768914
v 0.01665844 0.02668289 0.00797377
v 0.02691179 0.03109480 -0.03351007
v 0.01685668 0.03639020 0.01084459
v 0.02109066 0.02485168 -0.04390516
v 0.01895642 0.01741518 0.02909246
v 0.01357258 -0.04916384 0.01285856
v -0.02539561 0.03675326 -0.02767908
v 0.01137176 0.01355408 -0.00187103
v 0.02850331 -0.04398127 0.00970524
v -0.00613989 0.01122594 0.00474635
v -0.00579380 0.01500876 0.00768959
v 0.00148682 -0.05621184 -0.00687629
v 0.00106364 -0.05551962 -0.00956031
v 0.00401546 0.04046593 0.02280479
v 0.02927079 -0.01859434 -0.01817630
v 0.00265099 0.01599310 0.00810676
v 0.01141987 0.02818728 0.03403018
v -0.02146526 0.03821692 -0.02377736
v 0.03099657 -0.04101881 0.01809957
v -0.02374342 0.03727996 -0.02468810
v 0.02799348 -0.04205430 0.01843903
v 0.00214438 0.01268477 0.01338288
v 0.02920269 -0.02123074 -0.02306293
v 0.01856914 0.02332970 0.01320903
v 0.02745289 -0.04224186 0.00960748
v -0.00024760 0.01085758 0.00268942
v 0.01183734 0.00904735 0.00153594
v 0.00626339 0.03301804 0.02761395
v 0.02548594 0.02781637 -0.04258824
v -0.00304807 -0.05623989 -0.01535846
v 0.00333281 0.01881632 0.00967973
v 0.02758070 -0.04487325 0.00889673
v -0.00152432 -0.05595593 -0.01180936
v -0.02557625 0.03786451 -0.03175459
v 0.02749725 0.03038000 -0.03629716
v -0.02456048 0.03481945 -0.03414459
v 0.02899055 -0.02373421 -0.02635618
v 0.02724528 0.02991215 -0.03956653
v -0.02056592 0.03979600 -0.01861789
v 0.00784600 -0.04649299 0.02916850
v 0.00153845 0.01217515 0.00348667
v 0.00358420 0.01592538 0.01334543
v 0.00612270 0.02965448 0.03068967
v 0.01907087 0.01798845 0.01598683
v -0.02306695 0.03781140 -0.02741363
v 0.03047952 -0.04020817 0.01571566
v 0.02160598 -0.03120713 -0.03948183
v 0.02971366 -0.02618706 -0.02932851
v 0.00022486 -0.05308944 -0.03131297
v 0.02537777 0.03138335 -0.03968060
v -0.01544221 0.03858899 -0.02466585
v -0.00272838 0.01279944 0.00592582
v -0.02290654 0.03712531 -0.03449995
v 0.01381893 0.03435798 0.02959212
v -0.01585733 0.03985073 -0.03048239
v 0.02959954 -0.03117186 -0.02747459
v -0.01951167 0.03968693 -0.03106488
v -0.00313380 0.01457125 0.00884605
v 0.02780456 0.02832306 -0.03895454
v 0.00232248 -0.05801954 -0.02280921
v 0.00786123 0.03062947 0.03049043
v 0.00291784 0.00952116 0.00292376
v -0.01123425 -0.01276072 -0.03765369
v -0.00048821 0.01330938 0.00658146
v 0.01394906 0.02529213 0.03635525
v 0.02017094 0.01514529 0.02040519
v 0.00016235 0.01689479 -0.04041587
v 0.00345837 -0.05798973 -0.01881977
v -0.00031405 0.01650837 0.01110338
v 0.02868288 -0.04475395 0.00983697
v 0.01442758 0.03367088 -0.00113092
v 0.02650350 0.02178138 -0.03813653
v 0.00331740 -0.02989551 -0.03812392
v 0.00732501 0.02061131 0.00816077
v 0.00806194 -0.02336290 -0.03889908
v 0.00978549 0.03305407 0.03035894
v 0.02811326 0.02579592 -0.04156537
v 0.01157106 0.03542414 0.02920608
v 0.01802374 0.02840039 0.01099948
v 0.02716198 0.02578825 -0.04285578
v 0.02481200 0.02409611 -0.04412299
v 0.02861427 0.02070622 -0.04204108
v 0.03098120 -0.04178076 0.01315489
v 0.02121934 0.00960052 0.02450162
v 0.01624491 0.03206337 0.02941748
v 0.00481658 0.01216245 0.00294281
v 0.01518056 0.02840238 0.00083798
v 0.01629785 0.02887313 -0.00154229
v 0.03214902 -0.04361755 0.01148425
v 0.02590184 0.01987109 -0.04445805
v 0.02136285 0.01267347 0.02490637
v 0.01848285 0.02803858 0.01598899
v 0.00339924 -0.05798359 -0.02471116
v 0.02685446 0.01774243 -0.03768224
v 0.00574562 -0.05622216 -0.01603075
v -0.03165615 0.03126649 -0.01846951
v 0.02483966 -0.05418653 -0.00942855
v 0.01456172 0.04825041 0.01346202
v 0.00778372 0.01013451 0.01220014
v 0.01442242 -0.04817920 0.02365023
v 0.02831432 -0.05258234 -0.01402214
v -0.02994270 0.03046190 -0.01435761
v 0.03207027 -0.04239963 0.01109211
v 0.02844240 0.01606738 -0.03992865
v 0.03109618 -0.04223344 0.01542844
v 0.02203685 0.00366805 0.02731512
v 0.01394964 -0.04611752 0.02184176
v 0.00723724 0.01528384 0.00567862
v -0.02184690 0.02558678 0.03044973
v 0.02723170 0.01682238 -0.04332818
v 0.01517032 0.03853353 0.01330563
v -0.03055988 0.03383260 -0.02617691
v -0.02776608 0.03465920 -0.02655325
v -0.02204156 0.01817777 0.02376561
v 0.01582017 0.04248038 0.01808326
v 0.02855898 0.01401886 -0.03945363
v 0.02522719 -0.01038187 0.00916786
v 0.01424815 0.04357794 0.01184585
v 0.02103297 -0.04111934 0.03221317
v 0.01876595 -0.04349512 0.03139232
v 0.02861777 0.01645566 -0.04136656
v 0.01510414 -0.04805016 0.02437938
v -0.02981072 0.03081412 -0.02679560
v 0.01669727 0.03624043 0.02211000
v 0.01833666 -0.04772489 0.02350904
v 0.01212655 -0.01892591 -0.03913701
v 0.02586621 -0.01079187 -0.02254362
v -0.01935924 0.00370707 0.03267018
v 0.00724179 0.01207805 -0.00004246
v 0.02847381 -0.01109588 -0.01412557
v -0.01684449 0.01440229 0.03929060
v 0.02332865 0.00151879 0.03067463
v 0.01254389 0.01960715 0.00944990
v 0.02828076 -0.05145147 -0.01101404
v -0.02024290 0.00859000 0.02932185
v -0.03101988 0.02721770 -0.03404305
v 0.02617217 -0.02428677 0.00971541
v 0.03001033 -0.04153181 0.01217745
v 0.00821693 0.01572201 0.00383446
v 0.01857788 0.02578501 0.03081199
v -0.02117846 0.00580643 0.02560005
v 0.00880459 0.01391065 -0.00103893
v -0.03166474 0.02659014 -0.03659932
v -0.02105154 0.00457951 0.02458038
v 0.01569837 0.03343350 0.01775511
v 0.00879907 0.02234165 0.00558710
v 0.02065984 -0.04587858 0.02800521
v 0.01265343 0.02383854 0.00158597
v -0.02914615 0.03089623 -0.03112024
v 0.02854011 -0.04943536 -0.00918932
v -0.01957584 -0.00145924 0.02739820
v 0.01999607 0.00646672 -0.00257528
v 0.02267820 -0.03999986 0.03163471
v -0.02354438 -0.01202402 0.02252440
v 0.00754085 -0.05487442 -0.02936244
v 0.02751745 -0.05259048 -0.01158523
v -0.02724951 0.03150297 -0.02810059
v 0.01388463 0.03536996 0.00016848
v 0.01734910 -0.02682810 -0.04001133
v 0.00839219 0.01074109 -0.00031265
v -0.02365722 -0.01119019 0.01513489
v 0.02356908 -0.00082127 0.02699353
v 0.02881695 -0.01181612 -0.03383562
v 0.01527180 0.03156644 0.00268660
v 0.02824169 -0.00997495 -0.02685914
v 0.02921045 -0.05106967 -0.01349363
v -0.02410342 -0.01840598 0.01509185
v 0.02161968 0.00655313 -0.01552388
v -0.02636135 0.03438269 -0.02873898
v 0.02899671 -0.01440846 -0.02322008
v 0.01365063 0.02193798 -0.00001428
v -0.03118728 0.02342377 -0.04044364
v 0.01465011 0.02506463 0.00078552
v 0.02938924 -0.01173830 -0.02826555
v 0.02955937 -0.01376213 -0.02848033
v 0.01161888 0.01199829 0.01238636
v 0.02731351 -0.02837943 -0.00231571
v 0.01641933 0.02031911 0.01085678
v -0.01825173 -0.01919411 0.02930626
v 0.01444661 0.02439081 0.00568700
v 0.01572345 -0.05405135 -0.02921014
v -0.03079488 0.02481548 -0.04137780
v 0.01271120 0.02386297 0.00367768
v 0.01487359 0.02708041 0.00345868
v 0.01776028 -0.03579391 -0.03743943
v 0.01614664 0.02271660 -0.00096891
v -0.01439937 -0.01097284 0.02693853
v 0.02976277 -0.01219151 -0.03003317
v -0.02330149 -0.02841213 0.01233657
v -0.02378576 -0.03772687 0.00414499
v 0.01161782 -0.00154058 0.03141583
v 0.01910573 0.02381416 0.01491701
v 0.01545338 -0.05651145 -0.01801181
v -0.01665261 -0.00562235 0.02590870
v 0.02329737 0.00393580 -0.02471729
v 0.01453432 0.01776725 -0.00071970
v 0.02089944 0.01450827 0.02613727
v 0.03048316 -0.01477378 -0.03257053
v -0.00366903 -0.01673488 -0.03833223
v 0.01412810 0.01310513 -0.00011041
v 0.03079078 -0.01749201 -0.03495519
v 0.01915423 0.01106742 0.01962367
v 0.02494226 -0.04607989 0.02534296
v 0.02893389 -0.05365663 -0.01698425
v 0.02978700 -0.05400254 -0.02211781
v 0.01647970 0.01431969 -0.00066230
v -0.02124082 0.03421531 0.02499679
v 0.02040318 -0.00248517 0.02724127
v -0.02649033 0.03236962 -0.03033018
v 0.03045894 -0.01447271 -0.03436002
v 0.02236258 -0.04722423 0.02306107
v 0.01721086 0.00818004 0.00030860
v -0.01963422 0.02581995 0.03117756
v -0.02953739 0.02880515 -0.03841429
v 0.02009124 -0.05509636 -0.02722073
v 0.01438877 -0.00063554 0.02235121
v -0.02666202 0.03308926 0.01791226
v -0.03162931 0.01694674 -0.04276375
v 0.02845254 -0.01562019 -0.03799337
v -0.02245168 0.01333905 0.02036061
v 0.01832333 0.01525128 -0.00213995
v -0.02981129 0.02261838 -0.03809411
v 0.02209492 0.00783098 0.02809353
v -0.02074687 0.00509308 0.02171851
v -0.02283316 0.01576008 0.01401427
v -0.02197018 0.02024032 0.00727918
v 0.02228533 0.00156593 0.03329090
v -0.02230432 0.01296783 0.01763431
v -0.01307222 0.01486220 0.03780872
v 0.02352832 0.00296948 0.03434868
v 0.02337297 0.00265963 0.03196970
v -0.02434902 0.03280110 -0.03652394
v -0.03149151 0.02108220 -0.04323857
v -0.01388134 0.02064551 0.03337098
v 0.02507115 -0.04630488 0.02345205
v 0.02473240 0.00223335 0.03331173
v 0.02146318 0.00836303 -0.01252726
v 0.03118074 -0.02483335 -0.04155860
v -0.02208556 0.03744703 0.02294592
v -0.01859417 -0.00503665 0.03463650
v 0.03066368 -0.01902760 -0.03783476
v -0.01350886 -0.00237970 0.03649146
v 0.03118580 -0.02278930 -0.03751003
v 0.03104344 -0.02269720 -0.03631515
v -0.02930844 0.01763412 -0.03956815
v -0.02438504 -0.01270840 0.00855019
v -0.01636510 -0.00806932 0.02925652
v 0.03144813 -0.02582509 -0.03656193
v 0.02973652 -0.02905668 -0.03901908
v -0.01670432 -0.00115081 0.02209264
v -0.01537313 -0.00996108 0.02666273
v 0.02251552 0.01058859 -0.01503950
v 0.02341774 0.00643566 0.03960788
v -0.01893263 -0.00599353 0.03149021
v -0.02989545 0.02100230 -0.04440504
v -0.02149407 -0.01060966 0.02306417
v -0.00096167 -0.05844941 -0.02525461
v 0.03034819 -0.02428382 -0.03864404
v -0.02056360 -0.01034224 0.01737828
v 0.02519060 0.00054131 0.03103661
v -0.01099437 0.04097720 -0.00135026
v 0.02514826 -0.04417252 0.02114321
v 0.02259135 0.00650364 0.03553265
v -0.03107515 0.01183301 -0.04211529
v 0.02251546 0.00504739 0.03754753
v -0.02846814 0.01348313 -0.04464279
v 0.03120073 -0.02708393 -0.04133236
v -0.01424567 -0.00827242 0.02496400
v 0.02540071 0.00152500 0.03111976
v -0.01331037 -0.00464279 0.03486331
v 0.02914142 -0.04231936 -0.01858361
v 0.01776611 0.00142951 0.02273733
v -0.01425681 -0.01002388 0.02671620
v -0.02813535 0.01805100 -0.04521765
v -0.00975119 -0.00379208 0.03353222
v -0.02248369 0.01985945 0.02018316
v -0.02869646 0.02459269 -0.04296185
v -0.00982736 -0.05894401 -0.02459308
v -0.00711073 -0.05889921 -0.02462904
v -0.01524237 0.03124899 -0.00819566
v -0.01387819 -0.00954683 0.02043964
v -0.01341121 0.03461614 -0.00949442
v -0.02335387 0.01664476 0.01766459
v -0.02711475 0.02165942 -0.04452843
v -0.01544724 0.03057396 -0.00535092
v -0.02344098 -0.04414024 0.00639500
v 0.02642209 -0.05196123 0.00149196
v 0.02553152 -0.05294477 -0.00139915
v 0.03092143 -0.04338450 0.01279600
v 0.00596507 -0.05577062 -0.01478713
v -0.00548092 -0.02219765 0.03104157
v -0.02290982 -0.05262100 -0.01449117
v -0.02322463 0.00632240 -0.01601774
v 0.01975643 -0.00788047 0.00102520
v -0.02118902 0.01406349 0.02467941
v 0.02809083 -0.05004199 0.00011831
v 0.02165056 -0.00573241 -0.00313721
v -0.02448437 0.02489352 0.02725904
v -0.02909374 0.00584043 -0.03786026
v -0.02344292 0.00311945 -0.01933807
v -0.01120705 0.01916810 0.00163871
v -0.02450983 0.00448036 -0.03921828
v 0.02630944 -0.01506247 0.00477352
v 0.00120839 0.05200196 0.01513590
v -0.01277121 0.01424418 -0.00172177
v -0.02521523 -0.01338776 0.01430059
v 0.00251580 0.05281309 0.01350946
v 0.02819924 -0.04089273 -0.00469036
v 0.00351888 0.05172304 0.01555664
v -0.01216566 0.00855271 -0.00295354
v 0.02898077 -0.03643408 -0.00928697
v -0.01011767 0.00909558 -0.00339044
v -0.01712567 -0.00741940 0.02778198
v -0.01500544 -0.00958342 0.02472475
v -0.02004920 0.00439034 -0.03897647
v 0.00570376 0.05448280 0.01385203
v -0.01544911 -0.00660796 0.03271142
v -0.01207662 -0.00715419 0.03361485
v -0.01204313 -0.00761932 0.02934494
vn -0.46147414 0.00667389 -0.88712855
vn -0.41088632 0.78335408 0.46639985
vn 0.01926608 -0.19937527 0.97973380
vn 0.21229683 -0.44940135 0.86773756
vn -0.02555320 -0.08982019 0.99563014
vn -0.52556401 0.82401422 -0.21162004
vn -0.25596729 0.39966218 0.88019935
vn -0.47716468 -0.28139327 -0.83254531
vn -0.33854348 -0.84549383 -0.41295096
vn 0.51781567 0.47121157 -0.71402142
vn 0.07027262 -0.61316948 -0.78681951
vn -0.48199557 0.20552086 0.85172850
vn -0.57394874 -0.10316790 0.81236644
vn 0.02841748 -0.42206152 0.90612169
vn -0.43960211 0.76931661 0.46357517
vn -0.30872937 -0.20431868 -0.92894567
vn 0.17218352 -0.56158745 0.80930363
vn -0.13862281 -0.08919739 0.98632020
vn -0.20532015 0.00916269 0.97865197
vn 0.47096267 0.81785414 -0.33061876
vn 0.51474490 0.82210912 0.24325766
vn 0.22240368 -0.24665981 0.94323674
vn 0.58476822 0.80930391 -0.05543742
vn 0.31693866 0.05311997 0.94695732
vn -0.06182076 -0.58837874 0.80621873
vn 0.01829085 -0.52471082 0.85108401
vn -0.61132441 0.10896513 0.78384250
vn 0.16576745 -0.41193097 0.89601006
vn 0.35155399 -0.80462315 -0.47853043
vn 0.33470212 -0.25868769 -0.90612095
vn 0.72067460 0.16720132 0.67280892
vn -0.07329060 -0.02492249 0.99699918
vn 0.75845620 -0.45622728 0.46540398
vn 0.31535339 0.07627173 0.94590426
vn -0.69642632 -0.50802852 -0.50685047
vn 0.53066399 0.84404332 0.07737312
vn -0.55155219 0.81607958 0.17263921
vn -0.16110264 -0.00093920 0.98693721
vn 0.47215832 0.85905785 0.19770214
vn -0.16556160 -0.84645748 -0.50606234
vn 0.19260834 -0.75081474 -0.63180634
vn -0.38475463 -0.83280366 0.39799742
vn -0.12864960 0.30797063 0.94265761
vn 0.09609333 -0.59764285 -0.79598310
vn 0.01855184 -0.74785485 -0.66360301
vn 0.34124551 -0.07312339 -0.93712564
vn 0.29553947 -0.27670651 -0.91437953
vn 0.61292251 -0.39533651 -0.68413087
vn -0.33788211 -0.32511488 -0.88325307
vn -0.45071563 0.45085143 0.77044689
vn -0.93889942 0.03023144 0.34286140
vn -0.41983744 0.52806100 0.73816536
vn -0.82309749 -0.56367170 0.06917179
vn -0.82296887 -0.52912884 0.20674844
vn -0.76299034 0.30379637 0.57057296
vn -0.55096013 -0.74696367 0.37214004
vn -0.45795583 0.18472552 0.86957055
vn 0.04400455 0.63877038 0.76813801
vn -0.64229735 -0.68855525 0.33666865
vn -0.94835766 0.02267502 0.31639152
vn -0.69135808 -0.72246685 -0.00810212
vn 0.17707201 -0.87279509 0.45483429
vn -0.78089637 0.24910800 0.57284034
vn -0.80341837 -0.55081356 0.22610473
vn -0.95864987 0.27720392 0.06440817
vn -0.98795469 -0.13123759 -0.08198919
vn -0.95792361 0.02656392 0.28579139
vn 0.19913199 -0.97518898 0.09671041
vn -0.88302885 0.14074093 0.44771871
vn -0.47827164 -0.87731201 -0.03974765
vn -0.39002660 -0.87814390 0.27702444
vn -0.14827637 -0.97063439 0.18942806
vn 0.56969926 -0.76243214 0.30682239
vn -0.57921175 0.15621963 0.80006823
vn -0.24165854 0.55398697 0.79668035
vn -0.59563830 -0.52238852 -0.61018460
vn -0.36212508 -0.39387969 -0.84482200
vn 0.37265875 -0.77536054 0.50984457
vn 0.07960734 0.07902814 0.99368870
vn -0.65072781 0.02699749 0.75883098
vn -0.88141586 -0.02667425 0.47158728
vn -0.07659269 0.38786420 0.91852867
vn -0.13463823 -0.97371481 -0.18371722
vn -0.99914371 0.02639466 -0.03186163
vn -0.06581359 -0.97039649 0.23237733
vn -0.88003709 0.08771044 0.46673504
vn -0.08365568 0.18321612 0.97950680
vn -0.97621985 0.00687813 0.21667371
vn -0.98141408 -0.18246341 -0.05944323
vn 0.02756644 -0.97658877 0.21334118
vn -0.99751754 -0.06136732 0.03453711
vn -0.71779617 0.16762139 0.67577491
vn -0.83888720 0.53607641 0.09428864
vn 0.77809960 0.44098192 0.44732086
vn 0.41672483 -0.18275328 0.89047271
vn -0.93557642 0.31719269 -0.15519522
vn -0.97519951 0.19675420 0.10135925
vn -0.98356862 -0.06891824 0.16686236
vn 0.15207215 0.97831259 0.14063616
vn 0.04475922 0.99705834 -0.06221954
vn -0.63298207 0.57386253 0.51963016
vn -0.60854057 0.02998597 0.79295600
vn -0.73649523 -0.66076240 -0.14480270
vn -0.44675106 0.76556102 -0.46295768
vn -0.73498723 -0.29628490 0.60992543
vn -0.04825692 0.99557156 -0.08067547
vn -0.85896161 -0.01476250 0.51182714
vn -0.59301213 0.06631736 0.80245786
vn 0.08856099 0.70295207 0.70570202
vn -0.26105766 -0.94339562 0.20458151
vn -0.66543336 0.19199414 -0.72134367
vn -0.46824171 -0.27444259 0.83989938
vn -0.34652454 0.11803802 0.93058464
vn 0.46154008 0.74899720 0.47537769
vn 0.73045422 0.26137558 0.63096706
vn 0.83919856 0.37777905 0.39118892
vn -0.71728048 0.06687072 -0.69356833
vn 0.49384176 0.85266982 0.17051244
vn 0.03853885 0.11602809 0.99249798
vn -0.75911640 0.56189540 -0.32865766
vn -0.63495500 0.64250002 -0.42898236
vn 0.98316242 0.05832649 0.17317530
vn 0.26577021 -0.83889525 0.47499574
vn -0.49193482 -0.66653272 -0.56011987
vn 0.03779777 -0.95425406 0.29659824
vn -0.32666647 -0.11236565 0.93843646
vn -0.45345727 -0.84789724 0.27467576
vn -0.91654647 -0.24343086 0.31730741
vn -0.54982934 -0.83036480 0.09045435
vn 0.99174671 0.04988010 0.11811199
vn 0.99801881 0.04806058 0.04060334
vn 0.04238039 -0.66141315 0.74882344
vn -0.98848323 -0.11802446 0.09471607
vn 0.93374271 0.08671179 0.34728320
vn 0.15096049 -0.86359533 0.48105513
vn 0.98582626 0.14921577 0.07668928
vn 0.97693985 0.11732430 0.17839155
vn -0.19104327 -0.93178233 0.30868133
vn -0.99432498 -0.09484498 -0.04818991
vn 0.96214062 0.15673903 0.22297603
vn 0.18551387 -0.79312948 0.58011225
vn 0.02323260 -0.92754655 -0.37298479
vn -0.41895438 -0.84261025 0.33835659
vn 0.24710185 -0.59507455 0.76473980
vn -0.16787317 -0.26578842 0.94930244
vn -0.14215226 -0.56647931 0.81172281
vn -0.10748895 -0.98710648 -0.11860403
vn 0.98771694 0.08887978 0.12851312
vn 0.92769059 -0.25360556 0.27399705
vn -0.57564045 0.39108036 0.71811853
vn -0.96498205 -0.25443150 -0.06382993
vn -0.02109475 -0.95214623 0.30491405
vn 0.00926463 -0.93374576 0.35781702
vn -0.08627811 0.99082790 -0.10400075
vn -0.01010090 -0.55117857 0.83432617
vn 0.17499324 0.59272071 0.78616762
vn 0.11421764 0.56857287 0.81466510
vn -0.31799976 0.48648027 0.81376477
vn -0.05262818 -0.27856800 0.95897349
vn -0.29239013 -0.53480600 0.79277396
vn 0.21778399 0.63295229 0.74292768
vn 0.02099680 -0.61474308 0.78844790
vn -0.12940435 0.57842699 0.80540470
vn 0.20847118 -0.75728212 0.61892128
vn -0.87335565 -0.39104835 0.29039819
vn -0.00428990 -0.84089280 -0.54118471
vn -0.00499208 -0.81207786 -0.58352775
vn -0.36453246 0.48613585 0.79422165
vn 0.03665489 -0.97543029 0.21723760
vn -0.34046015 -0.76350362 0.54877054
vn -0.99065020 -0.06576049 0.11953130
vn -0.81119455 -0.45569483 -0.36647732
vn -0.72823412 -0.50531075 -0.46296449
vn -0.01805023 -0.52068043 0.85356082
vn -0.42331550 -0.82533029 0.37367620
vn -0.00674994 -0.88617113 -0.46330894
vn 0.11107759 -0.43900447 0.89159231
vn 0.05401049 -0.90032105 -0.43186210
vn 0.08925111 -0.84513378 -0.52705136
vn -0.53453941 -0.78911612 0.30259440
vn 0.01127671 -0.77348796 0.63371067
vn 0.04682157 -0.92988382 0.36486136
vn 0.04616999 -0.70142503 0.71124627
vn 0.02492616 -0.78913719 -0.61371099
vn -0.99518761 0.09320058 0.03025341
vn -0.99803451 -0.05581832 -0.02848577
vn -0.25297289 0.96613663 -0.05084030
vn 0.03767281 -0.90562430 -0.42240428
vn 0.15956639 -0.95844275 0.23648690
vn -0.98683077 -0.09694029 0.12948982
vn 0.57398818 -0.51095111 0.63989572
vn -0.95819155 -0.27866816 0.06490771
vn -0.18789731 -0.80193282 0.56709643
vn 0.90779738 -0.06691521 0.41403655
vn -0.07381055 -0.21079445 0.97473981
vn -0.74490757 -0.00327325 -0.66715965
vn -0.92842712 -0.35448896 0.11117852
vn -0.99154360 0.05161937 0.11906605
vn 0.91415456 -0.38602285 0.12372468
vn 0.47872486 -0.77135942 -0.41931749
vn 0.88817014 -0.44857711 -0.09966135
vn 0.99666434 -0.04339030 0.06911927
vn -0.98994447 -0.13313639 0.04779798
vn 0.83624331 -0.28744081 0.46698491
vn 0.69606535 -0.01278037 0.71786467
vn 0.11607631 -0.95246756 0.28165907
vn -0.89189154 -0.44094052 -0.10050344
vn -0.99733695 -0.06114392 -0.03975472
vn -0.96804294 -0.24975419 0.02270904
vn 0.39958848 -0.83076649 0.38749980
vn -0.97140110 0.22512451 0.07549075
vn -0.86826961 -0.41448870 0.27259310
vn 0.82585712 -0.48225297 0.29221926
vn 0.43475158 -0.11807360 -0.89277639
vn -0.97963897 -0.19838290 0.03084993
vn 0.75755652 -0.63624777 0.14593456
vn 0.63619757 -0.77102325 0.02785336
vn -0.73701052 -0.66194979 0.13652093
vn -0.97492210 -0.17520305 -0.13722530
vn -0.92204647 -0.11618694 -0.36923016
vn -0.52219165 -0.82583768 -0.21285675
vn -0.83916813 -0.31977467 -0.43993295
vn -0.78748367 0.23601985 0.56935411
vn -0.60956872 0.37027680 0.70094298
vn -0.69353531 -0.20147567 -0.69167647
vn -0.80189939 -0.34060125 -0.49086470
vn -0.50171501 0.42368447 0.75417075
vn -0.12182267 0.99113010 0.05310708
vn 0.41589226 -0.84366006 0.33951632
vn -0.44776538 0.46276862 0.76508259
vn 0.13335698 -0.78650090 0.60301928
vn 0.20231557 -0.22652408 0.95276191
vn -0.98487010 -0.16455113 0.05434900
vn -0.93123675 -0.31583103 -0.18179351
vn 0.09274263 0.56949892 0.81674340
vn 0.14528825 0.64813593 0.74753672
vn 0.21325384 -0.08422206 0.97335987
vn -0.78553693 0.23931294 0.57066720
vn 0.50446153 0.08668560 0.85907169
vn 0.05863145 -0.89124933 0.44970766
vn 0.25797388 -0.72926129 0.63374084
vn -0.92044370 -0.31889044 -0.22603604
vn -0.99034936 -0.12946159 0.04947572
vn 0.11655834 -0.80289105 0.58461963
vn -0.50192144 0.42957052 0.75069570
vn -0.21515815 0.55184852 0.80571098
vn 0.13807059 0.57855827 0.80386992
vn -0.97101405 -0.23000155 -0.06504622
vn -0.00044762 0.48205868 0.87613882
vn -0.70452104 -0.67449682 0.22069015
vn -0.91670126 -0.38909803 0.09089289
vn 0.26694689 0.96335546 -0.02618438
vn -0.99408780 -0.06351616 0.08806333
vn 0.98394053 -0.01685079 0.17769943
vn 0.04770845 -0.40462950 -0.91323539
vn 0.81533224 0.57474961 0.06997296
vn 0.95488222 0.29502106 0.03409583
vn -0.75060163 0.35184547 -0.55928701
vn -0.12542447 -0.79469201 0.59391355
vn 0.98994286 0.03883803 0.13603215
vn 0.22669397 -0.45356683 -0.86190892
vn 0.24999269 -0.94611362 0.20584622
vn -0.68810636 -0.13273510 0.71336599
vn 0.95964419 0.26359914 0.09797202
vn 0.46311147 -0.46711896 -0.75321156
vn 0.99860969 0.00174038 0.05268445
vn 0.97640615 -0.08404940 -0.19891389
vn -0.43717172 0.89631081 0.07421464
vn 0.81236727 0.52998723 0.24325491
vn -0.98931656 -0.11935824 0.08370399
vn -0.97042996 -0.04189824 0.23771880
vn -0.97727096 -0.20736498 -0.04405937
vn 0.17209248 -0.69397607 0.69912903
vn 0.95793732 0.27428599 0.08439957
vn -0.89805590 -0.34762641 -0.26953938
vn 0.94901487 0.24808271 0.19448840
vn 0.45544801 -0.71767137 -0.52679685
vn -0.97015610 -0.24092155 -0.02745824
vn -0.17026602 0.80527726 -0.56792431
vn 0.06582827 -0.82255025 0.56486965
vn -0.20498415 0.96981845 0.13203660
vn -0.95157358 -0.28096823 -0.12475804
vn -0.99479354 0.03174329 0.09684103
vn 0.08346671 0.59065566 0.80259529
vn -0.95660444 -0.29091637 0.01660141
vn -0.97864651 -0.06862630 0.19375611
vn 0.01947201 0.58178136 0.81311210
vn -0.10503282 0.46776214 0.87759141
vn -0.12985708 0.55703825 0.82027162
vn -0.84977568 0.41723243 0.32217759
vn 0.04912449 0.59085127 0.80528353
vn -0.15676116 0.54511053 0.82357784
vn -0.44262681 0.47345352 0.76152693
vn 0.13740633 0.60027495 0.78790195
vn -0.24607564 0.54543371 0.80121711
vn -0.33540814 0.50044329 0.79815907
vn -0.12545117 0.54256713 0.83059190
vn -0.97933891 -0.05614300 0.19427625
vn -0.38844179 -0.87620479 0.28526853
vn -0.72879727 0.67598546 0.10907887
vn -0.91229818 0.15185918 0.38032989
vn -0.83065685 -0.55664094 -0.01265188
vn -0.03002378 0.27957536 0.95965420
vn -0.87276603 0.46593446 -0.14554906
vn -0.78139518 0.60828950 0.13930350
vn -0.28962188 0.50091803 0.81559812
vn -0.82948748 -0.44340371 -0.33962285
vn -0.36232400 0.49248775 0.79131355
vn -0.35336352 0.48793119 0.79815874
vn 0.15716919 -0.93580062 0.31555514
vn -0.97559082 -0.21861305 0.02075764
vn -0.77461347 0.63230909 -0.01261720
vn -0.98622489 -0.10424138 0.12842975
vn 0.20752551 -0.86601577 0.45491741
vn -0.98947593 0.04984359 0.13584184
vn -0.73141798 -0.66325708 0.15848593
vn -0.94382688 -0.09858166 0.31539258
vn -0.92507739 0.06498928 0.37417671
vn -0.87900993 -0.03057386 -0.47582221
vn -0.33612864 -0.03382525 0.94120847
vn -0.95364337 -0.28923836 -0.08309932
vn -0.95999076 0.03775865 -0.27747439
vn -0.95752671 -0.23249228 0.17055773
vn -0.91438711 -0.14545165 0.37780950
vn -0.91943416 0.09738658 -0.38099433
vn -0.98489938 -0.01990833 -0.17197929
vn -0.91747309 -0.14255854 0.37137609
vn 0.08443363 -0.80355462 0.58921214
vn -0.99336902 -0.07897384 0.08355306
vn -0.03471717 -0.99939673 0.00094831
vn -0.98563003 -0.03518183 -0.16521407
vn -0.94258267 -0.22278756 0.24880437
vn -0.99411398 -0.09906298 0.04386252
vn -0.98650232 -0.16215391 -0.02278773
vn -0.95180472 0.17508899 -0.25181666
vn 0.18778139 -0.40571118 0.89450354
vn 0.11683715 -0.53237899 0.83840425
vn -0.98463227 0.17360359 -0.01900235
vn -0.94401576 0.18563782 -0.27271385
vn -0.96440279 -0.21703485 -0.15107327
vn -0.94393298 0.28264596 -0.17059249
vn -0.98452456 0.15218816 -0.08689158
vn -0.99779401 0.06506466 -0.01317964
vn -0.01054954 -0.96285930 0.26979748
vn 0.18455135 -0.37460839 0.90863048
vn -0.80331534 -0.32438344 -0.49945956
vn 0.04735228 -0.99116917 0.12386056
vn -0.96871871 0.21535604 -0.12331193
vn -0.99939612 -0.01493360 0.03137480
vn -0.93511708 -0.17123155 -0.31021897
vn -0.20977229 -0.51094705 -0.83362384
vn -0.33199994 -0.48720814 -0.80771546
vn -0.90008808 -0.41285057 0.13926896
vn 0.04305739 0.69994305 0.71289957
vn 0.16800020 -0.52125063 0.83670408
vn 0.17143464 0.45948538 0.87148342
vn -0.35426968 0.66827749 0.65413928
vn -0.35445736 0.46484053 0.81134657
vn -0.87279665 -0.45906148 0.16579673
vn -0.34964864 0.59394399 0.72455253
vn -0.86505327 -0.24645919 -0.43696762
vn -0.97044208 -0.23838462 0.03761580
vn 0.13731017 -0.35420195 -0.92503346
vn 0.11112554 -0.29039097 -0.95043369
vn 0.17906559 0.59204841 0.78575709
vn -0.16275893 0.54105644 0.82508633
vn 0.37254095 0.58703145 0.71875400
vn -0.93908087 -0.32934421 0.09828283
vn -0.97813987 0.20469456 -0.03664052
vn -0.99045292 0.05315504 0.12719100
vn 0.25864046 -0.61724900 0.74304023
vn 0.71121034 0.68530551 0.15664040
vn -0.97378008 0.22728970 -0.00957904
vn 0.11281679 -0.71349654 0.69151649
vn -0.06047379 0.37637784 0.92449048
vn 0.79391053 0.47844007 -0.37523482
vn 0.18821981 -0.84240081 0.50491007
vn 0.05355041 -0.85930819 0.50864701
vn 0.68566227 0.19809521 0.70044667
vn 0.33690624 -0.72735931 0.59786505
vn 0.26583951 -0.81354429 0.51717989
vn 0.25704471 -0.86700692 0.42688057
vn 0.46205765 -0.65192840 0.60124212
vn -0.06404179 -0.71335709 0.69786840
vn 0.09634021 -0.80696845 0.58268387
vn 0.14381930 -0.76884972 0.62304584
vn 0.14345564 -0.61133768 0.77825878
vn -0.87745475 0.47650226 0.05494312
vn 0.49524692 -0.69518421 0.52100806
vn 0.04546897 -0.99587748 0.07848962
vn -0.50802709 -0.58466452 -0.63251551
vn 0.12218003 -0.75969045 0.63870374
vn -0.07119060 -0.56436770 -0.82244818
vn -0.04156372 0.42021501 0.90647217
vn 0.11421029 -0.81497770 0.56812619
vn -0.05766497 -0.99754692 0.03968483
vn 0.01711698 -0.99937956 0.03078152
vn -0.00080286 -0.79401835 -0.60789326
vn -0.32793049 0.40635017 0.85284297
vn -0.06941816 0.07421193 0.99482346
vn -0.07963978 0.94015132 0.33132008
vn -0.59811887 -0.54317398 -0.58925024
vn 0.04464342 -0.55479743 0.83078684
vn 0.01382359 -0.97655477 0.21482480
vn 0.21928162 -0.64549726 0.73160704
vn 0.11989059 -0.95617569 0.26712226
vn -0.61238308 0.73719166 -0.28554409
vn -0.46402406 -0.39333963 -0.79370373
vn 0.07647647 -0.99546472 -0.05658045
vn -0.40123445 0.91022153 -0.10250698
vn -0.13011955 -0.47297822 -0.87141294
vn -0.95200511 0.09448760 -0.29113290
vn 0.09145420 -0.99303569 0.07427138
vn 0.04854178 -0.81611286 -0.57585024
vn -0.13661337 -0.97035456 0.19937103
vn 0.19698774 -0.97708332 -0.08064753
vn 0.22145106 -0.95138407 0.21407426
vn 0.18422177 -0.97315939 0.13792437
vn 0.09800023 -0.76280698 0.63915684
vn -0.11406129 0.24393492 0.96306063
vn 0.92072874 -0.11598492 -0.37256688
vn 0.17744160 -0.98412756 -0.00272438
vn 0.21323069 -0.88358699 0.41690132
vn 0.19463994 0.96981648 0.14687170
vn -0.17600486 -0.43735247 -0.88189858
vn 0.07392517 -0.99291761 0.09300370
vn 0.54841335 -0.69068569 -0.47137679
vn 0.97982527 0.14559670 0.13690888
vn -0.97519404 -0.00638714 0.22125954
vn 0.98817802 0.07402073 0.13425770
vn 0.99113630 0.07028977 0.11273061
vn 0.97983934 0.02849834 0.19774405
vn -0.17551120 -0.72435111 -0.66671680
vn 0.23347503 -0.95866671 0.16262701
vn -0.02803504 -0.37904983 -0.92495149
vn 0.11864782 -0.99240958 -0.03234065
vn 0.96603470 -0.20402823 0.15858575
vn 0.17899996 -0.91079703 -0.37203197
vn 0.99776613 -0.02724997 0.06099339
vn -0.49137976 -0.77885229 0.38978846
vn -0.71405356 -0.68583803 0.14054791
vn 0.80394903 -0.18725327 -0.56444856
vn 0.99599822 -0.08262993 0.03405636
vn -0.53784814 0.80565869 0.24826085
vn -0.60123295 0.48934783 0.63171010
vn 0.52209855 0.83746925 0.16142603
vn -0.92290466 -0.35445602 -0.15035930
vn 0.07535802 0.99593928 -0.04925558
vn -0.98057879 -0.19488655 0.02201073
vn -0.07730259 0.77740534 0.62423173
vn 0.08300597 -0.65122275 0.75433344
vn -0.40138529 0.85776646 -0.32113323
vn 0.51506626 0.85641384 -0.03552572
vn 0.34195580 0.93857662 -0.04626178
vn -0.19363048 0.90219348 -0.38542725
vn 0.07422768 0.77172575 0.63160876
vn 0.27690972 -0.69554904 0.66297250
vn -0.08682273 0.99274777 0.08314847
vn -0.16855194 0.67941173 0.71413580
vn -0.39716100 0.91532470 0.06666210
vn -0.80815868 0.11078112 0.57845232
vn 0.98458725 0.03544531 0.17126465
vn 0.73041493 0.61345170 0.30028493
vn -0.32147382 0.50978486 0.79798119
vn -0.88271212 -0.02971785 0.46897352
vn -0.98651911 0.13362639 0.09446712
vn -0.97950433 -0.19570618 0.04764825
vn 0.20753216 0.57692283 0.78999396
vn 0.30520378 -0.77185051 0.55776110
vn 0.06133763 -0.25198293 0.96578585
vn 0.21273307 -0.76894773 0.60287978
vn -0.79981097 -0.13466740 -0.58495052
vn -0.68696685 -0.53026758 0.49688312
vn -0.72968119 0.46199618 -0.50410801
vn -0.60751567 -0.07434373 0.79082092
vn -0.89692145 -0.11298583 -0.42751153
vn -0.92603150 -0.17302001 -0.33545453
vn 0.22680026 -0.87045113 0.43689413
vn -0.30611951 0.65036032 0.69521385
vn -0.40409900 0.91062704 0.08638517
vn 0.01396096 -0.95645128 0.29155794
vn -0.99600096 -0.08426142 0.02970006
vn -0.69539229 -0.68937848 -0.20294550
vn -0.41348300 -0.78044144 -0.46898077
vn -0.37813116 0.87546530 -0.30096069
vn -0.57322811 0.65673676 -0.49000650
vn -0.99329611 -0.07207024 -0.09038095
vn -0.80671783 -0.20975771 -0.55245637
vn 0.40776965 -0.30823586 0.85948506
vn -0.69138092 0.00299412 -0.72248423
vn -0.54636613 -0.30361747 0.78057702
vn -0.84161410 -0.35039907 0.41098200
vn -0.08647053 0.02326281 0.99598278
vn -0.50912548 0.85932075 -0.04857049
vn -0.91029132 -0.31058506 -0.27369076
vn -0.90358006 -0.08539247 -0.41982282
vn -0.85448049 -0.44524244 0.26762337
vn -0.37194400 0.85281195 -0.36656436
vn -0.96063104 -0.25618407 0.10750690
vn -0.98469947 -0.02757043 -0.17206636
vn -0.94112583 -0.04617568 -0.33488802
vn -0.92162597 -0.02437395 0.38731316
vn -0.97729387 -0.04901494 0.20614130
vn -0.87688289 -0.04034444 -0.47900806
vn -0.62583183 -0.55342256 -0.54959803
vn -0.58227181 -0.69171296 -0.42719166
vn -0.88870594 0.14353968 0.43542866
vn 0.12289650 -0.63199850 0.76516295
vn -0.97715853 -0.13527052 -0.16389964
vn -0.63990330 -0.55548735 -0.53099678
vn -0.09139788 -0.68369426 -0.72402251
vn -0.14504189 0.61703648 0.77345254
vn -0.96635519 -0.15519303 -0.20511647
vn 0.04614356 -0.78143126 0.62228285
vn -0.33786117 -0.07553892 0.93815974
vn 0.97380830 -0.12777588 0.18807103
vn -0.65002251 -0.75944829 0.02662756
vn -0.67297309 -0.10585035 0.73205390
vn -0.88379850 -0.43555613 0.17085393
vn 0.98134465 0.18317723 0.05838476
vn 0.00914852 -0.81908789 0.57359509
vn -0.90464001 0.34076962 0.25593459
vn -0.96378588 0.00771528 0.26656568
vn 0.16143789 0.41263501 0.89647652
vn 0.16855328 -0.34189935 0.92449696
vn -0.41829431 -0.82444135 0.38121690
vn 0.04705550 0.00960700 0.99884608
vn -0.81011995 0.54411124 0.21828565
vn 0.34729035 0.39452270 0.85072983
vn -0.36396307 0.59138304 0.71958111
vn -0.01727867 0.02132918 0.99962319
vn -0.80805603 -0.03048075 0.58831656
vn 0.39832717 0.90491583 -0.14987598
vn -0.98648234 -0.10762304 -0.12357132
vn -0.98639482 -0.07516697 -0.14620256
vn -0.96129777 0.10299222 -0.25553707
vn -0.09956869 -0.93525628 0.33967891
vn 0.07118873 0.60592732 0.79232837
vn 0.01254192 -0.98914631 0.14639768
vn -0.99609722 -0.06243884 -0.06238365
vn -0.95196997 -0.23021319 -0.20187882
vn -0.99358073 -0.04528706 -0.10366490
vn -0.14372016 0.05337889 0.98817772
vn -0.64378742 -0.72407620 -0.24749023
vn 0.58602589 -0.75872414 0.28444918
vn 0.00202917 0.23594062 0.97176536
vn -0.03528301 0.94083889 0.33701229
vn -0.81759299 -0.39827173 -0.41583812
vn -0.82484169 -0.56479565 -0.02533897
vn -0.12015074 -0.60923655 0.78383329
vn 0.03973420 -0.70070517 0.71234363
vn -0.98613796 -0.08451964 0.14278781
vn -0.61612542 -0.44377185 0.65073498
vn -0.43790670 -0.72335417 0.53385060
vn 0.23268539 0.16956805 0.95765557
vn -0.04104908 0.73824624 0.67328111
vn -0.99628768 -0.07130926 0.04822699
vn -0.62337053 -0.71088399 -0.32565801
vn -0.19966632 -0.49047966 -0.84827063
vn -0.53497287 -0.78993851 0.29966843
vn 0.31197251 -0.86591711 -0.39097407
vn -0.98855816 0.14528782 -0.04054894
vn 0.78687495 0.52257542 0.32824188
vn -0.97396603 -0.17470228 0.14446208
vn -0.66397032 0.74765954 0.01219127
vn -0.92304595 -0.32420168 -0.20707351
vn 0.21261116 0.91448425 -0.34426015
vn 0.04689611 0.90419266 0.42454256
vn 0.05132384 -0.95484718 0.29263070
vn -0.72902162 0.17912183 0.66063822
vn -0.02437047 -0.75355744 -0.65693019
vn -0.34558497 0.61648068 0.70747622
vn -0.87466783 0.47729152 -0.08455175
vn 0.58369822 0.75038462 -0.31019236
vn -0.02716419 -0.85068917 -0.52496671
vn 0.85760775 -0.01407107 0.51411182
vn -0.98182326 -0.18744273 0.02980438
vn -0.97058041 -0.20783415 0.12156741
vn -0.31429869 -0.54093670 0.78013064
vn 0.01452714 -0.98181933 0.18926110
vn -0.95250589 -0.27543181 -0.12988399
vn -0.96713406 0.08094406 -0.24103894
vn 0.23469949 -0.94855406 0.21251198
vn 0.82921162 -0.38407920 -0.40606805
vn -0.87791525 0.17549367 -0.44549612
vn 0.06254838 0.15274097 0.98628490
vn 0.51053388 -0.77334481 0.37588956
vn -0.71779465 0.33583153 -0.60990820
vn -0.12378164 0.73088134 0.67118594
vn 0.03758855 0.58817036 0.80786306
vn 0.20460685 -0.84264818 0.49807638
vn 0.19976096 -0.71776272 0.66701742
vn -0.92013027 -0.36878122 0.13176000
vn -0.86253527 -0.34462502 0.37049495
vn 0.98854735 0.09642410 -0.11608850
vn 0.26315460 0.42347784 0.86684265
vn 0.94801156 -0.23436868 0.21527983
vn -0.98227937 -0.17561047 0.06548444
vn 0.07572925 -0.99527180 0.06082042
vn 0.20659552 -0.97360364 0.09702703
vn 0.08256886 -0.99045360 0.11038142
vn 0.76260040 0.20448109 0.61370034
vn -0.96704601 -0.07727582 0.24259115
vn 0.16668576 0.03437846 0.98541056
vn 0.95256873 0.24512525 0.18035086
vn 0.95781592 -0.08909210 0.27322381
vn -0.19585351 -0.46346853 -0.86419808
vn 0.95734968 0.28802451 0.02287954
vn -0.89292676 -0.14421999 -0.42647672
vn -0.87421095 -0.37737921 -0.30551619
vn 0.91887540 0.00719151 0.39448230
vn 0.99344644 0.10176734 -0.05203437
vn -0.95911159 -0.04204646 -0.27988756
vn 0.75474250 -0.58549736 0.29589965
vn -0.83115365 0.24517943 0.49906980
vn 0.76418151 0.10884325 0.63575134
vn 0.89229735 -0.18153527 0.41334053
vn 0.11247025 0.11042614 -0.98750013
vn 0.17558431 -0.04003155 -0.98365015
vn -0.18870405 -0.05102517 -0.98070751
vn 0.67627174 0.73061879 -0.09408886
vn 0.94014833 -0.04633441 0.33760072
vn 0.77611841 0.19938447 0.59823578
vn 0.96117957 -0.05295763 0.27079389
vn -0.18735464 0.07118935 0.97970930
vn -0.07610670 0.09765229 0.99230630
vn 0.15497432 -0.90837595 -0.38837623
vn -0.83892866 -0.36769010 -0.40125141
vn 0.98208789 0.18478074 0.03687081
vn 0.36984193 -0.38622720 0.84501213
vn 0.05634165 -0.58461400 0.80935288
vn 0.00846747 -0.86503380 0.50164213
vn 0.13056454 -0.70849621 0.69353156
vn 0.94209217 -0.28011157 0.18439050
vn 0.90203498 -0.20770851 0.37840464
vn 0.98625570 -0.11139115 -0.12203161
vn 0.35063617 -0.86489031 0.35919219
vn 0.99693752 0.05536099 0.05523348
vn -0.01692443 -0.10058883 -0.99478412
vn -0.29041062 0.56388352 0.77310869
vn -0.97895957 0.01569942 0.20344948
vn 0.88756213 0.09910907 0.44990095
vn 0.14052214 0.59798546 0.78909246
vn -0.46833684 0.61366031 0.63567416
vn 0.97589405 0.07763205 0.20397074
vn 0.65399943 -0.57735332 0.48882297
vn 0.95992304 -0.27931103 0.02308894
vn 0.99506450 -0.09122372 -0.03904964
vn 0.36373082 -0.92123585 -0.13792900
vn -0.98483986 -0.04109350 -0.16852828
vn 0.77483751 -0.26373629 -0.57451719
vn 0.98530513 0.06964046 0.15596157
vn -0.99888015 -0.01255278 -0.04561662
vn -0.10604679 0.54457879 0.83197838
vn 0.96854354 -0.10355715 -0.22627270
vn -0.25984577 0.54348143 0.79819052
vn 0.83190328 0.14901954 -0.53453729
vn -0.06844855 -0.03412704 0.99707078
vn 0.49405648 -0.17725859 -0.85116837
vn 0.98514965 0.02196838 0.17028668
vn 0.11094142 -0.94359189 0.31197170
vn 0.85261968 -0.24838208 -0.45972385
vn -0.44415390 0.46272092 0.76721357
vn 0.84392038 -0.51606838 0.14653265
vn 0.05009910 0.30290708 -0.95170236
vn -0.74308065 -0.54354481 0.39037185
vn 0.06410362 0.53197197 0.84433201
vn -0.44784890 0.88177503 -0.14800051
vn -0.95391727 0.22914483 0.19373820
vn -0.38165758 -0.29443858 -0.87615262
vn -0.52581639 0.21631161 -0.82263382
vn -0.07122010 0.97627477 0.20448783
vn -0.52621678 0.51882769 0.67373120
vn 0.04458375 0.04931611 -0.99778766
vn 0.68201628 0.07521638 0.72745879
vn 0.68550616 0.71593253 0.13237037
vn 0.96507345 0.26174989 -0.01096462
vn 0.41051716 0.73597508 0.53834593
vn -0.91385915 -0.27811237 0.29582928
vn 0.83522486 0.02879197 0.54915430
vn 0.28834527 0.94897554 0.12768094
vn -0.65435575 0.61749889 0.43647872
vn 0.37490266 0.89438366 -0.24397922
vn -0.02883886 0.11596344 0.99283473
vn 0.51217392 0.27725623 -0.81290027
vn 0.96977296 0.03944405 0.24079987
vn -0.22237428 0.79222238 -0.56827228
vn 0.70230773 0.58611649 -0.40401896
vn 0.33369696 0.52206946 -0.78491389
vn -0.96227037 -0.15470254 0.22383666
vn 0.57370726 0.81516018 -0.07983644
vn -0.06416607 0.93839341 -0.33955929
vn 0.63329353 0.65018944 0.41975349
vn 0.23379769 -0.75758698 0.60942646
vn 0.08751178 -0.97490580 0.20469581
vn 0.60311000 0.68994666 -0.40028981
vn 0.70709775 0.69489175 -0.13091303
vn -0.16720375 0.13748521 -0.97628926
vn 0.00336602 -0.76778561 -0.64069800
vn 0.63128210 -0.62497321 0.45922913
vn 0.99592108 0.05862710 0.06858622
vn 0.31349991 0.87553340 0.36763988
vn 0.89290123 0.08348000 -0.44244602
vn 0.02983862 -0.96663664 0.25440768
vn 0.98891652 0.10018860 -0.10957359
vn 0.86871749 0.10144109 0.48480885
vn 0.99091745 0.03342795 -0.13025042
vn 0.98087922 0.18503560 -0.06031402
vn 0.80015314 0.59595497 -0.06776897
vn 0.40438385 -0.61160774 -0.68000712
vn 0.08668231 -0.96035334 -0.26496724
vn 0.08914846 -0.32910004 -0.94007750
vn 0.97778307 -0.20365183 -0.04966087
vn 0.97422405 0.22091624 0.04564547
vn 0.59386339 0.31374909 0.74086961
vn -0.25962393 0.70859341 0.65611797
vn -0.31500491 -0.30146063 0.89994077
vn 0.99234387 0.08554921 -0.08907846
vn -0.20438775 -0.97300934 0.10713764
vn 0.21965049 0.92083641 -0.32220176
vn 0.96842133 0.21641196 0.12379817
vn 0.04999925 0.41240162 -0.90962903
vn 0.80388782 -0.47185712 0.36209837
vn 0.64160088 -0.74858189 0.16725270
vn -0.04881226 0.77352299 0.63188571
vn 0.98410083 0.11198769 -0.13785612
vn -0.99880055 0.01183315 -0.04751251
vn -0.41604757 0.70603542 -0.57307801
vn -0.06429053 0.98545667 0.15729555
vn -0.19438319 0.94989502 0.24477463
vn 0.97320571 -0.18970398 -0.12993475
vn -0.82149506 -0.48502612 0.29982583
vn -0.09348810 0.46891568 -0.87828131
vn -0.39818291 0.91353734 -0.08306561
vn 0.61145348 0.75099202 -0.24927021
vn 0.02076074 -0.83810892 0.54510772
vn -0.77274056 -0.27365049 -0.57270187
vn 0.45446711 -0.88299652 -0.11737462
vn -0.44055753 -0.78045085 -0.44362770
vn 0.66265010 0.01745897 -0.74872560
vn 0.97057411 0.22005822 -0.09777664
vn 0.83557255 0.28865924 0.46743380
vn -0.98149298 -0.11508739 -0.15305692
vn 0.56901819 0.53062871 -0.62821292
vn -0.83642200 -0.04310267 0.54638851
vn 0.91418647 0.32943954 0.23607774
vn -0.44708480 0.85813492 0.25242749
vn 0.16630538 0.89118863 -0.42204899
vn -0.74325067 0.15196700 0.65152473
vn -0.17547051 0.75725753 0.62910344
vn -0.53733201 0.62311271 0.56833517
vn 0.92659782 -0.11145489 -0.35915774
vn -0.00250228 0.19473431 0.98085284
vn 0.92910489 0.33007981 0.16676760
vn 0.89938723 -0.35023513 -0.26160652
vn 0.69417949 -0.29739746 0.65549186
vn -0.18778439 0.09967303 0.97713986
vn 0.95264937 0.03117387 0.30246879
vn -0.13010526 0.91135612 0.39051588
vn -0.40317237 -0.91303958 -0.06173143
vn -0.12292679 -0.96669356 0.22448288
vn -0.54800178 0.66036623 0.51343013
vn -0.82007383 -0.35244125 0.45084818
vn -0.77821602 -0.06645541 0.62447058
vn 0.99821551 0.03425741 -0.04891030
vn 0.63399417 -0.63683736 0.43873633
vn -0.20382537 -0.97900726 -0.00009047
vn 0.75746527 0.14329006 0.63695708
vn 0.98813698 0.07307758 -0.13507394
vn -0.87935398 0.41518773 0.23314313
vn 0.98436725 0.08847073 -0.15229590
vn 0.36267264 0.13950199 0.92141617
vn -0.01056435 -0.25033226 0.96810235
vn 0.80781909 -0.58692802 0.05425694
vn 0.99809393 0.06170745 0.00083443
vn -0.76086498 0.57182417 0.30675985
vn 0.27335820 0.84060697 0.46760584
vn 0.00119636 0.79058099 0.61235633
vn 0.11195409 0.93702317 0.33083813
vn 0.08059591 -0.77309112 -0.62915373
vn -0.70968367 0.69341652 0.12458979
vn 0.09622975 -0.82415709 -0.55812626
vn 0.98674864 0.10388988 -0.12463550
vn -0.49840350 0.86467666 0.06267554
vn 0.14185587 0.15245880 0.97807629
vn -0.97506720 -0.15379431 -0.15997268
vn 0.50440269 0.63297444 0.58730000
vn 0.63554449 0.47540037 0.60834012
vn 0.98796242 0.14006466 0.06566690
vn -0.99912591 0.04134012 0.00619704
vn -0.18430576 0.85045827 -0.49269882
vn 0.61215046 0.78996470 -0.03503679
vn 0.24810499 0.94056795 0.23189617
vn -0.26157979 -0.04084192 0.96431735
vn 0.76820495 0.63978087 0.02327190
vn 0.31888031 -0.43218979 -0.84352079
vn -0.99994150 -0.00240785 0.01054512
vn 0.72798389 0.62720827 0.27685600
vn 0.47877824 0.87718264 0.03635943
vn -0.98837547 -0.14998744 0.02485340
vn 0.96648718 0.09429358 0.23877030
vn 0.93064760 0.33949831 0.13651354
vn 0.91724759 0.30871762 0.25169485
vn 0.95927921 0.26046142 0.10928514
vn -0.25155092 0.52184423 -0.81510781
vn 0.98221756 0.08321181 -0.16829874
vn 0.96273441 0.10202119 0.25046783
vn -0.22889836 0.96246922 -0.14580309
vn 0.83882341 0.11422723 0.53228509
vn 0.95535991 0.29362195 0.03276587
vn 0.95513749 0.08236770 0.28447836
vn 0.51150716 0.12501326 0.85013653
vn 0.56180099 0.27543731 0.78007303
vn 0.25845290 0.05986166 -0.96416735
vn 0.54387393 -0.48279664 -0.68637348
vn 0.23150970 -0.51838966 -0.82321044
vn 0.74844690 0.11856683 0.65250989
vn -0.63927895 -0.52777133 0.55926724
vn 0.09639896 -0.99531474 -0.00747053
vn -0.15007120 0.69858093 -0.69961655
vn -0.08627200 0.09014132 0.99218531
vn 0.57913497 -0.35929465 -0.73178551
vn 0.86960865 -0.01557739 0.49349584
vn 0.83614134 0.39694274 0.37855530
vn -0.08433528 0.98447140 0.15395978
vn -0.04491293 0.57187623 -0.81910952
vn -0.02620672 -0.82255684 -0.56807874
vn -0.98980101 0.05773901 0.13023124
vn 0.03002373 0.99835826 -0.04877871
vn 0.03016679 -0.85204559 0.52259763
vn 0.46181378 -0.40756447 -0.78779390
vn 0.99815662 -0.06024609 -0.00733269
vn -0.82612388 -0.24169024 0.50902374
vn 0.94612203 0.12287710 0.29959026
vn 0.92924993 -0.20438367 -0.30776921
vn 0.99732997 0.05350640 -0.04969911
vn -0.18768712 0.98067545 0.05521971
vn 0.99399126 -0.09370832 -0.05656962
vn 0.99541536 0.06297017 0.07199324
vn 0.96219841 0.27152714 -0.02114797
vn 0.95205133 0.29695558 0.07359110
vn -0.04790554 0.33314639 -0.94165734
vn 0.75212274 -0.44514931 -0.48595625
vn -0.10771109 0.94276246 -0.31559034
vn -0.04257448 0.99608367 -0.07749021
vn 0.91615348 0.39688043 0.05611352
vn -0.04080564 0.86050648 0.50780262
vn 0.98780991 0.05502824 0.14561414
vn -0.02894675 0.56572350 -0.82408677
vn 0.99064416 0.06128395 0.12193616
vn 0.91018934 -0.26969427 -0.31435708
vn 0.96724882 0.24856002 -0.05145526
vn -0.00609858 0.97491311 -0.22250222
vn 0.85507067 0.20001292 0.47838163
vn -0.08537680 0.08566179 0.99265949
vn 0.98188695 -0.17597812 -0.07021196
vn 0.97944269 0.19272925 -0.05956045
vn 0.99618323 -0.00712346 0.08699560
vn -0.57980132 -0.30026763 0.75740991
vn 0.04378956 0.99196323 0.11870729
vn 0.93727654 0.32744468 0.11955194
vn 0.99187309 -0.03730650 0.12163882
vn 0.92556821 0.37826355 0.01549774
vn 0.00675835 0.83253282 -0.55393450
vn 0.59190657 -0.68363527 -0.42695365
vn 0.24327164 -0.87922041 0.40962224
vn 0.40465442 0.91084801 0.08130629
vn 0.90258791 -0.30567379 -0.30314781
vn 0.20003134 0.03266071 -0.97924498
vn 0.82976554 -0.55273192 -0.07730824
vn 0.74117395 -0.10142522 -0.66360689
vn 0.01847104 0.73199120 0.68106365
vn -0.07114226 0.88307554 0.46380640
vn -0.12011729 0.83186899 -0.54181715
vn -0.13591437 0.74151610 -0.65702447
vn -0.92678370 -0.30304664 -0.22188896
vn -0.99387309 0.04822132 -0.09945342
vn -0.66707388 -0.09895402 0.73839051
vn -0.97752990 0.19174170 0.08758090
vn -0.07995159 0.97468020 0.20882111
vn -0.98818378 0.11448455 0.10191220
vn 0.64570337 -0.76081906 0.06497316
vn 0.33221065 -0.76182720 -0.55610736
vn -0.87725996 0.38739185 0.28344755
vn -0.08758149 0.54112433 -0.83636950
vn -0.64637464 -0.44289048 -0.62132749
vn 0.88185867 -0.37237572 -0.28924316
vn -0.45100947 0.81082806 0.37302590
vn 0.98750245 0.10844684 0.11435994
vn -0.72837671 -0.51593191 -0.45086765
vn -0.12633837 0.85940825 0.49543524
vn 0.02382831 0.99953637 -0.01895396
vn -0.90473492 -0.41010054 0.11520534
vn -0.90997150 -0.39935197 -0.11166856
vn 0.04231473 -0.96171604 0.27076137
vn 0.11103274 -0.08862223 -0.98985748
vn -0.19949335 0.12588917 -0.97177895
vn -0.22984024 0.74675079 0.62412878
vn -0.00032617 -0.20472259 -0.97881998
vn 0.90779652 0.16365964 -0.38616187
vn 0.16655604 0.12387472 0.97821988
vn -0.96945133 -0.05916158 0.23804206
vn -0.97113838 0.04897106 0.23343541
vn -0.21276278 0.89156207 0.39981129
vn -0.05415205 0.37927467 -0.92369815
vn -0.11436147 0.87133097 0.47718319
vn -0.19290524 0.07163496 0.97859900
vn -0.99288312 -0.11510032 0.03057819
vn 0.71841827 0.67861127 0.15284611
vn 0.04803347 -0.96571330 0.25512863
vn -0.34805401 -0.93593857 0.05364137
vn -0.16601554 0.79492168 0.58355665
vn -0.06356046 0.84161788 0.53632025
vn 0.70058648 0.14692523 0.69827757
vn 0.05987996 0.88340347 -0.46477166
vn 0.00131038 0.53067655 -0.84757341
vn -0.27598677 0.69548522 0.66342416
vn -0.99655148 -0.08165601 0.01474570
vn -0.04929097 0.98936962 0.13681432
vn -0.07774957 0.98940122 -0.12263862
vn -0.11118578 0.99221237 -0.05614562
vn -0.86996121 -0.25790075 -0.42030310
vn -0.44445719 -0.40855093 -0.79721010
vn -0.01963949 0.87978191 0.47497166
vn -0.19487750 0.89590414 -0.39922242
vn 0.32476612 0.86599817 0.38022905
vn 0.27768801 0.58217261 0.76417565
vn -0.99781966 -0.00000120 -0.06599946
vn 0.20170230 0.78690795 0.58317413
vn 0.35631485 0.81477259 0.45736786
vn 0.76821470 0.57603375 0.27934083
vn 0.10222522 -0.67694572 0.72889951
vn -0.12967972 0.77774551 0.61505699
vn -0.19342662 0.00730874 0.98108752
vn 0.12104645 0.77124117 -0.62492785
vn -0.62827460 -0.00737063 0.77795675
vn -0.36174210 0.51031404 0.78020653
vn 0.75346008 0.61008612 0.24513839
vn -0.89909460 -0.14564328 -0.41281586
vn 0.88078533 0.16625624 0.44336899
vn -0.37087341 0.49332248 0.78682008
vn -0.05063051 0.99185875 0.11684510
vn 0.39271641 -0.13455161 0.90976353
vn 0.29775994 -0.13114443 0.94558984
vn -0.13416556 0.55517601 0.82084055
vn 0.06299571 0.87385941 0.48208015
vn 0.76896327 0.54710409 0.33071531
vn -0.36316337 0.48802704 0.79368884
vn -0.25172248 0.52637077 0.81213891
vn 0.04122791 0.44509093 0.89453581
vn -0.16639293 0.07315072 0.98334245
vn -0.97717257 0.09821553 0.18838120
vn 0.85323364 0.52043337 0.03378564
vn 0.87679460 0.31878463 -0.36001054
vn -0.14176467 -0.82825960 0.54211513
vn 0.02023066 0.24485150 0.96934950
vn 0.05297167 0.56239415 0.82517079
vn 0.98204094 0.15157087 -0.11234704
vn 0.96600146 0.23393119 0.11007899
vn -0.23567810 0.93407461 -0.26825446
vn -0.99025489 0.11984150 0.07094557
vn -0.19566085 -0.53482015 -0.82200014
vn 0.20754753 -0.21191425 -0.95499548
vn -0.98920570 0.03100999 0.14321473
vn 0.99222342 0.12145629 0.02722218
vn -0.10041635 0.99152742 -0.08240102
vn 0.06461538 0.58912708 0.80545275
vn 0.06607138 0.26027668 -0.96327079
vn 0.73643006 0.29499023 -0.60881157
vn -0.83462077 0.25223423 0.48967955
vn -0.57612272 -0.55097709 0.60374404
vn 0.17428207 0.41520927 -0.89287571
vn -0.65430882 -0.19421492 -0.73086286
vn -0.12077212 0.99014077 0.07096017
vn 0.08301089 -0.05904423 -0.99479795
vn 0.58074911 0.42995788 -0.69127902
vn 0.93551475 0.28782792 0.20485906
vn -0.14497610 0.22746743 -0.96293328
vn 0.96013410 0.17659007 0.21669901
vn 0.31306147 -0.64463599 -0.69745032
vn -0.10118587 0.98909192 0.10704482
vn 0.28635634 -0.53566498 -0.79439478
vn 0.01721617 0.62091231 -0.78369095
vn -0.50076482 0.84450288 0.18986699
vn -0.57154809 0.01595970 0.82041335
vn 0.09194845 -0.98955722 0.11100443
vn -0.29729847 0.51684267 0.80279964
vn 0.02479823 -0.86523726 -0.50074898
vn -0.31820565 0.51292874 0.79727616
vn -0.42247049 0.85716867 -0.29458539
vn -0.22023910 0.92167446 -0.31939150
vn -0.37494982 0.73181348 -0.56908845
vn -0.37826865 0.46485251 0.80051544
vn -0.72046404 0.02933320 -0.69287165
vn -0.42541502 0.39838394 -0.81259602
vn -0.95626166 0.16043642 -0.24458902
vn 0.97851194 0.08045672 0.18984493
vn -0.23144898 -0.07717297 -0.96978127
vn -0.00356466 -0.72568458 0.68801831
vn -0.33922164 0.57376546 0.74546755
vn -0.87278497 0.46250946 0.15598525
vn -0.56180573 -0.74257928 -0.36462354
vn -0.10885418 0.41512670 0.90322787
vn -0.33716473 -0.01240196 0.94136398
vn -0.46803000 0.88239187 -0.04829602
vn -0.04232325 0.43072477 -0.90149039
vn -0.26007649 -0.90197085 0.34468653
vn 0.33786353 0.56729064 0.75101902
vn 0.12654155 0.59095395 0.79671869
vn 0.15427346 -0.80776156 0.56896482
vn 0.12636350 0.58594759 0.80043594
vn -0.22575370 -0.67155749 -0.70572360
vn -0.20834811 0.52567373 -0.82477766
vn 0.49805291 0.55376698 0.66729711
vn 0.16576881 -0.70729399 -0.68720878
vn -0.06980021 -0.27758295 -0.95816264
vn 0.12418247 -0.23420906 -0.96422240
vn 0.13532805 0.01622886 -0.99066793
vn -0.99714848 -0.07103965 -0.02546119
vn 0.01692836 0.26945312 -0.96286471
vn -0.70503778 0.63168425 -0.32233016
vn -0.11695164 -0.30446452 -0.94531670
vn -0.09658192 0.14741056 -0.98434855
vn 0.77864410 0.45881738 0.42801866
vn 0.19655467 -0.72576216 0.65926895
vn 0.06323196 0.67377278 0.73622819
vn 0.03095838 -0.91864982 0.39385795
vn -0.74587589 0.66293562 -0.06469560
vn 0.14112184 0.59127832 0.79402429
vn -0.83763011 0.53478791 -0.11125508
vn -0.05652380 0.52120526 -0.85155748
vn -0.02936663 0.11752326 -0.99263583
vn -0.30091536 0.52119388 0.79862813
vn -0.56130629 0.79989214 -0.21238600
vn 0.05140063 -0.18043150 0.98224358
vn -0.55828016 0.75329877 0.34765533
vn -0.10860329 0.68410516 -0.72125270
vn 0.08530002 -0.96245244 0.25769984
vn 0.01392687 -0.90059221 -0.43444185
vn 0.84734589 0.49719505 0.18655303
vn 0.04413718 -0.18691864 -0.98138338
vn 0.05178757 0.29318259 -0.95465282
vn 0.05867539 -0.70118584 -0.71056007
vn 0.98239870 0.17019492 0.07698365
vn 0.94222878 -0.10953952 -0.31655335
vn 0.01023301 -0.39889079 0.91694134
vn -0.07189496 0.85705924 0.51017700
vn -0.77043723 0.60769351 -0.19270463
vn -0.39858107 0.49062798 0.77486599
vn -0.08063032 0.90290088 0.42221883
vn -0.99553557 -0.09094675 -0.02525108
vn -0.78243121 0.35882325 0.50896687
vn 0.09709338 0.59620112 0.79694234
vn -0.99700257 0.02118373 0.07441188
vn -0.99640397 0.06324974 0.05637910
vn -0.12340185 0.99193208 0.02903003
vn 0.05296770 0.29590429 -0.95374791
vn -0.10690812 0.92635065 0.36117189
vn 0.00053830 0.78068031 0.62493037
vn -0.99812691 0.04647548 -0.03978318
vn -0.01063863 0.97528578 0.22069088
vn -0.46388399 0.81131857 0.35577213
vn -0.07205223 0.35813714 -0.93088467
vn 0.06152232 0.09232889 0.99382613
vn -0.89969875 0.33226109 -0.28309843
vn 0.02956580 -0.97903799 0.20152043
vn -0.93066155 0.00541697 -0.36584113
vn -0.10952728 0.98095017 0.16043859
vn -0.35795252 0.89093916 0.27945913
vn -0.77836397 0.60579064 -0.16482487
vn -0.52947603 0.80320873 -0.27296681
vn 0.37712216 0.32924373 0.86566590
vn -0.25150394 0.54529281 0.79962586
vn -0.01896699 0.98400916 -0.17710515
vn -0.95186701 -0.27748016 0.13020738
vn -0.99540822 -0.02561486 -0.09222991
vn 0.38474673 -0.32492574 -0.86394052
vn 0.06340729 0.39445414 -0.91672539
vn 0.25714571 -0.94500040 -0.20211465
vn 0.43004225 -0.86317426 -0.26456354
vn -0.09339590 0.87515013 -0.47475200
vn -0.64871709 0.01810889 -0.76081417
vn -0.05872645 -0.02843562 -0.99786904
vn 0.03833821 -0.97800865 0.20501038
vn -0.94973381 -0.09351277 0.29876588
vn -0.71977141 -0.19298611 -0.66684742
vn -0.88243982 0.45706632 -0.11131193
vn -0.42453895 0.87873764 0.21814409
vn -0.98886861 0.00491243 0.14871025
vn 0.38485093 0.58179225 0.71652462
vn -0.61013031 0.32851342 -0.72098539
vn 0.18039530 -0.52064176 0.83449967
vn 0.01575053 0.67981641 -0.73321318
vn -0.91647701 0.19559011 0.34901920
vn -0.60605245 -0.69975910 0.37820315
vn -0.95549460 -0.26051719 -0.13842281
vn -0.98226731 0.04694893 0.18151235
vn -0.80310358 0.47456078 -0.36030086
vn -0.02854023 -0.87426972 -0.48460078
vn -0.78231227 0.57477876 0.24003519
vn 0.14699248 0.97014463 0.19290569
vn 0.53482612 0.57750004 0.61681012
vn 0.74230574 0.64304541 0.18834753
vn -0.40202372 -0.43611469 0.80509683
vn -0.03253857 0.53245465 0.84583290
vn 0.17357077 0.03314039 0.98426363
vn 0.05530511 -0.66242192 -0.74708671
vn -0.73216934 -0.55077516 0.40071783
vn 0.99570799 0.00087899 0.09254630
vn 0.19306784 0.98046141 0.03768612
vn -0.61543909 -0.70001001 0.36224400
vn 0.50947770 0.56757510 0.64675419
vn -0.94537401 0.30383942 0.11810839
vn 0.05677580 -0.99090220 0.12202190
vn -0.97486230 -0.22011192 -0.03455788
vn -0.56660183 -0.81362509 0.13029420
vn 0.14321566 -0.86510400 -0.48071234
vn -0.11722209 0.94134097 0.31644298
vn 0.20587400 -0.26384352 0.94233884
vn -0.80037626 -0.55427389 0.22842569
vn 0.16453185 0.33207172 0.92879365
vn -0.70422058 -0.56884139 0.42484451
vn -0.62240094 -0.78199658 -0.03314249
vn 0.01523034 -0.18543742 -0.98253804
vn 0.02980832 0.99951136 -0.00940808
vn 0.39903987 -0.82451900 -0.40116779
vn 0.24450035 0.12430048 0.96164909
vn -0.98241039 -0.16011833 0.09608299
vn 0.12282830 -0.09940772 0.98743674
vn 0.01086341 0.58035786 0.81428910
vn -0.97735223 0.10597714 -0.18317057
vn 0.28081090 -0.48511361 0.82813648
vn 0.10811570 0.62012824 0.77701478
vn 0.04062375 0.57796289 0.81505129
vn 0.58975194 0.80745724 0.01433353
vn 0.47724464 0.20157235 0.85533978
vn 0.31823187 0.29533762 0.90083526
vn -0.15827118 0.80808569 -0.56740440
vn 0.25064082 -0.02168709 -0.96783720
vn 0.06316928 -0.79357121 -0.60518954
vn 0.02289148 0.50934603 0.86025729
vn 0.00414537 -0.91874657 0.39482597
vn -0.36042882 0.67371162 0.64513852
vn 0.25058984 0.96227499 -0.10597910
vn 0.55053995 0.83083249 0.08138263
vn -0.27816003 0.51895313 0.80827882
vn 0.06874322 -0.90215834 -0.42589284
vn 0.04904005 0.68228506 0.72943962
vn 0.11874080 0.76856454 -0.62865664
vn 0.93041072 0.14725843 0.33563499
vn -0.25419903 0.51213155 0.82042923
vn -0.16283188 0.32000181 0.93331914
vn 0.65326424 0.61858207 0.43657996
vn -0.95137456 -0.22441182 -0.21101132
vn 0.77086684 0.44687493 0.45394615
vn 0.19984302 0.05613906 -0.97821837
vn 0.09846619 0.82366391 -0.55846411
vn 0.20601340 -0.50978802 0.83526921
vn 0.02175985 0.89961577 0.43613986
vn -0.96863889 -0.24069627 -0.06167661
vn 0.07160761 0.04302930 0.99650430
vn 0.33392432 -0.43445714 -0.83650555
vn 0.55304654 0.60563706 -0.57213922
vn -0.71814525 0.21311378 0.66245749
vn 0.83287717 0.36907587 -0.41243014
vn 0.52655935 0.84807042 0.05926062
vn -0.08608518 0.88649287 -0.45466441
vn 0.94798208 0.27269623 0.16421556
vn 0.67658358 0.57006031 0.46611791
vn 0.99633122 0.05034259 -0.06920777
vn -0.75447721 -0.00879715 0.65626728
vn 0.98997135 -0.07743217 -0.11815660
vn -0.00222973 0.58330607 0.81224938
vn 0.97911028 -0.00982730 -0.20309232
vn 0.60518047 0.71455472 -0.35095321
vn -0.17467763 0.31069452 0.93432149
vn 0.99669865 -0.01001090 -0.08057039
vn 0.15063668 -0.32660870 -0.93307843
vn 0.04503880 -0.92345989 0.38104243
vn -0.89578575 0.40936216 0.17317773
vn 0.11546780 0.90981878 -0.39861883
vn 0.26801794 -0.66477892 -0.69730580
vn 0.56855770 -0.81595462 0.10469097
vn -0.81412983 -0.00480524 0.58066301
vn 0.03336121 0.37387473 -0.92687902
vn 0.49077051 0.15228245 0.85787783
vn 0.98784265 0.13616191 -0.07501226
vn 0.50863889 0.82859010 0.23393359
vn 0.92886675 -0.00055219 -0.37041363
vn -0.88185206 0.42776989 -0.19836800
vn 0.12993149 0.31922592 0.93872926
vn -0.89910751 -0.33014846 -0.28741554
vn 0.57052422 -0.02293979 0.82096034
vn 0.12867843 -0.03547477 -0.99105167
vn -0.95523532 -0.26685970 0.12771600
vn 0.05222148 0.61950151 0.78325653
vn 0.95428707 0.28492523 -0.09029840
vn 0.20966548 0.09176660 0.97345738
vn 0.29079468 0.74473559 0.60067242
vn 0.42842712 0.89750410 -0.10457814
vn 0.23683945 0.72837301 -0.64294621
vn -0.99157473 0.12926463 0.00837933
vn 0.48568862 0.19486593 0.85213487
vn 0.00176748 -0.85656909 -0.51602933
vn 0.72164521 0.64995937 0.23828765
vn 0.56804685 -0.82127795 -0.05315353
vn 0.58207987 0.78792684 -0.20088384
vn -0.22925764 0.57208524 -0.78750201
vn 0.27907802 -0.11452920 -0.95341414
vn 0.61361584 0.53584118 0.57995674
vn 0.99648633 -0.06874867 -0.04783953
vn 0.96783084 0.24992086 -0.02903508
vn 0.10398154 -0.91989695 0.37812358
vn 0.65361455 0.55348639 -0.51617907
vn -0.77804115 0.54758568 -0.30789916
vn 0.69309553 0.44761601 -0.56502964
vn -0.48606425 0.63886478 -0.59631648
vn 0.34876201 0.83949321 0.41667279
vn 0.84194435 0.01283729 0.53941164
vn -0.27758885 -0.93014942 -0.24034660
vn -0.77089320 -0.63241555 -0.07598846
vn 0.10604901 -0.91130658 0.39783655
vn -0.60305094 -0.40036962 0.68995198
vn 0.86876989 0.37773742 0.32023948
vn -0.06957549 -0.22407955 -0.97208416
vn 0.97531370 0.17853982 0.12994892
vn 0.28543185 -0.11858578 -0.95103421
vn 0.24295840 0.96476041 0.10103741
vn -0.34529352 -0.02850560 0.93806173
vn 0.99054134 0.13623012 0.01640776
vn 0.98094122 -0.09962118 0.16682307
vn -0.32057652 0.62775352 0.70933505
vn 0.99570900 0.06949643 -0.06110516
vn 0.64062700 0.73765358 -0.21322346
vn 0.78247197 0.59163525 0.19417865
vn 0.98583764 0.15173586 -0.07141694
vn 0.99599562 -0.03432330 -0.08255078
vn 0.06431386 -0.38204330 -0.92190381
vn 0.99143145 0.09375428 -0.09096049
vn -0.61983817 0.00334562 0.78472253
vn -0.92533615 -0.19936972 -0.32249763
vn -0.97188784 -0.05506540 0.22891445
vn 0.99330088 0.07966708 -0.08370500
vn 0.98733503 0.10296003 -0.12070115
vn 0.69800007 -0.01259392 -0.71598693
vn 0.83955923 0.51922993 0.15981419
vn -0.36242090 0.48752801 0.79433465
vn 0.99459200 -0.02328364 0.10121577
vn -0.69201930 0.26893886 -0.66991132
vn -0.15498969 0.55229804 0.81911237
vn -0.12384517 -0.07322434 -0.98959616
vn 0.79167848 0.53615168 0.29289342
vn 0.09750510 -0.96584581 0.24007214
vn 0.78286674 0.28179317 -0.55471819
vn 0.99980932 -0.01744877 0.00876761
vn -0.28054283 0.52476714 0.80368848
vn 0.48041394 0.86034940 -0.17029783
vn 0.80381922 -0.29729440 -0.51525789
vn 0.03444407 0.57559930 0.81700615
vn 0.86910085 0.08751382 0.48683164
vn 0.10670803 -0.92003134 0.37703544
vn -0.25202056 0.21913385 0.94258474
vn -0.95554614 -0.09687422 0.27847254
vn 0.70864763 0.70353834 -0.05340726
vn 0.92614226 -0.35444139 0.12896437
vn 0.40097111 -0.56967542 -0.71742044
vn 0.64004253 0.75157777 -0.15961334
vn 0.81325878 0.47242475 -0.33974257
vn 0.69802389 0.21643261 0.68258302
vn 0.14725116 0.06967957 -0.98664170
vn 0.04160971 0.61514635 -0.78731417
vn 0.99847969 -0.04561233 -0.03094877
vn 0.26428359 -0.00911532 0.96440194
vn 0.72203942 -0.47074590 0.50700826
vn -0.18267487 -0.25590041 -0.94928651
vn 0.99012975 0.00046221 0.14015303
vn 0.97579763 -0.11565387 0.18558872
vn 0.45193170 -0.88659360 0.09853693
vn -0.10324224 0.54614706 0.83130285
vn 0.25249760 0.95889945 -0.12944812
vn 0.86134033 0.46390508 -0.20708672
vn -0.91034912 -0.40372292 -0.09095204
vn 0.88598443 0.32752579 -0.32826582
vn 0.86686187 -0.45816944 0.19654836
vn -0.89255011 -0.37197446 0.25493001
vn 0.41288919 0.69812571 -0.58492991
vn 0.74382563 -0.62679805 -0.23205094
vn 0.14403832 0.66059971 0.73679101
vn 0.97973434 0.06866030 -0.18816586
vn 0.97760765 0.16015795 -0.13650167
vn 0.95345037 0.04898226 0.29754518
vn -0.27093452 0.47872124 -0.83511703
vn 0.99452663 0.07237030 0.07536129
vn 0.83965340 0.01690784 -0.54285937
vn 0.19127640 -0.91577072 0.35323834
vn 0.67266706 -0.08956338 -0.73450488
vn 0.02671457 -0.41771179 0.90818676
vn 0.62933030 0.77674250 -0.02478845
vn 0.93574884 0.35159218 0.02751453
vn 0.66883933 -0.70036779 0.24927676
vn 0.44981211 0.88443126 -0.12429973
vn -0.56399689 -0.79513008 0.22288035
vn -0.47068827 -0.73821880 0.48320343
vn -0.46732920 0.70391993 -0.53488331
vn 0.04574576 -0.21365570 -0.97583737
vn -0.49224952 0.39131685 -0.77753555
vn 0.12522144 -0.85350962 -0.50580720
vn 0.92445518 0.36364401 0.11465452
vn 0.19212277 -0.89404682 0.40468398
vn 0.54798293 -0.77040964 0.32585840
vn 0.83325732 0.54548023 -0.09018625
vn -0.72228865 -0.59009210 0.36068050
vn 0.40328592 0.82932572 -0.38675485
vn 0.56808567 0.13848099 0.81123467
vn 0.46890933 -0.81764831 0.33402886
vn 0.83677430 -0.54470740 0.05570118
vn -0.57494944 0.80373792 0.15309638
vn 0.94598563 0.28708748 0.15063853
vn 0.85237077 0.18513945 0.48906794
vn 0.89087461 -0.19641769 -0.40958824
vn 0.98577742 -0.05481528 0.15886525
vn 0.93410654 0.30533826 0.18496895
vn -0.12693733 0.24983673 -0.95993152
vn 0.97780574 0.20951270 -0.00059774
vn 0.11687300 -0.92510913 0.36126694
vn -0.71158697 0.69260537 0.11807535
vn -0.30474718 0.33562601 0.89133851
vn 0.21896737 0.12997046 -0.96703721
vn -0.09880367 -0.64500407 0.75776486
vn 0.09593827 -0.86620333 0.49039540
vn -0.06707476 -0.99577571 -0.06270342
vn -0.01174896 -0.99961940 -0.02496050
vn 0.12574893 0.59855419 0.79115112
vn 0.99482506 -0.00775223 -0.10130649
vn 0.39017751 -0.64935511 0.65276293
vn -0.34360167 0.48141505 0.80633581
vn -0.18862960 0.97173893 -0.14192367
vn 0.87336602 -0.09181146 0.47833299
vn -0.54071336 0.84027353 0.03961629
vn 0.55167206 -0.67990186 0.48310599
vn -0.03197828 0.13481924 -0.99035406
vn 0.98808269 0.12474864 0.09016862
vn 0.91543494 -0.11689570 -0.38511590
vn 0.94938606 0.27310558 -0.15517556
vn 0.27782759 -0.24854262 0.92792155
vn -0.05390595 0.53910248 0.84051333
vn -0.14849444 0.57282697 0.80611331
vn 0.25805006 0.49318110 -0.83077228
vn 0.04690126 -0.96024473 0.27519144
vn 0.36386363 -0.85267169 0.37490565
vn 0.97779949 -0.12073033 -0.17126691
vn 0.03447540 -0.99178795 0.12315885
vn -0.75431445 0.61327465 -0.23431584
vn 0.99339562 0.02732839 0.11143739
vn -0.84613565 0.30164697 -0.43938999
vn 0.99644808 0.06983852 0.04705117
vn 0.76601349 0.49631516 -0.40852735
vn -0.15106155 0.98826794 -0.02251422
vn 0.05203515 -0.84889927 0.52598705
vn 0.18422329 -0.76134781 0.62161990
vn -0.13100721 -0.23518324 -0.96308149
vn 0.03387619 0.59421895 0.80358960
vn 0.90089720 -0.16021691 -0.40337921
vn -0.30735648 0.94053643 0.14464858
vn 0.56584333 0.80630098 -0.17233707
vn -0.07098818 -0.40342508 -0.91225483
vn 0.99978175 0.02007719 0.00577602
vn 0.01358056 -0.56354359 -0.82597469
vn 0.36642326 0.70604349 -0.60600048
vn -0.07286731 0.99722622 0.01517288
vn -0.03136986 -0.74764992 0.66335174
vn -0.36671116 0.59976306 -0.71120123
vn 0.37420764 0.58531032 0.71929165
vn -0.04663155 0.99890657 -0.00334088
vn 0.91231979 0.39343427 0.11349922
vn -0.13732663 0.99022724 0.02431904
vn -0.05873609 -0.90971051 0.41106794
vn 0.99183983 0.07719528 0.10146256
vn 0.05775740 -0.99782908 0.03164200
vn -0.39620698 0.50283619 0.76822900
vn 0.04727107 0.23871150 0.96993931
vn -0.10767164 0.17582242 -0.97851586
vn 0.19296128 -0.80678450 0.55844849
vn 0.09046612 0.59742399 0.79680641
vn 0.95217668 -0.06380518 -0.29881175
vn -0.02877773 -0.02234606 -0.99933603
vn 0.05894538 -0.96615018 0.25115587
vn 0.39243438 -0.87945999 0.26934252
vn 0.27413836 -0.72178308 -0.63551345
vn 0.82190417 0.55706928 0.11894259
vn 0.95920582 0.01643331 0.28223066
vn -0.02065479 -0.10562758 -0.99419123
vn 0.51672796 -0.76755109 -0.37928556
vn -0.09086267 -0.01485216 -0.99575267
vn -0.39199334 0.49281545 0.77683599
vn 0.91918079 0.23012750 -0.31960601
vn -0.02687487 0.57697825 0.81631724
vn 0.97259619 0.00666101 -0.23240543
vn 0.56279804 0.31429266 -0.76451193
vn 0.13952209 0.21063368 -0.96755725
vn 0.99580684 0.07024099 -0.05860829
vn 0.85641502 0.51457607 -0.04200944
vn 0.94037603 -0.06123376 -0.33457937
vn 0.70151806 0.48750526 0.51981828
vn 0.38385468 -0.56298248 0.73191961
vn 0.97254537 0.01354540 0.23231882
vn 0.84032082 0.15467720 0.51955354
vn 0.83313275 -0.52394981 0.17710566
vn 0.21255829 -0.03292511 -0.97659352
vn 0.98890995 0.10526647 -0.10476676
vn 0.95867865 0.25947300 0.11665765
vn 0.08041883 -0.98442517 -0.15633265
vn 0.92432632 0.18629559 0.33303873
vn 0.06951287 -0.90733099 0.41463048
vn -0.81802634 0.53082418 0.22149176
vn 0.15863116 -0.98691222 0.02899011
vn 0.98861218 0.15044839 0.00335318
vn 0.02630773 0.03692414 -0.99897173
vn 0.08250789 -0.85039255 -0.51963926
vn 0.60879777 -0.72850501 0.31407917
vn -0.31609882 0.51759151 0.79509783
vn 0.77335697 0.58130604 -0.25298673
vn 0.95420016 0.16270406 0.25105664
vn 0.87545190 -0.42766636 0.22513429
vn 0.91353790 0.20857679 -0.34920514
vn 0.09717028 -0.98927278 0.10907474
vn 0.63474655 -0.47878249 0.60651805
vn -0.50841362 0.43882320 0.74091146
vn 0.43576326 -0.29300157 -0.85103494
vn 0.93425352 0.29050577 0.20682543
vn -0.52953160 0.47781507 -0.70092014
vn -0.39429922 0.73297141 -0.55432935
vn -0.94470517 -0.29430596 -0.14462416
vn 0.98230312 0.18666184 0.01542543
vn 0.99562178 -0.04443965 -0.08223372
vn 0.89857868 0.43667837 0.04322451
vn 0.99134017 0.09665344 -0.08889754
vn 0.33258877 -0.32534117 0.88517672
vn 0.18554779 -0.64744513 0.73917983
vn 0.99488785 -0.03822914 -0.09347035
vn 0.10999915 -0.96266726 0.24732959
vn -0.67951143 0.34678218 -0.64653410
vn 0.98778097 0.14968582 -0.04339248
vn 0.07818928 -0.92924598 -0.36109327
vn -0.08536221 0.09003639 -0.99227352
vn 0.39369227 0.86560344 0.30941409
vn -0.99344439 -0.08920526 -0.07148886
vn 0.73983552 -0.15533008 0.65461132
vn 0.35990322 0.88121891 -0.30646844
vn -0.00731017 0.57757657 0.81630378
vn 0.61466768 0.69833809 -0.36675272
vn 0.19411451 -0.58018955 -0.79101178
vn 0.87531065 -0.45898132 0.15220848
vn -0.98181216 -0.18933829 -0.01399616
vn -0.98348210 -0.12570396 0.13023625
vn 0.98986473 0.01247971 0.14146405
vn 0.19926070 0.88704616 -0.41646642
vn 0.94793221 -0.14903751 0.28144687
vn 0.95622685 0.25978578 0.13469061
vn -0.98935456 -0.08129658 0.12069973
vn 0.79946618 -0.21893096 0.55939526
vn -0.99915130 0.01767846 0.03720420
vn -0.98000913 -0.18565136 -0.07152395
vn 0.97999000 0.19639563 0.03237835
vn 0.40790316 -0.78506461 -0.46614223
vn 0.18921684 -0.84375296 0.50227276
vn 0.20095594 -0.89512303 0.39795913
vn -0.59753862 0.80183414 -0.00309896
vn 0.99566595 -0.06201270 0.06930907
vn -0.91709247 -0.31155948 -0.24874100
vn 0.85061962 0.11160144 0.51380091
vn 0.59998258 -0.11467256 0.79175192
vn -0.80163134 0.55832990 0.21367010
vn 0.07691650 -0.66108040 -0.74636222
vn 0.65792087 -0.75214123 0.03773200
vn -0.69353203 0.59485397 -0.40640137
vn 0.82788763 0.19189873 -0.52704549
vn -0.16345223 -0.14396597 -0.97599035
vn 0.24866574 0.57034113 0.78286419
vn -0.56749348 0.82324442 -0.01482453
vn 0.67423571 -0.46855670 -0.57084221
vn 0.65266771 0.65258202 -0.38491761
vn 0.96254798 -0.01987726 -0.27038173
vn 0.73032280 0.66841359 0.14089668
vn 0.88178076 -0.32765379 0.33927229
vn -0.99170805 -0.08546179 0.09597618
vn 0.99694381 0.01302172 0.07702911
vn -0.91245516 0.30966886 -0.26745239
vn 0.99723186 -0.07431090 -0.00254925
vn 0.00506209 -0.37139390 0.92846160
vn -0.99106122 -0.05126851 0.12316331
vn 0.74111435 -0.35122094 0.57218299
vn 0.94009634 0.31890219 0.12050005
vn 0.98190646 -0.08649928 0.16845643
vn 0.22213904 -0.25754583 -0.94038524
vn 0.99188589 0.03412038 0.12246710
vn 0.67229154 -0.36758893 -0.64257488
vn -0.30776786 0.12241262 0.94355397
vn 0.64951354 -0.57608804 -0.49624059
vn 0.12654582 -0.64594515 -0.75282203
vn -0.75506709 0.43687410 -0.48889131
vn 0.42886288 -0.89576402 -0.11697626
vn 0.94324675 -0.29756994 -0.14743714
vn 0.03957374 -0.35482998 -0.93409293
vn 0.65352172 -0.02813605 0.75638464
vn 0.17901082 0.29754970 0.93777359
vn 0.91822543 0.39486030 0.03077987
vn -0.98152131 -0.15987746 0.10514335
vn -0.99320624 -0.07284513 0.09074661
vn 0.24565939 -0.79745606 0.55110371
vn 0.98383379 0.05506786 -0.17040718
vn 0.05054393 -0.96441350 0.25952246
vn -0.71766764 -0.40511835 -0.56642058
vn 0.97813815 -0.13970190 0.15404265
vn -0.40882198 -0.11847162 0.90489174
vn 0.94642046 0.28654438 0.14893162
vn 0.98942079 0.06711777 0.12861454
vn 0.01168403 0.05259544 -0.99854755
vn -0.17354236 0.33187048 0.92722437
vn 0.97840013 -0.02392843 0.20533049
vn 0.83296369 -0.22495818 -0.50553468
vn 0.45211542 -0.81782462 0.35602605
vn 0.59053388 -0.76508643 0.25673428
vn 0.71543445 -0.69615040 -0.05939842
vn 0.37939171 0.15267698 0.91255228
vn -0.13039452 0.54488017 0.82831326
vn 0.31576437 -0.94874495 0.01326196
vn -0.78879416 0.59727422 -0.14514570
vn 0.89240083 0.37116972 -0.25661997
vn 0.16123066 -0.91495011 -0.36996077
vn 0.61398220 0.14124394 0.77657969
vn -0.13982951 0.55004074 0.82334858
vn -0.56199681 0.66163917 -0.49638009
vn 0.19217002 -0.70439200 -0.68330271
vn 0.41203567 -0.56828115 -0.71223812
vn -0.96325756 -0.26289954 -0.05494268
vn -0.99629146 -0.07156362 0.04777003
vn 0.50311847 0.50643285 -0.70028392
vn -0.98469538 -0.10834271 0.13651693
vn 0.72585914 0.11905764 0.67746128
vn -0.90848778 -0.29375225 0.29725336
vn 0.98551406 0.11104823 -0.12818087
vn -0.90380509 -0.34398714 -0.25457652
vn -0.89401127 -0.37656457 -0.24278175
vn -0.80828480 -0.45053046 -0.37907516
vn 0.29126736 -0.74758403 0.59689315
vn -0.93859693 -0.31860003 -0.13240026
vn 0.15853319 0.59664516 0.78669040
vn 0.70103161 -0.17214771 0.69204035
vn 0.78928661 0.52578960 -0.31713080
vn -0.42917279 0.64166004 -0.63567532
vn -0.87270150 0.23667510 -0.42705619
vn 0.07540760 0.58453030 0.80786015
vn 0.64232348 -0.69604168 -0.32085280
vn 0.85788303 0.04431120 0.51193089
vn 0.99493039 0.03379399 0.09471789
vn 0.86503544 0.25331662 -0.43306393
vn -0.11311131 0.54196135 0.83275670
vn -0.18952720 -0.80726124 0.55893535
vn 0.82570726 0.25015936 -0.50559650
vn 0.20532131 -0.76021364 0.61637519
vn 0.96048886 0.03197749 -0.27647530
vn 0.94934865 0.03032108 0.31275833
vn -0.94950656 -0.05891876 0.30816533
vn -0.74634642 0.66094083 -0.07825754
vn -0.32100505 -0.92212721 0.21595639
vn 0.99688398 0.05866758 -0.05272999
vn 0.77305385 -0.45860131 -0.43826086
vn -0.64963524 -0.53549453 -0.53964772
vn -0.37060073 0.59464978 0.71347511
vn 0.64167707 -0.59292551 0.48650784
vn 0.88731658 -0.23998795 0.39379573
vn -0.78611113 -0.61804352 -0.00717594
vn -0.34166238 0.30875172 -0.88765939
vn -0.38239016 0.90530529 0.18493271
vn 0.06676878 -0.97593259 -0.20759941
vn 0.95854576 0.07177636 -0.27575021
vn -0.16956857 0.98465952 -0.04113558
vn 0.71929351 -0.64360135 0.26152274
vn -0.12905659 0.67179294 -0.72940979
vn 0.68800128 -0.70252153 0.18198277
vn 0.96741829 0.25049242 -0.03681572
vn -0.85576894 -0.31736193 -0.40858405
vn 0.41123842 -0.85191713 0.32422241
vn -0.20789888 -0.28670044 -0.93519031
vn 0.86468334 -0.33712672 -0.37238193
vn -0.85480168 0.02117344 -0.51852269
vn 0.87882391 0.44563073 -0.17053384
vn 0.14106135 -0.54152341 0.82876661
vn 0.94855898 -0.27039016 0.16469674
vn 0.50865964 -0.40643229 -0.75899813
vn 0.01627539 -0.15340510 0.98802935
vn -0.05138240 0.01957000 -0.99848729
vn 0.31632628 -0.69426873 0.64647399
vn -0.98102032 -0.06243569 0.18357810
vn -0.24014269 0.54451116 -0.80364114
vn -0.00955001 -0.98539358 -0.17002439
vn 0.03789097 -0.98957569 -0.13893964
vn 0.03610576 0.77695417 0.62852096
vn -0.25763520 0.95885864 -0.11922339
vn -0.07769375 0.63309660 0.77016386
vn -0.98294736 -0.13287537 0.12711661
vn 0.06340693 0.30237807 -0.95107679
vn -0.04369651 0.99078445 -0.12820605
vn -0.99999627 0.00112967 0.00248628
vn 0.46579088 -0.82628760 0.31668228
vn 0.27595313 -0.94674291 0.16591481
vn 0.54975657 -0.71485744 0.43214182
vn 0.06569970 -0.97899479 0.19300974
vn -0.02966535 0.35657345 0.93379620
vn -0.96696858 -0.13474663 0.21636800
vn -0.95877189 -0.25341922 0.12858914
vn 0.48236732 0.56053395 0.67314445
vn -0.98842168 -0.09630482 0.11725169
vn 0.96627853 -0.23374752 0.10801805
vn 0.93568472 0.15066361 0.31905265
vn -0.94409043 0.06231983 0.32374295
vn -0.55276655 -0.73091780 -0.40026030
vn -0.99797963 -0.01284059 0.06222366
vn -0.69849000 -0.70990116 0.09028877
vn -0.16887650 -0.75415804 -0.63460726
vn 0.99376191 0.08697154 0.06980848
vn 0.06150266 0.73733918 0.67271714
vn -0.14138981 -0.26090280 0.95495479
vn -0.96546914 0.25561914 0.05028111
vn -0.19915537 0.95498188 0.21987895
vn 0.99585101 0.01229803 0.09016385
vn -0.30545569 0.62169021 0.72124760
vn 0.39116701 0.25581321 0.88405202
vn 0.95968643 -0.13891146 0.24434722
vn -0.17991531 -0.23028275 0.95634739
vn -0.73770456 -0.60222275 -0.30515528
vn -0.52317957 0.84819282 -0.08277726
vn -0.00441242 -0.55304036 -0.83314278
vn -0.36602748 0.93049555 0.01420951
vn -0.10249589 -0.86479256 0.49155714
vn 0.27292832 -0.80484393 0.52700701
vn 0.11560483 -0.86525182 0.48782661
f 47//47 49//49 35//35
f 35//35 49//49 8//8
f 46//46 10//10 1//1
f 1//1 23//23 6//6
f 16//16 46//46 1//1
f 1//1 10//10 20//20
f 1//1 20//20 23//23
f 6//6 23//23 37//37
f 36//36 39//39 27//27
f 2//2 36//36 27//27
f 15//15 2//2 27//27
f 37//37 36//36 2//2
f 3//3 5//5 32//32
f 22//22 3//3 32//32
f 31//31 22//22 32//32
f 18//18 31//31 32//32
f 19//19 31//31 18//18
f 31//31 19//19 27//27
f 39//39 21//21 27//27
f 21//21 31//31 27//27
f 5//5 24//24 32//32
f 32//32 24//24 34//34
f 32//32 34//34 7//7
f 32//32 7//7 43//43
f 32//32 43//43 38//38
f 34//34 17//17 33//33
f 33//33 13//13 34//34
f 33//33 17//17 14//14
f 33//33 14//14 28//28
f 33//33 28//28 4//4
f 33//33 4//4 26//26
f 33//33 26//26 25//25
f 33//33 25//25 42//42
f 45//45 44//44 35//35
f 40//40 45//45 35//35
f 9//9 40//40 35//35
f 44//44 11//11 35//35
f 11//11 41//41 35//35
f 41//41 29//29 35//35
f 29//29 48//48 35//35
f 35//35 48//48 30//30
f 12//12 34//34 13//13
f 7//7 34//34 12//12
f 23//23 36//36 37//37
f 49//49 47//47 46//46
f 49//49 46//46 16//16
f 35//35 30//30 47//47
f 246//246 245//245 50//50
f 247//247 246//246 1450//1450
f 1553//1553 247//247 1548//1548
f 63//63 245//245 238//238
f 63//63 50//50 245//245
f 1004//1004 1000//1000 288//288
f 1029//1029 1026//1026 1196//1196
f 297//297 1256//1256 295//295
f 1450//1450 50//50 52//52
f 297//297 58//58 512//512
f 308//308 295//295 1256//1256
f 295//295 1553//1553 1548//1548
f 1553//1553 295//295 168//168
f 1256//1256 1259//1259 308//308
f 640//640 1033//1033 1232//1232
f 1279//1279 1009//1009 1029//1029
f 1033//1033 1279//1279 1029//1029
f 654//654 643//643 1133//1133
f 643//643 1073//1073 1133//1133
f 1073//1073 1053//1053 1049//1049
f 1259//1259 1009//1009 1279//1279
f 1259//1259 1256//1256 1009//1009
f 161//161 1553//1553 168//168
f 1553//1553 161//161 156//156
f 156//156 247//247 1553//1553
f 291//291 309//309 1259//1259
f 1279//1279 945//945 1259//1259
f 291//291 1259//1259 945//945
f 163//163 156//156 161//161
f 249//249 288//288 512//512
f 1000//1000 512//512 288//288
f 1004//1004 288//288 999//999
f 1046//1046 1003//1003 1004//1004
f 1026//1026 586//586 1196//1196
f 1196//1196 586//586 1232//1232
f 640//640 1232//1232 1262//1262
f 399//399 394//394 403//403
f 394//394 355//355 403//403
f 360//360 400//400 235//235
f 235//235 236//236 360//360
f 400//400 360//360 399//399
f 360//360 357//357 399//399
f 1112//1112 367//367 1155//1155
f 804//804 806//806 1459//1459
f 810//810 804//804 1155//1155
f 365//365 367//367 1112//1112
f 366//366 360//360 236//236
f 358//358 357//357 360//360
f 1288//1288 1073//1073 640//640
f 1029//1029 1196//1196 1232//1232
f 1026//1026 1029//1029 1009//1009
f 1256//1256 297//297 1000//1000
f 512//512 1000//1000 297//297
f 1026//1026 1009//1009 1256//1256
f 1256//1256 1000//1000 1026//1026
f 640//640 1073//1073 1033//1033
f 1049//1049 1033//1033 1073//1073
f 358//358 354//354 357//357
f 358//358 654//654 354//354
f 654//654 358//358 663//663
f 1133//1133 1288//1288 354//354
f 1133//1133 354//354 654//654
f 654//654 656//656 643//643
f 656//656 654//654 663//663
f 1053//1053 1073//1073 643//643
f 1362//1362 1151//1151 1380//1380
f 1053//1053 1362//1362 1347//1347
f 1053//1053 949//949 1049//1049
f 1279//1279 1033//1033 1049//1049
f 945//945 949//949 948//948
f 949//949 945//945 1049//1049
f 949//949 1053//1053 948//948
f 1347//1347 1333//1333 1053//1053
f 1130//1130 948//948 1053//1053
f 967//967 291//291 945//945
f 294//294 287//287 306//306
f 1250//1250 289//289 284//284
f 287//287 296//296 306//306
f 158//158 157//157 163//163
f 247//247 1532//1532 246//246
f 245//245 1532//1532 1428//1428
f 245//245 1428//1428 238//238
f 60//60 63//63 238//238
f 55//55 50//50 63//63
f 999//999 288//288 336//336
f 1046//1046 1004//1004 999//999
f 1025//1025 1092//1092 999//999
f 1046//1046 999//999 1092//1092
f 1219//1219 389//389 1236//1236
f 379//379 239//239 371//371
f 237//237 371//371 239//239
f 1235//1235 1169//1169 379//379
f 1169//1169 239//239 379//379
f 235//235 237//237 239//239
f 237//237 400//400 371//371
f 400//400 403//403 371//371
f 239//239 236//236 235//235
f 1459//1459 1155//1155 804//804
f 1459//1459 746//746 1155//1155
f 1404//1404 1112//1112 746//746
f 367//367 366//366 236//236
f 360//360 366//366 663//663
f 663//663 358//358 360//360
f 367//367 365//365 366//366
f 1384//1384 365//365 1112//1112
f 1336//1336 1151//1151 663//663
f 1380//1380 1151//1151 1336//1336
f 1384//1384 1336//1336 366//366
f 1090//1090 1384//1384 1112//1112
f 746//746 1459//1459 783//783
f 1404//1404 1090//1090 1112//1112
f 1173//1173 1384//1384 1090//1090
f 1336//1336 1173//1173 1395//1395
f 1090//1090 1373//1373 1173//1173
f 1347//1347 1362//1362 1380//1380
f 1397//1397 989//989 1395//1395
f 1395//1395 1173//1173 1397//1397
f 989//989 1397//1397 1011//1011
f 1443//1443 746//746 783//783
f 1224//1224 746//746 1443//1443
f 1014//1014 1011//1011 1210//1210
f 941//941 1250//1250 937//937
f 937//937 948//948 941//941
f 1250//1250 967//967 937//937
f 1250//1250 294//294 967//967
f 287//287 294//294 1250//1250
f 1250//1250 941//941 1247//1247
f 289//289 1250//1250 1247//1247
f 1134//1134 1247//1247 941//941
f 289//289 1247//1247 459//459
f 1134//1134 917//917 1247//1247
f 1628//1628 957//957 987//987
f 957//957 1623//1623 1134//1134
f 1626//1626 1623//1623 1628//1628
f 1134//1134 1623//1623 917//917
f 917//917 460//460 459//459
f 459//459 456//456 289//289
f 456//456 284//284 289//289
f 468//468 156//156 157//157
f 230//230 1428//1428 1532//1532
f 468//468 1532//1532 156//156
f 1526//1526 1532//1532 468//468
f 589//589 445//445 464//464
f 464//464 445//445 150//150
f 223//223 150//150 445//445
f 284//284 479//479 296//296
f 730//730 729//729 872//872
f 791//791 455//455 281//281
f 791//791 279//279 455//455
f 455//455 991//991 730//730
f 589//589 729//729 444//444
f 729//729 991//991 444//444
f 522//522 223//223 445//445
f 1048//1048 653//653 522//522
f 522//522 653//653 278//278
f 51//51 223//223 522//522
f 51//51 224//224 223//223
f 230//230 224//224 238//238
f 238//238 224//224 1617//1617
f 51//51 1617//1617 224//224
f 1617//1617 51//51 151//151
f 249//249 195//195 232//232
f 62//62 181//181 135//135
f 1594//1594 181//181 62//62
f 125//125 62//62 135//135
f 78//78 62//62 999//999
f 144//144 999//999 125//125
f 123//123 144//144 125//125
f 999//999 62//62 125//125
f 1025//1025 999//999 144//144
f 592//592 1025//1025 587//587
f 1481//1481 883//883 1591//1591
f 1591//1591 871//871 1481//1481
f 882//882 1579//1579 1546//1546
f 882//882 1546//1546 1527//1527
f 384//384 1510//1510 830//830
f 1584//1584 1274//1274 1294//1294
f 846//846 1582//1582 1274//1274
f 1542//1542 841//841 846//846
f 841//841 1582//1582 846//846
f 868//868 1294//1294 1281//1281
f 1281//1281 1572//1572 868//868
f 385//385 382//382 1213//1213
f 385//385 1213//1213 377//377
f 419//419 241//241 1510//1510
f 419//419 377//377 241//241
f 377//377 392//392 241//241
f 378//378 514//514 392//392
f 632//632 314//314 378//378
f 378//378 314//314 1010//1010
f 1007//1007 633//633 632//632
f 381//381 383//383 633//633
f 374//374 240//240 244//244
f 1213//1213 244//244 240//240
f 371//371 403//403 374//374
f 374//374 403//403 240//240
f 380//380 374//374 244//244
f 1219//1219 1236//1236 1235//1235
f 1235//1235 1236//1236 1276//1276
f 380//380 389//389 1219//1219
f 389//389 1572//1572 1276//1276
f 1324//1324 771//771 806//806
f 1224//1224 1404//1404 746//746
f 1024//1024 1014//1014 1210//1210
f 1224//1224 1024//1024 1210//1210
f 1024//1024 1008//1008 1014//1014
f 696//696 691//691 1024//1024
f 1153//1153 1008//1008 1024//1024
f 1014//1014 1008//1008 1011//1011
f 1146//1146 989//989 1011//1011
f 1635//1635 1626//1626 1628//1628
f 692//692 1635//1635 672//672
f 692//692 925//925 1635//1635
f 925//925 1626//1626 1635//1635
f 925//925 1118//1118 1626//1626
f 1623//1623 1118//1118 917//917
f 1118//1118 460//460 917//917
f 960//960 1118//1118 925//925
f 687//687 1157//1157 1138//1138
f 1138//1138 692//692 687//687
f 1157//1157 687//687 1163//1163
f 709//709 1157//1157 1165//1165
f 735//735 1167//1167 709//709
f 735//735 1170//1170 744//744
f 1167//1167 744//744 722//722
f 744//744 740//740 722//722
f 722//722 1013//1013 1167//1167
f 875//875 1138//1138 1167//1167
f 1138//1138 279//279 791//791
f 842//842 1580//1580 820//820
f 1580//1580 279//279 1138//1138
f 728//728 992//992 455//455
f 728//728 455//455 1037//1037
f 991//991 990//990 444//444
f 445//445 589//589 444//444
f 444//444 990//990 1048//1048
f 992//992 990//990 991//991
f 992//992 1048//1048 990//990
f 728//728 585//585 992//992
f 447//447 1536//1536 278//278
f 1536//1536 447//447 449//449
f 449//449 282//282 1536//1536
f 1617//1617 151//151 233//233
f 67//67 60//60 248//248
f 67//67 63//63 60//60
f 55//55 63//63 67//67
f 52//52 57//57 249//249
f 249//249 57//57 195//195
f 195//195 160//160 273//273
f 336//336 273//273 78//78
f 273//273 336//336 232//232
f 999//999 336//336 78//78
f 280//280 78//78 273//273
f 280//280 62//62 78//78
f 62//62 310//310 1561//1561
f 181//181 164//164 328//328
f 1010//1010 457//457 469//469
f 514//514 395//395 231//231
f 231//231 392//392 514//514
f 830//830 1510//1510 583//583
f 866//866 583//583 1527//1527
f 900//900 1425//1425 1451//1451
f 882//882 1481//1481 900//900
f 1579//1579 900//900 1588//1588
f 1546//1546 866//866 1527//1527
f 386//386 384//384 830//830
f 1546//1546 387//387 386//386
f 382//382 385//385 1584//1584
f 1274//1274 1546//1546 1549//1549
f 1274//1274 385//385 387//387
f 384//384 387//387 385//385
f 1274//1274 387//387 1546//1546
f 1555//1555 1549//1549 1546//1546
f 1579//1579 1588//1588 1555//1555
f 1555//1555 1588//1588 1550//1550
f 1588//1588 1451//1451 1550//1550
f 1425//1425 1542//1542 1550//1550
f 846//846 1550//1550 1542//1542
f 806//806 771//771 783//783
f 696//696 1024//1024 1417//1417
f 691//691 1153//1153 1024//1024
f 1011//1011 1008//1008 1146//1146
f 1148//1148 1146//1146 1008//1008
f 1143//1143 1628//1628 1146//1146
f 691//691 696//696 692//692
f 687//687 692//692 696//696
f 1163//1163 687//687 696//696
f 691//691 692//692 681//681
f 681//681 678//678 1153//1153
f 672//672 678//678 681//681
f 672//672 1148//1148 678//678
f 1143//1143 1148//1148 672//672
f 1008//1008 678//678 1148//1148
f 681//681 1153//1153 691//691
f 672//672 681//681 692//692
f 1635//1635 1143//1143 672//672
f 1635//1635 1628//1628 1143//1143
f 1148//1148 1143//1143 1146//1146
f 735//735 709//709 1168//1168
f 752//752 740//740 744//744
f 875//875 1167//1167 1013//1013
f 1032//1032 875//875 1013//1013
f 875//875 1032//1032 885//885
f 1138//1138 875//875 885//885
f 844//844 849//849 853//853
f 826//826 842//842 849//849
f 905//905 820//820 885//885
f 1063//1063 1037//1037 1580//1580
f 1037//1037 279//279 1580//1580
f 1037//1037 1304//1304 728//728
f 60//60 233//233 248//248
f 1595//1595 282//282 286//286
f 271//271 1595//1595 286//286
f 1595//1595 1433//1433 282//282
f 1433//1433 1595//1595 1614//1614
f 1454//1454 89//89 248//248
f 1447//1447 89//89 1454//1454
f 195//195 57//57 160//160
f 181//181 328//328 141//141
f 421//421 545//545 563//563
f 1516//1516 1324//1324 840//840
f 810//810 840//840 1324//1324
f 810//810 1324//1324 806//806
f 1411//1411 1516//1516 595//595
f 1516//1516 1411//1411 1318//1318
f 1411//1411 1464//1464 1318//1318
f 1324//1324 1318//1318 771//771
f 1434//1434 1224//1224 1443//1443
f 1165//1165 1437//1437 709//709
f 1477//1477 1296//1296 1189//1189
f 1296//1296 1227//1227 1209//1209
f 1227//1227 1032//1032 1209//1209
f 1032//1032 1227//1227 869//869
f 1032//1032 722//722 1209//1209
f 1032//1032 869//869 885//885
f 849//849 905//905 869//869
f 842//842 905//905 849//849
f 697//697 860//860 853//853
f 873//873 860//860 725//725
f 697//697 702//702 860//860
f 837//837 808//808 853//853
f 837//837 853//853 825//825
f 849//849 844//844 826//826
f 1208//1208 1042//1042 1063//1063
f 1042//1042 1037//1037 1063//1063
f 1042//1042 897//897 1037//1037
f 674//674 670//670 897//897
f 671//671 886//886 670//670
f 737//737 996//996 1306//1306
f 996//996 1131//1131 728//728
f 467//467 270//270 449//449
f 1602//1602 1539//1539 1595//1595
f 52//52 55//55 57//57
f 170//170 160//160 105//105
f 1594//1594 1561//1561 1589//1589
f 164//164 1638//1638 337//337
f 337//337 328//328 164//164
f 395//395 508//508 451//451
f 141//141 457//457 132//132
f 469//469 457//457 141//141
f 508//508 469//469 423//423
f 423//423 469//469 141//141
f 469//469 508//508 395//395
f 525//525 524//524 489//489
f 563//563 489//489 524//524
f 563//563 545//545 489//489
f 883//883 427//427 1535//1535
f 1535//1535 47//47 30//30
f 1591//1591 1535//1535 30//30
f 1425//1425 871//871 1403//1403
f 1542//1542 1403//1403 1410//1410
f 1516//1516 1410//1410 595//595
f 595//595 1511//1511 1411//1411
f 1187//1187 1411//1411 1398//1398
f 1443//1443 783//783 1289//1289
f 1437//1437 1464//1464 1430//1430
f 1187//1187 1189//1189 752//752
f 1477//1477 748//748 1296//1296
f 1390//1390 748//748 1477//1477
f 1407//1407 854//854 788//788
f 1227//1227 733//733 869//869
f 1227//1227 1296//1296 733//733
f 853//853 869//869 697//697
f 693//693 697//697 703//703
f 725//725 702//702 750//750
f 778//778 904//904 759//759
f 779//779 778//778 787//787
f 798//798 803//803 947//947
f 931//931 803//803 798//798
f 929//929 793//793 798//798
f 793//793 931//931 798//798
f 779//779 931//931 793//793
f 904//904 778//778 779//779
f 702//702 697//697 693//693
f 725//725 860//860 702//702
f 873//873 725//725 906//906
f 825//825 853//853 860//860
f 891//891 873//873 906//906
f 924//924 891//891 906//906
f 930//930 1110//1110 924//924
f 873//873 913//913 847//847
f 837//837 825//825 1058//1058
f 1058//1058 1088//1088 837//837
f 837//837 1088//1088 808//808
f 1042//1042 1208//1208 674//674
f 935//935 674//674 1208//1208
f 935//935 926//926 668//668
f 897//897 1306//1306 1037//1037
f 671//671 674//674 935//935
f 912//912 669//669 668//668
f 668//668 669//669 671//671
f 671//671 609//609 886//886
f 737//737 886//886 610//610
f 505//505 1545//1545 506//506
f 511//511 506//506 1220//1220
f 561//561 1222//1222 819//819
f 988//988 561//561 819//819
f 819//819 1620//1620 988//988
f 988//988 1620//1620 1002//1002
f 561//561 511//511 1220//1220
f 988//988 1012//1012 511//511
f 1012//1012 559//559 511//511
f 505//505 506//506 511//511
f 505//505 1544//1544 1545//1545
f 510//510 307//307 505//505
f 35//35 1547//1547 307//307
f 35//35 307//307 510//510
f 307//307 1547//1547 1544//1544
f 1614//1614 1595//1595 1539//1539
f 1614//1614 1539//1539 1460//1460
f 1454//1454 1614//1614 1460//1460
f 1460//1460 253//253 1454//1454
f 1454//1454 253//253 1447//1447
f 253//253 66//66 1447//1447
f 67//67 128//128 55//55
f 105//105 160//160 57//57
f 170//170 259//259 273//273
f 1594//1594 1589//1589 1637//1637
f 1637//1637 73//73 1594//1594
f 328//328 337//337 508//508
f 470//470 508//508 337//337
f 524//524 375//375 556//556
f 563//563 524//524 556//556
f 556//556 829//829 563//563
f 448//448 100//100 106//106
f 448//448 401//401 99//99
f 448//448 99//99 100//100
f 574//574 563//563 829//829
f 1535//1535 427//427 47//47
f 8//8 1543//1543 35//35
f 173//173 1543//1543 8//8
f 173//173 172//172 1543//1543
f 172//172 1463//1463 1543//1543
f 1463//1463 1470//1470 253//253
f 89//89 1447//1447 139//139
f 66//66 139//139 1447//1447
f 1470//1470 66//66 253//253
f 66//66 64//64 139//139
f 128//128 67//67 139//139
f 170//170 193//193 259//259
f 310//310 280//280 259//259
f 164//164 1594//1594 73//73
f 1638//1638 164//164 73//73
f 119//119 546//546 470//470
f 546//546 527//527 470//470
f 451//451 508//508 525//525
f 375//375 524//524 527//527
f 82//82 538//538 556//556
f 547//547 556//556 538//538
f 556//556 547//547 829//829
f 106//106 829//829 252//252
f 453//453 448//448 252//252
f 424//424 799//799 1040//1040
f 1040//1040 1613//1613 424//424
f 448//448 424//424 450//450
f 100//100 99//99 446//446
f 46//46 574//574 10//10
f 6//6 196//196 1//1
f 258//258 121//121 196//196
f 196//196 16//16 1//1
f 16//16 1513//1513 1569//1569
f 1569//1569 49//49 16//16
f 1470//1470 172//172 1569//1569
f 1463//1463 253//253 1460//1460
f 53//53 54//54 66//66
f 180//180 165//165 139//139
f 1561//1561 193//193 1559//1559
f 1637//1637 68//68 73//73
f 79//79 119//119 174//174
f 119//119 337//337 174//174
f 375//375 527//527 546//546
f 82//82 1610//1610 956//956
f 1610//1610 87//87 956//956
f 115//115 1186//1186 616//616
f 529//529 114//114 538//538
f 118//118 252//252 547//547
f 799//799 424//424 454//454
f 1103//1103 799//799 454//454
f 1252//1252 867//867 1103//1103
f 1103//1103 867//867 799//799
f 1449//1449 867//867 953//953
f 1449//1449 1280//1280 867//867
f 789//789 802//802 652//652
f 789//789 608//608 795//795
f 1556//1556 660//660 608//608
f 608//608 645//645 1616//1616
f 424//424 1613//1613 450//450
f 901//901 855//855 450//450
f 401//401 855//855 109//109
f 401//401 109//109 99//99
f 372//372 533//533 100//100
f 446//446 372//372 100//100
f 567//567 106//106 533//533
f 100//100 533//533 106//106
f 37//37 290//290 304//304
f 37//37 304//304 6//6
f 304//304 452//452 258//258
f 304//304 410//410 452//452
f 452//452 121//121 258//258
f 1587//1587 1632//1632 1513//1513
f 1513//1513 1632//1632 1470//1470
f 1573//1573 1470//1470 1632//1632
f 193//193 180//180 64//64
f 193//193 64//64 1559//1559
f 1638//1638 1636//1636 1566//1566
f 56//56 1638//1638 1566//1566
f 56//56 1592//1592 174//174
f 1610//1610 546//546 119//119
f 556//556 375//375 82//82
f 87//87 1610//1610 420//420
f 956//956 555//555 529//529
f 555//555 1186//1186 529//529
f 1186//1186 1203//1203 616//616
f 115//115 529//529 1186//1186
f 114//114 115//115 116//116
f 116//116 118//118 114//114
f 529//529 115//115 114//114
f 118//118 754//754 256//256
f 118//118 256//256 252//252
f 453//453 1436//1436 1103//1103
f 454//454 453//453 1103//1103
f 453//453 454//454 448//448
f 1449//1449 953//953 1268//1268
f 1280//1280 1449//1449 683//683
f 1280//1280 792//792 867//867
f 792//792 799//799 867//867
f 683//683 621//621 1280//1280
f 909//909 1446//1446 1484//1484
f 802//802 1446//1446 676//676
f 1446//1446 909//909 676//676
f 909//909 688//688 677//677
f 909//909 677//677 676//676
f 1514//1514 652//652 677//677
f 624//624 652//652 1514//1514
f 652//652 606//606 789//789
f 606//606 652//652 624//624
f 608//608 789//789 1556//1556
f 789//789 1487//1487 1556//1556
f 1556//1556 597//597 660//660
f 95//95 109//109 855//855
f 95//95 94//94 109//109
f 446//446 463//463 21//21
f 376//376 567//567 533//533
f 10//10 567//567 376//376
f 10//10 376//376 20//20
f 36//36 376//376 372//372
f 372//372 39//39 36//36
f 19//19 515//515 27//27
f 2//2 970//970 37//37
f 268//268 410//410 304//304
f 1587//1587 196//196 121//121
f 1513//1513 196//196 1587//1587
f 658//658 159//159 1035//1035
f 177//177 1273//1273 1035//1035
f 1161//1161 658//658 1035//1035
f 134//134 115//115 616//616
f 116//116 115//115 134//134
f 754//754 116//116 134//134
f 1436//1436 428//428 1622//1622
f 1436//1436 256//256 428//428
f 260//260 428//428 256//256
f 134//134 130//130 754//754
f 754//754 122//122 260//260
f 754//754 130//130 122//122
f 428//428 122//122 462//462
f 260//260 122//122 428//428
f 1436//1436 453//453 256//256
f 252//252 256//256 453//453
f 754//754 118//118 116//116
f 260//260 256//256 754//754
f 1103//1103 1436//1436 605//605
f 605//605 1622//1622 686//686
f 953//953 1252//1252 834//834
f 959//959 1484//1484 1264//1264
f 688//688 909//909 1482//1482
f 688//688 657//657 677//677
f 657//657 662//662 677//677
f 662//662 655//655 677//677
f 655//655 1514//1514 677//677
f 1514//1514 655//655 664//664
f 723//723 606//606 624//624
f 1487//1487 789//789 606//606
f 1487//1487 606//606 597//597
f 1571//1571 660//660 597//597
f 660//660 1571//1571 823//823
f 1471//1471 914//914 1616//1616
f 38//38 18//18 32//32
f 38//38 515//515 18//18
f 94//94 95//95 31//31
f 99//99 463//463 446//446
f 446//446 39//39 372//372
f 533//533 372//372 376//376
f 463//463 99//99 94//94
f 94//94 31//31 463//463
f 446//446 21//21 39//39
f 31//31 21//21 463//463
f 99//99 109//109 94//94
f 18//18 515//515 19//19
f 933//933 985//985 934//934
f 934//934 1105//1105 933//933
f 985//985 933//933 984//984
f 934//934 985//985 971//971
f 970//970 263//263 971//971
f 27//27 971//971 263//263
f 970//970 268//268 290//290
f 154//154 452//452 410//410
f 121//121 452//452 1600//1600
f 1587//1587 1633//1633 56//56
f 56//56 1633//1633 1570//1570
f 303//303 420//420 1610//1610
f 113//113 87//87 420//420
f 625//625 145//145 658//658
f 658//658 145//145 159//159
f 159//159 145//145 155//155
f 1035//1035 159//159 1297//1297
f 1314//1314 1273//1273 1438//1438
f 555//555 956//956 1161//1161
f 940//940 137//137 1319//1319
f 1314//1314 1269//1269 1203//1203
f 1319//1319 616//616 1269//1269
f 1496//1496 611//611 686//686
f 686//686 611//611 1260//1260
f 1252//1252 1103//1103 1260//1260
f 1252//1252 1260//1260 834//834
f 953//953 834//834 836//836
f 836//836 1268//1268 953//953
f 1268//1268 954//954 1449//1449
f 1264//1264 1449//1449 954//954
f 959//959 1264//1264 958//958
f 1493//1493 959//959 1489//1489
f 1484//1484 1493//1493 1507//1507
f 1484//1484 959//959 1493//1493
f 909//909 1484//1484 1482//1482
f 662//662 710//710 1287//1287
f 1287//1287 710//710 865//865
f 1287//1287 865//865 870//870
f 870//870 1248//1248 1284//1284
f 718//718 636//636 612//612
f 726//726 636//636 765//765
f 723//723 624//624 1514//1514
f 723//723 614//614 606//606
f 597//597 606//606 614//614
f 637//637 1571//1571 614//614
f 774//774 646//646 637//637
f 774//774 637//637 724//724
f 755//755 774//774 724//724
f 755//755 724//724 1265//1265
f 646//646 774//774 636//636
f 637//637 1132//1132 1571//1571
f 1571//1571 1132//1132 823//823
f 997//997 645//645 660//660
f 914//914 24//24 901//901
f 43//43 682//682 1141//1141
f 1137//1137 951//951 1141//1141
f 951//951 38//38 1141//1141
f 515//515 38//38 320//320
f 934//934 1176//1176 1105//1105
f 1159//1159 228//228 933//933
f 1159//1159 933//933 1105//1105
f 933//933 228//228 984//984
f 268//268 154//154 410//410
f 228//228 187//187 154//154
f 187//187 1600//1600 154//154
f 154//154 1600//1600 452//452
f 1633//1633 1587//1587 121//121
f 1600//1600 1633//1633 121//121
f 1578//1578 1633//1633 1600//1600
f 1578//1578 187//187 1480//1480
f 1480//1480 1575//1575 1578//1578
f 303//303 1506//1506 75//75
f 79//79 1506//1506 303//303
f 420//420 303//303 113//113
f 625//625 126//126 145//145
f 145//145 126//126 112//112
f 159//159 162//162 1297//1297
f 1035//1035 1297//1297 177//177
f 191//191 1472//1472 1438//1438
f 199//199 191//191 1522//1522
f 1472//1472 191//191 194//194
f 1314//1314 1438//1438 1472//1472
f 940//940 1472//1472 194//194
f 137//137 140//140 136//136
f 254//254 257//257 430//430
f 136//136 266//266 131//131
f 266//266 130//130 131//131
f 254//254 266//266 136//136
f 254//254 136//136 257//257
f 462//462 1456//1456 1622//1622
f 1109//1109 1496//1496 686//686
f 617//617 611//611 432//432
f 432//432 1630//1630 617//617
f 1494//1494 1507//1507 1493//1493
f 1489//1489 1494//1494 1493//1493
f 657//657 688//688 685//685
f 662//662 657//657 659//659
f 1266//1266 865//865 710//710
f 1248//1248 870//870 889//889
f 1246//1246 1248//1248 889//889
f 863//863 1248//1248 1246//1246
f 863//863 862//862 1248//1248
f 741//741 765//765 862//862
f 741//741 852//852 1244//1244
f 741//741 1243//1243 765//765
f 1243//1243 726//726 765//765
f 1243//1243 1239//1239 726//726
f 718//718 612//612 623//623
f 635//635 636//636 718//718
f 646//646 636//636 635//635
f 604//604 1106//1106 1132//1132
f 642//642 1471//1471 645//645
f 1471//1471 1531//1531 914//914
f 1531//1531 24//24 914//914
f 1531//1531 1525//1525 34//34
f 34//34 1525//1525 17//17
f 13//13 42//42 1312//1312
f 1104//1104 1312//1312 42//42
f 679//679 13//13 1312//1312
f 679//679 673//673 682//682
f 13//13 682//682 12//12
f 12//12 682//682 7//7
f 1629//1629 1141//1141 667//667
f 1141//1141 1629//1629 1137//1137
f 475//475 1240//1240 465//465
f 1159//1159 568//568 187//187
f 1159//1159 1105//1105 568//568
f 1176//1176 572//572 1105//1105
f 572//572 1176//1176 570//570
f 572//572 480//480 568//568
f 101//101 75//75 1570//1570
f 1570//1570 1575//1575 101//101
f 1570//1570 75//75 1506//1506
f 1498//1498 102//102 113//113
f 126//126 108//108 112//112
f 553//553 107//107 492//492
f 1039//1039 767//767 607//607
f 1039//1039 955//955 767//767
f 1066//1066 521//521 955//955
f 1359//1359 521//521 704//704
f 162//162 1359//1359 183//183
f 191//191 1438//1438 1439//1439
f 201//201 202//202 199//199
f 201//201 1554//1554 200//200
f 1554//1554 199//199 1522//1522
f 1530//1530 1554//1554 1522//1522
f 201//201 199//199 1554//1554
f 202//202 140//140 194//194
f 136//136 140//140 269//269
f 202//202 204//204 140//140
f 205//205 1102//1102 269//269
f 269//269 1102//1102 1301//1301
f 136//136 269//269 257//257
f 1627//1627 1469//1469 148//148
f 437//437 1627//1627 148//148
f 576//576 622//622 834//834
f 834//834 622//622 775//775
f 836//836 834//834 775//775
f 1334//1334 959//959 958//958
f 689//689 685//685 688//688
f 685//685 618//618 659//659
f 618//618 619//619 659//659
f 712//712 659//659 619//619
f 887//887 865//865 1266//1266
f 887//887 870//870 865//865
f 889//889 887//887 1435//1435
f 1423//1423 889//889 1435//1435
f 1246//1246 889//889 861//861
f 861//861 863//863 1246//1246
f 852//852 741//741 861//861
f 701//701 612//612 1174//1174
f 612//612 726//726 1239//1239
f 623//623 612//612 602//602
f 630//630 646//646 635//635
f 635//635 623//623 630//630
f 623//623 635//635 718//718
f 1106//1106 604//604 684//684
f 807//807 811//811 809//809
f 801//801 811//811 807//807
f 1407//1407 642//642 854//854
f 1531//1531 1471//1471 1540//1540
f 25//25 1104//1104 42//42
f 679//679 859//859 673//673
f 682//682 673//673 667//667
f 673//673 1631//1631 667//667
f 944//944 1127//1127 1137//1137
f 502//502 503//503 465//465
f 764//764 502//502 465//465
f 480//480 187//187 568//568
f 480//480 312//312 187//187
f 1565//1565 1625//1625 1480//1480
f 69//69 101//101 1473//1473
f 97//97 1473//1473 1480//1480
f 97//97 69//69 1473//1473
f 86//86 102//102 80//80
f 86//86 80//80 81//81
f 113//113 102//102 92//92
f 92//92 102//102 86//86
f 553//553 492//492 554//554
f 896//896 1039//1039 607//607
f 607//607 899//899 896//896
f 896//896 142//142 1015//1015
f 1066//1066 1039//1039 1043//1043
f 627//627 704//704 1066//1066
f 166//166 780//780 782//782
f 166//166 827//827 780//780
f 1581//1581 201//201 200//200
f 202//202 201//201 204//204
f 1402//1402 1424//1424 1608//1608
f 1424//1424 1340//1340 1315//1315
f 205//205 1338//1338 1102//1102
f 1301//1301 257//257 269//269
f 276//276 274//274 148//148
f 148//148 149//149 276//276
f 1485//1485 148//148 1469//1469
f 148//148 1485//1485 149//149
f 634//634 1630//1630 437//437
f 834//834 1260//1260 576//576
f 1489//1489 1334//1334 1272//1272
f 1538//1538 1529//1529 1560//1560
f 1529//1529 1538//1538 1482//1482
f 1538//1538 689//689 1482//1482
f 665//665 689//689 972//972
f 685//685 689//689 665//665
f 665//665 618//618 685//685
f 712//712 1225//1225 1238//1238
f 712//712 1238//1238 1266//1266
f 1238//1238 1409//1409 1429//1429
f 1429//1429 1245//1245 1258//1258
f 1258//1258 1435//1435 887//887
f 1435//1435 1258//1258 1440//1440
f 1423//1423 861//861 889//889
f 1423//1423 1413//1413 861//861
f 1401//1401 1391//1391 1423//1423
f 1230//1230 1237//1237 850//850
f 1230//1230 850//850 848//848
f 850//850 1255//1255 848//848
f 1244//1244 852//852 1255//1255
f 850//850 1244//1244 1255//1255
f 1244//1244 1233//1233 1243//1243
f 1233//1233 1239//1239 1243//1243
f 1226//1226 1239//1239 1233//1233
f 612//612 1172//1172 1174//1174
f 1174//1174 680//680 701//701
f 701//701 680//680 602//602
f 824//824 1150//1150 1177//1177
f 1257//1257 1205//1205 1283//1283
f 1064//1064 680//680 675//675
f 1198//1198 1106//1106 684//684
f 817//817 809//809 811//811
f 817//817 1198//1198 809//809
f 809//809 813//813 807//807
f 931//931 801//801 807//807
f 642//642 645//645 801//801
f 642//642 801//801 854//854
f 1218//1218 1145//1145 947//947
f 1257//1257 1207//1207 1228//1228
f 1207//1207 1145//1145 1228//1228
f 930//930 929//929 798//798
f 924//924 906//906 929//929
f 808//808 1071//1071 805//805
f 1088//1088 1071//1071 808//808
f 826//826 844//844 808//808
f 808//808 805//805 826//826
f 1599//1599 1088//1088 1601//1601
f 1208//1208 1604//1604 935//935
f 912//912 668//668 926//926
f 946//946 898//898 927//927
f 609//609 610//610 886//886
f 737//737 467//467 996//996
f 275//275 1544//1544 272//272
f 1119//1119 1223//1223 1229//1229
f 1119//1119 1229//1229 1127//1127
f 1127//1127 943//943 1119//1119
f 932//932 1119//1119 943//943
f 1119//1119 932//932 1222//1222
f 819//819 1222//1222 932//932
f 1282//1282 1002//1002 1620//1620
f 1012//1012 988//988 1002//1002
f 1079//1079 1307//1307 1309//1309
f 1309//1309 1329//1329 1330//1330
f 1079//1079 1178//1178 1307//1307
f 1178//1178 1012//1012 1307//1307
f 1270//1270 1077//1077 1156//1156
f 559//559 40//40 9//9
f 505//505 511//511 559//559
f 45//45 40//40 559//559
f 45//45 1270//1270 44//44
f 45//45 1178//1178 1270//1270
f 1178//1178 1077//1077 1270//1270
f 1178//1178 45//45 559//559
f 1521//1521 1591//1591 48//48
f 871//871 1521//1521 1403//1403
f 1385//1385 1403//1403 1521//1521
f 1464//1464 1289//1289 1318//1318
f 1443//1443 1289//1289 1464//1464
f 1322//1322 1464//1464 1411//1411
f 1322//1322 1430//1430 1464//1464
f 771//771 1318//1318 1289//1289
f 1322//1322 1411//1411 1187//1187
f 1187//1187 752//752 1170//1170
f 1398//1398 1483//1483 1189//1189
f 1483//1483 1477//1477 1189//1189
f 1390//1390 1477//1477 1483//1483
f 1390//1390 1406//1406 1407//1407
f 1505//1505 1525//1525 1540//1540
f 1515//1515 1519//1519 1525//1525
f 17//17 1525//1525 1346//1346
f 1346//1346 1479//1479 14//14
f 1479//1479 4//4 28//28
f 1136//1136 4//4 1479//1479
f 1479//1479 596//596 1448//1448
f 1448//1448 1136//1136 1479//1479
f 1136//1136 1381//1381 4//4
f 1381//1381 1405//1405 1345//1345
f 1381//1381 1191//1191 26//26
f 1360//1360 1383//1383 1158//1158
f 1360//1360 1158//1158 1345//1345
f 1158//1158 1129//1129 1191//1191
f 1158//1158 1383//1383 1371//1371
f 1129//1129 1158//1158 1329//1329
f 1104//1104 25//25 1129//1129
f 859//859 666//666 1631//1631
f 1624//1624 943//943 944//944
f 1624//1624 833//833 818//818
f 1285//1285 1620//1620 833//833
f 1012//1012 1002//1002 1282//1282
f 1309//1309 1302//1302 1303//1303
f 1312//1312 1329//1329 1303//1303
f 833//833 1624//1624 666//666
f 666//666 1624//1624 1631//1631
f 944//944 1631//1631 1624//1624
f 818//818 932//932 1624//1624
f 1309//1309 1303//1303 1329//1329
f 1285//1285 1303//1303 1302//1302
f 1303//1303 1285//1285 1312//1312
f 833//833 1312//1312 1285//1285
f 1302//1302 1282//1282 1285//1285
f 833//833 666//666 1312//1312
f 1377//1377 1371//1371 1383//1383
f 1377//1377 1330//1330 1371//1371
f 1080//1080 1077//1077 1079//1079
f 1080//1080 1162//1162 1077//1077
f 44//44 1156//1156 1185//1185
f 1185//1185 1156//1156 1341//1341
f 1495//1495 41//41 1418//1418
f 822//822 1495//1495 1497//1497
f 822//822 1521//1521 48//48
f 1521//1521 822//822 1497//1497
f 595//595 1363//1363 1511//1511
f 1511//1511 1363//1363 1343//1343
f 1406//1406 1483//1483 1503//1503
f 1390//1390 1483//1483 1406//1406
f 1503//1503 1492//1492 1406//1406
f 1505//1505 1406//1406 1492//1492
f 1505//1505 1490//1490 1525//1525
f 1525//1525 1490//1490 1515//1515
f 1525//1525 1519//1519 1346//1346
f 1346//1346 596//596 1479//1479
f 1346//1346 1327//1327 596//596
f 785//785 596//596 1327//1327
f 785//785 1193//1193 596//596
f 1448//1448 596//596 1193//1193
f 1405//1405 1136//1136 1448//1448
f 1388//1388 1335//1335 1183//1183
f 1383//1383 1335//1335 1388//1388
f 1335//1335 700//700 1350//1350
f 1183//1183 1335//1335 1350//1350
f 1361//1361 1204//1204 699//699
f 1204//1204 1361//1361 1182//1182
f 1361//1361 1418//1418 1341//1341
f 1185//1185 1341//1341 1418//1418
f 1275//1275 1495//1495 1418//1418
f 1495//1495 1452//1452 1497//1497
f 1499//1499 1320//1320 1497//1497
f 1497//1497 1363//1363 1521//1521
f 1320//1320 1503//1503 1483//1483
f 1503//1503 1499//1499 1502//1502
f 1503//1503 1502//1502 1492//1492
f 1492//1492 1467//1467 1490//1490
f 1515//1515 794//794 1327//1327
f 1327//1327 1519//1519 1515//1515
f 1519//1519 1327//1327 1346//1346
f 1461//1461 1193//1193 785//785
f 1193//1193 1461//1461 1448//1448
f 1461//1461 758//758 1458//1458
f 721//721 706//706 1458//1458
f 1405//1405 1448//1448 766//766
f 766//766 1458//1458 1427//1427
f 694//694 1383//1383 1360//1360
f 766//766 1427//1427 694//694
f 1335//1335 1427//1427 700//700
f 706//706 700//700 1427//1427
f 1350//1350 700//700 699//699
f 1499//1499 1497//1497 1452//1452
f 1452//1452 1465//1465 1499//1499
f 1502//1502 1467//1467 1492//1492
f 1490//1490 794//794 1515//1515
f 768//768 785//785 772//772
f 794//794 772//772 785//785
f 1327//1327 794//794 785//785
f 768//768 758//758 1461//1461
f 1458//1458 758//758 721//721
f 768//768 742//742 758//758
f 742//742 772//772 756//756
f 1458//1458 706//706 1427//1427
f 1452//1452 1393//1393 1465//1465
f 1465//1465 1502//1502 1499//1499
f 1502//1502 761//761 1467//1467
f 761//761 736//736 1490//1490
f 1490//1490 736//736 773//773
f 772//772 794//794 773//773
f 700//700 731//731 1393//1393
f 1502//1502 1465//1465 738//738
f 738//738 761//761 1502//1502
f 736//736 761//761 738//738
f 736//736 738//738 756//756
f 736//736 756//756 773//773
f 742//742 713//713 721//721
f 1465//1465 1393//1393 731//731
f 738//738 713//713 756//756
f 1465//1465 731//731 713//713
f 1465//1465 713//713 738//738
f 731//731 721//721 713//713
f 756//756 713//713 742//742
f 731//731 700//700 706//706
f 721//721 731//731 706//706
f 1490//1490 773//773 794//794
f 1393//1393 699//699 700//700
f 772//772 773//773 756//756
f 768//768 772//772 742//742
f 721//721 758//758 742//742
f 1461//1461 785//785 768//768
f 1490//1490 1467//1467 761//761
f 1275//1275 699//699 1452//1452
f 1275//1275 1418//1418 1361//1361
f 1275//1275 1361//1361 699//699
f 699//699 1204//1204 1350//1350
f 1350//1350 1206//1206 1183//1183
f 1204//1204 1182//1182 1206//1206
f 1204//1204 1206//1206 1350//1350
f 1388//1388 1126//1126 1080//1080
f 1183//1183 1162//1162 1126//1126
f 1183//1183 1182//1182 1162//1162
f 1206//1206 1182//1182 1183//1183
f 1495//1495 1275//1275 1452//1452
f 1452//1452 699//699 1393//1393
f 766//766 694//694 1405//1405
f 1335//1335 1383//1383 694//694
f 1405//1405 694//694 1360//1360
f 1458//1458 766//766 1461//1461
f 1448//1448 1461//1461 766//766
f 1503//1503 1320//1320 1499//1499
f 1511//1511 1343//1343 1398//1398
f 1320//1320 1398//1398 1343//1343
f 1363//1363 1497//1497 1343//1343
f 1320//1320 1343//1343 1497//1497
f 1483//1483 1398//1398 1320//1320
f 1385//1385 1521//1521 1363//1363
f 1182//1182 1361//1361 1162//1162
f 1156//1156 1077//1077 1162//1162
f 1361//1361 1156//1156 1162//1162
f 1341//1341 1156//1156 1361//1361
f 1126//1126 1162//1162 1080//1080
f 1126//1126 1388//1388 1183//1183
f 1388//1388 1377//1377 1383//1383
f 1377//1377 1388//1388 1080//1080
f 1335//1335 694//694 1427//1427
f 1405//1405 1360//1360 1345//1345
f 1505//1505 1492//1492 1490//1490
f 1189//1189 1187//1187 1398//1398
f 41//41 822//822 29//29
f 822//822 41//41 1495//1495
f 11//11 1185//1185 1418//1418
f 1080//1080 1079//1079 1377//1377
f 1329//1329 1158//1158 1371//1371
f 1330//1330 1329//1329 1371//1371
f 1012//1012 1282//1282 1302//1302
f 1285//1285 1282//1282 1620//1620
f 1620//1620 818//818 833//833
f 818//818 1620//1620 932//932
f 1620//1620 819//819 932//932
f 932//932 943//943 1624//1624
f 1629//1629 1631//1631 944//944
f 1329//1329 1312//1312 1104//1104
f 1104//1104 1129//1129 1329//1329
f 1191//1191 1129//1129 25//25
f 1191//1191 1345//1345 1158//1158
f 1345//1345 1191//1191 1381//1381
f 1405//1405 1381//1381 1136//1136
f 1407//1407 1406//1406 1505//1505
f 1411//1411 1511//1511 1398//1398
f 1363//1363 595//595 1385//1385
f 1385//1385 595//595 1410//1410
f 1385//1385 1410//1410 1403//1403
f 871//871 1591//1591 1521//1521
f 1591//1591 30//30 48//48
f 29//29 822//822 48//48
f 41//41 11//11 1418//1418
f 1185//1185 11//11 44//44
f 1270//1270 1156//1156 44//44
f 1079//1079 1077//1077 1178//1178
f 1330//1330 1377//1377 1079//1079
f 1330//1330 1079//1079 1309//1309
f 1309//1309 1307//1307 1302//1302
f 1307//1307 1012//1012 1302//1302
f 1223//1223 1119//1119 1222//1222
f 764//764 1229//1229 1223//1223
f 902//902 1184//1184 552//552
f 1108//1108 552//552 763//763
f 552//552 1108//1108 908//908
f 562//562 908//908 557//557
f 1054//1054 562//562 557//557
f 465//465 298//298 523//523
f 465//465 523//523 475//475
f 523//523 518//518 475//475
f 562//562 523//523 298//298
f 528//528 570//570 523//523
f 1480//1480 1625//1625 97//97
f 80//80 74//74 69//69
f 107//107 86//86 88//88
f 107//107 108//108 92//92
f 84//84 283//283 96//96
f 1509//1509 1605//1605 283//283
f 93//93 84//84 96//96
f 198//198 84//84 93//93
f 499//499 507//507 519//519
f 519//519 560//560 517//517
f 560//560 519//519 473//473
f 519//519 517//517 499//499
f 558//558 739//739 607//607
f 1039//1039 896//896 1043//1043
f 1107//1107 782//782 627//627
f 176//176 1099//1099 1140//1140
f 1140//1140 1147//1147 176//176
f 1295//1295 1038//1038 1325//1325
f 1444//1444 188//188 1530//1530
f 184//184 1426//1426 188//188
f 1426//1426 184//184 179//179
f 178//178 1419//1419 1441//1441
f 169//169 176//176 178//178
f 1441//1441 169//169 178//178
f 1359//1359 169//169 1441//1441
f 176//176 167//167 1099//1099
f 704//704 167//167 169//169
f 167//167 166//166 1099//1099
f 827//827 166//166 167//167
f 166//166 580//580 1084//1084
f 1359//1359 704//704 169//169
f 167//167 704//704 827//827
f 167//167 176//176 169//169
f 1359//1359 1466//1466 183//183
f 1444//1444 1466//1466 1441//1441
f 184//184 188//188 1444//1444
f 1419//1419 184//184 1444//1444
f 1466//1466 1359//1359 1441//1441
f 178//178 1147//1147 179//179
f 176//176 1147//1147 178//178
f 1419//1419 178//178 179//179
f 1419//1419 1444//1444 1441//1441
f 1419//1419 179//179 184//184
f 1608//1608 1389//1389 1408//1408
f 1402//1402 1365//1365 1424//1424
f 1424//1424 1338//1338 1340//1340
f 1457//1457 1365//1365 1402//1402
f 1457//1457 1301//1301 1365//1365
f 1175//1175 1301//1301 1457//1457
f 1301//1301 1102//1102 1365//1365
f 1615//1615 1453//1453 1469//1469
f 1485//1485 1420//1420 149//149
f 1469//1469 1453//1453 1485//1485
f 520//520 1299//1299 267//267
f 274//274 1299//1299 264//264
f 276//276 1299//1299 274//274
f 1590//1590 264//264 647//647
f 1590//1590 647//647 634//634
f 638//638 648//648 629//629
f 634//634 638//638 516//516
f 705//705 857//857 707//707
f 1334//1334 769//769 705//705
f 769//769 958//958 836//836
f 1560//1560 1529//1529 1290//1290
f 969//969 972//972 1538//1538
f 1560//1560 1562//1562 969//969
f 976//976 972//972 969//969
f 975//975 968//968 976//976
f 976//976 1557//1557 975//975
f 1557//1557 982//982 975//975
f 665//665 698//698 1445//1445
f 1445//1445 1478//1478 1394//1394
f 1478//1478 1392//1392 1394//1394
f 1445//1445 1518//1518 618//618
f 619//619 618//618 639//639
f 1245//1245 1401//1401 1258//1258
f 1423//1423 1440//1440 1401//1401
f 1231//1231 1230//1230 1391//1391
f 1321//1321 1231//1231 1354//1354
f 1293//1293 1231//1231 1321//1321
f 1237//1237 838//838 1233//1233
f 1244//1244 850//850 1237//1237
f 1211//1211 1254//1254 1283//1283
f 1283//1283 1254//1254 1257//1257
f 675//675 1150//1150 1072//1072
f 1064//1064 675//675 1072//1072
f 623//623 602//602 604//604
f 1198//1198 812//812 809//809
f 813//813 947//947 803//803
f 1199//1199 1218//1218 950//950
f 1205//1205 1199//1199 824//824
f 1072//1072 1150//1150 824//824
f 821//821 1198//1198 1064//1064
f 809//809 812//812 813//813
f 1199//1199 950//950 1072//1072
f 950//950 1064//1064 1072//1072
f 1199//1199 1072//1072 824//824
f 1198//1198 821//821 812//812
f 813//813 821//821 950//950
f 812//812 821//821 813//813
f 1064//1064 950//950 821//821
f 1234//1234 1257//1257 1254//1254
f 1214//1214 1216//1216 1197//1197
f 1216//1216 1166//1166 1197//1197
f 1135//1135 938//938 1145//1145
f 938//938 947//947 1145//1145
f 938//938 798//798 947//947
f 1110//1110 1144//1144 921//921
f 974//974 891//891 924//924
f 1059//1059 1050//1050 847//847
f 1599//1599 926//926 1604//1604
f 1599//1599 927//927 926//926
f 1601//1601 927//927 1599//1599
f 927//927 1601//1601 946//946
f 888//888 898//898 946//946
f 927//927 898//898 912//912
f 898//898 615//615 644//644
f 888//888 615//615 898//898
f 770//770 903//903 641//641
f 884//884 770//770 641//641
f 1339//1339 781//781 1317//1317
f 781//781 770//770 776//776
f 902//902 903//903 1171//1171
f 1171//1171 1164//1164 1152//1152
f 1152//1152 907//907 1171//1171
f 717//717 543//543 493//493
f 763//763 1184//1184 936//936
f 1184//1184 763//763 552//552
f 1120//1120 1108//1108 911//911
f 1115//1115 911//911 1116//1116
f 1124//1124 1016//1016 1017//1017
f 922//922 483//483 923//923
f 923//923 483//483 484//484
f 1634//1634 923//923 484//484
f 923//923 1634//1634 1016//1016
f 923//923 994//994 922//922
f 994//994 501//501 922//922
f 1190//1190 321//321 501//501
f 321//321 566//566 501//501
f 500//500 311//311 501//501
f 501//501 311//311 922//922
f 311//311 828//828 1115//1115
f 1619//1619 1120//1120 1115//1115
f 1120//1120 1612//1612 1108//1108
f 717//717 1108//1108 763//763
f 1612//1612 908//908 1108//1108
f 828//828 1085//1085 1619//1619
f 1085//1085 557//557 1619//1619
f 557//557 1085//1085 1054//1054
f 573//573 562//562 1054//1054
f 572//572 570//570 528//528
f 572//572 528//528 480//480
f 81//81 69//69 98//98
f 80//80 1498//1498 74//74
f 69//69 74//74 101//101
f 81//81 171//171 86//86
f 81//81 98//98 171//171
f 97//97 91//91 98//98
f 1508//1508 171//171 98//98
f 283//283 84//84 208//208
f 190//190 1509//1509 329//329
f 332//332 327//327 324//324
f 243//243 215//215 1605//1605
f 117//117 120//120 1605//1605
f 283//283 1605//1605 120//120
f 519//519 507//507 473//473
f 571//571 147//147 580//580
f 580//580 147//147 152//152
f 1041//1041 1043//1043 896//896
f 571//571 1041//1041 147//147
f 1043//1043 1041//1041 571//571
f 1043//1043 571//571 1107//1107
f 1041//1041 1015//1015 147//147
f 1107//1107 571//571 575//575
f 1107//1107 575//575 782//782
f 1140//1140 1084//1084 1147//1147
f 1099//1099 166//166 1084//1084
f 1084//1084 1140//1140 1099//1099
f 1147//1147 1084//1084 1038//1038
f 1027//1027 1325//1325 1038//1038
f 206//206 1607//1607 1606//1606
f 1606//1606 210//210 206//206
f 206//206 1295//1295 1261//1261
f 1261//1261 1295//1295 1325//1325
f 210//210 1295//1295 206//206
f 1310//1310 1295//1295 210//210
f 1316//1316 1310//1310 213//213
f 1315//1315 1340//1340 1300//1300
f 1315//1315 1300//1300 1389//1389
f 1316//1316 1389//1389 1300//1300
f 1328//1328 1316//1316 1351//1351
f 1627//1627 431//431 1344//1344
f 1627//1627 1344//1344 1615//1615
f 1344//1344 1328//1328 1351//1351
f 257//257 1175//1175 1344//1344
f 1328//1328 1286//1286 214//214
f 1457//1457 214//214 1286//1286
f 1389//1389 1328//1328 214//214
f 1316//1316 1328//1328 1389//1389
f 1351//1351 1615//1615 1344//1344
f 1278//1278 1300//1300 1581//1581
f 1310//1310 1278//1278 1295//1295
f 1295//1295 1278//1278 189//189
f 1300//1300 1278//1278 1310//1310
f 1300//1300 1310//1310 1316//1316
f 213//213 1351//1351 1316//1316
f 1615//1615 1351//1351 213//213
f 204//204 201//201 1581//1581
f 204//204 1581//1581 1340//1340
f 1340//1340 1581//1581 1300//1300
f 188//188 189//189 200//200
f 189//189 1426//1426 1038//1038
f 189//189 1038//1038 1295//1295
f 210//210 213//213 1310//1310
f 1420//1420 1485//1485 1475//1475
f 1524//1524 277//277 584//584
f 265//265 442//442 584//584
f 267//267 1524//1524 584//584
f 276//276 149//149 267//267
f 442//442 520//520 267//267
f 520//520 442//442 443//443
f 264//264 443//443 647//647
f 714//714 629//629 648//648
f 856//856 714//714 851//851
f 714//714 708//708 629//629
f 708//708 714//714 857//857
f 1375//1375 857//857 714//714
f 705//705 708//708 857//857
f 977//977 979//979 1291//1291
f 979//979 977//977 1044//1044
f 979//979 1045//1045 1567//1567
f 1567//1567 1291//1291 979//979
f 1291//1291 1563//1563 1520//1520
f 1577//1577 1562//1562 1567//1567
f 1577//1577 1568//1568 1586//1586
f 1557//1557 1577//1577 1586//1586
f 969//969 1577//1577 976//976
f 976//976 1577//1577 1557//1557
f 1557//1557 1586//1586 982//982
f 698//698 975//975 1478//1478
f 1445//1445 698//698 1478//1478
f 1504//1504 1392//1392 1478//1478
f 1518//1518 1394//1394 1392//1392
f 1394//1394 1518//1518 1445//1445
f 998//998 639//639 1518//1518
f 1518//1518 1382//1382 998//998
f 1057//1057 1382//1382 1518//1518
f 1225//1225 639//639 1124//1124
f 1225//1225 1124//1124 1386//1386
f 1225//1225 1386//1386 620//620
f 1238//1238 1225//1225 1251//1251
f 1238//1238 1251//1251 1409//1409
f 1409//1409 1251//1251 1323//1323
f 1400//1400 1409//1409 1323//1323
f 1245//1245 1409//1409 1399//1399
f 1396//1396 1378//1378 1401//1401
f 1391//1391 1401//1401 1378//1378
f 839//839 1226//1226 1233//1233
f 832//832 835//835 1172//1172
f 832//832 1211//1211 1283//1283
f 1267//1267 1234//1234 1254//1254
f 1197//1197 1234//1234 1214//1214
f 1144//1144 1135//1135 1145//1145
f 1144//1144 920//920 921//921
f 921//921 920//920 974//974
f 1101//1101 920//920 1144//1144
f 981//981 974//974 920//920
f 913//913 1061//1061 1059//1059
f 1058//1058 1050//1050 946//946
f 1036//1036 770//770 884//884
f 781//781 776//776 1317//1317
f 1337//1337 1317//1317 1358//1358
f 762//762 770//770 781//781
f 770//770 762//762 1164//1164
f 903//903 1164//1164 1171//1171
f 907//907 1152//1152 753//753
f 1171//1171 907//907 543//543
f 491//491 493//493 532//532
f 493//493 491//491 550//550
f 493//493 550//550 717//717
f 550//550 551//551 717//717
f 543//543 717//717 936//936
f 717//717 551//551 1108//1108
f 760//760 911//911 719//719
f 1108//1108 719//719 911//911
f 1116//1116 911//911 760//760
f 1115//1115 1122//1122 311//311
f 311//311 1095//1095 483//483
f 1634//1634 484//484 1621//1621
f 1017//1017 962//962 963//963
f 814//814 1017//1017 963//963
f 639//639 998//998 1016//1016
f 1399//1399 1409//1409 1400//1400
f 1399//1399 1348//1348 1357//1357
f 1357//1357 1348//1348 1369//1369
f 1308//1308 1321//1321 1311//1311
f 1311//1311 1321//1321 1354//1354
f 1298//1298 1267//1267 1308//1308
f 1308//1308 1267//1267 1293//1293
f 1211//1211 1293//1293 1212//1212
f 839//839 1211//1211 1172//1172
f 1267//1267 1254//1254 1212//1212
f 1267//1267 1212//1212 1293//1293
f 1200//1200 1234//1234 1267//1267
f 1201//1201 1214//1214 1200//1200
f 1216//1216 1181//1181 1166//1166
f 1166//1166 1181//1181 1125//1125
f 1166//1166 1101//1101 1188//1188
f 1125//1125 1101//1101 1166//1166
f 1074//1074 1125//1125 1149//1149
f 1074//1074 1149//1149 1093//1093
f 1101//1101 1074//1074 1068//1068
f 920//920 1068//1068 981//981
f 1068//1068 1056//1056 981//981
f 845//845 880//880 974//974
f 913//913 891//891 880//880
f 880//880 1061//1061 913//913
f 919//919 892//892 942//942
f 1370//1370 845//845 942//942
f 1059//1059 1061//1061 1047//1047
f 1036//1036 884//884 888//888
f 1317//1317 1036//1036 1047//1047
f 1047//1047 1358//1358 1317//1317
f 1036//1036 776//776 770//770
f 1337//1337 1358//1358 845//845
f 845//845 1370//1370 1337//1337
f 1337//1337 1339//1339 1317//1317
f 1339//1339 1337//1337 1364//1364
f 1376//1376 1353//1353 1364//1364
f 1364//1364 1326//1326 1339//1339
f 1372//1372 1353//1353 874//874
f 874//874 1353//1353 1376//1376
f 1353//1353 1488//1488 1326//1326
f 1326//1326 1488//1488 784//784
f 1005//1005 1069//1069 784//784
f 784//784 1069//1069 781//781
f 781//781 1069//1069 762//762
f 1152//1152 1421//1421 753//753
f 907//907 757//757 531//531
f 531//531 543//543 907//907
f 1116//1116 760//760 1111//1111
f 484//484 483//483 1123//1123
f 1095//1095 1123//1123 483//483
f 1111//1111 1123//1123 1095//1095
f 1123//1123 1618//1618 484//484
f 1621//1621 962//962 1634//1634
f 1585//1585 963//963 962//962
f 978//978 1386//1386 1020//1020
f 1017//1017 1018//1018 1386//1386
f 1386//1386 1018//1018 1020//1020
f 1006//1006 978//978 1020//1020
f 1323//1323 978//978 1031//1031
f 1271//1271 1348//1348 1323//1323
f 1400//1400 1348//1348 1399//1399
f 1313//1313 1357//1357 1369//1369
f 1357//1357 1311//1311 1354//1354
f 1354//1354 1378//1378 1357//1357
f 1200//1200 1298//1298 1313//1313
f 1298//1298 1200//1200 1267//1267
f 1313//1313 1201//1201 1200//1200
f 1031//1031 1201//1201 1271//1271
f 1149//1149 1181//1181 1216//1216
f 1149//1149 1125//1125 1181//1181
f 1216//1216 1214//1214 1149//1149
f 1149//1149 1214//1214 1201//1201
f 915//915 919//919 966//966
f 983//983 966//966 1081//1081
f 892//892 919//919 915//915
f 916//916 864//864 983//983
f 864//864 1374//1374 892//892
f 1374//1374 1364//1364 1370//1370
f 874//874 1374//1374 864//864
f 1374//1374 1376//1376 1364//1364
f 1374//1374 874//874 1376//1376
f 1372//1372 874//874 916//916
f 1078//1078 1372//1372 916//916
f 1078//1078 1551//1551 1372//1372
f 1488//1488 1353//1353 1355//1355
f 784//784 1488//1488 1432//1432
f 1421//1421 749//749 753//753
f 1528//1528 1476//1476 1488//1488
f 1468//1468 1476//1476 1528//1528
f 1442//1442 1028//1028 1021//1021
f 1028//1028 1476//1476 1468//1468
f 1034//1034 1030//1030 1468//1468
f 1028//1028 1468//1468 1030//1030
f 1021//1021 1019//1019 1067//1067
f 757//757 753//753 749//749
f 482//482 532//532 603//603
f 482//482 1051//1051 487//487
f 534//534 487//487 1154//1154
f 495//495 760//760 544//544
f 1122//1122 1111//1111 1095//1095
f 893//893 1123//1123 1111//1111
f 1123//1123 893//893 894//894
f 890//890 894//894 881//881
f 1618//1618 894//894 890//890
f 1618//1618 962//962 1621//1621
f 1593//1593 1603//1603 814//814
f 963//963 1593//1593 814//814
f 814//814 1603//1603 1078//1078
f 1020//1020 1078//1078 916//916
f 916//916 983//983 1020//1020
f 983//983 864//864 915//915
f 1006//1006 983//983 1093//1093
f 1020//1020 983//983 1006//1006
f 1603//1603 1596//1596 1078//1078
f 1551//1551 1533//1533 1034//1034
f 1528//1528 1551//1551 1468//1468
f 1030//1030 1021//1021 1028//1028
f 1021//1021 1030//1030 1455//1455
f 1533//1533 1462//1462 1030//1030
f 1501//1501 1462//1462 1533//1533
f 1455//1455 1019//1019 1021//1021
f 1154//1154 743//743 1067//1067
f 743//743 1154//1154 1051//1051
f 1055//1055 749//749 1052//1052
f 493//493 531//531 532//532
f 482//482 603//603 1051//1051
f 650//650 535//535 786//786
f 535//535 487//487 534//534
f 650//650 542//542 535//535
f 487//487 535//535 540//540
f 495//495 497//497 482//482
f 540//540 495//495 482//482
f 495//495 540//540 541//541
f 550//550 491//491 497//497
f 550//550 497//497 719//719
f 497//497 544//544 719//719
f 497//497 495//495 544//544
f 727//727 732//732 549//549
f 760//760 732//732 1111//1111
f 881//881 1096//1096 890//890
f 962//962 890//890 1583//1583
f 1583//1583 1086//1086 1585//1585
f 1501//1501 1533//1533 1596//1596
f 1491//1491 1462//1462 1501//1501
f 786//786 790//790 650//650
f 877//877 727//727 542//542
f 482//482 487//487 540//540
f 542//542 541//541 540//540
f 877//877 1202//1202 727//727
f 549//549 541//541 542//542
f 1086//1086 1583//1583 1089//1089
f 1086//1086 1082//1082 1585//1585
f 1593//1593 1585//1585 1082//1082
f 1082//1082 1574//1574 1593//1593
f 1596//1596 1552//1552 1501//1501
f 1491//1491 1541//1541 1462//1462
f 1564//1564 1075//1075 1541//1541
f 1075//1075 1455//1455 1462//1462
f 1019//1019 1455//1455 1075//1075
f 1075//1075 786//786 1019//1019
f 1076//1076 790//790 1075//1075
f 650//650 800//800 877//877
f 1202//1202 1195//1195 727//727
f 881//881 1094//1094 1097//1097
f 881//881 894//894 1202//1202
f 881//881 1202//1202 879//879
f 1096//1096 881//881 1097//1097
f 1086//1086 1089//1089 1537//1537
f 1082//1082 1086//1086 1537//1537
f 1603//1603 1574//1574 1596//1596
f 1596//1596 1574//1574 1552//1552
f 1552//1552 1491//1491 1501//1501
f 1564//1564 1541//1541 1491//1491
f 1537//1537 1089//1089 1564//1564
f 1089//1089 1094//1094 1564//1564
f 1089//1089 1097//1097 1094//1094
f 890//890 1097//1097 1583//1583
f 1583//1583 1097//1097 1089//1089
f 1574//1574 1082//1082 1552//1552
f 1564//1564 1491//1491 1537//1537
f 1082//1082 1537//1537 1552//1552
f 1552//1552 1537//1537 1491//1491
f 1096//1096 1097//1097 890//890
f 881//881 879//879 1094//1094
f 1564//1564 1076//1076 1075//1075
f 800//800 790//790 797//797
f 879//879 800//800 1076//1076
f 800//800 879//879 877//877
f 1076//1076 800//800 797//797
f 1564//1564 879//879 1076//1076
f 879//879 1564//1564 1094//1094
f 797//797 790//790 1076//1076
f 1541//1541 1075//1075 1462//1462
f 1574//1574 1603//1603 1593//1593
f 894//894 893//893 1202//1202
f 1202//1202 893//893 1195//1195
f 1195//1195 1111//1111 732//732
f 732//732 727//727 1195//1195
f 877//877 879//879 1202//1202
f 877//877 542//542 650//650
f 790//790 800//800 650//650
f 790//790 786//786 1075//1075
f 1019//1019 786//786 534//534
f 1618//1618 890//890 962//962
f 1195//1195 893//893 1111//1111
f 760//760 549//549 732//732
f 727//727 549//549 542//542
f 549//549 495//495 541//541
f 540//540 535//535 542//542
f 534//534 786//786 535//535
f 1051//1051 745//745 749//749
f 878//878 531//531 757//757
f 878//878 757//757 745//745
f 1051//1051 603//603 745//745
f 878//878 532//532 531//531
f 603//603 532//532 878//878
f 878//878 745//745 603//603
f 745//745 757//757 749//749
f 1051//1051 749//749 1055//1055
f 1051//1051 1055//1055 743//743
f 1019//1019 1154//1154 1067//1067
f 1455//1455 1030//1030 1462//1462
f 1030//1030 1034//1034 1533//1533
f 1583//1583 1585//1585 962//962
f 484//484 1618//1618 1621//1621
f 497//497 532//532 482//482
f 1019//1019 534//534 1154//1154
f 487//487 1051//1051 1154//1154
f 753//753 757//757 907//907
f 1468//1468 1551//1551 1034//1034
f 1476//1476 1028//1028 1442//1442
f 1432//1432 1488//1488 1476//1476
f 1432//1432 1476//1476 1431//1431
f 1432//1432 1431//1431 1005//1005
f 762//762 1421//1421 1152//1152
f 1052//1052 1421//1421 1062//1062
f 1062//1062 1415//1415 1052//1052
f 1001//1001 1055//1055 1415//1415
f 1055//1055 1052//1052 1415//1415
f 1431//1431 1065//1065 1005//1005
f 762//762 1062//1062 1421//1421
f 1065//1065 1001//1001 1005//1005
f 1005//1005 1415//1415 1062//1062
f 1069//1069 1005//1005 1062//1062
f 1069//1069 1062//1062 762//762
f 1001//1001 1415//1415 1005//1005
f 1021//1021 1067//1067 1442//1442
f 1431//1431 1067//1067 1065//1065
f 1442//1442 1067//1067 1431//1431
f 1442//1442 1431//1431 1476//1476
f 1067//1067 743//743 1065//1065
f 743//743 1001//1001 1065//1065
f 1001//1001 743//743 1055//1055
f 1421//1421 1052//1052 749//749
f 1432//1432 1005//1005 784//784
f 1355//1355 1551//1551 1528//1528
f 1355//1355 1528//1528 1488//1488
f 1596//1596 1533//1533 1551//1551
f 1078//1078 1596//1596 1551//1551
f 1372//1372 1355//1355 1353//1353
f 1355//1355 1372//1372 1551//1551
f 916//916 874//874 864//864
f 915//915 864//864 892//892
f 966//966 983//983 915//915
f 983//983 1081//1081 1093//1093
f 966//966 981//981 1056//1056
f 1056//1056 1081//1081 966//966
f 966//966 919//919 981//981
f 1093//1093 1031//1031 1006//1006
f 1068//1068 1074//1074 1056//1056
f 1056//1056 1074//1074 1081//1081
f 1093//1093 1081//1081 1074//1074
f 1093//1093 1149//1149 1201//1201
f 1323//1323 1031//1031 1271//1271
f 1201//1201 1313//1313 1271//1271
f 1201//1201 1031//1031 1093//1093
f 1313//1313 1369//1369 1271//1271
f 1313//1313 1298//1298 1311//1311
f 1348//1348 1271//1271 1369//1369
f 1400//1400 1323//1323 1348//1348
f 1251//1251 620//620 1323//1323
f 1323//1323 620//620 978//978
f 1020//1020 1018//1018 1078//1078
f 814//814 1078//1078 1018//1018
f 1585//1585 1593//1593 963//963
f 1618//1618 1123//1123 894//894
f 1116//1116 1111//1111 1122//1122
f 760//760 495//495 549//549
f 719//719 551//551 550//550
f 491//491 532//532 497//497
f 543//543 531//531 493//493
f 1339//1339 1326//1326 781//781
f 1353//1353 1326//1326 1364//1364
f 1337//1337 1370//1370 1364//1364
f 1358//1358 1061//1061 845//845
f 1061//1061 1358//1358 1047//1047
f 1317//1317 776//776 1036//1036
f 1047//1047 1036//1036 1059//1059
f 1059//1059 1036//1036 1050//1050
f 1036//1036 888//888 1050//1050
f 942//942 1374//1374 1370//1370
f 892//892 1374//1374 942//942
f 981//981 919//919 942//942
f 942//942 845//845 981//981
f 845//845 1061//1061 880//880
f 974//974 981//981 845//845
f 1074//1074 1101//1101 1125//1125
f 1101//1101 1145//1145 1188//1188
f 1200//1200 1214//1214 1234//1234
f 1211//1211 1212//1212 1254//1254
f 1311//1311 1357//1357 1313//1313
f 1399//1399 1357//1357 1396//1396
f 1225//1225 620//620 1251//1251
f 1006//1006 1031//1031 978//978
f 1386//1386 978//978 620//620
f 1386//1386 1124//1124 1017//1017
f 639//639 1016//1016 1124//1124
f 814//814 1018//1018 1017//1017
f 1017//1017 1634//1634 962//962
f 1122//1122 1095//1095 311//311
f 719//719 544//544 760//760
f 551//551 719//719 1108//1108
f 1164//1164 762//762 1152//1152
f 1164//1164 903//903 770//770
f 784//784 781//781 1326//1326
f 974//974 880//880 891//891
f 1101//1101 1068//1068 920//920
f 1101//1101 1144//1144 1145//1145
f 1188//1188 1145//1145 1207//1207
f 1166//1166 1188//1188 1197//1197
f 1211//1211 832//832 1172//1172
f 1177//1177 1174//1174 835//835
f 1172//1172 835//835 1174//1174
f 1172//1172 1226//1226 839//839
f 1233//1233 838//838 839//839
f 839//839 1293//1293 1211//1211
f 1311//1311 1298//1298 1308//1308
f 1293//1293 1321//1321 1308//1308
f 1396//1396 1357//1357 1378//1378
f 1354//1354 1231//1231 1378//1378
f 639//639 1225//1225 712//712
f 998//998 995//995 994//994
f 500//500 828//828 311//311
f 1612//1612 1619//1619 557//557
f 1619//1619 1115//1115 828//828
f 1054//1054 577//577 1087//1087
f 1087//1087 573//573 1054//1054
f 185//185 1625//1625 1565//1565
f 301//301 305//305 300//300
f 185//185 312//312 315//315
f 1625//1625 1486//1486 97//97
f 133//133 91//91 1486//1486
f 133//133 98//98 91//91
f 133//133 1508//1508 98//98
f 186//186 329//329 1509//1509
f 327//327 317//317 318//318
f 318//318 324//324 327//327
f 490//490 1070//1070 536//536
f 496//496 488//488 504//504
f 207//207 117//117 1605//1605
f 96//96 283//283 120//120
f 507//507 93//93 461//461
f 473//473 507//507 461//461
f 250//250 129//129 207//207
f 216//216 213//213 1606//1606
f 1615//1615 213//213 216//216
f 262//262 649//649 1524//1524
f 1523//1523 262//262 1524//1524
f 1420//1420 434//434 1523//1523
f 265//265 584//584 277//277
f 443//443 442//442 651//651
f 651//651 648//648 647//647
f 648//648 651//651 851//851
f 651//651 647//647 443//443
f 1045//1045 979//979 1044//1044
f 857//857 1375//1375 977//977
f 1367//1367 977//977 1291//1291
f 857//857 1367//1367 858//858
f 857//857 977//977 1367//1367
f 1568//1568 982//982 1586//1586
f 980//980 1366//1366 982//982
f 980//980 816//816 1366//1366
f 1366//1366 1504//1504 1478//1478
f 1305//1305 1392//1392 1504//1504
f 255//255 1305//1305 1504//1504
f 255//255 435//435 1305//1305
f 1305//1305 435//435 364//364
f 1057//1057 1518//1518 1194//1194
f 1194//1194 1139//1139 1057//1057
f 995//995 1057//1057 1292//1292
f 1217//1217 995//995 1292//1292
f 1292//1292 588//588 1217//1217
f 995//995 1217//1217 1190//1190
f 1180//1180 581//581 321//321
f 321//321 581//581 577//577
f 577//577 566//566 321//321
f 500//500 564//564 828//828
f 564//564 566//566 577//577
f 577//577 1085//1085 564//564
f 1087//1087 577//577 581//581
f 564//564 1085//1085 828//828
f 500//500 566//566 564//564
f 581//581 1180//1180 1087//1087
f 1087//1087 486//486 573//573
f 498//498 573//573 486//486
f 305//305 480//480 528//528
f 300//300 565//565 494//494
f 300//300 305//305 565//565
f 498//498 300//300 494//494
f 312//312 185//185 1565//1565
f 315//315 312//312 305//305
f 301//301 315//315 305//305
f 1625//1625 185//185 133//133
f 133//133 1486//1486 1625//1625
f 317//317 329//329 315//315
f 315//315 329//329 185//185
f 496//496 476//476 488//488
f 496//496 313//313 476//476
f 318//318 317//317 301//301
f 313//313 324//324 318//318
f 477//477 313//313 466//466
f 313//313 318//318 466//466
f 318//318 300//300 466//466
f 488//488 477//477 490//490
f 474//474 490//490 472//472
f 474//474 498//498 486//486
f 486//486 490//490 474//474
f 474//474 472//472 466//466
f 466//466 472//472 477//477
f 477//477 472//472 490//490
f 498//498 474//474 300//300
f 476//476 477//477 488//488
f 476//476 313//313 477//477
f 466//466 300//300 474//474
f 486//486 1070//1070 490//490
f 329//329 317//317 327//327
f 305//305 528//528 565//565
f 565//565 573//573 494//494
f 562//562 573//573 565//565
f 498//498 494//494 573//573
f 1087//1087 1070//1070 486//486
f 1113//1113 578//578 1100//1100
f 1100//1100 578//578 1060//1060
f 1160//1160 1060//1060 578//578
f 1160//1160 928//928 513//513
f 509//509 1060//1060 513//513
f 536//536 509//509 504//504
f 326//326 325//325 504//504
f 319//319 496//496 504//504
f 322//322 504//504 325//325
f 324//324 313//313 323//323
f 319//319 323//323 313//313
f 319//319 322//322 323//323
f 504//504 322//322 319//319
f 313//313 496//496 319//319
f 325//325 335//335 322//322
f 339//339 335//335 325//325
f 339//339 326//326 342//342
f 341//341 339//339 342//342
f 335//335 339//339 341//341
f 964//964 961//961 952//952
f 939//939 964//964 1242//1242
f 1242//1242 1241//1241 939//939
f 335//335 192//192 323//323
f 332//332 323//323 192//192
f 362//362 209//209 359//359
f 209//209 362//362 370//370
f 209//209 203//203 197//197
f 243//243 203//203 285//285
f 243//243 285//285 215//215
f 285//285 251//251 215//215
f 143//143 299//299 537//537
f 539//539 153//153 537//537
f 153//153 539//539 1142//1142
f 481//481 1142//1142 539//539
f 206//206 1114//1114 1607//1607
f 262//262 436//436 649//649
f 649//649 277//277 1524//1524
f 651//651 265//265 831//831
f 851//851 651//651 815//815
f 856//856 851//851 843//843
f 982//982 1568//1568 980//980
f 843//843 1568//1568 1045//1045
f 1568//1568 843//843 980//980
f 816//816 843//843 815//815
f 815//815 796//796 816//816
f 816//816 1504//1504 1366//1366
f 796//796 1504//1504 816//816
f 261//261 1504//1504 796//796
f 1368//1368 393//393 435//435
f 1249//1249 1292//1292 1023//1023
f 1190//1190 1215//1215 1113//1113
f 1100//1100 1070//1070 1180//1180
f 1100//1100 1190//1190 1113//1113
f 1128//1128 1113//1113 1215//1215
f 578//578 1113//1113 1128//1128
f 593//593 1160//1160 578//578
f 928//928 1160//1160 593//593
f 326//326 509//509 513//513
f 504//504 509//509 326//326
f 338//338 342//342 331//331
f 334//334 333//333 918//918
f 333//333 334//334 338//338
f 338//338 331//331 333//333
f 928//928 1263//1263 334//334
f 1263//1263 928//928 593//593
f 1242//1242 952//952 1263//1263
f 1241//1241 613//613 973//973
f 1022//1022 352//352 973//973
f 961//961 348//348 342//342
f 192//192 359//359 197//197
f 353//353 373//373 362//362
f 362//362 359//359 353//353
f 370//370 362//362 369//369
f 370//370 1611//1611 203//203
f 370//370 211//211 1611//1611
f 219//219 211//211 65//65
f 219//219 212//212 211//211
f 71//71 221//221 83//83
f 85//85 71//71 83//83
f 76//76 221//221 222//222
f 221//221 219//219 222//222
f 221//221 218//218 219//219
f 212//212 1611//1611 211//211
f 1611//1611 285//285 203//203
f 61//61 285//285 1611//1611
f 302//302 70//70 316//316
f 299//299 250//250 316//316
f 143//143 250//250 299//299
f 539//539 537//537 344//344
f 418//418 406//406 417//417
f 406//406 418//418 1253//1253
f 1253//1253 986//986 206//206
f 206//206 986//986 1114//1114
f 217//217 1607//1607 1416//1416
f 1416//1416 434//434 217//217
f 436//436 438//438 649//649
f 277//277 1534//1534 265//265
f 815//815 831//831 796//796
f 651//651 831//831 815//815
f 1500//1500 1474//1474 255//255
f 255//255 1474//1474 1368//1368
f 1139//1139 363//363 1022//1022
f 1022//1022 1023//1023 1139//1139
f 973//973 1249//1249 1023//1023
f 582//582 1215//1215 588//588
f 1263//1263 594//594 598//598
f 1242//1242 1263//1263 598//598
f 613//613 1242//1242 598//598
f 613//613 1241//1241 1242//1242
f 613//613 1249//1249 973//973
f 588//588 1292//1292 1249//1249
f 1249//1249 613//613 598//598
f 588//588 1249//1249 598//598
f 588//588 598//598 582//582
f 598//598 1128//1128 582//582
f 582//582 1128//1128 1215//1215
f 594//594 1128//1128 598//598
f 578//578 1128//1128 593//593
f 594//594 593//593 1128//1128
f 1023//1023 1022//1022 973//973
f 1139//1139 1023//1023 1057//1057
f 346//346 939//939 352//352
f 352//352 939//939 1241//1241
f 346//346 964//964 939//939
f 964//964 346//346 340//340
f 340//340 961//961 964//964
f 348//348 961//961 361//361
f 361//361 350//350 348//348
f 348//348 349//349 343//343
f 348//348 343//343 341//341
f 343//343 349//349 359//359
f 353//353 359//359 368//368
f 77//77 225//225 408//408
f 221//221 76//76 433//433
f 76//76 225//225 77//77
f 220//220 225//225 219//219
f 225//225 222//222 219//219
f 65//65 220//220 219//219
f 353//353 368//368 373//373
f 65//65 211//211 373//373
f 373//373 368//368 65//65
f 222//222 225//225 76//76
f 90//90 910//910 1349//1349
f 71//71 85//85 72//72
f 71//71 218//218 221//221
f 219//219 218//218 212//212
f 71//71 212//212 218//218
f 71//71 59//59 212//212
f 71//71 72//72 59//59
f 90//90 397//397 413//413
f 1331//1331 396//396 1332//1332
f 416//416 1332//1332 409//409
f 409//409 422//422 416//416
f 404//404 416//416 417//417
f 481//481 404//404 406//406
f 1253//1253 1179//1179 406//406
f 1179//1179 481//481 406//406
f 347//347 413//413 397//397
f 72//72 413//413 330//330
f 61//61 59//59 72//72
f 61//61 1611//1611 59//59
f 70//70 61//61 72//72
f 344//344 299//299 415//415
f 344//344 537//537 299//299
f 250//250 251//251 316//316
f 251//251 207//207 215//215
f 251//251 250//250 207//207
f 481//481 539//539 390//390
f 539//539 344//344 390//390
f 390//390 344//344 347//347
f 344//344 413//413 347//347
f 413//413 415//415 330//330
f 413//413 344//344 415//415
f 299//299 70//70 415//415
f 330//330 70//70 72//72
f 415//415 70//70 330//330
f 302//302 61//61 70//70
f 481//481 396//396 404//404
f 404//404 1331//1331 416//416
f 406//406 404//404 417//417
f 481//481 390//390 396//396
f 404//404 396//396 1331//1331
f 416//416 1331//1331 1332//1332
f 600//600 418//418 417//417
f 600//600 417//417 416//416
f 1114//1114 600//600 422//422
f 418//418 600//600 986//986
f 1416//1416 1607//1607 1114//1114
f 262//262 434//434 695//695
f 1512//1512 436//436 262//262
f 649//649 438//438 277//277
f 277//277 438//438 1534//1534
f 261//261 1500//1500 255//255
f 261//261 1534//1534 1500//1500
f 1368//1368 398//398 393//393
f 393//393 425//425 435//435
f 411//411 351//351 363//363
f 363//363 364//364 411//411
f 411//411 408//408 391//391
f 351//351 411//411 402//402
f 361//361 391//391 408//408
f 408//408 226//226 361//361
f 350//350 349//349 348//348
f 225//225 220//220 226//226
f 220//220 65//65 368//368
f 225//225 226//226 408//408
f 1576//1576 1598//1598 398//398
f 1576//1576 910//910 1598//1598
f 1414//1414 1349//1349 1387//1387
f 426//426 1609//1609 895//895
f 1609//1609 1352//1352 1349//1349
f 390//390 347//347 396//396
f 347//347 397//397 396//396
f 396//396 397//397 1332//1332
f 1352//1352 1609//1609 426//426
f 1114//1114 422//422 426//426
f 695//695 1512//1512 262//262
f 711//711 1474//1474 1500//1500
f 711//711 436//436 601//601
f 601//601 599//599 711//711
f 1368//1368 1474//1474 414//414
f 910//910 1576//1576 1379//1379
f 1379//1379 1387//1387 910//910
f 1379//1379 599//599 1387//1387
f 601//601 1387//1387 599//599
f 695//695 895//895 1512//1512
f 1512//1512 601//601 436//436
f 711//711 1117//1117 436//436
f 1500//1500 1534//1534 1117//1117
f 1500//1500 1117//1117 711//711
f 438//438 1117//1117 1534//1534
f 1412//1412 1576//1576 414//414
f 1412//1412 1379//1379 1576//1576
f 601//601 1512//1512 661//661
f 1412//1412 599//599 1379//1379
f 599//599 1412//1412 711//711
f 661//661 1414//1414 1387//1387
f 1114//1114 426//426 695//695
f 895//895 695//695 426//426
f 695//695 434//434 1114//1114
f 895//895 1414//1414 661//661
f 661//661 1512//1512 895//895
f 661//661 1387//1387 601//601
f 910//910 1387//1387 1349//1349
f 414//414 398//398 1368//1368
f 1576//1576 398//398 414//414
f 414//414 1474//1474 711//711
f 1412//1412 414//414 711//711
f 438//438 436//436 1117//1117
f 409//409 426//426 422//422
f 426//426 409//409 1352//1352
f 409//409 1332//1332 1352//1352
f 90//90 1349//1349 1352//1352
f 1352//1352 397//397 90//90
f 1352//1352 1332//1332 397//397
f 1609//1609 1414//1414 895//895
f 1349//1349 1414//1414 1609//1609
f 433//433 393//393 398//398
f 1597//1597 433//433 398//398
f 910//910 1597//1597 1598//1598
f 1598//1598 1597//1597 398//398
f 433//433 1597//1597 83//83
f 425//425 393//393 433//433
f 226//226 350//350 361//361
f 226//226 368//368 350//350
f 368//368 349//349 350//350
f 77//77 408//408 425//425
f 220//220 368//368 226//226
f 351//351 402//402 346//346
f 352//352 351//351 346//346
f 411//411 391//391 402//402
f 425//425 408//408 411//411
f 435//435 425//425 411//411
f 261//261 265//265 1534//1534
f 1416//1416 1114//1114 434//434
f 1114//1114 986//986 600//600
f 90//90 413//413 72//72
f 85//85 1597//1597 910//910
f 85//85 83//83 1597//1597
f 83//83 221//221 433//433
f 433//433 77//77 425//425
f 433//433 76//76 77//77
f 368//368 359//359 349//349
f 361//361 961//961 340//340
f 402//402 391//391 361//361
f 402//402 340//340 346//346
f 351//351 352//352 363//363
f 352//352 1022//1022 363//363
f 831//831 265//265 261//261
f 217//217 434//434 1475//1475
f 216//216 1607//1607 217//217
f 1253//1253 418//418 986//986
f 416//416 422//422 600//600
f 251//251 302//302 316//316
f 299//299 316//316 70//70
f 285//285 61//61 302//302
f 1611//1611 212//212 59//59
f 90//90 85//85 910//910
f 72//72 85//85 90//90
f 369//369 211//211 370//370
f 373//373 211//211 369//369
f 362//362 373//373 369//369
f 359//359 192//192 343//343
f 343//343 192//192 335//335
f 342//342 348//348 341//341
f 340//340 402//402 361//361
f 1241//1241 973//973 352//352
f 1242//1242 964//964 952//952
f 952//952 334//334 1263//1263
f 331//331 326//326 513//513
f 333//333 331//331 513//513
f 334//334 918//918 928//928
f 593//593 594//594 1263//1263
f 333//333 928//928 918//918
f 1190//1190 1100//1100 1180//1180
f 1190//1190 1217//1217 1215//1215
f 1023//1023 1292//1292 1057//1057
f 364//364 363//363 1139//1139
f 1194//1194 364//364 1139//1139
f 1392//1392 1305//1305 1194//1194
f 1305//1305 364//364 1194//1194
f 435//435 411//411 364//364
f 261//261 255//255 1504//1504
f 796//796 831//831 261//261
f 980//980 843//843 816//816
f 815//815 843//843 851//851
f 1044//1044 856//856 843//843
f 1044//1044 843//843 1045//1045
f 216//216 217//217 1615//1615
f 1253//1253 1261//1261 1179//1179
f 182//182 569//569 1261//1261
f 1142//1142 481//481 569//569
f 1027//1027 153//153 1142//1142
f 1027//1027 1142//1142 182//182
f 1142//1142 569//569 182//182
f 1325//1325 1027//1027 182//182
f 1179//1179 569//569 481//481
f 1261//1261 569//569 1179//1179
f 1261//1261 1253//1253 206//206
f 152//152 138//138 537//537
f 138//138 143//143 537//537
f 207//207 124//124 117//117
f 485//485 93//93 96//96
f 104//104 485//485 120//120
f 93//93 388//388 461//461
f 440//440 441//441 110//110
f 103//103 441//441 412//412
f 111//111 104//104 120//120
f 440//440 461//461 388//388
f 388//388 429//429 440//440
f 440//440 429//429 441//441
f 407//407 104//104 412//412
f 429//429 407//407 412//412
f 441//441 429//429 412//412
f 407//407 429//429 388//388
f 407//407 388//388 485//485
f 103//103 412//412 111//111
f 124//124 103//103 111//111
f 124//124 111//111 117//117
f 111//111 412//412 104//104
f 104//104 407//407 485//485
f 110//110 103//103 124//124
f 93//93 485//485 388//388
f 111//111 120//120 117//117
f 129//129 127//127 110//110
f 129//129 110//110 124//124
f 110//110 441//441 103//103
f 207//207 129//129 124//124
f 110//110 127//127 440//440
f 526//526 440//440 127//127
f 526//526 461//461 440//440
f 485//485 96//96 120//120
f 285//285 302//302 251//251
f 209//209 370//370 203//203
f 359//359 209//209 197//197
f 203//203 332//332 197//197
f 197//197 332//332 192//192
f 343//343 335//335 341//341
f 961//961 338//338 952//952
f 961//961 342//342 338//338
f 334//334 952//952 338//338
f 342//342 326//326 331//331
f 325//325 326//326 339//339
f 333//333 513//513 928//928
f 1180//1180 1070//1070 1087//1087
f 588//588 1215//1215 1217//1217
f 1392//1392 1194//1194 1518//1518
f 435//435 255//255 1368//1368
f 1563//1563 1567//1567 1562//1562
f 1568//1568 1577//1577 1567//1567
f 1567//1567 1045//1045 1568//1568
f 442//442 267//267 584//584
f 651//651 442//442 265//265
f 434//434 262//262 1523//1523
f 1475//1475 434//434 1420//1420
f 1453//1453 217//217 1475//1475
f 217//217 1453//1453 1615//1615
f 216//216 1606//1606 1607//1607
f 1084//1084 1027//1027 1038//1038
f 153//153 1027//1027 1084//1084
f 152//152 537//537 153//153
f 153//153 1084//1084 152//152
f 580//580 152//152 1084//1084
f 147//147 138//138 152//152
f 138//138 250//250 143//143
f 129//129 250//250 127//127
f 560//560 250//250 138//138
f 739//739 138//138 142//142
f 127//127 473//473 526//526
f 473//473 127//127 560//560
f 560//560 127//127 250//250
f 461//461 526//526 473//473
f 215//215 207//207 1605//1605
f 203//203 243//243 332//332
f 243//243 190//190 332//332
f 335//335 323//323 322//322
f 324//324 323//323 332//332
f 504//504 488//488 536//536
f 536//536 1060//1060 509//509
f 1160//1160 513//513 1060//1060
f 1070//1070 1060//1060 536//536
f 1100//1100 1060//1060 1070//1070
f 536//536 488//488 490//490
f 186//186 133//133 329//329
f 1509//1509 1508//1508 133//133
f 1508//1508 208//208 171//171
f 186//186 1509//1509 133//133
f 1508//1508 1509//1509 283//283
f 208//208 1508//1508 283//283
f 133//133 185//185 329//329
f 1486//1486 91//91 97//97
f 317//317 315//315 301//301
f 318//318 301//301 300//300
f 312//312 480//480 305//305
f 577//577 1054//1054 1085//1085
f 1612//1612 557//557 908//908
f 1120//1120 1619//1619 1612//1612
f 566//566 500//500 501//501
f 1180//1180 321//321 1190//1190
f 1057//1057 995//995 1382//1382
f 998//998 1382//1382 995//995
f 1478//1478 975//975 1366//1366
f 1366//1366 975//975 982//982
f 1520//1520 1290//1290 1529//1529
f 1290//1290 1520//1520 1563//1563
f 1563//1563 1562//1562 1290//1290
f 1290//1290 1562//1562 1560//1560
f 1277//1277 1291//1291 1520//1520
f 965//965 1356//1356 1367//1367
f 965//965 1342//1342 1356//1356
f 858//858 1356//1356 1342//1342
f 1342//1342 707//707 858//858
f 707//707 1334//1334 705//705
f 857//857 858//858 707//707
f 1367//1367 1291//1291 965//965
f 965//965 1291//1291 1277//1277
f 1291//1291 1567//1567 1563//1563
f 1367//1367 1356//1356 858//858
f 714//714 1044//1044 1375//1375
f 977//977 1375//1375 1044//1044
f 856//856 1044//1044 714//714
f 851//851 714//714 648//648
f 638//638 634//634 648//648
f 648//648 634//634 647//647
f 264//264 520//520 443//443
f 149//149 1524//1524 267//267
f 213//213 210//210 1606//1606
f 1325//1325 182//182 1261//1261
f 179//179 1147//1147 1038//1038
f 571//571 580//580 575//575
f 1015//1015 142//142 147//147
f 147//147 142//142 138//138
f 560//560 739//739 517//517
f 499//499 517//517 548//548
f 492//492 499//499 558//558
f 548//548 517//517 739//739
f 607//607 739//739 899//899
f 739//739 558//558 548//548
f 560//560 138//138 739//739
f 243//243 1605//1605 190//190
f 1509//1509 190//190 1605//1605
f 332//332 190//190 327//327
f 329//329 327//327 190//190
f 107//107 88//88 499//499
f 84//84 198//198 208//208
f 171//171 208//208 198//198
f 499//499 88//88 198//198
f 198//198 88//88 171//171
f 81//81 80//80 69//69
f 98//98 69//69 97//97
f 562//562 565//565 528//528
f 562//562 528//528 523//523
f 994//994 1190//1190 501//501
f 1190//1190 994//994 995//995
f 998//998 994//994 923//923
f 923//923 1016//1016 998//998
f 1634//1634 1017//1017 1016//1016
f 311//311 483//483 922//922
f 1115//1115 1116//1116 1122//1122
f 1115//1115 1120//1120 911//911
f 763//763 936//936 717//717
f 690//690 609//609 669//669
f 609//609 690//690 1192//1192
f 876//876 272//272 270//270
f 628//628 876//876 610//610
f 275//275 876//876 1192//1192
f 275//275 272//272 876//876
f 1192//1192 690//690 1221//1221
f 690//690 1223//1223 1221//1221
f 502//502 764//764 690//690
f 502//502 641//641 503//503
f 552//552 503//503 641//641
f 641//641 902//902 552//552
f 902//902 641//641 903//903
f 502//502 615//615 641//641
f 502//502 690//690 669//669
f 502//502 669//669 615//615
f 1223//1223 690//690 764//764
f 1545//1545 1192//1192 1221//1221
f 1545//1545 275//275 1192//1192
f 1221//1221 506//506 1545//1545
f 628//628 1192//1192 876//876
f 1192//1192 628//628 609//609
f 641//641 615//615 884//884
f 884//884 615//615 888//888
f 644//644 912//912 898//898
f 888//888 946//946 1050//1050
f 1058//1058 946//946 1601//1601
f 1058//1058 847//847 1050//1050
f 913//913 1059//1059 847//847
f 924//924 921//921 974//974
f 921//921 924//924 1110//1110
f 1135//1135 930//930 938//938
f 1110//1110 930//930 1135//1135
f 1234//1234 1197//1197 1207//1207
f 1234//1234 1207//1207 1257//1257
f 1199//1199 1228//1228 1218//1218
f 1228//1228 1199//1199 1257//1257
f 1218//1218 1228//1228 1145//1145
f 813//813 950//950 947//947
f 1218//1218 947//947 950//950
f 1205//1205 1257//1257 1199//1199
f 807//807 813//813 803//803
f 817//817 1106//1106 1198//1198
f 1198//1198 684//684 1064//1064
f 684//684 602//602 680//680
f 680//680 1064//1064 684//684
f 675//675 680//680 1150//1150
f 1177//1177 832//832 824//824
f 1177//1177 835//835 832//832
f 1150//1150 680//680 1177//1177
f 680//680 1174//1174 1177//1177
f 1226//1226 1172//1172 1239//1239
f 839//839 838//838 1293//1293
f 1237//1237 1293//1293 838//838
f 1237//1237 1231//1231 1293//1293
f 1231//1231 1391//1391 1378//1378
f 1401//1401 1245//1245 1396//1396
f 1396//1396 1245//1245 1399//1399
f 1245//1245 1429//1429 1409//1409
f 618//618 1518//1518 639//639
f 1445//1445 618//618 665//665
f 972//972 698//698 665//665
f 972//972 968//968 698//698
f 698//698 968//968 975//975
f 1577//1577 969//969 1562//1562
f 1560//1560 969//969 1538//1538
f 1342//1342 1272//1272 707//707
f 1272//1272 1342//1342 965//965
f 769//769 1334//1334 958//958
f 775//775 769//769 836//836
f 769//769 708//708 705//705
f 629//629 708//708 769//769
f 439//439 1590//1590 437//437
f 437//437 1590//1590 634//634
f 264//264 1299//1299 520//520
f 1523//1523 1524//1524 149//149
f 149//149 1420//1420 1523//1523
f 1475//1475 1485//1485 1453//1453
f 1301//1301 1175//1175 257//257
f 1328//1328 1344//1344 1286//1286
f 1175//1175 1286//1286 1344//1344
f 1286//1286 1175//1175 1457//1457
f 1365//1365 1102//1102 1338//1338
f 1365//1365 1338//1338 1424//1424
f 214//214 1457//1457 1422//1422
f 1389//1389 214//214 1408//1408
f 1408//1408 1402//1402 1608//1608
f 200//200 1278//1278 1581//1581
f 1278//1278 200//200 189//189
f 188//188 200//200 1530//1530
f 189//189 188//188 1426//1426
f 179//179 1038//1038 1426//1426
f 580//580 782//782 575//575
f 1066//1066 1107//1107 627//627
f 1043//1043 1107//1107 1066//1066
f 1041//1041 896//896 1015//1015
f 899//899 739//739 142//142
f 558//558 499//499 548//548
f 492//492 107//107 499//499
f 507//507 198//198 93//93
f 499//499 198//198 507//507
f 171//171 88//88 86//86
f 92//92 86//86 107//107
f 562//562 298//298 908//908
f 465//465 503//503 298//298
f 552//552 298//298 503//503
f 908//908 298//298 552//552
f 936//936 1184//1184 543//543
f 543//543 1184//1184 1171//1171
f 902//902 1171//1171 1184//1184
f 1222//1222 1221//1221 1223//1223
f 1222//1222 1220//1220 1221//1221
f 1221//1221 1220//1220 506//506
f 610//610 876//876 270//270
f 610//610 270//270 467//467
f 609//609 628//628 610//610
f 467//467 737//737 610//610
f 669//669 609//609 671//671
f 669//669 644//644 615//615
f 927//927 912//912 926//926
f 935//935 1604//1604 926//926
f 1144//1144 1110//1110 1135//1135
f 930//930 924//924 929//929
f 929//929 906//906 793//793
f 779//779 906//906 904//904
f 779//779 793//793 906//906
f 938//938 930//930 798//798
f 1207//1207 1197//1197 1188//1188
f 931//931 787//787 854//854
f 788//788 787//787 778//778
f 1390//1390 777//777 748//748
f 748//748 777//777 759//759
f 1091//1091 869//869 733//733
f 1083//1083 869//869 1091//1091
f 869//869 703//703 697//697
f 869//869 1083//1083 703//703
f 715//715 703//703 720//720
f 693//693 715//715 747//747
f 716//716 1091//1091 747//747
f 1083//1083 1091//1091 1098//1098
f 1098//1098 720//720 1083//1083
f 720//720 703//703 1083//1083
f 1098//1098 716//716 720//720
f 747//747 715//715 716//716
f 1091//1091 716//716 1098//1098
f 720//720 716//716 715//715
f 734//734 748//748 759//759
f 751//751 734//734 759//759
f 751//751 725//725 750//750
f 725//725 751//751 904//904
f 759//759 904//904 751//751
f 750//750 702//702 693//693
f 750//750 693//693 747//747
f 750//750 747//747 734//734
f 734//734 751//751 750//750
f 759//759 777//777 778//778
f 734//734 733//733 748//748
f 747//747 1091//1091 734//734
f 703//703 715//715 693//693
f 733//733 734//734 1091//1091
f 778//778 777//777 788//788
f 931//931 854//854 801//801
f 788//788 854//854 787//787
f 931//931 807//807 803//803
f 602//602 684//684 604//604
f 612//612 701//701 602//602
f 1205//1205 832//832 1283//1283
f 824//824 832//832 1205//1205
f 612//612 1239//1239 1172//1172
f 1237//1237 1233//1233 1244//1244
f 1230//1230 1231//1231 1237//1237
f 1230//1230 848//848 1255//1255
f 1255//1255 1391//1391 1230//1230
f 861//861 1413//1413 1391//1391
f 1413//1413 1423//1423 1391//1391
f 1391//1391 1255//1255 861//861
f 861//861 1255//1255 852//852
f 1258//1258 1401//1401 1440//1440
f 1266//1266 1238//1238 1429//1429
f 639//639 712//712 619//619
f 972//972 976//976 968//968
f 972//972 689//689 1538//1538
f 1529//1529 1517//1517 1520//1520
f 1494//1494 1520//1520 1517//1517
f 1277//1277 1520//1520 1494//1494
f 1277//1277 1272//1272 965//965
f 707//707 1272//1272 1334//1334
f 769//769 775//775 629//629
f 516//516 775//775 622//622
f 638//638 629//629 775//775
f 638//638 775//775 516//516
f 516//516 1630//1630 634//634
f 274//274 1590//1590 439//439
f 148//148 439//439 437//437
f 1590//1590 274//274 264//264
f 439//439 148//148 274//274
f 1299//1299 276//276 267//267
f 1615//1615 1469//1469 1627//1627
f 431//431 1627//1627 1496//1496
f 431//431 430//430 1344//1344
f 205//205 1340//1340 1338//1338
f 1457//1457 1402//1402 1422//1422
f 1408//1408 214//214 1422//1422
f 1408//1408 1422//1422 1402//1402
f 1424//1424 1315//1315 1608//1608
f 1389//1389 1608//1608 1315//1315
f 205//205 204//204 1340//1340
f 1522//1522 1444//1444 1530//1530
f 1444//1444 1522//1522 1466//1466
f 1466//1466 1439//1439 183//183
f 780//780 704//704 627//627
f 827//827 704//704 780//780
f 782//782 580//580 166//166
f 780//780 627//627 782//782
f 1066//1066 955//955 1039//1039
f 767//767 955//955 554//554
f 142//142 896//896 899//899
f 558//558 607//607 767//767
f 558//558 554//554 492//492
f 112//112 108//108 107//107
f 92//92 108//108 113//113
f 1498//1498 303//303 75//75
f 1498//1498 75//75 74//74
f 1473//1473 1575//1575 1480//1480
f 187//187 312//312 1565//1565
f 518//518 523//523 570//570
f 518//518 570//570 320//320
f 944//944 943//943 1127//1127
f 944//944 1137//1137 1629//1629
f 667//667 1631//1631 1629//1629
f 673//673 859//859 1631//1631
f 679//679 666//666 859//859
f 1191//1191 25//25 26//26
f 1381//1381 26//26 4//4
f 14//14 1479//1479 28//28
f 1346//1346 14//14 17//17
f 1540//1540 1525//1525 1531//1531
f 1505//1505 642//642 1407//1407
f 623//623 604//604 630//630
f 741//741 863//863 861//861
f 863//863 741//741 862//862
f 887//887 1266//1266 1258//1258
f 1440//1440 1423//1423 1435//1435
f 1266//1266 1429//1429 1258//1258
f 710//710 712//712 1266//1266
f 1507//1507 1517//1517 1529//1529
f 1494//1494 1517//1517 1507//1507
f 954//954 958//958 1264//1264
f 576//576 1260//1260 611//611
f 437//437 1630//1630 1627//1627
f 432//432 1496//1496 1627//1627
f 1456//1456 431//431 1496//1496
f 1496//1496 1109//1109 1456//1456
f 430//430 431//431 1456//1456
f 254//254 430//430 1456//1456
f 462//462 130//130 266//266
f 1456//1456 462//462 254//254
f 430//430 257//257 1344//1344
f 205//205 140//140 204//204
f 940//940 194//194 140//140
f 205//205 269//269 140//140
f 140//140 137//137 940//940
f 199//199 202//202 194//194
f 191//191 199//199 194//194
f 1554//1554 1530//1530 200//200
f 1522//1522 191//191 1466//1466
f 1439//1439 1466//1466 191//191
f 177//177 1439//1439 1438//1438
f 146//146 579//579 955//955
f 146//146 112//112 579//579
f 579//579 112//112 553//553
f 553//553 112//112 107//107
f 579//579 553//553 554//554
f 579//579 554//554 955//955
f 146//146 955//955 521//521
f 145//145 146//146 155//155
f 162//162 183//183 1297//1297
f 162//162 521//521 1359//1359
f 159//159 155//155 162//162
f 155//155 521//521 162//162
f 183//183 177//177 1297//1297
f 155//155 146//146 521//521
f 183//183 1439//1439 177//177
f 521//521 1066//1066 704//704
f 554//554 558//558 767//767
f 80//80 102//102 1498//1498
f 74//74 75//75 101//101
f 1473//1473 101//101 1575//1575
f 1633//1633 1578//1578 1575//1575
f 187//187 1578//1578 1600//1600
f 1105//1105 572//572 568//568
f 320//320 1176//1176 934//934
f 934//934 515//515 320//320
f 570//570 1176//1176 320//320
f 475//475 320//320 38//38
f 951//951 475//475 38//38
f 1229//1229 951//951 1127//1127
f 475//475 951//951 1229//1229
f 320//320 475//475 518//518
f 475//475 1229//1229 1240//1240
f 1240//1240 764//764 465//465
f 1229//1229 764//764 1240//1240
f 1127//1127 951//951 1137//1137
f 682//682 667//667 1141//1141
f 1312//1312 666//666 679//679
f 33//33 42//42 13//13
f 679//679 682//682 13//13
f 1471//1471 642//642 1540//1540
f 1540//1540 642//642 1505//1505
f 997//997 811//811 645//645
f 811//811 801//801 645//645
f 997//997 823//823 811//811
f 811//811 823//823 817//817
f 817//817 823//823 1106//1106
f 604//604 1132//1132 630//630
f 1132//1132 637//637 646//646
f 741//741 1244//1244 1243//1243
f 887//887 889//889 870//870
f 659//659 712//712 710//710
f 710//710 662//662 659//659
f 657//657 685//685 659//659
f 1482//1482 689//689 688//688
f 1482//1482 1484//1484 1507//1507
f 1482//1482 1507//1507 1529//1529
f 1489//1489 1272//1272 1277//1277
f 1489//1489 1277//1277 1494//1494
f 1334//1334 1489//1489 959//959
f 836//836 958//958 954//954
f 622//622 617//617 516//516
f 1627//1627 1630//1630 432//432
f 516//516 617//617 1630//1630
f 1496//1496 432//432 611//611
f 1109//1109 686//686 1456//1456
f 137//137 136//136 131//131
f 130//130 134//134 131//131
f 616//616 1319//1319 134//134
f 134//134 1319//1319 137//137
f 131//131 134//134 137//137
f 266//266 254//254 462//462
f 1273//1273 177//177 1438//1438
f 112//112 146//146 145//145
f 108//108 126//126 113//113
f 625//625 113//113 126//126
f 1498//1498 113//113 303//303
f 1570//1570 1633//1633 1575//1575
f 187//187 1565//1565 1480//1480
f 1159//1159 187//187 228//228
f 268//268 984//984 228//228
f 682//682 43//43 7//7
f 1141//1141 38//38 43//43
f 1531//1531 34//34 24//24
f 1471//1471 1616//1616 645//645
f 630//630 1132//1132 646//646
f 636//636 774//774 755//755
f 637//637 614//614 724//724
f 597//597 614//614 1571//1571
f 614//614 723//723 724//724
f 755//755 765//765 636//636
f 612//612 636//636 726//726
f 862//862 1265//1265 1284//1284
f 1248//1248 862//862 1284//1284
f 1287//1287 664//664 662//662
f 662//662 664//664 655//655
f 1484//1484 1446//1446 1264//1264
f 836//836 954//954 1268//1268
f 686//686 1260//1260 605//605
f 617//617 622//622 576//576
f 611//611 617//617 576//576
f 1456//1456 686//686 1622//1622
f 940//940 1319//1319 1269//1269
f 940//940 1314//1314 1472//1472
f 940//940 1269//1269 1314//1314
f 1203//1203 555//555 1273//1273
f 1273//1273 1314//1314 1203//1203
f 1161//1161 1273//1273 555//555
f 119//119 79//79 303//303
f 1592//1592 56//56 1570//1570
f 268//268 228//228 154//154
f 970//970 984//984 268//268
f 985//985 984//984 970//970
f 971//971 985//985 970//970
f 31//31 95//95 22//22
f 95//95 3//3 22//22
f 95//95 855//855 3//3
f 855//855 901//901 5//5
f 855//855 5//5 3//3
f 5//5 901//901 24//24
f 1613//1613 1040//1040 1616//1616
f 914//914 1613//1613 1616//1616
f 823//823 1132//1132 1106//1106
f 723//723 1514//1514 664//664
f 664//664 1284//1284 723//723
f 724//724 723//723 1284//1284
f 1265//1265 765//765 755//755
f 765//765 1265//1265 862//862
f 1265//1265 724//724 1284//1284
f 1287//1287 870//870 664//664
f 870//870 1284//1284 664//664
f 1264//1264 795//795 683//683
f 1449//1449 1264//1264 683//683
f 1260//1260 1103//1103 605//605
f 462//462 1622//1622 428//428
f 130//130 462//462 122//122
f 1203//1203 1269//1269 616//616
f 1203//1203 1186//1186 555//555
f 1273//1273 1161//1161 1035//1035
f 113//113 625//625 87//87
f 1610//1610 82//82 375//375
f 375//375 546//546 1610//1610
f 1506//1506 1592//1592 1570//1570
f 1592//1592 1506//1506 79//79
f 1587//1587 56//56 1632//1632
f 1632//1632 1566//1566 1573//1573
f 175//175 1559//1559 54//54
f 53//53 1573//1573 175//175
f 175//175 1573//1573 1566//1566
f 175//175 54//54 53//53
f 1589//1589 1636//1636 1637//1637
f 1636//1636 175//175 1566//1566
f 53//53 66//66 1573//1573
f 1632//1632 56//56 1566//1566
f 970//970 290//290 37//37
f 263//263 970//970 2//2
f 27//27 263//263 15//15
f 27//27 934//934 971//971
f 27//27 515//515 934//934
f 263//263 2//2 15//15
f 10//10 574//574 567//567
f 660//660 645//645 608//608
f 997//997 660//660 823//823
f 1487//1487 597//597 1556//1556
f 802//802 795//795 1446//1446
f 1446//1446 795//795 1264//1264
f 608//608 621//621 795//795
f 683//683 795//795 621//621
f 792//792 1280//1280 621//621
f 792//792 1040//1040 799//799
f 605//605 1436//1436 1622//1622
f 538//538 82//82 529//529
f 956//956 87//87 1161//1161
f 625//625 658//658 87//87
f 87//87 658//658 1161//1161
f 119//119 303//303 1610//1610
f 79//79 174//174 1592//1592
f 1638//1638 68//68 1636//1636
f 1637//1637 1636//1636 68//68
f 1559//1559 64//64 54//54
f 66//66 1470//1470 1573//1573
f 290//290 268//268 304//304
f 304//304 258//258 6//6
f 36//36 23//23 376//376
f 376//376 23//23 20//20
f 914//914 901//901 1613//1613
f 450//450 1613//1613 901//901
f 1040//1040 792//792 1616//1616
f 1616//1616 792//792 608//608
f 802//802 677//677 652//652
f 677//677 802//802 676//676
f 802//802 789//789 795//795
f 608//608 792//792 621//621
f 867//867 1252//1252 953//953
f 448//448 454//454 424//424
f 547//547 252//252 829//829
f 547//547 538//538 114//114
f 118//118 547//547 114//114
f 529//529 82//82 956//956
f 1638//1638 56//56 174//174
f 1559//1559 175//175 1636//1636
f 193//193 310//310 259//259
f 180//180 193//193 165//165
f 170//170 128//128 165//165
f 105//105 128//128 170//170
f 170//170 165//165 193//193
f 128//128 139//139 165//165
f 1513//1513 1470//1470 1569//1569
f 574//574 46//46 421//421
f 421//421 46//46 427//427
f 427//427 46//46 47//47
f 16//16 196//196 1513//1513
f 196//196 6//6 258//258
f 829//829 567//567 574//574
f 829//829 106//106 567//567
f 855//855 401//401 450//450
f 450//450 401//401 448//448
f 106//106 252//252 448//448
f 508//508 527//527 525//525
f 337//337 119//119 470//470
f 1638//1638 73//73 68//68
f 1559//1559 1589//1589 1561//1561
f 1636//1636 1589//1589 1559//1559
f 310//310 193//193 1561//1561
f 105//105 55//55 128//128
f 64//64 66//66 54//54
f 139//139 64//64 180//180
f 67//67 89//89 139//139
f 172//172 1470//1470 1463//1463
f 173//173 1569//1569 172//172
f 8//8 1569//1569 173//173
f 1460//1460 1543//1543 1463//1463
f 1547//1547 1543//1543 1539//1539
f 1539//1539 1543//1543 1460//1460
f 1569//1569 8//8 49//49
f 525//525 527//527 524//524
f 451//451 525//525 405//405
f 451//451 405//405 395//395
f 527//527 508//508 470//470
f 1638//1638 174//174 337//337
f 280//280 273//273 259//259
f 57//57 55//55 105//105
f 1547//1547 1539//1539 1602//1602
f 1547//1547 1602//1602 1544//1544
f 1543//1543 1547//1547 35//35
f 510//510 9//9 35//35
f 510//510 559//559 9//9
f 559//559 510//510 505//505
f 307//307 1544//1544 505//505
f 559//559 1012//1012 1178//1178
f 561//561 988//988 511//511
f 1222//1222 561//561 1220//1220
f 275//275 1545//1545 1544//1544
f 1602//1602 272//272 1544//1544
f 271//271 270//270 272//272
f 996//996 467//467 1131//1131
f 644//644 669//669 912//912
f 668//668 671//671 935//935
f 1088//1088 1058//1058 1601//1601
f 1088//1088 1599//1599 1604//1604
f 1088//1088 1604//1604 1071//1071
f 1071//1071 1604//1604 1208//1208
f 1071//1071 1208//1208 805//805
f 805//805 1063//1063 826//826
f 825//825 847//847 1058//1058
f 891//891 913//913 873//873
f 847//847 825//825 873//873
f 904//904 906//906 725//725
f 931//931 779//779 787//787
f 849//849 869//869 853//853
f 777//777 1390//1390 788//788
f 788//788 1390//1390 1407//1407
f 733//733 1296//1296 748//748
f 1443//1443 1464//1464 1437//1437
f 1434//1434 1443//1443 1437//1437
f 1434//1434 1437//1437 1417//1417
f 1168//1168 1430//1430 1322//1322
f 1437//1437 1430//1430 709//709
f 1168//1168 1322//1322 1187//1187
f 1318//1318 1324//1324 1516//1516
f 1425//1425 1403//1403 1542//1542
f 563//563 574//574 421//421
f 545//545 471//471 489//489
f 489//489 405//405 525//525
f 489//489 471//471 405//405
f 471//471 395//395 405//405
f 508//508 423//423 328//328
f 280//280 310//310 62//62
f 1614//1614 1454//1454 1433//1433
f 272//272 1602//1602 271//271
f 271//271 286//286 449//449
f 270//270 271//271 449//449
f 467//467 449//449 1131//1131
f 737//737 1306//1306 897//897
f 737//737 897//897 670//670
f 737//737 670//670 886//886
f 897//897 1042//1042 674//674
f 671//671 670//670 674//674
f 1208//1208 1063//1063 805//805
f 1063//1063 842//842 826//826
f 853//853 808//808 844//844
f 825//825 860//860 873//873
f 1296//1296 740//740 752//752
f 740//740 1296//1296 1209//1209
f 1189//1189 1296//1296 752//752
f 1168//1168 1187//1187 1170//1170
f 709//709 1430//1430 1168//1168
f 783//783 771//771 1289//1289
f 841//841 1516//1516 840//840
f 1542//1542 1410//1410 841//841
f 1425//1425 900//900 871//871
f 1591//1591 883//883 1535//1535
f 583//583 545//545 427//427
f 545//545 421//421 427//427
f 591//591 1510//1510 471//471
f 1010//1010 469//469 514//514
f 1510//1510 591//591 583//583
f 883//883 1527//1527 583//583
f 1510//1510 231//231 478//478
f 1510//1510 478//478 471//471
f 231//231 395//395 478//478
f 478//478 395//395 471//471
f 471//471 545//545 591//591
f 583//583 591//591 545//545
f 883//883 583//583 427//427
f 469//469 395//395 514//514
f 132//132 181//181 141//141
f 423//423 141//141 328//328
f 273//273 160//160 170//170
f 1454//1454 242//242 1433//1433
f 248//248 242//242 1454//1454
f 1602//1602 1595//1595 271//271
f 233//233 234//234 242//242
f 242//242 234//234 1433//1433
f 233//233 242//242 248//248
f 1433//1433 234//234 282//282
f 996//996 1304//1304 1306//1306
f 1304//1304 996//996 728//728
f 1306//1306 1304//1304 1037//1037
f 1063//1063 1580//1580 842//842
f 842//842 820//820 905//905
f 885//885 820//820 1138//1138
f 905//905 885//885 869//869
f 722//722 1032//1032 1013//1013
f 740//740 1209//1209 722//722
f 752//752 744//744 1170//1170
f 1165//1165 1163//1163 1437//1437
f 1417//1417 1437//1437 1163//1163
f 1417//1417 1024//1024 1434//1434
f 804//804 810//810 806//806
f 841//841 1410//1410 1516//1516
f 1550//1550 1451//1451 1425//1425
f 1546//1546 386//386 866//866
f 1451//1451 1588//1588 900//900
f 1274//1274 1549//1549 846//846
f 1555//1555 1546//1546 1579//1579
f 1555//1555 1550//1550 846//846
f 1555//1555 846//846 1549//1549
f 1274//1274 1584//1584 385//385
f 384//384 386//386 387//387
f 866//866 386//386 830//830
f 1579//1579 882//882 900//900
f 1527//1527 1481//1481 882//882
f 883//883 1481//1481 1527//1527
f 866//866 830//830 583//583
f 1510//1510 241//241 231//231
f 132//132 457//457 135//135
f 135//135 181//181 132//132
f 457//457 1010//1010 135//135
f 592//592 587//587 314//314
f 144//144 123//123 587//587
f 1025//1025 144//144 587//587
f 123//123 125//125 587//587
f 587//587 125//125 135//135
f 314//314 587//587 135//135
f 1010//1010 314//314 135//135
f 62//62 1561//1561 1594//1594
f 273//273 232//232 195//195
f 248//248 89//89 67//67
f 151//151 234//234 233//233
f 282//282 234//234 151//151
f 286//286 282//282 449//449
f 1536//1536 282//282 151//151
f 51//51 1536//1536 151//151
f 51//51 278//278 1536//1536
f 449//449 447//447 1131//1131
f 728//728 1131//1131 585//585
f 585//585 653//653 1048//1048
f 585//585 447//447 278//278
f 585//585 278//278 653//653
f 992//992 585//585 1048//1048
f 447//447 585//585 1131//1131
f 444//444 1048//1048 522//522
f 455//455 992//992 991//991
f 820//820 1580//1580 1138//1138
f 1037//1037 455//455 279//279
f 744//744 1167//1167 735//735
f 735//735 1168//1168 1170//1170
f 1167//1167 1157//1157 709//709
f 1163//1163 1165//1165 1157//1157
f 696//696 1417//1417 1163//1163
f 458//458 459//459 460//460
f 284//284 456//456 479//479
f 960//960 791//791 460//460
f 791//791 458//458 460//460
f 458//458 281//281 456//456
f 479//479 530//530 296//296
f 730//730 530//530 479//479
f 479//479 281//281 730//730
f 530//530 730//730 872//872
f 455//455 730//730 281//281
f 456//456 281//281 479//479
f 281//281 458//458 791//791
f 458//458 456//456 459//459
f 960//960 460//460 1118//1118
f 1118//1118 1623//1623 1626//1626
f 925//925 692//692 1138//1138
f 1628//1628 987//987 1146//1146
f 1153//1153 678//678 1008//1008
f 1434//1434 1024//1024 1224//1224
f 1281//1281 1582//1582 840//840
f 1281//1281 1294//1294 1582//1582
f 380//380 382//382 389//389
f 382//382 380//380 244//244
f 244//244 1213//1213 382//382
f 389//389 382//382 1572//1572
f 374//374 380//380 371//371
f 383//383 403//403 355//355
f 240//240 403//403 383//383
f 383//383 377//377 240//240
f 392//392 229//229 378//378
f 383//383 229//229 377//377
f 383//383 381//381 229//229
f 1007//1007 229//229 381//381
f 381//381 633//633 1007//1007
f 392//392 377//377 229//229
f 240//240 377//377 1213//1213
f 632//632 592//592 314//314
f 378//378 1007//1007 632//632
f 1007//1007 378//378 229//229
f 1572//1572 382//382 1584//1584
f 1294//1294 868//868 1584//1584
f 1584//1584 868//868 1572//1572
f 1274//1274 1582//1582 1294//1294
f 840//840 1582//1582 841//841
f 385//385 419//419 384//384
f 419//419 385//385 377//377
f 1481//1481 871//871 900//900
f 384//384 419//419 1510//1510
f 231//231 241//241 392//392
f 1010//1010 514//514 378//378
f 181//181 1594//1594 164//164
f 58//58 52//52 249//249
f 233//233 60//60 1617//1617
f 60//60 238//238 1617//1617
f 278//278 51//51 522//522
f 444//444 522//522 445//445
f 991//991 729//729 730//730
f 1138//1138 791//791 925//925
f 1167//1167 1138//1138 1157//1157
f 960//960 925//925 791//791
f 589//589 872//872 729//729
f 296//296 287//287 284//284
f 296//296 292//292 293//293
f 1558//1558 224//224 1526//1526
f 150//150 223//223 227//227
f 224//224 227//227 223//223
f 227//227 464//464 150//150
f 590//590 464//464 1558//1558
f 296//296 872//872 292//292
f 872//872 468//468 292//292
f 590//590 468//468 872//872
f 468//468 590//590 1558//1558
f 1558//1558 1526//1526 468//468
f 464//464 227//227 1558//1558
f 224//224 1558//1558 227//227
f 530//530 872//872 296//296
f 590//590 872//872 589//589
f 590//590 589//589 464//464
f 1526//1526 224//224 230//230
f 157//157 292//292 468//468
f 292//292 157//157 293//293
f 1532//1532 1526//1526 230//230
f 1428//1428 230//230 238//238
f 1532//1532 247//247 156//156
f 309//309 158//158 163//163
f 293//293 157//157 158//158
f 1628//1628 1623//1623 957//957
f 1146//1146 987//987 989//989
f 987//987 993//993 989//989
f 993//993 987//987 1333//1333
f 987//987 957//957 1333//1333
f 1333//1333 957//957 1134//1134
f 459//459 1247//1247 917//917
f 1130//1130 1134//1134 941//941
f 291//291 294//294 306//306
f 1134//1134 1130//1130 1333//1333
f 1130//1130 941//941 948//948
f 1224//1224 1210//1210 1404//1404
f 1210//1210 1373//1373 1404//1404
f 1373//1373 1090//1090 1404//1404
f 1210//1210 1011//1011 1373//1373
f 1397//1397 1173//1173 1373//1373
f 1011//1011 1397//1397 1373//1373
f 989//989 993//993 1395//1395
f 1395//1395 993//993 1347//1347
f 1347//1347 993//993 1333//1333
f 1173//1173 1336//1336 1384//1384
f 1336//1336 663//663 366//366
f 1395//1395 1380//1380 1336//1336
f 1151//1151 656//656 663//663
f 365//365 1384//1384 366//366
f 1155//1155 746//746 1112//1112
f 1459//1459 806//806 783//783
f 400//400 237//237 235//235
f 1169//1169 236//236 239//239
f 1219//1219 379//379 371//371
f 1235//1235 810//810 1169//1169
f 810//810 1235//1235 1276//1276
f 810//810 1276//1276 1281//1281
f 810//810 1281//1281 840//840
f 1572//1572 1281//1281 1276//1276
f 1235//1235 379//379 1219//1219
f 1276//1276 1236//1236 389//389
f 1219//1219 371//371 380//380
f 355//355 356//356 345//345
f 626//626 345//345 356//356
f 345//345 626//626 631//631
f 631//631 592//592 633//633
f 1025//1025 592//592 1092//1092
f 592//592 631//631 586//586
f 1288//1288 356//356 354//354
f 1288//1288 626//626 356//356
f 640//640 626//626 1288//1288
f 631//631 1262//1262 586//586
f 640//640 1262//1262 626//626
f 357//357 354//354 399//399
f 631//631 626//626 1262//1262
f 631//631 633//633 345//345
f 394//394 354//354 356//356
f 399//399 354//354 394//394
f 394//394 356//356 355//355
f 383//383 355//355 345//345
f 345//345 633//633 383//383
f 633//633 592//592 632//632
f 288//288 232//232 336//336
f 1532//1532 245//245 246//246
f 158//158 309//309 306//306
f 293//293 158//158 306//306
f 296//296 293//293 306//306
f 284//284 287//287 1250//1250
f 294//294 291//291 967//967
f 945//945 937//937 967//967
f 1333//1333 1130//1130 1053//1053
f 937//937 945//945 948//948
f 1279//1279 1049//1049 945//945
f 1395//1395 1347//1347 1380//1380
f 1362//1362 1053//1053 643//643
f 643//643 1151//1151 1362//1362
f 656//656 1151//1151 643//643
f 1288//1288 1133//1133 1073//1073
f 810//810 1155//1155 1169//1169
f 1155//1155 367//367 1169//1169
f 367//367 236//236 1169//1169
f 400//400 399//399 403//403
f 1262//1262 1232//1232 586//586
f 1092//1092 592//592 586//586
f 1003//1003 1046//1046 1121//1121
f 1121//1121 1046//1046 1092//1092
f 1121//1121 1092//1092 586//586
f 288//288 249//249 232//232
f 249//249 512//512 58//58
f 1450//1450 52//52 58//58
f 50//50 55//55 52//52
f 163//163 157//157 156//156
f 291//291 306//306 309//309
f 309//309 163//163 168//168
f 1259//1259 309//309 308//308
f 308//308 309//309 168//168
f 161//161 168//168 163//163
f 1029//1029 1232//1232 1033//1033
f 295//295 308//308 168//168
f 1026//1026 1000//1000 1003//1003
f 1026//1026 1121//1121 586//586
f 1026//1026 1003//1003 1121//1121
f 1000//1000 1004//1004 1003//1003
f 1548//1548 247//247 1450//1450
f 50//50 1450//1450 246//246
f 297//297 295//295 1548//1548
f 1548//1548 1450//1450 297//297
f 297//297 1450//1450 58//58