# https://github.com/mikedh/trimesh
v -0.02899186 -0.02349958 -0.06348420
v -0.03968036 -0.05904807 0.00943403
v -0.05053102 -0.00431208 0.05039782
v -0.03017315 -0.02553853 -0.05825359
v 0.02847695 -0.02221260 -0.03612675
v 0.03288853 -0.01946035 -0.03563693
v -0.03508181 -0.00348814 -0.03958339
v 0.03804550 -0.01379278 -0.03594823
v 0.03108459 -0.04566370 0.02202398
v 0.02084889 -0.04655578 0.02141893
v -0.01511856 -0.03501549 -0.05403961
v 0.04209393 -0.02020471 -0.03123347
v 0.04958495 -0.01561084 -0.03006159
v -0.03095102 -0.03637203 -0.05647428
v 0.02568344 -0.04352058 0.02925543
v -0.00297936 -0.00791223 0.05519658
v 0.03884680 -0.04469550 0.02294832
v 0.03427729 -0.04139978 0.03368725
v 0.04656628 -0.02055698 -0.02886251
v -0.03030387 -0.04096224 -0.05330678
v 0.03189718 -0.02463186 0.05444058
v 0.00659254 -0.00380165 0.05789415
v 0.03318891 -0.01506007 0.06012598
v 0.03127359 -0.00798488 0.06224256
v 0.04043395 -0.04116495 0.03385487
v -0.03436847 -0.02511770 -0.03760155
v 0.05956859 -0.00731421 -0.02868523
v -0.05080275 -0.05445087 0.01521489
v -0.05009514 -0.05510087 0.01250977
v 0.05531297 -0.01690377 -0.02693019
v 0.07551303 -0.03362615 0.00835277
v 0.05470415 -0.02445139 -0.02245271
v -0.03856748 -0.05608854 -0.01698951
v -0.04886860 -0.05047777 0.01276204
v -0.01546114 -0.03977017 -0.04957074
v -0.03758999 -0.01471987 -0.02986156
v -0.03981536 0.00143483 -0.02561620
v 0.04522609 -0.04158863 0.03279983
v 0.05144351 -0.02263905 -0.02528108
v -0.04172217 -0.04737031 -0.00944509
v 0.02555723 -0.03964721 0.03725340
v -0.04113722 -0.05915098 -0.01260461
v 0.04968093 -0.02703414 -0.02270582
v -0.03160319 -0.04316728 -0.05063685
v -0.02069569 -0.02536095 -0.06186977
v -0.01640026 -0.04485514 -0.04609862
v -0.02783645 -0.01364497 -0.05925548
v -0.01980788 0.04577760 -0.03103319
v -0.04397649 -0.05663741 0.01496604
v -0.03033033 -0.00835940 -0.06324324
v -0.02763366 -0.03464987 -0.05876460
v -0.06052819 0.04453850 0.01809278
v -0.04269863 -0.05593227 -0.00375682
v 0.05191128 -0.03206170 -0.01660785
v 0.01628938 -0.03674867 -0.03017258
v 0.00989272 -0.04018531 -0.02938234
v -0.01813539 -0.03733302 -0.05418229
v -0.01858735 -0.03030397 -0.05871620
v -0.01532227 -0.03588538 -0.04683875
v -0.02844607 -0.02100013 -0.05641706
v 0.05994997 -0.03840655 0.03931240
v 0.04551305 -0.03528877 -0.01630349
v -0.01013843 -0.03700364 -0.04353784
v -0.03952310 0.04474158 -0.03411036
v -0.01439261 -0.04090640 -0.04125645
v 0.00336937 -0.04582844 -0.02382334
v -0.03015928 -0.01386874 -0.05249296
v -0.03038261 -0.03867461 -0.04909029
v -0.03288886 -0.01611857 -0.04392435
v -0.02669982 -0.05956140 -0.00858311
v -0.03833486 0.03662873 -0.03602184
v -0.02740176 0.04974450 -0.03642165
v -0.01735032 -0.04317313 -0.04046729
v -0.00379416 -0.03255763 -0.04428612
v 0.03752372 -0.03978174 -0.01365830
v -0.04169818 -0.00567122 -0.01831643
v 0.00983184 -0.04562253 -0.01987576
v 0.03249541 -0.04388174 -0.00744887
v -0.02898559 -0.03150280 -0.05048300
v -0.04498771 -0.05095322 0.02488411
v -0.04573940 -0.04696653 0.00335124
v -0.00691211 -0.03970458 -0.03898362
v -0.01497500 -0.04443714 -0.03723754
v -0.00047387 -0.03640396 -0.03910649
v -0.01808788 -0.04773852 -0.03862733
v -0.05922340 0.04716810 0.01469328
v -0.03139948 -0.04739109 -0.04724282
v -0.02136030 0.00588390 -0.06632088
v -0.04213539 -0.02681124 -0.01272095
v 0.02427130 -0.04715542 -0.00278203
v -0.00192078 -0.04282621 -0.03228890
v -0.04457172 -0.01049692 -0.00822706
v 0.00412080 -0.04152684 -0.03067714
v -0.04674034 -0.03055663 0.00287946
v -0.03855211 -0.02276640 -0.02508351
v 0.06247255 -0.03471801 0.04262902
v -0.04427914 -0.04600412 0.03161806
v -0.02769589 0.04878118 -0.03309639
v -0.01523829 -0.04725833 -0.03297310
v -0.05509492 -0.04461458 0.02697329
v -0.05121187 -0.04755478 0.02772131
v 0.00157677 -0.05162930 0.00176785
v -0.03984803 -0.03748636 -0.01780372
v -0.05591730 -0.04155419 0.03207564
v -0.03283299 -0.05013749 -0.04339993
v 0.00136934 -0.05079428 0.01026931
v -0.03736101 0.04853924 0.01366271
v -0.01551061 0.00649984 -0.06094391
v -0.04100448 0.05425901 0.00772879
v -0.02143611 0.04997958 0.01461979
v -0.04648787 0.05399304 0.01057409
v -0.03078495 0.05111928 0.00791811
v 0.00161648 -0.04971147 -0.01473744
v 0.07751230 0.02601647 0.01187233
v -0.05204330 -0.02817597 0.01936901
v -0.00341902 -0.04936857 0.01730249
v -0.04031291 0.04203916 0.02506252
v -0.03137427 -0.04570810 -0.04458429
v -0.02842206 0.04744930 0.01904600
v -0.00976240 -0.05137151 0.01246570
v -0.00601520 -0.05198804 -0.01250863
v 0.08067498 0.00594378 0.01193683
v -0.02282483 0.04555715 0.02442383
v -0.00455318 -0.04754140 0.02220827
v -0.01506912 0.04721108 0.02338945
v 0.00201456 -0.04704039 0.02321554
v -0.03344400 -0.05409357 -0.03793486
v 0.00617575 -0.04853378 0.01819682
v -0.00929410 -0.04679142 0.02398179
v -0.06094982 -0.02261860 0.04030715
v -0.01407280 -0.05401092 -0.00778841
v -0.02496898 0.04419384 -0.03980763
v 0.00183279 -0.04375655 0.02971471
v -0.02420171 0.04010305 0.03215559
v -0.06187706 -0.01691164 0.04212310
v -0.03067554 0.02597581 -0.06137637
v -0.04482197 0.04103190 0.02590889
v 0.01724262 0.02895932 0.05333281
v -0.00388429 -0.05251434 -0.00277889
v -0.01007898 -0.05330499 0.00111514
v 0.07189928 0.02379353 0.03434607
v 0.06586804 0.04162882 0.03278359
v -0.02871470 -0.05588279 -0.00136384
v 0.01178416 0.02512080 0.05416239
v -0.02902099 -0.05552970 -0.03560770
v -0.00138731 -0.03369850 0.04244725
v -0.02033257 0.03542175 0.03828577
v 0.07079510 0.03297141 0.03049463
v -0.03222715 -0.04727337 -0.03708862
v -0.05595124 -0.02693747 0.03334267
v -0.05678221 0.04093714 0.02891006
v -0.02846196 0.02117155 0.04572099
v -0.02370207 0.02647537 0.04417975
v 0.02270036 0.02156502 0.05843081
v -0.02103103 0.02654036 0.04480858
v -0.02707903 0.01485949 0.04859854
v -0.04285457 0.05103033 0.01532522
v -0.01792780 0.02032551 0.04880756
v -0.06299606 -0.01095919 0.04352033
v -0.06276894 -0.00348758 0.04339280
v -0.00771994 0.01343953 0.05375279
v -0.05770558 -0.01766687 0.04616775
v -0.00170129 0.02290316 0.05173062
v -0.03897553 0.03741141 0.03122542
v -0.06151824 0.04105090 0.02135631
v -0.04013325 0.03128218 0.03645353
v -0.03430197 -0.02916205 0.04070929
v -0.03537605 0.03125700 0.03774221
v 0.03671413 0.00969534 0.06495028
v -0.03531032 -0.05575085 -0.03359558
v 0.04775200 0.01466903 0.06709844
v 0.05343529 -0.00169262 0.06584708
v -0.04001476 -0.02059093 0.04389462
v -0.04725722 -0.00684716 0.04653914
v -0.05403701 0.03466628 0.03607044
v -0.02480729 0.01106789 -0.06617740
v 0.05358696 0.00775853 0.06558657
v -0.03055021 0.04107722 0.02928110
v 0.07948540 0.00000964 -0.01948322
v -0.06148575 0.03842488 0.02797436
v -0.01643762 0.01346534 -0.06081635
v -0.05495313 0.04689262 0.02173727
v 0.02605523 0.01665523 -0.04060381
v -0.03677181 -0.05698778 -0.02990571
v -0.03463246 0.04405794 0.02364332
v -0.04422969 -0.01210514 0.04541003
v -0.04438932 0.04726256 0.02159911
v 0.01528593 0.02535258 -0.04060272
v 0.07148262 0.02826752 -0.01933780
v -0.01152464 0.00962423 -0.05674027
v -0.03390466 -0.05218555 -0.03193780
v -0.05002060 0.02706676 0.04268230
v -0.03069580 -0.01751066 -0.06400694
v 0.03091350 -0.04654804 0.00271943
v -0.05620821 -0.00510218 0.02867729
v -0.02872298 -0.05755541 -0.03034931
v -0.06192401 0.03307062 0.02928081
v 0.07399353 0.02225808 -0.02129332
v 0.06092873 0.00372964 0.05802248
v 0.01578820 -0.04897108 -0.00269242
v 0.06945083 0.03317502 -0.01669096
v -0.04374603 0.01677144 0.04363256
v 0.01746909 -0.02107356 0.05426615
v -0.01959981 0.02970208 -0.05444961
v -0.02485895 -0.04219294 -0.05245017
v 0.01377750 -0.01151198 0.05772532
v -0.01109431 0.01974577 -0.05305529
v -0.03282950 0.03879367 -0.05202390
v 0.07843144 0.01739147 -0.01849098
v -0.01804848 0.03123530 -0.04765421
v 0.07606458 0.02750204 -0.01490029
v 0.02656250 -0.04750058 0.01189250
v 0.02006652 -0.04863520 0.00968134
v 0.04149053 -0.00955028 0.06398464
v -0.03161137 -0.06068414 -0.02088407
v 0.01213920 -0.04970128 0.01005245
v -0.04970734 0.01863911 0.04520716
v 0.05210991 0.03836543 -0.01681693
v -0.02323735 0.03983287 -0.04402518
v -0.03452959 -0.03445717 -0.03509746
v -0.02649386 -0.04912129 -0.04528293
v 0.07244711 -0.03598459 0.01976588
v 0.07780461 -0.02263190 0.01876843
v -0.02532588 -0.01848415 0.04764647
v 0.06199415 0.04172363 -0.00982206
v 0.02550600 -0.00661963 -0.04302977
v 0.06877787 0.04017730 -0.01048395
v 0.02460860 0.00318403 -0.04388349
v -0.00922167 -0.04617891 -0.03139186
v 0.01255026 -0.04502007 0.02692816
v -0.01436029 -0.02248317 -0.05990572
v 0.06200545 0.03585014 -0.01613812
v 0.01858866 -0.04441175 0.02772379
v -0.02284778 -0.05149978 -0.04017477
v 0.03230482 0.01008158 -0.04008077
v -0.03011664 -0.06070288 0.00149051
v -0.03146438 -0.05448157 0.00690403
v 0.00840058 -0.04234837 0.03224162
v 0.00926141 0.01445401 0.05756005
v -0.01928718 -0.05218132 -0.03405636
v 0.01069646 0.03362478 -0.03608383
v 0.02815783 0.02556615 -0.03569031
v -0.01905531 -0.04892100 -0.03198511
v 0.02077644 0.02340510 -0.03962137
v 0.05580619 -0.04244268 0.02602488
v -0.01310129 -0.05032759 -0.02491397
v 0.01435553 -0.03975835 0.03652158
v -0.00524432 -0.04878911 -0.02338264
v 0.06440376 -0.04201029 0.02673721
v 0.04047301 0.04606575 -0.01043801
v -0.02173620 -0.05497693 -0.03326200
v 0.05400519 0.00877844 -0.03187635
v -0.02313059 -0.05441748 -0.01737041
v -0.03678299 -0.04522264 -0.02564240
v -0.01412565 -0.05276371 -0.01730846
v -0.02583037 -0.05850531 -0.02612765
v -0.01738306 -0.02385918 0.04674951
v -0.03313190 -0.05742406 0.01063064
v 0.05076577 0.01706276 -0.03129862
v 0.04446870 0.02146587 -0.03194188
v -0.02824050 -0.05152875 0.01468717
v 0.06109795 0.01414971 -0.02828023
v 0.01745264 0.03357456 -0.03378769
v 0.04317695 0.04803416 -0.00500618
v -0.02103641 -0.05511327 -0.00246775
v 0.02974471 0.03776797 -0.02538223
v -0.02232250 -0.05510562 -0.02408625
v 0.03879443 0.02090135 -0.03434100
v -0.02387926 -0.05319889 0.00954596
v 0.03646277 0.03601260 -0.02476534
v -0.01599514 -0.05338062 0.00710932
v 0.01373459 -0.03345474 0.04433730
v -0.01887210 -0.05203323 -0.02448154
v 0.02397229 0.04375999 -0.01961156
v 0.03415550 -0.03560837 0.04389344
v 0.03365575 0.04438212 -0.01524486
v -0.02189697 -0.05472063 -0.01298782
v 0.05586469 0.04529551 -0.00651447
v 0.04487547 -0.03560240 0.04458837
v 0.06949916 -0.03272602 0.03317760
v -0.03683974 -0.05611903 0.01690821
v -0.02415569 -0.05908600 -0.01763175
v -0.03428903 -0.05210621 0.01570149
v 0.01697362 0.04509812 -0.01970948
v 0.05231530 0.04941150 0.00099326
v -0.02281354 -0.04934522 0.01913655
v 0.07895698 -0.00910406 0.02204918
v 0.01778137 0.04783849 -0.01385593
v 0.00436938 0.00782319 -0.05120564
v -0.01518687 -0.04925437 0.01898204
v -0.01403163 -0.02544924 -0.05320656
v 0.01208470 0.04925242 -0.01247637
v 0.02123897 0.03749401 -0.02861791
v -0.04335168 0.04873609 -0.03310386
v 0.06537564 0.04540782 -0.00407043
v 0.06285257 0.04959831 0.00260730
v -0.02249300 -0.04620025 0.02491412
v -0.00141124 0.05259504 -0.00227660
v 0.05102817 0.05084342 0.00498566
v 0.05938835 0.04936224 0.00226019
v 0.00080662 0.01767074 -0.04957919
v 0.00829238 0.05270964 0.00052692
v -0.04985095 -0.04395244 0.01682503
v 0.04429248 -0.01845513 0.06071647
v -0.03073629 -0.03934582 0.03305457
v -0.03736117 -0.05090688 0.02299006
v -0.05224998 -0.05169110 0.01757470
v -0.00357621 -0.02133499 -0.05093494
v 0.04138766 -0.00134210 0.06589001
v -0.03763630 -0.05973792 -0.02302056
v -0.01039880 0.02925579 -0.04718115
v -0.03346912 0.05430164 -0.02781860
v 0.06517145 -0.03707353 0.03509434
v 0.06672202 0.04779398 0.00382920
v -0.00261711 -0.02813697 -0.04676746
v -0.05345082 -0.04777135 0.02317529
v -0.00747233 -0.03065425 -0.04745041
v 0.04617319 0.00683095 0.06801119
v -0.04474925 -0.03770915 -0.00211819
v 0.05979433 -0.02227252 0.05555780
v -0.01507407 -0.04280301 0.03050290
v 0.00207186 -0.02826228 -0.04455015
v 0.00037077 0.05254284 0.00928287
v 0.06339695 0.05105056 0.00994716
v -0.03691736 -0.05765823 -0.02560299
v -0.05007252 -0.05180827 0.02211816
v 0.00423677 -0.03381361 -0.03922225
v 0.02178013 -0.03186926 0.04695957
v -0.00655299 -0.04009299 0.03468710
v 0.00781450 -0.02979537 -0.04081184
v -0.01064476 0.05281819 0.00231185
v 0.04898107 -0.01445936 0.06401295
v -0.00389006 0.04738995 -0.02227330
v 0.05642337 -0.04025404 0.03536916
v -0.05253284 -0.03972042 0.02441540
v -0.00654759 0.05017399 0.01821698
v 0.01612709 -0.02960250 -0.03695545
v -0.00702810 0.04436906 -0.02904555
v 0.01078279 -0.03328946 -0.03640903
v -0.01387707 0.05016653 0.01621830
v -0.05977355 -0.02841795 0.03813139
v -0.02875357 0.03320529 0.03790972
v -0.01964062 -0.00333791 -0.06633695
v -0.03182278 -0.04873133 0.02029786
v 0.00630319 0.01877867 -0.04724164
v 0.06087142 -0.04102687 0.03265828
v -0.03949689 0.05199763 -0.03428009
v -0.05998700 0.01858206 0.03605918
v -0.05496557 -0.03526864 0.03834315
v -0.01429466 -0.00510234 -0.06206698
v -0.03835654 0.03865554 -0.04978128
v -0.06399474 0.02519005 0.03611075
v -0.04410252 -0.03050889 0.04033282
v 0.02245675 -0.03190281 -0.03184994
v -0.04892359 0.03095888 0.04040374
v -0.01507877 -0.01069290 -0.06406840
v 0.00172141 0.04752972 -0.02016372
v -0.05810488 -0.03423648 0.03499204
v -0.04716578 0.05438154 -0.02273905
v 0.07008352 0.04419598 0.01001973
v 0.07413798 -0.00907240 0.03521537
v 0.04525552 0.05227599 0.01056147
v 0.05886062 0.05231478 0.01113061
v 0.02523027 -0.03601921 -0.02615098
v 0.02604117 -0.02718806 0.05153825
v -0.03855656 0.02290980 0.04236065
v -0.06327322 0.02909452 0.03343648
v -0.03086414 0.02689466 0.04200959
v -0.03875308 -0.06048491 -0.01933608
v 0.03904687 -0.03033001 0.05053450
v -0.06241382 0.03320765 0.03266368
v -0.06071334 0.01172698 0.03943547
v -0.03055517 0.05231754 -0.02544703
v -0.00699339 0.00271557 -0.05627035
v -0.03734949 -0.04508087 0.02526515
v 0.01799821 -0.04157924 -0.02251073
v -0.00493769 0.04668554 0.02746356
v -0.03594139 0.01039196 0.04774774
v -0.04553057 -0.02702473 0.04353285
v -0.04405717 0.04879892 -0.02312424
v 0.05265608 0.05272644 0.01553183
v 0.05688705 0.05331009 0.01999154
v -0.02796239 -0.02684231 0.04308340
v -0.01504454 0.04284258 0.03108164
v 0.05029739 -0.04023870 0.03562652
v -0.00914313 0.04104948 0.03518601
v -0.01153671 -0.00578490 -0.05808528
v 0.06295543 0.05130338 0.01986536
v 0.01314895 -0.04739466 -0.01250918
v 0.01880966 -0.04364235 -0.01807287
v 0.00381341 0.04402182 0.03451002
v 0.06689387 0.00067134 0.05016492
v -0.04652063 -0.02206311 0.04568603
v 0.00582885 -0.04984728 -0.01016436
v -0.00326408 -0.00205591 -0.05487682
v 0.06609681 0.00966120 0.05055382
v -0.03018960 0.05058229 -0.02091879
v -0.00483944 0.02006982 -0.05074395
v -0.04006551 -0.04143963 0.03044703
v -0.03734492 -0.06204131 -0.01236800
v -0.04118296 0.05623947 -0.02143727
v -0.02173514 0.00857278 0.05135489
v -0.00458308 0.03549928 0.04242549
v -0.05278364 -0.01115250 0.04896898
v -0.04602210 -0.01849472 -0.00196876
v -0.00255615 0.04020220 0.03800428
v -0.02553365 -0.03776037 0.03526774
v 0.04730553 -0.02662357 0.05536513
v -0.01337587 0.03496091 0.04054688
v -0.03175244 -0.01814809 0.04657629
v -0.04234898 -0.03596747 0.03628332
v 0.00688017 -0.00941125 -0.05015326
v -0.02154583 -0.03221801 0.04059980
v -0.01383432 -0.01842709 0.04976650
v -0.01105457 -0.00858879 0.05337372
v 0.01121145 -0.01418005 -0.04721575
v -0.00336761 -0.01756418 0.05219061
v -0.05010046 -0.02027492 0.01146042
v 0.07294606 0.03868279 0.01394345
v 0.01959472 -0.00260591 0.06086896
v -0.00691858 0.02969748 0.04640342
v -0.04838726 -0.03816466 0.03810626
v -0.02986589 0.04167153 -0.04863906
v -0.00058791 0.02919317 0.04838408
v -0.01599698 0.02777832 0.04532546
v -0.02930162 -0.00507419 -0.06753100
v -0.02436422 -0.02001009 -0.06518172
v -0.04786993 -0.01465898 0.04793535
v -0.02675822 -0.02920850 -0.06170164
v -0.04704441 0.05107829 -0.01621864
v -0.01132226 0.02441685 0.04855641
v 0.01634237 -0.00721494 -0.04674405
v -0.02897214 -0.06131502 -0.01305739
v 0.05619066 -0.03275156 0.05071887
v -0.04817071 0.05570513 -0.01704156
v -0.05526437 -0.02703087 0.04339464
v 0.02108793 0.01494077 0.06030217
v 0.00135925 -0.02321809 0.05029821
v -0.01299331 -0.01639093 0.05075502
v 0.05103788 0.05240467 0.02604353
v -0.05715814 -0.01816558 0.03488045
v -0.05498755 -0.03447448 0.03084014
v -0.02194608 -0.01153401 -0.06636579
v 0.05326962 -0.02763572 0.05587952
v 0.05613941 0.05283606 0.02906822
v -0.01795413 -0.01875641 -0.06335167
v 0.03812919 -0.00553017 -0.03792999
v 0.00556999 0.04256532 -0.02767108
v -0.06027880 0.00508151 0.04025187
v 0.06809428 -0.02074587 0.04463500
v -0.01402963 -0.02745886 -0.05797039
v 0.07387236 -0.02137046 0.03213897
v 0.07261364 -0.01716152 0.03771579
v -0.05953347 -0.00798042 0.04734113
v -0.01309591 -0.01480730 -0.05693770
v -0.03888815 -0.00812999 0.04762779
v -0.01125327 -0.01984867 -0.05478586
v 0.05588761 -0.03756086 0.04289655
v -0.03247347 -0.00666706 0.04910954
v -0.06352697 0.01827882 0.04112351
v 0.04313682 -0.01301789 -0.03396859
v -0.00657692 -0.02063196 -0.05247591
v -0.04331099 -0.06035020 -0.00796630
v -0.03758880 -0.06197293 -0.00454190
v -0.00094960 -0.02458410 -0.04815026
v 0.06430674 -0.03104723 0.04382138
v -0.00296937 0.03694583 -0.03761148
v 0.05055773 -0.00810927 -0.03232377
v 0.04709350 -0.00911390 -0.03361383
v 0.00582436 -0.03228636 0.04462977
v -0.01772393 0.03748413 -0.04195742
v 0.00831653 -0.02147473 -0.04556893
v -0.00740429 0.03433714 -0.04173192
v 0.01327689 -0.02134089 -0.04343224
v 0.03643342 0.05021586 0.03059270
v 0.05505084 -0.00738568 -0.03060746
v -0.04504584 -0.05985838 -0.00345525
v -0.01610081 0.02431898 -0.05236555
v 0.01660074 -0.02495591 -0.03992433
v -0.01891299 0.02386350 -0.05979880
v 0.06208763 0.04850623 0.03008611
v 0.04321872 0.03414229 -0.02429075
v -0.06330437 0.00149396 0.04343176
v 0.02627291 -0.01702984 -0.03971310
v 0.02260065 -0.02260685 -0.03858919
v -0.06374930 0.00619530 0.04442888
v 0.02747590 -0.02705938 -0.03348846
v -0.04488538 -0.06017385 0.00227642
v 0.03011971 -0.03235018 -0.02762545
v -0.02342894 -0.01124894 0.05024033
v -0.04532997 0.05255677 -0.02939432
v 0.03170022 0.03235685 -0.02968359
v 0.03581875 -0.02453317 -0.03132715
v 0.03811926 -0.02760451 -0.02790574
v -0.01805561 0.01986941 -0.05624438
v 0.06438657 -0.01065142 -0.02569953
v 0.06611452 -0.01734239 -0.02197856
v 0.05290297 0.05143366 0.03354144
v -0.04016362 -0.06081460 0.00244879
v 0.04715343 -0.02618550 -0.02471911
v 0.05467314 -0.01457773 0.06238988
v 0.03469176 -0.03532822 -0.02192395
v 0.04116400 -0.03162027 -0.02280645
v -0.06352886 0.01068759 0.04380803
v -0.04569994 -0.05471280 0.00434405
v -0.02696517 -0.00075407 -0.06786785
v 0.02860860 -0.04144345 -0.01630950
v 0.06794886 0.00682091 -0.02685334
v 0.02206694 -0.04452886 -0.01389344
v -0.03080109 0.00282873 -0.06707079
v -0.03511445 0.02988609 -0.05191840
v -0.01147709 0.04054348 -0.03621196
v 0.06648938 -0.00979790 0.05061437
v -0.03152799 0.00892634 -0.06668290
v 0.04426328 0.05006060 0.03406086
v 0.03312235 0.04672018 0.03814607
v 0.06917869 0.01127646 0.04501382
v 0.00804136 -0.05058904 0.00065805
v -0.01214305 0.04942197 -0.02008807
v 0.03834607 -0.02110164 0.05796423
v -0.04897427 -0.00532498 0.00481974
v 0.04860866 -0.03206540 0.04991782
v -0.02542509 0.04652225 -0.03084426
v -0.05844885 0.00543838 0.04770487
v 0.00276543 0.03783367 -0.03464321
v -0.04892850 0.03458297 -0.00232053
v -0.04211599 0.03802271 -0.02531607
v -0.04649771 -0.05890645 0.00540389
v 0.05910339 -0.02292654 -0.02160220
v -0.01040113 0.05114868 -0.01391905
v -0.03629251 0.03675496 -0.05297451
v -0.01952582 0.05100503 -0.01749658
v 0.03575511 0.00172707 -0.03958104
v 0.05005963 0.04913201 0.03951612
v 0.06483513 -0.00066040 -0.02784713
v -0.02734826 -0.01259373 -0.06688243
v -0.01625841 0.04746230 -0.02614130
v -0.04316755 0.02136990 -0.01840039
v -0.05527289 0.00017933 0.04893376
v -0.04596252 0.04063510 -0.01310545
v -0.05327244 -0.01277347 0.02025464
v -0.03590465 0.05736410 -0.01612549
v -0.04962714 0.00545048 0.04824875
v 0.01021054 -0.00381998 -0.04955961
v 0.06089420 -0.00646170 0.05840567
v 0.05925848 0.00120095 -0.03012301
v -0.03100622 -0.00093799 -0.05266999
v 0.01857381 0.00849219 0.06071250
v 0.02766129 0.00089466 0.06303956
v -0.04841521 -0.05712584 0.00916594
v 0.05790140 -0.03392103 -0.01088343
v 0.04044996 0.04115861 -0.01745812
v -0.04790604 0.02387187 -0.00404387
v 0.02119231 0.00869245 -0.04453975
v 0.00140329 -0.00663403 -0.05280318
v -0.01797782 0.00141346 0.05267690
v -0.02449489 -0.00079781 0.05117781
v 0.04808948 0.03087841 -0.02507518
v -0.01720889 -0.00594485 0.05254394
v 0.05264965 0.02383961 -0.02780657
v -0.01483130 -0.03127829 -0.05381605
v 0.04185426 -0.04142036 -0.00700663
v -0.01800079 0.05275526 -0.00464329
v -0.05140808 0.01419317 0.00899144
v -0.01536952 -0.03374707 -0.04917737
v -0.02378405 0.05282661 -0.00644412
v -0.05937352 -0.01034468 0.04014572
v -0.02899125 0.05234552 -0.01216377
v 0.05076812 -0.03874054 -0.00730512
v 0.05607128 -0.03873266 -0.00346052
v 0.05700816 0.02757730 -0.02428762
v -0.03249937 0.05271161 -0.00404256
v -0.03735502 0.05770231 -0.00675734
v -0.00568445 0.00228682 0.05544783
v 0.00842175 0.04660043 -0.01985770
v -0.00059273 0.00237175 0.05661515
v -0.05255998 0.02921245 0.01056363
v 0.04143345 -0.04380641 0.00036259
v 0.03333097 0.02062786 -0.03633801
v 0.00466075 0.00928916 0.05743615
v 0.06505691 0.02521818 -0.02272002
v 0.04198064 -0.00345572 -0.03675721
v -0.05358188 0.00471651 0.01763080
v -0.04924181 0.04646535 -0.00120617
v 0.01315473 0.00337222 0.05977874
v -0.03452421 0.05458877 -0.01149612
v -0.04784241 0.05664225 -0.01358750
v -0.01364662 -0.03505503 0.03928370
v 0.04950462 -0.04361211 0.00836765
v 0.00538795 0.05069883 -0.01044695
v -0.03013563 0.00124420 -0.06211733
v 0.02983356 -0.00237026 -0.04171783
v 0.04937542 0.00321356 -0.03413714
v -0.03172860 0.00837435 -0.05206829
v -0.02981612 0.00516717 -0.05710987
v -0.00898214 -0.02682982 0.04654214
v -0.02945109 0.00957062 -0.05913198
v 0.03544235 -0.04616643 0.01288546
v -0.00475698 0.05152485 -0.01074825
v 0.04241568 -0.04509998 0.01096113
v 0.04210287 0.00950505 -0.03643791
v -0.05183985 0.04252779 0.00775787
v -0.05661962 0.01835141 0.02649796
v -0.03870149 0.05671572 -0.00104815
v -0.03428767 0.01056910 -0.04458819
v 0.05130341 0.04546490 0.04688238
v 0.01069850 -0.02414920 0.05130450
v -0.03842226 0.05273799 0.00294919
v -0.04948322 0.05653267 -0.00933571
v -0.02965731 0.02076177 -0.06358243
v -0.03448972 0.02136778 -0.06134431
v -0.01913385 0.05220955 0.00517708
v 0.00727470 -0.01638345 0.05468122
v -0.04524427 0.05720357 -0.00756181
v -0.05592911 0.03554126 0.02082407
v 0.01427913 0.04020005 -0.02786672
v 0.02368782 -0.01622730 0.05793632
v -0.03707895 0.01387663 -0.03641204
v -0.05470623 0.05305643 -0.00350473
v -0.05757625 0.03230801 0.02580950
v -0.03773740 0.00600793 -0.03293164
v -0.03932619 0.02525161 -0.03181831
v -0.04071047 0.01347532 -0.02513391
v -0.05088571 0.05591492 -0.00529999
v -0.03305847 0.02410007 -0.05506319
v 0.04993768 -0.02232614 0.05954841
v 0.04787654 0.04422604 -0.01069303
v -0.05744676 0.00766410 0.03055103
v -0.04352560 0.03120292 -0.01933638
v 0.03724810 0.04049569 0.04878054
v 0.05679251 0.04689695 0.04075309
v -0.05946892 0.03265207 0.03563207
v 0.06854014 -0.00418944 -0.02576653
v -0.04982267 0.05083134 -0.00860073
v 0.04084959 0.04513798 0.04334544
v -0.05737104 0.02855056 0.03942221
v -0.02344968 -0.00398484 -0.06738495
v -0.01411318 -0.01364180 -0.06171679
v -0.06364801 0.02258853 0.03894068
v 0.04696489 0.04415893 0.04735454
v 0.07787724 -0.00954843 -0.02075349
v 0.07394744 -0.02684431 -0.01190910
v -0.01378684 -0.01794298 -0.06158225
v 0.02909750 0.04189001 0.04466078
v -0.03080180 0.01603984 -0.05586267
v -0.04458929 0.00331271 -0.01051858
v 0.08077372 -0.01678834 -0.01016211
v 0.07530100 0.03414041 -0.00827599
v 0.07291322 -0.00542499 -0.02401932
v 0.02798412 0.04754629 -0.01116834
v -0.04680444 0.04125444 0.03027524
v 0.03274509 0.04955503 -0.00482407
v -0.05771985 0.02591733 0.02935989
v 0.07823862 -0.02556867 -0.00748246
v -0.04747867 0.01666007 0.04235781
v 0.04685177 0.04914193 -0.00128906
v 0.05160282 0.03864928 0.05438609
v -0.04511882 0.01345596 -0.01090855
v -0.05820754 0.01539888 0.04552637
v 0.08240891 -0.00115025 -0.00553041
v 0.08120219 0.00885333 -0.01333053
v 0.08033092 0.01987111 -0.00182527
v 0.04709759 0.03908428 0.05367614
v -0.05477477 0.05309605 0.00505300
v 0.04229320 0.03821170 0.05282077
v -0.05418344 0.05014597 0.00234753
v -0.04657014 0.03300629 0.03355248
v 0.03344327 0.05265019 0.00899358
v 0.07308847 -0.03338868 -0.00401217
v 0.07174397 0.04131327 -0.00071520
v 0.02131845 0.04936171 -0.00906893
v -0.04934722 0.03735510 0.03551429
v -0.00731158 -0.01163513 -0.05561607
v -0.04946624 0.05543547 0.00284007
v -0.00189781 0.02775897 -0.04517031
v -0.00390721 -0.01129657 -0.05420395
v 0.02614194 0.05170596 0.00033452
v 0.00055174 -0.01557466 -0.05131088
v -0.04729270 0.02883820 0.03648387
v 0.04383030 0.03339615 0.05767673
v 0.06805112 -0.03561846 -0.00315019
v 0.00378358 -0.01669972 -0.04964050
v -0.03487087 0.03335016 -0.04528868
v -0.04770607 -0.00315301 0.04624423
v 0.06775399 -0.02285724 -0.01757952
v 0.04096405 0.05139598 0.00399074
v 0.07206605 -0.01543134 -0.02077860
v 0.00523234 0.03028890 -0.04075057
v -0.03575241 0.02405734 -0.04248573
v -0.04306762 0.00753877 0.04634026
v -0.04877946 0.00429852 0.00238176
v 0.04148127 0.05240782 0.02186134
v 0.01555612 0.05160426 -0.00348786
v -0.04835060 0.02386601 0.04071822
v 0.02359894 0.05251373 0.01629981
v 0.06345407 -0.02634848 -0.01668955
v 0.01269395 0.05269728 0.00963877
v 0.03021848 0.05186114 0.02188580
v 0.01961586 0.05276075 0.00877151
v 0.01900247 -0.01853772 -0.04227145
v 0.02138877 -0.01258802 -0.04343716
v 0.02759773 0.04868137 0.03251276
v -0.04521517 0.02351045 0.03993138
v 0.07075870 -0.03854281 0.00464288
v 0.03278069 -0.01188936 -0.03880163
v 0.02087419 0.04904972 0.02952658
v 0.07980994 -0.02071114 0.01007876
v -0.05524655 0.05188465 0.01015428
v -0.05488083 0.02288031 0.04369439
v -0.04089134 0.04743720 -0.04103669
v 0.05974502 -0.02766616 -0.01727022
v 0.07193367 -0.02377925 -0.01549320
v 0.01391178 0.05180865 0.01735923
v 0.06722329 -0.04145202 0.01326642
v 0.07644388 -0.02022400 -0.01687943
v -0.05617428 0.04771495 0.00877129
v 0.00288748 0.05029315 0.02075432
v 0.06355506 -0.03389273 -0.00801564
v 0.01299471 0.04195362 0.04015139
v -0.04894122 0.01053514 0.04639403
v 0.01339125 0.04988505 0.02478882
v 0.08138729 -0.00525971 -0.01351594
v 0.06057541 0.04011353 0.04374039
v -0.02955880 0.00217200 0.05013819
v 0.02074151 0.04358005 0.04016937
v 0.07083318 -0.02849540 -0.01127386
v 0.01462930 0.04706871 0.03217978
v 0.00798973 0.04726361 0.02979938
v -0.01254636 0.00587867 0.05377942
v -0.05330599 0.05096379 0.01474654
v -0.01406686 0.01380023 0.05195429
v 0.06377403 0.03040510 0.04656636
v -0.00124348 0.01346338 0.05519496
v 0.01595585 0.03706315 0.04642300
v 0.02249824 0.03612819 0.04910521
v 0.00613203 0.03926640 0.04144835
v -0.05463495 0.03957019 0.01583606
v 0.03363143 0.00214114 0.06442098
v 0.02949712 0.03645721 0.05073965
v 0.03091780 0.01708557 0.06215386
v 0.04785099 -0.00569338 0.06701718
v 0.02596062 0.02917719 0.05552763
v 0.01168881 0.03429021 0.04783526
v -0.03278557 0.01514275 -0.06432688
v 0.00320949 0.03417356 0.04564867
v 0.03420332 0.03139418 0.05636708
v 0.00636770 0.02649287 0.05199270
v -0.03430688 0.02804964 -0.05927095
v 0.07672363 -0.02983686 -0.00122903
v 0.03993175 0.02305493 0.06241562
v -0.01484235 0.00048746 -0.06239296
v 0.05940605 -0.04021991 0.00289261
v -0.02634592 0.02777456 -0.05949433
v -0.02623934 0.03399838 -0.05512267
v 0.06534112 -0.04035530 0.00751212
v -0.02163008 0.03645237 -0.04986459
v 0.07990684 -0.00162232 0.01868120
v 0.08204236 -0.01165483 0.00334625
v -0.00114293 0.00748156 -0.05328694
v 0.00923557 0.02331833 -0.04386638
v 0.05606049 -0.04310689 0.01603311
v 0.04636684 -0.04404829 0.02178973
v -0.03964053 0.04470340 -0.04444345
v 0.06506316 -0.04254935 0.01951306
v 0.04567238 0.02717671 0.06259653
v 0.02456020 0.03144467 -0.03300027
v 0.05448349 0.02705503 0.05973430
v 0.04164987 0.01056834 0.06621551
v 0.03676688 0.02940464 -0.03013277
v 0.04995952 0.02087720 0.06459424
v 0.07495868 0.00306141 -0.02490891
v -0.03840366 0.04146959 -0.04265199
v -0.02250157 0.01896056 -0.06297390
v -0.02836948 0.01715019 -0.06507483
v 0.07340916 0.01456754 -0.02430366
v -0.02716766 0.04617126 -0.04220830
v 0.07623883 0.00841929 -0.02413177
v -0.03257006 0.03367873 -0.05664825
v 0.06955803 0.01810134 -0.02414154
v -0.02316516 0.04266427 -0.03670689
v -0.03467425 0.04904055 -0.03928430
v -0.02964212 0.05105577 -0.03486366
v 0.01290320 0.00480932 -0.04829128
v 0.01733733 0.01432082 -0.04462146
vn -0.58142296 -0.34245612 -0.73801840
vn -0.02549214 -0.95170841 0.30594322
vn 0.31088823 -0.03586646 0.94976950
vn -0.97457044 -0.13146523 -0.18146447
vn 0.38089607 -0.45747668 -0.80351308
vn 0.36762420 -0.41420899 -0.83263639
vn -0.95031618 -0.05545837 -0.30630626
vn 0.37703880 -0.31775365 -0.86998526
vn 0.08848680 -0.97074572 0.22321029
vn 0.05843768 -0.96569050 0.25303537
vn 0.71307279 -0.40968587 -0.56893294
vn 0.35767187 -0.46393983 -0.81045090
vn 0.38464839 -0.37644383 -0.84281413
vn -0.81094309 -0.04581802 -0.58332839
vn 0.03725868 -0.92481760 0.37858182
vn -0.20476369 -0.18393820 0.96137327
vn 0.09412727 -0.97612813 0.19573947
vn 0.03114907 -0.91099500 0.41123939
vn 0.38020632 -0.47998971 -0.79060295
vn -0.62748169 -0.47056038 -0.62035446
vn -0.13269407 -0.59210544 0.79486064
vn -0.21486329 -0.12792513 0.96822979
vn -0.16665472 -0.40662357 0.89826693
vn -0.20809617 -0.24826869 0.94607539
vn 0.01840692 -0.91049798 0.41310363
vn -0.94268320 -0.07315998 -0.32557027
vn 0.38433962 -0.19975075 -0.90132275
vn -0.79525526 -0.60606859 -0.01580939
vn -0.88791198 -0.42041227 -0.18672396
vn 0.37581441 -0.41610898 -0.82801984
vn 0.85297256 -0.52161493 0.01885920
vn 0.35518664 -0.58315138 -0.73060038
vn -0.94226357 0.07703983 -0.32588991
vn -0.90102795 0.11642156 -0.41784524
vn 0.85678200 -0.33249036 -0.39417605
vn -0.95129208 -0.05918104 -0.30255741
vn -0.95233114 -0.05488895 -0.30008766
vn 0.03421047 -0.93840758 0.34383260
vn 0.36624009 -0.51485880 -0.77510555
vn -0.95342977 -0.05530154 -0.29650195
vn -0.02154956 -0.85286212 0.52169131
vn -0.88098560 -0.30383098 -0.36269975
vn 0.34215956 -0.63448917 -0.69307310
vn -0.83103965 -0.27160783 -0.48538880
vn 0.32098198 -0.38312364 -0.86613327
vn 0.72769492 -0.58627149 -0.35601383
vn -0.98081315 -0.18800806 0.05156090
vn 0.17189545 0.86317415 -0.47474450
vn -0.17748155 -0.90828954 0.37882769
vn -0.97533571 -0.10534881 -0.19396360
vn -0.39335300 -0.39294251 -0.83118566
vn -0.96704631 0.21658375 -0.13383914
vn -0.93050012 0.18969839 -0.31334333
vn 0.32937113 -0.71487264 -0.61682394
vn 0.32882095 -0.70851766 -0.62440332
vn 0.30705075 -0.76659028 -0.56396736
vn 0.51451841 -0.54427160 -0.66260035
vn 0.40541687 -0.47494318 -0.78106731
vn 0.77558712 -0.46021452 -0.43205001
vn -0.96020728 0.25627656 -0.11101484
vn 0.32196251 -0.84264677 0.43160927
vn 0.30917637 -0.76775028 -0.56122142
vn 0.33270169 -0.66058964 -0.67300142
vn -0.87392988 -0.39851036 -0.27827333
vn 0.57634699 -0.68658381 -0.44320064
vn 0.28378769 -0.86207385 -0.41987286
vn -0.95712030 -0.10554059 -0.26978123
vn -0.98709762 0.11760578 -0.10866078
vn -0.95150974 -0.05986457 -0.30173738
vn 0.51325418 -0.84253444 0.16341929
vn -0.95777470 -0.10271628 -0.26854608
vn 0.64894850 0.74527353 -0.15307908
vn 0.81850888 -0.55135204 -0.16141293
vn 0.35399043 -0.58834370 -0.72700926
vn 0.29514001 -0.83848534 -0.45807718
vn -0.95355443 -0.05397561 -0.29634538
vn 0.27705943 -0.88034202 -0.38501429
vn 0.22894442 -0.92438295 -0.30512392
vn -0.98721093 0.00558069 -0.15932180
vn -0.03631222 -0.82964545 0.55710847
vn -0.95130282 -0.05378065 -0.30353020
vn 0.32469969 -0.71808260 -0.61557086
vn 0.51914062 -0.65723925 -0.54637861
vn 0.34149660 -0.67742412 -0.65151871
vn 0.77083139 -0.58914175 -0.24234471
vn -0.95200698 0.27248038 -0.13941717
vn -0.65923469 -0.50762195 -0.55473379
vn 0.37333833 0.15345809 -0.91491481
vn -0.95289459 -0.06100617 -0.29710291
vn 0.21141523 -0.96018922 -0.18259314
vn 0.31028539 -0.78303887 -0.53904834
vn -0.95267850 -0.05652778 -0.29867755
vn 0.31258841 -0.77046656 -0.55558057
vn -0.95388249 -0.06694148 -0.29262098
vn -0.95194196 -0.06324240 -0.29967800
vn 0.57379249 -0.64152161 0.50912886
vn 0.21847089 -0.64867821 0.72903158
vn 0.77479606 0.63194541 0.01833197
vn 0.36457098 -0.85542622 -0.36787767
vn -0.95664130 -0.28083502 -0.07726007
vn -0.39491807 -0.75115808 0.52896243
vn 0.16465055 -0.98599752 0.02644007
vn -0.95137171 -0.06911405 -0.30019180
vn -0.84750188 -0.46879225 0.24894657
vn -0.78571450 -0.39824686 -0.47334149
vn 0.10461172 -0.98045654 0.16661743
vn 0.19387957 0.87964192 0.43432800
vn 0.64439656 0.18600883 -0.74172352
vn 0.40204649 0.86481545 0.30075381
vn -0.08853741 0.94861924 0.30378062
vn -0.02846803 0.93339539 0.35771864
vn -0.03328406 0.96943236 0.24309066
vn 0.23417209 -0.93999077 -0.24815476
vn 0.95691065 0.24761863 0.15168063
vn -0.95620521 -0.06877769 -0.28450173
vn 0.04507648 -0.94876212 0.31275958
vn 0.04723614 0.81238020 0.58121180
vn -0.98998623 0.09223265 -0.10686625
vn -0.12073402 0.90211889 0.41425211
vn 0.07238470 -0.95967562 0.27163054
vn 0.21302109 -0.96456168 -0.15570092
vn 0.98274349 0.09872723 0.15642305
vn -0.14367412 0.86769076 0.47588916
vn 0.00056435 -0.92813347 0.37224716
vn -0.12202608 0.89844518 0.42178892
vn 0.09495988 -0.90129073 0.42267911
vn -0.69964899 -0.53659074 -0.47176441
vn 0.09891391 -0.95249340 0.28804923
vn 0.00169479 -0.88788855 0.46005549
vn -0.97315243 -0.22046383 0.06610629
vn 0.17271529 -0.98395633 -0.04471434
vn 0.80918694 0.55205517 -0.20112582
vn -0.04323185 -0.86653668 0.49723755
vn -0.17251531 0.75993111 0.62669225
vn -0.98722509 -0.14979104 0.05430715
vn -0.08077028 0.48876895 -0.86866626
vn 0.36456011 0.84337679 0.39472967
vn -0.22021474 0.51982347 0.82540235
vn 0.15131732 -0.98704892 -0.05326817
vn 0.11739397 -0.99126219 0.06014927
vn 0.91418184 0.19164781 0.35713117
vn 0.80382379 0.47482555 0.35834063
vn 0.63459671 -0.67023566 0.38480018
vn -0.21908597 0.43515787 0.87329203
vn 0.05651319 -0.90198012 -0.42806322
vn -0.11395443 -0.69050384 0.71429604
vn -0.18918074 0.67253399 0.71547794
vn 0.88913298 0.32474008 0.32246925
vn -0.98319393 0.02045050 -0.18141518
vn -0.89340717 0.00452544 -0.44922505
vn -0.35375149 0.74781113 0.56181705
vn -0.20081160 0.39884143 0.89476266
vn -0.21240281 0.50947451 0.83385896
vn -0.26673635 0.37040000 0.88975028
vn -0.21089928 0.51737985 0.82936095
vn -0.22589886 0.28828492 0.93051679
vn 0.25416063 0.82030634 0.51234743
vn -0.22309533 0.37326543 0.90050063
vn -0.99483707 -0.09535650 0.03473250
vn -0.99480085 -0.01699767 0.10041085
vn -0.22634248 0.23564804 0.94511326
vn -0.42070952 -0.30517480 0.85432537
vn -0.22410091 0.40722317 0.88540842
vn -0.04359235 0.69021906 0.72228620
vn -0.98733043 0.06178069 -0.14615663
vn -0.19494722 0.59257217 0.78157137
vn -0.06722759 -0.51037869 0.85731793
vn -0.20430735 0.60938587 0.76609879
vn -0.27109817 0.10142063 0.95719362
vn -0.78623312 -0.40916533 -0.46305639
vn 0.08350645 0.21028628 0.97406691
vn 0.49402346 -0.06376577 0.86710711
vn 0.03285413 -0.29735547 0.95420141
vn 0.30512017 -0.03634216 0.95162016
vn -0.27462496 0.61406649 0.73993478
vn 0.15363875 0.20729088 -0.96613955
vn 0.55510573 0.08904432 0.82699984
vn -0.16893208 0.78032463 0.60212575
vn 0.87884395 -0.00981982 -0.47700827
vn -0.91717470 0.36728376 0.15457426
vn 0.69839529 0.28835081 -0.65505559
vn -0.32066187 0.80658330 0.49658770
vn 0.33523716 0.30499332 -0.89140065
vn -0.84958779 -0.48257644 -0.21288628
vn -0.15393697 0.84850950 0.50629540
vn 0.16106919 -0.14592382 0.97609577
vn 0.22508292 0.77724359 0.58756283
vn 0.30669113 0.48563607 -0.81859523
vn 0.43967360 0.50857693 -0.74029496
vn 0.54290743 0.23186824 -0.80714846
vn -0.94427946 0.18138876 -0.27465327
vn 0.37574341 0.23793605 0.89565804
vn -0.90909707 -0.07809844 -0.40919817
vn 0.18932697 -0.97499869 -0.11633078
vn -0.95090665 -0.06081288 -0.30344412
vn 0.00839009 -0.93801519 -0.34649259
vn -0.85015326 -0.14125243 -0.50723484
vn 0.53505256 0.36661431 -0.76112595
vn 0.76000122 0.07149234 0.64597754
vn 0.20393019 -0.97137355 -0.12184376
vn 0.39400401 0.59437732 -0.70105381
vn -0.21681586 0.39604005 0.89226855
vn -0.14259666 -0.49403179 0.85767056
vn 0.70864706 0.50440630 -0.49334940
vn 0.13613811 -0.66919241 -0.73051210
vn -0.18792394 -0.28812242 0.93897288
vn 0.33784111 0.40179000 -0.85113346
vn -0.07376921 0.74558999 -0.66230935
vn 0.86894588 0.23457954 -0.43578147
vn 0.59582705 0.55738250 -0.57819968
vn 0.81852942 0.41973370 -0.39221577
vn 0.13719649 -0.98827225 0.06704537
vn 0.14766557 -0.98753823 0.05443458
vn -0.22726704 -0.31732350 0.92068208
vn 0.06264685 -0.96897586 -0.23908398
vn 0.12319530 -0.98545939 0.11701581
vn 0.43435399 0.30275853 0.84833595
vn 0.23530002 0.71463934 -0.65872947
vn 0.55521790 0.74172112 -0.37627499
vn -0.95001444 -0.06681058 -0.30497364
vn 0.11988375 -0.78450267 -0.60842702
vn 0.81485493 -0.54709420 0.19157082
vn 0.87417721 -0.24826928 0.41734466
vn -0.16491228 -0.34001085 0.92584910
vn 0.10032664 0.76029206 -0.64178700
vn 0.38322920 -0.14362524 -0.91241831
vn 0.44290624 0.71887674 -0.53577075
vn 0.37451887 0.05241057 -0.92573687
vn 0.29267024 -0.82667519 -0.48057493
vn 0.03134704 -0.92140350 0.38734087
vn 0.74193629 -0.28371208 -0.60748498
vn 0.18685623 0.65919685 -0.72838470
vn 0.02911335 -0.91666036 0.39860531
vn 0.38450552 -0.79729097 -0.46527692
vn 0.33877247 0.17853287 -0.92377444
vn 0.63225294 -0.71982782 0.28653818
vn 0.65404036 -0.66318211 0.36389654
vn -0.01849182 -0.84402429 0.53598606
vn -0.22483430 0.24728213 0.94249726
vn 0.85669940 -0.48979211 -0.16177089
vn 0.25016437 0.65210369 -0.71566652
vn 0.29902817 0.48057183 -0.82439849
vn 0.78318298 -0.60193159 -0.15589348
vn 0.30579248 0.44508143 -0.84166114
vn 0.05665963 -0.98610872 0.15613862
vn 0.24563707 -0.90702686 -0.34200102
vn -0.04029929 -0.82592732 0.56233445
vn 0.26286805 -0.89708571 -0.35515857
vn 0.41444205 -0.88228714 0.22317524
vn 0.15170619 0.87708867 -0.45574193
vn 0.52688556 -0.81219482 -0.25046195
vn 0.33855160 0.12485152 -0.93262796
vn 0.74399493 -0.65950910 -0.10732794
vn -0.94615674 -0.05929348 -0.31823216
vn 0.20450440 -0.95840929 -0.19907181
vn 0.39833704 -0.89651947 -0.19385676
vn -0.15435982 -0.46185980 0.87341775
vn 0.66836258 -0.60768453 0.42896499
vn 0.33363380 0.27550202 -0.90154707
vn 0.31212312 0.39501687 -0.86402594
vn 0.10287407 -0.89735763 0.42914591
vn 0.33836533 0.22242915 -0.91434904
vn 0.25466945 0.63359560 -0.73054780
vn 0.10014080 0.91704619 -0.38600272
vn 0.21772098 -0.96703384 0.13207245
vn 0.23463638 0.72261611 -0.65020899
vn 0.73862020 -0.67384793 0.01921359
vn 0.31837102 0.37680896 -0.86985913
vn 0.08283972 -0.95536701 0.28356915
vn 0.23875382 0.69212479 -0.68114601
vn 0.09176676 -0.97491085 0.20279966
vn -0.08009835 -0.71666221 0.69280555
vn 0.47907728 -0.86237854 -0.16367107
vn 0.17600685 0.82728414 -0.53350027
vn -0.04647876 -0.80257519 0.59473758
vn 0.17425949 0.83270181 -0.52558666
vn 0.51712035 -0.85331893 -0.06658346
vn 0.13566163 0.84074482 -0.52416034
vn -0.05919087 -0.84489381 0.53164921
vn 0.81960980 -0.44750637 0.35773989
vn 0.39841111 -0.75902218 0.51493098
vn 0.69594132 -0.71666127 -0.04541256
vn 0.57275013 -0.67073152 0.47124995
vn 0.16803270 0.85068216 -0.49810127
vn 0.09019425 0.92198787 -0.37656788
vn 0.02518089 -0.90505615 0.42454598
vn 0.95846759 -0.06894841 0.27674175
vn 0.14374120 0.90624505 -0.39756557
vn 0.35277147 0.16156112 -0.92165628
vn 0.02769187 -0.91683792 0.39829812
vn 0.80371390 -0.35956536 -0.47408513
vn 0.12050990 0.93455108 -0.33480091
vn 0.22759661 0.72083673 -0.65467106
vn -0.90048016 -0.04651141 -0.43240278
vn 0.35883903 0.82235511 -0.44155024
vn 0.22028489 0.90599588 -0.36144989
vn -0.01938687 -0.84067200 0.54119750
vn 0.01645668 0.99572547 -0.09088437
vn 0.05726225 0.96410421 -0.25927612
vn 0.04108215 0.91667006 -0.39752769
vn 0.31618014 0.34443227 -0.88396636
vn 0.04666097 0.99446054 -0.09418594
vn -0.93401202 0.05518898 -0.35295287
vn -0.20357485 -0.48371482 0.85122103
vn -0.03868369 -0.72334354 0.68940387
vn 0.44754725 -0.60516645 0.65838820
vn -0.95733797 -0.25482585 -0.13626372
vn 0.36108301 -0.37260847 -0.85485788
vn -0.25319843 -0.12370208 0.95947296
vn -0.62550571 -0.61583445 -0.47905171
vn 0.25432971 0.57872891 -0.77484789
vn 0.29816809 0.94773821 -0.11352565
vn 0.64304722 -0.66293620 0.38341344
vn 0.63019213 0.75765141 -0.16977109
vn 0.36286736 -0.50017857 -0.78622432
vn -0.94962564 -0.31130734 -0.03604009
vn 0.35908265 -0.51876921 -0.77584674
vn -0.04239427 0.02151632 0.99886925
vn -0.95419070 -0.06654280 -0.29170561
vn 0.62650814 -0.36129612 0.69061760
vn -0.04670092 -0.80605816 0.58999090
vn 0.36944984 -0.51346507 -0.77450658
vn -0.03574525 0.99253722 0.11658535
vn 0.47264048 0.87776781 -0.07832398
vn -0.75417435 -0.50544656 -0.41921931
vn -0.37632598 -0.82958430 0.41251502
vn 0.34694971 -0.63876758 -0.68673275
vn -0.08559034 -0.69921842 0.70976608
vn -0.03658328 -0.78015577 0.62451472
vn 0.35914444 -0.54484423 -0.75773349
vn -0.01372801 0.99873669 0.04833800
vn 0.01099345 -0.39834787 0.91716853
vn 0.13328307 0.90272193 -0.40905836
vn 0.02792068 -0.95294602 0.30185148
vn -0.93308822 0.04896197 -0.35629918
vn -0.08674550 0.95610540 0.27988869
vn 0.35303575 -0.57452691 -0.73843388
vn 0.16177055 0.84360407 -0.51201803
vn 0.34223004 -0.64884010 -0.67962131
vn -0.07312329 0.95824589 0.27643771
vn -0.97080682 -0.23646120 0.04025184
vn -0.20585001 0.64467430 0.73622064
vn 0.43252982 0.02997640 -0.90112118
vn 0.18737796 -0.81860039 0.54293913
vn 0.32012635 0.36621210 -0.87373212
vn 0.22786624 -0.91727049 0.32663714
vn -0.23154752 0.85268350 -0.46831250
vn -0.86053911 -0.20254055 -0.46738611
vn -0.46030275 -0.53664992 0.70719746
vn 0.76211005 0.05803638 -0.64484110
vn -0.88777503 0.18802594 -0.42012110
vn -0.99903534 0.04044017 -0.01711660
vn 0.15966942 -0.48793439 0.85815249
vn 0.34242570 -0.64007278 -0.68778737
vn 0.48067753 0.41587587 0.77200801
vn 0.67990098 -0.07365797 -0.72959520
vn 0.13090006 0.90339512 -0.40834108
vn -0.96807218 -0.24152210 -0.06710691
vn -0.85769194 0.38772761 -0.33768600
vn 0.80898336 0.58540518 0.05335437
vn 0.92084061 -0.01645852 0.38959170
vn 0.03517123 0.99350591 -0.10820807
vn 0.11864400 0.98136094 -0.15117641
vn 0.32332347 -0.73400259 -0.59724546
vn -0.11086700 -0.61988905 0.77681791
vn -0.23782489 0.44735037 0.86215832
vn -0.99519291 0.04353539 -0.08772533
vn -0.21562694 0.52645665 0.82240405
vn -0.73610473 -0.59440030 -0.32378714
vn -0.10058527 -0.69890663 0.70810460
vn -0.84975390 0.38891184 0.35590151
vn -0.87945637 -0.13014201 -0.45784228
vn 0.58751717 0.80823744 0.03969649
vn 0.33025328 0.10230525 -0.93833172
vn 0.35972935 -0.59543981 0.71836358
vn 0.29222324 -0.82228288 -0.48832003
vn -0.12707333 0.88345970 0.45094494
vn -0.23379921 0.19300654 0.95293568
vn 0.20947482 -0.51405954 0.83178308
vn -0.93772767 -0.29458524 -0.18408246
vn -0.03513981 0.99620081 -0.07968146
vn 0.09994935 0.99499196 0.00105666
vn -0.14989977 -0.48292200 0.86273774
vn -0.15757460 0.80829715 0.56729707
vn 0.00610973 -0.93684843 0.34968227
vn -0.17044505 0.77678938 0.60625633
vn 0.63581187 -0.04284201 -0.77065415
vn 0.58995066 0.79922778 0.11486155
vn 0.24715624 -0.92514699 -0.28812641
vn 0.25384851 -0.86672190 -0.42936474
vn -0.14867196 0.83178548 0.53481732
vn 0.72570329 0.02458132 -0.68756854
vn 0.15411409 -0.27249307 0.94973490
vn 0.20265963 -0.96006630 -0.19287762
vn 0.39909869 -0.00351646 -0.91690123
vn 0.82093631 0.13440095 0.55497745
vn 0.50041459 0.86527603 -0.02970895
vn 0.31946266 0.39296775 -0.86227603
vn 0.35893606 -0.63533698 0.68374837
vn -0.20878788 -0.97208339 -0.10705844
vn -0.05160726 0.96851340 -0.24355388
vn -0.23455247 0.15803818 0.95917103
vn -0.18959564 0.66599107 0.72146336
vn -0.01184441 -0.17326197 0.98480455
vn -0.95281021 -0.06113156 -0.29734766
vn -0.17262674 0.76336423 0.62247495
vn -0.07625522 -0.69981609 0.71024122
vn -0.20650846 -0.67213397 0.71104865
vn -0.20021202 0.66348589 0.72090334
vn -0.18124987 -0.32361952 0.92866511
vn 0.25055376 -0.55401107 0.79391092
vn 0.38073102 -0.17562800 -0.90785390
vn -0.10273323 -0.61423117 0.78241035
vn -0.17993638 -0.37294089 0.91024062
vn -0.20117300 -0.17628152 0.96356331
vn 0.38529578 -0.26461362 -0.88404004
vn -0.17783249 -0.36395426 0.91428273
vn -0.95330725 -0.06085720 -0.29580684
vn 0.89390437 0.42488240 0.14286330
vn -0.20648089 -0.13328756 0.96932970
vn -0.20513415 0.55979364 0.80283938
vn 0.05579049 -0.55670490 0.82883477
vn 0.18245709 0.74946739 -0.63640242
vn -0.21463459 0.54542502 0.81021204
vn -0.22080097 0.53533445 0.81526926
vn -0.61304461 -0.11104309 -0.78220569
vn 0.06731080 -0.28161043 -0.95716499
vn 0.30099680 -0.12868906 0.94490214
vn -0.28522780 -0.43629881 -0.85339818
vn -0.94666572 -0.20671557 -0.24716934
vn -0.22007761 0.44076055 0.87022755
vn 0.36824872 -0.13588472 -0.91974356
vn 0.28039184 -0.95969136 0.01931071
vn 0.27759578 -0.70862186 0.64868763
vn -0.86763195 0.47488476 -0.14730668
vn -0.32914123 -0.42472007 0.84337353
vn -0.22268961 0.22673350 0.94815677
vn -0.14360076 -0.49786287 0.85528439
vn -0.18514607 -0.33210977 0.92489136
vn -0.10420516 0.98898687 0.10510121
vn -0.91033466 -0.02120146 -0.41332954
vn -0.89856443 0.00433099 -0.43882025
vn 0.22650861 -0.13893375 -0.96404941
vn 0.13174505 -0.59705697 0.79130665
vn 0.19392165 0.95243732 0.23506924
vn 0.39086033 -0.26553623 -0.88131646
vn 0.34958187 -0.15859833 -0.92338458
vn 0.19393319 0.80703172 -0.55775418
vn -0.87698764 -0.02018422 -0.48008882
vn 0.81771971 -0.26524096 0.51086369
vn 0.81834758 -0.31323390 -0.48186281
vn 0.92206529 -0.23449320 0.30790994
vn 0.90542305 -0.14679910 0.39832038
vn -0.54133908 -0.07021103 0.83786777
vn 0.77340766 -0.14624899 -0.61680777
vn -0.18781981 -0.12823855 0.97379597
vn 0.60246868 -0.29174241 -0.74291174
vn 0.10608848 -0.87414426 0.47393781
vn -0.20661779 -0.10107328 0.97318718
vn -0.97044161 0.10892308 0.21535749
vn 0.37179163 -0.30642269 -0.87628541
vn 0.36702585 -0.33902193 -0.86623100
vn -0.84956522 -0.43848601 -0.29320463
vn -0.04448652 -0.99779431 0.04926928
vn 0.36311429 -0.44079713 -0.82088117
vn 0.71930569 -0.40368351 0.56536621
vn 0.23122196 0.71291312 -0.66203572
vn 0.38500185 -0.20775221 -0.89922889
vn 0.37902465 -0.22723229 -0.89705396
vn -0.09183967 -0.67511652 0.73197210
vn 0.37260998 0.74259474 -0.55652031
vn 0.37657907 -0.41126713 -0.83008888
vn 0.24892112 0.66575806 -0.70342340
vn 0.36302161 -0.42265139 -0.83041021
vn -0.09278814 0.95384668 0.28559915
vn 0.37393611 -0.21495017 -0.90220187
vn -0.88577223 -0.38704945 -0.25612552
vn 0.53405969 0.45156785 -0.71474941
vn 0.32898314 -0.50424742 -0.79843887
vn 0.71406542 0.38639173 -0.58379106
vn 0.67328831 0.66789038 0.31718337
vn 0.25780410 0.63371711 -0.72934195
vn -0.99410336 -0.10656799 0.02004441
vn 0.38971267 -0.35047897 -0.85163873
vn 0.36589279 -0.46224185 -0.80774683
vn -0.97308094 -0.02334389 0.22927830
vn 0.36188835 -0.55480700 -0.74915020
vn -0.64885429 -0.75827364 0.06331814
vn 0.34704597 -0.65482916 -0.67138504
vn -0.20786570 -0.22245705 0.95252544
vn -0.83489942 0.37984701 -0.39832048
vn 0.26437204 0.60991045 -0.74707206
vn 0.36035180 -0.52088443 -0.77383848
vn 0.37701339 -0.59103984 -0.71311486
vn 0.82212634 0.34829074 -0.45033526
vn 0.35291254 -0.31548153 -0.88086557
vn 0.31243025 -0.46485720 -0.82842931
vn 0.02227940 0.94625843 0.32264317
vn -0.07059574 -0.97748075 0.19886587
vn 0.33775422 -0.59658234 -0.72801896
vn 0.47464206 -0.30490498 0.82568025
vn 0.33198704 -0.74016538 -0.58475619
vn 0.33581045 -0.67541923 -0.65653652
vn -0.96608581 0.07371874 0.24747474
vn -0.93389004 0.03462418 -0.35587997
vn 0.00693402 0.05610458 -0.99840082
vn 0.28521997 -0.85214466 -0.43874714
vn 0.30993747 0.05288422 -0.94928501
vn 0.27119197 -0.90480049 -0.32831538
vn -0.74490258 -0.02902630 -0.66654153
vn -0.94986154 -0.15861458 -0.26945216
vn 0.19416862 0.78668254 -0.58602827
vn 0.83454667 -0.08695469 0.54403192
vn -0.74302009 0.04965069 -0.66742487
vn -0.13497912 0.94444879 0.29966168
vn -0.15222453 0.87635045 0.45698750
vn 0.88254589 0.11429148 0.45612522
vn 0.16014049 -0.98680288 -0.02398115
vn 0.12041270 0.92955285 -0.34847136
vn -0.15263254 -0.53393943 0.83163212
vn -0.95272228 -0.05793776 -0.29826745
vn -0.12057936 -0.76627647 0.63109507
vn 0.42301580 0.79442478 -0.43582898
vn -0.34727134 0.10271190 0.93212278
vn 0.23156491 0.72822799 -0.64502844
vn -0.95959940 -0.02420381 -0.28032688
vn -0.94989287 -0.11050653 -0.29238987
vn -0.75821376 -0.64112527 -0.11861823
vn 0.35323728 -0.54214289 -0.76243328
vn 0.07843282 0.96887111 -0.23481284
vn -0.64666499 0.29180543 -0.70475100
vn 0.06240181 0.96550059 -0.25281342
vn 0.35927748 0.00078595 -0.93323045
vn -0.01922687 0.91154614 0.41074805
vn 0.38175674 -0.10704394 -0.91804324
vn -0.31408113 -0.12728422 -0.94082505
vn 0.12236864 0.90412023 -0.40938066
vn -0.95338708 -0.05516869 -0.29666395
vn -0.22177943 0.09330296 0.97062271
vn -0.95390668 -0.11238960 -0.27826357
vn -0.95669454 -0.06191160 -0.28443366
vn 0.40029332 0.91392710 -0.06710077
vn 0.17227678 0.14916262 0.97368949
vn 0.37384079 -0.04693969 -0.92630434
vn 0.74233718 -0.09956683 0.66258732
vn 0.35948483 -0.04027344 -0.93228145
vn -0.97735346 -0.02347009 -0.21030782
vn -0.20691109 0.08898891 0.97430425
vn -0.21178713 -0.04159735 0.97643017
vn -0.81980847 -0.56382282 -0.10008948
vn 0.29961708 -0.77915224 -0.55059186
vn 0.19629447 0.76687893 -0.61103616
vn -0.95401027 -0.05127257 -0.29535660
vn 0.37719940 0.17449802 -0.90954442
vn 0.36609110 -0.08536603 -0.92665525
vn -0.21059286 0.00264485 0.97757028
vn -0.23475805 -0.04527376 0.97099894
vn 0.26755701 0.56432791 -0.78099120
vn -0.19729369 -0.12117834 0.97282630
vn 0.31784341 0.41913449 -0.85047154
vn 0.92609927 -0.27095097 -0.26253709
vn 0.26841511 -0.89595483 -0.35386195
vn 0.01866322 0.99876885 -0.04596164
vn -0.95613499 -0.04713867 -0.28910869
vn 0.80411896 -0.40366130 -0.43640606
vn 0.01183703 0.99940455 -0.03241026
vn -0.84998835 -0.05760098 -0.52364294
vn 0.16837052 0.97868754 -0.11756729
vn 0.27761514 -0.86995917 -0.40755476
vn 0.26234412 -0.89232851 -0.36732191
vn 0.29438376 0.50213130 -0.81314350
vn 0.28248653 0.95044712 0.12981387
vn 0.47984458 0.86006420 0.17331689
vn -0.23909369 -0.00618596 0.97097680
vn 0.15259048 0.88134770 -0.44714916
vn -0.21979967 0.01042710 0.97548930
vn -0.95663540 -0.03798866 -0.28880024
vn 0.23686920 -0.94626772 -0.22015991
vn 0.31468381 0.37823755 -0.87058053
vn -0.22990255 0.10627366 0.96739378
vn 0.25985614 0.43595442 -0.86163712
vn 0.37829773 -0.10739128 -0.91943349
vn -0.95707770 -0.04863039 -0.28572254
vn -0.88478392 -0.35387383 -0.30320079
vn -0.22233665 0.01598907 0.97483884
vn 0.65327805 0.75401953 0.06842754
vn -0.65697442 0.72684843 -0.20018983
vn -0.08448025 -0.67599600 0.73204679
vn 0.19767656 -0.97051205 -0.13795048
vn 0.10095822 0.95854296 -0.26646357
vn -0.99980380 -0.01228447 0.01553878
vn 0.38546887 -0.06680700 -0.92029918
vn 0.36375592 0.01138967 -0.93142467
vn -0.94817595 -0.04908274 -0.31393192
vn -0.98549283 0.03339567 -0.16639894
vn -0.14435485 -0.54478502 0.82605748
vn -0.99274450 -0.11793957 0.02342237
vn 0.14661726 -0.98819200 0.04449668
vn 0.06595249 0.97407808 -0.21638430
vn 0.17462082 -0.98428006 -0.02646398
vn 0.36385317 0.15431029 -0.91858544
vn -0.88291046 -0.27354426 -0.38163158
vn -0.95431811 -0.03520361 -0.29671141
vn 0.36014112 0.88263144 0.30209289
vn -0.94979440 -0.05288371 -0.30837302
vn 0.15701347 0.79870866 0.58087112
vn -0.12928751 -0.53685423 0.83370995
vn 0.56351372 0.75539279 0.33441593
vn -0.71775793 0.66505874 -0.20620479
vn -0.09680490 0.37190991 -0.92320736
vn -0.92499954 0.01565653 -0.37964553
vn -0.04317925 0.98966636 0.13673348
vn -0.17273628 -0.35977708 0.91690928
vn -0.10713425 0.99353010 0.03768538
vn -0.83577431 -0.29334060 -0.46414717
vn 0.20870548 0.76851030 -0.60484208
vn -0.16982602 -0.39913698 0.90102652
vn -0.95034048 -0.05800136 -0.30575939
vn -0.93379855 0.15814573 -0.32095203
vn -0.82613147 -0.28111864 -0.48834323
vn -0.95082898 -0.05530522 -0.30473855
vn -0.95038803 -0.05149560 -0.30677484
vn -0.95260236 -0.05591181 -0.29903615
vn -0.58984337 0.78632275 -0.18379698
vn -0.98677908 -0.16205375 -0.00237115
vn 0.02334964 -0.54272954 0.83958290
vn 0.18818468 0.82785427 -0.52843526
vn -0.95381123 -0.05272977 -0.29574265
vn -0.95393935 -0.05788943 -0.29436121
vn -0.17285917 0.74827995 0.64046610
vn 0.47901035 0.73455531 0.48060127
vn -0.47319658 0.53221415 0.70202072
vn 0.34240119 -0.15147445 -0.92726313
vn -0.91412305 -0.18681021 -0.35983467
vn -0.17410521 0.84363550 0.50790405
vn -0.39111904 0.49220959 0.77766035
vn 0.16774991 -0.04455598 -0.98482218
vn 0.85252380 -0.12144928 -0.50838297
vn -0.95360500 0.08522544 0.28874578
vn -0.19400330 0.79674304 0.57233142
vn 0.68582092 -0.23361004 -0.68925759
vn 0.44517706 -0.67353374 -0.59005905
vn 0.79555175 -0.13820475 -0.58991259
vn -0.17711439 0.78640554 0.59177430
vn -0.97761377 -0.20661990 -0.03974331
vn -0.95262225 -0.05668122 -0.29882786
vn 0.94939533 -0.23623073 -0.20698681
vn 0.84446199 0.47672429 -0.24416777
vn 0.35330018 -0.21328595 -0.91087216
vn 0.13804375 0.90206101 -0.40893748
vn 0.19273485 0.73990367 0.64451209
vn 0.15800415 0.93937125 -0.30432934
vn -0.85331492 -0.21051304 -0.47700933
vn 0.85041885 -0.46508193 -0.24594018
vn 0.29831672 0.42099876 0.85660211
vn 0.10804562 0.91998847 -0.37675902
vn 0.30736387 0.61856559 0.72312106
vn -0.95245519 -0.05598491 -0.29949089
vn -0.28435660 0.27879218 0.91728744
vn 0.99927437 0.03072288 -0.02251311
vn 0.97457757 0.10392849 -0.19848784
vn 0.97799929 0.20856809 -0.00409189
vn -0.13168534 0.70473457 0.69714286
vn -0.78989925 0.61321954 -0.00457823
vn -0.23534758 0.70179566 0.67237963
vn -0.88555284 -0.38125292 -0.26540982
vn 0.40817089 0.49315236 0.76824298
vn 0.01849961 0.99548597 -0.09308836
vn 0.53025600 -0.74470396 -0.40527101
vn 0.78685179 0.60066296 -0.14166248
vn 0.10923952 0.93035009 -0.35002206
vn 0.28073187 0.62718635 0.72651697
vn 0.36992411 -0.18881185 -0.90967370
vn -0.22392901 0.96196242 0.15647398
vn 0.29270725 0.54120581 -0.78830117
vn 0.37752415 -0.18387682 -0.90755982
vn 0.07472684 0.97849588 -0.19225427
vn 0.36273315 -0.24952300 -0.89786577
vn 0.50194901 0.40075074 0.76645029
vn -0.18420874 0.59122511 0.78518788
vn 0.23702607 -0.85001175 -0.47042392
vn 0.37461531 -0.29673470 -0.87841442
vn -0.98034160 -0.19108588 -0.04915835
vn 0.41061594 0.05835312 0.90993927
vn 0.28678204 -0.53571443 -0.79420786
vn 0.01597756 0.96196734 -0.27269683
vn 0.32248156 -0.40960649 -0.85336286
vn 0.26426508 0.58424375 -0.76734817
vn -0.96203237 -0.06302722 -0.26555846
vn -0.03554996 0.13593611 0.99007958
vn -0.95200206 -0.05611159 -0.30090457
vn -0.04018861 0.99408340 0.10091122
vn 0.05569347 0.97593390 -0.21083465
vn 0.51206084 0.29285511 0.80748349
vn -0.02526916 0.99396776 0.10672187
vn 0.33062211 -0.64310479 -0.69072806
vn -0.00805674 0.99862712 0.05175867
vn -0.05505406 0.98365422 0.17144514
vn 0.02775350 0.99945305 -0.01798197
vn 0.36620643 -0.36539609 -0.85579119
vn 0.36430263 -0.26504345 -0.89276848
vn -0.11187680 0.91810349 0.38022304
vn -0.04200500 0.46769542 0.88289103
vn 0.48181517 -0.84734339 -0.22330097
vn 0.37131598 -0.25718411 -0.89217755
vn -0.09779264 0.93323186 0.34570926
vn 0.96745453 -0.23171381 0.10168795
vn -0.66227102 0.74068687 0.11304887
vn -0.15301811 0.39035021 0.90786132
vn -0.78269218 0.35778794 -0.50929436
vn 0.32433073 -0.66369659 -0.67402998
vn 0.25998567 -0.61368622 -0.74551772
vn -0.05791902 0.98296528 0.17442659
vn 0.41562047 -0.90652886 -0.07392602
vn 0.57353815 -0.47455472 -0.66772136
vn -0.90002029 -0.18703257 -0.39367792
vn -0.08169553 0.95586243 0.28222838
vn 0.27539904 -0.79461399 -0.54105820
vn -0.16825402 0.78541020 0.59566887
vn 0.13944048 0.30773635 0.94119854
vn -0.07985600 0.94907782 0.30475287
vn 0.96823673 -0.06997932 -0.24004278
vn 0.69782177 0.49226209 0.52031031
vn -0.25406203 0.02970609 0.96673162
vn -0.14599269 0.81940502 0.55431177
vn 0.23472395 -0.71887546 -0.65431089
vn -0.13094235 0.88531785 0.44616859
vn -0.11766471 0.89511335 0.43003152
vn -0.21105311 0.06998813 0.97496577
vn -0.27262305 0.86914618 0.41262768
vn -0.23588117 0.26553715 0.93479950
vn 0.78820575 0.30922817 0.53208048
vn -0.23299848 0.22362702 0.94641569
vn -0.19338103 0.69179806 0.69571490
vn -0.20037939 0.66871093 0.71601243
vn -0.17892498 0.73199510 0.65739564
vn -0.83080012 -0.30908906 -0.46285539
vn -0.23207365 -0.02822733 0.97228856
vn -0.19832778 0.66991559 0.71545733
vn -0.22828099 0.25560425 0.93944359
vn 0.01652742 -0.20649721 0.97830759
vn -0.21409081 0.50798299 0.83433711
vn -0.19524101 0.63283969 0.74926289
vn -0.84299765 -0.04655264 -0.53589906
vn -0.19938398 0.63510671 0.74624761
vn -0.22813261 0.54608618 0.80606786
vn -0.21412398 0.48018867 0.85062904
vn -0.82260096 0.38290618 -0.42036951
vn 0.86296331 -0.49433289 -0.10454337
vn -0.26966411 0.35799840 0.89393423
vn 0.70545391 0.10394615 -0.70109199
vn 0.20358774 -0.93397398 -0.29367437
vn 0.17117934 0.51774024 -0.83823784
vn 0.28679909 0.62894929 -0.72261267
vn 0.15699463 -0.95227750 -0.26176374
vn 0.58600036 0.64383477 -0.49201663
vn 0.96909217 0.03945053 0.24352418
vn 0.99271980 -0.10740097 0.05451998
vn 0.32936612 0.17598533 -0.92765679
vn 0.28007850 0.45804287 -0.84365441
vn 0.11750089 -0.99190152 -0.04821731
vn 0.11139900 -0.98684029 0.11720285
vn -0.76458647 0.35159158 -0.54017672
vn 0.35798773 -0.93291038 0.03902575
vn -0.06695065 0.46909811 0.88060467
vn 0.26788299 0.59004377 -0.76163446
vn 0.56800415 0.35286203 0.74354534
vn -0.28626595 0.13068406 0.94919623
vn 0.29431361 0.54030638 -0.78832006
vn 0.33325471 0.31504842 0.88864267
vn 0.47894519 -0.07593409 -0.87455447
vn -0.94566238 -0.32503943 -0.00848688
vn 0.33054959 0.32371103 -0.88653716
vn -0.02911962 0.27216171 -0.96181082
vn 0.41472904 0.23968821 -0.87780942
vn 0.47415251 0.72019685 -0.50645424
vn 0.64623986 0.09601429 -0.75707021
vn -0.38894145 0.42545396 -0.81713737
vn 0.26576683 0.29716138 -0.91709493
vn 0.51238392 0.77229708 -0.37552621
vn 0.02833238 0.84017247 -0.54157871
vn 0.36985326 0.89651010 -0.24388154
vn 0.35282890 0.10226217 -0.93008291
vn 0.32646588 0.28220702 -0.90209713
f 193//193 427//427 1//1
f 505//505 550//550 34//34
f 550//550 2//2 49//49
f 429//429 4//4 1//1
f 4//4 193//193 1//1
f 34//34 550//550 29//29
f 224//224 459//459 410//410
f 490//490 459//459 224//224
f 684//684 3//3 174//174
f 439//439 596//596 417//417
f 256//256 267//267 282//282
f 29//29 550//550 49//49
f 215//215 256//256 282//282
f 245//245 762//762 761//761
f 6//6 705//705 8//8
f 69//69 7//7 547//547
f 50//50 47//47 67//67
f 63//63 565//565 317//317
f 8//8 493//493 6//6
f 79//79 4//4 51//51
f 439//439 417//417 415//415
f 8//8 12//12 493//493
f 205//205 14//14 51//51
f 12//12 8//8 461//461
f 9//9 15//15 10//10
f 28//28 29//29 49//49
f 415//415 729//729 559//559
f 13//13 12//12 461//461
f 9//9 17//17 18//18
f 20//20 68//68 14//14
f 14//14 79//79 51//51
f 415//415 16//16 729//729
f 57//57 11//11 565//565
f 33//33 103//103 254//254
f 25//25 18//18 17//17
f 15//15 9//9 18//18
f 282//282 267//267 253//253
f 150//150 442//442 358//358
f 41//41 15//15 18//18
f 13//13 19//19 12//12
f 20//20 14//14 205//205
f 215//215 282//282 433//433
f 13//13 39//39 19//19
f 764//764 245//245 761//761
f 30//30 39//39 13//13
f 34//34 29//29 28//28
f 44//44 68//68 20//20
f 536//536 443//443 427//427
f 69//69 26//26 36//36
f 69//69 36//36 7//7
f 27//27 496//496 476//476
f 103//103 33//33 40//40
f 79//79 14//14 68//68
f 49//49 2//2 281//281
f 57//57 565//565 35//35
f 45//45 429//429 427//427
f 307//307 34//34 28//28
f 32//32 39//39 30//30
f 20//20 205//205 44//44
f 32//32 30//30 529//529
f 223//223 31//31 707//707
f 529//529 30//30 496//496
f 37//37 7//7 36//36
f 79//79 69//69 4//4
f 42//42 40//40 33//33
f 275//275 41//41 18//18
f 32//32 43//43 39//39
f 39//39 43//43 500//500
f 51//51 429//429 58//58
f 45//45 58//58 429//429
f 193//193 4//4 60//60
f 59//59 35//35 565//565
f 62//62 500//500 43//43
f 40//40 42//42 53//53
f 55//55 376//376 56//56
f 54//54 62//62 43//43
f 28//28 326//326 307//307
f 66//66 93//93 56//56
f 591//591 50//50 547//547
f 87//87 44//44 205//205
f 43//43 32//32 54//54
f 376//376 55//55 364//364
f 28//28 49//49 80//80
f 57//57 51//51 58//58
f 25//25 38//38 275//275
f 38//38 385//385 279//279
f 47//47 60//60 67//67
f 547//547 50//50 67//67
f 565//565 63//63 59//59
f 87//87 205//205 221//221
f 150//150 358//358 341//341
f 36//36 76//76 37//37
f 46//46 35//35 59//59
f 61//61 313//313 96//96
f 60//60 4//4 69//69
f 67//67 60//60 69//69
f 547//547 67//67 69//69
f 44//44 87//87 118//118
f 63//63 65//65 59//59
f 77//77 56//56 376//376
f 319//319 40//40 81//81
f 46//46 59//59 65//65
f 70//70 236//236 464//464
f 63//63 317//317 74//74
f 75//75 507//507 502//502
f 77//77 66//66 56//56
f 73//73 46//46 65//65
f 40//40 53//53 81//81
f 82//82 63//63 74//74
f 49//49 281//281 80//80
f 95//95 76//76 36//36
f 28//28 80//80 326//326
f 68//68 44//44 118//118
f 78//78 507//507 75//75
f 281//281 306//306 80//80
f 69//69 79//79 26//26
f 65//65 63//63 82//82
f 61//61 96//96 458//458
f 70//70 143//143 236//236
f 275//275 38//38 279//279
f 65//65 83//83 73//73
f 76//76 95//95 89//89
f 62//62 562//562 75//75
f 220//220 26//26 79//79
f 73//73 83//83 85//85
f 82//82 74//74 84//84
f 90//90 509//509 507//507
f 78//78 90//90 507//507
f 48//48 780//780 523//523
f 99//99 85//85 83//83
f 78//78 75//75 562//562
f 91//91 82//82 84//84
f 229//229 65//65 82//82
f 236//236 499//499 464//464
f 229//229 99//99 83//83
f 97//97 80//80 306//306
f 229//229 83//83 65//65
f 92//92 89//89 405//405
f 93//93 84//84 327//327
f 279//279 458//458 522//522
f 84//84 93//93 91//91
f 229//229 82//82 91//91
f 194//194 90//90 78//78
f 88//88 343//343 637//637
f 26//26 220//220 95//95
f 26//26 95//95 36//36
f 89//89 319//319 94//94
f 94//94 405//405 89//89
f 714//714 222//222 764//764
f 182//182 86//86 52//52
f 578//578 78//78 562//562
f 243//243 85//85 99//99
f 56//56 93//93 327//327
f 737//737 615//615 165//165
f 450//450 466//466 280//280
f 194//194 78//78 578//578
f 466//466 96//96 280//280
f 88//88 751//751 343//343
f 105//105 118//118 87//87
f 246//246 99//99 229//229
f 109//109 107//107 608//608
f 102//102 518//518 106//106
f 101//101 326//326 80//80
f 101//101 100//100 316//316
f 758//758 660//660 122//122
f 107//107 187//187 117//117
f 107//107 117//117 185//185
f 220//220 79//79 68//68
f 220//220 103//103 95//95
f 140//140 102//102 106//106
f 87//87 221//221 105//105
f 101//101 104//104 100//100
f 120//120 140//140 106//106
f 97//97 101//101 80//80
f 608//608 107//107 112//112
f 107//107 109//109 157//157
f 137//137 117//117 187//187
f 112//112 107//107 119//119
f 101//101 97//97 104//104
f 110//110 112//112 119//119
f 113//113 66//66 77//77
f 104//104 97//97 422//422
f 116//116 106//106 128//128
f 95//95 103//103 89//89
f 121//121 248//248 113//113
f 441//441 150//150 130//130
f 122//122 662//662 114//114
f 132//132 523//523 780//780
f 118//118 105//105 149//149
f 157//157 109//109 111//111
f 349//349 104//104 422//422
f 220//220 68//68 118//118
f 123//123 110//110 119//119
f 290//290 297//297 286//286
f 110//110 123//123 125//125
f 110//110 125//125 340//340
f 120//120 116//116 129//129
f 116//116 124//124 129//129
f 141//141 122//122 114//114
f 141//141 114//114 148//148
f 137//137 187//187 651//651
f 126//126 116//116 128//128
f 105//105 127//127 149//149
f 377//377 125//125 384//384
f 127//127 221//221 145//145
f 124//124 116//116 126//126
f 347//347 312//312 781//781
f 105//105 221//221 127//127
f 121//121 131//131 255//255
f 145//145 221//221 234//234
f 125//125 123//123 384//384
f 442//442 150//150 115//115
f 134//134 123//123 178//178
f 384//384 123//123 134//134
f 130//130 135//135 441//441
f 126//126 129//129 124//124
f 321//321 129//129 329//329
f 329//329 129//129 126//126
f 782//782 781//781 312//312
f 651//651 182//182 151//151
f 139//139 121//121 113//113
f 113//113 394//394 139//139
f 411//411 305//305 167//167
f 111//111 730//730 157//157
f 98//98 72//72 782//782
f 126//126 133//133 329//329
f 130//130 341//341 436//436
f 131//131 121//121 140//140
f 567//567 135//135 159//159
f 148//148 419//419 142//142
f 149//149 127//127 191//191
f 384//384 134//134 147//147
f 329//329 133//133 146//146
f 135//135 567//567 441//441
f 117//117 137//137 651//651
f 117//117 651//651 164//164
f 409//409 384//384 147//147
f 238//238 146//146 133//133
f 134//134 342//342 147//147
f 182//182 52//52 165//165
f 628//628 583//583 195//195
f 249//249 764//764 222//222
f 517//517 141//141 732//732
f 757//757 141//141 517//517
f 153//153 147//147 342//342
f 342//342 368//368 153//153
f 620//620 165//165 615//615
f 567//567 159//159 160//160
f 147//147 153//153 155//155
f 147//147 155//155 425//425
f 651//651 151//151 672//672
f 144//144 437//437 138//138
f 437//437 154//154 138//138
f 409//409 147//147 425//425
f 146//146 238//238 470//470
f 162//162 130//130 436//436
f 341//341 358//358 349//349
f 130//130 162//162 135//135
f 152//152 156//156 153//153
f 167//167 407//407 413//413
f 159//159 135//135 162//162
f 138//138 154//154 742//742
f 153//153 156//156 158//158
f 153//153 158//158 155//155
f 191//191 127//127 170//170
f 341//341 130//130 150//150
f 157//157 187//187 107//107
f 603//603 583//583 628//628
f 151//151 175//175 672//672
f 431//431 161//161 163//163
f 98//98 782//782 373//373
f 167//167 413//413 383//383
f 454//454 159//159 162//162
f 167//167 353//353 411//411
f 107//107 185//185 119//119
f 454//454 160//160 159//159
f 730//730 182//182 157//157
f 672//672 667//667 651//651
f 747//747 239//239 144//144
f 145//145 170//170 127//127
f 166//166 667//667 679//679
f 164//164 667//667 166//166
f 182//182 165//165 151//151
f 178//178 164//164 168//168
f 144//144 239//239 437//437
f 182//182 187//187 157//157
f 154//154 437//437 740//740
f 237//237 236//236 143//143
f 454//454 524//524 160//160
f 173//173 379//379 353//353
f 353//353 167//167 173//173
f 180//180 620//620 197//197
f 383//383 173//173 167//167
f 768//768 318//318 171//171
f 173//173 383//383 410//410
f 165//165 620//620 180//180
f 742//742 154//154 740//740
f 741//741 172//172 318//318
f 172//172 177//177 318//318
f 428//428 186//186 174//174
f 162//162 428//428 404//404
f 191//191 170//170 184//184
f 355//355 175//175 636//636
f 88//88 514//514 176//176
f 679//679 667//667 355//355
f 672//672 175//175 355//355
f 773//773 88//88 176//176
f 177//177 172//172 199//199
f 108//108 88//88 181//181
f 199//199 396//396 767//767
f 181//181 88//88 773//773
f 784//784 183//183 554//554
f 180//180 151//151 165//165
f 703//703 366//366 166//166
f 588//588 257//257 413//413
f 166//166 366//366 168//168
f 186//186 173//173 456//456
f 209//209 775//775 198//198
f 185//185 178//178 119//119
f 181//181 480//480 495//495
f 688//688 188//188 760//760
f 119//119 178//178 123//123
f 145//145 184//184 170//170
f 426//426 536//536 50//50
f 188//188 688//688 241//241
f 366//366 368//368 168//168
f 190//190 387//387 751//751
f 184//184 145//145 325//325
f 751//751 108//108 190//190
f 193//193 50//50 536//536
f 536//536 427//427 193//193
f 232//232 201//201 581//581
f 193//193 47//47 50//50
f 758//758 122//122 757//757
f 651//651 187//187 182//182
f 383//383 413//413 257//257
f 439//439 257//257 414//414
f 414//414 257//257 596//596
f 414//414 596//596 439//439
f 366//366 703//703 202//202
f 325//325 145//145 196//196
f 417//417 596//596 438//438
f 777//777 661//661 179//179
f 661//661 777//777 209//209
f 490//490 557//557 724//724
f 211//211 209//209 198//198
f 211//211 198//198 189//189
f 51//51 4//4 429//429
f 490//490 559//559 557//557
f 596//596 257//257 588//588
f 190//190 181//181 495//495
f 200//200 90//90 213//213
f 193//193 60//60 47//47
f 183//183 784//784 244//244
f 325//325 196//196 215//215
f 192//192 709//709 694//694
f 205//205 51//51 57//57
f 90//90 194//194 213//213
f 184//184 325//325 191//191
f 207//207 495//495 478//478
f 617//617 206//206 203//203
f 201//201 211//211 189//189
f 177//177 767//767 770//770
f 177//177 770//770 171//171
f 224//224 383//383 257//257
f 213//213 194//194 212//212
f 398//398 190//190 207//207
f 199//199 767//767 177//177
f 181//181 190//190 108//108
f 35//35 205//205 57//57
f 208//208 531//531 351//351
f 325//325 254//254 191//191
f 601//601 582//582 533//533
f 169//169 768//768 750//750
f 204//204 756//756 210//210
f 215//215 196//196 256//256
f 128//128 106//106 216//216
f 46//46 221//221 205//205
f 205//205 35//35 46//46
f 420//420 24//24 549//549
f 217//217 694//694 709//709
f 202//202 690//690 378//378
f 709//709 659//659 217//217
f 23//23 214//214 24//24
f 213//213 212//212 10//10
f 325//325 215//215 310//310
f 24//24 214//214 309//309
f 216//216 213//213 10//10
f 212//212 9//9 10//10
f 227//227 201//201 232//232
f 128//128 216//216 230//230
f 776//776 219//219 423//423
f 10//10 230//230 216//216
f 234//234 221//221 46//46
f 443//443 536//536 426//426
f 85//85 234//234 46//46
f 648//648 211//211 201//201
f 73//73 85//85 46//46
f 248//248 229//229 91//91
f 446//446 443//443 356//356
f 273//273 243//243 99//99
f 592//592 226//226 228//228
f 246//246 273//273 99//99
f 133//133 126//126 128//128
f 230//230 133//133 128//128
f 278//278 218//218 627//627
f 220//220 118//118 149//149
f 231//231 446//446 643//643
f 764//764 249//249 245//245
f 10//10 233//233 230//230
f 240//240 234//234 85//85
f 451//451 58//58 231//231
f 230//230 238//238 133//133
f 592//592 228//228 235//235
f 235//235 228//228 183//183
f 15//15 233//233 10//10
f 15//15 41//41 233//233
f 233//233 247//247 230//230
f 247//247 238//238 230//230
f 66//66 248//248 91//91
f 158//158 402//402 731//731
f 66//66 91//91 93//93
f 247//247 233//233 41//41
f 648//648 201//201 227//227
f 251//251 234//234 240//240
f 163//163 161//161 733//733
f 234//234 251//251 145//145
f 232//232 225//225 227//227
f 240//240 85//85 243//243
f 733//733 580//580 239//239
f 268//268 235//235 579//579
f 246//246 229//229 248//248
f 762//762 38//38 17//17
f 470//470 238//238 247//247
f 196//196 145//145 251//251
f 2//2 236//236 258//258
f 766//766 242//242 244//244
f 239//239 585//585 548//548
f 254//254 149//149 191//191
f 247//247 41//41 272//272
f 273//273 246//246 255//255
f 548//548 437//437 239//239
f 469//469 582//582 593//593
f 38//38 762//762 245//245
f 237//237 258//258 236//236
f 220//220 149//149 254//254
f 256//256 196//196 251//251
f 470//470 247//247 272//272
f 259//259 593//593 601//601
f 139//139 394//394 102//102
f 264//264 627//627 250//250
f 593//593 259//259 252//252
f 249//249 222//222 280//280
f 113//113 248//248 66//66
f 265//265 131//131 271//271
f 272//272 41//41 328//328
f 251//251 240//240 267//267
f 241//241 525//525 448//448
f 253//253 267//267 273//273
f 140//140 271//271 131//131
f 140//140 121//121 139//139
f 253//253 273//273 255//255
f 246//246 248//248 255//255
f 222//222 287//287 452//452
f 301//301 759//759 398//398
f 223//223 287//287 222//222
f 240//240 243//243 273//273
f 258//258 237//237 283//283
f 256//256 251//251 267//267
f 41//41 275//275 328//328
f 260//260 769//769 482//482
f 17//17 38//38 25//25
f 220//220 254//254 103//103
f 260//260 560//560 259//259
f 385//385 38//38 245//245
f 482//482 558//558 260//260
f 558//558 560//560 260//260
f 334//334 385//385 245//245
f 281//281 2//2 258//258
f 240//240 273//273 267//267
f 779//779 508//508 262//262
f 616//616 448//448 575//575
f 253//253 255//255 277//277
f 285//285 278//278 627//627
f 248//248 121//121 255//255
f 281//281 258//258 283//283
f 140//140 139//139 102//102
f 269//269 265//265 271//271
f 120//120 271//271 140//140
f 245//245 249//249 346//346
f 627//627 656//656 285//285
f 266//266 276//276 270//270
f 334//334 245//245 346//346
f 282//282 253//253 277//277
f 282//282 70//70 433//433
f 648//648 227//227 670//670
f 300//300 295//295 278//278
f 300//300 296//296 295//295
f 249//249 280//280 313//313
f 120//120 106//106 116//116
f 285//285 300//300 278//278
f 279//279 370//370 275//275
f 276//276 266//266 274//274
f 452//452 280//280 222//222
f 231//231 643//643 455//455
f 96//96 434//434 458//458
f 120//120 290//290 271//271
f 616//616 241//241 448//448
f 269//269 271//271 286//286
f 271//271 290//290 286//286
f 272//272 607//607 470//470
f 261//261 286//286 344//344
f 607//607 272//272 328//328
f 70//70 282//282 277//277
f 292//292 575//575 590//590
f 457//457 231//231 455//455
f 274//274 650//650 276//276
f 288//288 284//284 292//292
f 131//131 277//277 255//255
f 274//274 288//288 671//671
f 129//129 290//290 120//120
f 344//344 286//286 297//297
f 291//291 451//451 231//231
f 434//434 522//522 458//458
f 290//290 321//321 297//297
f 288//288 693//693 671//671
f 306//306 283//283 344//344
f 291//291 231//231 457//457
f 590//590 302//302 292//292
f 314//314 295//295 296//296
f 89//89 103//103 319//319
f 288//288 292//292 693//693
f 607//607 328//328 203//203
f 328//328 365//365 203//203
f 261//261 344//344 283//283
f 292//292 302//302 693//693
f 303//303 34//34 307//307
f 321//321 290//290 129//129
f 265//265 70//70 277//277
f 408//408 520//520 522//522
f 520//520 408//408 304//304
f 373//373 782//782 312//312
f 345//345 289//289 301//301
f 590//590 298//298 302//302
f 626//626 444//444 320//320
f 265//265 143//143 70//70
f 306//306 281//281 283//283
f 626//626 304//304 408//408
f 285//285 299//299 300//300
f 131//131 265//265 277//277
f 291//291 457//457 462//462
f 317//317 291//291 308//308
f 319//319 103//103 40//40
f 326//326 316//316 307//307
f 512//512 48//48 537//537
f 308//308 291//291 462//462
f 407//407 305//305 297//297
f 407//407 297//297 321//321
f 316//316 303//303 307//307
f 338//338 512//512 537//537
f 298//298 323//323 302//302
f 299//299 363//363 300//300
f 311//311 398//398 207//207
f 313//313 346//346 249//249
f 309//309 768//768 169//169
f 185//185 117//117 164//164
f 347//347 491//491 401//401
f 291//291 317//317 565//565
f 180//180 197//197 371//371
f 298//298 331//331 323//323
f 317//317 465//465 315//315
f 74//74 317//317 315//315
f 180//180 371//371 151//151
f 322//322 74//74 315//315
f 465//465 322//322 315//315
f 164//164 178//178 185//185
f 381//381 363//363 299//299
f 501//501 626//626 320//320
f 300//300 363//363 296//296
f 143//143 265//265 269//269
f 269//269 237//237 143//143
f 675//675 345//345 301//301
f 325//325 310//310 33//33
f 84//84 74//74 327//327
f 94//94 319//319 303//303
f 322//322 327//327 74//74
f 407//407 321//321 413//413
f 314//314 324//324 360//360
f 588//588 321//321 329//329
f 319//319 81//81 303//303
f 254//254 325//325 33//33
f 413//413 321//321 588//588
f 326//326 101//101 316//316
f 296//296 324//324 314//314
f 322//322 330//330 327//327
f 331//331 612//612 340//340
f 261//261 283//283 269//269
f 269//269 283//283 237//237
f 33//33 310//310 369//369
f 316//316 335//335 303//303
f 653//653 367//367 197//197
f 367//367 371//371 197//197
f 331//331 340//340 336//336
f 48//48 523//523 373//373
f 81//81 34//34 303//303
f 335//335 316//316 100//100
f 323//323 331//331 336//336
f 296//296 363//363 324//324
f 757//757 122//122 141//141
f 339//339 330//330 337//337
f 612//612 110//110 340//340
f 335//335 100//100 104//104
f 339//339 327//327 330//330
f 332//332 501//501 741//741
f 434//434 466//466 450//450
f 172//172 741//741 501//501
f 397//397 48//48 373//373
f 442//442 335//335 104//104
f 436//436 341//341 349//349
f 261//261 269//269 286//286
f 56//56 327//327 339//339
f 134//134 178//178 342//342
f 306//306 375//375 97//97
f 342//342 178//178 168//168
f 55//55 339//339 337//337
f 717//717 323//323 336//336
f 275//275 18//18 25//25
f 434//434 450//450 320//320
f 356//356 343//343 350//350
f 108//108 751//751 88//88
f 164//164 166//166 168//168
f 381//381 299//299 362//362
f 343//343 751//751 350//350
f 399//399 97//97 375//375
f 336//336 340//340 125//125
f 358//358 442//442 104//104
f 55//55 56//56 339//339
f 354//354 55//55 337//337
f 373//373 312//312 401//401
f 355//355 667//667 672//672
f 653//653 352//352 367//367
f 342//342 168//168 368//368
f 369//369 310//310 215//215
f 348//348 352//352 653//653
f 61//61 346//346 313//313
f 377//377 717//717 336//336
f 388//388 360//360 324//324
f 364//364 55//55 354//354
f 354//354 487//487 489//489
f 377//377 336//336 125//125
f 350//350 638//638 356//356
f 344//344 375//375 306//306
f 148//148 114//114 419//419
f 358//358 104//104 349//349
f 335//335 442//442 115//115
f 489//489 364//364 354//354
f 141//141 148//148 732//732
f 411//411 97//97 399//399
f 287//287 517//517 361//361
f 686//686 668//668 362//362
f 502//502 489//489 494//494
f 287//287 757//757 517//517
f 369//369 215//215 400//400
f 453//453 280//280 452//452
f 422//422 97//97 411//411
f 362//362 668//668 692//692
f 489//489 502//502 364//364
f 365//365 275//275 21//21
f 374//374 387//387 190//190
f 21//21 275//275 370//370
f 33//33 369//369 42//42
f 491//491 347//347 294//294
f 632//632 371//371 367//367
f 153//153 368//368 152//152
f 353//353 422//422 411//411
f 378//378 366//366 202//202
f 375//375 344//344 297//297
f 370//370 279//279 522//522
f 379//379 173//173 393//393
f 507//507 376//376 364//364
f 588//588 329//329 596//596
f 366//366 378//378 152//152
f 372//372 348//348 628//628
f 152//152 368//368 366//366
f 363//363 381//381 382//382
f 132//132 98//98 523//523
f 509//509 376//376 507//507
f 398//398 374//374 190//190
f 318//318 177//177 171//171
f 398//398 759//759 374//374
f 381//381 362//362 692//692
f 350//350 751//751 387//387
f 42//42 369//369 400//400
f 717//717 377//377 728//728
f 430//430 359//359 380//380
f 334//334 346//346 61//61
f 382//382 388//388 363//363
f 509//509 390//390 376//376
f 324//324 363//363 388//388
f 632//632 367//367 352//352
f 113//113 77//77 394//394
f 375//375 297//297 305//305
f 436//436 379//379 393//393
f 389//389 77//77 376//376
f 377//377 384//384 386//386
f 390//390 389//389 376//376
f 478//478 311//311 207//207
f 352//352 348//348 639//639
f 478//478 204//204 210//210
f 394//394 77//77 389//389
f 372//372 628//628 449//449
f 385//385 334//334 458//458
f 436//436 393//393 162//162
f 377//377 406//406 391//391
f 76//76 89//89 92//92
f 152//152 378//378 156//156
f 393//393 428//428 162//162
f 683//683 351//351 511//511
f 395//395 387//387 374//374
f 375//375 305//305 399//399
f 676//676 673//673 395//395
f 673//673 387//387 395//395
f 377//377 386//386 406//406
f 384//384 409//409 386//386
f 513//513 517//517 396//396
f 396//396 392//392 513//513
f 389//389 200//200 394//394
f 518//518 394//394 200//200
f 403//403 406//406 386//386
f 156//156 402//402 158//158
f 678//678 555//555 682//682
f 391//391 406//406 736//736
f 3//3 539//539 454//454
f 186//186 428//428 393//393
f 400//400 215//215 433//433
f 173//173 186//186 393//393
f 460//460 639//639 348//348
f 403//403 386//386 409//409
f 411//411 399//399 305//305
f 428//428 174//174 404//404
f 431//431 731//731 161//161
f 158//158 731//731 431//431
f 454//454 404//404 3//3
f 418//418 405//405 94//94
f 555//555 544//544 412//412
f 435//435 359//359 430//430
f 404//404 174//174 3//3
f 401//401 359//359 435//435
f 305//305 407//407 167//167
f 444//444 522//522 434//434
f 408//408 522//522 444//444
f 421//421 403//403 409//409
f 521//521 405//405 418//418
f 523//523 98//98 373//373
f 416//416 412//412 544//544
f 303//303 115//115 94//94
f 520//520 370//370 522//522
f 372//372 460//460 348//348
f 540//540 430//430 380//380
f 115//115 418//418 94//94
f 423//423 351//351 763//763
f 463//463 42//42 400//400
f 747//747 163//163 239//239
f 163//163 733//733 239//239
f 544//544 432//432 416//416
f 421//421 409//409 425//425
f 417//417 613//613 16//16
f 199//199 392//392 396//396
f 613//613 22//22 16//16
f 596//596 329//329 146//146
f 545//545 392//392 199//199
f 738//738 24//24 309//309
f 732//732 767//767 517//517
f 349//349 422//422 436//436
f 517//517 767//767 396//396
f 431//431 421//421 425//425
f 64//64 71//71 527//527
f 279//279 385//385 458//458
f 335//335 115//115 303//303
f 424//424 403//403 421//421
f 381//381 692//692 440//440
f 50//50 591//591 426//426
f 440//440 382//382 381//381
f 425//425 155//155 158//158
f 158//158 431//431 425//425
f 353//353 436//436 422//422
f 1//1 427//427 429//429
f 541//541 418//418 115//115
f 226//226 701//701 432//432
f 773//773 774//774 610//610
f 163//163 421//421 431//431
f 773//773 480//480 181//181
f 432//432 228//228 226//226
f 421//421 163//163 424//424
f 401//401 435//435 587//587
f 334//334 61//61 458//458
f 115//115 150//150 541//541
f 436//436 353//353 379//379
f 438//438 470//470 607//607
f 490//490 257//257 439//439
f 745//745 424//424 747//747
f 174//174 186//186 456//456
f 636//636 352//352 639//639
f 541//541 150//150 441//441
f 607//607 613//613 438//438
f 203//203 613//613 607//607
f 504//504 460//460 372//372
f 132//132 219//219 776//776
f 747//747 424//424 163//163
f 388//388 382//382 445//445
f 545//545 199//199 172//172
f 617//617 23//23 24//24
f 96//96 313//313 280//280
f 456//456 684//684 174//174
f 484//484 701//701 226//226
f 173//173 410//410 456//456
f 304//304 332//332 214//214
f 520//520 21//21 370//370
f 332//332 741//741 214//214
f 64//64 527//527 294//294
f 214//214 741//741 309//309
f 294//294 380//380 491//491
f 224//224 410//410 383//383
f 637//637 443//443 426//426
f 480//480 773//773 753//753
f 692//692 515//515 440//440
f 443//443 637//637 343//343
f 772//772 763//763 351//351
f 440//440 445//445 382//382
f 592//592 533//533 705//705
f 443//443 343//343 356//356
f 463//463 53//53 42//42
f 447//447 8//8 705//705
f 231//231 45//45 446//446
f 400//400 433//433 464//464
f 486//486 504//504 449//449
f 433//433 70//70 464//464
f 162//162 404//404 454//454
f 781//781 423//423 763//763
f 582//582 8//8 447//447
f 450//450 280//280 453//453
f 453//453 452//452 361//361
f 287//287 361//361 452//452
f 504//504 372//372 449//449
f 463//463 400//400 464//464
f 473//473 467//467 675//675
f 453//453 361//361 517//517
f 675//675 467//467 688//688
f 455//455 638//638 387//387
f 471//471 512//512 473//473
f 455//455 673//673 457//457
f 456//456 410//410 459//459
f 459//459 378//378 456//456
f 293//293 263//263 616//616
f 462//462 457//457 673//673
f 471//471 756//756 219//219
f 461//461 8//8 582//582
f 461//461 582//582 469//469
f 490//490 224//224 257//257
f 688//688 467//467 525//525
f 462//462 673//673 308//308
f 308//308 465//465 317//317
f 53//53 463//463 477//477
f 465//465 308//308 682//682
f 481//481 388//388 445//445
f 308//308 678//678 682//682
f 160//160 483//483 449//449
f 459//459 490//490 724//724
f 444//444 434//434 320//320
f 465//465 682//682 472//472
f 401//401 312//312 347//347
f 486//486 449//449 483//483
f 210//210 471//471 311//311
f 495//495 207//207 190//190
f 461//461 469//469 13//13
f 469//469 468//468 13//13
f 472//472 322//322 465//465
f 416//416 474//474 472//472
f 322//322 472//472 330//330
f 473//473 311//311 471//471
f 474//474 330//330 472//472
f 626//626 408//408 444//444
f 480//480 753//753 754//754
f 515//515 692//692 475//475
f 132//132 776//776 72//72
f 476//476 13//13 468//468
f 474//474 337//337 330//330
f 471//471 219//219 780//780
f 337//337 474//474 479//479
f 659//659 460//460 504//504
f 464//464 477//477 463//463
f 769//769 270//270 482//482
f 700//700 479//479 474//474
f 440//440 515//515 498//498
f 30//30 13//13 476//476
f 30//30 476//476 496//496
f 266//266 270//270 492//492
f 485//485 479//479 700//700
f 445//445 440//440 498//498
f 484//484 485//485 700//700
f 485//485 337//337 479//479
f 132//132 72//72 98//98
f 5//5 485//485 484//484
f 488//488 505//505 477//477
f 53//53 477//477 505//505
f 487//487 354//354 337//337
f 337//337 485//485 487//487
f 5//5 487//487 485//485
f 487//487 5//5 6//6
f 81//81 53//53 505//505
f 535//535 496//496 27//27
f 204//204 480//480 754//754
f 478//478 495//495 204//204
f 6//6 493//493 487//487
f 490//490 439//439 559//559
f 242//242 769//769 579//579
f 493//493 489//489 487//487
f 266//266 293//293 274//274
f 477//477 464//464 488//488
f 499//499 488//488 464//464
f 769//769 268//268 579//579
f 493//493 12//12 494//494
f 493//493 494//494 489//489
f 492//492 769//769 242//242
f 401//401 491//491 359//359
f 496//496 535//535 633//633
f 12//12 19//19 500//500
f 503//503 494//494 12//12
f 500//500 503//503 12//12
f 39//39 500//500 19//19
f 515//515 534//534 498//498
f 502//502 494//494 503//503
f 505//505 488//488 528//528
f 328//328 275//275 365//365
f 535//535 546//546 508//508
f 500//500 62//62 503//503
f 439//439 415//415 559//559
f 508//508 546//546 262//262
f 491//491 380//380 359//359
f 507//507 364//364 502//502
f 738//738 309//309 169//169
f 495//495 480//480 204//204
f 780//780 48//48 471//471
f 236//236 2//2 499//499
f 467//467 473//473 512//512
f 529//529 496//496 497//497
f 502//502 503//503 75//75
f 62//62 75//75 503//503
f 540//540 629//629 553//553
f 506//506 426//426 510//510
f 649//649 508//508 771//771
f 778//778 625//625 511//511
f 415//415 417//417 16//16
f 633//633 649//649 496//496
f 389//389 390//390 509//509
f 687//687 496//496 649//649
f 471//471 48//48 512//512
f 200//200 389//389 509//509
f 510//510 426//426 591//591
f 200//200 509//509 90//90
f 438//438 613//613 417//417
f 466//466 434//434 96//96
f 320//320 450//450 513//513
f 160//160 524//524 483//483
f 558//558 571//571 560//560
f 496//496 687//687 497//497
f 756//756 471//471 210//210
f 512//512 338//338 467//467
f 206//206 613//613 203//203
f 510//510 591//591 514//514
f 513//513 450//450 453//453
f 22//22 613//613 206//206
f 540//540 634//634 430//430
f 483//483 524//524 486//486
f 646//646 92//92 521//521
f 517//517 513//513 453//453
f 528//528 488//488 499//499
f 518//518 102//102 394//394
f 333//333 357//357 448//448
f 486//486 524//524 504//504
f 617//617 21//21 23//23
f 532//532 519//519 537//537
f 405//405 521//521 92//92
f 525//525 467//467 338//338
f 631//631 445//445 498//498
f 23//23 21//21 520//520
f 54//54 32//32 529//529
f 631//631 481//481 445//445
f 420//420 206//206 617//617
f 531//531 511//511 351//351
f 778//778 511//511 531//531
f 22//22 206//206 420//420
f 711//711 529//529 696//696
f 675//675 311//311 473//473
f 228//228 432//432 783//783
f 420//420 617//617 24//24
f 783//783 554//554 228//228
f 200//200 216//216 518//518
f 497//497 696//696 529//529
f 540//540 553//553 526//526
f 778//778 531//531 208//208
f 525//525 338//338 448//448
f 235//235 533//533 592//592
f 530//530 333//333 519//519
f 338//338 333//333 448//448
f 54//54 529//529 711//711
f 738//738 549//549 24//24
f 527//527 540//540 380//380
f 213//213 216//216 200//200
f 524//524 454//454 539//539
f 338//338 537//537 519//519
f 216//216 106//106 518//518
f 550//550 505//505 528//528
f 498//498 534//534 631//631
f 649//649 633//633 508//508
f 633//633 535//535 508//508
f 333//333 530//530 599//599
f 532//532 537//537 48//48
f 539//539 543//543 524//524
f 208//208 423//423 754//754
f 521//521 418//418 541//541
f 54//54 711//711 551//551
f 263//263 244//244 188//188
f 427//427 443//443 446//446
f 235//235 268//268 601//601
f 263//263 766//766 244//244
f 551//551 569//569 54//54
f 756//756 754//754 423//423
f 569//569 62//62 54//54
f 527//527 629//629 540//540
f 45//45 427//427 446//446
f 543//543 539//539 3//3
f 532//532 397//397 568//568
f 351//351 423//423 208//208
f 541//541 583//583 521//521
f 583//583 691//691 521//521
f 532//532 530//530 519//519
f 231//231 58//58 45//45
f 333//333 338//338 519//519
f 513//513 501//501 320//320
f 532//532 48//48 397//397
f 513//513 392//392 545//545
f 515//515 516//516 635//635
f 576//576 16//16 22//22
f 451//451 561//561 58//58
f 576//576 22//22 580//580
f 561//561 57//57 58//58
f 583//583 541//541 195//195
f 3//3 684//684 543//543
f 232//232 581//581 571//571
f 593//593 546//546 476//476
f 501//501 513//513 545//545
f 532//532 568//568 566//566
f 219//219 756//756 423//423
f 252//252 546//546 593//593
f 658//658 553//553 538//538
f 11//11 57//57 561//561
f 558//558 482//482 218//218
f 553//553 629//629 538//538
f 542//542 614//614 573//573
f 373//373 401//401 542//542
f 218//218 571//571 558//558
f 585//585 420//420 548//548
f 561//561 451//451 291//291
f 345//345 784//784 783//783
f 262//262 546//546 252//252
f 584//584 540//540 526//526
f 555//555 676//676 395//395
f 552//552 482//482 270//270
f 562//562 62//62 569//569
f 569//569 551//551 570//570
f 559//559 556//556 557//557
f 501//501 545//545 172//172
f 397//397 373//373 542//542
f 402//402 557//557 556//556
f 402//402 556//556 729//729
f 541//541 441//441 195//195
f 635//635 534//534 515//515
f 506//506 510//510 88//88
f 88//88 510//510 514//514
f 571//571 262//262 560//560
f 573//573 586//586 542//542
f 559//559 729//729 556//556
f 571//571 581//581 262//262
f 658//658 691//691 564//564
f 2//2 528//528 499//499
f 276//276 552//552 270//270
f 564//564 553//553 658//658
f 532//532 566//566 563//563
f 532//532 563//563 530//530
f 228//228 554//554 183//183
f 578//578 562//562 569//569
f 779//779 262//262 581//581
f 11//11 561//561 565//565
f 729//729 574//574 161//161
f 774//774 744//744 610//610
f 195//195 441//441 567//567
f 16//16 574//574 729//729
f 610//610 744//744 611//611
f 574//574 16//16 576//576
f 561//561 291//291 565//565
f 783//783 432//432 544//544
f 397//397 542//542 586//586
f 634//634 540//540 584//584
f 571//571 218//218 232//232
f 183//183 244//244 242//242
f 448//448 357//357 575//575
f 435//435 430//430 587//587
f 572//572 566//566 568//568
f 293//293 284//284 274//274
f 597//597 514//514 591//591
f 574//574 576//576 733//733
f 183//183 579//579 235//235
f 597//597 744//744 514//514
f 579//579 183//183 242//242
f 573//573 614//614 604//604
f 7//7 605//605 547//547
f 587//587 430//430 634//634
f 589//589 569//569 570//570
f 195//195 567//567 160//160
f 160//160 449//449 195//195
f 401//401 587//587 614//614
f 568//568 397//397 586//586
f 580//580 22//22 585//585
f 189//189 581//581 201//201
f 505//505 34//34 81//81
f 616//616 575//575 284//284
f 752//752 589//589 570//570
f 542//542 401//401 614//614
f 580//580 585//585 239//239
f 578//578 569//569 589//589
f 599//599 357//357 333//333
f 603//603 577//577 564//564
f 572//572 586//586 604//604
f 22//22 420//420 585//585
f 526//526 602//602 584//584
f 582//582 601//601 593//593
f 564//564 583//583 603//603
f 194//194 578//578 600//600
f 737//737 52//52 86//86
f 575//575 357//357 590//590
f 528//528 2//2 550//550
f 526//526 553//553 577//577
f 589//589 600//600 578//578
f 564//564 577//577 553//553
f 598//598 194//194 600//600
f 597//597 645//645 744//744
f 526//526 577//577 602//602
f 357//357 599//599 590//590
f 609//609 587//587 634//634
f 592//592 705//705 226//226
f 547//547 594//594 595//595
f 614//614 587//587 609//609
f 591//591 547//547 595//595
f 666//666 584//584 602//602
f 602//602 716//716 666//666
f 586//586 573//573 604//604
f 597//597 591//591 595//595
f 590//590 599//599 298//298
f 260//260 601//601 268//268
f 598//598 212//212 194//194
f 309//309 318//318 768//768
f 563//563 599//599 530//530
f 597//597 595//595 594//594
f 309//309 741//741 318//318
f 594//594 645//645 597//597
f 568//568 586//586 572//572
f 563//563 331//331 599//599
f 605//605 7//7 621//621
f 605//605 621//621 618//618
f 634//634 624//624 609//609
f 447//447 705//705 533//533
f 146//146 470//470 438//438
f 331//331 298//298 599//599
f 447//447 533//533 582//582
f 212//212 598//598 9//9
f 259//259 601//601 260//260
f 577//577 737//737 602//602
f 516//516 644//644 635//635
f 566//566 612//612 563//563
f 645//645 594//594 605//605
f 176//176 744//744 774//774
f 596//596 146//146 438//438
f 625//625 645//645 689//689
f 716//716 602//602 737//737
f 605//605 594//594 547//547
f 605//605 689//689 645//645
f 598//598 600//600 17//17
f 615//615 737//737 577//577
f 566//566 112//112 612//612
f 769//769 260//260 268//268
f 331//331 563//563 612//612
f 598//598 17//17 9//9
f 608//608 572//572 604//604
f 259//259 262//262 252//252
f 511//511 689//689 683//683
f 566//566 572//572 112//112
f 641//641 179//179 722//722
f 722//722 179//179 661//661
f 262//262 259//259 560//560
f 689//689 605//605 618//618
f 640//640 534//534 635//635
f 136//136 610//610 611//611
f 624//624 634//634 619//619
f 615//615 577//577 620//620
f 617//617 203//203 365//365
f 21//21 617//617 365//365
f 469//469 593//593 468//468
f 593//593 476//476 468//468
f 606//606 631//631 534//534
f 604//604 674//674 109//109
f 653//653 577//577 603//603
f 622//622 689//689 618//618
f 612//612 112//112 110//110
f 622//622 71//71 689//689
f 151//151 371//371 632//632
f 611//611 748//748 136//136
f 624//624 614//614 609//609
f 37//37 621//621 7//7
f 122//122 660//660 661//661
f 122//122 661//661 662//662
f 577//577 653//653 620//620
f 232//232 218//218 278//278
f 572//572 608//608 112//112
f 622//622 527//527 71//71
f 284//284 293//293 616//616
f 225//225 232//232 278//278
f 608//608 604//604 109//109
f 744//744 645//645 611//611
f 618//618 623//623 622//622
f 748//748 611//611 625//625
f 476//476 546//546 27//27
f 332//332 304//304 626//626
f 535//535 27//27 546//546
f 640//640 606//606 534//534
f 625//625 611//611 645//645
f 348//348 603//603 628//628
f 625//625 778//778 748//748
f 527//527 622//622 629//629
f 618//618 621//621 623//623
f 294//294 527//527 380//380
f 644//644 630//630 635//635
f 23//23 520//520 214//214
f 538//538 629//629 622//622
f 520//520 304//304 214//214
f 628//628 195//195 449//449
f 109//109 674//674 111//111
f 622//622 623//623 538//538
f 626//626 501//501 332//332
f 723//723 631//631 606//606
f 37//37 623//623 621//621
f 722//722 661//661 660//660
f 623//623 37//37 658//658
f 658//658 538//538 623//623
f 646//646 37//37 76//76
f 614//614 624//624 674//674
f 632//632 352//352 636//636
f 604//604 614//614 674//674
f 662//662 661//661 209//209
f 646//646 658//658 37//37
f 211//211 662//662 209//209
f 619//619 634//634 584//584
f 637//637 426//426 506//506
f 662//662 211//211 648//648
f 292//292 284//284 575//575
f 674//674 624//624 619//619
f 227//227 225//225 295//295
f 356//356 638//638 446//446
f 726//726 712//712 642//642
f 642//642 712//712 715//715
f 552//552 218//218 482//482
f 92//92 646//646 76//76
f 665//665 635//635 630//630
f 636//636 639//639 709//709
f 643//643 446//446 638//638
f 552//552 627//627 218//218
f 284//284 288//288 274//274
f 653//653 197//197 620//620
f 657//657 723//723 606//606
f 278//278 295//295 225//225
f 709//709 639//639 460//460
f 641//641 687//687 649//649
f 726//726 642//642 669//669
f 630//630 644//644 739//739
f 665//665 640//640 635//635
f 606//606 640//640 657//657
f 250//250 627//627 552//552
f 658//658 646//646 691//691
f 654//654 749//749 669//669
f 664//664 619//619 666//666
f 653//653 603//603 348//348
f 649//649 771//771 641//641
f 264//264 656//656 627//627
f 619//619 584//584 666//666
f 227//227 295//295 670//670
f 640//640 665//665 663//663
f 671//671 650//650 274//274
f 651//651 667//667 164//164
f 250//250 652//652 668//668
f 552//552 276//276 250//250
f 264//264 686//686 656//656
f 264//264 250//250 686//686
f 668//668 652//652 677//677
f 217//217 720//720 655//655
f 657//657 640//640 663//663
f 668//668 686//686 250//250
f 455//455 643//643 638//638
f 665//665 630//630 746//746
f 151//151 632//632 175//175
f 684//684 690//690 543//543
f 387//387 638//638 350//350
f 285//285 656//656 299//299
f 686//686 299//299 656//656
f 646//646 521//521 691//691
f 670//670 295//295 314//314
f 276//276 650//650 652//652
f 455//455 387//387 673//673
f 652//652 650//650 677//677
f 299//299 686//686 362//362
f 663//663 665//665 680//680
f 670//670 419//419 648//648
f 619//619 664//664 674//674
f 680//680 665//665 746//746
f 677//677 650//650 671//671
f 314//314 360//360 670//670
f 704//704 681//681 669//669
f 276//276 652//652 250//250
f 625//625 689//689 511//511
f 543//543 690//690 720//720
f 666//666 716//716 664//664
f 308//308 673//673 676//676
f 662//662 648//648 114//114
f 419//419 114//114 648//648
f 419//419 670//670 360//360
f 677//677 671//671 693//693
f 678//678 308//308 676//676
f 678//678 676//676 555//555
f 657//657 663//663 680//680
f 677//677 699//699 695//695
f 688//688 760//760 345//345
f 166//166 679//679 703//703
f 677//677 695//695 668//668
f 636//636 175//175 632//632
f 687//687 641//641 715//715
f 703//703 679//679 694//694
f 681//681 704//704 755//755
f 696//696 497//497 685//685
f 694//694 679//679 192//192
f 497//497 687//687 685//685
f 708//708 111//111 674//674
f 456//456 690//690 684//684
f 555//555 412//412 682//682
f 657//657 680//680 765//765
f 767//767 657//657 765//765
f 31//31 669//669 749//749
f 682//682 412//412 416//416
f 416//416 472//472 682//682
f 708//708 674//674 664//664
f 704//704 669//669 31//31
f 192//192 679//679 355//355
f 524//524 659//659 504//504
f 668//668 695//695 698//698
f 692//692 668//668 698//698
f 694//694 217//217 655//655
f 474//474 416//416 700//700
f 763//763 772//772 710//710
f 694//694 655//655 703//703
f 700//700 416//416 432//432
f 677//677 693//693 699//699
f 664//664 716//716 708//708
f 388//388 419//419 360//360
f 355//355 636//636 192//192
f 700//700 432//432 701//701
f 687//687 712//712 685//685
f 693//693 302//302 697//697
f 697//697 699//699 693//693
f 695//695 721//721 706//706
f 695//695 706//706 698//698
f 712//712 687//687 715//715
f 714//714 755//755 704//704
f 692//692 698//698 475//475
f 543//543 659//659 524//524
f 698//698 706//706 702//702
f 655//655 202//202 703//703
f 698//698 702//702 475//475
f 701//701 484//484 700//700
f 772//772 683//683 71//71
f 142//142 419//419 481//481
f 419//419 388//388 481//481
f 543//543 720//720 659//659
f 192//192 636//636 709//709
f 755//755 761//761 752//752
f 659//659 720//720 217//217
f 226//226 705//705 484//484
f 564//564 691//691 583//583
f 714//714 704//704 222//222
f 704//704 31//31 222//222
f 647//647 715//715 641//641
f 6//6 5//5 705//705
f 5//5 484//484 705//705
f 71//71 64//64 772//772
f 761//761 755//755 714//714
f 709//709 460//460 659//659
f 111//111 708//708 730//730
f 294//294 710//710 64//64
f 347//347 710//710 294//294
f 697//697 302//302 323//323
f 702//702 706//706 725//725
f 710//710 772//772 64//64
f 71//71 683//683 689//689
f 718//718 551//551 711//711
f 699//699 697//697 713//713
f 711//711 696//696 718//718
f 712//712 696//696 685//685
f 697//697 323//323 717//717
f 655//655 720//720 202//202
f 702//702 516//516 475//475
f 515//515 475//475 516//516
f 697//697 717//717 713//713
f 706//706 727//727 725//725
f 713//713 695//695 699//699
f 142//142 481//481 631//631
f 722//722 647//647 641//641
f 712//712 718//718 696//696
f 713//713 717//717 721//721
f 695//695 713//713 721//721
f 86//86 708//708 716//716
f 728//728 721//721 717//717
f 642//642 715//715 654//654
f 644//644 516//516 702//702
f 730//730 708//708 86//86
f 690//690 202//202 720//720
f 644//644 702//702 725//725
f 732//732 148//148 723//723
f 723//723 148//148 142//142
f 721//721 727//727 706//706
f 724//724 557//557 402//402
f 631//631 723//723 142//142
f 727//727 721//721 728//728
f 726//726 718//718 712//712
f 86//86 716//716 737//737
f 391//391 728//728 377//377
f 725//725 719//719 734//734
f 681//681 718//718 726//726
f 378//378 690//690 456//456
f 654//654 669//669 642//642
f 719//719 728//728 391//391
f 727//727 728//728 719//719
f 459//459 724//724 378//378
f 647//647 654//654 715//715
f 378//378 724//724 156//156
f 161//161 574//574 733//733
f 576//576 580//580 733//733
f 156//156 724//724 402//402
f 660//660 647//647 722//722
f 86//86 182//182 730//730
f 734//734 735//735 725//725
f 727//727 719//719 725//725
f 402//402 729//729 731//731
f 725//725 735//735 644//644
f 729//729 161//161 731//731
f 681//681 726//726 669//669
f 718//718 570//570 551//551
f 657//657 732//732 723//723
f 737//737 165//165 52//52
f 736//736 719//719 391//391
f 734//734 743//743 138//138
f 734//734 138//138 735//735
f 644//644 735//735 739//739
f 420//420 549//549 548//548
f 745//745 736//736 406//406
f 548//548 549//549 437//437
f 742//742 739//739 735//735
f 740//740 738//738 169//169
f 549//549 738//738 740//740
f 437//437 549//549 740//740
f 630//630 739//739 746//746
f 406//406 403//403 745//745
f 647//647 660//660 758//758
f 637//637 506//506 88//88
f 752//752 570//570 718//718
f 739//739 742//742 746//746
f 752//752 718//718 681//681
f 745//745 403//403 424//424
f 767//767 732//732 657//657
f 743//743 736//736 745//745
f 734//734 719//719 743//743
f 719//719 736//736 743//743
f 654//654 647//647 758//758
f 773//773 610//610 136//136
f 680//680 746//746 750//750
f 750//750 765//765 680//680
f 773//773 136//136 753//753
f 750//750 746//746 740//740
f 747//747 743//743 745//745
f 747//747 144//144 743//743
f 755//755 752//752 681//681
f 742//742 735//735 138//138
f 707//707 749//749 654//654
f 748//748 753//753 136//136
f 707//707 654//654 758//758
f 144//144 138//138 743//743
f 750//750 768//768 171//171
f 765//765 750//750 171//171
f 171//171 770//770 765//765
f 753//753 748//748 778//778
f 204//204 754//754 756//756
f 759//759 395//395 374//374
f 749//749 707//707 31//31
f 555//555 395//395 759//759
f 289//289 555//555 759//759
f 555//555 289//289 544//544
f 589//589 752//752 761//761
f 301//301 289//289 759//759
f 345//345 783//783 289//289
f 746//746 742//742 740//740
f 311//311 478//478 210//210
f 760//760 784//784 345//345
f 784//784 760//760 188//188
f 675//675 398//398 311//311
f 398//398 675//675 301//301
f 223//223 222//222 31//31
f 601//601 533//533 235//235
f 287//287 758//758 757//757
f 758//758 287//287 707//707
f 707//707 287//287 223//223
f 525//525 241//241 688//688
f 762//762 589//589 761//761
f 762//762 600//600 589//589
f 750//750 740//740 169//169
f 761//761 714//714 764//764
f 241//241 263//263 188//188
f 762//762 17//17 600//600
f 263//263 241//241 616//616
f 766//766 263//263 293//293
f 345//345 675//675 688//688
f 767//767 765//765 770//770
f 683//683 772//772 351//351
f 492//492 766//766 266//266
f 492//492 242//242 766//766
f 293//293 266//266 766//766
f 270//270 769//769 492//492
f 781//781 776//776 423//423
f 710//710 781//781 763//763
f 176//176 514//514 744//744
f 777//777 771//771 508//508
f 176//176 774//774 773//773
f 508//508 775//775 777//777
f 775//775 508//508 779//779
f 782//782 776//776 781//781
f 778//778 754//754 753//753
f 219//219 132//132 780//780
f 347//347 781//781 710//710
f 782//782 72//72 776//776
f 754//754 778//778 208//208
f 779//779 198//198 775//775
f 581//581 198//198 779//779
f 771//771 179//179 641//641
f 777//777 179//179 771//771
f 777//777 775//775 209//209
f 783//783 544//544 289//289
f 198//198 581//581 189//189
f 554//554 783//783 784//784
f 188//188 244//244 784//784